index,2330.TW_Close,2330.TW_dailyReturns,2454.TW_Close,2454.TW_dailyReturns,spread,abs_sprd,2330.TW_rolling avg,2454.TW_rolling avg,isSprdPos,signal,axe,leverage,ratio,2330.TW_Size,2454.TW_Size,2330.TW_Cashflow,2454.TW_Cashflow,2330.TW_MTM,2454.TW_MTM,Live Trades,2330.TW_PnL,2454.TW_PnL,Total PnL,riskThreshold,grossCashflow,totalMTM,totalMTM in %,isStoppedOut,Adjusted PnL,Gross Capital
2024-01-01,583.12060546875,0.0,915.8331909179688,0.0,0.0,0.0,,,1,0,,5,,0.0,0.0,0.0,0.0,0.0,0.0,,0.0,0.0,0.0,,0.0,0.0,0.0,0,0.0,0.0
2024-01-02,583.12060546875,0.0,915.8331909179688,0.0,0.0,0.0,,,1,0,0.0,5,,0.0,0.0,0.0,0.0,0.0,0.0,,0.0,0.0,0.0,,0.0,0.0,0.0,0,0.0,0.0
2024-01-03,568.3705444335938,-0.025295043421247665,889.6932373046875,-0.0285422649806788,0.003247221559431135,0.003247221559431135,,,1,0,0.0,5,1.76628886554168,0.0,0.0,0.0,0.0,0.0,0.0,,0.0,0.0,0.0,,0.0,0.0,0.0,0,0.0,0.0
2024-01-04,570.337158203125,0.003460090936786786,889.309814453125,-0.0004309607351001832,0.003891051671886969,0.003891051671886969,,,1,0,0.0,5,0.1942100089629239,0.0,0.0,0.0,0.0,0.0,0.0,,0.0,0.0,0.0,,0.0,0.0,0.0,0,0.0,0.0
2024-01-05,566.40380859375,-0.006896534011157862,882.6017456054688,-0.007543005529272562,0.0006464715181146996,0.0006464715181146996,,,1,0,0.0,5,1.7043240044559742,0.0,0.0,0.0,0.0,0.0,0.0,,0.0,0.0,0.0,,0.0,0.0,0.0,0,0.0,0.0
2024-01-06,566.40380859375,0.0,882.6017456054688,0.0,0.0,0.0,,,1,0,0.0,5,,0.0,0.0,0.0,0.0,0.0,0.0,,0.0,0.0,0.0,,0.0,0.0,0.0,0,0.0,0.0
2024-01-07,566.40380859375,0.0,882.6017456054688,0.0,0.0,0.0,,,1,0,0.0,5,,0.0,0.0,0.0,0.0,0.0,0.0,,0.0,0.0,0.0,,0.0,0.0,0.0,0,0.0,0.0
2024-01-08,573.2872314453125,0.012152854107129851,881.6434326171875,-0.0010857818863975188,0.01323863599352737,0.01323863599352737,,,1,0,0.0,5,0.1373994567715056,0.0,0.0,0.0,0.0,0.0,0.0,,0.0,0.0,0.0,,0.0,0.0,0.0,0,0.0,0.0
2024-01-09,576.2372436523438,0.005145783902414713,889.309814453125,0.00869555826348023,-0.0035497743610655164,0.0035497743610655164,,,0,0,0.0,5,2.60794054452187,0.0,0.0,0.0,0.0,0.0,0.0,,0.0,0.0,0.0,,0.0,0.0,0.0,0,0.0,0.0
2024-01-10,574.2705078125,-0.0034130661659043104,885.4766845703125,-0.004310230046397967,0.0008971638804936566,0.0008971638804936566,,,1,0,0.0,5,1.9472259985305784,0.0,0.0,0.0,0.0,0.0,0.0,,0.0,0.0,0.0,,0.0,0.0,0.0,0,0.0,0.0
2024-01-11,576.2372436523438,0.003424755081599784,881.6434326171875,-0.004329026410204273,0.007753781491804057,0.007753781491804057,,,1,0,0.0,5,1.9339817385989977,0.0,0.0,0.0,0.0,0.0,0.0,,0.0,0.0,0.0,,0.0,0.0,0.0,0,0.0,0.0
2024-01-12,574.2705078125,-0.0034130661659043104,887.3932495117188,0.006521703312032612,-0.009934769477936922,0.009934769477936922,,,0,0,0.0,5,2.952676976195018,0.0,0.0,0.0,0.0,0.0,0.0,,0.0,0.0,0.0,,0.0,0.0,0.0,0,0.0,0.0
2024-01-13,574.2705078125,0.0,887.3932495117188,0.0,0.0,0.0,,,1,0,0.0,5,,0.0,0.0,0.0,0.0,0.0,0.0,,0.0,0.0,0.0,,0.0,0.0,0.0,0,0.0,0.0
2024-01-14,574.2705078125,0.0,887.3932495117188,0.0,0.0,0.0,,,1,0,0.0,5,,0.0,0.0,0.0,0.0,0.0,0.0,,0.0,0.0,0.0,,0.0,0.0,0.0,0,0.0,0.0
2024-01-15,576.2372436523438,0.003424755081599784,883.5599975585938,-0.004319676710673903,0.007744431792273687,0.007744431792273687,,,1,0,0.0,5,1.9339998993655922,0.0,0.0,0.0,0.0,0.0,0.0,,0.0,0.0,0.0,,0.0,0.0,0.0,0,0.0,0.0
2024-01-16,570.337158203125,-0.010238986657340021,857.6856689453125,-0.02928417842000075,0.01904519176266073,0.01904519176266073,,,1,0,0.0,5,4.301030807385133,0.0,0.0,0.0,0.0,0.0,0.0,,0.0,0.0,0.0,,0.0,0.0,0.0,0,0.0,0.0
2024-01-17,571.3204956054688,0.0017241335027895488,842.352783203125,-0.017877045516036416,0.019601179018825965,0.019601179018825965,,,1,0,0.0,5,15.287591371806062,0.0,0.0,0.0,0.0,0.0,0.0,,0.0,0.0,0.0,,0.0,0.0,0.0,0,0.0,0.0
2024-01-18,578.2039184570312,0.012048268711710941,859.6023559570312,0.0204778485901278,-0.00842957987841686,0.00842957987841686,,,0,0,0.0,5,2.526831307335777,0.0,0.0,0.0,0.0,0.0,0.0,,0.0,0.0,0.0,,0.0,0.0,0.0,0,0.0,0.0
2024-01-19,615.5708618164062,0.06462589091248416,881.6434326171875,0.02564101471734226,0.038984876195141904,0.038984876195141904,,,1,0,0.0,5,0.5682554208240771,0.0,0.0,0.0,0.0,0.0,0.0,,0.0,0.0,0.0,,0.0,0.0,0.0,0,0.0,0.0
2024-01-20,615.5708618164062,0.0,881.6434326171875,0.0,0.0,0.0,,,1,0,0.0,5,,0.0,0.0,0.0,0.0,0.0,0.0,,0.0,0.0,0.0,,0.0,0.0,0.0,0,0.0,0.0
2024-01-21,615.5708618164062,0.0,881.6434326171875,0.0,0.0,0.0,,,1,0,0.0,5,,0.0,0.0,0.0,0.0,0.0,0.0,,0.0,0.0,0.0,,0.0,0.0,0.0,0,0.0,0.0
2024-01-22,615.5708618164062,0.0,883.5599975585938,0.00217385495144784,-0.00217385495144784,0.00217385495144784,,,0,0,0.0,5,inf,0.0,0.0,0.0,0.0,0.0,0.0,,0.0,0.0,0.0,,0.0,0.0,0.0,0,0.0,0.0
2024-01-23,617.5374755859375,0.003194780473734893,873.0186157226562,-0.011930578415800697,0.01512535888953559,0.01512535888953559,,,1,0,0.0,5,5.279352546963484,0.0,0.0,0.0,0.0,0.0,0.0,,0.0,0.0,0.0,,0.0,0.0,0.0,0,0.0,0.0
2024-01-24,616.5541381835938,-0.001592352595946922,896.976318359375,0.027442373169657364,-0.029034725765604286,0.029034725765604286,,,0,0,0.0,5,25.072185111146606,0.0,0.0,0.0,0.0,0.0,0.0,,0.0,0.0,0.0,,0.0,0.0,0.0,0,0.0,0.0
2024-01-25,631.3042602539062,0.02392348239485864,903.6845092773438,0.007478671154037109,0.016444811240821533,0.016444811240821533,,,1,0,0.0,5,0.447484665465412,0.0,0.0,0.0,0.0,0.0,0.0,,0.0,0.0,0.0,,0.0,0.0,0.0,0,0.0,0.0
2024-01-26,633.27099609375,0.003115353346503147,896.976318359375,-0.007423155812788185,0.010538509159291332,0.010538509159291332,,,1,0,0.0,5,3.3749911939872943,0.0,0.0,0.0,0.0,0.0,0.0,,0.0,0.0,0.0,,0.0,0.0,0.0,0,0.0,0.0
2024-01-27,633.27099609375,0.0,896.976318359375,0.0,0.0,0.0,,,1,0,0.0,5,,0.0,0.0,0.0,0.0,0.0,0.0,,0.0,0.0,0.0,,0.0,0.0,0.0,0,0.0,0.0
2024-01-28,633.27099609375,0.0,896.976318359375,0.0,0.0,0.0,,,1,0,0.0,5,,0.0,0.0,0.0,0.0,0.0,0.0,,0.0,0.0,0.0,,0.0,0.0,0.0,0,0.0,0.0
2024-01-29,637.2042846679688,0.006211066981562041,898.8929443359375,0.0021367631868678405,0.004074303794694201,0.004074303794694201,,,1,0,0.0,5,0.48531025028285074,0.0,0.0,0.0,0.0,0.0,0.0,,0.0,0.0,0.0,,0.0,0.0,0.0,0,0.0,0.0
2024-01-30,631.3042602539062,-0.009259235312795933,922.8506469726562,0.026652453762909145,-0.03591168907570508,0.03591168907570508,,,0,0,0.0,5,4.207796985879144,0.0,0.0,0.0,0.0,0.0,0.0,,0.0,0.0,0.0,,0.0,0.0,0.0,0,0.0,0.0
2024-01-31,617.5374755859375,-0.021806893339246347,925.7255859375,0.003115280868334125,-0.024922174207580472,0.024922174207580472,,,0,0,0.0,5,0.2141521099960584,0.0,0.0,0.0,0.0,0.0,0.0,,0.0,0.0,0.0,,0.0,0.0,0.0,0,0.0,0.0
2024-02-01,617.5374755859375,0.0,891.2265014648438,-0.037267074602586825,0.037267074602586825,0.037267074602586825,,,1,0,0.0,5,inf,0.0,0.0,0.0,0.0,0.0,0.0,,0.0,0.0,0.0,,0.0,0.0,0.0,0,0.0,0.0
2024-02-02,624.4209594726562,0.011146665844348203,896.976318359375,0.006451577556413124,0.004695088287935079,0.004695088287935079,,,1,0,0.0,5,0.8314276154046402,0.0,0.0,0.0,0.0,0.0,0.0,,0.0,0.0,0.0,,0.0,0.0,0.0,0,0.0,0.0
2024-02-03,624.4209594726562,0.0,896.976318359375,0.0,0.0,0.0,,,1,0,0.0,5,,0.0,0.0,0.0,0.0,0.0,0.0,,0.0,0.0,0.0,,0.0,0.0,0.0,0,0.0,0.0
2024-02-04,624.4209594726562,0.0,896.976318359375,0.0,0.0,0.0,,,1,0,0.0,5,,0.0,0.0,0.0,0.0,0.0,0.0,,0.0,0.0,0.0,,0.0,0.0,0.0,0,0.0,0.0
2024-02-05,635.2376708984375,0.017322787234618664,897.9346313476562,0.0010683815934338092,0.016254405641184855,0.016254405641184855,,,1,0,0.0,5,0.0871800478140415,0.0,0.0,0.0,0.0,0.0,0.0,,0.0,0.0,0.0,,0.0,0.0,0.0,0,0.0,0.0
2024-02-06,635.2376708984375,0.0,897.9346313476562,0.0,0.0,0.0,,,1,0,0.0,5,,0.0,0.0,0.0,0.0,0.0,0.0,,0.0,0.0,0.0,,0.0,0.0,0.0,0,0.0,0.0
2024-02-07,635.2376708984375,0.0,897.9346313476562,0.0,0.0,0.0,,,1,0,0.0,5,,0.0,0.0,0.0,0.0,0.0,0.0,,0.0,0.0,0.0,,0.0,0.0,0.0,0,0.0,0.0
2024-02-08,635.2376708984375,0.0,897.9346313476562,0.0,0.0,0.0,,,1,0,0.0,5,,0.0,0.0,0.0,0.0,0.0,0.0,,0.0,0.0,0.0,,0.0,0.0,0.0,0,0.0,0.0
2024-02-09,635.2376708984375,0.0,897.9346313476562,0.0,0.0,0.0,,,1,0,0.0,5,,0.0,0.0,0.0,0.0,0.0,0.0,,0.0,0.0,0.0,,0.0,0.0,0.0,0,0.0,0.0
2024-02-10,635.2376708984375,0.0,897.9346313476562,0.0,0.0,0.0,,,1,0,0.0,5,,0.0,0.0,0.0,0.0,0.0,0.0,,0.0,0.0,0.0,,0.0,0.0,0.0,0,0.0,0.0
2024-02-11,635.2376708984375,0.0,897.9346313476562,0.0,0.0,0.0,,,1,0,0.0,5,,0.0,0.0,0.0,0.0,0.0,0.0,,0.0,0.0,0.0,,0.0,0.0,0.0,0,0.0,0.0
2024-02-12,635.2376708984375,0.0,897.9346313476562,0.0,0.0,0.0,,,1,0,0.0,5,,0.0,0.0,0.0,0.0,0.0,0.0,,0.0,0.0,0.0,,0.0,0.0,0.0,0,0.0,0.0
2024-02-13,635.2376708984375,0.0,897.9346313476562,0.0,0.0,0.0,,,1,0,0.0,5,,0.0,0.0,0.0,0.0,0.0,0.0,,0.0,0.0,0.0,,0.0,0.0,0.0,0,0.0,0.0
2024-02-14,635.2376708984375,0.0,897.9346313476562,0.0,0.0,0.0,,,1,0,0.0,5,,0.0,0.0,0.0,0.0,0.0,0.0,,0.0,0.0,0.0,,0.0,0.0,0.0,0,0.0,0.0
2024-02-15,685.387939453125,0.07894725211078613,931.4754028320312,0.03735324411537144,0.041594007995414684,0.041594007995414684,,,1,0,0.0,5,0.6430226056130333,0.0,0.0,0.0,0.0,0.0,0.0,,0.0,0.0,0.0,,0.0,0.0,0.0,0,0.0,0.0
2024-02-16,671.6212768554688,-0.02008594228932703,929.5587768554688,-0.0020576238199476737,-0.018028318469379356,0.018028318469379356,,,0,0,0.0,5,0.1417836583771018,0.0,0.0,0.0,0.0,0.0,0.0,,0.0,0.0,0.0,,0.0,0.0,0.0,0,0.0,0.0
2024-02-17,671.6212768554688,0.0,929.5587768554688,0.0,0.0,0.0,,,1,0,0.0,5,,0.0,0.0,0.0,0.0,0.0,0.0,,0.0,0.0,0.0,,0.0,0.0,0.0,0,0.0,0.0
2024-02-18,671.6212768554688,0.0,929.5587768554688,0.0,0.0,0.0,,,1,0,0.0,5,,0.0,0.0,0.0,0.0,0.0,0.0,,0.0,0.0,0.0,,0.0,0.0,0.0,0,0.0,0.0
2024-02-19,666.7045288085938,-0.007320715135612166,922.8506469726562,-0.007216466618178652,-0.00010424851743351393,0.00010424851743351393,,,0,0,0.0,5,1.364486097044241,0.0,0.0,0.0,0.0,0.0,0.0,,0.0,0.0,0.0,,0.0,0.0,0.0,0,0.0,0.0
2024-02-20,675.5545654296875,0.013274301041435566,941.0584716796875,0.01972997989085301,-0.0064556788494174455,0.0064556788494174455,,,0,0,0.0,5,2.0704805514855793,0.0,0.0,0.0,0.0,0.0,0.0,,0.0,0.0,0.0,,0.0,0.0,0.0,0,0.0,0.0
2024-02-21,669.654541015625,-0.00873360157119174,940.1002197265625,-0.0010182703646614,-0.00771533120653034,0.00771533120653034,,,0,0,0.0,5,0.1636790384205181,0.0,0.0,0.0,0.0,0.0,0.0,,0.0,0.0,0.0,,0.0,0.0,0.0,0,0.0,0.0
2024-02-22,680.4713134765625,0.01615276504290164,972.6826782226562,0.034658494714074894,-0.018505729671173254,0.018505729671173254,,,0,0,0.0,5,3.0670734822060064,0.0,0.0,0.0,0.0,0.0,0.0,,0.0,0.0,0.0,,0.0,0.0,0.0,0,0.0,0.0
2024-02-23,685.387939453125,0.007225324387949872,1054.1387939453125,0.08374377126926702,-0.07651844688131715,0.07651844688131715,,,0,0,0.0,5,17.826106758782284,0.0,0.0,0.0,0.0,0.0,0.0,,0.0,0.0,0.0,,0.0,0.0,0.0,0,0.0,0.0
2024-02-24,685.387939453125,0.0,1054.1387939453125,0.0,0.0,0.0,,,1,0,0.0,5,,0.0,0.0,0.0,0.0,0.0,0.0,,0.0,0.0,0.0,,0.0,0.0,0.0,0,0.0,0.0
2024-02-25,685.387939453125,0.0,1054.1387939453125,0.0,0.0,0.0,,,1,0,0.0,5,,0.0,0.0,0.0,0.0,0.0,0.0,,0.0,0.0,0.0,,0.0,0.0,0.0,0,0.0,0.0
2024-02-26,686.3712768554688,0.0014347165243793203,1068.5135498046875,0.013636492596553307,-0.012201776072173987,0.012201776072173987,,,0,0,0.0,5,14.796449409471876,0.0,0.0,0.0,0.0,0.0,0.0,,0.0,0.0,0.0,,0.0,0.0,0.0,0,0.0,0.0
2024-02-27,686.3712768554688,0.0,1068.5135498046875,0.0,0.0,0.0,,,1,0,0.0,5,,0.0,0.0,0.0,0.0,0.0,0.0,,0.0,0.0,0.0,,0.0,0.0,0.0,0,0.0,0.0
2024-02-28,686.3712768554688,0.0,1068.5135498046875,0.0,0.0,0.0,,,1,0,0.0,5,,0.0,0.0,0.0,0.0,0.0,0.0,,0.0,0.0,0.0,,0.0,0.0,0.0,0,0.0,0.0
2024-02-29,678.5045166015625,-0.011461377419444085,1092.4710693359375,0.022421353042859637,-0.03388273046230372,0.03388273046230372,,,0,0,0.0,5,3.1497943889875955,0.0,0.0,0.0,0.0,0.0,0.0,,0.0,0.0,0.0,,0.0,0.0,0.0,0,0.0,0.0
2024-03-01,677.521240234375,-0.001449181756537854,1058.930419921875,-0.03070163627715128,0.029252454520613425,0.029252454520613425,,,1,0,0.0,5,33.11182924363305,0.0,0.0,0.0,0.0,0.0,0.0,,0.0,0.0,0.0,,0.0,0.0,0.0,0,0.0,0.0
2024-03-02,677.521240234375,0.0,1058.930419921875,0.0,0.0,0.0,,,1,0,0.0,5,,0.0,0.0,0.0,0.0,0.0,0.0,,0.0,0.0,0.0,,0.0,0.0,0.0,0,0.0,0.0
2024-03-03,677.521240234375,0.0,1058.930419921875,0.0,0.0,0.0,,,1,0,0.0,5,,0.0,0.0,0.0,0.0,0.0,0.0,,0.0,0.0,0.0,,0.0,0.0,0.0,0,0.0,0.0
2024-03-04,712.9214477539062,0.0522495907394509,1102.0543212890625,0.04072401789191127,0.011525572847539634,0.011525572847539634,,,1,0,0.0,5,1.204839086059747,0.0,0.0,0.0,0.0,0.0,0.0,,0.0,0.0,0.0,,0.0,0.0,0.0,0,0.0,0.0
2024-03-05,717.8381958007812,0.006896619623894651,1106.8458251953125,0.004347792857112065,0.002548826766782586,0.002548826766782586,,,1,0,0.0,5,0.9720601496792765,0.0,0.0,0.0,0.0,0.0,0.0,,0.0,0.0,0.0,,0.0,0.0,0.0,0,0.0,0.0
2024-03-06,722.7548828125,0.006849297014954736,1140.3865966796875,0.030303020276971626,-0.02345372326201689,0.02345372326201689,,,0,0,0.0,5,6.980732348387232,0.0,0.0,0.0,0.0,0.0,0.0,,0.0,0.0,0.0,,0.0,0.0,0.0,0,0.0,0.0
2024-03-07,747.3383178710938,0.034013516398437416,1178.7188720703125,0.0336134040002154,0.00040011239822201894,0.00040011239822201894,,,1,0,0.0,5,1.5586691848862706,0.0,0.0,0.0,0.0,0.0,0.0,,0.0,0.0,0.0,,0.0,0.0,0.0,0,0.0,0.0
2024-03-08,770.9385375976562,0.03157903075783852,1178.7188720703125,0.0,0.03157903075783852,0.03157903075783852,,,1,0,0.0,5,0.0,0.0,0.0,0.0,0.0,0.0,0.0,,0.0,0.0,0.0,,0.0,0.0,0.0,0,0.0,0.0
2024-03-09,770.9385375976562,0.0,1178.7188720703125,0.0,0.0,0.0,,,1,0,0.0,5,,0.0,0.0,0.0,0.0,0.0,0.0,,0.0,0.0,0.0,,0.0,0.0,0.0,0,0.0,0.0
2024-03-10,770.9385375976562,0.0,1178.7188720703125,0.0,0.0,0.0,,,1,0,0.0,5,,0.0,0.0,0.0,0.0,0.0,0.0,,0.0,0.0,0.0,,0.0,0.0,0.0,0,0.0,0.0
2024-03-11,753.2384033203125,-0.02295920286006148,1173.9273681640625,-0.004065009918636675,-0.018894192941424803,0.018894192941424803,,,0,0,0.0,5,0.27593931239275354,0.0,0.0,0.0,0.0,0.0,0.0,,0.0,0.0,0.0,,0.0,0.0,0.0,0,0.0,0.0
2024-03-12,757.1718139648438,0.00522199960489611,1164.3443603515625,-0.00816320333981746,0.01338520294471357,0.01338520294471357,,,1,0,0.0,5,2.4038689349928126,0.0,0.0,0.0,0.0,0.0,0.0,,0.0,0.0,0.0,,0.0,0.0,0.0,0,0.0,0.0
2024-03-13,766.0219116210938,0.01168836120550698,1164.3443603515625,0.0,0.01168836120550698,0.01168836120550698,,,1,0,0.0,5,0.0,0.0,0.0,0.0,0.0,0.0,0.0,,0.0,0.0,0.0,,0.0,0.0,0.0,0,0.0,0.0
2024-03-14,770.9385375976562,0.006418388171374412,1102.0543212890625,-0.053497952309995433,0.059916340481369845,0.059916340481369845,,,1,0,0.0,5,11.915010422748264,0.0,0.0,0.0,0.0,0.0,0.0,,0.0,0.0,0.0,,0.0,0.0,0.0,0,0.0,0.0
2024-03-15,740.4549560546875,-0.039540871361755436,1087.6796875,-0.013043489337484448,-0.026497382024270988,0.026497382024270988,,,0,0,0.0,5,0.48456263877832095,0.0,0.0,0.0,0.0,0.0,0.0,,0.0,0.0,0.0,,0.0,0.0,0.0,0,0.0,0.0
2024-03-16,740.4549560546875,0.0,1087.6796875,0.0,0.0,0.0,,,1,0,0.0,5,,0.0,0.0,0.0,0.0,0.0,0.0,,0.0,0.0,0.0,,0.0,0.0,0.0,0,0.0,0.0
2024-03-17,740.4549560546875,0.0,1087.6796875,0.0,0.0,0.0,,,1,0,0.0,5,,0.0,0.0,0.0,0.0,0.0,0.0,,0.0,0.0,0.0,,0.0,0.0,0.0,0,0.0,0.0
2024-03-18,754.77978515625,0.019345983147831758,1121.220458984375,0.030836993528368106,-0.011491010380536348,0.011491010380536348,,,0,0,0.0,5,2.367837956803038,0.0,0.0,0.0,0.0,0.0,0.0,,0.0,0.0,0.0,,0.0,0.0,0.0,0,0.0,0.0
2024-03-19,752.803955078125,-0.0026177570159963137,1102.0543212890625,-0.017093995691689012,0.014476238675692699,0.014476238675692699,,,1,0,0.0,5,9.559504184246379,0.0,0.0,0.0,0.0,0.0,0.0,,0.0,0.0,0.0,,0.0,0.0,0.0,0,0.0,0.0
2024-03-20,748.8522338867188,-0.005249336383994052,1082.8880615234375,-0.017391392960744767,0.012142056576750715,0.012142056576750715,,,1,0,0.0,5,4.790903248889469,0.0,0.0,0.0,0.0,0.0,0.0,,0.0,0.0,0.0,,0.0,0.0,0.0,0,0.0,0.0
2024-03-21,774.5384521484375,0.03430078338472908,1092.4710693359375,0.008849490684215588,0.025451292700513495,0.025451292700513495,,,1,0,0.0,5,0.3638992823669908,0.0,0.0,0.0,0.0,0.0,0.0,,0.0,0.0,0.0,,0.0,0.0,0.0,0,0.0,0.0
2024-03-22,775.5263061523438,0.0012754098923895008,1078.0965576171875,-0.013157796231151098,0.014433206123540598,0.014433206123540598,,,1,0,0.0,5,14.341497473080828,0.0,0.0,0.0,0.0,0.0,0.0,,0.0,0.0,0.0,,0.0,0.0,0.0,0,0.0,0.0
2024-03-23,775.5263061523438,0.0,1078.0965576171875,0.0,0.0,0.0,,,1,0,0.0,5,,0.0,0.0,0.0,0.0,0.0,0.0,,0.0,0.0,0.0,,0.0,0.0,0.0,0,0.0,0.0
2024-03-24,775.5263061523438,0.0,1078.0965576171875,0.0,0.0,0.0,,,1,0,0.0,5,,0.0,0.0,0.0,0.0,0.0,0.0,,0.0,0.0,0.0,,0.0,0.0,0.0,0,0.0,0.0
2024-03-25,770.586669921875,-0.006369398679686333,1073.304931640625,-0.004444523955398738,-0.0019248747242875952,0.0019248747242875952,,,0,0,0.0,5,0.9719153710157336,0.0,0.0,0.0,0.0,0.0,0.0,,0.0,0.0,0.0,,0.0,0.0,0.0,0,0.0,0.0
2024-03-26,772.5625610351562,0.002564138714573838,1082.8880615234375,0.008928618140386257,-0.006364479425812419,0.006364479425812419,,,0,0,0.0,5,4.880818310249304,0.0,0.0,0.0,0.0,0.0,0.0,,0.0,0.0,0.0,,0.0,0.0,0.0,0,0.0,0.0
2024-03-27,769.5988159179688,-0.003836252578970911,1116.4288330078125,0.030973442847997523,-0.034809695426968434,0.034809695426968434,,,0,0,0.0,5,11.712482144763113,0.0,0.0,0.0,0.0,0.0,0.0,,0.0,0.0,0.0,,0.0,0.0,0.0,0,0.0,0.0
2024-03-28,759.7194213867188,-0.01283707085680219,1111.6373291015625,-0.004291813113909804,-0.008545257742892387,0.008545257742892387,,,0,0,0.0,5,0.48919809519027463,0.0,0.0,0.0,0.0,0.0,0.0,,0.0,0.0,0.0,,0.0,0.0,0.0,0,0.0,0.0
2024-03-29,766.6349487304688,0.009102738654656273,1135.594970703125,0.02155167065226693,-0.012448931997610657,0.012448931997610657,,,0,0,0.0,5,3.50706418642448,0.0,0.0,0.0,0.0,0.0,0.0,,0.0,0.0,0.0,,0.0,0.0,0.0,0,0.0,0.0
2024-03-30,766.6349487304688,0.0,1135.594970703125,0.0,0.0,0.0,0.015944856195117048,0.01765857664642263,1,0,0.0,5,,0.0,0.0,0.0,0.0,0.0,0.0,,0.0,0.0,0.0,0.01765857664642263,0.0,0.0,0.0,0,0.0,0.0
2024-03-31,766.6349487304688,0.0,1135.594970703125,0.0,0.0,0.0,0.015944856195117048,0.01765857664642263,1,0,0.0,5,,0.0,0.0,0.0,0.0,0.0,0.0,,0.0,0.0,0.0,0.01765857664642263,0.0,0.0,0.0,0,0.0,0.0
2024-04-01,760.7073974609375,-0.0077319084909279745,1111.6373291015625,-0.02109699516080865,0.013365086669880677,0.013365086669880677,0.01598289907632961,0.017831915483259606,1,0,0.0,5,3.9873042936907166,0.0,0.0,0.0,0.0,0.0,0.0,,0.0,0.0,0.0,0.017831915483259606,0.0,0.0,0.0,0,0.0,0.0
2024-04-02,780.4660034179688,0.025973989503691897,1116.4288330078125,0.004310312168198438,0.02166367733549346,0.02166367733549346,0.015873422822301867,0.01752689308424031,1,1,1.0,5,0.2373816354629067,-2.0,5.0,1560.9320068359375,-5582.1441650390625,0.0,0.0,Opened,1560.9320068359375,-5582.1441650390625,0.0,0.01752689308424031,7143.076171875,0.0,0.0,0,0.0,7143.076171875
2024-04-03,770.586669921875,-0.012658249626285145,1111.6373291015625,-0.004291813113909804,-0.008366436512375341,0.008366436512375341,0.015966261529449282,0.01753930231936176,0,0,-1.0,5,0.48911251640710496,2.0,-5.0,-1541.17333984375,5558.1866455078125,19.7586669921875,-23.95751953125,Closed,-1541.17333984375,5558.1866455078125,-4.1988525390625,0.01753930231936176,7099.3599853515625,-4.1988525390625,-0.0005914409957695041,0,-4.1988525390625,0.0
2024-04-04,770.586669921875,0.0,1111.6373291015625,0.0,0.0,0.0,0.015932452330347017,0.017508126311704147,1,0,0.0,5,,0.0,0.0,0.0,0.0,0.0,0.0,,0.0,0.0,0.0,0.017508126311704147,0.0,0.0,0.0,0,0.0,0.0
2024-04-05,770.586669921875,0.0,1111.6373291015625,0.0,0.0,0.0,0.015932452330347017,0.017508126311704147,1,0,0.0,5,,0.0,0.0,0.0,0.0,0.0,0.0,,0.0,0.0,0.0,0.017508126311704147,0.0,0.0,0.0,0,0.0,0.0
2024-04-06,770.586669921875,0.0,1111.6373291015625,0.0,0.0,0.0,0.015932452330347017,0.017508126311704147,1,0,0.0,5,,0.0,0.0,0.0,0.0,0.0,0.0,,0.0,0.0,0.0,0.017508126311704147,0.0,0.0,0.0,0,0.0,0.0
2024-04-07,770.586669921875,0.0,1111.6373291015625,0.0,0.0,0.0,0.01591019593092376,0.017505850839658034,1,0,0.0,5,,0.0,0.0,0.0,0.0,0.0,0.0,,0.0,0.0,0.0,0.017505850839658034,0.0,0.0,0.0,0,0.0,0.0
2024-04-08,773.550537109375,0.0038462476749052676,1102.0543212890625,-0.008620624336396765,0.012466872011302033,0.012466872011302033,0.015909196129386485,0.017534666607650497,1,0,0.0,5,3.1931239940929923,0.0,0.0,0.0,0.0,0.0,0.0,,0.0,0.0,0.0,0.017534666607650497,0.0,0.0,0.0,0,0.0,0.0
2024-04-09,809.1160888671875,0.045977024191224514,1111.6373291015625,0.008695585714223908,0.037281438477000606,0.037281438477000606,0.0165119849050881,0.01753120209407055,1,1,1.0,5,0.2598425483513031,-2.0,5.0,1618.232177734375,-5558.1866455078125,0.0,0.0,Opened,1618.232177734375,-5558.1866455078125,0.0,0.01753120209407055,7176.4188232421875,0.0,0.0,0,0.0,7176.4188232421875
2024-04-10,805.164306640625,-0.0048840732262477315,1145.1781005859375,0.030172404799938768,-0.0350564780261865,0.0350564780261865,0.016538151478611384,0.017752027685812702,0,0,-1.0,5,8.786507402364567,2.0,-5.0,-1610.32861328125,5725.8905029296875,7.903564453125,167.703857421875,Closed,-1610.32861328125,5725.8905029296875,175.607421875,0.017752027685812702,7336.2191162109375,175.607421875,0.02393704701198987,0,175.607421875,0.0
2024-04-11,810.10400390625,0.0061350176912768895,1149.9696044921875,0.0041840687520993125,0.001950948939177577,0.001950948939177577,0.016521614842524065,0.017748621481657678,1,0,0.0,5,0.9681186254849368,0.0,0.0,0.0,0.0,0.0,0.0,,0.0,0.0,0.0,0.017748621481657678,0.0,0.0,0.0,0,0.0,0.0
2024-04-12,808.1281127929688,-0.002439058569953634,1130.803466796875,-0.016666647205667684,0.01422758863571405,0.01422758863571405,0.016530184930803205,0.017867226851531845,1,0,0.0,5,9.561651913636945,0.0,0.0,0.0,0.0,0.0,0.0,,0.0,0.0,0.0,0.017867226851531845,0.0,0.0,0.0,0,0.0,0.0
2024-04-13,808.1281127929688,0.0,1130.803466796875,0.0,0.0,0.0,0.016530184930803205,0.017867226851531845,1,0,0.0,5,,0.0,0.0,0.0,0.0,0.0,0.0,,0.0,0.0,0.0,0.017867226851531845,0.0,0.0,0.0,0,0.0,0.0
2024-04-14,808.1281127929688,0.0,1130.803466796875,0.0,0.0,0.0,0.016535313551817404,0.017853539780683922,1,0,0.0,5,,0.0,0.0,0.0,0.0,0.0,0.0,,0.0,0.0,0.0,0.017853539780683922,0.0,0.0,0.0,0,0.0,0.0
2024-04-15,796.2728881835938,-0.014669981679516386,1063.721923828125,-0.05932201743134535,0.04465203575182897,0.04465203575182897,0.016584398990050767,0.018721624486811073,1,1,1.0,5,5.401974404384031,-28.0,5.0,22295.640869140625,-5318.609619140625,0.0,0.0,Opened,22295.640869140625,-5318.609619140625,0.0,0.018721624486811073,27614.25048828125,0.0,0.0,0,0.0,27614.25048828125
2024-04-16,778.4901733398438,-0.022332437921269377,1011.0149536132812,-0.049549575912811616,0.02721713799154224,0.02721713799154224,0.016811318433546447,0.019395778980006988,1,1,0.0,5,2.881431174513925,28.0,-5.0,-21797.724853515625,5055.074768066406,497.916015625,-263.53485107421875,Live,0.0,0.0,0.0,0.019395778980006988,26852.79962158203,234.38116455078125,0.008728369773496739,0,0.0,0.0
2024-04-17,794.2970581054688,0.020304539873394978,1006.2234497070312,-0.004739300728565432,0.02504384060196041,0.02504384060196041,0.01688043031343623,0.01931094951108359,1,1,0.0,5,0.29568724801329554,28.0,-5.0,-22240.317626953125,5031.117248535156,55.3232421875,-287.49237060546875,Live,0.0,0.0,0.0,0.01931094951108359,27271.43487548828,-232.16912841796875,-0.008513271468038658,0,0.0,0.0
2024-04-18,794.2970581054688,0.0,1006.2234497070312,0.0,0.0,0.0,0.015583107682133942,0.019145714725785672,1,1,0.0,5,,28.0,-5.0,-22240.317626953125,5031.117248535156,55.3232421875,-287.49237060546875,Live,0.0,0.0,0.0,0.019145714725785672,27271.43487548828,-232.16912841796875,-0.008513271468038658,0,0.0,0.0
2024-04-19,740.94873046875,-0.06716420146886026,951.599853515625,-0.054285751546846006,-0.012878449922014257,0.012878449922014257,0.017245701874982946,0.020032849987520984,0,0,-1.0,5,1.0380402826600648,28.0,-5.0,-20746.564453125,4757.999267578125,1549.076416015625,-560.6103515625,Closed,-20746.564453125,4757.999267578125,988.466064453125,0.020032849987520984,25504.563720703125,988.466064453125,0.03875643885845989,0,988.466064453125,0.0
2024-04-20,740.94873046875,0.0,951.599853515625,0.0,0.0,0.0,0.017245701874982946,0.020032849987520984,1,0,0.0,5,,0.0,0.0,0.0,0.0,0.0,0.0,,0.0,0.0,0.0,0.020032849987520984,0.0,0.0,0.0,0,0.0,0.0
2024-04-21,740.94873046875,0.0,951.599853515625,0.0,0.0,0.0,0.017245701874982946,0.0200327864015151,1,0,0.0,5,,0.0,0.0,0.0,0.0,0.0,0.0,,0.0,0.0,0.0,0.0200327864015151,0.0,0.0,0.0,0,0.0,0.0
2024-04-22,733.0453491210938,-0.010666569794453018,925.7255859375,-0.027190281169689356,0.01652371137523634,0.01652371137523634,0.017298601653000012,0.020207466861955313,1,0,0.0,5,3.219143552314119,0.0,0.0,0.0,0.0,0.0,0.0,,0.0,0.0,0.0,0.020207466861955313,0.0,0.0,0.0,0,0.0,0.0
2024-04-23,744.9004516601562,0.016172399911242197,931.4754028320312,0.00621114613431395,0.009961253776928247,0.009961253776928247,0.017357782464520605,0.020016601403650417,1,0,0.0,5,0.48025337859218176,0.0,0.0,0.0,0.0,0.0,0.0,,0.0,0.0,0.0,0.020016601403650417,0.0,0.0,0.0,0,0.0,0.0
2024-04-24,773.550537109375,0.038461629853179025,967.89111328125,0.03909465600326256,-0.0006330261500835377,0.0006330261500835377,0.017627291630186715,0.020411896508062265,0,0,0.0,5,1.271825482945529,0.0,0.0,0.0,0.0,0.0,0.0,,0.0,0.0,0.0,0.020411896508062265,0.0,0.0,0.0,0,0.0,0.0
2024-04-25,756.7556762695312,-0.021711394452136545,940.1002197265625,-0.028712830579127324,0.007001436126990779,0.007001436126990779,0.017809488072033395,0.02063241096052683,1,0,0.0,5,1.642883461553496,0.0,0.0,0.0,0.0,0.0,0.0,,0.0,0.0,0.0,0.02063241096052683,0.0,0.0,0.0,0,0.0,0.0
2024-04-26,772.5625610351562,0.020887698977754443,963.099609375,0.024464827436299297,-0.0035771284585448537,0.0035771284585448537,0.0179171046781957,0.020783268950130617,0,0,0.0,5,1.460121868054578,0.0,0.0,0.0,0.0,0.0,0.0,,0.0,0.0,0.0,0.020783268950130617,0.0,0.0,0.0,0,0.0,0.0
2024-04-27,772.5625610351562,0.0,963.099609375,0.0,0.0,0.0,0.0179171046781957,0.020783268950130617,1,0,0.0,5,,0.0,0.0,0.0,0.0,0.0,0.0,,0.0,0.0,0.0,0.020783268950130617,0.0,0.0,0.0,0,0.0,0.0
2024-04-28,772.5625610351562,0.0,963.099609375,0.0,0.0,0.0,0.017914100553823396,0.020783180647834115,1,0,0.0,5,,0.0,0.0,0.0,0.0,0.0,0.0,,0.0,0.0,0.0,0.020783180647834115,0.0,0.0,0.0,0,0.0,0.0
2024-04-29,785.4057006835938,0.016624077189592246,972.6826782226562,0.009950236459835393,0.0066738407297568525,0.0066738407297568525,0.017934200517786752,0.02062533792459327,1,0,0.0,5,0.7412641343668748,0.0,0.0,0.0,0.0,0.0,0.0,,0.0,0.0,0.0,0.02062533792459327,0.0,0.0,0.0,0,0.0,0.0
2024-04-30,780.4660034179688,-0.006289357540091189,950.6416015625,-0.022660089619803925,0.016370732079712735,0.016370732079712735,0.017770890001228917,0.020771186729288488,1,0,0.0,5,4.388520832471629,0.0,0.0,0.0,0.0,0.0,0.0,,0.0,0.0,0.0,0.020771186729288488,0.0,0.0,0.0,0,0.0,0.0
2024-05-01,780.4660034179688,0.0,950.6416015625,0.0,0.0,0.0,0.017770890001228917,0.020377399533328462,1,0,0.0,5,,0.0,0.0,0.0,0.0,0.0,0.0,,0.0,0.0,0.0,0.020377399533328462,0.0,0.0,0.0,0,0.0,0.0
2024-05-02,762.6832275390625,-0.022784818045921917,958.3080444335938,0.008064493346906954,-0.03084931139282887,0.03084931139282887,0.01794999306315251,0.020383025586520404,0,1,1.0,5,0.4447259395020393,3.0,-5.0,-2288.0496826171875,4791.540222167969,0.0,0.0,Opened,-2288.0496826171875,4791.540222167969,0.0,0.020383025586520404,7079.589904785156,0.0,0.0,0,0.0,7079.589904785156
2024-05-03,770.586669921875,0.010362680202519181,996.6403198242188,0.0399999515951901,-0.029637271392670916,0.029637271392670916,0.017967763805689995,0.02079424045601389,0,1,0.0,5,4.99234202073876,-3.0,5.0,2311.760009765625,-4983.201599121094,23.7103271484375,-191.661376953125,Live,0.0,0.0,0.0,0.02079424045601389,7294.961608886719,-167.9510498046875,-0.02302288330072767,1,-167.9510498046875,0.0
2024-05-04,770.586669921875,0.0,996.6403198242188,0.0,0.0,0.0,0.017967763805689995,0.02079424045601389,1,0,-1.0,5,,-3.0,5.0,2311.760009765625,-4983.201599121094,23.7103271484375,-191.661376953125,Closed,2311.760009765625,-4983.201599121094,-167.9510498046875,0.02079424045601389,7294.961608886719,-167.9510498046875,-0.02302288330072767,1,0.0,0.0
2024-05-05,770.586669921875,0.0,996.6403198242188,0.0,0.0,0.0,0.01789982658993732,0.020794727922082496,1,0,0.0,5,,0.0,0.0,0.0,0.0,0.0,0.0,,0.0,0.0,0.0,0.020794727922082496,0.0,0.0,0.0,0,0.0,0.0
2024-05-06,776.5142822265625,0.0076923369376327155,991.8488159179688,-0.004807656093118062,0.012499993030750778,0.012499993030750778,0.017907058140409784,0.020804466495952224,1,0,0.0,5,0.7983091848153349,0.0,0.0,0.0,0.0,0.0,0.0,,0.0,0.0,0.0,0.020804466495952224,0.0,0.0,0.0,0,0.0,0.0
2024-05-07,790.3453369140625,0.017811719634880596,1001.4319458007812,0.009661885691664818,0.008149833943215778,0.008149833943215778,0.017978620777878852,0.020822503057741058,1,0,0.0,5,0.6873225468025687,0.0,0.0,0.0,0.0,0.0,0.0,,0.0,0.0,0.0,0.020822503057741058,0.0,0.0,0.0,0,0.0,0.0
2024-05-08,792.3211669921875,0.002499957911866302,1049.347412109375,0.04784695206650191,-0.04534699415463561,0.04534699415463561,0.01797650712510583,0.021388775971609587,0,1,1.0,5,25.347761841988262,127.0,-5.0,-100624.78820800781,5246.737060546875,0.0,0.0,Opened,-100624.78820800781,5246.737060546875,0.0,0.021388775971609587,105871.52526855469,0.0,0.0,0,0.0,105871.52526855469
2024-05-09,786.3935546875,-0.007481325189367283,1049.347412109375,0.0,-0.007481325189367283,0.007481325189367283,0.0180060158540013,0.021388775971609587,0,1,0.0,5,0.0,-127.0,5.0,99871.9814453125,-5246.737060546875,-752.8067626953125,0.0,Live,0.0,0.0,0.0,0.021388775971609587,105118.71850585938,-752.8067626953125,-0.007161491058829362,0,0.0,0.0
2024-05-10,792.3211669921875,0.007537717303701674,1049.347412109375,0.0,0.007537717303701674,0.007537717303701674,0.018011628643241608,0.021388775971609587,1,0,-1.0,5,0.0,-127.0,5.0,100624.78820800781,-5246.737060546875,0.0,0.0,Closed,100624.78820800781,-5246.737060546875,0.0,0.021388775971609587,105871.52526855469,0.0,0.0,0,0.0,0.0
2024-05-11,792.3211669921875,0.0,1049.347412109375,0.0,0.0,0.0,0.018011628643241608,0.021388775971609587,1,0,0.0,5,,0.0,0.0,0.0,0.0,0.0,0.0,,0.0,0.0,0.0,0.021388775971609587,0.0,0.0,0.0,0,0.0,0.0
2024-05-12,792.3211669921875,0.0,1049.347412109375,0.0,0.0,0.0,0.018011628643241608,0.021388775971609587,1,0,0.0,5,,0.0,0.0,0.0,0.0,0.0,0.0,,0.0,0.0,0.0,0.021388775971609587,0.0,0.0,0.0,0,0.0,0.0
2024-05-13,809.1160888671875,0.021197113714324978,1068.5135498046875,0.018264816279276896,0.0029322974350480813,0.0029322974350480813,0.018115310680230336,0.02145653031310628,1,0,0.0,5,1.137909636519005,0.0,0.0,0.0,0.0,0.0,0.0,,0.0,0.0,0.0,0.02145653031310628,0.0,0.0,0.0,0,0.0,0.0
2024-05-14,815.0436401367188,0.0073259589706469175,1106.8458251953125,0.03587439335479803,-0.02854843438415111,0.02854843438415111,0.018118806867793255,0.021747186287630626,0,1,1.0,5,6.650072072150372,34.0,-5.0,-27711.483764648438,5534.2291259765625,0.0,0.0,Opened,-27711.483764648438,5534.2291259765625,0.0,0.021747186287630626,33245.712890625,0.0,0.0,0,0.0,33245.712890625
2024-05-15,828.8746337890625,0.016969635699535912,1106.8458251953125,0.0,0.016969635699535912,0.016969635699535912,0.016282009135203744,0.021429826627763684,1,0,-1.0,5,0.0,-34.0,5.0,28181.737548828125,-5534.2291259765625,470.2537841796875,0.0,Closed,28181.737548828125,-5534.2291259765625,470.2537841796875,0.021429826627763684,33715.96667480469,470.2537841796875,0.013947510054074748,0,470.2537841796875,0.0
2024-05-16,830.8505249023438,0.0023838238410660573,1140.3865966796875,0.030303020276971626,-0.02791919643590557,0.02791919643590557,0.01610706950197139,0.021629081368340655,0,1,1.0,5,17.4478116033761,88.0,-5.0,-73114.84619140625,5701.9329833984375,0.0,0.0,Opened,-73114.84619140625,5701.9329833984375,0.0,0.021629081368340655,78816.77917480469,0.0,0.0,0,0.0,78816.77917480469
2024-05-17,824.9229125976562,-0.007134390756248554,1116.4288330078125,-0.021008457782325407,0.013874067026076853,0.013874067026076853,0.016137015768288535,0.021769322340122615,1,0,-1.0,5,3.9852443761163032,-88.0,5.0,72593.21630859375,-5582.1441650390625,-521.6298828125,119.788818359375,Closed,72593.21630859375,-5582.1441650390625,-401.841064453125,0.021769322340122615,78175.36047363281,-401.841064453125,-0.0051402521461817756,0,-401.841064453125,0.0
2024-05-18,824.9229125976562,0.0,1116.4288330078125,0.0,0.0,0.0,0.016137015768288535,0.021769322340122615,1,0,0.0,5,,0.0,0.0,0.0,0.0,0.0,0.0,,0.0,0.0,0.0,0.021769322340122615,0.0,0.0,0.0,0,0.0,0.0
2024-05-19,824.9229125976562,0.0,1116.4288330078125,0.0,0.0,0.0,0.016105805592805295,0.021747263963306087,1,0,0.0,5,,0.0,0.0,0.0,0.0,0.0,0.0,,0.0,0.0,0.0,0.021747263963306087,0.0,0.0,0.0,0,0.0,0.0
2024-05-20,824.9229125976562,0.0,1140.3865966796875,0.021459284249520483,-0.021459284249520483,0.021459284249520483,0.016066737533871615,0.02176354923971635,0,0,0.0,5,inf,0.0,0.0,0.0,0.0,0.0,0.0,,0.0,0.0,0.0,0.02176354923971635,0.0,0.0,0.0,0,0.0,0.0
2024-05-21,830.8505249023438,0.007185656034236709,1126.011962890625,-0.012605053260811072,0.01979070929504778,0.01979070929504778,0.01603093686020834,0.021818021985051193,1,0,0.0,5,2.3773786961088725,0.0,0.0,0.0,0.0,0.0,0.0,,0.0,0.0,0.0,0.021818021985051193,0.0,0.0,0.0,0,0.0,0.0
2024-05-22,853.5729370117188,0.027348375463860597,1135.594970703125,0.008510573713532477,0.01883780175032812,0.01883780175032812,0.016180598531112887,0.021553999728015125,1,0,0.0,5,0.41400932904501325,0.0,0.0,0.0,0.0,0.0,0.0,,0.0,0.0,0.0,0.021553999728015125,0.0,0.0,0.0,0,0.0,0.0
2024-05-23,864.440185546875,0.01273148206080843,1154.7611083984375,0.016877617627564456,-0.004146135566756026,0.004146135566756026,0.0162084738518094,0.019782592339361783,0,0,0.0,5,1.7708810141335198,0.0,0.0,0.0,0.0,0.0,0.0,,0.0,0.0,0.0,0.019782592339361783,0.0,0.0,0.0,0,0.0,0.0
2024-05-24,856.5368041992188,-0.009142774109531127,1145.1781005859375,-0.008298692900898685,-0.0008440812086324412,0.0008440812086324412,0.016254250227191326,0.019807610897871586,0,0,0.0,5,1.213552891378089,0.0,0.0,0.0,0.0,0.0,0.0,,0.0,0.0,0.0,0.019807610897871586,0.0,0.0,0.0,0,0.0,0.0
2024-05-25,856.5368041992188,0.0,1145.1781005859375,0.0,0.0,0.0,0.016254250227191326,0.019807610897871586,1,0,0.0,5,,0.0,0.0,0.0,0.0,0.0,0.0,,0.0,0.0,0.0,0.019807610897871586,0.0,0.0,0.0,0,0.0,0.0
2024-05-26,856.5368041992188,0.0,1145.1781005859375,0.0,0.0,0.0,0.01625611991857958,0.01976286419450587,1,0,0.0,5,,0.0,0.0,0.0,0.0,0.0,0.0,,0.0,0.0,0.0,0.01976286419450587,0.0,0.0,0.0,0,0.0,0.0
2024-05-27,858.5126953125,0.0023068373753403204,1231.42578125,0.07531377051301735,-0.07300693313767703,0.07300693313767703,0.01625380125571787,0.021259416177938726,0,1,1.0,5,46.829436457612466,235.0,-5.0,-201750.4833984375,6157.12890625,0.0,0.0,Opened,-201750.4833984375,6157.12890625,0.0,0.021259416177938726,207907.6123046875,0.0,0.0,0,0.0,207907.6123046875
2024-05-28,854.5608520507812,-0.004603127342549418,1255.383544921875,0.019455304604355295,-0.024058431946904713,0.024058431946904713,0.01626937420852241,0.021339657283010037,0,1,0.0,5,6.208954587106593,-235.0,5.0,200821.8002319336,-6276.917724609375,-928.6831665039062,-119.788818359375,Live,0.0,0.0,0.0,0.021339657283010037,207098.71795654297,-1048.4719848632812,-0.005062667674665614,0,0.0,0.0
2024-05-29,846.657470703125,-0.009248471105000489,1236.2174072265625,-0.015267157015751098,0.00601868591075061,0.00601868591075061,0.016249591752491868,0.021304520921428864,1,0,-1.0,5,2.4103235157834035,-235.0,5.0,198964.50561523438,-6181.0870361328125,-2785.977783203125,-23.9581298828125,Closed,198964.50561523438,-6181.0870361328125,-2809.9359130859375,0.021304520921428864,205145.5926513672,-2809.9359130859375,-0.013697276537942775,0,-2809.9359130859375,0.0
2024-05-30,827.88671875,-0.022170420273426972,1236.2174072265625,0.0,-0.022170420273426972,0.022170420273426972,0.01645304217912359,0.02102548806476382,0,0,0.0,5,0.0,0.0,0.0,0.0,0.0,0.0,0.0,,0.0,0.0,0.0,0.02102548806476382,0.0,0.0,0.0,0,0.0,0.0
2024-05-31,811.0919189453125,-0.02028635008186319,1183.510498046875,-0.04263563097524625,0.02234928089338306,0.02234928089338306,0.01662385926938208,0.02154361420487555,1,1,1.0,5,3.066696650697828,-16.0,5.0,12977.470703125,-5917.552490234375,0.0,0.0,Opened,12977.470703125,-5917.552490234375,0.0,0.02154361420487555,18895.023193359375,0.0,0.0,0,0.0,18895.023193359375
2024-06-01,811.0919189453125,0.0,1183.510498046875,0.0,0.0,0.0,0.01662385926938208,0.02154361420487555,1,1,0.0,5,,16.0,-5.0,-12977.470703125,5917.552490234375,0.0,0.0,Live,0.0,0.0,0.0,0.02154361420487555,18895.023193359375,0.0,0.0,0,0.0,0.0
2024-06-02,811.0919189453125,0.0,1183.510498046875,0.0,0.0,0.0,0.01574318867070131,0.021133565945324295,1,1,0.0,5,,16.0,-5.0,-12977.470703125,5917.552490234375,0.0,0.0,Live,0.0,0.0,0.0,0.021133565945324295,18895.023193359375,0.0,0.0,0,0.0,0.0
2024-06-03,835.7901611328125,0.03045060813775069,1217.0511474609375,0.028339967807141653,0.002110640330609037,0.002110640330609037,0.016026175162213486,0.021326536028030956,1,1,0.0,5,1.355236088380459,16.0,-5.0,-13372.642578125,6085.2557373046875,-395.171875,167.7032470703125,Live,0.0,0.0,0.0,0.021326536028030956,19457.898315429688,-227.4686279296875,-0.011690297905879684,0,0.0,0.0
2024-06-04,828.8746337890625,-0.00827423875674349,1188.302001953125,-0.023621969847191893,0.015347731090448402,0.015347731090448402,0.016052108011005636,0.021259379607177387,1,1,0.0,5,4.092852013962016,16.0,-5.0,-13261.994140625,5941.510009765625,-284.5234375,23.95751953125,Live,0.0,0.0,0.0,0.021259379607177387,19203.504150390625,-260.56591796875,-0.013568665173197035,0,0.0,0.0
2024-06-05,843.6936645507812,0.017878494717561866,1178.7188720703125,-0.008064557551078266,0.025943052268640132,0.025943052268640132,0.015774307186670385,0.020986132291440064,1,1,0.0,5,0.6301951318603192,16.0,-5.0,-13499.0986328125,5893.5943603515625,-521.6279296875,-23.9581298828125,Live,0.0,0.0,0.0,0.020986132291440064,19392.692993164062,-545.5860595703125,-0.028133589273167576,1,-545.5860595703125,0.0
2024-06-06,883.2109375,0.04683841376272446,1236.2174072265625,0.048780533271058246,-0.0019421195083337839,0.0019421195083337839,0.01617837774375534,0.02160135055352774,0,0,-1.0,5,1.4577222441291589,16.0,-5.0,-14131.375,6181.0870361328125,-1153.904296875,263.5345458984375,Closed,-14131.375,6181.0870361328125,-890.3697509765625,0.02160135055352774,20312.462036132812,-890.3697509765625,-0.043833669665091744,1,0.0,0.0
2024-06-07,868.3919677734375,-0.0167785169967537,1221.8427734375,-0.01162791731052537,-0.00515059968622833,0.00515059968622833,0.016293766431980494,0.021640683863961577,0,0,0.0,5,0.9750971549512367,0.0,0.0,0.0,0.0,0.0,0.0,,0.0,0.0,0.0,0.021640683863961577,0.0,0.0,0.0,0,0.0,0.0
2024-06-08,868.3919677734375,0.0,1221.8427734375,0.0,0.0,0.0,0.016293766431980494,0.021640683863961577,1,0,0.0,5,,0.0,0.0,0.0,0.0,0.0,0.0,,0.0,0.0,0.0,0.021640683863961577,0.0,0.0,0.0,0,0.0,0.0
2024-06-09,868.3919677734375,0.0,1221.8427734375,0.0,0.0,0.0,0.016085630834785144,0.021635014781102985,1,0,0.0,5,,0.0,0.0,0.0,0.0,0.0,0.0,,0.0,0.0,0.0,0.021635014781102985,0.0,0.0,0.0,0,0.0,0.0
2024-06-10,868.3919677734375,0.0,1221.8427734375,0.0,0.0,0.0,0.016082238922941233,0.021614644127351063,1,0,0.0,5,,0.0,0.0,0.0,0.0,0.0,0.0,,0.0,0.0,0.0,0.021614644127351063,0.0,0.0,0.0,0,0.0,0.0
2024-06-11,872.3436279296875,0.004550548948975219,1217.0511474609375,-0.003921638758055512,0.008472187707030732,0.008472187707030732,0.01604975690474655,0.021620158823098576,1,0,0.0,5,1.2023337355028345,0.0,0.0,0.0,0.0,0.0,0.0,,0.0,0.0,0.0,0.021620158823098576,0.0,0.0,0.0,0,0.0,0.0
2024-06-12,898.0298461914062,0.029445068937660857,1245.800537109375,0.023622170447327173,0.005822898490333683,0.005822898490333683,0.01630930547590971,0.020965401173470708,1,0,0.0,5,1.1129226122081728,0.0,0.0,0.0,0.0,0.0,0.0,,0.0,0.0,0.0,0.020965401173470708,0.0,0.0,0.0,0,0.0,0.0
2024-06-13,911.4182739257812,0.014908666778900459,1327.2567138671875,0.0653846055860714,-0.05047593880717094,0.05047593880717094,0.015758042599622796,0.02195722277973119,0,1,1.0,5,6.386661508382677,32.0,-5.0,-29165.384765625,6636.2835693359375,0.0,0.0,Opened,-29165.384765625,6636.2835693359375,0.0,0.02195722277973119,35801.66833496094,0.0,0.0,0,0.0,35801.66833496094
2024-06-14,914.3935546875,0.00326445151127297,1336.8397216796875,0.007220161489768007,-0.003955709978495037,0.003955709978495037,0.015756134658192693,0.02196135588340658,0,1,0.0,5,3.2335745221241985,-32.0,5.0,29260.59375,-6684.1986083984375,95.208984375,-47.9150390625,Live,0.0,0.0,0.0,0.02196135588340658,35944.79235839844,47.2939453125,0.0013157384480327887,0,0.0,0.0
2024-06-15,914.3935546875,0.0,1336.8397216796875,0.0,0.0,0.0,0.015756134658192693,0.02196135588340658,1,0,-1.0,5,,-32.0,5.0,29260.59375,-6684.1986083984375,95.208984375,-47.9150390625,Closed,29260.59375,-6684.1986083984375,47.2939453125,0.02196135588340658,35944.79235839844,47.2939453125,0.0013157384480327887,0,47.2939453125,0.0
2024-06-16,914.3935546875,0.0,1336.8397216796875,0.0,0.0,0.0,0.015654954998406957,0.021754358992893085,1,0,0.0,5,,0.0,0.0,0.0,0.0,0.0,0.0,,0.0,0.0,0.0,0.021754358992893085,0.0,0.0,0.0,0,0.0,0.0
2024-06-17,913.4017944335938,-0.0010846098475018051,1322.465087890625,-0.0107526979906023,0.009668088143100495,0.009668088143100495,0.01565042656987135,0.021701408182647604,1,0,0.0,5,14.353779160771484,0.0,0.0,0.0,0.0,0.0,0.0,,0.0,0.0,0.0,0.021701408182647604,0.0,0.0,0.0,0,0.0,0.0
2024-06-18,935.2203369140625,0.02388712460763065,1346.4228515625,0.018115989519306375,0.005771135088324275,0.005771135088324275,0.015793789440735503,0.021662873740200147,1,0,0.0,5,1.0918568858572228,0.0,0.0,0.0,0.0,0.0,0.0,,0.0,0.0,0.0,0.021662873740200147,0.0,0.0,0.0,0,0.0,0.0
2024-06-19,972.9068603515625,0.040296946024349634,1423.0875244140625,0.05693952146058323,-0.016642575436233598,0.016642575436233598,0.015940996410892447,0.022398030429915332,0,0,0.0,5,2.066816999136647,0.0,0.0,0.0,0.0,0.0,0.0,,0.0,0.0,0.0,0.022398030429915332,0.0,0.0,0.0,0,0.0,0.0
2024-06-20,972.9068603515625,0.0,1437.4620361328125,0.010100932987005429,-0.010100932987005429,0.010100932987005429,0.01594281010965861,0.022341419859569504,0,0,0.0,5,inf,0.0,0.0,0.0,0.0,0.0,0.0,,0.0,0.0,0.0,0.022341419859569504,0.0,0.0,0.0,0,0.0,0.0
2024-06-21,961.99755859375,-0.011213099837604545,1427.8790283203125,-0.0066666162803722395,-0.004546483557232306,0.004546483557232306,0.016007421536793767,0.022364015599849255,0,0,0.0,5,0.8824644415642064,0.0,0.0,0.0,0.0,0.0,0.0,,0.0,0.0,0.0,0.022364015599849255,0.0,0.0,0.0,0,0.0,0.0
2024-06-22,961.99755859375,0.0,1427.8790283203125,0.0,0.0,0.0,0.016007421536793767,0.022364015599849255,1,0,0.0,5,,0.0,0.0,0.0,0.0,0.0,0.0,,0.0,0.0,0.0,0.022364015599849255,0.0,0.0,0.0,0,0.0,0.0
2024-06-23,961.99755859375,0.0,1427.8790283203125,0.0,0.0,0.0,0.015981721584226272,0.022351463991070995,1,0,0.0,5,,0.0,0.0,0.0,0.0,0.0,0.0,,0.0,0.0,0.0,0.022351463991070995,0.0,0.0,0.0,0,0.0,0.0
2024-06-24,932.2450561523438,-0.030927835705631623,1351.2142333984375,-0.05369137959261139,0.022763543886979765,0.022763543886979765,0.016367703194063745,0.023138895378257026,1,0,0.0,5,2.5162231637894794,0.0,0.0,0.0,0.0,0.0,0.0,,0.0,0.0,0.0,0.023138895378257026,0.0,0.0,0.0,0,0.0,0.0
2024-06-25,937.2037963867188,0.0053191381403954185,1327.2567138671875,-0.0177303635049747,0.02304950164537012,0.02304950164537012,0.016358073533132927,0.023040158133910395,1,1,1.0,5,4.720600651222468,-24.0,5.0,22492.89111328125,-6636.2835693359375,0.0,0.0,Opened,22492.89111328125,-6636.2835693359375,0.0,0.023040158133910395,29129.174682617188,0.0,0.0,0,0.0,29129.174682617188
2024-06-26,952.080078125,0.01587304895225028,1346.4228515625,0.014440414951429226,0.0014326340008210536,0.0014326340008210536,0.016339021448014513,0.023065588198491006,1,1,0.0,5,1.2865519089095327,24.0,-5.0,-22849.921875,6732.1142578125,-357.03076171875,95.8306884765625,Live,0.0,0.0,0.0,0.023065588198491006,29582.0361328125,-261.2000732421875,-0.008829685423596094,0,0.0,0.0
2024-06-27,952.080078125,0.0,1336.8397216796875,-0.007117474181080219,0.007117474181080219,0.007117474181080219,0.016326754670542936,0.022995887883224198,1,1,0.0,5,inf,24.0,-5.0,-22849.921875,6684.1986083984375,-357.03076171875,47.9150390625,Live,0.0,0.0,0.0,0.022995887883224198,29534.120483398438,-309.11572265625,-0.010466393364583465,0,0.0,0.0
2024-06-28,958.0305786132812,0.006250000000000089,1341.6312255859375,0.0035842022260004214,0.0026657977739996674,0.0026657977739996674,0.016329113174940818,0.02299535842229019,1,1,0.0,5,0.8030938022336831,24.0,-5.0,-22992.73388671875,6708.1561279296875,-499.8427734375,71.87255859375,Live,0.0,0.0,0.0,0.02299535842229019,29700.890014648438,-427.97021484375,-0.014409339741424438,0,0.0,0.0
2024-06-29,958.0305786132812,0.0,1341.6312255859375,0.0,0.0,0.0,0.016329113174940818,0.02299535842229019,1,1,0.0,5,,24.0,-5.0,-22992.73388671875,6708.1561279296875,-499.8427734375,71.87255859375,Live,0.0,0.0,0.0,0.02299535842229019,29700.890014648438,-427.97021484375,-0.014409339741424438,0,0.0,0.0
2024-06-30,958.0305786132812,0.0,1341.6312255859375,0.0,0.0,0.0,0.01629438669179824,0.022863237327672346,1,1,0.0,5,,24.0,-5.0,-22992.73388671875,6708.1561279296875,-499.8427734375,71.87255859375,Live,0.0,0.0,0.0,0.022863237327672346,29700.890014648438,-427.97021484375,-0.014409339741424438,0,0.0,0.0
2024-07-01,960.0140380859375,0.0020703509020842947,1356.005859375,0.010714295787789707,-0.008643944885705412,0.008643944885705412,0.01610442202365901,0.022879370329816084,0,0,-1.0,5,7.3097690243859885,24.0,-5.0,-23040.3369140625,6780.029296875,-547.44580078125,143.7457275390625,Closed,-23040.3369140625,6780.029296875,-403.7000732421875,0.022879370329816084,29820.3662109375,-403.7000732421875,-0.01353773023398078,0,-403.7000732421875,0.0
2024-07-02,952.080078125,-0.00826442077530043,1351.2142333984375,-0.0035336322062583525,-0.004730788569042077,0.004730788569042077,0.016064774301989597,0.022877010753669692,0,0,0.0,5,0.6068196802235372,0.0,0.0,0.0,0.0,0.0,0.0,,0.0,0.0,0.0,0.022877010753669692,0.0,0.0,0.0,0,0.0,0.0
2024-07-03,970.9232788085938,0.019791613244027673,1346.4228515625,-0.003545982359796973,0.023337595603824646,0.023337595603824646,0.016165583089928666,0.02288429228890812,1,1,1.0,5,0.24845739942927905,-2.0,5.0,1941.8465576171875,-6732.1142578125,0.0,0.0,Opened,1941.8465576171875,-6732.1142578125,0.0,0.02288429228890812,8673.960815429688,0.0,0.0,0,0.0,8673.960815429688
2024-07-04,996.7088012695312,0.026557734296553948,1346.81982421875,0.0002948350555618262,0.02626289924099212,0.02626289924099212,0.01635699516266698,0.02288396756572221,1,1,0.0,5,0.015001314112112486,2.0,-5.0,-1993.4176025390625,6734.09912109375,-51.571044921875,1.98486328125,Live,0.0,0.0,0.0,0.02288396756572221,8727.516723632812,-49.586181640625,-0.0056815911342057955,0,0.0,0.0
2024-07-05,996.7088012695312,0.0,1322.3321533203125,-0.018181846196570595,0.018181846196570595,0.018181846196570595,0.01635699516266698,0.022985353756266952,1,1,0.0,5,inf,2.0,-5.0,-1993.4176025390625,6611.6607666015625,-51.571044921875,-120.4534912109375,Live,0.0,0.0,0.0,0.022985353756266952,8605.078369140625,-172.0245361328125,-0.019991048164038083,0,0.0,0.0
2024-07-06,996.7088012695312,0.0,1322.3321533203125,0.0,0.0,0.0,0.01635699516266698,0.022985353756266952,1,1,0.0,5,,2.0,-5.0,-1993.4176025390625,6611.6607666015625,-51.571044921875,-120.4534912109375,Live,0.0,0.0,0.0,0.022985353756266952,8605.078369140625,-172.0245361328125,-0.019991048164038083,0,0.0,0.0
2024-07-07,996.7088012695312,0.0,1322.3321533203125,0.0,0.0,0.0,0.016359771691652796,0.02295774206228128,1,1,0.0,5,,2.0,-5.0,-1993.4176025390625,6611.6607666015625,-51.571044921875,-120.4534912109375,Live,0.0,0.0,0.0,0.02295774206228128,8605.078369140625,-172.0245361328125,-0.019991048164038083,0,0.0,0.0
2024-07-08,1026.4613037109375,0.02985074718263725,1390.8975830078125,0.051851896299530686,-0.022001149116893437,0.022001149116893437,0.015966845469325967,0.023536526390477604,0,0,-1.0,5,2.353759079609377,2.0,-5.0,-2052.922607421875,6954.4879150390625,-111.0760498046875,222.3736572265625,Closed,-2052.922607421875,6954.4879150390625,111.297607421875,0.023536526390477604,9007.410522460938,111.297607421875,0.012356226813948644,0,111.297607421875,0.0
2024-07-09,1031.420166015625,0.004831027031179769,1430.0777587890625,0.028168986890122483,-0.023337959858942714,0.023337959858942714,0.01594732160434373,0.023511248251065996,0,0,0.0,5,8.084548935880017,0.0,0.0,0.0,0.0,0.0,0.0,,0.0,0.0,0.0,0.023511248251065996,0.0,0.0,0.0,0,0.0,0.0
2024-07-10,1036.37890625,0.004807682065719687,1405.590087890625,-0.017123314272905477,0.021930996338625164,0.021930996338625164,0.015944892506426413,0.02360367319830795,1,0,0.0,5,4.830501358151248,0.0,0.0,0.0,0.0,0.0,0.0,,0.0,0.0,0.0,0.02360367319830795,0.0,0.0,0.0,0,0.0,0.0
2024-07-11,1071.090087890625,0.033492751957122424,1390.8975830078125,-0.010452908717406784,0.04394566067452921,0.04394566067452921,0.016257333247243107,0.023556000584601996,1,1,1.0,5,0.4052802840788614,-3.0,5.0,3213.270263671875,-6954.4879150390625,0.0,0.0,Opened,3213.270263671875,-6954.4879150390625,0.0,0.023556000584601996,10167.758178710938,0.0,0.0,0,0.0,10167.758178710938
2024-07-12,1031.420166015625,-0.03703696105817289,1332.127197265625,-0.04225356809887948,0.005216607040706589,0.005216607040706589,0.01680061491249242,0.02402432191569529,1,1,0.0,5,1.4734592200042127,3.0,-5.0,-3094.260498046875,6660.635986328125,119.009765625,-293.8519287109375,Live,0.0,0.0,0.0,0.02402432191569529,9754.896484375,-174.8421630859375,-0.017923528288177393,0,0.0,0.0
2024-07-13,1031.420166015625,0.0,1332.127197265625,0.0,0.0,0.0,0.01680061491249242,0.02402432191569529,1,1,0.0,5,,3.0,-5.0,-3094.260498046875,6660.635986328125,119.009765625,-293.8519287109375,Live,0.0,0.0,0.0,0.02402432191569529,9754.896484375,-174.8421630859375,-0.017923528288177393,0,0.0,0.0
2024-07-14,1031.420166015625,0.0,1332.127197265625,0.0,0.0,0.0,0.016699542181637515,0.023116676355681504,1,1,0.0,5,,3.0,-5.0,-3094.260498046875,6660.635986328125,119.009765625,-293.8519287109375,Live,0.0,0.0,0.0,0.023116676355681504,9754.896484375,-174.8421630859375,-0.017923528288177393,0,0.0,0.0
2024-07-15,1031.420166015625,0.0,1327.229736328125,-0.0036764214014642915,0.0036764214014642915,0.0036764214014642915,0.01648315267021836,0.022446231542211818,1,1,0.0,5,inf,3.0,-5.0,-3094.260498046875,6636.148681640625,119.009765625,-318.3392333984375,Live,0.0,0.0,0.0,0.022446231542211818,9730.4091796875,-199.3294677734375,-0.020485209212942793,0,0.0,0.0
2024-07-16,1046.2962646484375,0.014422927845476163,1317.4345703125,-0.0073801586473823955,0.02180308649285856,0.02180308649285856,0.016426400690734616,0.022458548543770933,1,1,0.0,5,0.6442977985358749,3.0,-5.0,-3138.8887939453125,6587.1728515625,74.3814697265625,-367.3150634765625,Live,0.0,0.0,0.0,0.022458548543770933,9726.061645507812,-292.93359375,-0.030118418371869727,1,-292.93359375,0.0
2024-07-17,1021.5025634765625,-0.02369663546510492,1297.844482421875,-0.01486987538666007,-0.00882676007844485,0.00882676007844485,0.01666643437947744,0.02253725190196649,0,0,-1.0,5,0.7972670867288701,3.0,-5.0,-3064.5076904296875,6489.222412109375,148.7625732421875,-465.2655029296875,Closed,-3064.5076904296875,6489.222412109375,-316.5029296875,0.02253725190196649,9553.730102539062,-316.5029296875,-0.03312872839095424,1,0.0,0.0
2024-07-18,996.7088012695312,-0.024271855102006468,1253.766845703125,-0.03396218677641394,0.00969033167440747,0.00969033167440747,0.015186939125938308,0.02205260811105506,1,0,0.0,5,1.7601154831887007,0.0,0.0,0.0,0.0,0.0,0.0,,0.0,0.0,0.0,0.02205260811105506,0.0,0.0,0.0,0,0.0,0.0
2024-07-19,961.99755859375,-0.03482586150696043,1234.1766357421875,-0.0156250821499041,-0.01920077935705633,0.01920077935705633,0.01570956974791252,0.022140259496913447,0,0,0.0,5,0.5756039842223245,0.0,0.0,0.0,0.0,0.0,0.0,,0.0,0.0,0.0,0.022140259496913447,0.0,0.0,0.0,0,0.0,0.0
2024-07-20,961.99755859375,0.0,1234.1766357421875,0.0,0.0,0.0,0.01570956974791252,0.022140259496913447,1,0,0.0,5,,0.0,0.0,0.0,0.0,0.0,0.0,,0.0,0.0,0.0,0.022140259496913447,0.0,0.0,0.0,0,0.0,0.0
2024-07-21,961.99755859375,0.0,1234.1766357421875,0.0,0.0,0.0,0.015645207882244733,0.021906115657354404,1,0,0.0,5,,0.0,0.0,0.0,0.0,0.0,0.0,,0.0,0.0,0.0,0.021906115657354404,0.0,0.0,0.0,0,0.0,0.0
2024-07-22,931.2533569335938,-0.03195871069059486,1199.89404296875,-0.02777770359655307,-0.004181007094041789,0.004181007094041789,0.016013190886825467,0.022149339345228544,0,0,0.0,5,1.1199074535825613,0.0,0.0,0.0,0.0,0.0,0.0,,0.0,0.0,0.0,0.022149339345228544,0.0,0.0,0.0,0,0.0,0.0
2024-07-23,970.9232788085938,0.04259842026838334,1248.8692626953125,0.04081628708264029,0.0017821331857430511,0.0017821331857430511,0.01612281680198643,0.022181532973727772,1,0,0.0,5,1.232457820609493,0.0,0.0,0.0,0.0,0.0,0.0,,0.0,0.0,0.0,0.022181532973727772,0.0,0.0,0.0,0,0.0,0.0
2024-07-24,970.9232788085938,0.0,1248.8692626953125,0.0,0.0,0.0,0.015915210433690038,0.021924175255676786,1,0,0.0,5,,0.0,0.0,0.0,0.0,0.0,0.0,,0.0,0.0,0.0,0.021924175255676786,0.0,0.0,0.0,0,0.0,0.0
2024-07-25,970.9232788085938,0.0,1248.8692626953125,0.0,0.0,0.0,0.01580181351730544,0.021811378988913412,1,0,0.0,5,,0.0,0.0,0.0,0.0,0.0,0.0,,0.0,0.0,0.0,0.021811378988913412,0.0,0.0,0.0,0,0.0,0.0
2024-07-26,916.3770751953125,-0.05617972583808484,1219.484130859375,-0.02352938991589759,-0.032650335922187246,0.032650335922187246,0.016974415922481955,0.021989524062518903,0,1,1.0,5,0.5573563948791754,3.0,-5.0,-2749.1312255859375,6097.420654296875,0.0,0.0,Opened,-2749.1312255859375,6097.420654296875,0.0,0.021989524062518903,8846.551879882812,0.0,0.0,0,0.0,8846.551879882812
2024-07-27,916.3770751953125,0.0,1219.484130859375,0.0,0.0,0.0,0.016974415922481955,0.021989524062518903,1,0,-1.0,5,,-3.0,5.0,2749.1312255859375,-6097.420654296875,0.0,0.0,Closed,2749.1312255859375,-6097.420654296875,0.0,0.021989524062518903,8846.551879882812,0.0,0.0,0,0.0,0.0
2024-07-28,916.3770751953125,0.0,1219.484130859375,0.0,0.0,0.0,0.016904250167973166,0.021978495909993703,1,0,0.0,5,,0.0,0.0,0.0,0.0,0.0,0.0,,0.0,0.0,0.0,0.021978495909993703,0.0,0.0,0.0,0,0.0,0.0
2024-07-29,936.2120361328125,0.021644977241789265,1214.5865478515625,-0.0040161104879332665,0.02566108772972253,0.02566108772972253,0.01700913011754075,0.021823610520958013,1,1,1.0,5,0.24071478462184728,-2.0,5.0,1872.424072265625,-6072.9327392578125,0.0,0.0,Opened,1872.424072265625,-6072.9327392578125,0.0,0.021823610520958013,7945.3568115234375,0.0,0.0,0,0.0,7945.3568115234375
2024-07-30,932.2450561523438,-0.004237266588512423,1229.2791748046875,0.012096813503421622,-0.016334080091934045,0.016334080091934045,0.01702105551674893,0.021842428295379406,0,0,-1.0,5,3.7644855288435153,2.0,-5.0,-1864.4901123046875,6146.3958740234375,7.9339599609375,73.463134765625,Closed,-1864.4901123046875,6146.3958740234375,81.3970947265625,0.021842428295379406,8010.885986328125,81.3970947265625,0.01016081053524914,0,81.3970947265625,0.0
2024-07-31,926.2945556640625,-0.006382978862704558,1194.9964599609375,-0.027888469557126427,0.02150549069442187,0.02150549069442187,0.016838232765483845,0.022077983055576123,1,0,0.0,5,5.636620334139528,0.0,0.0,0.0,0.0,0.0,0.0,,0.0,0.0,0.0,0.022077983055576123,0.0,0.0,0.0,0,0.0,0.0
2024-08-01,952.080078125,0.02783728167596955,1155.8162841796875,-0.032786855102927004,0.060624136778896554,0.060624136778896554,0.01703186133966288,0.022029124146556615,1,1,1.0,5,1.429842720000417,-8.0,5.0,7616.640625,-5779.0814208984375,0.0,0.0,Opened,7616.640625,-5779.0814208984375,0.0,0.022029124146556615,13395.722045898438,0.0,0.0,0,0.0,13395.722045898438
2024-08-02,895.55029296875,-0.0593750320535833,1067.6607666015625,-0.07627121955691363,0.01689618750333033,0.01689618750333033,0.01823693974944773,0.023519123697482817,1,1,0.0,5,1.5314405322958968,8.0,-5.0,-7164.40234375,5338.3038330078125,452.23828125,-440.777587890625,Live,0.0,0.0,0.0,0.023519123697482817,12502.706176757812,11.460693359375,0.0009166570178766669,0,0.0,0.0
2024-08-03,895.55029296875,0.0,1067.6607666015625,0.0,0.0,0.0,0.01823693974944773,0.023519123697482817,1,1,0.0,5,,8.0,-5.0,-7164.40234375,5338.3038330078125,452.23828125,-440.777587890625,Live,0.0,0.0,0.0,0.023519123697482817,12502.706176757812,11.460693359375,0.0009166570178766669,0,0.0,0.0
2024-08-04,895.55029296875,0.0,1067.6607666015625,0.0,0.0,0.0,0.0182272100985846,0.02351115768580884,1,1,0.0,5,,8.0,-5.0,-7164.40234375,5338.3038330078125,452.23828125,-440.777587890625,Live,0.0,0.0,0.0,0.02351115768580884,12502.706176757812,11.460693359375,0.0009166570178766669,0,0.0,0.0
2024-08-05,808.2763061523438,-0.09745291526519739,970.6897583007812,-0.09082567359803495,-0.006627241667162442,0.006627241667162442,0.020934469357213943,0.025408985601789027,0,0,-1.0,5,1.1192687834950492,8.0,-5.0,-6466.21044921875,4853.448791503906,1150.43017578125,-925.6326293945312,Closed,-6466.21044921875,4853.448791503906,224.79754638671875,0.025408985601789027,11319.659240722656,224.79754638671875,0.01985903829843269,0,224.79754638671875,0.0
2024-08-06,872.7400512695312,0.07975458964528581,1052.9681396484375,0.08476279948774446,-0.005008209842458644,0.005008209842458644,0.022540847669780355,0.026466439602775158,0,0,0.0,5,1.2822713263747259,0.0,0.0,0.0,0.0,0.0,0.0,,0.0,0.0,0.0,0.026466439602775158,0.0,0.0,0.0,0,0.0,0.0
2024-08-07,912.4100952148438,0.04545459313756317,1126.43115234375,0.06976755509415522,-0.02431296195659205,0.02431296195659205,0.022994463714512584,0.027458212723643363,0,0,0.0,5,1.8949174718057225,0.0,0.0,0.0,0.0,0.0,0.0,,0.0,0.0,0.0,0.027458212723643363,0.0,0.0,0.0,0,0.0,0.0
2024-08-08,888.6080322265625,-0.02608702283448172,1092.1484375,-0.030434807109532058,0.004347784275050337,0.004347784275050337,0.023174569137518572,0.027659327549431168,1,0,0.0,5,1.4338953933459346,0.0,0.0,0.0,0.0,0.0,0.0,,0.0,0.0,0.0,0.027659327549431168,0.0,0.0,0.0,0,0.0,0.0
2024-08-09,926.2945556640625,0.04241073912315407,1101.9434814453125,0.008968601344826244,0.03344213777832783,0.03344213777832783,0.02357064035891845,0.027672488286572136,1,1,1.0,5,0.251570137662441,-2.0,5.0,1852.589111328125,-5509.7174072265625,0.0,0.0,Opened,1852.589111328125,-5509.7174072265625,0.0,0.027672488286572136,7362.3065185546875,0.0,0.0,0,0.0,7362.3065185546875
2024-08-10,926.2945556640625,0.0,1101.9434814453125,0.0,0.0,0.0,0.02357064035891845,0.027672488286572136,1,1,0.0,5,,2.0,-5.0,-1852.589111328125,5509.7174072265625,0.0,0.0,Live,0.0,0.0,0.0,0.027672488286572136,7362.3065185546875,0.0,0.0,0,0.0,0.0
2024-08-11,926.2945556640625,0.0,1101.9434814453125,0.0,0.0,0.0,0.023482547955388167,0.02761076965116137,1,1,0.0,5,,2.0,-5.0,-1852.589111328125,5509.7174072265625,0.0,0.0,Live,0.0,0.0,0.0,0.02761076965116137,7362.3065185546875,0.0,0.0,0,0.0,0.0
2024-08-12,932.2450561523438,0.006423983010474865,1150.918701171875,0.04444440259524596,-0.03802041958477109,0.03802041958477109,0.02348034636154819,0.02774781492597038,0,0,-1.0,5,8.541364335737342,2.0,-5.0,-1864.4901123046875,5754.593505859375,-11.9010009765625,244.8760986328125,Closed,-1864.4901123046875,5754.593505859375,232.97509765625,0.02774781492597038,7619.0836181640625,232.97509765625,0.030577837090648572,0,232.97509765625,0.0
2024-08-13,933.23681640625,0.0010638407223091395,1136.2261962890625,-0.012765892906121401,0.01382973362843054,0.01382973362843054,0.023424441798196954,0.027784623092955308,1,0,0.0,5,14.609909333028803,0.0,0.0,0.0,0.0,0.0,0.0,,0.0,0.0,0.0,0.027784623092955308,0.0,0.0,0.0,0,0.0,0.0
2024-08-14,940.1790771484375,0.007438905774121762,1160.7137451171875,0.02155164958183664,-0.014112743807714878,0.014112743807714878,0.023432420504835974,0.027694925198998407,0,0,0.0,5,3.5767287416200766,0.0,0.0,0.0,0.0,0.0,0.0,,0.0,0.0,0.0,0.027694925198998407,0.0,0.0,0.0,0,0.0,0.0
2024-08-15,935.2203369140625,-0.005274250783600554,1131.32861328125,-0.025316433065045496,0.020042182281444942,0.020042182281444942,0.023425406057899962,0.027736338373122314,1,0,0.0,5,5.806528595534852,0.0,0.0,0.0,0.0,0.0,0.0,,0.0,0.0,0.0,0.027736338373122314,0.0,0.0,0.0,0,0.0,0.0
2024-08-16,961.005859375,0.027571601518014077,1204.79150390625,0.06493505932987209,-0.037363457811858014,0.037363457811858014,0.0235830897697014,0.028554985735461485,0,1,1.0,5,2.9525897593815738,15.0,-5.0,-14415.087890625,6023.95751953125,0.0,0.0,Opened,-14415.087890625,6023.95751953125,0.0,0.028554985735461485,20439.04541015625,0.0,0.0,0,0.0,20439.04541015625
2024-08-17,961.005859375,0.0,1204.79150390625,0.0,0.0,0.0,0.0235830897697014,0.028554985735461485,1,0,-1.0,5,,-15.0,5.0,14415.087890625,-6023.95751953125,0.0,0.0,Closed,14415.087890625,-6023.95751953125,0.0,0.028554985735461485,20439.04541015625,0.0,0.0,0,0.0,0.0
2024-08-18,961.005859375,0.0,1204.79150390625,0.0,0.0,0.0,0.0235830897697014,0.02847379966335091,1,0,0.0,5,,0.0,0.0,0.0,0.0,0.0,0.0,,0.0,0.0,0.0,0.02847379966335091,0.0,0.0,0.0,0,0.0,0.0
2024-08-19,964.9728393554688,0.0041279456745964005,1229.2791748046875,0.020325235378106488,-0.016197289703510087,0.016197289703510087,0.023577701264200526,0.02850844546815218,0,0,0.0,5,6.272447647402498,0.0,0.0,0.0,0.0,0.0,0.0,,0.0,0.0,0.0,0.02850844546815218,0.0,0.0,0.0,0,0.0,0.0
2024-08-20,964.9728393554688,0.0,1224.381591796875,-0.003984109637740096,0.003984109637740096,0.003984109637740096,0.02342229733278375,0.02850373027529381,1,0,0.0,5,inf,0.0,0.0,0.0,0.0,0.0,0.0,,0.0,0.0,0.0,0.02850373027529381,0.0,0.0,0.0,0,0.0,0.0
2024-08-21,950.0965576171875,-0.015416269900630053,1194.9964599609375,-0.02399997846489388,0.008583708564263826,0.008583708564263826,0.023460392448365983,0.028577282463784895,1,0,0.0,5,1.9580799528776052,0.0,0.0,0.0,0.0,0.0,0.0,,0.0,0.0,0.0,0.028577282463784895,0.0,0.0,0.0,0,0.0,0.0
2024-08-22,943.154296875,-0.007306900216119572,1204.79150390625,0.008196713775731723,-0.015503613991851295,0.015503613991851295,0.023451985358200617,0.028571283705446992,0,0,0.0,5,1.4329655249396294,0.0,0.0,0.0,0.0,0.0,0.0,,0.0,0.0,0.0,0.028571283705446992,0.0,0.0,0.0,0,0.0,0.0
2024-08-23,941.1707763671875,-0.0021030710609967196,1199.89404296875,-0.004064986283204286,0.0019619152222075664,0.0019619152222075664,0.02345438838741059,0.028576039771149888,1,0,0.0,5,2.464220695144549,0.0,0.0,0.0,0.0,0.0,0.0,,0.0,0.0,0.0,0.028576039771149888,0.0,0.0,0.0,0,0.0,0.0
2024-08-24,941.1707763671875,0.0,1199.89404296875,0.0,0.0,0.0,0.02345438838741059,0.028576039771149888,1,0,0.0,5,,0.0,0.0,0.0,0.0,0.0,0.0,,0.0,0.0,0.0,0.028576039771149888,0.0,0.0,0.0,0,0.0,0.0
2024-08-25,941.1707763671875,0.0,1199.89404296875,0.0,0.0,0.0,0.023454560333623704,0.027453730565492385,1,0,0.0,5,,0.0,0.0,0.0,0.0,0.0,0.0,,0.0,0.0,0.0,0.027453730565492385,0.0,0.0,0.0,0,0.0,0.0
2024-08-26,942.16259765625,0.0010538164953344253,1190.0989990234375,-0.008163257416528125,0.00921707391186255,0.00921707391186255,0.02344615174101995,0.027389044479115617,1,0,0.0,5,9.784885088122408,0.0,0.0,0.0,0.0,0.0,0.0,,0.0,0.0,0.0,0.027389044479115617,0.0,0.0,0.0,0,0.0,0.0
2024-08-27,934.228515625,-0.008421138825704833,1185.201416015625,-0.004115273613229942,-0.004305865212474891,0.004305865212474891,0.023442107936761894,0.027345411885722565,0,0,0.0,5,0.6199646558610148,0.0,0.0,0.0,0.0,0.0,0.0,,0.0,0.0,0.0,0.027345411885722565,0.0,0.0,0.0,0,0.0,0.0
2024-08-28,956.0470581054688,0.023354609836408358,1175.4063720703125,-0.008264455149101346,0.031619064985509704,0.031619064985509704,0.02341964249653444,0.027358947007974328,1,1,1.0,5,0.4350612287520572,-3.0,5.0,2868.1411743164062,-5877.0318603515625,0.0,0.0,Opened,2868.1411743164062,-5877.0318603515625,0.0,0.027358947007974328,8745.173034667969,0.0,0.0,0,0.0,8745.173034667969
2024-08-29,935.2203369140625,-0.021784200908140594,1224.381591796875,0.04166662772152541,-0.063450828629666,0.063450828629666,0.023436093819664237,0.027332567828940744,0,0,-1.0,5,2.5040878898255223,3.0,-5.0,-2805.6610107421875,6121.907958984375,62.48016357421875,244.8760986328125,Closed,-2805.6610107421875,6121.907958984375,307.35626220703125,0.027332567828940744,8927.568969726562,307.35626220703125,0.03442776675814862,0,307.35626220703125,0.0
2024-08-30,936.2120361328125,0.0010603909898092567,1214.5865478515625,-0.00799999282163133,0.009060383811440587,0.009060383811440587,0.023435416069410606,0.027348023300351708,1,0,0.0,5,9.787636120795247,0.0,0.0,0.0,0.0,0.0,0.0,,0.0,0.0,0.0,0.027348023300351708,0.0,0.0,0.0,0,0.0,0.0
2024-08-31,936.2120361328125,0.0,1214.5865478515625,0.0,0.0,0.0,0.023435416069410606,0.027348023300351708,1,0,0.0,5,,0.0,0.0,0.0,0.0,0.0,0.0,,0.0,0.0,0.0,0.027348023300351708,0.0,0.0,0.0,0,0.0,0.0
2024-09-01,936.2120361328125,0.0,1214.5865478515625,0.0,0.0,0.0,0.023237117254885514,0.02718838008147558,1,0,0.0,5,,0.0,0.0,0.0,0.0,0.0,0.0,,0.0,0.0,0.0,0.02718838008147558,0.0,0.0,0.0,0,0.0,0.0
2024-09-02,940.1790771484375,0.004237331782244169,1199.89404296875,-0.012096712999828285,0.016334044782072454,0.016334044782072454,0.023215213752177097,0.027101244950102327,1,0,0.0,5,3.6434030833779674,0.0,0.0,0.0,0.0,0.0,0.0,,0.0,0.0,0.0,0.027101244950102327,0.0,0.0,0.0,0,0.0,0.0
2024-09-03,932.2450561523438,-0.008438840204950782,1194.9964599609375,-0.004081679575385633,-0.004357160629565149,0.004357160629565149,0.02317446762307331,0.027090402322066408,0,0,0.0,5,0.620001406576442,0.0,0.0,0.0,0.0,0.0,0.0,,0.0,0.0,0.0,0.027090402322066408,0.0,0.0,0.0,0,0.0,0.0
2024-09-04,881.6658325195312,-0.054255287597413715,1111.738525390625,-0.06967211816931584,0.01541683057190213,0.01541683057190213,0.02339517209459945,0.027591872751137746,1,0,0.0,5,1.6192562763656078,0.0,0.0,0.0,0.0,0.0,0.0,,0.0,0.0,0.0,0.027591872751137746,0.0,0.0,0.0,0,0.0,0.0
2024-09-05,894.5585327148438,0.014623114245528868,1087.2508544921875,-0.022026466061193184,0.03664958030672205,0.03664958030672205,0.023372443168893923,0.027659403201112265,1,1,1.0,5,1.8307369471234651,-10.0,5.0,8945.585327148438,-5436.2542724609375,0.0,0.0,Opened,8945.585327148438,-5436.2542724609375,0.0,0.027659403201112265,14381.839599609375,0.0,0.0,0,0.0,14381.839599609375
2024-09-06,910.4265747070312,0.01773840549486505,1121.5335693359375,0.03153155934723273,-0.013793153852367679,0.013793153852367679,0.023441988136788185,0.02787005522125618,0,0,-1.0,5,2.189768587301824,10.0,-5.0,-9104.265747070312,5607.6678466796875,-158.680419921875,171.41357421875,Closed,-9104.265747070312,5607.6678466796875,12.733154296875,0.02787005522125618,14711.93359375,12.733154296875,0.0008654983531385952,0,12.733154296875,0.0
2024-09-07,910.4265747070312,0.0,1121.5335693359375,0.0,0.0,0.0,0.023441988136788185,0.02787005522125618,1,0,0.0,5,,0.0,0.0,0.0,0.0,0.0,0.0,,0.0,0.0,0.0,0.02787005522125618,0.0,0.0,0.0,0,0.0,0.0
2024-09-08,910.4265747070312,0.0,1121.5335693359375,0.0,0.0,0.0,0.023441988136788185,0.02787005522125618,1,0,0.0,5,,0.0,0.0,0.0,0.0,0.0,0.0,,0.0,0.0,0.0,0.02787005522125618,0.0,0.0,0.0,0,0.0,0.0
2024-09-09,891.5833129882812,-0.020697178929353632,1082.3533935546875,-0.034934465496604505,0.014237286567250873,0.014237286567250873,0.02354743626352212,0.028102744099286255,1,0,0.0,5,2.0490384135376103,0.0,0.0,0.0,0.0,0.0,0.0,,0.0,0.0,0.0,0.028102744099286255,0.0,0.0,0.0,0,0.0,0.0
2024-09-10,896.5420532226562,0.005561723915351147,1106.8409423828125,0.022624356309081772,-0.017062632393730626,0.017062632393730626,0.02335155905092658,0.028093151556830988,0,0,0.0,5,5.02205373482289,0.0,0.0,0.0,0.0,0.0,0.0,,0.0,0.0,0.0,0.028093151556830988,0.0,0.0,0.0,0,0.0,0.0
2024-09-11,893.5668334960938,-0.0033185501069000756,1087.2508544921875,-0.01769909942837078,0.014380549321470704,0.014380549321470704,0.023302024434190702,0.027241959641087964,1,0,0.0,5,6.489414375318494,0.0,0.0,0.0,0.0,0.0,0.0,,0.0,0.0,0.0,0.027241959641087964,0.0,0.0,0.0,0,0.0,0.0
2024-09-12,936.4022216796875,0.047937531450221504,1131.32861328125,0.04054056026440156,0.007396971185819945,0.007396971185819945,0.023840800449914747,0.027590743487597137,1,0,0.0,5,1.021740047309124,0.0,0.0,0.0,0.0,0.0,0.0,,0.0,0.0,0.0,0.027590743487597137,0.0,0.0,0.0,0,0.0,0.0
2024-09-13,943.37548828125,0.007446871056173032,1101.9434814453125,-0.025974002151956777,0.03342087320812981,0.03342087320812981,0.023851796804472004,0.027710714683453284,1,1,1.0,5,4.0741758538172155,-21.0,5.0,19810.88525390625,-5509.7174072265625,0.0,0.0,Opened,19810.88525390625,-5509.7174072265625,0.0,0.027710714683453284,25320.602661132812,0.0,0.0,0,0.0,25320.602661132812
2024-09-14,943.37548828125,0.0,1101.9434814453125,0.0,0.0,0.0,0.023851796804472004,0.027710714683453284,1,1,0.0,5,,21.0,-5.0,-19810.88525390625,5509.7174072265625,0.0,0.0,Live,0.0,0.0,0.0,0.027710714683453284,25320.602661132812,0.0,0.0,0,0.0,0.0
2024-09-15,943.37548828125,0.0,1101.9434814453125,0.0,0.0,0.0,0.02385119429034846,0.027694702596352292,1,1,0.0,5,,21.0,-5.0,-19810.88525390625,5509.7174072265625,0.0,0.0,Live,0.0,0.0,0.0,0.027694702596352292,25320.602661132812,0.0,0.0,0,0.0,0.0
2024-09-16,943.37548828125,0.0,1106.8409423828125,0.004444384870879725,-0.004444384870879725,0.004444384870879725,0.023722187659263566,0.027622494694756722,0,0,-1.0,5,inf,21.0,-5.0,-19810.88525390625,5534.2047119140625,0.0,24.4873046875,Closed,-19810.88525390625,5534.2047119140625,24.4873046875,0.027622494694756722,25345.089965820312,24.4873046875,0.0009661557611562201,0,24.4873046875,0.0
2024-09-17,943.37548828125,0.0,1106.8409423828125,0.0,0.0,0.0,0.023337435700177826,0.026904830383649547,1,0,0.0,5,,0.0,0.0,0.0,0.0,0.0,0.0,,0.0,0.0,0.0,0.026904830383649547,0.0,0.0,0.0,0,0.0,0.0
2024-09-18,937.3984375,-0.006335813104641597,1082.3533935546875,-0.02212381914189776,0.015788006037256164,0.015788006037256164,0.023346775745770303,0.02695058423988993,1,0,0.0,5,4.031833597695539,0.0,0.0,0.0,0.0,0.0,0.0,,0.0,0.0,0.0,0.02695058423988993,0.0,0.0,0.0,0,0.0,0.0
2024-09-19,956.32568359375,0.020191249885404217,1097.0458984375,0.013574591228987742,0.006616658656416474,0.006616658656416474,0.02341401392226508,0.02700225813908247,1,0,0.0,5,0.7712275504919702,0.0,0.0,0.0,0.0,0.0,0.0,,0.0,0.0,0.0,0.02700225813908247,0.0,0.0,0.0,0,0.0,0.0
2024-09-20,969.2759399414062,0.013541679963033904,1101.9434814453125,0.0044643373762101035,0.0090773425868238,0.0090773425868238,0.023456132953183658,0.02701111811647167,1,0,0.0,5,0.37479721004850014,0.0,0.0,0.0,0.0,0.0,0.0,,0.0,0.0,0.0,0.02701111811647167,0.0,0.0,0.0,0,0.0,0.0
2024-09-21,969.2759399414062,0.0,1101.9434814453125,0.0,0.0,0.0,0.023456132953183658,0.02701111811647167,1,0,0.0,5,,0.0,0.0,0.0,0.0,0.0,0.0,,0.0,0.0,0.0,0.02701111811647167,0.0,0.0,0.0,0,0.0,0.0
2024-09-22,969.2759399414062,0.0,1101.9434814453125,0.0,0.0,0.0,0.023217963918076897,0.02645528932094427,1,0,0.0,5,,0.0,0.0,0.0,0.0,0.0,0.0,,0.0,0.0,0.0,0.02645528932094427,0.0,0.0,0.0,0,0.0,0.0
2024-09-23,973.2606201171875,0.004110986367847014,1121.5335693359375,0.017777761038098472,-0.013666774670251458,0.013666774670251458,0.023215613834585452,0.02648156357379557,0,0,0.0,5,4.9832669599163735,0.0,0.0,0.0,0.0,0.0,0.0,,0.0,0.0,0.0,0.02648156357379557,0.0,0.0,0.0,0,0.0,0.0
2024-09-24,983.2223510742188,0.01023541973354658,1170.5087890625,0.04366808187075555,-0.03343266213720897,0.03343266213720897,0.023181765022712783,0.026856082558447954,0,1,1.0,5,5.079037220435914,26.0,-5.0,-25563.781127929688,5852.5439453125,0.0,0.0,Opened,-25563.781127929688,5852.5439453125,0.0,0.026856082558447954,31416.325073242188,0.0,0.0,0,0.0,31416.325073242188
2024-09-25,1001.1534423828125,0.018237066406193048,1199.89404296875,0.025104684544731803,-0.006867618138538756,0.006867618138538756,0.023255815994395603,0.02699071639745861,0,1,0.0,5,1.6498408074830855,-26.0,5.0,26029.989501953125,-5999.47021484375,466.2083740234375,-146.92626953125,Live,0.0,0.0,0.0,0.02699071639745861,32029.459716796875,319.2821044921875,0.009968388705749842,0,0.0,0.0
2024-09-26,1011.1151733398438,0.00995025391244897,1243.9716796875,0.03673460750725477,-0.0267843535948058,0.0267843535948058,0.023268774664191444,0.027276448811963023,0,1,0.0,5,4.542041586642766,-26.0,5.0,26288.994506835938,-6219.8583984375,725.21337890625,-367.314453125,Live,0.0,0.0,0.0,0.027276448811963023,32508.852905273438,357.89892578125,0.011009275744798527,0,0.0,0.0
2024-09-27,996.172607421875,-0.014778302523748676,1234.1766357421875,-0.00787400879397282,-0.006904293729775857,0.006904293729775857,0.023327054830135512,0.027287546715004538,0,1,0.0,5,0.6601065892089235,-26.0,5.0,25900.48779296875,-6170.8831787109375,336.7066650390625,-318.3392333984375,Live,0.0,0.0,0.0,0.027287546715004538,32071.370971679688,18.367431640625,0.0005727049104587447,0,0.0,0.0
2024-09-28,996.172607421875,0.0,1234.1766357421875,0.0,0.0,0.0,0.023327054830135512,0.027287546715004538,1,0,-1.0,5,,-26.0,5.0,25900.48779296875,-6170.8831787109375,336.7066650390625,-318.3392333984375,Closed,25900.48779296875,-6170.8831787109375,18.367431640625,0.027287546715004538,32071.370971679688,18.367431640625,0.0005727049104587447,0,18.367431640625,0.0
2024-09-29,996.172607421875,0.0,1234.1766357421875,0.0,0.0,0.0,0.023326715017092887,0.027261173099385298,1,0,0.0,5,,0.0,0.0,0.0,0.0,0.0,0.0,,0.0,0.0,0.0,0.027261173099385298,0.0,0.0,0.0,0,0.0,0.0
2024-09-30,953.337158203125,-0.04300002720372875,1150.918701171875,-0.06746030686299964,0.02446027965927089,0.02446027965927089,0.023759754936868847,0.028154597515902335,1,0,0.0,5,1.8939901154491072,0.0,0.0,0.0,0.0,0.0,0.0,,0.0,0.0,0.0,0.028154597515902335,0.0,0.0,0.0,0,0.0,0.0
2024-10-01,968.27978515625,0.01567402133080531,1185.201416015625,0.02978726021989475,-0.014113238889089441,0.014113238889089441,0.02372573488926386,0.028344494999727396,0,0,0.0,5,2.326169850149144,0.0,0.0,0.0,0.0,0.0,0.0,,0.0,0.0,0.0,0.028344494999727396,0.0,0.0,0.0,0,0.0,0.0
2024-10-02,968.27978515625,0.0,1185.201416015625,0.0,0.0,0.0,0.023559446095399044,0.02834435866120914,1,0,0.0,5,,0.0,0.0,0.0,0.0,0.0,0.0,,0.0,0.0,0.0,0.02834435866120914,0.0,0.0,0.0,0,0.0,0.0
2024-10-03,968.27978515625,0.0,1185.201416015625,0.0,0.0,0.0,0.023559446095399044,0.028285404022194042,1,0,0.0,5,,0.0,0.0,0.0,0.0,0.0,0.0,,0.0,0.0,0.0,0.028285404022194042,0.0,0.0,0.0,0,0.0,0.0
2024-10-04,973.2606201171875,0.005144003868813307,1204.79150390625,0.016528910298202693,-0.011384906429389385,0.011384906429389385,0.02356579258445153,0.028344378588583206,0,0,0.0,5,3.977641893577869,0.0,0.0,0.0,0.0,0.0,0.0,,0.0,0.0,0.0,0.028344378588583206,0.0,0.0,0.0,0,0.0,0.0
2024-10-05,973.2606201171875,0.0,1204.79150390625,0.0,0.0,0.0,0.02356579258445153,0.028344378588583206,1,0,0.0,5,,0.0,0.0,0.0,0.0,0.0,0.0,,0.0,0.0,0.0,0.028344378588583206,0.0,0.0,0.0,0,0.0,0.0
2024-10-06,973.2606201171875,0.0,1204.79150390625,0.0,0.0,0.0,0.023350208945098185,0.02778702818011053,1,0,0.0,5,,0.0,0.0,0.0,0.0,0.0,0.0,,0.0,0.0,0.0,0.02778702818011053,0.0,0.0,0.0,0,0.0,0.0
2024-10-07,1001.1534423828125,0.028659150169115577,1224.381591796875,0.016260147774207256,0.01239900239490832,0.01239900239490832,0.023543539297361485,0.02767367259642105,1,0,0.0,5,0.6938687470224416,0.0,0.0,0.0,0.0,0.0,0.0,,0.0,0.0,0.0,0.02767367259642105,0.0,0.0,0.0,0,0.0,0.0
2024-10-08,1006.1343383789062,0.004975157438642963,1199.89404296875,-0.019999932204295523,0.024975089642938486,0.024975089642938486,0.023543934458948063,0.027693756565916335,1,0,0.0,5,4.794116913345227,0.0,0.0,0.0,0.0,0.0,0.0,,0.0,0.0,0.0,0.027693756565916335,0.0,0.0,0.0,0,0.0,0.0
2024-10-09,1016.0960693359375,0.009900994904002314,1219.484130859375,0.01632651483305625,-0.0064255199290539355,0.0064255199290539355,0.023296293287982835,0.02773895630859584,0,0,0.0,5,1.979046652824441,0.0,0.0,0.0,0.0,0.0,0.0,,0.0,0.0,0.0,0.02773895630859584,0.0,0.0,0.0,0,0.0,0.0
2024-10-10,1016.0960693359375,0.0,1219.484130859375,0.0,0.0,0.0,0.022965071666818267,0.02738959772455226,1,0,0.0,5,,0.0,0.0,0.0,0.0,0.0,0.0,,0.0,0.0,0.0,0.02738959772455226,0.0,0.0,0.0,0,0.0,0.0
2024-10-11,1041.0003662109375,0.024509785665518757,1273.35693359375,0.04417671486746655,-0.01966692920194779,0.01966692920194779,0.023108775885416086,0.027793494734676003,0,0,0.0,5,2.2047186649901334,0.0,0.0,0.0,0.0,0.0,0.0,,0.0,0.0,0.0,0.027793494734676003,0.0,0.0,0.0,0,0.0,0.0
2024-10-12,1041.0003662109375,0.0,1273.35693359375,0.0,0.0,0.0,0.023108775885416086,0.027793494734676003,1,0,0.0,5,,0.0,0.0,0.0,0.0,0.0,0.0,,0.0,0.0,0.0,0.027793494734676003,0.0,0.0,0.0,0,0.0,0.0
2024-10-13,1041.0003662109375,0.0,1273.35693359375,0.0,0.0,0.0,0.023108775885416086,0.027790907011034347,1,0,0.0,5,,0.0,0.0,0.0,0.0,0.0,0.0,,0.0,0.0,0.0,0.027790907011034347,0.0,0.0,0.0,0,0.0,0.0
2024-10-14,1041.0003662109375,0.0,1263.5618896484375,-0.007692300318079992,0.007692300318079992,0.007692300318079992,0.023060185271975647,0.02779184816071462,1,0,0.0,5,inf,0.0,0.0,0.0,0.0,0.0,0.0,,0.0,0.0,0.0,0.02779184816071462,0.0,0.0,0.0,0,0.0,0.0
2024-10-15,1065.9046630859375,0.023923427583073087,1273.35693359375,0.007751930495496273,0.016171497087576814,0.016171497087576814,0.023051810956098227,0.027758863405825784,1,0,0.0,5,0.38709562503509803,0.0,0.0,0.0,0.0,0.0,0.0,,0.0,0.0,0.0,0.027758863405825784,0.0,0.0,0.0,0,0.0,0.0
2024-10-16,1041.0003662109375,-0.02336446939156711,1248.8692626953125,-0.019230798727680187,-0.004133670663886924,0.004133670663886924,0.023040945119639066,0.02759830043950064,0,0,0.0,5,0.987432675289977,0.0,0.0,0.0,0.0,0.0,0.0,,0.0,0.0,0.0,0.02759830043950064,0.0,0.0,0.0,0,0.0,0.0
2024-10-17,1031.0386962890625,-0.00956932412822653,1248.8692626953125,0.0,-0.00956932412822653,0.00956932412822653,0.022754822542292018,0.027545870211363493,0,0,0.0,5,0.0,0.0,0.0,0.0,0.0,0.0,0.0,,0.0,0.0,0.0,0.027545870211363493,0.0,0.0,0.0,0,0.0,0.0
2024-10-18,1080.8472900390625,0.04830914099468053,1278.25439453125,0.02352938991589748,0.024779751078783052,0.024779751078783052,0.023293671203583825,0.027652443057677726,1,0,0.0,5,0.5760156829618882,0.0,0.0,0.0,0.0,0.0,0.0,,0.0,0.0,0.0,0.027652443057677726,0.0,0.0,0.0,0,0.0,0.0
2024-10-19,1080.8472900390625,0.0,1278.25439453125,0.0,0.0,0.0,0.023293671203583825,0.027652443057677726,1,0,0.0,5,,0.0,0.0,0.0,0.0,0.0,0.0,,0.0,0.0,0.0,0.027652443057677726,0.0,0.0,0.0,0,0.0,0.0
2024-10-20,1080.8472900390625,0.0,1278.25439453125,0.0,0.0,0.0,0.023018835700085654,0.027484742058163085,1,0,0.0,5,,0.0,0.0,0.0,0.0,0.0,0.0,,0.0,0.0,0.0,0.027484742058163085,0.0,0.0,0.0,0,0.0,0.0
2024-10-21,1080.8472900390625,0.0,1302.7420654296875,0.019157118491595293,-0.019157118491595293,0.019157118491595293,0.022607310330885796,0.02722649802768959,0,0,0.0,5,inf,0.0,0.0,0.0,0.0,0.0,0.0,,0.0,0.0,0.0,0.02722649802768959,0.0,0.0,0.0,0,0.0,0.0
2024-10-22,1070.885498046875,-0.009216650755378697,1283.1519775390625,-0.01503757989434662,0.005820929138967923,0.005820929138967923,0.02263480173412199,0.0272777906598299,1,0,0.0,5,1.95496900736536,0.0,0.0,0.0,0.0,0.0,0.0,,0.0,0.0,0.0,0.0272777906598299,0.0,0.0,0.0,0,0.0,0.0
2024-10-23,1055.9429931640625,-0.013953410434696556,1273.35693359375,-0.0076335805241856125,-0.0063198299105109434,0.0063198299105109434,0.022691837776533632,0.027291764095939693,0,0,0.0,5,0.6597168958869974,0.0,0.0,0.0,0.0,0.0,0.0,,0.0,0.0,0.0,0.027291764095939693,0.0,0.0,0.0,0,0.0,0.0
2024-10-24,1055.9429931640625,0.0,1243.9716796875,-0.023076996819200613,0.023076996819200613,0.023076996819200613,0.02185314313580173,0.027287313933692055,1,0,0.0,5,inf,0.0,0.0,0.0,0.0,0.0,0.0,,0.0,0.0,0.0,0.027287313933692055,0.0,0.0,0.0,0,0.0,0.0
2024-10-25,1060.923828125,0.004716954412484764,1288.0494384765625,0.035433088637625065,-0.0307161342251403,0.0307161342251403,0.021854398002698852,0.0275331979072115,0,1,1.0,5,9.12001726741614,46.0,-5.0,-48802.49609375,6440.2471923828125,0.0,0.0,Opened,-48802.49609375,6440.2471923828125,0.0,0.0275331979072115,55242.74328613281,0.0,0.0,0,0.0,55242.74328613281
2024-10-26,1060.923828125,0.0,1288.0494384765625,0.0,0.0,0.0,0.021854398002698852,0.0275331979072115,1,0,-1.0,5,,-46.0,5.0,48802.49609375,-6440.2471923828125,0.0,0.0,Closed,48802.49609375,-6440.2471923828125,0.0,0.0275331979072115,55242.74328613281,0.0,0.0,0,0.0,0.0
2024-10-27,1060.923828125,0.0,1288.0494384765625,0.0,0.0,0.0,0.021753168943540298,0.02752825604936382,1,0,0.0,5,,0.0,0.0,0.0,0.0,0.0,0.0,,0.0,0.0,0.0,0.02752825604936382,0.0,0.0,0.0,0,0.0,0.0
2024-10-28,1045.981201171875,-0.014084542694769664,1307.6395263671875,0.015209111782071849,-0.029293654476841513,0.029293654476841513,0.02180769181668596,0.02754426550899172,0,1,1.0,5,1.3499735565920605,7.0,-5.0,-7321.868408203125,6538.1976318359375,0.0,0.0,Opened,-7321.868408203125,6538.1976318359375,0.0,0.02754426550899172,13860.066040039062,0.0,0.0,0,0.0,13860.066040039062
2024-10-29,1036.01953125,-0.00952375617335599,1273.35693359375,-0.026217158538086927,0.016693402364730936,0.016693402364730936,0.021822983899224917,0.02752508346642907,1,0,-1.0,5,3.383448471511532,-7.0,5.0,7252.13671875,-6366.78466796875,-69.731689453125,171.4129638671875,Closed,7252.13671875,-6366.78466796875,101.6812744140625,0.02752508346642907,13618.92138671875,101.6812744140625,0.007466176764425901,0,101.6812744140625,0.0
2024-10-30,1026.0577392578125,-0.009615448060296905,1263.5618896484375,-0.007692300318079992,-0.001923147742216913,0.001923147742216913,0.021671343257819276,0.027304351898023167,0,0,0.0,5,0.985170555402621,0.0,0.0,0.0,0.0,0.0,0.0,,0.0,0.0,0.0,0.027304351898023167,0.0,0.0,0.0,0,0.0,0.0
2024-10-31,1026.0577392578125,0.0,1263.5618896484375,0.0,0.0,0.0,0.020692343760026696,0.026021247191329845,1,0,0.0,5,,0.0,0.0,0.0,0.0,0.0,0.0,,0.0,0.0,0.0,0.026021247191329845,0.0,0.0,0.0,0,0.0,0.0
2024-11-01,1021.076904296875,-0.004854341788348426,1263.5618896484375,0.0,-0.004854341788348426,0.004854341788348426,0.020703217259237162,0.026021247191329845,0,0,0.0,5,0.0,0.0,0.0,0.0,0.0,0.0,0.0,,0.0,0.0,0.0,0.026021247191329845,0.0,0.0,0.0,0,0.0,0.0
2024-11-02,1021.076904296875,0.0,1263.5618896484375,0.0,0.0,0.0,0.020703217259237162,0.026021247191329845,1,0,0.0,5,,0.0,0.0,0.0,0.0,0.0,0.0,,0.0,0.0,0.0,0.026021247191329845,0.0,0.0,0.0,0,0.0,0.0
2024-11-03,1021.076904296875,0.0,1263.5618896484375,0.0,0.0,0.0,0.017806378286277763,0.024059895241965692,1,0,0.0,5,,0.0,0.0,0.0,0.0,0.0,0.0,,0.0,0.0,0.0,0.024059895241965692,0.0,0.0,0.0,0,0.0,0.0
2024-11-04,1036.01953125,0.014634183664564038,1268.4593505859375,0.0038759169436983765,0.010758266720865661,0.010758266720865661,0.015858935202708584,0.022435515088025656,1,0,0.0,5,0.32427582441975683,0.0,0.0,0.0,0.0,0.0,0.0,,0.0,0.0,0.0,0.022435515088025656,0.0,0.0,0.0,0,0.0,0.0
2024-11-05,1045.981201171875,0.00961533023403116,1263.5618896484375,-0.003860952213594948,0.013476282447626109,0.013476282447626109,0.015192282332018784,0.021260035478350113,1,0,0.0,5,0.48506826388631974,0.0,0.0,0.0,0.0,0.0,0.0,,0.0,0.0,0.0,0.021260035478350113,0.0,0.0,0.0,0,0.0,0.0
2024-11-06,1055.9429931640625,0.009523872877473138,1278.25439453125,0.01162784743919465,-0.002103974561721511,0.002103974561721511,0.014923569935490542,0.021010971968035554,0,0,0.0,5,1.4779595799755307,0.0,0.0,0.0,0.0,0.0,0.0,,0.0,0.0,0.0,0.021010971968035554,0.0,0.0,0.0,0,0.0,0.0
2024-11-07,1060.923828125,0.004716954412484764,1278.25439453125,0.0,0.004716954412484764,0.004716954412484764,0.01429315450604191,0.02099866300694603,1,0,0.0,5,0.0,0.0,0.0,0.0,0.0,0.0,0.0,,0.0,0.0,0.0,0.02099866300694603,0.0,0.0,0.0,0,0.0,0.0
2024-11-08,1085.828125,0.02347416111768741,1253.766845703125,-0.019157022993928297,0.042631184111615705,0.042631184111615705,0.014476450285798264,0.021114592835298734,1,1,1.0,5,0.9423096403094241,-5.0,5.0,5429.140625,-6268.834228515625,0.0,0.0,Opened,5429.140625,-6268.834228515625,0.0,0.021114592835298734,11697.974853515625,0.0,0.0,0,0.0,11697.974853515625
2024-11-09,1085.828125,0.0,1253.766845703125,0.0,0.0,0.0,0.014476450285798264,0.021114592835298734,1,1,0.0,5,,5.0,-5.0,-5429.140625,6268.834228515625,0.0,0.0,Live,0.0,0.0,0.0,0.021114592835298734,11697.974853515625,0.0,0.0,0,0.0,0.0
2024-11-10,1085.828125,0.0,1253.766845703125,0.0,0.0,0.0,0.014469583536832253,0.020616470126387437,1,1,0.0,5,,5.0,-5.0,-5429.140625,6268.834228515625,0.0,0.0,Live,0.0,0.0,0.0,0.020616470126387437,11697.974853515625,0.0,0.0,0,0.0,0.0
2024-11-11,1080.8472900390625,-0.004587130178579146,1268.4593505859375,0.011718689908866375,-0.01630582008744552,0.01630582008744552,0.014485063836405824,0.020592146598109737,0,0,-1.0,5,2.9981282976769004,5.0,-5.0,-5404.2364501953125,6342.2967529296875,24.9041748046875,73.4625244140625,Closed,-5404.2364501953125,6342.2967529296875,98.36669921875,0.020592146598109737,11746.533203125,98.36669921875,0.008374104726710425,0,98.36669921875,0.0
2024-11-12,1045.981201171875,-0.03225810823463082,1239.07421875,-0.02316600198686991,-0.009092106247760912,0.009092106247760912,0.014907707381814647,0.02064071555922195,0,0,0.0,5,0.8507180274844603,0.0,0.0,0.0,0.0,0.0,0.0,,0.0,0.0,0.0,0.02064071555922195,0.0,0.0,0.0,0,0.0,0.0
2024-11-13,1031.0386962890625,-0.014285634260034041,1229.2791748046875,-0.007905130941384564,-0.0063805033186494775,0.0063805033186494775,0.01498240378864405,0.020472795234813636,0,0,0.0,5,0.6597586606798329,0.0,0.0,0.0,0.0,0.0,0.0,,0.0,0.0,0.0,0.020472795234813636,0.0,0.0,0.0,0,0.0,0.0
2024-11-14,1031.0386962890625,0.0,1209.6890869140625,-0.01593623994625759,0.01593623994625759,0.01593623994625759,0.014716544895217194,0.019386856431195924,1,0,0.0,5,inf,0.0,0.0,0.0,0.0,0.0,0.0,,0.0,0.0,0.0,0.019386856431195924,0.0,0.0,0.0,0,0.0,0.0
2024-11-15,1031.0386962890625,0.0,1243.9716796875,0.028340003348209963,-0.028340003348209963,0.028340003348209963,0.014716544895217194,0.019611891706113826,0,0,0.0,5,inf,0.0,0.0,0.0,0.0,0.0,0.0,,0.0,0.0,0.0,0.019611891706113826,0.0,0.0,0.0,0,0.0,0.0
2024-11-16,1031.0386962890625,0.0,1243.9716796875,0.0,0.0,0.0,0.014716544895217194,0.019611891706113826,1,0,0.0,5,,0.0,0.0,0.0,0.0,0.0,0.0,,0.0,0.0,0.0,0.019611891706113826,0.0,0.0,0.0,0,0.0,0.0
2024-11-17,1031.0386962890625,0.0,1243.9716796875,0.0,0.0,0.0,0.014712769279773509,0.01949827801760308,1,0,0.0,5,,0.0,0.0,0.0,0.0,0.0,0.0,,0.0,0.0,0.0,0.01949827801760308,0.0,0.0,0.0,0,0.0,0.0
2024-11-18,1021.076904296875,-0.009661899236218963,1214.5865478515625,-0.02362202638191846,0.013960127145699497,0.013960127145699497,0.014754182702148995,0.019656240007312715,1,0,0.0,5,2.9082026112787736,0.0,0.0,0.0,0.0,0.0,0.0,,0.0,0.0,0.0,0.019656240007312715,0.0,0.0,0.0,0,0.0,0.0
2024-11-19,1036.01953125,0.014634183664564038,1258.664306640625,0.03629034000667142,-0.02165615634210738,0.02165615634210738,0.0147245435436027,0.019851955039262147,0,1,1.0,5,3.0127598121404207,16.0,-5.0,-16576.3125,6293.321533203125,0.0,0.0,Opened,-16576.3125,6293.321533203125,0.0,0.019851955039262147,22869.634033203125,0.0,0.0,0,0.0,22869.634033203125
2024-11-20,1021.076904296875,-0.014423113177312485,1248.8692626953125,-0.0077820939972910175,-0.006641019180021468,0.006641019180021468,0.014788996120411416,0.019856266986849096,0,1,0.0,5,0.6599271326964833,-16.0,5.0,16337.23046875,-6244.3463134765625,-239.08203125,48.9752197265625,Live,0.0,0.0,0.0,0.019856266986849096,22581.576782226562,-190.1068115234375,-0.008418668605686835,0,0.0,0.0
2024-11-21,1006.1343383789062,-0.014634123889285644,1239.07421875,-0.007843129971965901,-0.006790993917319743,0.006790993917319743,0.014877175302299702,0.019870219356403963,0,1,0.0,5,0.6600305445600494,-16.0,5.0,16098.1494140625,-6195.37109375,-478.1630859375,97.950439453125,Live,0.0,0.0,0.0,0.019870219356403963,22293.5205078125,-380.212646484375,-0.017054849921578515,0,0.0,0.0
2024-11-22,1036.01953125,0.02970298471200672,1283.1519775390625,0.03557313849490695,-0.005870153782900234,0.005870153782900234,0.0151843665289361,0.020209991834100893,0,1,0.0,5,1.4833110983237578,-16.0,5.0,16576.3125,-6415.7598876953125,0.0,-122.4383544921875,Live,0.0,0.0,0.0,0.020209991834100893,22992.072387695312,-122.4383544921875,-0.005325242215125981,0,0.0,0.0
2024-11-23,1036.01953125,0.0,1283.1519775390625,0.0,0.0,0.0,0.0151843665289361,0.020209991834100893,1,0,-1.0,5,,-16.0,5.0,16576.3125,-6415.7598876953125,0.0,-122.4383544921875,Closed,16576.3125,-6415.7598876953125,-122.4383544921875,0.020209991834100893,22992.072387695312,-122.4383544921875,-0.005325242215125981,0,-122.4383544921875,0.0
2024-11-24,1036.01953125,0.0,1283.1519775390625,0.0,0.0,0.0,0.015184872386771502,0.02018694319483039,1,0,0.0,5,,0.0,0.0,0.0,0.0,0.0,0.0,,0.0,0.0,0.0,0.02018694319483039,0.0,0.0,0.0,0,0.0,0.0
2024-11-25,1026.0577392578125,-0.009615448060296905,1253.766845703125,-0.02290074157255695,0.013285293512260044,0.013285293512260044,0.015193867277759534,0.02033739709758173,1,0,0.0,5,2.9102145012590523,0.0,0.0,0.0,0.0,0.0,0.0,,0.0,0.0,0.0,0.02033739709758173,0.0,0.0,0.0,0,0.0,0.0
2024-11-26,1006.1343383789062,-0.019417426638502433,1253.766845703125,0.0,-0.019417426638502433,0.019417426638502433,0.015160628401918274,0.02031451455366518,0,0,0.0,5,0.0,0.0,0.0,0.0,0.0,0.0,0.0,,0.0,0.0,0.0,0.02031451455366518,0.0,0.0,0.0,0,0.0,0.0
2024-11-27,996.172607421875,-0.009900994904002314,1224.381591796875,-0.02343757454343154,0.013536579639429225,0.013536579639429225,0.015013811008494386,0.020004129934164953,1,0,0.0,5,2.909484349787503,0.0,0.0,0.0,0.0,0.0,0.0,,0.0,0.0,0.0,0.020004129934164953,0.0,0.0,0.0,0,0.0,0.0
2024-11-28,1001.1534423828125,0.004999971815956794,1229.2791748046875,0.0040000462605982445,0.0009999255553585495,0.0009999255553585495,0.015020281094831936,0.019988852715199037,1,0,0.0,5,0.9823072219635389,0.0,0.0,0.0,0.0,0.0,0.0,,0.0,0.0,0.0,0.019988852715199037,0.0,0.0,0.0,0,0.0,0.0
2024-11-29,992.1879272460938,-0.008955185845818225,1229.2791748046875,0.0,-0.008955185845818225,0.008955185845818225,0.015055642798115046,0.019988852715199037,0,0,0.0,5,0.0,0.0,0.0,0.0,0.0,0.0,0.0,,0.0,0.0,0.0,0.019988852715199037,0.0,0.0,0.0,0,0.0,0.0
2024-11-30,992.1879272460938,0.0,1229.2791748046875,0.0,0.0,0.0,0.015055642798115046,0.019988852715199037,1,0,0.0,5,,0.0,0.0,0.0,0.0,0.0,0.0,,0.0,0.0,0.0,0.019988852715199037,0.0,0.0,0.0,0,0.0,0.0
2024-12-01,992.1879272460938,0.0,1229.2791748046875,0.0,0.0,0.0,0.015051263510010392,0.01994496028871124,1,0,0.0,5,,0.0,0.0,0.0,0.0,0.0,0.0,,0.0,0.0,0.0,0.01994496028871124,0.0,0.0,0.0,0,0.0,0.0
2024-12-02,1031.0386962890625,0.03915666374897597,1283.1519775390625,0.04382470950338391,-0.004668045754407935,0.004668045754407935,0.015553942270188524,0.020454950769755915,0,0,0.0,5,1.39288896158737,0.0,0.0,0.0,0.0,0.0,0.0,,0.0,0.0,0.0,0.020454950769755915,0.0,0.0,0.0,0,0.0,0.0
2024-12-03,1050.962158203125,0.0193236800769665,1288.0494384765625,0.0038167426955089123,0.015506937381457586,0.015506937381457586,0.014502449927054102,0.019018487647435394,1,0,0.0,5,0.24207419610517894,0.0,0.0,0.0,0.0,0.0,0.0,,0.0,0.0,0.0,0.019018487647435394,0.0,0.0,0.0,0,0.0,0.0
2024-12-04,1065.9046630859375,0.014217928558303505,1292.947021484375,0.0038023253312426952,0.01041560322706081,0.01041560322706081,0.01449856746905565,0.018848790181395927,1,0,0.0,5,0.3243958674837208,0.0,0.0,0.0,0.0,0.0,0.0,,0.0,0.0,0.0,0.018848790181395927,0.0,0.0,0.0,0,0.0,0.0
2024-12-05,1070.885498046875,0.00467287097376734,1297.844482421875,0.0037878280054177704,0.0008850429683495697,0.0008850429683495697,0.014404849078435917,0.018587137485229284,1,0,0.0,5,0.9823948540137126,0.0,0.0,0.0,0.0,0.0,0.0,,0.0,0.0,0.0,0.018587137485229284,0.0,0.0,0.0,0,0.0,0.0
2024-12-06,1060.923828125,-0.009302273623131074,1278.25439453125,-0.015094326135338232,0.0057920525122071576,0.0057920525122071576,0.01445198346800249,0.018671418540069287,1,0,0.0,5,1.9550492854570884,0.0,0.0,0.0,0.0,0.0,0.0,,0.0,0.0,0.0,0.018671418540069287,0.0,0.0,0.0,0,0.0,0.0
2024-12-07,1060.923828125,0.0,1278.25439453125,0.0,0.0,0.0,0.01445198346800249,0.018671418540069287,1,0,0.0,5,,0.0,0.0,0.0,0.0,0.0,0.0,,0.0,0.0,0.0,0.018671418540069287,0.0,0.0,0.0,0,0.0,0.0
2024-12-08,1060.923828125,0.0,1278.25439453125,0.0,0.0,0.0,0.014253216890563865,0.01826143362865357,1,0,0.0,5,,0.0,0.0,0.0,0.0,0.0,0.0,,0.0,0.0,0.0,0.01826143362865357,0.0,0.0,0.0,0,0.0,0.0
2024-12-09,1070.885498046875,0.009389618422917856,1297.844482421875,0.01532565659420948,-0.005936038171291624,0.005936038171291624,0.014269564552148607,0.018184927020592056,0,0,0.0,5,1.9781114829572142,0.0,0.0,0.0,0.0,0.0,0.0,,0.0,0.0,0.0,0.018184927020592056,0.0,0.0,0.0,0,0.0,0.0
2024-12-10,1060.923828125,-0.009302273623131074,1322.3321533203125,0.018867954697269873,-0.028170228320400947,0.028170228320400947,0.014308869005007408,0.01814981748966178,0,1,1.0,5,2.528087314031574,13.0,-5.0,-13792.009765625,6611.6607666015625,0.0,0.0,Opened,-13792.009765625,6611.6607666015625,0.0,0.01814981748966178,20403.670532226562,0.0,0.0,0,0.0,20403.670532226562
2024-12-11,1041.0003662109375,-0.018779351906228592,1322.3321533203125,0.0,-0.018779351906228592,0.018779351906228592,0.0136140929432124,0.01768829558901856,0,1,0.0,5,0.0,-13.0,5.0,13533.004760742188,-6611.6607666015625,-259.0050048828125,0.0,Live,0.0,0.0,0.0,0.01768829558901856,20144.66552734375,-259.0050048828125,-0.012857250200121073,0,0.0,0.0
2024-12-12,1060.0,0.01825132286765463,1351.71728515625,0.022222201707909006,-0.003970878840254377,0.003970878840254377,0.013716437986977682,0.017564383419322354,0,1,0.0,5,1.5526470395176455,-13.0,5.0,13780.0,-6758.58642578125,-12.009765625,-146.9256591796875,Live,0.0,0.0,0.0,0.017564383419322354,20538.58642578125,-158.9354248046875,-0.007738381868636409,0,0.0,0.0
2024-12-13,1065.0,0.004716981132075526,1381.1024169921875,0.021739110802700745,-0.01702212967062522,0.01702212967062522,0.013720083866656985,0.017679758205313135,0,1,0.0,5,5.9765962030503035,-13.0,5.0,13845.0,-6905.5120849609375,52.990234375,-293.851318359375,Live,0.0,0.0,0.0,0.017679758205313135,20750.512084960938,-240.861083984375,-0.011607476625067994,0,0.0,0.0
2024-12-14,1065.0,0.0,1381.1024169921875,0.0,0.0,0.0,0.013720083866656985,0.017679758205313135,1,0,-1.0,5,,-13.0,5.0,13845.0,-6905.5120849609375,52.990234375,-293.851318359375,Closed,13845.0,-6905.5120849609375,-240.861083984375,0.017679758205313135,20750.512084960938,-240.861083984375,-0.011607476625067994,0,-240.861083984375,0.0
2024-12-15,1065.0,0.0,1381.1024169921875,0.0,0.0,0.0,0.013720083866656985,0.017680943763232773,1,0,0.0,5,,0.0,0.0,0.0,0.0,0.0,0.0,,0.0,0.0,0.0,0.017680943763232773,0.0,0.0,0.0,0,0.0,0.0
2024-12-16,1085.0,0.018779342723004744,1356.6148681640625,-0.017730436589528886,0.03650977931253363,0.03650977931253363,0.013840197594386155,0.017808749649931847,1,1,1.0,5,1.1804996866203046,-6.0,5.0,6510.0,-6783.0743408203125,0.0,0.0,Opened,6510.0,-6783.0743408203125,0.0,0.017808749649931847,13293.074340820312,0.0,0.0,0,0.0,13293.074340820312
2024-12-17,1075.0,-0.009216589861751112,1395.7950439453125,0.02888083913916817,-0.03809742900091928,0.03809742900091928,0.013862187123367481,0.01783045481889802,0,0,-1.0,5,4.06867249925067,6.0,-5.0,-6450.0,6978.9752197265625,60.0,195.90087890625,Closed,-6450.0,6978.9752197265625,255.90087890625,0.01783045481889802,13428.975219726562,255.90087890625,0.01905587542751163,0,255.90087890625,0.0
2024-12-18,1085.0,0.009302325581395321,1390.8975830078125,-0.003508724979891742,0.012811050561287063,0.012811050561287063,0.013745282776751256,0.01780739309084005,1,0,0.0,5,0.48352975815837484,0.0,0.0,0.0,0.0,0.0,0.0,,0.0,0.0,0.0,0.01780739309084005,0.0,0.0,0.0,0,0.0,0.0
2024-12-19,1070.0,-0.01382488479262678,1390.8975830078125,0.0,-0.01382488479262678,0.01382488479262678,0.013778490646035453,0.017808914645111064,0,0,0.0,5,0.0,0.0,0.0,0.0,0.0,0.0,0.0,,0.0,0.0,0.0,0.017808914645111064,0.0,0.0,0.0,0,0.0,0.0
2024-12-20,1035.0,-0.032710280373831724,1361.5123291015625,-0.02112682793128773,-0.011583452442543996,0.011583452442543996,0.014234181107627714,0.017983915931880954,0,0,0.0,5,0.8496327749477829,0.0,0.0,0.0,0.0,0.0,0.0,,0.0,0.0,0.0,0.017983915931880954,0.0,0.0,0.0,0,0.0,0.0
2024-12-21,1035.0,0.0,1361.5123291015625,0.0,0.0,0.0,0.014234181107627714,0.017983915931880954,1,0,0.0,5,,0.0,0.0,0.0,0.0,0.0,0.0,,0.0,0.0,0.0,0.017983915931880954,0.0,0.0,0.0,0,0.0,0.0
2024-12-22,1035.0,0.0,1361.5123291015625,0.0,0.0,0.0,0.014230126861073984,0.017911854506139073,1,0,0.0,5,,0.0,0.0,0.0,0.0,0.0,0.0,,0.0,0.0,0.0,0.017911854506139073,0.0,0.0,0.0,0,0.0,0.0
2024-12-23,1080.0,0.04347826086956519,1381.1024169921875,0.014388476308218268,0.02908978456134692,0.02908978456134692,0.014894164518653162,0.01741123728726555,1,1,1.0,5,0.4231991355005992,-3.0,5.0,3240.0,-6905.5120849609375,0.0,0.0,Opened,3240.0,-6905.5120849609375,0.0,0.01741123728726555,10145.512084960938,0.0,0.0,0,0.0,10145.512084960938
2024-12-24,1080.0,0.0,1376.2049560546875,-0.0035460519634494814,0.0035460519634494814,0.0035460519634494814,0.014782763636496504,0.01724499300866302,1,1,0.0,5,inf,3.0,-5.0,-3240.0,6881.0247802734375,0.0,-24.4873046875,Live,0.0,0.0,0.0,0.01724499300866302,10121.024780273438,-24.4873046875,-0.0024194491387104808,0,0.0,0.0
2024-12-25,1085.0,0.004629629629629539,1381.1024169921875,0.0035586711964328277,0.0010709584331967115,0.0010709584331967115,0.014756983384230635,0.01683682701849711,1,1,0.0,5,0.9784480261618195,3.0,-5.0,-3255.0,6905.5120849609375,-15.0,0.0,Live,0.0,0.0,0.0,0.01683682701849711,10160.512084960938,-15.0,-0.0014763035440115485,0,0.0,0.0
2024-12-26,1085.0,0.0,1390.8975830078125,0.007092280699180442,-0.007092280699180442,0.007092280699180442,0.014662586842692671,0.016819069649211524,0,0,-1.0,5,inf,3.0,-5.0,-3255.0,6954.4879150390625,-15.0,48.975830078125,Closed,-3255.0,6954.4879150390625,33.975830078125,0.016819069649211524,10209.487915039062,33.975830078125,0.0033278681909282622,0,33.975830078125,0.0
2024-12-27,1090.0,0.004608294930875667,1400.692626953125,0.007042246722530621,-0.0024339517916549536,0.0024339517916549536,0.014666905935592217,0.016828535976138745,0,0,0.0,5,1.9637550498449692,0.0,0.0,0.0,0.0,0.0,0.0,,0.0,0.0,0.0,0.016828535976138745,0.0,0.0,0.0,0,0.0,0.0
2024-12-28,1090.0,0.0,1400.692626953125,0.0,0.0,0.0,0.014666905935592217,0.016828535976138745,1,0,0.0,5,,0.0,0.0,0.0,0.0,0.0,0.0,,0.0,0.0,0.0,0.016828535976138745,0.0,0.0,0.0,0,0.0,0.0
2024-12-29,1090.0,0.0,1400.692626953125,0.0,0.0,0.0,0.013893983882884596,0.015137762648765377,1,0,0.0,5,,0.0,0.0,0.0,0.0,0.0,0.0,,0.0,0.0,0.0,0.015137762648765377,0.0,0.0,0.0,0,0.0,0.0
2024-12-30,1090.0,0.0,1390.8975830078125,-0.006993000289163609,0.006993000289163609,0.006993000289163609,0.013813390069488387,0.014881585046667879,1,0,0.0,5,inf,0.0,0.0,0.0,0.0,0.0,0.0,,0.0,0.0,0.0,0.014881585046667879,0.0,0.0,0.0,0,0.0,0.0
2024-12-31,1075.0,-0.013761467889908285,1386.0,-0.0035211672431132435,-0.010240300646795042,0.010240300646795042,0.013905035737000828,0.014891231007750895,0,0,0.0,5,0.32989570237897,0.0,0.0,0.0,0.0,0.0,0.0,,0.0,0.0,0.0,0.014891231007750895,0.0,0.0,0.0,0,0.0,0.0
2025-01-01,1075.0,0.0,1386.0,0.0,0.0,0.0,0.013905035737000828,0.014891231007750895,1,0,0.0,5,,0.0,0.0,0.0,0.0,0.0,0.0,,0.0,0.0,0.0,0.014891231007750895,0.0,0.0,0.0,0,0.0,0.0
2025-01-02,1065.0,-0.009302325581395321,1350.0,-0.025974025974025983,0.01667170039263066,0.01667170039263066,0.013942993689991027,0.015093049570059133,1,1,1.0,5,3.5394183281507345,-18.0,5.0,19170.0,-6750.0,0.0,0.0,Opened,19170.0,-6750.0,0.0,0.015093049570059133,25920.0,0.0,0.0,0,0.0,25920.0
2025-01-03,1075.0,0.009389671361502261,1365.0,0.011111111111111072,-0.0017214397496088107,0.0017214397496088107,0.0139697991110515,0.015127063796789525,0,0,-1.0,5,1.5025581395348924,18.0,-5.0,-19350.0,6825.0,-180.0,75.0,Closed,-19350.0,6825.0,-105.0,0.015127063796789525,26175.0,-105.0,-0.0040114613180515755,0,-105.0,0.0
2025-01-04,1075.0,0.0,1365.0,0.0,0.0,0.0,0.0139697991110515,0.015127063796789525,1,0,0.0,5,,0.0,0.0,0.0,0.0,0.0,0.0,,0.0,0.0,0.0,0.015127063796789525,0.0,0.0,0.0,0,0.0,0.0
2025-01-05,1075.0,0.0,1365.0,0.0,0.0,0.0,0.013660074027280221,0.015045684556245383,1,0,0.0,5,,0.0,0.0,0.0,0.0,0.0,0.0,,0.0,0.0,0.0,0.015045684556245383,0.0,0.0,0.0,0,0.0,0.0
2025-01-06,1125.0,0.04651162790697683,1425.0,0.04395604395604402,0.002555583950932805,0.002555583950932805,0.014477133655584394,0.01552997487120159,1,0,0.0,5,1.1970695970695968,0.0,0.0,0.0,0.0,0.0,0.0,,0.0,0.0,0.0,0.01552997487120159,0.0,0.0,0.0,0,0.0,0.0
2025-01-07,1130.0,0.004444444444444473,1490.0,0.04561403508771922,-0.041169590643274745,0.041169590643274745,0.014452300252421772,0.016128226292767014,0,1,1.0,5,13.532836516068825,68.0,-5.0,-76840.0,7450.0,0.0,0.0,Opened,-76840.0,7450.0,0.0,0.016128226292767014,84290.0,0.0,0.0,0,0.0,84290.0
2025-01-08,1105.0,-0.02212389380530977,1470.0,-0.01342281879194629,-0.00870107501336348,0.00870107501336348,0.01466102328650689,0.01621210067151207,0,1,0.0,5,0.8071183455312921,-68.0,5.0,75140.0,-7350.0,-1700.0,100.0,Live,0.0,0.0,0.0,0.01621210067151207,82490.0,-1600.0,-0.01939629045944963,1,-1600.0,0.0
2025-01-09,1100.0,-0.004524886877828038,1440.0,-0.020408163265306145,0.015883276387478107,0.015883276387478107,0.014456751890150948,0.01575645825210832,1,0,-1.0,5,5.904267161410046,-68.0,5.0,74800.0,-7200.0,-2040.0,250.0,Closed,74800.0,-7200.0,-1790.0,0.01575645825210832,82000.0,-1790.0,-0.021829268292682925,1,0.0,0.0
2025-01-10,1100.0,0.0,1465.0,0.01736111111111116,-0.01736111111111116,0.01736111111111116,0.014456751890150948,0.015844052510748746,0,0,0.0,5,inf,0.0,0.0,0.0,0.0,0.0,0.0,,0.0,0.0,0.0,0.015844052510748746,0.0,0.0,0.0,0,0.0,0.0
2025-01-11,1100.0,0.0,1465.0,0.0,0.0,0.0,0.014456751890150948,0.015844052510748746,1,0,0.0,5,,0.0,0.0,0.0,0.0,0.0,0.0,,0.0,0.0,0.0,0.015844052510748746,0.0,0.0,0.0,0,0.0,0.0
2025-01-12,1100.0,0.0,1465.0,0.0,0.0,0.0,0.014456751890150948,0.015813633720143445,1,0,0.0,5,,0.0,0.0,0.0,0.0,0.0,0.0,,0.0,0.0,0.0,0.015813633720143445,0.0,0.0,0.0,0,0.0,0.0
2025-01-13,1100.0,0.0,1465.0,0.0,0.0,0.0,0.014243593641014681,0.015801778680855843,1,0,0.0,5,,0.0,0.0,0.0,0.0,0.0,0.0,,0.0,0.0,0.0,0.015801778680855843,0.0,0.0,0.0,0,0.0,0.0
