index,2330.TW_Close,2330.TW_dailyReturns,2454.TW_Close,2454.TW_dailyReturns,spread,abs_sprd,2330.TW_rolling avg,2454.TW_rolling avg,isSprdPos,signal,axe,leverage,ratio,2330.TW_Size,2454.TW_Size,2330.TW_Cashflow,2454.TW_Cashflow,2330.TW_MTM,2454.TW_MTM,Live Trades,2330.TW_PnL,2454.TW_PnL,Total PnL,riskThreshold,grossCashflow,totalMTM,totalMTM in %,isStoppedOut,Adjusted PnL
2020-01-01,303.8410949707031,0.0,319.6552734375,0.0,0.0,0.0,,,1,0,,10,,0.0,0.0,0.0,0.0,0.0,0.0,,0.0,0.0,0.0,,0.0,0.0,0.0,0,0.0
2020-01-02,303.8410949707031,0.0,319.6552734375,0.0,0.0,0.0,,,1,0,0.0,10,,0.0,0.0,0.0,0.0,0.0,0.0,,0.0,0.0,0.0,,0.0,0.0,0.0,0,0.0
2020-01-03,304.28924560546875,0.0014749506968727566,314.587158203125,-0.015854940166866727,0.017329890863739483,0.017329890863739483,,,1,0,0.0,10,11.113260404151578,0.0,0.0,0.0,0.0,0.0,0.0,,0.0,0.0,0.0,,0.0,0.0,0.0,0,0.0
2020-01-04,304.28924560546875,0.0,314.587158203125,0.0,0.0,0.0,,,1,0,0.0,10,,0.0,0.0,0.0,0.0,0.0,0.0,,0.0,0.0,0.0,,0.0,0.0,0.0,0,0.0
2020-01-05,304.28924560546875,0.0,314.587158203125,0.0,0.0,0.0,,,1,0,0.0,10,,0.0,0.0,0.0,0.0,0.0,0.0,,0.0,0.0,0.0,,0.0,0.0,0.0,0,0.0
2020-01-06,297.567138671875,-0.02209117486297696,306.9848937988281,-0.024165844682662474,0.002074669819685515,0.002074669819685515,,,1,0,0.0,10,1.1285354418665947,0.0,0.0,0.0,0.0,0.0,0.0,,0.0,0.0,0.0,,0.0,0.0,0.0,0,0.0
2020-01-07,295.3263854980469,-0.007530244044517964,308.4329833984375,0.004717136344038808,-0.012247380388556772,0.012247380388556772,,,0,0,0.0,10,0.6542262152595197,0.0,0.0,0.0,0.0,0.0,0.0,,0.0,0.0,0.0,,0.0,0.0,0.0,0,0.0
2020-01-08,295.3263854980469,0.0,311.6910705566406,0.01056335519730811,-0.01056335519730811,0.01056335519730811,,,0,0,0.0,10,inf,0.0,0.0,0.0,0.0,0.0,0.0,,0.0,0.0,0.0,,0.0,0.0,0.0,0,0.0
2020-01-09,302.4967041015625,0.024279302343484854,316.397216796875,0.01509875220945478,0.009180550134030074,0.009180550134030074,,,1,0,0.0,10,0.6504544092373805,0.0,0.0,0.0,0.0,0.0,0.0,,0.0,0.0,0.0,,0.0,0.0,0.0,0,0.0
2020-01-10,304.28924560546875,0.005925821602685621,312.777099609375,-0.011441684677726105,0.017367506280411726,0.017367506280411726,,,1,0,0.0,10,1.9846765877663928,0.0,0.0,0.0,0.0,0.0,0.0,,0.0,0.0,0.0,,0.0,0.0,0.0,0,0.0
2020-01-11,304.28924560546875,0.0,312.777099609375,0.0,0.0,0.0,,,1,0,0.0,10,,0.0,0.0,0.0,0.0,0.0,0.0,,0.0,0.0,0.0,,0.0,0.0,0.0,0,0.0
2020-01-12,304.28924560546875,0.0,312.777099609375,0.0,0.0,0.0,,,1,0,0.0,10,,0.0,0.0,0.0,0.0,0.0,0.0,,0.0,0.0,0.0,,0.0,0.0,0.0,0,0.0
2020-01-13,306.0818176269531,0.005891013393909406,305.5368957519531,-0.023148126465985186,0.02903913985989459,0.02903913985989459,,,1,0,0.0,10,3.92240077851924,0.0,0.0,0.0,0.0,0.0,0.0,,0.0,0.0,0.0,,0.0,0.0,0.0,0,0.0
2020-01-14,310.1151123046875,0.0131771782754182,301.1927490234375,-0.014218075750963899,0.0273952540263821,0.0273952540263821,,,1,0,0.0,10,1.0479486053458644,0.0,0.0,0.0,0.0,0.0,0.0,,0.0,0.0,0.0,,0.0,0.0,0.0,0,0.0
2020-01-15,304.7373962402344,-0.017341031930006467,301.1927490234375,0.0,-0.017341031930006467,0.017341031930006467,,,0,0,0.0,10,0.0,0.0,0.0,0.0,0.0,0.0,0.0,,0.0,0.0,0.0,,0.0,0.0,0.0,0,0.0
2020-01-16,299.8078308105469,-0.016176437452400383,304.8128662109375,0.012019270713646169,-0.02819570816604655,0.02819570816604655,,,0,0,0.0,10,0.7554149173895495,0.0,0.0,0.0,0.0,0.0,0.0,,0.0,0.0,0.0,,0.0,0.0,0.0,0,0.0
2020-01-17,298.46337890625,-0.004484378879170969,304.4508361816406,-0.0011877124276189477,-0.0032966664515520216,0.0032966664515520216,,,0,0,0.0,10,0.27016875543730023,0.0,0.0,0.0,0.0,0.0,0.0,,0.0,0.0,0.0,,0.0,0.0,0.0,0,0.0
2020-01-18,298.46337890625,0.0,304.4508361816406,0.0,0.0,0.0,,,1,0,0.0,10,,0.0,0.0,0.0,0.0,0.0,0.0,,0.0,0.0,0.0,,0.0,0.0,0.0,0,0.0
2020-01-19,298.46337890625,0.0,304.4508361816406,0.0,0.0,0.0,,,1,0,0.0,10,,0.0,0.0,0.0,0.0,0.0,0.0,,0.0,0.0,0.0,,0.0,0.0,0.0,0,0.0
2020-01-20,298.46337890625,0.0,303.36480712890625,-0.0035671738214128057,0.0035671738214128057,0.0035671738214128057,,,1,0,0.0,10,inf,0.0,0.0,0.0,0.0,0.0,0.0,,0.0,0.0,0.0,,0.0,0.0,0.0,0,0.0
2020-01-21,298.46337890625,0.0,303.36480712890625,0.0,0.0,0.0,,,1,0,0.0,10,,0.0,0.0,0.0,0.0,0.0,0.0,,0.0,0.0,0.0,,0.0,0.0,0.0,0,0.0
2020-01-22,298.46337890625,0.0,303.36480712890625,0.0,0.0,0.0,,,1,0,0.0,10,,0.0,0.0,0.0,0.0,0.0,0.0,,0.0,0.0,0.0,,0.0,0.0,0.0,0,0.0
2020-01-23,298.46337890625,0.0,303.36480712890625,0.0,0.0,0.0,,,1,0,0.0,10,,0.0,0.0,0.0,0.0,0.0,0.0,,0.0,0.0,0.0,,0.0,0.0,0.0,0,0.0
2020-01-24,298.46337890625,0.0,303.36480712890625,0.0,0.0,0.0,,,1,0,0.0,10,,0.0,0.0,0.0,0.0,0.0,0.0,,0.0,0.0,0.0,,0.0,0.0,0.0,0,0.0
2020-01-25,298.46337890625,0.0,303.36480712890625,0.0,0.0,0.0,,,1,0,0.0,10,,0.0,0.0,0.0,0.0,0.0,0.0,,0.0,0.0,0.0,,0.0,0.0,0.0,0,0.0
2020-01-26,298.46337890625,0.0,303.36480712890625,0.0,0.0,0.0,,,1,0,0.0,10,,0.0,0.0,0.0,0.0,0.0,0.0,,0.0,0.0,0.0,,0.0,0.0,0.0,0,0.0
2020-01-27,298.46337890625,0.0,303.36480712890625,0.0,0.0,0.0,,,1,0,0.0,10,,0.0,0.0,0.0,0.0,0.0,0.0,,0.0,0.0,0.0,,0.0,0.0,0.0,0,0.0
2020-01-28,298.46337890625,0.0,303.36480712890625,0.0,0.0,0.0,,,1,0,0.0,10,,0.0,0.0,0.0,0.0,0.0,0.0,,0.0,0.0,0.0,,0.0,0.0,0.0,0,0.0
2020-01-29,298.46337890625,0.0,303.36480712890625,0.0,0.0,0.0,,,1,0,0.0,10,,0.0,0.0,0.0,0.0,0.0,0.0,,0.0,0.0,0.0,,0.0,0.0,0.0,0,0.0
2020-01-30,283.6745910644531,-0.04954975681100948,277.6620788574219,-0.08472547793113894,0.035175721120129455,0.035175721120129455,,,1,0,0.0,10,1.6736653825917054,0.0,0.0,0.0,0.0,0.0,0.0,,0.0,0.0,0.0,,0.0,0.0,0.0,0,0.0
2020-01-31,286.8116149902344,0.01105852982464861,280.9201965332031,0.01173411107915201,-0.000675581254503399,0.000675581254503399,,,0,0,0.0,10,1.0392954600251454,0.0,0.0,0.0,0.0,0.0,0.0,,0.0,0.0,0.0,,0.0,0.0,0.0,0,0.0
2020-02-01,286.8116149902344,0.0,280.9201965332031,0.0,0.0,0.0,,,1,0,0.0,10,,0.0,0.0,0.0,0.0,0.0,0.0,,0.0,0.0,0.0,,0.0,0.0,0.0,0,0.0
2020-02-02,286.8116149902344,0.0,280.9201965332031,0.0,0.0,0.0,,,1,0,0.0,10,,0.0,0.0,0.0,0.0,0.0,0.0,,0.0,0.0,0.0,,0.0,0.0,0.0,0,0.0
2020-02-03,282.33026123046875,-0.015624729005198068,276.5760498046875,-0.01546398864206322,-0.00016074036313484807,0.00016074036313484807,,,0,0,0.0,10,0.9695409746173118,0.0,0.0,0.0,0.0,0.0,0.0,,0.0,0.0,0.0,,0.0,0.0,0.0,0,0.0
2020-02-04,291.2931823730469,0.03174622905640856,282.7302551269531,0.022251403643271273,0.009494825413137287,0.009494825413137287,,,1,0,0.0,10,0.6803105898961588,0.0,0.0,0.0,0.0,0.0,0.0,,0.0,0.0,0.0,,0.0,0.0,0.0,0,0.0
2020-02-05,293.5337829589844,0.007691908776182865,275.85205078125,-0.024327797329700807,0.03201970610588367,0.03201970610588367,,,1,0,0.0,10,2.9722599494193833,0.0,0.0,0.0,0.0,0.0,0.0,,0.0,0.0,0.0,,0.0,0.0,0.0,0,0.0
2020-02-06,298.0152587890625,0.015267325569487511,276.5760498046875,0.002624591774420537,0.012642733795066974,0.012642733795066974,,,1,0,0.0,10,0.15954193863178284,0.0,0.0,0.0,0.0,0.0,0.0,,0.0,0.0,0.0,,0.0,0.0,0.0,0,0.0
2020-02-07,293.9819641113281,-0.013533852911166488,275.85205078125,-0.0026177213245643927,-0.010916131586602096,0.010916131586602096,,,0,0,0.0,10,0.18149200087606798,0.0,0.0,0.0,0.0,0.0,0.0,,0.0,0.0,0.0,,0.0,0.0,0.0,0,0.0
2020-02-08,293.9819641113281,0.0,275.85205078125,0.0,0.0,0.0,,,1,0,0.0,10,,0.0,0.0,0.0,0.0,0.0,0.0,,0.0,0.0,0.0,,0.0,0.0,0.0,0,0.0
2020-02-09,293.9819641113281,0.0,275.85205078125,0.0,0.0,0.0,,,1,0,0.0,10,,0.0,0.0,0.0,0.0,0.0,0.0,,0.0,0.0,0.0,,0.0,0.0,0.0,0,0.0
2020-02-10,293.5337829589844,-0.0015245192122534945,275.12799072265625,-0.0026248130348972554,0.0011002938226437609,0.0011002938226437609,,,1,0,0.0,10,1.6137719303795512,0.0,0.0,0.0,0.0,0.0,0.0,,0.0,0.0,0.0,,0.0,0.0,0.0,0,0.0
2020-02-11,297.1189880371094,0.012213943628512247,282.3681945800781,0.02631576612181341,-0.014101822493301164,0.014101822493301164,,,0,0,0.0,10,2.047601676922888,0.0,0.0,0.0,0.0,0.0,0.0,,0.0,0.0,0.0,,0.0,0.0,0.0,0,0.0
2020-02-12,300.25592041015625,0.01055783204490135,290.6944885253906,0.029487364742671884,-0.018929532697770535,0.018929532697770535,,,0,0,0.0,10,2.703998405212115,0.0,0.0,0.0,0.0,0.0,0.0,,0.0,0.0,0.0,,0.0,0.0,0.0,0,0.0
2020-02-13,300.25592041015625,0.0,295.7626037597656,0.0174345074792579,-0.0174345074792579,0.0174345074792579,,,0,0,0.0,10,inf,0.0,0.0,0.0,0.0,0.0,0.0,,0.0,0.0,0.0,,0.0,0.0,0.0,0,0.0
2020-02-14,300.25592041015625,0.0,293.59051513671875,-0.007344027255085872,0.007344027255085872,0.007344027255085872,,,1,0,0.0,10,inf,0.0,0.0,0.0,0.0,0.0,0.0,,0.0,0.0,0.0,,0.0,0.0,0.0,0,0.0
2020-02-15,300.25592041015625,0.0,293.59051513671875,0.0,0.0,0.0,,,1,0,0.0,10,,0.0,0.0,0.0,0.0,0.0,0.0,,0.0,0.0,0.0,,0.0,0.0,0.0,0,0.0
2020-02-16,300.25592041015625,0.0,293.59051513671875,0.0,0.0,0.0,,,1,0,0.0,10,,0.0,0.0,0.0,0.0,0.0,0.0,,0.0,0.0,0.0,,0.0,0.0,0.0,0,0.0
2020-02-17,297.1189880371094,-0.010447528790645477,288.160400390625,-0.018495538738930506,0.008048009948285029,0.008048009948285029,,,1,0,0.0,10,1.7169486280725654,0.0,0.0,0.0,0.0,0.0,0.0,,0.0,0.0,0.0,,0.0,0.0,0.0,0,0.0
2020-02-18,288.6042785644531,-0.02865757429004434,283.8162536621094,-0.015075446600666731,-0.01358212768937761,0.01358212768937761,,,0,0,0.0,10,0.5173271337199226,0.0,0.0,0.0,0.0,0.0,0.0,,0.0,0.0,0.0,,0.0,0.0,0.0,0,0.0
2020-02-19,292.6375732421875,0.013975172848428974,281.28216552734375,-0.00892862231133007,0.022903795159759044,0.022903795159759044,,,1,0,0.0,10,0.6141003918870853,0.0,0.0,0.0,0.0,0.0,0.0,,0.0,0.0,0.0,,0.0,0.0,0.0,0,0.0
2020-02-20,291.74127197265625,-0.0030628372823111594,285.2642822265625,0.0141570180667272,-0.01721985534903836,0.01721985534903836,,,0,0,0.0,10,4.5195728032271445,0.0,0.0,0.0,0.0,0.0,0.0,,0.0,0.0,0.0,,0.0,0.0,0.0,0,0.0
2020-02-21,291.2931823730469,-0.0015359143277176024,280.9201965332031,-0.01522828466099102,0.013692370333273418,0.013692370333273418,,,1,0,0.0,10,9.561733566298802,0.0,0.0,0.0,0.0,0.0,0.0,,0.0,0.0,0.0,,0.0,0.0,0.0,0,0.0
2020-02-22,291.2931823730469,0.0,280.9201965332031,0.0,0.0,0.0,,,1,0,0.0,10,,0.0,0.0,0.0,0.0,0.0,0.0,,0.0,0.0,0.0,,0.0,0.0,0.0,0,0.0
2020-02-23,291.2931823730469,0.0,280.9201965332031,0.0,0.0,0.0,,,1,0,0.0,10,,0.0,0.0,0.0,0.0,0.0,0.0,,0.0,0.0,0.0,,0.0,0.0,0.0,0,0.0
2020-02-24,286.8116149902344,-0.01538507474257722,272.9559326171875,-0.028350627738060408,0.012965552995483187,0.012965552995483187,,,1,0,0.0,10,1.7537144162754252,0.0,0.0,0.0,0.0,0.0,0.0,,0.0,0.0,0.0,,0.0,0.0,0.0,0,0.0
2020-02-25,288.6042785644531,0.006250317213547296,274.0419616699219,0.003978770647412588,0.002271546566134708,0.002271546566134708,,,1,0,0.0,10,0.604451067279316,0.0,0.0,0.0,0.0,0.0,0.0,,0.0,0.0,0.0,,0.0,0.0,0.0,0,0.0
2020-02-26,285.4672546386719,-0.010869637627637152,271.50787353515625,-0.009247080700064081,-0.0016225569275730711,0.0016225569275730711,,,0,0,0.0,10,0.8091251711563707,0.0,0.0,0.0,0.0,0.0,0.0,,0.0,0.0,0.0,,0.0,0.0,0.0,0,0.0
2020-02-27,283.22662353515625,-0.007848995172324402,260.6475524902344,-0.04000002248006862,0.03215102730774422,0.03215102730774422,,,1,0,0.0,10,4.689923401991772,0.0,0.0,0.0,0.0,0.0,0.0,,0.0,0.0,0.0,,0.0,0.0,0.0,0,0.0
2020-02-28,283.22662353515625,0.0,260.6475524902344,0.0,0.0,0.0,,,1,0,0.0,10,,0.0,0.0,0.0,0.0,0.0,0.0,,0.0,0.0,0.0,,0.0,0.0,0.0,0,0.0
2020-02-29,283.22662353515625,0.0,260.6475524902344,0.0,0.0,0.0,,,1,0,0.0,10,,0.0,0.0,0.0,0.0,0.0,0.0,,0.0,0.0,0.0,,0.0,0.0,0.0,0,0.0
2020-03-01,283.22662353515625,0.0,260.6475524902344,0.0,0.0,0.0,,,1,0,0.0,10,,0.0,0.0,0.0,0.0,0.0,0.0,,0.0,0.0,0.0,,0.0,0.0,0.0,0,0.0
2020-03-02,278.7450256347656,-0.015823363794167933,262.81964111328125,0.008333431878775333,-0.024156795672943265,0.024156795672943265,,,0,0,0.0,10,0.4965646149714891,0.0,0.0,0.0,0.0,0.0,0.0,,0.0,0.0,0.0,,0.0,0.0,0.0,0,0.0
2020-03-03,284.5709533691406,0.02090056215750602,269.3358154296875,0.024793330851546225,-0.003892768694040205,0.003892768694040205,,,0,0,0.0,10,1.1227432376536621,0.0,0.0,0.0,0.0,0.0,0.0,,0.0,0.0,0.0,,0.0,0.0,0.0,0,0.0
2020-03-04,287.25982666015625,0.009448867704806352,268.2497863769531,-0.0040322489268713735,0.013481116631677725,0.013481116631677725,,,1,0,0.0,10,0.3985034240362686,0.0,0.0,0.0,0.0,0.0,0.0,,0.0,0.0,0.0,,0.0,0.0,0.0,0,0.0
2020-03-05,289.5005798339844,0.007800440457965907,278.7481384277344,0.03913647869985115,-0.031336038241885245,0.031336038241885245,,,0,0,0.0,10,4.830867869423252,0.0,0.0,0.0,0.0,0.0,0.0,,0.0,0.0,0.0,,0.0,0.0,0.0,0,0.0
2020-03-06,282.33026123046875,-0.024767890301385487,274.0419616699219,-0.01688325807073532,-0.007884632230650168,0.007884632230650168,,,0,0,0.0,10,0.661647812762375,0.0,0.0,0.0,0.0,0.0,0.0,,0.0,0.0,0.0,,0.0,0.0,0.0,0,0.0
2020-03-07,282.33026123046875,0.0,274.0419616699219,0.0,0.0,0.0,,,1,0,0.0,10,,0.0,0.0,0.0,0.0,0.0,0.0,,0.0,0.0,0.0,,0.0,0.0,0.0,0,0.0
2020-03-08,282.33026123046875,0.0,274.0419616699219,0.0,0.0,0.0,,,1,0,0.0,10,,0.0,0.0,0.0,0.0,0.0,0.0,,0.0,0.0,0.0,,0.0,0.0,0.0,0,0.0
2020-03-09,273.8154602050781,-0.030159009481594,265.35369873046875,-0.03170413350754642,0.0015451240259524157,0.0015451240259524157,,,1,0,0.0,10,1.0187461822919308,0.0,0.0,0.0,0.0,0.0,0.0,,0.0,0.0,0.0,,0.0,0.0,0.0,0,0.0
2020-03-10,275.15997314453125,0.004910288624484949,270.421875,0.019099700866348934,-0.014189412241863986,0.014189412241863986,,,0,0,0.0,10,3.8227518426175546,0.0,0.0,0.0,0.0,0.0,0.0,,0.0,0.0,0.0,,0.0,0.0,0.0,0,0.0
2020-03-11,270.6784973144531,-0.016286801379080562,262.81964111328125,-0.028112496027618894,0.011825694648538332,0.011825694648538332,,,1,0,0.0,10,1.6759755093399158,0.0,0.0,0.0,0.0,0.0,0.0,,0.0,0.0,0.0,,0.0,0.0,0.0,0,0.0
2020-03-12,263.50823974609375,-0.026489941533957673,243.27108764648438,-0.07438010867068723,0.047890167136729556,0.047890167136729556,,,1,0,0.0,10,2.592221484263922,0.0,0.0,0.0,0.0,0.0,0.0,,0.0,0.0,0.0,,0.0,0.0,0.0,0,0.0
2020-03-13,259.92303466796875,-0.013605665923690169,246.8911590576172,0.014880812373369245,-0.028486478297059414,0.028486478297059414,,,0,0,0.0,10,1.0388853152776674,0.0,0.0,0.0,0.0,0.0,0.0,,0.0,0.0,0.0,,0.0,0.0,0.0,0,0.0
2020-03-14,259.92303466796875,0.0,246.8911590576172,0.0,0.0,0.0,,,1,0,0.0,10,,0.0,0.0,0.0,0.0,0.0,0.0,,0.0,0.0,0.0,,0.0,0.0,0.0,0,0.0
2020-03-15,259.92303466796875,0.0,246.8911590576172,0.0,0.0,0.0,,,1,0,0.0,10,,0.0,0.0,0.0,0.0,0.0,0.0,,0.0,0.0,0.0,,0.0,0.0,0.0,0,0.0
2020-03-16,247.8231964111328,-0.046551619683467216,231.68673706054688,-0.061583501228255955,0.015031881544788739,0.015031881544788739,,,1,0,0.0,10,1.2367695932991494,0.0,0.0,0.0,0.0,0.0,0.0,,0.0,0.0,0.0,,0.0,0.0,0.0,0,0.0
2020-03-17,240.20480346679688,-0.03074124236416198,228.42861938476562,-0.014062598995167375,-0.016678643368994606,0.016678643368994606,,,0,0,0.0,10,0.4350237870846811,0.0,0.0,0.0,0.0,0.0,0.0,,0.0,0.0,0.0,,0.0,0.0,0.0,0,0.0
2020-03-18,233.0344696044922,-0.029850917878483818,218.2923583984375,-0.04437386617153516,0.014522948293051341,0.014522948293051341,,,1,0,0.0,10,1.392476733717481,0.0,0.0,0.0,0.0,0.0,0.0,,0.0,0.0,0.0,,0.0,0.0,0.0,0,0.0
2020-03-19,224.43707275390625,-0.03689324100927005,198.38177490234375,-0.09121062982769201,0.05431738881842196,0.05431738881842196,,,1,0,0.0,10,2.185273611876157,0.0,0.0,0.0,0.0,0.0,0.0,,0.0,0.0,0.0,,0.0,0.0,0.0,0,0.0
2020-03-20,244.34678649902344,0.08870955899049737,217.9303436279297,0.09854014430110336,-0.009830585310605988,0.009830585310605988,,,0,0,0.0,10,0.9907266502183529,0.0,0.0,0.0,0.0,0.0,0.0,,0.0,0.0,0.0,,0.0,0.0,0.0,0,0.0
2020-03-21,244.34678649902344,0.0,217.9303436279297,0.0,0.0,0.0,,,1,0,0.0,10,,0.0,0.0,0.0,0.0,0.0,0.0,,0.0,0.0,0.0,,0.0,0.0,0.0,0,0.0
2020-03-22,244.34678649902344,0.0,217.9303436279297,0.0,0.0,0.0,,,1,0,0.0,10,,0.0,0.0,0.0,0.0,0.0,0.0,,0.0,0.0,0.0,,0.0,0.0,0.0,0,0.0
2020-03-23,230.77203369140625,-0.05555527454285325,222.9984588623047,0.023255665778363355,-0.0788109403212166,0.0788109403212166,,,0,0,0.0,10,0.40450338801346936,0.0,0.0,0.0,0.0,0.0,0.0,,0.0,0.0,0.0,,0.0,0.0,0.0,0,0.0
2020-03-24,242.08438110351562,0.049019576727553194,238.92694091796875,0.07142866429179873,-0.022409087564245533,0.022409087564245533,,,0,0,0.0,10,1.4381405250845962,0.0,0.0,0.0,0.0,0.0,0.0,,0.0,0.0,0.0,,0.0,0.0,0.0,0,0.0
2020-03-25,250.68173217773438,0.03551386105550747,242.18505859375,0.013636460012685925,0.021877401042821543,0.021877401042821543,,,1,0,0.0,10,0.3709611347050901,0.0,0.0,0.0,0.0,0.0,0.0,,0.0,0.0,0.0,,0.0,0.0,0.0,0,0.0
2020-03-26,253.39674377441406,0.010830512351633015,248.70123291015625,0.026905765179084495,-0.01607525282745148,0.01607525282745148,,,0,0,0.0,10,2.4382220475863736,0.0,0.0,0.0,0.0,0.0,0.0,,0.0,0.0,0.0,,0.0,0.0,0.0,0,0.0
2020-03-27,247.06179809570312,-0.025000106885156415,246.1671600341797,-0.010189225225481713,-0.014810881659674702,0.014810881659674702,,,0,0,0.0,10,0.4060914204114526,0.0,0.0,0.0,0.0,0.0,0.0,,0.0,0.0,0.0,,0.0,0.0,0.0,0,0.0
2020-03-28,247.06179809570312,0.0,246.1671600341797,0.0,0.0,0.0,,,1,0,0.0,10,,0.0,0.0,0.0,0.0,0.0,0.0,,0.0,0.0,0.0,,0.0,0.0,0.0,0,0.0
2020-03-29,247.06179809570312,0.0,246.1671600341797,0.0,0.0,0.0,,,1,0,0.0,10,,0.0,0.0,0.0,0.0,0.0,0.0,,0.0,0.0,0.0,,0.0,0.0,0.0,0,0.0
2020-03-30,242.08438110351562,-0.020146445264109247,243.633056640625,-0.010294238245275422,-0.009852207018833825,0.009852207018833825,,,0,0,0.0,10,0.5142392604443325,0.0,0.0,0.0,0.0,0.0,0.0,,0.0,0.0,0.0,,0.0,0.0,0.0,0,0.0
2020-03-31,247.966796875,0.024299030547406675,237.11688232421875,-0.026745854631779475,0.05104488517918615,0.05104488517918615,,,1,0,0.0,10,1.052534831627892,0.0,0.0,0.0,0.0,0.0,0.0,,0.0,0.0,0.0,,0.0,0.0,0.0,0,0.0
2020-04-01,245.70431518554688,-0.009124131609417163,241.8230438232422,0.019847433269591264,-0.028971564879008427,0.028971564879008427,,,0,0,0.0,10,2.1409065401403202,0.0,0.0,0.0,0.0,0.0,0.0,,0.0,0.0,0.0,,0.0,0.0,0.0,0,0.0
2020-04-02,245.70431518554688,0.0,241.8230438232422,0.0,0.0,0.0,,,1,0,0.0,10,,0.0,0.0,0.0,0.0,0.0,0.0,,0.0,0.0,0.0,,0.0,0.0,0.0,0,0.0
2020-04-03,245.70431518554688,0.0,241.8230438232422,0.0,0.0,0.0,,,1,0,0.0,10,,0.0,0.0,0.0,0.0,0.0,0.0,,0.0,0.0,0.0,,0.0,0.0,0.0,0,0.0
2020-04-04,245.70431518554688,0.0,241.8230438232422,0.0,0.0,0.0,,,1,0,0.0,10,,0.0,0.0,0.0,0.0,0.0,0.0,,0.0,0.0,0.0,,0.0,0.0,0.0,0,0.0
2020-04-05,245.70431518554688,0.0,241.8230438232422,0.0,0.0,0.0,,,1,0,0.0,10,,0.0,0.0,0.0,0.0,0.0,0.0,,0.0,0.0,0.0,,0.0,0.0,0.0,0,0.0
2020-04-06,249.32421875,0.01473276349143271,246.8911590576172,0.020957949888677607,-0.006225186397244897,0.006225186397244897,,,0,0,0.0,10,1.4086582794542286,0.0,0.0,0.0,0.0,0.0,0.0,,0.0,0.0,0.0,,0.0,0.0,0.0,0,0.0
2020-04-07,256.1116638183594,0.02722336844125528,251.2352752685547,0.017595268407013753,0.009628100034241527,0.009628100034241527,,,1,0,0.0,10,0.6340234122760228,0.0,0.0,0.0,0.0,0.0,0.0,,0.0,0.0,0.0,,0.0,0.0,0.0,0,0.0
2020-04-08,257.9216613769531,0.007067220335101432,253.04534912109375,0.007204696277639311,-0.0001374759425378791,0.0001374759425378791,,,0,0,0.0,10,1.0001786683498688,0.0,0.0,0.0,0.0,0.0,0.0,,0.0,0.0,0.0,,0.0,0.0,0.0,0,0.0
2020-04-09,256.1116638183594,-0.007017625231362179,254.49342346191406,0.005722588246928506,-0.012740213478290685,0.012740213478290685,,,0,0,0.0,10,0.8103068933202467,0.0,0.0,0.0,0.0,0.0,0.0,,0.0,0.0,0.0,,0.0,0.0,0.0,0,0.0
2020-04-10,252.94427490234375,-0.012367218535825897,253.40736389160156,-0.004267534915200044,-0.008099683620625853,0.008099683620625853,,,0,0,0.0,10,0.3457000361317629,0.0,0.0,0.0,0.0,0.0,0.0,,0.0,0.0,0.0,,0.0,0.0,0.0,0,0.0
2020-04-11,252.94427490234375,0.0,253.40736389160156,0.0,0.0,0.0,,,1,0,0.0,10,,0.0,0.0,0.0,0.0,0.0,0.0,,0.0,0.0,0.0,,0.0,0.0,0.0,0,0.0
2020-04-12,252.94427490234375,0.0,253.40736389160156,0.0,0.0,0.0,,,1,0,0.0,10,,0.0,0.0,0.0,0.0,0.0,0.0,,0.0,0.0,0.0,,0.0,0.0,0.0,0,0.0
2020-04-13,252.0392608642578,-0.003577918648031586,254.49342346191406,0.004285824822269468,-0.007863743470301054,0.007863743470301054,,,0,0,0.0,10,1.2095179577523083,0.0,0.0,0.0,0.0,0.0,0.0,,0.0,0.0,0.0,,0.0,0.0,0.0,0,0.0
2020-04-14,257.9216613769531,0.02333922299456126,264.62969970703125,0.03982922665439381,-0.016490003659832553,0.016490003659832553,,,0,0,0.0,10,1.7509197717044622,0.0,0.0,0.0,0.0,0.0,0.0,,0.0,0.0,0.0,,0.0,0.0,0.0,0,0.0
2020-04-15,260.18414306640625,0.008771972378646131,264.62969970703125,0.0,0.008771972378646131,0.008771972378646131,,,1,0,0.0,10,0.0,0.0,0.0,0.0,0.0,0.0,0.0,,0.0,0.0,0.0,,0.0,0.0,0.0,0,0.0
2020-04-16,259.2792053222656,-0.003478066470444574,261.7336120605469,-0.010943925227178242,0.007465858756733668,0.007465858756733668,,,1,0,0.0,10,3.1763404933841524,0.0,0.0,0.0,0.0,0.0,0.0,,0.0,0.0,0.0,,0.0,0.0,0.0,0,0.0
2020-04-17,277.3789367675781,0.06980787920425713,266.4397277832031,0.017980555441872603,0.051827323762384525,0.051827323762384525,,,1,0,0.0,10,0.24741393781618878,0.0,0.0,0.0,0.0,0.0,0.0,,0.0,0.0,0.0,,0.0,0.0,0.0,0,0.0
2020-04-18,277.3789367675781,0.0,266.4397277832031,0.0,0.0,0.0,,,1,0,0.0,10,,0.0,0.0,0.0,0.0,0.0,0.0,,0.0,0.0,0.0,,0.0,0.0,0.0,0,0.0
2020-04-19,277.3789367675781,0.0,266.4397277832031,0.0,0.0,0.0,,,1,0,0.0,10,,0.0,0.0,0.0,0.0,0.0,0.0,,0.0,0.0,0.0,,0.0,0.0,0.0,0,0.0
2020-04-20,275.1164855957031,-0.008156535597981462,267.8878479003906,0.005435075802080913,-0.013591611400062376,0.013591611400062376,,,0,0,0.0,10,0.648837986343149,0.0,0.0,0.0,0.0,0.0,0.0,,0.0,0.0,0.0,,0.0,0.0,0.0,0,0.0
2020-04-21,266.9715576171875,-0.029605379557243183,255.94146728515625,-0.0445947089756622,0.014989329418419017,0.014989329418419017,,,1,0,0.0,10,1.4440703823346932,0.0,0.0,0.0,0.0,0.0,0.0,,0.0,0.0,0.0,,0.0,0.0,0.0,0,0.0
2020-04-22,266.0665283203125,-0.0033899839554172306,250.51129150390625,-0.021216475152891046,0.017826491197473815,0.017826491197473815,,,1,0,0.0,10,5.892677230347898,0.0,0.0,0.0,0.0,0.0,0.0,,0.0,0.0,0.0,,0.0,0.0,0.0,0,0.0
2020-04-23,267.42401123046875,0.00510204315712337,254.13137817382812,0.014450792410151347,-0.009348749253027977,0.009348749253027977,,,0,0,0.0,10,2.6915684401963085,0.0,0.0,0.0,0.0,0.0,0.0,,0.0,0.0,0.0,,0.0,0.0,0.0,0,0.0
2020-04-24,266.0665283203125,-0.005076144449072562,252.3213348388672,-0.007122470857269914,0.002046326408197352,0.002046326408197352,,,1,0,0.0,10,1.330639586186488,0.0,0.0,0.0,0.0,0.0,0.0,,0.0,0.0,0.0,,0.0,0.0,0.0,0,0.0
2020-04-25,266.0665283203125,0.0,252.3213348388672,0.0,0.0,0.0,,,1,0,0.0,10,,0.0,0.0,0.0,0.0,0.0,0.0,,0.0,0.0,0.0,,0.0,0.0,0.0,0,0.0
2020-04-26,266.0665283203125,0.0,252.3213348388672,0.0,0.0,0.0,,,1,0,0.0,10,,0.0,0.0,0.0,0.0,0.0,0.0,,0.0,0.0,0.0,,0.0,0.0,0.0,0,0.0
2020-04-27,269.6864929199219,0.013605486652012777,269.3358154296875,0.0674317952609349,-0.053826308608922124,0.053826308608922124,,,0,0,0.0,10,4.949776100185683,0.0,0.0,0.0,0.0,0.0,0.0,,0.0,0.0,0.0,,0.0,0.0,0.0,0,0.0
2020-04-28,268.3290710449219,-0.005033332816571812,271.50787353515625,0.008064497853742747,-0.013097830670314559,0.013097830670314559,,,0,0,0.0,10,1.6211992116836356,0.0,0.0,0.0,0.0,0.0,0.0,,0.0,0.0,0.0,,0.0,0.0,0.0,0,0.0
2020-04-29,270.59149169921875,0.008431515249117894,288.160400390625,0.061333495189827225,-0.05290197994070933,0.05290197994070933,,,0,0,0.0,10,7.746619891518596,0.0,0.0,0.0,0.0,0.0,0.0,,0.0,0.0,0.0,,0.0,0.0,0.0,0,0.0
2020-04-30,275.56890869140625,0.018394580557323126,300.46875,0.04271353590809146,-0.024318955350768334,0.024318955350768334,,,0,0,0.0,10,2.531889392550397,0.0,0.0,0.0,0.0,0.0,0.0,,0.0,0.0,0.0,,0.0,0.0,0.0,0,0.0
2020-05-01,275.56890869140625,0.0,300.46875,0.0,0.0,0.0,,,1,0,0.0,10,,0.0,0.0,0.0,0.0,0.0,0.0,,0.0,0.0,0.0,,0.0,0.0,0.0,0,0.0
2020-05-02,275.56890869140625,0.0,300.46875,0.0,0.0,0.0,,,1,0,0.0,10,,0.0,0.0,0.0,0.0,0.0,0.0,,0.0,0.0,0.0,,0.0,0.0,0.0,0,0.0
2020-05-03,275.56890869140625,0.0,300.46875,0.0,0.0,0.0,,,1,0,0.0,10,,0.0,0.0,0.0,0.0,0.0,0.0,,0.0,0.0,0.0,,0.0,0.0,0.0,0,0.0
2020-05-04,266.9715576171875,-0.031198552532812895,289.24639892578125,-0.03734947835413416,0.0061509258213212625,0.0061509258213212625,,,1,0,0.0,10,1.2970390772772324,0.0,0.0,0.0,0.0,0.0,0.0,,0.0,0.0,0.0,,0.0,0.0,0.0,0,0.0
2020-05-05,267.42401123046875,0.0016947633572637066,290.6944885253906,0.005006422223361673,-0.0033116588660979662,0.0033116588660979662,,,0,0,0.0,10,3.2111072209457117,0.0,0.0,0.0,0.0,0.0,0.0,,0.0,0.0,0.0,,0.0,0.0,0.0,0,0.0
2020-05-06,267.87652587890625,0.0016921242275718118,295.40057373046875,0.01618911052958283,-0.014496986302011017,0.014496986302011017,,,0,0,0.0,10,10.5503634539994,0.0,0.0,0.0,0.0,0.0,0.0,,0.0,0.0,0.0,,0.0,0.0,0.0,0,0.0
2020-05-07,269.2340393066406,0.00506768341600794,297.5726318359375,0.007352924464698596,-0.002285241048690656,0.002285241048690656,,,0,0,0.0,10,1.6036649876355666,0.0,0.0,0.0,0.0,0.0,0.0,,0.0,0.0,0.0,,0.0,0.0,0.0,0,0.0
2020-05-08,269.2340393066406,0.0,297.9346618652344,0.0012166106374207342,-0.0012166106374207342,0.0012166106374207342,,,0,0,0.0,10,inf,0.0,0.0,0.0,0.0,0.0,0.0,,0.0,0.0,0.0,,0.0,0.0,0.0,0,0.0
2020-05-09,269.2340393066406,0.0,297.9346618652344,0.0,0.0,0.0,,,1,0,0.0,10,,0.0,0.0,0.0,0.0,0.0,0.0,,0.0,0.0,0.0,,0.0,0.0,0.0,0,0.0
2020-05-10,269.2340393066406,0.0,297.9346618652344,0.0,0.0,0.0,,,1,0,0.0,10,,0.0,0.0,0.0,0.0,0.0,0.0,,0.0,0.0,0.0,,0.0,0.0,0.0,0,0.0
2020-05-11,272.40142822265625,0.011764444511446648,296.8486328125,-0.00364519202275837,0.015409636534205018,0.015409636534205018,,,1,0,0.0,10,0.33765614533403127,0.0,0.0,0.0,0.0,0.0,0.0,,0.0,0.0,0.0,,0.0,0.0,0.0,0,0.0
2020-05-12,266.9715576171875,-0.019933341175548014,294.67657470703125,-0.007317056120115906,-0.012616285055432108,0.012616285055432108,,,0,0,0.0,10,0.4051696474522691,0.0,0.0,0.0,0.0,0.0,0.0,,0.0,0.0,0.0,,0.0,0.0,0.0,0,0.0
2020-05-13,268.7815246582031,0.006779624980167265,304.0888671875,0.03194109504573439,-0.025161470065567126,0.025161470065567126,,,0,0,0.0,10,5.3302212639077515,0.0,0.0,0.0,0.0,0.0,0.0,,0.0,0.0,0.0,,0.0,0.0,0.0,0,0.0
2020-05-14,265.1615905761719,-0.013467942361866436,297.5726318359375,-0.021428720531043388,0.007960778169176952,0.007960778169176952,,,1,0,0.0,10,1.7855719809039208,0.0,0.0,0.0,0.0,0.0,0.0,,0.0,0.0,0.0,,0.0,0.0,0.0,0,0.0
2020-05-15,269.6864929199219,0.017064697545062346,297.5726318359375,0.0,0.017064697545062346,0.017064697545062346,,,1,0,0.0,10,0.0,0.0,0.0,0.0,0.0,0.0,0.0,,0.0,0.0,0.0,,0.0,0.0,0.0,0,0.0
2020-05-16,269.6864929199219,0.0,297.5726318359375,0.0,0.0,0.0,,,1,0,0.0,10,,0.0,0.0,0.0,0.0,0.0,0.0,,0.0,0.0,0.0,,0.0,0.0,0.0,0,0.0
2020-05-17,269.6864929199219,0.0,297.5726318359375,0.0,0.0,0.0,,,1,0,0.0,10,,0.0,0.0,0.0,0.0,0.0,0.0,,0.0,0.0,0.0,,0.0,0.0,0.0,0,0.0
2020-05-18,262.4465637207031,-0.026845724162272044,318.9312744140625,0.07177623307072412,-0.09862195723299616,0.09862195723299616,,,0,0,0.0,10,3.24909010895171,0.0,0.0,0.0,0.0,0.0,0.0,,0.0,0.0,0.0,,0.0,0.0,0.0,0,0.0
2020-05-19,263.8040466308594,0.005172416399404245,334.49774169921875,0.04880821836539795,-0.043635801965993704,0.043635801965993704,,,0,0,0.0,10,11.964958921723436,0.0,0.0,0.0,0.0,0.0,0.0,,0.0,0.0,0.0,,0.0,0.0,0.0,0,0.0
2020-05-20,266.0665283203125,0.008576372191208215,340.2899169921875,0.017316037063643597,-0.008739664872435382,0.008739664872435382,,,0,0,0.0,10,2.5822823374121877,0.0,0.0,0.0,0.0,0.0,0.0,,0.0,0.0,0.0,,0.0,0.0,0.0,0,0.0
2020-05-21,269.2340393066406,0.011904958531705256,336.30780029296875,-0.01170212956768324,0.023607088099388496,0.023607088099388496,,,1,0,0.0,10,1.2278462519539124,0.0,0.0,0.0,0.0,0.0,0.0,,0.0,0.0,0.0,,0.0,0.0,0.0,0,0.0
2020-05-22,264.2565612792969,-0.018487550980411882,320.0173034667969,-0.04843924765343144,0.029951696673019557,0.029951696673019557,,,1,0,0.0,10,3.1729679600335157,0.0,0.0,0.0,0.0,0.0,0.0,,0.0,0.0,0.0,,0.0,0.0,0.0,0,0.0
2020-05-23,264.2565612792969,0.0,320.0173034667969,0.0,0.0,0.0,,,1,0,0.0,10,,0.0,0.0,0.0,0.0,0.0,0.0,,0.0,0.0,0.0,,0.0,0.0,0.0,0,0.0
2020-05-24,264.2565612792969,0.0,320.0173034667969,0.0,0.0,0.0,,,1,0,0.0,10,,0.0,0.0,0.0,0.0,0.0,0.0,,0.0,0.0,0.0,,0.0,0.0,0.0,0,0.0
2020-05-25,264.2565612792969,0.0,333.0496826171875,0.040723982763459565,-0.040723982763459565,0.040723982763459565,,,0,0,0.0,10,inf,0.0,0.0,0.0,0.0,0.0,0.0,,0.0,0.0,0.0,,0.0,0.0,0.0,0,0.0
2020-05-26,267.42401123046875,0.011986267950501839,333.0496826171875,0.0,0.011986267950501839,0.011986267950501839,,,1,0,0.0,10,0.0,0.0,0.0,0.0,0.0,0.0,0.0,,0.0,0.0,0.0,,0.0,0.0,0.0,0,0.0
2020-05-27,268.3290710449219,0.0033843625719649495,336.30780029296875,0.009782677617880209,-0.006398315045915259,0.006398315045915259,,,0,0,0.0,10,3.6228476535405956,0.0,0.0,0.0,0.0,0.0,0.0,,0.0,0.0,0.0,,0.0,0.0,0.0,0,0.0
2020-05-28,266.0665283203125,-0.008431970176763226,333.0496826171875,-0.009687903976485224,0.0012559337997219977,0.0012559337997219977,,,1,0,0.0,10,1.4382008628677805,0.0,0.0,0.0,0.0,0.0,0.0,,0.0,0.0,0.0,,0.0,0.0,0.0,0,0.0
2020-05-29,264.2565612792969,-0.006802685976481149,335.22174072265625,0.006521723991448347,-0.013324409967929496,0.013324409967929496,,,0,0,0.0,10,1.2161534856412786,0.0,0.0,0.0,0.0,0.0,0.0,,0.0,0.0,0.0,,0.0,0.0,0.0,0,0.0
2020-05-30,264.2565612792969,0.0,335.22174072265625,0.0,0.0,0.0,,,1,0,0.0,10,,0.0,0.0,0.0,0.0,0.0,0.0,,0.0,0.0,0.0,,0.0,0.0,0.0,0,0.0
2020-05-31,264.2565612792969,0.0,335.22174072265625,0.0,0.0,0.0,,,1,0,0.0,10,,0.0,0.0,0.0,0.0,0.0,0.0,,0.0,0.0,0.0,,0.0,0.0,0.0,0,0.0
2020-06-01,267.42401123046875,0.011986267950501839,334.13568115234375,-0.003239824386005563,0.015226092336507402,0.015226092336507402,,,1,0,0.0,10,0.337722460048722,0.0,0.0,0.0,0.0,0.0,0.0,,0.0,0.0,0.0,,0.0,0.0,0.0,0,0.0
2020-06-02,268.3290710449219,0.0033843625719649495,351.1501770019531,0.05092091868468218,-0.04753655611271723,0.04753655611271723,,,0,0,0.0,10,19.689945378637255,0.0,0.0,0.0,0.0,0.0,0.0,,0.0,0.0,0.0,,0.0,0.0,0.0,0,0.0
2020-06-03,272.40142822265625,0.01517672744841203,354.77032470703125,0.010309400200182672,0.004867327248229358,0.004867327248229358,,,1,0,0.0,10,0.8846941776086712,0.0,0.0,0.0,0.0,0.0,0.0,,0.0,0.0,0.0,,0.0,0.0,0.0,0,0.0
2020-06-04,276.9263916015625,0.016611379053444786,354.77032470703125,0.0,0.016611379053444786,0.016611379053444786,,,1,0,0.0,10,0.0,0.0,0.0,0.0,0.0,0.0,0.0,,0.0,0.0,0.0,,0.0,0.0,0.0,0,0.0
2020-06-05,281.90380859375,0.017973790664737033,357.6663818359375,0.008163188765288654,0.009810601899448379,0.009810601899448379,,,1,0,0.0,10,0.5762319543780365,0.0,0.0,0.0,0.0,0.0,0.0,,0.0,0.0,0.0,,0.0,0.0,0.0,0,0.0
2020-06-06,281.90380859375,0.0,357.6663818359375,0.0,0.0,0.0,,,1,0,0.0,10,,0.0,0.0,0.0,0.0,0.0,0.0,,0.0,0.0,0.0,,0.0,0.0,0.0,0,0.0
2020-06-07,281.90380859375,0.0,357.6663818359375,0.0,0.0,0.0,,,1,0,0.0,10,,0.0,0.0,0.0,0.0,0.0,0.0,,0.0,0.0,0.0,,0.0,0.0,0.0,0,0.0
2020-06-08,287.78619384765625,0.020866639877091364,358.0284118652344,0.001012200328805113,0.01985443954828625,0.01985443954828625,,,1,0,0.0,10,0.06034780659076168,0.0,0.0,0.0,0.0,0.0,0.0,,0.0,0.0,0.0,,0.0,0.0,0.0,0,0.0
2020-06-09,288.6912536621094,0.0031449035214392573,360.2004699707031,0.006066719940333476,-0.0029218164188942186,0.0029218164188942186,,,0,0,0.0,10,2.406895687571173,0.0,0.0,0.0,0.0,0.0,0.0,,0.0,0.0,0.0,,0.0,0.0,0.0,0,0.0
2020-06-10,291.8587341308594,0.010971861559953222,362.0105285644531,0.005025142232316426,0.005946719327636796,0.005946719327636796,,,1,0,0.0,10,0.5680892177548271,0.0,0.0,0.0,0.0,0.0,0.0,,0.0,0.0,0.0,,0.0,0.0,0.0,0,0.0
2020-06-11,290.0487365722656,-0.006201622041512089,359.4764709472656,-0.006999955573768202,0.0007983335322561125,0.0007983335322561125,,,1,0,0.0,10,1.3989090524906267,0.0,0.0,0.0,0.0,0.0,0.0,,0.0,0.0,0.0,,0.0,0.0,0.0,0,0.0
2020-06-12,285.9762878417969,-0.014040567039167562,356.58038330078125,-0.008056403911089971,-0.005984163128077591,0.005984163128077591,,,0,0,0.0,10,0.7154577743552626,0.0,0.0,0.0,0.0,0.0,0.0,,0.0,0.0,0.0,,0.0,0.0,0.0,0,0.0
2020-06-13,285.9762878417969,0.0,356.58038330078125,0.0,0.0,0.0,,,1,0,0.0,10,,0.0,0.0,0.0,0.0,0.0,0.0,,0.0,0.0,0.0,,0.0,0.0,0.0,0,0.0
2020-06-14,285.9762878417969,0.0,356.58038330078125,0.0,0.0,0.0,,,1,0,0.0,10,,0.0,0.0,0.0,0.0,0.0,0.0,,0.0,0.0,0.0,,0.0,0.0,0.0,0,0.0
2020-06-15,280.0939025878906,-0.020569486016828065,356.58038330078125,0.0,-0.020569486016828065,0.020569486016828065,,,0,0,0.0,10,0.0,0.0,0.0,0.0,0.0,0.0,0.0,,0.0,0.0,0.0,,0.0,0.0,0.0,0,0.0
2020-06-16,285.0712585449219,0.017770311709907283,369.250732421875,0.0355329393159749,-0.017762627606067616,0.017762627606067616,,,0,0,0.0,10,2.5900253852401445,0.0,0.0,0.0,0.0,0.0,0.0,,0.0,0.0,0.0,,0.0,0.0,0.0,0,0.0
2020-06-17,285.0712585449219,0.0,369.250732421875,0.0,0.0,0.0,,,1,0,0.0,10,,0.0,0.0,0.0,0.0,0.0,0.0,,0.0,0.0,0.0,,0.0,0.0,0.0,0,0.0
2020-06-18,286.8957824707031,0.006400238084660392,371.42279052734375,0.005882339328679098,0.0005178987559812942,0.0005178987559812942,,,1,0,0.0,10,1.1898667496121225,0.0,0.0,0.0,0.0,0.0,0.0,,0.0,0.0,0.0,,0.0,0.0,0.0,0,0.0
2020-06-19,286.8957824707031,0.0,395.3155212402344,0.06432758388080573,-0.06432758388080573,0.06432758388080573,,,0,0,0.0,10,inf,0.0,0.0,0.0,0.0,0.0,0.0,,0.0,0.0,0.0,,0.0,0.0,0.0,0,0.0
2020-06-20,286.8957824707031,0.0,395.3155212402344,0.0,0.0,0.0,,,1,0,0.0,10,,0.0,0.0,0.0,0.0,0.0,0.0,,0.0,0.0,0.0,,0.0,0.0,0.0,0,0.0
2020-06-21,286.8957824707031,0.0,395.3155212402344,0.0,0.0,0.0,,,1,0,0.0,10,,0.0,0.0,0.0,0.0,0.0,0.0,,0.0,0.0,0.0,,0.0,0.0,0.0,0,0.0
2020-06-22,284.6152038574219,-0.007949153499717698,417.0361633300781,0.05494507784996383,-0.06289423134968153,0.06289423134968153,,,0,0,0.0,10,10.127996211828677,0.0,0.0,0.0,0.0,0.0,0.0,,0.0,0.0,0.0,,0.0,0.0,0.0,0,0.0
2020-06-23,287.35186767578125,0.009615311414390648,415.5880432128906,-0.0034724089767758093,0.013087720391166457,0.013087720391166457,,,1,0,0.0,10,0.5222958026189753,0.0,0.0,0.0,0.0,0.0,0.0,,0.0,0.0,0.0,,0.0,0.0,0.0,0,0.0
2020-06-24,289.6324462890625,0.007936536594411292,419.9322204589844,0.010453085253630423,-0.002516548659219131,0.002516548659219131,,,0,0,0.0,10,1.9096134079666631,0.0,0.0,0.0,0.0,0.0,0.0,,0.0,0.0,0.0,,0.0,0.0,0.0,0,0.0
2020-06-25,289.6324462890625,0.0,419.9322204589844,0.0,0.0,0.0,,,1,0,0.0,10,,0.0,0.0,0.0,0.0,0.0,0.0,,0.0,0.0,0.0,,0.0,0.0,0.0,0,0.0
2020-06-26,289.6324462890625,0.0,419.9322204589844,0.0,0.0,0.0,,,1,0,0.0,10,,0.0,0.0,0.0,0.0,0.0,0.0,,0.0,0.0,0.0,,0.0,0.0,0.0,0,0.0
2020-06-27,289.6324462890625,0.0,419.9322204589844,0.0,0.0,0.0,,,1,0,0.0,10,,0.0,0.0,0.0,0.0,0.0,0.0,,0.0,0.0,0.0,,0.0,0.0,0.0,0,0.0
2020-06-28,289.6324462890625,0.0,419.9322204589844,0.0,0.0,0.0,0.016416213538714308,0.023748082131773224,1,0,0.0,10,,0.0,0.0,0.0,0.0,0.0,0.0,,0.0,0.0,0.0,0.023748082131773224,0.0,0.0,0.0,0,0.0
2020-06-29,284.6152038574219,-0.017322791337519017,409.0718688964844,-0.02586215354142074,0.008539362203901724,0.008539362203901724,0.01646612961669981,0.023837082328408376,1,0,0.0,10,2.145795502123352,0.0,0.0,0.0,0.0,0.0,0.0,,0.0,0.0,0.0,0.023837082328408376,0.0,0.0,0.0,0,0.0
2020-06-30,285.5274353027344,0.0032051395461272225,419.2082214355469,0.02477890392807125,-0.021573764381944027,0.021573764381944027,0.016468111818292944,0.02389895080939463,0,0,0.0,10,11.350554966421365,0.0,0.0,0.0,0.0,0.0,0.0,,0.0,0.0,0.0,0.02389895080939463,0.0,0.0,0.0,0,0.0
2020-07-01,289.6324462890625,0.014376940632607527,417.7601013183594,-0.003454417263641707,0.017831357896249234,0.017831357896249234,0.01650353293658424,0.023865650008041996,1,0,0.0,10,0.34656768344745437,0.0,0.0,0.0,0.0,0.0,0.0,,0.0,0.0,0.0,0.023865650008041996,0.0,0.0,0.0,0,0.0
2020-07-02,293.73748779296875,0.014173279121529436,415.5880432128906,-0.005199295238138335,0.01937257435966777,0.01937257435966777,0.0165379789037219,0.023871059334021862,1,0,0.0,10,0.5190124874333414,0.0,0.0,0.0,0.0,0.0,0.0,,0.0,0.0,0.0,0.023871059334021862,0.0,0.0,0.0,0,0.0
2020-07-03,300.5791931152344,0.023291903848131845,423.55230712890625,0.01916384276709282,0.004128061081039025,0.004128061081039025,0.016629329298593072,0.023905558466798,1,0,0.0,10,1.1593798492420917,0.0,0.0,0.0,0.0,0.0,0.0,,0.0,0.0,0.0,0.023905558466798,0.0,0.0,0.0,0,0.0
2020-07-04,300.5791931152344,0.0,423.55230712890625,0.0,0.0,0.0,0.01654618403027823,0.023825867898315416,1,0,0.0,10,,0.0,0.0,0.0,0.0,0.0,0.0,,0.0,0.0,0.0,0.023825867898315416,0.0,0.0,0.0,0,0.0
2020-07-05,300.5791931152344,0.0,423.55230712890625,0.0,0.0,0.0,0.016536069170869902,0.023825536061684326,1,0,0.0,10,,0.0,0.0,0.0,0.0,0.0,0.0,,0.0,0.0,0.0,0.023825536061684326,0.0,0.0,0.0,0,0.0
2020-07-06,308.3331298828125,0.02579665174829815,434.24310302734375,0.02524079250307043,0.0005558592452277189,0.0005558592452277189,0.016645464544841077,0.02387990513591367,1,0,0.0,10,1.3780100463087932,0.0,0.0,0.0,0.0,0.0,0.0,,0.0,0.0,0.0,0.02387990513591367,0.0,0.0,0.0,0,0.0
2020-07-07,308.78924560546875,0.0014792952117392844,455.6235656738281,0.049236159417224146,-0.04775686420548486,0.04775686420548486,0.016549024625324954,0.024117873895751395,0,1,1.0,10,49.110383969087,492.0,-10.0,-151924.30883789062,4556.235656738281,0.0,0.0,Opened,-151924.30883789062,4556.235656738281,0.0,0.024117873895751395,156480.5444946289,0.0,0.0,0,0.0
2020-07-08,311.06982421875,0.007385550648985717,487.3254699707031,0.06957915850992169,-0.06219360786093597,0.06219360786093597,0.0165521790892947,0.02461068321014776,0,1,0.0,10,14.759019881845944,-492.0,10.0,153046.353515625,-4873.254699707031,1122.044677734375,-317.01904296875,Live,0.0,0.0,0.0,0.02461068321014776,157919.60821533203,805.025634765625,0.005097692704935846,0,0.0
2020-07-09,314.7187194824219,0.011730148601961199,479.9529724121094,-0.01512848806986622,0.02685863667182742,0.02685863667182742,0.016574235586817712,0.024645991742693333,1,0,-1.0,10,1.9668358844340175,-492.0,10.0,154841.60998535156,-4799.529724121094,2917.3011474609375,-243.2940673828125,Closed,154841.60998535156,-4799.529724121094,2674.007080078125,0.024645991742693333,159641.13970947266,2674.007080078125,0.01675011268990243,0,2674.007080078125
2020-07-10,317.9114685058594,0.010144769998709391,454.1489562988281,-0.05376363434858522,0.06390840434729461,0.06390840434729461,0.016590372172981774,0.02500189860844061,1,1,1.0,10,7.570743613192758,-76.0,10.0,24161.271606445312,-4541.489562988281,0.0,0.0,Opened,24161.271606445312,-4541.489562988281,0.0,0.02500189860844061,28702.761169433594,0.0,0.0,0,0.0
2020-07-11,317.9114685058594,0.0,454.1489562988281,0.0,0.0,0.0,0.016585248085226063,0.024929264082552288,1,1,0.0,10,,76.0,-10.0,-24161.271606445312,4541.489562988281,0.0,0.0,Live,0.0,0.0,0.0,0.024929264082552288,28702.761169433594,0.0,0.0,0,0.0
2020-07-12,317.9114685058594,0.0,454.1489562988281,0.0,0.0,0.0,0.01655735582330994,0.02489846229805882,1,1,0.0,10,,76.0,-10.0,-24161.271606445312,4541.489562988281,0.0,0.0,Live,0.0,0.0,0.0,0.02489846229805882,28702.761169433594,0.0,0.0,0,0.0
2020-07-13,323.3849182128906,0.017216899197615376,463.7333679199219,0.021104114604167945,-0.003887215406552569,0.003887215406552569,0.016552325708758076,0.024935851206163283,0,0,-1.0,10,1.7577648870398657,76.0,-10.0,-24577.253784179688,4637.333679199219,-415.982177734375,95.8441162109375,Closed,-24577.253784179688,4637.333679199219,-320.1380615234375,0.024935851206163283,29214.587463378906,-320.1380615234375,-0.010958157869753841,0,-320.1380615234375
2020-07-14,331.594970703125,0.025387864516395187,450.4627380371094,-0.02861693982112601,0.054004804337521195,0.054004804337521195,0.016608694087156976,0.025034841969478385,1,1,1.0,10,1.531256536128445,-16.0,10.0,5305.51953125,-4504.627380371094,0.0,0.0,Opened,5305.51953125,-4504.627380371094,0.0,0.025034841969478385,9810.146911621094,0.0,0.0,0,0.0
2020-07-15,331.138916015625,-0.0013753365635581494,448.9882507324219,-0.003273272526630233,0.0018979359630720838,0.0018979359630720838,0.016604892613472127,0.025037032876747814,1,1,0.0,10,3.2269923068136337,16.0,-10.0,-5298.22265625,4489.882507324219,7.296875,-14.744873046875,Live,0.0,0.0,0.0,0.025037032876747814,9788.105163574219,-7.447998046875,-0.0007609233781623259,0,0.0
2020-07-16,326.1215515136719,-0.015151841898631946,441.6156921386719,-0.016420382007153567,0.0012685401085216208,0.0012685401085216208,0.01664688185213681,0.0250759725209469,1,1,0.0,10,1.467515927652606,16.0,-10.0,-5217.94482421875,4416.156921386719,87.57470703125,-88.470458984375,Live,0.0,0.0,0.0,0.0250759725209469,9634.101745605469,-0.895751953125,-9.29772153935982e-05,0,0.0
2020-07-17,334.7877502441406,0.026573523553549805,447.5137023925781,0.013355526895666214,0.01321799665788359,0.01321799665788359,0.01675872630512175,0.02508864577374412,1,1,0.0,10,0.6718133979345744,16.0,-10.0,-5356.60400390625,4475.137023925781,-51.08447265625,-29.4903564453125,Live,0.0,0.0,0.0,0.02508864577374412,9831.741027832031,-80.5748291015625,-0.008195377489446529,0,0.0
2020-07-18,334.7877502441406,0.0,447.5137023925781,0.0,0.0,0.0,0.01675872630512175,0.02508527129890614,1,1,0.0,10,,16.0,-10.0,-5356.60400390625,4475.137023925781,-51.08447265625,-29.4903564453125,Live,0.0,0.0,0.0,0.02508527129890614,9831.741027832031,-80.5748291015625,-0.008195377489446529,0,0.0
2020-07-19,334.7877502441406,0.0,447.5137023925781,0.0,0.0,0.0,0.01675872630512175,0.02508527129890614,1,1,0.0,10,,16.0,-10.0,-5356.60400390625,4475.137023925781,-51.08447265625,-29.4903564453125,Live,0.0,0.0,0.0,0.02508527129890614,9831.741027832031,-80.5748291015625,-0.008195377489446529,0,0.0
2020-07-20,333.8755187988281,-0.0027248053270982897,443.0902099609375,-0.009884596623502162,0.007159791296403872,0.007159791296403872,0.01676066249697421,0.025101532055224744,1,1,0.0,10,4.814276725197679,16.0,-10.0,-5342.00830078125,4430.902099609375,-36.48876953125,-73.72528076171875,Live,0.0,0.0,0.0,0.025101532055224744,9772.910400390625,-110.21405029296875,-0.011277505448997412,0,0.0
2020-07-21,349.3834228515625,0.046448161603841465,469.63134765625,0.05990007700159383,-0.013451915397752368,0.013451915397752368,0.017102929771952005,0.025463721522544405,0,0,-1.0,10,1.7334592393777242,16.0,-10.0,-5590.134765625,4696.3134765625,-284.615234375,191.68609619140625,Closed,-5590.134765625,4696.3134765625,-92.92913818359375,0.025463721522544405,10286.4482421875,-92.92913818359375,-0.00903413267588965,0,-92.92913818359375
2020-07-22,350.2956848144531,0.0026110625267936616,489.5372619628906,0.042386255529967,-0.03977519300317334,0.03977519300317334,0.017103167279515722,0.025633548257331912,0,1,1.0,10,22.686042800039736,227.0,-10.0,-79517.12045288086,4895.372619628906,0.0,0.0,Opened,-79517.12045288086,4895.372619628906,0.0,0.025633548257331912,84412.49307250977,0.0,0.0,0,0.0
2020-07-23,348.01507568359375,-0.006510525906327946,499.1216125488281,0.019578388267130542,-0.02608891417345849,0.02608891417345849,0.017112248627252767,0.025662321744987147,0,1,0.0,10,4.312897965373977,-227.0,10.0,78999.42218017578,-4991.216125488281,-517.6982727050781,-95.843505859375,Live,0.0,0.0,0.0,0.025662321744987147,83990.63830566406,-613.5417785644531,-0.007304882912445705,0,0.0
2020-07-24,352.12005615234375,0.011795409899087561,497.6470947265625,-0.002954225553840062,0.014749635452927623,0.014749635452927623,0.017130979536432542,0.025665257646963594,1,0,-1.0,10,0.353965816888012,-227.0,10.0,79931.25274658203,-4976.470947265625,414.1322937011719,-81.09832763671875,Closed,79931.25274658203,-4976.470947265625,333.0339660644531,0.025665257646963594,84907.72369384766,333.0339660644531,0.0039223047277215425,0,333.0339660644531
2020-07-25,352.12005615234375,0.0,497.6470947265625,0.0,0.0,0.0,0.017130979536432542,0.025665257646963594,1,0,0.0,10,,0.0,0.0,0.0,0.0,0.0,0.0,,0.0,0.0,0.0,0.025665257646963594,0.0,0.0,0.0,0,0.0
2020-07-26,352.12005615234375,0.0,497.6470947265625,0.0,0.0,0.0,0.017130979536432542,0.025665257646963594,1,0,0.0,10,,0.0,0.0,0.0,0.0,0.0,0.0,,0.0,0.0,0.0,0.025665257646963594,0.0,0.0,0.0,0,0.0
2020-07-27,387.2408142089844,0.09974086236498203,536.7216186523438,0.07851854123101254,0.02122232113396949,0.02122232113396949,0.018642775548819445,0.026272690197772213,1,0,0.0,10,1.0911063105731187,0.0,0.0,0.0,0.0,0.0,0.0,,0.0,0.0,0.0,0.026272690197772213,0.0,0.0,0.0,0,0.0
2020-07-28,396.81927490234375,0.024735152757400458,501.3333740234375,-0.06593407718094668,0.09066922993834714,0.09066922993834714,0.018323236725999437,0.025955515828265923,1,1,1.0,10,3.3676674007695873,-34.0,10.0,13491.855346679688,-5013.333740234375,0.0,0.0,Opened,13491.855346679688,-5013.333740234375,0.0,0.025955515828265923,18505.189086914062,0.0,0.0,0,0.0
2020-07-29,384.96026611328125,-0.029885163194204645,502.80780029296875,0.0029410096074360403,-0.032826172801640685,0.032826172801640685,0.018464132376730898,0.025948433938908638,0,0,-1.0,10,0.12853663082726605,34.0,-10.0,-13088.649047851562,5028.0780029296875,403.206298828125,14.7442626953125,Closed,-13088.649047851562,5028.0780029296875,417.9505615234375,0.025948433938908638,18116.72705078125,417.9505615234375,0.023069871304674437,0,417.9505615234375
2020-07-30,395.90704345703125,0.028436122653055174,503.545166015625,0.0014664961884574002,0.026969626464597773,0.026969626464597773,0.01856996558710035,0.025947536429949174,1,1,1.0,10,0.06559273843690902,-1.0,10.0,395.90704345703125,-5035.45166015625,0.0,0.0,Opened,395.90704345703125,-5035.45166015625,0.0,0.025947536429949174,5431.358703613281,0.0,0.0,0,0.0
2020-07-31,388.1531066894531,-0.019585245818996566,516.8157348632812,0.026354277120087533,-0.0459395229390841,0.0459395229390841,0.018638770221689586,0.026001521122576466,0,0,-1.0,10,1.791656471488585,1.0,-10.0,-388.1531066894531,5168.1573486328125,7.753936767578125,132.7056884765625,Closed,-388.1531066894531,5168.1573486328125,140.45962524414062,0.026001521122576466,5556.310455322266,140.45962524414062,0.02527929754349804,0,140.45962524414062
2020-08-01,388.1531066894531,0.0,516.8157348632812,0.0,0.0,0.0,0.0185932504069946,0.02596327959319724,1,0,0.0,10,,0.0,0.0,0.0,0.0,0.0,0.0,,0.0,0.0,0.0,0.02596327959319724,0.0,0.0,0.0,0,0.0
2020-08-02,388.1531066894531,0.0,516.8157348632812,0.0,0.0,0.0,0.018459012895764505,0.025927943492553274,1,0,0.0,10,,0.0,0.0,0.0,0.0,0.0,0.0,,0.0,0.0,0.0,0.025927943492553274,0.0,0.0,0.0,0,0.0
2020-08-03,379.48687744140625,-0.02232683211519526,513.1294555664062,-0.007132676209733013,-0.015194155905462248,0.015194155905462248,0.018540568868497632,0.02585571975264605,0,0,0.0,10,0.43197198846216445,0.0,0.0,0.0,0.0,0.0,0.0,,0.0,0.0,0.0,0.02585571975264605,0.0,0.0,0.0,0,0.0
2020-08-04,388.1531066894531,0.022836703357113963,539.6705932617188,0.051724057949500635,-0.02888735459238667,0.02888735459238667,0.01858029209144886,0.026101249254893873,0,1,1.0,10,3.149088503800722,32.0,-10.0,-12420.8994140625,5396.7059326171875,0.0,0.0,Opened,-12420.8994140625,5396.7059326171875,0.0,0.026101249254893873,17817.605346679688,0.0,0.0,0,0.0
2020-08-05,391.3458557128906,0.008225488778560441,538.1961059570312,-0.0027321987210305876,0.010957687499591029,0.010957687499591029,0.018551794055573605,0.026101414192622723,1,0,-1.0,10,0.4568045084715721,-32.0,10.0,12523.0673828125,-5381.9610595703125,102.16796875,14.744873046875,Closed,12523.0673828125,-5381.9610595703125,116.912841796875,0.026101414192622723,17905.028442382812,116.912841796875,0.0065296093872787035,0,116.912841796875
2020-08-06,396.81927490234375,0.01398614322740821,539.6705932617188,0.00273968408237657,0.01124645914503164,0.01124645914503164,0.018573662850883597,0.026099834389943028,1,0,0.0,10,0.26640263111782303,0.0,0.0,0.0,0.0,0.0,0.0,,0.0,0.0,0.0,0.026099834389943028,0.0,0.0,0.0,0,0.0
2020-08-07,394.9948425292969,-0.004597640509009682,519.7646484375,-0.036885361316259746,0.032287720807250064,0.032287720807250064,0.01857936295095774,0.02627618373957655,1,1,1.0,10,10.556849838196024,-106.0,10.0,41869.45330810547,-5197.646484375,0.0,0.0,Opened,41869.45330810547,-5197.646484375,0.0,0.02627618373957655,47067.09979248047,0.0,0.0,0,0.0
2020-08-08,394.9948425292969,0.0,519.7646484375,0.0,0.0,0.0,0.018578181402273446,0.02627328930745779,1,1,0.0,10,,106.0,-10.0,-41869.45330810547,5197.646484375,0.0,0.0,Live,0.0,0.0,0.0,0.02627328930745779,47067.09979248047,0.0,0.0,0,0.0
2020-08-09,394.9948425292969,0.0,519.7646484375,0.0,0.0,0.0,0.018562302585520874,0.026220919075526122,1,1,0.0,10,,106.0,-10.0,-41869.45330810547,5197.646484375,0.0,0.0,Live,0.0,0.0,0.0,0.026220919075526122,47067.09979248047,0.0,0.0,0,0.0
2020-08-10,397.2753601074219,0.005773537607534296,520.5018920898438,0.0014184182294043612,0.004355119378129935,0.004355119378129935,0.018553045429913213,0.02615028061003596,1,1,0.0,10,0.3218792551471138,106.0,-10.0,-42111.18817138672,5205.0189208984375,-241.73486328125,7.3724365234375,Live,0.0,0.0,0.0,0.02615028061003596,47316.207092285156,-234.3624267578125,-0.004953111019670572,0,0.0
2020-08-11,391.3458557128906,-0.01492542702101618,510.9176330566406,-0.018413495087831078,0.0034880680668148978,0.0034880680668148978,0.018594105586934067,0.02618065858831682,1,1,0.0,10,1.6106442165426804,106.0,-10.0,-41482.660705566406,5109.176330566406,386.7926025390625,-88.47015380859375,Live,0.0,0.0,0.0,0.02618065858831682,46591.83703613281,298.32244873046875,0.006402890886210696,0,0.0
2020-08-12,382.22357177734375,-0.023310030762761946,501.3333740234375,-0.018758912225956825,-0.004551118536805121,0.004551118536805121,0.018686548270808203,0.026220574061405353,0,0,-1.0,10,1.0555381995494446,106.0,-10.0,-40515.69860839844,5013.333740234375,1353.7546997070312,-184.312744140625,Closed,-40515.69860839844,5013.333740234375,1169.4419555664062,0.026220574061405353,45529.03234863281,1169.4419555664062,0.02568563167808075,0,1169.4419555664062
2020-08-13,391.3458557128906,0.023866356261410537,504.28240966796875,0.0058823844518145485,0.01798397180959599,0.01798397180959599,0.01876028257859885,0.02622008325011827,1,0,0.0,10,0.31759990670119437,0.0,0.0,0.0,0.0,0.0,0.0,,0.0,0.0,0.0,0.02622008325011827,0.0,0.0,0.0,0,0.0
2020-08-14,389.52154541015625,-0.004661631843299152,501.3333740234375,-0.00584798435954359,0.0011863525162444377,0.0011863525162444377,0.018765783154927728,0.026227878193757263,1,0,0.0,10,1.6145941064465321,0.0,0.0,0.0,0.0,0.0,0.0,,0.0,0.0,0.0,0.026227878193757263,0.0,0.0,0.0,0,0.0
2020-08-15,389.52154541015625,0.0,501.3333740234375,0.0,0.0,0.0,0.01874439727569294,0.026178129968256015,1,0,0.0,10,,0.0,0.0,0.0,0.0,0.0,0.0,,0.0,0.0,0.0,0.026178129968256015,0.0,0.0,0.0,0,0.0
2020-08-16,389.52154541015625,0.0,501.3333740234375,0.0,0.0,0.0,0.018606500214716208,0.026142719983158327,1,0,0.0,10,,0.0,0.0,0.0,0.0,0.0,0.0,,0.0,0.0,0.0,0.026142719983158327,0.0,0.0,0.0,0,0.0
2020-08-17,396.81927490234375,0.01873511126195382,505.01959228515625,0.007352828382708898,0.01138228287924492,0.01138228287924492,0.018627219368071834,0.02612762849527825,1,0,0.0,10,0.49947484489128335,0.0,0.0,0.0,0.0,0.0,0.0,,0.0,0.0,0.0,0.02612762849527825,0.0,0.0,0.0,0,0.0
2020-08-18,394.9948425292969,-0.004597640509009682,454.88629150390625,-0.09927001159381266,0.09467237108480298,0.09467237108480298,0.0186298378608093,0.027216568316250585,1,1,1.0,10,24.865344809261874,-249.0,10.0,98353.71578979492,-4548.8629150390625,0.0,0.0,Opened,98353.71578979492,-4548.8629150390625,0.0,0.027216568316250585,102902.57870483398,0.0,0.0,0,0.0
2020-08-19,389.9775390625,-0.01270219994435684,448.9882507324219,-0.012965967279393698,0.00026376733503685745,0.00026376733503685745,0.018659757419334275,0.02720864176513605,1,1,0.0,10,1.1752259126494347,249.0,-10.0,-97104.4072265625,4489.882507324219,1249.3085632324219,-58.98040771484375,Live,0.0,0.0,0.0,0.02720864176513605,101594.28973388672,1190.3281555175781,0.01171648680881072,0,0.0
2020-08-20,378.5746765136719,-0.029239793082033505,416.54901123046875,-0.07224964004968037,0.04300984696764687,0.04300984696764687,0.018802178901644127,0.02777971686763317,1,1,0.0,10,2.718791733523197,249.0,-10.0,-94265.0944519043,4165.4901123046875,4088.621337890625,-383.372802734375,Live,0.0,0.0,0.0,0.02777971686763317,98430.58456420898,3705.24853515625,0.037643264556040654,0,0.0
2020-08-21,387.2408142089844,0.02289148808134689,445.30194091796875,0.06902652247946772,-0.04613503439812083,0.04613503439812083,0.018868393215330608,0.028216968742447657,0,0,-1.0,10,3.467491719218421,249.0,-10.0,-96422.96273803711,4453.0194091796875,1930.7530517578125,-95.843505859375,Closed,-96422.96273803711,4453.0194091796875,1834.9095458984375,0.028216968742447657,100875.9821472168,1834.9095458984375,0.01818975643994821,0,1834.9095458984375
2020-08-22,387.2408142089844,0.0,445.30194091796875,0.0,0.0,0.0,0.01882510338389459,0.02812018982083752,1,0,0.0,10,,0.0,0.0,0.0,0.0,0.0,0.0,,0.0,0.0,0.0,0.02812018982083752,0.0,0.0,0.0,0,0.0
2020-08-23,387.2408142089844,0.0,445.30194091796875,0.0,0.0,0.0,0.01882269204233561,0.028121071314002516,1,0,0.0,10,,0.0,0.0,0.0,0.0,0.0,0.0,,0.0,0.0,0.0,0.028121071314002516,0.0,0.0,0.0,0,0.0
2020-08-24,390.4337158203125,0.008245261073139387,431.2940979003906,-0.03145695477702526,0.039702215850164646,0.039702215850164646,0.01880468110940843,0.028224058359830675,1,1,1.0,10,4.2144263394537465,-43.0,10.0,16788.649780273438,-4312.940979003906,0.0,0.0,Opened,16788.649780273438,-4312.940979003906,0.0,0.028224058359830675,21101.590759277344,0.0,0.0,0,0.0
2020-08-25,396.3631286621094,0.015186733628623772,434.24310302734375,0.006837573575222411,0.008349160053401361,0.008349160053401361,0.01881624879243576,0.028040999756124136,1,1,0.0,10,0.49326161272617053,43.0,-10.0,-17043.614532470703,4342.4310302734375,-254.96475219726562,29.49005126953125,Live,0.0,0.0,0.0,0.028040999756124136,21386.04556274414,-225.47470092773438,-0.010543075870020858,0,0.0
2020-08-26,403.2049255371094,0.017261436244319528,426.1333312988281,-0.018675648897997443,0.03593708514231697,0.03593708514231697,0.018849739999110434,0.028087530992793933,1,1,0.0,10,1.1434533428286653,43.0,-10.0,-17337.811798095703,4261.333312988281,-549.1620178222656,-51.607666015625,Live,0.0,0.0,0.0,0.028087530992793933,21599.145111083984,-600.7696838378906,-0.027814512136852813,0,0.0
2020-08-27,405.029296875,0.004524675226773134,411.38824462890625,-0.034602049609636865,0.03912672483641,0.03912672483641,0.018849889967069045,0.02822711215043326,1,1,0.0,10,7.767474787514004,43.0,-10.0,-17416.259765625,4113.8824462890625,-627.6099853515625,-199.05853271484375,Live,0.0,0.0,0.0,0.02822711215043326,21530.142211914062,-826.6685180664062,-0.038395868913905985,1,-826.6685180664062
2020-08-28,396.81927490234375,-0.02027019288728149,423.1842956542969,0.028673767856520316,-0.048943960743801807,0.048943960743801807,0.018923290432730396,0.02829129643468179,0,0,-1.0,10,1.5085637476808813,43.0,-10.0,-17063.22882080078,4231.842956542969,-274.57904052734375,-81.0980224609375,Closed,-17063.22882080078,4231.842956542969,-355.67706298828125,0.02829129643468179,21295.07177734375,-355.67706298828125,-0.016702318109427232,0,0.0
2020-08-29,396.81927490234375,0.0,423.1842956542969,0.0,0.0,0.0,0.018876489858429903,0.028289492478558442,1,0,0.0,10,,0.0,0.0,0.0,0.0,0.0,0.0,,0.0,0.0,0.0,0.028289492478558442,0.0,0.0,0.0,0,0.0
2020-08-30,396.81927490234375,0.0,423.1842956542969,0.0,0.0,0.0,0.018824645153594798,0.028243341806566354,1,0,0.0,10,,0.0,0.0,0.0,0.0,0.0,0.0,,0.0,0.0,0.0,0.028243341806566354,0.0,0.0,0.0,0,0.0
2020-08-31,389.06536865234375,-0.019540145200628745,409.9136962890625,-0.03135891265699342,0.011818767456364676,0.011818767456364676,0.018884662312719732,0.028354091047671892,1,0,0.0,10,1.6908421404837544,0.0,0.0,0.0,0.0,0.0,0.0,,0.0,0.0,0.0,0.028354091047671892,0.0,0.0,0.0,0,0.0
2020-09-01,396.81927490234375,0.01992957192992595,424.65887451171875,0.03597142119461716,-0.01604184926469121,0.01604184926469121,0.01892756382205229,0.028332378036225517,0,0,0.0,10,1.9315549661922802,0.0,0.0,0.0,0.0,0.0,0.0,,0.0,0.0,0.0,0.028332378036225517,0.0,0.0,0.0,0,0.0
2020-09-02,394.9948425292969,-0.004597640509009682,439.4039306640625,0.034722119417138986,-0.03931975992614867,0.03931975992614867,0.018828075111315044,0.028393729997533455,0,1,1.0,10,8.401246514991907,85.0,-10.0,-33574.561614990234,4394.039306640625,0.0,0.0,Opened,-33574.561614990234,4394.039306640625,0.0,0.028393729997533455,37968.60092163086,0.0,0.0,0,0.0
2020-09-03,397.7315368652344,0.0069284305547216984,444.5647277832031,0.011744995342534148,-0.0048165647878124496,0.0048165647878124496,0.018830961867847433,0.028400229663244438,0,1,0.0,10,1.894798161261519,-85.0,10.0,33807.18063354492,-4445.647277832031,232.6190185546875,-51.60797119140625,Live,0.0,0.0,0.0,0.028400229663244438,38252.82791137695,181.01104736328125,0.004731965118569597,0,0.0
2020-09-04,391.3458557128906,-0.016055254764742122,444.5647277832031,0.0,-0.016055254764742122,0.016055254764742122,0.018878828350235067,0.028400229663244438,0,1,0.0,10,0.0,-85.0,10.0,33264.3977355957,-4445.647277832031,-310.16387939453125,-51.60797119140625,Live,0.0,0.0,0.0,0.028400229663244438,37710.045013427734,-361.7718505859375,-0.009593514154043527,0,0.0
2020-09-05,391.3458557128906,0.0,444.5647277832031,0.0,0.0,0.0,0.01872511687595646,0.02828128564001363,1,0,-1.0,10,,-85.0,10.0,33264.3977355957,-4445.647277832031,-310.16387939453125,-51.60797119140625,Closed,33264.3977355957,-4445.647277832031,-361.7718505859375,0.02828128564001363,37710.045013427734,-361.7718505859375,-0.009593514154043527,0,-361.7718505859375
2020-09-06,391.3458557128906,0.0,444.5647277832031,0.0,0.0,0.0,0.018724660833873162,0.028257375743678505,1,0,0.0,10,,0.0,0.0,0.0,0.0,0.0,0.0,,0.0,0.0,0.0,0.028257375743678505,0.0,0.0,0.0,0,0.0
2020-09-07,388.6091613769531,-0.00699303262315687,440.87847900390625,-0.008291815677051506,0.0012987830538946366,0.0012987830538946366,0.01868636772707839,0.02817331611119613,1,0,0.0,10,1.3452095755179334,0.0,0.0,0.0,0.0,0.0,0.0,,0.0,0.0,0.0,0.02817331611119613,0.0,0.0,0.0,0,0.0
2020-09-08,393.1703796386719,0.011737289583078958,445.30194091796875,0.010033290633864933,0.001703998949214025,0.001703998949214025,0.018575588823462403,0.027569609678633325,1,0,0.0,10,0.9681649793008702,0.0,0.0,0.0,0.0,0.0,0.0,,0.0,0.0,0.0,0.027569609678633325,0.0,0.0,0.0,0,0.0
2020-09-09,389.52154541015625,-0.009280542018116789,438.6666564941406,-0.014900641147329807,0.005620099129213019,0.005620099129213019,0.018557565179764843,0.027591739156429467,1,0,0.0,10,1.8081512429010533,0.0,0.0,0.0,0.0,0.0,0.0,,0.0,0.0,0.0,0.027591739156429467,0.0,0.0,0.0,0,0.0
2020-09-10,396.81927490234375,0.01873511126195382,441.6156921386719,0.006722725789327644,0.012012385472626175,0.012012385472626175,0.01859642536927979,0.027591421830318364,1,0,0.0,10,0.39933820231499034,0.0,0.0,0.0,0.0,0.0,0.0,,0.0,0.0,0.0,0.027591421830318364,0.0,0.0,0.0,0,0.0
2020-09-11,398.1875915527344,0.0034482111553864048,438.6666564941406,-0.006677832552211993,0.010126043707598398,0.010126043707598398,0.018595588561070353,0.027600795054814914,1,0,0.0,10,2.1334799928972217,0.0,0.0,0.0,0.0,0.0,0.0,,0.0,0.0,0.0,0.027600795054814914,0.0,0.0,0.0,0,0.0
2020-09-12,398.1875915527344,0.0,438.6666564941406,0.0,0.0,0.0,0.01822910613244193,0.02716685929046623,1,0,0.0,10,,0.0,0.0,0.0,0.0,0.0,0.0,,0.0,0.0,0.0,0.02716685929046623,0.0,0.0,0.0,0,0.0
2020-09-13,398.1875915527344,0.0,438.6666564941406,0.0,0.0,0.0,0.018056293719982935,0.027135063619420443,1,0,0.0,10,,0.0,0.0,0.0,0.0,0.0,0.0,,0.0,0.0,0.0,0.027135063619420443,0.0,0.0,0.0,0,0.0
2020-09-14,402.2926025390625,0.010309238844738111,448.9882507324219,0.023529470693697707,-0.013220231848959596,0.013220231848959596,0.01789587262688514,0.026930081566777682,0,0,0.0,10,2.5472905580161562,0.0,0.0,0.0,0.0,0.0,0.0,,0.0,0.0,0.0,0.026930081566777682,0.0,0.0,0.0,0,0.0
2020-09-15,405.9415588378906,0.009070403670855098,450.4627380371094,0.00328402202570377,0.005786381645151328,0.005786381645151328,0.017646870049277657,0.025959926814481043,1,0,0.0,10,0.401767500325158,0.0,0.0,0.0,0.0,0.0,0.0,,0.0,0.0,0.0,0.025959926814481043,0.0,0.0,0.0,0,0.0
2020-09-16,417.8005065917969,0.029213436012453187,454.88629150390625,0.009820020821416975,0.019393415191036212,0.019393415191036212,0.016565018697509513,0.024996427265226225,1,0,0.0,10,0.3659853107705173,0.0,0.0,0.0,0.0,0.0,0.0,,0.0,0.0,0.0,0.024996427265226225,0.0,0.0,0.0,0,0.0
2020-09-17,411.37994384765625,-0.015367532214157209,441.6156921386719,-0.02917344315072734,0.013805910936570132,0.013805910936570132,0.016620690880042963,0.02511942906559107,1,0,0.0,10,2.0379097134429105,0.0,0.0,0.0,0.0,0.0,0.0,,0.0,0.0,0.0,0.02511942906559107,0.0,0.0,0.0,0,0.0
2020-09-18,407.2523193359375,-0.010033606580604926,450.4627380371094,0.020033359447878096,-0.030066966028483022,0.030066966028483022,0.01664772455545509,0.025144890006697226,0,1,1.0,10,2.2084726286735887,23.0,-10.0,-9366.803344726562,4504.627380371094,0.0,0.0,Opened,-9366.803344726562,4504.627380371094,0.0,0.025144890006697226,13871.430725097656,0.0,0.0,0,0.0
2020-09-19,407.2523193359375,0.0,450.4627380371094,0.0,0.0,0.0,0.016061139411431818,0.02510694925125949,1,0,-1.0,10,,-23.0,10.0,9366.803344726562,-4504.627380371094,0.0,0.0,Closed,9366.803344726562,-4504.627380371094,0.0,0.02510694925125949,13871.430725097656,0.0,0.0,0,0.0
2020-09-20,407.2523193359375,0.0,450.4627380371094,0.0,0.0,0.0,0.01569271931843026,0.024598168573881814,1,0,0.0,10,,0.0,0.0,0.0,0.0,0.0,0.0,,0.0,0.0,0.0,0.024598168573881814,0.0,0.0,0.0,0,0.0
2020-09-21,403.5833740234375,-0.009009022510866327,454.1489562988281,0.008183181316575583,-0.01719220382744191,0.01719220382744191,0.015527610718337845,0.02458937832770715,0,0,0.0,10,1.0221380500698551,0.0,0.0,0.0,0.0,0.0,0.0,,0.0,0.0,0.0,0.02458937832770715,0.0,0.0,0.0,0,0.0
2020-09-22,400.8316345214844,-0.00681826774606753,444.5647277832031,-0.021103711420441096,0.014285443674373566,0.014285443674373566,0.015532128026930592,0.024597711974449505,1,0,0.0,10,3.4328735044724734,0.0,0.0,0.0,0.0,0.0,0.0,,0.0,0.0,0.0,0.024597711974449505,0.0,0.0,0.0,0,0.0
2020-09-23,397.6214294433594,-0.008008861580891313,454.88629150390625,0.023217234916883767,-0.03122609649777508,0.03122609649777508,0.015414217406658737,0.024619624619152066,0,1,1.0,10,3.316444812585403,34.0,-10.0,-13519.128601074219,4548.8629150390625,0.0,0.0,Opened,-13519.128601074219,4548.8629150390625,0.0,0.024619624619152066,18067.99151611328,0.0,0.0,0,0.0
2020-09-24,387.9903869628906,-0.024221638390947597,442.35296630859375,-0.02755265531057416,0.0033310169196265615,0.0033310169196265615,0.015543655825723753,0.024728279749761307,1,0,-1.0,10,1.296904273710716,-34.0,10.0,13191.673156738281,-4423.5296630859375,-327.4554443359375,125.333251953125,Closed,13191.673156738281,-4423.5296630859375,-202.1221923828125,0.024728279749761307,17615.20281982422,-202.1221923828125,-0.011474304011722385,0,-202.1221923828125
2020-09-25,388.9076232910156,0.002364069726842777,431.2940979003906,-0.02500010003434283,0.02736416976118561,0.02736416976118561,0.015542421213172394,0.024818454835423002,1,1,1.0,10,11.727583225496339,-118.0,10.0,45891.099548339844,-4312.940979003906,0.0,0.0,Opened,45891.099548339844,-4312.940979003906,0.0,0.024818454835423002,50204.04052734375,0.0,0.0,0,0.0
2020-09-26,388.9076232910156,0.0,431.2940979003906,0.0,0.0,0.0,0.015449665318906687,0.024798516061750844,1,1,0.0,10,,118.0,-10.0,-45891.099548339844,4312.940979003906,0.0,0.0,Live,0.0,0.0,0.0,0.024798516061750844,50204.04052734375,0.0,0.0,0,0.0
2020-09-27,388.9076232910156,0.0,431.2940979003906,0.0,0.0,0.0,0.015366289060707241,0.024696298082444598,1,1,0.0,10,,118.0,-10.0,-45891.099548339844,4312.940979003906,0.0,0.0,Live,0.0,0.0,0.0,0.024696298082444598,50204.04052734375,0.0,0.0,0,0.0
2020-09-28,395.7868957519531,0.017688705617862954,444.5647277832031,0.030769328742072055,-0.013080623124209101,0.013080623124209101,0.015381773902411803,0.024749722219736543,0,0,-1.0,10,1.9538695244737718,118.0,-10.0,-46702.85369873047,4445.647277832031,-811.754150390625,132.706298828125,Closed,-46702.85369873047,4445.647277832031,-679.0478515625,0.024749722219736543,51148.5009765625,-679.0478515625,-0.013276006893606841,0,-679.0478515625
2020-09-29,395.3282775878906,-0.001158750249149021,449.7254638671875,0.01160851448948308,-0.0127672647386321,0.0127672647386321,0.015383181013566581,0.024755172135577826,0,0,0.0,10,11.396628860890335,0.0,0.0,0.0,0.0,0.0,0.0,,0.0,0.0,0.0,0.024755172135577826,0.0,0.0,0.0,0,0.0
2020-09-30,397.1628112792969,0.004640532426872568,447.5137023925781,-0.004918025889818267,0.009558558316690835,0.009558558316690835,0.015382416460297069,0.024762054315547774,1,0,0.0,10,1.1941551617888995,0.0,0.0,0.0,0.0,0.0,0.0,,0.0,0.0,0.0,0.024762054315547774,0.0,0.0,0.0,0,0.0
2020-10-01,397.1628112792969,0.0,447.5137023925781,0.0,0.0,0.0,0.015382416460297069,0.024762054315547774,1,0,0.0,10,,0.0,0.0,0.0,0.0,0.0,0.0,,0.0,0.0,0.0,0.024762054315547774,0.0,0.0,0.0,0,0.0
2020-10-02,397.1628112792969,0.0,447.5137023925781,0.0,0.0,0.0,0.015382416460297069,0.024762054315547774,1,0,0.0,10,,0.0,0.0,0.0,0.0,0.0,0.0,,0.0,0.0,0.0,0.024762054315547774,0.0,0.0,0.0,0,0.0
2020-10-03,397.1628112792969,0.0,447.5137023925781,0.0,0.0,0.0,0.015357673922507363,0.02472984226971547,1,0,0.0,10,,0.0,0.0,0.0,0.0,0.0,0.0,,0.0,0.0,0.0,0.02472984226971547,0.0,0.0,0.0,0,0.0
2020-10-04,397.1628112792969,0.0,447.5137023925781,0.0,0.0,0.0,0.015248528827806987,0.02470902965525424,1,0,0.0,10,,0.0,0.0,0.0,0.0,0.0,0.0,,0.0,0.0,0.0,0.02470902965525424,0.0,0.0,0.0,0,0.0
2020-10-05,396.7041320800781,-0.0011548895973952922,450.4627380371094,0.006589822007157631,-0.007744711604552923,0.007744711604552923,0.01524724769142278,0.024708559196823902,0,0,0.0,10,6.479259333517306,0.0,0.0,0.0,0.0,0.0,0.0,,0.0,0.0,0.0,0.024708559196823902,0.0,0.0,0.0,0,0.0
2020-10-06,403.1247863769531,0.016184994754677717,453.41180419921875,0.006546748294786742,0.009638246459890976,0.009638246459890976,0.015264336100594042,0.024709047575995347,1,0,0.0,10,0.4549528619490017,0.0,0.0,0.0,0.0,0.0,0.0,,0.0,0.0,0.0,0.024709047575995347,0.0,0.0,0.0,0,0.0
2020-10-07,406.3350524902344,0.007963455043618728,477.0039367675781,0.052032462211754726,-0.044069007168136,0.044069007168136,0.015227867446926344,0.024964978428014963,0,1,1.0,10,7.6702676697759005,77.0,-10.0,-31287.799041748047,4770.039367675781,0.0,0.0,Opened,-31287.799041748047,4770.039367675781,0.0,0.024964978428014963,36057.83840942383,0.0,0.0,0,0.0
2020-10-08,415.5074462890625,0.02257347413818933,493.96075439453125,0.03554859052497794,-0.01297511638678861,0.01297511638678861,0.015297884588400696,0.025074886581789142,0,1,0.0,10,1.8721369559720988,-77.0,10.0,31994.073364257812,-4939.6075439453125,706.2743225097656,-169.56817626953125,Live,0.0,0.0,0.0,0.025074886581789142,36933.680908203125,536.7061462402344,0.014531618106903331,0,0.0
2020-10-09,415.5074462890625,0.0,493.96075439453125,0.0,0.0,0.0,0.015297884588400696,0.025074886581789142,1,0,-1.0,10,,-77.0,10.0,31994.073364257812,-4939.6075439453125,706.2743225097656,-169.56817626953125,Closed,31994.073364257812,-4939.6075439453125,536.7061462402344,0.025074886581789142,36933.680908203125,536.7061462402344,0.014531618106903331,0,536.7061462402344
2020-10-10,415.5074462890625,0.0,493.96075439453125,0.0,0.0,0.0,0.015291776005924202,0.025076673560094402,1,0,0.0,10,,0.0,0.0,0.0,0.0,0.0,0.0,,0.0,0.0,0.0,0.025076673560094402,0.0,0.0,0.0,0,0.0
2020-10-11,415.5074462890625,0.0,493.96075439453125,0.0,0.0,0.0,0.015216220600795737,0.02493409577339717,1,0,0.0,10,,0.0,0.0,0.0,0.0,0.0,0.0,,0.0,0.0,0.0,0.02493409577339717,0.0,0.0,0.0,0,0.0
2020-10-12,421.92803955078125,0.015452414437001627,526.3999633789062,0.06567163220109884,-0.05021921776409721,0.05021921776409721,0.015239082544713683,0.02535536229599726,0,1,1.0,10,5.30223443090845,54.0,-10.0,-22784.114135742188,5263.9996337890625,0.0,0.0,Opened,-22784.114135742188,5263.9996337890625,0.0,0.02535536229599726,28048.11376953125,0.0,0.0,0,0.0
2020-10-13,423.7625732421875,0.004347977663109237,515.3411865234375,-0.021008316156565843,0.02535629381967508,0.02535629381967508,0.015232225763319058,0.025399882317279243,1,0,-1.0,10,5.875924354629866,-54.0,10.0,22883.178955078125,-5153.411865234375,99.0648193359375,110.5877685546875,Closed,22883.178955078125,-5153.411865234375,209.652587890625,0.025399882317279243,28036.5908203125,209.652587890625,0.007477820296850492,0,209.652587890625
2020-10-14,421.0108337402344,-0.006493587861947536,507.9685974121094,-0.014306229162595385,0.007812641300647849,0.007812641300647849,0.014397143081026366,0.025415240173137864,1,0,0.0,10,2.658177941834829,0.0,0.0,0.0,0.0,0.0,0.0,,0.0,0.0,0.0,0.025415240173137864,0.0,0.0,0.0,0,0.0
2020-10-15,415.5074462890625,-0.01307184283663232,507.9685974121094,0.0,-0.01307184283663232,0.01307184283663232,0.014442326623841532,0.025415240173137864,0,0,0.0,10,0.0,0.0,0.0,0.0,0.0,0.0,0.0,,0.0,0.0,0.0,0.025415240173137864,0.0,0.0,0.0,0,0.0
2020-10-16,411.8385314941406,-0.008829961599218783,501.3333740234375,-0.013062270822400412,0.0042323092231816295,0.0042323092231816295,0.014465329696439452,0.025445099896156963,1,0,0.0,10,1.8007752335526097,0.0,0.0,0.0,0.0,0.0,0.0,,0.0,0.0,0.0,0.025445099896156963,0.0,0.0,0.0,0,0.0
2020-10-17,411.8385314941406,0.0,501.3333740234375,0.0,0.0,0.0,0.014445150368788493,0.025446419169863545,1,0,0.0,10,,0.0,0.0,0.0,0.0,0.0,0.0,,0.0,0.0,0.0,0.025446419169863545,0.0,0.0,0.0,0,0.0
2020-10-18,411.8385314941406,0.0,501.3333740234375,0.0,0.0,0.0,0.014246496485660736,0.02518831325493005,1,0,0.0,10,,0.0,0.0,0.0,0.0,0.0,0.0,,0.0,0.0,0.0,0.02518831325493005,0.0,0.0,0.0,0,0.0
2020-10-19,419.6349792480469,0.018930836135271134,510.1804504394531,0.017647092482620197,0.0012837436526509372,0.0012837436526509372,0.014291922176238528,0.0251369874360492,1,0,0.0,10,1.1333276803481989,0.0,0.0,0.0,0.0,0.0,0.0,,0.0,0.0,0.0,0.0251369874360492,0.0,0.0,0.0,0,0.0
2020-10-20,413.6729431152344,-0.014207671971235625,513.8666381835938,0.007225262632006846,-0.02143293460324247,0.02143293460324247,0.014345664888063414,0.02512640847447312,0,0,0.0,10,0.6317191220723475,0.0,0.0,0.0,0.0,0.0,0.0,,0.0,0.0,0.0,0.02512640847447312,0.0,0.0,0.0,0,0.0
2020-10-21,415.5074462890625,0.004434670442821531,509.4431457519531,-0.00860824989004283,0.01304292033286436,0.01304292033286436,0.014335015516165645,0.025130402977054912,1,0,0.0,10,2.3799642128552705,0.0,0.0,0.0,0.0,0.0,0.0,,0.0,0.0,0.0,0.025130402977054912,0.0,0.0,0.0,0,0.0
2020-10-22,417.3419189453125,0.004415017522871878,507.2314147949219,-0.004341467689719658,0.008756485212591536,0.008756485212591536,0.01433435367218585,0.025136561633370753,1,0,0.0,10,1.1951386083027888,0.0,0.0,0.0,0.0,0.0,0.0,,0.0,0.0,0.0,0.025136561633370753,0.0,0.0,0.0,0,0.0
2020-10-23,414.59014892578125,-0.006593562483455773,499.85882568359375,-0.014534961550654257,0.007941399067198485,0.007941399067198485,0.014349463192481518,0.02517344593876373,1,0,0.0,10,2.6577990822253623,0.0,0.0,0.0,0.0,0.0,0.0,,0.0,0.0,0.0,0.02517344593876373,0.0,0.0,0.0,0,0.0
2020-10-24,414.59014892578125,0.0,499.85882568359375,0.0,0.0,0.0,0.014326812820135443,0.024723707233978168,1,0,0.0,10,,0.0,0.0,0.0,0.0,0.0,0.0,,0.0,0.0,0.0,0.024723707233978168,0.0,0.0,0.0,0,0.0
2020-10-25,414.59014892578125,0.0,499.85882568359375,0.0,0.0,0.0,0.014316951093810391,0.024723140796160253,1,0,0.0,10,,0.0,0.0,0.0,0.0,0.0,0.0,,0.0,0.0,0.0,0.024723140796160253,0.0,0.0,0.0,0,0.0
2020-10-26,412.7557067871094,-0.004424712317514068,496.9098815917969,-0.00589955391457575,0.0014748415970616824,0.0014748415970616824,0.014319364150234997,0.024352636995318533,1,0,0.0,10,1.605161304741689,0.0,0.0,0.0,0.0,0.0,0.0,,0.0,0.0,0.0,0.024352636995318533,0.0,0.0,0.0,0,0.0
2020-10-27,410.0040588378906,-0.00666652914538135,505.01959228515625,0.01632028461052304,-0.02298681375590439,0.02298681375590439,0.014285250281705877,0.024193088811216405,0,0,0.0,10,3.015421429873458,0.0,0.0,0.0,0.0,0.0,0.0,,0.0,0.0,0.0,0.024193088811216405,0.0,0.0,0.0,0,0.0
2020-10-28,407.2523193359375,-0.006711493319731088,502.07061767578125,-0.0058393271358665455,-0.0008721661838645423,0.0008721661838645423,0.014300063235620357,0.02420128879603997,0,0,0.0,10,1.0726175140419516,0.0,0.0,0.0,0.0,0.0,0.0,,0.0,0.0,0.0,0.02420128879603997,0.0,0.0,0.0,0,0.0
2020-10-29,400.8316345214844,-0.015765864329324475,504.28240966796875,0.0044053404328388,-0.020171204762163275,0.020171204762163275,0.014362206501388593,0.024200316610790962,0,0,0.0,10,0.35153900557460327,0.0,0.0,0.0,0.0,0.0,0.0,,0.0,0.0,0.0,0.024200316610790962,0.0,0.0,0.0,0,0.0
2020-10-30,396.2454528808594,-0.01144166589071749,499.85882568359375,-0.008772037056155924,-0.002669628834561566,0.002669628834561566,0.014397206226470718,0.024215565261504854,0,0,0.0,10,0.967150963819653,0.0,0.0,0.0,0.0,0.0,0.0,,0.0,0.0,0.0,0.024215565261504854,0.0,0.0,0.0,0,0.0
2020-10-31,396.2454528808594,0.0,499.85882568359375,0.0,0.0,0.0,0.014179994704432005,0.02402611462315706,1,0,0.0,10,,0.0,0.0,0.0,0.0,0.0,0.0,,0.0,0.0,0.0,0.02402611462315706,0.0,0.0,0.0,0,0.0
2020-11-01,396.2454528808594,0.0,499.85882568359375,0.0,0.0,0.0,0.014180957700692694,0.024027060484615677,1,0,0.0,10,,0.0,0.0,0.0,0.0,0.0,0.0,,0.0,0.0,0.0,0.024027060484615677,0.0,0.0,0.0,0,0.0
2020-11-02,399.4557800292969,0.008101864955413873,481.427490234375,-0.036873081962717214,0.04497494691813109,0.04497494691813109,0.01418750686051584,0.02419300140296596,1,1,1.0,10,5.485126080291839,-55.0,10.0,21970.067901611328,-4814.27490234375,0.0,0.0,Opened,21970.067901611328,-4814.27490234375,0.0,0.02419300140296596,26784.342803955078,0.0,0.0,0,0.0
2020-11-03,404.5005798339844,0.012629182144560547,490.2745361328125,0.018376694471955668,-0.005747512327395121,0.005747512327395121,0.014206867609881697,0.02421800427064211,0,0,-1.0,10,1.7636498141105854,55.0,-10.0,-22247.53189086914,4902.745361328125,-277.4639892578125,88.470458984375,Closed,-22247.53189086914,4902.745361328125,-188.9935302734375,0.02421800427064211,27150.277252197266,-188.9935302734375,-0.006961016586235498,0,-188.9935302734375
2020-11-04,412.7557067871094,0.020408195598911272,499.1216125488281,0.018045147695818775,0.0023630479030924967,0.0023630479030924967,0.014269205077061493,0.024243285513850354,1,0,0.0,10,1.0692250431421455,0.0,0.0,0.0,0.0,0.0,0.0,,0.0,0.0,0.0,0.024243285513850354,0.0,0.0,0.0,0,0.0
2020-11-05,413.6729431152344,0.002222225672577016,513.1294555664062,0.028064989905056015,-0.025842764232479,0.025842764232479,0.014268012175206755,0.024312984828200154,0,1,1.0,10,15.665582899875904,157.0,-10.0,-64946.6520690918,5131.2945556640625,0.0,0.0,Opened,-64946.6520690918,5131.2945556640625,0.0,0.024312984828200154,70077.94662475586,0.0,0.0,0,0.0
2020-11-06,415.0488586425781,0.003326095047411659,516.0784301757812,0.005747038252013503,-0.002420943204601844,0.002420943204601844,0.014266925319654034,0.02431237717011319,0,1,0.0,10,2.148453290480663,-157.0,10.0,65162.670806884766,-5160.7843017578125,216.01873779296875,-29.48974609375,Live,0.0,0.0,0.0,0.02431237717011319,70323.45510864258,186.52899169921875,0.00265244350424834,0,0.0
2020-11-07,415.0488586425781,0.0,516.0784301757812,0.0,0.0,0.0,0.014251216675230896,0.024308036007952862,1,0,-1.0,10,,-157.0,10.0,65162.670806884766,-5160.7843017578125,216.01873779296875,-29.48974609375,Closed,65162.670806884766,-5160.7843017578125,186.52899169921875,0.024308036007952862,70323.45510864258,186.52899169921875,0.00265244350424834,0,186.52899169921875
2020-11-08,415.0488586425781,0.0,516.0784301757812,0.0,0.0,0.0,0.014153491509557357,0.024296179662336135,1,0,0.0,10,,0.0,0.0,0.0,0.0,0.0,0.0,,0.0,0.0,0.0,0.024296179662336135,0.0,0.0,0.0,0,0.0
2020-11-09,420.55224609375,0.013259613504710721,517.5529174804688,0.0028570992672281026,0.010402514237482618,0.010402514237482618,0.014172532457876235,0.024201908155475488,1,0,0.0,10,0.2651729797183113,0.0,0.0,0.0,0.0,0.0,0.0,,0.0,0.0,0.0,0.024201908155475488,0.0,0.0,0.0,0,0.0
2020-11-10,413.6729431152344,-0.016357784418971066,505.7569274902344,-0.022791852952272373,0.006434068533301307,0.006434068533301307,0.014192445314649868,0.024209885076915037,1,0,0.0,10,1.7034911355410345,0.0,0.0,0.0,0.0,0.0,0.0,,0.0,0.0,0.0,0.024209885076915037,0.0,0.0,0.0,0,0.0
2020-11-11,419.1763610839844,0.013303790011755634,498.38433837890625,-0.014577336879820546,0.02788112689157618,0.02788112689157618,0.014173746422839247,0.024245144371679416,1,1,1.0,10,1.302777988281611,-14.0,10.0,5868.469055175781,-4983.8433837890625,0.0,0.0,Opened,5868.469055175781,-4983.8433837890625,0.0,0.024245144371679416,10852.312438964844,0.0,0.0,0,0.0
2020-11-12,420.0935974121094,0.00218818715290392,496.17254638671875,-0.004437924352482248,0.0066261115053861674,0.0066261115053861674,0.014172484369862416,0.024250632033825898,1,1,0.0,10,2.3954223612627463,14.0,-10.0,-5881.310363769531,4961.7254638671875,-12.84130859375,-22.117919921875,Live,0.0,0.0,0.0,0.024250632033825898,10843.035827636719,-34.959228515625,-0.003224118141021074,0,0.0
2020-11-13,423.7625732421875,0.008733710422343943,497.6470947265625,0.0029718458842229456,0.005761864538120998,0.005761864538120998,0.01417860829597252,0.024249496852728685,1,1,0.0,10,0.39960082060895225,14.0,-10.0,-5932.676025390625,4976.470947265625,-64.20697021484375,-7.3724365234375,Live,0.0,0.0,0.0,0.024249496852728685,10909.14697265625,-71.57940673828125,-0.006561411897529189,0,0.0
2020-11-14,423.7625732421875,0.0,497.6470947265625,0.0,0.0,0.0,0.014007173060832054,0.023698629785928273,1,1,0.0,10,,14.0,-10.0,-5932.676025390625,4976.470947265625,-64.20697021484375,-7.3724365234375,Live,0.0,0.0,0.0,0.023698629785928273,10909.14697265625,-71.57940673828125,-0.006561411897529189,0,0.0
2020-11-15,423.7625732421875,0.0,497.6470947265625,0.0,0.0,0.0,0.01400750413164226,0.02344662242723746,1,1,0.0,10,,14.0,-10.0,-5932.676025390625,4976.470947265625,-64.20697021484375,-7.3724365234375,Live,0.0,0.0,0.0,0.02344662242723746,10909.14697265625,-71.57940673828125,-0.006561411897529189,0,0.0
2020-11-16,443.94171142578125,0.0476189721739797,511.65484619140625,0.02814796190569635,0.01947101026828335,0.01947101026828335,0.0143954156359323,0.023498749305102793,1,1,0.0,10,0.681268137009165,14.0,-10.0,-6215.1839599609375,5116.5484619140625,-346.71490478515625,132.705078125,Live,0.0,0.0,0.0,0.023498749305102793,11331.732421875,-214.00982666015625,-0.018885887761259476,0,0.0
2020-11-17,445.3175964355469,0.0030992469830031233,513.1294555664062,0.002882039300470929,0.00021720768253219447,0.00021720768253219447,0.014379764857485062,0.023474490110416236,1,1,0.0,10,1.0715212809659815,14.0,-10.0,-6234.446350097656,5131.2945556640625,-365.977294921875,147.451171875,Live,0.0,0.0,0.0,0.023474490110416236,11365.740905761719,-218.526123046875,-0.019226738041872478,0,0.0
2020-11-18,455.86572265625,0.023686749199073764,536.7216186523438,0.04597701969748713,-0.022290270498413367,0.022290270498413367,0.014372916637127343,0.023381801001950905,0,0,-1.0,10,2.285322550614601,14.0,-10.0,-6382.1201171875,5367.2161865234375,-513.6510620117188,383.372802734375,Closed,-6382.1201171875,5367.2161865234375,-130.27825927734375,0.023381801001950905,11749.336303710938,-130.27825927734375,-0.011088137738996914,0,-130.27825927734375
2020-11-19,449.4451599121094,-0.014084328838608662,540.4078369140625,0.0068680264286251624,-0.020952355267233824,0.020952355267233824,0.01442830767911074,0.023382238904465225,0,0,0.0,10,0.5863281317671506,0.0,0.0,0.0,0.0,0.0,0.0,,0.0,0.0,0.0,0.023382238904465225,0.0,0.0,0.0,0,0.0
2020-11-20,447.6105651855469,-0.00408191007534997,550.7294311523438,0.01909963833467243,-0.0231815484100224,0.0231815484100224,0.014436343842689077,0.023411018506569032,0,0,0.0,10,5.757045578372171,0.0,0.0,0.0,0.0,0.0,0.0,,0.0,0.0,0.0,0.023411018506569032,0.0,0.0,0.0,0,0.0
2020-11-21,447.6105651855469,0.0,550.7294311523438,0.0,0.0,0.0,0.014436343842689077,0.023243436531106543,1,0,0.0,10,,0.0,0.0,0.0,0.0,0.0,0.0,,0.0,0.0,0.0,0.023243436531106543,0.0,0.0,0.0,0,0.0
2020-11-22,447.6105651855469,0.0,550.7294311523438,0.0,0.0,0.0,0.014422455448986213,0.023243436531106543,1,0,0.0,10,,0.0,0.0,0.0,0.0,0.0,0.0,,0.0,0.0,0.0,0.023243436531106543,0.0,0.0,0.0,0,0.0
2020-11-23,455.4071350097656,0.017418198833146104,547.7803955078125,-0.005354781273193776,0.02277298010633988,0.02277298010633988,0.014462600329066554,0.023246383742040803,1,0,0.0,10,0.3697814718560292,0.0,0.0,0.0,0.0,0.0,0.0,,0.0,0.0,0.0,0.023246383742040803,0.0,0.0,0.0,0,0.0
2020-11-24,451.2796325683594,-0.009063324054678579,547.0430908203125,-0.0013459858979006922,-0.0077173381567778865,0.0077173381567778865,0.014465475603284532,0.023229292851788284,0,0,0.0,10,0.18002333612256077,0.0,0.0,0.0,0.0,0.0,0.0,,0.0,0.0,0.0,0.023229292851788284,0.0,0.0,0.0,0,0.0
2020-11-25,446.6934509277344,-0.010162616058082996,533.7725219726562,-0.024258726726182567,0.01409611066809957,0.01409611066809957,0.014480409718678389,0.023316563912863325,1,0,0.0,10,2.852391356036958,0.0,0.0,0.0,0.0,0.0,0.0,,0.0,0.0,0.0,0.023316563912863325,0.0,0.0,0.0,0,0.0
2020-11-26,448.5279541015625,0.004106850391511374,538.1961059570312,0.0082873954770597,-0.004180545085548326,0.004180545085548326,0.01447885550670093,0.02331907230642536,0,0,0.0,10,2.4213647611579634,0.0,0.0,0.0,0.0,0.0,0.0,,0.0,0.0,0.0,0.02331907230642536,0.0,0.0,0.0,0,0.0
2020-11-27,448.5279541015625,0.0,534.5098266601562,-0.006849323612849179,0.006849323612849179,0.006849323612849179,0.01447885550670093,0.023329422509205933,1,0,0.0,10,inf,0.0,0.0,0.0,0.0,0.0,0.0,,0.0,0.0,0.0,0.023329422509205933,0.0,0.0,0.0,0,0.0
2020-11-28,448.5279541015625,0.0,534.5098266601562,0.0,0.0,0.0,0.014465063561812642,0.023325935496981816,1,0,0.0,10,,0.0,0.0,0.0,0.0,0.0,0.0,,0.0,0.0,0.0,0.023325935496981816,0.0,0.0,0.0,0,0.0
2020-11-29,448.5279541015625,0.0,534.5098266601562,0.0,0.0,0.0,0.014466733306521972,0.023047202867888243,1,0,0.0,10,,0.0,0.0,0.0,0.0,0.0,0.0,,0.0,0.0,0.0,0.023047202867888243,0.0,0.0,0.0,0,0.0
2020-11-30,440.7314147949219,-0.01738250478112946,519.0275268554688,-0.02896541659753471,0.01158291181640525,0.01158291181640525,0.014516598205885719,0.023159451259739013,1,0,0.0,10,1.9623831471435573,0.0,0.0,0.0,0.0,0.0,0.0,,0.0,0.0,0.0,0.023159451259739013,0.0,0.0,0.0,0,0.0
2020-12-01,449.4451599121094,0.019771100549395015,513.8666381835938,-0.009943381429386333,0.02971448197878135,0.02971448197878135,0.014535316114974732,0.02317701728950805,1,1,1.0,10,0.5750120812911631,-6.0,10.0,2696.6709594726562,-5138.6663818359375,0.0,0.0,Opened,2696.6709594726562,-5138.6663818359375,0.0,0.02317701728950805,7835.337341308594,0.0,0.0,0,0.0
2020-12-02,457.7002868652344,0.018367373128991504,524.9254760742188,0.021520832583558303,-0.003153459454566798,0.003153459454566798,0.014537641357210546,0.02321715799564823,0,0,-1.0,10,1.343780969926589,6.0,-10.0,-2746.2017211914062,5249.2547607421875,-49.53076171875,110.58837890625,Closed,-2746.2017211914062,5249.2547607421875,61.0576171875,0.02321715799564823,7995.456481933594,61.0576171875,0.0076365392426892475,0,61.0576171875
2020-12-03,455.86572265625,-0.004008221671760848,516.0784301757812,-0.016853908414966368,0.01284568674320552,0.01284568674320552,0.01454502081509843,0.02326084007290833,1,0,0.0,10,4.760227045965007,0.0,0.0,0.0,0.0,0.0,0.0,,0.0,0.0,0.0,0.02326084007290833,0.0,0.0,0.0,0,0.0
2020-12-04,461.369140625,0.012072454003960953,519.7646484375,0.0071427481680705895,0.004929705835890363,0.004929705835890363,0.01455997082484556,0.023262973960775965,1,0,0.0,10,0.6665426966108794,0.0,0.0,0.0,0.0,0.0,0.0,,0.0,0.0,0.0,0.023262973960775965,0.0,0.0,0.0,0,0.0
2020-12-05,461.369140625,0.0,519.7646484375,0.0,0.0,0.0,0.014498613850350292,0.023263420821167814,1,0,0.0,10,,0.0,0.0,0.0,0.0,0.0,0.0,,0.0,0.0,0.0,0.023263420821167814,0.0,0.0,0.0,0,0.0
2020-12-06,461.369140625,0.0,519.7646484375,0.0,0.0,0.0,0.01450000353344764,0.023262388480972902,1,0,0.0,10,,0.0,0.0,0.0,0.0,0.0,0.0,,0.0,0.0,0.0,0.023262388480972902,0.0,0.0,0.0,0,0.0
2020-12-07,471.45880126953125,0.02186895428433533,519.0275268554688,-0.001418183372507431,0.02328713765684276,0.02328713765684276,0.014557323283951176,0.023263141364805968,1,1,1.0,10,0.07139224126851486,-1.0,10.0,471.45880126953125,-5190.2752685546875,0.0,0.0,Opened,471.45880126953125,-5190.2752685546875,0.0,0.023263141364805968,5661.734069824219,0.0,0.0,0,0.0
2020-12-08,480.6311340332031,0.019455215893674938,538.1961059570312,0.03693171962900599,-0.01747650373533105,0.01747650373533105,0.014594537835016129,0.023395398174922512,0,0,-1.0,10,2.125651809111915,1.0,-10.0,-480.6311340332031,5381.9610595703125,-9.172332763671875,191.685791015625,Closed,-480.6311340332031,5381.9610595703125,182.51345825195312,0.023395398174922512,5862.592193603516,182.51345825195312,0.03113187003712925,0,182.51345825195312
2020-12-09,476.96221923828125,-0.007633535439400818,541.1451416015625,0.005479481571661005,-0.013113017011061823,0.013113017011061823,0.01456073109212324,0.023382975774263123,0,0,0.0,10,0.8144108084840885,0.0,0.0,0.0,0.0,0.0,0.0,,0.0,0.0,0.0,0.023382975774263123,0.0,0.0,0.0,0,0.0
2020-12-10,469.62432861328125,-0.015384637040474103,522.7136840820312,-0.034060099782069364,0.01867546274159526,0.01867546274159526,0.014623159008982355,0.023541339928847303,1,0,0.0,10,2.4641772496699463,0.0,0.0,0.0,0.0,0.0,0.0,,0.0,0.0,0.0,0.023541339928847303,0.0,0.0,0.0,0,0.0
2020-12-11,473.2932434082031,0.007812446185987643,521.2392578125,-0.002820714885474196,0.010633161071461839,0.010633161071461839,0.01462620526426025,0.02354388659452788,1,0,0.0,10,0.397629836521236,0.0,0.0,0.0,0.0,0.0,0.0,,0.0,0.0,0.0,0.02354388659452788,0.0,0.0,0.0,0,0.0
2020-12-12,473.2932434082031,0.0,521.2392578125,0.0,0.0,0.0,0.01452173867231386,0.02354388659452788,1,0,0.0,10,,0.0,0.0,0.0,0.0,0.0,0.0,,0.0,0.0,0.0,0.02354388659452788,0.0,0.0,0.0,0,0.0
2020-12-13,473.2932434082031,0.0,521.2392578125,0.0,0.0,0.0,0.014481258539337658,0.023413015976740215,1,0,0.0,10,,0.0,0.0,0.0,0.0,0.0,0.0,,0.0,0.0,0.0,0.023413015976740215,0.0,0.0,0.0,0,0.0
2020-12-14,465.955322265625,-0.015503963440799295,517.5529174804688,-0.007072261493698329,-0.008431701947100967,0.008431701947100967,0.014544708790163662,0.023422642268964133,0,0,0.0,10,0.5066710131933407,0.0,0.0,0.0,0.0,0.0,0.0,,0.0,0.0,0.0,0.023422642268964133,0.0,0.0,0.0,0,0.0
2020-12-15,462.2864685058594,-0.007873831641039053,516.8157348632812,-0.0014243618232822053,-0.006449469817756848,0.006449469817756848,0.014564070130664807,0.023422468912403398,0,0,0.0,10,0.20223613028736664,0.0,0.0,0.0,0.0,0.0,0.0,,0.0,0.0,0.0,0.023422468912403398,0.0,0.0,0.0,0,0.0
2020-12-16,469.62432861328125,0.015872971863395202,516.8157348632812,0.0,0.015872971863395202,0.015872971863395202,0.01459530257852115,0.022953912013511168,1,0,0.0,10,0.0,0.0,0.0,0.0,0.0,0.0,0.0,,0.0,0.0,0.0,0.022953912013511168,0.0,0.0,0.0,0,0.0
2020-12-17,468.2416687011719,-0.002944182888037661,519.0275268554688,0.004279652965234471,-0.007223835853272131,0.007223835853272131,0.014600158170475504,0.02295430374866619,0,0,0.0,10,1.6112543474485967,0.0,0.0,0.0,0.0,0.0,0.0,,0.0,0.0,0.0,0.02295430374866619,0.0,0.0,0.0,0,0.0
2020-12-18,470.08514404296875,0.003937016854801412,515.3411865234375,-0.007102398507387364,0.011039415362188776,0.011039415362188776,0.014598845162498124,0.022963475611830018,1,0,0.0,10,1.9776803063440638,0.0,0.0,0.0,0.0,0.0,0.0,,0.0,0.0,0.0,0.022963475611830018,0.0,0.0,0.0,0,0.0
2020-12-19,470.08514404296875,0.0,515.3411865234375,0.0,0.0,0.0,0.01457800020236166,0.022614766332680065,1,0,0.0,10,,0.0,0.0,0.0,0.0,0.0,0.0,,0.0,0.0,0.0,0.022614766332680065,0.0,0.0,0.0,0,0.0
2020-12-20,470.08514404296875,0.0,515.3411865234375,0.0,0.0,0.0,0.014570852872263841,0.022612041144501834,1,0,0.0,10,,0.0,0.0,0.0,0.0,0.0,0.0,,0.0,0.0,0.0,0.022612041144501834,0.0,0.0,0.0,0,0.0
2020-12-21,475.6156311035156,0.011764862452324998,521.9765014648438,0.012875576637235264,-0.0011107141849102664,0.0011107141849102664,0.01458112149671949,0.02261814952234012,0,0,0.0,10,1.2010875550426598,0.0,0.0,0.0,0.0,0.0,0.0,,0.0,0.0,0.0,0.02261814952234012,0.0,0.0,0.0,0,0.0
2020-12-22,469.16339111328125,-0.013566080608545139,518.2902221679688,-0.007062155645953472,-0.006503924962591667,0.006503924962591667,0.014630977551402616,0.022626826082463813,0,0,0.0,10,0.57508466983897,0.0,0.0,0.0,0.0,0.0,0.0,,0.0,0.0,0.0,0.022626826082463813,0.0,0.0,0.0,0,0.0
2020-12-23,469.16339111328125,0.0,530.8235473632812,0.024182059894718,-0.024182059894718,0.024182059894718,0.014630977551402616,0.02269002259430767,0,0,0.0,10,inf,0.0,0.0,0.0,0.0,0.0,0.0,,0.0,0.0,0.0,0.02269002259430767,0.0,0.0,0.0,0,0.0
2020-12-24,470.08514404296875,0.0019646736023035682,526.3999633789062,-0.008333435858955296,0.010298109461258864,0.010298109461258864,0.014629619098557098,0.02270171967216701,1,0,0.0,10,4.749774712525188,0.0,0.0,0.0,0.0,0.0,0.0,,0.0,0.0,0.0,0.02270171967216701,0.0,0.0,0.0,0,0.0
2020-12-25,471.0069885253906,0.0019610159863669985,527.1372680664062,0.0014006548989238254,0.000560361087443173,0.000560361087443173,0.014628253512555997,0.022701438396421945,1,0,0.0,10,0.7993673046987493,0.0,0.0,0.0,0.0,0.0,0.0,,0.0,0.0,0.0,0.022701438396421945,0.0,0.0,0.0,0,0.0
2020-12-26,471.0069885253906,0.0,527.1372680664062,0.0,0.0,0.0,0.014551848589266388,0.022608818005322856,1,0,0.0,10,,0.0,0.0,0.0,0.0,0.0,0.0,,0.0,0.0,0.0,0.022608818005322856,0.0,0.0,0.0,0,0.0
2020-12-27,471.0069885253906,0.0,527.1372680664062,0.0,0.0,0.0,0.014553441007698998,0.022542629315395406,1,0,0.0,10,,0.0,0.0,0.0,0.0,0.0,0.0,,0.0,0.0,0.0,0.022542629315395406,0.0,0.0,0.0,0,0.0
2020-12-28,474.69384765625,0.007827610249270478,545.5687255859375,0.034965195284218265,-0.027137585034947787,0.027137585034947787,0.014532728922875427,0.022676693943707783,0,1,1.0,10,5.133843536565649,52.0,-10.0,-24684.080078125,5455.687255859375,0.0,0.0,Opened,-24684.080078125,5455.687255859375,0.0,0.022676693943707783,30139.767333984375,0.0,0.0,0,0.0
2020-12-29,474.69384765625,0.0,541.1451416015625,-0.008108206678496988,0.008108206678496988,0.008108206678496988,0.014509420891811195,0.022682702405481946,1,0,-1.0,10,inf,-52.0,10.0,24684.080078125,-5411.451416015625,0.0,44.23583984375,Closed,24684.080078125,-5411.451416015625,44.23583984375,0.022682702405481946,30095.531494140625,44.23583984375,0.001469847437396558,0,44.23583984375
2020-12-30,483.9112548828125,0.019417583084492263,549.9921875,0.01634874864117597,0.003068834443316293,0.003068834443316293,0.014481658821443652,0.02267157814566133,1,0,0.0,10,0.9569299381474864,0.0,0.0,0.0,0.0,0.0,0.0,,0.0,0.0,0.0,0.02267157814566133,0.0,0.0,0.0,0,0.0
2020-12-31,488.5198669433594,0.009523671983332926,550.7294311523438,0.001340462044915336,0.00818320993841759,0.00818320993841759,0.014488946663869219,0.022671234156921714,1,0,0.0,10,0.15867413824779916,0.0,0.0,0.0,0.0,0.0,0.0,,0.0,0.0,0.0,0.022671234156921714,0.0,0.0,0.0,0,0.0
2021-01-01,488.5198669433594,0.0,550.7294311523438,0.0,0.0,0.0,0.014488946663869219,0.022671234156921714,1,0,0.0,10,,0.0,0.0,0.0,0.0,0.0,0.0,,0.0,0.0,0.0,0.022671234156921714,0.0,0.0,0.0,0,0.0
2021-01-02,488.5198669433594,0.0,550.7294311523438,0.0,0.0,0.0,0.014387476018251143,0.022602868117026113,1,0,0.0,10,,0.0,0.0,0.0,0.0,0.0,0.0,,0.0,0.0,0.0,0.022602868117026113,0.0,0.0,0.0,0,0.0
2021-01-03,488.5198669433594,0.0,550.7294311523438,0.0,0.0,0.0,0.014388577145962747,0.022319003479002546,1,0,0.0,10,,0.0,0.0,0.0,0.0,0.0,0.0,,0.0,0.0,0.0,0.022319003479002546,0.0,0.0,0.0,0,0.0
2021-01-04,494.05023193359375,0.011320655237293753,583.9058837890625,0.060240929138834165,-0.04892027390154041,0.04892027390154041,0.014398794284251584,0.022169764266461823,0,1,1.0,10,6.289148380395412,63.0,-10.0,-31125.164611816406,5839.058837890625,0.0,0.0,Opened,-31125.164611816406,5839.058837890625,0.0,0.022169764266461823,36964.22344970703,0.0,0.0,0,0.0
2021-01-05,499.5806884765625,0.011194117896319744,587.5921630859375,0.006313139495964792,0.004880978400354952,0.004880978400354952,0.01439696624613061,0.02213885337793878,1,0,-1.0,10,0.6633242302727581,-63.0,10.0,31473.583374023438,-5875.921630859375,348.41876220703125,-36.86279296875,Closed,31473.583374023438,-5875.921630859375,311.55596923828125,0.02213885337793878,37349.50500488281,311.55596923828125,0.008341635831520406,0,311.55596923828125
2021-01-06,506.0328369140625,0.012915127798825532,583.9058837890625,-0.006273533801940512,0.019188661600766044,0.019188661600766044,0.014406477750751137,0.021757853098891458,1,0,0.0,10,0.5605026707455081,0.0,0.0,0.0,0.0,0.0,0.0,,0.0,0.0,0.0,0.021757853098891458,0.0,0.0,0.0,0,0.0
2021-01-07,520.7805786132812,0.029143843291188132,589.066650390625,0.008838353482711003,0.02030548980847713,0.02030548980847713,0.014539269604198409,0.021764120035705825,1,0,0.0,10,0.34303165621864046,0.0,0.0,0.0,0.0,0.0,0.0,,0.0,0.0,0.0,0.021764120035705825,0.0,0.0,0.0,0,0.0
2021-01-08,534.6066284179688,0.02654870471841142,617.819580078125,0.04881099561218272,-0.022262290893771297,0.022262290893771297,0.01464448896081938,0.02204531484800414,0,1,1.0,10,2.1247197645022715,22.0,-10.0,-11761.345825195312,6178.19580078125,0.0,0.0,Opened,-11761.345825195312,6178.19580078125,0.0,0.02204531484800414,17939.541625976562,0.0,0.0,0,0.0
2021-01-09,534.6066284179688,0.0,617.819580078125,0.0,0.0,0.0,0.014607267297614033,0.021998963907331803,1,0,-1.0,10,,-22.0,10.0,11761.345825195312,-6178.19580078125,0.0,0.0,Closed,11761.345825195312,-6178.19580078125,0.0,0.021998963907331803,17939.541625976562,0.0,0.0,0,0.0
2021-01-10,534.6066284179688,0.0,617.819580078125,0.0,0.0,0.0,0.014511176861566997,0.021880745403304844,1,0,0.0,10,,0.0,0.0,0.0,0.0,0.0,0.0,,0.0,0.0,0.0,0.021880745403304844,0.0,0.0,0.0,0,0.0
2021-01-11,538.29345703125,0.006896339134798035,627.4039306640625,0.015513186850966365,-0.00861684771616833,0.00861684771616833,0.01451110659676201,0.021900273472741354,0,0,0.0,10,2.6218663363586256,0.0,0.0,0.0,0.0,0.0,0.0,,0.0,0.0,0.0,0.021900273472741354,0.0,0.0,0.0,0,0.0
2021-01-12,544.74560546875,0.011986302923101322,623.7176513671875,-0.005875448202840139,0.01786175112594146,0.01786175112594146,0.01446439542373716,0.021864532057926107,1,0,0.0,10,0.5612418560696549,0.0,0.0,0.0,0.0,0.0,0.0,,0.0,0.0,0.0,0.021864532057926107,0.0,0.0,0.0,0,0.0
2021-01-13,557.6500244140625,0.02368889040271993,651.7333374023438,0.04491725698919358,-0.021228366586473646,0.021228366586473646,0.014439659548194065,0.022080325346155817,0,0,0.0,10,2.2160355299396226,0.0,0.0,0.0,0.0,0.0,0.0,,0.0,0.0,0.0,0.022080325346155817,0.0,0.0,0.0,0,0.0
2021-01-14,545.6675415039062,-0.021487460567667926,634.7764282226562,-0.026018170632906013,0.004530710065238086,0.004530710065238086,0.014552482337281146,0.022180617355258996,1,0,0.0,10,1.4085891382227889,0.0,0.0,0.0,0.0,0.0,0.0,,0.0,0.0,0.0,0.022180617355258996,0.0,0.0,0.0,0,0.0
2021-01-15,553.9631958007812,0.015202762975440098,626.6666259765625,-0.012775840257334137,0.027978603232774235,0.027978603232774235,0.014580109582154006,0.022208083402279505,1,1,1.0,10,0.9506542689464954,-10.0,10.0,5539.6319580078125,-6266.666259765625,0.0,0.0,Opened,5539.6319580078125,-6266.666259765625,0.0,0.022208083402279505,11806.298217773438,0.0,0.0,0,0.0
2021-01-16,553.9631958007812,0.0,626.6666259765625,0.0,0.0,0.0,0.014575645224939184,0.022190453778916038,1,1,0.0,10,,10.0,-10.0,-5539.6319580078125,6266.666259765625,0.0,0.0,Live,0.0,0.0,0.0,0.022190453778916038,11806.298217773438,0.0,0.0,0,0.0
2021-01-17,553.9631958007812,0.0,626.6666259765625,0.0,0.0,0.0,0.014207232321705334,0.021764971751302608,1,1,0.0,10,,10.0,-10.0,-5539.6319580078125,6266.666259765625,0.0,0.0,Live,0.0,0.0,0.0,0.021764971751302608,11806.298217773438,0.0,0.0,0,0.0
2021-01-18,559.4935913085938,0.009983326599555031,622.2431640625,-0.007058716278642074,0.017042042878197106,0.017042042878197106,0.014217705945729724,0.02156144545941149,1,1,0.0,10,0.7863492281096283,10.0,-10.0,-5594.9359130859375,6222.431640625,-55.303955078125,-44.234619140625,Live,0.0,0.0,0.0,0.02156144545941149,11817.367553710938,-99.53857421875,-0.008423075085575424,0,0.0
2021-01-19,577.9281616210938,0.0329486710819753,648.047119140625,0.041469246378949665,-0.008520575296974364,0.008520575296974364,0.014378144181184929,0.021724735556302957,0,0,-1.0,10,1.411305281839407,10.0,-10.0,-5779.2816162109375,6480.47119140625,-239.649658203125,213.804931640625,Closed,-5779.2816162109375,6480.47119140625,-25.8447265625,0.021724735556302957,12259.752807617188,-25.8447265625,-0.0021080952420543296,0,-25.8447265625
2021-01-20,596.3629760742188,0.03189810719971686,642.8862915039062,-0.007963661104708697,0.03986176830442556,0.03986176830442556,0.014524773878335813,0.02173392043228162,1,1,1.0,10,0.26913572448487866,-3.0,10.0,1789.0889282226562,-6428.8629150390625,0.0,0.0,Opened,1789.0889282226562,-6428.8629150390625,0.0,0.02173392043228162,8217.951843261719,0.0,0.0,0,0.0
2021-01-21,620.328125,0.04018550763084039,688.5960693359375,0.0711008749698212,-0.030915367338980815,0.030915367338980815,0.014784389565867062,0.02234123512428327,0,0,-1.0,10,1.9640319738509013,3.0,-10.0,-1860.984375,6885.960693359375,-71.89544677734375,457.0977783203125,Closed,-1860.984375,6885.960693359375,385.20233154296875,0.02234123512428327,8746.945068359375,385.20233154296875,0.04403849898822097,0,385.20233154296875
2021-01-22,598.2064208984375,-0.03566129474068658,676.0628051757812,-0.018201184581612573,-0.017460110159074005,0.017460110159074005,0.015064571354837186,0.02239171495628465,0,0,0.0,10,0.5768176221610446,0.0,0.0,0.0,0.0,0.0,0.0,,0.0,0.0,0.0,0.02239171495628465,0.0,0.0,0.0,0,0.0
2021-01-23,598.2064208984375,0.0,676.0628051757812,0.0,0.0,0.0,0.013208532002426084,0.02164412878660445,1,0,0.0,10,,0.0,0.0,0.0,0.0,0.0,0.0,,0.0,0.0,0.0,0.02164412878660445,0.0,0.0,0.0,0,0.0
2021-01-24,598.2064208984375,0.0,676.0628051757812,0.0,0.0,0.0,0.013104224409705139,0.021045894709628483,1,0,0.0,10,,0.0,0.0,0.0,0.0,0.0,0.0,,0.0,0.0,0.0,0.021045894709628483,0.0,0.0,0.0,0,0.0
2021-01-25,583.4586181640625,-0.024653367498505774,670.9019775390625,-0.0076336511892218795,-0.017019716309283894,0.017019716309283894,0.01303792092198176,0.021057679813489345,0,0,0.0,10,0.35604515041362245,0.0,0.0,0.0,0.0,0.0,0.0,,0.0,0.0,0.0,0.021057679813489345,0.0,0.0,0.0,0,0.0
2021-01-26,568.7108154296875,-0.025276518805705694,642.1490478515625,-0.04285712466218794,0.017580605856482245,0.017580605856482245,0.013053285609579598,0.021319409887326515,1,0,0.0,10,1.914476875571845,0.0,0.0,0.0,0.0,0.0,0.0,,0.0,0.0,0.0,0.021319409887326515,0.0,0.0,0.0,0,0.0
2021-01-27,566.867431640625,-0.0032413376694264695,661.3176879882812,0.029850764710858346,-0.033092102380284816,0.033092102380284816,0.012958106502386477,0.021343689983319664,0,1,1.0,10,10.743847060997304,108.0,-10.0,-61221.6826171875,6613.1768798828125,0.0,0.0,Opened,-61221.6826171875,6613.1768798828125,0.0,0.021343689983319664,67834.85949707031,0.0,0.0,0,0.0
2021-01-28,553.9631958007812,-0.022764115769530746,640.674560546875,-0.0312151448787078,0.008451029109177055,0.008451029109177055,0.013090007814235615,0.021483095156968383,1,0,-1.0,10,1.5858829756134116,-108.0,10.0,59828.025146484375,-6406.74560546875,-1393.657470703125,206.4312744140625,Closed,59828.025146484375,-6406.74560546875,-1187.2261962890625,0.021483095156968383,66234.77075195312,-1187.2261962890625,-0.017924515821684996,0,-1187.2261962890625
2021-01-29,544.74560546875,-0.01663935510861292,645.0980834960938,0.006904477283197874,-0.023543832391810793,0.023543832391810793,0.013163205789586647,0.021486702657073743,0,1,1.0,10,0.49139001901913215,5.0,-10.0,-2723.72802734375,6450.9808349609375,0.0,0.0,Opened,-2723.72802734375,6450.9808349609375,0.0,0.021486702657073743,9174.708862304688,0.0,0.0,0,0.0
2021-01-30,544.74560546875,0.0,645.0980834960938,0.0,0.0,0.0,0.01303756539975989,0.02147733868708082,1,0,-1.0,10,,-5.0,10.0,2723.72802734375,-6450.9808349609375,0.0,0.0,Closed,2723.72802734375,-6450.9808349609375,0.0,0.02147733868708082,9174.708862304688,0.0,0.0,0,0.0
2021-01-31,544.74560546875,0.0,645.0980834960938,0.0,0.0,0.0,0.012945380118998848,0.021145085510708803,1,0,0.0,10,,0.0,0.0,0.0,0.0,0.0,0.0,,0.0,0.0,0.0,0.021145085510708803,0.0,0.0,0.0,0,0.0
2021-02-01,563.1804809570312,0.03384125599768373,667.2157592773438,0.0342857564564194,-0.0004445004587356749,0.0004445004587356749,0.013153680034786057,0.021286034656783755,0,0,0.0,10,1.2002893807883266,0.0,0.0,0.0,0.0,0.0,0.0,,0.0,0.0,0.0,0.021286034656783755,0.0,0.0,0.0,0,0.0
2021-02-02,582.536865234375,0.03436977120451834,686.3843383789062,0.028729206160124088,0.005640565044394252,0.005640565044394252,0.013342877962624186,0.02138296117213925,1,0,0.0,10,0.984897274630775,0.0,0.0,0.0,0.0,0.0,0.0,,0.0,0.0,0.0,0.02138296117213925,0.0,0.0,0.0,0,0.0
2021-02-03,580.6934204101562,-0.0031645118690936114,700.3922119140625,0.02040820681928701,-0.023572718688380623,0.023572718688380623,0.01333921224448707,0.021233317909048657,0,1,1.0,10,7.778440265555328,78.0,-10.0,-45294.08679199219,7003.922119140625,0.0,0.0,Opened,-45294.08679199219,7003.922119140625,0.0,0.021233317909048657,52298.00891113281,0.0,0.0,0,0.0
2021-02-04,577.9281616210938,-0.004761994353422061,697.443115234375,-0.004210636025817727,-0.0005513583276043343,0.0005513583276043343,0.013348381047454191,0.021237722520391838,0,1,0.0,10,1.0670720875985895,-78.0,10.0,45078.39660644531,-6974.43115234375,-215.690185546875,29.490966796875,Live,0.0,0.0,0.0,0.021237722520391838,52052.82775878906,-186.19921875,-0.003577120144420213,0,0.0
2021-02-05,582.536865234375,0.00797452679992916,700.3922119140625,0.004228440449507431,0.003746086350421729,0.003746086350421729,0.013354255161086067,0.02123799304965011,1,0,-1.0,10,0.6375190850983204,-78.0,10.0,45437.87548828125,-7003.922119140625,143.7886962890625,0.0,Closed,45437.87548828125,-7003.922119140625,143.7886962890625,0.02123799304965011,52441.797607421875,143.7886962890625,0.002741871996178725,0,143.7886962890625
2021-02-06,582.536865234375,0.0,700.3922119140625,0.0,0.0,0.0,0.01335267593979368,0.021238429434633905,1,0,0.0,10,,0.0,0.0,0.0,0.0,0.0,0.0,,0.0,0.0,0.0,0.021238429434633905,0.0,0.0,0.0,0,0.0
2021-02-07,582.536865234375,0.0,700.3922119140625,0.0,0.0,0.0,0.013291832829993326,0.02118443908756829,1,0,0.0,10,,0.0,0.0,0.0,0.0,0.0,0.0,,0.0,0.0,0.0,0.02118443908756829,0.0,0.0,0.0,0,0.0
2021-02-08,582.536865234375,0.0,700.3922119140625,0.0,0.0,0.0,0.013153761839967394,0.021127925282444827,1,0,0.0,10,,0.0,0.0,0.0,0.0,0.0,0.0,,0.0,0.0,0.0,0.021127925282444827,0.0,0.0,0.0,0,0.0
2021-02-09,582.536865234375,0.0,700.3922119140625,0.0,0.0,0.0,0.013056394971396467,0.021126562466936196,1,0,0.0,10,,0.0,0.0,0.0,0.0,0.0,0.0,,0.0,0.0,0.0,0.021126562466936196,0.0,0.0,0.0,0,0.0
2021-02-10,582.536865234375,0.0,700.3922119140625,0.0,0.0,0.0,0.013047135582735831,0.02111884612179962,1,0,0.0,10,,0.0,0.0,0.0,0.0,0.0,0.0,,0.0,0.0,0.0,0.02111884612179962,0.0,0.0,0.0,0,0.0
2021-02-11,582.536865234375,0.0,700.3922119140625,0.0,0.0,0.0,0.013047135582735831,0.02111884612179962,1,0,0.0,10,,0.0,0.0,0.0,0.0,0.0,0.0,,0.0,0.0,0.0,0.02111884612179962,0.0,0.0,0.0,0,0.0
2021-02-12,582.536865234375,0.0,700.3922119140625,0.0,0.0,0.0,0.013047135582735831,0.02111884612179962,1,0,0.0,10,,0.0,0.0,0.0,0.0,0.0,0.0,,0.0,0.0,0.0,0.02111884612179962,0.0,0.0,0.0,0,0.0
2021-02-13,582.536865234375,0.0,700.3922119140625,0.0,0.0,0.0,0.012990078422307634,0.021115703365093507,1,0,0.0,10,,0.0,0.0,0.0,0.0,0.0,0.0,,0.0,0.0,0.0,0.021115703365093507,0.0,0.0,0.0,0,0.0
2021-02-14,582.536865234375,0.0,700.3922119140625,0.0,0.0,0.0,0.012981117894419733,0.01970407927553043,1,0,0.0,10,,0.0,0.0,0.0,0.0,0.0,0.0,,0.0,0.0,0.0,0.01970407927553043,0.0,0.0,0.0,0,0.0
2021-02-15,582.536865234375,0.0,700.3922119140625,0.0,0.0,0.0,0.012933852759403995,0.019670557751972042,1,0,0.0,10,,0.0,0.0,0.0,0.0,0.0,0.0,,0.0,0.0,0.0,0.019670557751972042,0.0,0.0,0.0,0,0.0
2021-02-16,582.536865234375,0.0,700.3922119140625,0.0,0.0,0.0,0.012717132500006226,0.018853549445728406,1,0,0.0,10,,0.0,0.0,0.0,0.0,0.0,0.0,,0.0,0.0,0.0,0.018853549445728406,0.0,0.0,0.0,0,0.0
2021-02-17,611.1107177734375,0.04905071978159903,722.5098266601562,0.03157889875110076,0.01747182103049827,0.01747182103049827,0.013095568169094702,0.018320704658242336,1,0,0.0,10,0.7611591172568825,0.0,0.0,0.0,0.0,0.0,0.0,,0.0,0.0,0.0,0.018320704658242336,0.0,0.0,0.0,0,0.0
2021-02-18,608.345703125,-0.004524572336927379,721.0352783203125,-0.0020408695984938108,-0.0024837027384335686,0.0024837027384335686,0.013104969009566782,0.01832311414737906,0,0,0.0,10,0.5346182618833878,0.0,0.0,0.0,0.0,0.0,0.0,,0.0,0.0,0.0,0.01832311414737906,0.0,0.0,0.0,0,0.0
2021-02-19,600.9716186523438,-0.012121536216622264,710.7137451171875,-0.014314879609177433,0.0021933433925551693,0.0021933433925551693,0.013149458923949586,0.018366548694394844,1,0,0.0,10,1.3965959831477277,0.0,0.0,0.0,0.0,0.0,0.0,,0.0,0.0,0.0,0.018366548694394844,0.0,0.0,0.0,0,0.0
2021-02-20,600.9716186523438,0.0,710.7137451171875,0.0,0.0,0.0,0.013143798351759522,0.01818787894763286,1,0,0.0,10,,0.0,0.0,0.0,0.0,0.0,0.0,,0.0,0.0,0.0,0.01818787894763286,0.0,0.0,0.0,0,0.0
2021-02-21,600.9716186523438,0.0,710.7137451171875,0.0,0.0,0.0,0.013110504430121548,0.018186835802933732,1,0,0.0,10,,0.0,0.0,0.0,0.0,0.0,0.0,,0.0,0.0,0.0,0.018186835802933732,0.0,0.0,0.0,0,0.0
2021-02-22,599.128173828125,-0.003067440735974536,701.1295166015625,-0.013485356912640967,0.01041791617666643,0.01041791617666643,0.013069261095822083,0.01815652114483165,1,0,0.0,10,5.14475588446439,0.0,0.0,0.0,0.0,0.0,0.0,,0.0,0.0,0.0,0.01815652114483165,0.0,0.0,0.0,0,0.0
2021-02-23,590.83251953125,-0.0138462096413694,711.4509887695312,0.014721206173144541,-0.02856741581451394,0.02856741581451394,0.013123307104075227,0.01795800134103813,0,1,1.0,10,1.2802450006937112,13.0,-10.0,-7680.82275390625,7114.5098876953125,0.0,0.0,Opened,-7680.82275390625,7114.5098876953125,0.0,0.01795800134103813,14795.332641601562,0.0,0.0,0,0.0
2021-02-24,576.084716796875,-0.024961054523666815,693.0195922851562,-0.02590676908925582,0.0009457145655890065,0.0009457145655890065,0.013172712044928786,0.017986349587199687,1,0,-1.0,10,1.248560192007519,-13.0,10.0,7489.101318359375,-6930.1959228515625,-191.721435546875,184.31396484375,Closed,7489.101318359375,-6930.1959228515625,-7.407470703125,0.017986349587199687,14419.297241210938,-7.407470703125,-0.0005137192596289747,0,-7.407470703125
2021-02-25,585.3021850585938,0.016000195792329697,695.9686279296875,0.004255342384775984,0.011744853407553713,0.011744853407553713,0.013211989841968134,0.01798530949317245,1,0,0.0,10,0.3162414044375589,0.0,0.0,0.0,0.0,0.0,0.0,,0.0,0.0,0.0,0.01798530949317245,0.0,0.0,0.0,0,0.0
2021-02-26,558.5717163085938,-0.045669518126476905,660.5804443359375,-0.0508473833066585,0.005177865180181596,0.005177865180181596,0.013685424001030401,0.018425459801781226,1,0,0.0,10,1.3167064128355985,0.0,0.0,0.0,0.0,0.0,0.0,,0.0,0.0,0.0,0.018425459801781226,0.0,0.0,0.0,0,0.0
2021-02-27,558.5717163085938,0.0,660.5804443359375,0.0,0.0,0.0,0.013590827840616401,0.01824957333634949,1,0,0.0,10,,0.0,0.0,0.0,0.0,0.0,0.0,,0.0,0.0,0.0,0.01824957333634949,0.0,0.0,0.0,0,0.0
2021-02-28,558.5717163085938,0.0,660.5804443359375,0.0,0.0,0.0,0.013525809302117393,0.018080671522833602,1,0,0.0,10,,0.0,0.0,0.0,0.0,0.0,0.0,,0.0,0.0,0.0,0.018080671522833602,0.0,0.0,0.0,0,0.0
2021-03-01,558.5717163085938,0.0,660.5804443359375,0.0,0.0,0.0,0.013517634916834425,0.01792076189027148,1,0,0.0,10,,0.0,0.0,0.0,0.0,0.0,0.0,,0.0,0.0,0.0,0.01792076189027148,0.0,0.0,0.0,0,0.0
2021-03-02,561.3369750976562,0.004950588632265829,663.5294799804688,0.0044643096383147896,0.00048627899395103924,0.00048627899395103924,0.013514423995220314,0.017907821248960207,1,0,0.0,10,1.0659431466386746,0.0,0.0,0.0,0.0,0.0,0.0,,0.0,0.0,0.0,0.017907821248960207,0.0,0.0,0.0,0,0.0
2021-03-03,573.3195190429688,0.021346436235075927,685.6471557617188,0.033333373193759286,-0.011986936958683359,0.011986936958683359,0.013522699331232393,0.018054768644787896,0,0,0.0,10,1.8674880657484456,0.0,0.0,0.0,0.0,0.0,0.0,,0.0,0.0,0.0,0.018054768644787896,0.0,0.0,0.0,0,0.0
2021-03-04,553.9631958007812,-0.03376184239200275,661.3176879882812,-0.03548394763835738,0.0017221052463546327,0.0017221052463546327,0.013785179618537077,0.018275357780028933,1,0,0.0,10,1.2546859023007324,0.0,0.0,0.0,0.0,0.0,0.0,,0.0,0.0,0.0,0.018275357780028933,0.0,0.0,0.0,0,0.0
2021-03-05,553.9631958007812,0.0,650.9960327148438,-0.015607710879223302,0.015607710879223302,0.015607710879223302,0.013785179618537077,0.018323642081844147,1,0,0.0,10,inf,0.0,0.0,0.0,0.0,0.0,0.0,,0.0,0.0,0.0,0.018323642081844147,0.0,0.0,0.0,0,0.0
2021-03-06,553.9631958007812,0.0,650.9960327148438,0.0,0.0,0.0,0.013769463317567489,0.01830731572302826,1,0,0.0,10,,0.0,0.0,0.0,0.0,0.0,0.0,,0.0,0.0,0.0,0.01830731572302826,0.0,0.0,0.0,0,0.0
2021-03-07,553.9631958007812,0.0,650.9960327148438,0.0,0.0,0.0,0.013751184375983494,0.01829900992594959,1,0,0.0,10,,0.0,0.0,0.0,0.0,0.0,0.0,,0.0,0.0,0.0,0.01829900992594959,0.0,0.0,0.0,0,0.0
2021-03-08,551.1979370117188,-0.004991773478859374,639.2000122070312,-0.01811995759577778,0.013128184116918407,0.013128184116918407,0.013735235553736999,0.01831745636873137,1,0,0.0,10,4.209509547156661,0.0,0.0,0.0,0.0,0.0,0.0,,0.0,0.0,0.0,0.01831745636873137,0.0,0.0,0.0,0,0.0
2021-03-09,548.4326782226562,-0.005016816289360904,648.047119140625,0.01384090545156047,-0.018857721740921374,0.018857721740921374,0.01368780512920119,0.018334822989750237,0,1,1.0,10,3.260014743346559,33.0,-10.0,-18098.278381347656,6480.47119140625,0.0,0.0,Opened,-18098.278381347656,6480.47119140625,0.0,0.018334822989750237,24578.749572753906,0.0,0.0,0,0.0
2021-03-10,550.2760620117188,0.00336118517779882,636.98828125,-0.01706486698882348,0.0204260521666223,0.0204260521666223,0.013687751392005726,0.018379522784434277,1,0,-1.0,10,5.877075769327074,-33.0,10.0,18159.11004638672,-6369.8828125,60.8316650390625,110.58837890625,Closed,18159.11004638672,-6369.8828125,171.4200439453125,0.018379522784434277,24528.99285888672,171.4200439453125,0.006988466462177144,0,171.4200439453125
2021-03-11,561.3369750976562,0.02010066192140103,654.6824340820312,0.027777831010185938,-0.0076771690887849076,0.0076771690887849076,0.01375406724639953,0.01847696331350096,0,0,0.0,10,1.611740098296963,0.0,0.0,0.0,0.0,0.0,0.0,,0.0,0.0,0.0,0.01847696331350096,0.0,0.0,0.0,0,0.0
2021-03-12,565.9456787109375,0.008210226330591208,662.7921752929688,0.012387290064240997,-0.0041770637336497884,0.0041770637336497884,0.013760998856538259,0.018491056778579918,0,0,0.0,10,1.766948136470738,0.0,0.0,0.0,0.0,0.0,0.0,,0.0,0.0,0.0,0.018491056778579918,0.0,0.0,0.0,0,0.0
2021-03-13,565.9456787109375,0.0,662.7921752929688,0.0,0.0,0.0,0.013747874184958306,0.018424352453517645,1,0,0.0,10,,0.0,0.0,0.0,0.0,0.0,0.0,,0.0,0.0,0.0,0.018424352453517645,0.0,0.0,0.0,0,0.0
2021-03-14,565.9456787109375,0.0,662.7921752929688,0.0,0.0,0.0,0.013738402561411197,0.01842503140501668,1,0,0.0,10,,0.0,0.0,0.0,0.0,0.0,0.0,,0.0,0.0,0.0,0.01842503140501668,0.0,0.0,0.0,0,0.0
2021-03-15,563.1804809570312,-0.00488597732595919,668.6901245117188,0.008898640386246326,-0.013784617712205516,0.013784617712205516,0.013594588280275342,0.018423062545197526,0,0,0.0,10,2.1624671764255137,0.0,0.0,0.0,0.0,0.0,0.0,,0.0,0.0,0.0,0.018423062545197526,0.0,0.0,0.0,0,0.0
2021-03-16,565.0240478515625,0.00327349216968309,677.5372314453125,0.013230503351689071,-0.009957011182005981,0.009957011182005981,0.013534316598032763,0.018288859478948507,0,0,0.0,10,4.846534334765271,0.0,0.0,0.0,0.0,0.0,0.0,,0.0,0.0,0.0,0.018288859478948507,0.0,0.0,0.0,0,0.0
2021-03-17,559.0081787109375,-0.0106471028330557,669.427490234375,-0.011969439957768668,0.001322337124712969,0.001322337124712969,0.013537404169516348,0.018273449757243553,1,0,0.0,10,1.3462563435930808,0.0,0.0,0.0,0.0,0.0,0.0,,0.0,0.0,0.0,0.018273449757243553,0.0,0.0,0.0,0,0.0
2021-03-18,557.1571044921875,-0.0033113544474761003,665.7412109375,-0.005506614757610828,0.002195260310134728,0.002195260310134728,0.013542183916698144,0.0182820426563523,1,0,0.0,10,1.9870408389587282,0.0,0.0,0.0,0.0,0.0,0.0,,0.0,0.0,0.0,0.0182820426563523,0.0,0.0,0.0,0,0.0
2021-03-19,546.9763793945312,-0.018272629058432854,652.4706420898438,-0.019933524663387714,0.0016608956049548596,0.0016608956049548596,0.013624243621539989,0.018356497870979697,1,0,0.0,10,1.3012941069829713,0.0,0.0,0.0,0.0,0.0,0.0,,0.0,0.0,0.0,0.018356497870979697,0.0,0.0,0.0,0,0.0
2021-03-20,546.9763793945312,0.0,652.4706420898438,0.0,0.0,0.0,0.013601093135621288,0.018351794644543756,1,0,0.0,10,,0.0,0.0,0.0,0.0,0.0,0.0,,0.0,0.0,0.0,0.018351794644543756,0.0,0.0,0.0,0,0.0
2021-03-21,546.9763793945312,0.0,652.4706420898438,0.0,0.0,0.0,0.013586494046120634,0.01826943582696375,1,0,0.0,10,,0.0,0.0,0.0,0.0,0.0,0.0,,0.0,0.0,0.0,0.01826943582696375,0.0,0.0,0.0,0,0.0
2021-03-22,548.8275146484375,0.0033843056549449635,649.5216064453125,-0.004519798216645499,0.007904103871590462,0.007904103871590462,0.013566973656743144,0.018208878737827446,1,0,0.0,10,1.5805461943665478,0.0,0.0,0.0,0.0,0.0,0.0,,0.0,0.0,0.0,0.018208878737827446,0.0,0.0,0.0,0,0.0
2021-03-23,549.7529907226562,0.0016862785657012491,641.4117431640625,-0.01248590224062518,0.014172180806326429,0.014172180806326429,0.013425166917269117,0.0181059441849678,1,0,0.0,10,8.638929239191926,0.0,0.0,0.0,0.0,0.0,0.0,,0.0,0.0,0.0,0.0181059441849678,0.0,0.0,0.0,0,0.0
2021-03-24,533.0938110351562,-0.030303026938700794,659.1058349609375,0.02758616752102272,-0.057889194459723514,0.057889194459723514,0.01363967283635386,0.01808840411609748,0,1,1.0,10,1.1255294761375554,12.0,-10.0,-6397.125732421875,6591.058349609375,0.0,0.0,Opened,-6397.125732421875,6591.058349609375,0.0,0.01808840411609748,12988.18408203125,0.0,0.0,0,0.0
2021-03-25,532.1682739257812,-0.0017361617978227661,699.6549072265625,0.06152133711276919,-0.06325749891059196,0.06325749891059196,0.013641599010882818,0.018614120964450188,0,1,0.0,10,46.587614673441074,-12.0,10.0,6386.019287109375,-6996.549072265625,-11.1064453125,-405.49072265625,Live,0.0,0.0,0.0,0.018614120964450188,13382.568359375,-416.59716796875,-0.03112983672352458,1,-416.59716796875
2021-03-26,546.0509643554688,0.026087031320517262,695.2313842773438,-0.006322435394262582,0.032409466714779844,0.032409466714779844,0.013760044183669069,0.01862551223161005,1,0,-1.0,10,0.3085715848290471,-12.0,10.0,6552.611572265625,-6952.3138427734375,155.48583984375,-361.2554931640625,Closed,6552.611572265625,-6952.3138427734375,-205.7696533203125,0.01862551223161005,13504.925415039062,-205.7696533203125,-0.015236637522719507,0,0.0
2021-03-27,546.0509643554688,0.0,695.2313842773438,0.0,0.0,0.0,0.013710310818119437,0.018508453514069,1,0,0.0,10,,0.0,0.0,0.0,0.0,0.0,0.0,,0.0,0.0,0.0,0.018508453514069,0.0,0.0,0.0,0,0.0
2021-03-28,546.0509643554688,0.0,695.2313842773438,0.0,0.0,0.0,0.01370914677617648,0.01849730356763314,1,0,0.0,10,,0.0,0.0,0.0,0.0,0.0,0.0,,0.0,0.0,0.0,0.01849730356763314,0.0,0.0,0.0,0,0.0
2021-03-29,554.380615234375,0.015254346979751476,693.7568969726562,-0.00212085837612197,0.017375205355873446,0.017375205355873446,0.013743829498100293,0.018492134286526397,1,0,0.0,10,0.17398721064328654,0.0,0.0,0.0,0.0,0.0,0.0,,0.0,0.0,0.0,0.018492134286526397,0.0,0.0,0.0,0,0.0
2021-03-30,552.529541015625,-0.003338995209937856,715.87451171875,0.031880929533974145,-0.035219924743912,0.035219924743912,0.01374872590966609,0.01861927074648298,0,1,1.0,10,12.370765562933864,124.0,-10.0,-68513.6630859375,7158.7451171875,0.0,0.0,Opened,-68513.6630859375,7158.7451171875,0.0,0.01861927074648298,75672.408203125,0.0,0.0,0,0.0
2021-03-31,543.2744750976562,-0.01675035492393162,714.4000244140625,-0.002059700800280506,-0.014690654123651115,0.014690654123651115,0.013818369201209458,0.018621623703607582,0,1,0.0,10,0.16169711967121256,-124.0,10.0,67366.03491210938,-7144.000244140625,-1147.628173828125,14.744873046875,Live,0.0,0.0,0.0,0.018621623703607582,74510.03515625,-1132.88330078125,-0.015204439219570308,0,0.0
2021-04-01,557.1571044921875,0.025553619819955298,708.501953125,-0.008255978565930189,0.033809598385885486,0.033809598385885486,0.013930208218510348,0.01863864939549463,1,0,-1.0,10,0.41084641968288377,-124.0,10.0,69087.48095703125,-7085.01953125,573.81787109375,73.7255859375,Closed,69087.48095703125,-7085.01953125,647.54345703125,0.01863864939549463,76172.50048828125,647.54345703125,0.008501013526933795,0,647.54345703125
2021-04-02,557.1571044921875,0.0,708.501953125,0.0,0.0,0.0,0.013930208218510348,0.01863864939549463,1,0,0.0,10,,0.0,0.0,0.0,0.0,0.0,0.0,,0.0,0.0,0.0,0.01863864939549463,0.0,0.0,0.0,0,0.0
2021-04-03,557.1571044921875,0.0,708.501953125,0.0,0.0,0.0,0.013929022913680752,0.018637489851925964,1,0,0.0,10,,0.0,0.0,0.0,0.0,0.0,0.0,,0.0,0.0,0.0,0.018637489851925964,0.0,0.0,0.0,0,0.0
2021-04-04,557.1571044921875,0.0,708.501953125,0.0,0.0,0.0,0.013889026293100293,0.018636308469500863,1,0,0.0,10,,0.0,0.0,0.0,0.0,0.0,0.0,,0.0,0.0,0.0,0.018636308469500863,0.0,0.0,0.0,0,0.0
2021-04-05,557.1571044921875,0.0,708.501953125,0.0,0.0,0.0,0.013882269426175155,0.01826596390697451,1,0,0.0,10,,0.0,0.0,0.0,0.0,0.0,0.0,,0.0,0.0,0.0,0.01826596390697451,0.0,0.0,0.0,0,0.0
2021-04-06,557.1571044921875,0.0,708.501953125,0.0,0.0,0.0,0.01379571121578447,0.018096558697278217,1,0,0.0,10,,0.0,0.0,0.0,0.0,0.0,0.0,,0.0,0.0,0.0,0.018096558697278217,0.0,0.0,0.0,0,0.0
2021-04-07,564.561279296875,0.01328920468749284,735.7803955078125,0.03850157683051547,-0.025212372143022632,0.025212372143022632,0.013821960914430692,0.0182972342024461,0,1,1.0,10,3.775866659114304,38.0,-10.0,-21453.32861328125,7357.803955078125,0.0,0.0,Opened,-21453.32861328125,7357.803955078125,0.0,0.0182972342024461,28811.132568359375,0.0,0.0,0,0.0
2021-04-08,567.3377685546875,0.004917959058882815,752.0,0.02204408352167797,-0.017126124462795156,0.017126124462795156,0.01382324539004526,0.018354893732053488,0,1,0.0,10,5.941324639032722,-38.0,10.0,21558.835205078125,-7520.0,105.506591796875,-162.196044921875,Live,0.0,0.0,0.0,0.018354893732053488,29078.835205078125,-56.689453125,-0.001949509075078088,0,0.0
2021-04-09,564.561279296875,-0.004893891102800585,736.5176391601562,-0.020588245797664606,0.01569435469486402,0.01569435469486402,0.013831667963196827,0.018434553706740655,1,0,-1.0,10,5.488290704129962,-38.0,10.0,21453.32861328125,-7365.1763916015625,0.0,-7.3724365234375,Closed,21453.32861328125,-7365.1763916015625,-7.3724365234375,0.018434553706740655,28818.505004882812,-7.3724365234375,-0.0002558230040797871,0,-7.3724365234375
2021-04-10,564.561279296875,0.0,736.5176391601562,0.0,0.0,0.0,0.013794358225078596,0.017814543043387327,1,0,0.0,10,,0.0,0.0,0.0,0.0,0.0,0.0,,0.0,0.0,0.0,0.017814543043387327,0.0,0.0,0.0,0,0.0
2021-04-11,564.561279296875,0.0,736.5176391601562,0.0,0.0,0.0,0.013793525850593947,0.017731428768991708,1,0,0.0,10,,0.0,0.0,0.0,0.0,0.0,0.0,,0.0,0.0,0.0,0.017731428768991708,0.0,0.0,0.0,0,0.0
2021-04-12,559.9335327148438,-0.008197066911487139,707.7647094726562,-0.039039023858663646,0.030841956947176508,0.030841956947176508,0.013799754437727301,0.01795402224699385,1,1,1.0,10,6.019950177673525,-61.0,10.0,34155.94549560547,-7077.6470947265625,0.0,0.0,Opened,34155.94549560547,-7077.6470947265625,0.0,0.01795402224699385,41233.59259033203,0.0,0.0,0,0.0
2021-04-13,559.9335327148438,0.0,708.501953125,0.001041650766810731,-0.001041650766810731,0.001041650766810731,0.013756016320432546,0.017953540870756315,0,0,-1.0,10,inf,61.0,-10.0,-34155.94549560547,7085.01953125,0.0,7.3724365234375,Closed,-34155.94549560547,7085.01953125,7.3724365234375,0.017953540870756315,41240.96502685547,7.3724365234375,0.00017876488871287771,0,7.3724365234375
2021-04-14,566.4122924804688,0.011570587198471038,711.4509887695312,0.00416235358494621,0.007408233613524828,0.007408233613524828,0.01375238086596884,0.01791863260096791,1,0,0.0,10,0.45185166580230357,0.0,0.0,0.0,0.0,0.0,0.0,,0.0,0.0,0.0,0.01791863260096791,0.0,0.0,0.0,0,0.0
2021-04-15,572.8907470703125,0.01143770125728194,726.196044921875,0.020725329481719568,-0.009287628224437627,0.009287628224437627,0.013770124629289664,0.017971543446178982,0,0,0.0,10,2.2969141643695754,0.0,0.0,0.0,0.0,0.0,0.0,,0.0,0.0,0.0,0.017971543446178982,0.0,0.0,0.0,0,0.0
2021-04-16,564.561279296875,-0.014539365168722451,718.8235473632812,-0.010152213868621196,-0.004387151300101255,0.004387151300101255,0.013824042431367686,0.017994464639955493,0,0,0.0,10,0.8890506843343476,0.0,0.0,0.0,0.0,0.0,0.0,,0.0,0.0,0.0,0.017994464639955493,0.0,0.0,0.0,0,0.0
2021-04-17,564.561279296875,0.0,718.8235473632812,0.0,0.0,0.0,0.013765242843206987,0.017957668677853002,1,0,0.0,10,,0.0,0.0,0.0,0.0,0.0,0.0,,0.0,0.0,0.0,0.017957668677853002,0.0,0.0,0.0,0,0.0
2021-04-18,564.561279296875,0.0,718.8235473632812,0.0,0.0,0.0,0.013713905531456471,0.017954145106013758,1,0,0.0,10,,0.0,0.0,0.0,0.0,0.0,0.0,,0.0,0.0,0.0,0.017954145106013758,0.0,0.0,0.0,0,0.0
2021-04-19,558.0826416015625,-0.011475526099454125,709.9765625,-0.012307589109640138,0.0008320630101860127,0.0008320630101860127,0.013748203623365571,0.017968496553878683,1,0,0.0,10,1.3644131027697124,0.0,0.0,0.0,0.0,0.0,0.0,,0.0,0.0,0.0,0.017968496553878683,0.0,0.0,0.0,0,0.0
2021-04-20,557.1571044921875,-0.0016584230369877107,735.7803955078125,0.03634462652816439,-0.0380030495651521,0.0380030495651521,0.013749039466276697,0.0181432752286335,0,1,1.0,10,28.94112626367728,290.0,-10.0,-161575.56030273438,7357.803955078125,0.0,0.0,Opened,-161575.56030273438,7357.803955078125,0.0,0.0181432752286335,168933.3642578125,0.0,0.0,0,0.0
2021-04-21,547.9019775390625,-0.01661134153814736,728.4078369140625,-0.01002005304675413,-0.006591288491393232,0.006591288491393232,0.013802968324238473,0.018123077233347742,0,1,0.0,10,0.8019310972188226,-290.0,10.0,158891.57348632812,-7284.078369140625,-2683.98681640625,73.7255859375,Live,0.0,0.0,0.0,0.018123077233347742,166175.65185546875,-2610.26123046875,-0.015707844087405925,0,0.0
2021-04-22,546.9763793945312,-0.0016893498882567526,725.4588012695312,-0.0040486050466247425,0.00235925515836799,0.00235925515836799,0.013804666945790165,0.01812840391756206,1,0,-1.0,10,3.178556872406537,-290.0,10.0,158623.15002441406,-7254.5880126953125,-2952.4102783203125,103.2159423828125,Closed,158623.15002441406,-7254.5880126953125,-2849.1943359375,0.01812840391756206,165877.73803710938,-2849.1943359375,-0.01717647207909293,0,-2849.1943359375
2021-04-23,557.1571044921875,0.018612732617312888,763.058837890625,0.051829320362913434,-0.033216587745600545,0.033216587745600545,0.01386194162174041,0.018500528541654526,0,1,1.0,10,3.813692998992369,39.0,-10.0,-21729.127075195312,7630.58837890625,0.0,0.0,Opened,-21729.127075195312,7630.58837890625,0.0,0.018500528541654526,29359.715454101562,0.0,0.0,0,0.0
2021-04-24,557.1571044921875,0.0,763.058837890625,0.0,0.0,0.0,0.01385487264141861,0.018490750413689486,1,0,-1.0,10,,-39.0,10.0,21729.127075195312,-7630.58837890625,0.0,0.0,Closed,21729.127075195312,-7630.58837890625,0.0,0.018490750413689486,29359.715454101562,0.0,0.0,0,0.0
2021-04-25,557.1571044921875,0.0,763.058837890625,0.0,0.0,0.0,0.013841116635228771,0.01846286247868262,1,0,0.0,10,,0.0,0.0,0.0,0.0,0.0,0.0,,0.0,0.0,0.0,0.01846286247868262,0.0,0.0,0.0,0,0.0
2021-04-26,564.561279296875,0.01328920468749284,788.8627319335938,0.03381638841154144,-0.020527183724048603,0.020527183724048603,0.013852681650341658,0.0185993310115875,0,1,1.0,10,3.5556465487173132,36.0,-10.0,-20324.2060546875,7888.6273193359375,0.0,0.0,Opened,-20324.2060546875,7888.6273193359375,0.0,0.0185993310115875,28212.833374023438,0.0,0.0,0,0.0
2021-04-27,564.561279296875,0.0,785.1764526367188,-0.004672903342561874,0.004672903342561874,0.004672903342561874,0.013789988668524605,0.018606942972134655,1,0,-1.0,10,inf,-36.0,10.0,20324.2060546875,-7851.7645263671875,0.0,36.86279296875,Closed,20324.2060546875,-7851.7645263671875,36.86279296875,0.018606942972134655,28175.970581054688,36.86279296875,0.001308306056847471,0,36.86279296875
2021-04-28,557.1571044921875,-0.013114917859596953,796.2352905273438,0.014084525654695979,-0.02719944351429293,0.02719944351429293,0.013799660095183216,0.018606665956558268,0,1,1.0,10,1.5347597461028135,16.0,-10.0,-8914.513671875,7962.3529052734375,0.0,0.0,Opened,-8914.513671875,7962.3529052734375,0.0,0.018606665956558268,16876.866577148438,0.0,0.0,0,0.0
2021-04-29,555.30615234375,-0.0033221368506546334,873.6470947265625,0.09722227226068969,-0.10054440911134432,0.10054440911134432,0.01380455654204854,0.019892758124155,0,1,0.0,10,46.04174766925883,-16.0,10.0,8884.8984375,-8736.470947265625,-29.615234375,-774.1180419921875,Live,0.0,0.0,0.0,0.019892758124155,17621.369384765625,-803.7332763671875,-0.04561128359649772,1,-803.7332763671875
2021-04-30,555.30615234375,0.0,873.6470947265625,0.0,0.0,0.0,0.01380455654204854,0.019892758124155,1,0,-1.0,10,,-16.0,10.0,8884.8984375,-8736.470947265625,-29.615234375,-774.1180419921875,Closed,8884.8984375,-8736.470947265625,-803.7332763671875,0.019892758124155,17621.369384765625,-803.7332763671875,-0.04561128359649772,1,0.0
2021-05-01,555.30615234375,0.0,873.6470947265625,0.0,0.0,0.0,0.013797661596727939,0.01966530709503352,1,0,0.0,10,,0.0,0.0,0.0,0.0,0.0,0.0,,0.0,0.0,0.0,0.01966530709503352,0.0,0.0,0.0,0,0.0
2021-05-02,555.30615234375,0.0,873.6470947265625,0.0,0.0,0.0,0.013775022859276896,0.019635348159711553,1,0,0.0,10,,0.0,0.0,0.0,0.0,0.0,0.0,,0.0,0.0,0.0,0.019635348159711553,0.0,0.0,0.0,0,0.0
2021-05-03,544.2000732421875,-0.019999920862910803,814.6666870117188,-0.06751056355690588,0.047510642693995075,0.047510642693995075,0.013800228887110763,0.02030308989082134,1,1,1.0,10,5.053180574368219,-51.0,10.0,27754.203735351562,-8146.6668701171875,0.0,0.0,Opened,27754.203735351562,-8146.6668701171875,0.0,0.02030308989082134,35900.87060546875,0.0,0.0,0,0.0
2021-05-04,546.9763793945312,0.005101627671241005,799.9215087890625,-0.018099645484146554,0.02320127315538756,0.02320127315538756,0.013802586232042691,0.020275338067489688,1,1,0.0,10,5.188479572473047,51.0,-10.0,-27895.795349121094,7999.215087890625,-141.59161376953125,-147.4517822265625,Live,0.0,0.0,0.0,0.020275338067489688,35895.01043701172,-289.04339599609375,-0.00805246725038024,0,0.0
2021-05-05,541.4234008789062,-0.010152135859635814,740.941162109375,-0.07373266755756214,0.06358053169792632,0.06358053169792632,0.013829960916116822,0.02105831047799074,1,1,0.0,10,9.939149545386643,51.0,-10.0,-27612.59344482422,7409.41162109375,141.61029052734375,-737.2552490234375,Live,0.0,0.0,0.0,0.02105831047799074,35022.00506591797,-595.6449584960938,-0.01700773434801858,0,0.0
2021-05-06,543.2744750976562,0.003418903238657789,777.8038940429688,0.04975122697819856,-0.04633232373954077,0.04633232373954077,0.013830136930235543,0.021353314714984882,0,0,-1.0,10,20.833766793723335,51.0,-10.0,-27706.99822998047,7778.0389404296875,47.20550537109375,-368.6279296875,Closed,-27706.99822998047,7778.0389404296875,-321.42242431640625,0.021353314714984882,35485.037170410156,-321.42242431640625,-0.009057970624994305,0,-321.42242431640625
2021-05-07,554.380615234375,0.020442963264052372,781.490234375,0.004739421286347634,0.015703541977704738,0.015703541977704738,0.013900752389120797,0.021353129341804816,1,0,0.0,10,0.32681124079896584,0.0,0.0,0.0,0.0,0.0,0.0,,0.0,0.0,0.0,0.021353129341804816,0.0,0.0,0.0,0,0.0
2021-05-08,554.380615234375,0.0,781.490234375,0.0,0.0,0.0,0.013874287379040333,0.021353948502007274,1,0,0.0,10,,0.0,0.0,0.0,0.0,0.0,0.0,,0.0,0.0,0.0,0.021353948502007274,0.0,0.0,0.0,0,0.0
2021-05-09,554.380615234375,0.0,781.490234375,0.0,0.0,0.0,0.013809219078360652,0.021270451072331366,1,0,0.0,10,,0.0,0.0,0.0,0.0,0.0,0.0,,0.0,0.0,0.0,0.021270451072331366,0.0,0.0,0.0,0,0.0
2021-05-10,545.1255493164062,-0.016694425569075855,721.7725830078125,-0.07641509610794683,0.05972067053887098,0.05972067053887098,0.013849624485990326,0.022035745181802853,1,1,1.0,10,6.060542864619361,-61.0,10.0,33252.65850830078,-7217.725830078125,0.0,0.0,Opened,33252.65850830078,-7217.725830078125,0.0,0.022035745181802853,40470.384338378906,0.0,0.0,0,0.0
2021-05-11,528.4664306640625,-0.03056015017684366,671.6392211914062,-0.06945866744825302,0.03889851727140936,0.03889851727140936,0.01405484678003072,0.02267059753665022,1,1,0.0,10,2.8886146351933264,61.0,-10.0,-32236.452270507812,6716.3922119140625,1016.2062377929688,-501.3336181640625,Live,0.0,0.0,0.0,0.02267059753665022,38952.844482421875,514.8726196289062,0.013217843946191174,0,0.0
2021-05-12,518.2857055664062,-0.019264658087862485,654.6824340820312,-0.025246868518630783,0.005982210430768298,0.005982210430768298,0.014127679370153537,0.022760799760607443,1,1,0.0,10,1.6554179887717664,61.0,-10.0,-31615.42803955078,6546.8243408203125,1637.23046875,-670.9014892578125,Live,0.0,0.0,0.0,0.022760799760607443,38162.252380371094,966.3289794921875,0.02532159186676368,0,0.0
2021-05-13,506.2540588378906,-0.023214313262540975,643.6235961914062,-0.01689191173447513,-0.006322401528065846,0.006322401528065846,0.01424433912592509,0.02280297040300972,0,0,-1.0,10,0.9250951460039033,61.0,-10.0,-30881.497589111328,6436.2359619140625,2371.160919189453,-781.4898681640625,Closed,-30881.497589111328,6436.2359619140625,1589.6710510253906,0.02280297040300972,37317.73355102539,1589.6710510253906,0.042598274325845564,0,1589.6710510253906
2021-05-14,515.5091552734375,0.018281525400096532,659.8430786132812,0.02520026070804815,-0.006918735307951618,0.006918735307951618,0.014301589570025973,0.022869812423109242,0,0,0.0,10,1.7643993394459765,0.0,0.0,0.0,0.0,0.0,0.0,,0.0,0.0,0.0,0.022869812423109242,0.0,0.0,0.0,0,0.0
2021-05-15,515.5091552734375,0.0,659.8430786132812,0.0,0.0,0.0,0.013871937766532592,0.022784912950015286,1,0,0.0,10,,0.0,0.0,0.0,0.0,0.0,0.0,,0.0,0.0,0.0,0.022784912950015286,0.0,0.0,0.0,0,0.0
2021-05-16,515.5091552734375,0.0,659.8430786132812,0.0,0.0,0.0,0.013871148862463285,0.022785070062694583,1,0,0.0,10,,0.0,0.0,0.0,0.0,0.0,0.0,,0.0,0.0,0.0,0.022785070062694583,0.0,0.0,0.0,0,0.0
2021-05-17,508.1050720214844,-0.014362661023984757,673.8510131835938,0.021229190733880854,-0.03559185175786561,0.03559185175786561,0.013811889170269888,0.022589963927550295,0,1,1.0,10,1.9602383605625993,20.0,-10.0,-10162.101440429688,6738.5101318359375,0.0,0.0,Opened,-10162.101440429688,6738.5101318359375,0.0,0.022589963927550295,16900.611572265625,0.0,0.0,0,0.0
2021-05-18,529.391845703125,0.04189443257661596,732.8313598632812,0.08752728054980019,-0.04563284797318423,0.04563284797318423,0.014104317773783615,0.023479184853516452,0,1,0.0,10,2.892104097676997,-20.0,10.0,10587.8369140625,-7328.3135986328125,425.7354736328125,-589.803466796875,Live,0.0,0.0,0.0,0.023479184853516452,17916.150512695312,-164.0679931640625,-0.009157547155445282,0,0.0
2021-05-19,524.7642211914062,-0.00874139741531621,695.2313842773438,-0.05130781465595613,0.04256641724063992,0.04256641724063992,0.014117981907415776,0.023776743640301867,1,0,-1.0,10,7.776206841407636,-20.0,10.0,10495.284423828125,-6952.3138427734375,333.1829833984375,-213.8037109375,Closed,10495.284423828125,-6952.3138427734375,119.3792724609375,0.023776743640301867,17447.598266601562,119.3792724609375,0.006842160774039312,0,119.3792724609375
2021-05-20,524.7642211914062,0.0,685.6471557617188,-0.013785667235933663,0.013785667235933663,0.013785667235933663,0.014117981907415776,0.023804031392434664,1,0,0.0,10,inf,0.0,0.0,0.0,0.0,0.0,0.0,,0.0,0.0,0.0,0.023804031392434664,0.0,0.0,0.0,0,0.0
2021-05-21,530.3173217773438,0.010582086891004039,704.078369140625,0.02688148448370664,-0.016299397592702602,0.016299397592702602,0.014135888296880242,0.02387878634881363,0,0,0.0,10,3.3726176947071345,0.0,0.0,0.0,0.0,0.0,0.0,,0.0,0.0,0.0,0.02387878634881363,0.0,0.0,0.0,0,0.0
2021-05-22,530.3173217773438,0.0,704.078369140625,0.0,0.0,0.0,0.01408267286982091,0.02387334884710241,1,0,0.0,10,,0.0,0.0,0.0,0.0,0.0,0.0,,0.0,0.0,0.0,0.02387334884710241,0.0,0.0,0.0,0,0.0
2021-05-23,530.3173217773438,0.0,704.078369140625,0.0,0.0,0.0,0.014062878573736105,0.023872607370951246,1,0,0.0,10,,0.0,0.0,0.0,0.0,0.0,0.0,,0.0,0.0,0.0,0.023872607370951246,0.0,0.0,0.0,0,0.0
2021-05-24,525.6898193359375,-0.008725912300766137,695.2313842773438,-0.012565341091332782,0.0038394287905666458,0.0038394287905666458,0.014056916865388317,0.02381746082881797,1,0,0.0,10,1.9044222236729889,0.0,0.0,0.0,0.0,0.0,0.0,,0.0,0.0,0.0,0.02381746082881797,0.0,0.0,0.0,0,0.0
2021-05-25,539.5723266601562,0.026408172297792243,701.86669921875,0.009544038274830413,0.01686413402296183,0.01686413402296183,0.014182149227904223,0.023819571917807626,1,0,0.0,10,0.470109250647833,0.0,0.0,0.0,0.0,0.0,0.0,,0.0,0.0,0.0,0.023819571917807626,0.0,0.0,0.0,0,0.0
2021-05-26,541.4234008789062,0.0034306322383279575,701.1295166015625,-0.0010503171300305647,0.004480949368358522,0.004480949368358522,0.014182931443569191,0.023811787314521847,1,0,0.0,10,0.39646742705325316,0.0,0.0,0.0,0.0,0.0,0.0,,0.0,0.0,0.0,0.023811787314521847,0.0,0.0,0.0,0,0.0
2021-05-27,538.64697265625,-0.005128016665236879,689.3333740234375,-0.016824484348201385,0.011696467682964506,0.011696467682964506,0.014190394571476507,0.02385183605407105,1,0,0.0,10,4.198724860508311,0.0,0.0,0.0,0.0,0.0,0.0,,0.0,0.0,0.0,0.02385183605407105,0.0,0.0,0.0,0,0.0
2021-05-28,546.0509643554688,0.013745536641015965,708.501953125,0.02780741485020677,-0.014061878209190803,0.014061878209190803,0.014221298601429483,0.023930715507560596,0,0,0.0,10,2.624863897178093,0.0,0.0,0.0,0.0,0.0,0.0,,0.0,0.0,0.0,0.023930715507560596,0.0,0.0,0.0,0,0.0
2021-05-29,546.0509643554688,0.0,708.501953125,0.0,0.0,0.0,0.014153306549006987,0.02381947231170925,1,0,0.0,10,,0.0,0.0,0.0,0.0,0.0,0.0,,0.0,0.0,0.0,0.02381947231170925,0.0,0.0,0.0,0,0.0
2021-05-30,546.0509643554688,0.0,708.501953125,0.0,0.0,0.0,0.014085639617681618,0.02380311812711252,1,0,0.0,10,,0.0,0.0,0.0,0.0,0.0,0.0,,0.0,0.0,0.0,0.02380311812711252,0.0,0.0,0.0,0,0.0
2021-05-31,552.529541015625,0.011864417578317576,733.5686645507812,0.03537987625188488,-0.023515458673567302,0.023515458673567302,0.014049605364863476,0.0238886596134024,0,0,0.0,10,3.959087998251388,0.0,0.0,0.0,0.0,0.0,0.0,,0.0,0.0,0.0,0.0238886596134024,0.0,0.0,0.0,0,0.0
2021-06-01,553.455078125,0.0016750907248754832,720.2980346679688,-0.018090508120244042,0.019765598845119525,0.019765598845119525,0.014044346025790863,0.023894330520817252,1,0,0.0,10,14.055370064739837,0.0,0.0,0.0,0.0,0.0,0.0,,0.0,0.0,0.0,0.023894330520817252,0.0,0.0,0.0,0,0.0
2021-06-02,550.6785888671875,-0.0050166479043226575,707.0274658203125,-0.018423719361907565,0.013407071457584907,0.013407071457584907,0.014028026607856972,0.023940347549986425,1,0,0.0,10,4.715218071329818,0.0,0.0,0.0,0.0,0.0,0.0,,0.0,0.0,0.0,0.023940347549986425,0.0,0.0,0.0,0,0.0
2021-06-03,551.6041259765625,0.0016807210741185408,723.2470703125,0.022940557865554823,-0.021259836791436282,0.021259836791436282,0.014027862334585035,0.023990681534380956,0,0,0.0,10,17.896475338055566,0.0,0.0,0.0,0.0,0.0,0.0,,0.0,0.0,0.0,0.023990681534380956,0.0,0.0,0.0,0,0.0
2021-06-04,550.6785888671875,-0.00167790099056353,720.2980346679688,-0.00407749407578939,0.0023995930852258596,0.0023995930852258596,0.014029148434710818,0.02399462080053196,1,0,0.0,10,3.1786378261794437,0.0,0.0,0.0,0.0,0.0,0.0,,0.0,0.0,0.0,0.02399462080053196,0.0,0.0,0.0,0,0.0
2021-06-05,550.6785888671875,0.0,720.2980346679688,0.0,0.0,0.0,0.013942544190201411,0.023993692267963773,1,0,0.0,10,,0.0,0.0,0.0,0.0,0.0,0.0,,0.0,0.0,0.0,0.023993692267963773,0.0,0.0,0.0,0,0.0
2021-06-06,550.6785888671875,0.0,720.2980346679688,0.0,0.0,0.0,0.013873602217450964,0.02385171889677415,1,0,0.0,10,,0.0,0.0,0.0,0.0,0.0,0.0,,0.0,0.0,0.0,0.02385171889677415,0.0,0.0,0.0,0,0.0
2021-06-07,547.9019775390625,-0.005042163222355955,717.3489990234375,-0.004094188103526686,-0.0009479751188292695,0.0009479751188292695,0.013866090615811283,0.02385437030375938,0,0,0.0,10,1.0631107762239156,0.0,0.0,0.0,0.0,0.0,0.0,,0.0,0.0,0.0,0.02385437030375938,0.0,0.0,0.0,0,0.0
2021-06-08,545.1255493164062,-0.005067381277079397,712.1882934570312,-0.007194135035292093,0.002126753758212696,0.002126753758212696,0.013819787331755791,0.023712061821502903,1,0,0.0,10,1.8547838095937805,0.0,0.0,0.0,0.0,0.0,0.0,,0.0,0.0,0.0,0.023712061821502903,0.0,0.0,0.0,0,0.0
2021-06-09,542.3489990234375,-0.005093414345466951,712.9254760742188,0.001035095106111772,-0.006128509451578723,0.006128509451578723,0.013817324113590228,0.023709426025385803,0,0,0.0,10,0.26713853471037885,0.0,0.0,0.0,0.0,0.0,0.0,,0.0,0.0,0.0,0.023709426025385803,0.0,0.0,0.0,0,0.0
2021-06-10,554.380615234375,0.022184269229964082,735.7803955078125,0.03205793620876918,-0.009873666978805096,0.009873666978805096,0.013908324460585177,0.023814347132949946,0,0,0.0,10,1.9179205350461426,0.0,0.0,0.0,0.0,0.0,0.0,,0.0,0.0,0.0,0.023814347132949946,0.0,0.0,0.0,0,0.0
2021-06-11,557.1571044921875,0.005008272622661458,722.5098266601562,-0.018036045712385818,0.023044318335047276,0.023044318335047276,0.013911372654260868,0.023861541195131293,1,0,0.0,10,4.670027644338943,0.0,0.0,0.0,0.0,0.0,0.0,,0.0,0.0,0.0,0.023861541195131293,0.0,0.0,0.0,0,0.0
2021-06-12,557.1571044921875,0.0,722.5098266601562,0.0,0.0,0.0,0.013856488652466255,0.023852179330518284,1,0,0.0,10,,0.0,0.0,0.0,0.0,0.0,0.0,,0.0,0.0,0.0,0.023852179330518284,0.0,0.0,0.0,0,0.0
2021-06-13,557.1571044921875,0.0,722.5098266601562,0.0,0.0,0.0,0.013840455731183322,0.02385122767540518,1,0,0.0,10,,0.0,0.0,0.0,0.0,0.0,0.0,,0.0,0.0,0.0,0.02385122767540518,0.0,0.0,0.0,0,0.0
2021-06-14,557.1571044921875,0.0,722.5098266601562,0.0,0.0,0.0,0.013796510419804871,0.02385122767540518,1,0,0.0,10,,0.0,0.0,0.0,0.0,0.0,0.0,,0.0,0.0,0.0,0.02385122767540518,0.0,0.0,0.0,0,0.0
2021-06-15,563.6356811523438,0.011627917167207347,729.1450805664062,0.009183617525206245,0.002444299642001102,0.002444299642001102,0.013815715806166884,0.023856480624572605,1,0,0.0,10,1.0217092619237005,0.0,0.0,0.0,0.0,0.0,0.0,,0.0,0.0,0.0,0.023856480624572605,0.0,0.0,0.0,0,0.0
2021-06-16,559.9335327148438,-0.006568335826310778,726.196044921875,-0.0040445114739585675,-0.002523824352352211,0.002523824352352211,0.013825957185848585,0.023850927839620707,0,0,0.0,10,0.7985978284702501,0.0,0.0,0.0,0.0,0.0,0.0,,0.0,0.0,0.0,0.023850927839620707,0.0,0.0,0.0,0,0.0
2021-06-17,563.1863403320312,0.005809274542669884,721.0352783203125,-0.007106574922365105,0.01291584946503499,0.01291584946503499,0.013830232358428238,0.02386045076513425,1,0,0.0,10,1.5661842018517491,0.0,0.0,0.0,0.0,0.0,0.0,,0.0,0.0,0.0,0.02386045076513425,0.0,0.0,0.0,0,0.0
2021-06-18,560.3983154296875,-0.004950448373268523,711.4509887695312,-0.013292400301283869,0.008341951928015345,0.008341951928015345,0.013837350755683993,0.023887693196446527,1,0,0.0,10,3.4088433336080803,0.0,0.0,0.0,0.0,0.0,0.0,,0.0,0.0,0.0,0.023887693196446527,0.0,0.0,0.0,0,0.0
2021-06-19,560.3983154296875,0.0,711.4509887695312,0.0,0.0,0.0,0.013814326052905387,0.023874445265447772,1,0,0.0,10,,0.0,0.0,0.0,0.0,0.0,0.0,,0.0,0.0,0.0,0.023874445265447772,0.0,0.0,0.0,0,0.0
2021-06-20,560.3983154296875,0.0,711.4509887695312,0.0,0.0,0.0,0.013771318287181296,0.023865264679829336,1,0,0.0,10,,0.0,0.0,0.0,0.0,0.0,0.0,,0.0,0.0,0.0,0.023865264679829336,0.0,0.0,0.0,0,0.0
2021-06-21,541.811279296875,-0.03316754462147309,676.8001098632812,-0.04870451999255687,0.015536975371083783,0.015536975371083783,0.014005772437110254,0.024104666049766674,1,0,0.0,10,1.8342913756543695,0.0,0.0,0.0,0.0,0.0,0.0,,0.0,0.0,0.0,0.024104666049766674,0.0,0.0,0.0,0,0.0
2021-06-22,537.1644897460938,-0.008576398698844967,665.7412109375,-0.016339978029872415,0.007763579331027448,0.007763579331027448,0.014023311543357156,0.024130542739824862,1,0,0.0,10,2.3612645798135063,0.0,0.0,0.0,0.0,0.0,0.0,,0.0,0.0,0.0,0.024130542739824862,0.0,0.0,0.0,0,0.0
2021-06-23,552.9635620117188,0.0294119819295815,693.7568969726562,0.042081946520487135,-0.012669964590905636,0.012669964590905636,0.01418392973192626,0.024318505159742716,0,0,0.0,10,1.7950738869745888,0.0,0.0,0.0,0.0,0.0,0.0,,0.0,0.0,0.0,0.024318505159742716,0.0,0.0,0.0,0,0.0
2021-06-24,548.3168334960938,-0.008403317749762551,684.9098510742188,-0.01275237181358957,0.004349054063827018,0.004349054063827018,0.014201030071647329,0.024342399397845434,1,0,0.0,10,1.8955795500921166,0.0,0.0,0.0,0.0,0.0,0.0,,0.0,0.0,0.0,0.024342399397845434,0.0,0.0,0.0,0,0.0
2021-06-25,549.2460327148438,0.0016946392340817518,683.435302734375,-0.0021529086456137936,0.0038475478796955453,0.0038475478796955453,0.014200962015196014,0.024343792282753737,1,0,0.0,10,1.5808069065903627,0.0,0.0,0.0,0.0,0.0,0.0,,0.0,0.0,0.0,0.024343792282753737,0.0,0.0,0.0,0,0.0
2021-06-26,549.2460327148438,0.0,683.435302734375,0.0,0.0,0.0,0.014191778174276293,0.02421633322384242,1,0,0.0,10,,0.0,0.0,0.0,0.0,0.0,0.0,,0.0,0.0,0.0,0.02421633322384242,0.0,0.0,0.0,0,0.0
2021-06-27,549.2460327148438,0.0,683.435302734375,0.0,0.0,0.0,0.014191778174276293,0.02420582029221866,1,0,0.0,10,,0.0,0.0,0.0,0.0,0.0,0.0,,0.0,0.0,0.0,0.02420582029221866,0.0,0.0,0.0,0,0.0
2021-06-28,548.3168334960938,-0.0016917722903834198,689.3333740234375,0.008630036033351995,-0.010321808323735415,0.010321808323735415,0.014125053032401674,0.024186353184947492,0,0,0.0,10,6.413106143095748,0.0,0.0,0.0,0.0,0.0,0.0,,0.0,0.0,0.0,0.024186353184947492,0.0,0.0,0.0,0,0.0
2021-06-29,552.9635620117188,0.008474531934387741,689.3333740234375,0.0,0.008474531934387741,0.008474531934387741,0.014121646478700862,0.024186622763286914,1,0,0.0,10,0.0,0.0,0.0,0.0,0.0,0.0,0.0,,0.0,0.0,0.0,0.024186622763286914,0.0,0.0,0.0,0,0.0
2021-06-30,552.9635620117188,0.0,709.2392578125,0.028877005726384075,-0.028877005726384075,0.028877005726384075,0.014121646478700862,0.024271988511104535,0,0,0.0,10,inf,0.0,0.0,0.0,0.0,0.0,0.0,,0.0,0.0,0.0,0.024271988511104535,0.0,0.0,0.0,0,0.0
2021-07-01,551.1047973632812,-0.003361459553817947,704.078369140625,-0.0072766539852752166,0.0039151944314572695,0.0039151944314572695,0.014124915989863826,0.024280889867753917,1,0,0.0,10,2.7656081383218987,0.0,0.0,0.0,0.0,0.0,0.0,,0.0,0.0,0.0,0.024280889867753917,0.0,0.0,0.0,0,0.0
2021-07-02,546.4581298828125,-0.008431549684743023,705.552978515625,0.002094382443249776,-0.010525932127992799,0.010525932127992799,0.014141450879069442,0.02428059311908617,0,0,0.0,10,0.3207165143097499,0.0,0.0,0.0,0.0,0.0,0.0,,0.0,0.0,0.0,0.02428059311908617,0.0,0.0,0.0,0,0.0
2021-07-03,546.4581298828125,0.0,705.552978515625,0.0,0.0,0.0,0.014119207419145519,0.023880625055568566,1,0,0.0,10,,0.0,0.0,0.0,0.0,0.0,0.0,,0.0,0.0,0.0,0.023880625055568566,0.0,0.0,0.0,0,0.0
2021-07-04,546.4581298828125,0.0,705.552978515625,0.0,0.0,0.0,0.014097181303884774,0.023877907495157315,1,0,0.0,10,,0.0,0.0,0.0,0.0,0.0,0.0,,0.0,0.0,0.0,0.023877907495157315,0.0,0.0,0.0,0,0.0
2021-07-05,549.2460327148438,0.0051017684239214045,705.552978515625,0.0,0.0051017684239214045,0.0051017684239214045,0.014071044703532319,0.02387137015132476,1,0,0.0,10,0.0,0.0,0.0,0.0,0.0,0.0,0.0,,0.0,0.0,0.0,0.02387137015132476,0.0,0.0,0.0,0,0.0
2021-07-06,550.1754760742188,0.0016922167917734487,707.0867919921875,0.0021739168046450708,-0.000481700012871622,0.000481700012871622,0.01390725118644213,0.023864833112427104,0,0,0.0,10,1.6510431226319493,0.0,0.0,0.0,0.0,0.0,0.0,,0.0,0.0,0.0,0.023864833112427104,0.0,0.0,0.0,0,0.0
2021-07-07,552.0340576171875,0.003378161375404476,703.252197265625,-0.005423089173761331,0.008801250549165807,0.008801250549165807,0.013770436617449056,0.023602521535598834,1,0,0.0,10,2.045086016533487,0.0,0.0,0.0,0.0,0.0,0.0,,0.0,0.0,0.0,0.023602521535598834,0.0,0.0,0.0,0,0.0
2021-07-08,546.4581298828125,-0.010100695160807804,705.552978515625,0.003271630375199397,-0.013372325536007201,0.013372325536007201,0.013792115639667434,0.023603010258765184,0,0,0.0,10,0.4182016148621304,0.0,0.0,0.0,0.0,0.0,0.0,,0.0,0.0,0.0,0.023603010258765184,0.0,0.0,0.0,0,0.0
2021-07-09,542.7406616210938,-0.006802841898456036,704.7860717773438,-0.0010869584023225354,-0.0057158834961335,0.0057158834961335,0.013802028409764949,0.023603410117538085,0,0,0.0,10,0.20748537940227713,0.0,0.0,0.0,0.0,0.0,0.0,,0.0,0.0,0.0,0.023603410117538085,0.0,0.0,0.0,0,0.0
2021-07-10,542.7406616210938,0.0,704.7860717773438,0.0,0.0,0.0,0.013792844560439377,0.023578458596911447,1,0,0.0,10,,0.0,0.0,0.0,0.0,0.0,0.0,,0.0,0.0,0.0,0.023578458596911447,0.0,0.0,0.0,0,0.0
2021-07-11,542.7406616210938,0.0,704.7860717773438,0.0,0.0,0.0,0.01376423720417499,0.023573062729037152,1,0,0.0,10,,0.0,0.0,0.0,0.0,0.0,0.0,,0.0,0.0,0.0,0.023573062729037152,0.0,0.0,0.0,0,0.0
2021-07-12,551.1047973632812,0.015410925205428638,717.0565795898438,0.017410258664102063,-0.0019993334586734246,0.0019993334586734246,0.013698565594366363,0.023374797832304083,0,0,0.0,10,1.469926922830257,0.0,0.0,0.0,0.0,0.0,0.0,,0.0,0.0,0.0,0.023374797832304083,0.0,0.0,0.0,0,0.0
2021-07-13,564.1157836914062,0.023608915020110643,710.1544189453125,-0.009625684835747994,0.03323459985585864,0.03323459985585864,0.01371525436619528,0.023301541967872198,1,1,1.0,10,0.5132632286247489,-6.0,10.0,3384.6947021484375,-7101.544189453125,0.0,0.0,Opened,3384.6947021484375,-7101.544189453125,0.0,0.023301541967872198,10486.238891601562,0.0,0.0,0,0.0
2021-07-14,569.69189453125,0.00988469211649301,713.2220458984375,0.004319661852813406,0.0055650302636796045,0.0055650302636796045,0.01368862661678581,0.023280350235201905,1,1,0.0,10,0.5471058051279245,6.0,-10.0,-3418.1513671875,7132.220458984375,-33.4566650390625,30.67626953125,Live,0.0,0.0,0.0,0.023280350235201905,10550.371826171875,-2.7803955078125,-0.00026353530980920375,0,0.0
2021-07-15,570.6212768554688,0.001631377123565203,729.3270263671875,0.02258059823215741,-0.02094922110859221,0.02094922110859221,0.013689001245233888,0.023335772284516842,0,0,-1.0,10,17.69112380172863,6.0,-10.0,-3423.7276611328125,7293.270263671875,-39.032958984375,191.72607421875,Closed,-3423.7276611328125,7293.270263671875,152.693115234375,0.023335772284516842,10716.997924804688,152.693115234375,0.014247750751258802,0,152.693115234375
2021-07-16,547.387451171875,-0.04071671812104294,733.928466796875,0.006309159352845484,-0.04702587747388842,0.04702587747388842,0.014025555286525847,0.02333882943795628,0,1,1.0,10,0.20775793845488644,3.0,-10.0,-1642.162353515625,7339.28466796875,0.0,0.0,Opened,-1642.162353515625,7339.28466796875,0.0,0.02333882943795628,8981.447021484375,0.0,0.0,0,0.0
2021-07-17,547.387451171875,0.0,733.928466796875,0.0,0.0,0.0,0.0140057061521645,0.02333089204593567,1,0,-1.0,10,,-3.0,10.0,1642.162353515625,-7339.28466796875,0.0,0.0,Closed,1642.162353515625,-7339.28466796875,0.0,0.02333089204593567,8981.447021484375,0.0,0.0,0,0.0
2021-07-18,547.387451171875,0.0,733.928466796875,0.0,0.0,0.0,0.01378594716702728,0.023134821148839246,1,0,0.0,10,,0.0,0.0,0.0,0.0,0.0,0.0,,0.0,0.0,0.0,0.023134821148839246,0.0,0.0,0.0,0,0.0
2021-07-19,540.8819580078125,-0.011884622400705758,704.7860717773438,-0.039707405200835266,0.02782278280012951,0.02782278280012951,0.013601333394554948,0.02332342109245131,1,1,1.0,10,4.3535239462015465,-44.0,10.0,23798.80615234375,-7047.8607177734375,0.0,0.0,Opened,23798.80615234375,-7047.8607177734375,0.0,0.02332342109245131,30846.666870117188,0.0,0.0,0,0.0
2021-07-20,539.9526977539062,-0.0017180463133378288,705.552978515625,0.0010881411665064622,-0.002806187479844291,0.002806187479844291,0.013256158219954255,0.02272014171586125,0,0,-1.0,10,0.8276072530585027,44.0,-10.0,-23757.918701171875,7055.52978515625,40.887451171875,7.6690673828125,Closed,-23757.918701171875,7055.52978515625,48.5565185546875,0.02272014171586125,30813.448486328125,48.5565185546875,0.0015758222769590995,0,48.5565185546875
2021-07-21,543.6700439453125,0.0068845774951578065,699.417724609375,-0.008695667218580283,0.01558024471373809,0.01558024471373809,0.01300594080077311,0.022687709139561158,1,0,0.0,10,1.624900783117716,0.0,0.0,0.0,0.0,0.0,0.0,,0.0,0.0,0.0,0.022687709139561158,0.0,0.0,0.0,0,0.0
2021-07-22,549.2460327148438,0.010256200119225456,704.7860717773438,0.007675451992537052,0.0025807481266884036,0.0025807481266884036,0.013030352619066788,0.022694081597831813,1,0,0.0,10,0.960302053654966,0.0,0.0,0.0,0.0,0.0,0.0,,0.0,0.0,0.0,0.022694081597831813,0.0,0.0,0.0,0,0.0
2021-07-23,543.6700439453125,-0.010152078371818085,715.522705078125,0.015233889730120964,-0.02538596810193905,0.02538596810193905,0.013050611007664267,0.022720645919205834,0,1,1.0,10,1.9748943218134878,20.0,-10.0,-10873.40087890625,7155.22705078125,0.0,0.0,Opened,-10873.40087890625,7155.22705078125,0.0,0.022720645919205834,18028.6279296875,0.0,0.0,0,0.0
2021-07-24,543.6700439453125,0.0,715.522705078125,0.0,0.0,0.0,0.012923894360164858,0.02271236778772504,1,0,-1.0,10,,-20.0,10.0,10873.40087890625,-7155.22705078125,0.0,0.0,Closed,10873.40087890625,-7155.22705078125,0.0,0.02271236778772504,18028.6279296875,0.0,0.0,0,0.0
2021-07-25,543.6700439453125,0.0,715.522705078125,0.0,0.0,0.0,0.01278770046441816,0.022477535091343225,1,0,0.0,10,,0.0,0.0,0.0,0.0,0.0,0.0,,0.0,0.0,0.0,0.022477535091343225,0.0,0.0,0.0,0,0.0
2021-07-26,539.0233154296875,-0.008546964408604474,707.8535766601562,-0.010718218113192401,0.0021712537045879277,0.0021712537045879277,0.012800929955001044,0.022388355630219455,1,0,0.0,10,1.6468216770181532,0.0,0.0,0.0,0.0,0.0,0.0,,0.0,0.0,0.0,0.022388355630219455,0.0,0.0,0.0,0,0.0
2021-07-27,539.0233154296875,0.0,719.3572387695312,0.016251471333453393,-0.016251471333453393,0.016251471333453393,0.012688702707234847,0.02229054015979518,0,0,0.0,10,inf,0.0,0.0,0.0,0.0,0.0,0.0,,0.0,0.0,0.0,0.02229054015979518,0.0,0.0,0.0,0,0.0
2021-07-28,538.0938110351562,-0.0017244233559550182,682.5457763671875,-0.051172714220976134,0.049448290865021116,0.049448290865021116,0.01262846449863251,0.022620880538765577,1,1,1.0,10,37.64162319234055,-377.0,10.0,202861.3667602539,-6825.457763671875,0.0,0.0,Opened,202861.3667602539,-6825.457763671875,0.0,0.022620880538765577,209686.82452392578,0.0,0.0,0,0.0
2021-07-29,541.811279296875,0.006908587657916465,715.522705078125,0.048314603727321215,-0.04140601606940475,0.04140601606940475,0.01263892509598785,0.022899041823315525,0,0,-1.0,10,9.23558749480647,377.0,-10.0,-204262.85229492188,7155.22705078125,-1401.4855346679688,329.769287109375,Closed,-204262.85229492188,7155.22705078125,-1071.7162475585938,0.022899041823315525,211418.07934570312,-1071.7162475585938,-0.005069179754519302,0,-1071.7162475585938
2021-07-30,539.0233154296875,-0.005145636448922852,697.8839721679688,-0.024651534863915137,0.019505898414992284,0.019505898414992284,0.01264485518233104,0.02297765245954347,1,0,0.0,10,6.202696605989565,0.0,0.0,0.0,0.0,0.0,0.0,,0.0,0.0,0.0,0.02297765245954347,0.0,0.0,0.0,0,0.0
2021-07-31,539.0233154296875,0.0,697.8839721679688,0.0,0.0,0.0,0.0123881690934998,0.022839368435183766,1,0,0.0,10,,0.0,0.0,0.0,0.0,0.0,0.0,,0.0,0.0,0.0,0.022839368435183766,0.0,0.0,0.0,0,0.0
2021-08-01,539.0233154296875,0.0,697.8839721679688,0.0,0.0,0.0,0.012114722857799406,0.022741227508299183,1,0,0.0,10,,0.0,0.0,0.0,0.0,0.0,0.0,,0.0,0.0,0.0,0.022741227508299183,0.0,0.0,0.0,0,0.0
2021-08-02,548.3168334960938,0.01724140273783492,716.2896118164062,0.026373495283550596,-0.009132092545715675,0.009132092545715675,0.012183595982485602,0.022774944297442083,0,0,0.0,10,1.9982607952157112,0.0,0.0,0.0,0.0,0.0,0.0,,0.0,0.0,0.0,0.022774944297442083,0.0,0.0,0.0,0,0.0
2021-08-03,552.0340576171875,0.0067793361319814505,719.3572387695312,0.004282662909693702,0.0024966732222877486,0.0024966732222877486,0.01219005819412196,0.022774173866482412,1,0,0.0,10,0.8232002063218976,0.0,0.0,0.0,0.0,0.0,0.0,,0.0,0.0,0.0,0.022774173866482412,0.0,0.0,0.0,0,0.0
2021-08-04,553.892822265625,0.0033671195151629973,728.56005859375,0.012793114920147675,-0.009425995404984677,0.009425995404984677,0.012177669190303561,0.022791096145771923,0,0,0.0,10,4.997552792020959,0.0,0.0,0.0,0.0,0.0,0.0,,0.0,0.0,0.0,0.022791096145771923,0.0,0.0,0.0,0,0.0
2021-08-05,553.892822265625,0.0,736.99609375,0.011579052484064212,-0.011579052484064212,0.011579052484064212,0.012177669190303561,0.02280607840340771,0,0,0.0,10,inf,0.0,0.0,0.0,0.0,0.0,0.0,,0.0,0.0,0.0,0.02280607840340771,0.0,0.0,0.0,0,0.0
2021-08-06,549.2460327148438,-0.008389329783646926,717.8234252929688,-0.02601461340110567,0.017625283617458742,0.017625283617458742,0.012192919840289779,0.02289179614980167,1,0,0.0,10,4.05266595223993,0.0,0.0,0.0,0.0,0.0,0.0,,0.0,0.0,0.0,0.02289179614980167,0.0,0.0,0.0,0,0.0
2021-08-07,549.2460327148438,0.0,717.8234252929688,0.0,0.0,0.0,0.012192919840289779,0.02289179614980167,1,0,0.0,10,,0.0,0.0,0.0,0.0,0.0,0.0,,0.0,0.0,0.0,0.02289179614980167,0.0,0.0,0.0,0,0.0
2021-08-08,549.2460327148438,0.0,717.8234252929688,0.0,0.0,0.0,0.012192919840289779,0.02289179614980167,1,0,0.0,10,,0.0,0.0,0.0,0.0,0.0,0.0,,0.0,0.0,0.0,0.02289179614980167,0.0,0.0,0.0,0,0.0
2021-08-09,552.9635620117188,0.006768422665703655,706.31982421875,-0.01602566964086427,0.022794092306567926,0.022794092306567926,0.012204135722012925,0.022924488383539672,1,0,0.0,10,3.024360771927283,0.0,0.0,0.0,0.0,0.0,0.0,,0.0,0.0,0.0,0.022924488383539672,0.0,0.0,0.0,0,0.0
2021-08-10,549.2460327148438,-0.006722919107635894,707.0867919921875,0.0010858647133200616,-0.007808783820955956,0.007808783820955956,0.012213756750485985,0.022924549818553134,0,0,0.0,10,0.2079331012374522,0.0,0.0,0.0,0.0,0.0,0.0,,0.0,0.0,0.0,0.022924549818553134,0.0,0.0,0.0,0,0.0
2021-08-11,548.3168334960938,-0.0016917722903834198,697.8839721679688,-0.01301512053179521,0.01132334824141179,0.01132334824141179,0.012214212161408451,0.02294606043303722,1,0,0.0,10,9.791696241379148,0.0,0.0,0.0,0.0,0.0,0.0,,0.0,0.0,0.0,0.02294606043303722,0.0,0.0,0.0,0,0.0
2021-08-12,544.599365234375,-0.006779781386641037,693.2824096679688,-0.006593592464525733,-0.00018618892211530458,0.00018618892211530458,0.012223849288724994,0.022951710390561313,0,0,0.0,10,1.23805363872277,0.0,0.0,0.0,0.0,0.0,0.0,,0.0,0.0,0.0,0.022951710390561313,0.0,0.0,0.0,0,0.0
2021-08-13,539.9526977539062,-0.008532267529303805,697.8839721679688,0.006637356488250923,-0.015169624017554728,0.015169624017554728,0.012239214061642176,0.022956710684744905,0,0,0.0,10,1.0054446986491599,0.0,0.0,0.0,0.0,0.0,0.0,,0.0,0.0,0.0,0.022956710684744905,0.0,0.0,0.0,0,0.0
2021-08-14,539.9526977539062,0.0,697.8839721679688,0.0,0.0,0.0,0.012239214061642176,0.022956710684744905,1,0,0.0,10,,0.0,0.0,0.0,0.0,0.0,0.0,,0.0,0.0,0.0,0.022956710684744905,0.0,0.0,0.0,0,0.0
2021-08-15,539.9526977539062,0.0,697.8839721679688,0.0,0.0,0.0,0.012239214061642176,0.022956710684744905,1,0,0.0,10,,0.0,0.0,0.0,0.0,0.0,0.0,,0.0,0.0,0.0,0.022956710684744905,0.0,0.0,0.0,0,0.0
2021-08-16,542.7406616210938,0.0051633483428916715,690.9817504882812,-0.009890213781878154,0.015053562124769826,0.015053562124769826,0.011673736194157678,0.02284829430203051,1,0,0.0,10,2.4386443700041376,0.0,0.0,0.0,0.0,0.0,0.0,,0.0,0.0,0.0,0.02284829430203051,0.0,0.0,0.0,0,0.0
2021-08-17,542.7406616210938,0.0,690.9817504882812,0.0,0.0,0.0,0.011670089466392924,0.022847776603089016,1,0,0.0,10,,0.0,0.0,0.0,0.0,0.0,0.0,,0.0,0.0,0.0,0.022847776603089016,0.0,0.0,0.0,0,0.0
2021-08-18,533.4472045898438,-0.017123200247226134,699.417724609375,0.012208678615799107,-0.02933187886302524,0.02933187886302524,0.011703664221121903,0.0228403207541292,0,1,1.0,10,0.9348219821378442,10.0,-10.0,-5334.4720458984375,6994.17724609375,0.0,0.0,Opened,-5334.4720458984375,6994.17724609375,0.0,0.0228403207541292,12328.649291992188,0.0,0.0,0,0.0
2021-08-19,519.5070190429688,-0.026132268436186323,681.0120239257812,-0.0263157481373143,0.0001834797011279754,0.0001834797011279754,0.011857331228296675,0.02292547865650587,1,0,-1.0,10,1.320085226313505,-10.0,10.0,5195.0701904296875,-6810.1202392578125,-139.40185546875,184.0570068359375,Closed,5195.0701904296875,-6810.1202392578125,44.6551513671875,0.02292547865650587,12005.1904296875,44.6551513671875,0.003719653730503123,0,44.6551513671875
2021-08-20,513.0015258789062,-0.012522435550624267,669.5083618164062,-0.01689201028061249,0.004369574729988224,0.004369574729988224,0.011889664141351022,0.022960123948249193,1,0,0.0,10,1.7604750743559114,0.0,0.0,0.0,0.0,0.0,0.0,,0.0,0.0,0.0,0.022960123948249193,0.0,0.0,0.0,0,0.0
2021-08-21,513.0015258789062,0.0,669.5083618164062,0.0,0.0,0.0,0.011888606318311387,0.02293809599576905,1,0,0.0,10,,0.0,0.0,0.0,0.0,0.0,0.0,,0.0,0.0,0.0,0.02293809599576905,0.0,0.0,0.0,0,0.0
2021-08-22,513.0015258789062,0.0,669.5083618164062,0.0,0.0,0.0,0.011848391472391145,0.022911561195466654,1,0,0.0,10,,0.0,0.0,0.0,0.0,0.0,0.0,,0.0,0.0,0.0,0.022911561195466654,0.0,0.0,0.0,0,0.0
2021-08-23,526.0123291015625,0.025362114080197617,698.6508178710938,0.04352814351059431,-0.01816602943039669,0.01816602943039669,0.011866768889324038,0.023058296928519805,0,0,0.0,10,2.279549048418697,0.0,0.0,0.0,0.0,0.0,0.0,,0.0,0.0,0.0,0.023058296928519805,0.0,0.0,0.0,0,0.0
2021-08-24,531.5884399414062,0.010600722704290577,697.1170043945312,-0.0021953935175175188,0.012796116221808096,0.012796116221808096,0.011831764892588144,0.02305714188641907,1,0,0.0,10,0.2715857953624034,0.0,0.0,0.0,0.0,0.0,0.0,,0.0,0.0,0.0,0.02305714188641907,0.0,0.0,0.0,0,0.0
2021-08-25,543.6700439453125,0.02272736405862763,698.6508178710938,0.002200223874749163,0.020527140183878467,0.020527140183878467,0.011464481902267343,0.02273688145138603,1,0,0.0,10,0.12440635671331407,0.0,0.0,0.0,0.0,0.0,0.0,,0.0,0.0,0.0,0.02273688145138603,0.0,0.0,0.0,0,0.0
2021-08-26,552.0340576171875,0.015384356311373804,681.0120239257812,-0.025246938089990123,0.04063129440136393,0.04063129440136393,0.011522317645691553,0.022818130654168267,1,1,1.0,10,2.0245023853647166,-21.0,10.0,11592.715209960938,-6810.1202392578125,0.0,0.0,Opened,11592.715209960938,-6810.1202392578125,0.0,0.022818130654168267,18402.83544921875,0.0,0.0,0,0.0
2021-08-27,556.6809692382812,0.008417798787907715,687.1472778320312,0.00900902435008799,-0.0005912255621802753,0.0005912255621802753,0.011539384955597247,0.02282706637802305,0,0,-1.0,10,1.3210604045419507,21.0,-10.0,-11690.300354003906,6871.4727783203125,-97.58514404296875,61.3525390625,Closed,-11690.300354003906,6871.4727783203125,-36.23260498046875,0.02282706637802305,18561.77313232422,-36.23260498046875,-0.0019520012836150783,0,-36.23260498046875
2021-08-28,556.6809692382812,0.0,687.1472778320312,0.0,0.0,0.0,0.011539384955597247,0.02282706637802305,1,0,0.0,10,,0.0,0.0,0.0,0.0,0.0,0.0,,0.0,0.0,0.0,0.02282706637802305,0.0,0.0,0.0,0,0.0
2021-08-29,556.6809692382812,0.0,687.1472778320312,0.0,0.0,0.0,0.011533531530542918,0.022825135689814695,1,0,0.0,10,,0.0,0.0,0.0,0.0,0.0,0.0,,0.0,0.0,0.0,0.022825135689814695,0.0,0.0,0.0,0,0.0
2021-08-30,562.2569580078125,0.010016488936492651,699.417724609375,0.017857084169870197,-0.007840595233377545,0.007840595233377545,0.011447084595930666,0.0227295349455038,0,0,0.0,10,2.2176695092697365,0.0,0.0,0.0,0.0,0.0,0.0,,0.0,0.0,0.0,0.0227295349455038,0.0,0.0,0.0,0,0.0
2021-08-31,570.6212768554688,0.014876327857804794,690.9817504882812,-0.01206142455970105,0.026937752417505845,0.026937752417505845,0.011218471484727904,0.02258976185477065,1,1,1.0,10,0.9817965005317139,-10.0,10.0,5706.2127685546875,-6909.8175048828125,0.0,0.0,Opened,5706.2127685546875,-6909.8175048828125,0.0,0.02258976185477065,12616.0302734375,0.0,0.0,0,0.0
2021-09-01,569.69189453125,-0.0016287200669072854,710.9213256835938,0.028856876728252656,-0.03048559679515994,0.03048559679515994,0.011219312553801847,0.022655690036626822,0,0,-1.0,10,22.10977783252285,10.0,-10.0,-5696.9189453125,7109.2132568359375,9.2938232421875,199.395751953125,Closed,-5696.9189453125,7109.2132568359375,208.6895751953125,0.022655690036626822,12806.132202148438,208.6895751953125,0.016296065970668443,0,208.6895751953125
2021-09-02,564.1157836914062,-0.009787941329991834,715.522705078125,0.006472417169518296,-0.01626035849951013,0.01626035849951013,0.011244068375617037,0.022659638751631114,0,0,0.0,10,0.8387457102000767,0.0,0.0,0.0,0.0,0.0,0.0,,0.0,0.0,0.0,0.022659638751631114,0.0,0.0,0.0,0,0.0
2021-09-03,576.197265625,0.021416670624842427,704.7860717773438,-0.015005300634881924,0.03642197125972435,0.03642197125972435,0.01135509024932393,0.022690104906516326,1,1,1.0,10,0.8569961350812504,-9.0,10.0,5185.775390625,-7047.8607177734375,0.0,0.0,Opened,5185.775390625,-7047.8607177734375,0.0,0.022690104906516326,12233.636108398438,0.0,0.0,0,0.0
2021-09-04,576.197265625,0.0,704.7860717773438,0.0,0.0,0.0,0.011348230079191527,0.022646310906218284,1,1,0.0,10,,9.0,-10.0,-5185.775390625,7047.8607177734375,0.0,0.0,Live,0.0,0.0,0.0,0.022646310906218284,12233.636108398438,0.0,0.0,0,0.0
2021-09-05,576.197265625,0.0,704.7860717773438,0.0,0.0,0.0,0.011341231664487665,0.022625262506752175,1,1,0.0,10,,9.0,-10.0,-5185.775390625,7047.8607177734375,0.0,0.0,Live,0.0,0.0,0.0,0.022625262506752175,12233.636108398438,0.0,0.0,0,0.0
2021-09-06,586.420166015625,0.017742014758671543,687.1472778320312,-0.02502716022867857,0.04276917498735011,0.04276917498735011,0.011413070545147357,0.022667972009747007,1,1,0.0,10,1.6529113874749197,9.0,-10.0,-5277.781494140625,6871.4727783203125,-92.006103515625,-176.387939453125,Live,0.0,0.0,0.0,0.022667972009747007,12149.254272460938,-268.39404296875,-0.022091400587205295,0,0.0
2021-09-07,578.9852905273438,-0.01267841032616046,692.5155639648438,0.007812424360829295,-0.020490834686989756,0.020490834686989756,0.011358645290271236,0.022583305873109468,0,0,-1.0,10,0.7370263762306997,9.0,-10.0,-5210.867614746094,6925.1556396484375,-25.09222412109375,-122.705078125,Closed,-5210.867614746094,6925.1556396484375,-147.79730224609375,0.022583305873109468,12136.023254394531,-147.79730224609375,-0.012178396427559201,0,-147.79730224609375
2021-09-08,575.2678833007812,-0.0064205555605335585,699.417724609375,0.009966794977161797,-0.016387350537695355,0.016387350537695355,0.011353611737908992,0.02257694679457661,0,0,0.0,10,1.887336859465541,0.0,0.0,0.0,0.0,0.0,0.0,,0.0,0.0,0.0,0.02257694679457661,0.0,0.0,0.0,0,0.0
2021-09-09,575.2678833007812,0.0,690.9817504882812,-0.01206142455970105,0.01206142455970105,0.01206142455970105,0.011353611737908992,0.0225964838551901,1,0,0.0,10,inf,0.0,0.0,0.0,0.0,0.0,0.0,,0.0,0.0,0.0,0.0225964838551901,0.0,0.0,0.0,0,0.0
2021-09-10,578.0559692382812,0.00484658716127595,709.3875122070312,0.026637116979925546,-0.021790529818649595,0.021790529818649595,0.011358988103473449,0.0226803594402547,0,0,0.0,10,6.744734196986858,0.0,0.0,0.0,0.0,0.0,0.0,,0.0,0.0,0.0,0.0226803594402547,0.0,0.0,0.0,0,0.0
2021-09-11,578.0559692382812,0.0,709.3875122070312,0.0,0.0,0.0,0.011352646335415896,0.02267193792284765,1,0,0.0,10,,0.0,0.0,0.0,0.0,0.0,0.0,,0.0,0.0,0.0,0.02267193792284765,0.0,0.0,0.0,0,0.0
2021-09-12,578.0559692382812,0.0,709.3875122070312,0.0,0.0,0.0,0.011350331407328171,0.022652144226171678,1,0,0.0,10,,0.0,0.0,0.0,0.0,0.0,0.0,,0.0,0.0,0.0,0.022652144226171678,0.0,0.0,0.0,0,0.0
2021-09-13,571.5506591796875,-0.011253771961157955,710.9213256835938,0.0021621658827775114,-0.013415937843935466,0.013415937843935466,0.01135365717488232,0.022633132800328835,0,0,0.0,10,0.23897788415822854,0.0,0.0,0.0,0.0,0.0,0.0,,0.0,0.0,0.0,0.022633132800328835,0.0,0.0,0.0,0,0.0
2021-09-14,569.69189453125,-0.0032521433027569158,726.2593994140625,0.021574924223464853,-0.02482706752622177,0.02482706752622177,0.011353556097110968,0.022682349599566696,0,1,1.0,10,8.457292100291378,85.0,-10.0,-48423.81103515625,7262.593994140625,0.0,0.0,Opened,-48423.81103515625,7262.593994140625,0.0,0.022682349599566696,55686.405029296875,0.0,0.0,0,0.0
2021-09-15,564.1157836914062,-0.009787941329991834,717.0565795898438,-0.01267153283199296,0.002883591502001126,0.002883591502001126,0.011293941890259191,0.022651812981940585,1,0,-1.0,10,1.645595039795007,-85.0,10.0,47949.84161376953,-7170.5657958984375,-473.96942138671875,92.0281982421875,Closed,47949.84161376953,-7170.5657958984375,-381.94122314453125,0.022651812981940585,55120.40740966797,-381.94122314453125,-0.0069292162575260614,0,-381.94122314453125
2021-09-16,560.1480712890625,-0.0070335071576622665,717.8234252929688,0.001069435418281195,-0.008102942575943461,0.008102942575943461,0.01130691879084226,0.022651747765386372,0,0,0.0,10,0.19484865462694623,0.0,0.0,0.0,0.0,0.0,0.0,,0.0,0.0,0.0,0.022651747765386372,0.0,0.0,0.0,0,0.0
2021-09-17,560.1480712890625,0.0,720.8910522460938,0.004273511904230531,-0.004273511904230531,0.004273511904230531,0.01130691879084226,0.02265315997784147,0,0,0.0,10,inf,0.0,0.0,0.0,0.0,0.0,0.0,,0.0,0.0,0.0,0.02265315997784147,0.0,0.0,0.0,0,0.0
2021-09-18,560.1480712890625,0.0,720.8910522460938,0.0,0.0,0.0,0.011304400607145925,0.022649725327294243,1,0,0.0,10,,0.0,0.0,0.0,0.0,0.0,0.0,,0.0,0.0,0.0,0.022649725327294243,0.0,0.0,0.0,0,0.0
2021-09-19,560.1480712890625,0.0,720.8910522460938,0.0,0.0,0.0,0.011303841522460037,0.022627813860720446,1,0,0.0,10,,0.0,0.0,0.0,0.0,0.0,0.0,,0.0,0.0,0.0,0.022627813860720446,0.0,0.0,0.0,0,0.0
2021-09-20,560.1480712890625,0.0,720.8910522460938,0.0,0.0,0.0,0.011070753022505465,0.022539328806108355,1,0,0.0,10,,0.0,0.0,0.0,0.0,0.0,0.0,,0.0,0.0,0.0,0.022539328806108355,0.0,0.0,0.0,0,0.0
2021-09-21,560.1480712890625,0.0,720.8910522460938,0.0,0.0,0.0,0.011069693892311081,0.022074301855743206,1,0,0.0,10,,0.0,0.0,0.0,0.0,0.0,0.0,,0.0,0.0,0.0,0.022074301855743206,0.0,0.0,0.0,0,0.0
2021-09-22,547.0780029296875,-0.023333238172715598,698.6508178710938,-0.03085103401645184,0.007517795843736241,0.007517795843736241,0.011040509342357568,0.022191482815599437,1,0,0.0,10,1.688517746258552,0.0,0.0,0.0,0.0,0.0,0.0,,0.0,0.0,0.0,0.022191482815599437,0.0,0.0,0.0,0,0.0
2021-09-23,548.945068359375,0.0034127956519711677,701.7184448242188,0.0043907870350350375,-0.0009779913830638698,0.0009779913830638698,0.011043316747622116,0.022193595429890467,0,0,0.0,10,1.6446219897167107,0.0,0.0,0.0,0.0,0.0,0.0,,0.0,0.0,0.0,0.022193595429890467,0.0,0.0,0.0,0,0.0
2021-09-24,558.2808227539062,0.017006718764106754,705.552978515625,0.0054644903802789635,0.01154222838382779,0.01154222838382779,0.011115060548941838,0.022196925076104098,1,0,0.0,10,0.4060748153939508,0.0,0.0,0.0,0.0,0.0,0.0,,0.0,0.0,0.0,0.022196925076104098,0.0,0.0,0.0,0,0.0
2021-09-25,558.2808227539062,0.0,705.552978515625,0.0,0.0,0.0,0.011057523076105387,0.022196181539838666,1,0,0.0,10,,0.0,0.0,0.0,0.0,0.0,0.0,,0.0,0.0,0.0,0.022196181539838666,0.0,0.0,0.0,0,0.0
2021-09-26,558.2808227539062,0.0,705.552978515625,0.0,0.0,0.0,0.01105452242325074,0.02206991824848327,1,0,0.0,10,,0.0,0.0,0.0,0.0,0.0,0.0,,0.0,0.0,0.0,0.02206991824848327,0.0,0.0,0.0,0,0.0
2021-09-27,562.01513671875,0.006688952607082133,735.4623413085938,0.04239137769057888,-0.03570242508349675,0.03570242508349675,0.010992585764179547,0.02229249727210236,0,1,1.0,10,8.293385242668815,83.0,-10.0,-46647.25634765625,7354.6234130859375,0.0,0.0,Opened,-46647.25634765625,7354.6234130859375,0.0,0.02229249727210236,54001.87976074219,0.0,0.0,0,0.0
2021-09-28,554.5464477539062,-0.013289124219053372,733.928466796875,-0.0020855921854402437,-0.011203532033613128,0.011203532033613128,0.01087366451427947,0.02228384212735975,0,1,0.0,10,0.20770590100599784,-83.0,10.0,46027.35516357422,-7339.28466796875,-619.9011840820312,15.3387451171875,Live,0.0,0.0,0.0,0.02228384212735975,53366.63983154297,-604.5624389648438,-0.011328471136148058,0,0.0
2021-09-29,541.4764404296875,-0.023568823454115595,700.1846313476562,-0.04597700862658849,0.022408185172472894,0.022408185172472894,0.01101504617320186,0.022550848023654264,1,0,-1.0,10,2.522526963242773,-83.0,10.0,44942.54455566406,-7001.8463134765625,-1704.7117919921875,352.777099609375,Closed,44942.54455566406,-7001.8463134765625,-1351.9346923828125,0.022550848023654264,51944.390869140625,-1351.9346923828125,-0.026026577071403805,1,-1351.9346923828125
2021-09-30,541.4764404296875,0.0,694.0493774414062,-0.008762337291581712,0.008762337291581712,0.008762337291581712,0.01101504617320186,0.022560709421699337,1,0,0.0,10,inf,0.0,0.0,0.0,0.0,0.0,0.0,,0.0,0.0,0.0,0.022560709421699337,0.0,0.0,0.0,0,0.0
2021-10-01,535.875,-0.010344753735254786,678.7113037109375,-0.02209939844195541,0.011754644706700623,0.011754644706700623,0.011041485801544513,0.022621516839005734,1,0,0.0,10,2.7057139542866566,0.0,0.0,0.0,0.0,0.0,0.0,,0.0,0.0,0.0,0.022621516839005734,0.0,0.0,0.0,0,0.0
2021-10-02,535.875,0.0,678.7113037109375,0.0,0.0,0.0,0.011041485801544513,0.022621516839005734,1,0,0.0,10,,0.0,0.0,0.0,0.0,0.0,0.0,,0.0,0.0,0.0,0.022621516839005734,0.0,0.0,0.0,0,0.0
2021-10-03,535.875,0.0,678.7113037109375,0.0,0.0,0.0,0.011041485801544513,0.022621516839005734,1,0,0.0,10,,0.0,0.0,0.0,0.0,0.0,0.0,,0.0,0.0,0.0,0.022621516839005734,0.0,0.0,0.0,0,0.0
2021-10-04,534.0078125,-0.0034843713552601407,684.0795288085938,0.00790943817836065,-0.011393809533620791,0.011393809533620791,0.010998077588976331,0.02244498621312456,0,0,0.0,10,2.907904801788386,0.0,0.0,0.0,0.0,0.0,0.0,,0.0,0.0,0.0,0.02244498621312456,0.0,0.0,0.0,0,0.0
2021-10-05,534.0078125,0.0,664.9069213867188,-0.028026869120416964,0.028026869120416964,0.028026869120416964,0.010991276721788863,0.02247858520950587,1,0,0.0,10,inf,0.0,0.0,0.0,0.0,0.0,0.0,,0.0,0.0,0.0,0.02247858520950587,0.0,0.0,0.0,0,0.0
2021-10-06,533.07421875,-0.0017482773250625527,667.974609375,0.004613710415110939,-0.0063619877401734914,0.0063619877401734914,0.010986393428792214,0.022430777164744203,0,0,0.0,10,3.3068331507440343,0.0,0.0,0.0,0.0,0.0,0.0,,0.0,0.0,0.0,0.022430777164744203,0.0,0.0,0.0,0,0.0
2021-10-07,541.4764404296875,0.01576182337121801,698.6508178710938,0.04592421338409314,-0.03016239001287513,0.03016239001287513,0.011051090593188987,0.02269375906900693,0,1,1.0,10,3.7593769671879427,38.0,-10.0,-20576.104736328125,6986.5081787109375,0.0,0.0,Opened,-20576.104736328125,6986.5081787109375,0.0,0.02269375906900693,27562.612915039062,0.0,0.0,0,0.0
2021-10-08,536.8085327148438,-0.008620703259295204,697.8839721679688,-0.0010976093972976386,-0.007523093861997565,0.007523093861997565,0.011069010099442628,0.0226938964382475,0,1,0.0,10,0.16552703444016356,-38.0,10.0,20398.724243164062,-6978.8397216796875,-177.3804931640625,7.66845703125,Live,0.0,0.0,0.0,0.0226938964382475,27377.56396484375,-169.7120361328125,-0.0061989458357487245,0,0.0
2021-10-09,536.8085327148438,0.0,697.8839721679688,0.0,0.0,0.0,0.011052854373618278,0.02250489657647129,1,0,-1.0,10,,-38.0,10.0,20398.724243164062,-6978.8397216796875,-177.3804931640625,7.66845703125,Closed,20398.724243164062,-6978.8397216796875,-169.7120361328125,0.02250489657647129,27377.56396484375,-169.7120361328125,-0.0061989458357487245,0,-169.7120361328125
2021-10-10,536.8085327148438,0.0,697.8839721679688,0.0,0.0,0.0,0.011052854373618278,0.022504805998220356,1,0,0.0,10,,0.0,0.0,0.0,0.0,0.0,0.0,,0.0,0.0,0.0,0.022504805998220356,0.0,0.0,0.0,0,0.0
2021-10-11,536.8085327148438,0.0,697.8839721679688,0.0,0.0,0.0,0.011017761820077635,0.022502816777108504,1,0,0.0,10,,0.0,0.0,0.0,0.0,0.0,0.0,,0.0,0.0,0.0,0.022502816777108504,0.0,0.0,0.0,0,0.0
2021-10-12,536.8085327148438,0.0,680.2450561523438,-0.025274854730980456,0.025274854730980456,0.025274854730980456,0.0109829768208435,0.022528970716135358,1,0,0.0,10,inf,0.0,0.0,0.0,0.0,0.0,0.0,,0.0,0.0,0.0,0.022528970716135358,0.0,0.0,0.0,0,0.0
2021-10-13,533.07421875,-0.006956510072516742,661.072509765625,-0.02818476402484138,0.02122825395232464,0.02122825395232464,0.010942527707362046,0.022613804257068704,1,0,0.0,10,5.024402272659895,0.0,0.0,0.0,0.0,0.0,0.0,,0.0,0.0,0.0,0.022613804257068704,0.0,0.0,0.0,0,0.0
2021-10-14,534.9413452148438,0.0035025638066346065,644.2005004882812,-0.02552217650575961,0.029024740312394215,0.029024740312394215,0.010946104919010623,0.022692348844069305,1,1,1.0,10,8.774988270326915,-88.0,10.0,47074.83837890625,-6442.0050048828125,0.0,0.0,Opened,47074.83837890625,-6442.0050048828125,0.0,0.022692348844069305,53516.84338378906,0.0,0.0,0,0.0
2021-10-15,560.1480712890625,0.047120541905571356,657.2379150390625,0.02023813167003019,0.026882410235541165,0.026882410235541165,0.011501247876947385,0.022744185545435114,1,1,0.0,10,0.5039412455641936,88.0,-10.0,-49293.0302734375,6572.379150390625,-2218.19189453125,130.3741455078125,Live,0.0,0.0,0.0,0.022744185545435114,55865.409423828125,-2087.8177490234375,-0.03737228046041897,1,-2087.8177490234375
2021-10-16,560.1480712890625,0.0,657.2379150390625,0.0,0.0,0.0,0.01146891923024227,0.02272619895763086,1,1,0.0,10,,88.0,-10.0,-49293.0302734375,6572.379150390625,-2218.19189453125,130.3741455078125,Live,0.0,0.0,0.0,0.02272619895763086,55865.409423828125,-2087.8177490234375,-0.03737228046041897,1,0.0
2021-10-17,560.1480712890625,0.0,657.2379150390625,0.0,0.0,0.0,0.011468176342978241,0.02256079974578347,1,1,0.0,10,,88.0,-10.0,-49293.0302734375,6572.379150390625,-2218.19189453125,130.3741455078125,Live,0.0,0.0,0.0,0.02256079974578347,55865.409423828125,-2087.8177490234375,-0.03737228046041897,1,0.0
2021-10-18,550.812255859375,-0.01666669209125915,664.9069213867188,0.011668539157848823,-0.028335231249107973,0.028335231249107973,0.011468627535164984,0.022566911288483312,0,0,-1.0,10,0.8451315885535352,88.0,-10.0,-48471.478515625,6649.0692138671875,-1396.64013671875,207.064208984375,Closed,-48471.478515625,6649.0692138671875,-1189.575927734375,0.022566911288483312,55120.54772949219,-1189.575927734375,-0.02158135172335912,0,0.0
2021-10-19,560.1480712890625,0.01694917883612046,688.6810913085938,0.03575563610060195,-0.01880645726448149,0.01880645726448149,0.011536371347495215,0.022723991794226538,0,0,0.0,10,2.593648750341862,0.0,0.0,0.0,0.0,0.0,0.0,,0.0,0.0,0.0,0.022723991794226538,0.0,0.0,0.0,0,0.0
2021-10-20,558.2808227539062,-0.003333490965806929,690.9817504882812,0.003340674237644503,-0.006674165203451432,0.006674165203451432,0.011456361293402535,0.022390722046030643,0,0,0.0,10,1.240362743580207,0.0,0.0,0.0,0.0,0.0,0.0,,0.0,0.0,0.0,0.022390722046030643,0.0,0.0,0.0,0,0.0
2021-10-21,556.4137573242188,-0.003344312313071418,700.1846313476562,0.013318558489962662,-0.01666287080303408,0.01666287080303408,0.01145919720144976,0.022413719507358584,0,0,0.0,10,5.011469702412073,0.0,0.0,0.0,0.0,0.0,0.0,,0.0,0.0,0.0,0.022413719507358584,0.0,0.0,0.0,0,0.0
2021-10-22,560.1480712890625,0.006711397616769865,710.1544189453125,0.014238798098820338,-0.0075274004820504725,0.0075274004820504725,0.011469922012723751,0.02243963966335686,0,0,0.0,10,2.6897400610924658,0.0,0.0,0.0,0.0,0.0,0.0,,0.0,0.0,0.0,0.02243963966335686,0.0,0.0,0.0,0,0.0
2021-10-23,560.1480712890625,0.0,710.1544189453125,0.0,0.0,0.0,0.011427209915873275,0.02229477935675656,1,0,0.0,10,,0.0,0.0,0.0,0.0,0.0,0.0,,0.0,0.0,0.0,0.02229477935675656,0.0,0.0,0.0,0,0.0
2021-10-24,560.1480712890625,0.0,710.1544189453125,0.0,0.0,0.0,0.011427209915873275,0.022292422400369695,1,0,0.0,10,,0.0,0.0,0.0,0.0,0.0,0.0,,0.0,0.0,0.0,0.022292422400369695,0.0,0.0,0.0,0,0.0
2021-10-25,553.6129150390625,-0.011666837011436448,719.3572387695312,0.012958899612124375,-0.024625736623560823,0.024625736623560823,0.011418416638537975,0.02228851923063454,0,1,1.0,10,1.4432893266978464,15.0,-10.0,-8304.193725585938,7193.5723876953125,0.0,0.0,Opened,-8304.193725585938,7193.5723876953125,0.0,0.02228851923063454,15497.76611328125,0.0,0.0,0,0.0
2021-10-26,559.2144775390625,0.010118193322142366,725.4924926757812,0.00852879984462862,0.0015893934775137453,0.0015893934775137453,0.011440302940524626,0.02106705505794717,1,0,-1.0,10,1.0935520671698387,-15.0,10.0,8388.217163085938,-7254.9249267578125,84.0234375,-61.3525390625,Closed,8388.217163085938,-7254.9249267578125,22.6708984375,0.02106705505794717,15643.14208984375,22.6708984375,0.0014492547793335583,0,22.6708984375
2021-10-27,559.2144775390625,0.0,722.4249267578125,-0.0042282531507044085,0.0042282531507044085,0.0042282531507044085,0.011440302940524626,0.021068504456765252,1,0,0.0,10,inf,0.0,0.0,0.0,0.0,0.0,0.0,,0.0,0.0,0.0,0.021068504456765252,0.0,0.0,0.0,0,0.0
2021-10-28,555.4801025390625,-0.006677893992362072,717.8234252929688,-0.00636952200070795,-0.00030837199165412166,0.00030837199165412166,0.011451464021020456,0.021072445956932726,0,0,0.0,10,1.2325837599270677,0.0,0.0,0.0,0.0,0.0,0.0,,0.0,0.0,0.0,0.021072445956932726,0.0,0.0,0.0,0,0.0
2021-10-29,550.812255859375,-0.008403265316527242,700.1846313476562,-0.02457260842123321,0.01616934310470597,0.01616934310470597,0.011468853616050259,0.02114625333793968,1,0,0.0,10,3.717167773079268,0.0,0.0,0.0,0.0,0.0,0.0,,0.0,0.0,0.0,0.02114625333793968,0.0,0.0,0.0,0,0.0
2021-10-30,550.812255859375,0.0,700.1846313476562,0.0,0.0,0.0,0.011370271703523602,0.020550397299371862,1,0,0.0,10,,0.0,0.0,0.0,0.0,0.0,0.0,,0.0,0.0,0.0,0.020550397299371862,0.0,0.0,0.0,0,0.0
2021-10-31,550.812255859375,0.0,700.1846313476562,0.0,0.0,0.0,0.011364169561700076,0.020508679075111363,1,0,0.0,10,,0.0,0.0,0.0,0.0,0.0,0.0,,0.0,0.0,0.0,0.020508679075111363,0.0,0.0,0.0,0,0.0
2021-11-01,550.812255859375,0.0,707.0867919921875,0.009857629453029482,-0.009857629453029482,0.009857629453029482,0.011338152225715447,0.01977510740537347,0,0,0.0,10,inf,0.0,0.0,0.0,0.0,0.0,0.0,,0.0,0.0,0.0,0.01977510740537347,0.0,0.0,0.0,0,0.0
2021-11-02,552.6793212890625,0.0033896584722401535,711.688232421875,0.006507603425490505,-0.003117944953250351,0.003117944953250351,0.011338105464983345,0.019426119917179956,0,0,0.0,10,2.472189205042635,0.0,0.0,0.0,0.0,0.0,0.0,,0.0,0.0,0.0,0.019426119917179956,0.0,0.0,0.0,0,0.0
2021-11-03,552.6793212890625,0.0,714.755859375,0.004310352220783242,-0.004310352220783242,0.004310352220783242,0.011235714793672448,0.019425523751924235,0,0,0.0,10,inf,0.0,0.0,0.0,0.0,0.0,0.0,,0.0,0.0,0.0,0.019425523751924235,0.0,0.0,0.0,0,0.0
2021-11-04,548.0114135742188,-0.008445960496507032,711.688232421875,-0.004291852823434583,-0.004154107673072449,0.004154107673072449,0.011253527670673382,0.01942777782908675,0,0,0.0,10,0.6599270893413992,0.0,0.0,0.0,0.0,0.0,0.0,,0.0,0.0,0.0,0.01942777782908675,0.0,0.0,0.0,0,0.0
2021-11-05,560.1480712890625,0.02214672434591547,720.8910522460938,0.012930970901263272,0.009215753444652197,0.009215753444652197,0.011373966043399707,0.019452902001817884,1,0,0.0,10,0.7514298176226101,0.0,0.0,0.0,0.0,0.0,0.0,,0.0,0.0,0.0,0.019452902001817884,0.0,0.0,0.0,0,0.0
2021-11-06,560.1480712890625,0.0,720.8910522460938,0.0,0.0,0.0,0.011303926664476192,0.01859662045078083,1,0,0.0,10,,0.0,0.0,0.0,0.0,0.0,0.0,,0.0,0.0,0.0,0.01859662045078083,0.0,0.0,0.0,0,0.0
2021-11-07,560.1480712890625,0.0,720.8910522460938,0.0,0.0,0.0,0.01106612492803339,0.017849484160185617,1,0,0.0,10,,0.0,0.0,0.0,0.0,0.0,0.0,,0.0,0.0,0.0,0.017849484160185617,0.0,0.0,0.0,0,0.0
2021-11-08,562.01513671875,0.003333164078188844,751.5672607421875,0.04255318248231177,-0.039220018404122925,0.039220018404122925,0.01096973124824775,0.018016641204459213,0,1,1.0,10,17.072424228983937,171.0,-10.0,-96104.58837890625,7515.672607421875,0.0,0.0,Opened,-96104.58837890625,7515.672607421875,0.0,0.018016641204459213,103620.26098632812,0.0,0.0,0,0.0
2021-11-09,570.4173583984375,0.014950169720948647,750.033447265625,-0.0020408199727165455,0.016990989693665193,0.016990989693665193,0.010877060838427701,0.017968523575653608,1,0,-1.0,10,0.17949256786571557,-171.0,10.0,97541.36828613281,-7500.33447265625,1436.7799072265625,15.338134765625,Closed,97541.36828613281,-7500.33447265625,1452.1180419921875,0.017968523575653608,105041.70275878906,1452.1180419921875,0.013824205090493792,0,1452.1180419921875
2021-11-10,571.3508911132812,0.0016365783773917286,734.6953735351562,-0.02044985298507196,0.022086431362463688,0.022086431362463688,0.01079740365309051,0.017947333246864348,1,1,1.0,10,16.067850313262483,-161.0,10.0,91987.49346923828,-7346.9537353515625,0.0,0.0,Opened,91987.49346923828,-7346.9537353515625,0.0,0.017947333246864348,99334.44720458984,0.0,0.0,0,0.0
2021-11-11,565.7494506835938,-0.009803853493206338,731.6277465820312,-0.00417537262874601,-0.005628480864460328,0.005628480864460328,0.01082528665426421,0.017951014082453698,0,0,-1.0,10,0.5507626157128535,161.0,-10.0,-91085.6615600586,7316.2774658203125,901.8319091796875,-30.67626953125,Closed,-91085.6615600586,7316.2774658203125,871.1556396484375,0.017951014082453698,98401.9390258789,871.1556396484375,0.00885303326613646,0,871.1556396484375
2021-11-12,563.88232421875,-0.0033002709283901366,753.8679809570312,0.030398292682173977,-0.033698563610564114,0.033698563610564114,0.010829059823892477,0.018086557597098988,0,1,1.0,10,12.314206019168124,124.0,-10.0,-69921.408203125,7538.6798095703125,0.0,0.0,Opened,-69921.408203125,7538.6798095703125,0.0,0.018086557597098988,77460.08801269531,0.0,0.0,0,0.0
2021-11-13,563.88232421875,0.0,753.8679809570312,0.0,0.0,0.0,0.010771276534804137,0.01802236840386572,1,0,-1.0,10,,-124.0,10.0,69921.408203125,-7538.6798095703125,0.0,0.0,Closed,69921.408203125,-7538.6798095703125,0.0,0.01802236840386572,77460.08801269531,0.0,0.0,0,0.0
2021-11-14,563.88232421875,0.0,753.8679809570312,0.0,0.0,0.0,0.010317872043867292,0.016808798423737746,1,0,0.0,10,,0.0,0.0,0.0,0.0,0.0,0.0,,0.0,0.0,0.0,0.016808798423737746,0.0,0.0,0.0,0,0.0
2021-11-15,567.6165771484375,0.006622397562933369,786.0780029296875,0.04272634305514056,-0.03610394549220719,0.03610394549220719,0.010305339045186794,0.016656539817739846,0,1,1.0,10,8.934927788438822,90.0,-10.0,-51085.491943359375,7860.780029296875,0.0,0.0,Opened,-51085.491943359375,7860.780029296875,0.0,0.016656539817739846,58946.27197265625,0.0,0.0,0,0.0
2021-11-16,569.48388671875,0.0032897375543423646,793.7470703125,0.00975611498379303,-0.006466377429450665,0.006466377429450665,0.010307384143499743,0.016633623299731642,0,1,0.0,10,4.13348487205108,-90.0,10.0,51253.5498046875,-7937.470703125,168.057861328125,-76.690673828125,Live,0.0,0.0,0.0,0.016633623299731642,59191.0205078125,91.3671875,0.0015435987877239021,0,0.0
2021-11-17,569.48388671875,0.0,789.9125366210938,-0.004830926418281534,0.004830926418281534,0.004830926418281534,0.010279740521002495,0.01652502917972114,1,0,-1.0,10,inf,-90.0,10.0,51253.5498046875,-7899.1253662109375,168.057861328125,-38.3453369140625,Closed,51253.5498046875,-7899.1253662109375,129.7125244140625,0.01652502917972114,59152.67517089844,129.7125244140625,0.002192842910980933,0,129.7125244140625
2021-11-18,572.2845458984375,0.004917890119462864,832.0923461914062,0.05339807588159018,-0.048480185762127315,0.048480185762127315,0.010285076248010826,0.01698396883788593,0,1,1.0,10,15.78724308528652,158.0,-10.0,-90420.95825195312,8320.923461914062,0.0,0.0,Opened,-90420.95825195312,8320.923461914062,0.0,0.01698396883788593,98741.88171386719,0.0,0.0,0,0.0
2021-11-19,576.952392578125,0.008156513596500048,835.9268798828125,0.004608303043475148,0.0035482105530248997,0.0035482105530248997,0.010300924568435952,0.01698581792361767,1,0,-1.0,10,0.818586877032809,-158.0,10.0,91158.47802734375,-8359.268798828125,737.519775390625,-38.3453369140625,Closed,91158.47802734375,-8359.268798828125,699.1744384765625,0.01698581792361767,99517.74682617188,699.1744384765625,0.007025625687625483,0,699.1744384765625
2021-11-20,576.952392578125,0.0,835.9268798828125,0.0,0.0,0.0,0.010277670815988169,0.016955147831457684,1,0,0.0,10,,0.0,0.0,0.0,0.0,0.0,0.0,,0.0,0.0,0.0,0.016955147831457684,0.0,0.0,0.0,0,0.0
2021-11-21,576.952392578125,0.0,835.9268798828125,0.0,0.0,0.0,0.010093604886406867,0.01694372344438412,1,0,0.0,10,,0.0,0.0,0.0,0.0,0.0,0.0,,0.0,0.0,0.0,0.01694372344438412,0.0,0.0,0.0,0,0.0
2021-11-22,574.1517944335938,-0.004854123460718673,828.2578125,-0.009174328003290877,0.0043202045425722035,0.0043202045425722035,0.010098700255643875,0.016960332220094833,1,0,0.0,10,2.72647964399055,0.0,0.0,0.0,0.0,0.0,0.0,,0.0,0.0,0.0,0.016960332220094833,0.0,0.0,0.0,0,0.0
2021-11-23,571.3508911132812,-0.004878332433107868,809.0851440429688,-0.02314818908759919,0.018269856654491323,0.018269856654491323,0.010097957032718102,0.01700409625990875,1,1,1.0,10,6.71949982980627,-68.0,10.0,38851.860595703125,-8090.8514404296875,0.0,0.0,Opened,38851.860595703125,-8090.8514404296875,0.0,0.01700409625990875,46942.71203613281,0.0,0.0,0,0.0
2021-11-24,562.9487915039062,-0.014705673413764053,797.5816040039062,-0.01421795978304552,-0.0004877136307185337,0.0004877136307185337,0.010110213743056113,0.016922744236674333,0,0,-1.0,10,1.3698045422005987,68.0,-10.0,-38280.517822265625,7975.8160400390625,571.3427734375,-115.035400390625,Closed,-38280.517822265625,7975.8160400390625,456.307373046875,0.016922744236674333,46256.33386230469,456.307373046875,0.009864754401099003,0,456.307373046875
2021-11-25,562.9487915039062,0.0,793.7470703125,-0.004807700769622447,0.004807700769622447,0.004807700769622447,0.010110213743056113,0.016927807344998505,1,0,0.0,10,inf,0.0,0.0,0.0,0.0,0.0,0.0,,0.0,0.0,0.0,0.016927807344998505,0.0,0.0,0.0,0,0.0
2021-11-26,556.4137573242188,-0.011608576620671496,770.7399291992188,-0.028985481614720476,0.01737690499404898,0.01737690499404898,0.010148577507218816,0.017072453529525418,1,1,1.0,10,3.458689281713856,-35.0,10.0,19474.481506347656,-7707.3992919921875,0.0,0.0,Opened,19474.481506347656,-7707.3992919921875,0.0,0.017072453529525418,27181.880798339844,0.0,0.0,0,0.0
2021-11-27,556.4137573242188,0.0,770.7399291992188,0.0,0.0,0.0,0.010110563045324641,0.01687243146618715,1,1,0.0,10,,35.0,-10.0,-19474.481506347656,7707.3992919921875,0.0,0.0,Live,0.0,0.0,0.0,0.01687243146618715,27181.880798339844,0.0,0.0,0,0.0
2021-11-28,556.4137573242188,0.0,770.7399291992188,0.0,0.0,0.0,0.010109866482892766,0.01681536323062603,1,1,0.0,10,,35.0,-10.0,-19474.481506347656,7707.3992919921875,0.0,0.0,Live,0.0,0.0,0.0,0.01681536323062603,27181.880798339844,0.0,0.0,0,0.0
2021-11-29,553.6129150390625,-0.005033740176780377,789.9125366210938,0.024875586038204833,-0.02990932621498521,0.02990932621498521,0.010109914704056892,0.016852571204536936,0,0,-1.0,10,7.051074759459972,35.0,-10.0,-19376.452026367188,7899.1253662109375,98.02947998046875,191.72607421875,Closed,-19376.452026367188,7899.1253662109375,289.75555419921875,0.016852571204536936,27275.577392578125,289.75555419921875,0.0106232601432688,0,289.75555419921875
2021-11-30,556.4137573242188,0.005059206909865166,774.574462890625,-0.01941743296805798,0.024476639877923145,0.024476639877923145,0.010116036908684243,0.016836803731678413,1,1,1.0,10,5.342870997085503,-54.0,10.0,30046.342895507812,-7745.74462890625,0.0,0.0,Opened,30046.342895507812,-7745.74462890625,0.0,0.016836803731678413,37792.08752441406,0.0,0.0,0,0.0
2021-12-01,560.1480712890625,0.006711397616769865,816.754150390625,0.054455303551565803,-0.04774390593479594,0.04774390593479594,0.010127124213516797,0.017306185119292352,0,0,-1.0,10,11.830843760008154,54.0,-10.0,-30247.995849609375,8167.54150390625,-201.6529541015625,421.796875,Closed,-30247.995849609375,8167.54150390625,220.1439208984375,0.017306185119292352,38415.537353515625,220.1439208984375,0.0057305959011475565,0,220.1439208984375
2021-12-02,574.1517944335938,0.02500003813688867,828.2578125,0.014084608084174555,0.010915430052714115,0.010915430052714115,0.010295154219036947,0.017334153823192575,1,0,0.0,10,0.8127236733647348,0.0,0.0,0.0,0.0,0.0,0.0,,0.0,0.0,0.0,0.017334153823192575,0.0,0.0,0.0,0,0.0
2021-12-03,567.6165771484375,-0.011382385892572677,812.9197387695312,-0.01851847757906755,0.007136091686494872,0.007136091686494872,0.01033180307143256,0.017394523800562466,1,0,0.0,10,2.3300464200499933,0.0,0.0,0.0,0.0,0.0,0.0,,0.0,0.0,0.0,0.017394523800562466,0.0,0.0,0.0,0,0.0
2021-12-04,567.6165771484375,0.0,812.9197387695312,0.0,0.0,0.0,0.010324285412788044,0.01739073569574752,1,0,0.0,10,,0.0,0.0,0.0,0.0,0.0,0.0,,0.0,0.0,0.0,0.01739073569574752,0.0,0.0,0.0,0,0.0
2021-12-05,567.6165771484375,0.0,812.9197387695312,0.0,0.0,0.0,0.01031661297772287,0.01738042109574643,1,0,0.0,10,,0.0,0.0,0.0,0.0,0.0,0.0,,0.0,0.0,0.0,0.01738042109574643,0.0,0.0,0.0,0,0.0
2021-12-06,560.1480712890625,-0.013157659871201988,832.0923461914062,0.02358487130709297,-0.03674253117829496,0.03674253117829496,0.010357496050377979,0.01746258481576032,0,1,1.0,10,2.6627079660563204,27.0,-10.0,-15123.997924804688,8320.923461914062,0.0,0.0,Opened,-15123.997924804688,8320.923461914062,0.0,0.01746258481576032,23444.92138671875,0.0,0.0,0,0.0
2021-12-07,566.6830444335938,0.011666510123818474,816.754150390625,-0.018433285525321974,0.03009979564914045,0.03009979564914045,0.010262193313228647,0.017366329667823536,1,0,-1.0,10,2.2772615822110653,-27.0,10.0,15300.442199707031,-8167.54150390625,176.44427490234375,153.3819580078125,Closed,15300.442199707031,-8167.54150390625,329.82623291015625,0.017366329667823536,23467.98370361328,329.82623291015625,0.014054306372275779,0,329.82623291015625
2021-12-08,562.01513671875,-0.008237246130258558,839.7613525390625,0.028169066710507673,-0.03640631284076623,0.03640631284076623,0.010274817941668776,0.01742877331115517,0,1,1.0,10,5.10973392971492,52.0,-10.0,-29224.787109375,8397.613525390625,0.0,0.0,Opened,-29224.787109375,8397.613525390625,0.0,0.01742877331115517,37622.400634765625,0.0,0.0,0,0.0
2021-12-09,567.6165771484375,0.009966707413595177,832.0923461914062,-0.009132364003735849,0.019099071417331026,0.019099071417331026,0.010301094163184758,0.017444945014574782,1,0,-1.0,10,1.3432225101077835,-52.0,10.0,29516.06201171875,-8320.923461914062,291.27490234375,76.6900634765625,Closed,29516.06201171875,-8320.923461914062,367.9649658203125,0.017444945014574782,37836.98547363281,367.9649658203125,0.0097250074553834,0,367.9649658203125
2021-12-10,564.8157958984375,-0.004934283744971735,824.4232788085938,-0.009216606086950296,0.004282322341978562,0.004282322341978562,0.010308074655252913,0.017461224617873396,1,0,0.0,10,2.7264046814719123,0.0,0.0,0.0,0.0,0.0,0.0,,0.0,0.0,0.0,0.017461224617873396,0.0,0.0,0.0,0,0.0
2021-12-11,564.8157958984375,0.0,824.4232788085938,0.0,0.0,0.0,0.010308074655252913,0.017461224617873396,1,0,0.0,10,,0.0,0.0,0.0,0.0,0.0,0.0,,0.0,0.0,0.0,0.017461224617873396,0.0,0.0,0.0,0,0.0
2021-12-12,564.8157958984375,0.0,824.4232788085938,0.0,0.0,0.0,0.010271979237520793,0.017450252703999428,1,0,0.0,10,,0.0,0.0,0.0,0.0,0.0,0.0,,0.0,0.0,0.0,0.017450252703999428,0.0,0.0,0.0,0,0.0
2021-12-13,561.0816040039062,-0.006611344657228235,824.4232788085938,0.0,-0.006611344657228235,0.006611344657228235,0.0102721348736817,0.017446540337552056,0,0,0.0,10,0.0,0.0,0.0,0.0,0.0,0.0,0.0,,0.0,0.0,0.0,0.017446540337552056,0.0,0.0,0.0,0,0.0
2021-12-14,559.2144775390625,-0.0033277271104948936,820.5888061523438,-0.00465109702117017,0.001323369910675276,0.001323369910675276,0.0102661580597776,0.01744123894045574,1,0,0.0,10,2.0509490706346574,0.0,0.0,0.0,0.0,0.0,0.0,,0.0,0.0,0.0,0.01744123894045574,0.0,0.0,0.0,0,0.0
2021-12-15,560.1480712890625,0.0016694734980904347,812.9197387695312,-0.009345810380685049,0.011015283878775484,0.011015283878775484,0.010260133595234868,0.01742581041433208,1,0,0.0,10,8.12423093608473,0.0,0.0,0.0,0.0,0.0,0.0,,0.0,0.0,0.0,0.01742581041433208,0.0,0.0,0.0,0,0.0
2021-12-16,567.41650390625,0.012975912958980151,835.9268798828125,0.02830186058479245,-0.015325947625812297,0.015325947625812297,0.010305267595166801,0.017544998943065354,0,0,0.0,10,3.213241671832432,0.0,0.0,0.0,0.0,0.0,0.0,,0.0,0.0,0.0,0.017544998943065354,0.0,0.0,0.0,0,0.0
2021-12-17,569.2922973632812,0.0033058493084316964,824.4232788085938,-0.013761492004936371,0.017067341313368067,0.017067341313368067,0.010307994676035786,0.01757954255875137,1,0,0.0,10,6.02833540345502,0.0,0.0,0.0,0.0,0.0,0.0,,0.0,0.0,0.0,0.01757954255875137,0.0,0.0,0.0,0,0.0
2021-12-18,569.2922973632812,0.0,824.4232788085938,0.0,0.0,0.0,0.010001145855990075,0.01718096528089992,1,0,0.0,10,,0.0,0.0,0.0,0.0,0.0,0.0,,0.0,0.0,0.0,0.01718096528089992,0.0,0.0,0.0,0,0.0
2021-12-19,569.2922973632812,0.0,824.4232788085938,0.0,0.0,0.0,0.009978908894339318,0.01713063963586949,1,0,0.0,10,,0.0,0.0,0.0,0.0,0.0,0.0,,0.0,0.0,0.0,0.01713063963586949,0.0,0.0,0.0,0,0.0
2021-12-20,560.8513793945312,-0.014827037020955225,809.0851440429688,-0.018604684219725942,0.003777647198770717,0.003777647198770717,0.009802918793422082,0.01692008120793159,1,0,0.0,10,1.8101491711579498,0.0,0.0,0.0,0.0,0.0,0.0,,0.0,0.0,0.0,0.01692008120793159,0.0,0.0,0.0,0,0.0
2021-12-21,559.9135131835938,-0.0016722187827191703,835.9268798828125,0.033175415514016926,-0.034847634296736096,0.034847634296736096,0.009783017355639821,0.0170573314354703,0,1,1.0,10,29.61901524464996,297.0,-10.0,-166294.31341552734,8359.268798828125,0.0,0.0,Opened,-166294.31341552734,8359.268798828125,0.0,0.0170573314354703,174653.58221435547,0.0,0.0,0,0.0
2021-12-22,562.7272338867188,0.005025277363152947,832.0923461914062,-0.004587164001645494,0.00961244136479844,0.00961244136479844,0.009789076953623615,0.017061010202253785,1,0,-1.0,10,1.3497639472911205,-297.0,10.0,167129.98846435547,-8320.923461914062,835.675048828125,38.3453369140625,Closed,167129.98846435547,-8320.923461914062,874.0203857421875,0.017061010202253785,175450.91192626953,874.0203857421875,0.004981566502826048,0,874.0203857421875
2021-12-23,568.3543701171875,0.009999758127223535,839.7613525390625,0.009216532735529137,0.0007832253916943976,0.0007832253916943976,0.00981637375567723,0.01707110137795859,1,0,0.0,10,1.361804467276832,0.0,0.0,0.0,0.0,0.0,0.0,,0.0,0.0,0.0,0.01707110137795859,0.0,0.0,0.0,0,0.0
2021-12-24,566.478759765625,-0.003300072015238964,858.93408203125,0.022831164394762515,-0.02613123641000148,0.02613123641000148,0.00981990146196002,0.017146123362268565,0,1,1.0,10,10.490129485931037,105.0,-10.0,-59480.269775390625,8589.3408203125,0.0,0.0,Opened,-59480.269775390625,8589.3408203125,0.0,0.017146123362268565,68069.61059570312,0.0,0.0,0,0.0
2021-12-25,566.478759765625,0.0,858.93408203125,0.0,0.0,0.0,0.009818871524629345,0.017137902304688694,1,0,-1.0,10,,-105.0,10.0,59480.269775390625,-8589.3408203125,0.0,0.0,Closed,59480.269775390625,-8589.3408203125,0.0,0.017137902304688694,68069.61059570312,0.0,0.0,0,0.0
2021-12-26,566.478759765625,0.0,858.93408203125,0.0,0.0,0.0,0.009799411405166368,0.017137902304688694,1,0,0.0,10,,0.0,0.0,0.0,0.0,0.0,0.0,,0.0,0.0,0.0,0.017137902304688694,0.0,0.0,0.0,0,0.0
2021-12-27,568.3543701171875,0.0033109985488926075,878.1065673828125,0.022321253461292878,-0.01901025491240027,0.01901025491240027,0.009802175406773854,0.01708600208654768,0,1,1.0,10,10.41567955691139,105.0,-10.0,-59677.20886230469,8781.065673828125,0.0,0.0,Opened,-59677.20886230469,8781.065673828125,0.0,0.01708600208654768,68458.27453613281,0.0,0.0,0,0.0
2021-12-28,576.7954711914062,0.014851827518240546,901.1138916015625,0.02620106154919566,-0.011349234030955113,0.011349234030955113,0.009859044438704712,0.017173757610878804,0,1,0.0,10,2.7561118190432383,-105.0,10.0,60563.524475097656,-9011.138916015625,886.3156127929688,-230.0732421875,Live,0.0,0.0,0.0,0.017173757610878804,69574.66339111328,656.2423706054688,0.00943220331396228,0,0.0
2021-12-29,577.7332153320312,0.001625782773030604,908.7828369140625,0.00851051724313101,-0.0068847344701004065,0.0068847344701004065,0.009837751889298656,0.01718161817951335,0,1,0.0,10,8.23429113583748,-105.0,10.0,60661.98760986328,-9087.828369140625,984.7787475585938,-306.7626953125,Live,0.0,0.0,0.0,0.01718161817951335,69749.8159790039,678.0160522460938,0.009720685893281643,0,0.0
2021-12-30,576.7954711914062,-0.0016231438936500364,912.617431640625,0.004219484095434156,-0.0058426279890841926,0.0058426279890841926,0.009838825016103158,0.017182365569216013,0,1,0.0,10,4.113099825592988,-105.0,10.0,60563.524475097656,-9126.17431640625,886.3156127929688,-345.108642578125,Live,0.0,0.0,0.0,0.017182365569216013,69689.6987915039,541.2069702148438,0.007765953643077361,0,0.0
2021-12-31,576.7954711914062,0.0,912.617431640625,0.0,0.0,0.0,0.009838825016103158,0.017182365569216013,1,0,-1.0,10,,-105.0,10.0,60563.524475097656,-9126.17431640625,886.3156127929688,-345.108642578125,Closed,60563.524475097656,-9126.17431640625,541.2069702148438,0.017182365569216013,69689.6987915039,541.2069702148438,0.007765953643077361,0,541.2069702148438
2022-01-01,576.7954711914062,0.0,912.617431640625,0.0,0.0,0.0,0.009832401112175202,0.017182365569216013,1,0,0.0,10,,0.0,0.0,0.0,0.0,0.0,0.0,,0.0,0.0,0.0,0.017182365569216013,0.0,0.0,0.0,0,0.0
2022-01-02,576.7954711914062,0.0,912.617431640625,0.0,0.0,0.0,0.009831890618340819,0.01718270744918484,1,0,0.0,10,,0.0,0.0,0.0,0.0,0.0,0.0,,0.0,0.0,0.0,0.01718270744918484,0.0,0.0,0.0,0,0.0
2022-01-03,591.8014526367188,0.02601612216946969,881.9412231445312,-0.033613436947995456,0.05962955911746515,0.05962955911746515,0.010014444703305701,0.017374158107438496,1,1,1.0,10,1.9254576614548886,-20.0,10.0,11836.029052734375,-8819.412231445312,0.0,0.0,Opened,11836.029052734375,-8819.412231445312,0.0,0.017374158107438496,20655.441284179688,0.0,0.0,0,0.0
2022-01-04,615.2484130859375,0.039619639905838167,893.4447631835938,0.01304343162240107,0.026576208283437097,0.026576208283437097,0.010400453004498022,0.01739526758670423,1,1,0.0,10,0.47807776691592146,20.0,-10.0,-12304.96826171875,8934.447631835938,-468.939208984375,115.035400390625,Live,0.0,0.0,0.0,0.01739526758670423,21239.415893554688,-353.90380859375,-0.016662596107510926,0,0.0
2022-01-05,609.62109375,-0.00914641828609064,901.1138916015625,0.008583774547674894,-0.017730192833765535,0.017730192833765535,0.010411374826871813,0.017402282997975214,0,0,-1.0,10,1.3872251143593775,20.0,-10.0,-12192.421875,9011.138916015625,-356.392822265625,191.7266845703125,Closed,-12192.421875,9011.138916015625,-164.6661376953125,0.017402282997975214,21203.560791015625,-164.6661376953125,-0.007765966260020103,0,-164.6661376953125
2022-01-06,603.993896484375,-0.00923064723861522,870.4376831054688,-0.034042543103594225,0.024811895864979006,0.024811895864979006,0.010437539190656542,0.017602681462145452,1,1,1.0,10,5.31489851329518,-54.0,10.0,32615.67041015625,-8704.376831054688,0.0,0.0,Opened,32615.67041015625,-8704.376831054688,0.0,0.017602681462145452,41320.04724121094,0.0,0.0,0,0.0
2022-01-07,594.6150512695312,-0.015528046341915958,843.5960083007812,-0.030836986180244663,0.015308939838328706,0.015308939838328706,0.010506866182051395,0.017764978422575226,1,1,0.0,10,2.8174338336971934,54.0,-10.0,-32109.212768554688,8435.960083007812,506.4576416015625,-268.416748046875,Live,0.0,0.0,0.0,0.017764978422575226,40545.1728515625,238.0408935546875,0.0058710045318135584,0,0.0
2022-01-08,594.6150512695312,0.0,843.5960083007812,0.0,0.0,0.0,0.010447814246315261,0.017723330679328044,1,1,0.0,10,,54.0,-10.0,-32109.212768554688,8435.960083007812,506.4576416015625,-268.416748046875,Live,0.0,0.0,0.0,0.017723330679328044,40545.1728515625,238.0408935546875,0.0058710045318135584,0,0.0
2022-01-09,594.6150512695312,0.0,843.5960083007812,0.0,0.0,0.0,0.01030297537377662,0.017705425068552404,1,1,0.0,10,,54.0,-10.0,-32109.212768554688,8435.960083007812,506.4576416015625,-268.416748046875,Live,0.0,0.0,0.0,0.017705425068552404,40545.1728515625,238.0408935546875,0.0058710045318135584,0,0.0
2022-01-10,603.055908203125,0.014195498273331886,839.7613525390625,-0.0045456068117756265,0.018741105085107512,0.018741105085107512,0.010330247726359043,0.017708783340540168,1,1,0.0,10,0.4459021157273944,54.0,-10.0,-32565.01904296875,8397.613525390625,50.6513671875,-306.7633056640625,Live,0.0,0.0,0.0,0.017708783340540168,40962.632568359375,-256.1119384765625,-0.00625233102509115,0,0.0
2022-01-11,610.5590209960938,0.012441819557535094,828.2578125,-0.01369858234637844,0.026140401903913535,0.026140401903913535,0.010368979780354221,0.01766892466428086,1,1,0.0,10,1.4935838705181104,54.0,-10.0,-32970.18713378906,8282.578125,-354.5167236328125,-421.7987060546875,Live,0.0,0.0,0.0,0.01766892466428086,41252.76525878906,-776.3154296875,-0.018818506464172192,1,-776.3154296875
2022-01-12,618.9999389648438,0.013824900916178606,832.0923461914062,0.004629637817519905,0.009195263098658701,0.009195263098658701,0.009948261915345548,0.017666475077972782,1,1,0.0,10,0.45015897226661,54.0,-10.0,-33425.99670410156,8320.923461914062,-810.3262939453125,-383.453369140625,Live,0.0,0.0,0.0,0.017666475077972782,41746.920166015625,-1193.7796630859375,-0.02859563432077421,1,0.0
2022-01-13,619.9378662109375,0.0015152299492342536,843.5960083007812,0.013824982481846826,-0.012309752532612572,0.012309752532612572,0.009948280009763463,0.01769278209895319,0,0,-1.0,10,12.415733894889296,54.0,-10.0,-33476.644775390625,8435.960083007812,-860.974365234375,-268.416748046875,Closed,-33476.644775390625,8435.960083007812,-1129.39111328125,0.01769278209895319,41912.60485839844,-1129.39111328125,-0.026946335525956766,1,0.0
2022-01-14,630.2544555664062,0.016641327974565856,816.754150390625,-0.031818379468417146,0.048459707442983,0.048459707442983,0.010018437963390693,0.01786027169067142,1,1,1.0,10,2.477795743028544,-25.0,10.0,15756.361389160156,-8167.54150390625,0.0,0.0,Opened,15756.361389160156,-8167.54150390625,0.0,0.01786027169067142,23923.902893066406,0.0,0.0,0,0.0
2022-01-15,630.2544555664062,0.0,816.754150390625,0.0,0.0,0.0,0.009973215466387063,0.017601090316716105,1,1,0.0,10,,25.0,-10.0,-15756.361389160156,8167.54150390625,0.0,0.0,Live,0.0,0.0,0.0,0.017601090316716105,23923.902893066406,0.0,0.0,0,0.0
2022-01-16,630.2544555664062,0.0,816.754150390625,0.0,0.0,0.0,0.00997151880773598,0.017601237354125884,1,1,0.0,10,,25.0,-10.0,-15756.361389160156,8167.54150390625,0.0,0.0,Live,0.0,0.0,0.0,0.017601237354125884,23923.902893066406,0.0,0.0,0,0.0
2022-01-17,640.571044921875,0.01636892728699113,855.0994873046875,0.04694844451751279,-0.030579517230521658,0.030579517230521658,0.01002817053498772,0.017916408262584508,0,0,-1.0,10,3.828691116792936,25.0,-10.0,-16014.276123046875,8550.994873046875,-257.91473388671875,383.453369140625,Closed,-16014.276123046875,8550.994873046875,125.53863525390625,0.017916408262584508,24565.27099609375,125.53863525390625,0.0051104111684283395,0,125.53863525390625
2022-01-18,620.875732421875,-0.0307464919873206,847.430419921875,-0.008968625869471336,-0.021777866117849265,0.021777866117849265,0.01027842537670492,0.017926143188769717,0,1,1.0,10,0.39813439648196386,4.0,-10.0,-2483.5029296875,8474.30419921875,0.0,0.0,Opened,-2483.5029296875,8474.30419921875,0.0,0.017926143188769717,10957.80712890625,0.0,0.0,0,0.0
2022-01-19,613.3726196289062,-0.012084725495230875,843.5960083007812,-0.004524750977723091,-0.007559974517507784,0.007559974517507784,0.010290861952103542,0.01790010187178266,0,1,0.0,10,0.5149535105956106,-4.0,10.0,2453.490478515625,-8435.960083007812,-30.012451171875,38.3441162109375,Live,0.0,0.0,0.0,0.01790010187178266,10889.450561523438,8.3316650390625,0.0007651134455306162,0,0.0
2022-01-20,610.5590209960938,-0.004587095254618201,835.9268798828125,-0.009090996570048193,0.004503901315429992,0.004503901315429992,0.010298338649575689,0.0179159663948255,1,0,-1.0,10,2.7134034536332345,-4.0,10.0,2442.236083984375,-8359.268798828125,-41.266845703125,115.035400390625,Closed,2442.236083984375,-8359.268798828125,73.7685546875,0.0179159663948255,10801.5048828125,73.7685546875,0.006829470105122252,0,73.7685546875
2022-01-21,601.1802978515625,-0.01536087883728321,820.5888061523438,-0.018348582991635554,0.002987704154352344,0.002987704154352344,0.01036756091585025,0.01797392572892399,1,0,0.0,10,1.630449365523483,0.0,0.0,0.0,0.0,0.0,0.0,,0.0,0.0,0.0,0.01797392572892399,0.0,0.0,0.0,0,0.0
2022-01-22,601.1802978515625,0.0,820.5888061523438,0.0,0.0,0.0,0.010344926861104421,0.01795289190551796,1,0,0.0,10,,0.0,0.0,0.0,0.0,0.0,0.0,,0.0,0.0,0.0,0.01795289190551796,0.0,0.0,0.0,0,0.0
2022-01-23,601.1802978515625,0.0,820.5888061523438,0.0,0.0,0.0,0.010344926861104421,0.017916493654943483,1,0,0.0,10,,0.0,0.0,0.0,0.0,0.0,0.0,,0.0,0.0,0.0,0.017916493654943483,0.0,0.0,0.0,0,0.0
2022-01-24,612.4348754882812,0.018720802522869118,835.9268798828125,0.018691546381661484,2.92561412076342e-05,2.92561412076342e-05,0.010430494574313443,0.017535011469447682,1,0,0.0,10,1.3627906562961838,0.0,0.0,0.0,0.0,0.0,0.0,,0.0,0.0,0.0,0.017535011469447682,0.0,0.0,0.0,0,0.0
2022-01-25,601.1802978515625,-0.01837677455540998,832.0923461914062,-0.004587164001645494,-0.013789610553764486,0.013789610553764486,0.010517306761284926,0.017182034464859924,0,0,0.0,10,0.34549500105008696,0.0,0.0,0.0,0.0,0.0,0.0,,0.0,0.0,0.0,0.017182034464859924,0.0,0.0,0.0,0,0.0
2022-01-26,596.4907836914062,-0.007800512054229269,824.4232788085938,-0.009216606086950296,0.001416094032721027,0.001416094032721027,0.010527312038399062,0.017091655451594114,1,0,0.0,10,1.633030975107861,0.0,0.0,0.0,0.0,0.0,0.0,,0.0,0.0,0.0,0.017091655451594114,0.0,0.0,0.0,0,0.0
2022-01-27,596.4907836914062,0.0,824.4232788085938,0.0,0.0,0.0,0.010527312038399062,0.017091655451594114,1,0,0.0,10,,0.0,0.0,0.0,0.0,0.0,0.0,,0.0,0.0,0.0,0.017091655451594114,0.0,0.0,0.0,0,0.0
2022-01-28,596.4907836914062,0.0,824.4232788085938,0.0,0.0,0.0,0.010527312038399062,0.017091655451594114,1,0,0.0,10,,0.0,0.0,0.0,0.0,0.0,0.0,,0.0,0.0,0.0,0.017091655451594114,0.0,0.0,0.0,0,0.0
2022-01-29,596.4907836914062,0.0,824.4232788085938,0.0,0.0,0.0,0.010453390639458899,0.016986251087268256,1,0,0.0,10,,0.0,0.0,0.0,0.0,0.0,0.0,,0.0,0.0,0.0,0.016986251087268256,0.0,0.0,0.0,0,0.0
2022-01-30,596.4907836914062,0.0,824.4232788085938,0.0,0.0,0.0,0.010442927330466045,0.0169845195512398,1,0,0.0,10,,0.0,0.0,0.0,0.0,0.0,0.0,,0.0,0.0,0.0,0.0169845195512398,0.0,0.0,0.0,0,0.0
2022-01-31,596.4907836914062,0.0,824.4232788085938,0.0,0.0,0.0,0.010440750071670269,0.01696122554286518,1,0,0.0,10,,0.0,0.0,0.0,0.0,0.0,0.0,,0.0,0.0,0.0,0.01696122554286518,0.0,0.0,0.0,0,0.0
2022-02-01,596.4907836914062,0.0,824.4232788085938,0.0,0.0,0.0,0.010440750071670269,0.01694217387335435,1,0,0.0,10,,0.0,0.0,0.0,0.0,0.0,0.0,,0.0,0.0,0.0,0.01694217387335435,0.0,0.0,0.0,0,0.0
2022-02-02,596.4907836914062,0.0,824.4232788085938,0.0,0.0,0.0,0.010419704620789883,0.016822995466195426,1,0,0.0,10,,0.0,0.0,0.0,0.0,0.0,0.0,,0.0,0.0,0.0,0.016822995466195426,0.0,0.0,0.0,0,0.0
2022-02-03,596.4907836914062,0.0,824.4232788085938,0.0,0.0,0.0,0.010419704620789883,0.016822995466195426,1,0,0.0,10,,0.0,0.0,0.0,0.0,0.0,0.0,,0.0,0.0,0.0,0.016822995466195426,0.0,0.0,0.0,0,0.0
2022-02-04,596.4907836914062,0.0,824.4232788085938,0.0,0.0,0.0,0.010419704620789883,0.016822995466195426,1,0,0.0,10,,0.0,0.0,0.0,0.0,0.0,0.0,,0.0,0.0,0.0,0.016822995466195426,0.0,0.0,0.0,0,0.0
2022-02-05,596.4907836914062,0.0,824.4232788085938,0.0,0.0,0.0,0.01040920882928525,0.01677520877007232,1,0,0.0,10,,0.0,0.0,0.0,0.0,0.0,0.0,,0.0,0.0,0.0,0.01677520877007232,0.0,0.0,0.0,0,0.0
2022-02-06,596.4907836914062,0.0,824.4232788085938,0.0,0.0,0.0,0.010395290930548877,0.0167753723584058,1,0,0.0,10,,0.0,0.0,0.0,0.0,0.0,0.0,,0.0,0.0,0.0,0.0167753723584058,0.0,0.0,0.0,0,0.0
2022-02-07,595.552978515625,-0.0015722039659651355,843.5960083007812,0.02325592930841891,-0.024828133274384045,0.024828133274384045,0.010395153142440917,0.016823948941078092,0,1,1.0,10,20.952648446156495,210.0,-10.0,-125066.12548828125,8435.960083007812,0.0,0.0,Opened,-125066.12548828125,8435.960083007812,0.0,0.016823948941078092,133502.08557128906,0.0,0.0,0,0.0
2022-02-08,588.98779296875,-0.011023680148889992,839.7613525390625,-0.0045456068117756265,-0.006478073337114365,0.006478073337114365,0.010416576148726379,0.01681934493985087,0,1,0.0,10,0.5879154228057305,-210.0,10.0,123687.4365234375,-8397.613525390625,-1378.68896484375,38.3465576171875,Live,0.0,0.0,0.0,0.01681934493985087,132085.05004882812,-1340.3424072265625,-0.010147570877484436,0,0.0
2022-02-09,593.6771240234375,0.00796167783215207,866.6030883789062,0.031963528398498475,-0.024001850566346405,0.024001850566346405,0.010409318468842462,0.01697029600895336,0,1,0.0,10,5.86030247082366,-210.0,10.0,124672.19604492188,-8666.030883789062,-393.929443359375,-230.07080078125,Live,0.0,0.0,0.0,0.01697029600895336,133338.22692871094,-624.000244140625,-0.004679830072093622,0,0.0
2022-02-10,608.6832275390625,0.025276539904260487,889.6102905273438,0.02654871931217717,-0.0012721794079166848,0.0012721794079166848,0.010570684849202528,0.017073589587652614,0,1,0.0,10,1.5350920261304195,-210.0,10.0,127823.47778320312,-8896.102905273438,2757.352294921875,-460.142822265625,Live,0.0,0.0,0.0,0.017073589587652614,136719.58068847656,2297.20947265625,0.016802344339327473,0,0.0
2022-02-11,609.62109375,0.001540811654576535,881.9412231445312,-0.008620704441566707,0.010161516096143242,0.010161516096143242,0.010570721506677812,0.017089885123523545,1,0,-1.0,10,8.094179993218395,-210.0,10.0,128020.4296875,-8819.412231445312,2954.30419921875,-383.4521484375,Closed,128020.4296875,-8819.412231445312,2570.85205078125,0.017089885123523545,136839.8419189453,2570.85205078125,0.018787306494434927,0,2570.85205078125
2022-02-12,609.62109375,0.0,881.9412231445312,0.0,0.0,0.0,0.010565627366701125,0.017069122561991345,1,0,0.0,10,,0.0,0.0,0.0,0.0,0.0,0.0,,0.0,0.0,0.0,0.017069122561991345,0.0,0.0,0.0,0,0.0
2022-02-13,609.62109375,0.0,881.9412231445312,0.0,0.0,0.0,0.010565627366701125,0.017069122561991345,1,0,0.0,10,,0.0,0.0,0.0,0.0,0.0,0.0,,0.0,0.0,0.0,0.017069122561991345,0.0,0.0,0.0,0,0.0
2022-02-14,597.4286499023438,-0.020000036043136382,847.430419921875,-0.039130502483611274,0.01913046644047489,0.01913046644047489,0.010594875678549456,0.017316330269435052,1,1,1.0,10,2.775253446312558,-28.0,10.0,16728.002197265625,-8474.30419921875,0.0,0.0,Opened,16728.002197265625,-8474.30419921875,0.0,0.017316330269435052,25202.306396484375,0.0,0.0,0,0.0
2022-02-15,593.6771240234375,-0.006279454257038908,843.5960083007812,-0.004524750977723091,-0.0017547032793158168,0.0017547032793158168,0.010415970481973947,0.017198553484332146,0,0,-1.0,10,1.0238986792245433,28.0,-10.0,-16622.95947265625,8435.960083007812,105.042724609375,-38.3441162109375,Closed,-16622.95947265625,8435.960083007812,66.6986083984375,0.017198553484332146,25058.919555664062,66.6986083984375,0.0026616713561922753,0,66.6986083984375
2022-02-16,605.86962890625,0.020537265778715064,866.6030883789062,0.027272627954306294,-0.006735362175591231,0.006735362175591231,0.010471151774720317,0.01725200044172032,0,0,0.0,10,1.8994392773356896,0.0,0.0,0.0,0.0,0.0,0.0,,0.0,0.0,0.0,0.01725200044172032,0.0,0.0,0.0,0,0.0
2022-02-17,604.9317626953125,-0.001547967031505726,866.6030883789062,0.0,-0.001547967031505726,0.001547967031505726,0.010472595836087688,0.01725200044172032,0,0,0.0,10,0.0,0.0,0.0,0.0,0.0,0.0,0.0,,0.0,0.0,0.0,0.01725200044172032,0.0,0.0,0.0,0,0.0
2022-02-18,597.4286499023438,-0.012403238275236483,858.93408203125,-0.008849502673712095,-0.003553735601524388,0.003553735601524388,0.010519715210061342,0.017269133790215108,0,0,0.0,10,1.0257878908964981,0.0,0.0,0.0,0.0,0.0,0.0,,0.0,0.0,0.0,0.017269133790215108,0.0,0.0,0.0,0,0.0
2022-02-19,597.4286499023438,0.0,858.93408203125,0.0,0.0,0.0,0.010358879875883084,0.016980122907222624,1,0,0.0,10,,0.0,0.0,0.0,0.0,0.0,0.0,,0.0,0.0,0.0,0.016980122907222624,0.0,0.0,0.0,0,0.0
2022-02-20,597.4286499023438,0.0,858.93408203125,0.0,0.0,0.0,0.010332724337837168,0.016978393316528104,1,0,0.0,10,,0.0,0.0,0.0,0.0,0.0,0.0,,0.0,0.0,0.0,0.016978393316528104,0.0,0.0,0.0,0,0.0
2022-02-21,592.7392578125,-0.007849292280526332,866.6030883789062,0.008928515596354325,-0.016777807876880657,0.016777807876880657,0.010219316383085241,0.016987783894302482,0,0,0.0,10,1.663049978556186,0.0,0.0,0.0,0.0,0.0,0.0,,0.0,0.0,0.0,0.016987783894302482,0.0,0.0,0.0,0,0.0
2022-02-22,588.0498657226562,-0.00791139110162864,851.2650146484375,-0.01769907577777108,0.009787684676142439,0.009787684676142439,0.010177595096100068,0.016931010339642664,1,0,0.0,10,3.2385332784249683,0.0,0.0,0.0,0.0,0.0,0.0,,0.0,0.0,0.0,0.016931010339642664,0.0,0.0,0.0,0,0.0
2022-02-23,586.1741333007812,-0.003189750616760856,858.93408203125,0.00900902451157326,-0.012198775128334116,0.012198775128334116,0.01016328802012039,0.016931010340049058,0,0,0.0,10,4.13860734457632,0.0,0.0,0.0,0.0,0.0,0.0,,0.0,0.0,0.0,0.016931010340049058,0.0,0.0,0.0,0,0.0
2022-02-24,566.478759765625,-0.033599868053287185,812.9197387695312,-0.05357144887405296,0.019971580820765777,0.019971580820765777,0.010473357682245766,0.017419250946042863,1,1,1.0,10,2.288020223278812,-23.0,10.0,13029.011474609375,-8129.1973876953125,0.0,0.0,Opened,13029.011474609375,-8129.1973876953125,0.0,0.017419250946042863,21158.208862304688,0.0,0.0,0,0.0
2022-02-25,566.478759765625,0.0,832.0923461914062,0.02358487130709297,-0.02358487130709297,0.02358487130709297,0.010473357682245766,0.01749956477480419,0,0,-1.0,10,inf,23.0,-10.0,-13029.011474609375,8320.923461914062,0.0,191.72607421875,Closed,-13029.011474609375,8320.923461914062,191.72607421875,0.01749956477480419,21349.934936523438,191.72607421875,0.008980171358310009,0,191.72607421875
2022-02-26,566.478759765625,0.0,832.0923461914062,0.0,0.0,0.0,0.010447225838766365,0.017455256268590576,1,0,0.0,10,,0.0,0.0,0.0,0.0,0.0,0.0,,0.0,0.0,0.0,0.017455256268590576,0.0,0.0,0.0,0,0.0
2022-02-27,566.478759765625,0.0,832.0923461914062,0.0,0.0,0.0,0.010388320500217868,0.017427515199897586,1,0,0.0,10,,0.0,0.0,0.0,0.0,0.0,0.0,,0.0,0.0,0.0,0.017427515199897586,0.0,0.0,0.0,0,0.0
2022-02-28,566.478759765625,0.0,832.0923461914062,0.0,0.0,0.0,0.010387591905366934,0.01730381228186711,1,0,0.0,10,,0.0,0.0,0.0,0.0,0.0,0.0,,0.0,0.0,0.0,0.01730381228186711,0.0,0.0,0.0,0,0.0
2022-03-01,566.478759765625,0.0,843.5960083007812,0.013824982481846826,-0.013824982481846826,0.013824982481846826,0.010361538136872293,0.01732541280508563,0,0,0.0,10,inf,0.0,0.0,0.0,0.0,0.0,0.0,,0.0,0.0,0.0,0.01732541280508563,0.0,0.0,0.0,0,0.0
2022-03-02,563.6651000976562,-0.004966928802648929,828.2578125,-0.018181920788928663,0.013214991986279734,0.013214991986279734,0.010243914046939575,0.017343480983366143,1,0,0.0,10,5.37893407850487,0.0,0.0,0.0,0.0,0.0,0.0,,0.0,0.0,0.0,0.017343480983366143,0.0,0.0,0.0,0,0.0
2022-03-03,564.60302734375,0.0016639796324648959,828.2578125,0.0,0.0016639796324648959,0.0016639796324648959,0.010244728548259793,0.017343480983366143,1,0,0.0,10,0.0,0.0,0.0,0.0,0.0,0.0,0.0,,0.0,0.0,0.0,0.017343480983366143,0.0,0.0,0.0,0,0.0
2022-03-04,558.0377197265625,-0.011628183518736845,786.0780029296875,-0.05092594230170633,0.03929775878296948,0.03929775878296948,0.01028094025380616,0.017770754425599018,1,1,1.0,10,6.169206171876674,-62.0,10.0,34598.338623046875,-7860.780029296875,0.0,0.0,Opened,34598.338623046875,-7860.780029296875,0.0,0.017770754425599018,42459.11865234375,0.0,0.0,0,0.0
2022-03-05,558.0377197265625,0.0,786.0780029296875,0.0,0.0,0.0,0.010193356928742934,0.017665435541961202,1,1,0.0,10,,62.0,-10.0,-34598.338623046875,7860.780029296875,0.0,0.0,Live,0.0,0.0,0.0,0.017665435541961202,42459.11865234375,0.0,0.0,0,0.0
2022-03-06,558.0377197265625,0.0,786.0780029296875,0.0,0.0,0.0,0.010150531452583917,0.0176579589192714,1,1,0.0,10,,62.0,-10.0,-34598.338623046875,7860.780029296875,0.0,0.0,Live,0.0,0.0,0.0,0.0176579589192714,42459.11865234375,0.0,0.0,0,0.0
2022-03-07,540.2181396484375,-0.031932572742316756,745.4320068359375,-0.0517073317689386,0.019774759026621846,0.019774759026621846,0.010413239673201265,0.018073709886239055,1,1,0.0,10,2.2343802849790277,62.0,-10.0,-33493.524658203125,7454.320068359375,1104.81396484375,-406.4599609375,Live,0.0,0.0,0.0,0.018073709886239055,40947.8447265625,698.35400390625,0.017054719450306843,0,0.0
2022-03-08,528.0257568359375,-0.02256936951512689,738.5299072265625,-0.009259194059390685,-0.013310175455736206,0.013310175455736206,0.010544710808610495,0.018064019675423742,0,0,-1.0,10,0.5738081846806762,62.0,-10.0,-32737.596923828125,7385.299072265625,1860.74169921875,-475.48095703125,Closed,-32737.596923828125,7385.299072265625,1385.2607421875,0.018064019675423742,40122.89599609375,1385.2607421875,0.034525442588250986,0,1385.2607421875
2022-03-09,532.7151489257812,0.00888099118108121,740.83056640625,0.0031151875600099466,0.005765803621071264,0.005765803621071264,0.010560245774159044,0.01795889054319244,1,0,0.0,10,0.4878054036567513,0.0,0.0,0.0,0.0,0.0,0.0,,0.0,0.0,0.0,0.01795889054319244,0.0,0.0,0.0,0,0.0
2022-03-10,550.5347900390625,0.033450599535632675,763.0708618164062,0.03002075834700424,0.0034298411886284352,0.0034298411886284352,0.010857442052188677,0.01809403475756707,1,0,0.0,10,1.243935477237217,0.0,0.0,0.0,0.0,0.0,0.0,,0.0,0.0,0.0,0.01809403475756707,0.0,0.0,0.0,0,0.0
2022-03-11,539.2802734375,-0.02044287991457172,738.5299072265625,-0.03216078062714478,0.01171790071257306,0.01171790071257306,0.010961624926619104,0.018257721512392716,1,0,0.0,10,2.154458122469179,0.0,0.0,0.0,0.0,0.0,0.0,,0.0,0.0,0.0,0.018257721512392716,0.0,0.0,0.0,0,0.0
2022-03-12,539.2802734375,0.0,738.5299072265625,0.0,0.0,0.0,0.010931000589321407,0.01825725987117283,1,0,0.0,10,,0.0,0.0,0.0,0.0,0.0,0.0,,0.0,0.0,0.0,0.01825725987117283,0.0,0.0,0.0,0,0.0
2022-03-13,539.2802734375,0.0,738.5299072265625,0.0,0.0,0.0,0.01092872083074458,0.01818800741837377,1,0,0.0,10,,0.0,0.0,0.0,0.0,0.0,0.0,,0.0,0.0,0.0,0.01818800741837377,0.0,0.0,0.0,0,0.0
2022-03-14,536.4666748046875,-0.005217321625502702,723.958740234375,-0.01972996198205068,0.014512640356547979,0.014512640356547979,0.010911722324343107,0.018223612305908937,1,0,0.0,10,5.103283618894229,0.0,0.0,0.0,0.0,0.0,0.0,,0.0,0.0,0.0,0.018223612305908937,0.0,0.0,0.0,0,0.0
2022-03-15,523.3362426757812,-0.02447576475032054,693.2824096679688,-0.04237303711047824,0.0178972723601577,0.0178972723601577,0.011049148567561663,0.018497880825603132,1,0,0.0,10,2.2934152301568145,0.0,0.0,0.0,0.0,0.0,0.0,,0.0,0.0,0.0,0.018497880825603132,0.0,0.0,0.0,0,0.0
2022-03-16,525.92822265625,0.004952800454285589,695.5831298828125,0.00331859020618408,0.0016342102481015086,0.0016342102481015086,0.011056107345138786,0.018496778588026223,1,0,0.0,10,0.8861869696766259,0.0,0.0,0.0,0.0,0.0,0.0,,0.0,0.0,0.0,0.018496778588026223,0.0,0.0,0.0,0,0.0
2022-03-17,548.5487670898438,0.0430107065168448,742.3643798828125,0.06725472195951832,-0.024244015442673517,0.024244015442673517,0.011517551847971432,0.01916457790998864,0,1,1.0,10,2.116157983334189,22.0,-10.0,-12068.072875976562,7423.643798828125,0.0,0.0,Opened,-12068.072875976562,7423.643798828125,0.0,0.01916457790998864,19491.716674804688,0.0,0.0,0,0.0
2022-03-18,547.6062622070312,-0.0017181788372484519,743.13134765625,0.001033141937061277,-0.002751320774309729,0.002751320774309729,0.01151822163904246,0.019164628650289017,0,1,0.0,10,0.8159974486369833,-22.0,10.0,12047.337768554688,-7431.3134765625,-20.735107421875,-7.669677734375,Live,0.0,0.0,0.0,0.019164628650289017,19478.651245117188,-28.40478515625,-0.001458252155080315,0,0.0
2022-03-19,547.6062622070312,0.0,743.13134765625,0.0,0.0,0.0,0.01151822163904246,0.019164628650289017,1,0,-1.0,10,,-22.0,10.0,12047.337768554688,-7431.3134765625,-20.735107421875,-7.669677734375,Closed,12047.337768554688,-7431.3134765625,-28.40478515625,0.019164628650289017,19478.651245117188,-28.40478515625,-0.001458252155080315,0,-28.40478515625
2022-03-20,547.6062622070312,0.0,743.13134765625,0.0,0.0,0.0,0.01151822163904246,0.019164628650289017,1,0,0.0,10,,0.0,0.0,0.0,0.0,0.0,0.0,,0.0,0.0,0.0,0.019164628650289017,0.0,0.0,0.0,0,0.0
2022-03-21,552.3189086914062,0.008605903200196163,750.033447265625,0.009287859583831937,-0.0006819563836357734,0.0006819563836357734,0.011403132210347139,0.019032610696920464,0,0,0.0,10,1.4655812612723178,0.0,0.0,0.0,0.0,0.0,0.0,,0.0,0.0,0.0,0.019032610696920464,0.0,0.0,0.0,0,0.0
2022-03-22,549.4912109375,-0.00511968304798005,747.7327880859375,-0.0030674087776684233,-0.002052274270311627,0.002052274270311627,0.011407090286865536,0.019032373276771316,0,0,0.0,10,0.8152940170316022,0.0,0.0,0.0,0.0,0.0,0.0,,0.0,0.0,0.0,0.019032373276771316,0.0,0.0,0.0,0,0.0
2022-03-23,556.0889282226562,0.012006956897271825,749.2665405273438,0.002051203940558022,0.009955752956713804,0.009955752956713804,0.011371650602943784,0.01902913202955069,1,0,0.0,10,0.23018020964779634,0.0,0.0,0.0,0.0,0.0,0.0,,0.0,0.0,0.0,0.01902913202955069,0.0,0.0,0.0,0,0.0
2022-03-24,557.0314331054688,0.0016948815827442232,745.4320068359375,-0.005117716438675424,0.006812598021419647,0.006812598021419647,0.011372317227724905,0.019033726313003187,1,0,0.0,10,4.040779867485043,0.0,0.0,0.0,0.0,0.0,0.0,,0.0,0.0,0.0,0.019033726313003187,0.0,0.0,0.0,0,0.0
2022-03-25,563.629150390625,0.011844425454365703,744.6651000976562,-0.0010288084375883466,0.01287323389195405,0.01287323389195405,0.011406233918454465,0.019034027271763544,1,0,0.0,10,0.1147593480964401,0.0,0.0,0.0,0.0,0.0,0.0,,0.0,0.0,0.0,0.019034027271763544,0.0,0.0,0.0,0,0.0
2022-03-26,563.629150390625,0.0,744.6651000976562,0.0,0.0,0.0,0.011395595467305182,0.01877301851990129,1,0,0.0,10,,0.0,0.0,0.0,0.0,0.0,0.0,,0.0,0.0,0.0,0.01877301851990129,0.0,0.0,0.0,0,0.0
2022-03-27,563.629150390625,0.0,744.6651000976562,0.0,0.0,0.0,0.011351458747712796,0.01877221632538585,1,0,0.0,10,,0.0,0.0,0.0,0.0,0.0,0.0,,0.0,0.0,0.0,0.01877221632538585,0.0,0.0,0.0,0,0.0
2022-03-28,550.433837890625,-0.023411337917591646,739.2968139648438,-0.0072089938579215085,-0.016202344059670137,0.016202344059670137,0.0113496260058178,0.018458594422678304,0,0,0.0,10,0.41358247918580493,0.0,0.0,0.0,0.0,0.0,0.0,,0.0,0.0,0.0,0.018458594422678304,0.0,0.0,0.0,0,0.0
2022-03-29,555.1465454101562,0.008561805606994044,699.417724609375,-0.053941919675803085,0.06250372528279713,0.06250372528279713,0.011366901205778837,0.01888704843562902,1,1,1.0,10,7.937614942760127,-80.0,10.0,44411.7236328125,-6994.17724609375,0.0,0.0,Opened,44411.7236328125,-6994.17724609375,0.0,0.01888704843562902,51405.90087890625,0.0,0.0,0,0.0
2022-03-30,565.5142211914062,0.018675565698765384,701.7184448242188,0.003289479425373054,0.01538608627339233,0.01538608627339233,0.011422140651693483,0.01881409771128089,1,1,0.0,10,0.2185610507840572,80.0,-10.0,-45241.1376953125,7017.1844482421875,-829.4140625,23.0072021484375,Live,0.0,0.0,0.0,0.01881409771128089,52258.32214355469,-806.4068603515625,-0.015431166315220497,0,0.0
2022-03-31,562.6865844726562,-0.005000116023241352,694.0493774414062,-0.010928980760557927,0.005928864737316575,0.005928864737316575,0.011429107959518346,0.018832894499855635,1,1,0.0,10,2.6960217262033055,80.0,-10.0,-45014.9267578125,6940.4937744140625,-603.203125,-53.6834716796875,Live,0.0,0.0,0.0,0.018832894499855635,51955.42053222656,-656.8865966796875,-0.01264327359783833,0,0.0
2022-04-01,555.1465454101562,-0.0134000690092273,690.21484375,-0.005524871595652403,-0.007875197413574897,0.007875197413574897,0.011474857837302248,0.018837888040381116,0,0,-1.0,10,0.5126155868126703,80.0,-10.0,-44411.7236328125,6902.1484375,0.0,-92.02880859375,Closed,-44411.7236328125,6902.1484375,-92.02880859375,0.018837888040381116,51313.8720703125,-92.02880859375,-0.0017934489228886902,0,-92.02880859375
2022-04-02,555.1465454101562,0.0,690.21484375,0.0,0.0,0.0,0.011471442007333469,0.018829190341053004,1,0,0.0,10,,0.0,0.0,0.0,0.0,0.0,0.0,,0.0,0.0,0.0,0.018829190341053004,0.0,0.0,0.0,0,0.0
2022-04-03,555.1465454101562,0.0,690.21484375,0.0,0.0,0.0,0.011471442007333469,0.018709759343954635,1,0,0.0,10,,0.0,0.0,0.0,0.0,0.0,0.0,,0.0,0.0,0.0,0.018709759343954635,0.0,0.0,0.0,0,0.0
2022-04-04,555.1465454101562,0.0,690.21484375,0.0,0.0,0.0,0.01147045451229915,0.01870708877923872,1,0,0.0,10,,0.0,0.0,0.0,0.0,0.0,0.0,,0.0,0.0,0.0,0.01870708877923872,0.0,0.0,0.0,0,0.0
2022-04-05,555.1465454101562,0.0,690.21484375,0.0,0.0,0.0,0.011411698856010321,0.01839265860095326,1,0,0.0,10,,0.0,0.0,0.0,0.0,0.0,0.0,,0.0,0.0,0.0,0.01839265860095326,0.0,0.0,0.0,0,0.0
2022-04-06,544.7786254882812,-0.018676005475662172,676.4105224609375,-0.02000003537168571,0.0013240298960235375,0.0013240298960235375,0.011479543614172529,0.018453399208221286,1,0,0.0,10,1.3296491692580439,0.0,0.0,0.0,0.0,0.0,0.0,,0.0,0.0,0.0,0.018453399208221286,0.0,0.0,0.0,0,0.0
2022-04-07,533.4683837890625,-0.020761170079096725,651.8695068359375,-0.036281244614164376,0.015520074535067652,0.015520074535067652,0.011584844743118803,0.018650443764747525,1,0,0.0,10,2.1354152055637576,0.0,0.0,0.0,0.0,0.0,0.0,,0.0,0.0,0.0,0.018650443764747525,0.0,0.0,0.0,0,0.0
2022-04-08,534.4108276367188,0.0017666348677729538,644.2005004882812,-0.01176463428222052,0.013531269149993475,0.013531269149993475,0.011585566029771609,0.018670321121809334,1,0,0.0,10,8.027446919328266,0.0,0.0,0.0,0.0,0.0,0.0,,0.0,0.0,0.0,0.018670321121809334,0.0,0.0,0.0,0,0.0
2022-04-09,534.4108276367188,0.0,644.2005004882812,0.0,0.0,0.0,0.011585566029771609,0.018670321121809334,1,0,0.0,10,,0.0,0.0,0.0,0.0,0.0,0.0,,0.0,0.0,0.0,0.018670321121809334,0.0,0.0,0.0,0,0.0
2022-04-10,534.4108276367188,0.0,644.2005004882812,0.0,0.0,0.0,0.011585566029771609,0.018576030210357967,1,0,0.0,10,,0.0,0.0,0.0,0.0,0.0,0.0,,0.0,0.0,0.0,0.018576030210357967,0.0,0.0,0.0,0,0.0
2022-04-11,525.92822265625,-0.01587281645841776,641.1329345703125,-0.004761818588535194,-0.011110997869882566,0.011110997869882566,0.011634611339537358,0.01846009076460294,0,0,0.0,10,0.36571305322684444,0.0,0.0,0.0,0.0,0.0,0.0,,0.0,0.0,0.0,0.01846009076460294,0.0,0.0,0.0,0,0.0
2022-04-12,524.9857177734375,-0.0017920789229608491,645.7343139648438,0.007176950592337139,-0.008969029515297988,0.008969029515297988,0.011632379120034024,0.01836820197888056,0,0,0.0,10,4.925940945777707,0.0,0.0,0.0,0.0,0.0,0.0,,0.0,0.0,0.0,0.01836820197888056,0.0,0.0,0.0,0,0.0
2022-04-13,540.0661010742188,0.028725321071094934,674.8767700195312,0.04513072237984583,-0.0164054013087509,0.0164054013087509,0.011291573543194667,0.018612142180651804,0,0,0.0,10,1.9632922609977301,0.0,0.0,0.0,0.0,0.0,0.0,,0.0,0.0,0.0,0.018612142180651804,0.0,0.0,0.0,0,0.0
2022-04-14,540.0661010742188,0.0,660.3055419921875,-0.021590946191438865,0.021590946191438865,0.021590946191438865,0.011291573543194667,0.018683646221922767,1,0,0.0,10,inf,0.0,0.0,0.0,0.0,0.0,0.0,,0.0,0.0,0.0,0.018683646221922767,0.0,0.0,0.0,0,0.0
2022-04-15,529.6983032226562,-0.019197275724102014,638.0653076171875,-0.03368173210828984,0.014484456384187827,0.014484456384187827,0.011380558375892216,0.01885354400453054,1,0,0.0,10,2.1134470188131607,0.0,0.0,0.0,0.0,0.0,0.0,,0.0,0.0,0.0,0.01885354400453054,0.0,0.0,0.0,0,0.0
2022-04-16,529.6983032226562,0.0,638.0653076171875,0.0,0.0,0.0,0.011313819350898365,0.01883329017093014,1,0,0.0,10,,0.0,0.0,0.0,0.0,0.0,0.0,,0.0,0.0,0.0,0.01883329017093014,0.0,0.0,0.0,0,0.0
2022-04-17,529.6983032226562,0.0,638.0653076171875,0.0,0.0,0.0,0.011240978914546488,0.018641077475402033,1,0,0.0,10,,0.0,0.0,0.0,0.0,0.0,0.0,,0.0,0.0,0.0,0.018641077475402033,0.0,0.0,0.0,0,0.0
2022-04-18,528.755859375,-0.0017792087343351248,638.8321533203125,0.0012018294898192838,-0.0029810382241544087,0.0029810382241544087,0.011239192203053028,0.018639456542874702,0,0,0.0,10,0.8161077987880534,0.0,0.0,0.0,0.0,0.0,0.0,,0.0,0.0,0.0,0.018639456542874702,0.0,0.0,0.0,0,0.0
2022-04-19,532.5258178710938,0.007129866136235119,642.6666870117188,0.006002411856504741,0.0011274542797303777,0.0011274542797303777,0.011250135092929997,0.01861763836596908,1,0,0.0,10,1.015990239683543,0.0,0.0,0.0,0.0,0.0,0.0,,0.0,0.0,0.0,0.01861763836596908,0.0,0.0,0.0,0,0.0
2022-04-20,537.238525390625,0.00884972589380073,656.4710083007812,0.021479752363157356,-0.012630026469356626,0.012630026469356626,0.01125857960294669,0.018657018030562363,0,0,0.0,10,2.965840924536537,0.0,0.0,0.0,0.0,0.0,0.0,,0.0,0.0,0.0,0.018657018030562363,0.0,0.0,0.0,0,0.0
2022-04-21,532.5258178710938,-0.008772095255277224,665.6739501953125,0.014018809327699389,-0.022790904582976612,0.022790904582976612,0.01127681415487144,0.018687360808771827,0,1,1.0,10,1.9976927058283611,20.0,-10.0,-10650.516357421875,6656.739501953125,0.0,0.0,Opened,-10650.516357421875,6656.739501953125,0.0,0.018687360808771827,17307.255859375,0.0,0.0,0,0.0
2022-04-22,525.92822265625,-0.012389249485065923,654.9371948242188,-0.016129150566795536,0.003739901081729613,0.003739901081729613,0.011313227789176884,0.01872509624875739,1,0,-1.0,10,1.6212115014766215,-20.0,10.0,10518.564453125,-6549.3719482421875,-131.951904296875,107.3675537109375,Closed,10518.564453125,-6549.3719482421875,-24.5843505859375,0.01872509624875739,17067.936401367188,-24.5843505859375,-0.0014403821298495246,0,-24.5843505859375
2022-04-23,525.92822265625,0.0,654.9371948242188,0.0,0.0,0.0,0.011281039359041518,0.018698822276139743,1,0,0.0,10,,0.0,0.0,0.0,0.0,0.0,0.0,,0.0,0.0,0.0,0.018698822276139743,0.0,0.0,0.0,0,0.0
2022-04-24,525.92822265625,0.0,654.9371948242188,0.0,0.0,0.0,0.01125440564142481,0.01868700651208108,1,0,0.0,10,,0.0,0.0,0.0,0.0,0.0,0.0,,0.0,0.0,0.0,0.01868700651208108,0.0,0.0,0.0,0,0.0
2022-04-25,515.5604248046875,-0.01971333236158912,641.8998413085938,-0.019906265239866494,0.00019293287827737426,0.00019293287827737426,0.011347218710318083,0.018741432037114966,1,0,0.0,10,1.2572378228563548,0.0,0.0,0.0,0.0,0.0,0.0,,0.0,0.0,0.0,0.018741432037114966,0.0,0.0,0.0,0,0.0
2022-04-26,514.617919921875,-0.0018281172050192973,638.8321533203125,-0.004779075785448672,0.0029509585804293748,0.0029509585804293748,0.011337953324070834,0.018739015551209045,1,0,0.0,10,3.245202061344121,0.0,0.0,0.0,0.0,0.0,0.0,,0.0,0.0,0.0,0.018739015551209045,0.0,0.0,0.0,0,0.0
2022-04-27,495.7674560546875,-0.03663001838344304,619.6595458984375,-0.03001196374075088,-0.006618054642692162,0.006618054642692162,0.01164096535180874,0.018782431082872284,0,0,0.0,10,1.0240765138454861,0.0,0.0,0.0,0.0,0.0,0.0,,0.0,0.0,0.0,0.018782431082872284,0.0,0.0,0.0,0,0.0
2022-04-28,500.4800720214844,0.009505698506916627,634.9976196289062,0.024752420634834627,-0.015246722127918,0.015246722127918,0.011664862804065937,0.01887651230920163,0,0,0.0,10,3.303839557833697,0.0,0.0,0.0,0.0,0.0,0.0,,0.0,0.0,0.0,0.01887651230920163,0.0,0.0,0.0,0,0.0
2022-04-29,507.0777587890625,0.013182716228699043,636.531494140625,0.002415559467160211,0.010767156761538832,0.010767156761538832,0.011709096093712026,0.018877632453105544,1,0,0.0,10,0.23001606226516744,0.0,0.0,0.0,0.0,0.0,0.0,,0.0,0.0,0.0,0.018877632453105544,0.0,0.0,0.0,0,0.0
2022-04-30,507.0777587890625,0.0,636.531494140625,0.0,0.0,0.0,0.011709096093712026,0.018862139595786694,1,0,0.0,10,,0.0,0.0,0.0,0.0,0.0,0.0,,0.0,0.0,0.0,0.018862139595786694,0.0,0.0,0.0,0,0.0
2022-05-01,507.0777587890625,0.0,636.531494140625,0.0,0.0,0.0,0.011705706374103744,0.01885504715211114,1,0,0.0,10,,0.0,0.0,0.0,0.0,0.0,0.0,,0.0,0.0,0.0,0.01885504715211114,0.0,0.0,0.0,0,0.0
2022-05-02,507.0777587890625,0.0,636.531494140625,0.0,0.0,0.0,0.011705706374103744,0.01885171294960725,1,0,0.0,10,,0.0,0.0,0.0,0.0,0.0,0.0,,0.0,0.0,0.0,0.01885171294960725,0.0,0.0,0.0,0,0.0
2022-05-03,500.4800720214844,-0.01301119335885259,628.8624267578125,-0.012048213565876154,-0.0009629797929764372,0.0009629797929764372,0.011728138559953444,0.018869360329155375,0,0,0.0,10,1.1635214229758037,0.0,0.0,0.0,0.0,0.0,0.0,,0.0,0.0,0.0,0.018869360329155375,0.0,0.0,0.0,0,0.0
2022-05-04,503.3076171875,0.005649665839031037,635.7645263671875,0.010975531874212408,-0.00532586603518137,0.00532586603518137,0.011614590527248463,0.0188621401029578,0,0,0.0,10,2.453949396670429,0.0,0.0,0.0,0.0,0.0,0.0,,0.0,0.0,0.0,0.0188621401029578,0.0,0.0,0.0,0,0.0
2022-05-05,510.8478088378906,0.014981278631397421,644.9674072265625,0.014475297814996235,0.0005059808164011859,0.0005059808164011859,0.011671925824295933,0.0188952033847129,1,0,0.0,10,1.2199017657728943,0.0,0.0,0.0,0.0,0.0,0.0,,0.0,0.0,0.0,0.0188952033847129,0.0,0.0,0.0,0,0.0
2022-05-06,497.6524658203125,-0.025830282110039238,639.59912109375,-0.00832334482744912,-0.017506937282590118,0.017506937282590118,0.011824228843579972,0.018904300929528058,0,0,0.0,10,0.41414310564681484,0.0,0.0,0.0,0.0,0.0,0.0,,0.0,0.0,0.0,0.018904300929528058,0.0,0.0,0.0,0,0.0
2022-05-07,497.6524658203125,0.0,639.59912109375,0.0,0.0,0.0,0.011820663898822845,0.018627097626476196,1,0,0.0,10,,0.0,0.0,0.0,0.0,0.0,0.0,,0.0,0.0,0.0,0.018627097626476196,0.0,0.0,0.0,0,0.0
2022-05-08,497.6524658203125,0.0,639.59912109375,0.0,0.0,0.0,0.011763132106072159,0.01862691240368353,1,0,0.0,10,,0.0,0.0,0.0,0.0,0.0,0.0,,0.0,0.0,0.0,0.01862691240368353,0.0,0.0,0.0,0,0.0
2022-05-09,490.1123352050781,-0.015151398080195388,623.4940795898438,-0.025179899366287062,0.010028501286091673,0.010028501286091673,0.011811045353433136,0.01865822323821457,1,0,0.0,10,2.114160635534006,0.0,0.0,0.0,0.0,0.0,0.0,,0.0,0.0,0.0,0.01865822323821457,0.0,0.0,0.0,0,0.0
2022-05-10,488.2272644042969,-0.003846201503972524,628.8624267578125,0.008610101272333193,-0.012456302776305717,0.012456302776305717,0.011793958447011825,0.01866939918837508,0,0,0.0,10,2.883432872151475,0.0,0.0,0.0,0.0,0.0,0.0,,0.0,0.0,0.0,0.01866939918837508,0.0,0.0,0.0,0,0.0
2022-05-11,491.0549011230469,0.005791640338234982,635.7645263671875,0.010975531874212408,-0.005183891535977425,0.005183891535977425,0.01180243829123579,0.01854455650882662,0,0,0.0,10,2.4535235622766645,0.0,0.0,0.0,0.0,0.0,0.0,,0.0,0.0,0.0,0.01854455650882662,0.0,0.0,0.0,0,0.0
2022-05-12,475.9744873046875,-0.0307102399016288,628.8624267578125,-0.01085637735847611,-0.01985386254315269,0.01985386254315269,0.012012382374225292,0.018559669102945115,0,1,1.0,10,0.4670610960142887,5.0,-10.0,-2379.8724365234375,6288.624267578125,0.0,0.0,Opened,-2379.8724365234375,6288.624267578125,0.0,0.018559669102945115,8668.496704101562,0.0,0.0,0,0.0
2022-05-13,481.6296081542969,0.01188114279324659,646.501220703125,0.028048732433024748,-0.016167589639778157,0.016167589639778157,0.012049770592075723,0.01868405515755206,0,1,0.0,10,3.1689194203611226,-5.0,10.0,2408.1480407714844,-6465.01220703125,28.275604248046875,-176.387939453125,Live,0.0,0.0,0.0,0.01868405515755206,8873.160247802734,-148.11233520507812,-0.016692174047206604,0,0.0
2022-05-14,481.6296081542969,0.0,646.501220703125,0.0,0.0,0.0,0.012037074379842303,0.01839875525274448,1,0,-1.0,10,,-5.0,10.0,2408.1480407714844,-6465.01220703125,28.275604248046875,-176.387939453125,Closed,2408.1480407714844,-6465.01220703125,-148.11233520507812,0.01839875525274448,8873.160247802734,-148.11233520507812,-0.016692174047206604,0,-148.11233520507812
2022-05-15,481.6296081542969,0.0,646.501220703125,0.0,0.0,0.0,0.01203326563336336,0.018381499523969898,1,0,0.0,10,,0.0,0.0,0.0,0.0,0.0,0.0,,0.0,0.0,0.0,0.018381499523969898,0.0,0.0,0.0,0,0.0
2022-05-16,490.1123352050781,0.017612553105463835,632.6969604492188,-0.021352257059766955,0.03896481016523079,0.03896481016523079,0.012111637265515075,0.018442028145635146,1,1,1.0,10,1.5650261144989608,-16.0,10.0,7841.79736328125,-6326.9696044921875,0.0,0.0,Opened,7841.79736328125,-6326.9696044921875,0.0,0.018442028145635146,14168.766967773438,0.0,0.0,0,0.0
2022-05-17,499.53753662109375,0.019230696187378715,644.9674072265625,0.01939387660189107,-0.00016318041451235388,0.00016318041451235388,0.01219581687164202,0.018051052192205513,0,0,-1.0,10,1.3020847781609488,16.0,-10.0,-7992.6005859375,6449.674072265625,-150.80322265625,122.7044677734375,Closed,-7992.6005859375,6449.674072265625,-28.0987548828125,0.018051052192205513,14442.274658203125,-28.0987548828125,-0.001945590673755299,0,-28.0987548828125
2022-05-18,507.0777587890625,0.0150944055555291,655.7041015625,0.016646878920760555,-0.0015524733652314548,0.0015524733652314548,0.012234804352837381,0.0180951348837452,0,0,0.0,10,1.426100540487139,0.0,0.0,0.0,0.0,0.0,0.0,,0.0,0.0,0.0,0.0180951348837452,0.0,0.0,0.0,0,0.0
2022-05-19,491.9974060058594,-0.02973972437524386,648.0350341796875,-0.011695927117944871,-0.018043797257298988,0.018043797257298988,0.012425399384891908,0.01811184696012789,0,0,0.0,10,0.5180043258458936,0.0,0.0,0.0,0.0,0.0,0.0,,0.0,0.0,0.0,0.01811184696012789,0.0,0.0,0.0,0,0.0
2022-05-20,499.53753662109375,0.01532554953174814,648.802001953125,0.0011835282553949167,0.014142021276353223,0.014142021276353223,0.012483337402422254,0.018112518147634073,1,0,0.0,10,0.10030131526333697,0.0,0.0,0.0,0.0,0.0,0.0,,0.0,0.0,0.0,0.018112518147634073,0.0,0.0,0.0,0,0.0
2022-05-21,499.53753662109375,0.0,648.802001953125,0.0,0.0,0.0,0.012479604913657334,0.018102982072690302,1,0,0.0,10,,0.0,0.0,0.0,0.0,0.0,0.0,,0.0,0.0,0.0,0.018102982072690302,0.0,0.0,0.0,0,0.0
2022-05-22,499.53753662109375,0.0,648.802001953125,0.0,0.0,0.0,0.012475767185953522,0.018028207532652944,1,0,0.0,10,,0.0,0.0,0.0,0.0,0.0,0.0,,0.0,0.0,0.0,0.018028207532652944,0.0,0.0,0.0,0,0.0
2022-05-23,497.6524658203125,-0.0037736319347130287,646.501220703125,-0.003546199369104608,-0.00022743256560842084,0.00022743256560842084,0.012433588913861987,0.01800223658145341,0,0,0.0,10,1.2208064035296395,0.0,0.0,0.0,0.0,0.0,0.0,,0.0,0.0,0.0,0.01800223658145341,0.0,0.0,0.0,0,0.0
2022-05-24,490.1123352050781,-0.015151398080195388,636.531494140625,-0.015421048318605024,0.00026965023840963553,0.00026965023840963553,0.012480648945909277,0.01803211844896397,1,0,0.0,10,1.3218599747434834,0.0,0.0,0.0,0.0,0.0,0.0,,0.0,0.0,0.0,0.01803211844896397,0.0,0.0,0.0,0,0.0
2022-05-25,493.88238525390625,0.007692216208454727,646.501220703125,0.015662581748543403,-0.007970365540088675,0.007970365540088675,0.012469241325382218,0.017952796645814045,0,0,0.0,10,2.665371075081925,0.0,0.0,0.0,0.0,0.0,0.0,,0.0,0.0,0.0,0.017952796645814045,0.0,0.0,0.0,0,0.0
2022-05-26,484.4571838378906,-0.01908389871238292,638.8321533203125,-0.011862417482323862,-0.007221481230059057,0.007221481230059057,0.012545142464795782,0.01797154877997948,0,0,0.0,10,0.8196670325894178,0.0,0.0,0.0,0.0,0.0,0.0,,0.0,0.0,0.0,0.01797154877997948,0.0,0.0,0.0,0,0.0
2022-05-27,499.53753662109375,0.031128350009666406,652.6365356445312,0.02160877822518925,0.009519571784477154,0.009519571784477154,0.012767303702889848,0.018049473836801565,1,0,0.0,10,0.9069375136340303,0.0,0.0,0.0,0.0,0.0,0.0,,0.0,0.0,0.0,0.018049473836801565,0.0,0.0,0.0,0,0.0
2022-05-28,499.53753662109375,0.0,652.6365356445312,0.0,0.0,0.0,0.01276286904694869,0.017947024924482365,1,0,0.0,10,,0.0,0.0,0.0,0.0,0.0,0.0,,0.0,0.0,0.0,0.017947024924482365,0.0,0.0,0.0,0,0.0
2022-05-29,499.53753662109375,0.0,652.6365356445312,0.0,0.0,0.0,0.012756149432545907,0.01789337415175179,1,0,0.0,10,,0.0,0.0,0.0,0.0,0.0,0.0,,0.0,0.0,0.0,0.01789337415175179,0.0,0.0,0.0,0,0.0
2022-05-30,515.5604248046875,0.03207544380343008,673.343017578125,0.03172743296258229,0.00034801084084779,0.00034801084084779,0.012974675991865494,0.017578765550360927,1,0,0.0,10,1.2918707021478972,0.0,0.0,0.0,0.0,0.0,0.0,,0.0,0.0,0.0,0.017578765550360927,0.0,0.0,0.0,0,0.0
2022-05-31,527.8132934570312,0.023766115595442727,694.0493774414062,0.030751577313087308,-0.006985461717644581,0.006985461717644581,0.012961512470237656,0.017701697878077443,0,0,0.0,10,1.7014501768779877,0.0,0.0,0.0,0.0,0.0,0.0,,0.0,0.0,0.0,0.017701697878077443,0.0,0.0,0.0,0,0.0
2022-06-01,517.445556640625,-0.019642811094242152,694.0493774414062,0.0,-0.019642811094242152,0.019642811094242152,0.013015183142266797,0.017652037534475425,0,0,0.0,10,0.0,0.0,0.0,0.0,0.0,0.0,0.0,,0.0,0.0,0.0,0.017652037534475425,0.0,0.0,0.0,0,0.0
2022-06-02,508.9627380371094,-0.016393644692956788,688.6810913085938,-0.007734732293259272,-0.008658912399697516,0.008658912399697516,0.01306940423069532,0.01765968146126309,0,0,0.0,10,0.638413319950039,0.0,0.0,0.0,0.0,0.0,0.0,,0.0,0.0,0.0,0.01765968146126309,0.0,0.0,0.0,0,0.0
2022-06-03,508.9627380371094,0.0,688.6810913085938,0.0,0.0,0.0,0.01306940423069532,0.01765968146126309,1,0,0.0,10,,0.0,0.0,0.0,0.0,0.0,0.0,,0.0,0.0,0.0,0.01765968146126309,0.0,0.0,0.0,0,0.0
2022-06-04,508.9627380371094,0.0,688.6810913085938,0.0,0.0,0.0,0.013035081849446798,0.017565244863481856,1,0,0.0,10,,0.0,0.0,0.0,0.0,0.0,0.0,,0.0,0.0,0.0,0.017565244863481856,0.0,0.0,0.0,0,0.0
2022-06-05,508.9627380371094,0.0,688.6810913085938,0.0,0.0,0.0,0.013003475934853424,0.017516098145288043,1,0,0.0,10,,0.0,0.0,0.0,0.0,0.0,0.0,,0.0,0.0,0.0,0.017516098145288043,0.0,0.0,0.0,0,0.0
2022-06-06,508.9627380371094,0.0,694.0493774414062,0.0077950247227087655,-0.0077950247227087655,0.0077950247227087655,0.012990627258652214,0.017393289996687298,0,0,0.0,10,inf,0.0,0.0,0.0,0.0,0.0,0.0,,0.0,0.0,0.0,0.017393289996687298,0.0,0.0,0.0,0,0.0
2022-06-07,504.25018310546875,-0.009259135452263756,682.5457763671875,-0.01657461478695721,0.007315479334693453,0.007315479334693453,0.012983398659604925,0.017421773205797485,1,0,0.0,10,2.423029631533068,0.0,0.0,0.0,0.0,0.0,0.0,,0.0,0.0,0.0,0.017421773205797485,0.0,0.0,0.0,0,0.0
2022-06-08,512.7328491210938,0.01682233601460248,713.2220458984375,0.044943900604766496,-0.028121564590164017,0.028121564590164017,0.013043708761580845,0.017742923953421974,0,1,1.0,10,3.716362546907463,38.0,-10.0,-19483.848266601562,7132.220458984375,0.0,0.0,Opened,-19483.848266601562,7132.220458984375,0.0,0.017742923953421974,26616.068725585938,0.0,0.0,0,0.0
2022-06-09,509.9053649902344,-0.005514536733322473,708.6204833984375,-0.006451795098682767,0.0009372583653602939,0.0009372583653602939,0.013049114330378786,0.017748123977085233,1,0,-1.0,10,1.6259068199927682,-38.0,10.0,19376.403869628906,-7086.204833984375,-107.44439697265625,46.015625,Closed,19376.403869628906,-7086.204833984375,-61.42877197265625,0.017748123977085233,26462.60870361328,-61.42877197265625,-0.0023213422629896874,0,-61.42877197265625
2022-06-10,499.53753662109375,-0.020332848173384432,713.2220458984375,0.0064936910628543565,-0.02682653923623879,0.02682653923623879,0.013132644936931604,0.017756119360695998,0,1,1.0,10,0.4559844540919128,5.0,-10.0,-2497.6876831054688,7132.220458984375,0.0,0.0,Opened,-2497.6876831054688,7132.220458984375,0.0,0.017756119360695998,9629.908142089844,0.0,0.0,0,0.0
2022-06-11,499.53753662109375,0.0,713.2220458984375,0.0,0.0,0.0,0.013124971314272421,0.017756119360695998,1,0,-1.0,10,,-5.0,10.0,2497.6876831054688,-7132.220458984375,0.0,0.0,Closed,2497.6876831054688,-7132.220458984375,0.0,0.017756119360695998,9629.908142089844,0.0,0.0,0,0.0
2022-06-12,499.53753662109375,0.0,713.2220458984375,0.0,0.0,0.0,0.01312339408858109,0.017753644801100556,1,0,0.0,10,,0.0,0.0,0.0,0.0,0.0,0.0,,0.0,0.0,0.0,0.017753644801100556,0.0,0.0,0.0,0,0.0
2022-06-13,486.34222412109375,-0.026415056993021935,680.2450561523438,-0.04623663827518543,0.019821581282163492,0.019821581282163492,0.013263170088118545,0.018065121040242712,1,1,1.0,10,2.4482632627456327,-25.0,10.0,12158.555603027344,-6802.4505615234375,0.0,0.0,Opened,12158.555603027344,-6802.4505615234375,0.0,0.018065121040242712,18961.00616455078,0.0,0.0,0,0.0
2022-06-14,483.5146789550781,-0.0058139002245291005,674.8767700195312,-0.007891694447846542,0.002077794223317442,0.002077794223317442,0.01322885290239308,0.017940086953949202,1,1,0.0,10,1.894599872242664,25.0,-10.0,-12087.866973876953,6748.7677001953125,70.68862915039062,-53.682861328125,Live,0.0,0.0,0.0,0.017940086953949202,18836.634674072266,17.005767822265625,0.0009028028687987062,0,0.0
2022-06-15,479.7445373535156,-0.007797367413353684,677.9443359375,0.004545371917127783,-0.012342739330481467,0.012342739330481467,0.01323547827332247,0.017919374558832923,0,0,-1.0,10,0.8237689609534508,25.0,-10.0,-11993.61343383789,6779.443359375,164.94216918945312,-23.0072021484375,Closed,-11993.61343383789,6779.443359375,141.93496704101562,0.017919374558832923,18773.05679321289,141.93496704101562,0.007560567711718106,0,141.93496704101562
2022-06-16,481.4029235839844,0.0034568110761972193,669.5083618164062,-0.012443461319620042,0.01590027239581726,0.01590027239581726,0.013239245215892667,0.017939772893174066,1,0,0.0,10,5.0062535262747625,0.0,0.0,0.0,0.0,0.0,0.0,,0.0,0.0,0.0,0.017939772893174066,0.0,0.0,0.0,0,0.0
2022-06-17,474.7694091796875,-0.013779547400566639,637.2984008789062,-0.04810987102552822,0.03433032362496158,0.03433032362496158,0.013274130001600317,0.018280020733185454,1,1,1.0,10,4.6866156670295975,-47.0,10.0,22314.162231445312,-6372.9840087890625,0.0,0.0,Opened,22314.162231445312,-6372.9840087890625,0.0,0.018280020733185454,28687.146240234375,0.0,0.0,0,0.0
2022-06-18,474.7694091796875,0.0,637.2984008789062,0.0,0.0,0.0,0.01323329345835479,0.018233955660291234,1,1,0.0,10,,47.0,-10.0,-22314.162231445312,6372.9840087890625,0.0,0.0,Live,0.0,0.0,0.0,0.018233955660291234,28687.146240234375,0.0,0.0,0,0.0
2022-06-19,474.7694091796875,0.0,637.2984008789062,0.0,0.0,0.0,0.013233291684488174,0.018051722245286374,1,1,0.0,10,,47.0,-10.0,-22314.162231445312,6372.9840087890625,0.0,0.0,Live,0.0,0.0,0.0,0.018051722245286374,28687.146240234375,0.0,0.0,0,0.0
2022-06-20,471.926513671875,-0.005987950050793112,644.2005004882812,0.01083024780833619,-0.016818197859129302,0.016818197859129302,0.01323153314251615,0.018072809424513624,0,0,-1.0,10,2.468919360795688,47.0,-10.0,-22180.546142578125,6442.0050048828125,133.6160888671875,69.02099609375,Closed,-22180.546142578125,6442.0050048828125,202.6370849609375,0.018072809424513624,28622.551147460938,202.6370849609375,0.007079630460505374,0,202.6370849609375
2022-06-21,478.5600280761719,0.014056244377295357,665.6739501953125,0.033333488084463125,-0.019277243707167768,0.019277243707167768,0.013253620582949785,0.018239521472290635,0,1,1.0,10,3.298652777837636,33.0,-10.0,-15792.480926513672,6656.739501953125,0.0,0.0,Opened,-15792.480926513672,6656.739501953125,0.0,0.018239521472290635,22449.220428466797,0.0,0.0,0,0.0
2022-06-22,468.6097717285156,-0.02079207573531916,618.8926391601562,-0.07027661368066207,0.04948453794534291,0.04948453794534291,0.013335430200476813,0.018865868511666016,1,0,-1.0,10,4.463925676511945,-33.0,10.0,15464.122467041016,-6188.9263916015625,-328.35845947265625,467.8131103515625,Closed,15464.122467041016,-6188.9263916015625,139.45465087890625,0.018865868511666016,21653.048858642578,139.45465087890625,0.006440416395368011,0,139.45465087890625
2022-06-23,460.0809631347656,-0.01820023633372092,580.9505004882812,-0.061306495296765684,0.04310625896304476,0.04310625896304476,0.01339693161196259,0.01938239851521225,1,1,1.0,10,4.253381409859508,-43.0,10.0,19783.481414794922,-5809.5050048828125,0.0,0.0,Opened,19783.481414794922,-5809.5050048828125,0.0,0.01938239851521225,25592.986419677734,0.0,0.0,0,0.0
2022-06-24,461.0285949707031,0.002059706686146745,564.9301147460938,-0.027576163078820937,0.02963586976496768,0.02963586976496768,0.013398726630078033,0.019475407416965452,1,1,0.0,10,16.40572106240857,43.0,-10.0,-19824.229583740234,5649.3011474609375,-40.7481689453125,-160.203857421875,Live,0.0,0.0,0.0,0.019475407416965452,25473.530731201172,-200.9520263671875,-0.007888660134617776,0,0.0
2022-06-25,461.0285949707031,0.0,564.9301147460938,0.0,0.0,0.0,0.013394972273670192,0.01938969176542962,1,1,0.0,10,,43.0,-10.0,-19824.229583740234,5649.3011474609375,-40.7481689453125,-160.203857421875,Live,0.0,0.0,0.0,0.01938969176542962,25473.530731201172,-200.9520263671875,-0.007888660134617776,0,0.0
2022-06-26,461.0285949707031,0.0,564.9301147460938,0.0,0.0,0.0,0.0133419688939702,0.019272840785192,1,1,0.0,10,,43.0,-10.0,-19824.229583740234,5649.3011474609375,-40.7481689453125,-160.203857421875,Live,0.0,0.0,0.0,0.019272840785192,25473.530731201172,-200.9520263671875,-0.007888660134617776,0,0.0
2022-06-27,472.4002990722656,0.024665940953803922,571.6754760742188,0.011940169504252252,0.01272577144955167,0.01272577144955167,0.013478621866013283,0.019285383088279748,1,1,0.0,10,0.5858038246527039,43.0,-10.0,-20313.212860107422,5716.7547607421875,-529.7314453125,-92.750244140625,Live,0.0,0.0,0.0,0.019285383088279748,26029.96762084961,-622.481689453125,-0.023914040098710173,1,-622.481689453125
2022-06-28,471.4526672363281,-0.0020059933022873455,548.90966796875,-0.03982295735651453,0.03781696405422719,0.03781696405422719,0.013478746614417496,0.01947953052761471,1,1,0.0,10,23.11355848266874,43.0,-10.0,-20272.46469116211,5489.0966796875,-488.9832763671875,-320.4083251953125,Live,0.0,0.0,0.0,0.01947953052761471,25761.56137084961,-809.3916015625,-0.03141857707733366,1,0.0
2022-06-29,465.29302978515625,-0.01306522982949676,557.3414306640625,0.01536092947044354,-0.0284261592999403,0.0284261592999403,0.013508318231811688,0.01952471211659386,0,0,-1.0,10,1.4083001406788231,43.0,-10.0,-20007.60028076172,5573.414306640625,-224.11886596679688,-236.0906982421875,Closed,-20007.60028076172,5573.414306640625,-460.2095642089844,0.01952471211659386,25581.014587402344,-460.2095642089844,-0.01799027801014662,0,0.0
2022-06-30,451.0783386230469,-0.030549976578572058,548.90966796875,-0.015128541018861963,-0.015421435559710095,0.015421435559710095,0.013685155778903106,0.019546246636142527,0,0,0.0,10,0.6026082504322263,0.0,0.0,0.0,0.0,0.0,0.0,,0.0,0.0,0.0,0.019546246636142527,0.0,0.0,0.0,0,0.0
2022-07-01,429.7563171386719,-0.04726899888268232,516.0256958007812,-0.059907802844239355,0.012638803961557032,0.012638803961557032,0.014107618614194116,0.02000586809824959,1,0,0.0,10,1.5217946266790177,0.0,0.0,0.0,0.0,0.0,0.0,,0.0,0.0,0.0,0.02000586809824959,0.0,0.0,0.0,0,0.0
2022-07-02,429.7563171386719,0.0,516.0256958007812,0.0,0.0,0.0,0.013956240674458189,0.019874603915984546,1,0,0.0,10,,0.0,0.0,0.0,0.0,0.0,0.0,,0.0,0.0,0.0,0.019874603915984546,0.0,0.0,0.0,0,0.0
2022-07-03,429.7563171386719,0.0,516.0256958007812,0.0,0.0,0.0,0.01360938464969802,0.01984035667896814,1,0,0.0,10,,0.0,0.0,0.0,0.0,0.0,0.0,,0.0,0.0,0.0,0.01984035667896814,0.0,0.0,0.0,0,0.0
2022-07-04,416.9631652832031,-0.029768385816050014,515.1824951171875,-0.001634028480471783,-0.02813435733557823,0.02813435733557823,0.0137567375812863,0.01982207709438976,0,1,1.0,10,0.067821555052818,1.0,-10.0,-416.9631652832031,5151.824951171875,0.0,0.0,Opened,-416.9631652832031,5151.824951171875,0.0,0.01982207709438976,5568.788116455078,0.0,0.0,0,0.0
2022-07-05,422.64898681640625,0.013636268156544062,518.5552368164062,0.006546693125610847,0.007089575030933215,0.007089575030933215,0.013795248351786188,0.01969633962352021,1,0,-1.0,10,0.5890357354439798,-1.0,10.0,422.64898681640625,-5185.5523681640625,5.685821533203125,-33.7274169921875,Closed,422.64898681640625,-5185.5523681640625,-28.041595458984375,0.01969633962352021,5608.201354980469,-28.041595458984375,-0.0050001049684283375,0,-28.041595458984375
2022-07-06,412.6987609863281,-0.023542528529473028,510.1234130859375,-0.016260222888181963,-0.007282305641291065,0.007282305641291065,0.01385233839675824,0.019609694533559707,0,0,0.0,10,0.8537200492682934,0.0,0.0,0.0,0.0,0.0,0.0,,0.0,0.0,0.0,0.019609694533559707,0.0,0.0,0.0,0,0.0
2022-07-07,433.5469055175781,0.05051661527023743,536.2620239257812,0.05123977878553143,-0.0007231635152940008,0.0007231635152940008,0.014392867162445974,0.020015330575523415,0,0,0.0,10,1.2546250491839597,0.0,0.0,0.0,0.0,0.0,0.0,,0.0,0.0,0.0,0.020015330575523415,0.0,0.0,0.0,0,0.0
2022-07-08,442.5495300292969,0.02076505309378507,548.90966796875,0.02358482137217166,-0.002819768278386592,0.002819768278386592,0.014489065949002778,0.020107540747644332,0,0,0.0,10,1.408764962240133,0.0,0.0,0.0,0.0,0.0,0.0,,0.0,0.0,0.0,0.020107540747644332,0.0,0.0,0.0,0,0.0
2022-07-09,442.5495300292969,0.0,548.90966796875,0.0,0.0,0.0,0.014441521199237025,0.020107409980087008,1,0,0.0,10,,0.0,0.0,0.0,0.0,0.0,0.0,,0.0,0.0,0.0,0.020107409980087008,0.0,0.0,0.0,0,0.0
2022-07-10,442.5495300292969,0.0,548.90966796875,0.0,0.0,0.0,0.014403595742658171,0.020089396931101164,1,0,0.0,10,,0.0,0.0,0.0,0.0,0.0,0.0,,0.0,0.0,0.0,0.020089396931101164,0.0,0.0,0.0,0,0.0
2022-07-11,437.811279296875,-0.010706712833043142,537.1051635742188,-0.02150536797468705,0.01079865514164391,0.01079865514164391,0.014372064207332395,0.020135021302433637,1,0,0.0,10,2.4641271001929024,0.0,0.0,0.0,0.0,0.0,0.0,,0.0,0.0,0.0,0.020135021302433637,0.0,0.0,0.0,0,0.0
2022-07-12,425.96575927734375,-0.027056223947805047,517.7120361328125,-0.036106760382553005,0.009050536434747958,0.009050536434747958,0.014492303943413946,0.020256244521629822,1,0,0.0,10,1.621940470666746,0.0,0.0,0.0,0.0,0.0,0.0,,0.0,0.0,0.0,0.020256244521629822,0.0,0.0,0.0,0,0.0
2022-07-13,445.8663024902344,0.04671864528888925,534.5756225585938,0.03257329412649601,0.014145351162393238,0.014145351162393238,0.014876488373559761,0.020304167516130043,1,0,0.0,10,0.8359416029568161,0.0,0.0,0.0,0.0,0.0,0.0,,0.0,0.0,0.0,0.020304167516130043,0.0,0.0,0.0,0,0.0
2022-07-14,450.13067626953125,0.00956424326189187,544.6937866210938,0.018927470007091385,-0.009363226745199515,0.009363226745199515,0.014900054582986119,0.02036426279691045,0,0,0.0,10,2.394725635192568,0.0,0.0,0.0,0.0,0.0,0.0,,0.0,0.0,0.0,0.02036426279691045,0.0,0.0,0.0,0,0.0
2022-07-15,466.71441650390625,0.03684205744832392,546.380126953125,0.0030959419282017286,0.03374611552012219,0.03374611552012219,0.01517484744577655,0.02036730280334129,1,1,1.0,10,0.09837678125767897,-1.0,10.0,466.71441650390625,-5463.80126953125,0.0,0.0,Opened,466.71441650390625,-5463.80126953125,0.0,0.02036730280334129,5930.515686035156,0.0,0.0,0,0.0
2022-07-16,466.71441650390625,0.0,546.380126953125,0.0,0.0,0.0,0.015115777633720899,0.020034562073091264,1,1,0.0,10,,1.0,-10.0,-466.71441650390625,5463.80126953125,0.0,0.0,Live,0.0,0.0,0.0,0.020034562073091264,5930.515686035156,0.0,0.0,0,0.0
2022-07-17,466.71441650390625,0.0,546.380126953125,0.0,0.0,0.0,0.014957972362671537,0.020028995937178874,1,1,0.0,10,,1.0,-10.0,-466.71441650390625,5463.80126953125,0.0,0.0,Live,0.0,0.0,0.0,0.020028995937178874,5930.515686035156,0.0,0.0,0,0.0
2022-07-18,469.557373046875,0.0060914264536007234,557.3414306640625,0.020061680815630867,-0.013970254362030143,0.013970254362030143,0.014947284447769929,0.020097007043239547,0,0,-1.0,10,3.9091377578408877,1.0,-10.0,-469.557373046875,5573.414306640625,-2.84295654296875,109.613037109375,Closed,-469.557373046875,5573.414306640625,106.77008056640625,0.020097007043239547,6042.9716796875,106.77008056640625,0.017668472769001565,0,106.77008056640625
2022-07-19,465.29302978515625,-0.009081623474567535,558.1846313476562,0.0015128979063858683,-0.010594521380953403,0.010594521380953403,0.014956436050075501,0.020091933270849714,0,0,0.0,10,0.19984691931030238,0.0,0.0,0.0,0.0,0.0,0.0,,0.0,0.0,0.0,0.020091933270849714,0.0,0.0,0.0,0,0.0
2022-07-20,469.08355712890625,0.008146537990264324,565.7732543945312,0.013595184497561918,-0.005448646507297594,0.005448646507297594,0.014936445240577594,0.020088141230315434,0,0,0.0,10,2.0128166770829012,0.0,0.0,0.0,0.0,0.0,0.0,,0.0,0.0,0.0,0.020088141230315434,0.0,0.0,0.0,0,0.0
2022-07-21,474.7694091796875,0.012121192406705283,603.7163696289062,0.0670641726869543,-0.05494298028024902,0.05494298028024902,0.014969475197125137,0.020734383087434985,0,1,1.0,10,7.035507816322687,71.0,-10.0,-33708.62805175781,6037.1636962890625,0.0,0.0,Opened,-33708.62805175781,6037.1636962890625,0.0,0.020734383087434985,39745.791748046875,0.0,0.0,0,0.0
2022-07-22,476.6647033691406,0.003992030979266037,594.4412841796875,-0.015363316146156492,0.01935534712542253,0.01935534712542253,0.014974218448930184,0.02075982701034749,1,0,-1.0,10,4.7994009643327455,-71.0,10.0,33843.193939208984,-5944.412841796875,134.56588745117188,92.7508544921875,Closed,33843.193939208984,-5944.412841796875,227.31674194335938,0.02075982701034749,39787.60678100586,227.31674194335938,0.005713254963901919,0,227.31674194335938
2022-07-23,476.6647033691406,0.0,594.4412841796875,0.0,0.0,0.0,0.014900073369701674,0.02070456655771101,1,0,0.0,10,,0.0,0.0,0.0,0.0,0.0,0.0,,0.0,0.0,0.0,0.02070456655771101,0.0,0.0,0.0,0,0.0
2022-07-24,476.6647033691406,0.0,594.4412841796875,0.0,0.0,0.0,0.014845138613735381,0.02070378846148544,1,0,0.0,10,,0.0,0.0,0.0,0.0,0.0,0.0,,0.0,0.0,0.0,0.02070378846148544,0.0,0.0,0.0,0,0.0
2022-07-25,473.3479919433594,-0.006958164517612109,580.1072998046875,-0.02411337293771665,0.01715520842010454,0.01715520842010454,0.014843172284465533,0.020763881196274397,1,0,0.0,10,4.247086061523007,0.0,0.0,0.0,0.0,0.0,0.0,,0.0,0.0,0.0,0.020763881196274397,0.0,0.0,0.0,0,0.0
2022-07-26,469.08355712890625,-0.009009090324742286,574.205078125,-0.010174362021775463,0.0011652716970331767,0.0011652716970331767,0.014854375021867048,0.020772978355736858,1,0,0.0,10,1.382429728505431,0.0,0.0,0.0,0.0,0.0,0.0,,0.0,0.0,0.0,0.020772978355736858,0.0,0.0,0.0,0,0.0
2022-07-27,475.717041015625,0.014141369455198838,570.832275390625,-0.005873864343708846,0.020015233798907683,0.020015233798907683,0.01489821857514293,0.020774761954149214,1,0,0.0,10,0.4984163211000511,0.0,0.0,0.0,0.0,0.0,0.0,,0.0,0.0,0.0,0.020774761954149214,0.0,0.0,0.0,0,0.0
2022-07-28,474.7694091796875,-0.0019920073367865054,575.0482177734375,0.0073856061834056685,-0.009377613520192174,0.009377613520192174,0.01489810248052603,0.020785675399419983,0,0,0.0,10,4.4907279513761065,0.0,0.0,0.0,0.0,0.0,0.0,,0.0,0.0,0.0,0.020785675399419983,0.0,0.0,0.0,0,0.0
2022-07-29,482.3505554199219,0.015968059638326704,575.8914184570312,0.0014663130108611977,0.014501746627465506,0.014501746627465506,0.014952472188063932,0.020786665429697867,1,0,0.0,10,0.10963579402068278,0.0,0.0,0.0,0.0,0.0,0.0,,0.0,0.0,0.0,0.020786665429697867,0.0,0.0,0.0,0,0.0
2022-07-30,482.3505554199219,0.0,575.8914184570312,0.0,0.0,0.0,0.014952472188063932,0.020786665429697867,1,0,0.0,10,,0.0,0.0,0.0,0.0,0.0,0.0,,0.0,0.0,0.0,0.020786665429697867,0.0,0.0,0.0,0,0.0
2022-07-31,482.3505554199219,0.0,575.8914184570312,0.0,0.0,0.0,0.014952472188063932,0.020786665429697867,1,0,0.0,10,,0.0,0.0,0.0,0.0,0.0,0.0,,0.0,0.0,0.0,0.020786665429697867,0.0,0.0,0.0,0,0.0
2022-08-01,477.6123962402344,-0.00982306151915302,585.1664428710938,0.01610550898451102,-0.02592857050366404,0.02592857050366404,0.014966470827440393,0.020828967842977168,0,1,1.0,10,2.008775548206127,21.0,-10.0,-10029.860321044922,5851.6644287109375,0.0,0.0,Opened,-10029.860321044922,5851.6644287109375,0.0,0.020828967842977168,15881.52474975586,0.0,0.0,0,0.0
2022-08-02,466.24066162109375,-0.023809546629566025,575.8914184570312,-0.015850232915877727,-0.007959313713688299,0.007959313713688299,0.015061406355626075,0.020855290236963808,0,1,0.0,10,0.8222710179949491,-21.0,10.0,9791.053894042969,-5758.9141845703125,-238.80642700195312,92.750244140625,Live,0.0,0.0,0.0,0.020855290236963808,15549.968078613281,-146.05618286132812,-0.009392699851404014,0,0.0
2022-08-03,474.7694091796875,0.0182925863414396,578.4208984375,0.004392286287657976,0.013900300053781622,0.013900300053781622,0.015131473105324268,0.020859945991839882,1,0,-1.0,10,0.2925342854439713,-21.0,10.0,9970.157592773438,-5784.208984375,-59.702728271484375,67.4554443359375,Closed,9970.157592773438,-5784.208984375,7.752716064453125,0.020859945991839882,15754.366577148438,7.752716064453125,0.0004920995094590707,0,7.752716064453125
2022-08-04,473.8218078613281,-0.0019959190715270747,576.734619140625,-0.002915315303147259,0.0009193962316201842,0.0009193962316201842,0.015131354425177015,0.020859712103029674,1,0,0.0,10,1.7778846491914913,0.0,0.0,0.0,0.0,0.0,0.0,,0.0,0.0,0.0,0.020859712103029674,0.0,0.0,0.0,0,0.0
2022-08-05,488.9841003417969,0.03199998866431719,604.5595092773438,0.04824556947557568,-0.016245580811258487,0.016245580811258487,0.015331769276096035,0.02118986788657469,0,0,0.0,10,1.8640258521959816,0.0,0.0,0.0,0.0,0.0,0.0,,0.0,0.0,0.0,0.02118986788657469,0.0,0.0,0.0,0,0.0
2022-08-06,488.9841003417969,0.0,604.5595092773438,0.0,0.0,0.0,0.015331881737394666,0.021108842061634582,1,0,0.0,10,,0.0,0.0,0.0,0.0,0.0,0.0,,0.0,0.0,0.0,0.021108842061634582,0.0,0.0,0.0,0,0.0
2022-08-07,488.9841003417969,0.0,604.5595092773438,0.0,0.0,0.0,0.015313536499243259,0.021108049322249144,1,0,0.0,10,,0.0,0.0,0.0,0.0,0.0,0.0,,0.0,0.0,0.0,0.021108049322249144,0.0,0.0,0.0,0,0.0
2022-08-08,485.1935119628906,-0.007751966528679821,597.8140258789062,-0.011157683064981772,0.0034057165363019504,0.0034057165363019504,0.015307428352699857,0.020969225498187388,1,0,0.0,10,1.7734267198900575,0.0,0.0,0.0,0.0,0.0,0.0,,0.0,0.0,0.0,0.020969225498187388,0.0,0.0,0.0,0,0.0
2022-08-09,483.2981872558594,-0.003906327393710551,585.1664428710938,-0.021156383859040506,0.017250056465329955,0.017250056465329955,0.015181550756399858,0.02090979441868146,1,0,0.0,10,6.557481073855212,0.0,0.0,0.0,0.0,0.0,0.0,,0.0,0.0,0.0,0.02090979441868146,0.0,0.0,0.0,0,0.0
2022-08-10,473.8218078613281,-0.019607727991568957,563.2437133789062,-0.03746409207032542,0.01785636407875646,0.01785636407875646,0.015242198052012858,0.021069906590783793,1,0,0.0,10,2.271272518627065,0.0,0.0,0.0,0.0,0.0,0.0,,0.0,0.0,0.0,0.021069906590783793,0.0,0.0,0.0,0,0.0
2022-08-11,487.08880615234375,0.027999973979455195,564.9301147460938,0.0029940882199479546,0.02500588575950724,0.02500588575950724,0.015397459491148353,0.0210728871941401,1,1,1.0,10,0.1240205183007629,-2.0,10.0,974.1776123046875,-5649.3011474609375,0.0,0.0,Opened,974.1776123046875,-5649.3011474609375,0.0,0.0210728871941401,6623.478759765625,0.0,0.0,0,0.0
2022-08-12,489.9317321777344,0.005836566124045595,576.734619140625,0.020895512712818975,-0.015058946588773381,0.015058946588773381,0.015405991773034455,0.021142786676713116,0,0,-1.0,10,4.214403111908272,2.0,-10.0,-979.8634643554688,5767.34619140625,-5.68585205078125,118.0450439453125,Closed,-979.8634643554688,5767.34619140625,112.35919189453125,0.021142786676713116,6747.209655761719,112.35919189453125,0.016652690167791532,0,112.35919189453125
2022-08-13,489.9317321777344,0.0,576.734619140625,0.0,0.0,0.0,0.015340872886177618,0.02096064076610086,1,0,0.0,10,,0.0,0.0,0.0,0.0,0.0,0.0,,0.0,0.0,0.0,0.02096064076610086,0.0,0.0,0.0,0,0.0
2022-08-14,489.9317321777344,0.0,576.734619140625,0.0,0.0,0.0,0.015335904015880425,0.0209602078292214,1,0,0.0,10,,0.0,0.0,0.0,0.0,0.0,0.0,,0.0,0.0,0.0,0.0209602078292214,0.0,0.0,0.0,0,0.0
2022-08-15,495.61761474609375,0.011605458872985697,595.2845458984375,0.03216371298371712,-0.020558254110731422,0.020558254110731422,0.015280341149648484,0.021001356363581927,0,0,0.0,10,3.328754265134334,0.0,0.0,0.0,0.0,0.0,0.0,,0.0,0.0,0.0,0.021001356363581927,0.0,0.0,0.0,0,0.0
2022-08-16,497.51287841796875,0.003824044213694755,595.2845458984375,0.0,0.003824044213694755,0.003824044213694755,0.015284509217659671,0.021001356363581927,1,0,0.0,10,0.0,0.0,0.0,0.0,0.0,0.0,0.0,,0.0,0.0,0.0,0.021001356363581927,0.0,0.0,0.0,0,0.0
2022-08-17,499.40814208984375,0.0038094766067195973,592.7550048828125,-0.004249297303371535,0.008058773910091133,0.008058773910091133,0.015264511779279127,0.020995605954285228,1,0,0.0,10,1.323949493250201,0.0,0.0,0.0,0.0,0.0,0.0,,0.0,0.0,0.0,0.020995605954285228,0.0,0.0,0.0,0,0.0
2022-08-18,492.7746887207031,-0.013282629597070605,591.9118041992188,-0.0014225112848442745,-0.011860118312226331,0.011860118312226331,0.015292316985561721,0.020995177940443067,0,0,0.0,10,0.12864125463677872,0.0,0.0,0.0,0.0,0.0,0.0,,0.0,0.0,0.0,0.020995177940443067,0.0,0.0,0.0,0,0.0
2022-08-19,491.8269958496094,-0.0019231768448864095,584.3232421875,-0.012820426891106074,0.010897250046219664,0.010897250046219664,0.01529231909847389,0.021010621068268932,1,0,0.0,10,7.919979605642811,0.0,0.0,0.0,0.0,0.0,0.0,,0.0,0.0,0.0,0.021010621068268932,0.0,0.0,0.0,0,0.0
2022-08-20,491.8269958496094,0.0,584.3232421875,0.0,0.0,0.0,0.015283764297166456,0.02099540683454235,1,0,0.0,10,,0.0,0.0,0.0,0.0,0.0,0.0,,0.0,0.0,0.0,0.02099540683454235,0.0,0.0,0.0,0,0.0
2022-08-21,491.8269958496094,0.0,584.3232421875,0.0,0.0,0.0,0.015274920452258825,0.02096273581857457,1,0,0.0,10,,0.0,0.0,0.0,0.0,0.0,0.0,,0.0,0.0,0.0,0.02096273581857457,0.0,0.0,0.0,0,0.0
2022-08-22,485.1935119628906,-0.013487433472942456,570.832275390625,-0.02308819130036588,0.009600757827423423,0.009600757827423423,0.015302891622234117,0.021006161428023366,1,0,0.0,10,2.013975264947307,0.0,0.0,0.0,0.0,0.0,0.0,,0.0,0.0,0.0,0.021006161428023366,0.0,0.0,0.0,0,0.0
2022-08-23,477.6123962402344,-0.015624932188367913,569.9891967773438,-0.001476928775101749,-0.014148003413266164,0.014148003413266164,0.015146381518754888,0.02064812780415388,0,0,0.0,10,0.11280606367784918,0.0,0.0,0.0,0.0,0.0,0.0,,0.0,0.0,0.0,0.02064812780415388,0.0,0.0,0.0,0,0.0
2022-08-24,476.6647033691406,-0.0019842300546509817,562.4005737304688,-0.013313626099898501,0.01132939604524752,0.01132939604524752,0.015146493413567394,0.020578170871859126,1,0,0.0,10,7.916570681694091,0.0,0.0,0.0,0.0,0.0,0.0,,0.0,0.0,0.0,0.020578170871859126,0.0,0.0,0.0,0,0.0
2022-08-25,481.4029235839844,0.009940363071469838,564.9301147460938,0.004497756819212162,0.005442606252257676,0.005442606252257676,0.015167697015153752,0.020583297172453257,1,0,0.0,10,0.5309819110868149,0.0,0.0,0.0,0.0,0.0,0.0,,0.0,0.0,0.0,0.020583297172453257,0.0,0.0,0.0,0,0.0
2022-08-26,485.1935119628906,0.007874045198325241,571.6754760742188,0.011940169504252252,-0.00406612430592701,0.00406612430592701,0.015181335258769888,0.020608799881218314,0,0,0.0,10,1.7866816047601404,0.0,0.0,0.0,0.0,0.0,0.0,,0.0,0.0,0.0,0.020608799881218314,0.0,0.0,0.0,0,0.0
2022-08-27,485.1935119628906,0.0,571.6754760742188,0.0,0.0,0.0,0.015181335258769888,0.020608799881218314,1,0,0.0,10,,0.0,0.0,0.0,0.0,0.0,0.0,,0.0,0.0,0.0,0.020608799881218314,0.0,0.0,0.0,0,0.0
2022-08-28,485.1935119628906,0.0,571.6754760742188,0.0,0.0,0.0,0.015181335258769888,0.02057571172631855,1,0,0.0,10,,0.0,0.0,0.0,0.0,0.0,0.0,,0.0,0.0,0.0,0.02057571172631855,0.0,0.0,0.0,0,0.0
2022-08-29,472.4002990722656,-0.0263672381744533,550.5960693359375,-0.0368730295779639,0.0105057914035106,0.0105057914035106,0.015297926537293982,0.020704856796484046,1,0,0.0,10,1.629923128362004,0.0,0.0,0.0,0.0,0.0,0.0,,0.0,0.0,0.0,0.020704856796484046,0.0,0.0,0.0,0,0.0
2022-08-30,470.0312194824219,-0.005014983255718364,553.96875,0.006125508066431085,-0.011140491322149448,0.011140491322149448,0.015299858866019008,0.020713280075388,0,0,0.0,10,1.439564705912166,0.0,0.0,0.0,0.0,0.0,0.0,,0.0,0.0,0.0,0.020713280075388,0.0,0.0,0.0,0,0.0
2022-08-31,478.5600280761719,0.01814519597898534,562.4005737304688,0.01522075700203085,0.002924438976954491,0.002924438976954491,0.015344123901798921,0.020425500600163134,1,0,0.0,10,0.9857888989681535,0.0,0.0,0.0,0.0,0.0,0.0,,0.0,0.0,0.0,0.020425500600163134,0.0,0.0,0.0,0,0.0
2022-09-01,464.8192138671875,-0.028712833088511247,546.380126953125,-0.028485829363718906,-0.00022700372479234066,0.00022700372479234066,0.01548502677389988,0.020522764643361675,0,0,0.0,10,1.1661747798594349,0.0,0.0,0.0,0.0,0.0,0.0,,0.0,0.0,0.0,0.020522764643361675,0.0,0.0,0.0,0,0.0
2022-09-02,459.607177734375,-0.011213039343725861,522.7711181640625,-0.043209859993842636,0.031996820650116775,0.031996820650116775,0.015503945535698846,0.02075291539232182,1,1,1.0,10,4.383129443451047,-44.0,10.0,20222.7158203125,-5227.711181640625,0.0,0.0,Opened,20222.7158203125,-5227.711181640625,0.0,0.02075291539232182,25450.427001953125,0.0,0.0,0,0.0
2022-09-03,459.607177734375,0.0,522.7711181640625,0.0,0.0,0.0,0.015329251588672398,0.020416841782237346,1,1,0.0,10,,44.0,-10.0,-20222.7158203125,5227.711181640625,0.0,0.0,Live,0.0,0.0,0.0,0.020416841782237346,25450.427001953125,0.0,0.0,0,0.0
2022-09-04,459.607177734375,0.0,522.7711181640625,0.0,0.0,0.0,0.015242091481789337,0.02040950814503719,1,1,0.0,10,,44.0,-10.0,-20222.7158203125,5227.711181640625,0.0,0.0,Live,0.0,0.0,0.0,0.02040950814503719,25450.427001953125,0.0,0.0,0,0.0
2022-09-05,460.5548095703125,0.0020618299318317934,532.046142578125,0.017742036795444616,-0.015680206863612822,0.015680206863612822,0.015226723181833636,0.020457887114223833,0,0,-1.0,10,9.940737651996336,44.0,-10.0,-20264.41162109375,5320.46142578125,-41.69580078125,92.750244140625,Closed,-20264.41162109375,5320.46142578125,51.054443359375,0.020457887114223833,25584.873046875,51.054443359375,0.0019954933239588976,0,51.054443359375
2022-09-06,463.397705078125,0.0061727626087866305,530.3597412109375,-0.003169652464757533,0.009342415073544164,0.009342415073544164,0.015019337621517345,0.020320144092186673,1,0,0.0,10,0.5876905980771916,0.0,0.0,0.0,0.0,0.0,0.0,,0.0,0.0,0.0,0.020320144092186673,0.0,0.0,0.0,0,0.0
2022-09-07,447.7615966796875,-0.03374230866292571,521.9279174804688,-0.01589831028881805,-0.01784399837410766,0.01784399837410766,0.015148443977685402,0.020220366210154484,0,0,0.0,10,0.5492118004415647,0.0,0.0,0.0,0.0,0.0,0.0,,0.0,0.0,0.0,0.020220366210154484,0.0,0.0,0.0,0,0.0
2022-09-08,450.13067626953125,0.005290939659433391,525.3006591796875,0.006462083338059754,-0.001171143678626363,0.001171143678626363,0.015155368267041227,0.020229176346698352,0,0,0.0,10,1.425309174829589,0.0,0.0,0.0,0.0,0.0,0.0,,0.0,0.0,0.0,0.020229176346698352,0.0,0.0,0.0,0,0.0
2022-09-09,450.13067626953125,0.0,525.3006591796875,0.0,0.0,0.0,0.015155368267041227,0.020229176346698352,1,0,0.0,10,,0.0,0.0,0.0,0.0,0.0,0.0,,0.0,0.0,0.0,0.020229176346698352,0.0,0.0,0.0,0,0.0
2022-09-10,450.13067626953125,0.0,525.3006591796875,0.0,0.0,0.0,0.015152033318681203,0.020184266577683442,1,0,0.0,10,,0.0,0.0,0.0,0.0,0.0,0.0,,0.0,0.0,0.0,0.020184266577683442,0.0,0.0,0.0,0,0.0
2022-09-11,450.13067626953125,0.0,525.3006591796875,0.0,0.0,0.0,0.015048390979266616,0.0199515654042982,1,0,0.0,10,,0.0,0.0,0.0,0.0,0.0,0.0,,0.0,0.0,0.0,0.0199515654042982,0.0,0.0,0.0,0,0.0
2022-09-12,461.0285949707031,0.02421056656588849,528.67333984375,0.006420476740557124,0.017790089825331368,0.017790089825331368,0.0151570434287258,0.01995695194623456,1,0,0.0,10,0.3041038170784236,0.0,0.0,0.0,0.0,0.0,0.0,,0.0,0.0,0.0,0.01995695194623456,0.0,0.0,0.0,0,0.0
2022-09-13,467.18829345703125,0.013360773178764607,527.8302001953125,-0.0015948215748626815,0.014955594753627288,0.014955594753627288,0.01483801448177846,0.019283643618093996,1,0,0.0,10,0.13485988784073752,0.0,0.0,0.0,0.0,0.0,0.0,,0.0,0.0,0.0,0.019283643618093996,0.0,0.0,0.0,0,0.0
2022-09-14,454.868896484375,-0.026369233016300564,518.5552368164062,-0.01757186946763234,-0.008797363548668224,0.008797363548668224,0.014959962448413208,0.019318704609838228,0,0,0.0,10,0.7596774826445831,0.0,0.0,0.0,0.0,0.0,0.0,,0.0,0.0,0.0,0.019318704609838228,0.0,0.0,0.0,0,0.0
2022-09-15,454.1540832519531,-0.0015714708962221158,519.3984375,0.0016260575995152848,-0.0031975284957374006,0.0031975284957374006,0.01495988166954533,0.019319935996495258,0,0,0.0,10,1.183387557815681,0.0,0.0,0.0,0.0,0.0,0.0,,0.0,0.0,0.0,0.019319935996495258,0.0,0.0,0.0,0,0.0
2022-09-16,449.8651123046875,-0.009443867412915474,505.9075012207031,-0.025974156457289843,0.01653028904437437,0.01653028904437437,0.014973164210561907,0.019403228316489288,1,0,0.0,10,3.0930032446078406,0.0,0.0,0.0,0.0,0.0,0.0,,0.0,0.0,0.0,0.019403228316489288,0.0,0.0,0.0,0,0.0
2022-09-17,449.8651123046875,0.0,505.9075012207031,0.0,0.0,0.0,0.014956113903065716,0.019385529848067733,1,0,0.0,10,,0.0,0.0,0.0,0.0,0.0,0.0,,0.0,0.0,0.0,0.019385529848067733,0.0,0.0,0.0,0,0.0
2022-09-18,449.8651123046875,0.0,505.9075012207031,0.0,0.0,0.0,0.014953157021341822,0.019385931996738756,1,0,0.0,10,,0.0,0.0,0.0,0.0,0.0,0.0,,0.0,0.0,0.0,0.019385931996738756,0.0,0.0,0.0,0,0.0
2022-09-19,445.0995788574219,-0.010593249658439774,509.2802734375,0.0066667764535190965,-0.01726002611195887,0.01726002611195887,0.01493821104271817,0.01939434479851496,0,0,0.0,10,0.7200892976071945,0.0,0.0,0.0,0.0,0.0,0.0,,0.0,0.0,0.0,0.01939434479851496,0.0,0.0,0.0,0,0.0
2022-09-20,454.1540832519531,0.020342648756878967,510.1234130859375,0.0016555513582856562,0.01868709739859331,0.01868709739859331,0.015022303392863704,0.019394743942659862,1,0,0.0,10,0.0914128377295114,0.0,0.0,0.0,0.0,0.0,0.0,,0.0,0.0,0.0,0.019394743942659862,0.0,0.0,0.0,0,0.0
2022-09-21,448.9119873046875,-0.01154254941347177,510.1234130859375,0.0,-0.01154254941347177,0.01154254941347177,0.015011537116279824,0.0193951586984777,0,0,0.0,10,0.0,0.0,0.0,0.0,0.0,0.0,0.0,,0.0,0.0,0.0,0.0193951586984777,0.0,0.0,0.0,0,0.0
2022-09-22,442.7167663574219,-0.013800524651752633,498.31890869140625,-0.02314048736387364,0.009339962712121008,0.009339962712121008,0.015040836921536389,0.01945900698459811,1,0,0.0,10,1.887375448444731,0.0,0.0,0.0,0.0,0.0,0.0,,0.0,0.0,0.0,0.01945900698459811,0.0,0.0,0.0,0,0.0
2022-09-23,433.6623229980469,-0.02045200012159698,489.0439758300781,-0.018612444158870534,-0.0018395559627264468,0.0018395559627264468,0.01510860450609183,0.019497521657513058,0,0,0.0,10,1.026275220166421,0.0,0.0,0.0,0.0,0.0,0.0,,0.0,0.0,0.0,0.019497521657513058,0.0,0.0,0.0,0,0.0
2022-09-24,433.6623229980469,0.0,489.0439758300781,0.0,0.0,0.0,0.01501805368792457,0.019494461407059776,1,0,0.0,10,,0.0,0.0,0.0,0.0,0.0,0.0,,0.0,0.0,0.0,0.019494461407059776,0.0,0.0,0.0,0,0.0
2022-09-25,433.6623229980469,0.0,489.0439758300781,0.0,0.0,0.0,0.0150004741519381,0.019103815044129665,1,0,0.0,10,,0.0,0.0,0.0,0.0,0.0,0.0,,0.0,0.0,0.0,0.019103815044129665,0.0,0.0,0.0,0,0.0
2022-09-26,425.5609130859375,-0.0186813783039802,479.7690124511719,-0.018965499704118427,0.0002841214001382264,0.0002841214001382264,0.014981539083197052,0.019142647302094903,1,0,0.0,10,1.144526458638282,0.0,0.0,0.0,0.0,0.0,0.0,,0.0,0.0,0.0,0.019142647302094903,0.0,0.0,0.0,0,0.0
2022-09-27,426.9906005859375,0.0033595366868461873,478.9258117675781,-0.001757513848770209,0.0051170505356163964,0.0051170505356163964,0.014983481944222363,0.019130754895641925,1,0,0.0,10,0.5867718854253416,0.0,0.0,0.0,0.0,0.0,0.0,,0.0,0.0,0.0,0.019130754895641925,0.0,0.0,0.0,0,0.0
2022-09-28,417.4595642089844,-0.02232141963751466,459.5326843261719,-0.04049296773091382,0.01817154809339916,0.01817154809339916,0.015037986459663059,0.01934436736856828,1,0,0.0,10,1.9969159501654523,0.0,0.0,0.0,0.0,0.0,0.0,,0.0,0.0,0.0,0.01934436736856828,0.0,0.0,0.0,0,0.0
2022-09-29,414.60028076171875,-0.006849246471771431,457.8463134765625,-0.0036697517002128865,-0.003179494771558544,0.003179494771558544,0.01504291095061998,0.019344107037104836,0,0,0.0,10,0.5916760844871634,0.0,0.0,0.0,0.0,0.0,0.0,,0.0,0.0,0.0,0.019344107037104836,0.0,0.0,0.0,0,0.0
2022-09-30,402.2098693847656,-0.029885197748031,464.59173583984375,0.01473294021319349,-0.04461813796122449,0.04461813796122449,0.015190373390401168,0.019384130691933333,0,1,1.0,10,0.569445348575036,6.0,-10.0,-2413.2592163085938,4645.9173583984375,0.0,0.0,Opened,-2413.2592163085938,4645.9173583984375,0.0,0.019384130691933333,7059.176574707031,0.0,0.0,0,0.0
2022-10-01,402.2098693847656,0.0,464.59173583984375,0.0,0.0,0.0,0.015190373390401168,0.019384130691933333,1,0,-1.0,10,,-6.0,10.0,2413.2592163085938,-4645.9173583984375,0.0,0.0,Closed,2413.2592163085938,-4645.9173583984375,0.0,0.019384130691933333,7059.176574707031,0.0,0.0,0,0.0
2022-10-02,402.2098693847656,0.0,464.59173583984375,0.0,0.0,0.0,0.015190373390401168,0.019384130691933333,1,0,0.0,10,,0.0,0.0,0.0,0.0,0.0,0.0,,0.0,0.0,0.0,0.019384130691933333,0.0,0.0,0.0,0,0.0
2022-10-03,397.44439697265625,-0.011848223464528185,462.062255859375,-0.0054445221155219325,-0.006403701349006252,0.006403701349006252,0.015156166603158392,0.019338966055780036,0,0,0.0,10,0.5342329183240325,0.0,0.0,0.0,0.0,0.0,0.0,,0.0,0.0,0.0,0.019338966055780036,0.0,0.0,0.0,0,0.0
2022-10-04,408.8815612792969,0.028776765740711863,483.14166259765625,0.045620274045272025,-0.016843508304560162,0.016843508304560162,0.015256378455640028,0.01948909447876202,0,0,0.0,10,1.873237622247976,0.0,0.0,0.0,0.0,0.0,0.0,,0.0,0.0,0.0,0.01948909447876202,0.0,0.0,0.0,0,0.0
2022-10-05,424.13128662109375,0.03729619231076109,505.0644226074219,0.045375428589403466,-0.008079236278642377,0.008079236278642377,0.015524551000362487,0.01978365625912681,0,0,0.0,10,1.448780900493753,0.0,0.0,0.0,0.0,0.0,0.0,,0.0,0.0,0.0,0.01978365625912681,0.0,0.0,0.0,0,0.0
2022-10-06,429.84991455078125,0.013483155122193002,494.9461975097656,-0.020033533634027045,0.03351668875622005,0.03351668875622005,0.015562677651220349,0.019833408207750446,1,1,1.0,10,1.7108312551416276,-18.0,10.0,7737.2984619140625,-4949.461975097656,0.0,0.0,Opened,7737.2984619140625,-4949.461975097656,0.0,0.019833408207750446,12686.760437011719,0.0,0.0,0,0.0
2022-10-07,417.4595642089844,-0.02882482913773643,477.239501953125,-0.03577499058630762,0.0069501614485711904,0.0069501614485711904,0.01569911764501508,0.019999199423773675,1,1,0.0,10,1.4188443492964973,18.0,-10.0,-7514.272155761719,4772.39501953125,223.02630615234375,-177.06695556640625,Live,0.0,0.0,0.0,0.019999199423773675,12286.667175292969,45.9593505859375,0.0037405872504104537,0,0.0
2022-10-08,417.4595642089844,0.0,477.239501953125,0.0,0.0,0.0,0.015661047595729314,0.01999796425745666,1,1,0.0,10,,18.0,-10.0,-7514.272155761719,4772.39501953125,223.02630615234375,-177.06695556640625,Live,0.0,0.0,0.0,0.01999796425745666,12286.667175292969,45.9593505859375,0.0037405872504104537,0,0.0
2022-10-09,417.4595642089844,0.0,477.239501953125,0.0,0.0,0.0,0.015661213488563638,0.01998784167772853,1,1,0.0,10,,18.0,-10.0,-7514.272155761719,4772.39501953125,223.02630615234375,-177.06695556640625,Live,0.0,0.0,0.0,0.01998784167772853,12286.667175292969,45.9593505859375,0.0037405872504104537,0,0.0
2022-10-10,417.4595642089844,0.0,477.239501953125,0.0,0.0,0.0,0.015500612134710748,0.019680603017526076,1,1,0.0,10,,18.0,-10.0,-7514.272155761719,4772.39501953125,223.02630615234375,-177.06695556640625,Live,0.0,0.0,0.0,0.019680603017526076,12286.667175292969,45.9593505859375,0.0037405872504104537,0,0.0
2022-10-11,382.6712341308594,-0.08333341252833204,466.2781066894531,-0.02296833187280567,-0.06036508065552637,0.06036508065552637,0.016662215179863625,0.019688634663092962,0,0,-1.0,10,0.335837737456618,18.0,-10.0,-6888.082214355469,4662.781066894531,849.2162475585938,-286.680908203125,Closed,-6888.082214355469,4662.781066894531,562.5353393554688,0.019688634663092962,11550.86328125,562.5353393554688,0.04870071834964987,0,562.5353393554688
2022-10-12,378.85882568359375,-0.00996262093210254,462.9054260253906,-0.007233195416375682,-0.0027294255157268577,0.0027294255157268577,0.016622435216134605,0.019547086000479656,0,0,0.0,10,0.8870977034836562,0.0,0.0,0.0,0.0,0.0,0.0,,0.0,0.0,0.0,0.019547086000479656,0.0,0.0,0.0,0,0.0
2022-10-13,376.4760437011719,-0.006289366436488586,458.68951416015625,-0.009107501507236826,0.00281813507074824,0.00281813507074824,0.016625405655102073,0.01955473195680071,1,0,0.0,10,1.7643056268697417,0.0,0.0,0.0,0.0,0.0,0.0,,0.0,0.0,0.0,0.01955473195680071,0.0,0.0,0.0,0,0.0
2022-10-14,392.6788635253906,0.04303811648923861,493.2598571777344,0.07536763311643435,-0.03232951662719574,0.03232951662719574,0.016956984677804512,0.020379562587437353,0,1,1.0,10,2.199732480029309,22.0,-10.0,-8638.934997558594,4932.598571777344,0.0,0.0,Opened,-8638.934997558594,4932.598571777344,0.0,0.020379562587437353,13571.533569335938,0.0,0.0,0,0.0
2022-10-15,392.6788635253906,0.0,493.2598571777344,0.0,0.0,0.0,0.01695734992104461,0.02037896080146051,1,0,-1.0,10,,-22.0,10.0,8638.934997558594,-4932.598571777344,0.0,0.0,Closed,8638.934997558594,-4932.598571777344,0.0,0.02037896080146051,13571.533569335938,0.0,0.0,0,0.0
2022-10-16,392.6788635253906,0.0,493.2598571777344,0.0,0.0,0.0,0.01694538375112273,0.020371971458448702,1,0,0.0,10,,0.0,0.0,0.0,0.0,0.0,0.0,,0.0,0.0,0.0,0.020371971458448702,0.0,0.0,0.0,0,0.0
2022-10-17,378.38232421875,-0.036407712852913,487.35760498046875,-0.011965806889367214,-0.024441905963545785,0.024441905963545785,0.017125058176328777,0.0203158341920818,0,1,1.0,10,0.4233167949665186,5.0,-10.0,-1891.91162109375,4873.5760498046875,0.0,0.0,Opened,-1891.91162109375,4873.5760498046875,0.0,0.0203158341920818,6765.4876708984375,0.0,0.0,0,0.0
2022-10-18,387.9133605957031,0.025188904890396158,495.78936767578125,0.017300976960543002,0.007887927929853156,0.007887927929853156,0.017234531721005766,0.02033126105013417,1,0,-1.0,10,0.8778570722319998,-5.0,10.0,1939.5668029785156,-4957.8936767578125,47.655181884765625,-84.317626953125,Closed,1939.5668029785156,-4957.8936767578125,-36.662445068359375,0.02033126105013417,6897.460479736328,-36.662445068359375,-0.005315354133027361,0,-36.662445068359375
2022-10-19,376.9526062011719,-0.028255676416247266,486.514404296875,-0.018707467290770108,-0.009548209125477158,0.009548209125477158,0.017330278816818496,0.020342580043461803,0,0,0.0,10,0.854512143464704,0.0,0.0,0.0,0.0,0.0,0.0,,0.0,0.0,0.0,0.020342580043461803,0.0,0.0,0.0,0,0.0
2022-10-20,378.85882568359375,0.005056920819920263,480.61212158203125,-0.01213177382358066,0.017188694643500924,0.017188694643500924,0.017337144783599764,0.020357859889823245,1,0,0.0,10,3.043374957163774,0.0,0.0,0.0,0.0,0.0,0.0,,0.0,0.0,0.0,0.020357859889823245,0.0,0.0,0.0,0,0.0
2022-10-21,371.2340393066406,-0.020125666501751294,478.0826110839844,-0.0052631017497446475,-0.014862564752006646,0.014862564752006646,0.01739112570915525,0.0203594561733797,0,0,0.0,10,0.33678027812267813,0.0,0.0,0.0,0.0,0.0,0.0,,0.0,0.0,0.0,0.0203594561733797,0.0,0.0,0.0,0,0.0
2022-10-22,371.2340393066406,0.0,478.0826110839844,0.0,0.0,0.0,0.017339569201753554,0.02031315184381098,1,0,0.0,10,,0.0,0.0,0.0,0.0,0.0,0.0,,0.0,0.0,0.0,0.02031315184381098,0.0,0.0,0.0,0,0.0
2022-10-23,371.2340393066406,0.0,478.0826110839844,0.0,0.0,0.0,0.017340012912385235,0.02031187358004672,1,0,0.0,10,,0.0,0.0,0.0,0.0,0.0,0.0,,0.0,0.0,0.0,0.02031187358004672,0.0,0.0,0.0,0,0.0
2022-10-24,368.8512268066406,-0.006418626116426185,495.78936767578125,0.037037022851865053,-0.04345564896829124,0.04345564896829124,0.01714477045634975,0.020398914646281564,0,1,1.0,10,7.756038699312551,78.0,-10.0,-28770.39569091797,4957.8936767578125,0.0,0.0,Opened,-28770.39569091797,4957.8936767578125,0.0,0.020398914646281564,33728.28936767578,0.0,0.0,0,0.0
2022-10-25,353.6015930175781,-0.041343589720677976,474.7098693847656,-0.0425170438604493,0.0011734541397713238,0.0011734541397713238,0.017379819933735663,0.020539625936049324,1,0,-1.0,10,1.3806033630537922,-78.0,10.0,27580.924255371094,-4747.098693847656,-1189.471435546875,210.79498291015625,Closed,27580.924255371094,-4747.098693847656,-978.6764526367188,0.020539625936049324,32328.02294921875,-978.6764526367188,-0.03027331594555088,1,-978.6764526367188
2022-10-26,358.3670959472656,0.013477040329540113,488.2007751464844,0.028419265390886572,-0.014942225061346459,0.014942225061346459,0.017381249026008683,0.02065775629739682,0,0,0.0,10,2.8726893012395,0.0,0.0,0.0,0.0,0.0,0.0,,0.0,0.0,0.0,0.02065775629739682,0.0,0.0,0.0,0,0.0
2022-10-27,367.42156982421875,0.025265918605109627,496.63262939453125,0.01727128402349809,0.007994634581611537,0.007994634581611537,0.017497299214664277,0.020703703781344306,1,0,0.0,10,0.9239748175210726,0.0,0.0,0.0,0.0,0.0,0.0,,0.0,0.0,0.0,0.020703703781344306,0.0,0.0,0.0,0,0.0
2022-10-28,361.7030334472656,-0.015563964793054996,476.396240234375,-0.04074720016851774,0.025183235375462742,0.025183235375462742,0.01752760451326078,0.020912609410420196,1,1,1.0,10,3.448210002741322,-35.0,10.0,12659.606170654297,-4763.96240234375,0.0,0.0,Opened,12659.606170654297,-4763.96240234375,0.0,0.020912609410420196,17423.568572998047,0.0,0.0,0,0.0
2022-10-29,361.7030334472656,0.0,476.396240234375,0.0,0.0,0.0,0.01752760451326078,0.020912609410420196,1,1,0.0,10,,35.0,-10.0,-12659.606170654297,4763.96240234375,0.0,0.0,Live,0.0,0.0,0.0,0.020912609410420196,17423.568572998047,0.0,0.0,0,0.0
2022-10-30,361.7030334472656,0.0,476.396240234375,0.0,0.0,0.0,0.01750760299074731,0.02089758416596075,1,1,0.0,10,,35.0,-10.0,-12659.606170654297,4763.96240234375,0.0,0.0,Live,0.0,0.0,0.0,0.02089758416596075,17423.568572998047,0.0,0.0,0,0.0
2022-10-31,371.7106018066406,0.027667913824211965,497.4757385253906,0.04424782672643479,-0.016579912902222826,0.016579912902222826,0.01763533743772759,0.02115258189839041,0,0,-1.0,10,2.140338619382666,35.0,-10.0,-13009.871063232422,4974.757385253906,-350.264892578125,210.79498291015625,Closed,-13009.871063232422,4974.757385253906,-139.46990966796875,0.02115258189839041,17984.628448486328,-139.46990966796875,-0.007754950849691154,0,-139.46990966796875
2022-11-01,373.1402282714844,0.0038460739561778645,505.0644226074219,0.01525438025284509,-0.011408306296667226,0.011408306296667226,0.017596593615048475,0.021155874224652746,0,0,0.0,10,5.36848373246688,0.0,0.0,0.0,0.0,0.0,0.0,,0.0,0.0,0.0,0.021155874224652746,0.0,0.0,0.0,0,0.0
2022-11-02,376.4760437011719,0.008939843996827124,505.0644226074219,0.0,0.008939843996827124,0.008939843996827124,0.017519671059221788,0.021149169551201934,1,0,0.0,10,0.0,0.0,0.0,0.0,0.0,0.0,0.0,,0.0,0.0,0.0,0.021149169551201934,0.0,0.0,0.0,0,0.0
2022-11-03,365.991943359375,-0.027847987985441747,505.9075012207031,0.0016692496551802272,-0.029517237640621974,0.029517237640621974,0.017629890671117976,0.021150015501669246,0,1,1.0,10,0.0828565919245042,1.0,-10.0,-365.991943359375,5059.075012207031,0.0,0.0,Opened,-365.991943359375,5059.075012207031,0.0,0.021150015501669246,5425.066955566406,0.0,0.0,0,0.0
2022-11-04,364.0857238769531,-0.005208364602032001,503.3779602050781,-0.005000006937081358,-0.00020835766495064245,0.00020835766495064245,0.017631606171838284,0.021151873394606554,0,1,0.0,10,1.3272715170798721,-1.0,10.0,364.0857238769531,-5033.779602050781,-1.906219482421875,25.29541015625,Live,0.0,0.0,0.0,0.021151873394606554,5397.865325927734,23.389190673828125,0.004333044502144597,0,0.0
2022-11-05,364.0857238769531,0.0,503.3779602050781,0.0,0.0,0.0,0.017602592531708684,0.021074901812876936,1,0,-1.0,10,,-1.0,10.0,364.0857238769531,-5033.779602050781,-1.906219482421875,25.29541015625,Closed,364.0857238769531,-5033.779602050781,23.389190673828125,0.021074901812876936,5397.865325927734,23.389190673828125,0.004333044502144597,0,23.389190673828125
2022-11-06,364.0857238769531,0.0,503.3779602050781,0.0,0.0,0.0,0.017602056910095126,0.021062810424086288,1,0,0.0,10,,0.0,0.0,0.0,0.0,0.0,0.0,,0.0,0.0,0.0,0.021062810424086288,0.0,0.0,0.0,0,0.0
2022-11-07,371.7106018066406,0.020942534764874177,522.7711181640625,0.038526037077752706,-0.01758350231287853,0.01758350231287853,0.01767307488557926,0.021249702051480274,0,0,0.0,10,2.5872102967430557,0.0,0.0,0.0,0.0,0.0,0.0,,0.0,0.0,0.0,0.021249702051480274,0.0,0.0,0.0,0,0.0
2022-11-08,380.2885437011719,0.023076936339290643,522.7711181640625,0.0,0.023076936339290643,0.023076936339290643,0.01762921176886995,0.021236579209243104,1,0,0.0,10,0.0,0.0,0.0,0.0,0.0,0.0,0.0,,0.0,0.0,0.0,0.021236579209243104,0.0,0.0,0.0,0,0.0
2022-11-09,397.44439697265625,0.0451127270480316,548.0665283203125,0.048387160800094975,-0.003274433752063377,0.003274433752063377,0.017937134069447153,0.021444031106903093,0,0,0.0,10,1.4790673823129323,0.0,0.0,0.0,0.0,0.0,0.0,,0.0,0.0,0.0,0.021444031106903093,0.0,0.0,0.0,0,0.0
2022-11-10,388.389892578125,-0.022781814169477888,556.498291015625,0.01538456055901416,-0.03816637472849205,0.03816637472849205,0.018010928593296872,0.021477424527456337,0,1,1.0,10,0.9675929743093988,10.0,-10.0,-3883.89892578125,5564.98291015625,0.0,0.0,Opened,-3883.89892578125,5564.98291015625,0.0,0.021477424527456337,9448.8818359375,0.0,0.0,0,0.0
2022-11-11,420.7954406738281,0.08343561126319665,590.2254028320312,0.060605957575994296,0.022829653687202356,0.022829653687202356,0.019079601142008497,0.021956644604388766,1,0,-1.0,10,1.0188511433506182,-10.0,10.0,4207.954406738281,-5902.2540283203125,324.05548095703125,-337.2711181640625,Closed,4207.954406738281,-5902.2540283203125,-13.21563720703125,0.021956644604388766,10110.208435058594,-13.21563720703125,-0.0013071577398151494,0,-13.21563720703125
2022-11-12,420.7954406738281,0.0,590.2254028320312,0.0,0.0,0.0,0.01903093785350493,0.021899694970451244,1,0,0.0,10,,0.0,0.0,0.0,0.0,0.0,0.0,,0.0,0.0,0.0,0.021899694970451244,0.0,0.0,0.0,0,0.0
2022-11-13,420.7954406738281,0.0,590.2254028320312,0.0,0.0,0.0,0.018972500857891837,0.021850667704232805,1,0,0.0,10,,0.0,0.0,0.0,0.0,0.0,0.0,,0.0,0.0,0.0,0.021850667704232805,0.0,0.0,0.0,0,0.0
2022-11-14,424.13128662109375,0.007927476452510573,587.6959228515625,-0.004285616932669711,0.012213093385180285,0.012213093385180285,0.018946516003901438,0.02181588301082945,1,0,0.0,10,0.7490844062702217,0.0,0.0,0.0,0.0,0.0,0.0,,0.0,0.0,0.0,0.02181588301082945,0.0,0.0,0.0,0,0.0
2022-11-15,457.48992919921875,0.07865169024403196,608.775390625,0.035867983686457716,0.04278370655757424,0.04278370655757424,0.01972838560274518,0.021965500008125003,1,1,1.0,10,0.6068403541333955,-7.0,10.0,3202.4295043945312,-6087.75390625,0.0,0.0,Opened,3202.4295043945312,-6087.75390625,0.0,0.021965500008125003,9290.183410644531,0.0,0.0,0,0.0
2022-11-16,464.16168212890625,0.014583387532411063,614.6776733398438,0.009695337238885715,0.004888050293525348,0.004888050293525348,0.019725197625954215,0.021977454216954077,1,1,0.0,10,0.8804053169602766,7.0,-10.0,-3249.1317749023438,6146.7767333984375,-46.7022705078125,59.0228271484375,Live,0.0,0.0,0.0,0.021977454216954077,9395.908508300781,12.320556640625,0.0013112682642386789,0,0.0
2022-11-17,462.2554626464844,-0.004106800616713757,611.3049926757812,-0.005486909335322143,0.001380108718608386,0.001380108718608386,0.01972732195362306,0.021981174865598363,1,1,0.0,10,1.7668515270760983,7.0,-10.0,-3235.7882385253906,6113.0499267578125,-33.358734130859375,25.2960205078125,Live,0.0,0.0,0.0,0.021981174865598363,9348.838165283203,-8.062713623046875,-0.0008624294784551586,0,0.0
2022-11-18,464.16168212890625,0.004123735978172061,608.775390625,-0.004138035974004972,0.008261771952177033,0.008261771952177033,0.01972999456845224,0.02198324309383622,1,1,0.0,10,1.3161070415286809,7.0,-10.0,-3249.1317749023438,6087.75390625,-46.7022705078125,0.0,Live,0.0,0.0,0.0,0.02198324309383622,9336.885681152344,-46.7022705078125,-0.005001910926475923,0,0.0
2022-11-19,464.16168212890625,0.0,608.775390625,0.0,0.0,0.0,0.019728197373892767,0.021981738864252434,1,1,0.0,10,,7.0,-10.0,-3249.1317749023438,6087.75390625,-46.7022705078125,0.0,Live,0.0,0.0,0.0,0.021981738864252434,9336.885681152344,-46.7022705078125,-0.005001910926475923,0,0.0
2022-11-20,464.16168212890625,0.0,608.775390625,0.0,0.0,0.0,0.01969632148056083,0.02195170028446375,1,1,0.0,10,,7.0,-10.0,-3249.1317749023438,6087.75390625,-46.7022705078125,0.0,Live,0.0,0.0,0.0,0.02195170028446375,9336.885681152344,-46.7022705078125,-0.005001910926475923,0,0.0
2022-11-21,459.3961181640625,-0.010267034415650578,607.0890502929688,-0.002770053385863669,-0.007496981029786909,0.007496981029786909,0.019702062717686562,0.02192115958049968,0,0,-1.0,10,0.3565399505963083,7.0,-10.0,-3215.7728271484375,6070.8905029296875,-13.34332275390625,-16.8634033203125,Closed,-3215.7728271484375,6070.8905029296875,-30.20672607421875,0.02192115958049968,9286.663330078125,-30.20672607421875,-0.0032526995973229315,0,-30.20672607421875
2022-11-22,467.97406005859375,0.01867221240094996,601.186767578125,-0.00972226844150037,0.02839448084245033,0.02839448084245033,0.019700984912159814,0.02191532973068348,1,1,1.0,10,0.6688973287323816,-7.0,10.0,3275.8184204101562,-6011.86767578125,0.0,0.0,Opened,3275.8184204101562,-6011.86767578125,0.0,0.02191532973068348,9287.686096191406,0.0,0.0,0,0.0
2022-11-23,468.9271545410156,0.0020366395571209672,594.4412841796875,-0.011220279224726792,0.01325691878184776,0.01325691878184776,0.019563035372331283,0.021870222634223252,1,1,0.0,10,6.9838205451739865,7.0,-10.0,-3282.4900817871094,5944.412841796875,-6.671661376953125,-67.454833984375,Live,0.0,0.0,0.0,0.021870222634223252,9226.902923583984,-74.12649536132812,-0.008033735260383052,0,0.0
2022-11-24,472.7395935058594,0.008130130507318034,613.83447265625,0.03262422882240523,-0.024494098315087198,0.024494098315087198,0.01957279433230088,0.02200732167498964,0,0,-1.0,10,5.210411630518806,7.0,-10.0,-3309.1771545410156,6138.3447265625,-33.358734130859375,126.47705078125,Closed,-3309.1771545410156,6138.3447265625,93.11831665039062,0.02200732167498964,9447.521881103516,93.11831665039062,0.009856374806248553,0,93.11831665039062
2022-11-25,474.6457824707031,0.004032217717808262,612.9912719726562,-0.0013736613389354613,0.005405879056743723,0.005405879056743723,0.019575235995863822,0.02200752492816889,1,0,0.0,10,0.43996726670399133,0.0,0.0,0.0,0.0,0.0,0.0,,0.0,0.0,0.0,0.02200752492816889,0.0,0.0,0.0,0,0.0
2022-11-26,474.6457824707031,0.0,612.9912719726562,0.0,0.0,0.0,0.019426179350980764,0.021877798731114104,1,0,0.0,10,,0.0,0.0,0.0,0.0,0.0,0.0,,0.0,0.0,0.0,0.021877798731114104,0.0,0.0,0.0,0,0.0
2022-11-27,474.6457824707031,0.0,612.9912719726562,0.0,0.0,0.0,0.01934246822130376,0.02175380708926237,1,0,0.0,10,,0.0,0.0,0.0,0.0,0.0,0.0,,0.0,0.0,0.0,0.02175380708926237,0.0,0.0,0.0,0,0.0
2022-11-28,457.9665222167969,-0.03514043707938297,592.7550048828125,-0.03301232499562645,-0.002128112083756517,0.002128112083756517,0.01946269871497679,0.02188869257046779,0,0,0.0,10,1.2159352552687845,0.0,0.0,0.0,0.0,0.0,0.0,,0.0,0.0,0.0,0.02188869257046779,0.0,0.0,0.0,0,0.0
2022-11-29,464.16168212890625,0.013527538829959829,601.186767578125,0.014224700974021287,-0.0006971621440614584,0.0006971621440614584,0.019453889167520014,0.021910104509112426,0,0,0.0,10,1.3619604115317012,0.0,0.0,0.0,0.0,0.0,0.0,,0.0,0.0,0.0,0.021910104509112426,0.0,0.0,0.0,0,0.0
2022-11-30,467.0209655761719,0.006160102303471859,618.0503540039062,0.0280504950129159,-0.02189039270944404,0.02189039270944404,0.019459880538421216,0.022013308853056773,0,0,0.0,10,6.026152072794051,0.0,0.0,0.0,0.0,0.0,0.0,,0.0,0.0,0.0,0.022013308853056773,0.0,0.0,0.0,0,0.0
2022-12-01,475.12237548828125,0.017346994052214626,624.7957763671875,0.01091403365370236,0.006432960398512266,0.006432960398512266,0.01950422953379997,0.022029332187004733,1,0,0.0,10,0.8273583616530203,0.0,0.0,0.0,0.0,0.0,0.0,,0.0,0.0,0.0,0.022029332187004733,0.0,0.0,0.0,0,0.0
2022-12-02,469.40374755859375,-0.012036115798188862,623.1094360351562,-0.0026990264592317015,-0.00933708933895716,0.00933708933895716,0.019524183030505834,0.022030045533952457,0,0,0.0,10,0.29767239395430645,0.0,0.0,0.0,0.0,0.0,0.0,,0.0,0.0,0.0,0.022030045533952457,0.0,0.0,0.0,0,0.0
2022-12-03,469.40374755859375,0.0,623.1094360351562,0.0,0.0,0.0,0.019524183030505834,0.02202167450250669,1,0,0.0,10,,0.0,0.0,0.0,0.0,0.0,0.0,,0.0,0.0,0.0,0.02202167450250669,0.0,0.0,0.0,0,0.0
2022-12-04,469.40374755859375,0.0,623.1094360351562,0.0,0.0,0.0,0.019512536664803185,0.021988115043495356,1,0,0.0,10,,0.0,0.0,0.0,0.0,0.0,0.0,,0.0,0.0,0.0,0.021988115043495356,0.0,0.0,0.0,0,0.0
2022-12-05,466.0678405761719,-0.007106690135671445,623.1094360351562,0.0,-0.007106690135671445,0.007106690135671445,0.019477334469305784,0.021725474936115364,0,0,0.0,10,0.0,0.0,0.0,0.0,0.0,0.0,0.0,,0.0,0.0,0.0,0.021725474936115364,0.0,0.0,0.0,0,0.0
2022-12-06,455.5837097167969,-0.022494860075335965,611.3049926757812,-0.0189444143784544,-0.0035504456968815656,0.0035504456968815656,0.019543533805424475,0.021764463330580918,0,0,0.0,10,1.1300239411447581,0.0,0.0,0.0,0.0,0.0,0.0,,0.0,0.0,0.0,0.021764463330580918,0.0,0.0,0.0,0,0.0
2022-12-07,452.72442626953125,-0.006276087986207934,603.7163696289062,-0.012413808389914127,0.006137720403706193,0.006137720403706193,0.019491602345061112,0.021775731712738035,1,0,0.0,10,2.637637076860686,0.0,0.0,0.0,0.0,0.0,0.0,,0.0,0.0,0.0,0.021775731712738035,0.0,0.0,0.0,0,0.0
2022-12-08,449.3885192871094,-0.00736851556676521,594.4412841796875,-0.015363316146156492,0.007994800579391281,0.007994800579391281,0.019498581720163177,0.02180310314896772,1,0,0.0,10,2.7579853364121525,0.0,0.0,0.0,0.0,0.0,0.0,,0.0,0.0,0.0,0.02180310314896772,0.0,0.0,0.0,0,0.0
2022-12-09,458.9195861816406,0.02120896837696451,614.6776733398438,0.03404270480318661,-0.012833736426222098,0.012833736426222098,0.019564977292537655,0.02195697268827969,0,0,0.0,10,2.149885644335699,0.0,0.0,0.0,0.0,0.0,0.0,,0.0,0.0,0.0,0.02195697268827969,0.0,0.0,0.0,0,0.0
2022-12-10,458.9195861816406,0.0,614.6776733398438,0.0,0.0,0.0,0.01946668201382751,0.021688754345685936,1,0,0.0,10,,0.0,0.0,0.0,0.0,0.0,0.0,,0.0,0.0,0.0,0.021688754345685936,0.0,0.0,0.0,0,0.0
2022-12-11,458.9195861816406,0.0,614.6776733398438,0.0,0.0,0.0,0.019462029247702795,0.021681357445872004,1,0,0.0,10,,0.0,0.0,0.0,0.0,0.0,0.0,,0.0,0.0,0.0,0.021681357445872004,0.0,0.0,0.0,0,0.0
2022-12-12,452.72442626953125,-0.013499445433687196,600.3436279296875,-0.023319612915615462,0.009820167481928266,0.009820167481928266,0.019479257063526097,0.021746052809029987,1,0,0.0,10,2.290716730995819,0.0,0.0,0.0,0.0,0.0,0.0,,0.0,0.0,0.0,0.021746052809029987,0.0,0.0,0.0,0,0.0
2022-12-13,449.3885192871094,-0.00736851556676521,597.8140258789062,-0.004213590239151355,-0.0031549253276138556,0.0031549253276138556,0.019484818552868884,0.021729320607264915,0,0,0.0,10,0.76070526313061,0.0,0.0,0.0,0.0,0.0,0.0,,0.0,0.0,0.0,0.021729320607264915,0.0,0.0,0.0,0,0.0
2022-12-14,457.9665222167969,0.01908816661203372,605.4026489257812,0.012693952832100619,0.0063942137799331,0.0063942137799331,0.019510785585884267,0.021454289008909562,1,0,0.0,10,0.8791100565424947,0.0,0.0,0.0,0.0,0.0,0.0,,0.0,0.0,0.0,0.021454289008909562,0.0,0.0,0.0,0,0.0
2022-12-15,460.60260009765625,0.005756049302685584,574.205078125,-0.05153193639991138,0.057287985702596966,0.057287985702596966,0.01951552142224794,0.021794649006419562,1,1,1.0,10,11.160729970887543,-112.0,10.0,51587.4912109375,-5742.05078125,0.0,0.0,Opened,51587.4912109375,-5742.05078125,0.0,0.021794649006419562,57329.5419921875,0.0,0.0,0,0.0
2022-12-16,451.4960021972656,-0.019771051875217105,556.498291015625,-0.03083704373913665,0.011065991863919544,0.011065991863919544,0.01957119524749814,0.021912812872165465,1,1,0.0,10,1.9224404106104767,112.0,-10.0,-50567.55224609375,5564.98291015625,1019.93896484375,-177.06787109375,Live,0.0,0.0,0.0,0.021912812872165465,56132.53515625,842.87109375,0.015015731810505119,0,0.0
2022-12-17,451.4960021972656,0.0,556.498291015625,0.0,0.0,0.0,0.019566201851764036,0.02189635097501136,1,1,0.0,10,,112.0,-10.0,-50567.55224609375,5564.98291015625,1019.93896484375,-177.06787109375,Live,0.0,0.0,0.0,0.02189635097501136,56132.53515625,842.87109375,0.015015731810505119,0,0.0
2022-12-18,451.4960021972656,0.0,556.498291015625,0.0,0.0,0.0,0.019537591654457037,0.02174843132635547,1,1,0.0,10,,112.0,-10.0,-50567.55224609375,5564.98291015625,1019.93896484375,-177.06787109375,Live,0.0,0.0,0.0,0.02174843132635547,56132.53515625,842.87109375,0.015015731810505119,0,0.0
2022-12-19,447.1823425292969,-0.009554148092066672,553.1256103515625,-0.0060605409190156445,-0.0034936071730510276,0.0034936071730510276,0.01948910615276802,0.021119319092393313,0,0,-1.0,10,0.784618492577671,112.0,-10.0,-50084.42236328125,5531.256103515625,1503.06884765625,-210.794677734375,Closed,-50084.42236328125,5531.256103515625,1292.274169921875,0.021119319092393313,55615.678466796875,1292.274169921875,0.023235788999560185,0,1292.274169921875
2022-12-20,438.55499267578125,-0.019292688983913564,544.6937866210938,-0.015243958284827053,-0.004048730699086511,0.004048730699086511,0.01949495230723914,0.020651110170308972,0,0,0.0,10,0.9813712938079983,0.0,0.0,0.0,0.0,0.0,0.0,,0.0,0.0,0.0,0.020651110170308972,0.0,0.0,0.0,0,0.0
2022-12-21,439.992919921875,0.0032787843488462087,551.4392700195312,0.01238399182094918,-0.009105207472102972,0.009105207472102972,0.019495910861738876,0.02056922512789034,0,0,0.0,10,4.733689914530271,0.0,0.0,0.0,0.0,0.0,0.0,,0.0,0.0,0.0,0.02056922512789034,0.0,0.0,0.0,0,0.0
2022-12-22,448.6202087402344,0.019607790097829758,557.3414306640625,0.010703192473619394,0.008904597624210364,0.008904597624210364,0.019551012176863454,0.020584472764905923,1,0,0.0,10,0.6781522096589482,0.0,0.0,0.0,0.0,0.0,0.0,,0.0,0.0,0.0,0.020584472764905923,0.0,0.0,0.0,0,0.0
2022-12-23,436.15850830078125,-0.027777840134412757,556.498291015625,-0.0015127883951366883,-0.02626505173927607,0.02626505173927607,0.019660632598831686,0.02058483668858771,0,1,1.0,10,0.06948630148216955,1.0,-10.0,-436.15850830078125,5564.98291015625,0.0,0.0,Opened,-436.15850830078125,5564.98291015625,0.0,0.02058483668858771,6001.141418457031,0.0,0.0,0,0.0
2022-12-24,436.15850830078125,0.0,556.498291015625,0.0,0.0,0.0,0.019572697937492622,0.02056578207907934,1,0,-1.0,10,,-1.0,10.0,436.15850830078125,-5564.98291015625,0.0,0.0,Closed,436.15850830078125,-5564.98291015625,0.0,0.02056578207907934,6001.141418457031,0.0,0.0,0,0.0
2022-12-25,436.15850830078125,0.0,556.498291015625,0.0,0.0,0.0,0.019572265725747696,0.02034738595539517,1,0,0.0,10,,0.0,0.0,0.0,0.0,0.0,0.0,,0.0,0.0,0.0,0.02034738595539517,0.0,0.0,0.0,0,0.0
2022-12-26,437.5964050292969,0.0032967297465260614,548.90966796875,-0.013636381583536528,0.01693311133006259,0.01693311133006259,0.019550363326502444,0.020342113821004138,1,0,0.0,10,5.18851328785011,0.0,0.0,0.0,0.0,0.0,0.0,,0.0,0.0,0.0,0.020342113821004138,0.0,0.0,0.0,0,0.0
2022-12-27,438.07574462890625,0.0010953919961413927,553.1256103515625,0.007680575928665334,-0.006585183932523941,0.006585183932523941,0.01941731139447224,0.020317625511279424,0,0,0.0,10,8.853169578490206,0.0,0.0,0.0,0.0,0.0,0.0,,0.0,0.0,0.0,0.020317625511279424,0.0,0.0,0.0,0,0.0
2022-12-28,432.32415771484375,-0.013129206500429924,537.9483032226562,-0.027439169051058143,0.014309962550628219,0.014309962550628219,0.019117195013063384,0.01992084445805352,1,0,0.0,10,2.600539856375528,0.0,0.0,0.0,0.0,0.0,0.0,,0.0,0.0,0.0,0.01992084445805352,0.0,0.0,0.0,0,0.0
2022-12-29,427.5312194824219,-0.011086445545296697,530.3597412109375,-0.014106489352709861,0.003020043807413164,0.003020043807413164,0.0191357377446211,0.019950258550004624,1,0,0.0,10,1.5784445636325726,0.0,0.0,0.0,0.0,0.0,0.0,,0.0,0.0,0.0,0.019950258550004624,0.0,0.0,0.0,0,0.0
2022-12-30,429.9277038574219,0.00560540205204485,526.9869995117188,-0.006359347132039006,0.011964749184083856,0.011964749184083856,0.019140049221501254,0.019956508738094795,1,0,0.0,10,1.3906256452392618,0.0,0.0,0.0,0.0,0.0,0.0,,0.0,0.0,0.0,0.019956508738094795,0.0,0.0,0.0,0,0.0
2022-12-31,429.9277038574219,0.0,526.9869995117188,0.0,0.0,0.0,0.019007956180465958,0.019955989751545514,1,0,0.0,10,,0.0,0.0,0.0,0.0,0.0,0.0,,0.0,0.0,0.0,0.019955989751545514,0.0,0.0,0.0,0,0.0
2023-01-01,429.9277038574219,0.0,526.9869995117188,0.0,0.0,0.0,0.01898185834455075,0.01995054685431054,1,0,0.0,10,,0.0,0.0,0.0,0.0,0.0,0.0,,0.0,0.0,0.0,0.01995054685431054,0.0,0.0,0.0,0,0.0
2023-01-02,429.9277038574219,0.0,526.9869995117188,0.0,0.0,0.0,0.01889776615557811,0.019911984810503214,1,0,0.0,10,,0.0,0.0,0.0,0.0,0.0,0.0,,0.0,0.0,0.0,0.019911984810503214,0.0,0.0,0.0,0,0.0
2023-01-03,434.2414245605469,0.010033595566001363,543.0073852539062,0.03039996386444299,-0.02036636829844163,0.02036636829844163,0.018535457166303417,0.01967374987099551,0,1,1.0,10,3.7887064861275763,38.0,-10.0,-16501.17413330078,5430.0738525390625,0.0,0.0,Opened,-16501.17413330078,5430.0738525390625,0.0,0.01967374987099551,21931.247985839844,0.0,0.0,0,0.0
2023-01-04,430.8862609863281,-0.00772649356890398,536.2620239257812,-0.012422227600036972,0.004695734031132992,0.004695734031132992,0.018480247899085825,0.019618243453491054,1,0,-1.0,10,2.000927859106806,-38.0,10.0,16373.677917480469,-5362.6202392578125,-127.4962158203125,67.45361328125,Closed,16373.677917480469,-5362.6202392578125,-60.0426025390625,0.019618243453491054,21736.29815673828,-60.0426025390625,-0.0027623196050266365,0,-60.0426025390625
2023-01-05,439.513671875,0.02002247848173,532.046142578125,-0.007861607124057146,0.027884085605787146,0.027884085605787146,0.018540285288204773,0.019627127339415233,1,1,1.0,10,0.4753028415500119,-5.0,10.0,2197.568359375,-5320.46142578125,0.0,0.0,Opened,2197.568359375,-5320.46142578125,0.0,0.019627127339415233,7518.02978515625,0.0,0.0,0,0.0
2023-01-06,439.513671875,0.0,556.498291015625,0.0459586988433236,-0.0459586988433236,0.0459586988433236,0.018540285288204773,0.01992360608960223,0,0,-1.0,10,inf,5.0,-10.0,-2197.568359375,5564.98291015625,0.0,244.521484375,Closed,-2197.568359375,5564.98291015625,244.521484375,0.01992360608960223,7762.55126953125,244.521484375,0.031500144203204176,0,244.521484375
2023-01-07,439.513671875,0.0,556.498291015625,0.0,0.0,0.0,0.0185224847166964,0.019856653901951016,1,0,0.0,10,,0.0,0.0,0.0,0.0,0.0,0.0,,0.0,0.0,0.0,0.019856653901951016,0.0,0.0,0.0,0,0.0
2023-01-08,439.513671875,0.0,556.498291015625,0.0,0.0,0.0,0.01840957047637202,0.019667361960448645,1,0,0.0,10,,0.0,0.0,0.0,0.0,0.0,0.0,,0.0,0.0,0.0,0.019667361960448645,0.0,0.0,0.0,0,0.0
2023-01-09,461.0818176269531,0.049072752754065085,569.14599609375,0.022727302639227398,0.026345450114837687,0.026345450114837687,0.01844350624091215,0.0195914624254273,1,1,1.0,10,0.5716802160266944,-6.0,10.0,2766.4909057617188,-5691.4599609375,0.0,0.0,Opened,2766.4909057617188,-5691.4599609375,0.0,0.0195914624254273,8457.950866699219,0.0,0.0,0,0.0
2023-01-10,465.8748474121094,0.010395182811208104,585.1664428710938,0.02814822011803253,-0.017753037306824426,0.017753037306824426,0.018445928062122224,0.019651778554847028,0,0,-1.0,10,3.4011748318253976,6.0,-10.0,-2795.2490844726562,5851.6644287109375,-28.7581787109375,160.2044677734375,Closed,-2795.2490844726562,5851.6644287109375,131.4462890625,0.019651778554847028,8646.913513183594,131.4462890625,0.015201526979781773,0,131.4462890625
2023-01-11,464.43701171875,-0.0030863132048154496,596.1277465820312,0.0187319417312386,-0.02181825493605405,0.02181825493605405,0.018243722251558684,0.019697429045023723,0,1,1.0,10,7.79032032553226,78.0,-10.0,-36226.0869140625,5961.2774658203125,0.0,0.0,Opened,-36226.0869140625,5961.2774658203125,0.0,0.019697429045023723,42187.36437988281,0.0,0.0,0,0.0
2023-01-12,466.3541259765625,0.004127824030901062,602.8731689453125,0.011315397416001627,-0.007187573385100565,0.007187573385100565,0.01824614264941329,0.01971331151884757,0,1,0.0,10,3.5437148549483823,-78.0,10.0,36375.621826171875,-6028.731689453125,149.534912109375,-67.4542236328125,Live,0.0,0.0,0.0,0.01971331151884757,42404.353515625,82.0806884765625,0.0019356665453304862,0,0.0
2023-01-13,479.2951354980469,0.027749319241864523,585.1664428710938,-0.029370565794453074,0.0571198850363176,0.0571198850363176,0.01836164210794765,0.01984059710795403,1,0,-1.0,10,1.2922197407563105,-78.0,10.0,37385.020568847656,-5851.6644287109375,1158.9336547851562,109.613037109375,Closed,37385.020568847656,-5851.6644287109375,1268.5466918945312,0.01984059710795403,43236.684997558594,1268.5466918945312,0.029339591875884127,0,1268.5466918945312
2023-01-14,479.2951354980469,0.0,585.1664428710938,0.0,0.0,0.0,0.018356548323263853,0.019786795029622654,1,0,0.0,10,,0.0,0.0,0.0,0.0,0.0,0.0,,0.0,0.0,0.0,0.019786795029622654,0.0,0.0,0.0,0,0.0
2023-01-15,479.2951354980469,0.0,585.1664428710938,0.0,0.0,0.0,0.01834314752454981,0.019786668137542943,1,0,0.0,10,,0.0,0.0,0.0,0.0,0.0,0.0,,0.0,0.0,0.0,0.019786668137542943,0.0,0.0,0.0,0,0.0
2023-01-16,484.0881042480469,0.010000036292918901,593.59814453125,0.014409065596424853,-0.004409029303505951,0.004409029303505951,0.018348078885585397,0.01978978035517291,0,0,0.0,10,1.766860925827889,0.0,0.0,0.0,0.0,0.0,0.0,,0.0,0.0,0.0,0.01978978035517291,0.0,0.0,0.0,0,0.0
2023-01-17,482.1708679199219,-0.003960511136920197,584.3232421875,-0.015624884324856092,0.011664373187935895,0.011664373187935895,0.01832954337110768,0.01918555530282121,1,0,0.0,10,4.780989235287218,0.0,0.0,0.0,0.0,0.0,0.0,,0.0,0.0,0.0,0.01918555530282121,0.0,0.0,0.0,0,0.0
2023-01-18,482.1708679199219,0.0,584.3232421875,0.0,0.0,0.0,0.018327407956440996,0.019150967084118526,1,0,0.0,10,,0.0,0.0,0.0,0.0,0.0,0.0,,0.0,0.0,0.0,0.019150967084118526,0.0,0.0,0.0,0,0.0
2023-01-19,482.1708679199219,0.0,584.3232421875,0.0,0.0,0.0,0.018327407956440996,0.019150967084118526,1,0,0.0,10,,0.0,0.0,0.0,0.0,0.0,0.0,,0.0,0.0,0.0,0.019150967084118526,0.0,0.0,0.0,0,0.0
2023-01-20,482.1708679199219,0.0,584.3232421875,0.0,0.0,0.0,0.018327407956440996,0.019150967084118526,1,0,0.0,10,,0.0,0.0,0.0,0.0,0.0,0.0,,0.0,0.0,0.0,0.019150967084118526,0.0,0.0,0.0,0,0.0
2023-01-21,482.1708679199219,0.0,584.3232421875,0.0,0.0,0.0,0.01831949836707187,0.019064890809752287,1,0,0.0,10,,0.0,0.0,0.0,0.0,0.0,0.0,,0.0,0.0,0.0,0.019064890809752287,0.0,0.0,0.0,0,0.0
2023-01-22,482.1708679199219,0.0,584.3232421875,0.0,0.0,0.0,0.018306311299032093,0.01904897818527443,1,0,0.0,10,,0.0,0.0,0.0,0.0,0.0,0.0,,0.0,0.0,0.0,0.01904897818527443,0.0,0.0,0.0,0,0.0
2023-01-23,482.1708679199219,0.0,584.3232421875,0.0,0.0,0.0,0.018276979530921313,0.01904341420778092,1,0,0.0,10,,0.0,0.0,0.0,0.0,0.0,0.0,,0.0,0.0,0.0,0.01904341420778092,0.0,0.0,0.0,0,0.0
2023-01-24,482.1708679199219,0.0,584.3232421875,0.0,0.0,0.0,0.018276223499138378,0.019036036366076373,1,0,0.0,10,,0.0,0.0,0.0,0.0,0.0,0.0,,0.0,0.0,0.0,0.019036036366076373,0.0,0.0,0.0,0,0.0
2023-01-25,482.1708679199219,0.0,584.3232421875,0.0,0.0,0.0,0.018238223093065428,0.019035834340085368,1,0,0.0,10,,0.0,0.0,0.0,0.0,0.0,0.0,,0.0,0.0,0.0,0.019035834340085368,0.0,0.0,0.0,0,0.0
2023-01-26,482.1708679199219,0.0,584.3232421875,0.0,0.0,0.0,0.018238223093065428,0.019035834340085368,1,0,0.0,10,,0.0,0.0,0.0,0.0,0.0,0.0,,0.0,0.0,0.0,0.019035834340085368,0.0,0.0,0.0,0,0.0
2023-01-27,482.1708679199219,0.0,584.3232421875,0.0,0.0,0.0,0.018238223093065428,0.019035834340085368,1,0,0.0,10,,0.0,0.0,0.0,0.0,0.0,0.0,,0.0,0.0,0.0,0.019035834340085368,0.0,0.0,0.0,0,0.0
2023-01-28,482.1708679199219,0.0,584.3232421875,0.0,0.0,0.0,0.01822286725940085,0.01899875164788221,1,0,0.0,10,,0.0,0.0,0.0,0.0,0.0,0.0,,0.0,0.0,0.0,0.01899875164788221,0.0,0.0,0.0,0,0.0
2023-01-29,482.1708679199219,0.0,584.3232421875,0.0,0.0,0.0,0.018133685516429854,0.018960778381969717,1,0,0.0,10,,0.0,0.0,0.0,0.0,0.0,0.0,,0.0,0.0,0.0,0.018960778381969717,0.0,0.0,0.0,0,0.0
2023-01-30,520.5144653320312,0.07952284130628451,623.1094360351562,0.06637797548913915,0.013144865817145357,0.013144865817145357,0.019024583721716105,0.019588772130081127,1,0,0.0,10,0.9992257986805834,0.0,0.0,0.0,0.0,0.0,0.0,,0.0,0.0,0.0,0.019588772130081127,0.0,0.0,0.0,0,0.0
2023-01-31,500.3841552734375,-0.03867387248450971,605.4026489257812,-0.028416817472775358,-0.01025705501173435,0.01025705501173435,0.01924861092575508,0.019706224345560762,0,0,0.0,10,0.8889934157177865,0.0,0.0,0.0,0.0,0.0,0.0,,0.0,0.0,0.0,0.019706224345560762,0.0,0.0,0.0,0,0.0
2023-02-01,508.05279541015625,0.015325505525905836,610.4617919921875,0.008356658292432595,0.006968847233473241,0.006968847233473241,0.019135891612873275,0.019387570508470876,1,0,0.0,10,0.6551903268412355,0.0,0.0,0.0,0.0,0.0,0.0,,0.0,0.0,0.0,0.019387570508470876,0.0,0.0,0.0,0,0.0
2023-02-02,517.6387939453125,0.018868114931672286,629.8548583984375,0.031767862723992124,-0.012899747792319838,0.012899747792319838,0.019185340504832997,0.01952945490135435,0,0,0.0,10,2.048675394262974,0.0,0.0,0.0,0.0,0.0,0.0,,0.0,0.0,0.0,0.01952945490135435,0.0,0.0,0.0,0,0.0
2023-02-03,519.555908203125,0.0037035753120446824,633.2276000976562,0.005354791908400491,-0.001651216596355809,0.001651216596355809,0.019186789450873824,0.019532896154096317,0,0,0.0,10,1.7621747180410063,0.0,0.0,0.0,0.0,0.0,0.0,,0.0,0.0,0.0,0.019532896154096317,0.0,0.0,0.0,0,0.0
2023-02-04,519.555908203125,0.0,633.2276000976562,0.0,0.0,0.0,0.019176819393193528,0.019513562731724415,1,0,0.0,10,,0.0,0.0,0.0,0.0,0.0,0.0,,0.0,0.0,0.0,0.019513562731724415,0.0,0.0,0.0,0,0.0
2023-02-05,519.555908203125,0.0,633.2276000976562,0.0,0.0,0.0,0.01917394511586232,0.01944594445021369,1,0,0.0,10,,0.0,0.0,0.0,0.0,0.0,0.0,,0.0,0.0,0.0,0.01944594445021369,0.0,0.0,0.0,0,0.0
2023-02-06,504.21844482421875,-0.02952033291652978,616.364013671875,-0.0266311614073369,-0.0028891715091928782,0.0028891715091928782,0.019246358541775303,0.019343900028486478,0,0,0.0,10,1.1027762437025834,0.0,0.0,0.0,0.0,0.0,0.0,,0.0,0.0,0.0,0.019343900028486478,0.0,0.0,0.0,0,0.0
2023-02-07,501.3427429199219,-0.005703285815534587,604.5595092773438,-0.019151839063750842,0.013448553248216255,0.013448553248216255,0.019141258989659914,0.019399480397619562,1,0,0.0,10,4.049390606559331,0.0,0.0,0.0,0.0,0.0,0.0,,0.0,0.0,0.0,0.019399480397619562,0.0,0.0,0.0,0,0.0
2023-02-08,517.6387939453125,0.032504810841539555,627.3253784179688,0.03765695318867457,-0.005152142347135014,0.005152142347135014,0.019286689968824756,0.01953736542523845,0,0,0.0,10,1.403988582430533,0.0,0.0,0.0,0.0,0.0,0.0,,0.0,0.0,0.0,0.01953736542523845,0.0,0.0,0.0,0,0.0
2023-02-09,517.6387939453125,0.0,631.541259765625,0.006720406176278226,-0.006720406176278226,0.006720406176278226,0.019286689968824756,0.019542526756764617,0,0,0.0,10,inf,0.0,0.0,0.0,0.0,0.0,0.0,,0.0,0.0,0.0,0.019542526756764617,0.0,0.0,0.0,0,0.0
2023-02-10,522.4317016601562,0.009259174101526213,623.95263671875,-0.012016036845623135,0.021275210947149348,0.021275210947149348,0.019297722714509795,0.019565415516850666,1,1,1.0,10,1.549926497194675,-16.0,10.0,8358.9072265625,-6239.5263671875,0.0,0.0,Opened,8358.9072265625,-6239.5263671875,0.0,0.019565415516850666,14598.43359375,0.0,0.0,0,0.0
2023-02-11,522.4317016601562,0.0,623.95263671875,0.0,0.0,0.0,0.019279926678392924,0.01942212523737104,1,1,0.0,10,,16.0,-10.0,-8358.9072265625,6239.5263671875,0.0,0.0,Live,0.0,0.0,0.0,0.01942212523737104,14598.43359375,0.0,0.0,0,0.0
2023-02-12,522.4317016601562,0.0,623.95263671875,0.0,0.0,0.0,0.019278323699760135,0.01942212523737104,1,1,0.0,10,,16.0,-10.0,-8358.9072265625,6239.5263671875,0.0,0.0,Live,0.0,0.0,0.0,0.01942212523737104,14598.43359375,0.0,0.0,0,0.0
2023-02-13,518.5973510742188,-0.0073394293909671005,616.364013671875,-0.012162178024893278,0.004822748633926177,0.004822748633926177,0.01928539403412346,0.019441759943811705,1,1,0.0,10,1.9695002482387087,16.0,-10.0,-8297.5576171875,6163.64013671875,61.349609375,-75.88623046875,Live,0.0,0.0,0.0,0.019441759943811705,14461.19775390625,-14.53662109375,-0.0010052155665891075,0,0.0
2023-02-14,522.4317016601562,0.007393694892569469,617.2071533203125,0.0013679248459277371,0.006025770046641732,0.006025770046641732,0.019265050248486088,0.019441408509354382,1,1,0.0,10,0.2185758324565581,16.0,-10.0,-8358.9072265625,6172.071533203125,0.0,-67.454833984375,Live,0.0,0.0,0.0,0.019441408509354382,14530.978759765625,-67.454833984375,-0.0046421397415533075,0,0.0
2023-02-15,503.2597961425781,-0.036697439027253975,598.6572875976562,-0.03005452160245692,-0.006642917424797057,0.006642917424797057,0.0194629062499379,0.01954911183647977,0,0,-1.0,10,0.9742268577062777,16.0,-10.0,-8052.15673828125,5986.5728759765625,306.75048828125,-252.9534912109375,Closed,-8052.15673828125,5986.5728759765625,53.7969970703125,0.01954911183647977,14038.729614257812,53.7969970703125,0.003832041683862617,0,53.7969970703125
2023-02-16,506.1355895996094,0.005714331800540817,599.50048828125,0.0014084864597194713,0.004305845340821346,0.004305845340821346,0.019467050247147923,0.019549263714539866,1,0,0.0,10,0.2919509462342726,0.0,0.0,0.0,0.0,0.0,0.0,,0.0,0.0,0.0,0.019549263714539866,0.0,0.0,0.0,0,0.0
2023-02-17,496.5497131347656,-0.0189393448352978,609.6185302734375,0.01687745413051389,-0.03581679896581169,0.03581679896581169,0.019520043472215906,0.01958810399821342,0,1,1.0,10,1.094050601163563,11.0,-10.0,-5462.046844482422,6096.185302734375,0.0,0.0,Opened,-5462.046844482422,6096.185302734375,0.0,0.01958810399821342,11558.232147216797,0.0,0.0,0,0.0
2023-02-18,496.5497131347656,0.0,609.6185302734375,0.0,0.0,0.0,0.019492918190160684,0.019508709060876282,1,0,-1.0,10,,-11.0,10.0,5462.046844482422,-6096.185302734375,0.0,0.0,Closed,5462.046844482422,-6096.185302734375,0.0,0.019508709060876282,11558.232147216797,0.0,0.0,0,0.0
2023-02-19,496.5497131347656,0.0,609.6185302734375,0.0,0.0,0.0,0.01945628976073124,0.01950816116854119,1,0,0.0,10,,0.0,0.0,0.0,0.0,0.0,0.0,,0.0,0.0,0.0,0.01950816116854119,0.0,0.0,0.0,0,0.0
2023-02-20,495.5910949707031,-0.0019305582879318717,612.1481323242188,0.004149483529719111,-0.006080041817650983,0.006080041817650983,0.019456253385070385,0.019482180755684513,0,0,0.0,10,2.654875509381947,0.0,0.0,0.0,0.0,0.0,0.0,,0.0,0.0,0.0,0.019482180755684513,0.0,0.0,0.0,0,0.0
2023-02-21,494.6325378417969,-0.0019341693961690831,611.3049926757812,-0.001377345782688666,-0.0005568236134804172,0.0005568236134804172,0.01944386244098968,0.019480633376477086,0,0,0.0,10,0.880083213485157,0.0,0.0,0.0,0.0,0.0,0.0,,0.0,0.0,0.0,0.019480633376477086,0.0,0.0,0.0,0,0.0
2023-02-22,486.0052490234375,-0.01744181419201085,601.186767578125,-0.0165518443639191,-0.0008899698280917523,0.0008899698280917523,0.01948056525669977,0.019503923774440206,0,0,0.0,10,1.1738786165691715,0.0,0.0,0.0,0.0,0.0,0.0,,0.0,0.0,0.0,0.019503923774440206,0.0,0.0,0.0,0,0.0
2023-02-23,496.5497131347656,0.021696193883740555,628.1685180664062,0.04488081232555552,-0.023184618441814964,0.023184618441814964,0.019546353275947916,0.019782802394414028,0,1,1.0,10,2.6169208501813093,27.0,-10.0,-13406.842254638672,6281.6851806640625,0.0,0.0,Opened,-13406.842254638672,6281.6851806640625,0.0,0.019782802394414028,19688.527435302734,0.0,0.0,0,0.0
2023-02-24,489.839599609375,-0.013513477800700002,609.6185302734375,-0.029530272943426583,0.01601679514272658,0.01601679514272658,0.019573510604904806,0.019910809209837926,1,0,-1.0,10,2.719597270878757,-27.0,10.0,13225.669189453125,-6096.185302734375,-181.17306518554688,185.4998779296875,Closed,13225.669189453125,-6096.185302734375,4.326812744140625,0.019910809209837926,19321.8544921875,4.326812744140625,0.0002239336159937498,0,4.326812744140625
2023-02-25,489.839599609375,0.0,609.6185302734375,0.0,0.0,0.0,0.01947165848229498,0.019712302915740915,1,0,0.0,10,,0.0,0.0,0.0,0.0,0.0,0.0,,0.0,0.0,0.0,0.019712302915740915,0.0,0.0,0.0,0,0.0
2023-02-26,489.839599609375,0.0,609.6185302734375,0.0,0.0,0.0,0.019467471192572985,0.01970827064256745,1,0,0.0,10,,0.0,0.0,0.0,0.0,0.0,0.0,,0.0,0.0,0.0,0.01970827064256745,0.0,0.0,0.0,0,0.0
2023-02-27,489.839599609375,0.0,609.6185302734375,0.0,0.0,0.0,0.019422081300677328,0.01967835070316075,1,0,0.0,10,,0.0,0.0,0.0,0.0,0.0,0.0,,0.0,0.0,0.0,0.01967835070316075,0.0,0.0,0.0,0,0.0
2023-02-28,489.839599609375,0.0,609.6185302734375,0.0,0.0,0.0,0.01929986276199364,0.019556989119451702,1,0,0.0,10,,0.0,0.0,0.0,0.0,0.0,0.0,,0.0,0.0,0.0,0.019556989119451702,0.0,0.0,0.0,0,0.0
2023-03-01,500.3841552734375,0.021526548021987724,666.9547729492188,0.09405265724134693,-0.0725261092193592,0.0725261092193592,0.01934332033710657,0.020485521454269767,0,1,1.0,10,5.823572859035277,59.0,-10.0,-29522.665161132812,6669.5477294921875,0.0,0.0,Opened,-29522.665161132812,6669.5477294921875,0.0,0.020485521454269767,36192.212890625,0.0,0.0,0,0.0
2023-03-02,497.50830078125,-0.005747293278333232,653.4639892578125,-0.02022743406086014,0.014480140782526907,0.014480140782526907,0.019349153275834217,0.020549503578741586,1,0,-1.0,10,4.622732501125459,-59.0,10.0,29352.98974609375,-6534.639892578125,-169.6754150390625,134.9078369140625,Closed,29352.98974609375,-6534.639892578125,-34.767578125,0.020549503578741586,35887.629638671875,-34.767578125,-0.0009687900392154926,0,-34.767578125
2023-03-03,494.6325378417969,-0.005780331574241515,653.4639892578125,0.0,-0.005780331574241515,0.005780331574241515,0.019354992108193452,0.020549503578741586,0,0,0.0,10,0.0,0.0,0.0,0.0,0.0,0.0,0.0,,0.0,0.0,0.0,0.020549503578741586,0.0,0.0,0.0,0,0.0
2023-03-04,494.6325378417969,0.0,653.4639892578125,0.0,0.0,0.0,0.019354727999485316,0.020513426200636842,1,0,0.0,10,,0.0,0.0,0.0,0.0,0.0,0.0,,0.0,0.0,0.0,0.020513426200636842,0.0,0.0,0.0,0,0.0
2023-03-05,494.6325378417969,0.0,653.4639892578125,0.0,0.0,0.0,0.0193502337559991,0.02051088628150787,1,0,0.0,10,,0.0,0.0,0.0,0.0,0.0,0.0,,0.0,0.0,0.0,0.02051088628150787,0.0,0.0,0.0,0,0.0
2023-03-06,499.4255065917969,0.00968995847081322,661.052490234375,0.011612730160052598,-0.0019227716892393776,0.0019227716892393776,0.019190400669358704,0.020484002475532993,0,0,0.0,10,1.5862719535844132,0.0,0.0,0.0,0.0,0.0,0.0,,0.0,0.0,0.0,0.020484002475532993,0.0,0.0,0.0,0,0.0
2023-03-07,502.30126953125,0.005758141908045689,664.4252319335938,0.00510207850215183,0.0006560634058938586,0.0006560634058938586,0.01919104464017542,0.020482419786511608,1,0,0.0,10,1.172051280323786,0.0,0.0,0.0,0.0,0.0,0.0,,0.0,0.0,0.0,0.020482419786511608,0.0,0.0,0.0,0,0.0
2023-03-08,499.4255065917969,-0.005725175534867399,647.5616455078125,-0.02538071345771331,0.01965553792284591,0.01965553792284591,0.019197106320470454,0.020580012822160633,1,0,0.0,10,5.748114605099516,0.0,0.0,0.0,0.0,0.0,0.0,,0.0,0.0,0.0,0.020580012822160633,0.0,0.0,0.0,0,0.0
2023-03-09,500.3841552734375,0.001919502846746246,646.718505859375,-0.0013020222156244765,0.0032215250623707226,0.0032215250623707226,0.01919721537587579,0.02058072600708232,1,0,0.0,10,0.8766805533462607,0.0,0.0,0.0,0.0,0.0,0.0,,0.0,0.0,0.0,0.02058072600708232,0.0,0.0,0.0,0,0.0
2023-03-10,491.75677490234375,-0.017241513905210004,637.4434814453125,-0.014341671577400739,-0.0028998423278092655,0.0028998423278092655,0.01924403501053461,0.020613767626779276,0,0,0.0,10,1.0782406695451396,0.0,0.0,0.0,0.0,0.0,0.0,,0.0,0.0,0.0,0.020613767626779276,0.0,0.0,0.0,0,0.0
2023-03-11,491.75677490234375,0.0,637.4434814453125,0.0,0.0,0.0,0.019163048892105038,0.020610383821707764,1,0,0.0,10,,0.0,0.0,0.0,0.0,0.0,0.0,,0.0,0.0,0.0,0.020610383821707764,0.0,0.0,0.0,0,0.0
2023-03-12,491.75677490234375,0.0,637.4434814453125,0.0,0.0,0.0,0.0191389703416876,0.02060949773249963,1,0,0.0,10,,0.0,0.0,0.0,0.0,0.0,0.0,,0.0,0.0,0.0,0.02060949773249963,0.0,0.0,0.0,0,0.0
2023-03-13,494.6325378417969,0.0058479376110764925,644.1889038085938,0.01058199285054573,-0.004734055239469237,0.004734055239469237,0.019036989155571067,0.02057260479241017,0,0,0.0,10,2.356651104556061,0.0,0.0,0.0,0.0,0.0,0.0,,0.0,0.0,0.0,0.02057260479241017,0.0,0.0,0.0,0,0.0
2023-03-14,488.8809814453125,-0.011627937825481216,641.6593627929688,-0.003926706903316313,-0.007701230922164903,0.007701230922164903,0.019058273163284872,0.02057644659276602,0,0,0.0,10,0.4432279896576994,0.0,0.0,0.0,0.0,0.0,0.0,,0.0,0.0,0.0,0.02057644659276602,0.0,0.0,0.0,0,0.0
2023-03-15,489.839599609375,0.0019608415963092707,639.1298217773438,-0.003942186715104712,0.0059030283114139825,0.0059030283114139825,0.019043686226109895,0.020478100472299702,1,0,0.0,10,2.6231907338702922,0.0,0.0,0.0,0.0,0.0,0.0,,0.0,0.0,0.0,0.020478100472299702,0.0,0.0,0.0,0,0.0
2023-03-16,486.7071533203125,-0.006394840865378115,637.4434814453125,-0.002638494206610109,-0.003756346658768006,0.003756346658768006,0.019050872586271517,0.02048012778355098,0,0,0.0,10,0.5403813580162993,0.0,0.0,0.0,0.0,0.0,0.0,,0.0,0.0,0.0,0.02048012778355098,0.0,0.0,0.0,0,0.0
2023-03-17,499.2362365722656,0.0257425500457098,651.7775268554688,0.022486770713626036,0.0032557793320837636,0.0032557793320837636,0.019142623542919797,0.020539485279843363,1,0,0.0,10,1.1404304568703074,0.0,0.0,0.0,0.0,0.0,0.0,,0.0,0.0,0.0,0.020539485279843363,0.0,0.0,0.0,0,0.0
2023-03-18,499.2362365722656,0.0,651.7775268554688,0.0,0.0,0.0,0.01912380119602529,0.020536335427026566,1,0,0.0,10,,0.0,0.0,0.0,0.0,0.0,0.0,,0.0,0.0,0.0,0.020536335427026566,0.0,0.0,0.0,0,0.0
2023-03-19,499.2362365722656,0.0,651.7775268554688,0.0,0.0,0.0,0.01906780074406002,0.020536671199823477,1,0,0.0,10,,0.0,0.0,0.0,0.0,0.0,0.0,,0.0,0.0,0.0,0.020536671199823477,0.0,0.0,0.0,0,0.0
2023-03-20,493.45355224609375,-0.011583062090755991,649.2479858398438,-0.003880988391589568,-0.007702073699166423,0.007702073699166423,0.019067946358129955,0.020540364341033783,0,0,0.0,10,0.4408423315527278,0.0,0.0,0.0,0.0,0.0,0.0,,0.0,0.0,0.0,0.020540364341033783,0.0,0.0,0.0,0,0.0
2023-03-21,498.27239990234375,0.009765554699759704,650.0912475585938,0.0012988283939905365,0.008466726305769168,0.008466726305769168,0.019048687960559967,0.02045686814162654,1,0,0.0,10,0.17352511652703717,0.0,0.0,0.0,0.0,0.0,0.0,,0.0,0.0,0.0,0.02045686814162654,0.0,0.0,0.0,0,0.0
2023-03-22,513.6929321289062,0.030947995974861975,658.52294921875,0.012970027964261055,0.01797796801060092,0.01797796801060092,0.019112938790213245,0.02041722517794566,1,0,0.0,10,0.5372491102781538,0.0,0.0,0.0,0.0,0.0,0.0,,0.0,0.0,0.0,0.02041722517794566,0.0,0.0,0.0,0,0.0
2023-03-23,518.5117797851562,0.009380794157083594,668.64111328125,0.015364937660113265,-0.005984143503029671,0.005984143503029671,0.019122650907824276,0.020441516679034297,0,0,0.0,10,2.112154319778776,0.0,0.0,0.0,0.0,0.0,0.0,,0.0,0.0,0.0,0.020441516679034297,0.0,0.0,0.0,0,0.0
2023-03-24,519.4755249023438,0.0018586754530183214,666.111572265625,-0.0037831072086065287,0.00564178266162485,0.00564178266162485,0.019122515520868744,0.020445470807290155,1,0,0.0,10,2.609918666558389,0.0,0.0,0.0,0.0,0.0,0.0,,0.0,0.0,0.0,0.020445470807290155,0.0,0.0,0.0,0,0.0
2023-03-25,519.4755249023438,0.0,666.111572265625,0.0,0.0,0.0,0.019064705094289928,0.020386005738992036,1,0,0.0,10,,0.0,0.0,0.0,0.0,0.0,0.0,,0.0,0.0,0.0,0.020386005738992036,0.0,0.0,0.0,0,0.0
2023-03-26,519.4755249023438,0.0,666.111572265625,0.0,0.0,0.0,0.01906430984570998,0.020384603302526755,1,0,0.0,10,,0.0,0.0,0.0,0.0,0.0,0.0,,0.0,0.0,0.0,0.020384603302526755,0.0,0.0,0.0,0,0.0
2023-03-27,511.7652893066406,-0.01484234622440117,657.6798095703125,-0.012658183773378684,-0.0021841624510224866,0.0021841624510224866,0.01902070812445471,0.020164551326055335,0,0,0.0,10,1.096004965054329,0.0,0.0,0.0,0.0,0.0,0.0,,0.0,0.0,0.0,0.020164551326055335,0.0,0.0,0.0,0,0.0
2023-03-28,505.9825744628906,-0.011299544858903277,645.8753051757812,-0.017948710334050877,0.0066491654751476,0.0066491654751476,0.019034261255480082,0.020215764138007127,1,0,0.0,10,2.0276146359809446,0.0,0.0,0.0,0.0,0.0,0.0,,0.0,0.0,0.0,0.020215764138007127,0.0,0.0,0.0,0,0.0
2023-03-29,510.80157470703125,0.00952404388482364,651.7775268554688,0.009138330003314099,0.0003857138815095418,0.0003857138815095418,0.018899893031760696,0.02020054828387698,1,0,0.0,10,1.2243134030996574,0.0,0.0,0.0,0.0,0.0,0.0,,0.0,0.0,0.0,0.02020054828387698,0.0,0.0,0.0,0,0.0
2023-03-30,515.6204223632812,0.009433893501628043,655.993408203125,0.006468282771263878,0.0029656107303641654,0.0029656107303641654,0.018908775333998255,0.02020257685067737,1,0,0.0,10,0.8723030548009584,0.0,0.0,0.0,0.0,0.0,0.0,,0.0,0.0,0.0,0.02020257685067737,0.0,0.0,0.0,0,0.0
2023-03-31,513.6929321289062,-0.0037381960658978697,663.58203125,0.01156813917941868,-0.015306335245316549,0.015306335245316549,0.018912547581378836,0.02021419804991792,0,0,0.0,10,3.997536668960457,0.0,0.0,0.0,0.0,0.0,0.0,,0.0,0.0,0.0,0.02021419804991792,0.0,0.0,0.0,0,0.0
2023-04-01,513.6929321289062,0.0,663.58203125,0.0,0.0,0.0,0.01888630360769067,0.020206794023714416,1,0,0.0,10,,0.0,0.0,0.0,0.0,0.0,0.0,,0.0,0.0,0.0,0.020206794023714416,0.0,0.0,0.0,0,0.0
2023-04-02,513.6929321289062,0.0,663.58203125,0.0,0.0,0.0,0.01877646505991492,0.019943692135176237,1,0,0.0,10,,0.0,0.0,0.0,0.0,0.0,0.0,,0.0,0.0,0.0,0.019943692135176237,0.0,0.0,0.0,0,0.0
2023-04-03,513.6929321289062,0.0,663.58203125,0.0,0.0,0.0,0.018583393708958642,0.019676834104994368,1,0,0.0,10,,0.0,0.0,0.0,0.0,0.0,0.0,,0.0,0.0,0.0,0.019676834104994368,0.0,0.0,0.0,0,0.0
2023-04-04,513.6929321289062,0.0,663.58203125,0.0,0.0,0.0,0.018560908696061622,0.019609719770315618,1,0,0.0,10,,0.0,0.0,0.0,0.0,0.0,0.0,,0.0,0.0,0.0,0.019609719770315618,0.0,0.0,0.0,0,0.0
2023-04-05,513.6929321289062,0.0,663.58203125,0.0,0.0,0.0,0.01842460708506694,0.019406817520196424,1,0,0.0,10,,0.0,0.0,0.0,0.0,0.0,0.0,,0.0,0.0,0.0,0.019406817520196424,0.0,0.0,0.0,0,0.0
2023-04-06,510.80157470703125,-0.005628571547387828,634.9140014648438,-0.043201938019861386,0.03757336647247356,0.03757336647247356,0.018431635466229918,0.01969688158898282,1,1,1.0,10,9.540424863580101,-96.0,10.0,49036.951171875,-6349.1400146484375,0.0,0.0,Opened,49036.951171875,-6349.1400146484375,0.0,0.01969688158898282,55386.09118652344,0.0,0.0,0,0.0
2023-04-07,511.7652893066406,0.0018866711602487651,631.541259765625,-0.005312123675706215,0.00719879483595498,0.00719879483595498,0.018431434759133777,0.01970353748054047,1,1,0.0,10,3.4745844325184176,96.0,-10.0,-49129.4677734375,6315.41259765625,-92.5166015625,-33.7274169921875,Live,0.0,0.0,0.0,0.01970353748054047,55444.88037109375,-126.2440185546875,-0.0022769283243057542,0,0.0
2023-04-08,511.7652893066406,0.0,631.541259765625,0.0,0.0,0.0,0.018431434759133777,0.01970353748054047,1,1,0.0,10,,96.0,-10.0,-49129.4677734375,6315.41259765625,-92.5166015625,-33.7274169921875,Live,0.0,0.0,0.0,0.01970353748054047,55444.88037109375,-126.2440185546875,-0.0022769283243057542,0,0.0
2023-04-09,511.7652893066406,0.0,631.541259765625,0.0,0.0,0.0,0.017305963903756813,0.019616762435380415,1,1,0.0,10,,96.0,-10.0,-49129.4677734375,6315.41259765625,-92.5166015625,-33.7274169921875,Live,0.0,0.0,0.0,0.019616762435380415,55444.88037109375,-126.2440185546875,-0.0022769283243057542,0,0.0
2023-04-10,509.8377685546875,-0.003766415566332393,625.638916015625,-0.009345935295170471,0.005579519728838078,0.005579519728838078,0.017288664890089664,0.019622873861099937,1,1,0.0,10,3.044992898364256,96.0,-10.0,-48944.42578125,6256.38916015625,92.525390625,-92.7508544921875,Live,0.0,0.0,0.0,0.019622873861099937,55200.81494140625,-0.2254638671875,-4.084430047397345e-06,0,0.0
2023-04-11,505.0188903808594,-0.009451787354806784,637.4434814453125,0.01886801656275594,-0.028319803917562725,0.028319803917562725,0.01729853226193197,0.019646268850759013,0,0,-1.0,10,2.5196856780810273,96.0,-10.0,-48481.8134765625,6374.434814453125,555.1376953125,25.2947998046875,Closed,-48481.8134765625,6374.434814453125,580.4324951171875,0.019646268850759013,54856.248291015625,580.4324951171875,0.010580973238234575,0,580.4324951171875
2023-04-12,501.16375732421875,-0.007633641295543003,639.1298217773438,0.00264547427515871,-0.010279115570701713,0.010279115570701713,0.017033630295873004,0.01886154319660236,0,0,0.0,10,0.4419582240708082,0.0,0.0,0.0,0.0,0.0,0.0,,0.0,0.0,0.0,0.01886154319660236,0.0,0.0,0.0,0,0.0
2023-04-13,491.5260009765625,-0.019230752836385312,632.3843994140625,-0.01055407232371508,-0.008676680512670232,0.008676680512670232,0.01710324445591171,0.01888298335876639,0,0,0.0,10,0.7060873503090199,0.0,0.0,0.0,0.0,0.0,0.0,,0.0,0.0,0.0,0.01888298335876639,0.0,0.0,0.0,0,0.0
2023-04-14,497.3086853027344,0.011764757743604415,630.6981201171875,-0.002666541582046378,0.014431299325650793,0.014431299325650793,0.01712036981657059,0.01888525688776553,1,0,0.0,10,0.28744904105549973,0.0,0.0,0.0,0.0,0.0,0.0,,0.0,0.0,0.0,0.01888525688776553,0.0,0.0,0.0,0,0.0
2023-04-15,497.3086853027344,0.0,630.6981201171875,0.0,0.0,0.0,0.01688396669619156,0.018858486596479825,1,0,0.0,10,,0.0,0.0,0.0,0.0,0.0,0.0,,0.0,0.0,0.0,0.018858486596479825,0.0,0.0,0.0,0,0.0
2023-04-16,497.3086853027344,0.0,630.6981201171875,0.0,0.0,0.0,0.016791988093626996,0.018822110287197154,1,0,0.0,10,,0.0,0.0,0.0,0.0,0.0,0.0,,0.0,0.0,0.0,0.018822110287197154,0.0,0.0,0.0,0,0.0
2023-04-17,501.16375732421875,0.007751869483513252,597.8140258789062,-0.05213919811933354,0.05989106760284679,0.05989106760284679,0.016649176618633472,0.019184207852121837,1,1,1.0,10,8.02313942289517,-81.0,10.0,40594.26434326172,-5978.1402587890625,0.0,0.0,Opened,40594.26434326172,-5978.1402587890625,0.0,0.019184207852121837,46572.40460205078,0.0,0.0,0,0.0
2023-04-18,496.34490966796875,-0.009615315524766799,580.1072998046875,-0.02961912117767118,0.020003805652904383,0.020003805652904383,0.016668647433697815,0.019296690567082823,1,1,0.0,10,3.600256031348361,81.0,-10.0,-40203.93768310547,5801.072998046875,390.32666015625,-177.0672607421875,Live,0.0,0.0,0.0,0.019296690567082823,46005.010681152344,213.2593994140625,0.004635568957740338,0,0.0
2023-04-19,491.5260009765625,-0.009708790394626687,569.14599609375,-0.018895303876762082,0.009186513482135394,0.009186513482135394,0.016610649295109185,0.01934899265547623,1,1,0.0,10,2.253543492801701,81.0,-10.0,-39813.60607910156,5691.4599609375,780.6582641601562,-286.6802978515625,Live,0.0,0.0,0.0,0.01934899265547623,45505.06604003906,493.97796630859375,0.0108554499376828,0,0.0
2023-04-20,494.4173583984375,0.005882409915509035,567.4596557617188,-0.002962931029305671,0.008845340944814706,0.008845340944814706,0.01661308206630281,0.019351239318134924,1,1,0.0,10,0.5781060807639278,81.0,-10.0,-40047.80603027344,5674.5965576171875,546.4583129882812,-303.543701171875,Live,0.0,0.0,0.0,0.019351239318134924,45722.402587890625,242.91461181640625,0.005312813808273958,0,0.0
2023-04-21,492.48980712890625,-0.0038986318679731236,560.7141723632812,-0.01188715943053753,0.007988527562564407,0.007988527562564407,0.01661788793355676,0.019375408543095766,1,1,0.0,10,3.47144385644337,81.0,-10.0,-39891.674377441406,5607.1417236328125,702.5899658203125,-370.99853515625,Live,0.0,0.0,0.0,0.019375408543095766,45498.81610107422,331.5914306640625,0.007287913380590878,0,0.0
2023-04-22,492.48980712890625,0.0,560.7141723632812,0.0,0.0,0.0,0.01660723944729796,0.01918706773194693,1,1,0.0,10,,81.0,-10.0,-39891.674377441406,5607.1417236328125,702.5899658203125,-370.99853515625,Live,0.0,0.0,0.0,0.01918706773194693,45498.81610107422,331.5914306640625,0.007287913380590878,0,0.0
2023-04-23,492.48980712890625,0.0,560.7141723632812,0.0,0.0,0.0,0.01629090631536932,0.018909725963238096,1,1,0.0,10,,81.0,-10.0,-39891.674377441406,5607.1417236328125,702.5899658203125,-370.99853515625,Live,0.0,0.0,0.0,0.018909725963238096,45498.81610107422,331.5914306640625,0.007287913380590878,0,0.0
2023-04-24,488.6347351074219,-0.0078277194079579,569.9891967773438,0.016541448158819305,-0.024369167566777206,0.024369167566777206,0.016284239265639572,0.018834437764157542,0,0,-1.0,10,2.46502067953221,81.0,-10.0,-39579.41354370117,5699.8919677734375,1014.8507995605469,-278.248291015625,Closed,-39579.41354370117,5699.8919677734375,736.6025085449219,0.018834437764157542,45279.30551147461,736.6025085449219,0.01626797275762662,0,736.6025085449219
2023-04-25,479.960693359375,-0.01775158646087649,548.0665283203125,-0.03846155081706737,0.02070996435619088,0.02070996435619088,0.01625434863580343,0.019023194395652476,1,1,1.0,10,2.4740998727906973,-25.0,10.0,11999.017333984375,-5480.665283203125,0.0,0.0,Opened,11999.017333984375,-5480.665283203125,0.0,0.019023194395652476,17479.6826171875,0.0,0.0,0,0.0
2023-04-26,473.6961364746094,-0.01305222900841796,547.2233276367188,-0.0015385006017023528,-0.011513728406715606,0.011513728406715606,0.016240591457753487,0.018768431382094913,0,0,-1.0,10,0.13616884239300012,25.0,-10.0,-11842.403411865234,5472.2332763671875,156.61392211914062,-8.4320068359375,Closed,-11842.403411865234,5472.2332763671875,148.18191528320312,0.018768431382094913,17314.636688232422,148.18191528320312,0.008558187962668155,0,148.18191528320312
2023-04-27,475.62371826171875,0.004069236877157101,558.1846313476562,0.02003076834877615,-0.01596153147161905,0.01596153147161905,0.01624114467694968,0.01882211385741421,0,0,0.0,10,5.776955309760305,0.0,0.0,0.0,0.0,0.0,0.0,,0.0,0.0,0.0,0.01882211385741421,0.0,0.0,0.0,0,0.0
2023-04-28,483.8157958984375,0.01722386273472365,560.7141723632812,0.004531728165853899,0.01269213456886975,0.01269213456886975,0.016282052417732083,0.01882372614374002,1,0,0.0,10,0.30492623057936563,0.0,0.0,0.0,0.0,0.0,0.0,,0.0,0.0,0.0,0.01882372614374002,0.0,0.0,0.0,0,0.0
2023-04-29,483.8157958984375,0.0,560.7141723632812,0.0,0.0,0.0,0.016166160183890544,0.01854367507077,1,0,0.0,10,,0.0,0.0,0.0,0.0,0.0,0.0,,0.0,0.0,0.0,0.01854367507077,0.0,0.0,0.0,0,0.0
2023-04-30,483.8157958984375,0.0,560.7141723632812,0.0,0.0,0.0,0.01616570689045482,0.01851223423111124,1,0,0.0,10,,0.0,0.0,0.0,0.0,0.0,0.0,,0.0,0.0,0.0,0.01851223423111124,0.0,0.0,0.0,0,0.0
2023-05-01,483.8157958984375,0.0,560.7141723632812,0.0,0.0,0.0,0.016156672493169585,0.01851223423111124,1,0,0.0,10,,0.0,0.0,0.0,0.0,0.0,0.0,,0.0,0.0,0.0,0.01851223423111124,0.0,0.0,0.0,0,0.0
2023-05-02,482.85198974609375,-0.0019920931902480676,565.7732543945312,0.009022568503890493,-0.011014661694138561,0.011014661694138561,0.016008355199535466,0.01852238663498432,0,0,0.0,10,5.306998015111407,0.0,0.0,0.0,0.0,0.0,0.0,,0.0,0.0,0.0,0.01852238663498432,0.0,0.0,0.0,0,0.0
2023-05-03,478.03314208984375,-0.00997996851744154,573.3618774414062,0.01341283453739095,-0.02339280305483249,0.02339280305483249,0.01602374450485282,0.01854106632031384,0,1,1.0,10,1.6119894755266584,17.0,-10.0,-8126.563415527344,5733.6187744140625,0.0,0.0,Opened,-8126.563415527344,5733.6187744140625,0.0,0.01854106632031384,13860.182189941406,0.0,0.0,0,0.0
2023-05-04,479.960693359375,0.004032254460651918,563.2437133789062,-0.01764708199235654,0.021679336453008458,0.021679336453008458,0.016024259241809495,0.018592395991065696,1,0,-1.0,10,5.135889290889842,-17.0,10.0,8159.331787109375,-5632.4371337890625,32.76837158203125,101.181640625,Closed,8159.331787109375,-5632.4371337890625,133.95001220703125,0.018592395991065696,13791.768920898438,133.95001220703125,0.00971231558296043,0,133.95001220703125
2023-05-05,481.8882751464844,0.004016124265546983,569.14599609375,0.010479092042476434,-0.006462967776929451,0.006462967776929451,0.0160247293094334,0.018606296112779724,0,0,0.0,10,3.081724692691532,0.0,0.0,0.0,0.0,0.0,0.0,,0.0,0.0,0.0,0.018606296112779724,0.0,0.0,0.0,0,0.0
2023-05-06,481.8882751464844,0.0,569.14599609375,0.0,0.0,0.0,0.01596001385756716,0.018390846044438365,1,0,0.0,10,,0.0,0.0,0.0,0.0,0.0,0.0,,0.0,0.0,0.0,0.018390846044438365,0.0,0.0,0.0,0,0.0
2023-05-07,481.8882751464844,0.0,569.14599609375,0.0,0.0,0.0,0.015878742966577347,0.018390846044438365,1,0,0.0,10,,0.0,0.0,0.0,0.0,0.0,0.0,,0.0,0.0,0.0,0.018390846044438365,0.0,0.0,0.0,0,0.0
2023-05-08,485.7433166503906,0.007999865742187584,569.14599609375,0.0,0.007999865742187584,0.007999865742187584,0.015545942954625795,0.018039283206608567,1,0,0.0,10,0.0,0.0,0.0,0.0,0.0,0.0,0.0,,0.0,0.0,0.0,0.018039283206608567,0.0,0.0,0.0,0,0.0
2023-05-09,491.5260009765625,0.011904815008157765,570.832275390625,0.002962823789411706,0.00894199121874606,0.00894199121874606,0.015461354698112459,0.018005250107310133,1,0,0.0,10,0.2890315128970978,0.0,0.0,0.0,0.0,0.0,0.0,,0.0,0.0,0.0,0.018005250107310133,0.0,0.0,0.0,0,0.0
2023-05-10,484.7795715332031,-0.013725478265555813,563.2437133789062,-0.01329385589931098,-0.00043162236624483263,0.00043162236624483263,0.014229172530752197,0.01745666198372474,0,0,0.0,10,1.1253186667881827,0.0,0.0,0.0,0.0,0.0,0.0,,0.0,0.0,0.0,0.01745666198372474,0.0,0.0,0.0,0,0.0
2023-05-11,480.92449951171875,-0.00795221632234211,563.2437133789062,0.0,-0.00795221632234211,0.00795221632234211,0.014244274817830046,0.01745666198372474,0,0,0.0,10,0.0,0.0,0.0,0.0,0.0,0.0,0.0,,0.0,0.0,0.0,0.01745666198372474,0.0,0.0,0.0,0,0.0
2023-05-12,478.03314208984375,-0.006012081781673784,567.4596557617188,0.007485112186199183,-0.013497193967872967,0.013497193967872967,0.014253304806153609,0.01746583813804029,0,0,0.0,10,1.4779182676098475,0.0,0.0,0.0,0.0,0.0,0.0,,0.0,0.0,0.0,0.01746583813804029,0.0,0.0,0.0,0,0.0
2023-05-13,478.03314208984375,0.0,567.4596557617188,0.0,0.0,0.0,0.014243427804276938,0.017462977932308783,1,0,0.0,10,,0.0,0.0,0.0,0.0,0.0,0.0,,0.0,0.0,0.0,0.017462977932308783,0.0,0.0,0.0,0,0.0
2023-05-14,478.03314208984375,0.0,567.4596557617188,0.0,0.0,0.0,0.01299213330541392,0.017254292265484104,1,0,0.0,10,,0.0,0.0,0.0,0.0,0.0,0.0,,0.0,0.0,0.0,0.017254292265484104,0.0,0.0,0.0,0,0.0
2023-05-15,477.55126953125,-0.0010080316952233437,573.3618774414062,0.01040113005349208,-0.011409161748715424,0.011409161748715424,0.012948455987193458,0.017256643608812877,0,0,0.0,10,12.388397977412643,0.0,0.0,0.0,0.0,0.0,0.0,,0.0,0.0,0.0,0.017256643608812877,0.0,0.0,0.0,0,0.0
2023-05-16,486.7071533203125,0.019172567163415977,573.3618774414062,0.0,0.019172567163415977,0.019172567163415977,0.013020847950694477,0.017252168837314882,1,0,0.0,10,0.0,0.0,0.0,0.0,0.0,0.0,0.0,,0.0,0.0,0.0,0.017252168837314882,0.0,0.0,0.0,0,0.0
2023-05-17,500.1999816894531,0.027722683500936096,577.5777587890625,0.007352915346359179,0.020369768154576917,0.020369768154576917,0.01317673123239476,0.017258809238295463,1,1,1.0,10,0.30626057168355997,-4.0,10.0,2000.7999267578125,-5775.777587890625,0.0,0.0,Opened,2000.7999267578125,-5775.777587890625,0.0,0.017258809238295463,7776.5775146484375,0.0,0.0,0,0.0
2023-05-18,510.80157470703125,0.021194708927758654,580.9505004882812,0.005839459099481248,0.015355249828277406,0.015355249828277406,0.013266622258657443,0.017264571640391895,1,1,0.0,10,0.3133517085176968,4.0,-10.0,-2043.206298828125,5809.5050048828125,-42.4063720703125,33.7274169921875,Live,0.0,0.0,0.0,0.017264571640391895,7852.7113037109375,-8.678955078125,-0.0011052176429844818,0,0.0
2023-05-19,512.7291259765625,0.0037735812984460715,588.5390625,0.013062321153593404,-0.009288739855147332,0.009288739855147332,0.013268620584173291,0.017292479746996808,0,0,-1.0,10,3.9733237285476717,4.0,-10.0,-2050.91650390625,5885.390625,-50.1165771484375,109.613037109375,Closed,-2050.91650390625,5885.390625,59.4964599609375,0.017292479746996808,7936.30712890625,59.4964599609375,0.007496743635869982,0,59.4964599609375
2023-05-20,512.7291259765625,0.0,588.5390625,0.0,0.0,0.0,0.013243517347123009,0.017291269637819538,1,0,0.0,10,,0.0,0.0,0.0,0.0,0.0,0.0,,0.0,0.0,0.0,0.017291269637819538,0.0,0.0,0.0,0,0.0
2023-05-21,512.7291259765625,0.0,588.5390625,0.0,0.0,0.0,0.01317488143633452,0.01727598757227053,1,0,0.0,10,,0.0,0.0,0.0,0.0,0.0,0.0,,0.0,0.0,0.0,0.01727598757227053,0.0,0.0,0.0,0,0.0
2023-05-22,511.7652893066406,-0.0018798164978166554,594.4412841796875,0.010028598024770075,-0.01190841452258673,0.01190841452258673,0.013175717809548532,0.017271288899687827,0,0,0.0,10,6.196734718913482,0.0,0.0,0.0,0.0,0.0,0.0,,0.0,0.0,0.0,0.017271288899687827,0.0,0.0,0.0,0,0.0
2023-05-23,510.80157470703125,-0.0018831183351943892,603.7163696289062,0.015603030435576315,-0.017486148770770704,0.017486148770770704,0.013164758758235896,0.01713856505316127,0,1,1.0,10,9.792916873752173,98.0,-10.0,-50058.55432128906,6037.1636962890625,0.0,0.0,Opened,-50058.55432128906,6037.1636962890625,0.0,0.01713856505316127,56095.718017578125,0.0,0.0,0,0.0
2023-05-24,505.9825744628906,-0.009434192224063831,599.50048828125,-0.006983215231098794,-0.002450976992965037,0.002450976992965037,0.013182913664868068,0.01714627090818197,0,1,0.0,10,0.8770102871849974,-98.0,10.0,49586.29229736328,-5995.0048828125,-472.26202392578125,42.1588134765625,Live,0.0,0.0,0.0,0.01714627090818197,55581.29718017578,-430.10321044921875,-0.007738272265488326,0,0.0
2023-05-25,523.3306274414062,0.034285870411507435,596.970947265625,-0.004219414437638069,0.038505284849145505,0.038505284849145505,0.01342203592900771,0.017149184015501216,1,0,-1.0,10,0.1403828480297024,-98.0,10.0,51286.40148925781,-5969.70947265625,1227.84716796875,67.4542236328125,Closed,51286.40148925781,-5969.70947265625,1295.3013916015625,0.017149184015501216,57256.11096191406,1295.3013916015625,0.02262293700777509,0,1295.3013916015625
2023-05-26,545.4974975585938,0.04235729566519475,615.5208740234375,0.03107341629065674,0.011283879374538008,0.011283879374538008,0.013777509457636339,0.01730489832854156,1,0,0.0,10,0.8277721332647479,0.0,0.0,0.0,0.0,0.0,0.0,,0.0,0.0,0.0,0.01730489832854156,0.0,0.0,0.0,0,0.0
2023-05-27,545.4974975585938,0.0,615.5208740234375,0.0,0.0,0.0,0.01351083312489617,0.01712525909301782,1,0,0.0,10,,0.0,0.0,0.0,0.0,0.0,0.0,,0.0,0.0,0.0,0.01712525909301782,0.0,0.0,0.0,0,0.0
2023-05-28,545.4974975585938,0.0,615.5208740234375,0.0,0.0,0.0,0.01347869046291674,0.017093684265890762,1,0,0.0,10,,0.0,0.0,0.0,0.0,0.0,0.0,,0.0,0.0,0.0,0.017093684265890762,0.0,0.0,0.0,0,0.0
2023-05-29,547.425048828125,0.003533565741654421,622.2662963867188,0.010958884820897907,-0.0074253190792434864,0.0074253190792434864,0.013474479469417378,0.016985660878860533,0,0,0.0,10,3.5253707757883106,0.0,0.0,0.0,0.0,0.0,0.0,,0.0,0.0,0.0,0.016985660878860533,0.0,0.0,0.0,0,0.0
2023-05-30,545.4974975585938,-0.0035211236198591234,643.345703125,0.03387521847267316,-0.037396342092532286,0.037396342092532286,0.013422476456094784,0.01715212872803346,0,1,1.0,10,11.346253287047883,114.0,-10.0,-62186.71472167969,6433.45703125,0.0,0.0,Opened,-62186.71472167969,6433.45703125,0.0,0.01715212872803346,68620.17175292969,0.0,0.0,0,0.0
2023-05-31,537.787353515625,-0.014134151077641932,639.9729614257812,-0.005242502876503186,-0.008891648201138747,0.008891648201138747,0.013434639690947714,0.017155666633400676,0,1,0.0,10,0.44138745816282765,-114.0,10.0,61307.75830078125,-6399.7296142578125,-878.9564208984375,33.7274169921875,Live,0.0,0.0,0.0,0.017155666633400676,67707.48791503906,-845.22900390625,-0.012483538083215598,0,0.0
2023-06-01,531.0408935546875,-0.012544846800198073,630.6981201171875,-0.014492551822706035,0.0019477050225079617,0.0019477050225079617,0.013471532850093459,0.017191021887956567,1,0,-1.0,10,1.3720598965756516,-114.0,10.0,60538.661865234375,-6306.981201171875,-1648.0528564453125,126.475830078125,Closed,60538.661865234375,-6306.981201171875,-1521.5770263671875,0.017191021887956567,66845.64306640625,-1521.5770263671875,-0.02276254601748108,1,-1521.5770263671875
2023-06-02,541.6423950195312,0.019963625388393913,633.2276000976562,0.004010603329527518,0.015953022058866395,0.015953022058866395,0.013547085896750811,0.01719334356231384,1,0,0.0,10,0.23486455765524894,0.0,0.0,0.0,0.0,0.0,0.0,,0.0,0.0,0.0,0.01719334356231384,0.0,0.0,0.0,0,0.0
2023-06-03,541.6423950195312,0.0,633.2276000976562,0.0,0.0,0.0,0.013534012514371248,0.01719334356231384,1,0,0.0,10,,0.0,0.0,0.0,0.0,0.0,0.0,,0.0,0.0,0.0,0.01719334356231384,0.0,0.0,0.0,0,0.0
2023-06-04,541.6423950195312,0.0,633.2276000976562,0.0,0.0,0.0,0.013419923705806233,0.01713316107505222,1,0,0.0,10,,0.0,0.0,0.0,0.0,0.0,0.0,,0.0,0.0,0.0,0.01713316107505222,0.0,0.0,0.0,0,0.0
2023-06-05,534.8959350585938,-0.01245556112847157,639.9729614257812,0.010652348898065656,-0.023107910026537226,0.023107910026537226,0.013446647433174856,0.017123493409940394,0,1,1.0,10,1.0232327059033992,11.0,-10.0,-5883.855285644531,6399.7296142578125,0.0,0.0,Opened,-5883.855285644531,6399.7296142578125,0.0,0.017123493409940394,12283.584899902344,0.0,0.0,0,0.0
2023-06-06,539.71484375,0.009009058352403398,638.2867431640625,-0.0026348273495212515,0.01164388570192465,0.01164388570192465,0.013445007667067426,0.017083985455254656,1,0,-1.0,10,0.3458790239564233,-11.0,10.0,5936.86328125,-6382.867431640625,53.00799560546875,16.8621826171875,Closed,5936.86328125,-6382.867431640625,69.87017822265625,0.017083985455254656,12319.730712890625,69.87017822265625,0.005671404663865607,0,69.87017822265625
2023-06-07,547.425048828125,0.014285701361395953,647.5616455078125,0.014530933695682258,-0.000245232334286305,0.000245232334286305,0.013396996355445863,0.016931436250443476,0,0,0.0,10,1.20322932015857,0.0,0.0,0.0,0.0,0.0,0.0,,0.0,0.0,0.0,0.016931436250443476,0.0,0.0,0.0,0,0.0
2023-06-08,538.7510986328125,-0.01584500054186566,647.5616455078125,0.0,-0.01584500054186566,0.01584500054186566,0.013455981513597252,0.016931436250443476,0,0,0.0,10,0.0,0.0,0.0,0.0,0.0,0.0,0.0,,0.0,0.0,0.0,0.016931436250443476,0.0,0.0,0.0,0,0.0
2023-06-09,544.5336303710938,0.010733215677806607,644.1889038085938,-0.005208371623946162,0.01594158730175277,0.01594158730175277,0.013475381014470158,0.016936626095277435,1,0,0.0,10,0.5740644334027488,0.0,0.0,0.0,0.0,0.0,0.0,,0.0,0.0,0.0,0.016936626095277435,0.0,0.0,0.0,0,0.0
2023-06-10,544.5336303710938,0.0,644.1889038085938,0.0,0.0,0.0,0.01343150468007233,0.016843091560808925,1,0,0.0,10,,0.0,0.0,0.0,0.0,0.0,0.0,,0.0,0.0,0.0,0.016843091560808925,0.0,0.0,0.0,0,0.0
2023-06-11,544.5336303710938,0.0,644.1889038085938,0.0,0.0,0.0,0.013416725428379319,0.01683938782727256,1,0,0.0,10,,0.0,0.0,0.0,0.0,0.0,0.0,,0.0,0.0,0.0,0.01683938782727256,0.0,0.0,0.0,0,0.0
2023-06-12,553.2078247070312,0.015929584238949746,646.718505859375,0.003926801650611544,0.012002782588338201,0.012002782588338201,0.013395189012985595,0.0168167439103676,1,0,0.0,10,0.28817844805917503,0.0,0.0,0.0,0.0,0.0,0.0,,0.0,0.0,0.0,0.0168167439103676,0.0,0.0,0.0,0,0.0
2023-06-13,571.5194702148438,0.033100843281654635,656.8366088867188,0.015645296888324722,0.017455546393329913,0.017455546393329913,0.013601325374914474,0.01639558015125083,1,1,1.0,10,0.5432141456362696,-6.0,10.0,3429.1168212890625,-6568.3660888671875,0.0,0.0,Opened,3429.1168212890625,-6568.3660888671875,0.0,0.01639558015125083,9997.48291015625,0.0,0.0,0,0.0
2023-06-14,568.6281127929688,-0.005059070727350901,657.6798095703125,0.001283729731542893,-0.006342800458893794,0.006342800458893794,0.01351800544504271,0.016222338572927323,0,0,-1.0,10,0.2934871094214882,6.0,-10.0,-3411.7686767578125,6576.798095703125,17.34814453125,8.4320068359375,Closed,-3411.7686767578125,6576.798095703125,25.7801513671875,0.016222338572927323,9988.566772460938,25.7801513671875,0.0025809660138894886,0,25.7801513671875
2023-06-15,572.2590942382812,0.0063855116615285645,645.8753051757812,-0.017948710334050877,0.02433422199557944,0.02433422199557944,0.013522762900610778,0.01628392257815483,1,1,1.0,10,3.1724407737405325,-32.0,10.0,18312.291015625,-6458.7530517578125,0.0,0.0,Opened,18312.291015625,-6458.7530517578125,0.0,0.01628392257815483,24771.044067382812,0.0,0.0,0,0.0
2023-06-16,570.3224487304688,-0.0033842109759572025,633.2276000976562,-0.019582270721254513,0.01619805974529731,0.01619805974529731,0.013527082476874073,0.016355613527522572,1,1,0.0,10,6.424583680206894,32.0,-10.0,-18250.318359375,6332.2760009765625,61.97265625,-126.47705078125,Live,0.0,0.0,0.0,0.016355613527522572,24582.594360351562,-64.50439453125,-0.0026239864509698357,0,0.0
2023-06-17,570.3224487304688,0.0,633.2276000976562,0.0,0.0,0.0,0.013502627202447728,0.01634754587180429,1,1,0.0,10,,32.0,-10.0,-18250.318359375,6332.2760009765625,61.97265625,-126.47705078125,Live,0.0,0.0,0.0,0.01634754587180429,24582.594360351562,-64.50439453125,-0.0026239864509698357,0,0.0
2023-06-18,570.3224487304688,0.0,633.2276000976562,0.0,0.0,0.0,0.013413398127452078,0.016302959063105943,1,1,0.0,10,,32.0,-10.0,-18250.318359375,6332.2760009765625,61.97265625,-126.47705078125,Live,0.0,0.0,0.0,0.016302959063105943,24582.594360351562,-64.50439453125,-0.0026239864509698357,0,0.0
2023-06-19,564.5127563476562,-0.010186680176704987,661.8956909179688,0.04527296475373355,-0.055459644930438534,0.055459644930438534,0.01344121657069745,0.016612979735068832,0,0,-1.0,10,5.211011818391871,32.0,-10.0,-18064.408203125,6618.9569091796875,247.8828125,160.203857421875,Closed,-18064.408203125,6618.9569091796875,408.086669921875,0.016612979735068832,24683.365112304688,408.086669921875,0.01653286203340416,0,408.086669921875
2023-06-20,564.5127563476562,0.0,645.0975952148438,-0.02537876576870912,0.02537876576870912,0.02537876576870912,0.013372713015726378,0.016714444010563444,1,0,0.0,10,inf,0.0,0.0,0.0,0.0,0.0,0.0,,0.0,0.0,0.0,0.016714444010563444,0.0,0.0,0.0,0,0.0
2023-06-21,562.576171875,-0.0034305415615153434,646.9647216796875,0.0028943317704073213,-0.006324873331922665,0.006324873331922665,0.013198287040871268,0.016714044445596224,0,0,0.0,10,0.9702527731906361,0.0,0.0,0.0,0.0,0.0,0.0,,0.0,0.0,0.0,0.016714044445596224,0.0,0.0,0.0,0,0.0
2023-06-22,562.576171875,0.0,646.9647216796875,0.0,0.0,0.0,0.013198287040871268,0.016714044445596224,1,0,0.0,10,,0.0,0.0,0.0,0.0,0.0,0.0,,0.0,0.0,0.0,0.016714044445596224,0.0,0.0,0.0,0,0.0
2023-06-23,562.576171875,0.0,646.9647216796875,0.0,0.0,0.0,0.013198287040871268,0.016714044445596224,1,0,0.0,10,,0.0,0.0,0.0,0.0,0.0,0.0,,0.0,0.0,0.0,0.016714044445596224,0.0,0.0,0.0,0,0.0
2023-06-24,562.576171875,0.0,646.9647216796875,0.0,0.0,0.0,0.013198067740752899,0.016678316394845325,1,0,0.0,10,,0.0,0.0,0.0,0.0,0.0,0.0,,0.0,0.0,0.0,0.016678316394845325,0.0,0.0,0.0,0,0.0
2023-06-25,562.576171875,0.0,646.9647216796875,0.0,0.0,0.0,0.013198499553989338,0.016671081432391464,1,0,0.0,10,,0.0,0.0,0.0,0.0,0.0,0.0,,0.0,0.0,0.0,0.016671081432391464,0.0,0.0,0.0,0,0.0
2023-06-26,555.7981567382812,-0.012048173164050713,639.49609375,-0.011544103842782927,-0.000504069321267786,0.000504069321267786,0.0131920609850885,0.016561295992718668,0,0,0.0,10,1.1024523250757938,0.0,0.0,0.0,0.0,0.0,0.0,,0.0,0.0,0.0,0.016561295992718668,0.0,0.0,0.0,0,0.0
2023-06-27,553.861572265625,-0.0034843305059181207,635.7619018554688,-0.005839272406863327,0.0023549419009452066,0.0023549419009452066,0.013163737351027749,0.016530335449278854,1,0,0.0,10,1.9236792376038172,0.0,0.0,0.0,0.0,0.0,0.0,,0.0,0.0,0.0,0.016530335449278854,0.0,0.0,0.0,0,0.0
2023-06-28,555.7981567382812,0.0034965135146214354,648.8318481445312,0.02055792624710273,-0.017061412732481296,0.017061412732481296,0.013161022897967707,0.0165837659000674,0,1,1.0,10,6.863713536807248,69.0,-10.0,-38350.072814941406,6488.3184814453125,0.0,0.0,Opened,-38350.072814941406,6488.3184814453125,0.0,0.0165837659000674,44838.39129638672,0.0,0.0,0,0.0
2023-06-29,554.829833984375,-0.0017422201606225318,649.7654418945312,0.0014388839769037265,-0.0031811041375262583,0.0031811041375262583,0.013162781965558213,0.016583486853378078,0,1,0.0,10,0.9672072543385688,-69.0,10.0,38283.258544921875,-6497.6544189453125,-66.81427001953125,-9.3359375,Live,0.0,0.0,0.0,0.016583486853378078,44780.91296386719,-76.15020751953125,-0.0017005059182463589,0,0.0
2023-06-30,557.7347412109375,0.0052356723604813915,642.296875,-0.011494250714157772,0.016729923074639164,0.016729923074639164,0.013165227158996753,0.016610625119283625,1,0,-1.0,10,2.528228461183324,-69.0,10.0,38483.69714355469,-6422.96875,133.62432861328125,65.3497314453125,Closed,38483.69714355469,-6422.96875,198.97406005859375,0.016610625119283625,44906.66589355469,198.97406005859375,0.004430835736730833,0,198.97406005859375
2023-07-01,557.7347412109375,0.0,642.296875,0.0,0.0,0.0,0.013165227158996753,0.016610625119283625,1,0,0.0,10,,0.0,0.0,0.0,0.0,0.0,0.0,,0.0,0.0,0.0,0.016610625119283625,0.0,0.0,0.0,0,0.0
2023-07-02,557.7347412109375,0.0,642.296875,0.0,0.0,0.0,0.013150262335133433,0.01646635560743274,1,0,0.0,10,,0.0,0.0,0.0,0.0,0.0,0.0,,0.0,0.0,0.0,0.01646635560743274,0.0,0.0,0.0,0,0.0
2023-07-03,560.6395874023438,0.0052082934355126564,645.0975952148438,0.004360476165859772,0.0008478172696528841,0.0008478172696528841,0.013135025682748132,0.016437040720426992,1,0,0.0,10,0.9633412010475744,0.0,0.0,0.0,0.0,0.0,0.0,,0.0,0.0,0.0,0.016437040720426992,0.0,0.0,0.0,0,0.0
2023-07-04,566.4494018554688,0.0103628330636516,653.4996948242188,0.013024540273749885,-0.0026617072100982853,0.0026617072100982853,0.013078736622202918,0.01644671939497112,0,0,0.0,10,1.4500005516152177,0.0,0.0,0.0,0.0,0.0,0.0,,0.0,0.0,0.0,0.01644671939497112,0.0,0.0,0.0,0,0.0
2023-07-05,563.5444946289062,-0.005128273093849445,650.6990356445312,-0.0042856319625992345,-0.0008426411312502102,0.0008426411312502102,0.01308759272721372,0.01610698475308719,0,0,0.0,10,0.9649297125677359,0.0,0.0,0.0,0.0,0.0,0.0,,0.0,0.0,0.0,0.01610698475308719,0.0,0.0,0.0,0,0.0
2023-07-06,547.08349609375,-0.02920975839892781,644.1640014648438,-0.01004309799416625,-0.01916666040476156,0.01916666040476156,0.013285463740558466,0.01612783725269485,0,1,1.0,10,0.40483921387631,5.0,-10.0,-2735.41748046875,6441.6400146484375,0.0,0.0,Opened,-2735.41748046875,6441.6400146484375,0.0,0.01612783725269485,9177.057495117188,0.0,0.0,0,0.0
2023-07-07,547.08349609375,0.0,636.6954345703125,-0.011594200976067559,0.011594200976067559,0.011594200976067559,0.013285463740558466,0.016154745657046568,1,0,-1.0,10,inf,-5.0,10.0,2735.41748046875,-6366.954345703125,0.0,74.6856689453125,Closed,2735.41748046875,-6366.954345703125,74.6856689453125,0.016154745657046568,9102.371826171875,74.6856689453125,0.008205077794182197,0,74.6856689453125
2023-07-08,547.08349609375,0.0,636.6954345703125,0.0,0.0,0.0,0.012794150738521595,0.01607161030095252,1,0,0.0,10,,0.0,0.0,0.0,0.0,0.0,0.0,,0.0,0.0,0.0,0.01607161030095252,0.0,0.0,0.0,0,0.0
2023-07-09,547.08349609375,0.0,636.6954345703125,0.0,0.0,0.0,0.012775092813243483,0.015939936559073206,1,0,0.0,10,,0.0,0.0,0.0,0.0,0.0,0.0,,0.0,0.0,0.0,0.015939936559073206,0.0,0.0,0.0,0,0.0
2023-07-10,547.08349609375,0.0,628.2933349609375,-0.013196418810581423,0.013196418810581423,0.013196418810581423,0.012771684560951051,0.01591459541946214,1,0,0.0,10,inf,0.0,0.0,0.0,0.0,0.0,0.0,,0.0,0.0,0.0,0.01591459541946214,0.0,0.0,0.0,0,0.0
2023-07-11,558.7030029296875,0.021239000845213463,640.4296875,0.019316379569452202,0.0019226212757612604,0.0019226212757612604,0.012858553258874257,0.01595632577576503,1,0,0.0,10,1.0425144867402347,0.0,0.0,0.0,0.0,0.0,0.0,,0.0,0.0,0.0,0.01595632577576503,0.0,0.0,0.0,0,0.0
2023-07-12,559.6712646484375,0.001733052648138056,639.49609375,-0.0014577615126563082,0.003190814160794364,0.003190814160794364,0.012702435361758775,0.015799657232065417,1,0,0.0,10,0.9611244165929321,0.0,0.0,0.0,0.0,0.0,0.0,,0.0,0.0,0.0,0.015799657232065417,0.0,0.0,0.0,0,0.0
2023-07-13,566.4494018554688,0.012110925886625656,634.8283081054688,-0.007299162090513178,0.019410087977138835,0.019410087977138835,0.012729469925562913,0.0158106096705219,1,1,1.0,10,0.6754462945124735,-7.0,10.0,3965.1458129882812,-6348.2830810546875,0.0,0.0,Opened,3965.1458129882812,-6348.2830810546875,0.0,0.0158106096705219,10313.428894042969,0.0,0.0,0,0.0
2023-07-14,572.2590942382812,0.010256330686875481,646.0311279296875,0.017647007358023492,-0.007390676671148011,0.007390676671148011,0.012747873341322116,0.01586165335435799,0,0,-1.0,10,1.9424050248171134,7.0,-10.0,-4005.8136596679688,6460.311279296875,-40.6678466796875,112.0281982421875,Closed,-4005.8136596679688,6460.311279296875,71.3603515625,0.01586165335435799,10466.124938964844,71.3603515625,0.006818220877225447,0,71.3603515625
2023-07-15,572.2590942382812,0.0,646.0311279296875,0.0,0.0,0.0,0.012730495624818983,0.015828269184449573,1,0,0.0,10,,0.0,0.0,0.0,0.0,0.0,0.0,,0.0,0.0,0.0,0.015828269184449573,0.0,0.0,0.0,0,0.0
2023-07-16,572.2590942382812,0.0,646.0311279296875,0.0,0.0,0.0,0.012725279047157421,0.015781605309249377,1,0,0.0,10,,0.0,0.0,0.0,0.0,0.0,0.0,,0.0,0.0,0.0,0.015781605309249377,0.0,0.0,0.0,0,0.0
2023-07-17,572.2590942382812,0.0,637.6290283203125,-0.013005719455501996,0.013005719455501996,0.013005719455501996,0.012725279047157421,0.015814474467185844,1,0,0.0,10,inf,0.0,0.0,0.0,0.0,0.0,0.0,,0.0,0.0,0.0,0.015814474467185844,0.0,0.0,0.0,0,0.0
2023-07-18,562.576171875,-0.01692052159724944,637.6290283203125,0.0,-0.01692052159724944,0.01692052159724944,0.012795246529017344,0.015814474467185844,0,0,0.0,10,0.0,0.0,0.0,0.0,0.0,0.0,0.0,,0.0,0.0,0.0,0.015814474467185844,0.0,0.0,0.0,0,0.0
2023-07-19,562.576171875,0.0,649.7654418945312,0.019033659126513447,-0.019033659126513447,0.019033659126513447,0.012795246529017344,0.015873909819249042,0,0,0.0,10,inf,0.0,0.0,0.0,0.0,0.0,0.0,,0.0,0.0,0.0,0.015873909819249042,0.0,0.0,0.0,0,0.0
2023-07-20,560.6395874023438,-0.0034423506886219757,646.0311279296875,-0.005747172324147565,0.002304821635525589,0.002304821635525589,0.012799227610522447,0.015881131321708344,1,0,0.0,10,1.9238392951214263,0.0,0.0,0.0,0.0,0.0,0.0,,0.0,0.0,0.0,0.015881131321708344,0.0,0.0,0.0,0,0.0
2023-07-21,542.2420654296875,-0.03281523885585558,636.6954345703125,-0.014450841384830437,-0.01836439747102514,0.01836439747102514,0.013043750507443894,0.015921072032956174,0,1,1.0,10,0.5170780405871979,6.0,-10.0,-3253.452392578125,6366.954345703125,0.0,0.0,Opened,-3253.452392578125,6366.954345703125,0.0,0.015921072032956174,9620.40673828125,0.0,0.0,0,0.0
2023-07-22,542.2420654296875,0.0,636.6954345703125,0.0,0.0,0.0,0.013043750507443894,0.015921072032956174,1,0,-1.0,10,,-6.0,10.0,3253.452392578125,-6366.954345703125,0.0,0.0,Closed,3253.452392578125,-6366.954345703125,0.0,0.015921072032956174,9620.40673828125,0.0,0.0,0,0.0
2023-07-23,542.2420654296875,0.0,636.6954345703125,0.0,0.0,0.0,0.013043750507443894,0.015921072032956174,1,0,0.0,10,,0.0,0.0,0.0,0.0,0.0,0.0,,0.0,0.0,0.0,0.015921072032956174,0.0,0.0,0.0,0,0.0
2023-07-24,540.3054809570312,-0.0035714390234952154,630.160400390625,-0.010263987810903319,0.0066925487874081035,0.0066925487874081035,0.013047592318747003,0.015941605006507847,1,0,0.0,10,3.351850371528843,0.0,0.0,0.0,0.0,0.0,0.0,,0.0,0.0,0.0,0.015941605006507847,0.0,0.0,0.0,0,0.0
2023-07-25,550.9567260742188,0.019713376030021434,620.82470703125,-0.014814788986404093,0.03452816501642553,0.03452816501642553,0.013124057027703088,0.015982621493703386,1,1,1.0,10,0.8468099783683102,-9.0,10.0,4958.610534667969,-6208.2470703125,0.0,0.0,Opened,4958.610534667969,-6208.2470703125,0.0,0.015982621493703386,11166.857604980469,0.0,0.0,0,0.0
2023-07-26,548.0518798828125,-0.005272367236723641,611.489013671875,-0.015037567373917482,0.009765200137193841,0.009765200137193841,0.013131791754245014,0.016024296636912343,1,1,0.0,10,3.1822838916985585,9.0,-10.0,-4932.4669189453125,6114.89013671875,26.14361572265625,-93.35693359375,Live,0.0,0.0,0.0,0.016024296636912343,11047.357055664062,-67.21331787109375,-0.006084108400989265,0,0.0
2023-07-27,550.9567260742188,0.005300312430325693,614.2896728515625,0.0045800645916269644,0.0007202478386987288,0.0007202478386987288,0.013135937581634095,0.016027328363098618,1,1,0.0,10,0.9634426271863296,9.0,-10.0,-4958.610534667969,6142.896728515625,0.0,-65.350341796875,Live,0.0,0.0,0.0,0.016027328363098618,11101.507263183594,-65.350341796875,-0.005886618839011091,0,0.0
2023-07-28,549.0200805664062,-0.003515059198227477,614.2896728515625,0.0,-0.003515059198227477,0.003515059198227477,0.013139784583858866,0.016027328363098618,0,0,-1.0,10,0.0,9.0,-10.0,-4941.180725097656,6142.896728515625,17.4298095703125,-65.350341796875,Closed,-4941.180725097656,6142.896728515625,-47.9205322265625,0.016027328363098618,11084.077453613281,-47.9205322265625,-0.004323366777894624,0,-47.9205322265625
2023-07-29,549.0200805664062,0.0,614.2896728515625,0.0,0.0,0.0,0.011740752824399348,0.01524543657875449,1,0,0.0,10,,0.0,0.0,0.0,0.0,0.0,0.0,,0.0,0.0,0.0,0.01524543657875449,0.0,0.0,0.0,0,0.0
2023-07-30,549.0200805664062,0.0,614.2896728515625,0.0,0.0,0.0,0.011370382116946997,0.015095557577708271,1,0,0.0,10,,0.0,0.0,0.0,0.0,0.0,0.0,,0.0,0.0,0.0,0.015095557577708271,0.0,0.0,0.0,0,0.0
2023-07-31,547.08349609375,-0.0035273472523232874,644.1640014648438,0.04863231457986772,-0.05215966183219101,0.05215966183219101,0.011320512933115784,0.015510041488505199,0,1,1.0,10,16.233776438408988,163.0,-10.0,-89174.60986328125,6441.6400146484375,0.0,0.0,Opened,-89174.60986328125,6441.6400146484375,0.0,0.015510041488505199,95616.24987792969,0.0,0.0,0,0.0
2023-08-01,549.0200805664062,0.0035398334742022808,665.6361083984375,0.033333292274584814,-0.029793458800382533,0.029793458800382533,0.011238735639808607,0.015528147286804057,0,1,0.0,10,11.416790248541261,-163.0,10.0,89490.27313232422,-6656.361083984375,315.66326904296875,-214.7210693359375,Live,0.0,0.0,0.0,0.015528147286804057,96146.6342163086,100.94219970703125,0.0010498776221321872,0,0.0
2023-08-02,543.21044921875,-0.010581819414806515,661.9017944335938,-0.005610143316637006,-0.0049716760981695085,0.0049716760981695085,0.011265609830822806,0.015530209033844186,0,1,0.0,10,0.6460097208947307,-163.0,10.0,88543.30322265625,-6619.0179443359375,-631.306640625,-177.3779296875,Live,0.0,0.0,0.0,0.015530209033844186,95162.32116699219,-808.6845703125,-0.008497949192447805,0,0.0
2023-08-03,543.21044921875,0.0,661.9017944335938,0.0,0.0,0.0,0.011265609830822806,0.015530209033844186,1,0,-1.0,10,,-163.0,10.0,88543.30322265625,-6619.0179443359375,-631.306640625,-177.3779296875,Closed,88543.30322265625,-6619.0179443359375,-808.6845703125,0.015530209033844186,95162.32116699219,-808.6845703125,-0.008497949192447805,0,-808.6845703125
2023-08-04,536.4323120117188,-0.012477921249084312,659.1011352539062,-0.004231230679898834,-0.008246690569185477,0.008246690569185477,0.011305848632857893,0.015533965675160475,0,0,0.0,10,0.4166406044519255,0.0,0.0,0.0,0.0,0.0,0.0,,0.0,0.0,0.0,0.015533965675160475,0.0,0.0,0.0,0,0.0
2023-08-05,536.4323120117188,0.0,659.1011352539062,0.0,0.0,0.0,0.011083648240785289,0.015401898772002369,1,0,0.0,10,,0.0,0.0,0.0,0.0,0.0,0.0,,0.0,0.0,0.0,0.015401898772002369,0.0,0.0,0.0,0,0.0
2023-08-06,536.4323120117188,0.0,659.1011352539062,0.0,0.0,0.0,0.011074237055463716,0.015331449473119282,1,0,0.0,10,,0.0,0.0,0.0,0.0,0.0,0.0,,0.0,0.0,0.0,0.015331449473119282,0.0,0.0,0.0,0,0.0
2023-08-07,540.3054809570312,0.007220237965881227,659.1011352539062,0.0,0.007220237965881227,0.007220237965881227,0.010822702564892723,0.01507772504532387,1,0,0.0,10,0.0,0.0,0.0,0.0,0.0,0.0,0.0,,0.0,0.0,0.0,0.01507772504532387,0.0,0.0,0.0,0,0.0
2023-08-08,534.4957275390625,-0.010752719753421847,644.1640014648438,-0.022662885845748493,0.011910166092326646,0.011910166092326646,0.01085397673689397,0.015167556748892941,1,0,0.0,10,2.5400899557898784,0.0,0.0,0.0,0.0,0.0,0.0,,0.0,0.0,0.0,0.015167556748892941,0.0,0.0,0.0,0,0.0
2023-08-09,536.4323120117188,0.0036231991630180094,654.433349609375,0.015942132936920483,-0.012318933773902474,0.012318933773902474,0.010835917134126027,0.015184666494103008,0,0,0.0,10,5.367903649009994,0.0,0.0,0.0,0.0,0.0,0.0,,0.0,0.0,0.0,0.015184666494103008,0.0,0.0,0.0,0,0.0
2023-08-10,533.5274658203125,-0.005415121584515625,646.9647216796875,-0.01141235839240995,0.005997236807894324,0.005997236807894324,0.010844003821064903,0.015210059029752952,1,0,0.0,10,2.555588984822262,0.0,0.0,0.0,0.0,0.0,0.0,,0.0,0.0,0.0,0.015210059029752952,0.0,0.0,0.0,0,0.0
2023-08-11,528.68603515625,-0.009074379435403013,633.8947143554688,-0.020202040213700756,0.011127660778297743,0.011127660778297743,0.010865893136596076,0.015286736497537612,1,0,0.0,10,2.6693012380494725,0.0,0.0,0.0,0.0,0.0,0.0,,0.0,0.0,0.0,0.015286736497537612,0.0,0.0,0.0,0,0.0
2023-08-12,528.68603515625,0.0,633.8947143554688,0.0,0.0,0.0,0.010851488769927902,0.015258631207811535,1,0,0.0,10,,0.0,0.0,0.0,0.0,0.0,0.0,,0.0,0.0,0.0,0.015258631207811535,0.0,0.0,0.0,0,0.0
2023-08-13,528.68603515625,0.0,633.8947143554688,0.0,0.0,0.0,0.010837959873353868,0.015258422073438511,1,0,0.0,10,,0.0,0.0,0.0,0.0,0.0,0.0,,0.0,0.0,0.0,0.015258422073438511,0.0,0.0,0.0,0,0.0
2023-08-14,523.8445434570312,-0.009157593311099776,627.3596801757812,-0.010309336916197842,0.0011517436050980656,0.0011517436050980656,0.010504504147267871,0.01510949843883051,1,0,0.0,10,1.3482286737314941,0.0,0.0,0.0,0.0,0.0,0.0,,0.0,0.0,0.0,0.01510949843883051,0.0,0.0,0.0,0,0.0
2023-08-15,524.8128051757812,0.0018483760704275376,632.9611206054688,0.008928594882154473,-0.007080218811726935,0.007080218811726935,0.010497275186862961,0.01512277044907053,0,0,0.0,10,5.825931743525923,0.0,0.0,0.0,0.0,0.0,0.0,,0.0,0.0,0.0,0.01512277044907053,0.0,0.0,0.0,0,0.0
2023-08-16,524.8128051757812,0.0,643.2304077148438,0.016224198888474817,-0.016224198888474817,0.016224198888474817,0.010398250413128855,0.015118875340135412,0,0,0.0,10,inf,0.0,0.0,0.0,0.0,0.0,0.0,,0.0,0.0,0.0,0.015118875340135412,0.0,0.0,0.0,0,0.0
2023-08-17,526.7494506835938,0.0036901643571061182,629.2269287109375,-0.021770548835922332,0.02546071319302845,0.02546071319302845,0.010401171895978315,0.015208988209310608,1,1,1.0,10,7.047366817971632,-71.0,10.0,37399.210998535156,-6292.269287109375,0.0,0.0,Opened,37399.210998535156,-6292.269287109375,0.0,0.015208988209310608,43691.48028564453,0.0,0.0,0,0.0
2023-08-18,521.907958984375,-0.00919126103109491,629.2269287109375,0.0,-0.00919126103109491,0.00919126103109491,0.010425588241789218,0.015208988209310608,0,0,-1.0,10,0.0,71.0,-10.0,-37055.465087890625,6292.269287109375,343.74591064453125,0.0,Closed,-37055.465087890625,6292.269287109375,343.74591064453125,0.015208988209310608,43347.734375,343.74591064453125,0.007929962559768298,0,343.74591064453125
2023-08-19,521.907958984375,0.0,629.2269287109375,0.0,0.0,0.0,0.01042424213507848,0.01520624932187405,1,0,0.0,10,,0.0,0.0,0.0,0.0,0.0,0.0,,0.0,0.0,0.0,0.01520624932187405,0.0,0.0,0.0,0,0.0
2023-08-20,521.907958984375,0.0,629.2269287109375,0.0,0.0,0.0,0.010422880334968607,0.01520576407294301,1,0,0.0,10,,0.0,0.0,0.0,0.0,0.0,0.0,,0.0,0.0,0.0,0.01520576407294301,0.0,0.0,0.0,0,0.0
2023-08-21,519.9713745117188,-0.0037105862045576643,624.5590209960938,-0.0074184805224509764,0.003707894317893312,0.003707894317893312,0.010341855101764314,0.015164485833190805,1,0,0.0,10,2.4014109426120993,0.0,0.0,0.0,0.0,0.0,0.0,,0.0,0.0,0.0,0.015164485833190805,0.0,0.0,0.0,0,0.0
2023-08-22,523.8445434570312,0.007448811867671878,627.3596801757812,0.004484218601503498,0.0029645932661683805,0.0029645932661683805,0.010232109379849717,0.014795841714028812,1,0,0.0,10,0.7209646138874574,0.0,0.0,0.0,0.0,0.0,0.0,,0.0,0.0,0.0,0.014795841714028812,0.0,0.0,0.0,0,0.0
2023-08-23,534.4957275390625,0.02033271934406411,626.4261474609375,-0.0014880342877345853,0.021820753631798695,0.021820753631798695,0.010286783075651689,0.014628797687186033,1,1,1.0,10,0.08577152099754012,-1.0,10.0,534.4957275390625,-6264.261474609375,0.0,0.0,Opened,534.4957275390625,-6264.261474609375,0.0,0.014628797687186033,6798.7572021484375,0.0,0.0,0,0.0
2023-08-24,546.1152954101562,0.021739309170145882,645.0975952148438,0.029806303312188254,-0.008066994142042372,0.008066994142042372,0.010407352237729109,0.01479364876072705,0,0,-1.0,10,1.6195839349072803,1.0,-10.0,-546.1152954101562,6450.9759521484375,-11.61956787109375,186.7144775390625,Closed,-546.1152954101562,6450.9759521484375,175.09490966796875,0.01479364876072705,6997.091247558594,175.09490966796875,0.0250239568805198,0,175.09490966796875
2023-08-25,528.68603515625,-0.03191498278914917,647.8983154296875,0.004341544962527699,-0.03625652775167687,0.03625652775167687,0.010686734048413292,0.014796496208278682,0,1,1.0,10,0.16670886713666708,2.0,-10.0,-1057.3720703125,6478.983154296875,0.0,0.0,Opened,-1057.3720703125,6478.983154296875,0.0,0.014796496208278682,7536.355224609375,0.0,0.0,0,0.0
2023-08-26,528.68603515625,0.0,647.8983154296875,0.0,0.0,0.0,0.010686734048413292,0.014796496208278682,1,0,-1.0,10,,-2.0,10.0,1057.3720703125,-6478.983154296875,0.0,0.0,Closed,1057.3720703125,-6478.983154296875,0.0,0.014796496208278682,7536.355224609375,0.0,0.0,0,0.0
2023-08-27,528.68603515625,0.0,647.8983154296875,0.0,0.0,0.0,0.010686734048413292,0.014796496208278682,1,0,0.0,10,,0.0,0.0,0.0,0.0,0.0,0.0,,0.0,0.0,0.0,0.014796496208278682,0.0,0.0,0.0,0,0.0
2023-08-28,531.5908813476562,0.005494463629151403,654.433349609375,0.01008651207150213,-0.004592048442350727,0.004592048442350727,0.010576590539333736,0.013049357654258418,0,0,0.0,10,2.25997486862236,0.0,0.0,0.0,0.0,0.0,0.0,,0.0,0.0,0.0,0.013049357654258418,0.0,0.0,0.0,0,0.0
2023-08-29,534.4957275390625,0.005464439465255877,662.83544921875,0.01283873997923557,-0.0073743005139796924,0.0073743005139796924,0.010573249355892888,0.012995942001339498,0,0,0.0,10,2.9136559820009564,0.0,0.0,0.0,0.0,0.0,0.0,,0.0,0.0,0.0,0.012995942001339498,0.0,0.0,0.0,0,0.0
2023-08-30,537.4005737304688,0.005434741648508323,661.9017944335938,-0.001408577025047042,0.006843318673555365,0.006843318673555365,0.01056935089983689,0.01299646484902688,1,0,0.0,10,0.31922517176866516,0.0,0.0,0.0,0.0,0.0,0.0,,0.0,0.0,0.0,0.01299646484902688,0.0,0.0,0.0,0,0.0
2023-08-31,531.5908813476562,-0.010810729773664707,658.1675415039062,-0.005641702381065428,-0.005169027392599279,0.005169027392599279,0.010602962299218102,0.013003642369477018,0,0,0.0,10,0.6461213593129989,0.0,0.0,0.0,0.0,0.0,0.0,,0.0,0.0,0.0,0.013003642369477018,0.0,0.0,0.0,0,0.0
2023-09-01,530.62255859375,-0.0018215563657740796,662.83544921875,0.00709227882034047,-0.00891383518611455,0.00891383518611455,0.010604269203198477,0.013014005481720882,0,0,0.0,10,4.863659959717284,0.0,0.0,0.0,0.0,0.0,0.0,,0.0,0.0,0.0,0.013014005481720882,0.0,0.0,0.0,0,0.0
2023-09-02,530.62255859375,0.0,662.83544921875,0.0,0.0,0.0,0.010581651000987034,0.012985683147930301,1,0,0.0,10,,0.0,0.0,0.0,0.0,0.0,0.0,,0.0,0.0,0.0,0.012985683147930301,0.0,0.0,0.0,0,0.0
2023-09-03,530.62255859375,0.0,662.83544921875,0.0,0.0,0.0,0.010574039244312305,0.012980268411196583,1,0,0.0,10,,0.0,0.0,0.0,0.0,0.0,0.0,,0.0,0.0,0.0,0.012980268411196583,0.0,0.0,0.0,0,0.0
2023-09-04,539.3372192382812,0.016423464293766177,663.76904296875,0.0014084849431339475,0.01501497935063223,0.01501497935063223,0.010631543533871819,0.012839637856840095,1,1,1.0,10,0.10554654954645008,-2.0,10.0,1078.6744384765625,-6637.6904296875,0.0,0.0,Opened,1078.6744384765625,-6637.6904296875,0.0,0.012839637856840095,7716.3648681640625,0.0,0.0,0,0.0
2023-09-05,534.4957275390625,-0.008976743170175605,670.3040161132812,0.009845251467744287,-0.018821994637919892,0.018821994637919892,0.010654316099103998,0.012859127415859012,0,0,-1.0,10,1.3754208288725074,2.0,-10.0,-1068.991455078125,6703.0401611328125,9.6829833984375,65.3497314453125,Closed,-1068.991455078125,6703.0401611328125,75.03271484375,0.012859127415859012,7772.0316162109375,75.03271484375,0.009654195781608303,0,75.03271484375
2023-09-06,532.5592651367188,-0.0036229707789426913,664.7025756835938,-0.008356567012931082,0.004733596233988391,0.004733596233988391,0.010576246498273708,0.012828807098810945,1,0,0.0,10,2.8788728629086977,0.0,0.0,0.0,0.0,0.0,0.0,,0.0,0.0,0.0,0.012828807098810945,0.0,0.0,0.0,0,0.0
2023-09-07,524.8128051757812,-0.014545723768318641,669.3704223632812,0.007022459142552506,-0.021568182910871148,0.021568182910871148,0.010635478721031964,0.01283851961760295,0,1,1.0,10,0.6157663900143646,7.0,-10.0,-3673.6896362304688,6693.7042236328125,0.0,0.0,Opened,-3673.6896362304688,6693.7042236328125,0.0,0.01283851961760295,10367.393859863281,0.0,0.0,0,0.0
2023-09-08,521.907958984375,-0.005535013937842614,661.9017944335938,-0.011157690391097264,0.005622676453254649,0.005622676453254649,0.010644690158105971,0.012867140019945413,1,0,-1.0,10,2.556555505062355,-7.0,10.0,3653.355712890625,-6619.0179443359375,-20.33392333984375,74.686279296875,Closed,3653.355712890625,-6619.0179443359375,54.35235595703125,0.012867140019945413,10272.373657226562,54.35235595703125,0.005291119440422092,0,54.35235595703125
2023-09-09,521.907958984375,0.0,661.9017944335938,0.0,0.0,0.0,0.010636850289516022,0.012844014477576039,1,0,0.0,10,,0.0,0.0,0.0,0.0,0.0,0.0,,0.0,0.0,0.0,0.012844014477576039,0.0,0.0,0.0,0,0.0
2023-09-10,521.907958984375,0.0,661.9017944335938,0.0,0.0,0.0,0.010598915339852636,0.012840244468493375,1,0,0.0,10,,0.0,0.0,0.0,0.0,0.0,0.0,,0.0,0.0,0.0,0.012840244468493375,0.0,0.0,0.0,0,0.0
2023-09-11,519.003173828125,-0.0055657038875258635,666.5697021484375,0.007052266294032661,-0.012617970181558524,0.012617970181558524,0.0106076409988988,0.012846317798002983,0,0,0.0,10,1.6273619675671758,0.0,0.0,0.0,0.0,0.0,0.0,,0.0,0.0,0.0,0.012846317798002983,0.0,0.0,0.0,0,0.0
2023-09-12,526.7494506835938,0.014925297659227788,679.6397094726562,0.019607862886795502,-0.004682565227567714,0.004682565227567714,0.010650547503899882,0.012924513126058199,0,0,0.0,10,1.6950476620478796,0.0,0.0,0.0,0.0,0.0,0.0,,0.0,0.0,0.0,0.012924513126058199,0.0,0.0,0.0,0,0.0
2023-09-13,523.8445434570312,-0.005514779792921698,683.3739624023438,0.005494459605053015,-0.011009239397974713,0.011009239397974713,0.010490217742890478,0.01282424410383562,0,0,0.0,10,1.2997290090927438,0.0,0.0,0.0,0.0,0.0,0.0,,0.0,0.0,0.0,0.01282424410383562,0.0,0.0,0.0,0,0.0
2023-09-14,535.5287475585938,0.022304716633019472,684.3074951171875,0.0013660642140387314,0.02093865241898074,0.02093865241898074,0.01061736105282111,0.012824443105383143,1,1,1.0,10,0.07826055295476864,-1.0,10.0,535.5287475585938,-6843.074951171875,0.0,0.0,Opened,535.5287475585938,-6843.074951171875,0.0,0.012824443105383143,7378.603698730469,0.0,0.0,0,0.0
2023-09-15,543.318359375,0.01454564643246159,712.314697265625,0.04092780270314189,-0.0263821562706803,0.0263821562706803,0.01066917685446474,0.013176160627959004,0,0,-1.0,10,3.688951344588546,1.0,-10.0,-543.318359375,7123.14697265625,-7.78961181640625,280.072021484375,Closed,-543.318359375,7123.14697265625,272.28240966796875,0.013176160627959004,7666.46533203125,272.28240966796875,0.035516029601066076,0,272.28240966796875
2023-09-16,543.318359375,0.0,712.314697265625,0.0,0.0,0.0,0.010630592017228283,0.013171995065206905,1,0,0.0,10,,0.0,0.0,0.0,0.0,0.0,0.0,,0.0,0.0,0.0,0.013171995065206905,0.0,0.0,0.0,0,0.0
2023-09-17,543.318359375,0.0,712.314697265625,0.0,0.0,0.0,0.010608403743547103,0.013171966605609585,1,0,0.0,10,,0.0,0.0,0.0,0.0,0.0,0.0,,0.0,0.0,0.0,0.013171966605609585,0.0,0.0,0.0,0,0.0
2023-09-18,525.7919311523438,-0.032258118873099706,730.0525512695312,0.024901709977341202,-0.05715982885044091,0.05715982885044091,0.010642172653718118,0.013264294581922485,0,1,1.0,10,1.0718409333858703,11.0,-10.0,-5783.711242675781,7300.5255126953125,0.0,0.0,Opened,-5783.711242675781,7300.5255126953125,0.0,0.013264294581922485,13084.236755371094,0.0,0.0,0,0.0
2023-09-19,523.8445434570312,-0.003703723050759944,721.650390625,-0.011508980593137097,0.007805257542377153,0.007805257542377153,0.010623684058481728,0.013249094031559428,1,0,-1.0,10,4.280778727283689,-11.0,10.0,5762.289978027344,-7216.50390625,-21.4212646484375,84.0216064453125,Closed,5762.289978027344,-7216.50390625,62.600341796875,0.013249094031559428,12978.793884277344,62.600341796875,0.004823278831225585,0,62.600341796875
2023-09-20,520.9235229492188,-0.005576120901318649,708.5803833007812,-0.01811127312340144,0.01253515222208279,0.01253515222208279,0.010631308635133226,0.013317901401722345,1,0,0.0,10,4.418063507087006,0.0,0.0,0.0,0.0,0.0,0.0,,0.0,0.0,0.0,0.013317901401722345,0.0,0.0,0.0,0,0.0
2023-09-21,513.134033203125,-0.014953230950281116,696.4439697265625,-0.017127786571911163,0.0021745556216300477,0.0021745556216300477,0.010690130373450358,0.013382035128217866,1,0,0.0,10,1.554610383558916,0.0,0.0,0.0,0.0,0.0,0.0,,0.0,0.0,0.0,0.013382035128217866,0.0,0.0,0.0,0,0.0
2023-09-22,508.2655029296875,-0.009487833506280574,696.4439697265625,0.0,-0.009487833506280574,0.009487833506280574,0.010713438596219796,0.013382035128217866,0,0,0.0,10,0.0,0.0,0.0,0.0,0.0,0.0,0.0,,0.0,0.0,0.0,0.013382035128217866,0.0,0.0,0.0,0,0.0
2023-09-23,508.2655029296875,0.0,696.4439697265625,0.0,0.0,0.0,0.010656025962701763,0.013346579312232347,1,0,0.0,10,,0.0,0.0,0.0,0.0,0.0,0.0,,0.0,0.0,0.0,0.013346579312232347,0.0,0.0,0.0,0,0.0
2023-09-24,508.2655029296875,0.0,696.4439697265625,0.0,0.0,0.0,0.010622209605807998,0.013275536308970786,1,0,0.0,10,,0.0,0.0,0.0,0.0,0.0,0.0,,0.0,0.0,0.0,0.013275536308970786,0.0,0.0,0.0,0,0.0
2023-09-25,511.1866149902344,0.005747216845741754,704.8461303710938,0.012064374177624293,-0.006317157331882539,0.006317157331882539,0.010607171773320738,0.013287950734200601,0,0,0.0,10,2.894423402358823,0.0,0.0,0.0,0.0,0.0,0.0,,0.0,0.0,0.0,0.013287950734200601,0.0,0.0,0.0,0,0.0
2023-09-26,505.344482421875,-0.01142857108743156,688.0418090820312,-0.023841120160814633,0.012412549073383072,0.012412549073383072,0.010618146915973842,0.013403723505082019,1,0,0.0,10,2.8402856750097016,0.0,0.0,0.0,0.0,0.0,0.0,,0.0,0.0,0.0,0.013403723505082019,0.0,0.0,0.0,0,0.0
2023-09-27,508.2655029296875,0.005780256061792555,688.0418090820312,0.0,0.005780256061792555,0.005780256061792555,0.010623406621815034,0.013377362767195707,1,0,0.0,10,0.0,0.0,0.0,0.0,0.0,0.0,0.0,,0.0,0.0,0.0,0.013377362767195707,0.0,0.0,0.0,0,0.0
2023-09-28,509.2392883300781,0.0019158990621588323,686.1747436523438,-0.0027135929896157096,0.004629492051774542,0.004629492051774542,0.010624369447284164,0.01337922032745111,1,0,0.0,10,1.908468121318403,0.0,0.0,0.0,0.0,0.0,0.0,,0.0,0.0,0.0,0.01337922032745111,0.0,0.0,0.0,0,0.0
2023-09-29,509.2392883300781,0.0,686.1747436523438,0.0,0.0,0.0,0.010624369447284164,0.01337922032745111,1,0,0.0,10,,0.0,0.0,0.0,0.0,0.0,0.0,,0.0,0.0,0.0,0.01337922032745111,0.0,0.0,0.0,0,0.0
2023-09-30,509.2392883300781,0.0,686.1747436523438,0.0,0.0,0.0,0.010624369447284164,0.01337922032745111,1,0,0.0,10,,0.0,0.0,0.0,0.0,0.0,0.0,,0.0,0.0,0.0,0.01337922032745111,0.0,0.0,0.0,0,0.0
2023-10-01,509.2392883300781,0.0,686.1747436523438,0.0,0.0,0.0,0.010624369447284164,0.01337922032745111,1,0,0.0,10,,0.0,0.0,0.0,0.0,0.0,0.0,,0.0,0.0,0.0,0.01337922032745111,0.0,0.0,0.0,0,0.0
2023-10-02,518.9761352539062,0.019120376504644154,695.5104370117188,0.013605416762621392,0.0055149597420227625,0.0055149597420227625,0.010719452072430889,0.013416039483929252,1,0,0.0,10,0.9536119259768208,0.0,0.0,0.0,0.0,0.0,0.0,,0.0,0.0,0.0,0.013416039483929252,0.0,0.0,0.0,0,0.0
2023-10-03,515.0813598632812,-0.00750472926605672,720.7168579101562,0.036241614154257196,-0.043746343420313916,0.043746343420313916,0.010725977057977823,0.013281339239552539,0,1,1.0,10,6.757115612210503,68.0,-10.0,-35025.532470703125,7207.1685791015625,0.0,0.0,Opened,-35025.532470703125,7207.1685791015625,0.0,0.013281339239552539,42232.70104980469,0.0,0.0,0,0.0
2023-10-04,506.31817626953125,-0.017013202722140908,728.1854248046875,0.010362692106561378,-0.027375894828702285,0.027375894828702285,0.010800670338669306,0.013292476466539365,0,1,0.0,10,0.8760017653663016,-68.0,10.0,34429.635986328125,-7281.854248046875,-595.896484375,-74.6856689453125,Live,0.0,0.0,0.0,0.013292476466539365,41711.490234375,-670.5821533203125,-0.0160766769432677,1,-670.5821533203125
2023-10-05,514.107666015625,0.015384574584079491,733.7868041992188,0.007692243216806505,0.0076923313672729865,0.0076923313672729865,0.010861384486238605,0.013301996548638322,1,0,-1.0,10,0.7136468178326836,-68.0,10.0,34959.3212890625,-7337.8680419921875,-66.211181640625,-130.699462890625,Closed,34959.3212890625,-7337.8680419921875,-196.91064453125,0.013301996548638322,42297.18933105469,-196.91064453125,-0.004655407313002658,0,0.0
2023-10-06,518.0023803710938,0.0075756784287095424,733.7868041992188,0.0,0.0075756784287095424,0.0075756784287095424,0.010875725840599426,0.013301996548638322,1,0,0.0,10,0.0,0.0,0.0,0.0,0.0,0.0,0.0,,0.0,0.0,0.0,0.013301996548638322,0.0,0.0,0.0,0,0.0
2023-10-07,518.0023803710938,0.0,733.7868041992188,0.0,0.0,0.0,0.010871817744541346,0.013279916596131864,1,0,0.0,10,,0.0,0.0,0.0,0.0,0.0,0.0,,0.0,0.0,0.0,0.013279916596131864,0.0,0.0,0.0,0,0.0
2023-10-08,518.0023803710938,0.0,733.7868041992188,0.0,0.0,0.0,0.01084799759380365,0.013212174372380437,1,0,0.0,10,,0.0,0.0,0.0,0.0,0.0,0.0,,0.0,0.0,0.0,0.013212174372380437,0.0,0.0,0.0,0,0.0
2023-10-09,518.0023803710938,0.0,733.7868041992188,0.0,0.0,0.0,0.01083211394402384,0.013211658362323091,1,0,0.0,10,,0.0,0.0,0.0,0.0,0.0,0.0,,0.0,0.0,0.0,0.013211658362323091,0.0,0.0,0.0,0,0.0
2023-10-10,518.0023803710938,0.0,733.7868041992188,0.0,0.0,0.0,0.010733369282078067,0.013184136686345707,1,0,0.0,10,,0.0,0.0,0.0,0.0,0.0,0.0,,0.0,0.0,0.0,0.013184136686345707,0.0,0.0,0.0,0,0.0
2023-10-11,529.6866455078125,0.022556392749292442,759.9268188476562,0.03562344607295587,-0.013067053323663425,0.013067053323663425,0.010827221891706058,0.013432620729794165,0,0,0.0,10,2.2657867316097158,0.0,0.0,0.0,0.0,0.0,0.0,,0.0,0.0,0.0,0.013432620729794165,0.0,0.0,0.0,0,0.0
2023-10-12,535.5287475585938,0.011029354997576846,760.8604125976562,0.001228531125425647,0.009800823872151199,0.009800823872151199,0.010856067303355862,0.013432357794916507,1,0,0.0,10,0.15825529434329305,0.0,0.0,0.0,0.0,0.0,0.0,,0.0,0.0,0.0,0.013432357794916507,0.0,0.0,0.0,0,0.0
2023-10-13,538.4498901367188,0.005454688644525918,786.0668334960938,0.03312883740708772,-0.0276741487625618,0.0276741487625618,0.010862359731663478,0.013642083776792609,0,1,1.0,10,8.866463064821467,89.0,-10.0,-47922.04022216797,7860.6683349609375,0.0,0.0,Opened,-47922.04022216797,7860.6683349609375,0.0,0.013642083776792609,55782.708557128906,0.0,0.0,0,0.0
2023-10-14,538.4498901367188,0.0,786.0668334960938,0.0,0.0,0.0,0.010848806761887854,0.013041016312893366,1,0,-1.0,10,,-89.0,10.0,47922.04022216797,-7860.6683349609375,0.0,0.0,Closed,47922.04022216797,-7860.6683349609375,0.0,0.013041016312893366,55782.708557128906,0.0,0.0,0,0.0
2023-10-15,538.4498901367188,0.0,786.0668334960938,0.0,0.0,0.0,0.010822574850296763,0.01282997728240732,1,0,0.0,10,,0.0,0.0,0.0,0.0,0.0,0.0,,0.0,0.0,0.0,0.01282997728240732,0.0,0.0,0.0,0,0.0
2023-10-16,530.660400390625,-0.0144665081909775,784.1995849609375,-0.0023754322858929866,-0.012091075905084514,0.012091075905084514,0.010853438534527242,0.012740092989350147,0,0,0.0,10,0.24265478815759825,0.0,0.0,0.0,0.0,0.0,0.0,,0.0,0.0,0.0,0.012740092989350147,0.0,0.0,0.0,0,0.0
2023-10-17,536.5025024414062,0.011009116275646047,770.1961059570312,-0.0178570344494684,0.028866150725114448,0.028866150725114448,0.010874390565368116,0.012819725978981336,1,1,1.0,10,2.3285546996551,-24.0,10.0,12876.06005859375,-7701.9610595703125,0.0,0.0,Opened,12876.06005859375,-7701.9610595703125,0.0,0.012819725978981336,20578.021118164062,0.0,0.0,0,0.0
2023-10-18,525.7919311523438,-0.019963693068201893,758.9932250976562,-0.014545491430983715,-0.0054182016372181785,0.0054182016372181785,0.010976246323644355,0.012837077687894745,0,0,-1.0,10,1.0517475205396087,24.0,-10.0,-12619.00634765625,7589.9322509765625,257.0537109375,-112.02880859375,Closed,-12619.00634765625,7589.9322509765625,145.02490234375,0.012837077687894745,20208.938598632812,145.02490234375,0.0071762750743159425,0,145.02490234375
2023-10-19,531.6339721679688,0.011110936987605236,774.8638916015625,0.020910155689287224,-0.009799218701681989,0.009799218701681989,0.011005057036492391,0.012915391121639487,0,0,0.0,10,2.7429587719615367,0.0,0.0,0.0,0.0,0.0,0.0,,0.0,0.0,0.0,0.012915391121639487,0.0,0.0,0.0,0,0.0
2023-10-20,541.3709716796875,0.018315231948048627,772.996826171875,-0.00240953985586867,0.020724771803917297,0.020724771803917297,0.011084927583241259,0.012918599874928719,1,1,1.0,10,0.18784707494528133,-2.0,10.0,1082.741943359375,-7729.96826171875,0.0,0.0,Opened,1082.741943359375,-7729.96826171875,0.0,0.012918599874928719,8812.710205078125,0.0,0.0,0,0.0
2023-10-21,541.3709716796875,0.0,772.996826171875,0.0,0.0,0.0,0.011067072240421359,0.012872385114782411,1,1,0.0,10,,2.0,-10.0,-1082.741943359375,7729.96826171875,0.0,0.0,Live,0.0,0.0,0.0,0.012872385114782411,8812.710205078125,0.0,0.0,0,0.0
2023-10-22,541.3709716796875,0.0,772.996826171875,0.0,0.0,0.0,0.010981113599931841,0.012514995403155317,1,1,0.0,10,,2.0,-10.0,-1082.741943359375,7729.96826171875,0.0,0.0,Live,0.0,0.0,0.0,0.012514995403155317,8812.710205078125,0.0,0.0,0,0.0
2023-10-23,529.6866455078125,-0.021582845743691403,766.4617919921875,-0.008454153960826827,-0.013128691782864577,0.013128691782864577,0.01105905414279864,0.01253648312464993,0,0,-1.0,10,0.5668040339318701,2.0,-10.0,-1059.373291015625,7664.617919921875,23.36865234375,-65.350341796875,Closed,-1059.373291015625,7664.617919921875,-41.981689453125,0.01253648312464993,8723.9912109375,-41.981689453125,-0.004812211342039345,0,-41.981689453125
2023-10-24,529.6866455078125,0.0,761.7939453125,-0.00609012311958157,0.00609012311958157,0.00609012311958157,0.011056249082453055,0.012477071359915805,1,0,0.0,10,inf,0.0,0.0,0.0,0.0,0.0,0.0,,0.0,0.0,0.0,0.012477071359915805,0.0,0.0,0.0,0,0.0
2023-10-25,529.6866455078125,0.0,767.3954467773438,0.007353040148600609,-0.007353040148600609,0.007353040148600609,0.010986396722604479,0.01248228582693459,0,0,0.0,10,inf,0.0,0.0,0.0,0.0,0.0,0.0,,0.0,0.0,0.0,0.01248228582693459,0.0,0.0,0.0,0,0.0
2023-10-26,517.0287475585938,-0.023896955032882805,762.7275390625,-0.0060827930820367415,-0.017814161950846064,0.017814161950846064,0.01113660068494954,0.012495471740487913,0,1,1.0,10,0.37550455812813904,4.0,-10.0,-2068.114990234375,7627.275390625,0.0,0.0,Opened,-2068.114990234375,7627.275390625,0.0,0.012495471740487913,9695.390380859375,0.0,0.0,0,0.0
2023-10-27,518.9761352539062,0.0037664979065632487,747.7904052734375,-0.019583839607289266,0.023350337513852515,0.023350337513852515,0.011139325543462527,0.012595979276858618,1,0,-1.0,10,7.491911079213153,-4.0,10.0,2075.904541015625,-7477.904052734375,7.78955078125,149.371337890625,Closed,2075.904541015625,-7477.904052734375,157.160888671875,0.012595979276858618,9553.80859375,157.160888671875,0.01645007717390193,0,157.160888671875
2023-10-28,518.9761352539062,0.0,747.7904052734375,0.0,0.0,0.0,0.011139325543462527,0.012595979276858618,1,0,0.0,10,,0.0,0.0,0.0,0.0,0.0,0.0,,0.0,0.0,0.0,0.012595979276858618,0.0,0.0,0.0,0,0.0
2023-10-29,518.9761352539062,0.0,747.7904052734375,0.0,0.0,0.0,0.011137873833765011,0.01258453946040534,1,0,0.0,10,,0.0,0.0,0.0,0.0,0.0,0.0,,0.0,0.0,0.0,0.01258453946040534,0.0,0.0,0.0,0,0.0
2023-10-30,518.0023803710938,-0.001876299923379121,800.0703125,0.06991251406528254,-0.07178881398866166,0.07178881398866166,0.011111776093403376,0.013547848718901445,0,1,1.0,10,57.550494434874835,576.0,-10.0,-298369.37109375,8000.703125,0.0,0.0,Opened,-298369.37109375,8000.703125,0.0,0.013547848718901445,306370.07421875,0.0,0.0,0,0.0
2023-10-31,515.0813598632812,-0.0056390098163640046,786.0668334960938,-0.017502810421935577,0.011863800605571573,0.011863800605571573,0.011118017511833281,0.0135466875062915,1,0,-1.0,10,4.736838491020335,-576.0,10.0,296686.86328125,-7860.6683349609375,-1682.5078125,140.0347900390625,Closed,296686.86328125,-7860.6683349609375,-1542.4730224609375,0.0135466875062915,304547.53161621094,-1542.4730224609375,-0.00506480224704219,0,-1542.4730224609375
2023-11-01,514.107666015625,-0.0018903690242541016,789.8011474609375,0.004750631632981062,-0.006641000657235163,0.006641000657235163,0.011116160798261644,0.013533245209707234,0,0,0.0,10,3.860721236492357,0.0,0.0,0.0,0.0,0.0,0.0,,0.0,0.0,0.0,0.013533245209707234,0.0,0.0,0.0,0,0.0
2023-11-02,532.6077880859375,0.03598491773851564,810.339599609375,0.02600458636261127,0.009980331375904372,0.009980331375904372,0.011427762673893452,0.01365101348616218,1,0,0.0,10,1.099484182255636,0.0,0.0,0.0,0.0,0.0,0.0,,0.0,0.0,0.0,0.01365101348616218,0.0,0.0,0.0,0,0.0
2023-11-03,534.5551147460938,0.003656211388035624,812.2068481445312,0.0023042790159291116,0.0013519323721065124,0.0013519323721065124,0.011429902162623568,0.013650154959903517,1,0,0.0,10,0.9575863031421109,0.0,0.0,0.0,0.0,0.0,0.0,,0.0,0.0,0.0,0.013650154959903517,0.0,0.0,0.0,0,0.0
2023-11-04,534.5551147460938,0.0,812.2068481445312,0.0,0.0,0.0,0.011416674475663186,0.013650154959903517,1,0,0.0,10,,0.0,0.0,0.0,0.0,0.0,0.0,,0.0,0.0,0.0,0.013650154959903517,0.0,0.0,0.0,0,0.0
2023-11-05,534.5551147460938,0.0,812.2068481445312,0.0,0.0,0.0,0.011385239167057406,0.01365085737112069,1,0,0.0,10,,0.0,0.0,0.0,0.0,0.0,0.0,,0.0,0.0,0.0,0.01365085737112069,0.0,0.0,0.0,0,0.0
2023-11-06,535.5287475585938,0.0018213890123610632,823.4096069335938,0.013792987358645092,-0.01197159834628403,0.01197159834628403,0.011335346787836976,0.013630021868010983,0,0,0.0,10,11.64363992335203,0.0,0.0,0.0,0.0,0.0,0.0,,0.0,0.0,0.0,0.013630021868010983,0.0,0.0,0.0,0,0.0
2023-11-07,540.3972778320312,0.009091071759700142,829.0110473632812,0.006802738737221592,0.0022883330224785503,0.0022883330224785503,0.011334549979782291,0.013633310315008897,1,0,0.0,10,1.1479312305493,0.0,0.0,0.0,0.0,0.0,0.0,,0.0,0.0,0.0,0.013633310315008897,0.0,0.0,0.0,0,0.0
2023-11-08,541.3709716796875,0.0018018111630067057,853.283935546875,0.02927933018600304,-0.027477519022996333,0.027477519022996333,0.011323612838790197,0.013776176334606142,0,1,1.0,10,25.612411353034236,257.0,-10.0,-139132.3397216797,8532.83935546875,0.0,0.0,Opened,-139132.3397216797,8532.83935546875,0.0,0.013776176334606142,147665.17907714844,0.0,0.0,0,0.0
2023-11-09,542.3446044921875,0.0017984577368068688,844.8817138671875,-0.009846923549899578,0.011645381286706447,0.011645381286706447,0.011323736343200125,0.013805128106165781,1,0,-1.0,10,8.529447812224559,-257.0,10.0,139382.5633544922,-8448.817138671875,250.2236328125,84.022216796875,Closed,139382.5633544922,-8448.817138671875,334.245849609375,0.013805128106165781,147831.38049316406,334.245849609375,0.002260993900580067,0,334.245849609375
2023-11-10,542.3446044921875,0.0,825.2767333984375,-0.023204408554440392,0.023204408554440392,0.023204408554440392,0.011323736343200125,0.013934528283682704,1,0,0.0,10,inf,0.0,0.0,0.0,0.0,0.0,0.0,,0.0,0.0,0.0,0.013934528283682704,0.0,0.0,0.0,0,0.0
2023-11-11,542.3446044921875,0.0,825.2767333984375,0.0,0.0,0.0,0.011323103817740376,0.013921798736081544,1,0,0.0,10,,0.0,0.0,0.0,0.0,0.0,0.0,,0.0,0.0,0.0,0.013921798736081544,0.0,0.0,0.0,0,0.0
2023-11-12,542.3446044921875,0.0,825.2767333984375,0.0,0.0,0.0,0.011238896485145871,0.013921798736081544,1,0,0.0,10,,0.0,0.0,0.0,0.0,0.0,0.0,,0.0,0.0,0.0,0.013921798736081544,0.0,0.0,0.0,0,0.0
2023-11-13,555.9761962890625,0.02513455777740914,845.8153686523438,0.024886967513708447,0.00024759026370069215,0.00024759026370069215,0.011205692237114444,0.014019614923078417,1,0,0.0,10,1.506329933686043,0.0,0.0,0.0,0.0,0.0,0.0,,0.0,0.0,0.0,0.014019614923078417,0.0,0.0,0.0,0,0.0
2023-11-14,556.9500732421875,0.0017516522463105755,844.8817138671875,-0.0011038517621686506,0.002855504008479226,0.002855504008479226,0.011099752771035651,0.014019146587483204,1,0,0.0,10,0.955966140304078,0.0,0.0,0.0,0.0,0.0,0.0,,0.0,0.0,0.0,0.014019146587483204,0.0,0.0,0.0,0,0.0
2023-11-15,565.7131958007812,0.015734125875198846,847.6824951171875,0.0033149980689963776,0.012419127806202468,0.012419127806202468,0.011154871442477975,0.013995679532944168,1,0,0.0,10,0.3157021686900796,0.0,0.0,0.0,0.0,0.0,0.0,,0.0,0.0,0.0,0.013995679532944168,0.0,0.0,0.0,0,0.0
2023-11-16,567.6605834960938,0.003442358618762409,833.678955078125,-0.016519793813987604,0.019962152432750013,0.019962152432750013,0.011156773632487656,0.014063691707162151,1,1,1.0,10,7.0478817596408945,-71.0,10.0,40303.901428222656,-8336.78955078125,0.0,0.0,Opened,40303.901428222656,-8336.78955078125,0.0,0.014063691707162151,48640.690979003906,0.0,0.0,0,0.0
2023-11-17,564.739501953125,-0.005145824156009726,843.9482421875,0.012318035674071526,-0.017463859830081252,0.017463859830081252,0.011164979738559799,0.01408369772801836,0,0,-1.0,10,3.5772901163459654,71.0,-10.0,-40096.504638671875,8439.482421875,207.39678955078125,102.69287109375,Closed,-40096.504638671875,8439.482421875,310.08966064453125,0.01408369772801836,48535.987060546875,310.08966064453125,0.006388860707781748,0,310.08966064453125
2023-11-18,564.739501953125,0.0,843.9482421875,0.0,0.0,0.0,0.011163527515397908,0.014071995795434276,1,0,0.0,10,,0.0,0.0,0.0,0.0,0.0,0.0,,0.0,0.0,0.0,0.014071995795434276,0.0,0.0,0.0,0,0.0
2023-11-19,564.739501953125,0.0,843.9482421875,0.0,0.0,0.0,0.0111620611444888,0.014036029561807281,1,0,0.0,10,,0.0,0.0,0.0,0.0,0.0,0.0,,0.0,0.0,0.0,0.014036029561807281,0.0,0.0,0.0,0,0.0
2023-11-20,561.818359375,-0.005172548702582991,851.416748046875,0.008849483281127224,-0.014022031983710215,0.014022031983710215,0.011145123763011109,0.014029283847026473,0,0,0.0,10,2.592743691685748,0.0,0.0,0.0,0.0,0.0,0.0,,0.0,0.0,0.0,0.014029283847026473,0.0,0.0,0.0,0,0.0
2023-11-21,569.6079711914062,0.013865000469318822,864.4867553710938,0.015350892913724046,-0.0014858924444052235,0.0014858924444052235,0.010902037316618655,0.014056253627127601,0,0,0.0,10,1.68033564100546,0.0,0.0,0.0,0.0,0.0,0.0,,0.0,0.0,0.0,0.014056253627127601,0.0,0.0,0.0,0,0.0
2023-11-22,561.818359375,-0.013675391164406081,879.4238891601562,0.017278614965767103,-0.030954006130173184,0.030954006130173184,0.010493347259995248,0.013934790279399274,0,1,1.0,10,1.9777504915431618,20.0,-10.0,-11236.3671875,8794.238891601562,0.0,0.0,Opened,-11236.3671875,8794.238891601562,0.0,0.013934790279399274,20030.606079101562,0.0,0.0,0,0.0
2023-11-23,562.7921142578125,0.0017332201174340423,868.2210693359375,-0.012738816812126186,0.014472036929560228,0.014472036929560228,0.010493940807918012,0.0139776925646241,1,0,-1.0,10,11.33855440783687,-20.0,10.0,11255.84228515625,-8682.210693359375,19.47509765625,112.0281982421875,Closed,11255.84228515625,-8682.210693359375,131.5032958984375,0.0139776925646241,19938.052978515625,131.5032958984375,0.006595593664042307,0,131.5032958984375
2023-11-24,559.8710327148438,-0.00519033843752581,882.224609375,0.016129002777798496,-0.021319341215324306,0.021319341215324306,0.010501699409852622,0.01401638890172703,0,1,1.0,10,4.896694500897566,49.0,-10.0,-27433.680603027344,8822.24609375,0.0,0.0,Opened,-27433.680603027344,8822.24609375,0.0,0.01401638890172703,36255.926696777344,0.0,0.0,0,0.0
2023-11-25,559.8710327148438,0.0,882.224609375,0.0,0.0,0.0,0.010498734130894463,0.01400147908412273,1,0,-1.0,10,,-49.0,10.0,27433.680603027344,-8822.24609375,0.0,0.0,Closed,27433.680603027344,-8822.24609375,0.0,0.01400147908412273,36255.926696777344,0.0,0.0,0,0.0
2023-11-26,559.8710327148438,0.0,882.224609375,0.0,0.0,0.0,0.01049507976225439,0.013797323761624382,1,0,0.0,10,,0.0,0.0,0.0,0.0,0.0,0.0,,0.0,0.0,0.0,0.013797323761624382,0.0,0.0,0.0,0,0.0
2023-11-27,553.0552368164062,-0.012173867730550958,869.1546630859375,-0.014814760493160217,0.0026408927626092593,0.0026408927626092593,0.010481131063266444,0.01384318098117833,1,0,0.0,10,1.9124699126960518,0.0,0.0,0.0,0.0,0.0,0.0,,0.0,0.0,0.0,0.01384318098117833,0.0,0.0,0.0,0,0.0
2023-11-28,559.8710327148438,0.012323897225296587,879.4238891601562,0.011815188378277552,0.0005087088470190348,0.0005087088470190348,0.010475963991240454,0.013809082997295982,1,0,0.0,10,1.505923266754908,0.0,0.0,0.0,0.0,0.0,0.0,,0.0,0.0,0.0,0.013809082997295982,0.0,0.0,0.0,0,0.0
2023-11-29,558.8973999023438,-0.0017390305188300648,885.025390625,0.006369512511416042,-0.008108543030246107,0.008108543030246107,0.01037333337189615,0.013812175952309038,0,0,0.0,10,5.799928404629921,0.0,0.0,0.0,0.0,0.0,0.0,,0.0,0.0,0.0,0.013812175952309038,0.0,0.0,0.0,0,0.0
2023-11-30,561.818359375,0.005226289249451899,882.224609375,-0.0031646337830173454,0.008390923032469244,0.008390923032469244,0.010380004387178489,0.013816692015627942,1,0,0.0,10,0.9508527322203787,0.0,0.0,0.0,0.0,0.0,0.0,,0.0,0.0,0.0,0.013816692015627942,0.0,0.0,0.0,0,0.0
2023-12-01,563.7657470703125,0.0034662229576813974,884.0917358398438,0.0021163844728457892,0.0013498384848356082,0.0013498384848356082,0.010382740223654678,0.013815934378489353,1,0,0.0,10,0.9574954468416697,0.0,0.0,0.0,0.0,0.0,0.0,,0.0,0.0,0.0,0.013815934378489353,0.0,0.0,0.0,0,0.0
2023-12-02,563.7657470703125,0.0,884.0917358398438,0.0,0.0,0.0,0.010338827499231163,0.013801254174373938,1,0,0.0,10,,0.0,0.0,0.0,0.0,0.0,0.0,,0.0,0.0,0.0,0.013801254174373938,0.0,0.0,0.0,0,0.0
2023-12-03,563.7657470703125,0.0,884.0917358398438,0.0,0.0,0.0,0.01031843792511152,0.013797824829603688,1,0,0.0,10,,0.0,0.0,0.0,0.0,0.0,0.0,,0.0,0.0,0.0,0.013797824829603688,0.0,0.0,0.0,0,0.0
2023-12-04,558.8973999023438,-0.008635407868015754,871.021728515625,-0.014783542017619777,0.006148134149604023,0.006148134149604023,0.01028620085302788,0.013820947246154609,1,0,0.0,10,2.668041280772994,0.0,0.0,0.0,0.0,0.0,0.0,,0.0,0.0,0.0,0.013820947246154609,0.0,0.0,0.0,0,0.0
2023-12-05,555.0025634765625,-0.0069687860892926334,867.2874755859375,-0.00428720984498443,-0.0026815762443082036,0.0026815762443082036,0.010230129573904501,0.013827658530845227,0,0,0.0,10,0.961359214417178,0.0,0.0,0.0,0.0,0.0,0.0,,0.0,0.0,0.0,0.013827658530845227,0.0,0.0,0.0,0,0.0
2023-12-06,555.0025634765625,0.0,865.4203491210938,-0.002152834576081397,0.002152834576081397,0.002152834576081397,0.01019972706260737,0.013820981702459283,1,0,0.0,10,inf,0.0,0.0,0.0,0.0,0.0,0.0,,0.0,0.0,0.0,0.013820981702459283,0.0,0.0,0.0,0,0.0
2023-12-07,551.1078491210938,-0.007017470930353986,869.1546630859375,0.004315029070712573,-0.011332500001066559,0.011332500001066559,0.010213734208796458,0.013821697419825396,0,0,0.0,10,0.969758448247818,0.0,0.0,0.0,0.0,0.0,0.0,,0.0,0.0,0.0,0.013821697419825396,0.0,0.0,0.0,0,0.0
2023-12-08,555.0025634765625,0.007067063845452415,880.3574829101562,0.0128893283324778,-0.005822264487025386,0.005822264487025386,0.010226850410035255,0.013845900031101059,0,0,0.0,10,2.893046024902804,0.0,0.0,0.0,0.0,0.0,0.0,,0.0,0.0,0.0,0.013845900031101059,0.0,0.0,0.0,0,0.0
2023-12-09,555.0025634765625,0.0,880.3574829101562,0.0,0.0,0.0,0.010158300727712842,0.013845672578047852,1,0,0.0,10,,0.0,0.0,0.0,0.0,0.0,0.0,,0.0,0.0,0.0,0.013845672578047852,0.0,0.0,0.0,0,0.0
2023-12-10,555.0025634765625,0.0,880.3574829101562,0.0,0.0,0.0,0.009851987762499001,0.01380738238909701,1,0,0.0,10,,0.0,0.0,0.0,0.0,0.0,0.0,,0.0,0.0,0.0,0.01380738238909701,0.0,0.0,0.0,0,0.0
2023-12-11,558.8973999023438,0.007017690875847249,878.4903564453125,-0.0021208730556496747,0.009138563931496924,0.009138563931496924,0.009859246521749635,0.01381031778273573,1,0,0.0,10,0.47503471658349783,0.0,0.0,0.0,0.0,0.0,0.0,,0.0,0.0,0.0,0.01381031778273573,0.0,0.0,0.0,0,0.0
2023-12-12,562.7921142578125,0.006968567676552517,876.6231689453125,-0.0021254501956690097,0.009094017872221527,0.009094017872221527,0.00986146738621114,0.01373468188666398,1,0,0.0,10,0.47508613050492193,0.0,0.0,0.0,0.0,0.0,0.0,,0.0,0.0,0.0,0.01373468188666398,0.0,0.0,0.0,0,0.0
2023-12-13,561.818359375,-0.0017302212631330471,891.560302734375,0.017039401099829155,-0.0187696223629622,0.0187696223629622,0.009859108159963248,0.013687467564984903,0,1,1.0,10,15.628146622139843,157.0,-10.0,-88205.482421875,8915.60302734375,0.0,0.0,Opened,-88205.482421875,8915.60302734375,0.0,0.013687467564984903,97121.08544921875,0.0,0.0,0,0.0
2023-12-14,569.648681640625,0.013937462411046653,901.8296508789062,0.011518399947861857,0.0024190624631847957,0.0024190624631847957,0.009913962711772575,0.013705004982367677,1,0,-1.0,10,1.3083557841173044,-157.0,10.0,89434.84301757812,-9018.296508789062,1229.360595703125,-102.6934814453125,Closed,89434.84301757812,-9018.296508789062,1126.6671142578125,0.013705004982367677,98453.13952636719,1126.6671142578125,0.01144368904514289,0,1126.6671142578125
2023-12-15,572.5849609375,0.005154544180490994,929.8367309570312,0.031055843030698638,-0.025901298850207644,0.025901298850207644,0.00992128137050733,0.013873393012662773,0,1,1.0,10,9.78407599939278,98.0,-10.0,-56113.326171875,9298.367309570312,0.0,0.0,Opened,-56113.326171875,9298.367309570312,0.0,0.013873393012662773,65411.69348144531,0.0,0.0,0,0.0
2023-12-16,572.5849609375,0.0,929.8367309570312,0.0,0.0,0.0,0.009891451361543822,0.013493903789349363,1,0,-1.0,10,,-98.0,10.0,56113.326171875,-9298.367309570312,0.0,0.0,Closed,56113.326171875,-9298.367309570312,0.0,0.013493903789349363,65411.69348144531,0.0,0.0,0,0.0
2023-12-17,572.5849609375,0.0,929.8367309570312,0.0,0.0,0.0,0.009891451361543822,0.013338137993763426,1,0,0.0,10,,0.0,0.0,0.0,0.0,0.0,0.0,,0.0,0.0,0.0,0.013338137993763426,0.0,0.0,0.0,0,0.0
2023-12-18,572.5849609375,0.0,923.3016967773438,-0.0070281523219257735,0.0070281523219257735,0.0070281523219257735,0.009887861628816467,0.013355414850679198,1,0,0.0,10,inf,0.0,0.0,0.0,0.0,0.0,0.0,,0.0,0.0,0.0,0.013355414850679198,0.0,0.0,0.0,0,0.0
2023-12-19,572.5849609375,0.0,926.1024780273438,0.003033441029920869,-0.003033441029920869,0.003033441029920869,0.009887861628816467,0.013354708000805229,0,0,0.0,10,inf,0.0,0.0,0.0,0.0,0.0,0.0,,0.0,0.0,0.0,0.013354708000805229,0.0,0.0,0.0,0,0.0
2023-12-20,572.5849609375,0.0,917.7003173828125,-0.009072603565890902,0.009072603565890902,0.009072603565890902,0.009887861628816467,0.013379708030216835,1,0,0.0,10,inf,0.0,0.0,0.0,0.0,0.0,0.0,,0.0,0.0,0.0,0.013379708030216835,0.0,0.0,0.0,0,0.0
2023-12-21,564.7546997070312,-0.01367528273471974,911.1653442382812,-0.007121031801719635,-0.006554250933000105,0.006554250933000105,0.00994138717025747,0.013396266741981407,0,0,0.0,10,0.8401250818635315,0.0,0.0,0.0,0.0,0.0,0.0,,0.0,0.0,0.0,0.013396266741981407,0.0,0.0,0.0,0,0.0
2023-12-22,569.648681640625,0.00866567721549294,924.2353515625,0.014344276158950064,-0.005678598943457125,0.005678598943457125,0.009962004019299149,0.013426979082869274,0,0,0.0,10,2.685663575618314,0.0,0.0,0.0,0.0,0.0,0.0,,0.0,0.0,0.0,0.013426979082869274,0.0,0.0,0.0,0,0.0
2023-12-23,569.648681640625,0.0,924.2353515625,0.0,0.0,0.0,0.009920185590879945,0.013389095615997527,1,0,0.0,10,,0.0,0.0,0.0,0.0,0.0,0.0,,0.0,0.0,0.0,0.013389095615997527,0.0,0.0,0.0,0,0.0
2023-12-24,569.648681640625,0.0,924.2353515625,0.0,0.0,0.0,0.009916382873164507,0.01337673254401247,1,0,0.0,10,,0.0,0.0,0.0,0.0,0.0,0.0,,0.0,0.0,0.0,0.01337673254401247,0.0,0.0,0.0,0,0.0
2023-12-25,568.6698608398438,-0.0017182885387572178,928.9031982421875,0.005050495711721226,-0.0067687842504784435,0.0067687842504784435,0.009914330611475545,0.013307392183313005,0,0,0.0,10,4.801181898577613,0.0,0.0,0.0,0.0,0.0,0.0,,0.0,0.0,0.0,0.013307392183313005,0.0,0.0,0.0,0,0.0
2023-12-26,573.5638427734375,0.008606016021960539,933.571044921875,0.005025116382977979,0.00358089963898256,0.00358089963898256,0.009933129778781464,0.013309107935161638,1,0,0.0,10,0.9504069028516459,0.0,0.0,0.0,0.0,0.0,0.0,,0.0,0.0,0.0,0.013309107935161638,0.0,0.0,0.0,0,0.0
2023-12-27,579.4364013671875,0.010238718266049718,970.913818359375,0.039999926776461914,-0.029761208510412196,0.029761208510412196,0.00995418199089641,0.01356616883218934,0,1,1.0,10,6.546188556759859,66.0,-10.0,-38242.802490234375,9709.13818359375,0.0,0.0,Opened,-38242.802490234375,9709.13818359375,0.0,0.01356616883218934,47951.940673828125,0.0,0.0,0,0.0
2023-12-28,580.4152221679688,0.0016892635645116005,956.9102783203125,-0.01442305153584622,0.01611231510035782,0.01611231510035782,0.00995473044295161,0.013622830567898024,1,0,-1.0,10,14.076418363065024,-66.0,10.0,38307.40466308594,-9569.102783203125,64.6021728515625,140.035400390625,Closed,38307.40466308594,-9569.102783203125,204.6375732421875,0.013622830567898024,47876.50744628906,204.6375732421875,0.004274279477711758,0,204.6375732421875
2023-12-29,580.4152221679688,0.0,947.5745849609375,-0.009756080137170442,0.009756080137170442,0.009756080137170442,0.00995473044295161,0.013651443398279275,1,0,0.0,10,inf,0.0,0.0,0.0,0.0,0.0,0.0,,0.0,0.0,0.0,0.013651443398279275,0.0,0.0,0.0,0,0.0
2023-12-30,580.4152221679688,0.0,947.5745849609375,0.0,0.0,0.0,0.00994786570417991,0.013651553431920632,1,0,0.0,10,,0.0,0.0,0.0,0.0,0.0,0.0,,0.0,0.0,0.0,0.013651553431920632,0.0,0.0,0.0,0,0.0
2023-12-31,580.4152221679688,0.0,947.5745849609375,0.0,0.0,0.0,0.009918909741113598,0.013628515526486975,1,0,0.0,10,,0.0,0.0,0.0,0.0,0.0,0.0,,0.0,0.0,0.0,0.013628515526486975,0.0,0.0,0.0,0,0.0
2024-01-01,580.4152221679688,0.0,947.5745849609375,0.0,0.0,0.0,0.009910926837633102,0.013620937991249896,1,0,0.0,10,,0.0,0.0,0.0,0.0,0.0,0.0,,0.0,0.0,0.0,0.013620937991249896,0.0,0.0,0.0,0,0.0
2024-01-02,580.4152221679688,0.0,915.8331909179688,-0.033497515179005455,0.033497515179005455,0.033497515179005455,0.009662505061487425,0.013848813412343562,1,0,0.0,10,inf,0.0,0.0,0.0,0.0,0.0,0.0,,0.0,0.0,0.0,0.013848813412343562,0.0,0.0,0.0,0,0.0
2024-01-03,565.7335815429688,-0.025295064747201335,889.6931762695312,-0.028542331625081796,0.0032472668778804614,0.0032472668778804614,0.009850110561760179,0.013998903949950806,1,0,0.0,10,1.774524309131949,0.0,0.0,0.0,0.0,0.0,0.0,,0.0,0.0,0.0,0.013998903949950806,0.0,0.0,0.0,0,0.0
2024-01-04,567.6911010742188,0.003460143776353286,889.309814453125,-0.0004308921621875017,0.0038910359385407878,0.0038910359385407878,0.009853026173644839,0.013999277270172406,1,0,0.0,10,0.1950812134008532,0.0,0.0,0.0,0.0,0.0,0.0,,0.0,0.0,0.0,0.013999277270172406,0.0,0.0,0.0,0,0.0
2024-01-05,563.7760009765625,-0.0068965324456343735,882.6017456054688,-0.007543005529272562,0.0006464730836381882,0.0006464730836381882,0.009867416755841825,0.014016439372472475,1,0,0.0,10,1.712268391457153,0.0,0.0,0.0,0.0,0.0,0.0,,0.0,0.0,0.0,0.014016439372472475,0.0,0.0,0.0,0,0.0
2024-01-06,563.7760009765625,0.0,882.6017456054688,0.0,0.0,0.0,0.009867416755841825,0.013971410105664349,1,0,0.0,10,,0.0,0.0,0.0,0.0,0.0,0.0,,0.0,0.0,0.0,0.013971410105664349,0.0,0.0,0.0,0,0.0
2024-01-07,563.7760009765625,0.0,882.6017456054688,0.0,0.0,0.0,0.009740788323409947,0.013911607440601043,1,0,0.0,10,,0.0,0.0,0.0,0.0,0.0,0.0,,0.0,0.0,0.0,0.013911607440601043,0.0,0.0,0.0,0,0.0
2024-01-08,570.6273803710938,0.012152662374175893,881.6434326171875,-0.0010857818863975188,0.013238444260573412,0.013238444260573412,0.009781438047271735,0.013911136697432462,1,0,0.0,10,0.13804209126819536,0.0,0.0,0.0,0.0,0.0,0.0,,0.0,0.0,0.0,0.013911136697432462,0.0,0.0,0.0,0,0.0
2024-01-09,573.5638427734375,0.005146024364330426,889.309814453125,0.00869555826348023,-0.0035495338991498038,0.0035495338991498038,0.009747596869804889,0.013903254439998805,0,0,0.0,10,2.61997381437566,0.0,0.0,0.0,0.0,0.0,0.0,,0.0,0.0,0.0,0.013903254439998805,0.0,0.0,0.0,0,0.0
2024-01-10,571.606201171875,-0.003413118916451241,885.4766845703125,-0.004310230046397967,0.000897111129946726,0.000897111129946726,0.009721372109370503,0.01386119435558239,1,0,0.0,10,1.9562719546001492,0.0,0.0,0.0,0.0,0.0,0.0,,0.0,0.0,0.0,0.01386119435558239,0.0,0.0,0.0,0,0.0
2024-01-11,573.5638427734375,0.0034248081940837505,881.6434326171875,-0.004329026410204273,0.0077538346042880235,0.0077538346042880235,0.009724642958469738,0.013868171497997026,1,0,0.0,10,1.9429659619714164,0.0,0.0,0.0,0.0,0.0,0.0,,0.0,0.0,0.0,0.013868171497997026,0.0,0.0,0.0,0,0.0
2024-01-12,571.606201171875,-0.003413118916451241,887.3932495117188,0.006521703312032612,-0.009934822228483853,0.009934822228483853,0.009728087046526125,0.013871899910394812,0,0,0.0,10,2.966393815552365,0.0,0.0,0.0,0.0,0.0,0.0,,0.0,0.0,0.0,0.013871899910394812,0.0,0.0,0.0,0,0.0
2024-01-13,571.606201171875,0.0,887.3932495117188,0.0,0.0,0.0,0.009728087046526125,0.013827840154112987,1,0,0.0,10,,0.0,0.0,0.0,0.0,0.0,0.0,,0.0,0.0,0.0,0.013827840154112987,0.0,0.0,0.0,0,0.0
2024-01-14,571.606201171875,0.0,887.3932495117188,0.0,0.0,0.0,0.009644667889813713,0.013827840154112987,1,0,0.0,10,,0.0,0.0,0.0,0.0,0.0,0.0,,0.0,0.0,0.0,0.013827840154112987,0.0,0.0,0.0,0,0.0
2024-01-15,573.5638427734375,0.0034248081940837505,883.5599975585938,-0.004319676710673903,0.007744484904757654,0.007744484904757654,0.009647778194202058,0.013775944635688172,1,0,0.0,10,1.9429842071030181,0.0,0.0,0.0,0.0,0.0,0.0,,0.0,0.0,0.0,0.013775944635688172,0.0,0.0,0.0,0,0.0
2024-01-16,567.6911010742188,-0.01023903750770172,857.6856689453125,-0.02928417842000075,0.01904514091229903,0.01904514091229903,0.009675192872256069,0.013958499694382653,1,1,1.0,10,4.321056822645734,-44.0,10.0,24978.408447265625,-8576.856689453125,0.0,0.0,Opened,24978.408447265625,-8576.856689453125,0.0,0.013958499694382653,33555.26513671875,0.0,0.0,0,0.0
2024-01-17,568.6698608398438,0.0017241062327257861,842.352783203125,-0.017877045516036416,0.019601151748762202,0.019601151748762202,0.009355655426874993,0.01398292220483231,1,1,0.0,10,15.359091500136193,44.0,-10.0,-25021.473876953125,8423.52783203125,-43.0654296875,-153.328857421875,Live,0.0,0.0,0.0,0.01398292220483231,33445.001708984375,-196.394287109375,-0.005872156587649907,0,0.0
2024-01-18,575.5213012695312,0.012048186305440689,859.6023559570312,0.0204778485901278,-0.008429662284687112,0.008429662284687112,0.009396450046845098,0.014052534891260345,0,0,-1.0,10,2.5386267249501087,44.0,-10.0,-25322.937255859375,8596.023559570312,-344.52880859375,19.1668701171875,Closed,-25322.937255859375,8596.023559570312,-325.3619384765625,0.014052534891260345,33918.96081542969,-325.3619384765625,-0.009592332154484988,0,-325.3619384765625
2024-01-19,612.7149047851562,0.06462593727387733,881.6434326171875,0.02564101471734226,0.03898492255653507,0.03898492255653507,0.010546346963096767,0.014164050686754545,1,1,1.0,10,0.5709037359069705,-6.0,10.0,3676.2894287109375,-8816.434326171875,0.0,0.0,Opened,3676.2894287109375,-8816.434326171875,0.0,0.014164050686754545,12492.723754882812,0.0,0.0,0,0.0
2024-01-20,612.7149047851562,0.0,881.6434326171875,0.0,0.0,0.0,0.010541560351999239,0.014135403917894453,1,1,0.0,10,,6.0,-10.0,-3676.2894287109375,8816.434326171875,0.0,0.0,Live,0.0,0.0,0.0,0.014135403917894453,12492.723754882812,0.0,0.0,0,0.0
2024-01-21,612.7149047851562,0.0,881.6434326171875,0.0,0.0,0.0,0.01044544911742516,0.01408017550277235,1,1,0.0,10,,6.0,-10.0,-3676.2894287109375,8816.434326171875,0.0,0.0,Live,0.0,0.0,0.0,0.01408017550277235,12492.723754882812,0.0,0.0,0,0.0
2024-01-22,612.7149047851562,0.0,883.5599975585938,0.00217385495144784,-0.00217385495144784,0.00217385495144784,0.010436153443151769,0.014021820267190323,0,0,-1.0,10,inf,6.0,-10.0,-3676.2894287109375,8835.599975585938,0.0,19.1656494140625,Closed,-3676.2894287109375,8835.599975585938,19.1656494140625,0.014021820267190323,12511.889404296875,19.1656494140625,0.0015317949827370252,0,19.1656494140625
2024-01-23,614.6724243164062,0.0031948293014618656,873.0186157226562,-0.011930578415800697,0.015125407717262562,0.015125407717262562,0.010432117788597468,0.01405974408007581,1,1,1.0,10,5.30387908880848,-54.0,10.0,33192.31091308594,-8730.186157226562,0.0,0.0,Opened,33192.31091308594,-8730.186157226562,0.0,0.01405974408007581,41922.4970703125,0.0,0.0,0,0.0
2024-01-24,613.6935424804688,-0.001592526030472441,896.976318359375,0.027442373169657364,-0.029034899200129805,0.029034899200129805,0.010428801127148682,0.014185594646581357,0,0,-1.0,10,25.186310293941823,54.0,-10.0,-33139.45129394531,8969.76318359375,52.859619140625,239.5770263671875,Closed,-33139.45129394531,8969.76318359375,292.4366455078125,0.014185594646581357,42109.21447753906,292.4366455078125,0.006944718611737519,0,292.4366455078125
2024-01-25,628.3753051757812,0.023923606293738686,903.6845092773438,0.007478671154037109,0.016444935139701577,0.016444935139701577,0.01057165046525063,0.014190054091158807,1,1,1.0,10,0.4495681328260158,-5.0,10.0,3141.8765258789062,-9036.845092773438,0.0,0.0,Opened,3141.8765258789062,-9036.845092773438,0.0,0.014190054091158807,12178.721618652344,0.0,0.0,0,0.0
2024-01-26,630.3328247070312,0.0031152076078202473,896.976318359375,-0.007423155812788185,0.010538363420608432,0.010538363420608432,0.010572874442883226,0.014207393445102147,1,1,0.0,10,3.3908816738604997,5.0,-10.0,-3151.6641235351562,8969.76318359375,-9.78759765625,-67.0819091796875,Live,0.0,0.0,0.0,0.014207393445102147,12121.427307128906,-76.8695068359375,-0.00634162173218072,0,0.0
2024-01-27,630.3328247070312,0.0,896.976318359375,0.0,0.0,0.0,0.010568034536819156,0.013775400268435803,1,1,0.0,10,,5.0,-10.0,-3151.6641235351562,8969.76318359375,-9.78759765625,-67.0819091796875,Live,0.0,0.0,0.0,0.013775400268435803,12121.427307128906,-76.8695068359375,-0.00634162173218072,0,0.0
2024-01-28,630.3328247070312,0.0,896.976318359375,0.0,0.0,0.0,0.01056628018876102,0.013573514040555698,1,1,0.0,10,,5.0,-10.0,-3151.6641235351562,8969.76318359375,-9.78759765625,-67.0819091796875,Live,0.0,0.0,0.0,0.013573514040555698,12121.427307128906,-76.8695068359375,-0.00634162173218072,0,0.0
2024-01-29,634.2479858398438,0.00621126011426143,898.8929443359375,0.0021367631868678405,0.004074496927393589,0.004074496927393589,0.010539124323391262,0.013562326273885468,1,1,0.0,10,0.48755717357384154,5.0,-10.0,-3171.2399291992188,8988.929443359375,-29.3634033203125,-47.9156494140625,Live,0.0,0.0,0.0,0.013562326273885468,12160.169372558594,-77.279052734375,-0.006355096739751651,0,0.0
2024-01-30,628.3753051757812,-0.009259281535259678,922.8506469726562,0.026652453762909145,-0.03591173529816882,0.03591173529816882,0.010566181999288493,0.01368756361181101,0,0,-1.0,10,4.227389079109259,5.0,-10.0,-3141.8765258789062,9228.506469726562,0.0,191.661376953125,Closed,-3141.8765258789062,9228.506469726562,191.661376953125,0.01368756361181101,12370.382995605469,191.661376953125,0.015493568551694153,0,191.661376953125
2024-01-31,614.6724243164062,-0.021806841781507935,925.7255859375,0.003115280868334125,-0.02492212264984206,0.02492212264984206,0.010654502588412317,0.013680009395126841,0,1,1.0,10,0.21515080364283215,3.0,-10.0,-1844.0172729492188,9257.255859375,0.0,0.0,Opened,-1844.0172729492188,9257.255859375,0.0,0.013680009395126841,11101.273132324219,0.0,0.0,0,0.0
2024-02-01,614.6724243164062,0.0,891.2265014648438,-0.037267074602586825,0.037267074602586825,0.037267074602586825,0.010654502588412317,0.013988685148428444,1,0,-1.0,10,inf,-3.0,10.0,1844.0172729492188,-8912.265014648438,0.0,344.9908447265625,Closed,1844.0172729492188,-8912.265014648438,344.9908447265625,0.013988685148428444,10756.282287597656,344.9908447265625,0.03207342792819301,0,344.9908447265625
2024-02-02,621.5238647460938,0.011146490648750396,896.976318359375,0.006451577556413124,0.004694913092337272,0.004694913092337272,0.010682109339269835,0.013992378963913178,1,0,0.0,10,0.8353162585234704,0.0,0.0,0.0,0.0,0.0,0.0,,0.0,0.0,0.0,0.013992378963913178,0.0,0.0,0.0,0,0.0
2024-02-03,621.5238647460938,0.0,896.976318359375,0.0,0.0,0.0,0.010671698966746196,0.013992378963913178,1,0,0.0,10,,0.0,0.0,0.0,0.0,0.0,0.0,,0.0,0.0,0.0,0.013992378963913178,0.0,0.0,0.0,0,0.0
2024-02-04,621.5238647460938,0.0,896.976318359375,0.0,0.0,0.0,0.010636511958013737,0.013872387193009053,1,0,0.0,10,,0.0,0.0,0.0,0.0,0.0,0.0,,0.0,0.0,0.0,0.013872387193009053,0.0,0.0,0.0,0,0.0
2024-02-05,632.2904663085938,0.017322909341378923,897.9346313476562,0.0010683815934338092,0.016254527747945113,0.016254527747945113,0.01070494222307016,0.013832732877014742,1,1,1.0,10,0.08758579024495795,-1.0,10.0,632.2904663085938,-8979.346313476562,0.0,0.0,Opened,632.2904663085938,-8979.346313476562,0.0,0.013832732877014742,9611.636779785156,0.0,0.0,0,0.0
2024-02-06,632.2904663085938,0.0,897.9346313476562,0.0,0.0,0.0,0.010694500937368743,0.01379770081055025,1,1,0.0,10,,1.0,-10.0,-632.2904663085938,8979.346313476562,0.0,0.0,Live,0.0,0.0,0.0,0.01379770081055025,9611.636779785156,0.0,0.0,0,0.0
2024-02-07,632.2904663085938,0.0,897.9346313476562,0.0,0.0,0.0,0.010668099111833333,0.013698586044372863,1,1,0.0,10,,1.0,-10.0,-632.2904663085938,8979.346313476562,0.0,0.0,Live,0.0,0.0,0.0,0.013698586044372863,9611.636779785156,0.0,0.0,0,0.0
2024-02-08,632.2904663085938,0.0,897.9346313476562,0.0,0.0,0.0,0.010668099111833333,0.013698586044372863,1,1,0.0,10,,1.0,-10.0,-632.2904663085938,8979.346313476562,0.0,0.0,Live,0.0,0.0,0.0,0.013698586044372863,9611.636779785156,0.0,0.0,0,0.0
2024-02-09,632.2904663085938,0.0,897.9346313476562,0.0,0.0,0.0,0.010668099111833333,0.013698586044372863,1,1,0.0,10,,1.0,-10.0,-632.2904663085938,8979.346313476562,0.0,0.0,Live,0.0,0.0,0.0,0.013698586044372863,9611.636779785156,0.0,0.0,0,0.0
2024-02-10,632.2904663085938,0.0,897.9346313476562,0.0,0.0,0.0,0.010640945250081316,0.013668230011269187,1,1,0.0,10,,1.0,-10.0,-632.2904663085938,8979.346313476562,0.0,0.0,Live,0.0,0.0,0.0,0.013668230011269187,9611.636779785156,0.0,0.0,0,0.0
2024-02-11,632.2904663085938,0.0,897.9346313476562,0.0,0.0,0.0,0.010641112528004572,0.013659457641666794,1,1,0.0,10,,1.0,-10.0,-632.2904663085938,8979.346313476562,0.0,0.0,Live,0.0,0.0,0.0,0.013659457641666794,9611.636779785156,0.0,0.0,0,0.0
2024-02-12,632.2904663085938,0.0,897.9346313476562,0.0,0.0,0.0,0.010641112528004572,0.013618782859450965,1,1,0.0,10,,1.0,-10.0,-632.2904663085938,8979.346313476562,0.0,0.0,Live,0.0,0.0,0.0,0.013618782859450965,9611.636779785156,0.0,0.0,0,0.0
2024-02-13,632.2904663085938,0.0,897.9346313476562,0.0,0.0,0.0,0.010639632492236106,0.01350315873890414,1,1,0.0,10,,1.0,-10.0,-632.2904663085938,8979.346313476562,0.0,0.0,Live,0.0,0.0,0.0,0.01350315873890414,9611.636779785156,0.0,0.0,0,0.0
2024-02-14,632.2904663085938,0.0,897.9346313476562,0.0,0.0,0.0,0.010612126378689964,0.01350315873890414,1,1,0.0,10,,1.0,-10.0,-632.2904663085938,8979.346313476562,0.0,0.0,Live,0.0,0.0,0.0,0.01350315873890414,9611.636779785156,0.0,0.0,0,0.0
2024-02-15,682.2081298828125,0.07894736080024356,931.4754028320312,0.03735324411537144,0.04159411668487212,0.04159411668487212,0.012093533576980512,0.013755870747227202,1,1,0.0,10,0.6460188799051743,1.0,-10.0,-682.2081298828125,9314.754028320312,-49.91766357421875,335.40771484375,Live,0.0,0.0,0.0,0.013755870747227202,9996.962158203125,285.49005126953125,0.028557680498497138,0,0.0
2024-02-16,668.5051879882812,-0.020086160358254723,929.5587768554688,-0.0020576238199476737,-0.01802853653830705,0.01802853653830705,0.012200213209731024,0.013758626355998643,0,0,-1.0,10,0.1424430050227991,1.0,-10.0,-668.5051879882812,9295.587768554688,-36.2147216796875,316.241455078125,Closed,-668.5051879882812,9295.587768554688,280.0267333984375,0.013758626355998643,9964.092956542969,280.0267333984375,0.028103585004649784,0,280.0267333984375
2024-02-17,668.5051879882812,0.0,929.5587768554688,0.0,0.0,0.0,0.012194580029189247,0.013740561623318175,1,0,0.0,10,,0.0,0.0,0.0,0.0,0.0,0.0,,0.0,0.0,0.0,0.013740561623318175,0.0,0.0,0.0,0,0.0
2024-02-18,668.5051879882812,0.0,929.5587768554688,0.0,0.0,0.0,0.012186812573723298,0.013740652802014341,1,0,0.0,10,,0.0,0.0,0.0,0.0,0.0,0.0,,0.0,0.0,0.0,0.013740652802014341,0.0,0.0,0.0,0,0.0
2024-02-19,663.611328125,-0.007320601172906782,922.8506469726562,-0.007216466618178652,-0.00010413455472813027,0.00010413455472813027,0.012121292929930303,0.013756053050571796,0,0,0.0,10,1.3708675298963209,0.0,0.0,0.0,0.0,0.0,0.0,,0.0,0.0,0.0,0.013756053050571796,0.0,0.0,0.0,0,0.0
2024-02-20,672.4202880859375,0.01327427605225906,941.0584716796875,0.01972997989085301,-0.006455703838593951,0.006455703838593951,0.012057705235852855,0.013663469715826564,0,0,0.0,10,2.0801353663841953,0.0,0.0,0.0,0.0,0.0,0.0,,0.0,0.0,0.0,0.013663469715826564,0.0,0.0,0.0,0,0.0
2024-02-21,666.5476684570312,-0.008733555088920375,940.1002197265625,-0.0010182703646614,-0.007715284724258975,0.007715284724258975,0.011823257840640748,0.013664599009437953,0,0,0.0,10,0.16444284467429193,0.0,0.0,0.0,0.0,0.0,0.0,,0.0,0.0,0.0,0.013664599009437953,0.0,0.0,0.0,0,0.0
2024-02-22,677.314208984375,0.016152694003516377,972.6826782226562,0.034658494714074894,-0.018505800710558518,0.018505800710558518,0.011874094964725669,0.013876505483226559,0,1,1.0,10,3.0813833109222832,31.0,-10.0,-20996.740478515625,9726.826782226562,0.0,0.0,Opened,-20996.740478515625,9726.826782226562,0.0,0.013876505483226559,30723.567260742188,0.0,0.0,0,0.0
2024-02-23,682.2081298828125,0.007225480926756012,1054.1387939453125,0.08374377126926702,-0.07651829034251101,0.07651829034251101,0.011881389961174294,0.015143164496699604,0,1,0.0,10,17.908807222011966,-31.0,10.0,21148.452026367188,-10541.387939453125,151.7115478515625,-814.5611572265625,Live,0.0,0.0,0.0,0.015143164496699604,31689.839965820312,-662.849609375,-0.02091678626619539,1,-662.849609375
2024-02-24,682.2081298828125,0.0,1054.1387939453125,0.0,0.0,0.0,0.011878092327522948,0.015134784491351874,1,0,-1.0,10,,-31.0,10.0,21148.452026367188,-10541.387939453125,151.7115478515625,-814.5611572265625,Closed,21148.452026367188,-10541.387939453125,-662.849609375,0.015134784491351874,31689.839965820312,-662.849609375,-0.02091678626619539,1,0.0
2024-02-25,682.2081298828125,0.0,1054.1387939453125,0.0,0.0,0.0,0.01187477213980321,0.015117281535039264,1,0,0.0,10,,0.0,0.0,0.0,0.0,0.0,0.0,,0.0,0.0,0.0,0.015117281535039264,0.0,0.0,0.0,0,0.0
2024-02-26,683.1868896484375,0.0014346937873537247,1068.5135498046875,0.013636492596553307,-0.012201798809199582,0.012201798809199582,0.01187096929017003,0.01513606043566783,0,0,0.0,10,14.865652397629304,0.0,0.0,0.0,0.0,0.0,0.0,,0.0,0.0,0.0,0.01513606043566783,0.0,0.0,0.0,0,0.0
2024-02-27,683.1868896484375,0.0,1068.5135498046875,0.0,0.0,0.0,0.011836126224431379,0.01512436874038602,1,0,0.0,10,,0.0,0.0,0.0,0.0,0.0,0.0,,0.0,0.0,0.0,0.01512436874038602,0.0,0.0,0.0,0,0.0
2024-02-28,683.1868896484375,0.0,1068.5135498046875,0.0,0.0,0.0,0.01183408063758854,0.015122381804422809,1,0,0.0,10,,0.0,0.0,0.0,0.0,0.0,0.0,,0.0,0.0,0.0,0.015122381804422809,0.0,0.0,0.0,0,0.0
2024-02-29,675.3565673828125,-0.011461464475195693,1092.4710693359375,0.022421353042859637,-0.03388281751805533,0.03388281751805533,0.01187282380948927,0.015191637879575672,0,1,1.0,10,3.1644520683624346,32.0,-10.0,-21611.41015625,10924.710693359375,0.0,0.0,Opened,-21611.41015625,10924.710693359375,0.0,0.015191637879575672,32536.120849609375,0.0,0.0,0,0.0
2024-03-01,674.3779296875,-0.0014490681553671614,1058.930419921875,-0.03070163627715128,0.029252568121784117,0.029252568121784117,0.011874276138646955,0.015395282979998098,1,0,-1.0,10,33.26877313387453,-32.0,10.0,21580.09375,-10589.30419921875,-31.31640625,335.406494140625,Closed,21580.09375,-10589.30419921875,304.090087890625,0.015395282979998098,32169.39794921875,304.090087890625,0.009452775223541602,0,304.090087890625
2024-03-02,674.3779296875,0.0,1058.930419921875,0.0,0.0,0.0,0.011821183728938046,0.015396312252727097,1,0,0.0,10,,0.0,0.0,0.0,0.0,0.0,0.0,,0.0,0.0,0.0,0.015396312252727097,0.0,0.0,0.0,0,0.0
2024-03-03,674.3779296875,0.0,1058.930419921875,0.0,0.0,0.0,0.01179645197268403,0.01538832319151567,1,0,0.0,10,,0.0,0.0,0.0,0.0,0.0,0.0,,0.0,0.0,0.0,0.01538832319151567,0.0,0.0,0.0,0,0.0
2024-03-04,709.6138305664062,0.05224948701277077,1102.0543212890625,0.04072401789191127,0.0115254691208595,0.0115254691208595,0.012385005462097575,0.015625051056765708,1,0,0.0,10,1.2104574259406984,0.0,0.0,0.0,0.0,0.0,0.0,,0.0,0.0,0.0,0.015625051056765708,0.0,0.0,0.0,0,0.0
2024-03-05,714.5078125,0.006896683411155458,1106.8458251953125,0.004347792857112065,0.0025488905540433926,0.0025488905540433926,0.012331162338799067,0.01562241108406021,1,0,0.0,10,0.9765819744446502,0.0,0.0,0.0,0.0,0.0,0.0,,0.0,0.0,0.0,0.01562241108406021,0.0,0.0,0.0,0,0.0
2024-03-06,719.401611328125,0.006849188689766805,1140.3865966796875,0.030303020276971626,-0.02345383158720482,0.02345383158720482,0.0123246126744375,0.01571907919487769,0,1,1.0,10,7.013381826200704,71.0,-10.0,-51077.514404296875,11403.865966796875,0.0,0.0,Opened,-51077.514404296875,11403.865966796875,0.0,0.01571907919487769,62481.38037109375,0.0,0.0,0,0.0
2024-03-07,743.87109375,0.034013660848911,1178.7188720703125,0.0336134040002154,0.0004002568486956015,0.0004002568486956015,0.012554566414920691,0.015880311474391187,1,0,-1.0,10,1.565927577500668,-71.0,10.0,52814.84765625,-11787.188720703125,1737.333251953125,-383.32275390625,Closed,52814.84765625,-11787.188720703125,1354.010498046875,0.015880311474391187,64602.036376953125,1354.010498046875,0.02095925413474923,0,1354.010498046875
2024-03-08,767.3617553710938,0.03157894132257888,1178.7188720703125,0.0,0.03157894132257888,0.03157894132257888,0.012744993663827546,0.015880311474391187,1,0,0.0,10,0.0,0.0,0.0,0.0,0.0,0.0,0.0,,0.0,0.0,0.0,0.015880311474391187,0.0,0.0,0.0,0,0.0
2024-03-09,767.3617553710938,0.0,1178.7188720703125,0.0,0.0,0.0,0.012732737650993904,0.01587978719295514,1,0,0.0,10,,0.0,0.0,0.0,0.0,0.0,0.0,,0.0,0.0,0.0,0.01587978719295514,0.0,0.0,0.0,0,0.0
2024-03-10,767.3617553710938,0.0,1178.7188720703125,0.0,0.0,0.0,0.012698309423013115,0.01583444871802368,1,0,0.0,10,,0.0,0.0,0.0,0.0,0.0,0.0,,0.0,0.0,0.0,0.01583444871802368,0.0,0.0,0.0,0,0.0
2024-03-11,749.7437133789062,-0.022959239066673964,1173.9273681640625,-0.004065009918636675,-0.01889422914803729,0.01889422914803729,0.012823248258308625,0.01584269286576575,0,1,1.0,10,0.27722507784406103,3.0,-10.0,-2249.2311401367188,11739.273681640625,0.0,0.0,Opened,-2249.2311401367188,11739.273681640625,0.0,0.01584269286576575,13988.504821777344,0.0,0.0,0,0.0
2024-03-12,753.6588745117188,0.005221999281818324,1164.3443603515625,-0.00816320333981746,0.013385202621635783,0.013385202621635783,0.012735600405915535,0.01586453747671649,1,0,-1.0,10,2.4150739495121134,-3.0,10.0,2260.9766235351562,-11643.443603515625,11.7454833984375,95.830078125,Closed,2260.9766235351562,-11643.443603515625,107.5755615234375,0.01586453747671649,13904.420227050781,107.5755615234375,0.007736788716594693,0,107.5755615234375
2024-03-13,762.4678344726562,0.011688258785043315,1164.3443603515625,0.0,0.011688258785043315,0.011688258785043315,0.012721622419787183,0.015610320926295745,1,0,0.0,10,0.0,0.0,0.0,0.0,0.0,0.0,0.0,,0.0,0.0,0.0,0.015610320926295745,0.0,0.0,0.0,0,0.0
2024-03-14,767.3617553710938,0.006418527677068964,1102.0543212890625,-0.053497952309995433,0.0599164799870644,0.0599164799870644,0.012725083732610514,0.01616439204318538,1,1,1.0,10,11.970287802127318,-120.0,10.0,92083.41064453125,-11020.543212890625,0.0,0.0,Opened,92083.41064453125,-11020.543212890625,0.0,0.01616439204318538,103103.95385742188,0.0,0.0,0,0.0
2024-03-15,737.01953125,-0.039540964751912044,1087.6796875,-0.013043489337484448,-0.026497475414427596,0.026497475414427596,0.013095683224054829,0.016205098135509965,0,0,-1.0,10,0.48682015165404763,120.0,-10.0,-88442.34375,10876.796875,3641.06689453125,-143.746337890625,Closed,-88442.34375,10876.796875,3497.320556640625,0.016205098135509965,99319.140625,3497.320556640625,0.03521295628045639,0,3497.320556640625
2024-03-16,737.01953125,0.0,1087.6796875,0.0,0.0,0.0,0.012845622029274877,0.016118704751249786,1,0,0.0,10,,0.0,0.0,0.0,0.0,0.0,0.0,,0.0,0.0,0.0,0.016118704751249786,0.0,0.0,0.0,0,0.0
2024-03-17,737.01953125,0.0,1087.6796875,0.0,0.0,0.0,0.012839466478887148,0.01608623703744488,1,0,0.0,10,,0.0,0.0,0.0,0.0,0.0,0.0,,0.0,0.0,0.0,0.01608623703744488,0.0,0.0,0.0,0,0.0
2024-03-18,751.2779541015625,0.01934605834309422,1121.220458984375,0.030836993528368106,-0.011490935185273887,0.011490935185273887,0.01289180860295257,0.01615101156808166,0,0,0.0,10,2.378865595611601,0.0,0.0,0.0,0.0,0.0,0.0,,0.0,0.0,0.0,0.01615101156808166,0.0,0.0,0.0,0,0.0
2024-03-19,749.311279296875,-0.0026177725486958847,1102.0543212890625,-0.017093995691689012,0.014476223142993128,0.014476223142993128,0.012833210302951224,0.016150780237471095,1,0,0.0,10,9.604005780888556,0.0,0.0,0.0,0.0,0.0,0.0,,0.0,0.0,0.0,0.016150780237471095,0.0,0.0,0.0,0,0.0
2024-03-20,745.3778686523438,-0.005249367990592946,1082.8880615234375,-0.017391392960744767,0.012142024970151821,0.012142024970151821,0.012815547174265522,0.016218784960651534,1,0,0.0,10,4.8132056902015465,0.0,0.0,0.0,0.0,0.0,0.0,,0.0,0.0,0.0,0.016218784960651534,0.0,0.0,0.0,0,0.0
2024-03-21,770.9449462890625,0.034300827421861246,1092.4710693359375,0.008849490684215588,0.025451336737645658,0.025451336737645658,0.0130356359375593,0.016224319204027244,1,1,1.0,10,0.3655950096058002,-4.0,10.0,3083.77978515625,-10924.710693359375,0.0,0.0,Opened,3083.77978515625,-10924.710693359375,0.0,0.016224319204027244,14008.490478515625,0.0,0.0,0,0.0
2024-03-22,771.9283447265625,0.0012755754379525364,1078.0965576171875,-0.013157796231151098,0.014433371669103634,0.014433371669103634,0.01303467055552497,0.016265838730155687,1,1,0.0,10,14.406473325769182,4.0,-10.0,-3087.71337890625,10780.965576171875,-3.93359375,-143.7451171875,Live,0.0,0.0,0.0,0.016265838730155687,13868.678955078125,-147.6787109375,-0.010648361780948594,0,0.0
2024-03-23,771.9283447265625,0.0,1078.0965576171875,0.0,0.0,0.0,0.013033482344785297,0.016251307581909503,1,1,0.0,10,,4.0,-10.0,-3087.71337890625,10780.965576171875,-3.93359375,-143.7451171875,Live,0.0,0.0,0.0,0.016251307581909503,13868.678955078125,-147.6787109375,-0.010648361780948594,0,0.0
2024-03-24,771.9283447265625,0.0,1078.0965576171875,0.0,0.0,0.0,0.012993637761408414,0.016132196589434575,1,1,0.0,10,,4.0,-10.0,-3087.71337890625,10780.965576171875,-3.93359375,-143.7451171875,Live,0.0,0.0,0.0,0.016132196589434575,13868.678955078125,-147.6787109375,-0.010648361780948594,0,0.0
2024-03-25,767.0115356445312,-0.006369514885184002,1073.304931640625,-0.004444523955398738,-0.001924990929785264,0.001924990929785264,0.013007732519600952,0.016139637699740722,0,0,-1.0,10,0.9764277727667278,4.0,-10.0,-3068.046142578125,10733.04931640625,15.733642578125,-191.661376953125,Closed,-3068.046142578125,10733.04931640625,-175.927734375,0.016139637699740722,13801.095458984375,-175.927734375,-0.012747374648472039,0,-175.927734375
2024-03-26,768.978271484375,0.002564154186013745,1082.8880615234375,0.008928618140386257,-0.006364463954372512,0.006364463954372512,0.013007695475517523,0.01614154806867624,0,0,0.0,10,4.90353873690711,0.0,0.0,0.0,0.0,0.0,0.0,,0.0,0.0,0.0,0.01614154806867624,0.0,0.0,0.0,0,0.0
2024-03-27,766.0281982421875,-0.0038363544869647326,1116.4288330078125,0.030973442847997523,-0.034809797334962256,0.034809797334962256,0.013014749468142017,0.01627749278512772,0,1,1.0,10,11.766763896371728,118.0,-10.0,-90391.32739257812,11164.288330078125,0.0,0.0,Opened,-90391.32739257812,11164.288330078125,0.0,0.01627749278512772,101555.61572265625,0.0,0.0,0,0.0
2024-03-28,756.1947021484375,-0.01283698970392344,1111.6373291015625,-0.004291813113909804,-0.008545176590013637,0.008545176590013637,0.013062800873963875,0.016284814600126197,0,1,0.0,10,0.49148141647017135,-118.0,10.0,89230.97485351562,-11116.373291015625,-1160.3525390625,47.9150390625,Live,0.0,0.0,0.0,0.016284814600126197,100347.34814453125,-1112.4375,-0.011085868441662709,0,0.0
2024-03-29,763.0781860351562,0.009102793059990955,1135.594970703125,0.02155167065226693,-0.012448877592275975,0.012448877592275975,0.013071533319510914,0.016343132715886933,0,1,0.0,10,3.5233898079865256,-118.0,10.0,90043.22595214844,-11355.94970703125,-348.1014404296875,-191.661376953125,Live,0.0,0.0,0.0,0.016343132715886933,101399.17565917969,-539.7628173828125,-0.0053231479829485935,0,0.0
2024-03-30,763.0781860351562,0.0,1135.594970703125,0.0,0.0,0.0,0.013011902813346231,0.01632495317592324,1,0,-1.0,10,,-118.0,10.0,90043.22595214844,-11355.94970703125,-348.1014404296875,-191.661376953125,Closed,90043.22595214844,-11355.94970703125,-539.7628173828125,0.01632495317592324,101399.17565917969,-539.7628173828125,-0.0053231479829485935,0,-539.7628173828125
2024-03-31,763.0781860351562,0.0,1135.594970703125,0.0,0.0,0.0,0.012992556348998995,0.016133287238088757,1,0,0.0,10,,0.0,0.0,0.0,0.0,0.0,0.0,,0.0,0.0,0.0,0.016133287238088757,0.0,0.0,0.0,0,0.0
2024-04-01,757.1781005859375,-0.007731954021480747,1111.6373291015625,-0.02109699516080865,0.013365041139327904,0.013365041139327904,0.012933892400807646,0.01621951600246156,1,0,0.0,10,4.005866002449334,0.0,0.0,0.0,0.0,0.0,0.0,,0.0,0.0,0.0,0.01621951600246156,0.0,0.0,0.0,0,0.0
2024-04-02,776.844970703125,0.02597390244378217,1116.4288330078125,0.004310312168198438,0.021663590275583733,0.021663590275583733,0.013017461764166115,0.016215405104345153,1,1,1.0,10,0.2384889190095498,-3.0,10.0,2330.534912109375,-11164.288330078125,0.0,0.0,Opened,2330.534912109375,-11164.288330078125,0.0,0.016215405104345153,13494.8232421875,0.0,0.0,0,0.0
2024-04-03,767.0115356445312,-0.01265816917073359,1111.6373291015625,-0.004291813113909804,-0.008366356056823787,0.008366356056823787,0.013059628033801954,0.01622220128101655,0,0,-1.0,10,0.49139545277441676,3.0,-10.0,-2301.0346069335938,11116.373291015625,29.50030517578125,-47.9150390625,Closed,-2301.0346069335938,11116.373291015625,-18.41473388671875,0.01622220128101655,13417.407897949219,-18.41473388671875,-0.0013724509254528475,0,-18.41473388671875
2024-04-04,767.0115356445312,0.0,1111.6373291015625,0.0,0.0,0.0,0.013059628033801954,0.01622220128101655,1,0,0.0,10,,0.0,0.0,0.0,0.0,0.0,0.0,,0.0,0.0,0.0,0.01622220128101655,0.0,0.0,0.0,0,0.0
2024-04-05,767.0115356445312,0.0,1111.6373291015625,0.0,0.0,0.0,0.013059628033801954,0.01622220128101655,1,0,0.0,10,,0.0,0.0,0.0,0.0,0.0,0.0,,0.0,0.0,0.0,0.01622220128101655,0.0,0.0,0.0,0,0.0
2024-04-06,767.0115356445312,0.0,1111.6373291015625,0.0,0.0,0.0,0.013059628033801954,0.01622220128101655,1,0,0.0,10,,0.0,0.0,0.0,0.0,0.0,0.0,,0.0,0.0,0.0,0.01622220128101655,0.0,0.0,0.0,0,0.0
2024-04-07,767.0115356445312,0.0,1111.6373291015625,0.0,0.0,0.0,0.013059628033801954,0.01622220128101655,1,0,0.0,10,,0.0,0.0,0.0,0.0,0.0,0.0,,0.0,0.0,0.0,0.01622220128101655,0.0,0.0,0.0,0,0.0
2024-04-08,769.9616088867188,0.0038461914913816564,1102.0543212890625,-0.008620624336396765,0.012466815827778421,0.012466815827778421,0.012971392597495789,0.016050874850629997,1,0,0.0,10,3.208054575071048,0.0,0.0,0.0,0.0,0.0,0.0,,0.0,0.0,0.0,0.016050874850629997,0.0,0.0,0.0,0,0.0
2024-04-09,805.3621215820312,0.045976984159636025,1111.6373291015625,0.008695585714223908,0.03728139844541212,0.03728139844541212,0.013360561158715777,0.016058014446595062,1,1,1.0,10,0.2610539580456977,-3.0,10.0,2416.0863647460938,-11116.373291015625,0.0,0.0,Opened,2416.0863647460938,-11116.373291015625,0.0,0.016058014446595062,13532.459655761719,0.0,0.0,0,0.0
2024-04-10,801.4287719726562,-0.004883951583976254,1145.1781005859375,0.030172404799938768,-0.03505635638391502,0.03505635638391502,0.013369387520978049,0.01602772223259263,0,0,-1.0,10,8.827681998830602,3.0,-10.0,-2404.2863159179688,11451.781005859375,11.800048828125,335.40771484375,Closed,-2404.2863159179688,11451.781005859375,347.207763671875,0.01602772223259263,13856.067321777344,347.207763671875,0.025058175282258805,0,347.207763671875
2024-04-11,806.3455200195312,0.006134978202458008,1149.9696044921875,0.0041840687520993125,0.0019509094503586955,0.0019509094503586955,0.013371313672588437,0.01602752061943693,1,0,0.0,10,0.9726374158709451,0.0,0.0,0.0,0.0,0.0,0.0,,0.0,0.0,0.0,0.01602752061943693,0.0,0.0,0.0,0,0.0
2024-04-12,804.3788452148438,-0.0024389976205732022,1130.803466796875,-0.016666647205667684,0.014227649585094482,0.014227649585094482,0.01337492649050884,0.016088570754649624,1,0,0.0,10,9.60645951485992,0.0,0.0,0.0,0.0,0.0,0.0,,0.0,0.0,0.0,0.016088570754649624,0.0,0.0,0.0,0,0.0
2024-04-13,804.3788452148438,0.0,1130.803466796875,0.0,0.0,0.0,0.013316834183094954,0.016085812549883047,1,0,0.0,10,,0.0,0.0,0.0,0.0,0.0,0.0,,0.0,0.0,0.0,0.016085812549883047,0.0,0.0,0.0,0,0.0
2024-04-14,804.3788452148438,0.0,1130.803466796875,0.0,0.0,0.0,0.013302346500002603,0.01601657231724258,1,0,0.0,10,,0.0,0.0,0.0,0.0,0.0,0.0,,0.0,0.0,0.0,0.01601657231724258,0.0,0.0,0.0,0,0.0
2024-04-15,792.57861328125,-0.014669992881826688,1063.721923828125,-0.05932201743134535,0.044652024549518665,0.044652024549518665,0.013258543345527512,0.016615586389446026,1,1,1.0,10,5.427149312535503,-55.0,10.0,43591.82373046875,-10637.21923828125,0.0,0.0,Opened,43591.82373046875,-10637.21923828125,0.0,0.016615586389446026,54229.04296875,0.0,0.0,0,0.0
2024-04-16,774.8782958984375,-0.022332570026755816,1011.0149536132812,-0.049549575912811616,0.0272170058860558,0.0272170058860558,0.0133692101071482,0.016993577355052473,1,1,0.0,10,2.89484503208357,55.0,-10.0,-42618.30627441406,10110.149536132812,973.5174560546875,-527.0697021484375,Live,0.0,0.0,0.0,0.016993577355052473,52728.455810546875,446.44775390625,0.008466922595084804,0,0.0
2024-04-17,790.6119384765625,0.02030466288887678,1006.2234497070312,-0.004739300728565432,0.02504396361744221,0.02504396361744221,0.013383436479991311,0.01699755150850303,1,1,0.0,10,0.2970636754510941,55.0,-10.0,-43483.65661621094,10062.234497070312,108.1671142578125,-574.9847412109375,Live,0.0,0.0,0.0,0.01699755150850303,53545.89111328125,-466.817626953125,-0.00871808494073858,0,0.0
2024-04-18,790.6119384765625,0.0,1006.2234497070312,0.0,0.0,0.0,0.013383436479991311,0.01699755150850303,1,1,0.0,10,,55.0,-10.0,-43483.65661621094,10062.234497070312,108.1671142578125,-574.9847412109375,Live,0.0,0.0,0.0,0.01699755150850303,53545.89111328125,-466.817626953125,-0.00871808494073858,0,0.0
2024-04-19,737.5111083984375,-0.06716421482383061,951.599853515625,-0.054285751546846006,-0.012878463276984609,0.012878463276984609,0.014346557345745728,0.01750040937974866,0,0,-1.0,10,1.042878497582862,55.0,-10.0,-40563.11096191406,9515.99853515625,3028.7127685546875,-1121.220703125,Closed,-40563.11096191406,9515.99853515625,1907.4920654296875,0.01750040937974866,50079.10949707031,1907.4920654296875,0.03808957636399821,0,1907.4920654296875
2024-04-20,737.5111083984375,0.0,951.599853515625,0.0,0.0,0.0,0.014239660839424004,0.017485404324460472,1,0,0.0,10,,0.0,0.0,0.0,0.0,0.0,0.0,,0.0,0.0,0.0,0.017485404324460472,0.0,0.0,0.0,0,0.0
2024-04-21,737.5111083984375,0.0,951.599853515625,0.0,0.0,0.0,0.014239660839424004,0.017476809724586623,1,0,0.0,10,,0.0,0.0,0.0,0.0,0.0,0.0,,0.0,0.0,0.0,0.017476809724586623,0.0,0.0,0.0,0,0.0
2024-04-22,729.6443481445312,-0.010666632901285444,925.7255859375,-0.027190281169689356,0.016523648268403912,0.016523648268403912,0.01426994293802358,0.017600160496177943,1,0,0.0,10,3.234129413952363,0.0,0.0,0.0,0.0,0.0,0.0,,0.0,0.0,0.0,0.017600160496177943,0.0,0.0,0.0,0,0.0
2024-04-23,741.4445190429688,0.016172496817723703,931.4754028320312,0.00621114613431395,0.009961350683409753,0.009961350683409753,0.014177806420301645,0.017595610423118746,1,0,0.0,10,0.48248898715049715,0.0,0.0,0.0,0.0,0.0,0.0,,0.0,0.0,0.0,0.017595610423118746,0.0,0.0,0.0,0,0.0
2024-04-24,769.9616088867188,0.03846152896316357,967.89111328125,0.03909465600326256,-0.0006331270400989908,0.0006331270400989908,0.014434067662146654,0.01775009055096447,0,0,0.0,10,1.2777570398170977,0.0,0.0,0.0,0.0,0.0,0.0,,0.0,0.0,0.0,0.01775009055096447,0.0,0.0,0.0,0,0.0
2024-04-25,753.24462890625,-0.02171144611305975,940.1002197265625,-0.028712830579127324,0.007001384466067573,0.007001384466067573,0.01454366460376167,0.01789290386524579,1,0,0.0,10,1.6505373938457675,0.0,0.0,0.0,0.0,0.0,0.0,,0.0,0.0,0.0,0.01789290386524579,0.0,0.0,0.0,0,0.0
2024-04-26,768.978271484375,0.02088782577974846,963.099609375,0.024464827436299297,-0.003577001656550838,0.003577001656550838,0.014609390937766786,0.017974707107283796,0,0,0.0,10,1.4669187462977342,0.0,0.0,0.0,0.0,0.0,0.0,,0.0,0.0,0.0,0.017974707107283796,0.0,0.0,0.0,0,0.0
2024-04-27,768.978271484375,0.0,963.099609375,0.0,0.0,0.0,0.014607069591079387,0.01722951507915518,1,0,0.0,10,,0.0,0.0,0.0,0.0,0.0,0.0,,0.0,0.0,0.0,0.01722951507915518,0.0,0.0,0.0,0,0.0
2024-04-28,768.978271484375,0.0,963.099609375,0.0,0.0,0.0,0.014595985770702685,0.01717279345109657,1,0,0.0,10,,0.0,0.0,0.0,0.0,0.0,0.0,,0.0,0.0,0.0,0.01717279345109657,0.0,0.0,0.0,0,0.0
2024-04-29,781.76171875,0.016623938204325173,972.6826782226562,0.009950236459835393,0.0066737017444897795,0.0066737017444897795,0.014631246262165184,0.01718304198843981,1,0,0.0,10,0.7447255734513154,0.0,0.0,0.0,0.0,0.0,0.0,,0.0,0.0,0.0,0.01718304198843981,0.0,0.0,0.0,0,0.0
2024-04-30,776.844970703125,-0.006289317996712174,950.6416015625,-0.022660089619803925,0.01637077162309175,0.01637077162309175,0.014427595260001501,0.01717507942107794,1,0,0.0,10,4.409004343314064,0.0,0.0,0.0,0.0,0.0,0.0,,0.0,0.0,0.0,0.01717507942107794,0.0,0.0,0.0,0,0.0
2024-05-01,776.844970703125,0.0,950.6416015625,0.0,0.0,0.0,0.014428109495831528,0.017174986019447003,1,0,0.0,10,,0.0,0.0,0.0,0.0,0.0,0.0,,0.0,0.0,0.0,0.017174986019447003,0.0,0.0,0.0,0,0.0
2024-05-02,759.144775390625,-0.022784720220920596,958.3080444335938,0.008064493346906954,-0.03084921356782755,0.03084921356782755,0.014546812536433659,0.01718282417757905,0,1,1.0,10,0.4468007713130852,5.0,-10.0,-3795.723876953125,9583.080444335938,0.0,0.0,Opened,-3795.723876953125,9583.080444335938,0.0,0.01718282417757905,13378.804321289062,0.0,0.0,0,0.0
2024-05-03,767.0115356445312,0.01036266139071862,996.6403198242188,0.0399999515951901,-0.029637290204471478,0.029637290204471478,0.014559136208308386,0.017425898051699567,0,1,0.0,10,5.01562104059914,-5.0,10.0,3835.0576782226562,-9966.403198242188,39.33380126953125,-383.32275390625,Live,0.0,0.0,0.0,0.017425898051699567,13801.460876464844,-343.98895263671875,-0.024924097218093143,1,-343.98895263671875
2024-05-04,767.0115356445312,0.0,996.6403198242188,0.0,0.0,0.0,0.014559972358678707,0.017400911105631755,1,0,-1.0,10,,-5.0,10.0,3835.0576782226562,-9966.403198242188,39.33380126953125,-383.32275390625,Closed,3835.0576782226562,-9966.403198242188,-343.98895263671875,0.017400911105631755,13801.460876464844,-343.98895263671875,-0.024924097218093143,1,0.0
2024-05-05,767.0115356445312,0.0,996.6403198242188,0.0,0.0,0.0,0.014551358362486987,0.017396086469404198,1,0,0.0,10,,0.0,0.0,0.0,0.0,0.0,0.0,,0.0,0.0,0.0,0.017396086469404198,0.0,0.0,0.0,0,0.0
2024-05-06,772.91162109375,0.007692303407484946,991.8488159179688,-0.004807656093118062,0.012499959500603008,0.012499959500603008,0.014557415973111764,0.01727352440481147,1,0,0.0,10,0.8020337239249182,0.0,0.0,0.0,0.0,0.0,0.0,,0.0,0.0,0.0,0.01727352440481147,0.0,0.0,0.0,0,0.0
2024-05-07,786.6785278320312,0.01781174763396587,1001.4319458007812,0.009661885691664818,0.008149861942301051,0.008149861942301051,0.014604513274896634,0.017266386440666838,1,0,0.0,10,0.69052515949945,0.0,0.0,0.0,0.0,0.0,0.0,,0.0,0.0,0.0,0.017266386440666838,0.0,0.0,0.0,0,0.0
2024-05-08,788.6452026367188,0.0024999726509726816,1049.347412109375,0.04784695206650191,-0.04534697941552923,0.04534697941552923,0.014603623702762941,0.017518145285622847,0,1,1.0,10,25.4657604830452,255.0,-10.0,-201104.52667236328,10493.47412109375,0.0,0.0,Opened,-201104.52667236328,10493.47412109375,0.0,0.017518145285622847,211598.00079345703,0.0,0.0,0,0.0
2024-05-09,782.7451782226562,-0.007481215119722551,1049.347412109375,0.0,-0.007481215119722551,0.007481215119722551,0.014620519184753315,0.017518145285622847,0,1,0.0,10,0.0,-255.0,10.0,199600.02044677734,-10493.47412109375,-1504.5062255859375,0.0,Live,0.0,0.0,0.0,0.017518145285622847,210093.4945678711,-1504.5062255859375,-0.007161127138564987,0,0.0
2024-05-10,788.6452026367188,0.007537605568467942,1049.347412109375,0.0,0.007537605568467942,0.007537605568467942,0.01462513335929031,0.017518145285622847,1,0,-1.0,10,0.0,-255.0,10.0,201104.52667236328,-10493.47412109375,0.0,0.0,Closed,201104.52667236328,-10493.47412109375,0.0,0.017518145285622847,211598.00079345703,0.0,0.0,0,0.0
2024-05-11,788.6452026367188,0.0,1049.347412109375,0.0,0.0,0.0,0.014524459222847912,0.01743042421769156,1,0,0.0,10,,0.0,0.0,0.0,0.0,0.0,0.0,,0.0,0.0,0.0,0.01743042421769156,0.0,0.0,0.0,0,0.0
2024-05-12,788.6452026367188,0.0,1049.347412109375,0.0,0.0,0.0,0.014525245533639462,0.01742975051159424,1,0,0.0,10,,0.0,0.0,0.0,0.0,0.0,0.0,,0.0,0.0,0.0,0.01742975051159424,0.0,0.0,0.0,0,0.0
2024-05-13,805.3621215820312,0.021197008349790103,1068.5135498046875,0.018264816279276896,0.0029321920705132065,0.0029321920705132065,0.014559688521365391,0.0174747013972314,1,0,0.0,10,1.1432193624017561,0.0,0.0,0.0,0.0,0.0,0.0,,0.0,0.0,0.0,0.0174747013972314,0.0,0.0,0.0,0,0.0
2024-05-14,811.26220703125,0.007326003161942651,1106.8458251953125,0.03587439335479803,-0.028548390192855377,0.028548390192855377,0.01456461264685141,0.017609745196969666,0,1,1.0,10,6.68102890436558,67.0,-10.0,-54354.56787109375,11068.458251953125,0.0,0.0,Opened,-54354.56787109375,11068.458251953125,0.0,0.017609745196969666,65423.026123046875,0.0,0.0,0,0.0
2024-05-15,825.0291137695312,0.01696973755089637,1106.8458251953125,0.0,0.01696973755089637,0.01696973755089637,0.014596478117007894,0.017592292938461623,1,0,-1.0,10,0.0,-67.0,10.0,55276.950622558594,-11068.458251953125,922.3827514648438,0.0,Closed,55276.950622558594,-11068.458251953125,922.3827514648438,0.017592292938461623,66345.40887451172,922.3827514648438,0.013902736709475621,0,922.3827514648438
2024-05-16,826.995849609375,0.002383838105855185,1140.3865966796875,0.030303020276971626,-0.02791918217111644,0.02791918217111644,0.014595540561323162,0.01772083212018123,0,1,1.0,10,17.52903196468261,176.0,-10.0,-145551.26953125,11403.865966796875,0.0,0.0,Opened,-145551.26953125,11403.865966796875,0.0,0.01772083212018123,156955.13549804688,0.0,0.0,0,0.0
2024-05-17,821.095703125,-0.007134433004907903,1116.4288330078125,-0.021008457782325407,0.013874024777417504,0.013874024777417504,0.014611298197039007,0.01780194595993031,1,0,-1.0,10,4.003796290282661,-176.0,10.0,144512.84375,-11164.288330078125,-1038.42578125,239.57763671875,Closed,144512.84375,-11164.288330078125,-798.84814453125,0.01780194595993031,155677.13208007812,-798.84814453125,-0.005131441810736427,0,-798.84814453125
2024-05-18,821.095703125,0.0,1116.4288330078125,0.0,0.0,0.0,0.014601827612664164,0.017794344288932954,1,0,0.0,10,,0.0,0.0,0.0,0.0,0.0,0.0,,0.0,0.0,0.0,0.017794344288932954,0.0,0.0,0.0,0,0.0
2024-05-19,821.095703125,0.0,1116.4288330078125,0.0,0.0,0.0,0.014576577694380099,0.01776514052135539,1,0,0.0,10,,0.0,0.0,0.0,0.0,0.0,0.0,,0.0,0.0,0.0,0.01776514052135539,0.0,0.0,0.0,0,0.0
2024-05-20,821.095703125,0.0,1140.3865966796875,0.021459284249520483,-0.021459284249520483,0.021459284249520483,0.014529257411883234,0.017788499221328153,0,0,0.0,10,inf,0.0,0.0,0.0,0.0,0.0,0.0,,0.0,0.0,0.0,0.017788499221328153,0.0,0.0,0.0,0,0.0
2024-05-21,826.995849609375,0.007185698892248071,1126.011962890625,-0.012605053260811072,0.019790752153059143,0.019790752153059143,0.014533932229393287,0.017787899580480552,1,1,1.0,10,2.3884455495507626,-24.0,10.0,19847.900390625,-11260.11962890625,0.0,0.0,Opened,19847.900390625,-11260.11962890625,0.0,0.017787899580480552,31108.02001953125,0.0,0.0,0,0.0
2024-05-22,849.61279296875,0.02734831543599392,1135.594970703125,0.008510573713532477,0.018837741722461443,0.018837741722461443,0.014642889648979394,0.01776218641368937,1,1,0.0,10,0.41593998764003176,24.0,-10.0,-20390.70703125,11355.94970703125,-542.806640625,95.830078125,Live,0.0,0.0,0.0,0.01776218641368937,31746.65673828125,-446.9765625,-0.014079484532335644,0,0.0
2024-05-23,860.4295654296875,0.012731414298907895,1154.7611083984375,0.016877617627564456,-0.004146203328656561,0.004146203328656561,0.014661845857279972,0.017798416570966265,0,0,-1.0,10,1.7791448848474694,24.0,-10.0,-20650.3095703125,11547.611083984375,-802.4091796875,287.491455078125,Closed,-20650.3095703125,11547.611083984375,-514.917724609375,0.017798416570966265,32197.920654296875,-514.917724609375,-0.01599226639937254,0,-514.917724609375
2024-05-24,852.5628662109375,-0.009142757913974564,1145.1781005859375,-0.008298692900898685,-0.0008440650130758787,0.0008440650130758787,0.014686357022112226,0.01781346580866197,0,0,0.0,10,1.2192116239151582,0.0,0.0,0.0,0.0,0.0,0.0,,0.0,0.0,0.0,0.01781346580866197,0.0,0.0,0.0,0,0.0
2024-05-25,852.5628662109375,0.0,1145.1781005859375,0.0,0.0,0.0,0.014646635850215585,0.017771340159730815,1,0,0.0,10,,0.0,0.0,0.0,0.0,0.0,0.0,,0.0,0.0,0.0,0.017771340159730815,0.0,0.0,0.0,0,0.0
2024-05-26,852.5628662109375,0.0,1145.1781005859375,0.0,0.0,0.0,0.01462931125341325,0.017755545574270882,1,0,0.0,10,,0.0,0.0,0.0,0.0,0.0,0.0,,0.0,0.0,0.0,0.017755545574270882,0.0,0.0,0.0,0,0.0
2024-05-27,854.529541015625,0.0023067798078375557,1231.42578125,0.07531377051301735,-0.0730069907051798,0.0730069907051798,0.014625955625387089,0.018582844868795686,0,1,1.0,10,47.048893101432256,471.0,-10.0,-402483.4138183594,12314.2578125,0.0,0.0,Opened,-402483.4138183594,12314.2578125,0.0,0.018582844868795686,414797.6716308594,0.0,0.0,0,0.0
2024-05-28,850.59619140625,-0.004602941642836811,1255.383544921875,0.019455304604355295,-0.024058246247192105,0.024058246247192105,0.014633942139742439,0.018624112593920147,0,1,0.0,10,6.238146416312027,-471.0,10.0,400630.80615234375,-12553.83544921875,-1852.607666015625,-239.57763671875,Live,0.0,0.0,0.0,0.018624112593920147,413184.6416015625,-2092.185302734375,-0.005063560190971201,0,0.0
2024-05-29,842.7293701171875,-0.009248596888326799,1236.2174072265625,-0.015267157015751098,0.0060185601274242995,0.0060185601274242995,0.0146594907310886,0.01866921516840943,1,0,-1.0,10,2.4215254974011455,-471.0,10.0,396925.5333251953,-12362.174072265625,-5557.8804931640625,-47.916259765625,Closed,396925.5333251953,-12362.174072265625,-5605.7967529296875,0.01866921516840943,409287.70739746094,-5605.7967529296875,-0.013696469870974835,0,-5605.7967529296875
2024-05-30,824.0457153320312,-0.022170408968371635,1236.2174072265625,0.0,-0.022170408968371635,0.022170408968371635,0.014771980508480373,0.01866921516840943,0,0,0.0,10,0.0,0.0,0.0,0.0,0.0,0.0,0.0,,0.0,0.0,0.0,0.01866921516840943,0.0,0.0,0.0,0,0.0
2024-05-31,807.3287963867188,-0.02028639750717809,1183.510498046875,-0.04263563097524625,0.022349233468068164,0.022349233468068164,0.014866087428271198,0.018963346689679583,1,1,1.0,10,3.0809839403938506,-31.0,10.0,25027.19268798828,-11835.10498046875,0.0,0.0,Opened,25027.19268798828,-11835.10498046875,0.0,0.018963346689679583,36862.29766845703,0.0,0.0,0,0.0
2024-06-01,807.3287963867188,0.0,1183.510498046875,0.0,0.0,0.0,0.014845150092814582,0.018923095302872978,1,1,0.0,10,,31.0,-10.0,-25027.19268798828,11835.10498046875,0.0,0.0,Live,0.0,0.0,0.0,0.018923095302872978,36862.29766845703,0.0,0.0,0,0.0
2024-06-02,807.3287963867188,0.0,1183.510498046875,0.0,0.0,0.0,0.014830306002136171,0.018917984878516172,1,1,0.0,10,,31.0,-10.0,-25027.19268798828,11835.10498046875,0.0,0.0,Live,0.0,0.0,0.0,0.018917984878516172,36862.29766845703,0.0,0.0,0,0.0
2024-06-03,831.9125366210938,0.0304507164174026,1217.0511474609375,0.028339967807141653,0.0021107486102609485,0.0021107486102609485,0.014978098409847115,0.01901770548770228,1,1,0.0,10,1.3615481328601364,31.0,-10.0,-25789.288635253906,12170.511474609375,-762.095947265625,335.406494140625,Live,0.0,0.0,0.0,0.01901770548770228,37959.80010986328,-426.689453125,-0.011240561117025776,0,0.0
2024-06-04,825.0291137695312,-0.008274214594145124,1188.302001953125,-0.023621969847191893,0.015347755253046769,0.015347755253046769,0.014982786951940347,0.01911307989270611,1,1,0.0,10,4.111941099251484,31.0,-10.0,-25575.90252685547,11883.02001953125,-548.7098388671875,47.9150390625,Live,0.0,0.0,0.0,0.01911307989270611,37458.92254638672,-500.7947998046875,-0.013369172569887334,0,0.0
2024-06-05,839.779296875,0.017878378907230985,1178.7188720703125,-0.008064557551078266,0.02594293645830925,0.02594293645830925,0.015023399069275575,0.019109704949704678,1,1,0.0,10,0.6331366899441032,31.0,-10.0,-26033.158203125,11787.188720703125,-1005.9655151367188,-47.916259765625,Live,0.0,0.0,0.0,0.019109704949704678,37820.346923828125,-1053.8817749023438,-0.02786547085421794,1,-1053.8817749023438
2024-06-06,879.11328125,0.046838478301823194,1236.2174072265625,0.048780533271058246,-0.001942054969235052,0.001942054969235052,0.015382681278612052,0.01942724105432057,0,0,-1.0,10,1.4645148506889762,31.0,-10.0,-27252.51171875,12362.174072265625,-2225.3190307617188,527.069091796875,Closed,-27252.51171875,12362.174072265625,-1698.2499389648438,0.01942724105432057,39614.685791015625,-1698.2499389648438,-0.042869201283681435,1,0.0
2024-06-07,864.363037109375,-0.016778547719870418,1221.8427734375,-0.01162791731052537,-0.005150630409345047,0.005150630409345047,0.015449670914493742,0.01945349154988504,0,0,0.0,10,0.979640440757498,0.0,0.0,0.0,0.0,0.0,0.0,,0.0,0.0,0.0,0.01945349154988504,0.0,0.0,0.0,0,0.0
2024-06-08,864.363037109375,0.0,1221.8427734375,0.0,0.0,0.0,0.015447268330264816,0.019451618024407785,1,0,0.0,10,,0.0,0.0,0.0,0.0,0.0,0.0,,0.0,0.0,0.0,0.019451618024407785,0.0,0.0,0.0,0,0.0
2024-06-09,864.363037109375,0.0,1221.8427734375,0.0,0.0,0.0,0.01544484617672322,0.01944973167634704,1,0,0.0,10,,0.0,0.0,0.0,0.0,0.0,0.0,,0.0,0.0,0.0,0.01944973167634704,0.0,0.0,0.0,0,0.0
2024-06-10,864.363037109375,0.0,1221.8427734375,0.0,0.0,0.0,0.015442734545361407,0.019417726924306204,1,0,0.0,10,,0.0,0.0,0.0,0.0,0.0,0.0,,0.0,0.0,0.0,0.019417726924306204,0.0,0.0,0.0,0,0.0
2024-06-11,868.2964477539062,0.004550646517330836,1217.0511474609375,-0.003921638758055512,0.008472285275386349,0.008472285275386349,0.015419773461663934,0.019409272696180178,1,0,0.0,10,1.2079119840282235,0.0,0.0,0.0,0.0,0.0,0.0,,0.0,0.0,0.0,0.019409272696180178,0.0,0.0,0.0,0,0.0
2024-06-12,893.8634643554688,0.02944503189860881,1245.800537109375,0.023622170447327173,0.005822861451281636,0.005822861451281636,0.01554922109727475,0.01935462007638722,1,0,0.0,10,1.118111455850343,0.0,0.0,0.0,0.0,0.0,0.0,,0.0,0.0,0.0,0.01935462007638722,0.0,0.0,0.0,0,0.0
2024-06-13,907.1897583007812,0.014908645980873159,1327.2567138671875,0.0653846055860714,-0.05047595960519824,0.05047595960519824,0.015574999493826345,0.01992558098535977,0,1,1.0,10,6.416439422097002,65.0,-10.0,-58967.33428955078,13272.567138671875,0.0,0.0,Opened,-58967.33428955078,13272.567138671875,0.0,0.01992558098535977,72239.90142822266,0.0,0.0,0,0.0
2024-06-14,910.1512451171875,0.003264462356754594,1336.8397216796875,0.007220161489768007,-0.003955699133013413,0.003955699133013413,0.01557376295792841,0.019928445898221424,0,1,0.0,10,3.248635756188369,-65.0,10.0,59159.83093261719,-13368.397216796875,192.49664306640625,-95.830078125,Live,0.0,0.0,0.0,0.019928445898221424,72528.22814941406,96.66656494140625,0.0013328129944421812,0,0.0
2024-06-15,910.1512451171875,0.0,1336.8397216796875,0.0,0.0,0.0,0.01557376295792841,0.01991711706817889,1,0,-1.0,10,,-65.0,10.0,59159.83093261719,-13368.397216796875,192.49664306640625,-95.830078125,Closed,59159.83093261719,-13368.397216796875,96.66656494140625,0.01991711706817889,72528.22814941406,96.66656494140625,0.0013328129944421812,0,96.66656494140625
2024-06-16,910.1512451171875,0.0,1336.8397216796875,0.0,0.0,0.0,0.01557376295792841,0.019917737076130284,1,0,0.0,10,,0.0,0.0,0.0,0.0,0.0,0.0,,0.0,0.0,0.0,0.019917737076130284,0.0,0.0,0.0,0,0.0
2024-06-17,909.1640625,-0.001084635792659272,1322.465087890625,-0.0107526979906023,0.009668062197943028,0.009668062197943028,0.015575022195668357,0.01992345943343944,1,0,0.0,10,14.420339040512621,0.0,0.0,0.0,0.0,0.0,0.0,,0.0,0.0,0.0,0.01992345943343944,0.0,0.0,0.0,0,0.0
2024-06-18,930.88134765625,0.02388709150748025,1346.4228515625,0.018115989519306375,0.005771101988173877,0.005771101988173877,0.015606118372721196,0.01994608947215288,1,0,0.0,10,1.0969477282915159,0.0,0.0,0.0,0.0,0.0,0.0,,0.0,0.0,0.0,0.01994608947215288,0.0,0.0,0.0,0,0.0
2024-06-19,968.39306640625,0.04029699256994035,1423.0875244140625,0.05693952146058323,-0.016642528890642883,0.016642528890642883,0.01584762530601298,0.020337799850188246,0,0,0.0,10,2.076448277751456,0.0,0.0,0.0,0.0,0.0,0.0,,0.0,0.0,0.0,0.020337799850188246,0.0,0.0,0.0,0,0.0
2024-06-20,968.39306640625,0.0,1437.4620361328125,0.010100932987005429,-0.010100932987005429,0.010100932987005429,0.01584762530601298,0.020344507522090233,0,0,0.0,10,inf,0.0,0.0,0.0,0.0,0.0,0.0,,0.0,0.0,0.0,0.020344507522090233,0.0,0.0,0.0,0,0.0
2024-06-21,957.534423828125,-0.011213052793140998,1427.8790283203125,-0.0066666162803722395,-0.004546436512768759,0.004546436512768759,0.01588178450187915,0.02035544346726647,0,0,0.0,10,0.8865813895487266,0.0,0.0,0.0,0.0,0.0,0.0,,0.0,0.0,0.0,0.02035544346726647,0.0,0.0,0.0,0,0.0
2024-06-22,957.534423828125,0.0,1427.8790283203125,0.0,0.0,0.0,0.01587944078880616,0.020355560327186585,1,0,0.0,10,,0.0,0.0,0.0,0.0,0.0,0.0,,0.0,0.0,0.0,0.020355560327186585,0.0,0.0,0.0,0,0.0
2024-06-23,957.534423828125,0.0,1427.8790283203125,0.0,0.0,0.0,0.015875492192283566,0.020355655500947815,1,0,0.0,10,,0.0,0.0,0.0,0.0,0.0,0.0,,0.0,0.0,0.0,0.020355655500947815,0.0,0.0,0.0,0,0.0
2024-06-24,927.919921875,-0.030927871851049726,1351.2142333984375,-0.05369137959261139,0.02276350774156166,0.02276350774156166,0.016065652918811017,0.020589668127087648,1,1,1.0,10,2.5279485954083145,-26.0,10.0,24125.91796875,-13512.142333984375,0.0,0.0,Opened,24125.91796875,-13512.142333984375,0.0,0.020589668127087648,37638.060302734375,0.0,0.0,0,0.0
2024-06-25,932.8555908203125,0.005319067765394259,1327.2567138671875,-0.0177303635049747,0.02304943127036896,0.02304943127036896,0.01606659661495239,0.02060591728015066,1,1,0.0,10,4.7426669571311955,26.0,-10.0,-24254.245361328125,13272.567138671875,-128.327392578125,-239.5751953125,Live,0.0,0.0,0.0,0.02060591728015066,37526.8125,-367.902587890625,-0.00980372601298405,0,0.0
2024-06-26,947.6629028320312,0.015873102072205825,1346.4228515625,0.014440414951429226,0.001432687120776599,0.001432687120776599,0.01609486311096372,0.020607532480845094,1,1,0.0,10,1.292544362672421,26.0,-10.0,-24639.235473632812,13464.228515625,-513.3175048828125,-47.913818359375,Live,0.0,0.0,0.0,0.020607532480845094,38103.46398925781,-561.2313232421875,-0.014729141775677159,0,0.0
2024-06-27,947.6629028320312,0.0,1336.8397216796875,-0.007117474181080219,0.007117474181080219,0.007117474181080219,0.01609486311096372,0.020618531837049547,1,1,0.0,10,inf,26.0,-10.0,-24639.235473632812,13368.397216796875,-513.3175048828125,-143.7451171875,Live,0.0,0.0,0.0,0.020618531837049547,38007.63269042969,-657.0626220703125,-0.017287649231459784,0,0.0
2024-06-28,953.5857543945312,0.006249956123427269,1341.6312255859375,0.0035842022260004214,0.002665753897426848,0.002665753897426848,0.016095411652789323,0.02061820022300734,1,1,0.0,10,0.8068428222917807,26.0,-10.0,-24793.229614257812,13416.312255859375,-667.3116455078125,-95.830078125,Live,0.0,0.0,0.0,0.02061820022300734,38209.54187011719,-763.1417236328125,-0.019972543147125463,0,0.0
2024-06-29,953.5857543945312,0.0,1341.6312255859375,0.0,0.0,0.0,0.016095411652789323,0.02061820022300734,1,1,0.0,10,,26.0,-10.0,-24793.229614257812,13416.312255859375,-667.3116455078125,-95.830078125,Live,0.0,0.0,0.0,0.02061820022300734,38209.54187011719,-763.1417236328125,-0.019972543147125463,0,0.0
2024-06-30,953.5857543945312,0.0,1341.6312255859375,0.0,0.0,0.0,0.016095411652789323,0.020445157539823684,1,1,0.0,10,,26.0,-10.0,-24793.229614257812,13416.312255859375,-667.3116455078125,-95.830078125,Live,0.0,0.0,0.0,0.020445157539823684,38209.54187011719,-763.1417236328125,-0.019972543147125463,0,0.0
2024-07-01,955.56005859375,0.0020704002656501963,1356.005859375,0.010714295787789707,-0.00864389552213951,0.00864389552213951,0.01595634573051751,0.02032301490393081,0,0,-1.0,10,7.343665634637609,26.0,-10.0,-24844.5615234375,13560.05859375,-718.6435546875,47.916259765625,Closed,-24844.5615234375,13560.05859375,-670.727294921875,0.02032301490393081,38404.6201171875,-670.727294921875,-0.017464755356913414,0,-670.727294921875
2024-07-02,947.6629028320312,-0.008264426386072055,1351.2142333984375,-0.0035336322062583525,-0.004730794179813702,0.004730794179813702,0.015978542645969714,0.020326870857375893,0,0,0.0,10,0.6096477287403372,0.0,0.0,0.0,0.0,0.0,0.0,,0.0,0.0,0.0,0.020326870857375893,0.0,0.0,0.0,0,0.0
2024-07-03,966.418701171875,0.019791635067483604,1346.4228515625,-0.003545982359796973,0.023337617427280577,0.023337617427280577,0.0160102091195042,0.020317986098258217,1,1,1.0,10,0.24961520985408558,-3.0,10.0,2899.256103515625,-13464.228515625,0.0,0.0,Opened,2899.256103515625,-13464.228515625,0.0,0.020317986098258217,16363.484619140625,0.0,0.0,0,0.0
2024-07-04,992.0845947265625,0.026557736852117264,1346.81982421875,0.0002948350555618262,0.026262901796555438,0.026262901796555438,0.016103354160221416,0.020317791042812835,1,1,0.0,10,0.015071235302768103,3.0,-10.0,-2976.2537841796875,13468.1982421875,-76.9976806640625,3.9697265625,Live,0.0,0.0,0.0,0.020317791042812835,16444.452026367188,-73.0279541015625,-0.004440887053242565,0,0.0
2024-07-05,992.0845947265625,0.0,1322.3321533203125,-0.018181846196570595,0.018181846196570595,0.018181846196570595,0.016103354160221416,0.020375674063095164,1,1,0.0,10,inf,3.0,-10.0,-2976.2537841796875,13223.321533203125,-76.9976806640625,-240.906982421875,Live,0.0,0.0,0.0,0.020375674063095164,16199.575317382812,-317.9046630859375,-0.01962425908442258,0,0.0
2024-07-06,992.0845947265625,0.0,1322.3321533203125,0.0,0.0,0.0,0.016091385063261097,0.02037478117950309,1,1,0.0,10,,3.0,-10.0,-2976.2537841796875,13223.321533203125,-76.9976806640625,-240.906982421875,Live,0.0,0.0,0.0,0.02037478117950309,16199.575317382812,-317.9046630859375,-0.01962425908442258,0,0.0
2024-07-07,992.0845947265625,0.0,1322.3321533203125,0.0,0.0,0.0,0.01609248799909016,0.020370220574108568,1,1,0.0,10,,3.0,-10.0,-2976.2537841796875,13223.321533203125,-76.9976806640625,-240.906982421875,Live,0.0,0.0,0.0,0.020370220574108568,16199.575317382812,-317.9046630859375,-0.01962425908442258,0,0.0
2024-07-08,1021.6991577148438,0.029850844520414643,1390.8975830078125,0.051851896299530686,-0.022001051779116043,0.022001051779116043,0.016206985322738534,0.02069423772556728,0,0,-1.0,10,2.3647222540906094,3.0,-10.0,-3065.0974731445312,13908.975830078125,-165.84136962890625,444.747314453125,Closed,-3065.0974731445312,13908.975830078125,278.90594482421875,0.02069423772556728,16974.073303222656,278.90594482421875,0.016431291407894788,0,278.90594482421875
2024-07-09,1026.634765625,0.004830783966970564,1430.0777587890625,0.028168986890122483,-0.02333820292315192,0.02333820292315192,0.016207355107151353,0.020773977999785653,0,1,1.0,10,8.122641708163098,82.0,-10.0,-84184.05078125,14300.777587890625,0.0,0.0,Opened,-84184.05078125,14300.777587890625,0.0,0.020773977999785653,98484.82836914062,0.0,0.0,0,0.0
2024-07-10,1031.570556640625,0.004807738039749765,1405.590087890625,-0.017123314272905477,0.02193105231265524,0.02193105231265524,0.016199718741578318,0.020825665171963586,1,0,-1.0,10,4.852960756786164,-82.0,10.0,84588.78564453125,-14055.90087890625,404.73486328125,244.876708984375,Closed,84588.78564453125,-14055.90087890625,649.611572265625,0.020825665171963586,98644.6865234375,649.611572265625,0.006585368104051711,0,649.611572265625
2024-07-11,1066.1207275390625,0.033492785031546735,1390.8975830078125,-0.010452908717406784,0.04394569374895352,0.04394569374895352,0.016351917263690712,0.020848000454863354,1,1,1.0,10,0.4071689586478232,-5.0,10.0,5330.6036376953125,-13908.975830078125,0.0,0.0,Opened,5330.6036376953125,-13908.975830078125,0.0,0.020848000454863354,19239.579467773438,0.0,0.0,0,0.0
2024-07-12,1026.634765625,-0.03703704551848308,1332.127197265625,-0.04225356809887948,0.005216522580396399,0.005216522580396399,0.016628166721431907,0.021114904302381297,1,1,0.0,10,1.480324004706681,5.0,-10.0,-5133.173828125,13321.27197265625,197.4298095703125,-587.703857421875,Live,0.0,0.0,0.0,0.021114904302381297,18454.44580078125,-390.2740478515625,-0.02114796900782795,1,-390.2740478515625
2024-07-13,1026.634765625,0.0,1332.127197265625,0.0,0.0,0.0,0.01663009134484376,0.021109587707330832,1,1,0.0,10,,5.0,-10.0,-5133.173828125,13321.27197265625,197.4298095703125,-587.703857421875,Live,0.0,0.0,0.0,0.021109587707330832,18454.44580078125,-390.2740478515625,-0.02114796900782795,1,0.0
2024-07-14,1026.634765625,0.0,1332.127197265625,0.0,0.0,0.0,0.01660074742565759,0.02097565521599795,1,1,0.0,10,,5.0,-10.0,-5133.173828125,13321.27197265625,197.4298095703125,-587.703857421875,Live,0.0,0.0,0.0,0.02097565521599795,18454.44580078125,-390.2740478515625,-0.02114796900782795,1,0.0
2024-07-15,1026.634765625,0.0,1327.229736328125,-0.0036764214014642915,0.0036764214014642915,0.0036764214014642915,0.01660223598913229,0.02092460105885757,1,1,0.0,10,inf,5.0,-10.0,-5133.173828125,13272.29736328125,197.4298095703125,-636.678466796875,Live,0.0,0.0,0.0,0.02092460105885757,18405.47119140625,-439.2486572265625,-0.023865113403434807,1,0.0
2024-07-16,1041.4420166015625,0.014423095215899906,1317.4345703125,-0.0073801586473823955,0.0218032538632823,0.0218032538632823,0.016610070663210224,0.02089571358635787,1,1,0.0,10,0.6472934127825634,5.0,-10.0,-5207.2100830078125,13174.345703125,123.3935546875,-734.630126953125,Live,0.0,0.0,0.0,0.02089571358635787,18381.555786132812,-611.236572265625,-0.03325271154287966,1,0.0
2024-07-17,1016.7632446289062,-0.023696731627160683,1297.844482421875,-0.01486987538666007,-0.008826856240500613,0.008826856240500613,0.016088749996235177,0.020864195158805682,0,0,-1.0,10,0.8009800435540653,5.0,-10.0,-5083.816223144531,12978.44482421875,246.78741455078125,-930.531005859375,Closed,-5083.816223144531,12978.44482421875,-683.7435913085938,0.020864195158805682,18062.26104736328,-683.7435913085938,-0.037854817263224434,1,0.0
2024-07-18,992.0845947265625,-0.024271776180649463,1253.766845703125,-0.03396218677641394,0.009690410595764476,0.009690410595764476,0.016214794148048706,0.021038538085095634,1,0,0.0,10,1.7683253091230422,0.0,0.0,0.0,0.0,0.0,0.0,,0.0,0.0,0.0,0.021038538085095634,0.0,0.0,0.0,0,0.0
2024-07-19,957.534423828125,-0.03482583146849505,1234.1766357421875,-0.0156250821499041,-0.01920074931859095,0.01920074931859095,0.01645451902631698,0.021079763075905106,0,0,0.0,10,0.5782874133502293,0.0,0.0,0.0,0.0,0.0,0.0,,0.0,0.0,0.0,0.021079763075905106,0.0,0.0,0.0,0,0.0
2024-07-20,957.534423828125,0.0,1234.1766357421875,0.0,0.0,0.0,0.01645451902631698,0.021080337294768672,1,0,0.0,10,,0.0,0.0,0.0,0.0,0.0,0.0,,0.0,0.0,0.0,0.021080337294768672,0.0,0.0,0.0,0,0.0
2024-07-21,957.534423828125,0.0,1234.1766357421875,0.0,0.0,0.0,0.016455615461536763,0.02105478720824526,1,0,0.0,10,,0.0,0.0,0.0,0.0,0.0,0.0,,0.0,0.0,0.0,0.02105478720824526,0.0,0.0,0.0,0,0.0
2024-07-22,926.9327392578125,-0.03195883490848306,1199.89404296875,-0.02777770359655307,-0.0041811313119299864,0.0041811313119299864,0.016653299914596183,0.021086384618184965,0,0,0.0,10,1.1251231915891893,0.0,0.0,0.0,0.0,0.0,0.0,,0.0,0.0,0.0,0.021086384618184965,0.0,0.0,0.0,0,0.0
2024-07-23,966.418701171875,0.04259851900978129,1248.8692626953125,0.04081628708264029,0.001782231927140998,0.001782231927140998,0.016845016623022444,0.021281716396443152,1,0,0.0,10,1.238199564033677,0.0,0.0,0.0,0.0,0.0,0.0,,0.0,0.0,0.0,0.021281716396443152,0.0,0.0,0.0,0,0.0
2024-07-24,966.418701171875,0.0,1248.8692626953125,0.0,0.0,0.0,0.01684601687041781,0.02127050003309033,1,0,0.0,10,,0.0,0.0,0.0,0.0,0.0,0.0,,0.0,0.0,0.0,0.02127050003309033,0.0,0.0,0.0,0,0.0
2024-07-25,966.418701171875,0.0,1248.8692626953125,0.0,0.0,0.0,0.01684601687041781,0.02127050003309033,1,0,0.0,10,,0.0,0.0,0.0,0.0,0.0,0.0,,0.0,0.0,0.0,0.02127050003309033,0.0,0.0,0.0,0,0.0
2024-07-26,912.12548828125,-0.056179803665625805,1219.484130859375,-0.02352938991589759,-0.03265041374972821,0.03265041374972821,0.01740409686266514,0.021355383664115348,0,1,1.0,10,0.5599535612013795,6.0,-10.0,-5472.7529296875,12194.84130859375,0.0,0.0,Opened,-5472.7529296875,12194.84130859375,0.0,0.021355383664115348,17667.59423828125,0.0,0.0,0,0.0
2024-07-27,912.12548828125,0.0,1219.484130859375,0.0,0.0,0.0,0.017402266765435333,0.021355863554440857,1,0,-1.0,10,,-6.0,10.0,5472.7529296875,-12194.84130859375,0.0,0.0,Closed,5472.7529296875,-12194.84130859375,0.0,0.021355863554440857,17667.59423828125,0.0,0.0,0,0.0
2024-07-28,912.12548828125,0.0,1219.484130859375,0.0,0.0,0.0,0.01738196516057332,0.021275677596038642,1,0,0.0,10,,0.0,0.0,0.0,0.0,0.0,0.0,,0.0,0.0,0.0,0.021275677596038642,0.0,0.0,0.0,0,0.0
2024-07-29,931.8685302734375,0.021645094064184134,1214.5865478515625,-0.0040161104879332665,0.0256612045521174,0.0256612045521174,0.017348086259965846,0.0212798034080161,1,1,1.0,10,0.24183546821119123,-3.0,10.0,2795.6055908203125,-12145.865478515625,0.0,0.0,Opened,2795.6055908203125,-12145.865478515625,0.0,0.0212798034080161,14941.471069335938,0.0,0.0,0,0.0
2024-07-30,927.919921875,-0.0042373020122042915,1229.2791748046875,0.012096813503421622,-0.016334115515625913,0.016334115515625913,0.017354321391168662,0.021091634795242526,0,0,-1.0,10,3.7820005819902676,3.0,-10.0,-2783.759765625,12292.791748046875,11.8458251953125,146.92626953125,Closed,-2783.759765625,12292.791748046875,158.7720947265625,0.021091634795242526,15076.551513671875,158.7720947265625,0.01053106173401677,0,158.7720947265625
2024-07-31,921.9969482421875,-0.006383065492164719,1194.9964599609375,-0.027888469557126427,0.02150540406496171,0.02150540406496171,0.01735437449710063,0.02120620796327051,1,1,1.0,10,5.662816864323301,-57.0,10.0,52553.82604980469,-11949.964599609375,0.0,0.0,Opened,52553.82604980469,-11949.964599609375,0.0,0.02120620796327051,64503.79064941406,0.0,0.0,0,0.0
2024-08-01,947.6629028320312,0.027837353083192573,1155.8162841796875,-0.032786855102927004,0.06062420818611958,0.06062420818611958,0.017457114450690255,0.02136213683313252,1,1,0.0,10,1.4365037108474201,57.0,-10.0,-54016.78546142578,11558.162841796875,-1462.9594116210938,-391.8017578125,Live,0.0,0.0,0.0,0.02136213683313252,65574.94830322266,-1854.7611694335938,-0.028284599796511652,1,-1854.7611694335938
2024-08-02,891.3953857421875,-0.059375034014407246,1067.6607666015625,-0.07627121955691363,0.01689618554250638,0.01689618554250638,0.01805527501090034,0.022137122835985738,1,1,0.0,10,1.5385787205164245,57.0,-10.0,-50809.53698730469,10676.607666015625,1744.2890625,-1273.35693359375,Live,0.0,0.0,0.0,0.022137122835985738,61486.14465332031,470.93212890625,0.007659158523623894,0,0.0
2024-08-03,891.3953857421875,0.0,1067.6607666015625,0.0,0.0,0.0,0.018020173968169965,0.022137304480459023,1,1,0.0,10,,57.0,-10.0,-50809.53698730469,10676.607666015625,1744.2890625,-1273.35693359375,Live,0.0,0.0,0.0,0.022137304480459023,61486.14465332031,470.93212890625,0.007659158523623894,0,0.0
2024-08-04,891.3953857421875,0.0,1067.6607666015625,0.0,0.0,0.0,0.018020173968169965,0.022137304480459023,1,1,0.0,10,,57.0,-10.0,-50809.53698730469,10676.607666015625,1744.2890625,-1273.35693359375,Live,0.0,0.0,0.0,0.022137304480459023,61486.14465332031,470.93212890625,0.007659158523623894,0,0.0
2024-08-05,804.5263061523438,-0.09745291593305183,970.6897583007812,-0.09082567359803495,-0.006627242335016881,0.006627242335016881,0.01948700036626506,0.023175687461364607,0,0,-1.0,10,1.1244858307266425,57.0,-10.0,-45857.999450683594,9706.897583007812,6695.826599121094,-2243.0670166015625,Closed,-45857.999450683594,9706.897583007812,4452.759582519531,0.023175687461364607,55564.897033691406,4452.759582519531,0.08013619785562871,0,0.0
2024-08-06,868.6909790039062,0.07975459889985537,1052.9681396484375,0.08476279948774446,-0.005008200587889089,0.005008200587889089,0.020340056856735286,0.024007590318514,0,0,0.0,10,1.2882479964831173,0.0,0.0,0.0,0.0,0.0,0.0,,0.0,0.0,0.0,0.024007590318514,0.0,0.0,0.0,0,0.0
2024-08-07,908.1769409179688,0.04545455503560025,1126.43115234375,0.06976755509415522,-0.024313000058554968,0.024313000058554968,0.02059598213310323,0.024545734994082934,0,0,0.0,10,1.9037515733446677,0.0,0.0,0.0,0.0,0.0,0.0,,0.0,0.0,0.0,0.024545734994082934,0.0,0.0,0.0,0,0.0
2024-08-08,884.4853515625,-0.026086975222605502,1092.1484375,-0.030434807109532058,0.004347831886926556,0.004347831886926556,0.02070323135017613,0.024661086428112246,1,0,0.0,10,1.4405815621080058,0.0,0.0,0.0,0.0,0.0,0.0,,0.0,0.0,0.0,0.024661086428112246,0.0,0.0,0.0,0,0.0
2024-08-09,921.9969482421875,0.04241064774382175,1101.9434814453125,0.008968601344826244,0.033442046398995506,0.033442046398995506,0.020919622521094562,0.024667322193566973,1,1,1.0,10,0.25274329965875564,-3.0,10.0,2765.9908447265625,-11019.434814453125,0.0,0.0,Opened,2765.9908447265625,-11019.434814453125,0.0,0.024667322193566973,13785.425659179688,0.0,0.0,0,0.0
2024-08-10,921.9969482421875,0.0,1101.9434814453125,0.0,0.0,0.0,0.020919622521094562,0.024667322193566973,1,1,0.0,10,,3.0,-10.0,-2765.9908447265625,11019.434814453125,0.0,0.0,Live,0.0,0.0,0.0,0.024667322193566973,13785.425659179688,0.0,0.0,0,0.0
2024-08-11,921.9969482421875,0.0,1101.9434814453125,0.0,0.0,0.0,0.020919622521094562,0.024667322193566973,1,1,0.0,10,,3.0,-10.0,-2765.9908447265625,11019.434814453125,0.0,0.0,Live,0.0,0.0,0.0,0.024667322193566973,13785.425659179688,0.0,0.0,0,0.0
2024-08-12,927.919921875,0.006424070756529954,1150.918701171875,0.04444440259524596,-0.038020331838716004,0.038020331838716004,0.020921129268495504,0.024874400921761106,0,0,-1.0,10,8.581059341133411,3.0,-10.0,-2783.759765625,11509.18701171875,-17.7689208984375,489.752197265625,Closed,-2783.759765625,11509.18701171875,471.9832763671875,0.024874400921761106,14292.94677734375,471.9832763671875,0.03302211109575701,0,471.9832763671875
2024-08-13,928.9070434570312,0.0010638003978151733,1136.2261962890625,-0.012765892906121401,0.013829693303936574,0.013829693303936574,0.020118115718549278,0.024753140102283952,1,0,0.0,10,14.678564664261348,0.0,0.0,0.0,0.0,0.0,0.0,,0.0,0.0,0.0,0.024753140102283952,0.0,0.0,0.0,0,0.0
2024-08-14,935.8170776367188,0.0074388866231125395,1160.7137451171875,0.02155164958183664,-0.014112762958724101,0.014112762958724101,0.020054429538730715,0.024797184983773847,0,0,0.0,10,3.5934097219682495,0.0,0.0,0.0,0.0,0.0,0.0,,0.0,0.0,0.0,0.024797184983773847,0.0,0.0,0.0,0,0.0
2024-08-15,930.88134765625,-0.00527424653644204,1131.32861328125,-0.025316433065045496,0.020042186528603456,0.020042186528603456,0.02006132542149407,0.024877629570366468,1,0,0.0,10,5.833598466635692,0.0,0.0,0.0,0.0,0.0,0.0,,0.0,0.0,0.0,0.024877629570366468,0.0,0.0,0.0,0,0.0
2024-08-16,956.5471801757812,0.027571540222770752,1204.79150390625,0.06493505932987209,-0.03736351910710134,0.03736351910710134,0.020150703246771654,0.025324041625196227,0,1,1.0,10,2.966359031680432,30.0,-10.0,-28696.415405273438,12047.9150390625,0.0,0.0,Opened,-28696.415405273438,12047.9150390625,0.0,0.025324041625196227,40744.33044433594,0.0,0.0,0,0.0
2024-08-17,956.5471801757812,0.0,1204.79150390625,0.0,0.0,0.0,0.020138773367196886,0.0253154631889146,1,0,-1.0,10,,-30.0,10.0,28696.415405273438,-12047.9150390625,0.0,0.0,Closed,28696.415405273438,-12047.9150390625,0.0,0.0253154631889146,40744.33044433594,0.0,0.0,0,0.0
2024-08-18,956.5471801757812,0.0,1204.79150390625,0.0,0.0,0.0,0.020122425664322412,0.02528008240938702,1,0,0.0,10,,0.0,0.0,0.0,0.0,0.0,0.0,,0.0,0.0,0.0,0.02528008240938702,0.0,0.0,0.0,0,0.0
2024-08-19,960.495849609375,0.004128044612361048,1229.2791748046875,0.020325235378106488,-0.01619719076574544,0.01619719076574544,0.02010634696220123,0.025317337228033147,0,0,0.0,10,6.301533266466108,0.0,0.0,0.0,0.0,0.0,0.0,,0.0,0.0,0.0,0.025317337228033147,0.0,0.0,0.0,0,0.0
2024-08-20,960.495849609375,0.0,1224.381591796875,-0.003984109637740096,0.003984109637740096,0.003984109637740096,0.02007990758354332,0.025200793797644044,1,0,0.0,10,inf,0.0,0.0,0.0,0.0,0.0,0.0,,0.0,0.0,0.0,0.025200793797644044,0.0,0.0,0.0,0,0.0
2024-08-21,945.6885375976562,-0.015416320661604921,1194.9964599609375,-0.02399997846489388,0.008583657803288958,0.008583657803288958,0.02011878002083782,0.024508718265202265,1,0,0.0,10,1.9672004293419394,0.0,0.0,0.0,0.0,0.0,0.0,,0.0,0.0,0.0,0.024508718265202265,0.0,0.0,0.0,0,0.0
2024-08-22,938.778564453125,-0.007306817064828497,1204.79150390625,0.008196713775731723,-0.01550353084056022,0.01550353084056022,0.02013024368563275,0.024514473073724775,0,0,0.0,10,1.439661090910354,0.0,0.0,0.0,0.0,0.0,0.0,,0.0,0.0,0.0,0.024514473073724775,0.0,0.0,0.0,0,0.0
2024-08-23,936.8043212890625,-0.002102991311068725,1199.89404296875,-0.004064986283204286,0.001961994972135561,0.001961994972135561,0.02013200824996312,0.024517309323974792,1,0,0.0,10,2.4758003385517946,0.0,0.0,0.0,0.0,0.0,0.0,,0.0,0.0,0.0,0.024517309323974792,0.0,0.0,0.0,0,0.0
2024-08-24,936.8043212890625,0.0,1199.89404296875,0.0,0.0,0.0,0.02013250387249311,0.024499162318092352,1,0,0.0,10,,0.0,0.0,0.0,0.0,0.0,0.0,,0.0,0.0,0.0,0.024499162318092352,0.0,0.0,0.0,0,0.0
2024-08-25,936.8043212890625,0.0,1199.89404296875,0.0,0.0,0.0,0.02013250387249311,0.024499162318092352,1,0,0.0,10,,0.0,0.0,0.0,0.0,0.0,0.0,,0.0,0.0,0.0,0.024499162318092352,0.0,0.0,0.0,0,0.0
2024-08-26,937.7913818359375,0.0010536464493640096,1190.0989990234375,-0.008163257416528125,0.009216903865892134,0.009216903865892134,0.02013208448950619,0.024508470343228502,1,0,0.0,10,9.832080737791486,0.0,0.0,0.0,0.0,0.0,0.0,,0.0,0.0,0.0,0.024508470343228502,0.0,0.0,0.0,0,0.0
2024-08-27,929.8942260742188,-0.00842101549947949,1185.201416015625,-0.004115273613229942,-0.004305741886249548,0.004305741886249548,0.020122030115421734,0.02445803242204705,0,0,0.0,10,0.6228634679014354,0.0,0.0,0.0,0.0,0.0,0.0,,0.0,0.0,0.0,0.02445803242204705,0.0,0.0,0.0,0,0.0
2024-08-28,951.6115112304688,0.023354575764960916,1175.4063720703125,-0.008264455149101346,0.03161903091406226,0.03161903091406226,0.020183245295486527,0.02435379889430054,1,1,1.0,10,0.43708972594296885,-5.0,10.0,4758.057556152344,-11754.063720703125,0.0,0.0,Opened,4758.057556152344,-11754.063720703125,0.0,0.02435379889430054,16512.12127685547,0.0,0.0,0,0.0
2024-08-29,930.88134765625,-0.021784271553644707,1224.381591796875,0.04166662772152541,-0.06345089927517011,0.06345089927517011,0.02026118266105276,0.0245427297363517,0,0,-1.0,10,2.5157516919634704,5.0,-10.0,-4654.40673828125,12243.81591796875,103.65081787109375,489.752197265625,Closed,-4654.40673828125,12243.81591796875,593.4030151367188,0.0245427297363517,16898.22265625,593.4030151367188,0.03511629756619652,0,593.4030151367188
2024-08-30,931.8685302734375,0.0010604816818737817,1214.5865478515625,-0.00799999282163133,0.009060474503505112,0.009060474503505112,0.02026075267615598,0.024551985037862215,1,0,0.0,10,9.832416055599358,0.0,0.0,0.0,0.0,0.0,0.0,,0.0,0.0,0.0,0.024551985037862215,0.0,0.0,0.0,0,0.0
2024-08-31,931.8685302734375,0.0,1214.5865478515625,0.0,0.0,0.0,0.0199080802042121,0.024371424181976235,1,0,0.0,10,,0.0,0.0,0.0,0.0,0.0,0.0,,0.0,0.0,0.0,0.024371424181976235,0.0,0.0,0.0,0,0.0
2024-09-01,931.8685302734375,0.0,1214.5865478515625,0.0,0.0,0.0,0.01990468514266777,0.024370077710143382,1,0,0.0,10,,0.0,0.0,0.0,0.0,0.0,0.0,,0.0,0.0,0.0,0.024370077710143382,0.0,0.0,0.0,0,0.0
2024-09-02,935.8170776367188,0.004237236514599951,1199.89404296875,-0.012096712999828285,0.016333949514428237,0.016333949514428237,0.019901843942294918,0.024288196483670553,1,0,0.0,10,3.6604678909938264,0.0,0.0,0.0,0.0,0.0,0.0,,0.0,0.0,0.0,0.024288196483670553,0.0,0.0,0.0,0,0.0
2024-09-03,927.919921875,-0.008438781414057961,1194.9964599609375,-0.004081679575385633,-0.004357101838672328,0.004357101838672328,0.019767388950182166,0.024163933500393923,0,0,0.0,10,0.6228956391579078,0.0,0.0,0.0,0.0,0.0,0.0,,0.0,0.0,0.0,0.024163933500393923,0.0,0.0,0.0,0,0.0
2024-09-04,877.5753173828125,-0.05425533314389752,1111.738525390625,-0.06967211816931584,0.015416785025418323,0.015416785025418323,0.02006891103064382,0.024721413640512443,1,0,0.0,10,1.6268025162086537,0.0,0.0,0.0,0.0,0.0,0.0,,0.0,0.0,0.0,0.024721413640512443,0.0,0.0,0.0,0,0.0
2024-09-05,890.4082641601562,0.01462318563791798,1087.2508544921875,-0.022026466061193184,0.03664965169911116,0.03664965169911116,0.02009463374304567,0.02477576308141056,1,1,1.0,10,1.8392611879772411,-19.0,10.0,16917.75701904297,-10872.508544921875,0.0,0.0,Opened,16917.75701904297,-10872.508544921875,0.0,0.02477576308141056,27790.265563964844,0.0,0.0,0,0.0
2024-09-06,906.20263671875,0.01773834901845972,1121.5335693359375,0.03153155934723273,-0.013793210328773009,0.013793210328773009,0.020133017433737053,0.024888000512328624,0,0,-1.0,10,2.1999824111894783,19.0,-10.0,-17217.85009765625,11215.335693359375,-300.09307861328125,342.8271484375,Closed,-17217.85009765625,11215.335693359375,42.73406982421875,0.024888000512328624,28433.185791015625,42.73406982421875,0.0015029645337077194,0,42.73406982421875
2024-09-07,906.20263671875,0.0,1121.5335693359375,0.0,0.0,0.0,0.02005212987107965,0.02488610670113038,1,0,0.0,10,,0.0,0.0,0.0,0.0,0.0,0.0,,0.0,0.0,0.0,0.02488610670113038,0.0,0.0,0.0,0,0.0
2024-09-08,906.20263671875,0.0,1121.5335693359375,0.0,0.0,0.0,0.02005013617999028,0.024878485034249553,1,0,0.0,10,,0.0,0.0,0.0,0.0,0.0,0.0,,0.0,0.0,0.0,0.024878485034249553,0.0,0.0,0.0,0,0.0
2024-09-09,887.44677734375,-0.020697202386116054,1082.3533935546875,-0.034934465496604505,0.014237263110488452,0.014237263110488452,0.020100971276307875,0.025015154676466464,1,0,0.0,10,2.058586986120521,0.0,0.0,0.0,0.0,0.0,0.0,,0.0,0.0,0.0,0.025015154676466464,0.0,0.0,0.0,0,0.0
2024-09-10,892.382568359375,0.005561788201427165,1106.8409423828125,0.022624356309081772,-0.017062568107654608,0.017062568107654608,0.02009979348623047,0.024749325091935625,0,0,0.0,10,5.045403714046909,0.0,0.0,0.0,0.0,0.0,0.0,,0.0,0.0,0.0,0.024749325091935625,0.0,0.0,0.0,0,0.0
2024-09-11,889.421142578125,-0.0033185607678268836,1087.2508544921875,-0.01769909942837078,0.014380538660543896,0.014380538660543896,0.019871245714473684,0.02476580473478484,1,0,0.0,10,6.519641313332669,0.0,0.0,0.0,0.0,0.0,0.0,,0.0,0.0,0.0,0.02476580473478484,0.0,0.0,0.0,0,0.0
2024-09-12,932.0578002929688,0.04793753563273162,1131.32861328125,0.04054056026440156,0.007396975368330061,0.007396975368330061,0.02017343484032743,0.024946719739128896,1,0,0.0,10,1.0265023977076915,0.0,0.0,0.0,0.0,0.0,0.0,,0.0,0.0,0.0,0.024946719739128896,0.0,0.0,0.0,0,0.0
2024-09-13,938.9986572265625,0.00744680955560062,1101.9434814453125,-0.025974002151956777,0.033420811707557396,0.033420811707557396,0.020177958127085845,0.02502478821299322,1,1,1.0,10,4.093200078385945,-41.0,10.0,38498.94494628906,-11019.434814453125,0.0,0.0,Opened,38498.94494628906,-11019.434814453125,0.0,0.02502478821299322,49518.37976074219,0.0,0.0,0,0.0
2024-09-14,938.9986572265625,0.0,1101.9434814453125,0.0,0.0,0.0,0.0201341159508264,0.02492047781600946,1,1,0.0,10,,41.0,-10.0,-38498.94494628906,11019.434814453125,0.0,0.0,Live,0.0,0.0,0.0,0.02492047781600946,49518.37976074219,0.0,0.0,0,0.0
2024-09-15,938.9986572265625,0.0,1101.9434814453125,0.0,0.0,0.0,0.020132111755502446,0.024886707430975263,1,1,0.0,10,,41.0,-10.0,-38498.94494628906,11019.434814453125,0.0,0.0,Live,0.0,0.0,0.0,0.024886707430975263,49518.37976074219,0.0,0.0,0,0.0
2024-09-16,938.9986572265625,0.0,1106.8409423828125,0.004444384870879725,-0.004444384870879725,0.004444384870879725,0.020126143165559923,0.02485315104760341,0,0,-1.0,10,inf,41.0,-10.0,-38498.94494628906,11068.409423828125,0.0,48.974609375,Closed,-38498.94494628906,11068.409423828125,48.974609375,0.02485315104760341,49567.35437011719,48.974609375,0.000988041625326799,0,48.974609375
2024-09-17,938.9986572265625,0.0,1106.8409423828125,0.0,0.0,0.0,0.019975535145843527,0.02484515119121973,1,0,0.0,10,,0.0,0.0,0.0,0.0,0.0,0.0,,0.0,0.0,0.0,0.02484515119121973,0.0,0.0,0.0,0,0.0
2024-09-18,933.04931640625,-0.0063358352799827156,1082.3533935546875,-0.02212381914189776,0.015787983861915045,0.015787983861915045,0.019983633417466846,0.024881404120993038,1,0,0.0,10,4.05061256710955,0.0,0.0,0.0,0.0,0.0,0.0,,0.0,0.0,0.0,0.024881404120993038,0.0,0.0,0.0,0,0.0
2024-09-19,951.8888549804688,0.020191364210823792,1097.0458984375,0.013574591228987742,0.00661677298183605,0.00661677298183605,0.020033164720570484,0.024900964428981234,1,0,0.0,10,0.7748179154777067,0.0,0.0,0.0,0.0,0.0,0.0,,0.0,0.0,0.0,0.024900964428981234,0.0,0.0,0.0,0,0.0
2024-09-20,964.7789306640625,0.013541576431061575,1101.9434814453125,0.0044643373762101035,0.009077239054851471,0.009077239054851471,0.02005342251406726,0.02490278218890636,1,0,0.0,10,0.37654708656935415,0.0,0.0,0.0,0.0,0.0,0.0,,0.0,0.0,0.0,0.02490278218890636,0.0,0.0,0.0,0,0.0
2024-09-21,964.7789306640625,0.0,1101.9434814453125,0.0,0.0,0.0,0.020045180807957575,0.02490012563343188,1,0,0.0,10,,0.0,0.0,0.0,0.0,0.0,0.0,,0.0,0.0,0.0,0.02490012563343188,0.0,0.0,0.0,0,0.0
2024-09-22,964.7789306640625,0.0,1101.9434814453125,0.0,0.0,0.0,0.02004531474634348,0.024892041712015825,1,0,0.0,10,,0.0,0.0,0.0,0.0,0.0,0.0,,0.0,0.0,0.0,0.024892041712015825,0.0,0.0,0.0,0,0.0
2024-09-23,968.7452392578125,0.004111106148452004,1121.5335693359375,0.017777761038098472,-0.013666654889646468,0.013666654889646468,0.02004233082166464,0.024820840454072356,0,0,0.0,10,5.006348403747912,0.0,0.0,0.0,0.0,0.0,0.0,,0.0,0.0,0.0,0.024820840454072356,0.0,0.0,0.0,0,0.0
2024-09-24,978.66064453125,0.010235307355971113,1170.5087890625,0.04366808187075555,-0.033432774514784436,0.033432774514784436,0.02002385546368813,0.025027491364783185,0,1,1.0,10,5.102767516172226,52.0,-10.0,-50890.353515625,11705.087890625,0.0,0.0,Opened,-50890.353515625,11705.087890625,0.0,0.025027491364783185,62595.44140625,0.0,0.0,0,0.0
2024-09-25,996.5086669921875,0.018237192392145385,1199.89404296875,0.025104684544731803,-0.0068674921525864185,0.0068674921525864185,0.020054438981623488,0.025045504425553637,0,1,0.0,10,1.6575193452398471,-52.0,10.0,51818.45068359375,-11998.9404296875,928.09716796875,-293.8525390625,Live,0.0,0.0,0.0,0.025045504425553637,63817.39111328125,634.24462890625,0.009938429287722093,0,0.0
2024-09-26,1006.424072265625,0.009950144541507777,1243.9716796875,0.03673460750725477,-0.02678446296574699,0.02678446296574699,0.020063478571118013,0.0251896933506719,0,1,0.0,10,4.563262916030536,-52.0,10.0,52334.0517578125,-12439.716796875,1443.6982421875,-734.62890625,Live,0.0,0.0,0.0,0.0251896933506719,64773.7685546875,709.0693359375,0.010946859380874892,0,0.0
2024-09-27,991.5508422851562,-0.014778293157263866,1234.1766357421875,-0.00787400879397282,-0.006904284363291047,0.006904284363291047,0.020100843903475097,0.025197963879895466,0,1,0.0,10,0.6631838639837366,-52.0,10.0,51560.643798828125,-12341.766357421875,670.290283203125,-636.678466796875,Live,0.0,0.0,0.0,0.025197963879895466,63902.41015625,33.61181640625,0.0005259866775613718,0,0.0
2024-09-28,991.5508422851562,0.0,1234.1766357421875,0.0,0.0,0.0,0.02008892222056897,0.025144655496219744,1,0,-1.0,10,,-52.0,10.0,51560.643798828125,-12341.766357421875,670.290283203125,-636.678466796875,Closed,51560.643798828125,-12341.766357421875,33.61181640625,0.025144655496219744,63902.41015625,33.61181640625,0.0005259866775613718,0,33.61181640625
2024-09-29,991.5508422851562,0.0,1234.1766357421875,0.0,0.0,0.0,0.020006716845328,0.02514343732207586,1,0,0.0,10,,0.0,0.0,0.0,0.0,0.0,0.0,,0.0,0.0,0.0,0.02514343732207586,0.0,0.0,0.0,0,0.0
2024-09-30,948.9141845703125,-0.04299997125370003,1150.918701171875,-0.06746030686299964,0.02446033560929961,0.02446033560929961,0.020253457716263277,0.025651599322381955,1,0,0.0,10,1.902820648151133,0.0,0.0,0.0,0.0,0.0,0.0,,0.0,0.0,0.0,0.025651599322381955,0.0,0.0,0.0,0,0.0
2024-10-01,963.7874145507812,0.015673946308647047,1185.201416015625,0.02978726021989475,-0.014113313911247705,0.014113313911247705,0.020281128983038993,0.025744139912680306,0,0,0.0,10,2.3370236938103117,0.0,0.0,0.0,0.0,0.0,0.0,,0.0,0.0,0.0,0.025744139912680306,0.0,0.0,0.0,0,0.0
2024-10-02,963.7874145507812,0.0,1185.201416015625,0.0,0.0,0.0,0.020281128983038993,0.025744139912680306,1,0,0.0,10,,0.0,0.0,0.0,0.0,0.0,0.0,,0.0,0.0,0.0,0.025744139912680306,0.0,0.0,0.0,0,0.0
2024-10-03,963.7874145507812,0.0,1185.201416015625,0.0,0.0,0.0,0.020281128983038993,0.025744139912680306,1,0,0.0,10,,0.0,0.0,0.0,0.0,0.0,0.0,,0.0,0.0,0.0,0.025744139912680306,0.0,0.0,0.0,0,0.0
2024-10-04,968.7452392578125,0.005144106088314171,1204.79150390625,0.016528910298202693,-0.011384804209888522,0.011384804209888522,0.020282662047251286,0.025771144800637087,0,0,0.0,10,3.9961025170410864,0.0,0.0,0.0,0.0,0.0,0.0,,0.0,0.0,0.0,0.025771144800637087,0.0,0.0,0.0,0,0.0
2024-10-05,968.7452392578125,0.0,1204.79150390625,0.0,0.0,0.0,0.02028220714384749,0.025761590313427167,1,0,0.0,10,,0.0,0.0,0.0,0.0,0.0,0.0,,0.0,0.0,0.0,0.025761590313427167,0.0,0.0,0.0,0,0.0
2024-10-06,968.7452392578125,0.0,1204.79150390625,0.0,0.0,0.0,0.020006367824895156,0.025754901799862066,1,0,0.0,10,,0.0,0.0,0.0,0.0,0.0,0.0,,0.0,0.0,0.0,0.025754901799862066,0.0,0.0,0.0,0,0.0
2024-10-07,996.5086669921875,0.028659163017560108,1224.381591796875,0.016260147774207256,0.012399015243352851,0.012399015243352851,0.020105099648895133,0.02568697968392894,1,0,0.0,10,0.6971025904941079,0.0,0.0,0.0,0.0,0.0,0.0,,0.0,0.0,0.0,0.02568697968392894,0.0,0.0,0.0,0,0.0
2024-10-08,1001.4663696289062,0.0049750722707537776,1199.89404296875,-0.019999932204295523,0.0249750044750493,0.0249750044750493,0.020103763882998067,0.025731861587265356,1,0,0.0,10,4.81654538642275,0.0,0.0,0.0,0.0,0.0,0.0,,0.0,0.0,0.0,0.025731861587265356,0.0,0.0,0.0,0,0.0
2024-10-09,1011.3818969726562,0.009901008805142553,1219.484130859375,0.01632651483305625,-0.006425506027913697,0.006425506027913697,0.02011161245829211,0.025725935567759917,0,0,0.0,10,1.9882684351535553,0.0,0.0,0.0,0.0,0.0,0.0,,0.0,0.0,0.0,0.025725935567759917,0.0,0.0,0.0,0,0.0
2024-10-10,1011.3818969726562,0.0,1219.484130859375,0.0,0.0,0.0,0.02011161245829211,0.025725935567759917,1,0,0.0,10,,0.0,0.0,0.0,0.0,0.0,0.0,,0.0,0.0,0.0,0.025725935567759917,0.0,0.0,0.0,0,0.0
2024-10-11,1036.170654296875,0.024509789426148787,1273.35693359375,0.04417671486746655,-0.019666925441317762,0.019666925441317762,0.02018440299546611,0.025928676917018955,0,0,0.0,10,2.2149947752152332,0.0,0.0,0.0,0.0,0.0,0.0,,0.0,0.0,0.0,0.025928676917018955,0.0,0.0,0.0,0,0.0
2024-10-12,1036.170654296875,0.0,1273.35693359375,0.0,0.0,0.0,0.02014787589566727,0.02553171163729972,1,0,0.0,10,,0.0,0.0,0.0,0.0,0.0,0.0,,0.0,0.0,0.0,0.02553171163729972,0.0,0.0,0.0,0,0.0
2024-10-13,1036.170654296875,0.0,1273.35693359375,0.0,0.0,0.0,0.02006769844869801,0.025245657830169247,1,0,0.0,10,,0.0,0.0,0.0,0.0,0.0,0.0,,0.0,0.0,0.0,0.025245657830169247,0.0,0.0,0.0,0,0.0
2024-10-14,1036.170654296875,0.0,1263.5618896484375,-0.007692300318079992,0.007692300318079992,0.007692300318079992,0.020020211910815478,0.025250758705018972,1,0,0.0,10,inf,0.0,0.0,0.0,0.0,0.0,0.0,,0.0,0.0,0.0,0.025250758705018972,0.0,0.0,0.0,0,0.0
2024-10-15,1060.9593505859375,0.02392337226138075,1273.35693359375,0.007751930495496273,0.016171441765884476,0.016171441765884476,0.020088124408976685,0.025254654675286946,1,0,0.0,10,0.38890084308309314,0.0,0.0,0.0,0.0,0.0,0.0,,0.0,0.0,0.0,0.025254654675286946,0.0,0.0,0.0,0,0.0
2024-10-16,1036.170654296875,-0.023364416624795714,1248.8692626953125,-0.019230798727680187,-0.004133617897115527,0.004133617897115527,0.019504414207779933,0.02495446606128092,0,0,0.0,10,0.9920374542528896,0.0,0.0,0.0,0.0,0.0,0.0,,0.0,0.0,0.0,0.02495446606128092,0.0,0.0,0.0,0,0.0
2024-10-17,1026.2552490234375,-0.009569278219103694,1248.8692626953125,0.0,-0.009569278219103694,0.009569278219103694,0.019523150982757358,0.02495446606128092,0,0,0.0,10,0.0,0.0,0.0,0.0,0.0,0.0,0.0,,0.0,0.0,0.0,0.02495446606128092,0.0,0.0,0.0,0,0.0
2024-10-18,1075.832763671875,0.0483091459903513,1278.25439453125,0.02352938991589748,0.024779756074453818,0.024779756074453818,0.01982483683315697,0.025006449440220686,1,0,0.0,10,0.5787004696181997,0.0,0.0,0.0,0.0,0.0,0.0,,0.0,0.0,0.0,0.025006449440220686,0.0,0.0,0.0,0,0.0
2024-10-19,1075.832763671875,0.0,1278.25439453125,0.0,0.0,0.0,0.019801800621966504,0.024911374165765922,1,0,0.0,10,,0.0,0.0,0.0,0.0,0.0,0.0,,0.0,0.0,0.0,0.024911374165765922,0.0,0.0,0.0,0,0.0
2024-10-20,1075.832763671875,0.0,1278.25439453125,0.0,0.0,0.0,0.019775431469582015,0.024909952549380873,1,0,0.0,10,,0.0,0.0,0.0,0.0,0.0,0.0,,0.0,0.0,0.0,0.024909952549380873,0.0,0.0,0.0,0,0.0
2024-10-21,1075.832763671875,0.0,1302.7420654296875,0.019157118491595293,-0.019157118491595293,0.019157118491595293,0.01958906108656311,0.024788420046582497,0,0,0.0,10,inf,0.0,0.0,0.0,0.0,0.0,0.0,,0.0,0.0,0.0,0.024788420046582497,0.0,0.0,0.0,0,0.0
2024-10-22,1065.9171142578125,-0.00921672005992813,1283.1519775390625,-0.01503757989434662,0.00582085983441849,0.00582085983441849,0.019526420461546724,0.024714742576517467,1,0,0.0,10,1.9640666134472964,0.0,0.0,0.0,0.0,0.0,0.0,,0.0,0.0,0.0,0.024714742576517467,0.0,0.0,0.0,0,0.0
2024-10-23,1051.0439453125,-0.013953401016239986,1273.35693359375,-0.0076335805241856125,-0.006319820492054373,0.006319820492054373,0.019512036981796977,0.02466774068216048,0,0,0.0,10,0.6627923665866,0.0,0.0,0.0,0.0,0.0,0.0,,0.0,0.0,0.0,0.02466774068216048,0.0,0.0,0.0,0,0.0
2024-10-24,1051.0439453125,0.0,1243.9716796875,-0.023076996819200613,0.023076996819200613,0.023076996819200613,0.019512036981796977,0.024737304441416058,1,0,0.0,10,inf,0.0,0.0,0.0,0.0,0.0,0.0,,0.0,0.0,0.0,0.024737304441416058,0.0,0.0,0.0,0,0.0
2024-10-25,1056.001708984375,0.004716989897507018,1288.0494384765625,0.035433088637625065,-0.030716098740118047,0.030716098740118047,0.019512600641023257,0.02486414614673766,0,1,1.0,10,9.162457561913454,92.0,-10.0,-97152.1572265625,12880.494384765625,0.0,0.0,Opened,-97152.1572265625,12880.494384765625,0.0,0.02486414614673766,110032.65161132812,0.0,0.0,0,0.0
2024-10-26,1056.001708984375,0.0,1288.0494384765625,0.0,0.0,0.0,0.01948209707207224,0.0248572604782902,1,0,-1.0,10,,-92.0,10.0,97152.1572265625,-12880.494384765625,0.0,0.0,Closed,97152.1572265625,-12880.494384765625,0.0,0.0248572604782902,110032.65161132812,0.0,0.0,0,0.0
2024-10-27,1056.001708984375,0.0,1288.0494384765625,0.0,0.0,0.0,0.019473034191259002,0.024789633187904146,1,0,0.0,10,,0.0,0.0,0.0,0.0,0.0,0.0,,0.0,0.0,0.0,0.024789633187904146,0.0,0.0,0.0,0,0.0
2024-10-28,1041.12841796875,-0.014084533092214024,1307.6395263671875,0.015209111782071849,-0.029293644874285873,0.029293644874285873,0.019508963060549493,0.024808711792685553,0,1,1.0,10,1.3562668164749494,14.0,-10.0,-14575.7978515625,13076.395263671875,0.0,0.0,Opened,-14575.7978515625,13076.395263671875,0.0,0.024808711792685553,27652.193115234375,0.0,0.0,0,0.0
2024-10-29,1031.212890625,-0.009523827390184314,1273.35693359375,-0.026217158538086927,0.016693331147902613,0.016693331147902613,0.019440452922738667,0.02489394202950381,1,0,-1.0,10,3.3991938225599356,-14.0,10.0,14436.98046875,-12733.5693359375,-138.8173828125,342.825927734375,Closed,14436.98046875,-12733.5693359375,204.008544921875,0.02489394202950381,27170.5498046875,204.008544921875,0.007508443752090698,0,204.008544921875
2024-10-30,1021.29736328125,-0.00961540282699569,1263.5618896484375,-0.007692300318079992,-0.0019231025089156972,0.0019231025089156972,0.019448851010025456,0.02473935769177695,0,0,0.0,10,0.9897671965679498,0.0,0.0,0.0,0.0,0.0,0.0,,0.0,0.0,0.0,0.02473935769177695,0.0,0.0,0.0,0,0.0
2024-10-31,1021.29736328125,0.0,1263.5618896484375,0.0,0.0,0.0,0.019448851010025456,0.02473935769177695,1,0,0.0,10,,0.0,0.0,0.0,0.0,0.0,0.0,,0.0,0.0,0.0,0.02473935769177695,0.0,0.0,0.0,0,0.0
2024-11-01,1016.339599609375,-0.004854378215514599,1263.5618896484375,0.0,-0.004854378215514599,0.004854378215514599,0.019454699573105586,0.02473935769177695,0,0,0.0,10,0.0,0.0,0.0,0.0,0.0,0.0,0.0,,0.0,0.0,0.0,0.02473935769177695,0.0,0.0,0.0,0,0.0
2024-11-02,1016.339599609375,0.0,1263.5618896484375,0.0,0.0,0.0,0.019450031063644936,0.02473497110065194,1,0,0.0,10,,0.0,0.0,0.0,0.0,0.0,0.0,,0.0,0.0,0.0,0.02473497110065194,0.0,0.0,0.0,0,0.0
2024-11-03,1016.339599609375,0.0,1263.5618896484375,0.0,0.0,0.0,0.019412936185775557,0.02472796932051752,1,0,0.0,10,,0.0,0.0,0.0,0.0,0.0,0.0,,0.0,0.0,0.0,0.02472796932051752,0.0,0.0,0.0,0,0.0
2024-11-04,1031.212890625,0.01463417446426507,1268.4593505859375,0.0038759169436983765,0.010758257520566694,0.010758257520566694,0.019437088085423736,0.02448450392461794,1,0,0.0,10,0.32578752833306596,0.0,0.0,0.0,0.0,0.0,0.0,,0.0,0.0,0.0,0.02448450392461794,0.0,0.0,0.0,0,0.0
2024-11-05,1041.12841796875,0.00961540282699569,1263.5618896484375,-0.003860952213594948,0.013476355040590637,0.013476355040590637,0.01943384264550625,0.02448738573979255,1,0,0.0,10,0.48732552686904795,0.0,0.0,0.0,0.0,0.0,0.0,,0.0,0.0,0.0,0.02448738573979255,0.0,0.0,0.0,0,0.0
2024-11-06,1051.0439453125,0.009523827390184314,1278.25439453125,0.01162784743919465,-0.0021040200490103356,0.0021040200490103356,0.01943769645415789,0.024499191458383612,0,0,0.0,10,1.484855627094253,0.0,0.0,0.0,0.0,0.0,0.0,,0.0,0.0,0.0,0.024499191458383612,0.0,0.0,0.0,0,0.0
2024-11-07,1056.001708984375,0.004716989897507018,1278.25439453125,0.0,0.004716989897507018,0.004716989897507018,0.01943845477891301,0.024499191458383612,1,0,0.0,10,0.0,0.0,0.0,0.0,0.0,0.0,0.0,,0.0,0.0,0.0,0.024499191458383612,0.0,0.0,0.0,0,0.0
2024-11-08,1080.7904052734375,0.023474106223656976,1253.766845703125,-0.019157022993928297,0.04263112921758527,0.04263112921758527,0.01950485861086039,0.024546848805191465,1,1,1.0,10,0.9467040951031108,-10.0,10.0,10807.904052734375,-12537.66845703125,0.0,0.0,Opened,10807.904052734375,-12537.66845703125,0.0,0.024546848805191465,23345.572509765625,0.0,0.0,0,0.0
2024-11-09,1080.7904052734375,0.0,1253.766845703125,0.0,0.0,0.0,0.019451877200990373,0.024514009533933432,1,1,0.0,10,,10.0,-10.0,-10807.904052734375,12537.66845703125,0.0,0.0,Live,0.0,0.0,0.0,0.024514009533933432,23345.572509765625,0.0,0.0,0,0.0
2024-11-10,1080.7904052734375,0.0,1253.766845703125,0.0,0.0,0.0,0.019447966525594298,0.024375863104393797,1,1,0.0,10,,10.0,-10.0,-10807.904052734375,12537.66845703125,0.0,0.0,Live,0.0,0.0,0.0,0.024375863104393797,23345.572509765625,0.0,0.0,0,0.0
2024-11-11,1075.832763671875,-0.004587051825564847,1268.4593505859375,0.011718689908866375,-0.016305741734431223,0.016305741734431223,0.019420285256228492,0.024388856365070405,0,0,-1.0,10,3.0121542191123694,10.0,-10.0,-10758.32763671875,12684.593505859375,49.576416015625,146.925048828125,Closed,-10758.32763671875,12684.593505859375,196.50146484375,0.024388856365070405,23442.921142578125,196.50146484375,0.008382123697326051,0,196.50146484375
2024-11-12,1041.12841796875,-0.032258123079164425,1239.07421875,-0.02316600198686991,-0.009092121092294514,0.009092121092294514,0.019584076484938095,0.02435620303859817,0,0,0.0,10,0.854682899251564,0.0,0.0,0.0,0.0,0.0,0.0,,0.0,0.0,0.0,0.02435620303859817,0.0,0.0,0.0,0,0.0
2024-11-13,1026.2552490234375,-0.014285623837192118,1229.2791748046875,-0.007905130941384564,-0.006380492895807555,0.006380492895807555,0.019608871082103692,0.024310329025014163,0,0,0.0,10,0.6628343254011834,0.0,0.0,0.0,0.0,0.0,0.0,,0.0,0.0,0.0,0.024310329025014163,0.0,0.0,0.0,0,0.0
2024-11-14,1026.2552490234375,0.0,1209.6890869140625,-0.01593623994625759,0.01593623994625759,0.01593623994625759,0.019608871082103692,0.024342360807691612,1,0,0.0,10,inf,0.0,0.0,0.0,0.0,0.0,0.0,,0.0,0.0,0.0,0.024342360807691612,0.0,0.0,0.0,0,0.0
2024-11-15,1026.2552490234375,0.0,1243.9716796875,0.028340003348209963,-0.028340003348209963,0.028340003348209963,0.019608871082103692,0.024429044098649804,0,0,0.0,10,inf,0.0,0.0,0.0,0.0,0.0,0.0,,0.0,0.0,0.0,0.024429044098649804,0.0,0.0,0.0,0,0.0
2024-11-16,1026.2552490234375,0.0,1243.9716796875,0.0,0.0,0.0,0.019608871082103692,0.024380452104268462,1,0,0.0,10,,0.0,0.0,0.0,0.0,0.0,0.0,,0.0,0.0,0.0,0.024380452104268462,0.0,0.0,0.0,0,0.0
2024-11-17,1026.2552490234375,0.0,1243.9716796875,0.0,0.0,0.0,0.01960440647419729,0.02435989068560394,1,0,0.0,10,,0.0,0.0,0.0,0.0,0.0,0.0,,0.0,0.0,0.0,0.02435989068560394,0.0,0.0,0.0,0,0.0
2024-11-18,1016.339599609375,-0.009661971934855407,1214.5865478515625,-0.02362202638191846,0.013960054447063053,0.013960054447063053,0.019524577904291754,0.0244210860729307,1,0,0.0,10,2.921736176987297,0.0,0.0,0.0,0.0,0.0,0.0,,0.0,0.0,0.0,0.0244210860729307,0.0,0.0,0.0,0,0.0
2024-11-19,1031.212890625,0.01463417446426507,1258.664306640625,0.03629034000667142,-0.021656165542406347,0.021656165542406347,0.01953137720380667,0.024535659826481402,0,0,0.0,10,3.026804648217925,0.0,0.0,0.0,0.0,0.0,0.0,,0.0,0.0,0.0,0.024535659826481402,0.0,0.0,0.0,0,0.0
2024-11-20,1016.339599609375,-0.014423104240493534,1248.8692626953125,-0.0077820939972910175,-0.006641010243202516,0.006641010243202516,0.019550949848734782,0.024534622416607577,0,0,0.0,10,0.6630035585502546,0.0,0.0,0.0,0.0,0.0,0.0,,0.0,0.0,0.0,0.024534622416607577,0.0,0.0,0.0,0,0.0
2024-11-21,1001.4663696289062,-0.01463411441036555,1239.07421875,-0.007843129971965901,-0.00679098443839965,0.00679098443839965,0.019586229147801913,0.024542979375731976,0,0,0.0,10,0.6631074647563409,0.0,0.0,0.0,0.0,0.0,0.0,,0.0,0.0,0.0,0.024542979375731976,0.0,0.0,0.0,0,0.0
2024-11-22,1031.212890625,0.029702965469640574,1283.1519775390625,0.03557313849490695,-0.005870173025266379,0.005870173025266379,0.01970180754780061,0.024679854722425308,0,0,0.0,10,1.4902260030828636,0.0,0.0,0.0,0.0,0.0,0.0,,0.0,0.0,0.0,0.024679854722425308,0.0,0.0,0.0,0,0.0
2024-11-23,1031.212890625,0.0,1283.1519775390625,0.0,0.0,0.0,0.01970186763244233,0.024041994135593703,1,0,0.0,10,,0.0,0.0,0.0,0.0,0.0,0.0,,0.0,0.0,0.0,0.024041994135593703,0.0,0.0,0.0,0,0.0
2024-11-24,1031.212890625,0.0,1283.1519775390625,0.0,0.0,0.0,0.019697229605962537,0.024000069647501298,1,0,0.0,10,,0.0,0.0,0.0,0.0,0.0,0.0,,0.0,0.0,0.0,0.024000069647501298,0.0,0.0,0.0,0,0.0
2024-11-25,1021.29736328125,-0.00961540282699569,1253.766845703125,-0.02290074157255695,0.01328533874556126,0.01328533874556126,0.01969834226644417,0.02403464229692582,1,0,0.0,10,2.9237930757536557,0.0,0.0,0.0,0.0,0.0,0.0,,0.0,0.0,0.0,0.02403464229692582,0.0,0.0,0.0,0,0.0
2024-11-26,1001.4663696289062,-0.019417453099683124,1253.766845703125,0.0,-0.019417453099683124,0.019417453099683124,0.019681108116141707,0.02403464229692582,0,0,0.0,10,0.0,0.0,0.0,0.0,0.0,0.0,0.0,,0.0,0.0,0.0,0.02403464229692582,0.0,0.0,0.0,0,0.0
2024-11-27,991.5508422851562,-0.009901008805142553,1224.381591796875,-0.02343757454343154,0.013536565738288986,0.013536565738288986,0.019632701551495088,0.023884884514335986,1,0,0.0,10,2.923041782692288,0.0,0.0,0.0,0.0,0.0,0.0,,0.0,0.0,0.0,0.023884884514335986,0.0,0.0,0.0,0,0.0
2024-11-28,996.5086669921875,0.0050000710963094,1229.2791748046875,0.0040000462605982445,0.0010000248357111552,0.0010000248357111552,0.01963433881203918,0.023886303467646704,1,0,0.0,10,0.9868662083323078,0.0,0.0,0.0,0.0,0.0,0.0,,0.0,0.0,0.0,0.023886303467646704,0.0,0.0,0.0,0,0.0
2024-11-29,987.5846557617188,-0.008955277084949587,1229.2791748046875,0.0,-0.008955277084949587,0.008955277084949587,0.019649152503523858,0.023886303467646704,0,0,0.0,10,0.0,0.0,0.0,0.0,0.0,0.0,0.0,,0.0,0.0,0.0,0.023886303467646704,0.0,0.0,0.0,0,0.0
2024-11-30,987.5846557617188,0.0,1229.2791748046875,0.0,0.0,0.0,0.019527599103202262,0.02379496256312287,1,0,0.0,10,,0.0,0.0,0.0,0.0,0.0,0.0,,0.0,0.0,0.0,0.02379496256312287,0.0,0.0,0.0,0,0.0
2024-12-01,987.5846557617188,0.0,1229.2791748046875,0.0,0.0,0.0,0.019515038986441587,0.023727129433802337,1,0,0.0,10,,0.0,0.0,0.0,0.0,0.0,0.0,,0.0,0.0,0.0,0.023727129433802337,0.0,0.0,0.0,0,0.0
2024-12-02,1026.2552490234375,0.039156737638751826,1283.1519775390625,0.04382470950338391,-0.004667971864632081,0.004667971864632081,0.019680439400405255,0.0239371663114546,0,0,0.0,10,1.3993786734800433,0.0,0.0,0.0,0.0,0.0,0.0,,0.0,0.0,0.0,0.0239371663114546,0.0,0.0,0.0,0,0.0
2024-12-03,1046.0860595703125,0.019323468080426842,1288.0494384765625,0.0038167426955089123,0.01550672538491793,0.01550672538491793,0.019430088713550866,0.023666286413134025,1,0,0.0,10,0.2432052395511445,0.0,0.0,0.0,0.0,0.0,0.0,,0.0,0.0,0.0,0.023666286413134025,0.0,0.0,0.0,0,0.0
2024-12-04,1060.9593505859375,0.01421803768394958,1292.947021484375,0.0038023253312426952,0.010415712352706885,0.010415712352706885,0.019407599986272443,0.023650026973191053,1,0,0.0,10,0.3259054305600215,0.0,0.0,0.0,0.0,0.0,0.0,,0.0,0.0,0.0,0.023650026973191053,0.0,0.0,0.0,0,0.0
2024-12-05,1065.9171142578125,0.0046729063362671575,1297.844482421875,0.0037878280054177704,0.000885078330849387,0.000885078330849387,0.019408939318351325,0.023651182027689614,1,0,0.0,10,0.986966460270394,0.0,0.0,0.0,0.0,0.0,0.0,,0.0,0.0,0.0,0.023651182027689614,0.0,0.0,0.0,0,0.0
2024-12-06,1056.001708984375,-0.009302229170362386,1278.25439453125,-0.015094326135338232,0.005792096964975846,0.005792096964975846,0.019424941540318565,0.02368011081328323,1,0,0.0,10,1.9641713325650023,0.0,0.0,0.0,0.0,0.0,0.0,,0.0,0.0,0.0,0.02368011081328323,0.0,0.0,0.0,0,0.0
2024-12-07,1056.001708984375,0.0,1278.25439453125,0.0,0.0,0.0,0.019424941540318565,0.02368011081328323,1,0,0.0,10,,0.0,0.0,0.0,0.0,0.0,0.0,,0.0,0.0,0.0,0.02368011081328323,0.0,0.0,0.0,0,0.0
2024-12-08,1056.001708984375,0.0,1278.25439453125,0.0,0.0,0.0,0.019423651139881468,0.02367779647960536,1,0,0.0,10,,0.0,0.0,0.0,0.0,0.0,0.0,,0.0,0.0,0.0,0.02367779647960536,0.0,0.0,0.0,0,0.0
2024-12-09,1065.9171142578125,0.009389573131442841,1297.844482421875,0.01532565659420948,-0.005936083462766639,0.005936083462766639,0.01931840426039192,0.023640681537079364,0,0,0.0,10,1.9873413141124128,0.0,0.0,0.0,0.0,0.0,0.0,,0.0,0.0,0.0,0.023640681537079364,0.0,0.0,0.0,0,0.0
2024-12-10,1056.001708984375,-0.009302229170362386,1322.3321533203125,0.018867954697269873,-0.02817018386763226,0.02817018386763226,0.019306462195629533,0.023177200656892046,0,1,1.0,10,2.5398830941907033,26.0,-10.0,-27456.04443359375,13223.321533203125,0.0,0.0,Opened,-27456.04443359375,13223.321533203125,0.0,0.023177200656892046,40679.365966796875,0.0,0.0,0,0.0
2024-12-11,1036.170654296875,-0.01877937745628533,1322.3321533203125,0.0,-0.01877937745628533,0.01877937745628533,0.019362049289090685,0.023171311948764116,0,1,0.0,10,0.0,-26.0,10.0,26940.43701171875,-13223.321533203125,-515.607421875,0.0,Live,0.0,0.0,0.0,0.023171311948764116,40163.758544921875,-515.607421875,-0.012837628761718345,0,0.0
2024-12-12,1055.08251953125,0.018251689676743732,1351.71728515625,0.022222201707909006,-0.003970512031165274,0.003970512031165274,0.01940500972114577,0.02322933128148829,0,1,0.0,10,1.5598521966028636,-26.0,10.0,27432.1455078125,-13517.1728515625,-23.89892578125,-293.851318359375,Live,0.0,0.0,0.0,0.02322933128148829,40949.318359375,-317.750244140625,-0.0077595978851716044,0,0.0
2024-12-13,1060.059326171875,0.004716983315045331,1381.1024169921875,0.021739110802700745,-0.017022127487655414,0.017022127487655414,0.019406823420638063,0.02328405270256603,0,1,0.0,10,6.0044488581080016,-26.0,10.0,27561.54248046875,-13811.024169921875,105.498046875,-587.70263671875,Live,0.0,0.0,0.0,0.02328405270256603,41372.566650390625,-482.20458984375,-0.011655177062581328,0,0.0
2024-12-14,1060.059326171875,0.0,1381.1024169921875,0.0,0.0,0.0,0.01940632968643933,0.02326893660288868,1,0,-1.0,10,,-26.0,10.0,27561.54248046875,-13811.024169921875,105.498046875,-587.70263671875,Closed,27561.54248046875,-13811.024169921875,-482.20458984375,0.02326893660288868,41372.566650390625,-482.20458984375,-0.011655177062581328,0,-482.20458984375
2024-12-15,1060.059326171875,0.0,1381.1024169921875,0.0,0.0,0.0,0.01933076179598749,0.023231512013868767,1,0,0.0,10,,0.0,0.0,0.0,0.0,0.0,0.0,,0.0,0.0,0.0,0.023231512013868767,0.0,0.0,0.0,0,0.0
2024-12-16,1079.966552734375,0.018779351373087394,1356.6148681640625,-0.017730436589528886,0.03650978796261628,0.03650978796261628,0.019151527518346416,0.022880475683874843,1,1,1.0,10,1.1860011467603175,-12.0,10.0,12959.5986328125,-13566.148681640625,0.0,0.0,Opened,12959.5986328125,-13566.148681640625,0.0,0.022880475683874843,26525.747314453125,0.0,0.0,0,0.0
2024-12-17,1070.012939453125,-0.009216594028813585,1395.7950439453125,0.02888083913916817,-0.038097433167981753,0.038097433167981753,0.01916596598784609,0.02296945821419794,0,0,-1.0,10,4.0876337078788065,12.0,-10.0,-12840.1552734375,13957.950439453125,119.443359375,391.8017578125,Closed,-12840.1552734375,13957.950439453125,511.2451171875,0.02296945821419794,26798.105712890625,511.2451171875,0.019077658796665505,0,511.2451171875
2024-12-18,1079.966552734375,0.009302329826345046,1390.8975830078125,-0.003508724979891742,0.012811054806236788,0.012811054806236788,0.019155492987290045,0.02296546700079647,1,0,0.0,10,0.48578314473556833,0.0,0.0,0.0,0.0,0.0,0.0,,0.0,0.0,0.0,0.02296546700079647,0.0,0.0,0.0,0,0.0
2024-12-19,1065.0361328125,-0.013824891043220378,1390.8975830078125,0.0,-0.013824891043220378,0.013824891043220378,0.01918662077262899,0.02296546700079647,0,0,0.0,10,0.0,0.0,0.0,0.0,0.0,0.0,0.0,,0.0,0.0,0.0,0.02296546700079647,0.0,0.0,0.0,0,0.0
2024-12-20,1030.198486328125,-0.032710295370333875,1361.5123291015625,-0.02112682793128773,-0.011583467439046147,0.011583467439046147,0.019348234024800463,0.023019991584427937,0,0,0.0,10,0.8535923228207584,0.0,0.0,0.0,0.0,0.0,0.0,,0.0,0.0,0.0,0.023019991584427937,0.0,0.0,0.0,0,0.0
2024-12-21,1030.198486328125,0.0,1361.5123291015625,0.0,0.0,0.0,0.019203527137248856,0.022665520984216342,1,0,0.0,10,,0.0,0.0,0.0,0.0,0.0,0.0,,0.0,0.0,0.0,0.022665520984216342,0.0,0.0,0.0,0,0.0
2024-12-22,1030.198486328125,0.0,1361.5123291015625,0.0,0.0,0.0,0.019200573689417032,0.022625224901401713,1,0,0.0,10,,0.0,0.0,0.0,0.0,0.0,0.0,,0.0,0.0,0.0,0.022625224901401713,0.0,0.0,0.0,0,0.0
2024-12-23,1074.98974609375,0.04347828147687527,1381.1024169921875,0.014388476308218268,0.029089805168657,0.029089805168657,0.0194310163296156,0.02262504512488772,1,1,1.0,10,0.42517135756135294,-5.0,10.0,5374.94873046875,-13811.024169921875,0.0,0.0,Opened,5374.94873046875,-13811.024169921875,0.0,0.02262504512488772,19185.972900390625,0.0,0.0,0,0.0
2024-12-24,1074.98974609375,0.0,1376.2049560546875,-0.0035460519634494814,0.0035460519634494814,0.0035460519634494814,0.0194310163296156,0.022619984484795824,1,1,0.0,10,inf,5.0,-10.0,-5374.94873046875,13762.049560546875,0.0,-48.974609375,Live,0.0,0.0,0.0,0.022619984484795824,19136.998291015625,-48.974609375,-0.0025591583711428996,0,0.0
2024-12-25,1079.966552734375,0.004629631732497419,1381.1024169921875,0.0035586711964328277,0.0010709605360645913,0.0010709605360645913,0.019428894378471947,0.02261996458837042,1,1,0.0,10,0.9830078750968567,5.0,-10.0,-5399.832763671875,13811.024169921875,-24.884033203125,0.0,Live,0.0,0.0,0.0,0.02261996458837042,19210.85693359375,-24.884033203125,-0.0012953109426165497,0,0.0
2024-12-26,1079.966552734375,0.0,1390.8975830078125,0.007092280699180442,-0.007092280699180442,0.007092280699180442,0.019428894378471947,0.022625412281417186,0,0,-1.0,10,inf,5.0,-10.0,-5399.832763671875,13908.975830078125,-24.884033203125,97.95166015625,Closed,-5399.832763671875,13908.975830078125,73.067626953125,0.022625412281417186,19308.80859375,73.067626953125,0.0037841603016757854,0,73.067626953125
2024-12-27,1084.943359375,0.0046082970144067925,1400.692626953125,0.007042246722530621,-0.002433949708123828,0.002433949708123828,0.019430763618176954,0.02263070849906999,0,0,0.0,10,1.9729067126522035,0.0,0.0,0.0,0.0,0.0,0.0,,0.0,0.0,0.0,0.02263070849906999,0.0,0.0,0.0,0,0.0
2024-12-28,1084.943359375,0.0,1400.692626953125,0.0,0.0,0.0,0.019430683411513217,0.022617764792605497,1,0,0.0,10,,0.0,0.0,0.0,0.0,0.0,0.0,,0.0,0.0,0.0,0.022617764792605497,0.0,0.0,0.0,0,0.0
2024-12-29,1084.943359375,0.0,1400.692626953125,0.0,0.0,0.0,0.019418680497539312,0.022615834393304512,1,0,0.0,10,,0.0,0.0,0.0,0.0,0.0,0.0,,0.0,0.0,0.0,0.022615834393304512,0.0,0.0,0.0,0,0.0
2024-12-30,1084.943359375,0.0,1390.8975830078125,-0.006993000289163609,0.006993000289163609,0.006993000289163609,0.01936730963565998,0.022620699719259417,1,0,0.0,10,inf,0.0,0.0,0.0,0.0,0.0,0.0,,0.0,0.0,0.0,0.022620699719259417,0.0,0.0,0.0,0,0.0
2024-12-31,1070.012939453125,-0.013761474083288427,1386.0,-0.0035211672431132435,-0.010240306840175184,0.010240306840175184,0.01930114296302244,0.022622620343080862,0,0,0.0,10,0.3314331139146101,0.0,0.0,0.0,0.0,0.0,0.0,,0.0,0.0,0.0,0.022622620343080862,0.0,0.0,0.0,0,0.0
2025-01-01,1070.012939453125,0.0,1386.0,0.0,0.0,0.0,0.01930114296302244,0.022579674934789608,1,0,0.0,10,,0.0,0.0,0.0,0.0,0.0,0.0,,0.0,0.0,0.0,0.022579674934789608,0.0,0.0,0.0,0,0.0
2025-01-02,1060.059326171875,-0.009302329826345157,1350.0,-0.025974025974025983,0.016671696147680826,0.016671696147680826,0.01931522497928389,0.02266581822336665,1,0,0.0,10,3.555913057204833,0.0,0.0,0.0,0.0,0.0,0.0,,0.0,0.0,0.0,0.02266581822336665,0.0,0.0,0.0,0,0.0
2025-01-03,1070.012939453125,0.009389675686543697,1365.0,0.011111111111111072,-0.0017214354245673746,0.0017214354245673746,0.019326393905532417,0.022679927938843845,0,0,0.0,10,1.5095604888800918,0.0,0.0,0.0,0.0,0.0,0.0,,0.0,0.0,0.0,0.022679927938843845,0.0,0.0,0.0,0,0.0
2025-01-04,1070.012939453125,0.0,1365.0,0.0,0.0,0.0,0.019201726207094483,0.022350081769174548,1,0,0.0,10,,0.0,0.0,0.0,0.0,0.0,0.0,,0.0,0.0,0.0,0.022350081769174548,0.0,0.0,0.0,0,0.0
2025-01-05,1070.012939453125,0.0,1365.0,0.0,0.0,0.0,0.019198932627700054,0.022251160327500904,1,0,0.0,10,,0.0,0.0,0.0,0.0,0.0,0.0,,0.0,0.0,0.0,0.022251160327500904,0.0,0.0,0.0,0,0.0
2025-01-06,1119.781005859375,0.04651164913172545,1425.0,0.04395604395604402,0.00255560517568143,0.00255560517568143,0.019501498192967856,0.022453562060429977,1,0,0.0,10,1.2026482634665818,0.0,0.0,0.0,0.0,0.0,0.0,,0.0,0.0,0.0,0.022453562060429977,0.0,0.0,0.0,0,0.0
2025-01-07,1124.7578125,0.004444446382447342,1490.0,0.04561403508771922,-0.041169588705271876,0.041169588705271876,0.019347750913225176,0.022690813537941206,0,1,1.0,10,13.595903424790219,136.0,-10.0,-152967.0625,14900.0,0.0,0.0,Opened,-152967.0625,14900.0,0.0,0.022690813537941206,167867.0625,0.0,0.0,0,0.0
2025-01-08,1099.873779296875,-0.02212390340976178,1470.0,-0.01342281879194629,-0.008701084617815491,0.008701084617815491,0.019217670753373668,0.02248719279848919,0,1,0.0,10,0.8108797585887801,-136.0,10.0,149582.833984375,-14700.0,-3384.228515625,200.0,Live,0.0,0.0,0.0,0.02248719279848919,164282.833984375,-3184.228515625,-0.019382600350854998,0,0.0
2025-01-09,1094.89697265625,-0.004524888886619838,1440.0,-0.020408163265306145,0.015883274378686307,0.015883274378686307,0.01922137652669185,0.022542624320756183,1,0,-1.0,10,5.931782767215283,-136.0,10.0,148905.98828125,-14400.0,-4061.07421875,500.0,Closed,148905.98828125,-14400.0,-3561.07421875,0.022542624320756183,163305.98828125,-3561.07421875,-0.02180614597314718,0,-3561.07421875
2025-01-10,1094.89697265625,0.0,1465.0,0.01736111111111116,-0.01736111111111116,0.01736111111111116,0.01922137652669185,0.022576788526495462,0,0,0.0,10,inf,0.0,0.0,0.0,0.0,0.0,0.0,,0.0,0.0,0.0,0.022576788526495462,0.0,0.0,0.0,0,0.0
2025-01-11,1094.89697265625,0.0,1465.0,0.0,0.0,0.0,0.01922137652669185,0.022574395256033403,1,0,0.0,10,,0.0,0.0,0.0,0.0,0.0,0.0,,0.0,0.0,0.0,0.022574395256033403,0.0,0.0,0.0,0,0.0
2025-01-12,1094.89697265625,0.0,1465.0,0.0,0.0,0.0,0.01919323136029656,0.022566150821272668,1,0,0.0,10,,0.0,0.0,0.0,0.0,0.0,0.0,,0.0,0.0,0.0,0.022566150821272668,0.0,0.0,0.0,0,0.0
2025-01-13,1070.012939453125,-0.022727282862747944,1390.0,-0.05119453924914674,0.028467256386398798,0.028467256386398798,0.019186549038285365,0.022867862376296854,1,1,1.0,10,2.926185757855613,-30.0,10.0,32100.38818359375,-13900.0,0.0,0.0,Opened,32100.38818359375,-13900.0,0.0,0.022867862376296854,46000.38818359375,0.0,0.0,0,0.0
2025-01-14,1084.943359375,0.01395349473951768,1400.0,0.007194244604316502,0.006759250135201178,0.006759250135201178,0.01912263254976703,0.022725246307053533,1,1,0.0,10,0.6653086599761243,30.0,-10.0,-32548.30078125,14000.0,-447.91259765625,100.0,Live,0.0,0.0,0.0,0.022725246307053533,46548.30078125,-347.91259765625,-0.007474227669259879,0,0.0
2025-01-15,1060.059326171875,-0.022935790138814083,1420.0,0.014285714285714235,-0.03722150442452832,0.03722150442452832,0.019019556484058817,0.022713307449707003,0,0,-1.0,10,0.8343464587018307,30.0,-10.0,-31801.77978515625,14200.0,298.6083984375,300.0,Closed,-31801.77978515625,14200.0,598.6083984375,0.022713307449707003,46001.77978515625,598.6083984375,0.01301272257797855,0,598.6083984375
2025-01-16,1099.873779296875,0.03755870274617501,1460.0,0.028169014084507005,0.009389688661668005,0.009389688661668005,0.01921633089280381,0.02280299020142608,1,0,0.0,10,0.9955683245078575,0.0,0.0,0.0,0.0,0.0,0.0,,0.0,0.0,0.0,0.02280299020142608,0.0,0.0,0.0,0,0.0
2025-01-17,1114.80419921875,0.013574666659859513,1430.0,-0.020547945205479423,0.03412261186533894,0.03412261186533894,0.019239186088955782,0.022860357498181744,1,1,1.0,10,1.9416755710636269,-20.0,10.0,22296.083984375,-14300.0,0.0,0.0,Opened,22296.083984375,-14300.0,0.0,0.022860357498181744,36596.083984375,0.0,0.0,0,0.0
2025-01-18,1114.80419921875,0.0,1430.0,0.0,0.0,0.0,0.01907985154311405,0.022757998596421247,1,1,0.0,10,,20.0,-10.0,-22296.083984375,14300.0,0.0,0.0,Live,0.0,0.0,0.0,0.022757998596421247,36596.083984375,0.0,0.0,0,0.0
2025-01-19,1114.80419921875,0.0,1430.0,0.0,0.0,0.0,0.018826089952650765,0.02256391249042338,1,1,0.0,10,,20.0,-10.0,-22296.083984375,14300.0,0.0,0.0,Live,0.0,0.0,0.0,0.02256391249042338,36596.083984375,0.0,0.0,0,0.0
2025-01-20,1114.80419921875,0.0,1445.0,0.010489510489510412,-0.010489510489510412,0.010489510489510412,0.018826089952650765,0.02257484120999667,0,0,-1.0,10,inf,20.0,-10.0,-22296.083984375,14450.0,0.0,150.0,Closed,-22296.083984375,14450.0,150.0,0.02257484120999667,36746.083984375,150.0,0.004082067631037427,0,150.0
2025-01-21,1114.80419921875,0.0,1465.0,0.01384083044982698,-0.01384083044982698,0.01384083044982698,0.018826089952650765,0.022594757259398246,0,0,0.0,10,inf,0.0,0.0,0.0,0.0,0.0,0.0,,0.0,0.0,0.0,0.022594757259398246,0.0,0.0,0.0,0,0.0
2025-01-22,1129.734619140625,0.013392863008892641,1465.0,0.0,0.013392863008892641,0.013392863008892641,0.018354463784909594,0.022519165206819406,1,0,0.0,10,0.0,0.0,0.0,0.0,0.0,0.0,0.0,,0.0,0.0,0.0,0.022519165206819406,0.0,0.0,0.0,0,0.0
2025-01-23,1129.734619140625,0.0,1465.0,0.0,0.0,0.0,0.018354463784909594,0.022519165206819406,1,0,0.0,10,,0.0,0.0,0.0,0.0,0.0,0.0,,0.0,0.0,0.0,0.022519165206819406,0.0,0.0,0.0,0,0.0
2025-01-24,1129.734619140625,0.0,1465.0,0.0,0.0,0.0,0.018354463784909594,0.022519165206819406,1,0,0.0,10,,0.0,0.0,0.0,0.0,0.0,0.0,,0.0,0.0,0.0,0.022519165206819406,0.0,0.0,0.0,0,0.0
2025-01-25,1129.734619140625,0.0,1465.0,0.0,0.0,0.0,0.018291603746663547,0.02251588542873985,1,0,0.0,10,,0.0,0.0,0.0,0.0,0.0,0.0,,0.0,0.0,0.0,0.02251588542873985,0.0,0.0,0.0,0,0.0
2025-01-26,1129.734619140625,0.0,1465.0,0.0,0.0,0.0,0.018287244750112893,0.0225015121705597,1,0,0.0,10,,0.0,0.0,0.0,0.0,0.0,0.0,,0.0,0.0,0.0,0.0225015121705597,0.0,0.0,0.0,0,0.0
2025-01-27,1129.734619140625,0.0,1465.0,0.0,0.0,0.0,0.018278525889479216,0.022395676833183765,1,0,0.0,10,,0.0,0.0,0.0,0.0,0.0,0.0,,0.0,0.0,0.0,0.022395676833183765,0.0,0.0,0.0,0,0.0
2025-01-28,1129.734619140625,0.0,1465.0,0.0,0.0,0.0,0.018170154948095974,0.02224906891979099,1,0,0.0,10,,0.0,0.0,0.0,0.0,0.0,0.0,,0.0,0.0,0.0,0.02224906891979099,0.0,0.0,0.0,0,0.0
2025-01-29,1129.734619140625,0.0,1465.0,0.0,0.0,0.0,0.017595247086564444,0.021471103426894622,1,0,0.0,10,,0.0,0.0,0.0,0.0,0.0,0.0,,0.0,0.0,0.0,0.021471103426894622,0.0,0.0,0.0,0,0.0
2025-01-30,1129.734619140625,0.0,1465.0,0.0,0.0,0.0,0.017595247086564444,0.021471103426894622,1,0,0.0,10,,0.0,0.0,0.0,0.0,0.0,0.0,,0.0,0.0,0.0,0.021471103426894622,0.0,0.0,0.0,0,0.0
2025-01-31,1129.734619140625,0.0,1465.0,0.0,0.0,0.0,0.017595247086564444,0.021471103426894622,1,0,0.0,10,,0.0,0.0,0.0,0.0,0.0,0.0,,0.0,0.0,0.0,0.021471103426894622,0.0,0.0,0.0,0,0.0
2025-02-01,1129.734619140625,0.0,1465.0,0.0,0.0,0.0,0.01595742190944729,0.02031376275779417,1,0,0.0,10,,0.0,0.0,0.0,0.0,0.0,0.0,,0.0,0.0,0.0,0.02031376275779417,0.0,0.0,0.0,0,0.0
2025-02-02,1129.734619140625,0.0,1465.0,0.0,0.0,0.0,0.014855993927466317,0.01935584633278669,1,0,0.0,10,,0.0,0.0,0.0,0.0,0.0,0.0,,0.0,0.0,0.0,0.01935584633278669,0.0,0.0,0.0,0,0.0
2025-02-03,1065.0361328125,-0.05726874721900643,1500.0,0.023890784982935065,-0.0811595322019415,0.0811595322019415,0.015131252450341873,0.018751421088251265,0,1,1.0,10,0.58754299647536,6.0,-10.0,-6390.216796875,15000.0,0.0,0.0,Opened,-6390.216796875,15000.0,0.0,0.018751421088251265,21390.216796875,0.0,0.0,0,0.0
2025-02-04,1089.920166015625,0.023364496693095704,1490.0,-0.00666666666666671,0.030031163359762414,0.030031163359762414,0.0150855777187727,0.018606518207038278,1,0,-1.0,10,0.390071204303244,-6.0,10.0,6539.52099609375,-14900.0,149.30419921875,100.0,Closed,6539.52099609375,-14900.0,249.30419921875,0.018606518207038278,21439.52099609375,249.30419921875,0.011628254160350545,0,249.30419921875
2025-02-05,1104.8505859375,0.013698636273935083,1525.0,0.02348993288590595,-0.009791296611970868,0.009791296611970868,0.014797219763023573,0.018668717690087887,0,0,0.0,10,2.3668499978978863,0.0,0.0,0.0,0.0,0.0,0.0,,0.0,0.0,0.0,0.018668717690087887,0.0,0.0,0.0,0,0.0
2025-02-06,1109.827392578125,0.004504506495239813,1525.0,0.0,0.004504506495239813,0.004504506495239813,0.01479913331285765,0.018668717690087887,1,0,0.0,10,0.0,0.0,0.0,0.0,0.0,0.0,0.0,,0.0,0.0,0.0,0.018668717690087887,0.0,0.0,0.0,0,0.0
2025-02-07,1119.781005859375,0.008968613811313197,1525.0,0.0,0.008968613811313197,0.008968613811313197,0.01481036887916151,0.018668717690087887,1,0,0.0,10,0.0,0.0,0.0,0.0,0.0,0.0,0.0,,0.0,0.0,0.0,0.018668717690087887,0.0,0.0,0.0,0,0.0
2025-02-08,1119.781005859375,0.0,1525.0,0.0,0.0,0.0,0.014805423365833134,0.018395860167537602,1,0,0.0,10,,0.0,0.0,0.0,0.0,0.0,0.0,,0.0,0.0,0.0,0.018395860167537602,0.0,0.0,0.0,0,0.0
2025-02-09,1119.781005859375,0.0,1525.0,0.0,0.0,0.0,0.014805671748968552,0.018364231381429733,1,0,0.0,10,,0.0,0.0,0.0,0.0,0.0,0.0,,0.0,0.0,0.0,0.018364231381429733,0.0,0.0,0.0,0,0.0
2025-02-10,1099.873779296875,-0.01777778552978959,1480.0,-0.02950819672131144,0.01173041119152185,0.01173041119152185,0.01486499407739587,0.0184516343279147,1,0,0.0,10,2.233489289504283,0.0,0.0,0.0,0.0,0.0,0.0,,0.0,0.0,0.0,0.0184516343279147,0.0,0.0,0.0,0,0.0
2025-02-11,1104.8505859375,0.004524888886619838,1510.0,0.020270270270270174,-0.015745381383650336,0.015745381383650336,0.014859802229763885,0.018393989727743882,0,0,0.0,10,6.122446758852082,0.0,0.0,0.0,0.0,0.0,0.0,,0.0,0.0,0.0,0.018393989727743882,0.0,0.0,0.0,0,0.0
2025-02-12,1094.89697265625,-0.009009012990479626,1485.0,-0.01655629139072845,0.007547278400248825,0.007547278400248825,0.014744925724169525,0.017824776895612373,1,0,0.0,10,2.4925222678098375,0.0,0.0,0.0,0.0,0.0,0.0,,0.0,0.0,0.0,0.017824776895612373,0.0,0.0,0.0,0,0.0
2025-02-13,1084.943359375,-0.009090913145099133,1520.0,0.023569023569023573,-0.032659936714122706,0.032659936714122706,0.014763441645090847,0.017901423611158408,0,1,1.0,10,3.632207109498646,37.0,-10.0,-40142.904296875,15200.0,0.0,0.0,Opened,-40142.904296875,15200.0,0.0,0.017901423611158408,55342.904296875,0.0,0.0,0,0.0
2025-02-14,1055.08251953125,-0.027522948166576966,1505.0,-0.009868421052631526,-0.01765452711394544,0.01765452711394544,0.014913624469486877,0.01792099509957117,0,1,0.0,10,0.511449538476075,-37.0,10.0,39038.05322265625,-15050.0,-1104.85107421875,150.0,Live,0.0,0.0,0.0,0.01792099509957117,54088.05322265625,-954.85107421875,-0.017653641004383287,0,0.0
2025-02-15,1055.08251953125,0.0,1505.0,0.0,0.0,0.0,0.014911428414860105,0.017865009464911995,1,0,-1.0,10,,-37.0,10.0,39038.05322265625,-15050.0,-1104.85107421875,150.0,Closed,39038.05322265625,-15050.0,-954.85107421875,0.017865009464911995,54088.05322265625,-954.85107421875,-0.017653641004383287,0,-954.85107421875
2025-02-16,1055.08251953125,0.0,1505.0,0.0,0.0,0.0,0.014911428414860105,0.017860913708421768,1,0,0.0,10,,0.0,0.0,0.0,0.0,0.0,0.0,,0.0,0.0,0.0,0.017860913708421768,0.0,0.0,0.0,0,0.0
2025-02-17,1079.966552734375,0.0235849165752271,1545.0,0.02657807308970095,-0.0029931565144738492,0.0029931565144738492,0.01496020279016618,0.017858421378587508,0,0,0.0,10,1.6121569707878027,0.0,0.0,0.0,0.0,0.0,0.0,,0.0,0.0,0.0,0.017858421378587508,0.0,0.0,0.0,0,0.0
2025-02-18,1094.89697265625,0.013824891043220378,1535.0,-0.006472491909385147,0.020297382952605525,0.020297382952605525,0.014978744791802808,0.017861560913141818,1,1,1.0,10,0.6563642582013666,-7.0,10.0,7664.27880859375,-15350.0,0.0,0.0,Opened,7664.27880859375,-15350.0,0.0,0.017861560913141818,23014.27880859375,0.0,0.0,0,0.0
2025-02-19,1084.943359375,-0.009090913145099133,1540.0,0.0032573289902280145,-0.012348242135327148,0.012348242135327148,0.014995790845290739,0.01785714083323784,0,0,-1.0,10,0.5085899462854483,7.0,-10.0,-7594.603515625,15400.0,69.67529296875,50.0,Closed,-7594.603515625,15400.0,119.67529296875,0.01785714083323784,22994.603515625,119.67529296875,0.0052044947366641815,0,119.67529296875
2025-02-20,1074.98974609375,-0.009174316055525655,1500.0,-0.025974025974025983,0.016799709918500327,0.016799709918500327,0.015014541102633033,0.017974267106674668,1,0,0.0,10,3.9505040405498875,0.0,0.0,0.0,0.0,0.0,0.0,,0.0,0.0,0.0,0.017974267106674668,0.0,0.0,0.0,0,0.0
2025-02-21,1089.920166015625,0.013888895197492257,1510.0,0.006666666666666599,0.007222228530825658,0.007222228530825658,0.015045665690519176,0.017978230243701487,1,0,0.0,10,0.6650025326455878,0.0,0.0,0.0,0.0,0.0,0.0,,0.0,0.0,0.0,0.017978230243701487,0.0,0.0,0.0,0,0.0
2025-02-22,1089.920166015625,0.0,1510.0,0.0,0.0,0.0,0.015045831648635708,0.017964163233304988,1,0,0.0,10,,0.0,0.0,0.0,0.0,0.0,0.0,,0.0,0.0,0.0,0.017964163233304988,0.0,0.0,0.0,0,0.0
2025-02-23,1089.920166015625,0.0,1510.0,0.0,0.0,0.0,0.015029620032294284,0.01795961503320682,1,0,0.0,10,,0.0,0.0,0.0,0.0,0.0,0.0,,0.0,0.0,0.0,0.01795961503320682,0.0,0.0,0.0,0,0.0
2025-02-24,1070.012939453125,-0.018264848365246777,1545.0,0.023178807947019875,-0.04144365631226665,0.04144365631226665,0.015003830893606275,0.0180168653644133,0,1,1.0,10,1.8323755162790634,19.0,-10.0,-20330.245849609375,15450.0,0.0,0.0,Opened,-20330.245849609375,15450.0,0.0,0.0180168653644133,35780.245849609375,0.0,0.0,0,0.0
2025-02-25,1050.105712890625,-0.018604659652690203,1550.0,0.003236245954692629,-0.021840905607382832,0.021840905607382832,0.014978987320307164,0.017766355032120287,0,1,0.0,10,0.25675473883678046,-19.0,10.0,19952.008544921875,-15500.0,-378.2373046875,-50.0,Live,0.0,0.0,0.0,0.017766355032120287,35452.008544921875,-428.2373046875,-0.01207935240523461,0,0.0
2025-02-26,1055.08251953125,0.004739338696601703,1560.0,0.006451612903225712,-0.0017122742066240093,0.0017122742066240093,0.014981879874512759,0.017755978667985416,0,1,0.0,10,2.0127448578390785,-19.0,10.0,20046.56787109375,-15600.0,-283.677978515625,-150.0,Live,0.0,0.0,0.0,0.017755978667985416,35646.56787109375,-433.677978515625,-0.012166051443827777,0,0.0
2025-02-27,1035.17529296875,-0.01886793326018177,1515.0,-0.028846153846153855,0.009978220585972086,0.009978220585972086,0.015053355768626651,0.017899628596023707,1,0,-1.0,10,2.237496264541451,-19.0,10.0,19668.33056640625,-15150.0,-661.915283203125,300.0,Closed,19668.33056640625,-15150.0,-361.915283203125,0.017899628596023707,34818.33056640625,-361.915283203125,-0.010394389314929175,0,-361.915283203125
2025-02-28,1035.17529296875,0.0,1515.0,0.0,0.0,0.0,0.015053355768626651,0.017899628596023707,1,0,0.0,10,,0.0,0.0,0.0,0.0,0.0,0.0,,0.0,0.0,0.0,0.017899628596023707,0.0,0.0,0.0,0,0.0
2025-03-01,1035.17529296875,0.0,1515.0,0.0,0.0,0.0,0.015051101474841276,0.017871402187931096,1,0,0.0,10,,0.0,0.0,0.0,0.0,0.0,0.0,,0.0,0.0,0.0,0.017871402187931096,0.0,0.0,0.0,0,0.0
2025-03-02,1035.17529296875,0.0,1515.0,0.0,0.0,0.0,0.015035694647743986,0.01786692591101262,1,0,0.0,10,,0.0,0.0,0.0,0.0,0.0,0.0,,0.0,0.0,0.0,0.01786692591101262,0.0,0.0,0.0,0,0.0
2025-03-03,1015.26806640625,-0.01923077830171993,1470.0,-0.02970297029702973,0.010472191995309799,0.010472191995309799,0.014538682686851333,0.017214170902083346,1,0,0.0,10,2.236349249685167,0.0,0.0,0.0,0.0,0.0,0.0,,0.0,0.0,0.0,0.017214170902083346,0.0,0.0,0.0,0,0.0
2025-03-04,995.36083984375,-0.019607852567416706,1505.0,0.023809523809523725,-0.04341737637694043,0.04341737637694043,0.014582183530327425,0.017200239753074362,0,1,1.0,10,1.8360166965907947,19.0,-10.0,-18911.85595703125,15050.0,0.0,0.0,Opened,-18911.85595703125,15050.0,0.0,0.017200239753074362,33961.85595703125,0.0,0.0,0,0.0
2025-03-05,1015.26806640625,0.020000009811140362,1505.0,0.0,0.020000009811140362,0.020000009811140362,0.01459789122128203,0.017057307573171494,1,0,-1.0,10,0.0,-19.0,10.0,19290.09326171875,-15050.0,378.2373046875,0.0,Closed,19290.09326171875,-15050.0,378.2373046875,0.017057307573171494,34340.09326171875,378.2373046875,0.011014451877134153,0,378.2373046875
2025-03-06,1000.337646484375,-0.014705889425562502,1495.0,-0.006644518272425293,-0.008061371153137209,0.008061371153137209,0.014643122277729102,0.017068367000796534,0,0,0.0,10,0.6752534057713905,0.0,0.0,0.0,0.0,0.0,0.0,,0.0,0.0,0.0,0.017068367000796534,0.0,0.0,0.0,0,0.0
2025-03-07,1000.337646484375,0.0,1465.0,-0.02006688963210701,0.02006688963210701,0.02006688963210701,0.014643122277729102,0.017145175495083424,1,0,0.0,10,inf,0.0,0.0,0.0,0.0,0.0,0.0,,0.0,0.0,0.0,0.017145175495083424,0.0,0.0,0.0,0,0.0
2025-03-08,1000.337646484375,0.0,1465.0,0.0,0.0,0.0,0.014555513831484897,0.016925259253215703,1,0,0.0,10,,0.0,0.0,0.0,0.0,0.0,0.0,,0.0,0.0,0.0,0.016925259253215703,0.0,0.0,0.0,0,0.0
2025-03-09,1000.337646484375,0.0,1465.0,0.0,0.0,0.0,0.014551188739057502,0.016853795280222145,1,0,0.0,10,,0.0,0.0,0.0,0.0,0.0,0.0,,0.0,0.0,0.0,0.016853795280222145,0.0,0.0,0.0,0,0.0
2025-03-10,993.3701171875,-0.006965177529169253,1395.0,-0.04778156996587035,0.0408163924367011,0.0408163924367011,0.014559406554180808,0.017192970887639613,1,1,1.0,10,9.633660591447589,-97.0,10.0,96356.9013671875,-13950.0,0.0,0.0,Opened,96356.9013671875,-13950.0,0.0,0.017192970887639613,110306.9013671875,0.0,0.0,0,0.0
2025-03-11,966.495361328125,-0.02705412151461206,1385.0,-0.007168458781361964,-0.019885662733250098,0.019885662733250098,0.014270791323677237,0.016954348355628656,0,0,-1.0,10,0.3797015372900386,97.0,-10.0,-93750.05004882812,13850.0,2606.851318359375,-100.0,Closed,-93750.05004882812,13850.0,2506.851318359375,0.016954348355628656,107600.05004882812,2506.851318359375,0.02329786386922482,0,2506.851318359375
2025-03-12,983.41650390625,0.017507732840923884,1410.0,0.018050541516245522,-0.0005428086753216377,0.0005428086753216377,0.014318551284339206,0.01687653627448876,0,0,0.0,10,1.478229771166209,0.0,0.0,0.0,0.0,0.0,0.0,,0.0,0.0,0.0,0.01687653627448876,0.0,0.0,0.0,0,0.0
2025-03-13,960.523193359375,-0.023279363785273066,1390.0,-0.014184397163120588,-0.009094966622152478,0.009094966622152478,0.014426535092462528,0.016916704836559014,0,0,0.0,10,0.8817525415478316,0.0,0.0,0.0,0.0,0.0,0.0,,0.0,0.0,0.0,0.016916704836559014,0.0,0.0,0.0,0,0.0
2025-03-14,954.5510864257812,-0.006217556197374741,1400.0,0.007194244604316502,-0.013411800801691243,0.013411800801691243,0.014434528493761837,0.016921797196239298,0,0,0.0,10,1.6970488345463515,0.0,0.0,0.0,0.0,0.0,0.0,,0.0,0.0,0.0,0.016921797196239298,0.0,0.0,0.0,0,0.0
2025-03-15,954.5510864257812,0.0,1400.0,0.0,0.0,0.0,0.014434528493761837,0.01692068033918254,1,0,0.0,10,,0.0,0.0,0.0,0.0,0.0,0.0,,0.0,0.0,0.0,0.01692068033918254,0.0,0.0,0.0,0,0.0
2025-03-16,954.5510864257812,0.0,1400.0,0.0,0.0,0.0,0.014434528493761837,0.01692068033918254,1,0,0.0,10,,0.0,0.0,0.0,0.0,0.0,0.0,,0.0,0.0,0.0,0.01692068033918254,0.0,0.0,0.0,0,0.0
2025-03-17,965.5,0.011470222736025493,1425.0,0.017857142857142794,-0.006386920121117301,0.006386920121117301,0.014450528155041189,0.016871860149568832,0,0,0.0,10,2.297749645834093,0.0,0.0,0.0,0.0,0.0,0.0,,0.0,0.0,0.0,0.016871860149568832,0.0,0.0,0.0,0,0.0
2025-03-18,971.0,0.00569653029518391,1475.0,0.03508771929824572,-0.029391189003061813,0.029391189003061813,0.014379238271935066,0.017032092377460048,0,1,1.0,10,9.356588268724346,94.0,-10.0,-91274.0,14750.0,0.0,0.0,Opened,-91274.0,14750.0,0.0,0.017032092377460048,106024.0,0.0,0.0,0,0.0
2025-03-19,952.0,-0.019567456230690006,1465.0,-0.006779661016949157,-0.012787795213740849,0.012787795213740849,0.014419497926330111,0.017042846203716204,0,1,0.0,10,0.5331805335872087,-94.0,10.0,89488.0,-14650.0,-1786.0,100.0,Live,0.0,0.0,0.0,0.017042846203716204,104138.0,-1686.0,-0.0161900555032745,0,0.0
2025-03-20,985.0,0.034663865546218586,1485.0,0.013651877133105783,0.021011988413112803,0.021011988413112803,0.01464875622872465,0.01706547558746302,1,0,-1.0,10,0.593752706987056,-94.0,10.0,92590.0,-14850.0,1316.0,-100.0,Closed,92590.0,-14850.0,1216.0,0.01706547558746302,107440.0,1216.0,0.01131794489947878,0,1216.0
2025-03-21,972.0,-0.013197969543147225,1480.0,-0.0033670033670033517,-0.009830966176143874,0.009830966176143874,0.014682863191102954,0.017069308552482603,0,0,0.0,10,0.38844709626602403,0.0,0.0,0.0,0.0,0.0,0.0,,0.0,0.0,0.0,0.017069308552482603,0.0,0.0,0.0,0,0.0
2025-03-22,972.0,0.0,1480.0,0.0,0.0,0.0,0.014679861986765193,0.017027636708915776,1,0,0.0,10,,0.0,0.0,0.0,0.0,0.0,0.0,,0.0,0.0,0.0,0.017027636708915776,0.0,0.0,0.0,0,0.0
2025-03-23,972.0,0.0,1480.0,0.0,0.0,0.0,0.01466029355036862,0.016734720837700105,1,0,0.0,10,,0.0,0.0,0.0,0.0,0.0,0.0,,0.0,0.0,0.0,0.016734720837700105,0.0,0.0,0.0,0,0.0
2025-03-24,972.0,0.0,1480.0,0.0,0.0,0.0,0.014596911620684569,0.016640773316192927,1,0,0.0,10,,0.0,0.0,0.0,0.0,0.0,0.0,,0.0,0.0,0.0,0.016640773316192927,0.0,0.0,0.0,0,0.0
2025-03-25,972.0,0.0,1480.0,0.0,0.0,0.0,0.014577724023136437,0.016427720977675107,1,0,0.0,10,,0.0,0.0,0.0,0.0,0.0,0.0,,0.0,0.0,0.0,0.016427720977675107,0.0,0.0,0.0,0,0.0
