Date,2330.TW_Close,2330.TW_dailyReturns,2454.TW_Close,2454.TW_dailyReturns,spread,abs_sprd,2330.TW_rolling avg,2454.TW_rolling avg,isSprdPos,signal,axe,leverage,ratio,2330.TW_Size,2454.TW_Size,2330.TW_Cashflow,2454.TW_Cashflow,2330.TW_MTM,2454.TW_MTM,Live Trades,2330.TW_PnL,2454.TW_PnL,Total PnL,riskThreshold,grossCashflow,totalMTM,totalMTM in %,isStoppedOut,Adjusted PnL,Gross Capital
2019-01-03,215.5,-0.018223234624145768,223.5,0.013605442176870763,-0.03182867680101653,0.03182867680101653,,,0,0,,5,0.7743145982290844,0.0,0.0,0.0,0.0,0.0,0.0,,0.0,0.0,0.0,,0.0,0.0,0.0,0,0.0,0.0
2019-01-04,208.0,-0.03480278422273786,217.0,-0.029082774049216997,-0.005720010173520862,0.005720010173520862,,,0,0,0.0,5,0.8718027591349727,0.0,0.0,0.0,0.0,0.0,0.0,,0.0,0.0,0.0,,0.0,0.0,0.0,0,0.0,0.0
2019-01-07,213.0,0.024038461538461453,219.0,0.009216589861751112,0.014821871676710341,0.014821871676710341,,,1,0,0.0,5,0.3942104238333222,0.0,0.0,0.0,0.0,0.0,0.0,,0.0,0.0,0.0,,0.0,0.0,0.0,0,0.0,0.0
2019-01-08,211.0,-0.009389671361502372,222.0,0.013698630136986356,-0.023088301498488728,0.023088301498488728,,,0,0,0.0,5,1.5349607219372872,0.0,0.0,0.0,0.0,0.0,0.0,,0.0,0.0,0.0,,0.0,0.0,0.0,0,0.0,0.0
2019-01-09,215.5,0.021327014218009532,226.0,0.018018018018018056,0.0033089961999914763,0.0033089961999914763,0.025524660644747794,0.019355633167806058,1,0,0.0,5,0.886008978816403,0.0,0.0,0.0,0.0,0.0,0.0,,0.0,0.0,0.0,0.025524660644747794,0.0,0.0,0.0,0,0.0,0.0
2019-01-10,216.0,0.002320185614849146,226.0,0.0,0.002320185614849146,0.002320185614849146,0.024161082604448398,0.018808030311252236,1,0,0.0,5,0.0,0.0,0.0,0.0,0.0,0.0,0.0,,0.0,0.0,0.0,0.024161082604448398,0.0,0.0,0.0,0,0.0,0.0
2019-01-11,220.5,0.02083333333333326,227.5,0.006637168141592875,0.014196165191740384,0.014196165191740384,0.014671492426894035,0.0068685926894276605,1,0,0.0,5,0.3286978508217436,0.0,0.0,0.0,0.0,0.0,0.0,,0.0,0.0,0.0,0.014671492426894035,0.0,0.0,0.0,0,0.0,0.0
2019-01-14,218.5,-0.009070294784580546,231.5,0.01758241758241752,-0.026652712366998066,0.026652712366998066,0.015242004204392859,0.007741485609950542,0,1,1.0,5,2.0537933462418407,11.0,-5.0,-2403.5,1157.5,0.0,0.0,Opened,-2403.5,1157.5,0.0,0.015242004204392859,3561.0,0.0,0.0,0,0.0,3561.0
2019-01-15,221.0,0.011441647597254079,233.0,0.00647948164146861,0.004962165955785469,0.004962165955785469,0.012926854584390642,0.007828716097953792,1,0,-1.0,5,0.5970563802859467,-11.0,5.0,2431.0,-1165.0,27.5,-7.5,Closed,2431.0,-1165.0,20.0,0.012926854584390642,3596.0,20.0,0.0055617352614015575,0,20.0,0.0
2019-01-16,217.5,-0.015837104072398245,237.0,0.01716738197424883,-0.033004486046647075,0.033004486046647075,0.01487141455214445,0.007610136343976138,0,1,1.0,5,1.181183534535603,6.0,-5.0,-1305.0,1185.0,0.0,0.0,Opened,-1305.0,1185.0,0.0,0.01487141455214445,2490.0,0.0,0.0,0,0.0,2490.0
2019-01-17,220.5,0.01379310344827589,237.0,0.0,0.01379310344827589,0.01379310344827589,0.015801249719407554,0.007610136343976138,1,0,-1.0,5,0.0,-6.0,5.0,1323.0,-1185.0,18.0,0.0,Closed,1323.0,-1185.0,18.0,0.015801249719407554,2508.0,18.0,0.007177033492822967,0,18.0,0.0
2019-01-18,218.5,-0.009070294784580546,244.0,0.029535864978903037,-0.03860615976348358,0.03860615976348358,0.013427840051414156,0.01136519062307004,0,1,1.0,5,3.6363583697824553,19.0,-5.0,-4151.5,1220.0,0.0,0.0,Opened,-4151.5,1220.0,0.0,0.013427840051414156,5371.5,0.0,0.0,0,0.0,5371.5
2019-01-21,221.0,0.011441647597254079,244.5,0.002049180327868827,0.009392467269385252,0.009392467269385252,0.013760946042168081,0.012279621264676457,1,0,-1.0,5,0.19814275647206805,-19.0,5.0,4199.0,-1222.5,47.5,-2.5,Closed,4199.0,-1222.5,45.0,0.013760946042168081,5421.5,45.0,0.008300285898736512,0,45.0,0.0
2019-01-22,223.0,0.009049773755656076,242.0,-0.010224948875255602,0.019274722630911678,0.019274722630911678,0.013402960700789293,0.015644182025262063,1,1,1.0,5,1.2261226810457895,-7.0,5.0,1561.0,-1210.0,0.0,0.0,Opened,1561.0,-1210.0,0.0,0.015644182025262063,2771.0,0.0,0.0,0,0.0,2771.0
2019-01-23,220.5,-0.011210762331838597,241.0,-0.004132231404958664,-0.0070785309268799335,0.0070785309268799335,0.011956080310909275,0.01532017876265789,0,0,-1.0,5,0.40286351455182373,7.0,-5.0,-1543.5,1205.0,17.5,-5.0,Closed,-1543.5,1205.0,12.5,0.01532017876265789,2748.5,12.5,0.00454793523740222,0,12.5,0.0
2019-01-24,222.5,0.009070294784580435,244.5,0.014522821576763434,-0.005452526792182999,0.005452526792182999,0.011020495286222164,0.015870432433836484,0,0,0.0,5,1.7594561518019551,0.0,0.0,0.0,0.0,0.0,0.0,,0.0,0.0,0.0,0.015870432433836484,0.0,0.0,0.0,0,0.0,0.0
2019-01-25,226.0,0.01573033707865168,248.0,0.014314928425357865,0.0014154086532938148,0.0014154086532938148,0.010439082469838637,0.011034118122145657,1,0,0.0,5,0.9986065113922216,0.0,0.0,0.0,0.0,0.0,0.0,,0.0,0.0,0.0,0.011034118122145657,0.0,0.0,0.0,0,0.0,0.0
2019-01-28,229.0,0.01327433628318575,248.5,0.002016129032258007,0.011258207250927743,0.011258207250927743,0.010671674742297584,0.011035069104642262,1,1,1.0,5,0.16481488003004763,-1.0,5.0,229.0,-1242.5,0.0,0.0,Opened,229.0,-1242.5,0.0,0.011035069104642262,1471.5,0.0,0.0,0,0.0,1471.5
2019-01-29,222.5,-0.028384279475982543,245.5,-0.012072434607645843,-0.0163118448683367,0.0163118448683367,0.018952626100957153,0.011616727421663144,0,0,-1.0,5,0.46928694031083507,1.0,-5.0,-222.5,1227.5,6.5,-15.0,Closed,-222.5,1227.5,-8.5,0.018952626100957153,1450.0,-8.5,-0.0058620689655172415,0,-8.5,0.0
2019-01-30,221.0,-0.006741573033707815,243.0,-0.010183299389002087,0.0034417263552942723,0.0034417263552942723,0.018407189000347355,0.012792106382768826,1,0,0.0,5,1.6608915225184748,0.0,0.0,0.0,0.0,0.0,0.0,,0.0,0.0,0.0,0.018407189000347355,0.0,0.0,0.0,0,0.0,0.0
2019-02-11,228.0,0.03167420814479649,259.5,0.06790123456790131,-0.036227026423104824,0.036227026423104824,0.023170194432302303,0.03279018192509674,0,1,1.0,5,2.4399134410099266,13.0,-5.0,-2964.0,1297.5,0.0,0.0,Opened,-2964.0,1297.5,0.0,0.03279018192509674,4261.5,0.0,0.0,0,0.0,4261.5
2019-02-12,230.0,0.00877192982456143,257.5,-0.0077071290944122905,0.01647905891897372,0.01647905891897372,0.022574179691594365,0.03392717610048551,1,0,-1.0,5,0.9836642372455308,-13.0,5.0,2990.0,-1287.5,26.0,10.0,Closed,2990.0,-1287.5,36.0,0.03392717610048551,4277.5,36.0,0.008416130917592052,0,36.0,0.0
2019-02-13,229.0,-0.004347826086956497,259.0,0.005825242718446644,-0.01017306880540314,0.01017306880540314,0.022079587852938558,0.03380200965093291,0,0,0.0,5,1.5153262390299937,0.0,0.0,0.0,0.0,0.0,0.0,,0.0,0.0,0.0,0.03380200965093291,0.0,0.0,0.0,0,0.0,0.0
2019-02-14,227.0,-0.008733624454148492,255.5,-0.013513513513513487,0.0047798890593649945,0.0047798890593649945,0.016850580403491744,0.034029348299346805,1,0,0.0,5,1.7415614954161136,0.0,0.0,0.0,0.0,0.0,0.0,,0.0,0.0,0.0,0.034029348299346805,0.0,0.0,0.0,0,0.0,0.0
2019-02-15,227.0,0.0,252.0,-0.013698630136986356,0.013698630136986356,0.013698630136986356,0.016012626101191564,0.034543373596456976,1,0,0.0,5,inf,0.0,0.0,0.0,0.0,0.0,0.0,,0.0,0.0,0.0,0.034543373596456976,0.0,0.0,0.0,0,0.0,0.0
2019-02-18,230.0,0.013215859030837107,253.5,0.005952380952380931,0.007263478078456176,0.007263478078456176,0.009095615676313205,0.009898541071103193,1,0,0.0,5,0.4964156314699737,0.0,0.0,0.0,0.0,0.0,0.0,,0.0,0.0,0.0,0.009898541071103193,0.0,0.0,0.0,0,0.0,0.0
2019-02-19,229.0,-0.004347826086956497,250.0,-0.013806706114398382,0.009458880027441885,0.009458880027441885,0.008443810333969164,0.010715025430130816,1,0,0.0,5,3.466749351868609,0.0,0.0,0.0,0.0,0.0,0.0,,0.0,0.0,0.0,0.010715025430130816,0.0,0.0,0.0,0,0.0,0.0
2019-02-20,234.5,0.024017467248908186,255.5,0.02200000000000002,0.002017467248908167,0.002017467248908167,0.01350939331007236,0.016172329504401957,1,0,0.0,5,0.998029850746274,0.0,0.0,0.0,0.0,0.0,0.0,,0.0,0.0,0.0,0.016172329504401957,0.0,0.0,0.0,0,0.0,0.0
2019-02-21,236.5,0.008528784648187626,259.0,0.013698630136986356,-0.00516984548879873,0.00516984548879873,0.01118160123210234,0.016165865926908694,0,0,0.0,5,1.7589707202641345,0.0,0.0,0.0,0.0,0.0,0.0,,0.0,0.0,0.0,0.016165865926908694,0.0,0.0,0.0,0,0.0,0.0
2019-02-22,236.5,0.0,264.0,0.019305019305019266,-0.019305019305019266,0.019305019305019266,0.01118160123210234,0.014368197996938024,0,0,0.0,5,inf,0.0,0.0,0.0,0.0,0.0,0.0,,0.0,0.0,0.0,0.014368197996938024,0.0,0.0,0.0,0,0.0,0.0
2019-02-25,238.0,0.00634249471458781,282.5,0.07007575757575757,-0.06373326286116976,0.06373326286116976,0.010840833609269037,0.030287168810722846,0,1,1.0,5,13.114422852474172,66.0,-5.0,-15708.0,1412.5,0.0,0.0,Opened,-15708.0,1412.5,0.0,0.030287168810722846,17120.5,0.0,0.0,0,0.0,17120.5
2019-02-26,239.5,0.006302521008403339,276.5,-0.0212389380530974,0.02754145906150074,0.02754145906150074,0.008959321641053715,0.03259398690125384,1,0,-1.0,5,3.89052413767623,-66.0,5.0,15807.0,-1382.5,99.0,30.0,Closed,15807.0,-1382.5,129.0,0.03259398690125384,17189.5,129.0,0.007504581285086826,0,129.0,0.0
2019-02-27,239.0,-0.0020876826722338038,280.0,0.012658227848101333,-0.014745910520335137,0.014745910520335137,0.0045877995547279945,0.03277297102731519,0,0,0.0,5,7.103437317938763,0.0,0.0,0.0,0.0,0.0,0.0,,0.0,0.0,0.0,0.03277297102731519,0.0,0.0,0.0,0,0.0,0.0
2019-03-04,235.5,-0.014644351464435101,277.0,-0.010714285714285676,-0.003930065750149425,0.003930065750149425,0.008593947217621235,0.035450710048714404,0,0,0.0,5,0.8605615494605481,0.0,0.0,0.0,0.0,0.0,0.0,,0.0,0.0,0.0,0.035450710048714404,0.0,0.0,0.0,0,0.0,0.0
2019-03-05,233.0,-0.010615711252653925,273.0,-0.014440433212996373,0.0038247219603424476,0.0038247219603424476,0.009594578319176728,0.037353490992022634,1,0,0.0,5,1.5938147844006123,0.0,0.0,0.0,0.0,0.0,0.0,,0.0,0.0,0.0,0.037353490992022634,0.0,0.0,0.0,0,0.0,0.0
2019-03-06,234.0,0.0042918454935623185,280.0,0.02564102564102555,-0.02134918014746323,0.02134918014746323,0.00913120120968318,0.01986833897166546,0,1,1.0,5,7.148805610343902,36.0,-5.0,-8424.0,1400.0,0.0,0.0,Opened,-8424.0,1400.0,0.0,0.01986833897166546,9824.0,0.0,0.0,0,0.0,9824.0
2019-03-07,234.0,0.0,274.0,-0.021428571428571463,0.021428571428571463,0.021428571428571463,0.007804066374229463,0.019915280427551516,1,0,-1.0,5,inf,-36.0,5.0,8424.0,-1370.0,0.0,30.0,Closed,8424.0,-1370.0,30.0,0.019915280427551516,9794.0,30.0,0.00306309985705534,0,30.0,0.0
2019-03-08,230.0,-0.017094017094017144,267.5,-0.02372262773722633,0.006628610643209187,0.006628610643209187,0.009327767379122193,0.020023364117623815,1,0,0.0,5,1.6140411774039976,0.0,0.0,0.0,0.0,0.0,0.0,,0.0,0.0,0.0,0.020023364117623815,0.0,0.0,0.0,0,0.0,0.0
2019-03-11,230.5,0.0021739130434783593,270.0,0.009345794392523255,-0.007171881349044895,0.007171881349044895,0.009189441370630104,0.02153020879049667,0,0,0.0,5,5.03578162061317,0.0,0.0,0.0,0.0,0.0,0.0,,0.0,0.0,0.0,0.02153020879049667,0.0,0.0,0.0,0,0.0,0.0
2019-03-12,235.5,0.021691973969631295,270.5,0.0018518518518517713,0.019840122117779524,0.019840122117779524,0.013796845935072308,0.02095448962813934,1,0,0.0,5,0.09805811118974148,0.0,0.0,0.0,0.0,0.0,0.0,,0.0,0.0,0.0,0.02095448962813934,0.0,0.0,0.0,0,0.0,0.0
2019-03-13,237.0,0.006369426751592355,273.0,0.009242144177449063,-0.002872717425856708,0.002872717425856708,0.01390596917277637,0.016401268646901553,0,0,0.0,5,1.671424226116643,0.0,0.0,0.0,0.0,0.0,0.0,,0.0,0.0,0.0,0.016401268646901553,0.0,0.0,0.0,0,0.0,0.0
2019-03-14,234.5,-0.010548523206751037,272.5,-0.001831501831501825,-0.008717021375249212,0.008717021375249212,0.015149005719605221,0.01357457761627582,0,0,0.0,5,0.20176199067457026,0.0,0.0,0.0,0.0,0.0,0.0,,0.0,0.0,0.0,0.015149005719605221,0.0,0.0,0.0,0,0.0,0.0
2019-03-15,239.0,0.019189765458422103,276.0,0.012844036697247763,0.006345728761174341,0.006345728761174341,0.013163190612627357,0.006055253536089567,1,0,0.0,5,0.7729351400458138,0.0,0.0,0.0,0.0,0.0,0.0,,0.0,0.0,0.0,0.013163190612627357,0.0,0.0,0.0,0,0.0,0.0
2019-03-18,241.0,0.008368200836819994,278.0,0.007246376811594235,0.0011218240252257594,0.0011218240252257594,0.012790429673559566,0.005860068272761391,1,0,0.0,5,0.9988874857177371,0.0,0.0,0.0,0.0,0.0,0.0,,0.0,0.0,0.0,0.012790429673559566,0.0,0.0,0.0,0,0.0,0.0
2019-03-19,240.5,-0.0020746887966804906,275.5,-0.008992805755395739,0.006918116958715248,0.006918116958715248,0.011221024131055553,0.00892483017397737,1,0,0.0,5,4.965337501308772,0.0,0.0,0.0,0.0,0.0,0.0,,0.0,0.0,0.0,0.011221024131055553,0.0,0.0,0.0,0,0.0,0.0
2019-03-20,242.0,0.006237006237006293,274.5,-0.003629764065335772,0.009866770302342065,0.009866770302342065,0.011214957836117614,0.008782450215543827,1,0,0.0,5,0.660129591576545,0.0,0.0,0.0,0.0,0.0,0.0,,0.0,0.0,0.0,0.011214957836117614,0.0,0.0,0.0,0,0.0,0.0
2019-03-21,245.5,0.01446280991735538,277.5,0.010928961748633892,0.0035338481687214873,0.0035338481687214873,0.008125203179501859,0.00952993589888932,1,0,0.0,5,0.8541570279074875,0.0,0.0,0.0,0.0,0.0,0.0,,0.0,0.0,0.0,0.00952993589888932,0.0,0.0,0.0,0,0.0,0.0
2019-03-22,248.5,0.012219959266802416,284.0,0.023423423423423406,-0.01120346415662099,0.01120346415662099,0.006406934878164816,0.012715450707146431,0,0,0.0,5,2.1906477906477937,0.0,0.0,0.0,0.0,0.0,0.0,,0.0,0.0,0.0,0.012715450707146431,0.0,0.0,0.0,0,0.0,0.0
2019-03-25,241.5,-0.028169014084507005,276.5,-0.026408450704225372,-0.0017605633802816323,0.0017605633802816323,0.017275459018769233,0.01907336529787538,0,0,0.0,5,1.0733695652173936,0.0,0.0,0.0,0.0,0.0,0.0,,0.0,0.0,0.0,0.01907336529787538,0.0,0.0,0.0,0,0.0,0.0
2019-03-26,244.0,0.010351966873705987,281.0,0.016274864376130127,-0.00592289750242414,0.00592289750242414,0.017694904738063434,0.0197406304698072,0,0,0.0,5,1.810551981738945,0.0,0.0,0.0,0.0,0.0,0.0,,0.0,0.0,0.0,0.0197406304698072,0.0,0.0,0.0,0,0.0,0.0
2019-03-27,241.5,-0.010245901639344246,279.5,-0.005338078291814985,-0.004907823347529261,0.004907823347529261,0.018464522530086982,0.019922193698052603,0,0,0.0,5,0.6029751773833523,0.0,0.0,0.0,0.0,0.0,0.0,,0.0,0.0,0.0,0.019922193698052603,0.0,0.0,0.0,0,0.0,0.0
2019-03-28,242.0,0.0020703933747412417,276.5,-0.01073345259391767,0.012803845968658911,0.012803845968658911,0.016742999469883092,0.020329097153456065,1,0,0.0,5,5.923335649551155,0.0,0.0,0.0,0.0,0.0,0.0,,0.0,0.0,0.0,0.020329097153456065,0.0,0.0,0.0,0,0.0,0.0
2019-03-29,245.5,0.01446280991735538,282.5,0.02169981916817365,-0.0072370092508182715,0.0072370092508182715,0.01726635069981229,0.019829284992970358,0,0,0.0,5,1.7265151439420319,0.0,0.0,0.0,0.0,0.0,0.0,,0.0,0.0,0.0,0.019829284992970358,0.0,0.0,0.0,0,0.0,0.0
2019-04-01,245.5,0.0,285.5,0.010619469026548645,-0.010619469026548645,0.010619469026548645,0.009620655728301872,0.01397036492883626,0,0,0.0,5,inf,0.0,0.0,0.0,0.0,0.0,0.0,,0.0,0.0,0.0,0.01397036492883626,0.0,0.0,0.0,0,0.0,0.0
2019-04-02,246.0,0.0020366598778003286,290.5,0.017513134851138368,-0.015476474973338039,0.015476474973338039,0.008785331754980278,0.014196017779621213,0,1,1.0,5,10.154450187234323,51.0,-5.0,-12546.0,1452.5,0.0,0.0,Opened,-12546.0,1452.5,0.0,0.014196017779621213,13998.5,0.0,0.0,0,0.0,13998.5
2019-04-03,246.5,0.00203252032520318,290.5,0.0,0.00203252032520318,0.00203252032520318,0.005849078573290323,0.013227114889091614,1,0,-1.0,5,0.0,-51.0,5.0,12571.5,-1452.5,25.5,0.0,Closed,12571.5,-1452.5,25.5,0.013227114889091614,14024.0,25.5,0.001818311466058186,0,25.5,0.0
2019-04-08,253.0,0.026369168356997985,294.5,0.013769363166953541,0.012599805190044444,0.012599805190044444,0.011286742514491492,0.008229870697386028,1,1,1.0,5,0.6078300955199857,-4.0,5.0,1012.0,-1472.5,0.0,0.0,Opened,1012.0,-1472.5,0.0,0.011286742514491492,2484.5,0.0,0.0,0,0.0,2484.5
2019-04-09,254.0,0.0039525691699604515,299.5,0.01697792869269943,-0.013025359522738977,0.013025359522738977,0.010985079889916921,0.007140728517277175,0,0,-1.0,5,5.0648703928986905,4.0,-5.0,-1016.0,1497.5,-4.0,25.0,Closed,-1016.0,1497.5,21.0,0.010985079889916921,2513.5,21.0,0.008354883628406605,0,21.0,0.0
2019-04-10,254.0,0.0,300.0,0.0016694490818029983,-0.0016694490818029983,0.0016694490818029983,0.010985079889916921,0.008496232664186443,0,0,0.0,5,inf,0.0,0.0,0.0,0.0,0.0,0.0,,0.0,0.0,0.0,0.010985079889916921,0.0,0.0,0.0,0,0.0,0.0
2019-04-11,252.0,-0.007874015748031482,291.5,-0.02833333333333332,0.02045931758530184,0.02045931758530184,0.012818255098298986,0.017889070819871695,1,1,1.0,5,4.16235780423281,-21.0,5.0,5292.0,-1457.5,0.0,0.0,Opened,5292.0,-1457.5,0.0,0.017889070819871695,6749.5,0.0,0.0,0,0.0,6749.5
2019-04-12,252.0,0.0,293.5,0.006861063464836947,-0.006861063464836947,0.006861063464836947,0.012963177892307606,0.01807296437491305,0,0,-1.0,5,inf,21.0,-5.0,-5292.0,1467.5,0.0,10.0,Closed,-5292.0,1467.5,10.0,0.01807296437491305,6759.5,10.0,0.0014793993638582735,0,10.0,0.0
2019-04-15,255.5,0.01388888888888884,296.5,0.010221465076660996,0.0036674238122278435,0.0036674238122278435,0.007916030892555508,0.0175671965785184,1,0,0.0,5,0.8540424127458307,0.0,0.0,0.0,0.0,0.0,0.0,,0.0,0.0,0.0,0.0175671965785184,0.0,0.0,0.0,0,0.0,0.0
2019-04-16,257.0,0.005870841487279899,300.0,0.01180438448566612,-0.005933542998386221,0.005933542998386221,0.008079512607401059,0.01654896144697914,0,0,0.0,5,2.347097459990401,0.0,0.0,0.0,0.0,0.0,0.0,,0.0,0.0,0.0,0.01654896144697914,0.0,0.0,0.0,0,0.0,0.0
2019-04-17,261.5,0.017509727626459082,288.5,-0.03833333333333333,0.05584306095979241,0.05584306095979241,0.0102851871011304,0.023862398760797692,1,1,1.0,5,2.415301324268828,-13.0,5.0,3399.5,-1442.5,0.0,0.0,Opened,3399.5,-1442.5,0.0,0.023862398760797692,4842.0,0.0,0.0,0,0.0,4842.0
2019-04-18,264.5,0.011472275334607929,291.0,0.008665511265164572,0.002806764069443357,0.002806764069443357,0.006899644257113267,0.021420256764406623,1,1,0.0,5,0.8310208922364231,13.0,-5.0,-3438.5,1455.0,-39.0,12.5,Live,0.0,0.0,0.0,0.021420256764406623,4893.5,-26.5,-0.005415346888729948,0,0.0,0.0
2019-04-19,264.5,0.0,290.0,-0.0034364261168384758,0.0034364261168384758,0.0034364261168384758,0.006899644257113267,0.021069054396067852,1,1,0.0,5,inf,13.0,-5.0,-3438.5,1450.0,-39.0,7.5,Live,0.0,0.0,0.0,0.021069054396067852,4888.5,-31.5,-0.006443694384780607,0,0.0,0.0
2019-04-22,266.0,0.005671077504725952,289.0,-0.0034482758620689724,0.009119353366794924,0.009119353366794924,0.006640668502633315,0.019906560297699508,1,1,0.0,5,0.660621381038799,13.0,-5.0,-3458.0,1445.0,-58.5,2.5,Live,0.0,0.0,0.0,0.019906560297699508,4903.0,-56.0,-0.011421578625331429,0,0.0,0.0
2019-04-23,268.0,0.007518796992481258,290.0,0.0034602076124568004,0.004058589380024458,0.004058589380024458,0.006542240470845057,0.01844714013152218,1,1,0.0,5,0.4979858493002157,13.0,-5.0,-3484.0,1450.0,-84.5,7.5,Live,0.0,0.0,0.0,0.01844714013152218,4934.0,-77.0,-0.015605999189298744,0,0.0,0.0
2019-04-24,269.0,0.003731343283582156,289.5,-0.0017241379310344307,0.0054554812146165865,0.0054554812146165865,0.004271749116957765,0.005274057194323622,1,1,0.0,5,0.4972823996923233,13.0,-5.0,-3497.0,1447.5,-97.5,5.0,Live,0.0,0.0,0.0,0.005274057194323622,4944.5,-92.5,-0.018707654970168873,1,-92.5,0.0
2019-04-25,267.5,-0.005576208178438624,288.0,-0.005181347150259086,-0.0003948610281795384,0.0003948610281795384,0.005195397002455314,0.003322272656529294,0,0,-1.0,5,1.0003970752021796,13.0,-5.0,-3477.5,1440.0,-78.0,-2.5,Closed,-3477.5,1440.0,-80.5,0.005195397002455314,4917.5,-80.5,-0.016370106761565837,1,0.0,0.0
2019-04-26,260.0,-0.028037383177570097,290.0,0.00694444444444442,-0.034981827622014516,0.034981827622014516,0.014697603860484597,0.005047460839368893,0,1,1.0,5,0.276264245014244,2.0,-5.0,-520.0,1450.0,0.0,0.0,Opened,-520.0,1450.0,0.0,0.014697603860484597,1970.0,0.0,0.0,0,0.0,1970.0
2019-04-29,259.5,-0.0019230769230769162,287.5,-0.008620689655172376,0.006697612732095459,0.006697612732095459,0.013904813198790276,0.006306497571539749,1,0,-1.0,5,4.966447412132079,-2.0,5.0,519.0,-1437.5,-1.0,12.5,Closed,519.0,-1437.5,11.5,0.013904813198790276,1956.5,11.5,0.005877843087145413,0,11.5,0.0
2019-04-30,259.0,-0.0019267822736031004,295.5,0.027826086956521667,-0.029752869230124768,0.029752869230124768,0.012358717352684186,0.014599509163798183,0,1,1.0,5,16.47696491522559,83.0,-5.0,-21497.0,1477.5,0.0,0.0,Opened,-21497.0,1477.5,0.0,0.014599509163798183,22974.5,0.0,0.0,0,0.0,22974.5
2019-05-02,259.0,0.0,298.0,0.008460236886632888,-0.008460236886632888,0.008460236886632888,0.011660806601757518,0.014335660372164721,0,1,0.0,5,inf,-83.0,5.0,21497.0,-1490.0,0.0,-12.5,Live,0.0,0.0,0.0,0.014335660372164721,22987.0,-12.5,-0.0005437856179579762,0,0.0,0.0
2019-05-03,265.0,0.02316602316602312,309.0,0.03691275167785224,-0.01374672851182912,0.01374672851182912,0.018131176648669017,0.01808214939916447,0,1,0.0,5,1.8579650500189926,-83.0,5.0,21995.0,-1545.0,498.0,-67.5,Live,0.0,0.0,0.0,0.018131176648669017,23540.0,430.5,0.01828802039082413,0,0.0,0.0
2019-05-06,259.0,-0.02264150943396226,306.0,-0.009708737864077666,-0.012932771569884594,0.012932771569884594,0.01623654603869809,0.021064532908407124,0,1,0.0,5,0.5066161862278366,-83.0,5.0,21497.0,-1530.0,0.0,-52.5,Live,0.0,0.0,0.0,0.021064532908407124,23027.0,-52.5,-0.002279932253441612,0,0.0,0.0
2019-05-07,262.5,0.013513513513513598,311.0,0.016339869281045694,-0.002826355767532096,0.002826355767532096,0.017365869293188917,0.017993724538041676,0,1,0.0,5,1.432555244319936,-83.0,5.0,21787.5,-1555.0,290.5,-77.5,Live,0.0,0.0,0.0,0.017993724538041676,23342.5,213.0,0.009124986612402271,0,0.0,0.0
2019-05-08,260.0,-0.00952380952380949,310.0,-0.003215434083601254,-0.006308375440208236,0.006308375440208236,0.01815588707399573,0.01823218038018148,0,1,0.0,5,0.40254761315854304,-83.0,5.0,21580.0,-1550.0,83.0,-72.5,Live,0.0,0.0,0.0,0.01823218038018148,23130.0,10.5,0.00045395590142671856,0,0.0,0.0
2019-05-09,256.5,-0.013461538461538414,300.0,-0.032258064516129004,0.01879652605459059,0.01879652605459059,0.019286152300096317,0.026275928513369556,1,0,-1.0,5,2.802705688953574,-83.0,5.0,21289.5,-1500.0,-207.5,-22.5,Closed,21289.5,-1500.0,-230.0,0.026275928513369556,22789.5,-230.0,-0.010092367098883257,0,-230.0,0.0
2019-05-10,256.0,-0.0019493177387914784,298.5,-0.0050000000000000044,0.003050682261208526,0.003050682261208526,0.013591503030473002,0.017378949179979085,1,0,0.0,5,2.9908300781249175,0.0,0.0,0.0,0.0,0.0,0.0,,0.0,0.0,0.0,0.017378949179979085,0.0,0.0,0.0,0,0.0,0.0
2019-05-13,250.5,-0.021484375,286.5,-0.04020100502512558,0.01871663002512558,0.01871663002512558,0.013260415506901936,0.023082703701008515,1,0,0.0,5,2.140085293095852,0.0,0.0,0.0,0.0,0.0,0.0,,0.0,0.0,0.0,0.023082703701008515,0.0,0.0,0.0,0,0.0,0.0
2019-05-14,248.5,-0.007984031936127733,289.0,0.008726003490401313,-0.016710035426529046,0.016710035426529046,0.00723014656431874,0.020813867674569005,0,0,0.0,5,1.271055653291466,0.0,0.0,0.0,0.0,0.0,0.0,,0.0,0.0,0.0,0.020813867674569005,0.0,0.0,0.0,0,0.0,0.0
2019-05-15,249.0,0.002012072434607548,290.0,0.0034602076124568004,-0.0014481351778492524,0.0014481351778492524,0.00931215899032453,0.02189583576418656,0,0,0.0,5,2.002890454551899,0.0,0.0,0.0,0.0,0.0,0.0,,0.0,0.0,0.0,0.02189583576418656,0.0,0.0,0.0,0,0.0,0.0
2019-05-16,247.0,-0.008032128514056214,288.0,-0.006896551724137945,-0.001135576789918269,0.001135576789918269,0.008907426860919174,0.019093299230936455,0,0,0.0,5,1.0011447717436863,0.0,0.0,0.0,0.0,0.0,0.0,,0.0,0.0,0.0,0.019093299230936455,0.0,0.0,0.0,0,0.0,0.0
2019-05-17,241.5,-0.022267206477732837,291.0,0.01041666666666674,-0.03268387314439958,0.03268387314439958,0.010278274072577396,0.020858502397883453,0,1,1.0,5,0.563688123470735,3.0,-5.0,-724.5,1455.0,0.0,0.0,Opened,-724.5,1455.0,0.0,0.020858502397883453,2179.5,0.0,0.0,0,0.0,2179.5
2019-05-20,238.0,-0.01449275362318836,290.0,-0.0034364261168384758,-0.011056327506349883,0.011056327506349883,0.00898302518051601,0.007514726864117019,0,1,0.0,5,0.2889196915879753,-3.0,5.0,714.0,-1450.0,-10.5,5.0,Live,0.0,0.0,0.0,0.00898302518051601,2164.0,-5.5,-0.0025415896487985213,0,0.0,0.0
2019-05-21,234.0,-0.01680672268907568,290.5,0.0017241379310344307,-0.018530860620110112,0.018530860620110112,0.00931104120897927,0.006657207479270245,0,1,0.0,5,0.12735595343353542,-3.0,5.0,702.0,-1452.5,-22.5,2.5,Live,0.0,0.0,0.0,0.00931104120897927,2154.5,-20.0,-0.009282896263634254,0,0.0,0.0
2019-05-22,238.0,0.017094017094017033,287.5,-0.0103270223752151,0.027421039469232134,0.027421039469232134,0.015402268394568106,0.008108376818618673,1,0,-1.0,5,0.7297798637527294,-3.0,5.0,714.0,-1437.5,-10.5,17.5,Closed,714.0,-1437.5,7.0,0.015402268394568106,2151.5,7.0,0.0032535440390425285,0,7.0,0.0
2019-05-23,230.0,-0.03361344537815125,292.0,0.01565217391304352,-0.04926561929119477,0.04926561929119477,0.018894383139926352,0.010435049321151418,0,1,1.0,5,0.5911758034026483,3.0,-5.0,-690.0,1460.0,0.0,0.0,Opened,-690.0,1460.0,0.0,0.018894383139926352,2150.0,0.0,0.0,0,0.0,2150.0
2019-05-24,233.0,0.01304347826086949,287.0,-0.017123287671232834,0.030166765932102324,0.030166765932102324,0.021464163363084123,0.012481188675551484,1,0,-1.0,5,1.6170360789386065,-3.0,5.0,699.0,-1435.0,9.0,25.0,Closed,699.0,-1435.0,34.0,0.021464163363084123,2134.0,34.0,0.015932521087160263,0,34.0,0.0
2019-05-27,231.0,-0.008583690987124415,281.0,-0.020905923344947785,0.01232223235782337,0.01232223235782337,0.021105057116756722,0.014940917765557617,1,0,0.0,5,2.962713244943234,0.0,0.0,0.0,0.0,0.0,0.0,,0.0,0.0,0.0,0.021105057116756722,0.0,0.0,0.0,0,0.0,0.0
2019-05-28,230.5,-0.0021645021645021467,280.5,-0.001779359430605032,-0.00038514273389711473,0.00038514273389711473,0.02018725480664033,0.014553757547212156,0,0,0.0,5,1.0003859781845492,0.0,0.0,0.0,0.0,0.0,0.0,,0.0,0.0,0.0,0.02018725480664033,0.0,0.0,0.0,0,0.0,0.0
2019-05-29,229.5,-0.004338394793926281,280.5,0.0,-0.004338394793926281,0.004338394793926281,0.01690343560871933,0.014677491109390884,0,0,0.0,5,0.0,0.0,0.0,0.0,0.0,0.0,0.0,,0.0,0.0,0.0,0.01690343560871933,0.0,0.0,0.0,0,0.0,0.0
2019-05-30,231.0,0.006535947712418277,296.5,0.057040998217468886,-0.05050505050505061,0.05050505050505061,0.008746432256970402,0.03133574195639397,0,1,1.0,5,11.201889020070894,57.0,-5.0,-13167.0,1482.5,0.0,0.0,Opened,-13167.0,1482.5,0.0,0.03133574195639397,14649.5,0.0,0.0,0,0.0,14649.5
2019-05-31,235.5,0.01948051948051943,311.0,0.04890387858347389,-0.02942335910295446,0.02942335910295446,0.01112995159051041,0.034274832492610416,0,1,0.0,5,3.31521919444714,-57.0,5.0,13423.5,-1555.0,256.5,-72.5,Live,0.0,0.0,0.0,0.034274832492610416,14978.5,184.0,0.012284274126247621,0,0.0,0.0
2019-06-03,238.0,0.010615711252653925,314.0,0.009646302250803762,0.0009694090018501633,0.0009694090018501633,0.009706371561397737,0.028066243194247338,1,0,-1.0,5,1.198848928638968,-57.0,5.0,13566.0,-1570.0,399.0,-87.5,Closed,13566.0,-1570.0,311.5,0.028066243194247338,15136.0,311.5,0.02058007399577167,0,311.5,0.0
2019-06-04,233.0,-0.021008403361344574,311.0,-0.009554140127388533,-0.011454263233956041,0.011454263233956041,0.015569242889841926,0.029920005155710288,0,0,0.0,5,0.6070200377245006,0.0,0.0,0.0,0.0,0.0,0.0,,0.0,0.0,0.0,0.029920005155710288,0.0,0.0,0.0,0,0.0,0.0
2019-06-05,235.0,0.008583690987124415,313.0,0.006430868167202508,0.002152822819921907,0.002152822819921907,0.015270355735592408,0.028901330415366886,1,0,0.0,5,0.9978654990764134,0.0,0.0,0.0,0.0,0.0,0.0,,0.0,0.0,0.0,0.028901330415366886,0.0,0.0,0.0,0,0.0,0.0
2019-06-06,232.0,-0.012765957446808529,307.0,-0.019169329073482455,0.006403371626673926,0.006403371626673926,0.01706878357812287,0.02608552714201251,1,0,0.0,5,1.987027652308031,0.0,0.0,0.0,0.0,0.0,0.0,,0.0,0.0,0.0,0.02608552714201251,0.0,0.0,0.0,0,0.0,0.0
2019-06-10,240.0,0.034482758620689724,316.0,0.02931596091205213,0.005166797708637594,0.005166797708637594,0.021797318064368635,0.01868824510418082,1,0,0.0,5,1.119381107491855,0.0,0.0,0.0,0.0,0.0,0.0,,0.0,0.0,0.0,0.021797318064368635,0.0,0.0,0.0,0,0.0,0.0
2019-06-11,244.5,0.018750000000000044,308.0,-0.025316455696202556,0.0440664556962026,0.0440664556962026,0.0227010672961221,0.021985915141175903,1,1,1.0,5,1.7008792593167812,-9.0,5.0,2200.5,-1540.0,0.0,0.0,Opened,2200.5,-1540.0,0.0,0.0227010672961221,3740.5,0.0,0.0,0,0.0,3740.5
2019-06-12,246.0,0.006134969325153339,309.5,0.004870129870129913,0.0012648394550234254,0.0012648394550234254,0.017362483832400136,0.02196526996210451,1,1,0.0,5,0.9987428729806924,9.0,-5.0,-2214.0,1547.5,-13.5,7.5,Live,0.0,0.0,0.0,0.02196526996210451,3761.5,-6.0,-0.0015951083344410474,0,0.0,0.0
2019-06-13,240.0,-0.024390243902439046,309.5,0.0,-0.024390243902439046,0.024390243902439046,0.023650815393540144,0.021623558310595578,0,0,-1.0,5,0.0,9.0,-5.0,-2160.0,1547.5,40.5,7.5,Closed,-2160.0,1547.5,48.0,0.023650815393540144,3707.5,48.0,0.012946729602157788,0,48.0,0.0
2019-06-14,236.0,-0.01666666666666672,307.0,-0.008077544426494332,-0.008589122240172387,0.008589122240172387,0.024412422859636053,0.019932309829809678,0,0,0.0,5,0.6304591878645133,0.0,0.0,0.0,0.0,0.0,0.0,,0.0,0.0,0.0,0.024412422859636053,0.0,0.0,0.0,0,0.0,0.0
2019-06-17,233.0,-0.012711864406779627,300.5,-0.021172638436482094,0.008460774029702467,0.008460774029702467,0.017724268496480445,0.013078798120599273,1,0,0.0,5,2.148098959425524,0.0,0.0,0.0,0.0,0.0,0.0,,0.0,0.0,0.0,0.017724268496480445,0.0,0.0,0.0,0,0.0,0.0
2019-06-18,235.5,0.010729613733905685,308.5,0.0266222961730449,-0.015892682439139216,0.015892682439139216,0.015121440534777049,0.017642184033626725,0,0,0.0,5,3.250316704996238,0.0,0.0,0.0,0.0,0.0,0.0,,0.0,0.0,0.0,0.017642184033626725,0.0,0.0,0.0,0,0.0,0.0
2019-06-19,244.0,0.03609341825902335,308.5,0.0,0.03609341825902335,0.03609341825902335,0.024710645759860032,0.017470638498336924,1,0,0.0,5,0.0,0.0,0.0,0.0,0.0,0.0,0.0,,0.0,0.0,0.0,0.024710645759860032,0.0,0.0,0.0,0,0.0,0.0
2019-06-20,245.0,0.004098360655737654,310.0,0.004862236628849326,-0.0007638759731116718,0.0007638759731116718,0.021102169971761342,0.017641689806778205,0,0,0.0,5,1.501141137168031,0.0,0.0,0.0,0.0,0.0,0.0,,0.0,0.0,0.0,0.021102169971761342,0.0,0.0,0.0,0,0.0,0.0
2019-06-21,248.5,0.014285714285714235,313.5,0.011290322580645107,0.002995391705069128,0.002995391705069128,0.017671863542841133,0.017427054007349944,1,0,0.0,5,0.9970467969104939,0.0,0.0,0.0,0.0,0.0,0.0,,0.0,0.0,0.0,0.017671863542841133,0.0,0.0,0.0,0,0.0,0.0
2019-06-24,241.0,-0.030181086519114664,315.5,0.006379585326953707,-0.03656067184606837,0.03656067184606837,0.02400141249731633,0.010214287581453515,0,1,1.0,5,0.27671958722406265,2.0,-5.0,-482.0,1577.5,0.0,0.0,Opened,-482.0,1577.5,0.0,0.02400141249731633,2059.5,0.0,0.0,0,0.0,2059.5
2019-06-25,238.5,-0.010373443983402453,311.5,-0.01267828843106178,0.0023048444476593266,0.0023048444476593266,0.025016742293070875,0.009125940218217209,1,0,-1.0,5,1.5962735932116692,-2.0,5.0,477.0,-1557.5,-5.0,20.0,Closed,477.0,-1557.5,15.0,0.025016742293070875,2034.5,15.0,0.007372818874416319,0,15.0,0.0
2019-06-26,234.5,-0.016771488469601636,310.5,-0.0032102728731941976,-0.013561215596407439,0.013561215596407439,0.01744543164253247,0.009407832478615664,0,0,0.0,5,0.2534481342427953,0.0,0.0,0.0,0.0,0.0,0.0,,0.0,0.0,0.0,0.01744543164253247,0.0,0.0,0.0,0,0.0,0.0
2019-06-27,240.5,0.02558635394456288,313.0,0.008051529790660261,0.017534824153902617,0.017534824153902617,0.02289980464199877,0.009806953944961871,1,0,0.0,5,0.40954276461523054,0.0,0.0,0.0,0.0,0.0,0.0,,0.0,0.0,0.0,0.02289980464199877,0.0,0.0,0.0,0,0.0,0.0
2019-06-28,239.0,-0.006237006237006182,314.0,0.0031948881789136685,-0.00943189441591985,0.00943189441591985,0.020645250010272533,0.008458348832895778,0,0,0.0,5,0.6729940602706433,0.0,0.0,0.0,0.0,0.0,0.0,,0.0,0.0,0.0,0.020645250010272533,0.0,0.0,0.0,0,0.0,0.0
2019-07-01,248.5,0.03974895397489542,314.0,0.0,0.03974895397489542,0.03974895397489542,0.024790263721950083,0.0077744677142436835,1,0,0.0,5,0.0,0.0,0.0,0.0,0.0,0.0,0.0,,0.0,0.0,0.0,0.024790263721950083,0.0,0.0,0.0,0,0.0,0.0
2019-07-02,249.0,0.002012072434607548,319.0,0.015923566878981,-0.013911494444373451,0.013911494444373451,0.02326846042367045,0.0074847631379849405,0,0,0.0,5,10.138835597166295,0.0,0.0,0.0,0.0,0.0,0.0,,0.0,0.0,0.0,0.02326846042367045,0.0,0.0,0.0,0,0.0,0.0
2019-07-03,242.5,-0.026104417670682722,317.5,-0.00470219435736674,-0.021402223313315982,0.021402223313315982,0.0260477770507278,0.007901657017017087,0,0,0.0,5,0.2358405902664686,0.0,0.0,0.0,0.0,0.0,0.0,,0.0,0.0,0.0,0.0260477770507278,0.0,0.0,0.0,0,0.0,0.0
2019-07-04,244.0,0.006185567010309256,319.0,0.0047244094488188,0.001461157561490456,0.001461157561490456,0.023947471799988473,0.007663630312822815,1,0,0.0,5,0.9985478249644854,0.0,0.0,0.0,0.0,0.0,0.0,,0.0,0.0,0.0,0.023947471799988473,0.0,0.0,0.0,0,0.0,0.0
2019-07-05,243.0,-0.004098360655737654,321.0,0.006269592476489061,-0.010367953132226715,0.010367953132226715,0.02375688112945248,0.007723242130442683,0,0,0.0,5,2.0208212392120792,0.0,0.0,0.0,0.0,0.0,0.0,,0.0,0.0,0.0,0.02375688112945248,0.0,0.0,0.0,0,0.0,0.0
2019-07-08,242.5,-0.002057613168724326,314.0,-0.02180685358255452,0.019749240413830194,0.019749240413830194,0.012539711135200058,0.014254858239358414,1,1,1.0,5,13.722940553039486,-69.0,5.0,16732.5,-1570.0,0.0,0.0,Opened,16732.5,-1570.0,0.0,0.014254858239358414,18302.5,0.0,0.0,0,0.0,18302.5
2019-07-09,242.0,-0.0020618556701030855,313.5,-0.0015923566878981443,-0.00046949898220494113,0.00046949898220494113,0.012110417911421936,0.011216954619938916,0,0,-1.0,5,1.0004704690214627,69.0,-5.0,-16698.0,1567.5,34.5,-2.5,Closed,-16698.0,1567.5,32.0,0.012110417911421936,18265.5,32.0,0.0017519367112863048,0,32.0,0.0
2019-07-10,247.0,0.02066115702479343,318.0,0.014354066985645897,0.006307090039147534,0.006307090039147534,0.010259374826258225,0.013647178522336424,1,0,0.0,5,0.8944385254634521,0.0,0.0,0.0,0.0,0.0,0.0,,0.0,0.0,0.0,0.013647178522336424,0.0,0.0,0.0,0,0.0,0.0
2019-07-11,250.0,0.012145748987854255,322.5,0.014150943396226356,-0.002005194408372102,0.002005194408372102,0.01094028875416059,0.014981578517795762,0,0,0.0,5,1.5029716981132009,0.0,0.0,0.0,0.0,0.0,0.0,,0.0,0.0,0.0,0.014981578517795762,0.0,0.0,0.0,0,0.0,0.0
2019-07-12,250.5,0.0020000000000000018,318.0,-0.013953488372092981,0.015953488372092983,0.015953488372092983,0.009981782014952834,0.01630495646469657,1,0,0.0,5,8.856705194262604,0.0,0.0,0.0,0.0,0.0,0.0,,0.0,0.0,0.0,0.01630495646469657,0.0,0.0,0.0,0,0.0,0.0
2019-07-15,254.5,0.015968063872255467,314.5,-0.011006289308176154,0.02697435318043162,0.02697435318043162,0.009526796961873757,0.013452690576549494,1,1,1.0,5,0.8517684045668584,-5.0,5.0,1272.5,-1572.5,0.0,0.0,Opened,1272.5,-1572.5,0.0,0.013452690576549494,2845.0,0.0,0.0,0,0.0,2845.0
2019-07-16,256.0,0.005893909626718985,314.0,-0.0015898251192368873,0.007483734745955872,0.007483734745955872,0.007514111417442261,0.013452597335311707,1,1,0.0,5,0.3308533717541118,5.0,-5.0,-1280.0,1570.0,-7.5,-2.5,Live,0.0,0.0,0.0,0.013452597335311707,2850.0,-10.0,-0.0035087719298245615,0,0.0,0.0
2019-07-17,252.0,-0.015625,310.0,-0.01273885350318471,-0.0028861464968152895,0.0028861464968152895,0.012270757951297345,0.011774065382753714,0,0,-1.0,5,1.0029319583459708,5.0,-5.0,-1260.0,1550.0,12.5,-22.5,Closed,-1260.0,1550.0,-10.0,0.012270757951297345,2810.0,-10.0,-0.0035587188612099642,0,-10.0,0.0
2019-07-18,254.0,0.007936507936507908,302.0,-0.02580645161290318,0.03374295954941109,0.03374295954941109,0.011710355645686368,0.008647943572201881,1,1,1.0,5,3.866090932181871,-20.0,5.0,5080.0,-1510.0,0.0,0.0,Opened,5080.0,-1510.0,0.0,0.011710355645686368,6590.0,0.0,0.0,0,0.0,6590.0
2019-07-19,259.0,0.019685039370078705,304.5,0.008278145695364225,0.01140689367471448,0.01140689367471448,0.013739240394905749,0.012776863159901107,1,1,0.0,5,0.49440665831394315,20.0,-5.0,-5180.0,1522.5,-100.0,12.5,Live,0.0,0.0,0.0,0.013739240394905749,6702.5,-87.5,-0.013054830287206266,0,0.0,0.0
2019-07-22,264.0,0.019305019305019266,308.5,0.013136288998357948,0.006168730306661319,0.006168730306661319,0.014364459690184489,0.01582542079870434,1,1,0.0,5,0.7951584813653785,20.0,-5.0,-5280.0,1542.5,-200.0,32.5,Live,0.0,0.0,0.0,0.01582542079870434,6822.5,-167.5,-0.024551117625503847,1,-167.5,0.0
2019-07-23,264.0,0.0,314.5,0.01944894651539708,-0.01944894651539708,0.01944894651539708,0.014759367484133656,0.019016623934277437,0,0,-1.0,5,inf,20.0,-5.0,-5280.0,1572.5,-200.0,62.5,Closed,-5280.0,1572.5,-137.5,0.019016623934277437,6852.5,-137.5,-0.02006566946369938,1,0.0,0.0
2019-07-24,265.0,0.0037878787878788955,308.0,-0.020667726550079535,0.02445560533795843,0.02445560533795843,0.008987904856961468,0.020652983818732557,1,1,1.0,5,6.341638419773658,-32.0,5.0,8480.0,-1540.0,0.0,0.0,Opened,8480.0,-1540.0,0.0,0.020652983818732557,10020.0,0.0,0.0,0,0.0,10020.0
2019-07-25,265.0,0.0,313.0,0.016233766233766156,-0.016233766233766156,0.016233766233766156,0.010106213241901063,0.01616029742088016,0,0,-1.0,5,inf,32.0,-5.0,-8480.0,1565.0,0.0,25.0,Closed,-8480.0,1565.0,25.0,0.01616029742088016,10045.0,25.0,0.0024888003982080635,0,25.0,0.0
2019-07-26,261.0,-0.015094339622641506,313.5,0.0015974440894568342,-0.01669178371209834,0.01669178371209834,0.012268613381328498,0.016333005417446835,0,1,1.0,5,0.12711844956115917,1.0,-5.0,-261.0,1567.5,0.0,0.0,Opened,-261.0,1567.5,0.0,0.016333005417446835,1828.5,0.0,0.0,0,0.0,1828.5
2019-07-29,261.0,0.0,319.0,0.01754385964912286,-0.01754385964912286,0.01754385964912286,0.007359006438264994,0.016926015611966418,0,1,0.0,5,inf,-1.0,5.0,261.0,-1595.0,0.0,-27.5,Live,0.0,0.0,0.0,0.016926015611966418,1856.0,-27.5,-0.014816810344827586,0,0.0,0.0
2019-07-30,260.0,-0.003831417624521105,325.5,0.020376175548589393,-0.024207593173110498,0.024207593173110498,0.007263535683797327,0.01710297339061067,0,1,0.0,5,6.657954545454507,-1.0,5.0,260.0,-1627.5,-1.0,-60.0,Live,0.0,0.0,0.0,0.01710297339061067,1887.5,-61.0,-0.032317880794701985,1,-61.0,0.0
2019-07-31,259.5,-0.0019230769230769162,314.5,-0.03379416282642089,0.031871085903343976,0.031871085903343976,0.006310354531592819,0.022553742927585555,1,0,-1.0,5,21.297485119972613,-1.0,5.0,259.5,-1572.5,-1.5,-5.0,Closed,259.5,-1572.5,-6.5,0.022553742927585555,1832.0,-6.5,-0.0035480349344978166,0,0.0,0.0
2019-08-01,256.5,-0.011560693641618491,314.0,-0.0015898251192368873,-0.009970868522381604,0.009970868522381604,0.006515197874720382,0.02160256468517298,0,0,0.0,5,0.1683479144779459,0.0,0.0,0.0,0.0,0.0,0.0,,0.0,0.0,0.0,0.02160256468517298,0.0,0.0,0.0,0,0.0,0.0
2019-08-02,251.5,-0.01949317738791423,316.0,0.006369426751592355,-0.025862604139506584,0.025862604139506584,0.008078372867194051,0.021750038104112798,0,1,1.0,5,0.41055070848792585,3.0,-5.0,-754.5,1580.0,0.0,0.0,Opened,-754.5,1580.0,0.0,0.021750038104112798,2334.5,0.0,0.0,0,0.0,2334.5
2019-08-05,246.5,-0.01988071570576544,312.0,-0.012658227848101222,-0.007222487857664217,0.007222487857664217,0.008433920465170913,0.02043191556838664,0,1,0.0,5,0.8058951909004504,-3.0,5.0,739.5,-1560.0,-15.0,20.0,Live,0.0,0.0,0.0,0.02043191556838664,2299.5,5.0,0.0021743857360295715,0,0.0,0.0
2019-08-06,248.5,0.008113590263691739,309.0,-0.009615384615384581,0.01772897487907632,0.01772897487907632,0.012020800827678847,0.015097463233297682,1,0,-1.0,5,1.4736205695712583,-3.0,5.0,745.5,-1545.0,-9.0,35.0,Closed,745.5,-1545.0,26.0,0.015097463233297682,2290.5,26.0,0.011351233355162629,0,26.0,0.0
2019-08-07,248.0,-0.002012072434607659,318.0,0.029126213592232997,-0.031138286026840656,0.031138286026840656,0.01200785605410921,0.016711210194171877,0,1,1.0,5,18.56161916692752,93.0,-5.0,-23064.0,1590.0,0.0,0.0,Opened,-23064.0,1590.0,0.0,0.016711210194171877,24654.0,0.0,0.0,0,0.0,24654.0
2019-08-08,253.5,0.022177419354838745,316.5,-0.004716981132075526,0.02689440048691427,0.02689440048691427,0.018113005852231055,0.016951216887607406,1,0,-1.0,5,0.2655515746952638,-93.0,5.0,23575.5,-1582.5,511.5,7.5,Closed,23575.5,-1582.5,519.0,0.018113005852231055,25158.0,519.0,0.020629620796565704,0,519.0,0.0
2019-08-12,251.0,-0.009861932938856066,323.0,0.020537124802527673,-0.03039905774138374,0.03039905774138374,0.016231056648486283,0.018988387283979846,0,1,1.0,5,2.6798247767224836,14.0,-5.0,-3514.0,1615.0,0.0,0.0,Opened,-3514.0,1615.0,0.0,0.018988387283979846,5129.0,0.0,0.0,0,0.0,5129.0
2019-08-13,246.5,-0.017928286852589626,318.0,-0.015479876160990669,-0.0024484106915989567,0.0024484106915989567,0.015655271743975307,0.019657242337717155,0,1,0.0,5,1.11388123093798,-14.0,5.0,3451.0,-1590.0,-63.0,25.0,Live,0.0,0.0,0.0,0.019657242337717155,5041.0,-38.0,-0.007538186867684983,0,0.0,0.0
2019-08-14,249.5,0.012170385395537497,319.5,0.004716981132075526,0.007453404263461971,0.007453404263461971,0.01626770957553546,0.01816957885641397,1,0,-1.0,5,0.496318107913948,-14.0,5.0,3493.0,-1597.5,-21.0,17.5,Closed,3493.0,-1597.5,-3.5,0.01816957885641397,5090.5,-3.5,-0.0006875552499754445,0,-3.5,0.0
2019-08-15,248.0,-0.006012024048096198,316.5,-0.009389671361502372,0.0033776473134061735,0.0033776473134061735,0.01654329400761016,0.014056242688455579,1,0,0.0,5,1.993203846736335,0.0,0.0,0.0,0.0,0.0,0.0,,0.0,0.0,0.0,0.01654329400761016,0.0,0.0,0.0,0,0.0,0.0
2019-08-16,250.0,0.008064516129032251,322.0,0.017377567140600236,-0.009313051011567985,0.009313051011567985,0.012561506373511944,0.015895731496911373,0,0,0.0,5,2.775406003159547,0.0,0.0,0.0,0.0,0.0,0.0,,0.0,0.0,0.0,0.015895731496911373,0.0,0.0,0.0,0,0.0,0.0
2019-08-19,252.0,0.008000000000000007,353.0,0.09627329192546585,-0.08827329192546585,0.08827329192546585,0.012560194086573735,0.04520006315392926,0,1,1.0,5,16.85737700877451,85.0,-5.0,-21420.0,1765.0,0.0,0.0,Opened,-21420.0,1765.0,0.0,0.04520006315392926,23185.0,0.0,0.0,0,0.0,23185.0
2019-08-20,254.5,0.009920634920634885,351.0,-0.005665722379603388,0.015586357300238274,0.015586357300238274,0.007160255819629065,0.043526860984524754,1,0,-1.0,5,0.7876534002682606,-85.0,5.0,21632.5,-1755.0,212.5,10.0,Closed,21632.5,-1755.0,222.5,0.043526860984524754,23387.5,222.5,0.009513629075360769,0,222.5,0.0
2019-08-21,254.5,0.0,347.0,-0.01139601139601143,0.01139601139601143,0.01139601139601143,0.0067789138203448816,0.045551929264544995,1,0,0.0,5,inf,0.0,0.0,0.0,0.0,0.0,0.0,,0.0,0.0,0.0,0.045551929264544995,0.0,0.0,0.0,0,0.0,0.0
2019-08-22,254.0,-0.0019646365422396617,345.0,-0.0057636887608069065,0.003799052218567245,0.003799052218567245,0.005383265526767592,0.0450440456322591,1,0,0.0,5,3.9847738773287764,0.0,0.0,0.0,0.0,0.0,0.0,,0.0,0.0,0.0,0.0450440456322591,0.0,0.0,0.0,0,0.0,0.0
2019-08-23,254.0,0.0,342.5,-0.007246376811594235,0.007246376811594235,0.007246376811594235,0.005370289031359312,0.04647504380072536,1,0,0.0,5,inf,0.0,0.0,0.0,0.0,0.0,0.0,,0.0,0.0,0.0,0.04647504380072536,0.0,0.0,0.0,0,0.0,0.0
2019-08-26,248.5,-0.021653543307086576,343.0,0.0014598540145984717,-0.023113397321685047,0.023113397321685047,0.011550218442834667,0.0046395598239291555,0,1,1.0,5,0.09305681467704283,1.0,-5.0,-248.5,1715.0,0.0,0.0,Opened,-248.5,1715.0,0.0,0.011550218442834667,1963.5,0.0,0.0,0,0.0,1963.5
2019-08-27,250.0,0.006036217303822866,345.5,0.007288629737609353,-0.0012524124337864873,0.0012524124337864873,0.010575284540423127,0.007446851900235441,0,1,0.0,5,1.6687414965986647,-1.0,5.0,250.0,-1727.5,1.5,-12.5,Live,0.0,0.0,0.0,0.010575284540423127,1977.5,-11.0,-0.005562579013906448,0,0.0,0.0
2019-08-28,252.0,0.008000000000000007,366.0,0.05933429811866864,-0.05133429811866863,0.05133429811866863,0.011777190375777881,0.027635771652694725,0,1,0.0,5,10.772000551305904,-1.0,5.0,252.0,-1830.0,3.5,-115.0,Live,0.0,0.0,0.0,0.027635771652694725,2082.0,-111.5,-0.05355427473583093,1,-111.5,0.0
2019-08-29,254.0,0.007936507936507908,365.5,-0.001366120218579181,0.00930262815508709,0.00930262815508709,0.012572585651883569,0.02703168296634201,1,0,-1.0,5,0.2476926552213671,-1.0,5.0,254.0,-1827.5,5.5,-112.5,Closed,254.0,-1827.5,-107.0,0.02703168296634201,2081.5,-107.0,-0.05140523660821523,1,0.0,0.0
2019-08-30,259.0,0.019685039370078705,367.5,0.00547195622435015,0.014213083145728556,0.014213083145728556,0.015327809826653166,0.025324807549197876,1,0,0.0,5,0.39442452027951014,0.0,0.0,0.0,0.0,0.0,0.0,,0.0,0.0,0.0,0.025324807549197876,0.0,0.0,0.0,0,0.0,0.0
2019-09-02,257.5,-0.00579150579150578,370.5,0.008163265306122547,-0.013954771097628327,0.013954771097628327,0.009044178895384851,0.024634021663461913,0,0,0.0,5,2.028072122052733,0.0,0.0,0.0,0.0,0.0,0.0,,0.0,0.0,0.0,0.024634021663461913,0.0,0.0,0.0,0,0.0,0.0
2019-09-03,254.0,-0.013592233009708687,364.0,-0.01754385964912286,0.003951626639414174,0.003951626639414174,0.013038845671105562,0.028906343015754878,1,0,0.0,5,1.849702997651622,0.0,0.0,0.0,0.0,0.0,0.0,,0.0,0.0,0.0,0.028906343015754878,0.0,0.0,0.0,0,0.0,0.0
2019-09-04,257.5,0.013779527559055094,365.0,0.0027472527472527375,0.011032274811802356,0.011032274811802356,0.013799474926849874,0.010155100220762197,1,0,0.0,5,0.2826050509823043,0.0,0.0,0.0,0.0,0.0,0.0,,0.0,0.0,0.0,0.013799474926849874,0.0,0.0,0.0,0,0.0,0.0
2019-09-05,263.0,0.021359223300970953,367.5,0.006849315068493178,0.014509908232477775,0.014509908232477775,0.015816790629263486,0.010634357320548647,1,0,0.0,5,0.4480879685968494,0.0,0.0,0.0,0.0,0.0,0.0,,0.0,0.0,0.0,0.015816790629263486,0.0,0.0,0.0,0,0.0,0.0
2019-09-06,263.5,0.0019011406844107182,374.5,0.01904761904761898,-0.017146478363208262,0.017146478363208262,0.01419197420426665,0.013392918076693842,0,1,1.0,5,14.239595192915289,72.0,-5.0,-18972.0,1872.5,0.0,0.0,Opened,-18972.0,1872.5,0.0,0.01419197420426665,20844.5,0.0,0.0,0,0.0,20844.5
2019-09-10,261.5,-0.007590132827324458,378.0,0.009345794392523255,-0.016935927219847713,0.016935927219847713,0.014506660762283212,0.013498096276991323,0,1,0.0,5,1.7798645485248494,-72.0,5.0,18828.0,-1890.0,-144.0,-17.5,Live,0.0,0.0,0.0,0.014506660762283212,20718.0,-161.5,-0.007795153972391157,0,0.0,0.0
2019-09-11,263.0,0.005736137667303964,374.5,-0.0092592592592593,0.014995396926563265,0.014995396926563265,0.011097410356397752,0.01031090664679855,1,0,-1.0,5,2.2985436323522817,-72.0,5.0,18936.0,-1872.5,-36.0,0.0,Closed,18936.0,-1872.5,-36.0,0.011097410356397752,20808.5,-36.0,-0.0017300622341831463,0,-36.0,0.0
2019-09-12,262.5,-0.0019011406844106071,375.0,0.001335113484646211,-0.003236254169056818,0.003236254169056818,0.010930092617781974,0.010432212117355127,0,0,0.0,5,1.0032424184627449,0.0,0.0,0.0,0.0,0.0,0.0,,0.0,0.0,0.0,0.010930092617781974,0.0,0.0,0.0,0,0.0,0.0
2019-09-16,265.5,0.011428571428571344,382.0,0.01866666666666661,-0.007238095238095266,0.007238095238095266,0.007246030055003063,0.012039437772288787,0,0,0.0,5,2.3500313873195333,0.0,0.0,0.0,0.0,0.0,0.0,,0.0,0.0,0.0,0.012039437772288787,0.0,0.0,0.0,0,0.0,0.0
2019-09-17,265.0,-0.0018832391713747842,383.0,0.002617801047120505,-0.004501040218495289,0.004501040218495289,0.007442803358807233,0.010332522270329467,0,0,0.0,5,2.0090190654944635,0.0,0.0,0.0,0.0,0.0,0.0,,0.0,0.0,0.0,0.010332522270329467,0.0,0.0,0.0,0,0.0,0.0
2019-09-18,267.0,0.007547169811320753,382.0,-0.0026109660574412663,0.01015813586876202,0.01015813586876202,0.005917013071776452,0.010326194243191613,1,0,0.0,5,0.4949589775183136,0.0,0.0,0.0,0.0,0.0,0.0,,0.0,0.0,0.0,0.010326194243191613,0.0,0.0,0.0,0,0.0,0.0
2019-09-19,265.0,-0.0074906367041198685,380.5,-0.003926701570680646,-0.003563935133439222,0.003563935133439222,0.007729526972122955,0.00904972920790087,0,0,0.0,5,0.7526931245678175,0.0,0.0,0.0,0.0,0.0,0.0,,0.0,0.0,0.0,0.00904972920790087,0.0,0.0,0.0,0,0.0,0.0
2019-09-20,264.0,-0.0037735849056603765,386.5,0.01576872536136653,-0.019542310267026908,0.019542310267026908,0.007979260891330475,0.010487453177554134,0,1,1.0,5,6.117698005017288,31.0,-5.0,-8184.0,1932.5,0.0,0.0,Opened,-8184.0,1932.5,0.0,0.010487453177554134,10116.5,0.0,0.0,0,0.0,10116.5
2019-09-23,264.0,0.0,388.0,0.0038809831824062613,-0.0038809831824062613,0.0038809831824062613,0.005580844278007683,0.007799329388642571,0,1,0.0,5,inf,-31.0,5.0,8184.0,-1940.0,0.0,-7.5,Live,0.0,0.0,0.0,0.007799329388642571,10124.0,-7.5,-0.0007408139075464243,0,0.0,0.0
2019-09-24,265.0,0.0037878787878788955,387.0,-0.002577319587628857,0.006365198375507752,0.006365198375507752,0.005950974202881038,0.00822188184857307,1,0,-1.0,5,0.9936588212409719,-31.0,5.0,8215.0,-1935.0,31.0,-2.5,Closed,8215.0,-1935.0,28.5,0.00822188184857307,10150.0,28.5,0.002807881773399015,0,28.5,0.0
2019-09-25,266.0,0.0037735849056603765,380.0,-0.018087855297157618,0.021861440202817994,0.021861440202817994,0.004903964385779322,0.01232945452953743,1,1,1.0,5,6.847545219638243,-35.0,5.0,9310.0,-1900.0,0.0,0.0,Opened,9310.0,-1900.0,0.0,0.01232945452953743,11210.0,0.0,0.0,0,0.0,11210.0
2019-09-26,268.0,0.007518796992481258,376.0,-0.010526315789473717,0.018045112781954975,0.018045112781954975,0.004295114566744001,0.013054583415818088,1,1,0.0,5,1.9641791044776036,35.0,-5.0,-9380.0,1880.0,-70.0,-20.0,Live,0.0,0.0,0.0,0.013054583415818088,11260.0,-90.0,-0.007992895204262877,0,0.0,0.0
2019-09-27,272.0,0.014925373134328401,369.0,-0.018617021276595702,0.0335423944109241,0.0335423944109241,0.005652862725486831,0.009803116105700754,1,1,0.0,5,1.6921640331664494,35.0,-5.0,-9520.0,1845.0,-210.0,-55.0,Live,0.0,0.0,0.0,0.009803116105700754,11365.0,-265.0,-0.02331720193576771,1,-265.0,0.0
2019-10-01,280.0,0.02941176470588225,376.5,0.020325203252032464,0.009086561453849784,0.009086561453849784,0.010803396384403294,0.016050472576306273,1,1,0.0,5,0.9292247386759589,35.0,-5.0,-9800.0,1882.5,-490.0,-17.5,Live,0.0,0.0,0.0,0.016050472576306273,11682.5,-507.5,-0.043441044297025465,1,0.0,0.0
2019-10-02,279.5,-0.0017857142857142794,372.0,-0.01195219123505975,0.010166476949345471,0.010166476949345471,0.012061805585746516,0.01611322780478295,1,1,0.0,5,8.90833802535834,35.0,-5.0,-9782.5,1860.0,-472.5,-40.0,Live,0.0,0.0,0.0,0.01611322780478295,11642.5,-512.5,-0.04401975520721495,1,0.0,0.0
2019-10-03,276.5,-0.01073345259391767,379.5,0.02016129032258074,-0.030894742916498408,0.030894742916498408,0.015437539409057085,0.018839911164072538,0,0,-1.0,5,2.5780748702094365,35.0,-5.0,-9677.5,1897.5,-367.5,-2.5,Closed,-9677.5,1897.5,-370.0,0.018839911164072538,11575.0,-370.0,-0.031965442764578834,1,0.0,0.0
2019-10-04,276.5,0.0,385.5,0.015810276679841806,-0.015810276679841806,0.015810276679841806,0.015840910573571426,0.018885333426046584,0,0,0.0,5,inf,0.0,0.0,0.0,0.0,0.0,0.0,,0.0,0.0,0.0,0.018885333426046584,0.0,0.0,0.0,0,0.0,0.0
2019-10-07,278.0,0.005424954792043302,384.0,-0.0038910505836575737,0.009316005375700875,0.009316005375700875,0.01511012232521559,0.01500211585731146,1,0,0.0,5,0.9907342608403693,0.0,0.0,0.0,0.0,0.0,0.0,,0.0,0.0,0.0,0.01511012232521559,0.0,0.0,0.0,0,0.0,0.0
2019-10-08,286.5,0.030575539568345356,384.5,0.0013020833333332593,0.029273456235012096,0.029273456235012096,0.01559178458704727,0.013456230576335946,1,1,1.0,5,0.057152649454193724,-1.0,5.0,286.5,-1922.5,0.0,0.0,Opened,286.5,-1922.5,0.0,0.01559178458704727,2209.0,0.0,0.0,0,0.0,2209.0
2019-10-09,282.0,-0.015706806282722474,372.0,-0.032509752925877766,0.016802946643155292,0.016802946643155292,0.01808262219700912,0.020796693455939548,1,1,0.0,5,2.7303581145265636,1.0,-5.0,-282.0,1860.0,4.5,-62.5,Live,0.0,0.0,0.0,0.020796693455939548,2142.0,-58.0,-0.02707749766573296,1,-58.0,0.0
2019-10-14,290.0,0.028368794326241176,370.5,-0.0040322580645161255,0.0324010523907573,0.0324010523907573,0.01963529074636145,0.01754403502965366,1,1,0.0,5,0.18159239432702962,1.0,-5.0,-290.0,1852.5,-3.5,-70.0,Live,0.0,0.0,0.0,0.01963529074636145,2142.5,-73.5,-0.034305717619603264,1,0.0,0.0
2019-10-15,293.5,0.012068965517241459,367.0,-0.009446693657219951,0.02151565917446141,0.02151565917446141,0.01886653243746205,0.013297187820180398,1,1,0.0,5,0.9787409159775251,1.0,-5.0,-293.5,1835.0,-7.0,-87.5,Live,0.0,0.0,0.0,0.01886653243746205,2128.5,-94.5,-0.04439746300211417,1,0.0,0.0
2019-10-16,296.5,0.010221465076660996,360.0,-0.019073569482288777,0.029295034558949773,0.029295034558949773,0.018558768080542305,0.013367939717599456,1,1,0.0,5,2.2656698723986852,1.0,-5.0,-296.5,1800.0,-10.0,-122.5,Live,0.0,0.0,0.0,0.018558768080542305,2096.5,-132.5,-0.06320057238254233,1,0.0,0.0
2019-10-17,293.5,-0.010118043844856706,371.0,0.030555555555555447,-0.04067359940041215,0.04067359940041215,0.01789312793418354,0.023567368670496126,0,0,-1.0,5,3.8173275916461304,1.0,-5.0,-293.5,1855.0,-7.0,-67.5,Closed,-293.5,1855.0,-74.5,0.023567368670496126,2148.5,-74.5,-0.03467535489876658,1,0.0,0.0
2019-10-18,293.0,-0.0017035775127768327,370.0,-0.0026954177897574594,0.0009918402769806267,0.0009918402769806267,0.014650357213964776,0.018747024689611563,1,0,0.0,5,1.998012934325673,0.0,0.0,0.0,0.0,0.0,0.0,,0.0,0.0,0.0,0.018747024689611563,0.0,0.0,0.0,0,0.0,0.0
2019-10-21,290.0,-0.010238907849829393,369.0,-0.002702702702702675,-0.007536205147126718,0.007536205147126718,0.010726601600530856,0.018701545428011623,0,0,0.0,5,0.33587138863000454,0.0,0.0,0.0,0.0,0.0,0.0,,0.0,0.0,0.0,0.018701545428011623,0.0,0.0,0.0,0,0.0,0.0
2019-10-22,294.0,0.01379310344827589,371.5,0.006775067750677488,0.0070180356975984015,0.0070180356975984015,0.011225825344525585,0.018199203394698573,1,0,0.0,5,0.6206734048632974,0.0,0.0,0.0,0.0,0.0,0.0,,0.0,0.0,0.0,0.018199203394698573,0.0,0.0,0.0,0,0.0,0.0
2019-10-23,293.0,-0.003401360544217691,372.0,0.0013458950201883368,-0.004747255564406028,0.004747255564406028,0.009806873394123554,0.01391433144478863,0,0,0.0,5,0.5023817289008801,0.0,0.0,0.0,0.0,0.0,0.0,,0.0,0.0,0.0,0.01391433144478863,0.0,0.0,0.0,0,0.0,0.0
2019-10-24,293.0,0.0,381.5,0.02553763440860224,-0.02553763440860224,0.02553763440860224,0.008790270276723404,0.011776276131105903,0,0,0.0,5,inf,0.0,0.0,0.0,0.0,0.0,0.0,,0.0,0.0,0.0,0.011776276131105903,0.0,0.0,0.0,0,0.0,0.0
2019-10-25,293.5,0.0017064846416381396,379.0,-0.006553079947575369,0.008259564589213508,0.008259564589213508,0.008787418081122532,0.01256017251999715,1,0,0.0,5,4.958772531096685,0.0,0.0,0.0,0.0,0.0,0.0,,0.0,0.0,0.0,0.01256017251999715,0.0,0.0,0.0,0,0.0,0.0
2019-10-28,294.5,0.0034071550255536653,387.0,0.02110817941952514,-0.017701024393971476,0.017701024393971476,0.006485683729390792,0.013448696348217696,0,1,1.0,5,8.141127352383878,41.0,-5.0,-12074.5,1935.0,0.0,0.0,Opened,-12074.5,1935.0,0.0,0.013448696348217696,14009.5,0.0,0.0,0,0.0,14009.5
2019-10-29,298.5,0.013582342954159499,393.0,0.015503875968992276,-0.001921533014832777,0.001921533014832777,0.00639892561255403,0.013549545174035962,0,1,0.0,5,1.5028436757430694,-41.0,5.0,12238.5,-1965.0,164.0,-30.0,Live,0.0,0.0,0.0,0.013549545174035962,14203.5,134.0,0.009434294364065196,0,0.0,0.0
2019-10-30,299.5,0.003350083752093891,396.5,0.008905852417302906,-0.0055557686652090155,0.0055557686652090155,0.005315498282435077,0.012532355285789984,0,1,0.0,5,3.519380264817903,-41.0,5.0,12279.5,-1982.5,205.0,-47.5,Live,0.0,0.0,0.0,0.012532355285789984,14262.0,157.5,0.011043331931005469,0,0.0,0.0
2019-10-31,298.5,-0.0033388981636059967,408.0,0.029003783102143688,-0.032342681265749684,0.032342681265749684,0.006151839337373802,0.013467140487183237,0,1,0.0,5,11.873186867502728,-41.0,5.0,12238.5,-2040.0,164.0,-105.0,Live,0.0,0.0,0.0,0.013467140487183237,14278.5,59.0,0.004132086703785412,0,0.0,0.0
2019-11-01,299.0,0.0016750418760469454,405.0,-0.007352941176470562,0.009027983052517508,0.009027983052517508,0.0061544550672309765,0.01376768504351743,1,0,-1.0,5,5.945922683454475,-41.0,5.0,12259.0,-2025.0,184.5,-90.0,Closed,12259.0,-2025.0,94.5,0.01376768504351743,14284.0,94.5,0.006615793895267432,0,94.5,0.0
2019-11-04,307.0,0.026755852842809347,412.0,0.01728395061728394,0.009471902225525408,0.009471902225525408,0.011961629683675612,0.013334155748592825,1,0,0.0,5,0.8669280572646479,0.0,0.0,0.0,0.0,0.0,0.0,,0.0,0.0,0.0,0.013334155748592825,0.0,0.0,0.0,0,0.0,0.0
2019-11-05,310.5,0.01140065146579805,425.0,0.031553398058252524,-0.020152746592454474,0.020152746592454474,0.01176370400363812,0.01587662157117955,0,1,1.0,5,3.7882950187720232,19.0,-5.0,-5899.5,2125.0,0.0,0.0,Opened,-5899.5,2125.0,0.0,0.01587662157117955,8024.5,0.0,0.0,0,0.0,8024.5
2019-11-06,311.0,0.0016103059581320522,434.0,0.021176470588235352,-0.0195661646301033,0.0195661646301033,0.011958580458346654,0.015472539711722568,0,1,0.0,5,18.351624739928095,-19.0,5.0,5909.0,-2170.0,9.5,-45.0,Live,0.0,0.0,0.0,0.015472539711722568,8079.0,-35.5,-0.0043941081817056565,0,0.0,0.0
2019-11-07,309.0,-0.006430868167202619,425.0,-0.020737327188940058,0.014306459021737439,0.014306459021737439,0.012722535432768516,0.021652831474416545,1,0,-1.0,5,4.4352042414209265,-19.0,5.0,5871.0,-2125.0,-28.5,0.0,Closed,5871.0,-2125.0,-28.5,0.021652831474416545,7996.0,-28.5,-0.0035642821410705352,0,-28.5,0.0
2019-11-08,305.5,-0.01132686084142398,414.0,-0.025882352941176467,0.014555492099752487,0.014555492099752487,0.015175782605924712,0.026140345101439734,1,0,0.0,5,3.0965872175383975,0.0,0.0,0.0,0.0,0.0,0.0,,0.0,0.0,0.0,0.026140345101439734,0.0,0.0,0.0,0,0.0,0.0
2019-11-11,301.0,-0.014729950900163713,403.5,-0.025362318840579712,0.010632367940415999,0.010632367940415999,0.010527638514870073,0.02789763019002186,1,0,0.0,5,2.3081535782496276,0.0,0.0,0.0,0.0,0.0,0.0,,0.0,0.0,0.0,0.02789763019002186,0.0,0.0,0.0,0,0.0,0.0
2019-11-12,305.0,0.013289036544850585,410.0,0.01610904584882289,-0.002820009303972304,0.002820009303972304,0.011224381391141557,0.02350720758818703,0,0,0.0,5,1.629522416560016,0.0,0.0,0.0,0.0,0.0,0.0,,0.0,0.0,0.0,0.02350720758818703,0.0,0.0,0.0,0,0.0,0.0
2019-11-13,304.0,-0.003278688524590123,408.0,-0.004878048780487809,0.001599360255897686,0.001599360255897686,0.010873448123667868,0.0179467268695448,1,0,0.0,5,1.9967907573812846,0.0,0.0,0.0,0.0,0.0,0.0,,0.0,0.0,0.0,0.0179467268695448,0.0,0.0,0.0,0,0.0,0.0
2019-11-14,303.5,-0.00164473684210531,410.5,0.006127450980392135,-0.007772187822497445,0.007772187822497445,0.010871142586896384,0.01873719931411362,0,0,0.0,5,5.038924960428821,0.0,0.0,0.0,0.0,0.0,0.0,,0.0,0.0,0.0,0.01873719931411362,0.0,0.0,0.0,0,0.0,0.0
2019-11-15,307.0,0.011532125205930832,422.0,0.028014616321559105,-0.016482491115628273,0.016482491115628273,0.011561505243007529,0.020425610950874046,0,0,0.0,5,3.3392536199314264,0.0,0.0,0.0,0.0,0.0,0.0,,0.0,0.0,0.0,0.020425610950874046,0.0,0.0,0.0,0,0.0,0.0
2019-11-18,311.0,0.013029315960912058,419.5,-0.005924170616113722,0.01895348657702578,0.01895348657702578,0.008306146533741236,0.014400641088409901,1,1,1.0,5,0.6133064301062134,-4.0,5.0,1244.0,-2097.5,0.0,0.0,Opened,1244.0,-2097.5,0.0,0.014400641088409901,3341.5,0.0,0.0,0,0.0,3341.5
2019-11-19,315.0,0.012861736334405238,421.0,0.0035756853396902155,0.009286050994715023,0.009286050994715023,0.008221700366558723,0.013685319508787742,1,1,0.0,5,0.3715619501674414,4.0,-5.0,-1260.0,2105.0,-16.0,7.5,Live,0.0,0.0,0.0,0.013685319508787742,3365.0,-8.5,-0.002526002971768202,0,0.0,0.0
2019-11-20,313.5,-0.004761904761904745,414.5,-0.015439429928741144,0.010677525166836399,0.010677525166836399,0.008676880835568165,0.016241382674068414,1,1,0.0,5,4.286842673516038,4.0,-5.0,-1254.0,2072.5,-10.0,-25.0,Live,0.0,0.0,0.0,0.016241382674068414,3326.5,-35.0,-0.010521569216894634,0,0.0,0.0
2019-11-21,311.0,-0.00797448165869219,407.0,-0.018094089264173663,0.010119607605481473,0.010119607605481473,0.010399012112030492,0.018615134664784847,1,1,0.0,5,2.9693971351994923,4.0,-5.0,-1244.0,2035.0,0.0,-62.5,Live,0.0,0.0,0.0,0.018615134664784847,3279.0,-62.5,-0.01906068923452272,1,-62.5,0.0
2019-11-22,309.0,-0.006430868167202619,411.0,0.00982800982800991,-0.01625887799521253,0.01625887799521253,0.010650934288748118,0.011984167010967857,0,0,-1.0,5,2.0327282269029863,4.0,-5.0,-1236.0,2055.0,8.0,-42.5,Closed,-1236.0,2055.0,-34.5,0.011984167010967857,3291.0,-34.5,-0.010483135824977211,0,0.0,0.0
2019-11-25,307.0,-0.006472491909385147,418.5,0.018248175182481674,-0.02472066709186682,0.02472066709186682,0.008693187913231324,0.01587005940969817,0,1,1.0,5,3.843306426686285,20.0,-5.0,-6140.0,2092.5,0.0,0.0,Opened,-6140.0,2092.5,0.0,0.01587005940969817,8232.5,0.0,0.0,0,0.0,8232.5
2019-11-26,307.0,0.0,420.0,0.0035842293906809264,-0.0035842293906809264,0.0035842293906809264,0.0030837473753245644,0.015870591777776003,0,1,0.0,5,inf,-20.0,5.0,6140.0,-2100.0,0.0,-7.5,Live,0.0,0.0,0.0,0.015870591777776003,8240.0,-7.5,-0.0009101941747572816,0,0.0,0.0
2019-11-27,311.0,0.013029315960912058,422.5,0.005952380952380931,0.007076935008531127,0.007076935008531127,0.008721880211125741,0.01350058612446563,1,0,-1.0,5,0.6206338041647503,-20.0,5.0,6220.0,-2112.5,80.0,-20.0,Closed,6220.0,-2112.5,60.0,0.01350058612446563,8332.5,60.0,0.0072007200720072,0,60.0,0.0
2019-11-28,309.5,-0.004823151125401881,431.5,0.02130177514792897,-0.02612492627333085,0.02612492627333085,0.008244124414729827,0.007704601141126397,0,1,1.0,5,6.1575092485494425,31.0,-5.0,-9594.5,2157.5,0.0,0.0,Opened,-9594.5,2157.5,0.0,0.008244124414729827,11752.0,0.0,0.0,0,0.0,11752.0
2019-11-29,305.0,-0.014539579967689842,421.5,-0.023174971031286185,0.008635391063596343,0.008635391063596343,0.010167597397003455,0.017591448547623192,1,0,-1.0,5,2.202749336727258,-31.0,5.0,9455.0,-2107.5,-139.5,50.0,Closed,9455.0,-2107.5,-89.5,0.017591448547623192,11562.5,-89.5,-0.007740540540540541,0,-89.5,0.0
2019-12-02,307.5,0.008196721311475308,416.5,-0.011862396204033177,0.020059117515508484,0.020059117515508484,0.010850312266232514,0.017148706950123008,1,1,1.0,5,1.9602079294814483,-10.0,5.0,3075.0,-2082.5,0.0,0.0,Opened,3075.0,-2082.5,0.0,0.017148706950123008,5157.5,0.0,0.0,0,0.0,5157.5
2019-12-03,307.0,-0.001626016260162566,418.0,0.0036014405762305746,-0.005227456836393141,0.005227456836393141,0.01088857376633588,0.017149818677470573,0,0,-1.0,5,3.0157079118293617,10.0,-5.0,-3070.0,2090.0,5.0,7.5,Closed,-3070.0,2090.0,12.5,0.017149818677470573,5160.0,12.5,0.0024224806201550387,0,12.5,0.0
2019-12-04,306.0,-0.0032573289902280145,424.5,0.015550239234449759,-0.018807568224677773,0.018807568224677773,0.008117668604863043,0.018577371071298053,0,1,1.0,5,6.622648700628573,34.0,-5.0,-10404.0,2122.5,0.0,0.0,Opened,-10404.0,2122.5,0.0,0.018577371071298053,12526.5,0.0,0.0,0,0.0,12526.5
2019-12-05,312.0,0.019607843137254832,420.0,-0.010600706713780883,0.030208549851035715,0.030208549851035715,0.012867176109974279,0.015038660249633375,1,0,-1.0,5,0.7277792878499595,-34.0,5.0,10608.0,-2100.0,204.0,22.5,Closed,10608.0,-2100.0,226.5,0.015038660249633375,12708.0,226.5,0.01782341831916903,0,226.5,0.0
2019-12-06,313.0,0.0032051282051281937,415.0,-0.011904761904761862,0.015109890109890056,0.015109890109890056,0.009201406344467788,0.012280967386077786,1,1,1.0,5,4.9246919214970335,-25.0,5.0,7825.0,-2075.0,0.0,0.0,Opened,7825.0,-2075.0,0.0,0.012280967386077786,9900.0,0.0,0.0,0,0.0,9900.0
2019-12-09,316.0,0.009584664536741228,426.5,0.027710843373494054,-0.018126178836752826,0.018126178836752826,0.009333448409574735,0.017015553710951477,0,0,-1.0,5,3.9021573636317473,25.0,-5.0,-7900.0,2132.5,-75.0,57.5,Closed,-7900.0,2132.5,-17.5,0.017015553710951477,10032.5,-17.5,-0.00174433092449539,0,-17.5,0.0
2019-12-10,313.5,-0.007911392405063333,425.0,-0.003516998827667095,-0.004394393577396238,0.004394393577396238,0.010835971501132921,0.01744086028393202,0,0,0.0,5,0.6026576619530314,0.0,0.0,0.0,0.0,0.0,0.0,,0.0,0.0,0.0,0.01744086028393202,0.0,0.0,0.0,0,0.0,0.0
2019-12-11,319.0,0.01754385964912286,429.0,0.009411764705882453,0.008132094943240409,0.008132094943240409,0.011221378937705102,0.016570283269519568,1,0,0.0,5,0.72146044624747,0.0,0.0,0.0,0.0,0.0,0.0,,0.0,0.0,0.0,0.016570283269519568,0.0,0.0,0.0,0,0.0,0.0
2019-12-12,331.5,0.03918495297805635,427.5,-0.0034965034965035446,0.0426814564745599,0.0426814564745599,0.017669794737932783,0.01546375360163339,1,1,1.0,5,0.11507135398538294,-1.0,5.0,331.5,-2137.5,0.0,0.0,Opened,331.5,-2137.5,0.0,0.017669794737932783,2469.0,0.0,0.0,0,0.0,2469.0
2019-12-13,339.0,0.02262443438914019,432.5,0.011695906432748648,0.010928527956391543,0.010928527956391543,0.01729529665638698,0.012926033723465744,1,1,0.0,5,0.6595421690903844,1.0,-5.0,-339.0,2162.5,-7.5,25.0,Live,0.0,0.0,0.0,0.01729529665638698,2501.5,17.5,0.006995802518488907,0,0.0,0.0
2019-12-16,336.0,-0.008849557522123908,442.0,0.021965317919075078,-0.030814875441198986,0.030814875441198986,0.02069092947316864,0.010867247054868773,0,0,-1.0,5,3.265118359482506,1.0,-5.0,-336.0,2210.0,-4.5,72.5,Closed,-336.0,2210.0,68.0,0.02069092947316864,2546.0,68.0,0.02670856245090338,0,68.0,0.0
2019-12-17,345.0,0.02678571428571419,460.5,0.041855203619909576,-0.015069489334195385,0.015069489334195385,0.017733133699887556,0.0169241716166246,0,0,0.0,5,2.0857236540101103,0.0,0.0,0.0,0.0,0.0,0.0,,0.0,0.0,0.0,0.017733133699887556,0.0,0.0,0.0,0,0.0,0.0
2019-12-18,344.5,-0.0014492753623188692,456.5,-0.008686210640608039,0.007236935278289169,0.007236935278289169,0.020119356276464714,0.020350500110627917,1,0,0.0,5,7.942020489497443,0.0,0.0,0.0,0.0,0.0,0.0,,0.0,0.0,0.0,0.020350500110627917,0.0,0.0,0.0,0,0.0,0.0
2019-12-19,335.0,-0.027576197387518153,454.5,-0.004381161007667056,-0.023195036379851097,0.023195036379851097,0.0226030388425939,0.02052921935049996,0,1,1.0,5,0.21554795917226108,2.0,-5.0,-670.0,2272.5,0.0,0.0,Opened,-670.0,2272.5,0.0,0.0226030388425939,2942.5,0.0,0.0,0,0.0,2942.5
2019-12-20,329.0,-0.017910447761193993,446.0,-0.018701870187018743,0.0007914224258247504,0.0007914224258247504,0.020681653095735976,0.02486604678462936,1,0,-1.0,5,1.4155250378128046,-2.0,5.0,658.0,-2230.0,-12.0,42.5,Closed,658.0,-2230.0,30.5,0.02486604678462936,2888.0,30.5,0.010560941828254847,0,30.5,0.0
2019-12-23,334.0,0.015197568389057725,449.0,0.006726457399103047,0.008471110989954678,0.008471110989954678,0.0225103645620535,0.023371866565405307,1,0,0.0,5,0.5949934212292832,0.0,0.0,0.0,0.0,0.0,0.0,,0.0,0.0,0.0,0.023371866565405307,0.0,0.0,0.0,0,0.0,0.0
2019-12-24,332.0,-0.005988023952095856,445.0,-0.008908685968819552,0.0029206620167236963,0.0029206620167236963,0.01632098209278615,0.009198834462321165,1,0,0.0,5,1.9941234872675293,0.0,0.0,0.0,0.0,0.0,0.0,,0.0,0.0,0.0,0.01632098209278615,0.0,0.0,0.0,0,0.0,0.0
2019-12-25,333.0,0.003012048192771122,452.0,0.01573033707865168,-0.012718288885880558,0.012718288885880558,0.01685091249495311,0.01344270238441244,0,0,0.0,5,7.088760670783052,0.0,0.0,0.0,0.0,0.0,0.0,,0.0,0.0,0.0,0.01685091249495311,0.0,0.0,0.0,0,0.0,0.0
2019-12-26,333.0,0.0,449.0,-0.006637168141592875,0.006637168141592875,0.006637168141592875,0.012147082721497818,0.01358363135975029,1,0,0.0,5,inf,0.0,0.0,0.0,0.0,0.0,0.0,,0.0,0.0,0.0,0.01358363135975029,0.0,0.0,0.0,0,0.0,0.0
2019-12-27,338.0,0.01501501501501501,446.5,-0.0055679287305122616,0.02058294374552727,0.02058294374552727,0.009393868569562706,0.010568189469789801,1,1,1.0,5,0.48986076883541463,-3.0,5.0,1014.0,-2232.5,0.0,0.0,Opened,1014.0,-2232.5,0.0,0.010568189469789801,3246.5,0.0,0.0,0,0.0,3246.5
2019-12-30,334.5,-0.010355029585798814,446.5,0.0,-0.010355029585798814,0.010355029585798814,0.00970874607089769,0.009950700024769882,0,0,-1.0,5,0.0,3.0,-5.0,-1003.5,2232.5,10.5,0.0,Closed,-1003.5,2232.5,10.5,0.009950700024769882,3236.0,10.5,0.0032447466007416562,0,10.5,0.0
2019-12-31,331.0,-0.010463378176382654,443.5,-0.006718924972004436,-0.0037444532043782175,0.0037444532043782175,0.01060275565498422,0.009560352558863183,0,0,0.0,5,0.8603863261032265,0.0,0.0,0.0,0.0,0.0,0.0,,0.0,0.0,0.0,0.01060275565498422,0.0,0.0,0.0,0,0.0,0.0
2020-01-02,339.0,0.024169184290030232,441.5,-0.00450958286358516,0.028678767153615392,0.028678767153615392,0.015482640326605743,0.0027707109083910933,1,1,1.0,5,0.2429995044779912,-2.0,5.0,678.0,-2207.5,0.0,0.0,Opened,678.0,-2207.5,0.0,0.015482640326605743,2885.5,0.0,0.0,0,0.0,2885.5
2020-01-03,339.5,0.001474926253687281,434.5,-0.015855039637599044,0.017329965891286325,0.017329965891286325,0.015409036769447005,0.005801737304133574,1,1,0.0,5,13.757737796406627,2.0,-5.0,-679.0,2172.5,-1.0,-35.0,Live,0.0,0.0,0.0,0.015409036769447005,2851.5,-36.0,-0.01262493424513414,0,0.0,0.0
2020-01-06,332.0,-0.022091310751104598,424.0,-0.024165707710011475,0.0020743969589068767,0.0020743969589068767,0.017545936597073777,0.009689514565394406,1,1,0.0,5,1.397030238329609,2.0,-5.0,-664.0,2120.0,14.0,-87.5,Live,0.0,0.0,0.0,0.017545936597073777,2784.0,-73.5,-0.026400862068965518,1,-73.5,0.0
2020-01-07,329.5,-0.0075301204819276935,426.0,0.004716981132075526,-0.01224710161400322,0.01224710161400322,0.017312055972569552,0.011068462028948263,0,0,-1.0,5,0.8098720187820424,2.0,-5.0,-659.0,2130.0,19.0,-77.5,Closed,-659.0,2130.0,-58.5,0.017312055972569552,2789.0,-58.5,-0.020975259949802795,1,0.0,0.0
2020-01-08,329.5,0.0,430.5,0.010563380281690238,-0.010563380281690238,0.010563380281690238,0.016792035209440403,0.01430404512441256,0,0,0.0,5,inf,0.0,0.0,0.0,0.0,0.0,0.0,,0.0,0.0,0.0,0.016792035209440403,0.0,0.0,0.0,0,0.0,0.0
2020-01-09,337.5,0.02427921092564489,437.0,0.015098722415795685,0.009180488509849205,0.009180488509849205,0.016832951487636,0.01716520978987514,1,0,0.0,5,0.8052176624940913,0.0,0.0,0.0,0.0,0.0,0.0,,0.0,0.0,0.0,0.01716520978987514,0.0,0.0,0.0,0,0.0,0.0
2020-01-10,339.5,0.00592592592592589,432.0,-0.011441647597253968,0.017367573523179858,0.017367573523179858,0.017097201993132586,0.016364841099914117,1,1,1.0,5,2.456836847834519,-13.0,5.0,4413.5,-2160.0,0.0,0.0,Opened,4413.5,-2160.0,0.0,0.017097201993132586,6573.5,0.0,0.0,0,0.0,6573.5
2020-01-13,341.5,0.00589101620029453,422.0,-0.02314814814814814,0.02903916434844267,0.02903916434844267,0.011755847738877088,0.016007875999222487,1,1,0.0,5,4.855654519819982,13.0,-5.0,-4439.5,2110.0,-26.0,-50.0,Live,0.0,0.0,0.0,0.016007875999222487,6549.5,-76.0,-0.011603939232002442,0,0.0,0.0
2020-01-14,346.0,0.013177159590043841,416.0,-0.014218009478673022,0.027395169068716863,0.027395169068716863,0.009318884324902667,0.016593007325670216,1,1,0.0,5,1.2972815019770179,13.0,-5.0,-4498.0,2080.0,-84.5,-80.0,Live,0.0,0.0,0.0,0.016593007325670216,6578.0,-164.5,-0.025007601094557616,1,-164.5,0.0
2020-01-15,340.0,-0.017341040462427793,416.0,0.0,-0.017341040462427793,0.017341040462427793,0.015245622084682154,0.01474458224059064,0,0,-1.0,5,0.0,13.0,-5.0,-4420.0,2080.0,-6.5,-80.0,Closed,-4420.0,2080.0,-86.5,0.015245622084682154,6500.0,-86.5,-0.013307692307692307,0,0.0,0.0
2020-01-16,334.5,-0.016176470588235348,421.0,0.012019230769230838,-0.028195701357466185,0.028195701357466185,0.014065190973538482,0.013626095572137509,0,1,1.0,5,0.9351448252793566,5.0,-5.0,-1672.5,2105.0,0.0,0.0,Opened,-1672.5,2105.0,0.0,0.014065190973538482,3777.5,0.0,0.0,0,0.0,3777.5
2020-01-17,333.0,-0.004484304932735439,420.5,-0.001187648456057011,-0.003296656476678428,0.003296656476678428,0.013408429590027674,0.013629418879287631,0,1,0.0,5,0.3344371687602093,-5.0,5.0,1665.0,-2102.5,-7.5,2.5,Live,0.0,0.0,0.0,0.013629418879287631,3767.5,-5.0,-0.0013271400132714001,0,0.0,0.0
2020-01-20,333.0,0.0,419.0,-0.003567181926278251,0.003567181926278251,0.003567181926278251,0.012578589920905417,0.00936854393288726,1,0,-1.0,5,inf,-5.0,5.0,1665.0,-2095.0,-7.5,10.0,Closed,1665.0,-2095.0,2.5,0.012578589920905417,3760.0,2.5,0.0006648936170212766,0,2.5,0.0
2020-01-30,316.5,-0.0495495495495496,383.5,-0.08472553699284013,0.035175987443290535,0.035175987443290535,0.019394641108872335,0.03916940223536265,1,0,0.0,5,2.071887991658602,0.0,0.0,0.0,0.0,0.0,0.0,,0.0,0.0,0.0,0.03916940223536265,0.0,0.0,0.0,0,0.0,0.0
2020-01-31,320.0,0.011058451816745585,388.0,0.011734028683181297,-0.000675576866435712,0.000675576866435712,0.023234917617038275,0.04065307709361955,0,0,0.0,5,1.286573384242892,0.0,0.0,0.0,0.0,0.0,0.0,,0.0,0.0,0.0,0.04065307709361955,0.0,0.0,0.0,0,0.0,0.0
2020-02-03,315.0,-0.015625,382.0,-0.015463917525773141,-0.00016108247422685906,0.00016108247422685906,0.023210425428908204,0.03818292064529879,0,0,0.0,5,1.2001963672066722,0.0,0.0,0.0,0.0,0.0,0.0,,0.0,0.0,0.0,0.03818292064529879,0.0,0.0,0.0,0,0.0,0.0
2020-02-04,325.0,0.031746031746031855,390.5,0.022251308900523625,0.00949472284550823,0.00949472284550823,0.030534056409671915,0.04209951157327436,1,0,0.0,5,0.8421778091018923,0.0,0.0,0.0,0.0,0.0,0.0,,0.0,0.0,0.0,0.04209951157327436,0.0,0.0,0.0,0,0.0,0.0
2020-02-05,327.5,0.007692307692307665,381.0,-0.02432778489116516,0.032020092583472826,0.032020092583472826,0.031005977865927747,0.04184194548821471,1,0,0.0,5,3.679252475295923,0.0,0.0,0.0,0.0,0.0,0.0,,0.0,0.0,0.0,0.04184194548821471,0.0,0.0,0.0,0,0.0,0.0
2020-02-06,332.5,0.01526717557251911,382.0,0.002624671916010568,0.012642503656508541,0.012642503656508541,0.01705663772472967,0.019161460725775573,1,0,0.0,5,0.19750952183609116,0.0,0.0,0.0,0.0,0.0,0.0,,0.0,0.0,0.0,0.019161460725775573,0.0,0.0,0.0,0,0.0,0.0
2020-02-07,328.0,-0.013533834586466176,381.0,-0.002617801047120394,-0.010916033539345782,0.010916033539345782,0.01998028720193945,0.01787702095179726,0,0,0.0,5,0.2246812880432446,0.0,0.0,0.0,0.0,0.0,0.0,,0.0,0.0,0.0,0.01998028720193945,0.0,0.0,0.0,0,0.0,0.0
2020-02-10,327.5,-0.0015243902439023849,380.0,-0.002624671916010457,0.0011002816721080722,0.0011002816721080722,0.017111222192713594,0.01660711674081004,1,0,0.0,5,1.9977960770171297,0.0,0.0,0.0,0.0,0.0,0.0,,0.0,0.0,0.0,0.017111222192713594,0.0,0.0,0.0,0,0.0,0.0
2020-02-11,331.5,0.012213740458015376,390.0,0.026315789473684292,-0.014102049015668916,0.014102049015668916,0.011683316221344327,0.018061791524322898,0,0,0.0,5,2.5348297213622146,0.0,0.0,0.0,0.0,0.0,0.0,,0.0,0.0,0.0,0.018061791524322898,0.0,0.0,0.0,0,0.0,0.0
2020-02-12,335.0,0.010558069381598756,401.5,0.029487179487179382,-0.018929110105580627,0.018929110105580627,0.011974977117418559,0.015944535115404643,0,1,1.0,5,3.3472601279317695,17.0,-5.0,-5695.0,2007.5,0.0,0.0,Opened,-5695.0,2007.5,0.0,0.015944535115404643,7702.5,0.0,0.0,0,0.0,7702.5
2020-02-13,335.0,0.0,408.5,0.01743462017434627,-0.01743462017434627,0.01743462017434627,0.010419175237668455,0.015451983130768553,0,1,0.0,5,inf,-17.0,5.0,5695.0,-2042.5,0.0,-35.0,Live,0.0,0.0,0.0,0.015451983130768553,7737.5,-35.0,-0.004523424878836834,0,0.0,0.0
2020-02-14,335.0,0.0,405.5,-0.007343941248470043,0.007343941248470043,0.007343941248470043,0.006570416325524411,0.016779527868855976,1,0,-1.0,5,inf,-17.0,5.0,5695.0,-2027.5,0.0,-20.0,Closed,5695.0,-2027.5,-20.0,0.016779527868855976,7722.5,-20.0,-0.002589834898025251,0,-20.0,0.0
2020-02-17,331.5,-0.010447761194029903,398.0,-0.018495684340320562,0.008047923146290659,0.008047923146290659,0.009211780012654242,0.021287854124854573,1,0,0.0,5,2.125429513548742,0.0,0.0,0.0,0.0,0.0,0.0,,0.0,0.0,0.0,0.021287854124854573,0.0,0.0,0.0,0,0.0,0.0
2020-02-18,322.0,-0.02865761689291102,392.0,-0.015075376884422065,-0.013582240008488955,0.013582240008488955,0.014823105124697774,0.0211514432883768,0,0,0.0,5,0.640410289433435,0.0,0.0,0.0,0.0,0.0,0.0,,0.0,0.0,0.0,0.0211514432883768,0.0,0.0,0.0,0,0.0,0.0
2020-02-19,326.5,0.013975155279503104,388.5,-0.008928571428571397,0.0229037267080745,0.0229037267080745,0.01580675540207622,0.014114780484677344,1,1,1.0,5,0.7602092904543108,-4.0,5.0,1306.0,-1942.5,0.0,0.0,Opened,1306.0,-1942.5,0.0,0.01580675540207622,3248.5,0.0,0.0,0,0.0,3248.5
2020-02-20,325.5,-0.003062787136294043,394.0,0.014157014157014203,-0.017219801293308246,0.017219801293308246,0.015621549124041224,0.012735041507575928,0,0,-1.0,5,5.594999871497557,4.0,-5.0,-1302.0,1970.0,4.0,27.5,Closed,-1302.0,1970.0,31.5,0.015621549124041224,3272.0,31.5,0.009627139364303178,0,31.5,0.0
2020-02-21,325.0,-0.001536098310291889,388.0,-0.015228426395939132,0.013692328085647243,0.013692328085647243,0.015497547972016364,0.01324495701123062,1,0,0.0,5,11.835439281530453,0.0,0.0,0.0,0.0,0.0,0.0,,0.0,0.0,0.0,0.015497547972016364,0.0,0.0,0.0,0,0.0,0.0
2020-02-24,320.0,-0.01538461538461533,377.0,-0.028350515463917536,0.012965900079302206,0.012965900079302206,0.016005036974485104,0.015590055145499349,1,0,0.0,5,2.171029317010318,0.0,0.0,0.0,0.0,0.0,0.0,,0.0,0.0,0.0,0.016005036974485104,0.0,0.0,0.0,0,0.0,0.0
2020-02-25,322.0,0.006250000000000089,378.5,0.003978779840848823,0.002271220159151266,0.002271220159151266,0.010986155370572296,0.01654799690889682,1,0,0.0,5,0.7483071650987617,0.0,0.0,0.0,0.0,0.0,0.0,,0.0,0.0,0.0,0.01654799690889682,0.0,0.0,0.0,0,0.0,0.0
2020-02-26,318.5,-0.010869565217391353,375.0,-0.009247027741083214,-0.001622537476308139,0.001622537476308139,0.008434667003067067,0.01655848952803451,0,0,0.0,5,1.0016403675584598,0.0,0.0,0.0,0.0,0.0,0.0,,0.0,0.0,0.0,0.01655848952803451,0.0,0.0,0.0,0,0.0,0.0
2020-02-27,316.0,-0.00784929356357933,360.0,-0.040000000000000036,0.032150706436420706,0.032150706436420706,0.008442718045019913,0.017016391237418348,1,1,1.0,5,5.805569620253132,-30.0,5.0,9480.0,-1800.0,0.0,0.0,Opened,9480.0,-1800.0,0.0,0.017016391237418348,11280.0,0.0,0.0,0,0.0,11280.0
2020-03-02,311.0,-0.015822784810126556,363.0,0.008333333333333304,-0.02415611814345986,0.02415611814345986,0.009004792439581591,0.02074907773684654,0,0,-1.0,5,0.6147266881028927,30.0,-5.0,-9330.0,1815.0,150.0,15.0,Closed,-9330.0,1815.0,165.0,0.02074907773684654,11145.0,165.0,0.014804845222072678,0,165.0,0.0
2020-03-03,317.5,0.020900321543408262,372.0,0.024793388429751984,-0.0038930668863437212,0.0038930668863437212,0.014958935364066415,0.02426938108992225,0,0,0.0,5,1.3898954302676585,0.0,0.0,0.0,0.0,0.0,0.0,,0.0,0.0,0.0,0.02426938108992225,0.0,0.0,0.0,0,0.0,0.0
2020-03-04,320.5,0.009448818897637823,370.5,-0.0040322580645161255,0.013481076962153948,0.013481076962153948,0.015432980749481908,0.024003635213851994,1,0,0.0,5,0.4933225554828626,0.0,0.0,0.0,0.0,0.0,0.0,,0.0,0.0,0.0,0.024003635213851994,0.0,0.0,0.0,0,0.0,0.0
2020-03-05,323.0,0.007800312012480548,385.0,0.03913630229419707,-0.03133599028171652,0.03133599028171652,0.014637294347109253,0.030301281272113623,0,1,1.0,5,5.980342019611989,30.0,-5.0,-9690.0,1925.0,0.0,0.0,Opened,-9690.0,1925.0,0.0,0.030301281272113623,11615.0,0.0,0.0,0,0.0,11615.0
2020-03-06,315.0,-0.024767801857585092,378.5,-0.016883116883116833,-0.007884684974468259,0.007884684974468259,0.01903655160096028,0.02230352684277806,0,1,0.0,5,0.8190690063904341,-30.0,5.0,9450.0,-1892.5,-240.0,32.5,Live,0.0,0.0,0.0,0.02230352684277806,11342.5,-207.5,-0.018294026890015427,0,0.0,0.0
2020-03-09,305.5,-0.030158730158730163,366.5,-0.031704095112285335,0.0015453649535551728,0.0015453649535551728,0.022658593406160096,0.029271259096911934,1,0,-1.0,5,1.2611451530624724,-30.0,5.0,9165.0,-1832.5,-525.0,92.5,Closed,9165.0,-1832.5,-432.5,0.029271259096911934,10997.5,-432.5,-0.039327119799954534,1,-432.5,0.0
2020-03-10,307.0,0.004909983633387904,373.5,0.019099590723056004,-0.0141896070896681,0.0141896070896681,0.01925152766281657,0.028269170793288955,0,0,0.0,5,4.732561291555388,0.0,0.0,0.0,0.0,0.0,0.0,,0.0,0.0,0.0,0.028269170793288955,0.0,0.0,0.0,0,0.0,0.0
2020-03-11,302.0,-0.016286644951140072,363.0,-0.028112449799196804,0.011825804848056731,0.011825804848056731,0.017238642635042635,0.03126004433717484,1,0,0.0,5,2.074754647729993,0.0,0.0,0.0,0.0,0.0,0.0,,0.0,0.0,0.0,0.03126004433717484,0.0,0.0,0.0,0,0.0,0.0
2020-03-12,294.0,-0.026490066225165587,336.0,-0.07438016528925617,0.047890099064090585,0.047890099064090585,0.014070905811074728,0.033518449817097076,1,1,1.0,5,3.208972845336478,-17.0,5.0,4998.0,-1680.0,0.0,0.0,Opened,4998.0,-1680.0,0.0,0.033518449817097076,6678.0,0.0,0.0,0,0.0,6678.0
2020-03-13,290.0,-0.013605442176870763,341.0,0.014880952380952328,-0.02848639455782309,0.02848639455782309,0.013720629087966542,0.038423461417143125,0,0,-1.0,5,1.2860991379310285,17.0,-5.0,-4930.0,1705.0,68.0,25.0,Closed,-4930.0,1705.0,93.0,0.038423461417143125,6635.0,93.0,0.014016578749058026,0,93.0,0.0
2020-03-16,276.5,-0.04655172413793107,320.0,-0.061583577712609916,0.015031853574678844,0.015031853574678844,0.018851529614958312,0.042768321692542396,1,0,0.0,5,1.5310310124519981,0.0,0.0,0.0,0.0,0.0,0.0,,0.0,0.0,0.0,0.042768321692542396,0.0,0.0,0.0,0,0.0,0.0
2020-03-17,268.0,-0.030741410488245968,315.5,-0.014062499999999978,-0.01667891048824599,0.01667891048824599,0.013137420646331052,0.03606880423112413,0,0,0.0,5,0.5385218324736596,0.0,0.0,0.0,0.0,0.0,0.0,,0.0,0.0,0.0,0.03606880423112413,0.0,0.0,0.0,0,0.0,0.0
2020-03-18,260.0,-0.02985074626865669,301.5,-0.04437400950871628,0.014523263240059592,0.014523263240059592,0.011769754725092728,0.03628966649898259,1,0,0.0,5,1.723802267463123,0.0,0.0,0.0,0.0,0.0,0.0,,0.0,0.0,0.0,0.03628966649898259,0.0,0.0,0.0,0,0.0,0.0
2020-03-19,248.0,-0.0461538461538461,274.0,-0.09121061359867333,0.04505676744482723,0.04505676744482723,0.013666714893593687,0.04119926487332618,1,1,1.0,5,2.183415360473621,-11.0,5.0,2728.0,-1370.0,0.0,0.0,Opened,2728.0,-1370.0,0.0,0.04119926487332618,4098.0,0.0,0.0,0,0.0,4098.0
2020-03-20,270.0,0.08870967741935476,301.0,0.0985401459854014,-0.009830468566046635,0.009830468566046635,0.05737688023819227,0.07322746725802333,0,0,-1.0,5,1.2383543463835438,11.0,-5.0,-2970.0,1505.0,-242.0,135.0,Closed,-2970.0,1505.0,-107.0,0.07322746725802333,4475.0,-107.0,-0.023910614525139665,0,-107.0,0.0
2020-03-23,255.0,-0.05555555555555558,308.0,0.023255813953488413,-0.078811369509044,0.078811369509044,0.058819538667270625,0.07173220764529686,0,1,1.0,5,0.5056087551299596,3.0,-5.0,-765.0,1540.0,0.0,0.0,Opened,-765.0,1540.0,0.0,0.07173220764529686,2305.0,0.0,0.0,0,0.0,2305.0
2020-03-24,267.5,0.0490196078431373,330.0,0.0714285714285714,-0.022408963585434094,0.022408963585434094,0.0639773035744887,0.07902055273451056,0,1,0.0,5,1.7975967957276344,-3.0,5.0,802.5,-1650.0,37.5,-110.0,Live,0.0,0.0,0.0,0.07902055273451056,2452.5,-72.5,-0.029561671763506627,0,0.0,0.0
2020-03-25,277.0,0.03551401869158877,334.5,0.013636363636363669,0.021877655055225098,0.021877655055225098,0.06270317332156428,0.0727725274369413,1,0,-1.0,5,0.4636765239320829,-3.0,5.0,831.0,-1672.5,66.0,-132.5,Closed,831.0,-1672.5,-66.5,0.0727725274369413,2503.5,-66.5,-0.026562812063111643,0,-66.5,0.0
2020-03-26,280.0,0.010830324909747224,343.5,0.026905829596412634,-0.01607550468666541,0.01607550468666541,0.05346473370814278,0.0365155167128294,0,0,0.0,5,3.047709801409381,0.0,0.0,0.0,0.0,0.0,0.0,,0.0,0.0,0.0,0.05346473370814278,0.0,0.0,0.0,0,0.0,0.0
2020-03-27,273.0,-0.025000000000000022,340.0,-0.010189228529839833,-0.014810771470160189,0.014810771470160189,0.04315386845260229,0.02970564076584551,0,0,0.0,5,0.5075952674205919,0.0,0.0,0.0,0.0,0.0,0.0,,0.0,0.0,0.0,0.04315386845260229,0.0,0.0,0.0,0,0.0,0.0
2020-03-30,267.5,-0.020146520146520186,336.5,-0.010294117647058787,-0.009852402499461399,0.009852402499461399,0.0328176309594149,0.03371837252817784,0,0,0.0,5,0.6427622569843535,0.0,0.0,0.0,0.0,0.0,0.0,,0.0,0.0,0.0,0.03371837252817784,0.0,0.0,0.0,0,0.0,0.0
2020-03-31,274.0,0.024299065420560817,327.5,-0.026745913818722156,0.05104497923928297,0.05104497923928297,0.026785490695241065,0.02136623416327439,1,1,1.0,5,1.3156143809553178,-7.0,5.0,1918.0,-1637.5,0.0,0.0,Opened,1918.0,-1637.5,0.0,0.026785490695241065,3555.5,0.0,0.0,0,0.0,3555.5
2020-04-01,271.5,-0.009124087591240837,334.0,0.01984732824427482,-0.028971415835515657,0.028971415835515657,0.02090809966007363,0.0225993800369507,0,0,-1.0,5,2.676019287812983,7.0,-5.0,-1900.5,1670.0,17.5,32.5,Closed,-1900.5,1670.0,50.0,0.0225993800369507,3570.5,50.0,0.014003640946646127,0,50.0,0.0
2020-04-06,275.5,0.014732965009208066,341.0,0.020958083832335328,-0.0062251188231272625,0.0062251188231272625,0.02165175073168269,0.020916725927503425,0,0,0.0,5,1.7607357879522307,0.0,0.0,0.0,0.0,0.0,0.0,,0.0,0.0,0.0,0.02165175073168269,0.0,0.0,0.0,0,0.0,0.0
2020-04-07,283.0,0.02722323049001818,347.0,0.017595307917888547,0.009627922572129632,0.009627922572129632,0.021000996707154905,0.021637984762509204,1,0,0.0,5,0.792501787509195,0.0,0.0,0.0,0.0,0.0,0.0,,0.0,0.0,0.0,0.021637984762509204,0.0,0.0,0.0,0,0.0,0.0
2020-04-08,285.0,0.007067137809187329,349.5,0.007204610951008661,-0.00013747314182133152,0.00013747314182133152,0.014641703258049655,0.020049888043027257,0,0,0.0,5,1.2501706355225177,0.0,0.0,0.0,0.0,0.0,0.0,,0.0,0.0,0.0,0.020049888043027257,0.0,0.0,0.0,0,0.0,0.0
2020-04-09,283.0,-0.007017543859649145,351.5,0.005722460658083017,-0.012740004517732162,0.012740004517732162,0.015201666075422183,0.007243527818234684,0,0,0.0,5,1.012830039885353,0.0,0.0,0.0,0.0,0.0,0.0,,0.0,0.0,0.0,0.015201666075422183,0.0,0.0,0.0,0,0.0,0.0
2020-04-10,279.5,-0.012367491166077715,350.0,-0.004267425320056861,-0.008100065846020854,0.008100065846020854,0.01608278573223288,0.010073304327158224,0,0,0.0,5,0.4320863561989603,0.0,0.0,0.0,0.0,0.0,0.0,,0.0,0.0,0.0,0.01608278573223288,0.0,0.0,0.0,0,0.0,0.0
2020-04-13,278.5,-0.003577817531305927,351.5,0.004285714285714226,-0.007863531817020153,0.007863531817020153,0.015655571934628357,0.007814723524693923,0,0,0.0,5,1.5118376506796305,0.0,0.0,0.0,0.0,0.0,0.0,,0.0,0.0,0.0,0.015655571934628357,0.0,0.0,0.0,0,0.0,0.0
2020-04-14,285.0,0.02333931777378817,365.5,0.03982930298719767,-0.016489985213409497,0.016489985213409497,0.014129652186189605,0.016960038283936774,0,0,0.0,5,2.1885530107136706,0.0,0.0,0.0,0.0,0.0,0.0,,0.0,0.0,0.0,0.016960038283936774,0.0,0.0,0.0,0,0.0,0.0
2020-04-15,287.5,0.00877192982456143,365.5,0.0,0.00877192982456143,0.00877192982456143,0.014317239769583056,0.017609459526328534,1,0,0.0,5,0.0,0.0,0.0,0.0,0.0,0.0,0.0,,0.0,0.0,0.0,0.017609459526328534,0.0,0.0,0.0,0,0.0,0.0
2020-04-16,286.5,-0.003478260869565264,361.5,-0.01094391244870041,0.007465651579135146,0.007465651579135146,0.013850351863168249,0.01984714289360107,1,0,0.0,5,3.9700331612006257,0.0,0.0,0.0,0.0,0.0,0.0,,0.0,0.0,0.0,0.01984714289360107,0.0,0.0,0.0,0,0.0,0.0
2020-04-17,306.5,0.06980802792321117,368.0,0.017980636237897585,0.051827391685313584,0.051827391685313584,0.030495594406786987,0.019522506882135922,1,1,1.0,5,0.3092552104133798,-2.0,5.0,613.0,-1840.0,0.0,0.0,Opened,613.0,-1840.0,0.0,0.030495594406786987,2453.0,0.0,0.0,0,0.0,2453.0
2020-04-20,304.0,-0.00815660685154973,370.0,0.005434782608695565,-0.013591389460245296,0.013591389460245296,0.03139747181363804,0.019441629337500762,0,0,-1.0,5,0.8109625286041086,2.0,-5.0,-608.0,1850.0,5.0,10.0,Closed,-608.0,1850.0,15.0,0.03139747181363804,2458.0,15.0,0.006102522375915379,0,15.0,0.0
2020-04-21,295.0,-0.02960526315789469,353.5,-0.04459459459459458,0.014989331436699893,0.014989331436699893,0.03750451680102249,0.023742939314698532,1,0,0.0,5,1.8050145060314573,0.0,0.0,0.0,0.0,0.0,0.0,,0.0,0.0,0.0,0.03750451680102249,0.0,0.0,0.0,0,0.0,0.0
2020-04-22,294.0,-0.003389830508474523,346.0,-0.021216407355021172,0.01782657684654665,0.01782657684654665,0.03779207869105709,0.02419918806580185,1,0,0.0,5,7.3658459140375685,0.0,0.0,0.0,0.0,0.0,0.0,,0.0,0.0,0.0,0.03779207869105709,0.0,0.0,0.0,0,0.0,0.0
2020-04-23,295.5,0.005102040816326481,351.0,0.014450867052023142,-0.009348826235696661,0.009348826235696661,0.03750252955094209,0.026665989936409975,0,0,0.0,5,3.3643379008832275,0.0,0.0,0.0,0.0,0.0,0.0,,0.0,0.0,0.0,0.03750252955094209,0.0,0.0,0.0,0,0.0,0.0
2020-04-24,294.0,-0.005076142131979711,348.5,-0.007122507122507171,0.0020463649905274606,0.0020463649905274606,0.01292308512894459,0.02326528131547746,1,0,0.0,5,1.6632386572862827,0.0,0.0,0.0,0.0,0.0,0.0,,0.0,0.0,0.0,0.02326528131547746,0.0,0.0,0.0,0,0.0,0.0
2020-04-27,298.0,0.013605442176870763,372.0,0.06743185078909608,-0.05382640861222532,0.05382640861222532,0.01620090791628873,0.042512963633756944,0,1,1.0,5,6.186985450588802,31.0,-5.0,-9238.0,1860.0,0.0,0.0,Opened,-9238.0,1860.0,0.0,0.042512963633756944,11098.0,0.0,0.0,0,0.0,11098.0
2020-04-28,296.5,-0.005033557046979831,375.0,0.008064516129032251,-0.013098073176012082,0.013098073176012082,0.008190073079009635,0.03377376023785673,0,1,0.0,5,2.0263286732307146,-31.0,5.0,9191.5,-1875.0,-46.5,-15.0,Live,0.0,0.0,0.0,0.03377376023785673,11066.5,-61.5,-0.005557312610129671,0,0.0,0.0
2020-04-29,299.0,0.008431703204047292,398.0,0.06133333333333324,-0.05290163012928595,0.05290163012928595,0.008296621693629958,0.03345563144768401,0,1,0.0,5,9.68262564102554,-31.0,5.0,9269.0,-1990.0,31.0,-130.0,Live,0.0,0.0,0.0,0.03345563144768401,11259.0,-99.0,-0.008792965627498001,0,0.0,0.0
2020-04-30,304.5,0.018394648829431537,415.0,0.04271356783919589,-0.02431891900976435,0.02431891900976435,0.010744566154318987,0.032799633845946585,0,1,0.0,5,3.1647189522774104,-31.0,5.0,9439.5,-2075.0,201.5,-215.0,Live,0.0,0.0,0.0,0.032799633845946585,11514.5,-13.5,-0.0011724347561769943,0,0.0,0.0
2020-05-04,295.0,-0.031198686371100126,399.5,-0.03734939759036149,0.006150711219261362,0.006150711219261362,0.019935723361365124,0.04344385950672894,1,0,-1.0,5,1.6212204034693674,-31.0,5.0,9145.0,-1997.5,-93.0,-137.5,Closed,9145.0,-1997.5,-230.5,0.04344385950672894,11142.5,-230.5,-0.020686560466681624,0,-230.5,0.0
2020-05-05,295.5,0.0016949152542373724,401.5,0.005006257822277815,-0.003311342568040443,0.003311342568040443,0.018702488868123618,0.03807462269458889,0,0,0.0,5,4.013222958477906,0.0,0.0,0.0,0.0,0.0,0.0,,0.0,0.0,0.0,0.03807462269458889,0.0,0.0,0.0,0,0.0,0.0
2020-05-06,296.0,0.0016920473773265332,408.0,0.016189290161892966,-0.014497242784566433,0.014497242784566433,0.018630326931698336,0.03782632081730503,0,0,0.0,5,13.188145804584462,0.0,0.0,0.0,0.0,0.0,0.0,,0.0,0.0,0.0,0.03782632081730503,0.0,0.0,0.0,0,0.0,0.0
2020-05-07,297.5,0.0050675675675675436,411.0,0.007352941176470562,-0.0022853736089030185,0.0022853736089030185,0.01829858940679473,0.028855823335791297,0,0,0.0,5,2.004547701433517,0.0,0.0,0.0,0.0,0.0,0.0,,0.0,0.0,0.0,0.028855823335791297,0.0,0.0,0.0,0,0.0,0.0
2020-05-08,297.5,0.0,411.5,0.0012165450121655041,-0.0012165450121655041,0.0012165450121655041,0.015010951888415593,0.020773627786892075,0,0,0.0,5,inf,0.0,0.0,0.0,0.0,0.0,0.0,,0.0,0.0,0.0,0.020773627786892075,0.0,0.0,0.0,0,0.0,0.0
2020-05-11,301.0,0.0117647058823529,410.0,-0.0036452004860266785,0.015409906368379578,0.015409906368379578,0.004692035966734811,0.0074084378120266355,1,1,1.0,5,0.4220439765383063,-3.0,5.0,903.0,-2050.0,0.0,0.0,Opened,903.0,-2050.0,0.0,0.0074084378120266355,2953.0,0.0,0.0,0,0.0,2953.0
2020-05-12,295.0,-0.019933554817275767,407.0,-0.007317073170731714,-0.012616481646544053,0.012616481646544053,0.011873299767154583,0.009305874363950912,0,0,-1.0,5,0.5064365440264571,3.0,-5.0,-885.0,2035.0,18.0,-15.0,Closed,-885.0,2035.0,3.0,0.011873299767154583,2920.0,3.0,0.0010273972602739725,0,3.0,0.0
2020-05-13,297.0,0.006779661016949046,420.0,0.03194103194103204,-0.025161370924082993,0.025161370924082993,0.01229525173937987,0.015556208915191194,0,1,1.0,5,6.662447571538606,34.0,-5.0,-10098.0,2100.0,0.0,0.0,Opened,-10098.0,2100.0,0.0,0.015556208915191194,12198.0,0.0,0.0,0,0.0,12198.0
2020-05-14,293.0,-0.013468013468013518,411.0,-0.021428571428571463,0.007960557960557946,0.007960557960557946,0.01340670369466501,0.019669790590597144,1,0,-1.0,5,2.2318442223305657,-34.0,5.0,9962.0,-2055.0,-136.0,45.0,Closed,9962.0,-2055.0,-91.0,0.019669790590597144,12017.0,-91.0,-0.007572605475576267,0,-91.0,0.0
2020-05-15,298.0,0.017064846416382284,411.0,0.0,0.017064846416382284,0.017064846416382284,0.016227602613522466,0.019660873422381542,1,0,0.0,5,0.0,0.0,0.0,0.0,0.0,0.0,0.0,,0.0,0.0,0.0,0.019660873422381542,0.0,0.0,0.0,0,0.0,0.0
2020-05-18,290.0,-0.02684563758389258,440.5,0.07177615571776164,-0.09862179330165421,0.09862179330165421,0.0185173145174374,0.03728479190832846,0,1,1.0,5,4.061200079704684,21.0,-5.0,-6090.0,2202.5,0.0,0.0,Opened,-6090.0,2202.5,0.0,0.03728479190832846,8292.5,0.0,0.0,0,0.0,8292.5
2020-05-19,291.5,0.005172413793103514,462.0,0.04880817253121461,-0.0436357587381111,0.0436357587381111,0.01761021773202207,0.03733695831770594,0,1,0.0,5,14.955560790696513,-21.0,5.0,6121.5,-2310.0,31.5,-107.5,Live,0.0,0.0,0.0,0.03733695831770594,8431.5,-76.0,-0.009013817232995314,0,0.0,0.0
2020-05-20,294.0,0.00857632933104635,470.0,0.017316017316017396,-0.008739687984971045,0.008739687984971045,0.01785736320662072,0.03734952319146135,0,1,0.0,5,3.227729186912861,-21.0,5.0,6174.0,-2350.0,84.0,-147.5,Live,0.0,0.0,0.0,0.03734952319146135,8524.0,-63.5,-0.007449554199906147,0,0.0,0.0
2020-05-21,297.5,0.011904761904761862,464.5,-0.011702127659574457,0.02360688956433632,0.02360688956433632,0.017346031798987593,0.034589161750489275,1,0,-1.0,5,1.5347684605757237,-21.0,5.0,6247.5,-2322.5,157.5,-120.0,Closed,6247.5,-2322.5,37.5,0.034589161750489275,8570.0,37.5,0.004375729288214702,0,37.5,0.0
2020-05-22,292.0,-0.01848739495798324,442.0,-0.0484391819160388,0.02995178695805556,0.02995178695805556,0.017514607576550108,0.04771765735029938,1,0,0.0,5,3.966071124563827,0.0,0.0,0.0,0.0,0.0,0.0,,0.0,0.0,0.0,0.04771765735029938,0.0,0.0,0.0,0,0.0,0.0
2020-05-25,292.0,0.0,460.0,0.040723981900452566,-0.040723981900452566,0.040723981900452566,0.011974387154187166,0.03996095846265991,0,0,0.0,5,inf,0.0,0.0,0.0,0.0,0.0,0.0,,0.0,0.0,0.0,0.03996095846265991,0.0,0.0,0.0,0,0.0,0.0
2020-05-26,295.5,0.011986301369863117,460.0,0.0,0.011986301369863117,0.011986301369863117,0.012861219876234575,0.033319281928516985,1,0,0.0,5,0.0,0.0,0.0,0.0,0.0,0.0,0.0,,0.0,0.0,0.0,0.033319281928516985,0.0,0.0,0.0,0,0.0,0.0
2020-05-27,296.5,0.0033840947546530664,464.5,0.009782608695652284,-0.0063985139409992176,0.0063985139409992176,0.012481843716171701,0.032476417248574,0,0,0.0,5,4.528696202067736,0.0,0.0,0.0,0.0,0.0,0.0,,0.0,0.0,0.0,0.032476417248574,0.0,0.0,0.0,0,0.0,0.0
2020-05-28,294.0,-0.00843170320404718,460.0,-0.009687836383207804,0.0012561331791606234,0.0012561331791606234,0.011633211136021247,0.03233703940347579,1,0,0.0,5,1.7977197337492765,0.0,0.0,0.0,0.0,0.0,0.0,,0.0,0.0,0.0,0.03233703940347579,0.0,0.0,0.0,0,0.0,0.0
2020-05-29,292.0,-0.006802721088435382,463.0,0.006521739130434856,-0.013324460218870238,0.013324460218870238,0.008253642427710484,0.01898884493456541,0,0,0.0,5,1.5201235854675557,0.0,0.0,0.0,0.0,0.0,0.0,,0.0,0.0,0.0,0.01898884493456541,0.0,0.0,0.0,0,0.0,0.0
2020-06-01,295.5,0.011986301369863117,461.5,-0.003239740820734305,0.015226042190597422,0.015226042190597422,0.009833306539241134,0.007750840157430026,1,1,1.0,5,0.422123271472574,-3.0,5.0,886.5,-2307.5,0.0,0.0,Opened,886.5,-2307.5,0.0,0.009833306539241134,3194.0,0.0,0.0,0,0.0,3194.0
2020-06-02,296.5,0.0033840947546530664,485.0,0.050920910075839654,-0.04753681532118659,0.04753681532118659,0.008388505148704397,0.02369532688984647,0,0,-1.0,5,24.613347486658643,3.0,-5.0,-889.5,2425.0,-3.0,117.5,Closed,-889.5,2425.0,114.5,0.02369532688984647,3314.5,114.5,0.03454518026851712,0,114.5,0.0
2020-06-03,301.0,0.015177065767284947,490.0,0.010309278350515427,0.00486778741676952,0.00486778741676952,0.01067637171709912,0.02369051287117154,1,0,0.0,5,1.1057833186819035,0.0,0.0,0.0,0.0,0.0,0.0,,0.0,0.0,0.0,0.02369051287117154,0.0,0.0,0.0,0,0.0,0.0
2020-06-04,306.0,0.01661129568106312,490.0,0.0,0.01661129568106312,0.01661129568106312,0.00977186094618601,0.021908245350995087,1,0,0.0,5,0.0,0.0,0.0,0.0,0.0,0.0,0.0,,0.0,0.0,0.0,0.021908245350995087,0.0,0.0,0.0,0,0.0,0.0
2020-06-05,311.5,0.017973856209150263,494.0,0.008163265306122547,0.009810590903027716,0.009810590903027716,0.005831166666235098,0.02180075903324218,1,0,0.0,5,0.7202637307659203,0.0,0.0,0.0,0.0,0.0,0.0,,0.0,0.0,0.0,0.02180075903324218,0.0,0.0,0.0,0,0.0,0.0
2020-06-08,318.0,0.020866773675762396,494.5,0.0010121457489877805,0.019854627926774615,0.019854627926774615,0.006719838819271996,0.021068305311928808,1,0,0.0,5,0.07542701582021956,0.0,0.0,0.0,0.0,0.0,0.0,,0.0,0.0,0.0,0.021068305311928808,0.0,0.0,0.0,0,0.0,0.0
2020-06-09,319.0,0.003144654088050425,497.5,0.006066734074823055,-0.00292207998677263,0.00292207998677263,0.006821636859187833,0.004477018358877917,0,0,0.0,5,3.0087387595841624,0.0,0.0,0.0,0.0,0.0,0.0,,0.0,0.0,0.0,0.006821636859187833,0.0,0.0,0.0,0,0.0,0.0
2020-06-10,322.5,0.01097178683385569,500.0,0.005025125628140614,0.005946661205715076,0.005946661205715076,0.007013100729510013,0.0034484792515085214,1,0,0.0,5,0.7100841972876509,0.0,0.0,0.0,0.0,0.0,0.0,,0.0,0.0,0.0,0.007013100729510013,0.0,0.0,0.0,0,0.0,0.0
2020-06-11,320.5,-0.006201550387596955,496.5,-0.007000000000000006,0.0007984496124030516,0.0007984496124030516,0.01106790625637036,0.005989916416673659,1,0,0.0,5,1.7485939937597363,0.0,0.0,0.0,0.0,0.0,0.0,,0.0,0.0,0.0,0.01106790625637036,0.0,0.0,0.0,0,0.0,0.0
2020-06-12,316.0,-0.01404056162246492,492.5,-0.00805639476334341,-0.005984166859121509,0.005984166859121509,0.013764335945488055,0.006618983399738102,0,0,0.0,5,0.8942838972668025,0.0,0.0,0.0,0.0,0.0,0.0,,0.0,0.0,0.0,0.013764335945488055,0.0,0.0,0.0,0,0.0,0.0
2020-06-15,309.5,-0.020569620253164556,492.5,0.0,-0.020569620253164556,0.020569620253164556,0.012712662141984644,0.006573034665340059,0,0,0.0,5,0.0,0.0,0.0,0.0,0.0,0.0,0.0,,0.0,0.0,0.0,0.012712662141984644,0.0,0.0,0.0,0,0.0,0.0
2020-06-16,315.0,0.017770597738287597,510.0,0.035532994923857864,-0.017762397185570267,0.017762397185570267,0.01632288496872935,0.017830335868824675,0,0,0.0,5,3.2373481002922557,0.0,0.0,0.0,0.0,0.0,0.0,,0.0,0.0,0.0,0.017830335868824675,0.0,0.0,0.0,0,0.0,0.0
2020-06-17,315.0,0.0,510.0,0.0,0.0,0.0,0.014733645536494845,0.01797665843541996,1,0,0.0,5,,0.0,0.0,0.0,0.0,0.0,0.0,,0.0,0.0,0.0,0.01797665843541996,0.0,0.0,0.0,0,0.0,0.0
2020-06-18,314.5,-0.0015873015873015817,513.0,0.00588235294117645,-0.007469654528478031,0.007469654528478031,0.014753391939117731,0.01687851704503496,0,0,0.0,5,6.044889179837277,0.0,0.0,0.0,0.0,0.0,0.0,,0.0,0.0,0.0,0.01687851704503496,0.0,0.0,0.0,0,0.0,0.0
2020-06-19,314.5,0.0,546.0,0.06432748538011701,-0.06432748538011701,0.06432748538011701,0.013579165841820007,0.02827946173095534,0,0,0.0,5,inf,0.0,0.0,0.0,0.0,0.0,0.0,,0.0,0.0,0.0,0.02827946173095534,0.0,0.0,0.0,0,0.0,0.0
2020-06-22,312.0,-0.007949125596184436,576.0,0.05494505494505497,-0.06289418054123941,0.06289418054123941,0.009590906566950289,0.02867952562553166,0,1,1.0,5,12.760777683854586,64.0,-5.0,-19968.0,2880.0,0.0,0.0,Opened,-19968.0,2880.0,0.0,0.02867952562553166,22848.0,0.0,0.0,0,0.0,22848.0
2020-06-23,315.0,0.009615384615384581,574.0,-0.00347222222222221,0.013087606837606791,0.013087606837606791,0.0062881336364521674,0.03256650255647179,1,0,-1.0,5,0.6580246913580247,-64.0,5.0,20160.0,-2870.0,192.0,10.0,Closed,20160.0,-2870.0,202.0,0.03256650255647179,23030.0,202.0,0.00877116804168476,0,202.0,0.0
2020-06-24,317.5,0.007936507936507908,580.0,0.010452961672473782,-0.0025164537359658734,0.0025164537359658734,0.007216341985150156,0.03090688500388022,0,0,0.0,5,2.405991933935076,0.0,0.0,0.0,0.0,0.0,0.0,,0.0,0.0,0.0,0.03090688500388022,0.0,0.0,0.0,0,0.0,0.0
2020-06-29,312.0,-0.017322834645669305,565.0,-0.025862068965517238,0.008539234319847933,0.008539234319847933,0.011256032698131498,0.03850802754859154,1,0,0.0,5,2.703573366288881,0.0,0.0,0.0,0.0,0.0,0.0,,0.0,0.0,0.0,0.03850802754859154,0.0,0.0,0.0,0,0.0,0.0
2020-06-30,313.0,0.0032051282051281937,579.0,0.024778761061946986,-0.021573632856818792,0.021573632856818792,0.01145544508666191,0.03034284007902284,0,0,0.0,5,14.301065905171294,0.0,0.0,0.0,0.0,0.0,0.0,,0.0,0.0,0.0,0.03034284007902284,0.0,0.0,0.0,0,0.0,0.0
2020-07-01,317.5,0.01437699680511173,577.0,-0.003454231433506094,0.017831228238617824,0.017831228238617824,0.012339445046860742,0.018807526520428927,1,0,0.0,5,0.43663177681374493,0.0,0.0,0.0,0.0,0.0,0.0,,0.0,0.0,0.0,0.018807526520428927,0.0,0.0,0.0,0,0.0,0.0
2020-07-02,322.0,0.014173228346456623,574.0,-0.005199306759098743,0.019372535105555366,0.019372535105555366,0.013046506941152156,0.0189140157022256,1,1,1.0,5,0.6539321327204658,-4.0,5.0,1288.0,-2870.0,0.0,0.0,Opened,1288.0,-2870.0,0.0,0.0189140157022256,4158.0,0.0,0.0,0,0.0,4158.0
2020-07-03,329.5,0.02329192546583858,585.0,0.019163763066202044,0.004128162399636537,0.004128162399636537,0.015619050387931616,0.020440612629390766,1,1,0.0,5,1.4607498427032748,4.0,-5.0,-1318.0,2925.0,-30.0,55.0,Live,0.0,0.0,0.0,0.020440612629390766,4243.0,25.0,0.005892057506481263,0,0.0,0.0
2020-07-06,338.0,0.025796661608497695,589.0,0.006837606837606813,0.018959054770890882,0.018959054770890882,0.008925865320412113,0.013341891017812383,1,1,0.0,5,0.46189069467872,4.0,-5.0,-1352.0,2945.0,-64.0,75.0,Live,0.0,0.0,0.0,0.013341891017812383,4297.0,11.0,0.002559925529439144,0,0.0,0.0
2020-07-07,338.5,0.0014792899408284654,618.0,0.04923599320882843,-0.04775670326799997,0.04775670326799997,0.009563125294332708,0.022307336611293062,0,0,-1.0,5,60.765797373308594,4.0,-5.0,-1354.0,3090.0,-66.0,220.0,Closed,-1354.0,3090.0,154.0,0.022307336611293062,4444.0,154.0,0.034653465346534656,0,154.0,0.0
2020-07-08,341.0,0.007385524372230501,661.0,0.06957928802588986,-0.06219376365365936,0.06219376365365936,0.010309535264008416,0.030854072875534544,0,1,1.0,5,18.26189011948465,92.0,-5.0,-31372.0,3305.0,0.0,0.0,Opened,-31372.0,3305.0,0.0,0.030854072875534544,34677.0,0.0,0.0,0,0.0,34677.0
2020-07-09,345.0,0.011730205278592365,651.0,-0.015128593040847238,0.026858798319439603,0.026858798319439603,0.010382106232760108,0.03370659756019172,1,0,-1.0,5,2.433631520094726,-92.0,5.0,31740.0,-3255.0,368.0,50.0,Closed,31740.0,-3255.0,418.0,0.03370659756019172,34995.0,418.0,0.011944563509072725,0,418.0,0.0
2020-07-10,348.5,0.010144927536231974,616.0,-0.053763440860215006,0.06390836839644698,0.06390836839644698,0.008992241992912152,0.04946523072823568,1,1,1.0,5,9.367334660063777,-47.0,5.0,16379.5,-3080.0,0.0,0.0,Opened,16379.5,-3080.0,0.0,0.04946523072823568,19459.5,0.0,0.0,0,0.0,19459.5
2020-07-13,354.5,0.017216642754662947,629.0,0.02110389610389607,-0.003887253349233122,0.003887253349233122,0.005781380126844689,0.049551099028576726,0,0,-1.0,5,2.1749464980247604,47.0,-5.0,-16661.5,3145.0,-282.0,65.0,Closed,-16661.5,3145.0,-217.0,0.049551099028576726,19806.5,-217.0,-0.010955999293161336,0,-217.0,0.0
2020-07-14,363.5,0.02538787023977429,611.0,-0.02861685214626386,0.05400472238603815,0.05400472238603815,0.0071256481609826925,0.04799906207132306,1,1,1.0,5,1.8946647918247561,-10.0,5.0,3635.0,-3055.0,0.0,0.0,Opened,3635.0,-3055.0,0.0,0.04799906207132306,6690.0,0.0,0.0,0,0.0,6690.0
2020-07-15,363.0,-0.0013755158184318717,609.0,-0.00327332242225864,0.0018978066038267682,0.0018978066038267682,0.00983539288784981,0.02794936719069766,1,1,0.0,5,3.9923983173501365,10.0,-5.0,-3630.0,3045.0,5.0,-10.0,Live,0.0,0.0,0.0,0.02794936719069766,6675.0,-5.0,-0.000749063670411985,0,0.0,0.0
2020-07-16,357.5,-0.015151515151515138,599.0,-0.016420361247947435,0.0012688460964322967,0.0012688460964322967,0.015913234759510002,0.027946011988543986,1,1,0.0,5,1.8158393330807119,10.0,-5.0,-3575.0,2995.0,60.0,-60.0,Live,0.0,0.0,0.0,0.027946011988543986,6570.0,0.0,0.0,0,0.0,0.0
2020-07-17,367.0,0.02657342657342654,607.0,0.013355592654423987,0.013217833919002553,0.013217833919002553,0.01819437112696332,0.020522202092781196,1,1,0.0,5,0.83126258281705,10.0,-5.0,-3670.0,3035.0,-35.0,-20.0,Live,0.0,0.0,0.0,0.020522202092781196,6705.0,-55.0,-0.00820283370618941,0,0.0,0.0
2020-07-20,366.0,-0.0027247956403270157,601.0,-0.009884678747940745,0.007159883107613729,0.007159883107613729,0.018544500757694777,0.015598297346578152,1,1,0.0,5,5.95692332622135,10.0,-5.0,-3660.0,3005.0,-25.0,-50.0,Live,0.0,0.0,0.0,0.018544500757694777,6665.0,-75.0,-0.011252813203300824,0,0.0,0.0
2020-07-21,383.0,0.04644808743169393,637.0,0.05990016638935103,-0.013452078957657099,0.013452078957657099,0.025120812764730386,0.03067127553007661,0,0,-1.0,5,2.1448693890870985,10.0,-5.0,-3830.0,3185.0,-195.0,130.0,Closed,-3830.0,3185.0,-65.0,0.03067127553007661,7015.0,-65.0,-0.009265858873841768,0,-65.0,0.0
2020-07-22,384.0,0.0026109660574411553,664.0,0.042386185243328045,-0.03977521918588689,0.03977521918588689,0.02469932627912764,0.032916975604921975,0,1,1.0,5,28.071134222920957,141.0,-5.0,-54144.0,3320.0,0.0,0.0,Opened,-54144.0,3320.0,0.0,0.032916975604921975,57464.0,0.0,0.0,0,0.0,57464.0
2020-07-23,381.5,-0.00651041666666663,677.0,0.01957831325301207,-0.0260887299196787,0.0260887299196787,0.02257476230795643,0.026936064345286947,0,1,0.0,5,5.336550395553416,-141.0,5.0,53791.5,-3385.0,-352.5,-65.0,Live,0.0,0.0,0.0,0.026936064345286947,57176.5,-417.5,-0.007301950976362667,0,0.0,0.0
2020-07-24,386.0,0.011795543905635641,675.0,-0.002954209748892156,0.014749753654527797,0.014749753654527797,0.021332338590343766,0.029567884725401426,1,0,-1.0,5,0.43796542196982835,-141.0,5.0,54426.0,-3375.0,282.0,-55.0,Closed,54426.0,-3375.0,227.0,0.029567884725401426,57801.0,227.0,0.003927267694330548,0,227.0,0.0
2020-07-27,424.5,0.09974093264248696,728.0,0.07851851851851843,0.021222414123968525,0.021222414123968525,0.04343262472763511,0.032195396257274495,1,0,0.0,5,1.350057782378159,0.0,0.0,0.0,0.0,0.0,0.0,,0.0,0.0,0.0,0.04343262472763511,0.0,0.0,0.0,0,0.0,0.0
2020-07-28,435.0,0.02473498233215543,680.0,-0.06593406593406592,0.09066904826622135,0.09066904826622135,0.042555671788785505,0.054027594357466,1,1,1.0,5,4.166946354138479,-21.0,5.0,9135.0,-3400.0,0.0,0.0,Opened,9135.0,-3400.0,0.0,0.054027594357466,12535.0,0.0,0.0,0,0.0,12535.0
2020-07-29,422.0,-0.029885057471264354,682.0,0.002941176470588225,-0.03282623394185258,0.03282623394185258,0.04909090437896468,0.051735930368362534,0,0,-1.0,5,0.15905191825180626,21.0,-5.0,-8862.0,3410.0,273.0,10.0,Closed,-8862.0,3410.0,283.0,0.051735930368362534,12272.0,283.0,0.023060625814863102,0,283.0,0.0
2020-07-30,434.0,0.028436018957346043,683.0,0.0014662756598240456,0.026969743297521998,0.026969743297521998,0.046812163694144635,0.05121663612424025,1,0,0.0,5,0.08114799699086872,0.0,0.0,0.0,0.0,0.0,0.0,,0.0,0.0,0.0,0.05121663612424025,0.0,0.0,0.0,0,0.0,0.0
2020-07-31,425.5,-0.019585253456221197,701.0,0.026354319180087904,-0.0459395726363091,0.0459395726363091,0.051247792900162445,0.05206253547066761,0,0,0.0,5,2.216874249377166,0.0,0.0,0.0,0.0,0.0,0.0,,0.0,0.0,0.0,0.05206253547066761,0.0,0.0,0.0,0,0.0,0.0
2020-08-03,416.0,-0.022326674500587562,696.0,-0.007132667617689048,-0.015194006882898514,0.015194006882898514,0.027956306423367605,0.03444410201574093,0,0,0.0,5,0.5344952554765624,0.0,0.0,0.0,0.0,0.0,0.0,,0.0,0.0,0.0,0.03444410201574093,0.0,0.0,0.0,0,0.0,0.0
2020-08-04,425.5,0.022836538461538547,732.0,0.051724137931034475,-0.028887599469495928,0.028887599469495928,0.02748200975769139,0.023958243937090142,0,1,1.0,5,3.8964984079794944,20.0,-5.0,-8510.0,3660.0,0.0,0.0,Opened,-8510.0,3660.0,0.0,0.02748200975769139,12170.0,0.0,0.0,0,0.0,12170.0
2020-08-05,429.0,0.008225616921269108,730.0,-0.002732240437158473,0.01095785735842758,0.01095785735842758,0.023547732224206884,0.024796023063804237,1,0,-1.0,5,0.5652180242344175,-20.0,5.0,8580.0,-3650.0,70.0,10.0,Closed,8580.0,-3650.0,80.0,0.024796023063804237,12230.0,80.0,0.006541291905151268,0,80.0,0.0
2020-08-06,435.0,0.013986013986013957,732.0,0.00273972602739736,0.011246287958616596,0.011246287958616596,0.02040142271398307,0.02464198307254742,1,0,0.0,5,0.3296362777515479,0.0,0.0,0.0,0.0,0.0,0.0,,0.0,0.0,0.0,0.02464198307254742,0.0,0.0,0.0,0,0.0,0.0
2020-08-07,433.0,-0.0045977011494252595,705.0,-0.03688524590163933,0.03228754475221407,0.03228754475221407,0.017597597280736916,0.03197598211701377,1,1,1.0,5,13.062104834740543,-66.0,5.0,28578.0,-3525.0,0.0,0.0,Opened,28578.0,-3525.0,0.0,0.03197598211701377,32103.0,0.0,0.0,0,0.0,32103.0
2020-08-10,435.5,0.005773672055427337,706.0,0.0014184397163119478,0.004355232339115389,0.004355232339115389,0.010147866350759465,0.031622706087079275,1,1,0.0,5,0.39826790759781716,66.0,-5.0,-28743.0,3530.0,-165.0,5.0,Live,0.0,0.0,0.0,0.031622706087079275,32273.0,-160.0,-0.004957704582778174,0,0.0,0.0
2020-08-11,429.0,-0.014925373134328401,693.0,-0.018413597733711096,0.0034882245993826944,0.0034882245993826944,0.011469398482172362,0.016853092361726146,1,1,0.0,5,1.9929178470254951,66.0,-5.0,-28314.0,3465.0,264.0,-60.0,Live,0.0,0.0,0.0,0.016853092361726146,31779.0,204.0,0.006419333522137261,0,0.0,0.0
2020-08-12,419.0,-0.023310023310023298,680.0,-0.018759018759018753,-0.004551004551004545,0.004551004551004545,0.015080867165551945,0.016460614228270085,0,0,-1.0,5,1.3060575065348337,66.0,-5.0,-27654.0,3400.0,924.0,-125.0,Closed,-27654.0,3400.0,799.0,0.016460614228270085,31054.0,799.0,0.025729374637727828,0,799.0,0.0
2020-08-13,429.0,0.023866348448687402,684.0,0.00588235294117645,0.017983995507510953,0.017983995507510953,0.01840780558914624,0.017297366178893974,1,0,0.0,5,0.39297408473878837,0.0,0.0,0.0,0.0,0.0,0.0,,0.0,0.0,0.0,0.01840780558914624,0.0,0.0,0.0,0,0.0,0.0
2020-08-14,427.0,-0.004662004662004615,680.0,-0.005847953216374324,0.001185948554369709,0.001185948554369709,0.01840953887643955,0.011253815752346043,1,0,0.0,5,1.9976169933029684,0.0,0.0,0.0,0.0,0.0,0.0,,0.0,0.0,0.0,0.01840953887643955,0.0,0.0,0.0,0,0.0,0.0
2020-08-17,435.0,0.0187353629976581,685.0,0.007352941176470562,0.011382421821187538,0.011382421821187538,0.020666743610414783,0.012613437425801597,1,0,0.0,5,0.6180168187964813,0.0,0.0,0.0,0.0,0.0,0.0,,0.0,0.0,0.0,0.020666743610414783,0.0,0.0,0.0,0,0.0,0.0
2020-08-18,433.0,-0.0045977011494252595,617.0,-0.09927007299270074,0.09467237184327548,0.09467237184327548,0.01927899511837036,0.04438748457453123,1,1,1.0,5,30.7662716407345,-154.0,5.0,66682.0,-3085.0,0.0,0.0,Opened,66682.0,-3085.0,0.0,0.04438748457453123,69767.0,0.0,0.0,0,0.0,69767.0
2020-08-19,427.5,-0.012702078521939941,609.0,-0.012965964343598091,0.00026388582165814967,0.00026388582165814967,0.016121654992492955,0.04457263782692485,1,1,0.0,5,1.4541566824088417,154.0,-5.0,-65835.0,3045.0,847.0,-40.0,Live,0.0,0.0,0.0,0.04457263782692485,68880.0,807.0,0.01171602787456446,0,0.0,0.0
2020-08-20,415.0,-0.0292397660818714,565.0,-0.07224958949096882,0.043009823409097425,0.043009823409097425,0.017316054863878116,0.04646113500999251,1,1,0.0,5,3.364045343937321,154.0,-5.0,-63910.0,2825.0,2772.0,-260.0,Live,0.0,0.0,0.0,0.04646113500999251,66735.0,2512.0,0.03764141754701431,0,0.0,0.0
2020-08-21,424.5,0.02289156626506017,604.0,0.0690265486725663,-0.04613498240750613,0.04613498240750613,0.021838363307060012,0.06656577498998398,0,0,-1.0,5,4.290420851841925,154.0,-5.0,-65373.0,3020.0,1309.0,-65.0,Closed,-65373.0,3020.0,1244.0,0.06656577498998398,68393.0,1244.0,0.018188995949877912,0,1244.0,0.0
2020-08-24,428.0,0.008244994110718551,585.0,-0.0314569536423841,0.03970194775310265,0.03970194775310265,0.01988717499674912,0.06457555086728632,1,0,0.0,5,5.214809038983507,0.0,0.0,0.0,0.0,0.0,0.0,,0.0,0.0,0.0,0.06457555086728632,0.0,0.0,0.0,0,0.0,0.0
2020-08-25,434.5,0.015186915887850372,589.0,0.006837606837606813,0.008349309050243559,0.008349309050243559,0.02141911020699554,0.052096094662400186,1,0,0.0,5,0.6103234426506108,0.0,0.0,0.0,0.0,0.0,0.0,,0.0,0.0,0.0,0.052096094662400186,0.0,0.0,0.0,0,0.0,0.0
2020-08-26,442.0,0.017261219792865434,578.0,-0.018675721561969394,0.03593694135483483,0.03593694135483483,0.02085452549451722,0.0522899514304909,1,0,0.0,5,1.414853510948578,0.0,0.0,0.0,0.0,0.0,0.0,,0.0,0.0,0.0,0.0522899514304909,0.0,0.0,0.0,0,0.0,0.0
2020-08-27,444.0,0.004524886877828038,558.0,-0.03460207612456745,0.03912696300239549,0.03912696300239549,0.007302181191865536,0.04281152290950887,1,0,0.0,5,9.610492845786991,0.0,0.0,0.0,0.0,0.0,0.0,,0.0,0.0,0.0,0.04281152290950887,0.0,0.0,0.0,0,0.0,0.0
2020-08-28,435.0,-0.020270270270270285,574.0,0.028673835125448077,-0.04894410539571836,0.04894410539571836,0.015028743284264396,0.02701842441525409,0,1,1.0,5,1.866589763660585,10.0,-5.0,-4350.0,2870.0,0.0,0.0,Opened,-4350.0,2870.0,0.0,0.02701842441525409,7220.0,0.0,0.0,0,0.0,7220.0
2020-08-31,426.5,-0.019540229885057436,556.0,-0.03135888501742157,0.011818655132364131,0.011818655132364131,0.018304104110469534,0.026998841410434467,1,0,-1.0,5,2.0921205241882883,-10.0,5.0,4265.0,-2780.0,-85.0,90.0,Closed,4265.0,-2780.0,5.0,0.026998841410434467,7045.0,5.0,0.0007097232079489,0,5.0,0.0
2020-09-01,435.0,0.01992966002344665,576.0,0.03597122302158273,-0.016041562998136083,0.016041562998136083,0.019413874492993553,0.03378479914662523,0,0,0.0,5,2.389948487457499,0.0,0.0,0.0,0.0,0.0,0.0,,0.0,0.0,0.0,0.03378479914662523,0.0,0.0,0.0,0,0.0,0.0
2020-09-02,433.0,-0.0045977011494252595,596.0,0.03472222222222232,-0.03931992337164758,0.03931992337164758,0.01696967576109465,0.03632918018385039,0,1,1.0,5,10.395015396458907,52.0,-5.0,-22516.0,2980.0,0.0,0.0,Opened,-22516.0,2980.0,0.0,0.03632918018385039,25496.0,0.0,0.0,0,0.0,25496.0
2020-09-03,436.0,0.006928406466512715,603.0,0.011744966442952975,-0.00481655997644026,0.00481655997644026,0.01730199421354379,0.028155614827629044,0,1,0.0,5,2.3444946431869824,-52.0,5.0,22672.0,-3015.0,156.0,-35.0,Live,0.0,0.0,0.0,0.028155614827629044,25687.0,121.0,0.004710553976719742,0,0.0,0.0
2020-09-04,429.0,-0.016055045871559592,603.0,0.0,-0.016055045871559592,0.016055045871559592,0.016358133568752473,0.027834609297810824,0,1,0.0,5,0.0,-52.0,5.0,22308.0,-3015.0,-208.0,-35.0,Live,0.0,0.0,0.0,0.027834609297810824,25323.0,-243.0,-0.00959601942897761,0,0.0,0.0
2020-09-07,426.0,-0.006993006993006978,598.0,-0.008291873963515717,0.0012988669705087386,0.0012988669705087386,0.01390031991619102,0.02004195100920767,1,0,-1.0,5,1.664486643464987,-52.0,5.0,22152.0,-2990.0,-364.0,-10.0,Closed,22152.0,-2990.0,-374.0,0.02004195100920767,25142.0,-374.0,-0.014875507119560894,0,-374.0,0.0
2020-09-08,431.0,0.011737089201877993,604.0,0.010033444816053505,0.0017036443858244876,0.0017036443858244876,0.011151665477730846,0.016187844534184977,1,0,0.0,5,1.1979793433641848,0.0,0.0,0.0,0.0,0.0,0.0,,0.0,0.0,0.0,0.016187844534184977,0.0,0.0,0.0,0,0.0,0.0
2020-09-09,427.0,-0.009280742459396807,595.0,-0.01490066225165565,0.005619919792258843,0.005619919792258843,0.01163210807358487,0.011499991425097935,1,0,0.0,5,2.2372367278254157,0.0,0.0,0.0,0.0,0.0,0.0,,0.0,0.0,0.0,0.01163210807358487,0.0,0.0,0.0,0,0.0,0.0
2020-09-10,435.0,0.0187353629976581,599.0,0.006722689075630228,0.012012673922027872,0.012012673922027872,0.014839834171643458,0.010348478362483792,1,0,0.0,5,0.49410412440838175,0.0,0.0,0.0,0.0,0.0,0.0,,0.0,0.0,0.0,0.014839834171643458,0.0,0.0,0.0,0,0.0,0.0
2020-09-11,436.5,0.0034482758620688614,595.0,-0.006677796327211993,0.010126072189280855,0.010126072189280855,0.011973041098682417,0.010569366054627684,1,0,0.0,5,2.6397566008258058,0.0,0.0,0.0,0.0,0.0,0.0,,0.0,0.0,0.0,0.011973041098682417,0.0,0.0,0.0,0,0.0,0.0
2020-09-14,441.0,0.010309278350515427,609.0,0.0235294117647058,-0.013220133414190371,0.013220133414190371,0.010592295390358114,0.014967710740272835,0,0,0.0,5,3.1518207282913164,0.0,0.0,0.0,0.0,0.0,0.0,,0.0,0.0,0.0,0.014967710740272835,0.0,0.0,0.0,0,0.0,0.0
2020-09-15,445.0,0.009070294784580435,611.0,0.003284072249589487,0.005786222534990948,0.005786222534990948,0.010358046550858901,0.014557113458729141,1,0,0.0,5,0.49713289422704676,0.0,0.0,0.0,0.0,0.0,0.0,,0.0,0.0,0.0,0.014557113458729141,0.0,0.0,0.0,0,0.0,0.0
2020-09-16,458.0,0.02921348314606731,617.0,0.009819967266775809,0.0193935158792915,0.0193935158792915,0.010037621520743726,0.010972436303077397,1,1,1.0,5,0.45284167158251754,-3.0,5.0,1374.0,-3085.0,0.0,0.0,Opened,1374.0,-3085.0,0.0,0.010972436303077397,4459.0,0.0,0.0,0,0.0,4459.0
2020-09-17,448.5,-0.020742358078602585,599.0,-0.02917341977309562,0.008431061694493036,0.008431061694493036,0.017945681476997287,0.019725675605182205,1,1,0.0,5,1.8784238285256378,3.0,-5.0,-1345.5,2995.0,28.5,-90.0,Live,0.0,0.0,0.0,0.019725675605182205,4340.5,-61.5,-0.014168874553622854,0,0.0,0.0
2020-09-18,444.0,-0.010033444816053505,611.0,0.02003338898163598,-0.030066833797689485,0.030066833797689485,0.019425521839857404,0.02098867293897602,0,0,-1.0,5,2.74765750725683,3.0,-5.0,-1332.0,3055.0,42.0,-30.0,Closed,-1332.0,3055.0,12.0,0.02098867293897602,4387.0,12.0,0.0027353544563483018,0,12.0,0.0
2020-09-21,440.0,-0.009009009009009028,616.0,0.008183306055646433,-0.01719231506465546,0.01719231506465546,0.019668025455477706,0.01868888058266649,0,0,0.0,5,1.271685761047453,0.0,0.0,0.0,0.0,0.0,0.0,,0.0,0.0,0.0,0.019668025455477706,0.0,0.0,0.0,0,0.0,0.0
2020-09-22,437.0,-0.006818181818181834,603.0,-0.02110389610389607,0.014285714285714235,0.014285714285714235,0.019049369163311382,0.021396442819153608,1,0,0.0,5,4.271003595946371,0.0,0.0,0.0,0.0,0.0,0.0,,0.0,0.0,0.0,0.021396442819153608,0.0,0.0,0.0,0,0.0,0.0
2020-09-23,433.5,-0.008009153318077833,617.0,0.023217247097844007,-0.03122640041592184,0.03122640041592184,0.00561726125835244,0.023997598994760654,0,1,1.0,5,4.125914066728989,21.0,-5.0,-9103.5,3085.0,0.0,0.0,Opened,-9103.5,3085.0,0.0,0.023997598994760654,12188.5,0.0,0.0,0,0.0,12188.5
2020-09-24,423.0,-0.02422145328719727,600.0,-0.027552674230145846,0.003331220942948576,0.003331220942948576,0.007145395589610431,0.02350704821997307,1,0,-1.0,5,1.6135203348555496,-21.0,5.0,8883.0,-3000.0,-220.5,85.0,Closed,8883.0,-3000.0,-135.5,0.02350704821997307,11883.0,-135.5,-0.0114028443995624,0,-135.5,0.0
2020-09-25,424.0,0.0023640661938533203,585.0,-0.025000000000000022,0.027364066193853342,0.027364066193853342,0.00957184121413101,0.022794830286748696,1,1,1.0,5,14.590507075472374,-73.0,5.0,30952.0,-2925.0,0.0,0.0,Opened,30952.0,-2925.0,0.0,0.022794830286748696,33877.0,0.0,0.0,0,0.0,33877.0
2020-09-28,431.5,0.017688679245283057,603.0,0.03076923076923066,-0.013080551523947603,0.013080551523947603,0.015359208899884234,0.028451396738109792,0,0,-1.0,5,2.4308476691327074,73.0,-5.0,-31499.5,3015.0,-547.5,90.0,Closed,-31499.5,3015.0,-457.5,0.028451396738109792,34514.5,-457.5,-0.013255298497732836,0,-457.5,0.0
2020-09-29,431.0,-0.0011587485515642815,610.0,0.011608623548922115,-0.012767372100486396,0.012767372100486396,0.01528948319173235,0.027251950120523536,0,0,0.0,5,14.178950568118845,0.0,0.0,0.0,0.0,0.0,0.0,,0.0,0.0,0.0,0.027251950120523536,0.0,0.0,0.0,0,0.0,0.0
2020-09-30,433.0,0.004640371229698292,607.0,-0.004918032786885296,0.009558404016583588,0.009558404016583588,0.01523103991774953,0.024719849140104902,1,0,0.0,5,1.4857286184833645,0.0,0.0,0.0,0.0,0.0,0.0,,0.0,0.0,0.0,0.024719849140104902,0.0,0.0,0.0,0,0.0,0.0
2020-10-05,432.5,-0.0011547344110854896,611.0,0.006589785831960571,-0.00774452024304606,0.00774452024304606,0.007786490486126108,0.02062486677833413,0,0,0.0,5,8.062027787564972,0.0,0.0,0.0,0.0,0.0,0.0,,0.0,0.0,0.0,0.02062486677833413,0.0,0.0,0.0,0,0.0,0.0
2020-10-06,439.5,0.016184971098266,615.0,0.00654664484451728,0.009638326253748719,0.009638326253748719,0.009178180901873254,0.01303821726561038,1,0,0.0,5,0.5660086772569571,0.0,0.0,0.0,0.0,0.0,0.0,,0.0,0.0,0.0,0.01303821726561038,0.0,0.0,0.0,0,0.0,0.0
2020-10-07,443.0,0.007963594994311762,647.0,0.052032520325203224,-0.04406892533089146,0.04406892533089146,0.007235180593646326,0.02190807754071093,0,1,1.0,5,9.542589723220619,48.0,-5.0,-21264.0,3235.0,0.0,0.0,Opened,-21264.0,3235.0,0.0,0.02190807754071093,24499.0,0.0,0.0,0,0.0,24499.0
2020-10-08,453.0,0.02257336343115135,670.0,0.03554868624420404,-0.012975322813052692,0.012975322813052692,0.009402597837637649,0.023696256585722685,0,1,0.0,5,2.3291844512455078,-48.0,5.0,21744.0,-3350.0,480.0,-115.0,Live,0.0,0.0,0.0,0.023696256585722685,25094.0,365.0,0.014545309635769506,0,0.0,0.0
2020-10-12,460.0,0.015452538631346657,714.0,0.06567164179104479,-0.05021910315969813,0.05021910315969813,0.009087926767914149,0.026613258918057853,0,1,0.0,5,6.596573653471738,-48.0,5.0,22080.0,-3570.0,816.0,-335.0,Live,0.0,0.0,0.0,0.026613258918057853,25650.0,481.0,0.01875243664717349,0,0.0,0.0
2020-10-13,462.0,0.004347826086956497,699.0,-0.021008403361344574,0.02535622944830107,0.02535622944830107,0.0072036498886145555,0.035055224457738926,1,0,-1.0,5,7.310651533340664,-48.0,5.0,22176.0,-3495.0,912.0,-260.0,Closed,22176.0,-3495.0,652.0,0.035055224457738926,25671.0,652.0,0.025398309376339058,0,652.0,0.0
2020-10-14,459.0,-0.00649350649350644,689.0,-0.014306151645207432,0.007812645151700992,0.007812645151700992,0.011049544091871323,0.03920455196611538,1,0,0.0,5,3.3071209726936655,0.0,0.0,0.0,0.0,0.0,0.0,,0.0,0.0,0.0,0.03920455196611538,0.0,0.0,0.0,0,0.0,0.0
2020-10-15,453.0,-0.013071895424836555,689.0,0.0,-0.013071895424836555,0.013071895424836555,0.014800653751748832,0.03658475923183988,0,0,0.0,5,0.0,0.0,0.0,0.0,0.0,0.0,0.0,,0.0,0.0,0.0,0.03658475923183988,0.0,0.0,0.0,0,0.0,0.0
2020-10-16,449.0,-0.008830022075055233,680.0,-0.013062409288824406,0.004232387213769173,0.004232387213769173,0.011553342584207291,0.035600522765518706,1,0,0.0,5,2.2403922924996933,0.0,0.0,0.0,0.0,0.0,0.0,,0.0,0.0,0.0,0.035600522765518706,0.0,0.0,0.0,0,0.0,0.0
2020-10-19,457.5,0.018930957683741756,692.0,0.01764705882352935,0.0012838988602124068,0.0012838988602124068,0.012874957431942833,0.01532317517827794,1,0,0.0,5,1.4099858188212473,0.0,0.0,0.0,0.0,0.0,0.0,,0.0,0.0,0.0,0.01532317517827794,0.0,0.0,0.0,0,0.0,0.0
2020-10-20,451.0,-0.014207650273224015,697.0,0.007225433526011571,-0.021433083799235586,0.021433083799235586,0.01359387758176632,0.013580059042661281,0,1,1.0,5,0.7859553741056658,4.0,-5.0,-1804.0,3485.0,0.0,0.0,Opened,-1804.0,3485.0,0.0,0.01359387758176632,5289.0,0.0,0.0,0,0.0,5289.0
2020-10-21,453.0,0.0044345898004434225,691.0,-0.008608321377331474,0.013042911177774896,0.013042911177774896,0.014109091049983912,0.012311631213497608,1,0,-1.0,5,2.961044020257152,-4.0,5.0,1812.0,-3455.0,8.0,30.0,Closed,1812.0,-3455.0,38.0,0.014109091049983912,5267.0,38.0,0.007214733244731346,0,38.0,0.0
2020-10-22,455.0,0.004415011037527616,688.0,-0.00434153400868309,0.008756545046210706,0.008756545046210706,0.01296983702928335,0.012519428995385148,1,0,0.0,5,1.4869229178925272,0.0,0.0,0.0,0.0,0.0,0.0,,0.0,0.0,0.0,0.01296983702928335,0.0,0.0,0.0,0,0.0,0.0
2020-10-23,452.0,-0.00659340659340657,678.0,-0.014534883720930258,0.007941477127523688,0.007941477127523688,0.012581004690652325,0.012908095980822933,1,0,0.0,5,3.306686046511645,0.0,0.0,0.0,0.0,0.0,0.0,,0.0,0.0,0.0,0.012908095980822933,0.0,0.0,0.0,0,0.0,0.0
2020-10-26,450.0,-0.004424778761061954,674.0,-0.005899705014749235,0.001474926253687281,0.001474926253687281,0.00791250118260068,0.007974484326522447,1,0,0.0,5,1.9970370370370245,0.0,0.0,0.0,0.0,0.0,0.0,,0.0,0.0,0.0,0.007974484326522447,0.0,0.0,0.0,0,0.0,0.0
2020-10-27,447.0,-0.00666666666666671,685.0,0.016320474777448135,-0.022987141444114845,0.022987141444114845,0.005723672302388728,0.011695550067558281,0,1,1.0,5,3.7515185310576853,19.0,-5.0,-8493.0,3425.0,0.0,0.0,Opened,-8493.0,3425.0,0.0,0.011695550067558281,11918.0,0.0,0.0,0,0.0,11918.0
2020-10-28,444.0,-0.006711409395973145,681.0,-0.005839416058394109,-0.0008719933375790356,0.0008719933375790356,0.004800556926813509,0.011451039116139174,0,1,0.0,5,1.334503846912596,-19.0,5.0,8436.0,-3405.0,-57.0,20.0,Live,0.0,0.0,0.0,0.011451039116139174,11841.0,-37.0,-0.0031247360864791827,0,0.0,0.0
2020-10-29,437.0,-0.015765765765765716,684.0,0.004405286343612369,-0.020171052109378085,0.020171052109378085,0.004430034503492145,0.011829792761335379,0,1,0.0,5,0.4373546392316791,-19.0,5.0,8303.0,-3420.0,-190.0,5.0,Live,0.0,0.0,0.0,0.011829792761335379,11723.0,-185.0,-0.01578094344451079,1,-185.0,0.0
2020-10-30,432.0,-0.011441647597253968,678.0,-0.00877192982456143,-0.002669717772692537,0.002669717772692537,0.0045648644306747685,0.010387580043562383,0,1,0.0,5,1.2032407407407482,-19.0,5.0,8208.0,-3390.0,-285.0,35.0,Live,0.0,0.0,0.0,0.010387580043562383,11598.0,-250.0,-0.021555440593205726,1,0.0,0.0
2020-11-02,435.5,0.00810185185185186,653.0,-0.03687315634218291,0.04497500819403477,0.04497500819403477,0.008993897818376496,0.01979406227416528,1,0,-1.0,5,6.824188887324533,-19.0,5.0,8274.5,-3265.0,-218.5,160.0,Closed,8274.5,-3265.0,-58.5,0.01979406227416528,11539.5,-58.5,-0.005069543741063305,0,0.0,0.0
2020-11-03,441.0,0.012629161882893314,665.0,0.018376722817764257,-0.005747560934870943,0.005747560934870943,0.012398243403026527,0.020390065344796156,0,0,0.0,5,2.194201918551072,0.0,0.0,0.0,0.0,0.0,0.0,,0.0,0.0,0.0,0.020390065344796156,0.0,0.0,0.0,0,0.0,0.0
2020-11-04,450.0,0.020408163265306145,677.0,0.018045112781954975,0.00236305048335117,0.00236305048335117,0.015670679017437152,0.022992772996281434,1,0,0.0,5,1.3302456140350927,0.0,0.0,0.0,0.0,0.0,0.0,,0.0,0.0,0.0,0.022992772996281434,0.0,0.0,0.0,0,0.0,0.0
2020-11-05,451.0,0.0022222222222221255,696.0,0.028064992614475592,-0.025842770392253467,0.025842770392253467,0.011976062831134915,0.026535579935675756,0,0,0.0,5,19.48992391763667,0.0,0.0,0.0,0.0,0.0,0.0,,0.0,0.0,0.0,0.026535579935675756,0.0,0.0,0.0,0,0.0,0.0
2020-11-06,452.5,0.003325942350332678,700.0,0.005747126436781658,-0.0024211840864489798,0.0024211840864489798,0.007444586164729064,0.02559806826422849,0,0,0.0,5,2.6731017548315634,0.0,0.0,0.0,0.0,0.0,0.0,,0.0,0.0,0.0,0.02559806826422849,0.0,0.0,0.0,0,0.0,0.0
2020-11-09,458.5,0.013259668508287303,702.0,0.0028571428571428914,0.010402525651144412,0.010402525651144412,0.007586562865375536,0.010292046296572712,1,1,1.0,5,0.3299112011216737,-2.0,5.0,917.0,-3510.0,0.0,0.0,Opened,917.0,-3510.0,0.0,0.010292046296572712,4427.0,0.0,0.0,0,0.0,4427.0
2020-11-10,451.0,-0.016357688113413316,686.0,-0.022792022792022748,0.006434334678609432,0.006434334678609432,0.013886914796840994,0.019171147762708556,1,1,0.0,5,2.1193784836061207,2.0,-5.0,-902.0,3430.0,15.0,-80.0,Live,0.0,0.0,0.0,0.019171147762708556,4332.0,-65.0,-0.015004616805170823,0,0.0,0.0
2020-11-11,457.0,0.013303769401330268,676.0,-0.014577259475218707,0.027881028876548974,0.027881028876548974,0.012111420748452374,0.0197529195886104,1,1,0.0,5,1.6208083733649945,2.0,-5.0,-914.0,3380.0,3.0,-130.0,Live,0.0,0.0,0.0,0.0197529195886104,4294.0,-127.0,-0.029576152771308803,1,-127.0,0.0
2020-11-12,458.0,0.002188183807439792,673.0,-0.004437869822485174,0.006626053629924966,0.006626053629924966,0.012112082712526466,0.01196216878034031,1,1,0.0,5,2.980165241208261,2.0,-5.0,-916.0,3365.0,1.0,-145.0,Live,0.0,0.0,0.0,0.012112082712526466,4281.0,-144.0,-0.03363700070077085,1,0.0,0.0
2020-11-13,462.0,0.008733624454148492,675.0,0.002971768202080227,0.005761856252068265,0.005761856252068265,0.012371061517037436,0.011289103057201742,1,1,0.0,5,0.4971440149746212,2.0,-5.0,-924.0,3375.0,-7.0,-135.0,Live,0.0,0.0,0.0,0.012371061517037436,4299.0,-142.0,-0.03303093742730868,1,0.0,0.0
2020-11-16,484.0,0.04761904761904767,694.0,0.028148148148148255,0.019470899470899417,0.019470899470899417,0.023331535751298357,0.01955743934023538,1,1,0.0,5,0.8475849403122154,2.0,-5.0,-968.0,3470.0,-51.0,-40.0,Live,0.0,0.0,0.0,0.023331535751298357,4438.0,-91.0,-0.02050473186119874,0,0.0,0.0
2020-11-17,485.5,0.0030991735537189147,696.0,0.0028818443804035088,0.0002173291733154059,0.0002173291733154059,0.01878775266524366,0.01578548411894422,1,1,0.0,5,1.333044456382117,2.0,-5.0,-971.0,3480.0,-54.0,-30.0,Live,0.0,0.0,0.0,0.01878775266524366,4451.0,-84.0,-0.01887216355875084,1,0.0,0.0
2020-11-18,497.0,0.023686920700308978,728.0,0.04597701149425282,-0.02229009079394384,0.02229009079394384,0.019125738193259897,0.02122350916319021,0,0,-1.0,5,2.843198119250228,2.0,-5.0,-994.0,3640.0,-77.0,130.0,Closed,-994.0,3640.0,53.0,0.02122350916319021,4634.0,53.0,0.011437203280103583,0,0.0,0.0
2020-11-19,490.0,-0.014084507042253502,733.0,0.006868131868131844,-0.020952638910385346,0.020952638910385346,0.02323359730419572,0.01911828018312739,0,0,0.0,5,0.729465687373849,0.0,0.0,0.0,0.0,0.0,0.0,,0.0,0.0,0.0,0.02323359730419572,0.0,0.0,0.0,0,0.0,0.0
2020-11-20,488.0,-0.004081632653061273,747.0,0.019099590723056004,-0.023181223376117277,0.023181223376117277,0.024600390117189754,0.017361707822436623,0,0,0.0,5,7.162933598729617,0.0,0.0,0.0,0.0,0.0,0.0,,0.0,0.0,0.0,0.024600390117189754,0.0,0.0,0.0,0,0.0,0.0
2020-11-23,496.5,0.01741803278688514,743.0,-0.0053547523427041055,0.022772785129589246,0.022772785129589246,0.015439403015334778,0.01998476083042249,1,1,1.0,5,0.4600550970741158,-3.0,5.0,1489.5,-3715.0,0.0,0.0,Opened,1489.5,-3715.0,0.0,0.01998476083042249,5204.5,0.0,0.0,0,0.0,5204.5
2020-11-24,492.0,-0.009063444108761365,742.0,-0.0013458950201884479,-0.007717549088572917,0.007717549088572917,0.016756580681254407,0.020645688549271894,0,0,-1.0,5,0.22395291920618013,3.0,-5.0,-1476.0,3710.0,13.5,-5.0,Closed,-1476.0,3710.0,8.5,0.020645688549271894,5186.0,8.5,0.0016390281527188584,0,8.5,0.0
2020-11-25,487.0,-0.010162601626016232,724.0,-0.02425876010781669,0.014096158481800458,0.014096158481800458,0.012490517063574116,0.016015261983376015,1,0,0.0,5,3.548732821554493,0.0,0.0,0.0,0.0,0.0,0.0,,0.0,0.0,0.0,0.016015261983376015,0.0,0.0,0.0,0,0.0,0.0
2020-11-26,489.0,0.004106776180698102,730.0,0.008287292817679592,-0.0041805166369814906,0.0041805166369814906,0.011420398067993269,0.016201028135691214,0,0,0.0,5,3.012490255228331,0.0,0.0,0.0,0.0,0.0,0.0,,0.0,0.0,0.0,0.016201028135691214,0.0,0.0,0.0,0,0.0,0.0
2020-11-27,489.0,0.0,725.0,-0.006849315068493178,0.006849315068493178,0.006849315068493178,0.011231886586911818,0.01183492315795247,1,0,0.0,5,inf,0.0,0.0,0.0,0.0,0.0,0.0,,0.0,0.0,0.0,0.01183492315795247,0.0,0.0,0.0,0,0.0,0.0
2020-11-30,480.5,-0.017382413087934534,704.0,-0.0289655172413793,0.011583104153444768,0.011583104153444768,0.008561052963380889,0.0156547627142377,1,0,0.0,5,2.4414649209642625,0.0,0.0,0.0,0.0,0.0,0.0,,0.0,0.0,0.0,0.0156547627142377,0.0,0.0,0.0,0,0.0,0.0
2020-12-01,490.0,0.019771071800208206,697.0,-0.009943181818181768,0.029714253618389974,0.029714253618389974,0.014234623501575724,0.014831065872184926,1,1,1.0,5,0.7153718814080587,-4.0,5.0,1960.0,-3485.0,0.0,0.0,Opened,1960.0,-3485.0,0.0,0.014831065872184926,5445.0,0.0,0.0,0,0.0,5445.0
2020-12-02,499.0,0.01836734693877551,712.0,0.021520803443328518,-0.0031534565045530094,0.0031534565045530094,0.01519569860991642,0.019142396648126368,0,0,-1.0,5,1.671827634225886,4.0,-5.0,-1996.0,3560.0,-36.0,75.0,Closed,-1996.0,3560.0,39.0,0.019142396648126368,5556.0,39.0,0.007019438444924406,0,39.0,0.0
2020-12-03,497.0,-0.004008016032064132,700.0,-0.016853932584269704,0.012845916552205572,0.012845916552205572,0.015735057671610896,0.018670061488974966,1,0,0.0,5,5.922614337711672,0.0,0.0,0.0,0.0,0.0,0.0,,0.0,0.0,0.0,0.018670061488974966,0.0,0.0,0.0,0,0.0,0.0
2020-12-04,503.0,0.012072434607645954,705.0,0.0071428571428571175,0.004929577464788837,0.004929577464788837,0.016016300273522143,0.01993249633022797,1,0,0.0,5,0.8292743538767312,0.0,0.0,0.0,0.0,0.0,0.0,,0.0,0.0,0.0,0.01993249633022797,0.0,0.0,0.0,0,0.0,0.0
2020-12-07,514.0,0.021868787276341894,704.0,-0.0014184397163120588,0.023287226992653953,0.023287226992653953,0.01050663154412853,0.01499215718785796,1,1,1.0,5,0.08883737616248621,-1.0,5.0,514.0,-3520.0,0.0,0.0,Opened,514.0,-3520.0,0.0,0.01499215718785796,4034.0,0.0,0.0,0,0.0,4034.0
2020-12-08,524.0,0.01945525291828787,730.0,0.03693181818181812,-0.017476565263530253,0.017476565263530253,0.010461216289659537,0.02071410338913474,0,0,-1.0,5,2.6445719118667643,1.0,-5.0,-524.0,3650.0,-10.0,130.0,Closed,-524.0,3650.0,120.0,0.02071410338913474,4174.0,120.0,0.028749401054144707,0,120.0,0.0
2020-12-09,520.0,-0.007633587786259555,734.0,0.005479452054794498,-0.013113039841054053,0.013113039841054053,0.013492001382623362,0.01959184378650813,0,0,0.0,5,1.013213909378287,0.0,0.0,0.0,0.0,0.0,0.0,,0.0,0.0,0.0,0.01959184378650813,0.0,0.0,0.0,0,0.0,0.0
2020-12-10,512.0,-0.01538461538461533,709.0,-0.0340599455040872,0.018675330119471867,0.018675330119471867,0.016679962349846325,0.02533510683174343,1,0,0.0,5,3.065727712023172,0.0,0.0,0.0,0.0,0.0,0.0,,0.0,0.0,0.0,0.02533510683174343,0.0,0.0,0.0,0,0.0,0.0
2020-12-11,516.0,0.0078125,707.0,-0.0028208744710860323,0.010633374471086032,0.010633374471086032,0.016403585176328235,0.025301437976144998,1,0,0.0,5,0.4947245273941891,0.0,0.0,0.0,0.0,0.0,0.0,,0.0,0.0,0.0,0.025301437976144998,0.0,0.0,0.0,0,0.0,0.0
2020-12-14,508.0,-0.015503875968992276,702.0,-0.007072135785007094,-0.008431740183985181,0.008431740183985181,0.015407289457503286,0.02555171498779264,0,0,0.0,5,0.6303528271837315,0.0,0.0,0.0,0.0,0.0,0.0,,0.0,0.0,0.0,0.02555171498779264,0.0,0.0,0.0,0,0.0,0.0
2020-12-15,504.0,-0.007874015748031482,701.0,-0.0014245014245014564,-0.006449514323530026,0.006449514323530026,0.009495061143043215,0.015262173514484235,0,0,0.0,5,0.25162517523629246,0.0,0.0,0.0,0.0,0.0,0.0,,0.0,0.0,0.0,0.015262173514484235,0.0,0.0,0.0,0,0.0,0.0
2020-12-16,512.0,0.015873015873015817,701.0,0.0,0.015873015873015817,0.015873015873015817,0.014200187858335683,0.014214946405838832,1,0,0.0,5,0.0,0.0,0.0,0.0,0.0,0.0,0.0,,0.0,0.0,0.0,0.014214946405838832,0.0,0.0,0.0,0,0.0,0.0
2020-12-17,508.0,-0.0078125,704.0,0.004279600570613384,-0.012092100570613384,0.012092100570613384,0.012895043691088796,0.004135522462072121,0,0,0.0,5,0.7591404854706955,0.0,0.0,0.0,0.0,0.0,0.0,,0.0,0.0,0.0,0.012895043691088796,0.0,0.0,0.0,0,0.0,0.0
2020-12-18,510.0,0.003937007874015741,699.0,-0.007102272727272707,0.011039280601288448,0.011039280601288448,0.01229792217399679,0.00487791489524841,1,0,0.0,5,2.4725100267379654,0.0,0.0,0.0,0.0,0.0,0.0,,0.0,0.0,0.0,0.01229792217399679,0.0,0.0,0.0,0,0.0,0.0
2020-12-21,516.0,0.0117647058823529,708.0,0.012875536480686733,-0.001110830598333834,0.001110830598333834,0.010936283424747893,0.007444396779546382,0,0,0.0,5,1.501646870945214,0.0,0.0,0.0,0.0,0.0,0.0,,0.0,0.0,0.0,0.010936283424747893,0.0,0.0,0.0,0,0.0,0.0
2020-12-22,509.0,-0.013565891472868241,703.0,-0.007062146892655385,-0.006503744580212856,0.006503744580212856,0.012551259635456625,0.008405678723110918,0,0,0.0,5,0.7189951336000423,0.0,0.0,0.0,0.0,0.0,0.0,,0.0,0.0,0.0,0.012551259635456625,0.0,0.0,0.0,0,0.0,0.0
2020-12-23,509.0,0.0,720.0,0.024182076813655806,-0.024182076813655806,0.024182076813655806,0.009906209785061137,0.013430481254785019,0,0,0.0,5,inf,0.0,0.0,0.0,0.0,0.0,0.0,,0.0,0.0,0.0,0.013430481254785019,0.0,0.0,0.0,0,0.0,0.0
2020-12-24,510.0,0.0019646365422396617,714.0,-0.008333333333333304,0.010297969875572965,0.010297969875572965,0.009198352993590078,0.014814815330667664,1,0,0.0,5,5.938333333333385,0.0,0.0,0.0,0.0,0.0,0.0,,0.0,0.0,0.0,0.014814815330667664,0.0,0.0,0.0,0,0.0,0.0
2020-12-25,511.0,0.0019607843137254832,715.0,0.0014005602240896309,0.0005602240896358524,0.0005602240896358524,0.009072537031163912,0.013833425519606278,1,0,0.0,5,0.9994408722393067,0.0,0.0,0.0,0.0,0.0,0.0,,0.0,0.0,0.0,0.013833425519606278,0.0,0.0,0.0,0,0.0,0.0
2020-12-28,515.0,0.007827788649706457,740.0,0.034965034965035,-0.027137246315328545,0.027137246315328545,0.007942842615892034,0.01949911765181459,0,1,1.0,5,6.418290447416668,33.0,-5.0,-16995.0,3700.0,0.0,0.0,Opened,-16995.0,3700.0,0.0,0.01949911765181459,20695.0,0.0,0.0,0,0.0,20695.0
2020-12-29,515.0,0.0,734.0,-0.008108108108108136,0.008108108108108136,0.008108108108108136,0.003215243391863254,0.019719292740487636,1,0,-1.0,5,inf,-33.0,5.0,16995.0,-3670.0,0.0,30.0,Closed,16995.0,-3670.0,30.0,0.019719292740487636,20665.0,30.0,0.0014517299782240503,0,30.0,0.0
2020-12-30,525.0,0.01941747572815533,746.0,0.016348773841961872,0.003068701886193459,0.003068701886193459,0.007932445825165802,0.01846509173775974,1,0,0.0,5,1.1963876994939686,0.0,0.0,0.0,0.0,0.0,0.0,,0.0,0.0,0.0,0.01846509173775974,0.0,0.0,0.0,0,0.0,0.0
2020-12-31,530.0,0.00952380952380949,747.0,0.0013404825737264314,0.008183326950083059,0.008183326950083059,0.007629873496523033,0.016860570187688512,1,0,0.0,5,0.19837877484949626,0.0,0.0,0.0,0.0,0.0,0.0,,0.0,0.0,0.0,0.016860570187688512,0.0,0.0,0.0,0,0.0,0.0
2021-01-04,536.0,0.01132075471698113,792.0,0.06024096385542177,-0.04892020913844064,0.04892020913844064,0.006975828816197261,0.027341721198786285,0,1,1.0,5,7.862794461427813,40.0,-5.0,-21440.0,3960.0,0.0,0.0,Opened,-21440.0,3960.0,0.0,0.027341721198786285,25400.0,0.0,0.0,0,0.0,25400.0
2021-01-05,542.0,0.011194029850746245,797.0,0.0063131313131312705,0.004880898537614975,0.004880898537614975,0.006922096483417099,0.026666153688392664,1,0,-1.0,5,0.829310944624594,-40.0,5.0,21680.0,-3985.0,240.0,-25.0,Closed,21680.0,-3985.0,215.0,0.026666153688392664,25665.0,215.0,0.008377167348529125,0,215.0,0.0
2021-01-06,549.0,0.012915129151291449,792.0,-0.006273525721455453,0.019188654872746902,0.019188654872746902,0.0038495913017778313,0.026274545804049074,1,0,0.0,5,0.7007542922963483,0.0,0.0,0.0,0.0,0.0,0.0,,0.0,0.0,0.0,0.026274545804049074,0.0,0.0,0.0,0,0.0,0.0
2021-01-07,565.0,0.02914389799635697,799.0,0.008838383838383868,0.020305514157973104,0.020305514157973104,0.00809698394871037,0.026434797049865656,1,0,0.0,5,0.4288679102976689,0.0,0.0,0.0,0.0,0.0,0.0,,0.0,0.0,0.0,0.026434797049865656,0.0,0.0,0.0,0,0.0,0.0
2021-01-08,580.0,0.026548672566371723,838.0,0.04881101376720909,-0.022262341200837366,0.022262341200837366,0.008857253098153448,0.02910035715516386,0,0,0.0,5,2.6563851365931552,0.0,0.0,0.0,0.0,0.0,0.0,,0.0,0.0,0.0,0.02910035715516386,0.0,0.0,0.0,0,0.0,0.0
2021-01-11,584.0,0.006896551724137945,851.0,0.015513126491646823,-0.008616574767508878,0.008616574767508878,0.009881165173527409,0.020668766177248946,0,0,0.0,5,3.277812060679376,0.0,0.0,0.0,0.0,0.0,0.0,,0.0,0.0,0.0,0.020668766177248946,0.0,0.0,0.0,0,0.0,0.0
2021-01-12,591.0,0.011986301369863117,846.0,-0.005875440658049347,0.017861742027912464,0.017861742027912464,0.009763629531778572,0.022531290854232413,1,0,0.0,5,0.7016784416916769,0.0,0.0,0.0,0.0,0.0,0.0,,0.0,0.0,0.0,0.022531290854232413,0.0,0.0,0.0,0,0.0,0.0
2021-01-13,605.0,0.02368866328257191,884.0,0.044917257683215084,-0.021228594400643175,0.021228594400643175,0.009687869520481647,0.023640046503587392,0,0,0.0,5,2.770572818541868,0.0,0.0,0.0,0.0,0.0,0.0,,0.0,0.0,0.0,0.023640046503587392,0.0,0.0,0.0,0,0.0,0.0
2021-01-14,592.0,-0.02148760330578514,861.0,-0.02601809954751133,0.00453049624172619,0.00453049624172619,0.01913872437164307,0.03223218998149925,1,0,0.0,5,1.7610392599787394,0.0,0.0,0.0,0.0,0.0,0.0,,0.0,0.0,0.0,0.03223218998149925,0.0,0.0,0.0,0,0.0,0.0
2021-01-15,601.0,0.01520270270270263,850.0,-0.012775842044134733,0.027978544746837364,0.027978544746837364,0.01718925669395657,0.027763373993070054,1,1,1.0,5,1.1885383095967144,-6.0,5.0,3606.0,-4250.0,0.0,0.0,Opened,3606.0,-4250.0,0.0,0.027763373993070054,7856.0,0.0,0.0,0,0.0,7856.0
2021-01-18,607.0,0.009983361064891838,844.0,-0.007058823529411784,0.017042184594303622,0.017042184594303622,0.017228447630622406,0.02707763685928801,1,1,0.0,5,0.9831262719255778,6.0,-5.0,-3642.0,4220.0,-36.0,-30.0,Live,0.0,0.0,0.0,0.02707763685928801,7862.0,-66.0,-0.00839481048079369,0,0.0,0.0
2021-01-19,627.0,0.03294892915980241,879.0,0.041469194312796276,-0.008520265152993867,0.008520265152993867,0.020683348425285266,0.03278204079224522,0,0,-1.0,5,1.7644348511304087,6.0,-5.0,-3762.0,4395.0,-156.0,145.0,Closed,-3762.0,4395.0,-11.0,0.03278204079224522,8157.0,-11.0,-0.0013485350006129705,0,-11.0,0.0
2021-01-20,647.0,0.03189792663476876,872.0,-0.007963594994311762,0.03986152162908052,0.03986152162908052,0.022112916721245,0.025703176141942598,1,1,1.0,5,0.336479735824574,-2.0,5.0,1294.0,-4360.0,0.0,0.0,Opened,1294.0,-4360.0,0.0,0.025703176141942598,5654.0,0.0,0.0,0,0.0,5654.0
2021-01-21,673.0,0.040185471406491535,934.0,0.07110091743119273,-0.0309154460247012,0.0309154460247012,0.012819960675273736,0.03746414673035282,0,0,-1.0,5,2.4554887531052048,2.0,-5.0,-1346.0,4670.0,-52.0,310.0,Closed,-1346.0,4670.0,258.0,0.03746414673035282,6016.0,258.0,0.04288563829787234,0,258.0,0.0
2021-01-22,649.0,-0.03566121842496284,917.0,-0.018201284796573902,-0.017459933628388935,0.017459933628388935,0.030943276286992647,0.03860180252805784,0,0,0.0,5,0.7211581343504379,0.0,0.0,0.0,0.0,0.0,0.0,,0.0,0.0,0.0,0.03860180252805784,0.0,0.0,0.0,0,0.0,0.0
2021-01-25,633.0,-0.024653312788906034,910.0,-0.007633587786259555,-0.01701972500264648,0.01701972500264648,0.036047031236867484,0.038687909699058845,0,0,0.0,5,0.44513434149753417,0.0,0.0,0.0,0.0,0.0,0.0,,0.0,0.0,0.0,0.038687909699058845,0.0,0.0,0.0,0,0.0,0.0
2021-01-26,617.0,-0.025276461295418606,871.0,-0.042857142857142816,0.01758068156172421,0.01758068156172421,0.03575705049614635,0.04283363604263903,1,0,0.0,5,2.393535830053254,0.0,0.0,0.0,0.0,0.0,0.0,,0.0,0.0,0.0,0.04283363604263903,0.0,0.0,0.0,0,0.0,0.0
2021-01-27,615.0,-0.0032414910858995505,897.0,0.029850746268656803,-0.03309223735455635,0.03309223735455635,0.03029224671547092,0.044622202029362415,0,0,0.0,5,13.431598107025733,0.0,0.0,0.0,0.0,0.0,0.0,,0.0,0.0,0.0,0.044622202029362415,0.0,0.0,0.0,0,0.0,0.0
2021-01-28,601.0,-0.02276422764227637,869.0,-0.031215161649944312,0.008450934007667943,0.008450934007667943,0.011793641925261321,0.02788443021813004,1,0,0.0,5,1.982704411265513,0.0,0.0,0.0,0.0,0.0,0.0,,0.0,0.0,0.0,0.02788443021813004,0.0,0.0,0.0,0,0.0,0.0
2021-01-29,591.0,-0.016638935108153063,875.0,0.0069044879171460405,-0.023543423025299104,0.023543423025299104,0.009195812528834047,0.02917198719034119,0,0,0.0,5,0.6143650733382703,0.0,0.0,0.0,0.0,0.0,0.0,,0.0,0.0,0.0,0.02917198719034119,0.0,0.0,0.0,0,0.0,0.0
2021-02-01,611.0,0.03384094754653133,905.0,0.03428571428571425,-0.0004447667391829224,0.0004447667391829224,0.024276476000859686,0.03508394361065402,0,0,0.0,5,1.5006453121346712,0.0,0.0,0.0,0.0,0.0,0.0,,0.0,0.0,0.0,0.03508394361065402,0.0,0.0,0.0,0,0.0,0.0
2021-02-02,632.0,0.03436988543371533,931.0,0.02872928176795586,0.005640603665759469,0.005640603665759469,0.027392263225739,0.02726741494965713,1,0,0.0,5,1.2313436837074843,0.0,0.0,0.0,0.0,0.0,0.0,,0.0,0.0,0.0,0.027392263225739,0.0,0.0,0.0,0,0.0,0.0
2021-02-03,630.0,-0.0031645569620253333,950.0,0.020408163265306145,-0.02357272022733148,0.02357272022733148,0.02738641792207155,0.026175255694274407,0,0,0.0,5,9.724651765468051,0.0,0.0,0.0,0.0,0.0,0.0,,0.0,0.0,0.0,0.02738641792207155,0.0,0.0,0.0,0,0.0,0.0
2021-02-04,627.0,-0.004761904761904745,946.0,-0.004210526315789442,-0.0005513784461153026,0.0005513784461153026,0.023743726832164507,0.015807780876677106,0,0,0.0,5,1.3340720221606597,0.0,0.0,0.0,0.0,0.0,0.0,,0.0,0.0,0.0,0.023743726832164507,0.0,0.0,0.0,0,0.0,0.0
2021-02-05,632.0,0.00797448165869219,950.0,0.0042283298097252064,0.003746151848966983,0.003746151848966983,0.01930626239573191,0.016282685686444986,1,0,0.0,5,0.7970267883426638,0.0,0.0,0.0,0.0,0.0,0.0,,0.0,0.0,0.0,0.01930626239573191,0.0,0.0,0.0,0,0.0,0.0
2021-02-17,663.0,0.049050632911392444,980.0,0.03157894736842115,0.017471685542971294,0.017471685542971294,0.023927686644718907,0.015581237941165359,1,0,0.0,5,0.9516244267068218,0.0,0.0,0.0,0.0,0.0,0.0,,0.0,0.0,0.0,0.023927686644718907,0.0,0.0,0.0,0,0.0,0.0
2021-02-18,660.0,-0.004524886877828038,978.0,-0.0020408163265306367,-0.0024840705512974015,0.0024840705512974015,0.023050800328826188,0.015445169690384479,0,0,0.0,5,0.6683302411873945,0.0,0.0,0.0,0.0,0.0,0.0,,0.0,0.0,0.0,0.023050800328826188,0.0,0.0,0.0,0,0.0,0.0
2021-02-19,652.0,-0.012121212121212088,964.0,-0.014314928425357865,0.0021937163041457763,0.0021937163041457763,0.024525065503280975,0.017287724513243282,1,0,0.0,5,1.7461138921299295,0.0,0.0,0.0,0.0,0.0,0.0,,0.0,0.0,0.0,0.024525065503280975,0.0,0.0,0.0,0,0.0,0.0
2021-02-22,650.0,-0.0030674846625766694,951.0,-0.013485477178423189,0.01041799251584652,0.01041799251584652,0.024330714774159327,0.018701137189117752,1,0,0.0,5,6.432074688796694,0.0,0.0,0.0,0.0,0.0,0.0,,0.0,0.0,0.0,0.024330714774159327,0.0,0.0,0.0,0,0.0,0.0
2021-02-23,641.0,-0.013846153846153841,965.0,0.014721345951629772,-0.028567499797783613,0.028567499797783613,0.026107924294924534,0.01968951458996707,0,1,1.0,5,1.6006178277274705,9.0,-5.0,-5769.0,4825.0,0.0,0.0,Opened,-5769.0,4825.0,0.0,0.026107924294924534,10594.0,0.0,0.0,0,0.0,10594.0
2021-02-24,625.0,-0.0249609984399376,940.0,-0.025906735751295318,0.0009457373113577194,0.0009457373113577194,0.00875556907027389,0.015347480344816207,1,0,-1.0,5,1.5609844559585482,-9.0,5.0,5625.0,-4700.0,-144.0,125.0,Closed,5625.0,-4700.0,-19.0,0.015347480344816207,10325.0,-19.0,-0.0018401937046004842,0,-19.0,0.0
2021-02-25,635.0,0.016000000000000014,944.0,0.004255319148936065,0.011744680851063949,0.011744680851063949,0.015316361803511484,0.01621356530312029,1,0,0.0,5,0.39537610990114586,0.0,0.0,0.0,0.0,0.0,0.0,,0.0,0.0,0.0,0.01621356530312029,0.0,0.0,0.0,0,0.0,0.0
2021-02-26,606.0,-0.04566929133858266,896.0,-0.05084745762711862,0.005178166288535957,0.005178166288535957,0.02314170649508778,0.025776072128592457,1,0,0.0,5,1.6461915040130544,0.0,0.0,0.0,0.0,0.0,0.0,,0.0,0.0,0.0,0.025776072128592457,0.0,0.0,0.0,0,0.0,0.0
2021-03-02,609.0,0.004950495049504955,900.0,0.0044642857142858094,0.00048620933521914544,0.00048620933521914544,0.024361084559079215,0.027124334796112842,1,0,0.0,5,1.3326882477129054,0.0,0.0,0.0,0.0,0.0,0.0,,0.0,0.0,0.0,0.027124334796112842,0.0,0.0,0.0,0,0.0,0.0
2021-03-03,622.0,0.021346469622331776,930.0,0.03333333333333344,-0.01198686371100166,0.01198686371100166,0.02865466505972023,0.03226815838136326,0,0,0.0,5,2.3347761563195624,0.0,0.0,0.0,0.0,0.0,0.0,,0.0,0.0,0.0,0.03226815838136326,0.0,0.0,0.0,0,0.0,0.0
2021-03-04,601.0,-0.0337620578778135,897.0,-0.03548387096774197,0.00172181308992847,0.00172181308992847,0.030356001824123797,0.03391755656681817,1,0,0.0,5,1.5686283229947033,0.0,0.0,0.0,0.0,0.0,0.0,,0.0,0.0,0.0,0.03391755656681817,0.0,0.0,0.0,0,0.0,0.0
2021-03-05,601.0,0.0,883.0,-0.015607580824972156,0.015607580824972156,0.015607580824972156,0.028022702073049844,0.03315262266070515,1,0,0.0,5,inf,0.0,0.0,0.0,0.0,0.0,0.0,,0.0,0.0,0.0,0.03315262266070515,0.0,0.0,0.0,0,0.0,0.0
2021-03-08,598.0,-0.004991680532445919,867.0,-0.01812004530011324,0.013128364767667322,0.013128364767667322,0.020086925790555144,0.026290265931631494,1,0,0.0,5,5.262964127309986,0.0,0.0,0.0,0.0,0.0,0.0,,0.0,0.0,0.0,0.026290265931631494,0.0,0.0,0.0,0,0.0,0.0
2021-03-09,595.0,-0.0050167224080267525,879.0,0.01384083044982698,-0.018857552857853732,0.018857552857853732,0.019653661360595803,0.02755262513134305,0,0,0.0,5,4.075810531825186,0.0,0.0,0.0,0.0,0.0,0.0,,0.0,0.0,0.0,0.02755262513134305,0.0,0.0,0.0,0,0.0,0.0
2021-03-10,597.0,0.003361344537815114,864.0,-0.017064846416382284,0.0204261909541974,0.0204261909541974,0.014787496676163567,0.017779444451823678,1,1,1.0,5,7.347316788721805,-37.0,5.0,22089.0,-4320.0,0.0,0.0,Opened,22089.0,-4320.0,0.0,0.017779444451823678,26409.0,0.0,0.0,0,0.0,26409.0
2021-03-11,609.0,0.0201005025125629,888.0,0.02777777777777768,-0.007677275265214778,0.007677275265214778,0.010358742502506872,0.021269010159287734,0,0,-1.0,5,2.0150519978106027,37.0,-5.0,-22533.0,4440.0,-444.0,120.0,Closed,-22533.0,4440.0,-324.0,0.021269010159287734,26973.0,-324.0,-0.012012012012012012,0,-324.0,0.0
2021-03-12,614.0,0.008210180623973828,899.0,0.012387387387387427,-0.004177206763413599,0.004177206763413599,0.010475659348853006,0.020404160890605986,0,0,0.0,5,2.2091150189277022,0.0,0.0,0.0,0.0,0.0,0.0,,0.0,0.0,0.0,0.020404160890605986,0.0,0.0,0.0,0,0.0,0.0
2021-03-15,611.0,-0.004885993485342022,907.0,0.008898776418242438,-0.01378476990358446,0.01378476990358446,0.010452221692207227,0.01633063333847269,0,0,0.0,5,2.703606541061852,0.0,0.0,0.0,0.0,0.0,0.0,,0.0,0.0,0.0,0.01633063333847269,0.0,0.0,0.0,0,0.0,0.0
2021-03-16,613.0,0.003273322422258529,919.0,0.013230429988974723,-0.009957107566716195,0.009957107566716195,0.009173473882340062,0.016289197325521514,0,0,0.0,5,6.059547726492131,0.0,0.0,0.0,0.0,0.0,0.0,,0.0,0.0,0.0,0.016289197325521514,0.0,0.0,0.0,0,0.0,0.0
2021-03-17,604.0,-0.014681892332789603,908.0,-0.01196953210010876,-0.002712360232680844,0.002712360232680844,0.013159648313138112,0.014283177247249255,0,0,0.0,5,1.225586726462273,0.0,0.0,0.0,0.0,0.0,0.0,,0.0,0.0,0.0,0.014283177247249255,0.0,0.0,0.0,0,0.0,0.0
2021-03-18,602.0,-0.0033112582781457123,903.0,-0.005506607929515406,0.0021953496513696935,0.0021953496513696935,0.008696909002126206,0.011436748690098619,1,0,0.0,5,2.494493392070466,0.0,0.0,0.0,0.0,0.0,0.0,,0.0,0.0,0.0,0.011436748690098619,0.0,0.0,0.0,0,0.0,0.0
2021-03-19,591.0,-0.01827242524916939,885.0,-0.019933554817275767,0.0016611295681063787,0.0016611295681063787,0.008775522382837877,0.013950563351369129,1,0,0.0,5,1.6335948315643805,0.0,0.0,0.0,0.0,0.0,0.0,,0.0,0.0,0.0,0.013950563351369129,0.0,0.0,0.0,0,0.0,0.0
2021-03-22,593.0,0.0033840947546530664,881.0,-0.004519774011299438,0.007903868765952504,0.007903868765952504,0.010090119464225814,0.012264631115948884,1,0,0.0,5,1.9842455769286123,0.0,0.0,0.0,0.0,0.0,0.0,,0.0,0.0,0.0,0.012264631115948884,0.0,0.0,0.0,0,0.0,0.0
2021-03-23,594.0,0.001686340640809414,870.0,-0.012485811577752526,0.01417215221856194,0.01417215221856194,0.009747722845442628,0.00622612110631449,1,1,1.0,5,10.84436877285929,-55.0,5.0,32670.0,-4350.0,0.0,0.0,Opened,32670.0,-4350.0,0.0,0.009747722845442628,37020.0,0.0,0.0,0,0.0,37020.0
2021-03-24,576.0,-0.030303030303030276,894.0,0.02758620689655178,-0.057889237199582055,0.057889237199582055,0.014483289148051429,0.018171618000285918,0,0,-1.0,5,1.4129310344827628,55.0,-5.0,-31680.0,4470.0,990.0,120.0,Closed,-31680.0,4470.0,1110.0,0.018171618000285918,36150.0,1110.0,0.030705394190871368,0,1110.0,0.0
2021-03-25,575.0,-0.0017361111111111605,949.0,0.06152125279642062,-0.06325736390753178,0.06325736390753178,0.014663842455248143,0.033820212538744836,0,1,1.0,5,58.485205719286384,293.0,-5.0,-168475.0,4745.0,0.0,0.0,Opened,-168475.0,4745.0,0.0,0.033820212538744836,173220.0,0.0,0.0,0,0.0,173220.0
2021-03-26,590.0,0.026086956521739202,943.0,-0.006322444678609096,0.0324094012003483,0.0324094012003483,0.020099486147249174,0.031212072360142104,1,0,-1.0,5,0.38736582665071273,-293.0,5.0,172870.0,-4715.0,4395.0,30.0,Closed,172870.0,-4715.0,4425.0,0.031212072360142104,177585.0,4425.0,0.02491764507137427,0,4425.0,0.0
2021-03-29,599.0,0.015254237288135686,941.0,-0.0021208907741251393,0.017375128062260825,0.017375128062260825,0.021290864071228335,0.03088921279437496,1,0,0.0,5,0.21841909643600985,0.0,0.0,0.0,0.0,0.0,0.0,,0.0,0.0,0.0,0.03088921279437496,0.0,0.0,0.0,0,0.0,0.0
2021-03-30,597.0,-0.0033388981636059967,971.0,0.03188097768331555,-0.035219875846921544,0.035219875846921544,0.021439130010415846,0.027719359595857133,0,1,1.0,5,15.530067980711234,78.0,-5.0,-46566.0,4855.0,0.0,0.0,Opened,-46566.0,4855.0,0.0,0.027719359595857133,51421.0,0.0,0.0,0,0.0,51421.0
2021-03-31,587.0,-0.01675041876046901,969.0,-0.002059732234809486,-0.014690686525659524,0.014690686525659524,0.016821020216112634,0.02947677486863528,0,1,0.0,5,0.20298819075155777,-78.0,5.0,45786.0,-4845.0,-780.0,10.0,Live,0.0,0.0,0.0,0.02947677486863528,50631.0,-770.0,-0.015208074104797456,0,0.0,0.0
2021-04-01,602.0,0.02555366269165238,961.0,-0.008255933952528327,0.033809596644180706,0.033809596644180706,0.018840009257822265,0.016574331914783507,1,0,-1.0,5,0.5157508454218066,-78.0,5.0,46956.0,-4805.0,390.0,50.0,Closed,46956.0,-4805.0,440.0,0.018840009257822265,51761.0,440.0,0.008500608566295087,0,440.0,0.0
2021-04-07,610.0,0.013289036544850585,998.0,0.03850156087408951,-0.025212524329238928,0.025212524329238928,0.016753365750727073,0.02181811570201029,0,1,1.0,5,4.7400786407601085,24.0,-5.0,-14640.0,4990.0,0.0,0.0,Opened,-14640.0,4990.0,0.0,0.02181811570201029,19630.0,0.0,0.0,0,0.0,19630.0
2021-04-08,613.0,0.004918032786885185,1020.0,0.022044088176352616,-0.01712605538946743,0.01712605538946743,0.016073524868391486,0.02066802920725982,0,1,0.0,5,7.45830976798628,-24.0,5.0,14712.0,-5100.0,72.0,-110.0,Live,0.0,0.0,0.0,0.02066802920725982,19812.0,-38.0,-0.0019180294770845953,0,0.0,0.0
2021-04-09,610.0,-0.004893964110929905,999.0,-0.020588235294117685,0.01569427118318778,0.01569427118318778,0.016282475619124964,0.023921035451631833,1,0,-1.0,5,6.88959980713591,-24.0,5.0,14640.0,-4995.0,0.0,-5.0,Closed,14640.0,-4995.0,-5.0,0.023921035451631833,19635.0,-5.0,-0.00025464731347084286,0,-5.0,0.0
2021-04-12,605.0,-0.008196721311475419,960.0,-0.03903903903903905,0.03084231772756363,0.03084231772756363,0.013754835413571531,0.031518353800634856,1,0,0.0,5,7.557441739259914,0.0,0.0,0.0,0.0,0.0,0.0,,0.0,0.0,0.0,0.031518353800634856,0.0,0.0,0.0,0,0.0,0.0
2021-04-13,605.0,0.0,961.0,0.0010416666666666075,-0.0010416666666666075,0.0010416666666666075,0.008465919721134559,0.031291175800394144,0,0,0.0,5,inf,0.0,0.0,0.0,0.0,0.0,0.0,,0.0,0.0,0.0,0.031291175800394144,0.0,0.0,0.0,0,0.0,0.0
2021-04-14,612.0,0.011570247933884392,965.0,0.004162330905306932,0.00740791702857746,0.00740791702857746,0.007856304442280729,0.023678004151911205,1,0,0.0,5,0.5672438937420168,0.0,0.0,0.0,0.0,0.0,0.0,,0.0,0.0,0.0,0.023678004151911205,0.0,0.0,0.0,0,0.0,0.0
2021-04-15,619.0,0.011437908496731986,985.0,0.020725388601036343,-0.009287480104304358,0.009287480104304358,0.009167364217272156,0.023284996612628627,0,0,0.0,5,2.883378434451136,0.0,0.0,0.0,0.0,0.0,0.0,,0.0,0.0,0.0,0.023284996612628627,0.0,0.0,0.0,0,0.0,0.0
2021-04-16,610.0,-0.014539579967689842,975.0,-0.010152284263959421,-0.0043872957037304205,0.0043872957037304205,0.011654046860225559,0.022174555811411624,0,0,0.0,5,1.1160578069956468,0.0,0.0,0.0,0.0,0.0,0.0,,0.0,0.0,0.0,0.022174555811411624,0.0,0.0,0.0,0,0.0,0.0
2021-04-19,603.0,-0.011475409836065542,963.0,-0.012307692307692353,0.0008322824716268107,0.0008322824716268107,0.01230825531083627,0.013229631568890723,1,0,0.0,5,1.7128423814991092,0.0,0.0,0.0,0.0,0.0,0.0,,0.0,0.0,0.0,0.013229631568890723,0.0,0.0,0.0,0,0.0,0.0
2021-04-20,602.0,-0.0016583747927031434,998.0,0.036344755970924236,-0.03800313076362738,0.03800313076362738,0.012310342989541628,0.020746655448861832,0,1,1.0,5,36.33231906107388,182.0,-5.0,-109564.0,4990.0,0.0,0.0,Opened,-109564.0,4990.0,0.0,0.020746655448861832,114554.0,0.0,0.0,0,0.0,114554.0
2021-04-21,592.0,-0.01661129568106312,988.0,-0.01002004008016033,-0.00659125560090279,0.00659125560090279,0.011584620170393412,0.022273849633310142,0,1,0.0,5,1.0067025943779462,-182.0,5.0,107744.0,-4940.0,-1820.0,50.0,Live,0.0,0.0,0.0,0.022273849633310142,112684.0,-1770.0,-0.01570764261119591,0,0.0,0.0
2021-04-22,591.0,-0.0016891891891891442,984.0,-0.004048582995951455,0.002359393806762311,0.002359393806762311,0.00710464919715619,0.020568634617341104,1,0,-1.0,5,3.990546455948684,-182.0,5.0,107562.0,-4920.0,-2002.0,70.0,Closed,107562.0,-4920.0,-1932.0,0.020568634617341104,112482.0,-1932.0,-0.017176081506374355,0,-1932.0,0.0
2021-04-23,602.0,0.01861252115059231,1035.0,0.05182926829268286,-0.03321674714209055,0.03321674714209055,0.01347933825915127,0.029629775949230202,0,1,1.0,5,4.7875545115689455,24.0,-5.0,-14448.0,5175.0,0.0,0.0,Opened,-14448.0,5175.0,0.0,0.029629775949230202,19623.0,0.0,0.0,0,0.0,19623.0
2021-04-26,610.0,0.013289036544850585,1070.0,0.033816425120772875,-0.02052738857592229,0.02052738857592229,0.013928725173954645,0.027102274143651236,0,1,0.0,5,4.463629524035757,-24.0,5.0,14640.0,-5350.0,192.0,-175.0,Live,0.0,0.0,0.0,0.027102274143651236,19990.0,17.0,0.0008504252126063031,0,0.0,0.0
2021-04-27,610.0,0.0,1065.0,-0.004672897196261627,0.004672897196261627,0.004672897196261627,0.013827645350826787,0.02771830703098279,1,0,-1.0,5,inf,-24.0,5.0,14640.0,-5325.0,192.0,-150.0,Closed,14640.0,-5325.0,42.0,0.02771830703098279,19965.0,42.0,0.0021036814425244178,0,42.0,0.0
2021-04-28,602.0,-0.013114754098360604,1080.0,0.014084507042253502,-0.027199261140614106,0.027199261140614106,0.012643267846573086,0.02454539955882321,0,1,1.0,5,1.9266763370923266,10.0,-5.0,-6020.0,5400.0,0.0,0.0,Opened,-6020.0,5400.0,0.0,0.02454539955882321,11420.0,0.0,0.0,0,0.0,11420.0
2021-04-29,600.0,-0.0033222591362126463,1185.0,0.09722222222222232,-0.10054448135843497,0.10054448135843497,0.012827979085029202,0.039076560354225826,0,1,0.0,5,57.79618055555524,-10.0,5.0,6000.0,-5925.0,-20.0,-525.0,Live,0.0,0.0,0.0,0.039076560354225826,11925.0,-545.0,-0.04570230607966457,1,-545.0,0.0
2021-05-03,588.0,-0.020000000000000018,1105.0,-0.0675105485232067,0.047510548523206686,0.047510548523206686,0.012771715900314605,0.059811274753303424,1,0,-1.0,5,6.343465656304707,-10.0,5.0,5880.0,-5525.0,-140.0,-125.0,Closed,5880.0,-5525.0,-265.0,0.059811274753303424,11405.0,-265.0,-0.023235423060061378,0,0.0,0.0
2021-05-04,591.0,0.005102040816326481,1085.0,-0.018099547511312264,0.023201588327638745,0.023201588327638745,0.010157372962897619,0.060144073039895,1,0,0.0,5,6.512774574882747,0.0,0.0,0.0,0.0,0.0,0.0,,0.0,0.0,0.0,0.060144073039895,0.0,0.0,0.0,0,0.0,0.0
2021-05-05,585.0,-0.010152284263959421,1005.0,-0.07373271889400923,0.06358043463004981,0.06358043463004981,0.009590299574221563,0.06984057263651823,1,0,0.0,5,12.476899444641344,0.0,0.0,0.0,0.0,0.0,0.0,,0.0,0.0,0.0,0.06984057263651823,0.0,0.0,0.0,0,0.0,0.0
2021-05-06,587.0,0.0034188034188034067,1055.0,0.04975124378109452,-0.046332440362291116,0.046332440362291116,0.010335471668583632,0.07452940394660995,0,0,0.0,5,26.154364463881706,0.0,0.0,0.0,0.0,0.0,0.0,,0.0,0.0,0.0,0.07452940394660995,0.0,0.0,0.0,0,0.0,0.0
2021-05-07,599.0,0.020442930153321992,1060.0,0.004739336492890933,0.01570359366043106,0.01570359366043106,0.015479169835563552,0.051528222760129166,1,0,0.0,5,0.4102545843915685,0.0,0.0,0.0,0.0,0.0,0.0,,0.0,0.0,0.0,0.051528222760129166,0.0,0.0,0.0,0,0.0,0.0
2021-05-10,589.0,-0.016694490818030094,979.0,-0.07641509433962268,0.059720603521592586,0.059720603521592586,0.014461249883726303,0.05364909283036815,1,1,1.0,5,7.60805026107568,-39.0,5.0,22971.0,-4895.0,0.0,0.0,Opened,22971.0,-4895.0,0.0,0.05364909283036815,27866.0,0.0,0.0,0,0.0,27866.0
2021-05-11,571.0,-0.03056027164685904,911.0,-0.06945863125638407,0.038898359609525035,0.038898359609525035,0.019495185980728927,0.057326433212446105,1,1,0.0,5,3.6261960401750697,39.0,-5.0,-22269.0,4555.0,702.0,-340.0,Live,0.0,0.0,0.0,0.057326433212446105,26824.0,362.0,0.01349537727408291,0,0.0,0.0
2021-05-12,560.0,-0.019264448336252182,888.0,-0.02524698133918768,0.005982533002935497,0.005982533002935497,0.02030655518462236,0.05262677181065232,1,1,0.0,5,2.0781544470896818,39.0,-5.0,-21840.0,4440.0,1131.0,-455.0,Live,0.0,0.0,0.0,0.05262677181065232,26280.0,676.0,0.025722983257229833,0,0.0,0.0
2021-05-13,547.0,-0.023214285714285743,873.0,-0.016891891891891886,-0.006322393822393857,0.006322393822393857,0.019876714602928395,0.03496840627781567,0,0,-1.0,5,1.1613145982432982,39.0,-5.0,-21333.0,4365.0,1638.0,-530.0,Closed,-21333.0,4365.0,1108.0,0.03496840627781567,25698.0,1108.0,0.043116195812903726,0,1108.0,0.0
2021-05-14,557.0,0.018281535648994485,895.0,0.025200458190148822,-0.006918922541154338,0.006918922541154338,0.018945951157711357,0.04159332471265516,0,0,0.0,5,2.2149483507828056,0.0,0.0,0.0,0.0,0.0,0.0,,0.0,0.0,0.0,0.04159332471265516,0.0,0.0,0.0,0,0.0,0.0
2021-05-17,549.0,-0.014362657091561926,914.0,0.02122905027932953,-0.03559170737089146,0.03559170737089146,0.01890062368878811,0.03867689769809202,0,0,0.0,5,2.4607620762992064,0.0,0.0,0.0,0.0,0.0,0.0,,0.0,0.0,0.0,0.03867689769809202,0.0,0.0,0.0,0,0.0,0.0
2021-05-18,572.0,0.041894353369763104,994.0,0.08752735229759301,-0.045632998927829904,0.045632998927829904,0.028299450367421267,0.04467496664906268,0,1,1.0,5,3.6306021064845244,19.0,-5.0,-10868.0,4970.0,0.0,0.0,Opened,-10868.0,4970.0,0.0,0.04467496664906268,15838.0,0.0,0.0,0,0.0,15838.0
2021-05-19,567.0,-0.00874125874125875,943.0,-0.05130784708249492,0.04256658834123617,0.04256658834123617,0.026798054378441155,0.051961053779776153,1,0,-1.0,5,9.761992058169099,-19.0,5.0,10773.0,-4715.0,-95.0,255.0,Closed,10773.0,-4715.0,160.0,0.051961053779776153,15488.0,160.0,0.010330578512396695,0,160.0,0.0
2021-05-20,567.0,0.0,930.0,-0.01378579003181335,0.01378579003181335,0.01378579003181335,0.022897492624126402,0.05152884515893631,1,0,0.0,5,inf,0.0,0.0,0.0,0.0,0.0,0.0,,0.0,0.0,0.0,0.05152884515893631,0.0,0.0,0.0,0,0.0,0.0
2021-05-21,573.0,0.010582010582010692,955.0,0.026881720430107503,-0.01629970984809681,0.01629970984809681,0.02223321374452909,0.05162745187964434,0,0,0.0,5,4.233870967741887,0.0,0.0,0.0,0.0,0.0,0.0,,0.0,0.0,0.0,0.05162745187964434,0.0,0.0,0.0,0,0.0,0.0
2021-05-24,568.0,-0.008726003490401424,943.0,-0.012565445026177957,0.0038394415357765332,0.0038394415357765332,0.021062651144114302,0.05266399510012791,1,0,0.0,5,2.3907042253520947,0.0,0.0,0.0,0.0,0.0,0.0,,0.0,0.0,0.0,0.05266399510012791,0.0,0.0,0.0,0,0.0,0.0
2021-05-25,583.0,0.02640845070422526,952.0,0.009544008483563182,0.01686444222066208,0.01686444222066208,0.01488041412046795,0.029385841383645764,1,0,0.0,5,0.5901416776864539,0.0,0.0,0.0,0.0,0.0,0.0,,0.0,0.0,0.0,0.029385841383645764,0.0,0.0,0.0,0,0.0,0.0
2021-05-26,585.0,0.0034305317324185847,951.0,-0.0010504201680672232,0.004480951900485808,0.004480951900485808,0.013194529445926528,0.0169297815112122,1,0,0.0,5,0.4977671837965851,0.0,0.0,0.0,0.0,0.0,0.0,,0.0,0.0,0.0,0.0169297815112122,0.0,0.0,0.0,0,0.0,0.0
2021-05-27,582.0,-0.00512820512820511,935.0,-0.01682439537329128,0.011696190245086169,0.011696190245086169,0.013986033949999248,0.01766779482465544,1,0,0.0,5,5.270632107277222,0.0,0.0,0.0,0.0,0.0,0.0,,0.0,0.0,0.0,0.01766779482465544,0.0,0.0,0.0,0,0.0,0.0
2021-05-28,590.0,0.013745704467353903,961.0,0.027807486631016065,-0.014061782163662162,0.014061782163662162,0.014350788870339812,0.018005870216319952,0,0,0.0,5,3.2950811202755514,0.0,0.0,0.0,0.0,0.0,0.0,,0.0,0.0,0.0,0.018005870216319952,0.0,0.0,0.0,0,0.0,0.0
2021-05-31,597.0,0.011864406779660941,995.0,0.03537981269510926,-0.023515405915448317,0.023515405915448317,0.011818877685048931,0.02120372768181767,0,1,1.0,5,4.970021307170143,25.0,-5.0,-14925.0,4975.0,0.0,0.0,Opened,-14925.0,4975.0,0.0,0.02120372768181767,19900.0,0.0,0.0,0,0.0,19900.0
2021-06-01,598.0,0.0016750418760469454,977.0,-0.018090452261306567,0.019765494137353512,0.019765494137353512,0.00774011493566047,0.024940969228596684,1,0,-1.0,5,17.64481605351127,-25.0,5.0,14950.0,-4885.0,25.0,90.0,Closed,14950.0,-4885.0,115.0,0.024940969228596684,19835.0,115.0,0.005797832114948324,0,115.0,0.0
2021-06-02,595.0,-0.0050167224080267525,959.0,-0.0184237461617196,0.013407023753692848,0.013407023753692848,0.009016967751775884,0.027181552679526516,1,0,0.0,5,5.919152266843298,0.0,0.0,0.0,0.0,0.0,0.0,,0.0,0.0,0.0,0.027181552679526516,0.0,0.0,0.0,0,0.0,0.0
2021-06-03,596.0,0.001680672268907557,981.0,0.02294056308654846,-0.021259890817640903,0.021259890817640903,0.007838918309804878,0.026103891704866673,0,0,0.0,5,22.466932836917703,0.0,0.0,0.0,0.0,0.0,0.0,,0.0,0.0,0.0,0.026103891704866673,0.0,0.0,0.0,0,0.0,0.0
2021-06-04,595.0,-0.001677852348993314,977.0,-0.004077471967380175,0.0023996196183868612,0.0023996196183868612,0.006321397739588609,0.02448705701689076,1,0,0.0,5,3.99038538962975,0.0,0.0,0.0,0.0,0.0,0.0,,0.0,0.0,0.0,0.02448705701689076,0.0,0.0,0.0,0,0.0,0.0
2021-06-07,592.0,-0.005042016806722671,973.0,-0.004094165813715467,-0.0009478509930072043,0.0009478509930072043,0.003353625985546195,0.016821005552146724,0,0,0.0,5,1.3346035390559527,0.0,0.0,0.0,0.0,0.0,0.0,,0.0,0.0,0.0,0.016821005552146724,0.0,0.0,0.0,0,0.0,0.0
2021-06-08,589.0,-0.0050675675675675436,966.0,-0.007194244604316502,0.0021266770367489585,0.0021266770367489585,0.0030068902147971665,0.0152258705815751,1,0,0.0,5,2.3283458123144913,0.0,0.0,0.0,0.0,0.0,0.0,,0.0,0.0,0.0,0.0152258705815751,0.0,0.0,0.0,0,0.0,0.0
2021-06-09,586.0,-0.005093378607809895,967.0,0.0010351966873705098,-0.006128575295180405,0.006128575295180405,0.003019754051737478,0.012223544861885828,0,0,0.0,5,0.33538665008464397,0.0,0.0,0.0,0.0,0.0,0.0,,0.0,0.0,0.0,0.012223544861885828,0.0,0.0,0.0,0,0.0,0.0
2021-06-10,599.0,0.022184300341296925,998.0,0.03205791106514999,-0.009873610723853066,0.009873610723853066,0.011899345146486256,0.01621014741590181,0,0,0.0,5,2.4076491604481243,0.0,0.0,0.0,0.0,0.0,0.0,,0.0,0.0,0.0,0.01621014741590181,0.0,0.0,0.0,0,0.0,0.0
2021-06-11,602.0,0.005008347245408995,980.0,-0.018036072144288595,0.02304441938969759,0.02304441938969759,0.011890341632534196,0.018839851607753522,1,1,1.0,5,5.862422519457549,-30.0,5.0,18060.0,-4900.0,0.0,0.0,Opened,18060.0,-4900.0,0.0,0.018839851607753522,22960.0,0.0,0.0,0,0.0,22960.0
2021-06-15,609.0,0.011627906976744207,989.0,0.009183673469387754,0.0024442335073564525,0.0024442335073564525,0.01161661590703262,0.018921296308972574,1,1,0.0,5,1.2826078214537022,30.0,-5.0,-18270.0,4945.0,-210.0,45.0,Live,0.0,0.0,0.0,0.018921296308972574,23215.0,-165.0,-0.007107473616196425,0,0.0,0.0
2021-06-16,605.0,-0.006568144499178974,985.0,-0.004044489383215333,-0.002523655115963641,0.002523655115963641,0.011979100282338118,0.018528366679303854,0,0,-1.0,5,1.0025403404390365,30.0,-5.0,-18150.0,4925.0,-90.0,25.0,Closed,-18150.0,4925.0,-65.0,0.018528366679303854,23075.0,-65.0,-0.0028169014084507044,0,-65.0,0.0
2021-06-17,606.0,0.0016528925619834212,978.0,-0.007106598984771617,0.008759491546755038,0.008759491546755038,0.010821201541086446,0.019203835778608097,1,0,0.0,5,6.938784741418556,0.0,0.0,0.0,0.0,0.0,0.0,,0.0,0.0,0.0,0.019203835778608097,0.0,0.0,0.0,0,0.0,0.0
2021-06-18,603.0,-0.004950495049504955,965.0,-0.013292433537832271,0.008341938488327316,0.008341938488327316,0.007441501635491168,0.010385886146374201,1,0,0.0,5,4.297005090430584,0.0,0.0,0.0,0.0,0.0,0.0,,0.0,0.0,0.0,0.010385886146374201,0.0,0.0,0.0,0,0.0,0.0
2021-06-21,583.0,-0.03316749585406298,918.0,-0.04870466321243527,0.015537167358372295,0.015537167358372295,0.016646410686402137,0.021689529500386093,1,0,0.0,5,2.3122350891849424,0.0,0.0,0.0,0.0,0.0,0.0,,0.0,0.0,0.0,0.021689529500386093,0.0,0.0,0.0,0,0.0,0.0
2021-06-22,578.0,-0.00857632933104635,903.0,-0.016339869281045805,0.007763539949999454,0.007763539949999454,0.01333516587158859,0.017895974432696995,1,0,0.0,5,2.976507904199738,0.0,0.0,0.0,0.0,0.0,0.0,,0.0,0.0,0.0,0.017895974432696995,0.0,0.0,0.0,0,0.0,0.0
2021-06-23,595.0,0.02941176470588225,941.0,0.042081949058693224,-0.012670184352810976,0.012670184352810976,0.022455902850385623,0.03263882877087369,0,0,0.0,5,2.2628065179560264,0.0,0.0,0.0,0.0,0.0,0.0,,0.0,0.0,0.0,0.03263882877087369,0.0,0.0,0.0,0,0.0,0.0
2021-06-24,590.0,-0.008403361344537785,929.0,-0.012752391073326264,0.004349029728788478,0.004349029728788478,0.022371067962526765,0.03266876582496357,1,0,0.0,5,2.3894738738089774,0.0,0.0,0.0,0.0,0.0,0.0,,0.0,0.0,0.0,0.03266876582496357,0.0,0.0,0.0,0,0.0,0.0
2021-06-25,591.0,0.0016949152542373724,927.0,-0.0021528525296017342,0.0038477677838391067,0.0038477677838391067,0.02258134822513428,0.032750915141895126,1,0,0.0,5,1.9923174856430084,0.0,0.0,0.0,0.0,0.0,0.0,,0.0,0.0,0.0,0.032750915141895126,0.0,0.0,0.0,0,0.0,0.0
2021-06-28,590.0,-0.0016920473773265332,935.0,0.008629989212513456,-0.010322036589839989,0.010322036589839989,0.01568464229584663,0.0234724587148326,0,0,0.0,5,8.082716252537013,0.0,0.0,0.0,0.0,0.0,0.0,,0.0,0.0,0.0,0.0234724587148326,0.0,0.0,0.0,0,0.0,0.0
2021-06-29,595.0,0.008474576271186418,935.0,0.0,0.008474576271186418,0.008474576271186418,0.0144856786978843,0.020953529093415,1,0,0.0,5,0.0,0.0,0.0,0.0,0.0,0.0,0.0,,0.0,0.0,0.0,0.020953529093415,0.0,0.0,0.0,0,0.0,0.0
2021-06-30,595.0,0.0,962.0,0.02887700534759352,-0.02887700534759352,0.02887700534759352,0.006086246570276904,0.01560006870568402,0,0,0.0,5,inf,0.0,0.0,0.0,0.0,0.0,0.0,,0.0,0.0,0.0,0.01560006870568402,0.0,0.0,0.0,0,0.0,0.0
2021-07-01,593.0,-0.003361344537815114,955.0,-0.007276507276507305,0.0039151627386921906,0.0039151627386921906,0.004572142470432976,0.014215042816823887,1,0,0.0,5,3.486250714328312,0.0,0.0,0.0,0.0,0.0,0.0,,0.0,0.0,0.0,0.014215042816823887,0.0,0.0,0.0,0,0.0,0.0
2021-07-02,588.0,-0.00843170320404718,957.0,0.0020942408376962707,-0.010525944041743451,0.010525944041743451,0.006165481803984772,0.013754217033888645,0,0,0.0,5,0.40424618014744096,0.0,0.0,0.0,0.0,0.0,0.0,,0.0,0.0,0.0,0.013754217033888645,0.0,0.0,0.0,0,0.0,0.0
2021-07-05,591.0,0.005102040816326481,957.0,0.0,0.005102040816326481,0.005102040816326481,0.006700845013289397,0.013954629252377304,1,0,0.0,5,0.0,0.0,0.0,0.0,0.0,0.0,0.0,,0.0,0.0,0.0,0.013954629252377304,0.0,0.0,0.0,0,0.0,0.0
2021-07-06,592.0,0.0016920473773265332,922.0,-0.03657262277951934,0.03826467015684587,0.03826467015684587,0.005154807986935249,0.02342863418475174,1,1,1.0,5,33.66299881386153,-169.0,5.0,100048.0,-4610.0,0.0,0.0,Opened,100048.0,-4610.0,0.0,0.02342863418475174,104658.0,0.0,0.0,0,0.0,104658.0
2021-07-07,594.0,0.0033783783783782884,917.0,-0.005422993492407824,0.008801371870786112,0.008801371870786112,0.005526623848325122,0.0156456741210584,1,1,0.0,5,2.4780706559449155,169.0,-5.0,-100386.0,4585.0,-338.0,-25.0,Live,0.0,0.0,0.0,0.0156456741210584,104971.0,-363.0,-0.0034580979508626194,0,0.0,0.0
2021-07-08,588.0,-0.010101010101010055,920.0,0.0032715376226826187,-0.013372547723692674,0.013372547723692674,0.00706138379109399,0.01668611245073698,0,0,-1.0,5,0.5067545011461467,169.0,-5.0,-99372.0,4600.0,676.0,-10.0,Closed,-99372.0,4600.0,666.0,0.01668611245073698,103972.0,666.0,0.00640557073058131,0,666.0,0.0
2021-07-09,584.0,-0.006802721088435382,919.0,-0.0010869565217391797,-0.005715764566696202,0.005715764566696202,0.006699864175561463,0.01629314521517746,0,0,0.0,5,0.2514387284097788,0.0,0.0,0.0,0.0,0.0,0.0,,0.0,0.0,0.0,0.01629314521517746,0.0,0.0,0.0,0,0.0,0.0
2021-07-12,593.0,0.015410958904109595,935.0,0.017410228509249226,-0.001999269605139631,0.001999269605139631,0.009968972082613414,0.019884710566245956,0,0,0.0,5,1.781278091660192,0.0,0.0,0.0,0.0,0.0,0.0,,0.0,0.0,0.0,0.019884710566245956,0.0,0.0,0.0,0,0.0,0.0
2021-07-13,607.0,0.02360876897133224,926.0,-0.009625668449197877,0.033234437420530116,0.033234437420530116,0.014357923373842498,0.010403477176270482,1,1,1.0,5,0.6219849149784223,-4.0,5.0,2428.0,-4630.0,0.0,0.0,Opened,2428.0,-4630.0,0.0,0.014357923373842498,7058.0,0.0,0.0,0,0.0,7058.0
2021-07-14,613.0,0.009884678747940745,930.0,0.004319654427645814,0.005565024320294931,0.005565024320294931,0.014457500425886149,0.009816815436209884,1,1,0.0,5,0.6629929638255371,4.0,-5.0,-2452.0,4650.0,-24.0,20.0,Live,0.0,0.0,0.0,0.014457500425886149,7102.0,-4.0,-0.000563221627710504,0,0.0,0.0
2021-07-15,614.0,0.0016313213703098572,951.0,0.022580645161290214,-0.020949323790980356,0.020949323790980356,0.011821606761150323,0.013226225422272848,0,0,-1.0,5,21.43921929179476,4.0,-5.0,-2456.0,4755.0,-28.0,125.0,Closed,-2456.0,4755.0,97.0,0.013226225422272848,7211.0,97.0,0.013451671058105671,0,97.0,0.0
2021-07-16,589.0,-0.04071661237785018,957.0,0.006309148264984188,-0.04702576064283437,0.04702576064283437,0.025168428771388158,0.012530144801357508,0,1,1.0,5,0.251765222560827,2.0,-5.0,-1178.0,4785.0,0.0,0.0,Opened,-1178.0,4785.0,0.0,0.025168428771388158,5963.0,0.0,0.0,0,0.0,5963.0
2021-07-19,582.0,-0.011884550084889645,919.0,-0.03970741901776387,0.027822868932874223,0.027822868932874223,0.024473160017081177,0.023375674158063606,1,0,-1.0,5,5.275716383786063,-2.0,5.0,1164.0,-4595.0,-14.0,190.0,Closed,1164.0,-4595.0,176.0,0.024473160017081177,5759.0,176.0,0.03056086126063553,0,176.0,0.0
2021-07-20,581.0,-0.0017182130584192379,920.0,0.0010881392818280489,-0.0028063523402472867,0.0028063523402472867,0.019595787841709948,0.023132013628597806,0,0,0.0,5,1.0028111825507962,0.0,0.0,0.0,0.0,0.0,0.0,,0.0,0.0,0.0,0.023132013628597806,0.0,0.0,0.0,0,0.0,0.0
2021-07-21,585.0,0.0068846815834766595,912.0,-0.008695652173912993,0.015580333757389653,0.015580333757389653,0.01892424088683913,0.023104497835813764,1,0,0.0,5,1.9690523968785023,0.0,0.0,0.0,0.0,0.0,0.0,,0.0,0.0,0.0,0.023104497835813764,0.0,0.0,0.0,0,0.0,0.0
2021-07-22,591.0,0.01025641025641022,919.0,0.007675438596491224,0.002580971659918996,0.002580971659918996,0.020482829069241752,0.01955768946059294,1,0,0.0,5,1.1636861029477281,0.0,0.0,0.0,0.0,0.0,0.0,,0.0,0.0,0.0,0.020482829069241752,0.0,0.0,0.0,0,0.0,0.0
2021-07-23,585.0,-0.010152284263959421,933.0,0.015233949945593128,-0.02538623420955255,0.02538623420955255,0.009888219920880674,0.021361981521249355,0,1,1.0,5,2.3931754136324392,12.0,-5.0,-7020.0,4665.0,0.0,0.0,Opened,-7020.0,4665.0,0.0,0.021361981521249355,11685.0,0.0,0.0,0,0.0,11685.0
2021-07-26,580.0,-0.008547008547008517,923.0,-0.010718113612004254,0.0021711050649957375,0.0021711050649957375,0.009076319478016813,0.010936861832071898,1,0,-1.0,5,1.9956203570240612,-12.0,5.0,6960.0,-4615.0,-60.0,50.0,Closed,6960.0,-4615.0,-10.0,0.010936861832071898,11575.0,-10.0,-0.0008639308855291577,0,-10.0,0.0
2021-07-27,580.0,0.0,938.0,0.01625135427952329,-0.01625135427952329,0.01625135427952329,0.009058523950943564,0.01291893774882269,0,0,0.0,5,inf,0.0,0.0,0.0,0.0,0.0,0.0,,0.0,0.0,0.0,0.01291893774882269,0.0,0.0,0.0,0,0.0,0.0
2021-07-28,579.0,-0.0017241379310344307,890.0,-0.05117270788912576,0.049448569958091326,0.049448569958091326,0.008118084329461716,0.028219163706877017,1,1,1.0,5,45.62236927870037,-229.0,5.0,132591.0,-4450.0,0.0,0.0,Opened,132591.0,-4450.0,0.0,0.028219163706877017,137041.0,0.0,0.0,0,0.0,137041.0
2021-07-29,583.0,0.006908462867012188,933.0,0.04831460674157295,-0.041406143874560764,0.041406143874560764,0.006897261600385037,0.03708051330033341,0,0,-1.0,5,11.192062077206058,229.0,-5.0,-133507.0,4665.0,-916.0,215.0,Closed,-133507.0,4665.0,-701.0,0.03708051330033341,138172.0,-701.0,-0.005073386793272154,0,-701.0,0.0
2021-07-30,580.0,-0.005145797598627766,910.0,-0.024651661307609873,0.019505863708982107,0.019505863708982107,0.005825616884068369,0.03821989873045719,1,0,0.0,5,7.5163482031760465,0.0,0.0,0.0,0.0,0.0,0.0,,0.0,0.0,0.0,0.03821989873045719,0.0,0.0,0.0,0,0.0,0.0
2021-08-02,590.0,0.01724137931034475,934.0,0.02637362637362628,-0.009132247063281529,0.009132247063281529,0.008870243366006515,0.040232550199755614,0,0,0.0,5,2.4215459117154055,0.0,0.0,0.0,0.0,0.0,0.0,,0.0,0.0,0.0,0.040232550199755614,0.0,0.0,0.0,0,0.0,0.0
2021-08-03,594.0,0.006779661016949046,938.0,0.004282655246252709,0.0024970057706963367,0.0024970057706963367,0.008726900201419792,0.03959981328872291,1,0,0.0,5,0.9975198090830015,0.0,0.0,0.0,0.0,0.0,0.0,,0.0,0.0,0.0,0.03959981328872291,0.0,0.0,0.0,0,0.0,0.0
2021-08-04,596.0,0.0033670033670034627,950.0,0.01279317697228155,-0.009426173605278088,0.009426173605278088,0.008043926298873962,0.027012799540601297,0,0,0.0,5,6.056367252901237,0.0,0.0,0.0,0.0,0.0,0.0,,0.0,0.0,0.0,0.027012799540601297,0.0,0.0,0.0,0,0.0,0.0
2021-08-05,596.0,0.0,961.0,0.011578947368421133,-0.011578947368421133,0.011578947368421133,0.008397937341265824,0.018939388752949628,0,0,0.0,5,inf,0.0,0.0,0.0,0.0,0.0,0.0,,0.0,0.0,0.0,0.018939388752949628,0.0,0.0,0.0,0,0.0,0.0
2021-08-06,591.0,-0.008389261744966459,936.0,-0.026014568158168605,0.017625306413202146,0.017625306413202146,0.009390881817157047,0.01949387020905375,1,0,0.0,5,4.911127896596709,0.0,0.0,0.0,0.0,0.0,0.0,,0.0,0.0,0.0,0.01949387020905375,0.0,0.0,0.0,0,0.0,0.0
2021-08-09,595.0,0.006768189509306355,921.0,-0.01602564102564108,0.022793830534947435,0.022793830534947435,0.00630379791756094,0.017419985051681915,1,1,1.0,5,3.6650977698771428,-19.0,5.0,11305.0,-4605.0,0.0,0.0,Opened,11305.0,-4605.0,0.0,0.017419985051681915,15910.0,0.0,0.0,0,0.0,15910.0
2021-08-10,591.0,-0.006722689075630228,922.0,0.0010857763300760048,-0.007808465405706233,0.007808465405706233,0.006476220696000924,0.01715736463634628,0,0,-1.0,5,0.2519653286448382,19.0,-5.0,-11229.0,4610.0,76.0,5.0,Closed,-11229.0,4610.0,81.0,0.01715736463634628,15839.0,81.0,0.0051139592145968815,0,81.0,0.0
2021-08-11,590.0,-0.0016920473773265332,910.0,-0.013015184381778733,0.0113231370044522,0.0113231370044522,0.006002128443045198,0.014822542842524435,1,0,0.0,5,11.863892054855175,0.0,0.0,0.0,0.0,0.0,0.0,,0.0,0.0,0.0,0.014822542842524435,0.0,0.0,0.0,0,0.0,0.0
2021-08-12,586.0,-0.006779661016949157,904.0,-0.00659340659340657,-0.0001862544235425867,0.0001862544235425867,0.006197932595130628,0.010174108080255762,0,0,0.0,5,1.500281288677187,0.0,0.0,0.0,0.0,0.0,0.0,,0.0,0.0,0.0,0.010174108080255762,0.0,0.0,0.0,0,0.0,0.0
2021-08-13,581.0,-0.008532423208191142,910.0,0.006637168141592875,-0.015169591349784017,0.015169591349784017,0.006227218019573381,0.009475126940469704,0,1,1.0,5,1.2183601663290224,7.0,-5.0,-4067.0,4550.0,0.0,0.0,Opened,-4067.0,4550.0,0.0,0.009475126940469704,8617.0,0.0,0.0,0,0.0,8617.0
2021-08-16,584.0,0.005163511187607606,901.0,-0.009890109890109855,0.01505362107771746,0.01505362107771746,0.005580460957209063,0.008078931032505891,1,0,-1.0,5,2.955071127502605,-7.0,5.0,4088.0,-4505.0,21.0,45.0,Closed,4088.0,-4505.0,66.0,0.008078931032505891,8593.0,66.0,0.007680670313045502,0,66.0,0.0
2021-08-17,584.0,0.0,901.0,0.0,0.0,0.0,0.00548294772586616,0.007908924925053382,1,0,0.0,5,,0.0,0.0,0.0,0.0,0.0,0.0,,0.0,0.0,0.0,0.007908924925053382,0.0,0.0,0.0,0,0.0,0.0
2021-08-18,574.0,-0.017123287671232834,912.0,0.01220865704772467,-0.029331944718957503,0.029331944718957503,0.00851299008076914,0.009127903531327227,0,1,1.0,5,1.1328272496297136,6.0,-5.0,-3444.0,4560.0,0.0,0.0,Opened,-3444.0,4560.0,0.0,0.009127903531327227,8004.0,0.0,0.0,0,0.0,8004.0
2021-08-19,559.0,-0.026132404181184676,888.0,-0.02631578947368418,0.00018338529249950497,0.00018338529249950497,0.012657042360736991,0.015191806361010776,1,0,-1.0,5,1.5996987101026248,-6.0,5.0,3354.0,-4440.0,-90.0,120.0,Closed,3354.0,-4440.0,30.0,0.015191806361010776,7794.0,30.0,0.003849114703618168,0,30.0,0.0
2021-08-20,552.0,-0.012522361359570633,873.0,-0.016891891891891886,0.004369530532321253,0.004369530532321253,0.012720205755973914,0.014919266977659364,1,0,0.0,5,2.1333751259023037,0.0,0.0,0.0,0.0,0.0,0.0,,0.0,0.0,0.0,0.014919266977659364,0.0,0.0,0.0,0,0.0,0.0
2021-08-23,566.0,0.0253623188405796,911.0,0.043528064146620915,-0.018165745306041314,0.018165745306041314,0.019944566305644864,0.027341383902272396,0,0,0.0,5,2.762373128917169,0.0,0.0,0.0,0.0,0.0,0.0,,0.0,0.0,0.0,0.027341383902272396,0.0,0.0,0.0,0,0.0,0.0
2021-08-24,572.0,0.010600706713780994,909.0,-0.002195389681668547,0.012796096395449541,0.012796096395449541,0.021272130820445365,0.02740922898110133,1,0,0.0,5,0.32911270946397714,0.0,0.0,0.0,0.0,0.0,0.0,,0.0,0.0,0.0,0.02740922898110133,0.0,0.0,0.0,0,0.0,0.0
2021-08-25,585.0,0.022727272727272707,911.0,0.002200220022002153,0.020527052705270554,0.020527052705270554,0.022536518660215443,0.0268430098300643,1,0,0.0,5,0.15075832369561432,0.0,0.0,0.0,0.0,0.0,0.0,,0.0,0.0,0.0,0.0268430098300643,0.0,0.0,0.0,0,0.0,0.0
2021-08-26,594.0,0.01538461538461533,888.0,-0.02524698133918768,0.04063159672380301,0.04063159672380301,0.015065720285482472,0.026583408790673536,1,1,1.0,5,2.453292530131175,-13.0,5.0,7722.0,-4440.0,0.0,0.0,Opened,7722.0,-4440.0,0.0,0.026583408790673536,12162.0,0.0,0.0,0,0.0,12162.0
2021-08-27,599.0,0.008417508417508435,896.0,0.009009009009008917,-0.0005915005915004823,0.0005915005915004823,0.0073941196850110195,0.02486927234213314,0,0,-1.0,5,1.6009385011054265,13.0,-5.0,-7787.0,4480.0,-65.0,40.0,Closed,-7787.0,4480.0,-25.0,0.02486927234213314,12267.0,-25.0,-0.002037988098149507,0,-25.0,0.0
2021-08-30,605.0,0.01001669449081799,912.0,0.017857142857142794,-0.007840448366324804,0.007840448366324804,0.005810344789234997,0.016175468226007454,0,0,0.0,5,2.6873671782762703,0.0,0.0,0.0,0.0,0.0,0.0,,0.0,0.0,0.0,0.016175468226007454,0.0,0.0,0.0,0,0.0,0.0
2021-08-31,614.0,0.014876033057851235,901.0,-0.01206140350877194,0.026937436566623174,0.026937436566623174,0.005600810892347185,0.017133170520271645,1,1,1.0,5,1.189781281152575,-6.0,5.0,3684.0,-4505.0,0.0,0.0,Opened,3684.0,-4505.0,0.0,0.017133170520271645,8189.0,0.0,0.0,0,0.0,8189.0
2021-09-01,613.0,-0.0016286644951140072,927.0,0.02885682574916748,-0.030485490244281488,0.030485490244281488,0.006869838527267863,0.022067081040816207,0,0,-1.0,5,26.793915768775925,6.0,-5.0,-3678.0,4635.0,6.0,130.0,Closed,-3678.0,4635.0,136.0,0.022067081040816207,8313.0,136.0,0.016359918200409,0,136.0,0.0
2021-09-02,607.0,-0.009787928221859699,933.0,0.006472491909385036,-0.016260420131244735,0.016260420131244735,0.009938243556946138,0.015144651512358508,0,1,1.0,5,1.0164211491605375,6.0,-5.0,-3642.0,4665.0,0.0,0.0,Opened,-3642.0,4665.0,0.0,0.015144651512358508,8307.0,0.0,0.0,0,0.0,8307.0
2021-09-03,620.0,0.021416803953871577,919.0,-0.015005359056806,0.03642216301067758,0.03642216301067758,0.012602208845619939,0.01889231077501701,1,0,-1.0,5,1.0385216450043713,-6.0,5.0,3720.0,-4595.0,78.0,70.0,Closed,3720.0,-4595.0,148.0,0.01889231077501701,8315.0,148.0,0.017799158147925435,0,148.0,0.0
2021-09-06,631.0,0.01774193548387104,896.0,-0.02502720348204568,0.04276913896591672,0.04276913896591672,0.013508759780565104,0.02130374395423164,1,1,1.0,5,2.0030416479391957,-11.0,5.0,6941.0,-4480.0,0.0,0.0,Opened,6941.0,-4480.0,0.0,0.02130374395423164,11421.0,0.0,0.0,0,0.0,11421.0
2021-09-07,623.0,-0.01267828843106178,903.0,0.0078125,-0.02049078843106178,0.02049078843106178,0.015710401693249665,0.021126008385165835,0,0,-1.0,5,0.8931596734550581,11.0,-5.0,-6853.0,4515.0,88.0,35.0,Closed,-6853.0,4515.0,123.0,0.021126008385165835,11368.0,123.0,0.010819845179451091,0,123.0,0.0
2021-09-08,619.0,-0.006420545746388395,912.0,0.009966777408637828,-0.016387323155026223,0.016387323155026223,0.01620276988631671,0.015842821618165692,0,1,1.0,5,2.2871097418942847,12.0,-5.0,-7428.0,4560.0,0.0,0.0,Opened,-7428.0,4560.0,0.0,0.01620276988631671,11988.0,0.0,0.0,0,0.0,11988.0
2021-09-09,619.0,0.0,901.0,-0.01206140350877194,0.01206140350877194,0.01206140350877194,0.01495775895417396,0.015181167659653499,1,0,-1.0,5,inf,-12.0,5.0,7428.0,-4505.0,0.0,55.0,Closed,7428.0,-4505.0,55.0,0.015181167659653499,11933.0,55.0,0.004609067292382469,0,55.0,0.0
2021-09-10,622.0,0.004846526655896577,925.0,0.02663706992230863,-0.021790543266412055,0.021790543266412055,0.01159517140774271,0.02019284845708973,0,1,1.0,5,8.173483553465145,41.0,-5.0,-25502.0,4625.0,0.0,0.0,Opened,-25502.0,4625.0,0.0,0.02019284845708973,30127.0,0.0,0.0,0,0.0,30127.0
2021-09-13,615.0,-0.0112540192926045,927.0,0.00216216216216214,-0.01341618145476664,0.01341618145476664,0.007449658290437857,0.013980089242556852,0,1,0.0,5,0.28959111027403417,-41.0,5.0,25215.0,-4635.0,-287.0,-10.0,Live,0.0,0.0,0.0,0.013980089242556852,29850.0,-297.0,-0.009949748743718593,0,0.0,0.0
2021-09-14,613.0,-0.003252032520325243,947.0,0.02157497303128375,-0.024827005551608994,0.024827005551608994,0.006128359446204405,0.01547835954721717,0,1,0.0,5,10.249080072010324,-41.0,5.0,25133.0,-4735.0,-369.0,-110.0,Live,0.0,0.0,0.0,0.01547835954721717,29868.0,-479.0,-0.016037230480782108,1,-479.0,0.0
2021-09-15,607.0,-0.009787928221859699,935.0,-0.012671594508975703,0.0028836662871160046,0.0028836662871160046,0.006724588029561981,0.018400002461105926,1,0,-1.0,5,1.9941756591960391,-41.0,5.0,24887.0,-4675.0,-615.0,-50.0,Closed,24887.0,-4675.0,-665.0,0.018400002461105926,29562.0,-665.0,-0.02249509505446181,1,0.0,0.0
2021-09-16,600.0,-0.011532125205930832,936.0,0.0010695187165774556,-0.012601643922508288,0.012601643922508288,0.007027874485944655,0.016130293517119216,0,0,0.0,5,0.14467838044307457,0.0,0.0,0.0,0.0,0.0,0.0,,0.0,0.0,0.0,0.016130293517119216,0.0,0.0,0.0,0,0.0,0.0
2021-09-17,600.0,0.0,940.0,0.004273504273504258,-0.004273504273504258,0.004273504273504258,0.005227813908539396,0.012209445427663992,0,0,0.0,5,inf,0.0,0.0,0.0,0.0,0.0,0.0,,0.0,0.0,0.0,0.012209445427663992,0.0,0.0,0.0,0,0.0,0.0
2021-09-22,586.0,-0.023333333333333317,911.0,-0.030851063829787195,0.007517730496453878,0.007517730496453878,0.009011489489714608,0.019634794721717513,1,0,0.0,5,2.055484091828583,0.0,0.0,0.0,0.0,0.0,0.0,,0.0,0.0,0.0,0.019634794721717513,0.0,0.0,0.0,0,0.0,0.0
2021-09-23,588.0,0.0034129692832765013,915.0,0.004390779363337094,-0.0009778100800605927,0.0009778100800605927,0.010544333166032156,0.015188035929211884,0,0,0.0,5,2.0019489683908853,0.0,0.0,0.0,0.0,0.0,0.0,,0.0,0.0,0.0,0.015188035929211884,0.0,0.0,0.0,0,0.0,0.0
2021-09-24,598.0,0.017006802721088343,920.0,0.005464480874316946,0.011542321846771397,0.011542321846771397,0.015301784883138601,0.015583103309502171,1,0,0.0,5,0.4943253467843664,0.0,0.0,0.0,0.0,0.0,0.0,,0.0,0.0,0.0,0.015583103309502171,0.0,0.0,0.0,0,0.0,0.0
2021-09-27,602.0,0.006688963210702337,959.0,0.04239130434782612,-0.03570234113712378,0.03570234113712378,0.01489308261851332,0.02590575994504303,0,1,1.0,5,10.095784883720945,51.0,-5.0,-30702.0,4795.0,0.0,0.0,Opened,-30702.0,4795.0,0.0,0.02590575994504303,35497.0,0.0,0.0,0,0.0,35497.0
2021-09-28,594.0,-0.013289036544850474,957.0,-0.002085505735140769,-0.011203530809709705,0.011203530809709705,0.016190761368685653,0.026113810862336186,0,1,0.0,5,0.2528386050283862,-51.0,5.0,30294.0,-4785.0,-408.0,10.0,Live,0.0,0.0,0.0,0.026113810862336186,35079.0,-398.0,-0.011345819436129879,0,0.0,0.0
2021-09-29,580.0,-0.023569023569023573,913.0,-0.04597701149425293,0.022407987925229356,0.022407987925229356,0.01626890764654923,0.031467824236081555,1,0,-1.0,5,3.0707321216239203,-51.0,5.0,29580.0,-4565.0,-1122.0,230.0,Closed,29580.0,-4565.0,-892.0,0.031467824236081555,34145.0,-892.0,-0.026123883438277932,0,-892.0,0.0
2021-09-30,580.0,0.0,905.0,-0.008762322015334112,0.008762322015334112,0.008762322015334112,0.016057877617298627,0.03164572505386065,1,0,0.0,5,inf,0.0,0.0,0.0,0.0,0.0,0.0,,0.0,0.0,0.0,0.03164572505386065,0.0,0.0,0.0,0,0.0,0.0
2021-10-01,574.0,-0.010344827586206917,885.0,-0.02209944751381221,0.011754619927605292,0.011754619927605292,0.011785366301093671,0.03245569946548619,1,0,0.0,5,3.293741698269392,0.0,0.0,0.0,0.0,0.0,0.0,,0.0,0.0,0.0,0.03245569946548619,0.0,0.0,0.0,0,0.0,0.0
2021-10-04,572.0,-0.0034843205574912606,892.0,0.00790960451977396,-0.011393925077265221,0.011393925077265221,0.009184425616688823,0.0208407270302332,0,0,0.0,5,3.5400181739164855,0.0,0.0,0.0,0.0,0.0,0.0,,0.0,0.0,0.0,0.0208407270302332,0.0,0.0,0.0,0,0.0,0.0
2021-10-05,572.0,0.0,867.0,-0.028026905829596438,0.028026905829596438,0.028026905829596438,0.009936425036727786,0.02029176167326177,1,0,0.0,5,inf,0.0,0.0,0.0,0.0,0.0,0.0,,0.0,0.0,0.0,0.02029176167326177,0.0,0.0,0.0,0,0.0,0.0
2021-10-06,571.0,-0.0017482517482517723,871.0,0.0046136101499423265,-0.006361861898194099,0.006361861898194099,0.004291889276071187,0.01584745540450398,0,0,0.0,5,4.025492014050849,0.0,0.0,0.0,0.0,0.0,0.0,,0.0,0.0,0.0,0.01584745540450398,0.0,0.0,0.0,0,0.0,0.0
2021-10-07,580.0,0.015761821366024442,911.0,0.04592422502870264,-0.030162403662678194,0.030162403662678194,0.009626013482088632,0.029380804200757945,0,1,1.0,5,4.576419406064307,23.0,-5.0,-13340.0,4555.0,0.0,0.0,Opened,-13340.0,4555.0,0.0,0.029380804200757945,17895.0,0.0,0.0,0,0.0,17895.0
2021-10-08,575.0,-0.008620689655172376,910.0,-0.001097694840834218,-0.0075229948143381575,0.0075229948143381575,0.009181770758237631,0.02649352889562941,0,1,0.0,5,0.20151768243210533,-23.0,5.0,13225.0,-4550.0,-115.0,5.0,Live,0.0,0.0,0.0,0.02649352889562941,17775.0,-110.0,-0.006188466947960619,0,0.0,0.0
2021-10-12,575.0,0.0,887.0,-0.025274725274725296,0.025274725274725296,0.025274725274725296,0.008944146916032816,0.029802943407372127,1,0,-1.0,5,inf,-23.0,5.0,13225.0,-4435.0,-115.0,120.0,Closed,13225.0,-4435.0,5.0,0.029802943407372127,17660.0,5.0,0.00028312570781426955,0,5.0,0.0
2021-10-13,571.0,-0.006956521739130417,862.0,-0.028184892897407,0.021228371158276582,0.021228371158276582,0.009665814588880398,0.029839124744222935,1,0,0.0,5,6.116393241943877,0.0,0.0,0.0,0.0,0.0,0.0,,0.0,0.0,0.0,0.029839124744222935,0.0,0.0,0.0,0,0.0,0.0
2021-10-14,573.0,0.003502626970227629,840.0,-0.025522041763341052,0.02902466873356868,0.02902466873356868,0.009755687444403905,0.03147022140832599,1,0,0.0,5,10.681843029117841,0.0,0.0,0.0,0.0,0.0,0.0,,0.0,0.0,0.0,0.03147022140832599,0.0,0.0,0.0,0,0.0,0.0
2021-10-15,600.0,0.04712041884816753,857.0,0.020238095238095166,0.026882323610072367,0.026882323610072367,0.022965570158722994,0.021090072933294568,1,1,1.0,5,0.6134653880070525,-4.0,5.0,2400.0,-4285.0,0.0,0.0,Opened,2400.0,-4285.0,0.0,0.022965570158722994,6685.0,0.0,0.0,0,0.0,6685.0
2021-10-18,590.0,-0.01666666666666672,867.0,0.011668611435239118,-0.028335278101905836,0.028335278101905836,0.02456101983094325,0.023383227364326548,0,0,-1.0,5,1.0288155370527747,4.0,-5.0,-2360.0,4335.0,40.0,50.0,Closed,-2360.0,4335.0,90.0,0.02456101983094325,6695.0,90.0,0.01344286781179985,0,90.0,0.0
2021-10-19,600.0,0.016949152542372836,898.0,0.035755478662053086,-0.01880632611968025,0.01880632611968025,0.024797902720312223,0.028420961653218946,0,0,0.0,5,3.1573279507881695,0.0,0.0,0.0,0.0,0.0,0.0,,0.0,0.0,0.0,0.028420961653218946,0.0,0.0,0.0,0,0.0,0.0
2021-10-20,598.0,-0.0033333333333332993,901.0,0.0033407572383072903,-0.00667409057164059,0.00667409057164059,0.024270054169374885,0.022765236947131288,0,0,0.0,5,1.5100446179171736,0.0,0.0,0.0,0.0,0.0,0.0,,0.0,0.0,0.0,0.024270054169374885,0.0,0.0,0.0,0,0.0,0.0
2021-10-21,596.0,-0.0033444816053511683,913.0,0.013318534961154205,-0.016663016566505373,0.016663016566505373,0.02487958753087779,0.012152293649247133,0,0,0.0,5,6.100313596376854,0.0,0.0,0.0,0.0,0.0,0.0,,0.0,0.0,0.0,0.02487958753087779,0.0,0.0,0.0,0,0.0,0.0
2021-10-22,600.0,0.006711409395973256,926.0,0.014238773274917849,-0.007527363878944593,0.007527363878944593,0.012573496458096071,0.012031473655706244,0,0,0.0,5,3.274300839722476,0.0,0.0,0.0,0.0,0.0,0.0,,0.0,0.0,0.0,0.012573496458096071,0.0,0.0,0.0,0,0.0,0.0
2021-10-25,593.0,-0.011666666666666714,938.0,0.012958963282937441,-0.024625629949604155,0.024625629949604155,0.011012179909018475,0.01193781191228653,0,1,1.0,5,1.7569994063206846,9.0,-5.0,-5337.0,4690.0,0.0,0.0,Opened,-5337.0,4690.0,0.0,0.01193781191228653,10027.0,0.0,0.0,0,0.0,10027.0
2021-10-26,599.0,0.010118043844856706,946.0,0.008528784648187626,0.0015892591966690794,0.0015892591966690794,0.008737370093004104,0.00455814941954866,1,0,-1.0,5,1.331235546569554,-9.0,5.0,5391.0,-4730.0,54.0,-40.0,Closed,5391.0,-4730.0,14.0,0.008737370093004104,10121.0,14.0,0.0013832625234660608,0,14.0,0.0
2021-10-27,599.0,0.0,942.0,-0.0042283298097252064,0.0042283298097252064,0.0042283298097252064,0.00857399045157094,0.007696946075057901,1,0,0.0,5,inf,0.0,0.0,0.0,0.0,0.0,0.0,,0.0,0.0,0.0,0.00857399045157094,0.0,0.0,0.0,0,0.0,0.0
2021-10-28,595.0,-0.006677796327211993,936.0,-0.006369426751592355,-0.00030836957561963807,0.00030836957561963807,0.009050729961103511,0.009689878339379628,0,0,0.0,5,1.500465663972601,0.0,0.0,0.0,0.0,0.0,0.0,,0.0,0.0,0.0,0.009689878339379628,0.0,0.0,0.0,0,0.0,0.0
2021-10-29,590.0,-0.008403361344537785,913.0,-0.024572649572649596,0.01616928822811181,0.01616928822811181,0.008636918550318617,0.014709651142944166,1,1,1.0,5,4.524990945965542,-23.0,5.0,13570.0,-4565.0,0.0,0.0,Opened,13570.0,-4565.0,0.0,0.014709651142944166,18135.0,0.0,0.0,0,0.0,18135.0
2021-11-01,590.0,0.0,922.0,0.009857612267250904,-0.009857612267250904,0.009857612267250904,0.007291394879398863,0.013926912536892723,0,0,-1.0,5,inf,23.0,-5.0,-13570.0,4610.0,0.0,45.0,Closed,-13570.0,4610.0,45.0,0.013926912536892723,18180.0,45.0,0.0024752475247524753,0,45.0,0.0
2021-11-02,592.0,0.003389830508474523,928.0,0.006507592190889477,-0.0031177616824149545,0.0031177616824149545,0.0049840488155472,0.013519038712725017,0,0,0.0,5,3.0093216861113707,0.0,0.0,0.0,0.0,0.0,0.0,,0.0,0.0,0.0,0.013519038712725017,0.0,0.0,0.0,0,0.0,0.0
2021-11-03,592.0,0.0,932.0,0.004310344827586299,-0.004310344827586299,0.004310344827586299,0.0049840488155472,0.013976808800158126,0,0,0.0,5,inf,0.0,0.0,0.0,0.0,0.0,0.0,,0.0,0.0,0.0,0.013976808800158126,0.0,0.0,0.0,0,0.0,0.0
2021-11-04,587.0,-0.008445945945945943,928.0,-0.0042918454935622075,-0.0041541004523837355,0.0041541004523837355,0.00541317680839549,0.013846692984507062,0,0,0.0,5,0.8033515876903687,0.0,0.0,0.0,0.0,0.0,0.0,,0.0,0.0,0.0,0.013846692984507062,0.0,0.0,0.0,0,0.0,0.0
2021-11-05,600.0,0.022146507666098714,940.0,0.012931034482758674,0.00921547318334004,0.00921547318334004,0.011345444617741124,0.006554791430254333,1,0,0.0,5,0.9147546419098219,0.0,0.0,0.0,0.0,0.0,0.0,,0.0,0.0,0.0,0.011345444617741124,0.0,0.0,0.0,0,0.0,0.0
2021-11-08,602.0,0.0033333333333334103,980.0,0.042553191489361764,-0.03921985815602835,0.03921985815602835,0.011191270633261925,0.017946292304430424,0,1,1.0,5,20.781791192478522,104.0,-5.0,-62608.0,4900.0,0.0,0.0,Opened,-62608.0,4900.0,0.0,0.017946292304430424,67508.0,0.0,0.0,0,0.0,67508.0
2021-11-09,611.0,0.014950166112956742,978.0,-0.0020408163265306367,0.01699098243948738,0.01699098243948738,0.012163720122795115,0.019023108039484708,1,0,-1.0,5,0.21850206531057956,-104.0,5.0,63544.0,-4890.0,936.0,10.0,Closed,63544.0,-4890.0,946.0,0.019023108039484708,68434.0,946.0,0.013823538007423211,0,946.0,0.0
2021-11-10,612.0,0.0016366612111293755,958.0,-0.020449897750511203,0.02208655896164058,0.02208655896164058,0.011969006307172842,0.023738217155598536,1,0,0.0,5,19.558990603738803,0.0,0.0,0.0,0.0,0.0,0.0,,0.0,0.0,0.0,0.023738217155598536,0.0,0.0,0.0,0,0.0,0.0
2021-11-11,606.0,-0.009803921568627416,954.0,-0.0041753653444676075,-0.005628556224159809,0.005628556224159809,0.012406701335673846,0.023725964520156344,0,0,0.0,5,0.6704561896690683,0.0,0.0,0.0,0.0,0.0,0.0,,0.0,0.0,0.0,0.023725964520156344,0.0,0.0,0.0,0,0.0,0.0
2021-11-12,604.0,-0.0033003300330033403,983.0,0.03039832285115307,-0.03369865288415641,0.03369865288415641,0.009151707095336185,0.02620191198180828,0,1,1.0,5,14.990248448498313,75.0,-5.0,-45300.0,4915.0,0.0,0.0,Opened,-45300.0,4915.0,0.0,0.02620191198180828,50215.0,0.0,0.0,0,0.0,50215.0
2021-11-15,608.0,0.0066225165562914245,1025.0,0.042726347914547214,-0.03610383135825579,0.03610383135825579,0.009442329303745821,0.026256978221919157,0,1,0.0,5,10.876596214595413,-75.0,5.0,45600.0,-5125.0,300.0,-210.0,Live,0.0,0.0,0.0,0.026256978221919157,50725.0,90.0,0.0017742730409068506,0,0.0,0.0
2021-11-16,610.0,0.00328947368421062,1035.0,0.009756097560975618,-0.006466623876764999,0.006466623876764999,0.006400822225751244,0.025503291423379235,0,1,0.0,5,5.0322271091561985,-75.0,5.0,45750.0,-5175.0,450.0,-260.0,Live,0.0,0.0,0.0,0.025503291423379235,50925.0,190.0,0.0037309769268532157,0,0.0,0.0
2021-11-17,610.0,0.0,1030.0,-0.004830917874396157,0.004830917874396157,0.004830917874396157,0.0063176204497511065,0.021178195220421987,1,0,-1.0,5,inf,-75.0,5.0,45750.0,-5150.0,450.0,-235.0,Closed,45750.0,-5150.0,215.0,0.021178195220421987,50900.0,215.0,0.004223968565815324,0,215.0,0.0
2021-11-18,613.0,0.004918032786885185,1085.0,0.05339805825242716,-0.048480025465541976,0.048480025465541976,0.003974003754657738,0.02378949416217021,0,1,1.0,5,19.217784042615204,97.0,-5.0,-59461.0,5425.0,0.0,0.0,Opened,-59461.0,5425.0,0.0,0.02378949416217021,64886.0,0.0,0.0,0,0.0,64886.0
2021-11-19,618.0,0.00815660685154973,1090.0,0.004608294930875667,0.003548311920674063,0.003548311920674063,0.0031511352653782075,0.02541619299861591,1,0,-1.0,5,0.9964803961045966,-97.0,5.0,59946.0,-5450.0,485.0,-25.0,Closed,59946.0,-5450.0,460.0,0.02541619299861591,65396.0,460.0,0.007034069362040492,0,460.0,0.0
2021-11-22,615.0,-0.004854368932038833,1080.0,-0.00917431192660545,0.004319942994566617,0.004319942994566617,0.004965077378139682,0.0249865386410652,1,0,0.0,5,3.318863280375904,0.0,0.0,0.0,0.0,0.0,0.0,,0.0,0.0,0.0,0.0249865386410652,0.0,0.0,0.0,0,0.0,0.0
2021-11-23,612.0,-0.004878048780487809,1055.0,-0.02314814814814814,0.01827009936766033,0.01827009936766033,0.0058275949150652685,0.029278670656301718,1,0,0.0,5,8.180336177680939,0.0,0.0,0.0,0.0,0.0,0.0,,0.0,0.0,0.0,0.029278670656301718,0.0,0.0,0.0,0,0.0,0.0
2021-11-24,603.0,-0.014705882352941124,1040.0,-0.014218009478673022,-0.00048787287426810266,0.00048787287426810266,0.009062477028593583,0.030283874691688962,0,0,0.0,5,1.6674919242649415,0.0,0.0,0.0,0.0,0.0,0.0,,0.0,0.0,0.0,0.030283874691688962,0.0,0.0,0.0,0,0.0,0.0
2021-11-25,603.0,0.0,1035.0,-0.004807692307692291,0.004807692307692291,0.004807692307692291,0.008323682507760936,0.010363201856990429,1,0,0.0,5,inf,0.0,0.0,0.0,0.0,0.0,0.0,,0.0,0.0,0.0,0.010363201856990429,0.0,0.0,0.0,0,0.0,0.0
2021-11-26,596.0,-0.011608623548922004,1005.0,-0.02898550724637683,0.017376883697454826,0.017376883697454826,0.005884454811194472,0.009933911776732198,1,1,1.0,5,4.210367251657031,-22.0,5.0,13112.0,-5025.0,0.0,0.0,Opened,13112.0,-5025.0,0.0,0.009933911776732198,18137.0,0.0,0.0,0,0.0,18137.0
2021-11-29,593.0,-0.005033557046979831,1030.0,0.02487562189054726,-0.029909178937527092,0.029909178937527092,0.005867046504075847,0.02116377698944371,0,0,-1.0,5,8.583837417745508,22.0,-5.0,-13046.0,5150.0,66.0,125.0,Closed,-13046.0,5150.0,191.0,0.02116377698944371,18196.0,191.0,0.010496812486260717,0,191.0,0.0
2021-11-30,596.0,0.005059021922428242,1010.0,-0.01941747572815533,0.024476497650583573,0.024476497650583573,0.00811989501499609,0.020610116601782174,1,1,1.0,5,6.504311374644449,-33.0,5.0,19668.0,-5050.0,0.0,0.0,Opened,19668.0,-5050.0,0.0,0.020610116601782174,24718.0,0.0,0.0,0,0.0,24718.0
2021-12-01,600.0,0.006711409395973256,1065.0,0.054455445544554504,-0.04774403614858125,0.04774403614858125,0.007516428139967551,0.03423466458124758,0,0,-1.0,5,14.402103960395834,33.0,-5.0,-19800.0,5325.0,-132.0,275.0,Closed,-19800.0,5325.0,143.0,0.03423466458124758,25125.0,143.0,0.005691542288557214,0,143.0,0.0
2021-12-02,615.0,0.02499999999999991,1080.0,0.014084507042253502,0.010915492957746409,0.010915492957746409,0.01391675483642095,0.03389150619161079,1,0,0.0,5,0.9893507385778105,0.0,0.0,0.0,0.0,0.0,0.0,,0.0,0.0,0.0,0.03389150619161079,0.0,0.0,0.0,0,0.0,0.0
2021-12-03,608.0,-0.011382113821138184,1060.0,-0.01851851851851849,0.007136404697380305,0.007136404697380305,0.013853363092375968,0.031172674651769938,1,0,0.0,5,2.8365183792815394,0.0,0.0,0.0,0.0,0.0,0.0,,0.0,0.0,0.0,0.031172674651769938,0.0,0.0,0.0,0,0.0,0.0
2021-12-06,600.0,-0.013157894736842146,1085.0,0.02358490566037741,-0.036742800397219555,0.036742800397219555,0.015559585306615628,0.031035076762145942,0,1,1.0,5,3.2413522012578584,17.0,-5.0,-10200.0,5425.0,0.0,0.0,Opened,-10200.0,5425.0,0.0,0.031035076762145942,15625.0,0.0,0.0,0,0.0,15625.0
2021-12-07,607.0,0.011666666666666714,1065.0,-0.018433179723502335,0.03009984639016905,0.03009984639016905,0.016107934990809664,0.030797397572427648,1,0,-1.0,5,2.7721350537345124,-17.0,5.0,10319.0,-5325.0,119.0,100.0,Closed,10319.0,-5325.0,219.0,0.030797397572427648,15644.0,219.0,0.013998977243671695,0,219.0,0.0
2021-12-08,602.0,-0.008237232289950547,1095.0,0.028169014084507005,-0.03640624637445755,0.03640624637445755,0.01679747219980569,0.02271532243749329,0,1,1.0,5,6.2202517430162505,32.0,-5.0,-19264.0,5475.0,0.0,0.0,Opened,-19264.0,5475.0,0.0,0.02271532243749329,24739.0,0.0,0.0,0,0.0,24739.0
2021-12-09,608.0,0.009966777408637828,1085.0,-0.0091324200913242,0.01909919749996203,0.01909919749996203,0.012053481099502834,0.022964268655113293,1,0,-1.0,5,1.6351488023712324,-32.0,5.0,19456.0,-5425.0,192.0,50.0,Closed,19456.0,-5425.0,242.0,0.022964268655113293,24881.0,242.0,0.009726297174550862,0,242.0,0.0
2021-12-10,605.0,-0.004934210526315819,1075.0,-0.009216589861751112,0.0042823793354352935,0.0042823793354352935,0.011139637596617452,0.021289899772999797,1,0,0.0,5,3.318987952419003,0.0,0.0,0.0,0.0,0.0,0.0,,0.0,0.0,0.0,0.021289899772999797,0.0,0.0,0.0,0,0.0,0.0
2021-12-13,601.0,-0.006611570247933907,1075.0,0.0,-0.006611570247933907,0.006611570247933907,0.009626450988020506,0.017935890944279047,0,0,0.0,5,0.0,0.0,0.0,0.0,0.0,0.0,0.0,,0.0,0.0,0.0,0.017935890944279047,0.0,0.0,0.0,0,0.0,0.0
2021-12-14,599.0,-0.0033277870216306127,1070.0,-0.0046511627906976605,0.0013233757690670478,0.0013233757690670478,0.00727614325049547,0.015637534260887726,1,0,0.0,5,2.496680514035014,0.0,0.0,0.0,0.0,0.0,0.0,,0.0,0.0,0.0,0.015637534260887726,0.0,0.0,0.0,0,0.0,0.0
2021-12-15,600.0,0.0016694490818029983,1060.0,-0.009345794392523366,0.011015243474326364,0.011015243474326364,0.006692553651768212,0.004125272583132545,1,1,1.0,5,9.890031152648016,-50.0,5.0,30000.0,-5300.0,0.0,0.0,Opened,30000.0,-5300.0,0.0,0.006692553651768212,35300.0,0.0,0.0,0,0.0,35300.0
2021-12-16,605.0,0.008333333333333304,1090.0,0.028301886792452935,-0.01996855345911963,0.01996855345911963,0.00605433843947507,0.015730076863673417,0,0,-1.0,5,6.118821144550178,50.0,-5.0,-30250.0,5450.0,-250.0,150.0,Closed,-30250.0,5450.0,-100.0,0.015730076863673417,35700.0,-100.0,-0.0028011204481792717,0,-100.0,0.0
2021-12-17,607.0,0.0033057851239668423,1075.0,-0.013761467889908285,0.017067253013875128,0.017067253013875128,0.0058240113324846245,0.01657779322243029,1,1,1.0,5,7.3724173631790535,-37.0,5.0,22459.0,-5375.0,0.0,0.0,Opened,22459.0,-5375.0,0.0,0.01657779322243029,27834.0,0.0,0.0,0,0.0,27834.0
2021-12-20,598.0,-0.014827018121911006,1055.0,-0.018604651162790753,0.0037776330408797465,0.0037776330408797465,0.00879456009462793,0.018575815693377143,1,1,0.0,5,2.21370113988922,37.0,-5.0,-22126.0,5275.0,333.0,-100.0,Live,0.0,0.0,0.0,0.018575815693377143,27401.0,233.0,0.008503339294186344,0,0.0,0.0
2021-12-21,597.0,-0.0016722408026755842,1090.0,0.033175355450236976,-0.03484759625291256,0.03484759625291256,0.008714362761457994,0.024730155059003504,0,0,-1.0,5,36.22170886025708,37.0,-5.0,-22089.0,5450.0,370.0,75.0,Closed,-22089.0,5450.0,445.0,0.024730155059003504,27539.0,445.0,0.016158901920912162,0,445.0,0.0
2021-12-22,600.0,0.005025125628140614,1085.0,-0.004587155963302725,0.009612281591443339,0.009612281591443339,0.009058917691670252,0.024175757768687592,1,0,0.0,5,1.6507262996942091,0.0,0.0,0.0,0.0,0.0,0.0,,0.0,0.0,0.0,0.024175757768687592,0.0,0.0,0.0,0,0.0,0.0
2021-12-23,606.0,0.010000000000000009,1095.0,0.009216589861751112,0.0007834101382488967,0.0007834101382488967,0.009462372441288041,0.020833788387001242,1,0,0.0,5,1.6653739106629468,0.0,0.0,0.0,0.0,0.0,0.0,,0.0,0.0,0.0,0.020833788387001242,0.0,0.0,0.0,0,0.0,0.0
2021-12-24,604.0,-0.0033003300330033403,1120.0,0.022831050228310446,-0.026131380261313786,0.026131380261313786,0.009410390820498556,0.02074040427086498,0,1,1.0,5,12.827723850131356,65.0,-5.0,-39260.0,5600.0,0.0,0.0,Opened,-39260.0,5600.0,0.0,0.02074040427086498,44860.0,0.0,0.0,0,0.0,44860.0
2021-12-27,606.0,0.0033112582781456013,1145.0,0.022321428571428603,-0.019010170293283002,0.019010170293283002,0.005342906199691992,0.014574919365369386,0,1,0.0,5,12.736842880717024,-65.0,5.0,39390.0,-5725.0,130.0,-125.0,Live,0.0,0.0,0.0,0.014574919365369386,45115.0,5.0,0.0001108278842956888,0,0.0,0.0
2021-12-28,615.0,0.014851485148514865,1175.0,0.026200873362445476,-0.011349388213930611,0.011349388213930611,0.006874265608968406,0.012818927080260566,0,1,0.0,5,3.370610998686411,-65.0,5.0,39975.0,-5875.0,715.0,-275.0,Live,0.0,0.0,0.0,0.012818927080260566,45850.0,440.0,0.009596510359869139,0,0.0,0.0
2021-12-29,616.0,0.001626016260162677,1185.0,0.008510638297872353,-0.006884622037709676,0.006884622037709676,0.007154365251388928,0.008311066835474014,0,1,0.0,5,10.068734457031876,-65.0,5.0,40040.0,-5925.0,780.0,-325.0,Live,0.0,0.0,0.0,0.008311066835474014,45965.0,455.0,0.009898836070923529,0,0.0,0.0
2021-12-30,615.0,-0.0016233766233766378,1190.0,0.00421940928270037,-0.005842785906077008,0.005842785906077008,0.0071328209890608105,0.00977521802089375,0,1,0.0,5,5.029261431854719,-65.0,5.0,39975.0,-5950.0,715.0,-350.0,Live,0.0,0.0,0.0,0.00977521802089375,45925.0,365.0,0.007947740881872618,0,0.0,0.0
2022-01-03,631.0,0.026016260162601723,1150.0,-0.03361344537815125,0.059629705540752975,0.059629705540752975,0.011437357608492816,0.023727875079615438,1,0,-1.0,5,2.354705749177633,-65.0,5.0,41015.0,-5750.0,1755.0,-150.0,Closed,41015.0,-5750.0,1605.0,0.023727875079615438,46765.0,1605.0,0.03432053886453544,0,1605.0,0.0
2022-01-04,656.0,0.03961965134706813,1165.0,0.01304347826086949,0.02657617308619864,0.02657617308619864,0.017151379454831497,0.02241255928124134,1,1,1.0,5,0.5846619830328706,-3.0,5.0,1968.0,-5825.0,0.0,0.0,Opened,1968.0,-5825.0,0.0,0.02241255928124134,7793.0,0.0,0.0,0,0.0,7793.0
2022-01-05,650.0,-0.009146341463414642,1175.0,0.008583690987124415,-0.017730032450539057,0.017730032450539057,0.020598685986258244,0.019129816557093796,0,0,-1.0,5,1.6964894904808956,3.0,-5.0,-1950.0,5875.0,18.0,50.0,Closed,-1950.0,5875.0,68.0,0.020598685986258244,7825.0,68.0,0.008690095846645367,0,68.0,0.0
2022-01-06,644.0,-0.009230769230769265,1135.0,-0.03404255319148941,0.024811783960720146,0.024811783960720146,0.022369299228468684,0.023456177800240036,1,1,1.0,5,6.49971366900135,-33.0,5.0,21252.0,-5675.0,0.0,0.0,Opened,21252.0,-5675.0,0.0,0.023456177800240036,26927.0,0.0,0.0,0,0.0,26927.0
2022-01-07,634.0,-0.01552795031055898,1100.0,-0.03083700440528636,0.015309054094727381,0.015309054094727381,0.024774851637106167,0.023988647189211766,1,1,0.0,5,3.4455731736127593,33.0,-5.0,-20922.0,5500.0,330.0,-175.0,Live,0.0,0.0,0.0,0.024774851637106167,26422.0,155.0,0.005866323518280221,0,0.0,0.0
2022-01-10,643.0,0.014195583596214423,1095.0,-0.004545454545454519,0.018741038141668942,0.018741038141668942,0.02292339560826475,0.021893850418254614,1,1,0.0,5,0.5452895989443425,33.0,-5.0,-21219.0,5475.0,33.0,-200.0,Live,0.0,0.0,0.0,0.02292339560826475,26694.0,-167.0,-0.006256087510301941,0,0.0,0.0
2022-01-11,651.0,0.012441679626749691,1080.0,-0.013698630136986356,0.026140309763736047,0.026140309763736047,0.013745232921423186,0.017892517824350005,1,1,0.0,5,1.8265892304778695,33.0,-5.0,-21483.0,5400.0,-231.0,-275.0,Live,0.0,0.0,0.0,0.017892517824350005,26883.0,-506.0,-0.018822304058326824,1,-506.0,0.0
2022-01-12,660.0,0.01382488479262678,1085.0,0.004629629629629539,0.00919525516299724,0.00919525516299724,0.01435655106015053,0.016638068993145072,1,1,0.0,5,0.5505167414889509,33.0,-5.0,-21780.0,5425.0,-528.0,-250.0,Live,0.0,0.0,0.0,0.016638068993145072,27205.0,-778.0,-0.028597684249218894,1,0.0,0.0
2022-01-13,661.0,0.0015151515151514694,1100.0,0.01382488479262678,-0.01230973327747531,0.01230973327747531,0.012756730921635056,0.017206088749592504,0,0,-1.0,5,15.18436665574485,33.0,-5.0,-21813.0,5500.0,-561.0,-175.0,Closed,-21813.0,5500.0,-736.0,0.017206088749592504,27313.0,-736.0,-0.026946875114414383,1,0.0,0.0
2022-01-14,672.0,0.016641452344931862,1065.0,-0.03181818181818186,0.04845963416311372,0.04845963416311372,0.005904223722711567,0.01756033335828993,1,1,1.0,5,3.0301523760330724,-16.0,5.0,10752.0,-5325.0,0.0,0.0,Opened,10752.0,-5325.0,0.0,0.01756033335828993,16077.0,0.0,0.0,0,0.0,16077.0
2022-01-17,683.0,0.016369047619047672,1115.0,0.04694835680751175,-0.030579309188464077,0.030579309188464077,0.006204100839587503,0.029739145953240814,0,0,-1.0,5,4.6822128029724865,16.0,-5.0,-10928.0,5575.0,-176.0,250.0,Closed,-10928.0,5575.0,74.0,0.029739145953240814,16503.0,74.0,0.004484033206083742,0,74.0,0.0
2022-01-18,662.0,-0.030746705710102518,1105.0,-0.008968609865470878,-0.02177809584463164,0.02177809584463164,0.020135092014201904,0.02910477409142765,0,0,0.0,5,0.48688997227872594,0.0,0.0,0.0,0.0,0.0,0.0,,0.0,0.0,0.0,0.02910477409142765,0.0,0.0,0.0,0,0.0,0.0
2022-01-19,654.0,-0.012084592145015116,1100.0,-0.004524886877828038,-0.007559705267187078,0.007559705267187078,0.02015427911888424,0.02941415865925034,0,0,0.0,5,0.6297826117038178,0.0,0.0,0.0,0.0,0.0,0.0,,0.0,0.0,0.0,0.02941415865925034,0.0,0.0,0.0,0,0.0,0.0
2022-01-20,651.0,-0.004587155963302725,1090.0,-0.009090909090909038,0.004503753127606314,0.004503753127606314,0.020098539178355846,0.029107503250527637,1,0,0.0,5,3.3182516408322864,0.0,0.0,0.0,0.0,0.0,0.0,,0.0,0.0,0.0,0.029107503250527637,0.0,0.0,0.0,0,0.0,0.0
2022-01-21,641.0,-0.015360983102918557,1070.0,-0.01834862385321101,0.002987640750292453,0.002987640750292453,0.01721598061374536,0.02606308963090838,1,0,0.0,5,1.993931500379285,0.0,0.0,0.0,0.0,0.0,0.0,,0.0,0.0,0.0,0.02606308963090838,0.0,0.0,0.0,0,0.0,0.0
2022-01-24,653.0,0.018720748829953227,1090.0,0.01869158878504673,2.9160044906495486e-05,2.9160044906495486e-05,0.018101325355773076,0.013880438953870535,1,0,0.0,5,1.6666189597019245,0.0,0.0,0.0,0.0,0.0,0.0,,0.0,0.0,0.0,0.018101325355773076,0.0,0.0,0.0,0,0.0,0.0
2022-01-25,641.0,-0.018376722817764146,1085.0,-0.004587155963302725,-0.013789566854461421,0.013789566854461421,0.01491957388691004,0.013660279011374548,0,0,0.0,5,0.42251988244667193,0.0,0.0,0.0,0.0,0.0,0.0,,0.0,0.0,0.0,0.01491957388691004,0.0,0.0,0.0,0,0.0,0.0
2022-01-26,636.0,-0.007800312012480548,1075.0,-0.009216589861751112,0.001416277849270564,0.001416277849270564,0.014627171162273333,0.013901114172957939,1,0,0.0,5,1.9971451757817948,0.0,0.0,0.0,0.0,0.0,0.0,,0.0,0.0,0.0,0.014627171162273333,0.0,0.0,0.0,0,0.0,0.0
2022-02-07,635.0,-0.0015723270440252124,1100.0,0.023255813953488413,-0.024828140997513626,0.024828140997513626,0.01473496504868308,0.01812235749865495,0,1,1.0,5,25.62168101080303,129.0,-5.0,-81915.0,5500.0,0.0,0.0,Opened,-81915.0,5500.0,0.0,0.01812235749865495,87415.0,0.0,0.0,0,0.0,87415.0
2022-02-08,628.0,-0.011023622047244053,1095.0,-0.004545454545454519,-0.0064781675017895335,0.0064781675017895335,0.014076481047367502,0.015045614215480526,0,1,0.0,5,0.718964554553725,-129.0,5.0,81012.0,-5475.0,-903.0,25.0,Live,0.0,0.0,0.0,0.015045614215480526,86487.0,-878.0,-0.01015181472360008,0,0.0,0.0
2022-02-09,633.0,0.0079617834394905,1130.0,0.03196347031963476,-0.024001686880144257,0.024001686880144257,0.009950694007147083,0.018823286015282135,0,1,0.0,5,7.16668470067155,-129.0,5.0,81657.0,-5650.0,-258.0,-150.0,Live,0.0,0.0,0.0,0.018823286015282135,87307.0,-408.0,-0.004673164809236373,0,0.0,0.0
2022-02-10,649.0,0.025276461295418606,1160.0,0.026548672566371723,-0.0012722112709531164,0.0012722112709531164,0.01461286680724772,0.019026128042147403,0,1,0.0,5,1.877326588216049,-129.0,5.0,83721.0,-5800.0,1806.0,-300.0,Live,0.0,0.0,0.0,0.019026128042147403,89521.0,1506.0,0.016822868377252265,0,0.0,0.0
2022-02-11,650.0,0.0015408320493066618,1150.0,-0.008620689655172376,0.010161521704479037,0.010161521704479037,0.013511456981815927,0.01884850153352902,1,0,-1.0,5,9.898541114058078,-129.0,5.0,83850.0,-5750.0,1935.0,-250.0,Closed,83850.0,-5750.0,1685.0,0.01884850153352902,89600.0,1685.0,0.01880580357142857,0,1685.0,0.0
2022-02-14,637.0,-0.020000000000000018,1105.0,-0.03913043478260869,0.019130434782608674,0.019130434782608674,0.017488304731623522,0.028917715921283848,1,0,0.0,5,3.3939662821650365,0.0,0.0,0.0,0.0,0.0,0.0,,0.0,0.0,0.0,0.028917715921283848,0.0,0.0,0.0,0,0.0,0.0
2022-02-15,633.0,-0.006279434850863463,1100.0,-0.004524886877828038,-0.0017545479730354252,0.0017545479730354252,0.01680510468583508,0.028916688089154784,0,0,0.0,5,1.2522070439550101,0.0,0.0,0.0,0.0,0.0,0.0,,0.0,0.0,0.0,0.028916688089154784,0.0,0.0,0.0,0,0.0,0.0
2022-02-16,646.0,0.020537124802527673,1130.0,0.027272727272727337,-0.006735602470199664,0.006735602470199664,0.018799251793855904,0.027722454078125968,0,0,0.0,5,2.322923206824138,0.0,0.0,0.0,0.0,0.0,0.0,,0.0,0.0,0.0,0.027722454078125968,0.0,0.0,0.0,0,0.0,0.0
2022-02-17,645.0,-0.001547987616099089,1130.0,0.0,-0.001547987616099089,0.001547987616099089,0.014657455059565165,0.023689399675649737,0,0,0.0,5,0.0,0.0,0.0,0.0,0.0,0.0,0.0,,0.0,0.0,0.0,0.023689399675649737,0.0,0.0,0.0,0,0.0,0.0
2022-02-18,637.0,-0.012403100775193798,1120.0,-0.008849557522123908,-0.0035535432530698907,0.0035535432530698907,0.015328665819956793,0.023698362552942893,0,0,0.0,5,1.2544977146747078,0.0,0.0,0.0,0.0,0.0,0.0,,0.0,0.0,0.0,0.023698362552942893,0.0,0.0,0.0,0,0.0,0.0
2022-02-21,632.0,-0.00784929356357933,1130.0,0.008928571428571397,-0.016777864992150726,0.016777864992150726,0.012919664668793036,0.014301199729246596,0,1,1.0,5,2.033821202531625,11.0,-5.0,-6952.0,5650.0,0.0,0.0,Opened,-6952.0,5650.0,0.0,0.014301199729246596,12602.0,0.0,0.0,0,0.0,12602.0
2022-02-22,627.0,-0.007911392405063333,1110.0,-0.017699115044247815,0.009787722639184482,0.009787722639184482,0.013089818275932004,0.017294939607255342,1,0,-1.0,5,3.9605369013845806,-11.0,5.0,6897.0,-5550.0,-55.0,100.0,Closed,6897.0,-5550.0,45.0,0.017294939607255342,12447.0,45.0,0.0036153289949385392,0,45.0,0.0
2022-02-23,625.0,-0.0031897926634768536,1120.0,0.009009009009008917,-0.01219880167248577,0.01219880167248577,0.004304267314250383,0.011593368699781621,0,1,1.0,5,5.06118918918917,26.0,-5.0,-16250.0,5600.0,0.0,0.0,Opened,-16250.0,5600.0,0.0,0.011593368699781621,21850.0,0.0,0.0,0,0.0,21850.0
2022-02-24,604.0,-0.03359999999999996,1060.0,-0.0535714285714286,0.01997142857142864,0.01997142857142864,0.01197267440617684,0.025734314425604143,1,0,-1.0,5,2.7980977159075597,-26.0,5.0,15704.0,-5300.0,-546.0,300.0,Closed,15704.0,-5300.0,-246.0,0.025734314425604143,21004.0,-246.0,-0.011712054846695867,0,-246.0,0.0
2022-02-25,604.0,0.0,1085.0,0.02358490566037741,-0.02358490566037741,0.02358490566037741,0.013332533101188385,0.030509411062023595,0,0,0.0,5,inf,0.0,0.0,0.0,0.0,0.0,0.0,,0.0,0.0,0.0,0.030509411062023595,0.0,0.0,0.0,0,0.0,0.0
2022-03-01,604.0,0.0,1100.0,0.01382488479262678,-0.01382488479262678,0.01382488479262678,0.0141605589377369,0.031177605155383904,0,0,0.0,5,inf,0.0,0.0,0.0,0.0,0.0,0.0,,0.0,0.0,0.0,0.031177605155383904,0.0,0.0,0.0,0,0.0,0.0
2022-03-02,601.0,-0.004966887417218513,1080.0,-0.018181818181818188,0.013214930764599675,0.013214930764599675,0.014274808944246674,0.031227580299843228,1,0,0.0,5,6.578127363485144,0.0,0.0,0.0,0.0,0.0,0.0,,0.0,0.0,0.0,0.031227580299843228,0.0,0.0,0.0,0,0.0,0.0
2022-03-03,602.0,0.0016638935108153063,1080.0,0.0,0.0016638935108153063,0.0016638935108153063,0.014866340507833826,0.030462916340976566,1,0,0.0,5,0.0,0.0,0.0,0.0,0.0,0.0,0.0,,0.0,0.0,0.0,0.030462916340976566,0.0,0.0,0.0,0,0.0,0.0
2022-03-04,595.0,-0.011627906976744207,1025.0,-0.05092592592592593,0.03929801894918172,0.03929801894918172,0.005432779506247103,0.029455269499566172,1,1,1.0,5,7.544740118269517,-38.0,5.0,22610.0,-5125.0,0.0,0.0,Opened,22610.0,-5125.0,0.0,0.029455269499566172,27735.0,0.0,0.0,0,0.0,27735.0
2022-03-07,576.0,-0.031932773109243695,972.0,-0.05170731707317078,0.019774543963927083,0.019774543963927083,0.01363000314860458,0.029577960348564504,1,1,0.0,5,2.7324935815147655,38.0,-5.0,-21888.0,4860.0,722.0,-265.0,Live,0.0,0.0,0.0,0.029577960348564504,26748.0,457.0,0.0170853895618364,0,0.0,0.0
2022-03-08,563.0,-0.02256944444444442,963.0,-0.0092592592592593,-0.01331018518518512,0.01331018518518512,0.01348644659181064,0.023976776248854685,0,0,-1.0,5,0.7017352097281089,38.0,-5.0,-21394.0,4815.0,1216.0,-310.0,Closed,-21394.0,4815.0,906.0,0.023976776248854685,26209.0,906.0,0.03456827807241787,0,906.0,0.0
2022-03-09,568.0,0.008880994671403242,966.0,0.0031152647975076775,0.005765729873895564,0.005765729873895564,0.016792758481177096,0.02736803723864908,1,0,0.0,5,0.5965710148742683,0.0,0.0,0.0,0.0,0.0,0.0,,0.0,0.0,0.0,0.02736803723864908,0.0,0.0,0.0,0,0.0,0.0
2022-03-10,587.0,0.03345070422535201,995.0,0.03002070393374745,0.0034300002916045624,0.0034300002916045624,0.026214684380296553,0.035437479019901144,1,0,0.0,5,1.5212499807403173,0.0,0.0,0.0,0.0,0.0,0.0,,0.0,0.0,0.0,0.035437479019901144,0.0,0.0,0.0,0,0.0,0.0
2022-03-11,575.0,-0.020442930153321992,963.0,-0.032160804020100464,0.011717873866778472,0.011717873866778472,0.02707438588914137,0.031562840025608295,1,0,0.0,5,2.6347668778675937,0.0,0.0,0.0,0.0,0.0,0.0,,0.0,0.0,0.0,0.031562840025608295,0.0,0.0,0.0,0,0.0,0.0
2022-03-14,572.0,-0.00521739130434784,944.0,-0.019730010384215957,0.014512619079868117,0.014512619079868117,0.023159116069340163,0.023787150057411572,1,0,0.0,5,6.240938016638923,0.0,0.0,0.0,0.0,0.0,0.0,,0.0,0.0,0.0,0.023787150057411572,0.0,0.0,0.0,0,0.0,0.0
2022-03-15,558.0,-0.02447552447552448,904.0,-0.0423728813559322,0.017897356880407722,0.017897356880407722,0.023610519906179968,0.029080403352062426,1,0,0.0,5,2.804724587119338,0.0,0.0,0.0,0.0,0.0,0.0,,0.0,0.0,0.0,0.029080403352062426,0.0,0.0,0.0,0,0.0,0.0
2022-03-16,558.0,0.0,907.0,0.0033185840707965486,-0.0033185840707965486,0.0033185840707965486,0.022953521984861638,0.029107347320824706,0,0,0.0,5,inf,0.0,0.0,0.0,0.0,0.0,0.0,,0.0,0.0,0.0,0.029107347320824706,0.0,0.0,0.0,0,0.0,0.0
2022-03-17,582.0,0.043010752688172005,968.0,0.06725468577728777,-0.024243933089115766,0.024243933089115766,0.026851244476193845,0.04370643603246895,0,0,0.0,5,2.6007456324804807,0.0,0.0,0.0,0.0,0.0,0.0,,0.0,0.0,0.0,0.04370643603246895,0.0,0.0,0.0,0,0.0,0.0
2022-03-18,581.0,-0.0017182130584192379,969.0,0.0010330578512396382,-0.002751270909658876,0.002751270909658876,0.024760045025202154,0.040932701758251366,0,0,0.0,5,1.0027560063156729,0.0,0.0,0.0,0.0,0.0,0.0,,0.0,0.0,0.0,0.040932701758251366,0.0,0.0,0.0,0,0.0,0.0
2022-03-21,586.0,0.008605851979345935,978.0,0.009287925696594534,-0.0006820737172485991,0.0006820737172485991,0.02447817729581468,0.03911591870690702,0,0,0.0,5,1.8012172571561658,0.0,0.0,0.0,0.0,0.0,0.0,,0.0,0.0,0.0,0.03911591870690702,0.0,0.0,0.0,0,0.0,0.0
2022-03-22,583.0,-0.005119453924914641,975.0,-0.0030674846625766694,-0.0020519692623379715,0.0020519692623379715,0.01969845138375185,0.029238445612611928,0,0,0.0,5,1.0020625282808417,0.0,0.0,0.0,0.0,0.0,0.0,,0.0,0.0,0.0,0.029238445612611928,0.0,0.0,0.0,0,0.0,0.0
2022-03-23,590.0,0.012006861063464935,977.0,0.002051282051282133,0.009955579012182803,0.009955579012182803,0.01905509068735045,0.029376318535425414,1,0,0.0,5,0.2829035822934217,0.0,0.0,0.0,0.0,0.0,0.0,,0.0,0.0,0.0,0.029376318535425414,0.0,0.0,0.0,0,0.0,0.0
2022-03-24,591.0,0.0016949152542373724,972.0,-0.0051177072671443335,0.006812622521381706,0.006812622521381706,0.007113284448844397,0.005559554905028893,1,0,0.0,5,4.965994523793209,0.0,0.0,0.0,0.0,0.0,0.0,,0.0,0.0,0.0,0.007113284448844397,0.0,0.0,0.0,0,0.0,0.0
2022-03-25,598.0,0.011844331641285955,971.0,-0.0010288065843621075,0.012873138225648062,0.012873138225648062,0.007399625970970536,0.00561758070162883,1,1,1.0,5,0.14103965009761668,-1.0,5.0,598.0,-4855.0,0.0,0.0,Opened,598.0,-4855.0,0.0,0.007399625970970536,5453.0,0.0,0.0,0,0.0,5453.0
2022-03-28,584.0,-0.02341137123745818,964.0,-0.007209062821833201,-0.016202308415624977,0.016202308415624977,0.014661557273152562,0.003589135330311447,0,0,-1.0,5,0.5082953599593727,1.0,-5.0,-584.0,4820.0,14.0,-35.0,Closed,-584.0,4820.0,-21.0,0.014661557273152562,5404.0,-21.0,-0.0038860103626943004,0,-21.0,0.0
2022-03-29,589.0,0.008561643835616417,912.0,-0.053941908713692976,0.0625035525493094,0.0625035525493094,0.014881508486428142,0.023139489089074712,1,1,1.0,5,9.755481193949969,-49.0,5.0,28861.0,-4560.0,0.0,0.0,Opened,28861.0,-4560.0,0.0,0.023139489089074712,33421.0,0.0,0.0,0,0.0,33421.0
2022-03-30,600.0,0.018675721561969505,915.0,0.00328947368421062,0.015386247877758885,0.015386247877758885,0.016225190558279125,0.02334718932652886,1,1,0.0,5,0.26860795454546127,49.0,-5.0,-29400.0,4575.0,-539.0,15.0,Live,0.0,0.0,0.0,0.02334718932652886,33975.0,-524.0,-0.015423105224429728,0,0.0,0.0
2022-03-31,597.0,-0.0050000000000000044,905.0,-0.010928961748633892,0.0059289617486338875,0.0059289617486338875,0.01667853145313868,0.023011276590796863,1,1,0.0,5,3.31347081491245,49.0,-5.0,-29253.0,4525.0,-392.0,-35.0,Live,0.0,0.0,0.0,0.023011276590796863,33778.0,-427.0,-0.012641364201551306,0,0.0,0.0
2022-04-01,589.0,-0.01340033500837523,900.0,-0.0055248618784530246,-0.007875473129922206,0.007875473129922206,0.016824560323755476,0.022460708147541055,0,0,-1.0,5,0.6299890253168092,49.0,-5.0,-28861.0,4500.0,0.0,-60.0,Closed,-28861.0,4500.0,-60.0,0.022460708147541055,33361.0,-60.0,-0.001798507238991637,0,-60.0,0.0
2022-04-06,578.0,-0.018675721561969394,882.0,-0.020000000000000018,0.0013242784380306238,0.0013242784380306238,0.015460238568877805,0.02209647255245485,1,0,0.0,5,1.6341553947782375,0.0,0.0,0.0,0.0,0.0,0.0,,0.0,0.0,0.0,0.02209647255245485,0.0,0.0,0.0,0,0.0,0.0
2022-04-07,566.0,-0.02076124567474047,850.0,-0.03628117913832196,0.015519933463581492,0.015519933463581492,0.016019032209406397,0.015104424836713452,1,0,0.0,5,2.6244027253618367,0.0,0.0,0.0,0.0,0.0,0.0,,0.0,0.0,0.0,0.016019032209406397,0.0,0.0,0.0,0,0.0,0.0
2022-04-08,567.0,0.0017667844522968323,840.0,-0.0117647058823529,0.013531490334649732,0.013531490334649732,0.009469976377404812,0.012006856536298799,1,1,1.0,5,9.864923747276583,-50.0,5.0,28350.0,-4200.0,0.0,0.0,Opened,28350.0,-4200.0,0.0,0.012006856536298799,32550.0,0.0,0.0,0,0.0,32550.0
2022-04-11,558.0,-0.015873015873015928,836.0,-0.004761904761904745,-0.011111111111111183,0.011111111111111183,0.008918627927500698,0.013045413338152442,0,0,-1.0,5,0.4494623655913947,50.0,-5.0,-27900.0,4180.0,450.0,-20.0,Closed,-27900.0,4180.0,430.0,0.013045413338152442,32080.0,430.0,0.013403990024937655,0,430.0,0.0
2022-04-12,557.0,-0.0017921146953404632,842.0,0.0071770334928229484,-0.008969148188163412,0.008969148188163412,0.010316229354086277,0.016335839254923136,0,0,0.0,5,6.053911504728969,0.0,0.0,0.0,0.0,0.0,0.0,,0.0,0.0,0.0,0.016335839254923136,0.0,0.0,0.0,0,0.0,0.0
2022-04-13,573.0,0.02872531418312385,880.0,0.0451306413301662,-0.016405327147042348,0.016405327147042348,0.01937697267339583,0.029856500861459728,0,0,0.0,5,2.4128746896154323,0.0,0.0,0.0,0.0,0.0,0.0,,0.0,0.0,0.0,0.029856500861459728,0.0,0.0,0.0,0,0.0,0.0
2022-04-14,573.0,0.0,861.0,-0.021590909090909105,0.021590909090909105,0.021590909090909105,0.016205888499613515,0.02586147662633335,1,0,0.0,5,inf,0.0,0.0,0.0,0.0,0.0,0.0,,0.0,0.0,0.0,0.02586147662633335,0.0,0.0,0.0,0,0.0,0.0
2022-04-15,562.0,-0.01919720767888311,832.0,-0.03368176538908241,0.014484557710199297,0.014484557710199297,0.018944646562074015,0.030412365899038382,1,0,0.0,5,2.597429651331213,0.0,0.0,0.0,0.0,0.0,0.0,,0.0,0.0,0.0,0.030412365899038382,0.0,0.0,0.0,0,0.0,0.0
2022-04-18,561.0,-0.001779359430605032,833.0,0.0012019230769231282,-0.00298128250752816,0.00298128250752816,0.0172696117413786,0.030371599410484215,0,0,0.0,5,1.0029865967366114,0.0,0.0,0.0,0.0,0.0,0.0,,0.0,0.0,0.0,0.030371599410484215,0.0,0.0,0.0,0,0.0,0.0
2022-04-19,565.0,0.007130124777183555,838.0,0.006002400960384069,0.0011277238167994863,0.0011277238167994863,0.017345064798064382,0.03030326249504873,1,0,0.0,5,1.248600325085777,0.0,0.0,0.0,0.0,0.0,0.0,,0.0,0.0,0.0,0.03030326249504873,0.0,0.0,0.0,0,0.0,0.0
2022-04-20,570.0,0.008849557522123908,856.0,0.021479713603818507,-0.012630156081694599,0.012630156081694599,0.011133939989552104,0.022125150203904854,0,0,0.0,5,3.645069714859918,0.0,0.0,0.0,0.0,0.0,0.0,,0.0,0.0,0.0,0.022125150203904854,0.0,0.0,0.0,0,0.0,0.0
2022-04-21,565.0,-0.00877192982456143,868.0,0.014018691588784993,-0.022790621413346424,0.022790621413346424,0.01161769073313287,0.021292962503708154,0,1,1.0,5,2.455181539988404,13.0,-5.0,-7345.0,4340.0,0.0,0.0,Opened,-7345.0,4340.0,0.0,0.021292962503708154,11685.0,0.0,0.0,0,0.0,11685.0
2022-04-22,558.0,-0.012389380530973493,854.0,-0.016129032258064502,0.003739651727091009,0.003739651727091009,0.00939510379251863,0.014267871724323377,1,0,-1.0,5,1.9924268701583916,-13.0,5.0,7254.0,-4270.0,-91.0,70.0,Closed,7254.0,-4270.0,-21.0,0.014267871724323377,11524.0,-21.0,-0.001822283929191253,0,-21.0,0.0
2022-04-25,547.0,-0.01971326164874554,837.0,-0.01990632318501173,0.0001930615362661925,0.0001930615362661925,0.012492582085093778,0.018332783351745097,1,0,0.0,5,1.5451501775414627,0.0,0.0,0.0,0.0,0.0,0.0,,0.0,0.0,0.0,0.018332783351745097,0.0,0.0,0.0,0,0.0,0.0
2022-04-26,546.0,-0.001828153564899404,833.0,-0.004778972520907976,0.002950818956008572,0.002950818956008572,0.010857089896122989,0.018244834653023716,1,0,0.0,5,3.988175106454756,0.0,0.0,0.0,0.0,0.0,0.0,,0.0,0.0,0.0,0.018244834653023716,0.0,0.0,0.0,0,0.0,0.0
2022-04-27,526.0,-0.03663003663003661,808.0,-0.03001200480192079,-0.006618031828115822,0.006618031828115822,0.01327987655216892,0.016815680848197342,0,0,0.0,5,1.2585870850241254,0.0,0.0,0.0,0.0,0.0,0.0,,0.0,0.0,0.0,0.016815680848197342,0.0,0.0,0.0,0,0.0,0.0
2022-04-28,531.0,0.009505703422053147,828.0,0.024752475247524774,-0.015246771825471628,0.015246771825471628,0.01755009834026652,0.021024339207621142,0,0,0.0,5,4.060412820943151,0.0,0.0,0.0,0.0,0.0,0.0,,0.0,0.0,0.0,0.021024339207621142,0.0,0.0,0.0,0,0.0,0.0
2022-04-29,538.0,0.013182674199623268,830.0,0.0024154589371980784,0.01076721526242519,0.01076721526242519,0.02089285762622693,0.021135083298028344,1,0,0.0,5,0.28267796531898987,0.0,0.0,0.0,0.0,0.0,0.0,,0.0,0.0,0.0,0.021135083298028344,0.0,0.0,0.0,0,0.0,0.0
2022-05-03,531.0,-0.013011152416356864,820.0,-0.012048192771084376,-0.0009629596452724876,0.0009629596452724876,0.020080241057013493,0.020061442669664475,0,0,0.0,5,1.4299652200407826,0.0,0.0,0.0,0.0,0.0,0.0,,0.0,0.0,0.0,0.020080241057013493,0.0,0.0,0.0,0,0.0,0.0
2022-05-04,534.0,0.005649717514124353,829.0,0.01097560975609757,-0.005325892241973218,0.005325892241973218,0.020714402678315574,0.02110565580845328,0,0,0.0,5,3.015887914497094,0.0,0.0,0.0,0.0,0.0,0.0,,0.0,0.0,0.0,0.02110565580845328,0.0,0.0,0.0,0,0.0,0.0
2022-05-05,542.0,0.014981273408239737,841.0,0.014475271411338975,0.0005060019969007623,0.0005060019969007623,0.011248018178288867,0.013824623235668094,1,0,0.0,5,1.4992522000008879,0.0,0.0,0.0,0.0,0.0,0.0,,0.0,0.0,0.0,0.013824623235668094,0.0,0.0,0.0,0,0.0,0.0
2022-05-06,528.0,-0.02583025830258301,834.0,-0.008323424494649179,-0.01750683380793383,0.01750683380793383,0.017759345750882366,0.011608575538242339,0,0,0.0,5,0.5089855150794482,0.0,0.0,0.0,0.0,0.0,0.0,,0.0,0.0,0.0,0.017759345750882366,0.0,0.0,0.0,0,0.0,0.0
2022-05-09,520.0,-0.015151515151515138,813.0,-0.025179856115107868,0.01002834096359273,0.01002834096359273,0.0165817283688411,0.016565432599460157,1,0,0.0,5,2.5982706142778063,0.0,0.0,0.0,0.0,0.0,0.0,,0.0,0.0,0.0,0.0165817283688411,0.0,0.0,0.0,0,0.0,0.0
2022-05-10,518.0,-0.0038461538461538325,820.0,0.008610086100861114,-0.012456239947014947,0.012456239947014947,0.016208200622522484,0.016638610376381775,0,0,0.0,5,3.5437651673814594,0.0,0.0,0.0,0.0,0.0,0.0,,0.0,0.0,0.0,0.016638610376381775,0.0,0.0,0.0,0,0.0,0.0
2022-05-11,521.0,0.005791505791505891,829.0,0.01097560975609757,-0.00518410396459168,0.00518410396459168,0.016231247772514654,0.016638610376381775,0,0,0.0,5,3.0154627592340693,0.0,0.0,0.0,0.0,0.0,0.0,,0.0,0.0,0.0,0.016638610376381775,0.0,0.0,0.0,0,0.0,0.0
2022-05-12,505.0,-0.030710172744721653,820.0,-0.010856453558504175,-0.019853719186217478,0.019853719186217478,0.015126981871189209,0.014941671011771348,0,1,1.0,5,0.5740215457010097,3.0,-5.0,-1515.0,4100.0,0.0,0.0,Opened,-1515.0,4100.0,0.0,0.015126981871189209,5615.0,0.0,0.0,0,0.0,5615.0
2022-05-13,511.0,0.011881188118811892,843.0,0.028048780487804903,-0.01616759236899301,0.01616759236899301,0.017006837242184436,0.02065378853173545,0,1,0.0,5,3.894581404228915,-3.0,5.0,1533.0,-4215.0,18.0,-115.0,Live,0.0,0.0,0.0,0.02065378853173545,5748.0,-97.0,-0.01687543493389005,0,0.0,0.0
2022-05-16,520.0,0.017612524461839474,825.0,-0.02135231316725983,0.0389648376290993,0.0389648376290993,0.018991488495768937,0.01941342986856143,1,0,-1.0,5,1.9234191075828184,-3.0,5.0,1560.0,-4125.0,45.0,-25.0,Closed,1560.0,-4125.0,20.0,0.01941342986856143,5685.0,20.0,0.003518029903254178,0,20.0,0.0
2022-05-17,530.0,0.019230769230769162,841.0,0.019393939393939297,-0.00016317016317013433,0.00016317016317013433,0.020521324393004275,0.020734745027605646,0,0,0.0,5,1.6002561463693514,0.0,0.0,0.0,0.0,0.0,0.0,,0.0,0.0,0.0,0.020734745027605646,0.0,0.0,0.0,0,0.0,0.0
2022-05-18,538.0,0.015094339622641506,855.0,0.016646848989298357,-0.0015525093666568512,0.0015525093666568512,0.021052929780009486,0.02127488722482907,0,0,0.0,5,1.752676491519645,0.0,0.0,0.0,0.0,0.0,0.0,,0.0,0.0,0.0,0.02127488722482907,0.0,0.0,0.0,0,0.0,0.0
2022-05-19,522.0,-0.029739776951672847,845.0,-0.011695906432748537,-0.01804387051892431,0.01804387051892431,0.02062282292420795,0.02144748811227345,0,0,0.0,5,0.6366230870919319,0.0,0.0,0.0,0.0,0.0,0.0,,0.0,0.0,0.0,0.02144748811227345,0.0,0.0,0.0,0,0.0,0.0
2022-05-20,530.0,0.015325670498084198,846.0,0.0011834319526626835,0.014142238545421515,0.014142238545421515,0.02089012977157613,0.017634275475065558,1,0,0.0,5,0.12325890365077267,0.0,0.0,0.0,0.0,0.0,0.0,,0.0,0.0,0.0,0.02089012977157613,0.0,0.0,0.0,0,0.0,0.0
2022-05-23,528.0,-0.0037735849056603765,843.0,-0.0035460992907800915,-0.00022748561488028507,0.00022748561488028507,0.020488708948869196,0.013298199815066027,0,0,0.0,5,1.500342520954202,0.0,0.0,0.0,0.0,0.0,0.0,,0.0,0.0,0.0,0.020488708948869196,0.0,0.0,0.0,0,0.0,0.0
2022-05-24,520.0,-0.015151515151515138,830.0,-0.01542111506524313,0.0002695999137279914,0.0002695999137279914,0.019521801395289428,0.012577376257306823,1,0,0.0,5,1.624555160142345,0.0,0.0,0.0,0.0,0.0,0.0,,0.0,0.0,0.0,0.019521801395289428,0.0,0.0,0.0,0,0.0,0.0
2022-05-25,524.0,0.007692307692307665,843.0,0.015662650602409567,-0.007970342910101902,0.007970342910101902,0.017963558790021407,0.0122036558384014,0,0,0.0,5,3.2757058769428826,0.0,0.0,0.0,0.0,0.0,0.0,,0.0,0.0,0.0,0.017963558790021407,0.0,0.0,0.0,0,0.0,0.0
2022-05-26,514.0,-0.01908396946564883,833.0,-0.011862396204033177,-0.007221573261615655,0.007221573261615655,0.014638198787539995,0.012234310133018473,0,0,0.0,5,1.0073620707958864,0.0,0.0,0.0,0.0,0.0,0.0,,0.0,0.0,0.0,0.014638198787539995,0.0,0.0,0.0,0,0.0,0.0
2022-05-27,530.0,0.03112840466926059,851.0,0.021608643457383003,0.009519761211877587,0.009519761211877587,0.020223894698224394,0.0165458083244391,1,0,0.0,5,1.1146135812815756,0.0,0.0,0.0,0.0,0.0,0.0,,0.0,0.0,0.0,0.020223894698224394,0.0,0.0,0.0,0,0.0,0.0
2022-05-30,547.0,0.03207547169811331,878.0,0.031727379553466495,0.0003480921446468166,0.0003480921446468166,0.024402612487049058,0.020912765174476287,1,0,0.0,5,1.5876996237670773,0.0,0.0,0.0,0.0,0.0,0.0,,0.0,0.0,0.0,0.024402612487049058,0.0,0.0,0.0,0,0.0,0.0
2022-05-31,560.0,0.02376599634369292,905.0,0.03075170842824604,-0.0069857120845531195,0.0069857120845531195,0.021468537086907054,0.017751078230173634,0,0,0.0,5,2.091095052441861,0.0,0.0,0.0,0.0,0.0,0.0,,0.0,0.0,0.0,0.021468537086907054,0.0,0.0,0.0,0,0.0,0.0
2022-06-01,549.0,-0.019642857142857184,905.0,0.0,-0.019642857142857184,0.019642857142857184,0.02667956836217503,0.019472058766293317,0,0,0.0,5,0.0,0.0,0.0,0.0,0.0,0.0,0.0,,0.0,0.0,0.0,0.02667956836217503,0.0,0.0,0.0,0,0.0,0.0
2022-06-02,540.0,-0.016393442622950838,898.0,-0.007734806629834279,-0.008658635993116559,0.008658635993116559,0.025972952620422315,0.018118368199627394,0,0,0.0,5,0.7846245140167807,0.0,0.0,0.0,0.0,0.0,0.0,,0.0,0.0,0.0,0.025972952620422315,0.0,0.0,0.0,0,0.0,0.0
2022-06-06,540.0,0.0,905.0,0.007795100222717233,-0.007795100222717233,0.007795100222717233,0.023290536310610385,0.017962809886833905,0,0,0.0,5,inf,0.0,0.0,0.0,0.0,0.0,0.0,,0.0,0.0,0.0,0.023290536310610385,0.0,0.0,0.0,0,0.0,0.0
2022-06-07,535.0,-0.0092592592592593,890.0,-0.016574585635359074,0.007315326376099773,0.007315326376099773,0.01741004629628415,0.018030768676449236,1,0,0.0,5,2.9778489182630037,0.0,0.0,0.0,0.0,0.0,0.0,,0.0,0.0,0.0,0.018030768676449236,0.0,0.0,0.0,0,0.0,0.0
2022-06-08,544.0,0.016822429906542036,930.0,0.04494382022471921,-0.028121390318177175,0.028121390318177175,0.014672857691988016,0.02373608577633368,0,1,1.0,5,4.567360652126036,23.0,-5.0,-12512.0,4650.0,0.0,0.0,Opened,-12512.0,4650.0,0.0,0.02373608577633368,17162.0,0.0,0.0,0,0.0,17162.0
2022-06-09,541.0,-0.005514705882352922,924.0,-0.006451612903225823,0.0009369070208729013,0.0009369070208729013,0.01251728099510942,0.024291316573570115,1,0,-1.0,5,1.9981157951225454,-23.0,5.0,12443.0,-4620.0,-69.0,30.0,Closed,12443.0,-4620.0,-39.0,0.024291316573570115,17063.0,-39.0,-0.0022856473070386216,0,-39.0,0.0
2022-06-10,530.0,-0.020332717190388205,930.0,0.006493506493506551,-0.026826223683894757,0.026826223683894757,0.013653723136495438,0.02332937093808725,0,1,1.0,5,0.5603907241986184,3.0,-5.0,-1590.0,4650.0,0.0,0.0,Opened,-1590.0,4650.0,0.0,0.02332937093808725,6240.0,0.0,0.0,0,0.0,6240.0
2022-06-13,516.0,-0.026415094339622636,887.0,-0.04623655913978497,0.019821464800162336,0.019821464800162336,0.016663660222397354,0.03336436348978457,1,0,-1.0,5,3.008896569380443,-3.0,5.0,1548.0,-4435.0,-42.0,215.0,Closed,1548.0,-4435.0,173.0,0.03336436348978457,5983.0,173.0,0.028915259903058665,0,173.0,0.0
2022-06-14,513.0,-0.005813953488372103,880.0,-0.007891770011273946,0.002077816522901843,0.002077816522901843,0.01671829538065763,0.032738043099684554,1,0,0.0,5,2.328456742507646,0.0,0.0,0.0,0.0,0.0,0.0,,0.0,0.0,0.0,0.032738043099684554,0.0,0.0,0.0,0,0.0,0.0
2022-06-15,509.0,-0.007797270955165692,884.0,0.00454545454545463,-0.012342725500620322,0.012342725500620322,0.009595807607725852,0.021293706626986212,0,0,0.0,5,1.0124397213788365,0.0,0.0,0.0,0.0,0.0,0.0,,0.0,0.0,0.0,0.021293706626986212,0.0,0.0,0.0,0,0.0,0.0
2022-06-16,508.0,-0.0019646365422396617,873.0,-0.012443438914027105,0.010478802371787443,0.010478802371787443,0.010401776920324108,0.0212190177633806,1,0,0.0,5,10.884506270709467,0.0,0.0,0.0,0.0,0.0,0.0,,0.0,0.0,0.0,0.0212190177633806,0.0,0.0,0.0,0,0.0,0.0
2022-06-17,501.0,-0.013779527559055094,831.0,-0.04810996563573888,0.03433043807668379,0.03433043807668379,0.009539687137757496,0.02379164012980003,1,1,1.0,5,5.791139370743066,-29.0,5.0,14529.0,-4155.0,0.0,0.0,Opened,14529.0,-4155.0,0.0,0.02379164012980003,18684.0,0.0,0.0,0,0.0,18684.0
2022-06-20,498.0,-0.005988023952095856,840.0,0.010830324909747224,-0.01681834886184308,0.01681834886184308,0.00431160455840827,0.022947619455433298,0,0,-1.0,5,3.0507589926492544,29.0,-5.0,-14442.0,4200.0,87.0,45.0,Closed,-14442.0,4200.0,132.0,0.022947619455433298,18642.0,132.0,0.007080785323463148,0,132.0,0.0
2022-06-21,505.0,0.014056224899598346,868.0,0.03333333333333344,-0.01927710843373509,0.01927710843373509,0.010489069374388814,0.030374408314404567,0,0,0.0,5,4.076039603960422,0.0,0.0,0.0,0.0,0.0,0.0,,0.0,0.0,0.0,0.030374408314404567,0.0,0.0,0.0,0,0.0,0.0
2022-06-22,494.5,-0.02079207920792081,807.0,-0.07027649769585254,0.049484418487931725,0.049484418487931725,0.013204106713250367,0.04223266973781848,1,1,1.0,5,5.51593865635885,-28.0,5.0,13846.0,-4035.0,0.0,0.0,Opened,13846.0,-4035.0,0.0,0.04223266973781848,17881.0,0.0,0.0,0,0.0,17881.0
2022-06-23,485.5,-0.018200202224469164,689.0,-0.14622057001239153,0.12802036778792236,0.12802036778792236,0.01402840576651933,0.07096330167805438,1,1,0.0,5,11.40150669852544,28.0,-5.0,-13594.0,3445.0,252.0,-590.0,Live,0.0,0.0,0.0,0.07096330167805438,17039.0,-338.0,-0.01983684488526322,0,0.0,0.0
2022-06-24,486.5,0.002059732234809486,670.0,-0.027576197387518153,0.02963592962232764,0.02963592962232764,0.014444758434963,0.07126591883899044,1,1,0.0,5,18.438074752721054,28.0,-5.0,-13622.0,3350.0,224.0,-685.0,Live,0.0,0.0,0.0,0.07126591883899044,16972.0,-461.0,-0.027162385104878624,0,0.0,0.0
2022-06-27,498.5,0.02466598150051391,678.0,0.011940298507462588,0.012725682993051324,0.012725682993051324,0.01983146453814242,0.07146522036731547,1,1,0.0,5,0.658387101603311,28.0,-5.0,-13958.0,3390.0,-112.0,-645.0,Live,0.0,0.0,0.0,0.07146522036731547,17348.0,-757.0,-0.04363615402351856,0,0.0,0.0
2022-06-28,497.5,-0.0020060180541624506,651.0,-0.03982300884955747,0.03781699079539502,0.03781699079539502,0.0182995479909424,0.059194848028581014,1,1,0.0,5,25.976888869124828,28.0,-5.0,-13930.0,3255.0,-84.0,-780.0,Live,0.0,0.0,0.0,0.059194848028581014,17185.0,-864.0,-0.05027640384055863,0,0.0,0.0
2022-06-29,491.0,-0.013065326633165841,661.0,0.015360983102918668,-0.02842630973608451,0.02842630973608451,0.016658764835248644,0.06550264886314988,0,0,-1.0,5,1.58277326991604,28.0,-5.0,-13748.0,3305.0,98.0,-730.0,Closed,-13748.0,3305.0,-632.0,0.06550264886314988,17053.0,-632.0,-0.037060927696006565,0,-632.0,0.0
2022-06-30,476.0,-0.03054989816700615,651.0,-0.015128593040847238,-0.015421305126158913,0.015421305126158913,0.020305590871756894,0.02420604213405035,0,0,0.0,5,0.677271513749222,0.0,0.0,0.0,0.0,0.0,0.0,,0.0,0.0,0.0,0.02420604213405035,0.0,0.0,0.0,0,0.0,0.0
2022-07-01,453.5,-0.047268907563025264,612.0,-0.05990783410138245,0.012638926538357187,0.012638926538357187,0.027476699070239672,0.03259194455132325,1,0,0.0,5,1.7103389408542842,0.0,0.0,0.0,0.0,0.0,0.0,,0.0,0.0,0.0,0.03259194455132325,0.0,0.0,0.0,0,0.0,0.0
2022-07-04,440.0,-0.029768467475192906,611.0,-0.0016339869281045694,-0.028134480547088336,0.028134480547088336,0.01746072103208068,0.029986541091166663,0,0,0.0,5,0.07622205167139791,0.0,0.0,0.0,0.0,0.0,0.0,,0.0,0.0,0.0,0.029986541091166663,0.0,0.0,0.0,0,0.0,0.0
2022-07-05,446.0,0.013636363636363669,615.0,0.00654664484451728,0.007089718791846389,0.007089718791846389,0.023021542993046505,0.029578364724978858,1,0,0.0,5,0.6620037723940103,0.0,0.0,0.0,0.0,0.0,0.0,,0.0,0.0,0.0,0.029578364724978858,0.0,0.0,0.0,0,0.0,0.0
2022-07-06,435.5,-0.023542600896861,605.0,-0.016260162601625994,-0.007282438295235005,0.007282438295235005,0.022544772265084972,0.025667623275020302,0,0,0.0,5,0.9594838280677359,0.0,0.0,0.0,0.0,0.0,0.0,,0.0,0.0,0.0,0.025667623275020302,0.0,0.0,0.0,0,0.0,0.0
2022-07-07,457.5,0.05051664753157281,636.0,0.05123966942148761,-0.0007230218899147989,0.0007230218899147989,0.03920224060444534,0.04013803764805965,0,0,0.0,5,1.4100607210158789,0.0,0.0,0.0,0.0,0.0,0.0,,0.0,0.0,0.0,0.04013803764805965,0.0,0.0,0.0,0,0.0,0.0
2022-07-08,467.0,0.02076502732240426,651.0,0.02358490566037741,-0.0028198783379731474,0.0028198783379731474,0.03320272598579571,0.025912377177888968,0,0,0.0,5,1.58330923365139,0.0,0.0,0.0,0.0,0.0,0.0,,0.0,0.0,0.0,0.03320272598579571,0.0,0.0,0.0,0,0.0,0.0
2022-07-11,462.0,-0.010706638115631661,637.0,-0.021505376344086002,0.010798738228454341,0.010798738228454341,0.028829191626609973,0.029879730056206075,1,0,0.0,5,2.769436298468562,0.0,0.0,0.0,0.0,0.0,0.0,,0.0,0.0,0.0,0.029879730056206075,0.0,0.0,0.0,0,0.0,0.0
2022-07-12,449.5,-0.02705627705627711,614.0,-0.03610675039246469,0.009050473336187581,0.009050473336187581,0.03303082489729034,0.03609758181388525,1,0,0.0,5,1.8228840347638984,0.0,0.0,0.0,0.0,0.0,0.0,,0.0,0.0,0.0,0.03609758181388525,0.0,0.0,0.0,0,0.0,0.0
2022-07-13,470.5,0.04671857619577313,634.0,0.032573289902280145,0.014145286293492987,0.014145286293492987,0.034368632549972175,0.037125548485925274,1,0,0.0,5,0.9395105385579163,0.0,0.0,0.0,0.0,0.0,0.0,,0.0,0.0,0.0,0.037125548485925274,0.0,0.0,0.0,0,0.0,0.0
2022-07-14,475.0,0.009564293304994642,646.0,0.018927444794952786,-0.009363151489958144,0.009363151489958144,0.028474987704569434,0.030334094087694177,0,0,0.0,5,2.691398527865432,0.0,0.0,0.0,0.0,0.0,0.0,,0.0,0.0,0.0,0.030334094087694177,0.0,0.0,0.0,0,0.0,0.0
2022-07-15,492.5,0.03684210526315779,648.0,0.003095975232198178,0.03374613003095961,0.03374613003095961,0.031085062682247158,0.028254258670432113,1,1,1.0,5,0.1105660538327022,-1.0,5.0,492.5,-3240.0,0.0,0.0,Opened,492.5,-3240.0,0.0,0.031085062682247158,3732.5,0.0,0.0,0,0.0,3732.5
2022-07-18,495.5,0.006091370558375608,661.0,0.020061728395061706,-0.013970357836686098,0.013970357836686098,0.028979189176889686,0.026635391332687604,0,0,-1.0,5,4.393505022569394,1.0,-5.0,-495.5,3305.0,-3.0,65.0,Closed,-495.5,3305.0,62.0,0.028979189176889686,3800.5,62.0,0.016313642941718196,0,62.0,0.0
2022-07-19,491.0,-0.00908173562058523,662.0,0.001512859304084735,-0.010594594924669964,0.010594594924669964,0.02305523222801788,0.012973056859789006,0,0,0.0,5,0.22459815423633442,0.0,0.0,0.0,0.0,0.0,0.0,,0.0,0.0,0.0,0.02305523222801788,0.0,0.0,0.0,0,0.0,0.0
2022-07-20,495.0,0.008146639511201537,671.0,0.013595166163141936,-0.0054485266519404,0.0054485266519404,0.016605910313786564,0.008706486571365447,0,0,0.0,5,2.2621601208459374,0.0,0.0,0.0,0.0,0.0,0.0,,0.0,0.0,0.0,0.016605910313786564,0.0,0.0,0.0,0,0.0,0.0
2022-07-21,501.0,0.0121212121212122,716.0,0.06706408345752601,-0.054942871336313814,0.054942871336313814,0.016616474595670096,0.02682299714173737,0,1,1.0,5,7.907136546578915,40.0,-5.0,-20040.0,3580.0,0.0,0.0,Opened,-20040.0,3580.0,0.0,0.02682299714173737,23620.0,0.0,0.0,0,0.0,23620.0
2022-07-22,503.0,0.003992015968063978,705.0,-0.015363128491620137,0.019355144459684115,0.019355144459684115,0.008036356133515022,0.03087840357377665,1,0,-1.0,5,5.393969979008496,-40.0,5.0,20120.0,-3525.0,80.0,55.0,Closed,20120.0,-3525.0,135.0,0.03087840357377665,23645.0,135.0,0.0057094523155001055,0,135.0,0.0
2022-07-25,499.5,-0.006958250497017926,688.0,-0.024113475177305,0.017155224680287073,0.017155224680287073,0.009308726975869484,0.035838571207017555,1,0,0.0,5,4.773233618623674,0.0,0.0,0.0,0.0,0.0,0.0,,0.0,0.0,0.0,0.035838571207017555,0.0,0.0,0.0,0,0.0,0.0
2022-07-26,495.0,-0.009009009009009028,681.0,-0.01017441860465118,0.0011654095956421529,0.0011654095956421529,0.009287811012345576,0.03678016447923691,1,0,0.0,5,1.55372621564482,0.0,0.0,0.0,0.0,0.0,0.0,,0.0,0.0,0.0,0.03678016447923691,0.0,0.0,0.0,0,0.0,0.0
2022-07-27,502.0,0.014141414141414232,677.0,-0.005873715124816492,0.020015129266230725,0.020015129266230725,0.01062536118180388,0.03683227088434217,1,0,0.0,5,0.5601508378067348,0.0,0.0,0.0,0.0,0.0,0.0,,0.0,0.0,0.0,0.03683227088434217,0.0,0.0,0.0,0,0.0,0.0
2022-07-28,501.0,-0.0019920318725099584,682.0,0.007385524372230501,-0.00937755624474046,0.00937755624474046,0.009346889921699795,0.011689460312433973,0,0,0.0,5,5.046981369609432,0.0,0.0,0.0,0.0,0.0,0.0,,0.0,0.0,0.0,0.011689460312433973,0.0,0.0,0.0,0,0.0,0.0
2022-07-29,509.0,0.015968063872255467,683.0,0.0014662756598240456,0.014501788212431421,0.014501788212431421,0.011821388824694584,0.012042779129480551,1,1,1.0,5,0.12321576721649609,-1.0,5.0,509.0,-3415.0,0.0,0.0,Opened,509.0,-3415.0,0.0,0.012042779129480551,3924.0,0.0,0.0,0,0.0,3924.0
2022-08-01,504.0,-0.00982318271119842,694.0,0.016105417276720324,-0.025928599987918743,0.025928599987918743,0.01244327951846038,0.010466916564660362,0,0,-1.0,5,2.257608821957283,1.0,-5.0,-504.0,3470.0,5.0,55.0,Closed,-504.0,3470.0,60.0,0.01244327951846038,3974.0,60.0,0.01509813789632612,0,60.0,0.0
2022-08-02,492.0,-0.023809523809523836,683.0,-0.015850144092218965,-0.00795937971730487,0.00795937971730487,0.01670502597971272,0.012244560796762071,0,0,0.0,5,0.9241407183524242,0.0,0.0,0.0,0.0,0.0,0.0,,0.0,0.0,0.0,0.01670502597971272,0.0,0.0,0.0,0,0.0,0.0
2022-08-03,501.0,0.018292682926829285,686.0,0.004392386530014614,0.013900296396814671,0.013900296396814671,0.017724176648515454,0.011727675011527158,1,0,0.0,5,0.3287831365088248,0.0,0.0,0.0,0.0,0.0,0.0,,0.0,0.0,0.0,0.017724176648515454,0.0,0.0,0.0,0,0.0,0.0
2022-08-04,500.0,-0.001996007984031989,684.0,-0.002915451895043719,0.0009194439110117303,0.0009194439110117303,0.017724273157504765,0.011602891423906872,1,0,0.0,5,1.998157434402271,0.0,0.0,0.0,0.0,0.0,0.0,,0.0,0.0,0.0,0.017724273157504765,0.0,0.0,0.0,0,0.0,0.0
2022-08-05,516.0,0.03200000000000003,717.0,0.04824561403508776,-0.01624561403508773,0.01624561403508773,0.022265378085555697,0.02432327686980205,0,0,0.0,5,2.094967615259078,0.0,0.0,0.0,0.0,0.0,0.0,,0.0,0.0,0.0,0.02432327686980205,0.0,0.0,0.0,0,0.0,0.0
2022-08-08,512.0,-0.007751937984496138,709.0,-0.01115760111576014,0.003405663131264003,0.003405663131264003,0.021986238828290885,0.025631810626360205,1,0,0.0,5,1.9931354602510478,0.0,0.0,0.0,0.0,0.0,0.0,,0.0,0.0,0.0,0.025631810626360205,0.0,0.0,0.0,0,0.0,0.0
2022-08-09,510.0,-0.00390625,694.0,-0.021156558533145242,0.017250308533145242,0.017250308533145242,0.01709884413339891,0.026771784693808157,1,0,0.0,5,7.3701153239857184,0.0,0.0,0.0,0.0,0.0,0.0,,0.0,0.0,0.0,0.026771784693808157,0.0,0.0,0.0,0,0.0,0.0
2022-08-10,500.0,-0.019607843137254943,668.0,-0.03746397694524495,0.017856133807990004,0.017856133807990004,0.019283959288775358,0.03237375496668524,1,0,0.0,5,2.552645533141204,0.0,0.0,0.0,0.0,0.0,0.0,,0.0,0.0,0.0,0.03237375496668524,0.0,0.0,0.0,0,0.0,0.0
2022-08-11,514.0,0.028000000000000025,670.0,0.0029940119760478723,0.025005988023952153,0.025005988023952153,0.022927552478262548,0.032571113377449695,1,0,0.0,5,0.13938215841801505,0.0,0.0,0.0,0.0,0.0,0.0,,0.0,0.0,0.0,0.032571113377449695,0.0,0.0,0.0,0,0.0,0.0
2022-08-12,517.0,0.005836575875486361,684.0,0.020895522388059806,-0.015058946512573446,0.015058946512573446,0.017864510362428667,0.022361103510537425,0,0,0.0,5,4.7365339646064095,0.0,0.0,0.0,0.0,0.0,0.0,,0.0,0.0,0.0,0.022361103510537425,0.0,0.0,0.0,0,0.0,0.0
2022-08-15,523.0,0.011605415860735047,706.0,0.032163742690058506,-0.02055832682932346,0.02055832682932346,0.01772223920259014,0.02885274978997592,0,0,0.0,5,3.74118241215956,0.0,0.0,0.0,0.0,0.0,0.0,,0.0,0.0,0.0,0.02885274978997592,0.0,0.0,0.0,0,0.0,0.0
2022-08-16,525.0,0.003824091778202643,706.0,0.0,0.003824091778202643,0.003824091778202643,0.017145846736310737,0.02652607424903308,1,0,0.0,5,0.0,0.0,0.0,0.0,0.0,0.0,0.0,,0.0,0.0,0.0,0.02652607424903308,0.0,0.0,0.0,0,0.0,0.0
2022-08-17,527.0,0.003809523809523707,703.0,-0.004249291784702569,0.008058815594226276,0.008058815594226276,0.010228433729965352,0.015503380358221127,1,0,0.0,5,1.4879576522193005,0.0,0.0,0.0,0.0,0.0,0.0,,0.0,0.0,0.0,0.015503380358221127,0.0,0.0,0.0,0,0.0,0.0
2022-08-18,520.0,-0.013282732447817858,702.0,-0.0014224751066855834,-0.011860257341132274,0.011860257341132274,0.009307309580994027,0.016140741300536807,0,0,0.0,5,0.14457427352163668,0.0,0.0,0.0,0.0,0.0,0.0,,0.0,0.0,0.0,0.016140741300536807,0.0,0.0,0.0,0,0.0,0.0
2022-08-19,519.0,-0.0019230769230769162,693.0,-0.012820512820512775,0.010897435897435859,0.010897435897435859,0.00922899855010054,0.017186986566304217,1,0,0.0,5,8.901734104046243,0.0,0.0,0.0,0.0,0.0,0.0,,0.0,0.0,0.0,0.017186986566304217,0.0,0.0,0.0,0,0.0,0.0
2022-08-22,512.0,-0.013487475915221592,677.0,-0.023088023088023046,0.009600547172801455,0.009600547172801455,0.008695910313452676,0.009639994281741475,1,0,0.0,5,2.2634701607915835,0.0,0.0,0.0,0.0,0.0,0.0,,0.0,0.0,0.0,0.009639994281741475,0.0,0.0,0.0,0,0.0,0.0
2022-08-23,504.0,-0.015625,676.0,-0.001477104874446078,-0.014147895125553922,0.014147895125553922,0.00855135015769287,0.009339379568223985,0,1,1.0,5,0.1267965581111808,1.0,-5.0,-504.0,3380.0,0.0,0.0,Opened,-504.0,3380.0,0.0,0.009339379568223985,3884.0,0.0,0.0,0,0.0,3884.0
2022-08-24,503.0,-0.001984126984126977,667.0,-0.013313609467455634,0.011329482483328657,0.011329482483328657,0.006733051336067614,0.009158943437216545,1,0,-1.0,5,8.897831943251774,-1.0,5.0,503.0,-3335.0,-1.0,45.0,Closed,503.0,-3335.0,44.0,0.009158943437216545,3838.0,44.0,0.011464304325169358,0,44.0,0.0
2022-08-25,508.0,0.00994035785288272,670.0,0.004497751124437732,0.0054426067284449875,0.0054426067284449875,0.01031948775416558,0.010841707151499376,1,0,0.0,5,0.5967665773412432,0.0,0.0,0.0,0.0,0.0,0.0,,0.0,0.0,0.0,0.010841707151499376,0.0,0.0,0.0,0,0.0,0.0
2022-08-26,512.0,0.007874015748031482,678.0,0.011940298507462588,-0.004066282759431106,0.004066282759431106,0.011784700957907209,0.01399420166488029,0,0,0.0,5,2.0080690298507333,0.0,0.0,0.0,0.0,0.0,0.0,,0.0,0.0,0.0,0.01399420166488029,0.0,0.0,0.0,0,0.0,0.0
2022-08-29,498.5,-0.0263671875,653.0,-0.03687315634218291,0.010505968842182911,0.010505968842182911,0.015550139626684738,0.01906365976381306,1,0,0.0,5,1.8318694749166113,0.0,0.0,0.0,0.0,0.0,0.0,,0.0,0.0,0.0,0.01906365976381306,0.0,0.0,0.0,0,0.0,0.0
2022-08-30,496.0,-0.005015045135406182,657.0,0.006125574272588086,-0.011140619407994268,0.011140619407994268,0.014463350222877175,0.019903501047166747,0,0,0.0,5,1.6179148347577137,0.0,0.0,0.0,0.0,0.0,0.0,,0.0,0.0,0.0,0.019903501047166747,0.0,0.0,0.0,0,0.0,0.0
2022-08-31,505.0,0.01814516129032251,667.0,0.015220700152207112,0.0029244611381153973,0.0029244611381153973,0.017365530741079438,0.02116280038316859,1,0,0.0,5,1.1079196199680974,0.0,0.0,0.0,0.0,0.0,0.0,,0.0,0.0,0.0,0.02116280038316859,0.0,0.0,0.0,0,0.0,0.0
2022-09-01,490.5,-0.02871287128712874,648.0,-0.028485757121439303,-0.00022711416568943488,0.00022711416568943488,0.020638686220120654,0.024377777348050238,0,0,0.0,5,1.3106512229491074,0.0,0.0,0.0,0.0,0.0,0.0,,0.0,0.0,0.0,0.024377777348050238,0.0,0.0,0.0,0,0.0,0.0
2022-09-02,485.0,-0.011213047910295648,620.0,-0.043209876543209846,0.0319968286329142,0.0319968286329142,0.018937574032379247,0.026390340925690956,1,1,1.0,5,4.926168905550331,-25.0,5.0,12125.0,-3100.0,0.0,0.0,Opened,12125.0,-3100.0,0.0,0.026390340925690956,15225.0,0.0,0.0,0,0.0,15225.0
2022-09-05,486.0,0.0020618556701030855,631.0,0.01774193548387104,-0.015680079813767955,0.015680079813767955,0.01722248962281542,0.02761273085402302,0,0,-1.0,5,11.172125979025706,25.0,-5.0,-12150.0,3155.0,-25.0,55.0,Closed,-12150.0,3155.0,30.0,0.02761273085402302,15305.0,30.0,0.0019601437438745506,0,30.0,0.0
2022-09-06,489.0,0.006172839506172867,629.0,-0.0031695721077654726,0.00934241161393834,0.00934241161393834,0.017923896984985102,0.026850786245650796,1,0,0.0,5,0.6604766025298255,0.0,0.0,0.0,0.0,0.0,0.0,,0.0,0.0,0.0,0.026850786245650796,0.0,0.0,0.0,0,0.0,0.0
2022-09-07,472.5,-0.033742331288343586,619.0,-0.015898251192368873,-0.017844080095974713,0.017844080095974713,0.01785183118091369,0.023397009011941184,0,0,0.0,5,0.6172528525469709,0.0,0.0,0.0,0.0,0.0,0.0,,0.0,0.0,0.0,0.023397009011941184,0.0,0.0,0.0,0,0.0,0.0
2022-09-08,475.0,0.005291005291005346,623.0,0.00646203554119551,-0.0011710302501901637,0.0011710302501901637,0.016860177612812895,0.023433450567646855,0,0,0.0,5,1.601863787092926,0.0,0.0,0.0,0.0,0.0,0.0,,0.0,0.0,0.0,0.023433450567646855,0.0,0.0,0.0,0,0.0,0.0
2022-09-12,486.5,0.02421052631578946,627.0,0.006420545746388395,0.017789980569401065,0.017789980569401065,0.0211651494111077,0.012588156450161403,1,0,0.0,5,0.34178453673857184,0.0,0.0,0.0,0.0,0.0,0.0,,0.0,0.0,0.0,0.0211651494111077,0.0,0.0,0.0,0,0.0,0.0
2022-09-13,493.0,0.013360739979445091,626.0,-0.0015948963317384823,0.014955636311183573,0.014955636311183573,0.021923325134371542,0.009168144211301282,1,0,0.0,5,0.15157562269765026,0.0,0.0,0.0,0.0,0.0,0.0,,0.0,0.0,0.0,0.021923325134371542,0.0,0.0,0.0,0,0.0,0.0
2022-09-14,480.0,-0.026369168356997985,615.0,-0.01757188498402551,-0.008797283372972475,0.008797283372972475,0.02533290587931225,0.01171151473724912,0,0,0.0,5,0.8537993057262199,0.0,0.0,0.0,0.0,0.0,0.0,,0.0,0.0,0.0,0.02533290587931225,0.0,0.0,0.0,0,0.0,0.0
2022-09-15,476.5,-0.007291666666666696,616.0,0.001626016260162677,-0.008917682926829373,0.008917682926829373,0.019520641958768806,0.009907072485009775,0,0,0.0,5,0.2882809100913796,0.0,0.0,0.0,0.0,0.0,0.0,,0.0,0.0,0.0,0.019520641958768806,0.0,0.0,0.0,0,0.0,0.0
2022-09-16,472.0,-0.009443861490031513,600.0,-0.025974025974025983,0.01653016448399447,0.01653016448399447,0.019976380739198836,0.013735315717461316,1,0,0.0,5,3.496221292831451,0.0,0.0,0.0,0.0,0.0,0.0,,0.0,0.0,0.0,0.019976380739198836,0.0,0.0,0.0,0,0.0,0.0
2022-09-19,467.0,-0.010593220338983023,604.0,0.006666666666666599,-0.01725988700564962,0.01725988700564962,0.014168592774058837,0.013797611940199213,0,1,1.0,5,0.8139557458957826,5.0,-5.0,-2335.0,3020.0,0.0,0.0,Opened,-2335.0,3020.0,0.0,0.014168592774058837,5355.0,0.0,0.0,0,0.0,5355.0
2022-09-20,476.5,0.020342612419700146,605.0,0.0016556291390728006,0.018686983280627345,0.018686983280627345,0.01689090652470596,0.01420819233837082,1,0,-1.0,5,0.10333532419681567,-5.0,5.0,2382.5,-3025.0,47.5,-5.0,Closed,2382.5,-3025.0,42.5,0.01689090652470596,5407.5,42.5,0.00785945446139621,0,42.5,0.0
2022-09-21,471.0,-0.011542497376705096,605.0,0.0,-0.011542497376705096,0.011542497376705096,0.01353661990671508,0.012972228077852324,0,0,0.0,5,0.0,0.0,0.0,0.0,0.0,0.0,0.0,,0.0,0.0,0.0,0.01353661990671508,0.0,0.0,0.0,0,0.0,0.0
2022-09-22,464.5,-0.013800424628450103,591.0,-0.023140495867768562,0.00934007123931846,0.00934007123931846,0.014261236700403853,0.015202935453399003,1,0,0.0,5,2.133447568186777,0.0,0.0,0.0,0.0,0.0,0.0,,0.0,0.0,0.0,0.015202935453399003,0.0,0.0,0.0,0,0.0,0.0
2022-09-23,455.0,-0.020452099031216364,580.0,-0.0186125211505922,-0.0018395778806241658,0.0018395778806241658,0.01587568930980709,0.013281297194917102,0,0,0.0,5,1.1600692476994896,0.0,0.0,0.0,0.0,0.0,0.0,,0.0,0.0,0.0,0.01587568930980709,0.0,0.0,0.0,0,0.0,0.0
2022-09-26,446.5,-0.018681318681318726,569.0,-0.018965517241379293,0.00028419856006056676,0.00028419856006056676,0.016697497500283598,0.011690328186240937,1,0,0.0,5,1.2937428591547013,0.0,0.0,0.0,0.0,0.0,0.0,,0.0,0.0,0.0,0.016697497500283598,0.0,0.0,0.0,0,0.0,0.0
2022-09-27,448.0,0.0033594624860022737,568.0,-0.0017574692442882123,0.005116931730290486,0.005116931730290486,0.009423274905210145,0.010770768684245188,1,0,0.0,5,0.6632668005690737,0.0,0.0,0.0,0.0,0.0,0.0,,0.0,0.0,0.0,0.010770768684245188,0.0,0.0,0.0,0,0.0,0.0
2022-09-28,438.0,-0.022321428571428603,545.0,-0.040492957746478875,0.01817152917505027,0.01817152917505027,0.010409880525106786,0.013818884414285882,1,1,1.0,5,2.2572512701781435,-12.0,5.0,5256.0,-2725.0,0.0,0.0,Opened,5256.0,-2725.0,0.0,0.013818884414285882,7981.0,0.0,0.0,0,0.0,7981.0
2022-09-29,435.0,-0.006849315068493178,543.0,-0.003669724770642202,-0.003179590297850976,0.003179590297850976,0.010956305477400959,0.015556047386236045,0,0,-1.0,5,0.6688010123378652,12.0,-5.0,-5220.0,2715.0,36.0,-10.0,Closed,-5220.0,2715.0,26.0,0.015556047386236045,7935.0,26.0,0.0032766225582860744,0,26.0,0.0
2022-09-30,422.0,-0.029885057471264354,551.0,0.014732965009208066,-0.04461802248047242,0.04461802248047242,0.01315433792542201,0.020796198953877836,0,1,1.0,5,0.643687699276711,4.0,-5.0,-1688.0,2755.0,0.0,0.0,Opened,-1688.0,2755.0,0.0,0.020796198953877836,4443.0,0.0,0.0,0,0.0,4443.0
2022-10-03,417.0,-0.011848341232227444,548.0,-0.005444646098003658,-0.006403695134223786,0.006403695134223786,0.013014303411821231,0.0202148546779157,0,1,0.0,5,0.6038882868297069,-4.0,5.0,1668.0,-2740.0,-20.0,15.0,Live,0.0,0.0,0.0,0.0202148546779157,4408.0,-5.0,-0.001134301270417423,0,0.0,0.0
2022-10-04,429.0,0.02877697841726623,573.0,0.04562043795620441,-0.016843459538938177,0.016843459538938177,0.0226485873683584,0.03145623814354223,0,1,0.0,5,2.117442320453267,-4.0,5.0,1716.0,-2865.0,28.0,-110.0,Live,0.0,0.0,0.0,0.03145623814354223,4581.0,-82.0,-0.017900021829294913,0,0.0,0.0
2022-10-05,445.0,0.037296037296037365,599.0,0.04537521815008727,-0.008079180854049905,0.008079180854049905,0.02845320596760176,0.02516666157994983,0,1,0.0,5,1.637656626860401,-4.0,5.0,1780.0,-2995.0,92.0,-240.0,Live,0.0,0.0,0.0,0.02845320596760176,4775.0,-148.0,-0.030994764397905758,1,-148.0,0.0
2022-10-06,451.0,0.01348314606741563,587.0,-0.02003338898163609,0.03351653504905172,0.03351653504905172,0.028054819912749995,0.02958100984098038,1,0,-1.0,5,1.9338587224087624,-4.0,5.0,1804.0,-2935.0,116.0,-180.0,Closed,1804.0,-2935.0,-64.0,0.02958100984098038,4739.0,-64.0,-0.013504958852078497,0,0.0,0.0
2022-10-07,438.0,-0.02882483370288247,566.0,-0.035775127768313486,0.0069502940654310175,0.0069502940654310175,0.027702802238390258,0.03766315245867189,1,0,0.0,5,1.6038239840018116,0.0,0.0,0.0,0.0,0.0,0.0,,0.0,0.0,0.0,0.03766315245867189,0.0,0.0,0.0,0,0.0,0.0
2022-10-11,401.5,-0.08333333333333337,553.0,-0.02296819787985871,-0.06036513545347466,0.06036513545347466,0.049909020842423546,0.03974609675836045,0,1,1.0,5,0.37961883220608295,2.0,-5.0,-803.0,2765.0,0.0,0.0,Opened,-803.0,2765.0,0.0,0.049909020842423546,3568.0,0.0,0.0,0,0.0,3568.0
2022-10-12,397.5,-0.00996264009962644,549.0,-0.007233273056057921,-0.0027293670435685202,0.0027293670435685202,0.04590597414706611,0.03158214811014039,0,1,0.0,5,1.0027568323723124,-2.0,5.0,795.0,-2745.0,-8.0,20.0,Live,0.0,0.0,0.0,0.04590597414706611,3540.0,12.0,0.003389830508474576,0,0.0,0.0
2022-10-13,395.0,-0.0062893081761006275,544.0,-0.00910746812386154,0.002818159947760912,0.002818159947760912,0.03692654415681452,0.01156000313110459,1,0,-1.0,5,1.9943280071937413,-2.0,5.0,790.0,-2720.0,-13.0,45.0,Closed,790.0,-2720.0,32.0,0.03692654415681452,3510.0,32.0,0.009116809116809116,0,32.0,0.0
2022-10-14,412.0,0.04303797468354431,585.0,0.0753676470588236,-0.032329672375279284,0.032329672375279284,0.04557606790657328,0.043654696869443795,0,0,0.0,5,2.486518995447981,0.0,0.0,0.0,0.0,0.0,0.0,,0.0,0.0,0.0,0.04557606790657328,0.0,0.0,0.0,0,0.0,0.0
2022-10-17,397.0,-0.036407766990291246,578.0,-0.011965811965811923,-0.024441955024479323,0.024441955024479323,0.04618689654078091,0.039906683901039464,0,0,0.0,5,0.4785038788061443,0.0,0.0,0.0,0.0,0.0,0.0,,0.0,0.0,0.0,0.04618689654078091,0.0,0.0,0.0,0,0.0,0.0
2022-10-18,407.0,0.025188916876574208,588.0,0.01730103806228378,0.007887878814290428,0.007887878814290428,0.03123546259874357,0.03684276796558814,1,0,0.0,5,0.9923059265619883,0.0,0.0,0.0,0.0,0.0,0.0,,0.0,0.0,0.0,0.03684276796558814,0.0,0.0,0.0,0,0.0,0.0
2022-10-19,395.5,-0.02825552825552824,577.0,-0.018707482993197244,-0.009548045262330995,0.009548045262330995,0.03409075633070462,0.03871781964832397,0,0,0.0,5,0.9659202107710548,0.0,0.0,0.0,0.0,0.0,0.0,,0.0,0.0,0.0,0.03871781964832397,0.0,0.0,0.0,0,0.0,0.0
2022-10-20,397.5,0.005056890012642201,570.0,-0.012131715771230511,0.017188605783872712,0.017188605783872712,0.03399028814305647,0.03912371416404685,1,0,0.0,5,3.440142572185362,0.0,0.0,0.0,0.0,0.0,0.0,,0.0,0.0,0.0,0.03912371416404685,0.0,0.0,0.0,0,0.0,0.0
2022-10-21,389.5,-0.020125786163522008,567.0,-0.0052631578947368585,-0.01486262826878515,0.01486262826878515,0.025465700235107837,0.013946617761495342,0,0,0.0,5,0.3806879602729558,0.0,0.0,0.0,0.0,0.0,0.0,,0.0,0.0,0.0,0.025465700235107837,0.0,0.0,0.0,0,0.0,0.0
2022-10-24,387.0,-0.006418485237484006,588.0,0.03703703703703698,-0.043455522274520986,0.043455522274520986,0.02111926286766414,0.02307276004095163,0,1,1.0,5,8.767384438702182,44.0,-5.0,-17028.0,2940.0,0.0,0.0,Opened,-17028.0,2940.0,0.0,0.02307276004095163,19968.0,0.0,0.0,0,0.0,19968.0
2022-10-25,371.0,-0.04134366925064603,563.0,-0.04251700680272108,0.0011733375520750489,0.0011733375520750489,0.018166846528822483,0.02897615090158013,1,0,-1.0,5,1.5605875942020997,-44.0,5.0,16324.0,-2815.0,-704.0,125.0,Closed,16324.0,-2815.0,-579.0,0.02897615090158013,19139.0,-579.0,-0.0302523642823554,1,-579.0,0.0
2022-10-26,376.0,0.013477088948786964,579.0,0.02841918294849033,-0.014942093999703365,0.014942093999703365,0.021654009817929233,0.03223282239367393,0,0,0.0,5,3.247178867011864,0.0,0.0,0.0,0.0,0.0,0.0,,0.0,0.0,0.0,0.03223282239367393,0.0,0.0,0.0,0,0.0,0.0
2022-10-27,385.5,0.025265957446808596,589.0,0.017271157167530138,0.007994800279278458,0.007994800279278458,0.026484234784813678,0.031893651831721735,1,0,0.0,5,1.0444233875213,0.0,0.0,0.0,0.0,0.0,0.0,,0.0,0.0,0.0,0.031893651831721735,0.0,0.0,0.0,0,0.0,0.0
2022-10-28,379.5,-0.015564202334630295,565.0,-0.04074702886247883,0.025182826527848534,0.025182826527848534,0.02594163177254714,0.03855399969509886,1,0,0.0,5,3.8976761040686823,0.0,0.0,0.0,0.0,0.0,0.0,,0.0,0.0,0.0,0.03855399969509886,0.0,0.0,0.0,0,0.0,0.0
2022-10-31,390.0,0.027667984189723382,590.0,0.04424778761061954,-0.016579803420896155,0.016579803420896155,0.02966057676691547,0.04038228901824782,0,0,0.0,5,2.4193652954714886,0.0,0.0,0.0,0.0,0.0,0.0,,0.0,0.0,0.0,0.04038228901824782,0.0,0.0,0.0,0,0.0,0.0
2022-11-01,391.5,0.0038461538461538325,599.0,0.015254237288135686,-0.011408083441981853,0.011408083441981853,0.017637252598921998,0.03211767964768672,0,0,0.0,5,6.068186245860178,0.0,0.0,0.0,0.0,0.0,0.0,,0.0,0.0,0.0,0.03211767964768672,0.0,0.0,0.0,0,0.0,0.0
2022-11-02,395.0,0.008939974457215838,599.0,0.0,0.008939974457215838,0.008939974457215838,0.017590652210737412,0.03118330864328558,1,0,0.0,5,0.0,0.0,0.0,0.0,0.0,0.0,0.0,,0.0,0.0,0.0,0.03118330864328558,0.0,0.0,0.0,0,0.0,0.0
2022-11-03,384.0,-0.027848101265822822,600.0,0.0016694490818029983,-0.02951755034762582,0.02951755034762582,0.021657818168770108,0.030701116809317305,0,0,0.0,5,0.09366937319775333,0.0,0.0,0.0,0.0,0.0,0.0,,0.0,0.0,0.0,0.030701116809317305,0.0,0.0,0.0,0,0.0,0.0
2022-11-04,382.0,-0.00520833333333337,597.0,-0.0050000000000000044,-0.0002083333333333659,0.0002083333333333659,0.02032198159878164,0.019920458240740103,0,0,0.0,5,1.5003141361256451,0.0,0.0,0.0,0.0,0.0,0.0,,0.0,0.0,0.0,0.02032198159878164,0.0,0.0,0.0,0,0.0,0.0
2022-11-07,390.0,0.020942408376963373,620.0,0.038525963149078635,-0.017583554772115262,0.017583554772115262,0.018274665847236343,0.017576228440178226,0,0,0.0,5,2.9245157410986455,0.0,0.0,0.0,0.0,0.0,0.0,,0.0,0.0,0.0,0.018274665847236343,0.0,0.0,0.0,0,0.0,0.0
2022-11-08,399.0,0.023076923076922995,620.0,0.0,0.023076923076922995,0.023076923076922995,0.021062232868051107,0.017778452466262133,1,0,0.0,5,0.0,0.0,0.0,0.0,0.0,0.0,0.0,,0.0,0.0,0.0,0.021062232868051107,0.0,0.0,0.0,0,0.0,0.0
2022-11-09,417.0,0.04511278195488733,650.0,0.048387096774193505,-0.003274314819306179,0.003274314819306179,0.028195917578905303,0.024779734001394067,0,0,0.0,5,1.6718882958149555,0.0,0.0,0.0,0.0,0.0,0.0,,0.0,0.0,0.0,0.028195917578905303,0.0,0.0,0.0,0,0.0,0.0
2022-11-10,407.5,-0.0227817745803357,660.0,0.01538461538461533,-0.03816638996495103,0.03816638996495103,0.02647998756128195,0.023419435503807866,0,1,1.0,5,1.0937433248056407,6.0,-5.0,-2445.0,3300.0,0.0,0.0,Opened,-2445.0,3300.0,0.0,0.02647998756128195,5745.0,0.0,0.0,0,0.0,5745.0
2022-11-11,441.5,0.08343558282208585,700.0,0.06060606060606055,0.0228295222160253,0.0228295222160253,0.03872864964075668,0.024636439011011233,1,0,-1.0,5,1.1516806866883473,-6.0,5.0,2649.0,-3500.0,204.0,-200.0,Closed,2649.0,-3500.0,4.0,0.03872864964075668,6149.0,4.0,0.0006505122784192552,0,4.0,0.0
2022-11-14,445.0,0.007927519818799578,697.0,-0.004285714285714337,0.012213234104513915,0.012213234104513915,0.039905499872025685,0.029090543789777375,1,0,0.0,5,0.8467567071772598,0.0,0.0,0.0,0.0,0.0,0.0,,0.0,0.0,0.0,0.039905499872025685,0.0,0.0,0.0,0,0.0,0.0
2022-11-15,480.0,0.0786516853932584,722.0,0.03586800573888094,0.04278367965437746,0.04278367965437746,0.04573079108488171,0.025938701602998524,1,0,0.0,5,0.6859542597526821,0.0,0.0,0.0,0.0,0.0,0.0,,0.0,0.0,0.0,0.04573079108488171,0.0,0.0,0.0,0,0.0,0.0
2022-11-16,487.0,0.014583333333333393,729.0,0.00969529085872578,0.004888042474607612,0.004888042474607612,0.0466508480983244,0.025289780243771025,1,0,0.0,5,0.9951822168628077,0.0,0.0,0.0,0.0,0.0,0.0,,0.0,0.0,0.0,0.0466508480983244,0.0,0.0,0.0,0,0.0,0.0
2022-11-17,485.0,-0.004106776180698102,725.0,-0.005486968449931462,0.0013801922692333601,0.0013801922692333601,0.04160692175222035,0.02847638268247812,1,0,0.0,5,1.997228232432551,0.0,0.0,0.0,0.0,0.0,0.0,,0.0,0.0,0.0,0.04160692175222035,0.0,0.0,0.0,0,0.0,0.0
2022-11-18,487.0,0.004123711340206171,722.0,-0.004137931034482789,0.00826164237468896,0.00826164237468896,0.03334673980603003,0.017647455039181754,1,0,0.0,5,1.4876584295121598,0.0,0.0,0.0,0.0,0.0,0.0,,0.0,0.0,0.0,0.03334673980603003,0.0,0.0,0.0,0,0.0,0.0
2022-11-21,482.0,-0.010266940451745366,720.0,-0.0027700831024930483,-0.007496857349252317,0.007496857349252317,0.03591914325059335,0.017431205825104452,0,0,0.0,5,0.4030298502316032,0.0,0.0,0.0,0.0,0.0,0.0,,0.0,0.0,0.0,0.03591914325059335,0.0,0.0,0.0,0,0.0,0.0
2022-11-22,491.0,0.018672199170124415,713.0,-0.009722222222222188,0.028394421392346603,0.028394421392346603,0.012193794001069161,0.00728975543051209,1,1,1.0,5,0.7560980362575745,-4.0,5.0,1964.0,-3565.0,0.0,0.0,Opened,1964.0,-3565.0,0.0,0.012193794001069161,5529.0,0.0,0.0,0,0.0,5529.0
2022-11-23,492.0,0.0020366598778003286,705.0,-0.011220196353436185,0.013256856231236513,0.013256856231236513,0.010842072599201688,0.0036414490352253003,1,1,0.0,5,7.894160708788318,4.0,-5.0,-1968.0,3525.0,-4.0,-40.0,Live,0.0,0.0,0.0,0.010842072599201688,5493.0,-44.0,-0.008010194793373384,0,0.0,0.0
2022-11-24,496.0,0.008130081300812941,728.0,0.03262411347517724,-0.0244940321743643,0.0244940321743643,0.010467726914295084,0.01806229096228869,0,0,-1.0,5,5.889704873026805,4.0,-5.0,-1984.0,3640.0,-20.0,75.0,Closed,-1984.0,3640.0,55.0,0.01806229096228869,5624.0,55.0,0.009779516358463728,0,55.0,0.0
2022-11-25,498.0,0.0040322580645162365,727.0,-0.0013736263736263687,0.005405884438142605,0.005405884438142605,0.0104687141402958,0.017909097940359442,1,0,0.0,5,0.49730791297054855,0.0,0.0,0.0,0.0,0.0,0.0,,0.0,0.0,0.0,0.017909097940359442,0.0,0.0,0.0,0,0.0,0.0
2022-11-28,480.5,-0.03514056224899598,703.0,-0.03301237964236592,-0.002128182606630058,0.002128182606630058,0.02042660914772128,0.023839851622862916,0,0,0.0,5,1.3744535202633514,0.0,0.0,0.0,0.0,0.0,0.0,,0.0,0.0,0.0,0.023839851622862916,0.0,0.0,0.0,0,0.0,0.0
2022-11-29,487.0,0.013527575442247697,713.0,0.014224751066856278,-0.0006971756246085814,0.0006971756246085814,0.019322048809049,0.024919692746781186,0,0,0.0,5,1.5395198006242972,0.0,0.0,0.0,0.0,0.0,0.0,,0.0,0.0,0.0,0.024919692746781186,0.0,0.0,0.0,0,0.0,0.0
2022-11-30,490.0,0.006160164271047153,733.0,0.028050490883590573,-0.02189032661254342,0.02189032661254342,0.019595879079064876,0.026537445830158147,0,0,0.0,5,6.811708694698186,0.0,0.0,0.0,0.0,0.0,0.0,,0.0,0.0,0.0,0.026537445830158147,0.0,0.0,0.0,0,0.0,0.0
2022-12-01,498.5,0.0173469387755103,741.0,0.01091405184174632,0.006432886933763982,0.006432886933763982,0.021011622045124877,0.023072068839593982,1,0,0.0,5,0.935225224666859,0.0,0.0,0.0,0.0,0.0,0.0,,0.0,0.0,0.0,0.023072068839593982,0.0,0.0,0.0,0,0.0,0.0
2022-12-02,492.5,-0.012036108324974926,739.0,-0.0026990553306343035,-0.009337052994340622,0.009337052994340622,0.021685330434237485,0.023153277893624237,0,0,0.0,5,0.33648360129792454,0.0,0.0,0.0,0.0,0.0,0.0,,0.0,0.0,0.0,0.023153277893624237,0.0,0.0,0.0,0,0.0,0.0
2022-12-05,489.0,-0.007106598984771617,739.0,0.0,-0.007106598984771617,0.007106598984771617,0.012778950781262536,0.01230571181429148,0,0,0.0,5,0.0,0.0,0.0,0.0,0.0,0.0,0.0,,0.0,0.0,0.0,0.012778950781262536,0.0,0.0,0.0,0,0.0,0.0
2022-12-06,478.0,-0.02249488752556239,725.0,-0.018944519621109657,-0.0035503679044527336,0.0035503679044527336,0.015608592022951475,0.017407779186648126,0,0,0.0,5,1.2773499084583293,0.0,0.0,0.0,0.0,0.0,0.0,,0.0,0.0,0.0,0.017407779186648126,0.0,0.0,0.0,0,0.0,0.0
2022-12-07,475.0,-0.006276150627615107,716.0,-0.012413793103448256,0.006137642475833149,0.006137642475833149,0.01461875537534966,0.011535552577801379,1,0,0.0,5,2.981470780399248,0.0,0.0,0.0,0.0,0.0,0.0,,0.0,0.0,0.0,0.01461875537534966,0.0,0.0,0.0,0,0.0,0.0
2022-12-08,471.5,-0.00736842105263158,705.0,-0.015363128491620137,0.007994707438988558,0.007994707438988558,0.006779596708271826,0.008182765483487167,1,0,0.0,5,3.1175444045637284,0.0,0.0,0.0,0.0,0.0,0.0,,0.0,0.0,0.0,0.008182765483487167,0.0,0.0,0.0,0,0.0,0.0
2022-12-09,481.5,0.021208907741251393,729.0,0.03404255319148941,-0.012833645450238018,0.012833645450238018,0.015834282246277153,0.021655065154754995,0,0,0.0,5,2.43016106581825,0.0,0.0,0.0,0.0,0.0,0.0,,0.0,0.0,0.0,0.021655065154754995,0.0,0.0,0.0,0,0.0,0.0
2022-12-12,475.0,-0.01349948078920038,712.0,-0.023319615912208547,0.009820135123008167,0.009820135123008167,0.016356222536561084,0.023412305828822286,1,0,0.0,5,2.589349727595353,0.0,0.0,0.0,0.0,0.0,0.0,,0.0,0.0,0.0,0.023412305828822286,0.0,0.0,0.0,0,0.0,0.0
2022-12-13,471.5,-0.00736842105263158,709.0,-0.004213483146067398,-0.0031549379065641814,0.0031549379065641814,0.013643992276604577,0.022472874182709462,0,0,0.0,5,0.859867163470291,0.0,0.0,0.0,0.0,0.0,0.0,,0.0,0.0,0.0,0.022472874182709462,0.0,0.0,0.0,0,0.0,0.0
2022-12-14,480.5,0.019088016967126142,718.0,0.012693935119887145,0.006394081847238997,0.006394081847238997,0.016400470841466452,0.022992746354259318,1,0,0.0,5,0.9937256824329395,0.0,0.0,0.0,0.0,0.0,0.0,,0.0,0.0,0.0,0.022992746354259318,0.0,0.0,0.0,0,0.0,0.0
2022-12-15,480.5,0.0,681.0,-0.05153203342618384,0.05153203342618384,0.05153203342618384,0.015614115279061667,0.032894192364921304,1,0,0.0,5,inf,0.0,0.0,0.0,0.0,0.0,0.0,,0.0,0.0,0.0,0.032894192364921304,0.0,0.0,0.0,0,0.0,0.0
2022-12-16,471.0,-0.019771071800208095,660.0,-0.03083700440528636,0.011065932605078266,0.011065932605078266,0.014990734934721566,0.024694525338656008,1,0,0.0,5,2.1855713950270363,0.0,0.0,0.0,0.0,0.0,0.0,,0.0,0.0,0.0,0.024694525338656008,0.0,0.0,0.0,0,0.0,0.0
2022-12-19,466.5,-0.009554140127388533,656.0,-0.0060606060606061,-0.0034935340667824333,0.0034935340667824333,0.014481292684086907,0.025217637810293115,0,0,0.0,5,0.8920242077798408,0.0,0.0,0.0,0.0,0.0,0.0,,0.0,0.0,0.0,0.025217637810293115,0.0,0.0,0.0,0,0.0,0.0
2022-12-20,457.5,-0.019292604501607746,646.0,-0.015243902439024404,-0.0040487020625833425,0.0040487020625833425,0.01615806333260112,0.024399061840163695,0,0,0.0,5,1.1156981651783724,0.0,0.0,0.0,0.0,0.0,0.0,,0.0,0.0,0.0,0.024399061840163695,0.0,0.0,0.0,0,0.0,0.0
2022-12-21,459.0,0.003278688524590123,654.0,0.01238390092879249,-0.009105212404202367,0.009105212404202367,0.010653684301326188,0.024301131392384042,0,0,0.0,5,5.381735769643287,0.0,0.0,0.0,0.0,0.0,0.0,,0.0,0.0,0.0,0.024301131392384042,0.0,0.0,0.0,0,0.0,0.0
2022-12-22,468.0,0.019607843137254832,661.0,0.010703363914372988,0.008904479222881845,0.008904479222881845,0.01671211364503973,0.018159856024311583,1,0,0.0,5,0.7709852583705749,0.0,0.0,0.0,0.0,0.0,0.0,,0.0,0.0,0.0,0.018159856024311583,0.0,0.0,0.0,0,0.0,0.0
2022-12-23,455.0,-0.02777777777777779,660.0,-0.001512859304084735,-0.026264918473693055,0.026264918473693055,0.018726038204438217,0.01161146721006419,0,1,1.0,5,0.07900118036275447,1.0,-5.0,-455.0,3300.0,0.0,0.0,Opened,-455.0,3300.0,0.0,0.018726038204438217,3755.0,0.0,0.0,0,0.0,3755.0
2022-12-26,456.5,0.003296703296703285,651.0,-0.013636363636363669,0.016933066933066954,0.016933066933066954,0.019122241668078233,0.013017906895216064,1,0,-1.0,5,5.898735437618276,-1.0,5.0,456.5,-3255.0,1.5,45.0,Closed,456.5,-3255.0,46.5,0.019122241668078233,3711.5,46.5,0.012528627239660514,0,46.5,0.0
2022-12-27,457.0,0.0010952902519167917,656.0,0.007680491551459223,-0.006585201299542431,0.006585201299542431,0.017167122006507936,0.010797735767453142,0,0,0.0,5,10.065779964840761,0.0,0.0,0.0,0.0,0.0,0.0,,0.0,0.0,0.0,0.017167122006507936,0.0,0.0,0.0,0,0.0,0.0
2022-12-28,451.0,-0.013129102844638973,638.0,-0.027439024390243927,0.014309921545604953,0.014309921545604953,0.017911896037968084,0.01579177514112572,1,0,0.0,5,2.956499107674001,0.0,0.0,0.0,0.0,0.0,0.0,,0.0,0.0,0.0,0.017911896037968084,0.0,0.0,0.0,0,0.0,0.0
2022-12-29,446.0,-0.011086474501108667,629.0,-0.014106583072100332,0.003020108570991664,0.003020108570991664,0.012507779431676762,0.013403765980321964,1,0,0.0,5,1.794502860677284,0.0,0.0,0.0,0.0,0.0,0.0,,0.0,0.0,0.0,0.013403765980321964,0.0,0.0,0.0,0,0.0,0.0
2022-12-30,448.5,0.005605381165919354,625.0,-0.006359300476947549,0.011964681642866903,0.011964681642866903,0.008636260946354305,0.012816786714566862,1,0,0.0,5,1.5809632177918453,0.0,0.0,0.0,0.0,0.0,0.0,,0.0,0.0,0.0,0.012816786714566862,0.0,0.0,0.0,0,0.0,0.0
2023-01-03,453.0,0.010033444816053505,644.0,0.030399999999999983,-0.020366555183946478,0.020366555183946478,0.010214925108917408,0.02211437635913749,0,0,0.0,5,4.307360117733628,0.0,0.0,0.0,0.0,0.0,0.0,,0.0,0.0,0.0,0.02211437635913749,0.0,0.0,0.0,0,0.0,0.0
2023-01-04,449.5,-0.007726269315673329,636.0,-0.012422360248447228,0.0046960909327739,0.0046960909327739,0.010415266584973748,0.02174674231879693,1,0,0.0,5,2.2748967846557226,0.0,0.0,0.0,0.0,0.0,0.0,,0.0,0.0,0.0,0.02174674231879693,0.0,0.0,0.0,0,0.0,0.0
2023-01-05,458.5,0.020022246941045596,631.0,-0.00786163522012584,0.027883882161171436,0.027883882161171436,0.012833672517326016,0.018427511578254594,1,1,1.0,5,0.5403685871423201,-3.0,5.0,1375.5,-3155.0,0.0,0.0,Opened,1375.5,-3155.0,0.0,0.018427511578254594,4530.5,0.0,0.0,0,0.0,4530.5
2023-01-06,458.5,0.0,660.0,0.045958795562599075,-0.045958795562599075,0.045958795562599075,0.010447550819239476,0.026450925098010607,0,0,-1.0,5,inf,3.0,-5.0,-1375.5,3300.0,0.0,145.0,Closed,-1375.5,3300.0,145.0,0.026450925098010607,4675.5,145.0,0.0310127259116672,0,145.0,0.0
2023-01-09,481.0,0.04907306434023995,675.0,0.022727272727272707,0.02634579161296724,0.02634579161296724,0.022078033455243756,0.025134969770592975,1,1,1.0,5,0.6499243999243989,-4.0,5.0,1924.0,-3375.0,0.0,0.0,Opened,1924.0,-3375.0,0.0,0.025134969770592975,5299.0,0.0,0.0,0,0.0,5299.0
2023-01-10,486.0,0.01039501039501034,694.0,0.028148148148148255,-0.017753137753137915,0.017753137753137915,0.022061230998725947,0.024825345595464603,0,0,-1.0,5,3.866767870751445,4.0,-5.0,-1944.0,3470.0,-20.0,95.0,Closed,-1944.0,3470.0,75.0,0.024825345595464603,5414.0,75.0,0.013852973771702993,0,75.0,0.0
2023-01-11,484.5,-0.0030864197530864335,707.0,0.018731988472622474,-0.021818408225708907,0.021818408225708907,0.02097097397890634,0.01945312245748503,0,1,1.0,5,8.8563449648022,45.0,-5.0,-21802.5,3535.0,0.0,0.0,Opened,-21802.5,3535.0,0.0,0.02097097397890634,25337.5,0.0,0.0,0,0.0,25337.5
2023-01-12,486.5,0.0041279669762641635,715.0,0.011315417256011262,-0.0071874502797470985,0.0071874502797470985,0.02127501535365305,0.01304027329508974,0,1,0.0,5,4.028631610775238,-45.0,5.0,21892.5,-3575.0,90.0,-40.0,Live,0.0,0.0,0.0,0.02127501535365305,25467.5,50.0,0.0019632865416707567,0,0.0,0.0
2023-01-13,500.0,0.027749229188078095,694.0,-0.029370629370629397,0.05711985855870749,0.05711985855870749,0.020945660305271632,0.023015653864892294,1,0,-1.0,5,1.4691014763014782,-45.0,5.0,22500.0,-3470.0,697.5,65.0,Closed,22500.0,-3470.0,762.5,0.023015653864892294,25970.0,762.5,0.02936080092414324,0,762.5,0.0
2023-01-16,505.0,0.010000000000000009,704.0,0.014409221902017322,-0.004409221902017313,0.004409221902017313,0.011410452830014345,0.02217918825332687,0,0,0.0,5,2.008731132479245,0.0,0.0,0.0,0.0,0.0,0.0,,0.0,0.0,0.0,0.02217918825332687,0.0,0.0,0.0,0,0.0,0.0
2023-01-17,503.0,-0.003960396039603964,693.0,-0.015625,0.011664603960396036,0.011664603960396036,0.012938696574670599,0.021173498327445934,1,0,0.0,5,5.435589587475144,0.0,0.0,0.0,0.0,0.0,0.0,,0.0,0.0,0.0,0.021173498327445934,0.0,0.0,0.0,0,0.0,0.0
2023-01-30,543.0,0.07952286282306154,739.0,0.06637806637806642,0.01314479644499511,0.01314479644499511,0.03342235551841392,0.036758234483055964,1,0,0.0,5,1.135997039588202,0.0,0.0,0.0,0.0,0.0,0.0,,0.0,0.0,0.0,0.036758234483055964,0.0,0.0,0.0,0,0.0,0.0
2023-01-31,522.0,-0.03867403314917128,718.0,-0.02841677943166443,-0.010257253717506853,0.010257253717506853,0.04356350211646402,0.04036422751132783,0,0,0.0,5,1.0106699018555678,0.0,0.0,0.0,0.0,0.0,0.0,,0.0,0.0,0.0,0.04356350211646402,0.0,0.0,0.0,0,0.0,0.0
2023-02-01,530.0,0.015325670498084198,724.0,0.008356545961002881,0.006969124537081317,0.006969124537081317,0.04300002475001127,0.036497671641395064,1,0,0.0,5,0.7448520523466783,0.0,0.0,0.0,0.0,0.0,0.0,,0.0,0.0,0.0,0.04300002475001127,0.0,0.0,0.0,0,0.0,0.0
2023-02-02,540.0,0.018867924528301883,747.0,0.03176795580110503,-0.012900031272803147,0.012900031272803147,0.04305692476509261,0.03793569073221272,0,0,0.0,5,2.329120626151018,0.0,0.0,0.0,0.0,0.0,0.0,,0.0,0.0,0.0,0.04305692476509261,0.0,0.0,0.0,0,0.0,0.0
2023-02-03,542.0,0.0037037037037037646,751.0,0.0053547523427042165,-0.001651048639000452,0.001651048639000452,0.04237914633762047,0.03510272254400651,0,0,0.0,5,2.0032899124171886,0.0,0.0,0.0,0.0,0.0,0.0,,0.0,0.0,0.0,0.04237914633762047,0.0,0.0,0.0,0,0.0,0.0
2023-02-06,526.0,-0.029520295202952074,731.0,-0.026631158455392767,-0.0028891367475593066,0.0028891367475593066,0.026401414931094738,0.025525126154978196,0,0,0.0,5,1.2537212740427173,0.0,0.0,0.0,0.0,0.0,0.0,,0.0,0.0,0.0,0.026401414931094738,0.0,0.0,0.0,0,0.0,0.0
2023-02-07,523.0,-0.005703422053231932,717.0,-0.019151846785225746,0.013448424731993813,0.013448424731993813,0.019410946768212867,0.02336504671427773,1,0,0.0,5,4.603547355177576,0.0,0.0,0.0,0.0,0.0,0.0,,0.0,0.0,0.0,0.02336504671427773,0.0,0.0,0.0,0,0.0,0.0
2023-02-08,540.0,0.03250478011472269,744.0,0.03765690376569042,-0.005152123650967733,0.005152123650967733,0.02372460595413759,0.028999008543182034,0,0,0.0,5,1.5961604725572287,0.0,0.0,0.0,0.0,0.0,0.0,,0.0,0.0,0.0,0.028999008543182034,0.0,0.0,0.0,0,0.0,0.0
2023-02-09,540.0,0.0,749.0,0.006720430107526987,-0.006720430107526987,0.006720430107526987,0.022215203411074146,0.02532179270189727,0,0,0.0,5,inf,0.0,0.0,0.0,0.0,0.0,0.0,,0.0,0.0,0.0,0.02532179270189727,0.0,0.0,0.0,0,0.0,0.0
2023-02-10,545.0,0.0092592592592593,740.0,-0.012016021361815787,0.021275280621075088,0.021275280621075088,0.02257053555879026,0.02572729494250098,1,0,0.0,5,1.7620558297914009,0.0,0.0,0.0,0.0,0.0,0.0,,0.0,0.0,0.0,0.02572729494250098,0.0,0.0,0.0,0,0.0,0.0
2023-02-13,541.0,-0.007339449541284404,731.0,-0.012162162162162149,0.004822712620877745,0.004822712620877745,0.016307284103275404,0.023033038261422986,1,0,0.0,5,2.2390686666333592,0.0,0.0,0.0,0.0,0.0,0.0,,0.0,0.0,0.0,0.023033038261422986,0.0,0.0,0.0,0,0.0,0.0
2023-02-14,545.0,0.007393715341959428,732.0,0.001367989056087593,0.006025726285871835,0.006025726285871835,0.015008955900790388,0.020398239099900208,1,0,0.0,5,0.24850462480704266,0.0,0.0,0.0,0.0,0.0,0.0,,0.0,0.0,0.0,0.020398239099900208,0.0,0.0,0.0,0,0.0,0.0
2023-02-15,525.0,-0.03669724770642202,710.0,-0.030054644808743203,-0.006642602897678818,0.006642602897678818,0.018647940665041978,0.014289497085102531,0,0,0.0,5,1.107585219880303,0.0,0.0,0.0,0.0,0.0,0.0,,0.0,0.0,0.0,0.018647940665041978,0.0,0.0,0.0,0,0.0,0.0
2023-02-16,528.0,0.005714285714285783,711.0,0.0014084507042253502,0.0043058350100604326,0.0043058350100604326,0.019233412198674037,0.012941095151367075,1,0,0.0,5,0.3319062099871915,0.0,0.0,0.0,0.0,0.0,0.0,,0.0,0.0,0.0,0.019233412198674037,0.0,0.0,0.0,0,0.0,0.0
2023-02-17,518.0,-0.018939393939393923,723.0,0.016877637130801704,-0.035817031070195626,0.035817031070195626,0.018365803526593266,0.01759328187029485,0,1,1.0,5,1.2438101754557473,7.0,-5.0,-3626.0,3615.0,0.0,0.0,Opened,-3626.0,3615.0,0.0,0.018365803526593266,7241.0,0.0,0.0,0,0.0,7241.0
2023-02-20,517.0,-0.0019305019305019266,726.0,0.004149377593360981,-0.006079879523862908,0.006079879523862908,0.01871571857276729,0.017330560402514354,0,1,0.0,5,3.018274918336713,-7.0,5.0,3619.0,-3630.0,-7.0,-15.0,Live,0.0,0.0,0.0,0.01871571857276729,7249.0,-22.0,-0.0030349013657056147,0,0.0,0.0
2023-02-21,516.0,-0.0019342359767892114,725.0,-0.0013774104683195176,-0.0005568255084696938,0.0005568255084696938,0.01707995540856942,0.017270255580871138,0,1,0.0,5,1.0005579046276196,-7.0,5.0,3612.0,-3625.0,-14.0,-10.0,Live,0.0,0.0,0.0,0.017270255580871138,7237.0,-24.0,-0.0033162912809175074,0,0.0,0.0
2023-02-22,507.0,-0.01744186046511631,713.0,-0.016551724137931045,-0.0008901363271852647,0.0008901363271852647,0.010776740635633102,0.011998449180604998,0,1,0.0,5,1.3345412500850151,-7.0,5.0,3549.0,-3565.0,-77.0,50.0,Live,0.0,0.0,0.0,0.011998449180604998,7114.0,-27.0,-0.0037953331459094743,0,0.0,0.0
2023-02-23,518.0,0.021696252465483346,745.0,0.04488078541374474,-0.023184532948261394,0.023184532948261394,0.01637296588256453,0.02308583565296371,0,1,0.0,5,2.9751045739825392,-7.0,5.0,3626.0,-3725.0,0.0,-110.0,Live,0.0,0.0,0.0,0.02308583565296371,7351.0,-110.0,-0.014963950482927493,0,0.0,0.0
2023-02-24,511.0,-0.013513513513513487,723.0,-0.029530201342281903,0.016016687828768417,0.016016687828768417,0.015252720120609495,0.028190860030732585,1,0,-1.0,5,3.0918294172500382,-7.0,5.0,3577.0,-3615.0,-49.0,0.0,Closed,3577.0,-3615.0,-49.0,0.028190860030732585,7192.0,-49.0,-0.006813125695216908,0,-49.0,0.0
2023-03-01,522.0,0.021526418786692814,791.0,0.09405255878284935,-0.07252613999615654,0.07252613999615654,0.01873055297136183,0.05082951775006027,0,1,1.0,5,6.6207137430488325,34.0,-5.0,-17748.0,3955.0,0.0,0.0,Opened,-17748.0,3955.0,0.0,0.05082951775006027,21703.0,0.0,0.0,0,0.0,21703.0
2023-03-02,519.0,-0.005747126436781658,775.0,-0.020227560050568916,0.014480433613787258,0.014480433613787258,0.019009698561016187,0.05329275347621574,1,0,-1.0,5,5.255657943774942,-34.0,5.0,17646.0,-3875.0,-102.0,80.0,Closed,17646.0,-3875.0,-22.0,0.05329275347621574,21521.0,-22.0,-0.0010222573300497188,0,-22.0,0.0
2023-03-03,516.0,-0.005780346820809301,775.0,0.0,-0.005780346820809301,0.005780346820809301,0.016711195841720355,0.05135878400087362,0,0,0.0,5,0.0,0.0,0.0,0.0,0.0,0.0,0.0,,0.0,0.0,0.0,0.05135878400087362,0.0,0.0,0.0,0,0.0,0.0
2023-03-06,521.0,0.009689922480620172,784.0,0.011612903225806548,-0.0019229807451863756,0.0019229807451863756,0.014130739736111154,0.04908359225397799,0,0,0.0,5,1.8034281468639832,0.0,0.0,0.0,0.0,0.0,0.0,,0.0,0.0,0.0,0.04908359225397799,0.0,0.0,0.0,0,0.0,0.0
2023-03-07,524.0,0.0057581573896352545,788.0,0.005102040816326481,0.0006561165733087737,0.0006561165733087737,0.011482261659821245,0.044092040363044295,1,0,0.0,5,1.33246351975905,0.0,0.0,0.0,0.0,0.0,0.0,,0.0,0.0,0.0,0.044092040363044295,0.0,0.0,0.0,0,0.0,0.0
2023-03-08,521.0,-0.005725190839694694,768.0,-0.025380710659898442,0.01965551982020375,0.01965551982020375,0.007510315425430954,0.01618069942733981,1,1,1.0,5,6.534875337353924,-33.0,5.0,17193.0,-3840.0,0.0,0.0,Opened,17193.0,-3840.0,0.0,0.01618069942733981,21033.0,0.0,0.0,0,0.0,21033.0
2023-03-09,522.0,0.0019193857965451588,767.0,-0.0013020833333333703,0.003221469129878529,0.003221469129878529,0.006892981857835139,0.014025821098088373,1,1,0.0,5,0.9967847022669227,33.0,-5.0,-17226.0,3835.0,-33.0,-5.0,Live,0.0,0.0,0.0,0.014025821098088373,21061.0,-38.0,-0.0018042827975879587,0,0.0,0.0
2023-03-10,513.0,-0.017241379310344862,756.0,-0.014341590612777066,-0.0028997886975677956,0.0028997886975677956,0.010659596527442783,0.014952070739789027,0,0,-1.0,5,1.2258285871131531,33.0,-5.0,-16929.0,3780.0,264.0,-60.0,Closed,-16929.0,3780.0,204.0,0.014952070739789027,20709.0,204.0,0.00985078951180646,0,204.0,0.0
2023-03-13,516.0,0.005847953216374213,764.0,0.010582010582010692,-0.004734057365636479,0.004734057365636479,0.009788452011857005,0.014672596795957895,0,0,0.0,5,2.6792174234035233,0.0,0.0,0.0,0.0,0.0,0.0,,0.0,0.0,0.0,0.014672596795957895,0.0,0.0,0.0,0,0.0,0.0
2023-03-14,510.0,-0.011627906976744207,761.0,-0.003926701570680646,-0.00770120540606356,0.00770120540606356,0.009476216572487333,0.013626338261335622,0,0,0.0,5,0.5038959039113041,0.0,0.0,0.0,0.0,0.0,0.0,,0.0,0.0,0.0,0.013626338261335622,0.0,0.0,0.0,0,0.0,0.0
2023-03-15,511.0,0.0019607843137254832,758.0,-0.003942181340341633,0.005902965654067116,0.005902965654067116,0.0100115412283671,0.008900499477837557,1,0,0.0,5,2.9823257584134515,0.0,0.0,0.0,0.0,0.0,0.0,,0.0,0.0,0.0,0.0100115412283671,0.0,0.0,0.0,0,0.0,0.0
2023-03-16,505.0,-0.011741682974559686,756.0,-0.0026385224274406704,-0.009103160547119016,0.009103160547119016,0.009914464822796414,0.008872321771985096,0,0,0.0,5,0.3364037723033565,0.0,0.0,0.0,0.0,0.0,0.0,,0.0,0.0,0.0,0.009914464822796414,0.0,0.0,0.0,0,0.0,0.0
2023-03-17,518.0,0.025742574257425765,773.0,0.022486772486772555,0.0032558017706532105,0.0032558017706532105,0.015435877114451352,0.011765971181303524,1,0,0.0,5,1.303541571398717,0.0,0.0,0.0,0.0,0.0,0.0,,0.0,0.0,0.0,0.015435877114451352,0.0,0.0,0.0,0,0.0,0.0
2023-03-20,512.0,-0.01158301158301156,770.0,-0.0038809831824062613,-0.007702028400605299,0.007702028400605299,0.01630380321338622,0.01167820386775716,0,0,0.0,5,0.5038961432729702,0.0,0.0,0.0,0.0,0.0,0.0,,0.0,0.0,0.0,0.01630380321338622,0.0,0.0,0.0,0,0.0,0.0
2023-03-21,517.0,0.009765625,771.0,0.0012987012987013546,0.008466923701298645,0.008466923701298645,0.01576319550592424,0.011284962644943393,1,0,0.0,5,0.1983229922881846,0.0,0.0,0.0,0.0,0.0,0.0,,0.0,0.0,0.0,0.01576319550592424,0.0,0.0,0.0,0,0.0,0.0
2023-03-22,533.0,0.030947775628626717,781.0,0.012970168612191912,0.017977607016434805,0.017977607016434805,0.020098409049300145,0.011344005831888784,1,0,0.0,5,0.6141012865531202,0.0,0.0,0.0,0.0,0.0,0.0,,0.0,0.0,0.0,0.020098409049300145,0.0,0.0,0.0,0,0.0,0.0
2023-03-23,538.0,0.009380863039399667,793.0,0.015364916773367376,-0.005984053733967709,0.005984053733967709,0.016675343221106226,0.010738926801197847,0,0,0.0,5,2.41422825564401,0.0,0.0,0.0,0.0,0.0,0.0,,0.0,0.0,0.0,0.016675343221106226,0.0,0.0,0.0,0,0.0,0.0
2023-03-24,539.0,0.0018587360594795044,790.0,-0.003783102143757877,0.0056418382032373815,0.0056418382032373815,0.015433783624553016,0.009203707175425152,1,0,0.0,5,2.983105887087228,0.0,0.0,0.0,0.0,0.0,0.0,,0.0,0.0,0.0,0.015433783624553016,0.0,0.0,0.0,0,0.0,0.0
2023-03-27,531.0,-0.014842300556586308,780.0,-0.012658227848101222,-0.0021840727084850853,0.0021840727084850853,0.01650333925546865,0.011680400011481053,0,0,0.0,5,1.2527712221983762,0.0,0.0,0.0,0.0,0.0,0.0,,0.0,0.0,0.0,0.01650333925546865,0.0,0.0,0.0,0,0.0,0.0
2023-03-28,525.0,-0.011299435028248594,766.0,-0.017948717948717996,0.0066492829204694015,0.0066492829204694015,0.018341884568746553,0.014947177802681132,1,0,0.0,5,2.3176410256410303,0.0,0.0,0.0,0.0,0.0,0.0,,0.0,0.0,0.0,0.018341884568746553,0.0,0.0,0.0,0,0.0,0.0
2023-03-29,530.0,0.00952380952380949,773.0,0.009138381201044377,0.0003854283227651134,0.0003854283227651134,0.011449282472450922,0.014113293233124284,1,0,0.0,5,1.3994654909108857,0.0,0.0,0.0,0.0,0.0,0.0,,0.0,0.0,0.0,0.014113293233124284,0.0,0.0,0.0,0,0.0,0.0
2023-03-30,535.0,0.009433962264151052,778.0,0.0064683053040104355,0.002965656960140617,0.002965656960140617,0.0114614244235246,0.011741860172106369,1,0,0.0,5,0.9970620594600493,0.0,0.0,0.0,0.0,0.0,0.0,,0.0,0.0,0.0,0.011741860172106369,0.0,0.0,0.0,0,0.0,0.0
2023-03-31,533.0,-0.0037383177570093906,787.0,0.011568123393316254,-0.015306441150325645,0.015306441150325645,0.011377494038679931,0.013594132559826005,0,1,1.0,5,4.569137442906927,23.0,-5.0,-12259.0,3935.0,0.0,0.0,Opened,-12259.0,3935.0,0.0,0.013594132559826005,16194.0,0.0,0.0,0,0.0,16194.0
2023-04-06,530.0,-0.0056285178236398226,753.0,-0.043202033036848775,0.03757351521320895,0.03757351521320895,0.009386842689424534,0.023541822801622536,1,0,-1.0,5,10.905089784469228,-23.0,5.0,12190.0,-3765.0,-69.0,170.0,Closed,12190.0,-3765.0,101.0,0.023541822801622536,15955.0,101.0,0.006330303979943591,0,101.0,0.0
2023-04-07,531.0,0.0018867924528302993,749.0,-0.005312084993359889,0.007198877446190188,0.007198877446190188,0.007116357198586906,0.022708650083773384,1,0,0.0,5,3.9712587190469897,0.0,0.0,0.0,0.0,0.0,0.0,,0.0,0.0,0.0,0.022708650083773384,0.0,0.0,0.0,0,0.0,0.0
2023-04-10,529.0,-0.0037664783427495685,742.0,-0.009345794392523366,0.005579316049773797,0.005579316049773797,0.006159223718049411,0.021450269575604062,1,0,0.0,5,3.480398565447025,0.0,0.0,0.0,0.0,0.0,0.0,,0.0,0.0,0.0,0.021450269575604062,0.0,0.0,0.0,0,0.0,0.0
2023-04-11,524.0,-0.009451795841209809,756.0,0.018867924528301883,-0.02831972036951169,0.02831972036951169,0.004094323940712204,0.024090372373287327,0,1,1.0,5,2.880051850784969,15.0,-5.0,-7860.0,3780.0,0.0,0.0,Opened,-7860.0,3780.0,0.0,0.024090372373287327,11640.0,0.0,0.0,0,0.0,11640.0
2023-04-12,520.0,-0.007633587786259555,758.0,0.002645502645502562,-0.010279090431762117,0.010279090431762117,0.004360784253198299,0.022807683138494912,0,1,0.0,5,0.5051790801790634,-15.0,5.0,7800.0,-3790.0,-60.0,-10.0,Live,0.0,0.0,0.0,0.022807683138494912,11590.0,-70.0,-0.0060396893874029335,0,0.0,0.0
2023-04-13,510.0,-0.019230769230769273,750.0,-0.01055408970976257,-0.008676679521006703,0.008676679521006703,0.007800521098826395,0.012116232368080243,0,1,0.0,5,0.8070774483936065,-15.0,5.0,7650.0,-3750.0,-210.0,30.0,Live,0.0,0.0,0.0,0.012116232368080243,11400.0,-180.0,-0.015789473684210527,1,-180.0,0.0
2023-04-14,516.0,0.0117647058823529,748.0,-0.002666666666666706,0.014431372549019605,0.014431372549019605,0.011287651184545097,0.01192286920095039,1,0,-1.0,5,0.32857881136951506,-15.0,5.0,7740.0,-3740.0,-120.0,40.0,Closed,7740.0,-3740.0,-80.0,0.01192286920095039,11480.0,-80.0,-0.006968641114982578,0,0.0,0.0
2023-04-17,520.0,0.007751937984496138,709.0,-0.05213903743315507,0.059890975417651204,0.059890975417651204,0.012840236941592307,0.02653052784995992,1,1,1.0,5,9.170554812834204,-46.0,5.0,23920.0,-3545.0,0.0,0.0,Opened,23920.0,-3545.0,0.0,0.02653052784995992,27465.0,0.0,0.0,0,0.0,27465.0
2023-04-18,515.0,-0.009615384615384581,688.0,-0.02961918194640334,0.020003797331018758,0.020003797331018758,0.012859833580302736,0.022450944953728326,1,1,0.0,5,4.115168362386523,46.0,-5.0,-23690.0,3440.0,230.0,-105.0,Live,0.0,0.0,0.0,0.022450944953728326,27130.0,125.0,0.0046074456321415404,0,0.0,0.0
2023-04-19,510.0,-0.009708737864077666,675.0,-0.018895348837209336,0.00918661097313167,0.00918661097313167,0.013062805673426164,0.019221322351176844,1,1,0.0,5,2.575880642954862,46.0,-5.0,-23460.0,3375.0,460.0,-170.0,Live,0.0,0.0,0.0,0.019221322351176844,26835.0,290.0,0.010806782187441773,0,0.0,0.0
2023-04-20,513.0,0.00588235294117645,673.0,-0.002962962962962945,0.008845315904139395,0.008845315904139395,0.010154276386477375,0.020672904990891125,1,1,0.0,5,0.660804274059633,46.0,-5.0,-23598.0,3365.0,322.0,-180.0,Live,0.0,0.0,0.0,0.020672904990891125,26963.0,142.0,0.005266476282312799,0,0.0,0.0
2023-04-21,511.0,-0.003898635477582846,665.0,-0.011887072808320909,0.007988437330738063,0.007988437330738063,0.008339985752984096,0.018938548742805088,1,1,0.0,5,3.967921187078901,46.0,-5.0,-23506.0,3325.0,414.0,-220.0,Live,0.0,0.0,0.0,0.018938548742805088,26831.0,194.0,0.007230442398717901,0,0.0,0.0
2023-04-24,507.0,-0.007827788649706457,676.0,0.016541353383458635,-0.024369142033165092,0.024369142033165092,0.006540323531631956,0.01746099588898837,0,0,-1.0,5,2.817543859649121,46.0,-5.0,-23322.0,3380.0,598.0,-165.0,Closed,-23322.0,3380.0,433.0,0.01746099588898837,26702.0,433.0,0.016216013781739196,0,433.0,0.0
2023-04-25,498.0,-0.017751479289940808,650.0,-0.038461538461538436,0.020710059171597628,0.020710059171597628,0.008640242956395313,0.02025025333192631,1,1,1.0,5,2.8279785809906306,-15.0,5.0,7470.0,-3250.0,0.0,0.0,Opened,7470.0,-3250.0,0.0,0.02025025333192631,10720.0,0.0,0.0,0,0.0,10720.0
2023-04-26,491.5,-0.013052208835341417,649.0,-0.0015384615384614886,-0.011513747296879928,0.011513747296879928,0.009054546231168586,0.020073887246259484,0,0,-1.0,5,0.1556409253161681,15.0,-5.0,-7372.5,3245.0,97.5,-5.0,Closed,-7372.5,3245.0,92.5,0.020073887246259484,10617.5,92.5,0.00871203202260419,0,92.5,0.0
2023-04-27,493.5,0.004069175991861629,662.0,0.02003081664098616,-0.01596164064912453,0.01596164064912453,0.008406222038418386,0.0237218256163465,0,0,0.0,5,6.603330195468714,0.0,0.0,0.0,0.0,0.0,0.0,,0.0,0.0,0.0,0.0237218256163465,0.0,0.0,0.0,0,0.0,0.0
2023-04-28,502.0,0.01722391084093222,665.0,0.004531722054380571,0.01269218878655165,0.01269218878655165,0.014140781381863555,0.023328092405021168,1,0,0.0,5,0.34853743016205085,0.0,0.0,0.0,0.0,0.0,0.0,,0.0,0.0,0.0,0.023328092405021168,0.0,0.0,0.0,0,0.0,0.0
2023-05-02,501.0,-0.0019920318725099584,671.0,0.009022556390977376,-0.011014588263487335,0.011014588263487335,0.013930205915626973,0.022229503186277148,0,0,0.0,5,6.066219440817573,0.0,0.0,0.0,0.0,0.0,0.0,,0.0,0.0,0.0,0.022229503186277148,0.0,0.0,0.0,0,0.0,0.0
2023-05-03,496.0,-0.009980039920159722,680.0,0.013412816691505292,-0.023392856611665014,0.023392856611665014,0.012086836639005977,0.008248254909420483,0,1,1.0,5,1.8425316090572594,10.0,-5.0,-4960.0,3400.0,0.0,0.0,Opened,-4960.0,3400.0,0.0,0.012086836639005977,8360.0,0.0,0.0,0,0.0,8360.0
2023-05-04,498.0,0.0040322580645162365,668.0,-0.01764705882352946,0.021679316888045697,0.021679316888045697,0.009967294144797167,0.014337053975653047,1,0,-1.0,5,5.870446491849612,-10.0,5.0,4980.0,-3340.0,20.0,60.0,Closed,4980.0,-3340.0,80.0,0.014337053975653047,8320.0,80.0,0.009615384615384616,0,80.0,0.0
2023-05-05,500.0,0.004016064257028162,675.0,0.010479041916167775,-0.006462977659139613,0.006462977659139613,0.009965459236386316,0.012496749427959121,0,0,0.0,5,3.522529940119754,0.0,0.0,0.0,0.0,0.0,0.0,,0.0,0.0,0.0,0.012496749427959121,0.0,0.0,0.0,0,0.0,0.0
2023-05-08,504.0,0.008000000000000007,675.0,0.0,0.008000000000000007,0.008000000000000007,0.007011314094548856,0.012608734543111481,1,0,0.0,5,0.0,0.0,0.0,0.0,0.0,0.0,0.0,,0.0,0.0,0.0,0.012608734543111481,0.0,0.0,0.0,0,0.0,0.0
2023-05-09,510.0,0.011904761904761862,677.0,0.002962962962963056,0.008941798941798806,0.008941798941798806,0.008262965050548444,0.012175335999063177,1,0,0.0,5,0.33038779956428166,0.0,0.0,0.0,0.0,0.0,0.0,,0.0,0.0,0.0,0.012175335999063177,0.0,0.0,0.0,0,0.0,0.0
2023-05-10,503.0,-0.013725490196078383,668.0,-0.013293943870014813,-0.0004315463260635699,0.0004315463260635699,0.009823637665973696,0.01167790769829027,0,0,0.0,5,1.286276852495502,0.0,0.0,0.0,0.0,0.0,0.0,,0.0,0.0,0.0,0.01167790769829027,0.0,0.0,0.0,0,0.0,0.0
2023-05-11,499.0,-0.007952286282306154,668.0,0.0,-0.007952286282306154,0.007952286282306154,0.010868231364711522,0.008592351660158652,0,0,0.0,5,0.0,0.0,0.0,0.0,0.0,0.0,0.0,,0.0,0.0,0.0,0.010868231364711522,0.0,0.0,0.0,0,0.0,0.0
2023-05-12,496.0,-0.006012024048096198,673.0,0.007485029940119681,-0.013497053988215879,0.013497053988215879,0.010970122630741411,0.00774457679544627,0,1,1.0,5,1.6892978156589848,9.0,-5.0,-4464.0,3365.0,0.0,0.0,Opened,-4464.0,3365.0,0.0,0.010970122630741411,7829.0,0.0,0.0,0,0.0,7829.0
2023-05-15,495.5,-0.0010080645161290036,680.0,0.010401188707280795,-0.011409253223409799,0.011409253223409799,0.00967096503549865,0.009196496199712733,0,1,0.0,5,14.159890725294717,-9.0,5.0,4459.5,-3400.0,-4.5,-35.0,Live,0.0,0.0,0.0,0.00967096503549865,7859.5,-39.5,-0.005025764997773395,0,0.0,0.0
2023-05-16,505.0,0.019172552976791213,680.0,0.0,0.019172552976791213,0.019172552976791213,0.012631597673291167,0.009174987000288714,1,0,-1.0,5,0.0,-9.0,5.0,4545.0,-3400.0,81.0,-35.0,Closed,4545.0,-3400.0,46.0,0.012631597673291167,7945.0,46.0,0.00578980490874764,0,46.0,0.0
2023-05-17,519.0,0.027722772277227747,685.0,0.007352941176470562,0.020369831100757185,0.020369831100757185,0.016068007205145455,0.004766369319267559,1,1,1.0,5,0.35006415861141993,-2.0,5.0,1038.0,-3425.0,0.0,0.0,Opened,1038.0,-3425.0,0.0,0.016068007205145455,4463.0,0.0,0.0,0,0.0,4463.0
2023-05-18,530.0,0.021194605009633882,689.0,0.005839416058394109,0.015355188951239773,0.015355188951239773,0.014803763761981446,0.0038470556209486313,1,1,0.0,5,0.3581685467816828,2.0,-5.0,-1060.0,3445.0,-22.0,20.0,Live,0.0,0.0,0.0,0.014803763761981446,4505.0,-2.0,-0.0004439511653718091,0,0.0,0.0
2023-05-19,532.0,0.0037735849056603765,698.0,0.013062409288824295,-0.009288824383163918,0.009288824383163918,0.012211749788144884,0.00495590496332243,0,0,-1.0,5,4.541642567958328,2.0,-5.0,-1064.0,3490.0,-26.0,65.0,Closed,-1064.0,3490.0,39.0,0.012211749788144884,4554.0,39.0,0.008563899868247694,0,39.0,0.0
2023-05-22,531.0,-0.001879699248120259,705.0,0.01002865329512903,-0.01190835254324929,0.01190835254324929,0.012485756745414077,0.004900704960529285,0,0,0.0,5,7.083515451734798,0.0,0.0,0.0,0.0,0.0,0.0,,0.0,0.0,0.0,0.012485756745414077,0.0,0.0,0.0,0,0.0,0.0
2023-05-23,530.0,-0.0018832391713747842,716.0,0.015602836879432536,-0.01748607605080732,0.01748607605080732,0.013786704503459604,0.004011755820247984,0,1,1.0,5,11.192709755118246,56.0,-5.0,-29680.0,3580.0,0.0,0.0,Opened,-29680.0,3580.0,0.0,0.013786704503459604,33260.0,0.0,0.0,0,0.0,33260.0
2023-05-24,525.0,-0.009433962264150941,711.0,-0.006983240223463638,-0.002450722040687303,0.002450722040687303,0.011530590591563437,0.008881324999241994,0,1,0.0,5,1.0024740622505919,-56.0,5.0,29400.0,-3555.0,-280.0,25.0,Live,0.0,0.0,0.0,0.011530590591563437,32955.0,-255.0,-0.007737824305871643,0,0.0,0.0
2023-05-25,543.0,0.03428571428571425,708.0,-0.00421940928270037,0.03850512356841462,0.03850512356841462,0.017045541046354615,0.010368995080289914,1,0,-1.0,5,0.16046188156125735,-56.0,5.0,30408.0,-3540.0,728.0,40.0,Closed,30408.0,-3540.0,768.0,0.017045541046354615,33948.0,768.0,0.022622834924001415,0,768.0,0.0
2023-05-26,566.0,0.0423572744014733,730.0,0.031073446327683607,0.011283828073789692,0.011283828073789692,0.023773131815424058,0.015508537218402632,1,0,0.0,5,0.946167106301314,0.0,0.0,0.0,0.0,0.0,0.0,,0.0,0.0,0.0,0.023773131815424058,0.0,0.0,0.0,0,0.0,0.0
2023-05-29,568.0,0.0035335689045936647,738.0,0.010958904109588996,-0.007425335204995331,0.007425335204995331,0.02305623047971013,0.015528023939452695,0,0,0.0,5,4.029596758633951,0.0,0.0,0.0,0.0,0.0,0.0,,0.0,0.0,0.0,0.02305623047971013,0.0,0.0,0.0,0,0.0,0.0
2023-05-30,566.0,-0.0035211267605633756,763.0,0.03387533875338744,-0.037396465513950816,0.037396465513950816,0.02334409892461898,0.019120773050653975,0,1,1.0,5,12.96910760627039,65.0,-5.0,-36790.0,3815.0,0.0,0.0,Opened,-36790.0,3815.0,0.0,0.02334409892461898,40605.0,0.0,0.0,0,0.0,40605.0
2023-05-31,558.0,-0.014134275618374548,759.0,-0.005242463958060273,-0.008891811660314275,0.008891811660314275,0.02455876686184226,0.01867801363379068,0,1,0.0,5,0.5045096464155346,-65.0,5.0,36270.0,-3795.0,-520.0,20.0,Live,0.0,0.0,0.0,0.02455876686184226,40065.0,-500.0,-0.012479720454261824,0,0.0,0.0
2023-06-01,551.0,-0.012544802867383464,748.0,-0.01449275362318836,0.0019479507558048947,0.0019479507558048947,0.023059345932194553,0.021445566232973067,1,0,-1.0,5,1.5683286176460651,-65.0,5.0,35815.0,-3740.0,-975.0,75.0,Closed,35815.0,-3740.0,-900.0,0.023059345932194553,39555.0,-900.0,-0.022753128555176336,0,-900.0,0.0
2023-06-02,562.0,0.019963702359346636,751.0,0.00401069518716568,0.015953007172180955,0.015953007172180955,0.013888824790126259,0.018383212461393017,1,0,0.0,5,0.26846161099067395,0.0,0.0,0.0,0.0,0.0,0.0,,0.0,0.0,0.0,0.018383212461393017,0.0,0.0,0.0,0,0.0,0.0
2023-06-05,555.0,-0.01245551601423489,759.0,0.010652463382157196,-0.023107979396392087,0.023107979396392087,0.014320020134522458,0.018362303632784883,0,1,1.0,5,1.1695993501586108,6.0,-5.0,-3330.0,3795.0,0.0,0.0,Opened,-3330.0,3795.0,0.0,0.018362303632784883,7125.0,0.0,0.0,0,0.0,7125.0
2023-06-06,560.0,0.009009009009008917,757.0,-0.0026350461133070047,0.011644055122315922,0.011644055122315922,0.01558323287125719,0.009515087520137997,1,0,-1.0,5,0.39538396386223207,-6.0,5.0,3360.0,-3785.0,30.0,10.0,Closed,3360.0,-3785.0,40.0,0.01558323287125719,7145.0,40.0,0.005598320503848845,0,40.0,0.0
2023-06-07,568.0,0.014285714285714235,768.0,0.014531043593130732,-0.0002453293074164975,0.0002453293074164975,0.015244946322056764,0.01149538648761636,0,0,0.0,5,1.375332576701956,0.0,0.0,0.0,0.0,0.0,0.0,,0.0,0.0,0.0,0.015244946322056764,0.0,0.0,0.0,0,0.0,0.0
2023-06-08,559.0,-0.015845070422535246,768.0,0.0,-0.015845070422535246,0.015845070422535246,0.016165178880357983,0.007186403723502835,0,0,0.0,5,0.0,0.0,0.0,0.0,0.0,0.0,0.0,,0.0,0.0,0.0,0.016165178880357983,0.0,0.0,0.0,0,0.0,0.0
2023-06-09,565.0,0.01073345259391778,764.0,-0.00520833333333337,0.01594178592725115,0.01594178592725115,0.014142983775122088,0.008639450266106222,1,1,1.0,5,0.6561516715830878,-4.0,5.0,2260.0,-3820.0,0.0,0.0,Opened,2260.0,-3820.0,0.0,0.014142983775122088,6080.0,0.0,0.0,0,0.0,6080.0
2023-06-12,574.0,0.015929203539823078,767.0,0.003926701570680535,0.012002501969142543,0.012002501969142543,0.01296656023709024,0.007715365599656607,1,1,0.0,5,0.3293952301901386,4.0,-5.0,-2296.0,3835.0,-36.0,15.0,Live,0.0,0.0,0.0,0.01296656023709024,6131.0,-21.0,-0.0034252161148262926,0,0.0,0.0
2023-06-13,593.0,0.03310104529616731,779.0,0.015645371577575062,0.017455673718592246,0.017455673718592246,0.017622602367745554,0.009103473230071437,1,1,0.0,5,0.620907545879681,4.0,-5.0,-2372.0,3895.0,-112.0,75.0,Live,0.0,0.0,0.0,0.017622602367745554,6267.0,-37.0,-0.005903941279719164,0,0.0,0.0
2023-06-14,590.0,-0.005059021922428353,780.0,0.0012836970474967568,-0.00634271896992511,0.00634271896992511,0.018968868215827203,0.007746011799206357,0,0,-1.0,5,0.3354583233611002,4.0,-5.0,-2360.0,3900.0,-100.0,80.0,Closed,-2360.0,3900.0,-20.0,0.018968868215827203,6260.0,-20.0,-0.003194888178913738,0,-20.0,0.0
2023-06-15,591.0,0.0016949152542373724,766.0,-0.017948717948717996,0.01964363320295537,0.01964363320295537,0.014636506690219672,0.012349782875838896,1,1,1.0,5,13.725454466570572,-69.0,5.0,40779.0,-3830.0,0.0,0.0,Opened,40779.0,-3830.0,0.0,0.014636506690219672,44609.0,0.0,0.0,0,0.0,44609.0
2023-06-16,589.0,-0.0033840947546531774,751.0,-0.019582245430809442,0.016198150676156264,0.016198150676156264,0.01606068924627494,0.015098451192979931,1,1,0.0,5,7.3781013533580415,69.0,-5.0,-40641.0,3755.0,138.0,-75.0,Live,0.0,0.0,0.0,0.01606068924627494,44396.0,63.0,0.0014190467609694567,0,0.0,0.0
2023-06-19,583.0,-0.01018675721561968,785.0,0.045272969374167804,-0.055459726589787484,0.055459726589787484,0.01722715362837944,0.026832609421193556,0,0,-1.0,5,5.984172808658413,69.0,-5.0,-40227.0,3925.0,552.0,95.0,Closed,-40227.0,3925.0,647.0,0.026832609421193556,44152.0,647.0,0.014653922812103643,0,647.0,0.0
2023-06-20,583.0,0.0,691.0,-0.11974522292993628,0.11974522292993628,0.11974522292993628,0.004645696815113089,0.06050633529615386,1,0,0.0,5,inf,0.0,0.0,0.0,0.0,0.0,0.0,,0.0,0.0,0.0,0.06050633529615386,0.0,0.0,0.0,0,0.0,0.0
2023-06-21,581.0,-0.0034305317324184736,693.0,0.0028943560057888007,-0.006324887738207274,0.006324887738207274,0.004555376227380124,0.06066632008913784,0,0,0.0,5,1.0063466601573177,0.0,0.0,0.0,0.0,0.0,0.0,,0.0,0.0,0.0,0.06066632008913784,0.0,0.0,0.0,0,0.0,0.0
2023-06-26,574.0,-0.012048192771084376,685.0,-0.011544011544011523,-0.000504181227072853,0.000504181227072853,0.005083651203456972,0.060835921408516194,0,0,0.0,5,1.1434403768898487,0.0,0.0,0.0,0.0,0.0,0.0,,0.0,0.0,0.0,0.060835921408516194,0.0,0.0,0.0,0,0.0,0.0
2023-06-27,572.0,-0.0034843205574912606,681.0,-0.005839416058394109,0.0023550955009028485,0.0023550955009028485,0.005071878714552824,0.06119942192341434,1,0,0.0,5,1.995273339798886,0.0,0.0,0.0,0.0,0.0,0.0,,0.0,0.0,0.0,0.06119942192341434,0.0,0.0,0.0,0,0.0,0.0
2023-06-28,574.0,0.0034965034965035446,695.0,0.0205580029368575,-0.017061499440353955,0.017061499440353955,0.005776044101968287,0.055571643678440995,0,0,0.0,5,7.1190143619496675,0.0,0.0,0.0,0.0,0.0,0.0,,0.0,0.0,0.0,0.055571643678440995,0.0,0.0,0.0,0,0.0,0.0
2023-06-29,573.0,-0.0017421602787456303,696.0,0.0014388489208632116,-0.003181009199608842,0.003181009199608842,0.0055924225983850755,0.01213639873684392,0,0,0.0,5,1.003186560699025,0.0,0.0,0.0,0.0,0.0,0.0,,0.0,0.0,0.0,0.01213639873684392,0.0,0.0,0.0,0,0.0,0.0
2023-06-30,576.0,0.005235602094240788,688.0,-0.011494252873563204,0.016729854967803992,0.016729854967803992,0.006807652560907323,0.013367062523483807,1,1,1.0,5,2.6222860791826528,-14.0,5.0,8064.0,-3440.0,0.0,0.0,Opened,8064.0,-3440.0,0.0,0.013367062523483807,11504.0,0.0,0.0,0,0.0,11504.0
2023-07-03,579.0,0.005208333333333259,691.0,0.0043604651162789665,0.0008478682170542928,0.0008478682170542928,0.004085119373232933,0.01218243419052946,1,1,0.0,5,0.9991565248825064,14.0,-5.0,-8106.0,3455.0,-42.0,15.0,Live,0.0,0.0,0.0,0.01218243419052946,11561.0,-27.0,-0.0023354381108900615,0,0.0,0.0
2023-07-04,585.0,0.010362694300518172,700.0,0.013024602026049159,-0.0026619077255309875,0.0026619077255309875,0.004341222686396658,0.012144228564024981,0,0,-1.0,5,1.5039519091617395,14.0,-5.0,-8190.0,3500.0,-126.0,60.0,Closed,-8190.0,3500.0,-66.0,0.012144228564024981,11690.0,-66.0,-0.005645851154833191,0,-66.0,0.0
2023-07-05,582.0,-0.00512820512820511,697.0,-0.004285714285714337,-0.0008424908424907729,0.0008424908424907729,0.006172791430835,0.009210812549099502,0,0,0.0,5,1.0008468335788079,0.0,0.0,0.0,0.0,0.0,0.0,,0.0,0.0,0.0,0.009210812549099502,0.0,0.0,0.0,0,0.0,0.0
2023-07-06,565.0,-0.029209621993127155,690.0,-0.010043041606886627,-0.019166580386240528,0.019166580386240528,0.01584933391980305,0.01031700081147202,0,1,1.0,5,0.41989428927574496,3.0,-5.0,-1695.0,3450.0,0.0,0.0,Opened,-1695.0,3450.0,0.0,0.01584933391980305,5145.0,0.0,0.0,0,0.0,5145.0
2023-07-07,565.0,0.0,682.0,-0.011594202898550732,0.011594202898550732,0.011594202898550732,0.015358825813638576,0.01034082162735445,1,0,-1.0,5,inf,-3.0,5.0,1695.0,-3410.0,0.0,40.0,Closed,1695.0,-3410.0,40.0,0.015358825813638576,5105.0,40.0,0.007835455435847209,0,40.0,0.0
2023-07-10,565.0,0.0,673.0,-0.01319648093841641,0.01319648093841641,0.01319648093841641,0.014764184190374176,0.010738422005229167,1,0,0.0,5,inf,0.0,0.0,0.0,0.0,0.0,0.0,,0.0,0.0,0.0,0.014764184190374176,0.0,0.0,0.0,0,0.0,0.0
2023-07-11,577.0,0.02123893805309729,686.0,0.019316493313521477,0.0019224447395758126,0.0019224447395758126,0.018001922227065374,0.013439663855981963,1,0,0.0,5,1.081293998178482,0.0,0.0,0.0,0.0,0.0,0.0,,0.0,0.0,0.0,0.018001922227065374,0.0,0.0,0.0,0,0.0,0.0
2023-07-12,578.0,0.0017331022530329143,685.0,-0.001457725947521915,0.0031908282005548294,0.0031908282005548294,0.01802440474026641,0.013482000716221942,1,0,0.0,5,0.9968146922635021,0.0,0.0,0.0,0.0,0.0,0.0,,0.0,0.0,0.0,0.01802440474026641,0.0,0.0,0.0,0,0.0,0.0
2023-07-13,585.0,0.01211072664359869,680.0,-0.007299270072992692,0.019409996716591382,0.019409996716591382,0.009415488908029951,0.013196576624155685,1,1,1.0,5,0.7005873283245495,-4.0,5.0,2340.0,-3400.0,0.0,0.0,Opened,2340.0,-3400.0,0.0,0.013196576624155685,5740.0,0.0,0.0,0,0.0,5740.0
2023-07-14,591.0,0.01025641025641022,692.0,0.01764705882352935,-0.007390648567119129,0.007390648567119129,0.008585330312233156,0.014739712898971509,0,0,-1.0,5,2.0146312332039416,4.0,-5.0,-2364.0,3460.0,-24.0,60.0,Closed,-2364.0,3460.0,36.0,0.014739712898971509,5824.0,36.0,0.006181318681318681,0,36.0,0.0
2023-07-17,591.0,0.0,683.0,-0.013005780346820761,0.013005780346820761,0.013005780346820761,0.008585330312233156,0.014687473516729468,1,0,0.0,5,inf,0.0,0.0,0.0,0.0,0.0,0.0,,0.0,0.0,0.0,0.014687473516729468,0.0,0.0,0.0,0,0.0,0.0
2023-07-18,581.0,-0.016920473773265665,683.0,0.0,-0.016920473773265665,0.016920473773265665,0.011520198795303796,0.011538906901298687,0,0,0.0,5,0.0,0.0,0.0,0.0,0.0,0.0,0.0,,0.0,0.0,0.0,0.011538906901298687,0.0,0.0,0.0,0,0.0,0.0
2023-07-19,581.0,0.0,696.0,0.019033674963396807,-0.019033674963396807,0.019033674963396807,0.011535086216109202,0.014512895409028528,0,0,0.0,5,inf,0.0,0.0,0.0,0.0,0.0,0.0,,0.0,0.0,0.0,0.014512895409028528,0.0,0.0,0.0,0,0.0,0.0
2023-07-20,579.0,-0.0034423407917383297,692.0,-0.005747126436781658,0.002304785645043328,0.002304785645043328,0.009784148054075492,0.014244278291925136,1,0,0.0,5,1.9953745061839154,0.0,0.0,0.0,0.0,0.0,0.0,,0.0,0.0,0.0,0.014244278291925136,0.0,0.0,0.0,0,0.0,0.0
2023-07-21,560.0,-0.032815198618307395,682.0,-0.014450867052023142,-0.018364331566284253,0.018364331566284253,0.01422505875183218,0.01353818475154494,0,1,1.0,5,0.5363091616324059,3.0,-5.0,-1680.0,3410.0,0.0,0.0,Opened,-1680.0,3410.0,0.0,0.01422505875183218,5090.0,0.0,0.0,0,0.0,5090.0
2023-07-24,558.0,-0.0035714285714285587,675.0,-0.01026392961876832,0.006692501047339761,0.006692501047339761,0.013634924617898418,0.013070626262137463,1,0,-1.0,5,3.4764922902279918,-3.0,5.0,1674.0,-3375.0,-6.0,35.0,Closed,1674.0,-3375.0,29.0,0.013634924617898418,5049.0,29.0,0.005743711626064567,0,29.0,0.0
2023-07-25,569.0,0.019713261648745428,665.0,-0.014814814814814836,0.034528076463560264,0.034528076463560264,0.018769166398013137,0.014064362072008696,1,1,1.0,5,0.8783085689939873,-5.0,5.0,2845.0,-3325.0,0.0,0.0,Opened,2845.0,-3325.0,0.0,0.018769166398013137,6170.0,0.0,0.0,0,0.0,6170.0
2023-07-26,566.0,-0.005272407732864637,655.0,-0.015037593984962405,0.009765186252097768,0.009765186252097768,0.018634254569865366,0.004038858632784683,1,1,0.0,5,3.3006101827005914,5.0,-5.0,-2830.0,3275.0,15.0,-50.0,Live,0.0,0.0,0.0,0.018634254569865366,6105.0,-35.0,-0.005733005733005733,0,0.0,0.0
2023-07-27,569.0,0.005300353356890497,658.0,0.004580152671755711,0.0007202006851347864,0.0007202006851347864,0.019226824200831556,0.008381832878649726,1,1,0.0,5,0.9992835965065165,5.0,-5.0,-2845.0,3290.0,0.0,-35.0,Live,0.0,0.0,0.0,0.019226824200831556,6135.0,-35.0,-0.0057049714751426246,0,0.0,0.0
2023-07-28,567.0,-0.0035149384885764245,658.0,0.0,-0.0035149384885764245,0.0035149384885764245,0.010459273544306591,0.008935461950612839,0,0,-1.0,5,0.0,5.0,-5.0,-2835.0,3290.0,10.0,-35.0,Closed,-2835.0,3290.0,-25.0,0.010459273544306591,6125.0,-25.0,-0.004081632653061225,0,-25.0,0.0
2023-07-31,565.0,-0.003527336860670194,690.0,0.04863221884498481,-0.052159555705655,0.052159555705655,0.010452858907361421,0.02608898669702098,0,1,1.0,5,16.837507060817178,85.0,-5.0,-48025.0,3450.0,0.0,0.0,Opened,-48025.0,3450.0,0.0,0.02608898669702098,51475.0,0.0,0.0,0,0.0,51475.0
2023-08-01,567.0,0.003539823008849474,713.0,0.03333333333333344,-0.029793510324483963,0.029793510324483963,0.004764578535037073,0.025983787581641056,0,1,0.0,5,11.841416813639352,-85.0,5.0,48195.0,-3565.0,170.0,-115.0,Live,0.0,0.0,0.0,0.025983787581641056,51760.0,55.0,0.001062596599690881,0,0.0,0.0
2023-08-02,561.0,-0.010582010582010581,709.0,-0.005610098176718092,-0.004971912405292489,0.004971912405292489,0.0063633289702595295,0.023550691791483523,0,1,0.0,5,0.6700167252926927,-85.0,5.0,47685.0,-3545.0,-340.0,-95.0,Live,0.0,0.0,0.0,0.023550691791483523,51230.0,-435.0,-0.00849111848526254,0,0.0,0.0
2023-08-04,554.0,-0.012477718360071277,706.0,-0.004231311706629048,-0.008246406653442229,0.008246406653442229,0.006400971671853487,0.024925903398130066,0,1,0.0,5,0.43215025848317273,-85.0,5.0,47090.0,-3530.0,-935.0,-80.0,Live,0.0,0.0,0.0,0.024925903398130066,50620.0,-1015.0,-0.020051363097589887,0,0.0,0.0
2023-08-07,558.0,0.0072202166064982976,706.0,0.0,0.0072202166064982976,0.0072202166064982976,0.008583085574999535,0.024925903398130063,1,0,-1.0,5,0.0,-85.0,5.0,47430.0,-3530.0,-595.0,-80.0,Closed,47430.0,-3530.0,-675.0,0.024925903398130063,50960.0,-675.0,-0.013245682888540031,0,-675.0,0.0
2023-08-08,552.0,-0.010752688172043001,690.0,-0.022662889518413554,0.011910201346370552,0.011910201346370552,0.009242188045394645,0.02045701232642539,1,0,0.0,5,2.6345609065155777,0.0,0.0,0.0,0.0,0.0,0.0,,0.0,0.0,0.0,0.02045701232642539,0.0,0.0,0.0,0,0.0,0.0
2023-08-09,554.0,0.0036231884057971175,701.0,0.01594202898550723,-0.01231884057971011,0.01231884057971011,0.009260623967072798,0.013804621414054023,0,0,0.0,5,5.567509025270726,0.0,0.0,0.0,0.0,0.0,0.0,,0.0,0.0,0.0,0.013804621414054023,0.0,0.0,0.0,0,0.0,0.0
2023-08-10,551.0,-0.005415162454873612,693.0,-0.011412268188302432,0.00599710573342882,0.00599710573342882,0.00869645554871942,0.014281675972456099,1,0,0.0,5,2.6505873123953263,0.0,0.0,0.0,0.0,0.0,0.0,,0.0,0.0,0.0,0.014281675972456099,0.0,0.0,0.0,0,0.0,0.0
2023-08-11,546.0,-0.00907441016333943,679.0,-0.02020202020202022,0.01112761003868079,0.01112761003868079,0.007922796533991876,0.015907542286207582,1,0,0.0,5,2.768557368557357,0.0,0.0,0.0,0.0,0.0,0.0,,0.0,0.0,0.0,0.015907542286207582,0.0,0.0,0.0,0,0.0,0.0
2023-08-14,541.0,-0.009157509157509125,672.0,-0.010309278350515427,0.0011517691930063023,0.0011517691930063023,0.005805968503666401,0.015322707773868193,1,0,0.0,5,1.3983726203860738,0.0,0.0,0.0,0.0,0.0,0.0,,0.0,0.0,0.0,0.015322707773868193,0.0,0.0,0.0,0,0.0,0.0
2023-08-15,542.0,0.001848428835489857,678.0,0.008928571428571397,-0.00708014259308154,0.00708014259308154,0.006041596630244384,0.015168632513962225,0,0,0.0,5,6.042402477596107,0.0,0.0,0.0,0.0,0.0,0.0,,0.0,0.0,0.0,0.015168632513962225,0.0,0.0,0.0,0,0.0,0.0
2023-08-16,542.0,0.0,689.0,0.016224188790560534,-0.016224188790560534,0.016224188790560534,0.005096795889408883,0.015258885976228273,0,0,0.0,5,inf,0.0,0.0,0.0,0.0,0.0,0.0,,0.0,0.0,0.0,0.015258885976228273,0.0,0.0,0.0,0,0.0,0.0
2023-08-17,544.0,0.0036900369003689537,674.0,-0.021770682148040676,0.02546071904840963,0.02546071904840963,0.0061443714586089816,0.017205451246792083,1,1,1.0,5,7.309746649022565,-37.0,5.0,20128.0,-3370.0,0.0,0.0,Opened,20128.0,-3370.0,0.0,0.017205451246792083,23498.0,0.0,0.0,0,0.0,23498.0
2023-08-18,539.0,-0.009191176470588203,674.0,0.0,-0.009191176470588203,0.009191176470588203,0.006175565027424779,0.01511282807935064,0,0,-1.0,5,0.0,37.0,-5.0,-19943.0,3370.0,185.0,0.0,Closed,-19943.0,3370.0,185.0,0.01511282807935064,23313.0,185.0,0.007935486638356281,0,185.0,0.0
2023-08-21,537.0,-0.0037105751391465214,669.0,-0.007418397626112738,0.003707822486966217,0.003707822486966217,0.0051096858634023,0.014736693481637482,1,0,0.0,5,2.490695920295765,0.0,0.0,0.0,0.0,0.0,0.0,,0.0,0.0,0.0,0.014736693481637482,0.0,0.0,0.0,0,0.0,0.0
2023-08-22,541.0,0.007448789571694592,672.0,0.004484304932735439,0.002964484638959153,0.002964484638959153,0.006456108544975184,0.01412395526418194,1,0,0.0,5,0.7477930754374507,0.0,0.0,0.0,0.0,0.0,0.0,,0.0,0.0,0.0,0.01412395526418194,0.0,0.0,0.0,0,0.0,0.0
2023-08-23,552.0,0.020332717190388205,671.0,-0.0014880952380952328,0.021820812428483438,0.021820812428483438,0.011311486243574384,0.010174789360191824,1,1,1.0,5,0.08896491114561719,-1.0,5.0,552.0,-3355.0,0.0,0.0,Opened,552.0,-3355.0,0.0,0.011311486243574384,3907.0,0.0,0.0,0,0.0,3907.0
2023-08-24,564.0,0.021739130434782705,691.0,0.02980625931445613,-0.008067128879673424,0.008067128879673424,0.013888405082444284,0.014464602654686416,0,0,-1.0,5,1.6798258130661319,1.0,-5.0,-564.0,3455.0,-12.0,100.0,Closed,-564.0,3455.0,88.0,0.014464602654686416,4019.0,88.0,0.021895994028365263,0,88.0,0.0
2023-08-25,546.0,-0.03191489361702127,694.0,0.004341534008682979,-0.036256427625704246,0.036256427625704246,0.021995495605567465,0.014211753324233625,0,1,1.0,5,0.17290861574508115,1.0,-5.0,-546.0,3470.0,0.0,0.0,Opened,-546.0,3470.0,0.0,0.021995495605567465,4016.0,0.0,0.0,0,0.0,4016.0
2023-08-28,549.0,0.005494505494505475,701.0,0.01008645533141217,-0.004591949836906695,0.004591949836906695,0.021699765956363,0.012095234309576153,0,1,0.0,5,2.3439893335013333,-1.0,5.0,549.0,-3505.0,3.0,-35.0,Live,0.0,0.0,0.0,0.021699765956363,4054.0,-32.0,-0.007893438579181056,0,0.0,0.0
2023-08-29,552.0,0.005464480874316946,710.0,0.012838801711840153,-0.007374320837523207,0.007374320837523207,0.021653193582268315,0.011812180181198435,0,1,0.0,5,3.0220027290206324,-1.0,5.0,552.0,-3550.0,6.0,-80.0,Live,0.0,0.0,0.0,0.021653193582268315,4102.0,-74.0,-0.01803998049731838,0,0.0,0.0
2023-08-30,555.0,0.005434782608695565,709.0,-0.0014084507042253502,0.0068432333129209155,0.0068432333129209155,0.019830560451554045,0.01179096714326348,1,0,-1.0,5,0.3310645857124779,-1.0,5.0,555.0,-3545.0,9.0,-75.0,Closed,555.0,-3545.0,-66.0,0.019830560451554045,4100.0,-66.0,-0.016097560975609757,0,-66.0,0.0
2023-08-31,549.0,-0.010810810810810811,705.0,-0.005641748942172065,-0.005169061868638747,0.005169061868638747,0.01647988853056757,0.0077053760290806735,0,0,0.0,5,0.6701503695653839,0.0,0.0,0.0,0.0,0.0,0.0,,0.0,0.0,0.0,0.01647988853056757,0.0,0.0,0.0,0,0.0,0.0
2023-09-01,548.0,-0.0018214936247723523,710.0,0.007092198581560183,-0.008913692206332535,0.008913692206332535,0.007192856702501555,0.007829188756600878,0,1,1.0,5,5.044649790339935,26.0,-5.0,-14248.0,3550.0,0.0,0.0,Opened,-14248.0,3550.0,0.0,0.007829188756600878,17798.0,0.0,0.0,0,0.0,17798.0
2023-09-04,557.0,0.01642335766423364,711.0,0.0014084507042253502,0.01501490696000829,0.01501490696000829,0.010076637318462575,0.007247316178757063,1,0,-1.0,5,0.10946974486054512,-26.0,5.0,14482.0,-3555.0,234.0,-5.0,Closed,14482.0,-3555.0,229.0,0.010076637318462575,18037.0,229.0,0.012696124632699451,0,229.0,0.0
2023-09-05,552.0,-0.008976660682226245,718.0,0.009845288326300938,-0.018821949008527183,0.018821949008527183,0.011180597342445402,0.006275090469653754,0,1,1.0,5,1.4265894127479037,8.0,-5.0,-4416.0,3590.0,0.0,0.0,Opened,-4416.0,3590.0,0.0,0.011180597342445402,8006.0,0.0,0.0,0,0.0,8006.0
2023-09-06,550.0,-0.0036231884057971175,712.0,-0.00835654596100277,0.004733357555205653,0.004733357555205653,0.010817891438594638,0.00785960413180123,1,0,-1.0,5,2.985748290706489,-8.0,5.0,4400.0,-3560.0,-16.0,30.0,Closed,4400.0,-3560.0,14.0,0.010817891438594638,7960.0,14.0,0.0017587939698492463,0,14.0,0.0
2023-09-07,542.0,-0.014545454545454528,717.0,0.0070224719101124045,-0.021567926455566933,0.021567926455566933,0.011692466803291435,0.00725394699622636,0,1,1.0,5,0.6386789201459478,4.0,-5.0,-2168.0,3585.0,0.0,0.0,Opened,-2168.0,3585.0,0.0,0.011692466803291435,5753.0,0.0,0.0,0,0.0,5753.0
2023-09-08,539.0,-0.005535055350553542,709.0,-0.01115760111576014,0.005622545765206599,0.005622545765206599,0.011755676027777615,0.009249945583946696,1,0,-1.0,5,2.651589759778632,-4.0,5.0,2156.0,-3545.0,-12.0,40.0,Closed,2156.0,-3545.0,28.0,0.011755676027777615,5701.0,28.0,0.004911419049289599,0,28.0,0.0
2023-09-11,536.0,-0.005565862708719838,714.0,0.007052186177715081,-0.012618048886434918,0.012618048886434918,0.004311007707990202,0.009828782393282762,0,1,1.0,5,1.6878144538239706,9.0,-5.0,-4824.0,3570.0,0.0,0.0,Opened,-4824.0,3570.0,0.0,0.009828782393282762,8394.0,0.0,0.0,0,0.0,8394.0
2023-09-12,544.0,0.014925373134328401,728.0,0.019607843137254832,-0.004682470002926431,0.004682470002926431,0.010815833597291508,0.012626276423702681,0,1,0.0,5,1.7580738177623878,-9.0,5.0,4896.0,-3640.0,72.0,-70.0,Live,0.0,0.0,0.0,0.012626276423702681,8536.0,2.0,0.00023430178069353328,0,0.0,0.0
2023-09-13,541.0,-0.005514705882352922,732.0,0.005494505494505475,-0.011009211376858397,0.011009211376858397,0.010881693708557056,0.010967909888828837,0,1,0.0,5,1.3480936808108712,-9.0,5.0,4869.0,-3660.0,45.0,-90.0,Live,0.0,0.0,0.0,0.010967909888828837,8529.0,-45.0,-0.005276116778051354,0,0.0,0.0
2023-09-14,550.0,0.01663585951940849,733.0,0.001366120218579292,0.0152697393008292,0.0152697393008292,0.011692647129587319,0.011076185535448275,1,0,-1.0,5,0.10944223657338877,-9.0,5.0,4950.0,-3665.0,126.0,-95.0,Closed,4950.0,-3665.0,31.0,0.011692647129587319,8615.0,31.0,0.0035983749274521182,0,31.0,0.0
2023-09-15,558.0,0.014545454545454639,763.0,0.04092769440654842,-0.02638223986109378,0.02638223986109378,0.011479480005573901,0.016068770489598608,0,1,1.0,5,3.8475149994865445,20.0,-5.0,-11160.0,3815.0,0.0,0.0,Opened,-11160.0,3815.0,0.0,0.016068770489598608,14975.0,0.0,0.0,0,0.0,14975.0
2023-09-18,540.0,-0.032258064516129004,782.0,0.02490170380078638,-0.05715976831691538,0.05715976831691538,0.02102494177476883,0.015873839772678262,0,1,0.0,5,1.1179020435901184,-20.0,5.0,10800.0,-3910.0,-360.0,-95.0,Live,0.0,0.0,0.0,0.02102494177476883,14710.0,-455.0,-0.030931339225016997,1,-455.0,0.0
2023-09-19,538.0,-0.0037037037037036535,773.0,-0.011508951406649648,0.007805247702945994,0.007805247702945994,0.019696675698356998,0.02068246922149453,1,0,-1.0,5,4.464745814278588,-20.0,5.0,10760.0,-3865.0,-400.0,-50.0,Closed,10760.0,-3865.0,-450.0,0.02068246922149453,14625.0,-450.0,-0.03076923076923077,1,0.0,0.0
2023-09-20,535.0,-0.005576208178438624,759.0,-0.018111254851228997,0.012535046672790373,0.012535046672790373,0.01969939227518571,0.024875339213422106,1,0,0.0,5,4.607841762280748,0.0,0.0,0.0,0.0,0.0,0.0,,0.0,0.0,0.0,0.024875339213422106,0.0,0.0,0.0,0,0.0,0.0
2023-09-21,527.0,-0.01495327102803734,746.0,-0.017127799736495364,0.0021745287084580234,0.0021745287084580234,0.017092943715112236,0.027277216474748834,1,0,0.0,5,1.6214127497231223,0.0,0.0,0.0,0.0,0.0,0.0,,0.0,0.0,0.0,0.027277216474748834,0.0,0.0,0.0,0,0.0,0.0
2023-09-22,522.0,-0.009487666034155628,746.0,0.0,-0.009487666034155628,0.009487666034155628,0.011493117092740522,0.01787790330866347,0,0,0.0,5,0.0,0.0,0.0,0.0,0.0,0.0,0.0,,0.0,0.0,0.0,0.01787790330866347,0.0,0.0,0.0,0,0.0,0.0
2023-09-25,525.0,0.005747126436781658,755.0,0.012064343163538771,-0.006317216726757113,0.006317216726757113,0.007664060152460873,0.012833473040016346,0,0,0.0,5,3.0188433550363336,0.0,0.0,0.0,0.0,0.0,0.0,,0.0,0.0,0.0,0.012833473040016346,0.0,0.0,0.0,0,0.0,0.0
2023-09-26,519.0,-0.011428571428571455,737.0,-0.02384105960264904,0.012412488174077585,0.012412488174077585,0.007960434302296919,0.014943451994057555,1,0,0.0,5,2.9623320445584325,0.0,0.0,0.0,0.0,0.0,0.0,,0.0,0.0,0.0,0.014943451994057555,0.0,0.0,0.0,0,0.0,0.0
2023-09-27,522.0,0.005780346820809301,737.0,0.0,0.005780346820809301,0.005780346820809301,0.009901556719806116,0.014493203680424002,1,0,0.0,5,0.0,0.0,0.0,0.0,0.0,0.0,0.0,,0.0,0.0,0.0,0.014493203680424002,0.0,0.0,0.0,0,0.0,0.0
2023-09-28,523.0,0.0019157088122605526,735.0,-0.0027137042062415073,0.00462941301850206,0.00462941301850206,0.008360181699508638,0.013031828645357367,1,0,0.0,5,1.990758877263232,0.0,0.0,0.0,0.0,0.0,0.0,,0.0,0.0,0.0,0.013031828645357367,0.0,0.0,0.0,0,0.0,0.0
2023-10-02,533.0,0.019120458891013437,745.0,0.013605442176870763,0.005515016714142673,0.005515016714142673,0.010919910395425432,0.015052077173216933,1,0,0.0,5,0.9945884545187664,0.0,0.0,0.0,0.0,0.0,0.0,,0.0,0.0,0.0,0.015052077173216933,0.0,0.0,0.0,0,0.0,0.0
2023-10-03,529.0,-0.007504690431519689,772.0,0.03624161073825505,-0.04374630116977474,0.04374630116977474,0.012012262346069315,0.02216876503588854,0,1,1.0,5,7.047520330876302,36.0,-5.0,-19044.0,3860.0,0.0,0.0,Opened,-19044.0,3860.0,0.0,0.02216876503588854,22904.0,0.0,0.0,0,0.0,22904.0
2023-10-04,520.0,-0.017013232514177745,780.0,0.010362694300518172,-0.027375926814695917,0.027375926814695917,0.01366919943002073,0.015428488560683289,0,1,0.0,5,0.9136442141623494,-36.0,5.0,18720.0,-3900.0,-324.0,-40.0,Live,0.0,0.0,0.0,0.015428488560683289,22620.0,-364.0,-0.016091954022988506,1,-364.0,0.0
2023-10-05,528.0,0.01538461538461533,786.0,0.007692307692307665,0.007692307692307665,0.007692307692307665,0.015193609858509169,0.014340322639393936,1,0,-1.0,5,0.7443181818181818,-36.0,5.0,19008.0,-3930.0,-36.0,-70.0,Closed,19008.0,-3930.0,-106.0,0.015193609858509169,22938.0,-106.0,-0.0046211526724213095,0,0.0,0.0
2023-10-06,532.0,0.007575757575757569,786.0,0.0,0.007575757575757569,0.007575757575757569,0.0153602550987169,0.013628844635423234,1,0,0.0,5,0.0,0.0,0.0,0.0,0.0,0.0,0.0,,0.0,0.0,0.0,0.0153602550987169,0.0,0.0,0.0,0,0.0,0.0
2023-10-11,544.0,0.022556390977443552,814.0,0.03562340966921118,-0.013067018691767629,0.013067018691767629,0.016282271507366854,0.01682198420571265,0,0,0.0,5,2.3631504764755826,0.0,0.0,0.0,0.0,0.0,0.0,,0.0,0.0,0.0,0.01682198420571265,0.0,0.0,0.0,0,0.0,0.0
2023-10-12,550.0,0.011029411764705843,815.0,0.0012285012285011554,0.009800910536204688,0.009800910536204688,0.015011633424920939,0.014440738778661795,1,0,0.0,5,0.16505100141462853,0.0,0.0,0.0,0.0,0.0,0.0,,0.0,0.0,0.0,0.015011633424920939,0.0,0.0,0.0,0,0.0,0.0
2023-10-13,553.0,0.005454545454545379,842.0,0.03312883435582825,-0.027674288901282873,0.027674288901282873,0.006809026591560731,0.017468594422221123,0,1,1.0,5,9.247717414215959,47.0,-5.0,-25991.0,4210.0,0.0,0.0,Opened,-25991.0,4210.0,0.0,0.017468594422221123,30201.0,0.0,0.0,0,0.0,30201.0
2023-10-16,545.0,-0.01446654611211573,840.0,-0.002375296912114022,-0.012091249200001708,0.012091249200001708,0.013417758623446914,0.019102348702688583,0,1,0.0,5,0.2530671838566986,-47.0,5.0,25615.0,-4200.0,-376.0,10.0,Live,0.0,0.0,0.0,0.019102348702688583,29815.0,-366.0,-0.012275700150930739,0,0.0,0.0
2023-10-17,551.0,0.011009174311926495,825.0,-0.017857142857142905,0.0288663171690694,0.0288663171690694,0.013577960059559064,0.023439267289286057,1,0,-1.0,5,2.4286200414830486,-47.0,5.0,25897.0,-4125.0,-94.0,85.0,Closed,25897.0,-4125.0,-9.0,0.023439267289286057,30022.0,-9.0,-0.0002997801612151089,0,-9.0,0.0
2023-10-18,540.0,-0.019963702359346636,813.0,-0.014545454545454528,-0.0054182478138921075,0.0054182478138921075,0.014754724320022282,0.02021808189152843,0,0,0.0,5,1.0969403122130386,0.0,0.0,0.0,0.0,0.0,0.0,,0.0,0.0,0.0,0.02021808189152843,0.0,0.0,0.0,0,0.0,0.0
2023-10-19,546.0,0.011111111111111072,830.0,0.02091020910209096,-0.009799097990979888,0.009799097990979888,0.01477194802233946,0.02234193350843151,0,0,0.0,5,2.86079234418718,0.0,0.0,0.0,0.0,0.0,0.0,,0.0,0.0,0.0,0.02234193350843151,0.0,0.0,0.0,0,0.0,0.0
2023-10-20,556.0,0.01831501831501825,828.0,-0.002409638554216831,0.02072465686923508,0.02072465686923508,0.01718078021794174,0.015216297046489753,1,1,1.0,5,0.19592961775157958,-1.0,5.0,556.0,-4140.0,0.0,0.0,Opened,556.0,-4140.0,0.0,0.01718078021794174,4696.0,0.0,0.0,0,0.0,4696.0
2023-10-23,544.0,-0.021582733812949617,821.0,-0.008454106280193274,-0.013128627532756343,0.013128627532756343,0.01900141766230368,0.015370455237703785,0,0,-1.0,5,0.5911606339395694,1.0,-5.0,-544.0,4105.0,12.0,-35.0,Closed,-544.0,4105.0,-23.0,0.01900141766230368,4649.0,-23.0,-0.004947300494730049,0,-23.0,0.0
2023-10-24,544.0,0.0,816.0,-0.006090133982947665,0.006090133982947665,0.006090133982947665,0.017985272653006205,0.013608353913996084,1,0,0.0,5,inf,0.0,0.0,0.0,0.0,0.0,0.0,,0.0,0.0,0.0,0.017985272653006205,0.0,0.0,0.0,0,0.0,0.0
2023-10-25,544.0,0.0,822.0,0.007352941176470562,-0.007352941176470562,0.007352941176470562,0.015103040371847112,0.012042535731005761,0,0,0.0,5,inf,0.0,0.0,0.0,0.0,0.0,0.0,,0.0,0.0,0.0,0.015103040371847112,0.0,0.0,0.0,0,0.0,0.0
2023-10-26,531.0,-0.023897058823529438,817.0,-0.006082725060827299,-0.01781433376270214,0.01781433376270214,0.017498133631534362,0.006249756712286107,0,1,1.0,5,0.39163479470296514,2.0,-5.0,-1062.0,4085.0,0.0,0.0,Opened,-1062.0,4085.0,0.0,0.017498133631534362,5147.0,0.0,0.0,0,0.0,5147.0
2023-10-27,533.0,0.0037664783427495685,801.0,-0.019583843329253336,0.023350321672002905,0.023350321672002905,0.013257734162449967,0.009581570350914791,1,0,-1.0,5,7.813898374366382,-2.0,5.0,1066.0,-4005.0,4.0,80.0,Closed,1066.0,-4005.0,84.0,0.013257734162449967,5071.0,84.0,0.016564780122263853,0,84.0,0.0
2023-10-30,532.0,-0.0018761726078799779,857.0,0.06991260923845188,-0.07178878184633186,0.07178878184633186,0.011089593848233749,0.035303129535827565,0,1,1.0,5,60.027728497271404,301.0,-5.0,-160132.0,4285.0,0.0,0.0,Opened,-160132.0,4285.0,0.0,0.035303129535827565,164417.0,0.0,0.0,0,0.0,164417.0
2023-10-31,529.0,-0.005639097744360888,842.0,-0.017502917152858788,0.0118638194084979,0.0118638194084979,0.010813378437037065,0.0368653255753032,1,0,-1.0,5,4.940344499760678,-301.0,5.0,159229.0,-4210.0,-903.0,75.0,Closed,159229.0,-4210.0,-828.0,0.0368653255753032,163439.0,-828.0,-0.005066110291913191,0,-828.0,0.0
2023-11-01,528.0,-0.001890359168241984,846.0,0.004750593824228044,-0.006640952992470028,0.006640952992470028,0.010602725405336326,0.03687427557301576,0,0,0.0,5,4.026614122219798,0.0,0.0,0.0,0.0,0.0,0.0,,0.0,0.0,0.0,0.03687427557301576,0.0,0.0,0.0,0,0.0,0.0
2023-11-02,547.0,0.0359848484848484,868.0,0.026004728132387633,0.009980120352460764,0.009980120352460764,0.017057376083258337,0.03697280396456714,1,0,0.0,5,1.14674020225015,0.0,0.0,0.0,0.0,0.0,0.0,,0.0,0.0,0.0,0.03697280396456714,0.0,0.0,0.0,0,0.0,0.0
2023-11-03,549.0,0.003656307129798808,870.0,0.0023041474654377225,0.0013521596643610856,0.0013521596643610856,0.017061164962252007,0.033306353178068564,1,0,0.0,5,0.998652766236053,0.0,0.0,0.0,0.0,0.0,0.0,,0.0,0.0,0.0,0.033306353178068564,0.0,0.0,0.0,0,0.0,0.0
2023-11-06,550.0,0.0018214936247722413,882.0,0.01379310344827589,-0.011971609823503648,0.011971609823503648,0.01670835355583894,0.016034684873053703,0,0,0.0,5,12.143398119122761,0.0,0.0,0.0,0.0,0.0,0.0,,0.0,0.0,0.0,0.01670835355583894,0.0,0.0,0.0,0,0.0,0.0
2023-11-07,555.0,0.009090909090909038,888.0,0.006802721088435382,0.0022881880024736567,0.0022881880024736567,0.015200266746642514,0.00955080789051734,1,0,0.0,5,1.197278911564634,0.0,0.0,0.0,0.0,0.0,0.0,,0.0,0.0,0.0,0.015200266746642514,0.0,0.0,0.0,0,0.0,0.0
2023-11-08,556.0,0.0018018018018017834,914.0,0.029279279279279313,-0.02747747747747753,0.02747747747747753,0.014571119657125979,0.011755966202760669,0,1,1.0,5,26.71312949640318,134.0,-5.0,-74504.0,4570.0,0.0,0.0,Opened,-74504.0,4570.0,0.0,0.014571119657125979,79074.0,0.0,0.0,0,0.0,79074.0
2023-11-09,557.0,0.0017985611510791255,905.0,-0.009846827133479175,0.0116453882845583,0.0116453882845583,0.0031539387925414303,0.014471223042184964,1,0,-1.0,5,8.895379671497453,-134.0,5.0,74638.0,-4525.0,134.0,45.0,Closed,74638.0,-4525.0,179.0,0.014471223042184964,79163.0,179.0,0.0022611573588671476,0,179.0,0.0
2023-11-10,557.0,0.0,884.0,-0.023204419889502725,0.023204419889502725,0.023204419889502725,0.003546819194760358,0.02044871382008272,1,0,0.0,5,inf,0.0,0.0,0.0,0.0,0.0,0.0,,0.0,0.0,0.0,0.02044871382008272,0.0,0.0,0.0,0,0.0,0.0
2023-11-13,571.0,0.025134649910233398,906.0,0.02488687782805421,0.00024777208217918734,0.00024777208217918734,0.010424927959246745,0.02237429428101925,1,0,0.0,5,1.5710487616843796,0.0,0.0,0.0,0.0,0.0,0.0,,0.0,0.0,0.0,0.02237429428101925,0.0,0.0,0.0,0,0.0,0.0
2023-11-14,572.0,0.0017513134851139256,905.0,-0.001103752759381904,0.0028550662444958297,0.0028550662444958297,0.010670236854659617,0.022545326438113612,1,0,0.0,5,0.9971499251300113,0.0,0.0,0.0,0.0,0.0,0.0,,0.0,0.0,0.0,0.022545326438113612,0.0,0.0,0.0,0,0.0,0.0
2023-11-15,581.0,0.01573426573426584,908.0,0.0033149171270718814,0.012419348607193959,0.012419348607193959,0.01107941649460579,0.017747398479803084,1,0,0.0,5,0.32925767790974825,0.0,0.0,0.0,0.0,0.0,0.0,,0.0,0.0,0.0,0.017747398479803084,0.0,0.0,0.0,0,0.0,0.0
2023-11-16,583.0,0.0034423407917383297,893.0,-0.016519823788546217,0.019962164580284547,0.019962164580284547,0.010838386455144186,0.018781833785471547,1,1,1.0,5,7.350797371940764,-37.0,5.0,21571.0,-4465.0,0.0,0.0,Opened,21571.0,-4465.0,0.0,0.018781833785471547,26036.0,0.0,0.0,0,0.0,26036.0
2023-11-17,580.0,-0.005145797598627766,904.0,0.012318029115341522,-0.017463826713969288,0.017463826713969288,0.012102451557641246,0.015422016915031282,0,0,-1.0,5,3.7310319084578736,37.0,-5.0,-21460.0,4520.0,111.0,55.0,Closed,-21460.0,4520.0,166.0,0.015422016915031282,25980.0,166.0,0.006389530408006158,0,166.0,0.0
2023-11-20,577.0,-0.005172413793103403,912.0,0.008849557522123908,-0.01402197131522731,0.01402197131522731,0.008561597999520392,0.011244454820366557,0,1,1.0,5,2.7042530022545948,14.0,-5.0,-8078.0,4560.0,0.0,0.0,Opened,-8078.0,4560.0,0.0,0.011244454820366557,12638.0,0.0,0.0,0,0.0,12638.0
2023-11-21,585.0,0.013864818024263537,926.0,0.015350877192982448,-0.0014860591687189117,0.0014860591687189117,0.01002015745001505,0.012657871110573775,0,1,0.0,5,1.7525650397360781,-14.0,5.0,8190.0,-4630.0,112.0,-70.0,Live,0.0,0.0,0.0,0.012657871110573775,12820.0,42.0,0.0032761310452418097,0,0.0,0.0
2023-11-22,577.0,-0.013675213675213627,942.0,0.017278617710583255,-0.03095383138579688,0.03095383138579688,0.010432955287604087,0.01377710382393447,0,1,0.0,5,2.0627660012502487,-14.0,5.0,8078.0,-4710.0,0.0,-150.0,Live,0.0,0.0,0.0,0.01377710382393447,12788.0,-150.0,-0.011729746637472631,0,0.0,0.0
2023-11-23,578.0,0.0017331022530329143,930.0,-0.01273885350318471,0.014471955756217625,0.014471955756217625,0.010263825901761541,0.012138485705189328,1,0,-1.0,5,11.826636986754336,-14.0,5.0,8092.0,-4650.0,14.0,-90.0,Closed,8092.0,-4650.0,-76.0,0.012138485705189328,12742.0,-76.0,-0.005964526761889813,0,-76.0,0.0
2023-11-24,575.0,-0.00519031141868509,945.0,0.016129032258064502,-0.02131934367674959,0.02131934367674959,0.010267603244814974,0.012572680876906382,0,1,1.0,5,5.107152875175342,26.0,-5.0,-14950.0,4725.0,0.0,0.0,Opened,-14950.0,4725.0,0.0,0.012572680876906382,19675.0,0.0,0.0,0,0.0,19675.0
2023-11-27,568.0,-0.012173913043478257,931.0,-0.014814814814814836,0.002640901771336579,0.002640901771336579,0.011288309084807855,0.016478574430312563,1,0,-1.0,5,1.9946531038080368,-26.0,5.0,14768.0,-4655.0,-182.0,70.0,Closed,14768.0,-4655.0,-112.0,0.016478574430312563,19423.0,-112.0,-0.005766359470730577,0,-112.0,0.0
2023-11-28,575.0,0.012323943661971759,942.0,0.011815252416756072,0.0005086912452156866,0.0005086912452156866,0.01071631772298526,0.015950025558827106,1,0,0.0,5,1.5706389309564903,0.0,0.0,0.0,0.0,0.0,0.0,,0.0,0.0,0.0,0.015950025558827106,0.0,0.0,0.0,0,0.0,0.0
2023-11-29,574.0,-0.0017391304347825765,948.0,0.006369426751592355,-0.008108557186374932,0.008108557186374932,0.009054808805504444,0.01425598960441359,0,0,0.0,5,6.048736101555849,0.0,0.0,0.0,0.0,0.0,0.0,,0.0,0.0,0.0,0.01425598960441359,0.0,0.0,0.0,0,0.0,0.0
2023-11-30,577.0,0.005226480836237002,945.0,-0.0031645569620253333,0.008391037798262335,0.008391037798262335,0.009445652926513707,0.012414170298522726,1,0,0.0,5,0.9916525897812705,0.0,0.0,0.0,0.0,0.0,0.0,,0.0,0.0,0.0,0.012414170298522726,0.0,0.0,0.0,0,0.0,0.0
2023-12-01,579.0,0.0034662045060658286,947.0,0.002116402116402183,0.0013498023896636457,0.0013498023896636457,0.009115190768535127,0.010161988443326664,1,0,0.0,5,0.9986548601402193,0.0,0.0,0.0,0.0,0.0,0.0,,0.0,0.0,0.0,0.010161988443326664,0.0,0.0,0.0,0,0.0,0.0
2023-12-04,574.0,-0.008635578583765069,933.0,-0.014783526927138357,0.0061479483433732884,0.0061479483433732884,0.007844711003949081,0.010150230472216913,1,0,0.0,5,2.782635794678979,0.0,0.0,0.0,0.0,0.0,0.0,,0.0,0.0,0.0,0.010150230472216913,0.0,0.0,0.0,0,0.0,0.0
2023-12-05,570.0,-0.006968641114982632,929.0,-0.004287245444801746,-0.002681395670180886,0.002681395670180886,0.006134403525983157,0.00797161472232536,0,0,0.0,5,1.002700212481901,0.0,0.0,0.0,0.0,0.0,0.0,,0.0,0.0,0.0,0.00797161472232536,0.0,0.0,0.0,0,0.0,0.0
2023-12-06,570.0,0.0,927.0,-0.0021528525296017342,0.0021528525296017342,0.0021528525296017342,0.006182879398855443,0.006262089507237007,1,0,0.0,5,inf,0.0,0.0,0.0,0.0,0.0,0.0,,0.0,0.0,0.0,0.006262089507237007,0.0,0.0,0.0,0,0.0,0.0
2023-12-07,566.0,-0.007017543859649145,931.0,0.004314994606256839,-0.011332538465905984,0.011332538465905984,0.005268030548608903,0.007431423978530837,0,1,1.0,5,1.0114126270769919,6.0,-5.0,-3396.0,4655.0,0.0,0.0,Opened,-3396.0,4655.0,0.0,0.007431423978530837,8051.0,0.0,0.0,0,0.0,8051.0
2023-12-08,570.0,0.007067137809187329,943.0,0.012889366272824887,-0.005822228463637558,0.005822228463637558,0.006594244813895566,0.010284599659615276,0,1,0.0,5,3.0173441121600706,-6.0,5.0,3420.0,-4715.0,24.0,-60.0,Live,0.0,0.0,0.0,0.010284599659615276,8135.0,-36.0,-0.004425322679778734,0,0.0,0.0
2023-12-11,574.0,0.007017543859649145,941.0,-0.0021208907741251393,0.009138434633774284,0.009138434633774284,0.007017768504444846,0.007023652721404697,1,0,-1.0,5,0.49546262391877066,-6.0,5.0,3444.0,-4705.0,48.0,-50.0,Closed,3444.0,-4705.0,-2.0,0.007023652721404697,8149.0,-2.0,-0.00024542888697999754,0,-2.0,0.0
2023-12-12,578.0,0.006968641114982521,939.0,-0.002125398512221044,0.009094039627203565,0.009094039627203565,0.006276894563516864,0.0066154111756629086,1,1,1.0,5,0.4954844474515489,-3.0,5.0,1734.0,-4695.0,0.0,0.0,Opened,1734.0,-4695.0,0.0,0.0066154111756629086,6429.0,0.0,0.0,0,0.0,6429.0
2023-12-13,577.0,-0.0017301038062284002,955.0,0.017039403620873195,-0.018769507427101595,0.018769507427101595,0.006513554532786336,0.00871983385442928,0,0,-1.0,5,16.30083259044307,3.0,-5.0,-1731.0,4775.0,3.0,80.0,Closed,-1731.0,4775.0,83.0,0.00871983385442928,6506.0,83.0,0.01275745465723947,0,83.0,0.0
2023-12-14,582.0,0.008665511265164572,966.0,0.011518324607329822,-0.00285281334216525,0.00285281334216525,0.004158210497685315,0.00896359798319394,0,0,0.0,5,2.206222270200263,0.0,0.0,0.0,0.0,0.0,0.0,,0.0,0.0,0.0,0.00896359798319394,0.0,0.0,0.0,0,0.0,0.0
2023-12-15,585.0,0.005154639175257714,996.0,0.03105590062111796,-0.025901261445860246,0.025901261445860246,0.004076412623932311,0.013994544288389492,0,1,1.0,5,10.257684344640884,52.0,-5.0,-30420.0,4980.0,0.0,0.0,Opened,-30420.0,4980.0,0.0,0.013994544288389492,35400.0,0.0,0.0,0,0.0,35400.0
2023-12-18,585.0,0.0,989.0,-0.007028112449799173,0.007028112449799173,0.007028112449799173,0.004488036679312589,0.015265557841971627,1,0,-1.0,5,inf,-52.0,5.0,30420.0,-4945.0,0.0,35.0,Closed,30420.0,-4945.0,35.0,0.015265557841971627,35365.0,35.0,0.0009896790612187191,0,35.0,0.0
2023-12-19,585.0,0.0,992.0,0.0030333670374114163,-0.0030333670374114163,0.0030333670374114163,0.0043422575974578215,0.014382156324244754,0,0,0.0,5,inf,0.0,0.0,0.0,0.0,0.0,0.0,,0.0,0.0,0.0,0.014382156324244754,0.0,0.0,0.0,0,0.0,0.0
2023-12-20,585.0,0.0,983.0,-0.009072580645161255,0.009072580645161255,0.009072580645161255,0.003983154493445188,0.016308868332642657,1,0,0.0,5,inf,0.0,0.0,0.0,0.0,0.0,0.0,,0.0,0.0,0.0,0.016308868332642657,0.0,0.0,0.0,0,0.0,0.0
2023-12-21,577.0,-0.013675213675213627,976.0,-0.007121057985757906,-0.006554155689455721,0.006554155689455721,0.007054461994510768,0.01682606049157915,0,0,0.0,5,0.8808143993822245,0.0,0.0,0.0,0.0,0.0,0.0,,0.0,0.0,0.0,0.01682606049157915,0.0,0.0,0.0,0,0.0,0.0
2023-12-22,582.0,0.008665511265164572,990.0,0.014344262295082011,-0.005678751029917439,0.005678751029917439,0.008016906056921047,0.009881092748004455,0,0,0.0,5,2.8157639006253494,0.0,0.0,0.0,0.0,0.0,0.0,,0.0,0.0,0.0,0.009881092748004455,0.0,0.0,0.0,0,0.0,0.0
2023-12-25,581.0,-0.0017182130584192379,995.0,0.005050505050504972,-0.00676871810892421,0.00676871810892421,0.008000028771095,0.009561827448007714,0,0,0.0,5,5.033901841130696,0.0,0.0,0.0,0.0,0.0,0.0,,0.0,0.0,0.0,0.009561827448007714,0.0,0.0,0.0,0,0.0,0.0
2023-12-26,586.0,0.008605851979345935,1000.0,0.005025125628140614,0.003580726351205321,0.003580726351205321,0.009197964038935422,0.009695414946391673,1,0,0.0,5,0.9964498259214005,0.0,0.0,0.0,0.0,0.0,0.0,,0.0,0.0,0.0,0.009695414946391673,0.0,0.0,0.0,0,0.0,0.0
2023-12-27,592.0,0.010238907849829282,1040.0,0.040000000000000036,-0.029761092150170754,0.029761092150170754,0.01018070662403832,0.01768187997834722,0,1,1.0,5,6.863063063063116,35.0,-5.0,-20720.0,5200.0,0.0,0.0,Opened,-20720.0,5200.0,0.0,0.01768187997834722,25920.0,0.0,0.0,0,0.0,25920.0
2023-12-28,593.0,0.0016891891891892552,1025.0,-0.014423076923076872,0.016112266112266127,0.016112266112266127,0.0052141354546049335,0.019777551507469057,1,0,-1.0,5,14.758723569852789,-35.0,5.0,20755.0,-5125.0,35.0,75.0,Closed,20755.0,-5125.0,110.0,0.019777551507469057,25880.0,110.0,0.004250386398763524,0,110.0,0.0
2023-12-29,593.0,0.0,1015.0,-0.009756097560975618,0.009756097560975618,0.009756097560975618,0.0053360836419565376,0.021329795988852988,1,0,0.0,5,inf,0.0,0.0,0.0,0.0,0.0,0.0,,0.0,0.0,0.0,0.021329795988852988,0.0,0.0,0.0,0,0.0,0.0
2024-01-02,593.0,0.0,981.0,-0.03349753694581281,0.03349753694581281,0.03349753694581281,0.004935095488104034,0.027470579407355478,1,0,0.0,5,inf,0.0,0.0,0.0,0.0,0.0,0.0,,0.0,0.0,0.0,0.027470579407355478,0.0,0.0,0.0,0,0.0,0.0
2024-01-03,578.0,-0.025295109612141653,953.0,-0.02854230377166156,0.003247194159519906,0.003247194159519906,0.013339750366277664,0.029209224571778644,1,0,0.0,5,1.860447934045597,0.0,0.0,0.0,0.0,0.0,0.0,,0.0,0.0,0.0,0.029209224571778644,0.0,0.0,0.0,0,0.0,0.0
2024-01-04,580.0,0.0034602076124568004,928.0,-0.026232948583420734,0.029693156195877535,0.029693156195877535,0.011973919765471975,0.009987910606582651,1,1,1.0,5,12.130115424973562,-61.0,5.0,35380.0,-4640.0,0.0,0.0,Opened,35380.0,-4640.0,0.0,0.011973919765471975,40020.0,0.0,0.0,0,0.0,40020.0
2024-01-05,576.0,-0.006896551724137945,921.0,-0.007543103448275912,0.000646551724137967,0.000646551724137967,0.011557235245490561,0.011703701327484375,1,1,0.0,5,1.7488606770833413,61.0,-5.0,-35136.0,4605.0,244.0,-35.0,Live,0.0,0.0,0.0,0.011703701327484375,39741.0,209.0,0.005259052364057271,0,0.0,0.0
2024-01-08,583.0,0.012152777777777679,920.0,-0.0010857763300760048,0.013238554107853684,0.013238554107853684,0.014072113746578043,0.014186316498759254,1,1,0.0,5,0.14098862848171556,61.0,-5.0,-35563.0,4600.0,-183.0,-40.0,Live,0.0,0.0,0.0,0.014186316498759254,40163.0,-223.0,-0.00555237407564176,0,0.0,0.0
2024-01-09,586.0,0.005145797598627766,928.0,0.008695652173912993,-0.0035498545752852273,0.0035498545752852273,0.014555111918807017,0.016108373805865467,0,0,-1.0,5,2.6760844833555875,61.0,-5.0,-35746.0,4640.0,-366.0,0.0,Closed,-35746.0,4640.0,-366.0,0.016108373805865467,40386.0,-366.0,-0.009062546426979647,0,-366.0,0.0
2024-01-10,584.0,-0.0034129692832765013,924.0,-0.004310344827586188,0.0008973755443096865,0.0008973755443096865,0.0074752198493472895,0.012793305709160435,1,0,0.0,5,1.9981991025035042,0.0,0.0,0.0,0.0,0.0,0.0,,0.0,0.0,0.0,0.012793305709160435,0.0,0.0,0.0,0,0.0,0.0
2024-01-11,586.0,0.003424657534246478,920.0,-0.0043290043290042934,0.0077536618632507714,0.0077536618632507714,0.007473607324454003,0.006251264335087011,1,1,1.0,5,1.9845456022930827,-10.0,5.0,5860.0,-4600.0,0.0,0.0,Opened,5860.0,-4600.0,0.0,0.007473607324454003,10460.0,0.0,0.0,0,0.0,10460.0
2024-01-12,584.0,-0.0034129692832765013,926.0,0.006521739130434856,-0.009934708413711357,0.009934708413711357,0.006530070453464307,0.006136218552677827,0,0,-1.0,5,3.0299061941631815,10.0,-5.0,-5840.0,4630.0,20.0,30.0,Closed,-5840.0,4630.0,50.0,0.006530070453464307,10470.0,50.0,0.004775549188156638,0,50.0,0.0
2024-01-15,586.0,0.003424657534246478,922.0,-0.004319654427645814,0.007744311961892292,0.007744311961892292,0.004119722013090299,0.006578490525640764,1,1,1.0,5,1.9845642382739754,-10.0,5.0,5860.0,-4610.0,0.0,0.0,Opened,5860.0,-4610.0,0.0,0.006578490525640764,10470.0,0.0,0.0,0,0.0,10470.0
2024-01-16,580.0,-0.010238907849829393,895.0,-0.029284164859002204,0.01904525700917281,0.01904525700917281,0.005716578848495654,0.013236975256193056,1,1,0.0,5,4.413409753908283,10.0,-5.0,-5800.0,4475.0,60.0,-135.0,Live,0.0,0.0,0.0,0.013236975256193056,10275.0,-75.0,-0.0072992700729927005,0,0.0,0.0
2024-01-17,581.0,0.0017241379310344307,879.0,-0.01787709497206702,0.01960123290310145,0.01960123290310145,0.005868447942359934,0.013885430164628534,1,1,0.0,5,15.686920066539559,10.0,-5.0,-5810.0,4395.0,50.0,-215.0,Live,0.0,0.0,0.0,0.013885430164628534,10205.0,-165.0,-0.016168544830965213,1,-165.0,0.0
2024-01-18,588.0,0.012048192771084265,897.0,0.020477815699658786,-0.00842962292857452,0.00842962292857452,0.008273903411031309,0.01960751689865256,0,0,-1.0,5,2.592846694992016,10.0,-5.0,-5880.0,4485.0,-20.0,-125.0,Closed,-5880.0,4485.0,-145.0,0.01960751689865256,10365.0,-145.0,-0.013989387361312108,0,0.0,0.0
2024-01-19,626.0,0.06462585034013602,920.0,0.02564102564102555,0.038984824699110465,0.038984824699110465,0.029224749008195397,0.023805802953592435,1,1,1.0,5,0.5830994295766433,-3.0,5.0,1878.0,-4600.0,0.0,0.0,Opened,1878.0,-4600.0,0.0,0.029224749008195397,6478.0,0.0,0.0,0,0.0,6478.0
2024-01-22,626.0,0.0,922.0,0.0021739130434783593,-0.0021739130434783593,0.0021739130434783593,0.029581793650713,0.023761448871114352,0,0,-1.0,5,inf,3.0,-5.0,-1878.0,4610.0,0.0,10.0,Closed,-1878.0,4610.0,10.0,0.029581793650713,6488.0,10.0,0.0015413070283600493,0,10.0,0.0
2024-01-23,628.0,0.0031948881789136685,911.0,-0.01193058568329719,0.015125473862210859,0.015125473862210859,0.02740143086742816,0.01920363792949473,1,0,0.0,5,5.417074830402046,0.0,0.0,0.0,0.0,0.0,0.0,,0.0,0.0,0.0,0.02740143086742816,0.0,0.0,0.0,0,0.0,0.0
2024-01-24,627.0,-0.0015923566878981443,936.0,0.027442371020856227,-0.02903472770875437,0.02903472770875437,0.02787901525000587,0.01704954379042302,0,1,1.0,5,25.727025877235885,129.0,-5.0,-80883.0,4680.0,0.0,0.0,Opened,-80883.0,4680.0,0.0,0.02787901525000587,85563.0,0.0,0.0,0,0.0,85563.0
2024-01-25,642.0,0.02392344497607657,943.0,0.007478632478632452,0.016444812497444117,0.016444812497444117,0.02800046556162139,0.016562788033382816,1,0,-1.0,5,0.4591717256436864,-129.0,5.0,82818.0,-4715.0,1935.0,-35.0,Closed,82818.0,-4715.0,1900.0,0.02800046556162139,87533.0,1900.0,0.021706099413935316,0,1900.0,0.0
2024-01-26,644.0,0.0031152647975076775,936.0,-0.007423117709437932,0.01053838250694561,0.01053838250694561,0.01037683555261192,0.015396679766947129,1,0,0.0,5,3.463230208861743,0.0,0.0,0.0,0.0,0.0,0.0,,0.0,0.0,0.0,0.015396679766947129,0.0,0.0,0.0,0,0.0,0.0
2024-01-29,648.0,0.006211180124223503,938.0,0.002136752136752129,0.004074427987471374,0.004074427987471374,0.009879518052287942,0.015397517972040352,1,0,0.0,5,0.4979753614012935,0.0,0.0,0.0,0.0,0.0,0.0,,0.0,0.0,0.0,0.015397517972040352,0.0,0.0,0.0,0,0.0,0.0
2024-01-30,642.0,-0.0092592592592593,963.0,0.026652452025586415,-0.035911711284845715,0.035911711284845715,0.012334380806058887,0.01537358088681191,0,1,1.0,5,4.317697228144979,22.0,-5.0,-14124.0,4815.0,0.0,0.0,Opened,-14124.0,4815.0,0.0,0.01537358088681191,18939.0,0.0,0.0,0,0.0,18939.0
2024-01-31,628.0,-0.02180685358255452,966.0,0.0031152647975076775,-0.024922118380062197,0.024922118380062197,0.01718235884252066,0.012563521517823122,0,1,0.0,5,0.21974522292992846,-22.0,5.0,13816.0,-4830.0,-308.0,-15.0,Live,0.0,0.0,0.0,0.01718235884252066,18646.0,-323.0,-0.01732275018770782,1,-323.0,0.0
2024-02-01,628.0,0.0,930.0,-0.037267080745341574,0.037267080745341574,0.037267080745341574,0.011347177471073937,0.023107719443365465,1,0,-1.0,5,inf,-22.0,5.0,13816.0,-4650.0,-308.0,165.0,Closed,13816.0,-4650.0,-143.0,0.023107719443365465,18466.0,-143.0,-0.007743961875879996,0,0.0,0.0
2024-02-02,635.0,0.011146496815286566,936.0,0.006451612903225712,0.004694883912060854,0.004694883912060854,0.01310068368456752,0.023210155186225576,1,0,0.0,5,0.8531630320403417,0.0,0.0,0.0,0.0,0.0,0.0,,0.0,0.0,0.0,0.023210155186225576,0.0,0.0,0.0,0,0.0,0.0
2024-02-05,646.0,0.017322834645669305,937.0,0.0010683760683760646,0.01625445857729324,0.01625445857729324,0.015686372126048984,0.02319298402757077,1,0,0.0,5,0.08945657455719336,0.0,0.0,0.0,0.0,0.0,0.0,,0.0,0.0,0.0,0.02319298402757077,0.0,0.0,0.0,0,0.0,0.0
2024-02-15,697.0,0.07894736842105265,972.0,0.03735325506937026,0.041594113351682394,0.041594113351682394,0.03763888175315373,0.02652159864488341,1,1,1.0,5,0.6598181871077281,-4.0,5.0,2788.0,-4860.0,0.0,0.0,Opened,2788.0,-4860.0,0.0,0.03763888175315373,7648.0,0.0,0.0,0,0.0,7648.0
2024-02-16,683.0,-0.020086083213773365,970.0,-0.002057613168724326,-0.01802847004504904,0.01802847004504904,0.0371992452523018,0.02657509265404239,0,0,-1.0,5,0.1454854305838555,4.0,-5.0,-2732.0,4850.0,56.0,-10.0,Closed,-2732.0,4850.0,46.0,0.0371992452523018,7582.0,46.0,0.006067000791347929,0,46.0,0.0
2024-02-19,678.0,-0.007320644216691097,963.0,-0.007216494845360799,-0.00010414937133029767,0.00010414937133029767,0.03818944685480023,0.017613079468019353,0,0,0.0,5,1.4001468844083467,0.0,0.0,0.0,0.0,0.0,0.0,,0.0,0.0,0.0,0.03818944685480023,0.0,0.0,0.0,0,0.0,0.0
2024-02-20,687.0,0.01327433628318575,982.0,0.019730010384215957,-0.0064556741010302066,0.0064556741010302066,0.03813362730506028,0.01846746676526513,0,0,0.0,5,2.1245612152303956,0.0,0.0,0.0,0.0,0.0,0.0,,0.0,0.0,0.0,0.03813362730506028,0.0,0.0,0.0,0,0.0,0.0
2024-02-21,681.0,-0.008733624454148492,981.0,-0.0010183299389001643,-0.007715294515248328,0.007715294515248328,0.039727792929751204,0.018735068935489686,0,0,0.0,5,0.1679638784463895,0.0,0.0,0.0,0.0,0.0,0.0,,0.0,0.0,0.0,0.039727792929751204,0.0,0.0,0.0,0,0.0,0.0
2024-02-22,692.0,0.01615271659324513,1015.0,0.03465851172273182,-0.01850579512948669,0.01850579512948669,0.01550341371368131,0.017740781991805187,0,1,1.0,5,3.1471995770399657,16.0,-5.0,-11072.0,5075.0,0.0,0.0,Opened,-11072.0,5075.0,0.0,0.017740781991805187,16147.0,0.0,0.0,0,0.0,16147.0
2024-02-23,697.0,0.007225433526011571,1100.0,0.08374384236453203,-0.07651840883852046,0.07651840883852046,0.011557852956425104,0.03633853845757513,0,1,0.0,5,18.291481436981833,-16.0,5.0,11152.0,-5500.0,80.0,-425.0,Live,0.0,0.0,0.0,0.03633853845757513,16652.0,-345.0,-0.020718232044198894,0,0.0,0.0
2024-02-26,698.0,0.0014347202295552641,1115.0,0.013636363636363669,-0.012201643406808405,0.012201643406808405,0.009941493947697883,0.032578243422720844,0,1,0.0,5,15.182762438134677,-16.0,5.0,11168.0,-5575.0,96.0,-500.0,Live,0.0,0.0,0.0,0.032578243422720844,16743.0,-404.0,-0.024129486949770053,0,0.0,0.0
2024-02-27,698.0,0.0,1115.0,0.0,0.0,0.0,0.009216063849544067,0.035241887629800246,1,0,-1.0,5,,-16.0,5.0,11168.0,-5575.0,96.0,-500.0,Closed,11168.0,-5575.0,-404.0,0.035241887629800246,16743.0,-404.0,-0.024129486949770053,0,-404.0,0.0
2024-02-29,690.0,-0.011461318051575908,1140.0,0.022421524663677195,-0.0338828427152531,0.0338828427152531,0.010135144138686632,0.03213769381352828,0,1,1.0,5,3.2321115227139954,17.0,-5.0,-11730.0,5700.0,0.0,0.0,Opened,-11730.0,5700.0,0.0,0.03213769381352828,17430.0,0.0,0.0,0,0.0,17430.0
2024-03-01,689.0,-0.0014492753623188692,1105.0,-0.030701754385964897,0.029252479023646027,0.029252479023646027,0.006784435770078684,0.04200161569287852,1,0,-1.0,5,33.974677259185015,-17.0,5.0,11713.0,-5525.0,-17.0,175.0,Closed,11713.0,-5525.0,158.0,0.04200161569287852,17238.0,158.0,0.009165796496113238,0,158.0,0.0
2024-03-04,725.0,0.052249637155297624,1150.0,0.040723981900452566,0.011525655254845057,0.011525655254845057,0.025164683834099102,0.026763035099626995,1,0,0.0,5,1.2363083164300206,0.0,0.0,0.0,0.0,0.0,0.0,,0.0,0.0,0.0,0.026763035099626995,0.0,0.0,0.0,0,0.0,0.0
2024-03-05,730.0,0.006896551724137945,1155.0,0.004347826086956497,0.002548725637181448,0.002548725637181448,0.024917379283787768,0.02670180114656644,1,0,0.0,5,0.9974687313877232,0.0,0.0,0.0,0.0,0.0,0.0,,0.0,0.0,0.0,0.02670180114656644,0.0,0.0,0.0,0,0.0,0.0
2024-03-06,735.0,0.006849315068493178,1190.0,0.030303030303030276,-0.023453715234537098,0.023453715234537098,0.02446610303422564,0.028020551073696297,0,0,0.0,5,7.163059163059128,0.0,0.0,0.0,0.0,0.0,0.0,,0.0,0.0,0.0,0.028020551073696297,0.0,0.0,0.0,0,0.0,0.0
2024-03-07,760.0,0.03401360544217691,1230.0,0.03361344537815136,0.0004001600640255454,0.0004001600640255454,0.022587151784733667,0.0293356661685029,1,0,0.0,5,1.5993808049535634,0.0,0.0,0.0,0.0,0.0,0.0,,0.0,0.0,0.0,0.0293356661685029,0.0,0.0,0.0,0,0.0,0.0
2024-03-08,784.0,0.03157894736842115,1230.0,0.0,0.03157894736842115,0.03157894736842115,0.019465174422722227,0.018369774453175204,1,0,0.0,5,0.0,0.0,0.0,0.0,0.0,0.0,0.0,,0.0,0.0,0.0,0.019465174422722227,0.0,0.0,0.0,0,0.0,0.0
2024-03-11,766.0,-0.022959183673469385,1225.0,-0.004065040650406471,-0.018894143023062915,0.018894143023062915,0.023130236060253447,0.017743001981736943,0,0,0.0,5,0.28314948075503155,0.0,0.0,0.0,0.0,0.0,0.0,,0.0,0.0,0.0,0.023130236060253447,0.0,0.0,0.0,0,0.0,0.0
2024-03-12,770.0,0.005221932114882533,1215.0,-0.008163265306122436,0.013385197421004968,0.013385197421004968,0.02322144520476122,0.01998103747173207,1,0,0.0,5,2.4667108401802116,0.0,0.0,0.0,0.0,0.0,0.0,,0.0,0.0,0.0,0.02322144520476122,0.0,0.0,0.0,0,0.0,0.0
2024-03-13,779.0,0.011688311688311748,1215.0,0.0,0.011688311688311748,0.011688311688311748,0.023108852328511842,0.01674486733689707,1,0,0.0,5,0.0,0.0,0.0,0.0,0.0,0.0,0.0,,0.0,0.0,0.0,0.023108852328511842,0.0,0.0,0.0,0,0.0,0.0
2024-03-14,784.0,0.006418485237484006,1150.0,-0.053497942386831254,0.05991642762431526,0.05991642762431526,0.019527512335889462,0.022810114814012437,1,1,1.0,5,12.22605400184755,-62.0,5.0,48608.0,-5750.0,0.0,0.0,Opened,48608.0,-5750.0,0.0,0.022810114814012437,54358.0,0.0,0.0,0,0.0,54358.0
2024-03-15,753.0,-0.039540816326530615,1135.0,-0.013043478260869601,-0.026497338065661014,0.026497338065661014,0.022298008514698008,0.02164712252733078,0,0,-1.0,5,0.4972200957739882,62.0,-5.0,-46686.0,5675.0,1922.0,-75.0,Closed,-46686.0,5675.0,1847.0,0.022298008514698008,52361.0,1847.0,0.03527434540975153,0,1847.0,0.0
2024-03-18,764.0,0.014608233731739695,1170.0,0.03083700440528636,-0.016228770673546666,0.016228770673546666,0.022256708747950164,0.030268990770372286,0,0,0.0,5,3.232711714790738,0.0,0.0,0.0,0.0,0.0,0.0,,0.0,0.0,0.0,0.030268990770372286,0.0,0.0,0.0,0,0.0,0.0
2024-03-19,762.0,-0.002617801047120394,1150.0,-0.017094017094017144,0.01447621604689675,0.01447621604689675,0.022043745415116264,0.03048669182328736,1,0,0.0,5,9.854857886354072,0.0,0.0,0.0,0.0,0.0,0.0,,0.0,0.0,0.0,0.03048669182328736,0.0,0.0,0.0,0,0.0,0.0
2024-03-20,758.0,-0.005249343832021025,1130.0,-0.017391304347826098,0.012141960515805073,0.012141960515805073,0.020695942270616816,0.029968425207000958,1,0,0.0,5,4.938969829069611,0.0,0.0,0.0,0.0,0.0,0.0,,0.0,0.0,0.0,0.029968425207000958,0.0,0.0,0.0,0,0.0,0.0
2024-03-21,784.0,0.03430079155672816,1140.0,0.008849557522123908,0.025451234034604253,0.025451234034604253,0.027328459544313094,0.021105275305212255,1,0,0.0,5,0.37515108153540655,0.0,0.0,0.0,0.0,0.0,0.0,,0.0,0.0,0.0,0.027328459544313094,0.0,0.0,0.0,0,0.0,0.0
2024-03-22,785.0,0.0012755102040815647,1125.0,-0.013157894736842146,0.01443340494092371,0.01443340494092371,0.0163388180706523,0.02112088374624307,1,0,0.0,5,14.78377472343362,0.0,0.0,0.0,0.0,0.0,0.0,,0.0,0.0,0.0,0.02112088374624307,0.0,0.0,0.0,0,0.0,0.0
2024-03-25,780.0,-0.006369426751592355,1120.0,-0.004444444444444473,-0.0019249823071478822,0.0019249823071478822,0.017044592261380997,0.011090019432327269,0,0,0.0,5,1.0019373219373287,0.0,0.0,0.0,0.0,0.0,0.0,,0.0,0.0,0.0,0.017044592261380997,0.0,0.0,0.0,0,0.0,0.0
2024-03-26,782.0,0.002564102564102555,1130.0,0.008928571428571397,-0.006364468864468842,0.006364468864468842,0.016674768710594024,0.012187083479003906,0,0,0.0,5,5.031740957252466,0.0,0.0,0.0,0.0,0.0,0.0,,0.0,0.0,0.0,0.016674768710594024,0.0,0.0,0.0,0,0.0,0.0
2024-03-27,779.0,-0.0038363171355498826,1165.0,0.030973451327433565,-0.03480976846298345,0.03480976846298345,0.01646180218879282,0.016704916786451814,0,1,1.0,5,12.074344613963083,61.0,-5.0,-47519.0,5825.0,0.0,0.0,Opened,-47519.0,5825.0,0.0,0.016704916786451814,53344.0,0.0,0.0,0,0.0,53344.0
2024-03-28,769.0,-0.012836970474967901,1160.0,-0.0042918454935622075,-0.008545124981405694,0.008545124981405694,0.006215393458145572,0.017215696663820803,0,1,0.0,5,0.5043281224710735,-61.0,5.0,46909.0,-5800.0,-610.0,25.0,Live,0.0,0.0,0.0,0.017215696663820803,52709.0,-585.0,-0.011098673850765524,0,0.0,0.0
2024-03-29,776.0,0.00910273081924573,1185.0,0.02155172413793105,-0.01244899331868532,0.01244899331868532,0.008420613605936067,0.015699505237313997,0,1,0.0,5,3.6154881989233862,-61.0,5.0,47336.0,-5925.0,-183.0,-100.0,Live,0.0,0.0,0.0,0.015699505237313997,53261.0,-283.0,-0.005313456375208877,0,0.0,0.0
2024-04-01,770.0,-0.0077319587628865705,1160.0,-0.021097046413502074,0.013365087650615504,0.013365087650615504,0.008606236454986087,0.02065745289402073,1,0,-1.0,5,4.110544870038549,-61.0,5.0,46970.0,-5800.0,-549.0,25.0,Closed,46970.0,-5800.0,-524.0,0.02065745289402073,52770.0,-524.0,-0.009929884404017434,0,-524.0,0.0
2024-04-02,790.0,0.025974025974025983,1165.0,0.004310344827586299,0.021663681146439684,0.021663681146439684,0.015604661428475811,0.02066481182305532,1,1,1.0,5,0.2447211916193853,-2.0,5.0,1580.0,-5825.0,0.0,0.0,Opened,1580.0,-5825.0,0.0,0.02066481182305532,7405.0,0.0,0.0,0,0.0,7405.0
2024-04-03,780.0,-0.012658227848101222,1160.0,-0.0042918454935622075,-0.008366382354539015,0.008366382354539015,0.016893987535453122,0.015508583776262528,0,0,-1.0,5,0.5042368218333872,2.0,-5.0,-1560.0,5800.0,20.0,-25.0,Closed,-1560.0,5800.0,-5.0,0.016893987535453122,7360.0,-5.0,-0.0006793478260869565,0,-5.0,0.0
2024-04-08,783.0,0.0038461538461538325,1150.0,-0.008620689655172376,0.012466843501326208,0.012466843501326208,0.015195592943826521,0.015871366425046073,1,0,0.0,5,3.2919364072752866,0.0,0.0,0.0,0.0,0.0,0.0,,0.0,0.0,0.0,0.015871366425046073,0.0,0.0,0.0,0,0.0,0.0
2024-04-09,819.0,0.04597701149425282,1160.0,0.008695652173912993,0.037281359320339824,0.037281359320339824,0.02454259152562248,0.011659598209492986,1,1,1.0,5,0.2678770504857449,-2.0,5.0,1638.0,-5800.0,0.0,0.0,Opened,1638.0,-5800.0,0.0,0.02454259152562248,7438.0,0.0,0.0,0,0.0,7438.0
2024-04-10,815.0,-0.004884004884004867,1195.0,0.030172413793103425,-0.03505641867710829,0.03505641867710829,0.024024387123951912,0.015117039851718835,0,0,-1.0,5,9.058249153797359,2.0,-5.0,-1630.0,5975.0,8.0,175.0,Closed,-1630.0,5975.0,183.0,0.024024387123951912,7605.0,183.0,0.024063116370808678,0,183.0,0.0
2024-04-11,820.0,0.006134969325153339,1200.0,0.004184100418409997,0.0019508689067433416,0.0019508689067433416,0.02266740096295112,0.015120783468441187,1,0,0.0,5,0.9980610266353661,0.0,0.0,0.0,0.0,0.0,0.0,,0.0,0.0,0.0,0.02266740096295112,0.0,0.0,0.0,0,0.0,0.0
2024-04-12,818.0,-0.0024390243902439046,1180.0,-0.01666666666666672,0.014227642276422814,0.014227642276422814,0.020754782475190556,0.01797548323225828,1,0,0.0,5,9.857375713121456,0.0,0.0,0.0,0.0,0.0,0.0,,0.0,0.0,0.0,0.020754782475190556,0.0,0.0,0.0,0,0.0,0.0
2024-04-15,806.0,-0.014669926650366705,1110.0,-0.05932203389830504,0.04465210724793833,0.04465210724793833,0.023532431844429876,0.03385045806189573,1,1,1.0,5,5.568984733145489,-28.0,5.0,22568.0,-5550.0,0.0,0.0,Opened,22568.0,-5550.0,0.0,0.03385045806189573,28118.0,0.0,0.0,0,0.0,28118.0
2024-04-16,788.0,-0.022332506203473934,1055.0,-0.0495495495495496,0.027217043346075664,0.027217043346075664,0.01106441396384009,0.03713858775629849,1,1,0.0,5,2.9704927008226547,28.0,-5.0,-22064.0,5275.0,504.0,-275.0,Live,0.0,0.0,0.0,0.03713858775629849,27339.0,229.0,0.008376312227952742,0,0.0,0.0
2024-04-17,804.0,0.020304568527918843,1050.0,-0.004739336492891044,0.025043905020809887,0.025043905020809887,0.016852297998989577,0.027893072164148925,1,1,0.0,5,0.3048295253589893,28.0,-5.0,-22512.0,5250.0,56.0,-300.0,Live,0.0,0.0,0.0,0.027893072164148925,27762.0,-244.0,-0.008788992147539802,0,0.0,0.0
2024-04-18,804.0,0.0,1050.0,0.0,0.0,0.0,0.016270585594789718,0.02683305210051216,1,1,0.0,5,,28.0,-5.0,-22512.0,5250.0,56.0,-300.0,Live,0.0,0.0,0.0,0.02683305210051216,27762.0,-244.0,-0.008788992147539802,0,0.0,0.0
2024-04-19,750.0,-0.06716417910447758,993.0,-0.05428571428571427,-0.012878464818763313,0.012878464818763313,0.03252184486416091,0.02874806817589338,0,0,-1.0,5,1.070128253968254,28.0,-5.0,-21000.0,4965.0,1568.0,-585.0,Closed,-21000.0,4965.0,983.0,0.03252184486416091,25965.0,983.0,0.03785865588291931,0,983.0,0.0
2024-04-22,742.0,-0.010666666666666713,966.0,-0.027190332326283984,0.01652366565961727,0.01652366565961727,0.03263562474609576,0.024886988220490024,1,0,0.0,5,3.318631362936769,0.0,0.0,0.0,0.0,0.0,0.0,,0.0,0.0,0.0,0.03263562474609576,0.0,0.0,0.0,0,0.0,0.0
2024-04-23,754.0,0.016172506738544534,972.0,0.006211180124223503,0.009961326614321031,0.009961326614321031,0.03520157433581124,0.024835249734691943,1,0,0.0,5,0.49509860454387217,0.0,0.0,0.0,0.0,0.0,0.0,,0.0,0.0,0.0,0.03520157433581124,0.0,0.0,0.0,0,0.0,0.0
2024-04-24,783.0,0.03846153846153855,1010.0,0.039094650205761416,-0.0006331117442228695,0.0006331117442228695,0.039553844112317584,0.03532550944994582,0,0,0.0,5,1.311143696555929,0.0,0.0,0.0,0.0,0.0,0.0,,0.0,0.0,0.0,0.039553844112317584,0.0,0.0,0.0,0,0.0,0.0
2024-04-25,766.0,-0.02171136653895278,981.0,-0.02871287128712874,0.007001504748175957,0.007001504748175957,0.040105109992198525,0.03617903173048099,1,0,0.0,5,1.6936735395241245,0.0,0.0,0.0,0.0,0.0,0.0,,0.0,0.0,0.0,0.040105109992198525,0.0,0.0,0.0,0,0.0,0.0
2024-04-26,782.0,0.02088772845953013,1005.0,0.024464831804281273,-0.0035771033447511424,0.0035771033447511424,0.024443924919752374,0.030375896270141735,0,0,0.0,5,1.5052558717942583,0.0,0.0,0.0,0.0,0.0,0.0,,0.0,0.0,0.0,0.030375896270141735,0.0,0.0,0.0,0,0.0,0.0
2024-04-29,795.0,0.01662404092071612,1015.0,0.00995024875621886,0.006673792164497261,0.006673792164497261,0.021981111178574833,0.02534053489709973,1,0,0.0,5,0.7641810300216344,0.0,0.0,0.0,0.0,0.0,0.0,,0.0,0.0,0.0,0.02534053489709973,0.0,0.0,0.0,0,0.0,0.0
2024-04-30,790.0,-0.0062893081761006275,992.0,-0.022660098522167438,0.01637079034606681,0.01637079034606681,0.023678101729559368,0.029435645592060876,1,0,0.0,5,4.524217746461299,0.0,0.0,0.0,0.0,0.0,0.0,,0.0,0.0,0.0,0.029435645592060876,0.0,0.0,0.0,0,0.0,0.0
2024-05-02,772.0,-0.02278481012658229,1000.0,0.008064516129032251,-0.03084932625561454,0.03084932625561454,0.02066097794835626,0.022829052167216285,0,1,1.0,5,0.4584749382509697,3.0,-5.0,-2316.0,5000.0,0.0,0.0,Opened,-2316.0,5000.0,0.0,0.022829052167216285,7316.0,0.0,0.0,0,0.0,7316.0
2024-05-03,780.0,0.010362694300518172,1040.0,0.040000000000000036,-0.029637305699481864,0.029637305699481864,0.018083512811882287,0.023239930393361228,0,1,0.0,5,5.146666666666653,-3.0,5.0,2340.0,-5200.0,24.0,-200.0,Live,0.0,0.0,0.0,0.023239930393361228,7540.0,-176.0,-0.023342175066312996,1,-176.0,0.0
2024-05-06,786.0,0.007692307692307665,1035.0,-0.004807692307692291,0.012499999999999956,0.012499999999999956,0.015774470682026556,0.0229892057076669,1,0,-1.0,5,0.8229961832061068,-3.0,5.0,2358.0,-5175.0,42.0,-175.0,Closed,2358.0,-5175.0,-133.0,0.0229892057076669,7533.0,-133.0,-0.01765564848002124,0,0.0,0.0
2024-05-07,800.0,0.01781170483460559,1045.0,0.009661835748792313,0.008149869085813277,0.008149869085813277,0.016072406306923234,0.022977518128886175,1,0,0.0,5,0.7085662525879951,0.0,0.0,0.0,0.0,0.0,0.0,,0.0,0.0,0.0,0.022977518128886175,0.0,0.0,0.0,0,0.0,0.0
2024-05-08,802.0,0.0024999999999999467,1095.0,0.04784688995215314,-0.04534688995215319,0.04534688995215319,0.015497195967815106,0.022583661570620795,0,1,1.0,5,26.130845135964492,131.0,-5.0,-105062.0,5475.0,0.0,0.0,Opened,-105062.0,5475.0,0.0,0.022583661570620795,110537.0,0.0,0.0,0,0.0,110537.0
2024-05-09,796.0,-0.007481296758104716,1095.0,0.0,-0.007481296758104716,0.007481296758104716,0.009424064278046042,0.023911783366261815,0,1,0.0,5,0.0,-131.0,5.0,104276.0,-5475.0,-786.0,0.0,Live,0.0,0.0,0.0,0.023911783366261815,109751.0,-786.0,-0.007161665952929814,0,0.0,0.0
2024-05-10,802.0,0.007537688442211143,1095.0,0.0,0.007537688442211143,0.007537688442211143,0.009192221141891615,0.021507615333366172,1,0,-1.0,5,0.0,-131.0,5.0,105062.0,-5475.0,0.0,0.0,Closed,105062.0,-5475.0,0.0,0.021507615333366172,110537.0,0.0,0.0,0,0.0,0.0
2024-05-13,819.0,0.021197007481296826,1115.0,0.0182648401826484,0.002932167298648425,0.002932167298648425,0.011619756122716464,0.019798697417284322,1,0,0.0,5,1.1730925832456818,0.0,0.0,0.0,0.0,0.0,0.0,,0.0,0.0,0.0,0.019798697417284322,0.0,0.0,0.0,0,0.0,0.0
2024-05-14,825.0,0.0073260073260073,1155.0,0.03587443946188351,-0.02854843213587621,0.02854843213587621,0.01035415564116494,0.021387314662520942,0,1,1.0,5,6.855605381165963,35.0,-5.0,-28875.0,5775.0,0.0,0.0,Opened,-28875.0,5775.0,0.0,0.021387314662520942,34650.0,0.0,0.0,0,0.0,34650.0
2024-05-15,839.0,0.01696969696969708,1155.0,0.0,0.01696969696969708,0.01696969696969708,0.011054371395049402,0.016080791907709936,1,0,-1.0,5,0.0,-35.0,5.0,29365.0,-5775.0,490.0,0.0,Closed,29365.0,-5775.0,490.0,0.016080791907709936,35140.0,490.0,0.013944223107569721,0,490.0,0.0
2024-05-16,841.0,0.0023837902264600697,1190.0,0.030303030303030276,-0.027919240076570206,0.027919240076570206,0.007734772574096332,0.01667897401889862,0,1,1.0,5,17.98742478290635,90.0,-5.0,-75690.0,5950.0,0.0,0.0,Opened,-75690.0,5950.0,0.0,0.01667897401889862,81640.0,0.0,0.0,0,0.0,81640.0
2024-05-17,835.0,-0.007134363852556502,1165.0,-0.021008403361344574,0.013874039508788072,0.013874039508788072,0.011352878092681621,0.023320775876799055,1,0,-1.0,5,4.108442778308923,-90.0,5.0,75150.0,-5825.0,-540.0,125.0,Closed,75150.0,-5825.0,-415.0,0.023320775876799055,80975.0,-415.0,-0.005125038592158074,0,-415.0,0.0
2024-05-20,835.0,0.0,1190.0,0.02145922746781115,-0.02145922746781115,0.02145922746781115,0.008969673564713487,0.023554376444287036,0,0,0.0,5,inf,0.0,0.0,0.0,0.0,0.0,0.0,,0.0,0.0,0.0,0.023554376444287036,0.0,0.0,0.0,0,0.0,0.0
2024-05-21,841.0,0.007185628742514938,1175.0,-0.012605042016806678,0.019790670759321616,0.019790670759321616,0.008956514366486444,0.02186970682729335,1,0,0.0,5,2.450876307716906,0.0,0.0,0.0,0.0,0.0,0.0,,0.0,0.0,0.0,0.02186970682729335,0.0,0.0,0.0,0,0.0,0.0
2024-05-22,864.0,0.027348394768133222,1185.0,0.008510638297872353,0.01883775647026087,0.01883775647026087,0.013026307831060796,0.021847756676102715,1,0,0.0,5,0.4268103093843148,0.0,0.0,0.0,0.0,0.0,0.0,,0.0,0.0,0.0,0.021847756676102715,0.0,0.0,0.0,0,0.0,0.0
2024-05-23,875.0,0.0127314814814814,1205.0,0.016877637130801704,-0.0041461556493203044,0.0041461556493203044,0.013138264985149434,0.018594327651398162,0,0,0.0,5,1.8256255137267932,0.0,0.0,0.0,0.0,0.0,0.0,,0.0,0.0,0.0,0.018594327651398162,0.0,0.0,0.0,0,0.0,0.0
2024-05-24,867.0,-0.00914285714285712,1195.0,-0.008298755186721962,-0.000844101956135157,0.000844101956135157,0.0137348385361731,0.01509076946140882,0,0,0.0,5,1.2510648633385488,0.0,0.0,0.0,0.0,0.0,0.0,,0.0,0.0,0.0,0.01509076946140882,0.0,0.0,0.0,0,0.0,0.0
2024-05-27,869.0,0.0023068050749712743,1285.0,0.07531380753138084,-0.07300700245640956,0.07300700245640956,0.013450498421713742,0.03529751529565741,0,1,1.0,5,48.27775397104129,242.0,-5.0,-210298.0,6425.0,0.0,0.0,Opened,-210298.0,6425.0,0.0,0.03529751529565741,216723.0,0.0,0.0,0,0.0,216723.0
2024-05-28,865.0,-0.004602991944764101,1310.0,0.01945525291828787,-0.02405824486305197,0.02405824486305197,0.01462930777663402,0.03152127453453079,0,1,0.0,5,6.401059355390089,-242.0,5.0,209330.0,-6550.0,-968.0,-125.0,Live,0.0,0.0,0.0,0.03152127453453079,215880.0,-1093.0,-0.005062997961830647,0,0.0,0.0
2024-05-29,857.0,-0.009248554913294793,1290.0,-0.01526717557251911,0.006018620659224316,0.006018620659224316,0.009287991561307583,0.035657547577460945,1,0,-1.0,5,2.4848129904602474,-242.0,5.0,207394.0,-6450.0,-2904.0,-25.0,Closed,207394.0,-6450.0,-2929.0,0.035657547577460945,213844.0,-2929.0,-0.01369690054432203,0,-2929.0,0.0
2024-05-30,838.0,-0.022170361726954524,1290.0,0.0,-0.022170361726954524,0.022170361726954524,0.008941482959432905,0.03653305121070964,0,0,0.0,5,0.0,0.0,0.0,0.0,0.0,0.0,0.0,,0.0,0.0,0.0,0.03653305121070964,0.0,0.0,0.0,0,0.0,0.0
2024-05-31,821.0,-0.02028639618138428,1235.0,-0.04263565891472865,0.022349262733344366,0.022349262733344366,0.010390802036286373,0.04424290567057386,1,0,0.0,5,3.1614904693429855,0.0,0.0,0.0,0.0,0.0,0.0,,0.0,0.0,0.0,0.04424290567057386,0.0,0.0,0.0,0,0.0,0.0
2024-06-03,846.0,0.030450669914738215,1270.0,0.028340080971659853,0.002110588943078362,0.002110588943078362,0.021232675021013465,0.02833778750619532,1,0,0.0,5,1.3971324929891487,0.0,0.0,0.0,0.0,0.0,0.0,,0.0,0.0,0.0,0.02833778750619532,0.0,0.0,0.0,0,0.0,0.0
2024-06-04,839.0,-0.008274231678486954,1240.0,-0.023622047244094446,0.015347815565607492,0.015347815565607492,0.021271541425024267,0.02667546981858175,1,0,0.0,5,4.219389143699126,0.0,0.0,0.0,0.0,0.0,0.0,,0.0,0.0,0.0,0.02667546981858175,0.0,0.0,0.0,0,0.0,0.0
2024-06-05,854.0,0.017878426698450633,1230.0,-0.008064516129032251,0.025942942827482884,0.025942942827482884,0.023543859817892133,0.02655713497803588,1,0,0.0,5,0.6496751529802784,0.0,0.0,0.0,0.0,0.0,0.0,,0.0,0.0,0.0,0.02655713497803588,0.0,0.0,0.0,0,0.0,0.0
2024-06-06,894.0,0.04683840749414525,1290.0,0.04878048780487809,-0.001942080310732841,0.001942080310732841,0.027538261760976353,0.03748988856624775,0,0,0.0,5,1.502782779505647,0.0,0.0,0.0,0.0,0.0,0.0,,0.0,0.0,0.0,0.03748988856624775,0.0,0.0,0.0,0,0.0,0.0
2024-06-07,879.0,-0.016778523489932917,1275.0,-0.011627906976744207,-0.0051506165131887105,0.0051506165131887105,0.026492848151312125,0.030464616684166876,0,0,0.0,5,1.0052385109929358,0.0,0.0,0.0,0.0,0.0,0.0,,0.0,0.0,0.0,0.030464616684166876,0.0,0.0,0.0,0,0.0,0.0
2024-06-11,883.0,0.004550625711035261,1270.0,-0.0039215686274509665,0.008472194338486227,0.008472194338486227,0.024965859135870596,0.028074380596920384,1,0,0.0,5,1.2394577309972659,0.0,0.0,0.0,0.0,0.0,0.0,,0.0,0.0,0.0,0.028074380596920384,0.0,0.0,0.0,0,0.0,0.0
2024-06-12,909.0,0.029445073612684114,1300.0,0.023622047244094446,0.005823026368589668,0.005823026368589668,0.024187174095578846,0.025870330768395084,1,0,0.0,5,1.147319456355079,0.0,0.0,0.0,0.0,0.0,0.0,,0.0,0.0,0.0,0.025870330768395084,0.0,0.0,0.0,0,0.0,0.0
2024-06-13,919.0,0.011001100110010986,1385.0,0.06538461538461537,-0.05438351527460439,0.05438351527460439,0.024276526107527868,0.03307137027361631,0,1,1.0,5,8.957229848497542,45.0,-5.0,-41355.0,6925.0,0.0,0.0,Opened,-41355.0,6925.0,0.0,0.03307137027361631,48280.0,0.0,0.0,0,0.0,48280.0
2024-06-14,922.0,0.0032644178454841466,1395.0,0.0072202166064982976,-0.003955798761014151,0.003955798761014151,0.01660337338295306,0.03055363645571678,0,1,0.0,5,3.346476424661628,-45.0,5.0,41490.0,-6975.0,135.0,-50.0,Live,0.0,0.0,0.0,0.03055363645571678,48465.0,85.0,0.0017538429794697204,0,0.0,0.0
2024-06-17,921.0,-0.0010845986984815426,1380.0,-0.010752688172043001,0.009668089473561459,0.009668089473561459,0.01199427851220193,0.030356685964699957,1,0,-1.0,5,14.854821197156218,-45.0,5.0,41445.0,-6900.0,90.0,25.0,Closed,41445.0,-6900.0,115.0,0.030356685964699957,48345.0,115.0,0.0023787361671320714,0,115.0,0.0
2024-06-18,943.0,0.023887079261672106,1405.0,0.018115942028985588,0.0057711372326865185,0.0057711372326865185,0.013092594707279926,0.028208620564261617,1,0,0.0,5,1.1299585252683644,0.0,0.0,0.0,0.0,0.0,0.0,,0.0,0.0,0.0,0.028208620564261617,0.0,0.0,0.0,0,0.0,0.0
2024-06-19,981.0,0.040296924708377535,1485.0,0.05693950177935947,-0.016642577070981934,0.016642577070981934,0.016809412610627728,0.03265140298766493,0,0,0.0,5,2.1389429694252615,0.0,0.0,0.0,0.0,0.0,0.0,,0.0,0.0,0.0,0.03265140298766493,0.0,0.0,0.0,0,0.0,0.0
2024-06-20,981.0,0.0,1500.0,0.010101010101010166,-0.010101010101010166,0.010101010101010166,0.01820326942523263,0.025037879081390723,0,0,0.0,5,inf,0.0,0.0,0.0,0.0,0.0,0.0,,0.0,0.0,0.0,0.025037879081390723,0.0,0.0,0.0,0,0.0,0.0
2024-06-21,970.0,-0.011213047910295648,1490.0,-0.00666666666666671,-0.004546381243628939,0.004546381243628939,0.02111222796353485,0.02699410330427885,0,0,0.0,5,0.913270852858485,0.0,0.0,0.0,0.0,0.0,0.0,,0.0,0.0,0.0,0.02699410330427885,0.0,0.0,0.0,0,0.0,0.0
2024-06-24,940.0,-0.030927835051546393,1410.0,-0.05369127516778527,0.022763440116238876,0.022763440116238876,0.02819360869179309,0.04023844199550171,1,0,0.0,5,2.6040268456375855,0.0,0.0,0.0,0.0,0.0,0.0,,0.0,0.0,0.0,0.04023844199550171,0.0,0.0,0.0,0,0.0,0.0
2024-06-25,945.0,0.005319148936170137,1385.0,-0.01773049645390068,0.023049645390070816,0.023049645390070816,0.026134189870339494,0.04050090712085417,1,0,0.0,5,4.8853615520282805,0.0,0.0,0.0,0.0,0.0,0.0,,0.0,0.0,0.0,0.04050090712085417,0.0,0.0,0.0,0,0.0,0.0
2024-06-26,960.0,0.015873015873015817,1405.0,0.014440433212996373,0.0014325826600194436,0.0014325826600194436,0.01785174812361897,0.027288589008834196,1,0,0.0,5,1.331453068592061,0.0,0.0,0.0,0.0,0.0,0.0,,0.0,0.0,0.0,0.027288589008834196,0.0,0.0,0.0,0,0.0,0.0
2024-06-27,960.0,0.0,1395.0,-0.007117437722419906,0.007117437722419906,0.007117437722419906,0.01785174812361897,0.024996011833528294,1,0,0.0,5,inf,0.0,0.0,0.0,0.0,0.0,0.0,,0.0,0.0,0.0,0.024996011833528294,0.0,0.0,0.0,0,0.0,0.0
2024-06-28,966.0,0.006250000000000089,1400.0,0.0035842293906809264,0.0026657706093191624,0.0026657706093191624,0.017842431728033445,0.026156988509962717,1,0,0.0,5,0.831125655810058,0.0,0.0,0.0,0.0,0.0,0.0,,0.0,0.0,0.0,0.026156988509962717,0.0,0.0,0.0,0,0.0,0.0
2024-07-01,968.0,0.0020703933747412417,1415.0,0.010714285714285676,-0.008643892339544434,0.008643892339544434,0.006111398958593805,0.013211445379817503,0,0,0.0,5,7.564695247933708,0.0,0.0,0.0,0.0,0.0,0.0,,0.0,0.0,0.0,0.013211445379817503,0.0,0.0,0.0,0,0.0,0.0
2024-07-02,960.0,-0.008264462809917328,1410.0,-0.0035335689045936647,-0.004730893905323663,0.004730893905323663,0.008843878394739737,0.009136164842049238,0,0,0.0,5,0.6279814487632575,0.0,0.0,0.0,0.0,0.0,0.0,,0.0,0.0,0.0,0.009136164842049238,0.0,0.0,0.0,0,0.0,0.0
2024-07-03,979.0,0.019791666666666652,1405.0,-0.0035460992907800915,0.023337765957446743,0.023337765957446743,0.010302609142038096,0.007130207062979268,1,1,1.0,5,0.25713556923843833,-2.0,5.0,1958.0,-7025.0,0.0,0.0,Opened,1958.0,-7025.0,0.0,0.010302609142038096,8983.0,0.0,0.0,0,0.0,8983.0
2024-07-04,1005.0,0.026557711950970342,1375.0,-0.02135231316725983,0.04791002511823017,0.04791002511823017,0.013946164021997914,0.011923441742816713,1,1,0.0,5,1.0999955056363442,2.0,-5.0,-2010.0,6875.0,-52.0,-150.0,Live,0.0,0.0,0.0,0.013946164021997914,8885.0,-202.0,-0.022734946539110863,1,-202.0,0.0
2024-07-05,1005.0,0.0,1350.0,-0.018181818181818188,0.018181818181818188,0.018181818181818188,0.014552665019421948,0.012928666009027335,1,1,0.0,5,inf,2.0,-5.0,-2010.0,6750.0,-52.0,-275.0,Live,0.0,0.0,0.0,0.014552665019421948,8760.0,-327.0,-0.03732876712328767,1,0.0,0.0
2024-07-08,1035.0,0.029850746268656803,1420.0,0.051851851851851816,-0.022001105583195013,0.022001105583195013,0.016832555476637135,0.029557942339768856,0,0,-1.0,5,2.3831812488817232,2.0,-5.0,-2070.0,7100.0,-112.0,75.0,Closed,-2070.0,7100.0,-37.0,0.029557942339768856,9170.0,-37.0,-0.004034896401308615,0,0.0,0.0
2024-07-09,1040.0,0.004830917874396157,1460.0,0.028169014084507005,-0.023338096210110848,0.023338096210110848,0.013211935661013975,0.03165541185132188,0,0,0.0,5,8.185807150595837,0.0,0.0,0.0,0.0,0.0,0.0,,0.0,0.0,0.0,0.03165541185132188,0.0,0.0,0.0,0,0.0,0.0
2024-07-10,1045.0,0.004807692307692291,1435.0,-0.017123287671232834,0.021930979978925125,0.021930979978925125,0.013877929788056142,0.03336406950321326,1,0,0.0,5,4.890869764698176,0.0,0.0,0.0,0.0,0.0,0.0,,0.0,0.0,0.0,0.03336406950321326,0.0,0.0,0.0,0,0.0,0.0
2024-07-11,1080.0,0.03349282296650724,1420.0,-0.010452961672473893,0.043945784638981134,0.043945784638981134,0.015763947898589037,0.03154508648254891,1,1,1.0,5,0.41034787898899416,-3.0,5.0,3240.0,-7100.0,0.0,0.0,Opened,3240.0,-7100.0,0.0,0.03154508648254891,10340.0,0.0,0.0,0,0.0,10340.0
2024-07-12,1040.0,-0.03703703703703709,1360.0,-0.04225352112676062,0.005216484089723528,0.005216484089723528,0.028163004883322514,0.03758047247443869,1,1,0.0,5,1.491874322860238,3.0,-5.0,-3120.0,6800.0,120.0,-300.0,Live,0.0,0.0,0.0,0.03758047247443869,9920.0,-180.0,-0.018145161290322582,0,0.0,0.0
2024-07-15,1040.0,0.0,1355.0,-0.003676470588235281,0.003676470588235281,0.003676470588235281,0.025162147378504574,0.02541529262346288,1,1,0.0,5,inf,3.0,-5.0,-3120.0,6775.0,120.0,-325.0,Live,0.0,0.0,0.0,0.02541529262346288,9895.0,-205.0,-0.020717534108135423,0,0.0,0.0
2024-07-16,1055.0,0.014423076923076872,1345.0,-0.0073800738007380184,0.02180315072381489,0.02180315072381489,0.025862312123261722,0.015389072218542015,1,1,0.0,5,0.652337897786564,3.0,-5.0,-3165.0,6725.0,75.0,-375.0,Live,0.0,0.0,0.0,0.025862312123261722,9890.0,-300.0,-0.030333670374115267,1,-300.0,0.0
2024-07-17,1030.0,-0.023696682464455,1325.0,-0.014869888475836479,-0.00882679398861852,0.00882679398861852,0.02841746782604922,0.015387437073343307,0,0,-1.0,5,0.8072328292489281,3.0,-5.0,-3090.0,6625.0,150.0,-475.0,Closed,-3090.0,6625.0,-325.0,0.02841746782604922,9715.0,-325.0,-0.033453422542460115,1,0.0,0.0
2024-07-18,1005.0,-0.024271844660194164,1280.0,-0.03396226415094339,0.009690419490749225,0.009690419490749225,0.020820932750983817,0.016891450478184317,1,0,0.0,5,1.782123345536469,0.0,0.0,0.0,0.0,0.0,0.0,,0.0,0.0,0.0,0.020820932750983817,0.0,0.0,0.0,0,0.0,0.0
2024-07-19,970.0,-0.03482587064676612,1260.0,-0.015625,-0.01920087064676612,0.01920087064676612,0.020227420215853005,0.011685544835772388,0,0,0.0,5,0.5827963917525781,0.0,0.0,0.0,0.0,0.0,0.0,,0.0,0.0,0.0,0.020227420215853005,0.0,0.0,0.0,0,0.0,0.0
2024-07-22,939.0,-0.031958762886597936,1225.0,-0.02777777777777779,-0.0041809851088201455,0.0041809851088201455,0.019872462115034992,0.010725322950312649,0,0,0.0,5,1.1339085658883665,0.0,0.0,0.0,0.0,0.0,0.0,,0.0,0.0,0.0,0.019872462115034992,0.0,0.0,0.0,0,0.0,0.0
2024-07-23,979.0,0.04259850905218321,1275.0,0.04081632653061229,0.0017821825215709186,0.0017821825215709186,0.03224218206935626,0.029696348594559187,1,0,0.0,5,1.2478632924058288,0.0,0.0,0.0,0.0,0.0,0.0,,0.0,0.0,0.0,0.03224218206935626,0.0,0.0,0.0,0,0.0,0.0
2024-07-26,924.0,-0.0561797752808989,1245.0,-0.02352941176470591,-0.03265036351619299,0.03265036351619299,0.03743098598514565,0.03027750983113724,0,0,0.0,5,0.5643239113827353,0.0,0.0,0.0,0.0,0.0,0.0,,0.0,0.0,0.0,0.03743098598514565,0.0,0.0,0.0,0,0.0,0.0
2024-07-29,944.0,0.02164502164502169,1240.0,-0.004016064257028162,0.02566108590204985,0.02566108590204985,0.04178481354593463,0.027703309624696425,1,0,0.0,5,0.24372064529303908,0.0,0.0,0.0,0.0,0.0,0.0,,0.0,0.0,0.0,0.04178481354593463,0.0,0.0,0.0,0,0.0,0.0
2024-07-30,940.0,-0.004237288135593209,1255.0,0.012096774193548487,-0.016334062329141696,0.016334062329141696,0.039750279907408,0.028073606902904447,0,0,0.0,5,3.811513383665107,0.0,0.0,0.0,0.0,0.0,0.0,,0.0,0.0,0.0,0.039750279907408,0.0,0.0,0.0,0,0.0,0.0
2024-07-31,934.0,-0.006382978723404209,1220.0,-0.027888446215139417,0.02150546749173521,0.02150546749173521,0.03706985623141409,0.02810053812441974,1,0,0.0,5,5.7070788935621195,0.0,0.0,0.0,0.0,0.0,0.0,,0.0,0.0,0.0,0.03706985623141409,0.0,0.0,0.0,0,0.0,0.0
2024-08-01,960.0,0.027837259100642386,1180.0,-0.032786885245901676,0.06062414434654406,0.06062414434654406,0.03315985209198019,0.01877408801765191,1,1,1.0,5,1.4477196300966815,-8.0,5.0,7680.0,-5900.0,0.0,0.0,Opened,7680.0,-5900.0,0.0,0.03315985209198019,13580.0,0.0,0.0,0,0.0,13580.0
2024-08-02,903.0,-0.059374999999999956,1090.0,-0.07627118644067798,0.01689618644067803,0.01689618644067803,0.034435995301138236,0.03358281027174806,1,1,0.0,5,1.5505851740111034,8.0,-5.0,-7224.0,5450.0,456.0,-450.0,Live,0.0,0.0,0.0,0.034435995301138236,12674.0,6.0,0.0004734101309768029,0,0.0,0.0
2024-08-05,815.0,-0.09745293466223703,991.0,-0.09082568807339453,-0.006627246588842506,0.006627246588842506,0.04989446881401993,0.04111720546971085,0,0,-1.0,5,1.1332606799121967,8.0,-5.0,-6520.0,4955.0,1160.0,-945.0,Closed,-6520.0,4955.0,215.0,0.04989446881401993,11475.0,215.0,0.018736383442265796,0,215.0,0.0
2024-08-06,880.0,0.07975460122699385,1075.0,0.0847628657921291,-0.005008264565135256,0.005008264565135256,0.06996467164784834,0.06894518459050795,0,0,0.0,5,1.298301849512747,0.0,0.0,0.0,0.0,0.0,0.0,,0.0,0.0,0.0,0.06996467164784834,0.0,0.0,0.0,0,0.0,0.0
2024-08-07,920.0,0.045454545454545414,1150.0,0.06976744186046502,-0.024312896405919604,0.024312896405919604,0.07453427101129476,0.08182669426391172,0,0,0.0,5,1.9186046511627897,0.0,0.0,0.0,0.0,0.0,0.0,,0.0,0.0,0.0,0.08182669426391172,0.0,0.0,0.0,0,0.0,0.0
2024-08-08,896.0,-0.02608695652173909,1115.0,-0.0304347826086957,0.004347826086956608,0.004347826086956608,0.07325284282792269,0.08166286126096343,1,0,0.0,5,1.4518229166666712,0.0,0.0,0.0,0.0,0.0,0.0,,0.0,0.0,0.0,0.08166286126096343,0.0,0.0,0.0,0,0.0,0.0
2024-08-09,934.0,0.04241071428571419,1125.0,0.008968609865470878,0.03344210442024331,0.03344210442024331,0.07073644010199241,0.07237306068591393,1,0,0.0,5,0.25471539345189526,0.0,0.0,0.0,0.0,0.0,0.0,,0.0,0.0,0.0,0.07237306068591393,0.0,0.0,0.0,0,0.0,0.0
2024-08-12,940.0,0.0064239828693790635,1175.0,0.04444444444444451,-0.038020461575065445,0.038020461575065445,0.04052508347083134,0.046723657844658636,0,0,0.0,5,8.648148148148096,0.0,0.0,0.0,0.0,0.0,0.0,,0.0,0.0,0.0,0.046723657844658636,0.0,0.0,0.0,0,0.0,0.0
2024-08-13,941.0,0.0010638297872340718,1160.0,-0.012765957446808529,0.013829787234042601,0.013829787234042601,0.0301170799435624,0.04102783790605163,1,0,0.0,5,14.792773645058062,0.0,0.0,0.0,0.0,0.0,0.0,,0.0,0.0,0.0,0.04102783790605163,0.0,0.0,0.0,0,0.0,0.0
2024-08-14,948.0,0.007438894792773709,1185.0,0.02155172413793105,-0.01411282934515734,0.01411282934515734,0.024400902222261753,0.029187652582839202,0,0,0.0,5,3.621459359605883,0.0,0.0,0.0,0.0,0.0,0.0,,0.0,0.0,0.0,0.029187652582839202,0.0,0.0,0.0,0,0.0,0.0
2024-08-15,943.0,-0.0052742616033755185,1155.0,-0.025316455696202556,0.020042194092827037,0.020042194092827037,0.018588359519906672,0.027622691046798254,1,0,0.0,5,5.879109225874883,0.0,0.0,0.0,0.0,0.0,0.0,,0.0,0.0,0.0,0.027622691046798254,0.0,0.0,0.0,0,0.0,0.0
2024-08-16,969.0,0.0275715800636267,1230.0,0.06493506493506485,-0.037363484871438146,0.037363484871438146,0.01233511944755475,0.03786839058826238,0,0,0.0,5,2.989502757304613,0.0,0.0,0.0,0.0,0.0,0.0,,0.0,0.0,0.0,0.03786839058826238,0.0,0.0,0.0,0,0.0,0.0
2024-08-19,973.0,0.0041279669762641635,1255.0,0.020325203252032464,-0.0161972362757683,0.0161972362757683,0.012425032060665257,0.03518982433289162,0,0,0.0,5,6.35081655929614,0.0,0.0,0.0,0.0,0.0,0.0,,0.0,0.0,0.0,0.03518982433289162,0.0,0.0,0.0,0,0.0,0.0
2024-08-20,973.0,0.0,1250.0,-0.003984063745019917,0.003984063745019917,0.003984063745019917,0.01256016111800069,0.03372441017235803,1,0,0.0,5,inf,0.0,0.0,0.0,0.0,0.0,0.0,,0.0,0.0,0.0,0.03372441017235803,0.0,0.0,0.0,0,0.0,0.0
2024-08-21,958.0,-0.01541623843782114,1220.0,-0.02400000000000002,0.008583761562178882,0.008583761562178882,0.01595674276309866,0.03761046107906619,1,0,0.0,5,1.982563674321509,0.0,0.0,0.0,0.0,0.0,0.0,,0.0,0.0,0.0,0.03761046107906619,0.0,0.0,0.0,0,0.0,0.0
2024-08-22,951.0,-0.007306889352818424,1230.0,0.008196721311475308,-0.015503610664293732,0.015503610664293732,0.016218569277532787,0.0332843609980493,0,0,0.0,5,1.4508824681033117,0.0,0.0,0.0,0.0,0.0,0.0,,0.0,0.0,0.0,0.0332843609980493,0.0,0.0,0.0,0,0.0,0.0
2024-08-23,949.0,-0.002103049421661396,1225.0,-0.004065040650406471,0.0019619912287450747,0.0019619912287450747,0.00753045128823839,0.016478844372368295,1,0,0.0,5,2.495084684777296,0.0,0.0,0.0,0.0,0.0,0.0,,0.0,0.0,0.0,0.016478844372368295,0.0,0.0,0.0,0,0.0,0.0
2024-08-26,950.0,0.0010537407797681642,1215.0,-0.008163265306122436,0.0092170060858906,0.0092170060858906,0.006774187761259962,0.011589026186037197,1,0,0.0,5,9.907926960257893,0.0,0.0,0.0,0.0,0.0,0.0,,0.0,0.0,0.0,0.011589026186037197,0.0,0.0,0.0,0,0.0,0.0
2024-08-27,942.0,-0.008421052631578996,1210.0,-0.004115226337448541,-0.004305826294130455,0.004305826294130455,0.006328787519868755,0.01158232805554534,0,0,0.0,5,0.6277139961381463,0.0,0.0,0.0,0.0,0.0,0.0,,0.0,0.0,0.0,0.01158232805554534,0.0,0.0,0.0,0,0.0,0.0
2024-08-28,964.0,0.023354564755838636,1200.0,-0.008264462809917328,0.031619027565755964,0.031619027565755964,0.01290950646463643,0.006740180784900909,1,1,1.0,5,0.44050116749955437,-3.0,5.0,2892.0,-6000.0,0.0,0.0,Opened,2892.0,-6000.0,0.0,0.01290950646463643,8892.0,0.0,0.0,0,0.0,8892.0
2024-08-29,943.0,-0.021784232365145262,1250.0,0.04166666666666674,-0.063450899031812,0.063450899031812,0.016461726043524964,0.021484362599960692,0,0,-1.0,5,2.535390260734906,3.0,-5.0,-2829.0,6250.0,63.0,250.0,Closed,-2829.0,6250.0,313.0,0.021484362599960692,9079.0,313.0,0.0344751624628263,0,313.0,0.0
2024-08-30,944.0,0.0010604453870626251,1240.0,-0.008000000000000007,0.009060445387062632,0.009060445387062632,0.016497352553819625,0.021894862870450577,1,0,0.0,5,9.909491525423187,0.0,0.0,0.0,0.0,0.0,0.0,,0.0,0.0,0.0,0.021894862870450577,0.0,0.0,0.0,0,0.0,0.0
2024-09-02,948.0,0.004237288135593209,1225.0,-0.012096774193548376,0.016334062329141585,0.016334062329141585,0.016654574474530302,0.022443192302522542,1,0,0.0,5,3.6890057166190346,0.0,0.0,0.0,0.0,0.0,0.0,,0.0,0.0,0.0,0.022443192302522542,0.0,0.0,0.0,0,0.0,0.0
2024-09-03,940.0,-0.008438818565400852,1220.0,-0.004081632653061273,-0.004357185912339578,0.004357185912339578,0.016656739145442377,0.022440969460982608,0,0,0.0,5,0.6277464177160295,0.0,0.0,0.0,0.0,0.0,0.0,,0.0,0.0,0.0,0.022440969460982608,0.0,0.0,0.0,0,0.0,0.0
2024-09-04,889.0,-0.05425531914893622,1135.0,-0.069672131147541,0.015416811998604785,0.015416811998604785,0.023741159452127916,0.03960011791463138,1,0,0.0,5,1.6394979316110068,0.0,0.0,0.0,0.0,0.0,0.0,,0.0,0.0,0.0,0.03960011791463138,0.0,0.0,0.0,0,0.0,0.0
2024-09-05,902.0,0.01462317210348707,1110.0,-0.022026431718061623,0.03664960382154869,0.03664960382154869,0.02684147795674521,0.026836853401329665,1,1,1.0,5,1.8536127029733944,-10.0,5.0,9020.0,-5550.0,0.0,0.0,Opened,9020.0,-5550.0,0.0,0.02684147795674521,14570.0,0.0,0.0,0,0.0,14570.0
2024-09-06,918.0,0.017738359201773912,1145.0,0.03153153153153143,-0.01379317232975752,0.01379317232975752,0.02926218271018586,0.036506415595066156,0,0,-1.0,5,2.217146680994704,10.0,-5.0,-9180.0,5725.0,-160.0,175.0,Closed,-9180.0,5725.0,15.0,0.036506415595066156,14905.0,15.0,0.0010063737001006373,0,15.0,0.0
2024-09-09,899.0,-0.020697167755991286,1105.0,-0.03493449781659386,0.014237330060602571,0.014237330060602571,0.0293722021949501,0.0374273495566072,1,0,0.0,5,2.074656357366351,0.0,0.0,0.0,0.0,0.0,0.0,,0.0,0.0,0.0,0.0374273495566072,0.0,0.0,0.0,0,0.0,0.0
2024-09-10,904.0,0.005561735261401468,1130.0,0.02262443438914019,-0.017062699127738723,0.017062699127738723,0.030237390867756297,0.041878709834790924,0,0,0.0,5,5.08484162895934,0.0,0.0,0.0,0.0,0.0,0.0,,0.0,0.0,0.0,0.041878709834790924,0.0,0.0,0.0,0,0.0,0.0
2024-09-11,901.0,-0.0033185840707964376,1110.0,-0.017699115044247815,0.014380530973451378,0.014380530973451378,0.0154929129666107,0.029329424513214717,1,0,0.0,5,6.570477247502829,0.0,0.0,0.0,0.0,0.0,0.0,,0.0,0.0,0.0,0.029329424513214717,0.0,0.0,0.0,0,0.0,0.0
2024-09-12,940.0,0.04328523862375144,1155.0,0.04054054054054057,0.0027446980832108725,0.0027446980832108725,0.023959059208502147,0.03289930982145216,1,0,0.0,5,1.1508105896403762,0.0,0.0,0.0,0.0,0.0,0.0,,0.0,0.0,0.0,0.03289930982145216,0.0,0.0,0.0,0,0.0,0.0
2024-09-13,947.0,0.007446808510638281,1125.0,-0.025974025974025983,0.033420834484664264,0.033420834484664264,0.023404119512913837,0.032848261450937236,1,1,1.0,5,4.143540876079731,-21.0,5.0,19887.0,-5625.0,0.0,0.0,Opened,19887.0,-5625.0,0.0,0.032848261450937236,25512.0,0.0,0.0,0,0.0,25512.0
