Date,GLD_Close,GLD_dailyReturns,GC=F_Close,GC=F_dailyReturns,spread,abs_sprd,GLD_rolling avg,GC=F_rolling avg,isSprdPos,signal,axe,leverage,ratio,GLD_Size,GC=F_Size,GLD_Cashflow,GC=F_Cashflow,GLD_MTM,GC=F_MTM,Live Trades,GLD_PnL,GC=F_PnL,Total PnL,riskThreshold,grossCashflow,totalMTM,totalMTM in %,isStoppedOut,Adjusted PnL,Gross Capital
2019-01-03,122.43000030517578,0.009066170423806419,1291.800048828125,0.008430951466139813,0.0006352189576666056,0.0006352189576666056,,,1,0,,5,9.812059130063755,0.0,0.0,0.0,0.0,0.0,0.0,,0.0,0.0,0.0,,0.0,0.0,0.0,0,0.0,0.0
2019-01-04,121.44000244140625,-0.00808623590052937,1282.699951171875,-0.0070445094536923936,-0.001041726446836977,0.001041726446836977,,,0,0,0.0,5,9.201691319688571,0.0,0.0,0.0,0.0,0.0,0.0,,0.0,0.0,0.0,,0.0,0.0,0.0,0,0.0,0.0
2019-01-07,121.86000061035156,0.003458482876331992,1286.800048828125,0.0031964588854191955,0.0002620239909127964,0.0002620239909127964,,,1,0,0.0,5,9.759630727242362,0.0,0.0,0.0,0.0,0.0,0.0,,0.0,0.0,0.0,,0.0,0.0,0.0,0,0.0,0.0
2019-01-08,121.52999877929688,-0.00270804061547536,1283.199951171875,-0.002797713335128127,8.967271965276691e-05,8.967271965276691e-05,,,1,0,0.0,5,10.9083453797366,0.0,0.0,0.0,0.0,0.0,0.0,,0.0,0.0,0.0,,0.0,0.0,0.0,0,0.0,0.0
2019-01-09,122.30999755859375,0.006418158373500793,1289.300048828125,0.004753816932956623,0.0016643414405441703,0.0016643414405441703,,,1,0,0.0,5,7.8077170353474274,0.0,0.0,0.0,0.0,0.0,0.0,,0.0,0.0,0.0,,0.0,0.0,0.0,0,0.0,0.0
2019-01-10,121.58999633789062,-0.005886691481276518,1284.699951171875,-0.003567903111794002,-0.002318788369482516,0.002318788369482516,,,0,0,0.0,5,6.403916187541827,0.0,0.0,0.0,0.0,0.0,0.0,,0.0,0.0,0.0,,0.0,0.0,0.0,0,0.0,0.0
2019-01-11,121.80000305175781,0.001727170986037363,1287.0999755859375,0.0018681594965994641,-0.00014098851056210115,0.00014098851056210115,,,0,0,0.0,5,11.429930797463536,0.0,0.0,0.0,0.0,0.0,0.0,,0.0,0.0,0.0,,0.0,0.0,0.0,0,0.0,0.0
2019-01-14,122.08999633789062,0.002380897199235621,1289.0999755859375,0.0015538808468158471,0.0008270163524197738,0.0008270163524197738,,,1,0,0.0,5,6.891021246291761,0.0,0.0,0.0,0.0,0.0,0.0,,0.0,0.0,0.0,,0.0,0.0,0.0,0,0.0,0.0
2019-01-15,121.87999725341797,-0.0017200351443329431,1286.199951171875,-0.0022496505073195117,0.0005296153629865685,0.0005296153629865685,,,1,0,0.0,5,13.802373841338117,0.0,0.0,0.0,0.0,0.0,0.0,,0.0,0.0,0.0,,0.0,0.0,0.0,0,0.0,0.0
2019-01-16,122.2699966430664,0.003199863787636481,1291.5999755859375,0.004198433073444363,-0.000998569285807882,0.000998569285807882,,,0,0,0.0,5,13.860020442270743,0.0,0.0,0.0,0.0,0.0,0.0,,0.0,0.0,0.0,,0.0,0.0,0.0,0,0.0,0.0
2019-01-17,122.11000061035156,-0.001308546962521917,1291.0,-0.00046452121189100026,-0.0008440257506309168,0.0008440257506309168,,,0,0,0.0,5,3.7531095871715587,0.0,0.0,0.0,0.0,0.0,0.0,,0.0,0.0,0.0,,0.0,0.0,0.0,0,0.0,0.0
2019-01-18,121.0199966430664,-0.008926410300850951,1281.300048828125,-0.007513517561483329,-0.0014128927393676216,0.0014128927393676216,,,0,0,0.0,5,8.91169196831565,0.0,0.0,0.0,0.0,0.0,0.0,,0.0,0.0,0.0,,0.0,0.0,0.0,0,0.0,0.0
2019-01-22,121.44999694824219,0.0035531343340227117,1282.5,0.0009365106736494155,0.002616623660373296,0.002616623660373296,,,1,0,0.0,5,2.7833060896630717,0.0,0.0,0.0,0.0,0.0,0.0,,0.0,0.0,0.0,,0.0,0.0,0.0,0,0.0,0.0
2019-01-23,121.27999877929688,-0.0013997379433262624,1283.0999755859375,0.0004678172210039744,-0.0018675551643302368,0.0018675551643302368,,,0,0,0.0,5,3.5359065792187363,0.0,0.0,0.0,0.0,0.0,0.0,,0.0,0.0,0.0,,0.0,0.0,0.0,0,0.0,0.0
2019-01-24,121.08999633789062,-0.0015666428373899421,1279.0999755859375,-0.0031174499852775206,0.0015508071478875785,0.0015508071478875785,0.005090526517064818,0.0043918220249273224,1,0,0.0,5,21.019661686223856,0.0,0.0,0.0,0.0,0.0,0.0,,0.0,0.0,0.0,0.005090526517064818,0.0,0.0,0.0,0,0.0,0.0
2019-01-25,122.86000061035156,0.01461726258147622,1297.4000244140625,0.014306973010254298,0.00031028957122192224,0.00031028957122192224,0.005937376637546345,0.0053612177966330405,1,0,0.0,5,10.335823819239486,0.0,0.0,0.0,0.0,0.0,0.0,,0.0,0.0,0.0,0.005937376637546345,0.0,0.0,0.0,0,0.0,0.0
2019-01-28,123.29000091552734,0.0034999210730881636,1302.4000244140625,0.0038538614967715823,-0.0003539404236834187,0.0003539404236834187,0.005513943407021956,0.005022293721393797,0,0,0.0,5,11.631999953716258,0.0,0.0,0.0,0.0,0.0,0.0,,0.0,0.0,0.0,0.005513943407021956,0.0,0.0,0.0,0,0.0,0.0
2019-01-29,123.9800033569336,0.005596580714432919,1308.199951171875,0.004453260633515255,0.0011433200809176647,0.0011433200809176647,0.00560824060519743,0.005071292510881366,1,0,0.0,5,8.396104336420835,0.0,0.0,0.0,0.0,0.0,0.0,,0.0,0.0,0.0,0.00560824060519743,0.0,0.0,0.0,0,0.0,0.0
2019-01-30,124.69000244140625,0.005726722578225818,1309.9000244140625,0.0012995515254869971,0.004427171052738821,0.004427171052738821,0.005615010577416087,0.0049546600287630254,1,0,0.0,5,2.3839320655373157,0.0,0.0,0.0,0.0,0.0,0.0,,0.0,0.0,0.0,0.005615010577416087,0.0,0.0,0.0,0,0.0,0.0
2019-01-31,124.75,0.00048117377030232333,1319.699951171875,0.007481431082647871,-0.007000257312345548,0.007000257312345548,0.00546807186178237,0.005133929161107397,0,1,1.0,5,164.48162232684342,823.0,-5.0,-102669.25,6598.499755859375,0.0,0.0,Opened,-102669.25,6598.499755859375,0.0,0.00546807186178237,109267.74975585938,0.0,0.0,0,0.0,109267.74975585938
2019-02-01,124.5,-0.002004008016032066,1316.9000244140625,-0.0021216389038479777,0.00011763088781591158,0.00011763088781591158,0.005186621037677054,0.0050433848349823165,1,0,-1.0,5,11.19838695432399,-823.0,5.0,102463.5,-6584.5001220703125,-205.75,13.9996337890625,Closed,102463.5,-6584.5001220703125,-191.7503662109375,0.005186621037677054,109048.00012207031,-191.7503662109375,-0.001758403326941243,0,-191.7503662109375,0.0
2019-02-04,123.95999908447266,-0.004337356751223598,1314.300048828125,-0.001974315086746503,-0.0023630416644770946,0.0023630416644770946,0.0054068958039996465,0.005129104919596775,0,0,0.0,5,4.826188485599917,0.0,0.0,0.0,0.0,0.0,0.0,,0.0,0.0,0.0,0.0054068958039996465,0.0,0.0,0.0,0,0.0,0.0
2019-02-05,124.27999877929688,0.002581475453272253,1314.199951171875,-7.616042952995894e-05,0.0026576358828022117,0.0026576358828022117,0.005410308455974544,0.005143028012488128,1,0,0.0,5,0.31197629155785983,0.0,0.0,0.0,0.0,0.0,0.0,,0.0,0.0,0.0,0.005410308455974544,0.0,0.0,0.0,0,0.0,0.0
2019-02-06,123.44000244140625,-0.006758902044908588,1309.5,-0.003576283173412076,-0.003182618871496512,0.003182618871496512,0.0057502827722555215,0.00521924785425564,0,0,0.0,5,5.613132940177361,0.0,0.0,0.0,0.0,0.0,0.0,,0.0,0.0,0.0,0.0057502827722555215,0.0,0.0,0.0,0,0.0,0.0
2019-02-07,123.73999786376953,0.002430293392984062,1309.4000244140625,-7.634638101372548e-05,0.0025066397739977875,0.0025066397739977875,0.00573135174100118,0.005160811346199955,1,0,0.0,5,0.33242370811344113,0.0,0.0,0.0,0.0,0.0,0.0,,0.0,0.0,0.0,0.00573135174100118,0.0,0.0,0.0,0,0.0,0.0
2019-02-08,124.20999908447266,0.0037982966608789415,1313.699951171875,0.003283890848968518,0.0005144058119104233,0.0005144058119104233,0.005748022726953546,0.0051794265925313495,1,0,0.0,5,9.144068208498872,0.0,0.0,0.0,0.0,0.0,0.0,,0.0,0.0,0.0,0.005748022726953546,0.0,0.0,0.0,0,0.0,0.0
2019-02-11,123.5999984741211,-0.004911042708701019,1307.0,-0.0051000619783067025,0.0001890192696056836,0.0001890192696056836,0.005322872808327315,0.004921290142360511,1,0,0.0,5,10.981429179227757,0.0,0.0,0.0,0.0,0.0,0.0,,0.0,0.0,0.0,0.005322872808327315,0.0,0.0,0.0,0,0.0,0.0
2019-02-12,123.86000061035156,0.002103577179937588,1309.199951171875,0.0016832067114576077,0.0004203704684799803,0.0004203704684799803,0.005294471304431201,0.004920736299174513,1,0,0.0,5,8.457731734611375,0.0,0.0,0.0,0.0,0.0,0.0,,0.0,0.0,0.0,0.005294471304431201,0.0,0.0,0.0,0,0.0,0.0
2019-02-13,123.37000274658203,-0.003956062177902009,1310.800048828125,0.001222195016748806,-0.005178257194650815,0.005178257194650815,0.005427863373787145,0.004914534574866423,0,0,0.0,5,3.2824965196372218,0.0,0.0,0.0,0.0,0.0,0.0,,0.0,0.0,0.0,0.005427863373787145,0.0,0.0,0.0,0,0.0,0.0
2019-02-14,124.05999755859375,0.005592889654295163,1309.800048828125,-0.0007628928614200614,0.006355782515715225,0.006355782515715225,0.005486064882269952,0.00479484890668048,1,1,1.0,5,1.4401261425020035,-8.0,5.0,992.47998046875,-6549.000244140625,0.0,0.0,Opened,992.47998046875,-6549.000244140625,0.0,0.005486064882269952,7541.480224609375,0.0,0.0,0,0.0,7541.480224609375
2019-02-15,124.80000305175781,0.005964900110646543,1318.0999755859375,0.0063367891650625285,-0.00037188905441598585,0.00037188905441598585,0.004362999233756633,0.003570647647667902,0,0,-1.0,5,11.220180368967759,8.0,-5.0,-998.4000244140625,6590.4998779296875,-5.9200439453125,41.4996337890625,Closed,-998.4000244140625,6590.4998779296875,35.57958984375,0.004362999233756633,7588.89990234375,35.57958984375,0.004688372531144023,0,35.57958984375,0.0
2019-02-19,126.69999694824219,0.015224309695700766,1340.0999755859375,0.016690691455494733,-0.0014663817597939666,0.0014663817597939666,0.005683020717189796,0.0053717199214188705,0,0,0.0,5,11.595709155883961,0.0,0.0,0.0,0.0,0.0,0.0,,0.0,0.0,0.0,0.005683020717189796,0.0,0.0,0.0,0,0.0,0.0
2019-02-20,126.4800033569336,-0.0017363346220005127,1343.300048828125,0.002387936199154339,-0.004124270821154852,0.004124270821154852,0.005651687360652703,0.0053283764022641926,0,0,0.0,5,14.6063080643455,0.0,0.0,0.0,0.0,0.0,0.0,,0.0,0.0,0.0,0.005651687360652703,0.0,0.0,0.0,0,0.0,0.0
2019-02-21,125.05000305175781,-0.011306137470128319,1323.5,-0.014739855660243828,0.003433718190115509,0.003433718190115509,0.006373769727733277,0.006829568072946243,1,0,0.0,5,13.798097454546571,0.0,0.0,0.0,0.0,0.0,0.0,,0.0,0.0,0.0,0.006829568072946243,0.0,0.0,0.0,0,0.0,0.0
2019-02-22,125.5,0.0035985360836492397,1329.199951171875,0.004306725479316098,-0.0007081893956668583,0.0007081893956668583,0.006433743911040572,0.0066516264042777015,0,0,0.0,5,12.675582279400137,0.0,0.0,0.0,0.0,0.0,0.0,,0.0,0.0,0.0,0.0066516264042777015,0.0,0.0,0.0,0,0.0,0.0
2019-02-25,125.37000274658203,-0.0010358346885893654,1325.9000244140625,-0.0024826413474535736,0.0014468066588642081,0.0014468066588642081,0.006412521280798881,0.0066624296742201754,1,0,0.0,5,25.347823623931095,0.0,0.0,0.0,0.0,0.0,0.0,,0.0,0.0,0.0,0.0066624296742201754,0.0,0.0,0.0,0,0.0,0.0
2019-02-26,125.58000183105469,0.001675034536747555,1325.0999755859375,-0.0006034005682129528,0.002278435104960508,0.002278435104960508,0.0062761173936894555,0.006635782146799568,1,0,0.0,5,3.801107128825008,0.0,0.0,0.0,0.0,0.0,0.0,,0.0,0.0,0.0,0.006635782146799568,0.0,0.0,0.0,0,0.0,0.0
2019-02-27,124.69000244140625,-0.0070871108191714605,1317.699951171875,-0.005584502717080109,-0.0015026081020913518,0.0015026081020913518,0.006578572461307786,0.006823628987552042,0,0,0.0,5,8.327222696276287,0.0,0.0,0.0,0.0,0.0,0.0,,0.0,0.0,0.0,0.006823628987552042,0.0,0.0,0.0,0,0.0,0.0
2019-02-28,123.98999786376953,-0.005613959130088775,1312.800048828125,-0.003718526618591955,-0.0018954325114968196,0.0018954325114968196,0.0064977137799889515,0.00682934679611727,0,0,0.0,5,7.013157297007697,0.0,0.0,0.0,0.0,0.0,0.0,,0.0,0.0,0.0,0.00682934679611727,0.0,0.0,0.0,0,0.0,0.0
2019-03-01,121.87999725341797,-0.017017506627186707,1296.4000244140625,-0.012492400825778516,-0.004525105801408191,0.004525105801408191,0.007846078411937655,0.0075755413022871206,0,0,0.0,5,7.808301544041833,0.0,0.0,0.0,0.0,0.0,0.0,,0.0,0.0,0.0,0.007846078411937655,0.0,0.0,0.0,0,0.0,0.0
2019-03-04,121.55999755859375,-0.0026255308667169075,1284.800048828125,-0.008947836599417225,0.006322305732700317,0.006322305732700317,0.007741227044362493,0.007778802390058358,1,0,0.0,5,36.02017164579353,0.0,0.0,0.0,0.0,0.0,0.0,,0.0,0.0,0.0,0.007778802390058358,0.0,0.0,0.0,0,0.0,0.0
2019-03-05,121.72000122070312,0.0013162525939691694,1282.0,-0.0021793654434236753,0.0034956180373928447,0.0034956180373928447,0.00770688856263474,0.007717319618627114,1,0,0.0,5,17.438812065709016,0.0,0.0,0.0,0.0,0.0,0.0,,0.0,0.0,0.0,0.007717319618627114,0.0,0.0,0.0,0,0.0,0.0
2019-03-06,121.61000061035156,-0.0009037184460104486,1284.9000244140625,0.0022621095273498426,-0.003165827973360291,0.003165827973360291,0.007659536069613965,0.0077345122334935065,0,0,0.0,5,26.44725049890694,0.0,0.0,0.0,0.0,0.0,0.0,,0.0,0.0,0.0,0.0077345122334935065,0.0,0.0,0.0,0,0.0,0.0
2019-03-07,121.51000213623047,-0.0008222882461903502,1283.800048828125,-0.0008560787337824616,3.379048759211134e-05,3.379048759211134e-05,0.007621461673165483,0.007706195597053676,1,0,0.0,5,10.999551706214397,0.0,0.0,0.0,0.0,0.0,0.0,,0.0,0.0,0.0,0.007706195597053676,0.0,0.0,0.0,0,0.0,0.0
2019-03-08,122.83999633789062,0.010945553273622899,1297.0,0.01028193696045121,0.0006636163131716888,0.0006636163131716888,0.008063914166995471,0.00827395763341308,1,0,0.0,5,9.91830362431554,0.0,0.0,0.0,0.0,0.0,0.0,,0.0,0.0,0.0,0.00827395763341308,0.0,0.0,0.0,0,0.0,0.0
2019-03-11,122.23999786376953,-0.004884390198699684,1288.800048828125,-0.006322244542694699,0.0014378543439950153,0.0014378543439950153,0.007915499272588866,0.00815820213781523,1,0,0.0,5,13.646872981121648,0.0,0.0,0.0,0.0,0.0,0.0,,0.0,0.0,0.0,0.00815820213781523,0.0,0.0,0.0,0,0.0,0.0
2019-03-12,122.9800033569336,0.006053709964792153,1296.300048828125,0.005819366632410894,0.00023434333238125937,0.00023434333238125937,0.006822463137844788,0.006799731829463962,1,0,0.0,5,10.132699108452188,0.0,0.0,0.0,0.0,0.0,0.0,,0.0,0.0,0.0,0.006822463137844788,0.0,0.0,0.0,0,0.0,0.0
2019-03-13,123.83999633789062,0.006992949727453013,1307.5,0.008639937321609947,-0.0016469875941569345,0.0016469875941569345,0.0072047612862207325,0.007275442072509723,0,0,0.0,5,13.044605599677142,0.0,0.0,0.0,0.0,0.0,0.0,,0.0,0.0,0.0,0.007275442072509723,0.0,0.0,0.0,0,0.0,0.0
2019-03-14,122.41000366210938,-0.011547098821608426,1293.4000244140625,-0.010783920142208414,-0.0007631786794000117,0.0007631786794000117,0.007228700492217474,0.006829946300107289,0,0,0.0,5,9.867786271396893,0.0,0.0,0.0,0.0,0.0,0.0,,0.0,0.0,0.0,0.007228700492217474,0.0,0.0,0.0,0,0.0,0.0
2019-03-15,122.97000122070312,0.004574769560006908,1301.800048828125,0.006494529345526967,-0.0019197597855200588,0.0019197597855200588,0.007281094496955802,0.006984659664179331,0,0,0.0,5,15.028774459935413,0.0,0.0,0.0,0.0,0.0,0.0,,0.0,0.0,0.0,0.007281094496955802,0.0,0.0,0.0,0,0.0,0.0
2019-03-18,123.04000091552734,0.0005692420438265788,1300.300048828125,-0.0011522506865400128,0.0017214927303665917,0.0017214927303665917,0.007297532836565155,0.0069778956344930245,1,0,0.0,5,21.391796546360858,0.0,0.0,0.0,0.0,0.0,0.0,,0.0,0.0,0.0,0.007297532836565155,0.0,0.0,0.0,0,0.0,0.0
2019-03-19,123.37999725341797,0.002763299214570525,1305.0,0.0036145128011881855,-0.0008512135866176607,0.0008512135866176607,0.007333743152726023,0.007091013155893791,0,0,0.0,5,13.835269046689344,0.0,0.0,0.0,0.0,0.0,0.0,,0.0,0.0,0.0,0.007333743152726023,0.0,0.0,0.0,0,0.0,0.0
2019-03-20,124.18000030517578,0.006484057947534483,1300.5,-0.0034482758620689724,0.009932333809603455,0.009932333809603455,0.007386227450990881,0.007013279579728379,1,1,1.0,5,5.569469302979798,-28.0,5.0,3477.040008544922,-6502.5,0.0,0.0,Opened,3477.040008544922,-6502.5,0.0,0.007386227450990881,9979.540008544922,0.0,0.0,0,0.0,9979.540008544922
2019-03-21,123.68000030517578,-0.004026413261163153,1306.0999755859375,0.004306017367118331,-0.008332430628281484,0.008332430628281484,0.007314870968082195,0.007084740390158822,0,0,-1.0,5,11.293651263345343,28.0,-5.0,-3463.040008544922,6530.4998779296875,14.0,27.9998779296875,Closed,-3463.040008544922,6530.4998779296875,41.9998779296875,0.007314870968082195,9993.53988647461,41.9998779296875,0.004202702786680293,0,41.9998779296875,0.0
2019-03-22,123.97000122070312,0.002344768069306058,1311.5999755859375,0.004211009955445988,-0.00186624188613993,0.00186624188613993,0.005641069929290172,0.006304147374881735,0,0,0.0,5,19.000768701645562,0.0,0.0,0.0,0.0,0.0,0.0,,0.0,0.0,0.0,0.006304147374881735,0.0,0.0,0.0,0,0.0,0.0
2019-03-25,124.91999816894531,0.007663119616744263,1321.9000244140625,0.007853041338708122,-0.00018992172196385937,0.00018992172196385937,0.005773292813816592,0.005930758736409503,0,0,0.0,5,10.844234998418177,0.0,0.0,0.0,0.0,0.0,0.0,,0.0,0.0,0.0,0.005930758736409503,0.0,0.0,0.0,0,0.0,0.0
2019-03-26,124.30000305175781,-0.004963137418149799,1314.300048828125,-0.005749281674539808,0.000786144256390009,0.000786144256390009,0.006035304481413895,0.006173501256274404,1,0,0.0,5,12.248436958955761,0.0,0.0,0.0,0.0,0.0,0.0,,0.0,0.0,0.0,0.006173501256274404,0.0,0.0,0.0,0,0.0,0.0
2019-03-27,123.6500015258789,-0.005229296137734152,1309.9000244140625,-0.003347808149277376,-0.001881487988456776,0.001881487988456776,0.006253471297633469,0.006304133792487759,0,0,0.0,5,6.782055657443482,0.0,0.0,0.0,0.0,0.0,0.0,,0.0,0.0,0.0,0.006304133792487759,0.0,0.0,0.0,0,0.0,0.0
2019-03-28,121.9000015258789,-0.014152850613865509,1289.800048828125,-0.015344663876106557,0.0011918132622410482,0.0011918132622410482,0.007393696342684867,0.007629397339257533,1,0,0.0,5,11.471815007878305,0.0,0.0,0.0,0.0,0.0,0.0,,0.0,0.0,0.0,0.007629397339257533,0.0,0.0,0.0,0,0.0,0.0
2019-03-29,122.01000213623047,0.0009023839948698598,1293.0,0.0024809668558956055,-0.0015785828610257457,0.0015785828610257457,0.006784563782558917,0.0071542357665709535,0,0,0.0,5,29.13618384048753,0.0,0.0,0.0,0.0,0.0,0.0,,0.0,0.0,0.0,0.0071542357665709535,0.0,0.0,0.0,0,0.0,0.0
2019-04-01,121.52999877929688,-0.003934131206699276,1288.4000244140625,-0.0035575990610499097,-0.00037653214564936643,0.00037653214564936643,0.006744320590429328,0.0070190832804597906,0,0,0.0,5,9.586838090034929,0.0,0.0,0.0,0.0,0.0,0.0,,0.0,0.0,0.0,0.0070190832804597906,0.0,0.0,0.0,0,0.0,0.0
2019-04-02,121.9800033569336,0.0037028271386223555,1290.0,0.0012418313843676199,0.0024609957542547356,0.0024609957542547356,0.006610444620536601,0.006845474698017026,1,0,0.0,5,3.546747429574781,0.0,0.0,0.0,0.0,0.0,0.0,,0.0,0.0,0.0,0.006845474698017026,0.0,0.0,0.0,0,0.0,0.0
2019-04-03,121.80000305175781,-0.0014756542074283452,1289.9000244140625,-7.750045421506258e-05,-0.0013981537532132826,0.0013981537532132826,0.006275785239394252,0.006386701302041882,0,0,0.0,5,0.5561966889665895,0.0,0.0,0.0,0.0,0.0,0.0,,0.0,0.0,0.0,0.006386701302041882,0.0,0.0,0.0,0,0.0,0.0
2019-04-04,122.11000061035156,0.00254513588527594,1289.0,-0.0006977474199765243,0.003242883305252464,0.003242883305252464,0.005618667726801136,0.005771251056716663,1,0,0.0,5,2.893936176624906,0.0,0.0,0.0,0.0,0.0,0.0,,0.0,0.0,0.0,0.005771251056716663,0.0,0.0,0.0,0,0.0,0.0
2019-04-05,121.9800033569336,-0.0010645913747292512,1290.4000244140625,0.0010861322064099621,-0.0021507235811392134,0.0021507235811392134,0.00546664217937607,0.005484166780655361,0,0,0.0,5,10.792833322743727,0.0,0.0,0.0,0.0,0.0,0.0,,0.0,0.0,0.0,0.005484166780655361,0.0,0.0,0.0,0,0.0,0.0
2019-04-08,122.51000213623047,0.004344964459018774,1297.0999755859375,0.005192150530931139,-0.0008471860719123647,0.0008471860719123647,0.0056057710325244136,0.005677473484344695,0,0,0.0,5,12.652109746940523,0.0,0.0,0.0,0.0,0.0,0.0,,0.0,0.0,0.0,0.005677473484344695,0.0,0.0,0.0,0,0.0,0.0
2019-04-09,123.1500015258789,0.0052240582686200465,1303.5,0.004934102640138827,0.0002899556284812199,0.0002899556284812199,0.005735480934927969,0.005749720973923782,1,0,0.0,5,9.997163182453393,0.0,0.0,0.0,0.0,0.0,0.0,,0.0,0.0,0.0,0.005749720973923782,0.0,0.0,0.0,0,0.0,0.0
2019-04-10,123.52999877929688,0.003085645543724258,1309.0999755859375,0.004296107085490997,-0.0012104615417667386,0.0012104615417667386,0.0055194972012849565,0.005771513589076959,0,0,0.0,5,14.754667931705882,0.0,0.0,0.0,0.0,0.0,0.0,,0.0,0.0,0.0,0.005771513589076959,0.0,0.0,0.0,0,0.0,0.0
2019-04-11,121.94999694824219,-0.012790430232882732,1288.5999755859375,-0.015659613766950464,0.002869183534067732,0.002869183534067732,0.006340848411595749,0.0069929821780778485,1,0,0.0,5,12.936959488190077,0.0,0.0,0.0,0.0,0.0,0.0,,0.0,0.0,0.0,0.0069929821780778485,0.0,0.0,0.0,0,0.0,0.0
2019-04-12,121.83000183105469,-0.0009839698252590567,1290.5999755859375,0.0015520720455473036,-0.0025360418708063603,0.0025360418708063603,0.006276355573122633,0.0068877330382106855,0,0,0.0,5,16.70965557957925,0.0,0.0,0.0,0.0,0.0,0.0,,0.0,0.0,0.0,0.0068877330382106855,0.0,0.0,0.0,0,0.0,0.0
2019-04-15,121.5999984741211,-0.0018879040751599296,1286.800048828125,-0.0029443102663064824,0.0010564061911465528,0.0010564061911465528,0.005784504603350147,0.006440138525774883,1,0,0.0,5,16.503693465098696,0.0,0.0,0.0,0.0,0.0,0.0,,0.0,0.0,0.0,0.006440138525774883,0.0,0.0,0.0,0,0.0,0.0
2019-04-16,120.51000213623047,-0.008963785785923273,1272.5999755859375,-0.011035182393037135,0.0020713966071138623,0.0020713966071138623,0.006028898302714285,0.006807400150975989,1,0,0.0,5,13.000404423976274,0.0,0.0,0.0,0.0,0.0,0.0,,0.0,0.0,0.0,0.006807400150975989,0.0,0.0,0.0,0,0.0,0.0
2019-04-17,120.27999877929688,-0.0019085831288392363,1272.199951171875,-0.00031433633642674597,-0.0015942467924124903,0.0015942467924124903,0.005964247540474419,0.00681354736245609,0,0,0.0,5,1.741989232443953,0.0,0.0,0.0,0.0,0.0,0.0,,0.0,0.0,0.0,0.00681354736245609,0.0,0.0,0.0,0,0.0,0.0
2019-04-18,120.37000274658203,0.0007482870651696061,1271.9000244140625,-0.00023575441701295663,0.0009840414821825627,0.0009840414821825627,0.004912218511465923,0.005716107149995808,1,0,0.0,5,3.329095896144026,0.0,0.0,0.0,0.0,0.0,0.0,,0.0,0.0,0.0,0.005716107149995808,0.0,0.0,0.0,0,0.0,0.0
2019-04-22,120.37000274658203,0.0,1273.5,0.001257941312387878,-0.001257941312387878,0.001257941312387878,0.004894977291445607,0.005672751070503773,0,0,0.0,5,inf,0.0,0.0,0.0,0.0,0.0,0.0,,0.0,0.0,0.0,0.005672751070503773,0.0,0.0,0.0,0,0.0,0.0
2019-04-23,120.12000274658203,-0.002076929420084306,1269.300048828125,-0.0032979593026108978,0.001221029882526592,0.001221029882526592,0.004835622069782089,0.005664771777451517,1,0,0.0,5,16.779248931100316,0.0,0.0,0.0,0.0,0.0,0.0,,0.0,0.0,0.0,0.005664771777451517,0.0,0.0,0.0,0,0.0,0.0
2019-04-24,120.47000122070312,0.0029137401441747812,1275.5,0.004884543396653118,-0.001970803252478337,0.001970803252478337,0.004787579035348978,0.005842135527094514,0,0,0.0,5,17.74903325562233,0.0,0.0,0.0,0.0,0.0,0.0,,0.0,0.0,0.0,0.005842135527094514,0.0,0.0,0.0,0,0.0,0.0
2019-04-25,120.56999969482422,0.0008300695036758121,1275.800048828125,0.00023524016317133523,0.0005948293405044769,0.0005948293405044769,0.004801994644431419,0.005845215611804407,1,0,0.0,5,2.9987507403513134,0.0,0.0,0.0,0.0,0.0,0.0,,0.0,0.0,0.0,0.005845215611804407,0.0,0.0,0.0,0,0.0,0.0
2019-04-26,121.37000274658203,0.006635175033447016,1284.9000244140625,0.007132760023246698,-0.000497584989799682,0.000497584989799682,0.005103958959405201,0.006186699181335755,0,0,0.0,5,11.380548775506048,0.0,0.0,0.0,0.0,0.0,0.0,,0.0,0.0,0.0,0.006186699181335755,0.0,0.0,0.0,0,0.0,0.0
2019-04-29,120.83000183105469,-0.004449212353194509,1278.5999755859375,-0.004903143208358163,0.0004539308551636534,0.0004539308551636534,0.005209496881619337,0.006290550969544939,1,0,0.0,5,11.66141774919365,0.0,0.0,0.0,0.0,0.0,0.0,,0.0,0.0,0.0,0.006290550969544939,0.0,0.0,0.0,0,0.0,0.0
2019-04-30,121.19999694824219,0.0030621129817147708,1282.800048828125,0.003284900142644487,-0.00022278716092971607,0.00022278716092971607,0.0051321465301912925,0.0061836156589825855,0,0,0.0,5,11.354220401539362,0.0,0.0,0.0,0.0,0.0,0.0,,0.0,0.0,0.0,0.0061836156589825855,0.0,0.0,0.0,0,0.0,0.0
2019-05-01,120.4000015258789,-0.0066006224629272525,1281.4000244140625,-0.0010913816345279326,-0.00550924082839932,0.00550924082839932,0.00506422334863217,0.005982461893847439,0,0,0.0,5,1.7597459881935091,0.0,0.0,0.0,0.0,0.0,0.0,,0.0,0.0,0.0,0.005982461893847439,0.0,0.0,0.0,0,0.0,0.0
2019-05-02,119.94000244140625,-0.0038205903541769226,1269.699951171875,-0.009130695348267603,0.005310104994090681,0.005310104994090681,0.00493045107081798,0.006116769034600503,1,0,0.0,5,25.29941197560017,0.0,0.0,0.0,0.0,0.0,0.0,,0.0,0.0,0.0,0.006116769034600503,0.0,0.0,0.0,0,0.0,0.0
2019-05-03,120.6500015258789,0.005919618726200282,1279.199951171875,0.007482082669399093,-0.0015624639431988108,0.0015624639431988108,0.004321999299660679,0.005293174956203717,0,0,0.0,5,13.401082149696911,0.0,0.0,0.0,0.0,0.0,0.0,,0.0,0.0,0.0,0.005293174956203717,0.0,0.0,0.0,0,0.0,0.0
2019-05-06,120.80999755859375,0.001326117121353887,1281.699951171875,0.0019543465411406835,-0.0006282294197867966,0.0006282294197867966,0.004352418671513367,0.005305183688450873,0,0,0.0,5,15.635190767523161,0.0,0.0,0.0,0.0,0.0,0.0,,0.0,0.0,0.0,0.005305183688450873,0.0,0.0,0.0,0,0.0,0.0
2019-05-07,121.20999908447266,0.003310996887363693,1283.5,0.001404422951314821,0.001906573936048872,0.001906573936048872,0.004444424135526642,0.005277779065423482,1,0,0.0,5,4.491553434941815,0.0,0.0,0.0,0.0,0.0,0.0,,0.0,0.0,0.0,0.005277779065423482,0.0,0.0,0.0,0,0.0,0.0
2019-05-08,120.91000366210938,-0.0024750055657883907,1279.4000244140625,-0.0031943713174424904,0.0007193657516540997,0.0007193657516540997,0.003800085733187839,0.004446343133184096,1,0,0.0,5,13.656938008568792,0.0,0.0,0.0,0.0,0.0,0.0,,0.0,0.0,0.0,0.004446343133184096,0.0,0.0,0.0,0,0.0,0.0
2019-05-09,121.19999694824219,0.002398422606480155,1283.5,0.0032046080254024556,-0.0008061854189223006,0.0008061854189223006,0.0037898450184148083,0.004500467365235942,0,0,0.0,5,14.14954488276818,0.0,0.0,0.0,0.0,0.0,0.0,,0.0,0.0,0.0,0.004500467365235942,0.0,0.0,0.0,0,0.0,0.0
2019-05-10,121.43000030517578,0.001897717514232511,1285.699951171875,0.001714025065738145,0.00018369244849436583,0.00018369244849436583,0.0038064868636298274,0.00450278686755628,1,0,0.0,5,9.563111826819668,0.0,0.0,0.0,0.0,0.0,0.0,,0.0,0.0,0.0,0.00450278686755628,0.0,0.0,0.0,0,0.0,0.0
2019-05-13,122.66999816894531,0.010211626950944463,1300.0999755859375,0.011200143860110812,-0.0009885169091663482,0.0009885169091663482,0.00453633860638277,0.005255088880632932,0,0,0.0,5,11.624306471063646,0.0,0.0,0.0,0.0,0.0,0.0,,0.0,0.0,0.0,0.005255088880632932,0.0,0.0,0.0,0,0.0,0.0
2019-05-14,122.45999908447266,-0.001711902564663248,1294.699951171875,-0.004153545508397416,0.002441642943734168,0.002441642943734168,0.004518030995315146,0.005313943439910214,1,0,0.0,5,25.651620749009684,0.0,0.0,0.0,0.0,0.0,0.0,,0.0,0.0,0.0,0.005313943439910214,0.0,0.0,0.0,0,0.0,0.0
2019-05-15,122.38999938964844,-0.0005716127335255727,1296.300048828125,0.0012358829972933805,-0.0018074957308189532,0.0018074957308189532,0.00451854390279099,0.005222577782051681,0,0,0.0,5,22.899978122825928,0.0,0.0,0.0,0.0,0.0,0.0,,0.0,0.0,0.0,0.005222577782051681,0.0,0.0,0.0,0,0.0,0.0
2019-05-16,121.51000213623047,-0.007190107507202059,1285.0,-0.00871715529004291,0.0015270477828408513,0.0015270477828408513,0.004997369383275653,0.005806346814429232,1,0,0.0,5,12.821253817339223,0.0,0.0,0.0,0.0,0.0,0.0,,0.0,0.0,0.0,0.005806346814429232,0.0,0.0,0.0,0,0.0,0.0
2019-05-17,120.6500015258789,-0.007077611679961793,1274.5,-0.008171206225680905,0.001093594545719112,0.001093594545719112,0.005054595396832319,0.0059004608818261865,1,0,0.0,5,12.195846469559871,0.0,0.0,0.0,0.0,0.0,0.0,,0.0,0.0,0.0,0.0059004608818261865,0.0,0.0,0.0,0,0.0,0.0
2019-05-20,120.63999938964844,-8.290208125960596e-05,1276.0999755859375,0.0012553751164672278,-0.0013382771977268337,0.0013382771977268337,0.004927942687363602,0.005787265861058783,0,0,0.0,5,160.17747982935953,0.0,0.0,0.0,0.0,0.0,0.0,,0.0,0.0,0.0,0.005787265861058783,0.0,0.0,0.0,0,0.0,0.0
2019-05-21,120.36000061035156,-0.002320944800343727,1272.0,-0.003212895278095207,0.0008919504777514797,0.0008919504777514797,0.004877466940492041,0.005757722955973518,1,0,0.0,5,14.62974272123135,0.0,0.0,0.0,0.0,0.0,0.0,,0.0,0.0,0.0,0.005757722955973518,0.0,0.0,0.0,0,0.0,0.0
2019-05-22,120.23999786376953,-0.0009970317877491253,1273.5999755859375,0.001257842441774848,-0.002254874229523973,0.002254874229523973,0.004578355958975227,0.005773815428839311,0,0,0.0,5,13.3629185660615,0.0,0.0,0.0,0.0,0.0,0.0,,0.0,0.0,0.0,0.005773815428839311,0.0,0.0,0.0,0,0.0,0.0
2019-05-23,121.16999816894531,0.007734533613593886,1284.800048828125,0.008794027525820924,-0.0010594939122270386,0.0010594939122270386,0.004866844559731332,0.005690183529440668,0,0,0.0,5,12.055747199758542,0.0,0.0,0.0,0.0,0.0,0.0,,0.0,0.0,0.0,0.005690183529440668,0.0,0.0,0.0,0,0.0,0.0
2019-05-24,121.30000305175781,0.0010729131367257505,1283.0,-0.0014010342152204203,0.0024739473519461708,0.0024739473519461708,0.00465105440337366,0.005400342432131766,1,0,0.0,5,13.811791803904939,0.0,0.0,0.0,0.0,0.0,0.0,,0.0,0.0,0.0,0.005400342432131766,0.0,0.0,0.0,0,0.0,0.0
2019-05-28,120.83000183105469,-0.0038747008151563955,1276.5,-0.005066250974279041,0.0011915501591226452,0.0011915501591226452,0.0047669636867911655,0.005540894048683347,1,0,0.0,5,13.81320837352179,0.0,0.0,0.0,0.0,0.0,0.0,,0.0,0.0,0.0,0.005540894048683347,0.0,0.0,0.0,0,0.0,0.0
2019-05-29,120.87000274658203,0.00033105118696652447,1280.5999755859375,0.0032118884339502607,-0.0028808372469837362,0.0028808372469837362,0.004681414450194125,0.005598947527923813,0,0,0.0,5,102.79222325887939,0.0,0.0,0.0,0.0,0.0,0.0,,0.0,0.0,0.0,0.005598947527923813,0.0,0.0,0.0,0,0.0,0.0
2019-05-30,121.69000244140625,0.0067841455794739325,1287.0999755859375,0.005075745840949164,0.0017083997385247685,0.0017083997385247685,0.00495898118634887,0.005682849704237654,1,0,0.0,5,7.913381273465982,0.0,0.0,0.0,0.0,0.0,0.0,,0.0,0.0,0.0,0.005682849704237654,0.0,0.0,0.0,0,0.0,0.0
2019-05-31,123.33000183105469,0.013476862164072179,1305.800048828125,0.014528842822543409,-0.00105198065847123,0.00105198065847123,0.005989382531254354,0.006734732232258036,0,0,0.0,5,11.414323616686142,0.0,0.0,0.0,0.0,0.0,0.0,,0.0,0.0,0.0,0.006734732232258036,0.0,0.0,0.0,0,0.0,0.0
2019-06-03,125.11000061035156,0.014432812396575123,1322.699951171875,0.012942182349370057,0.001490630047205066,0.001490630047205066,0.0069018348750059435,0.007391470357387405,1,0,0.0,5,9.480382486289875,0.0,0.0,0.0,0.0,0.0,0.0,,0.0,0.0,0.0,0.007391470357387405,0.0,0.0,0.0,0,0.0,0.0
2019-06-04,125.1500015258789,0.0003197259638094696,1323.4000244140625,0.0005292759265373981,-0.00020954996272792847,0.00020954996272792847,0.006524952728287358,0.006933700726760855,0,0,0.0,5,17.505096730639412,0.0,0.0,0.0,0.0,0.0,0.0,,0.0,0.0,0.0,0.006933700726760855,0.0,0.0,0.0,0,0.0,0.0
2019-06-05,125.47000122070312,0.00255692921232642,1328.300048828125,0.0037026026323612182,-0.0011456734200347984,0.0011456734200347984,0.0064745317722535315,0.006795170007855128,0,0,0.0,5,15.330089383162575,0.0,0.0,0.0,0.0,0.0,0.0,,0.0,0.0,0.0,0.006795170007855128,0.0,0.0,0.0,0,0.0,0.0
2019-06-06,125.87999725341797,0.003267681746441209,1337.5999755859375,0.007001375002596122,-0.003733693256154913,0.003733693256154913,0.006456737020528107,0.0069269466198903125,0,0,0.0,5,22.767383077886986,0.0,0.0,0.0,0.0,0.0,0.0,,0.0,0.0,0.0,0.0069269466198903125,0.0,0.0,0.0,0,0.0,0.0
2019-06-07,126.58999633789062,0.0056402851919619135,1341.199951171875,0.0026913693567918173,0.002948915835170096,0.002948915835170096,0.006000901303132793,0.006245383214127135,1,0,0.0,5,5.055526381655908,0.0,0.0,0.0,0.0,0.0,0.0,,0.0,0.0,0.0,0.006245383214127135,0.0,0.0,0.0,0,0.0,0.0
2019-06-10,125.33000183105469,-0.00995334973762696,1324.699951171875,-0.012302416194977517,0.002349066457350557,0.002349066457350557,0.00637180463735114,0.006830983234622472,1,0,0.0,5,13.064224207202685,0.0,0.0,0.0,0.0,0.0,0.0,,0.0,0.0,0.0,0.006830983234622472,0.0,0.0,0.0,0,0.0,0.0
2019-06-11,125.18000030517578,-0.0011968524989021123,1326.4000244140625,0.0012833647654955094,-0.0024802172643976217,0.0024802172643976217,0.0064111678432794,0.006830593353026173,0,0,0.0,5,11.361850060154472,0.0,0.0,0.0,0.0,0.0,0.0,,0.0,0.0,0.0,0.006830593353026173,0.0,0.0,0.0,0,0.0,0.0
2019-06-12,125.83000183105469,0.00519253494403471,1331.9000244140625,0.0041465620467171505,0.0010459728973175597,0.0010459728973175597,0.0063014403848495,0.00664483773288458,1,0,0.0,5,8.452713798180238,0.0,0.0,0.0,0.0,0.0,0.0,,0.0,0.0,0.0,0.00664483773288458,0.0,0.0,0.0,0,0.0,0.0
2019-06-13,126.5999984741211,0.006119340633088832,1339.199951171875,0.005480836867634897,0.000638503765453935,0.000638503765453935,0.006247819873253818,0.006650988088568801,1,0,0.0,5,9.474449196291534,0.0,0.0,0.0,0.0,0.0,0.0,,0.0,0.0,0.0,0.006650988088568801,0.0,0.0,0.0,0,0.0,0.0
2019-06-14,126.55999755859375,-0.00031596300165459557,1340.0999755859375,0.0006720612655899405,-0.000988024267244536,0.000988024267244536,0.006200019029516543,0.006507325987229139,0,0,0.0,5,22.522333031762557,0.0,0.0,0.0,0.0,0.0,0.0,,0.0,0.0,0.0,0.006507325987229139,0.0,0.0,0.0,0,0.0,0.0
2019-06-17,126.4800033569336,-0.0006320654488249922,1338.699951171875,-0.0010447163939767412,0.00041265094515174905,0.00041265094515174905,0.006251783110846707,0.0064913964423243065,1,0,0.0,5,17.494347068070166,0.0,0.0,0.0,0.0,0.0,0.0,,0.0,0.0,0.0,0.0064913964423243065,0.0,0.0,0.0,0,0.0,0.0
2019-06-18,127.12000274658203,0.005060083591572395,1346.5999755859375,0.005901265931284261,-0.0008411823397118656,0.0008411823397118656,0.005989541937286604,0.0061435742933219194,0,0,0.0,5,12.354131029152983,0.0,0.0,0.0,0.0,0.0,0.0,,0.0,0.0,0.0,0.0061435742933219194,0.0,0.0,0.0,0,0.0,0.0
2019-06-19,127.88999938964844,0.006057242183997058,1344.5999755859375,-0.0014852220676223604,0.0075424642516194185,0.0075424642516194185,0.005962008144995517,0.006282256691034676,1,1,1.0,5,2.5779409719508366,-13.0,5.0,1662.5699920654297,-6722.9998779296875,0.0,0.0,Opened,1662.5699920654297,-6722.9998779296875,0.0,0.006282256691034676,8385.569869995117,0.0,0.0,0,0.0,8385.569869995117
2019-06-20,131.11000061035156,0.025177896911959374,1392.9000244140625,0.0359215005987763,-0.010743603686816927,0.010743603686816927,0.008122539200424527,0.010527727973891201,0,0,-1.0,5,15.157205762764743,13.0,-5.0,-1704.4300079345703,6964.5001220703125,-41.860015869140625,241.500244140625,Closed,-1704.4300079345703,6964.5001220703125,199.64022827148438,0.010527727973891201,8668.930130004883,199.64022827148438,0.023029396393505357,0,199.64022827148438,0.0
2019-06-21,131.97999572753906,0.006635612181659978,1396.199951171875,0.0023691052480243613,0.0042665069336356165,0.0042665069336356165,0.007799002580480905,0.010232945091467107,1,0,0.0,5,3.7769641926875313,0.0,0.0,0.0,0.0,0.0,0.0,,0.0,0.0,0.0,0.010232945091467107,0.0,0.0,0.0,0,0.0,0.0
2019-06-24,133.94000244140625,0.014850786310930397,1414.300048828125,0.012963829171500851,0.001886957139429546,0.001886957139429546,0.007837458186188114,0.010234219041113128,1,0,0.0,5,9.217541558903331,0.0,0.0,0.0,0.0,0.0,0.0,,0.0,0.0,0.0,0.010234219041113128,0.0,0.0,0.0,0,0.0,0.0
2019-06-25,134.1999969482422,0.0019411266395166216,1414.9000244140625,0.00042422086206861387,0.0015169057774480077,0.0015169057774480077,0.007785433723987258,0.010237182142388505,1,0,0.0,5,2.3041534607966665,0.0,0.0,0.0,0.0,0.0,0.0,,0.0,0.0,0.0,0.010237182142388505,0.0,0.0,0.0,0,0.0,0.0
2019-06-26,132.97000122070312,-0.009165393111099984,1411.5999755859375,-0.002332354775024914,-0.00683303833607507,0.00683303833607507,0.008564557074263889,0.01038885873110167,0,0,0.0,5,2.701478305493931,0.0,0.0,0.0,0.0,0.0,0.0,,0.0,0.0,0.0,0.01038885873110167,0.0,0.0,0.0,0,0.0,0.0
2019-06-27,132.83999633789062,-0.000977700846950591,1408.4000244140625,-0.002266896590549128,0.0012891957435985368,0.0012891957435985368,0.008657015413223154,0.010480000797041453,1,0,0.0,5,24.5823210789321,0.0,0.0,0.0,0.0,0.0,0.0,,0.0,0.0,0.0,0.010480000797041453,0.0,0.0,0.0,0,0.0,0.0
2019-06-28,133.1999969482422,0.0027100317696175935,1409.699951171875,0.0009229812093713985,0.001787050560246195,0.001787050560246195,0.008641432907235534,0.010499613004682141,1,0,0.0,5,3.6044661151759887,0.0,0.0,0.0,0.0,0.0,0.0,,0.0,0.0,0.0,0.010499613004682141,0.0,0.0,0.0,0,0.0,0.0
2019-07-01,130.6199951171875,-0.019369383559800002,1385.5999755859375,-0.0170958192670031,-0.0022735642927969035,0.0022735642927969035,0.009929375946344264,0.011068443302427115,0,0,0.0,5,9.362726183204607,0.0,0.0,0.0,0.0,0.0,0.0,,0.0,0.0,0.0,0.011068443302427115,0.0,0.0,0.0,0,0.0,0.0
2019-07-02,133.41000366210938,0.021359735486276676,1404.5999755859375,0.013712471373251489,0.007647264113025187,0.007647264113025187,0.010936836571892915,0.011386806540654664,1,0,0.0,5,6.759026110950644,0.0,0.0,0.0,0.0,0.0,0.0,,0.0,0.0,0.0,0.011386806540654664,0.0,0.0,0.0,0,0.0,0.0
2019-07-03,133.6300048828125,0.001649060899963084,1417.699951171875,0.009326481427904598,-0.007677420527941514,0.007677420527941514,0.010954657450325912,0.011473489255839789,0,0,0.0,5,60.00141265395282,0.0,0.0,0.0,0.0,0.0,0.0,,0.0,0.0,0.0,0.011473489255839789,0.0,0.0,0.0,0,0.0,0.0
2019-07-05,132.13999938964844,-0.011150231525253074,1396.699951171875,-0.014812725346178723,0.0036624938209256497,0.0036624938209256497,0.011612039513031039,0.012468910929976627,1,0,0.0,5,14.041706869440231,0.0,0.0,0.0,0.0,0.0,0.0,,0.0,0.0,0.0,0.012468910929976627,0.0,0.0,0.0,0,0.0,0.0
2019-07-08,131.2899932861328,-0.006432617734537516,1397.0,0.0002148269768844635,-0.006647444711421979,0.006647444711421979,0.011839049746221542,0.01247524726678188,0,0,0.0,5,0.3553578005695979,0.0,0.0,0.0,0.0,0.0,0.0,,0.0,0.0,0.0,0.01247524726678188,0.0,0.0,0.0,0,0.0,0.0
2019-07-09,131.75,0.0035037454291328984,1397.5,0.0003579098067287845,0.003145835622404114,0.003145835622404114,0.011808660916124642,0.012449215318684592,1,0,0.0,5,1.083533259460936,0.0,0.0,0.0,0.0,0.0,0.0,,0.0,0.0,0.0,0.012449215318684592,0.0,0.0,0.0,0,0.0,0.0
2019-07-10,133.8300018310547,0.015787490178783115,1410.0999755859375,0.00901608270907861,0.006771407469704505,0.006771407469704505,0.012271722079533342,0.012527841531702043,1,0,0.0,5,6.017293772136927,0.0,0.0,0.0,0.0,0.0,0.0,,0.0,0.0,0.0,0.012527841531702043,0.0,0.0,0.0,0,0.0,0.0
2019-07-11,132.6999969482422,-0.008443584154164463,1404.300048828125,-0.004113131592249353,-0.00433045256191511,0.00433045256191511,0.012622466876278209,0.012615347860299398,0,0,0.0,5,5.155072364423714,0.0,0.0,0.0,0.0,0.0,0.0,,0.0,0.0,0.0,0.012622466876278209,0.0,0.0,0.0,0,0.0,0.0
2019-07-12,133.52999877929688,0.006254723814186791,1409.9000244140625,0.00398773438098976,0.002266989433197031,0.002266989433197031,0.011045253154059262,0.008765015926759222,1,0,0.0,5,6.731743475851215,0.0,0.0,0.0,0.0,0.0,0.0,,0.0,0.0,0.0,0.011045253154059262,0.0,0.0,0.0,0,0.0,0.0
2019-07-15,133.52999877929688,0.0,1411.4000244140625,0.0010639052230836388,-0.0010639052230836388,0.0010639052230836388,0.010947751917030528,0.008755277845543634,0,0,0.0,5,inf,0.0,0.0,0.0,0.0,0.0,0.0,,0.0,0.0,0.0,0.010947751917030528,0.0,0.0,0.0,0,0.0,0.0
2019-07-16,132.39999389648438,-0.008462554430785363,1409.199951171875,-0.001558787873126799,-0.006903766557658564,0.006903766557658564,0.010459758000754242,0.008086551169078549,0,0,0.0,5,1.9605151278226338,0.0,0.0,0.0,0.0,0.0,0.0,,0.0,0.0,0.0,0.010459758000754242,0.0,0.0,0.0,0,0.0,0.0
2019-07-17,134.5800018310547,0.01646531748539748,1421.300048828125,0.008586501614755049,0.00787881587064243,0.00787881587064243,0.01135741726187801,0.008400809465420845,1,0,0.0,5,5.507460458795974,0.0,0.0,0.0,0.0,0.0,0.0,,0.0,0.0,0.0,0.01135741726187801,0.0,0.0,0.0,0,0.0,0.0
2019-07-18,136.47999572753906,0.014117951186161548,1426.0999755859375,0.00337713824872532,0.010740812937436228,0.010740812937436228,0.01156802486277234,0.00840071868582231,1,0,0.0,5,2.4995287464079823,0.0,0.0,0.0,0.0,0.0,0.0,,0.0,0.0,0.0,0.01156802486277234,0.0,0.0,0.0,0,0.0,0.0
2019-07-19,134.47000122070312,-0.014727392803034478,1425.0999755859375,-0.0007012131106650665,-0.014026179692369412,0.014026179692369412,0.012323978509613273,0.00837070099075902,0,1,1.0,5,0.5045963225263631,3.0,-5.0,-403.4100036621094,7125.4998779296875,0.0,0.0,Opened,-403.4100036621094,7125.4998779296875,0.0,0.012323978509613273,7528.909881591797,0.0,0.0,0,0.0,7528.909881591797
2019-07-22,134.4499969482422,-0.00014876383044060137,1425.300048828125,0.00014039242552454922,-0.0002891562559651506,0.0002891562559651506,0.012315827457729652,0.008372444984763831,0,1,0.0,5,10.004417986981334,-3.0,5.0,403.34999084472656,-7126.500244140625,-0.0600128173828125,-1.0003662109375,Live,0.0,0.0,0.0,0.012315827457729652,7529.850234985352,-1.0603790283203125,-0.00014082338894252594,0,0.0,0.0
2019-07-23,133.69000244140625,-0.005652618252780628,1420.0999755859375,-0.003648405994557402,-0.002004212258223226,0.002004212258223226,0.011176260783071176,0.0069165198553868676,0,1,0.0,5,6.85604236955421,-3.0,5.0,401.07000732421875,-7100.4998779296875,-2.339996337890625,25.0,Live,0.0,0.0,0.0,0.011176260783071176,7501.569885253906,22.660003662109375,0.0030207015343085616,0,0.0,0.0
2019-07-24,134.3699951171875,0.005086339018351538,1422.800048828125,0.0019013261661902092,0.0031850128521613286,0.0031850128521613286,0.009830843341661616,0.006066941267599427,1,0,-1.0,5,3.958155859686681,-3.0,5.0,403.1099853515625,-7114.000244140625,-0.300018310546875,11.4996337890625,Closed,403.1099853515625,-7114.000244140625,11.199615478515625,0.009830843341661616,7517.1102294921875,11.199615478515625,0.0014898830982384313,0,11.199615478515625,0.0
2019-07-25,133.4199981689453,-0.007070008058076338,1413.9000244140625,-0.006255288240531676,-0.0008147198175446624,0.0008147198175446624,0.01001554689246083,0.005846631014463029,0,0,0.0,5,9.376163877840042,0.0,0.0,0.0,0.0,0.0,0.0,,0.0,0.0,0.0,0.01001554689246083,0.0,0.0,0.0,0,0.0,0.0
2019-07-26,133.63999938964844,0.001648937368628589,1418.5,0.003253395223501654,-0.0016044578548730648,0.0016044578548730648,0.009536827344368485,0.004258257471770362,0,0,0.0,5,20.942356084571124,0.0,0.0,0.0,0.0,0.0,0.0,,0.0,0.0,0.0,0.009536827344368485,0.0,0.0,0.0,0,0.0,0.0
2019-07-29,134.52999877929688,0.006659678193005059,1419.5999755859375,0.0007754498314680447,0.005884228361537014,0.005884228361537014,0.009426559774693017,0.004252940524529476,1,0,0.0,5,1.2287040988666438,0.0,0.0,0.0,0.0,0.0,0.0,,0.0,0.0,0.0,0.009426559774693017,0.0,0.0,0.0,0,0.0,0.0
2019-07-30,134.97999572753906,0.003344956160896251,1429.699951171875,0.007114663116113862,-0.003769706955217611,0.003769706955217611,0.009424439857203358,0.004520528686637439,0,0,0.0,5,22.528869679326537,0.0,0.0,0.0,0.0,0.0,0.0,,0.0,0.0,0.0,0.009424439857203358,0.0,0.0,0.0,0,0.0,0.0
2019-07-31,133.2100067138672,-0.013112972808538625,1426.0999755859375,-0.0025179937811333764,-0.010594979027405249,0.010594979027405249,0.009282475467844628,0.004119228382442304,0,1,1.0,5,2.0557325609910935,11.0,-5.0,-1465.310073852539,7130.4998779296875,0.0,0.0,Opened,-1465.310073852539,7130.4998779296875,0.0,0.009282475467844628,8595.809951782227,0.0,0.0,0,0.0,8595.809951782227
2019-08-01,136.41000366210938,0.02402219643390402,1420.9000244140625,-0.0036462739365369368,0.027668470370440956,0.027668470370440956,0.010886729976759373,0.004081364868870861,1,0,-1.0,5,1.5810801283381282,-11.0,5.0,1500.5100402832031,-7104.5001220703125,35.19996643066406,25.999755859375,Closed,1500.5100402832031,-7104.5001220703125,61.19972229003906,0.010886729976759373,8605.010162353516,61.19972229003906,0.007112103429904679,0,61.19972229003906,0.0
2019-08-02,135.88999938964844,-0.0038120684590625675,1445.5999755859375,0.017383313918979404,-0.02119538237804197,0.02119538237804197,0.010909042553569991,0.005893792595364631,0,1,1.0,5,48.51013879559884,243.0,-5.0,-33021.26985168457,7227.9998779296875,0.0,0.0,Opened,-33021.26985168457,7227.9998779296875,0.0,0.010909042553569991,40249.26972961426,0.0,0.0,0,0.0,40249.26972961426
2019-08-05,137.7899932861328,0.013981852270352535,1464.5999755859375,0.013143331710626871,0.000838520559725664,0.000838520559725664,0.011383994425915927,0.00658735941252968,1,0,-1.0,5,9.991762515774695,-243.0,5.0,33482.96836853027,-7322.9998779296875,461.6985168457031,-95.0,Closed,33482.96836853027,-7322.9998779296875,366.6985168457031,0.011383994425915927,40805.96824645996,366.6985168457031,0.008986394211526038,0,366.6985168457031,0.0
2019-08-06,138.91000366210938,0.008128386897085838,1472.4000244140625,0.0053257196218403635,0.002802667275245474,0.002802667275245474,0.011080542189156687,0.006524664006769623,1,0,0.0,5,6.944903649858438,0.0,0.0,0.0,0.0,0.0,0.0,,0.0,0.0,0.0,0.011080542189156687,0.0,0.0,0.0,0,0.0,0.0
2019-08-07,141.02000427246094,0.015189695160357397,1507.300048828125,0.023702814340790912,-0.008513119180433515,0.008513119180433515,0.010976377088553079,0.00836535865299889,0,0,0.0,5,16.678993765591304,0.0,0.0,0.0,0.0,0.0,0.0,,0.0,0.0,0.0,0.010976377088553079,0.0,0.0,0.0,0,0.0,0.0
2019-08-08,141.72999572753906,0.005034686098196239,1497.699951171875,-0.006369068762197561,0.0114037548603938,0.0114037548603938,0.010572807356195514,0.008781715686664145,1,1,1.0,5,13.368004431690373,-67.0,5.0,9495.909713745117,-7488.499755859375,0.0,0.0,Opened,9495.909713745117,-7488.499755859375,0.0,0.010572807356195514,16984.409469604492,0.0,0.0,0,0.0,16984.409469604492
2019-08-09,141.25999450683594,-0.0033161732510501585,1496.5999755859375,-0.0007344432274815071,-0.0025817300235686513,0.0025817300235686513,0.009605470553328176,0.008782803125801,0,0,-1.0,5,2.3464298093060907,67.0,-5.0,-9464.419631958008,7482.9998779296875,31.490081787109375,-5.4998779296875,Closed,-9464.419631958008,7482.9998779296875,25.990203857421875,0.009605470553328176,16947.419509887695,25.990203857421875,0.0015335788343622647,0,25.990203857421875,0.0
2019-08-12,142.6300048828125,0.009698502260031328,1505.300048828125,0.005813225567360636,0.0038852766926706916,0.0038852766926706916,0.009686727104550577,0.008758923905881165,1,0,0.0,5,6.325934375441964,0.0,0.0,0.0,0.0,0.0,0.0,,0.0,0.0,0.0,0.009686727104550577,0.0,0.0,0.0,0,0.0,0.0
2019-08-13,141.77999877929688,-0.005959518154781018,1502.199951171875,-0.0020594549629248116,-0.0039000631918562068,0.0039000631918562068,0.009708844759825079,0.008673115746573434,0,0,0.0,5,3.6614569073461083,0.0,0.0,0.0,0.0,0.0,0.0,,0.0,0.0,0.0,0.009708844759825079,0.0,0.0,0.0,0,0.0,0.0
2019-08-14,142.75,0.0068415942238304606,1515.9000244140625,0.009120006448875229,-0.002278412225044768,0.002278412225044768,0.009733828156989387,0.008760738709128543,0,0,0.0,5,14.155730176683846,0.0,0.0,0.0,0.0,0.0,0.0,,0.0,0.0,0.0,0.009733828156989387,0.0,0.0,0.0,0,0.0,0.0
2019-08-15,143.6999969482422,0.0066549698650941735,1519.5999755859375,0.0024407619976820616,0.004214207867412112,0.004214207867412112,0.009243017719457292,0.008289542884759884,1,0,0.0,5,3.8783933949095166,0.0,0.0,0.0,0.0,0.0,0.0,,0.0,0.0,0.0,0.009243017719457292,0.0,0.0,0.0,0,0.0,0.0
2019-08-16,142.77999877929688,-0.006402214255277094,1512.5,-0.004672266188474938,-0.001729948066802156,0.001729948066802156,0.009675195854367758,0.008643590325487362,0,0,0.0,5,7.73081681845513,0.0,0.0,0.0,0.0,0.0,0.0,,0.0,0.0,0.0,0.009675195854367758,0.0,0.0,0.0,0,0.0,0.0
2019-08-19,141.11000061035156,-0.011696303286335752,1500.4000244140625,-0.007999983858471116,-0.003696319427864636,0.003696319427864636,0.010503018843862344,0.00918099973688383,0,0,0.0,5,7.272600952006851,0.0,0.0,0.0,0.0,0.0,0.0,,0.0,0.0,0.0,0.010503018843862344,0.0,0.0,0.0,0,0.0,0.0
2019-08-20,142.2100067138672,0.007795380191040424,1504.5999755859375,0.0027992209434382076,0.0049961592476022165,0.0049961592476022165,0.010568853001944323,0.009135072698685028,1,0,0.0,5,3.799187880591525,0.0,0.0,0.0,0.0,0.0,0.0,,0.0,0.0,0.0,0.010568853001944323,0.0,0.0,0.0,0,0.0,0.0
2019-08-21,141.75999450683594,-0.003164420123660472,1504.5999755859375,0.0,-0.003164420123660472,0.003164420123660472,0.009728116875280093,0.00904024213348294,0,0,0.0,5,0.0,0.0,0.0,0.0,0.0,0.0,0.0,,0.0,0.0,0.0,0.009728116875280093,0.0,0.0,0.0,0,0.0,0.0
2019-08-22,141.39999389648438,-0.0025395077899371676,1497.300048828125,-0.0048517392504739965,0.002312231460536829,0.002312231460536829,0.00815195857565416,0.009114470081375546,1,0,0.0,5,20.23053421104328,0.0,0.0,0.0,0.0,0.0,0.0,,0.0,0.0,0.0,0.009114470081375546,0.0,0.0,0.0,0,0.0,0.0
2019-08-23,144.1699981689453,0.019589847185487175,1526.5999755859375,0.019568507181138672,2.134000434850236e-05,2.134000434850236e-05,0.009060890037983558,0.009365607046178608,1,0,0.0,5,10.577353183876355,0.0,0.0,0.0,0.0,0.0,0.0,,0.0,0.0,0.0,0.009365607046178608,0.0,0.0,0.0,0,0.0,0.0
2019-08-26,144.19000244140625,0.00013875475282665306,1526.300048828125,-0.00019646715748000698,0.00033522191030666004,0.00033522191030666004,0.00866681414963737,0.009030348452380908,1,0,0.0,5,14.988109681355782,0.0,0.0,0.0,0.0,0.0,0.0,,0.0,0.0,0.0,0.009030348452380908,0.0,0.0,0.0,0,0.0,0.0
2019-08-27,145.57000732421875,0.00957073902105865,1541.0,0.009631101815898768,-6.036279484011864e-05,6.036279484011864e-05,0.008734724683085279,0.009183737980888246,0,0,0.0,5,10.652737735357626,0.0,0.0,0.0,0.0,0.0,0.0,,0.0,0.0,0.0,0.009183737980888246,0.0,0.0,0.0,0,0.0,0.0
2019-08-28,145.16000366210938,-0.002816539407023644,1537.800048828125,-0.002076541967472423,-0.000739997439551221,0.000739997439551221,0.008183663223741578,0.007259143428812283,0,0,0.0,5,7.810481007296024,0.0,0.0,0.0,0.0,0.0,0.0,,0.0,0.0,0.0,0.008183663223741578,0.0,0.0,0.0,0,0.0,0.0
2019-08-29,144.1199951171875,-0.007164566813753437,1526.5,-0.007348191227290024,0.0001836244135365872,0.0001836244135365872,0.008458064002919414,0.007337594699466703,1,0,0.0,5,10.863332753320595,0.0,0.0,0.0,0.0,0.0,0.0,,0.0,0.0,0.0,0.008458064002919414,0.0,0.0,0.0,0,0.0,0.0
2019-08-30,143.75,-0.0025672712303844714,1519.0999755859375,-0.004847706789428474,0.002280435559044003,0.002280435559044003,0.008431996068565043,0.007494070096551578,1,0,0.0,5,19.95460306732183,0.0,0.0,0.0,0.0,0.0,0.0,,0.0,0.0,0.0,0.008431996068565043,0.0,0.0,0.0,0,0.0,0.0
2019-09-03,145.75,0.013913043478260834,1545.9000244140625,0.017642057309485315,-0.0037290138312244814,0.0037290138312244814,0.0087977437622475,0.008578264133231182,0,0,0.0,5,13.449307611177046,0.0,0.0,0.0,0.0,0.0,0.0,,0.0,0.0,0.0,0.0087977437622475,0.0,0.0,0.0,0,0.0,0.0
2019-09-04,146.66000366210938,0.006243592878966586,1550.300048828125,0.002846254184988517,0.003397338693978069,0.003397338693978069,0.00862318956433146,0.008513475934487818,1,0,0.0,5,4.818847413371031,0.0,0.0,0.0,0.0,0.0,0.0,,0.0,0.0,0.0,0.00862318956433146,0.0,0.0,0.0,0,0.0,0.0
2019-09-05,143.13999938964844,-0.024001119491110168,1515.4000244140625,-0.022511786954043878,-0.0014893325370662902,0.0014893325370662902,0.010850651782134365,0.010374438024351767,0,0,0.0,5,9.929897140099186,0.0,0.0,0.0,0.0,0.0,0.0,,0.0,0.0,0.0,0.010850651782134365,0.0,0.0,0.0,0,0.0,0.0
2019-09-06,141.9199981689453,-0.008523132778435305,1506.199951171875,-0.006071052589394554,-0.0024520801890407506,0.0024520801890407506,0.010916903805637052,0.010465440101111256,0,0,0.0,5,7.5596862789581545,0.0,0.0,0.0,0.0,0.0,0.0,,0.0,0.0,0.0,0.010916903805637052,0.0,0.0,0.0,0,0.0,0.0
2019-09-09,141.38999938964844,-0.0037344897557421985,1502.199951171875,-0.002655689901521985,-0.0010787998542202137,0.0010787998542202137,0.010840140928093357,0.010421414967871946,0,0,0.0,5,7.555359618383347,0.0,0.0,0.0,0.0,0.0,0.0,,0.0,0.0,0.0,0.010840140928093357,0.0,0.0,0.0,0,0.0,0.0
2019-09-10,140.17999267578125,-0.008557937047107611,1490.300048828125,-0.007921650066934682,-0.0006362869801729287,0.0006362869801729287,0.010639035109128479,0.010417355941109787,0,0,0.0,5,9.840887094364776,0.0,0.0,0.0,0.0,0.0,0.0,,0.0,0.0,0.0,0.010639035109128479,0.0,0.0,0.0,0,0.0,0.0
2019-09-11,141.02999877929688,0.006063676329913781,1494.4000244140625,0.0027511074626627163,0.0033125688672510645,0.0033125688672510645,0.010552941353358094,0.010416308014142985,1,0,0.0,5,4.807584292305718,0.0,0.0,0.0,0.0,0.0,0.0,,0.0,0.0,0.0,0.010552941353358094,0.0,0.0,0.0,0,0.0,0.0
2019-09-12,141.32000732421875,0.002056360685188219,1498.699951171875,0.0028773599354687818,-0.000820999250280563,0.000820999250280563,0.010544995692418105,0.010450693053584105,0,0,0.0,5,14.839044660127739,0.0,0.0,0.0,0.0,0.0,0.0,,0.0,0.0,0.0,0.010544995692418105,0.0,0.0,0.0,0,0.0,0.0
2019-09-13,140.14999389648438,-0.008279177519783909,1490.9000244140625,-0.005204461874915967,-0.0030747156448679425,0.0030747156448679425,0.010740026903551261,0.010462271424784036,0,0,0.0,5,6.687196354013042,0.0,0.0,0.0,0.0,0.0,0.0,,0.0,0.0,0.0,0.010740026903551261,0.0,0.0,0.0,0,0.0,0.0
2019-09-16,141.32000732421875,0.008348294532203537,1503.0999755859375,0.008182943840697732,0.00016535069150580561,0.00016535069150580561,0.009562905727441588,0.009267764561412364,1,0,0.0,5,10.425479155800936,0.0,0.0,0.0,0.0,0.0,0.0,,0.0,0.0,0.0,0.009562905727441588,0.0,0.0,0.0,0,0.0,0.0
2019-09-17,141.60000610351562,0.0019813102518067005,1505.0999755859375,0.001330583482459513,0.0006507267693471874,0.0006507267693471874,0.00959431467443508,0.00928551532878497,1,0,0.0,5,7.138249405817831,0.0,0.0,0.0,0.0,0.0,0.0,,0.0,0.0,0.0,0.00959431467443508,0.0,0.0,0.0,0,0.0,0.0
2019-09-18,140.7100067138672,-0.006285306153149484,1507.5,0.0015945946800830502,-0.007879900833232534,0.007879900833232534,0.009192113039533054,0.008856948643671796,0,0,0.0,5,2.718042299630274,0.0,0.0,0.0,0.0,0.0,0.0,,0.0,0.0,0.0,0.009192113039533054,0.0,0.0,0.0,0,0.0,0.0
2019-09-19,141.27999877929688,0.004050828215713009,1498.4000244140625,-0.006036468050373167,0.010087296266086176,0.010087296266086176,0.009330341701553195,0.008936336931797887,1,1,1.0,5,15.804696810184929,-80.0,5.0,11302.39990234375,-7492.0001220703125,0.0,0.0,Opened,11302.39990234375,-7492.0001220703125,0.0,0.009330341701553195,18794.400024414062,0.0,0.0,0,0.0,18794.400024414062
2019-09-20,142.9499969482422,0.011820485442912032,1507.300048828125,0.005939685176889142,0.00588080026602289,0.00588080026602289,0.009820193422646749,0.008993960695247157,1,1,0.0,5,5.2983870045970125,80.0,-5.0,-11435.999755859375,7536.500244140625,-133.599853515625,44.5001220703125,Live,0.0,0.0,0.0,0.009820193422646749,18972.5,-89.0997314453125,-0.00469625676348992,0,0.0,0.0
2019-09-23,143.75,0.005596383832365381,1523.699951171875,0.010880316998928219,-0.0052839331665628375,0.0052839331665628375,0.009923004707562959,0.00939684496874231,0,0,-1.0,5,20.607516476590217,80.0,-5.0,-11500.0,7618.499755859375,-197.60009765625,126.4996337890625,Closed,-11500.0,7618.499755859375,-71.1004638671875,0.009923004707562959,19118.499755859375,-71.1004638671875,-0.0037189353126621176,0,-71.1004638671875,0.0
2019-09-24,144.50999450683594,0.005286918308423871,1532.0999755859375,0.0055129124389627915,-0.00022599413053892015,0.00022599413053892015,0.009291852076207169,0.008243806429868756,0,0,0.0,5,11.055228308931497,0.0,0.0,0.0,0.0,0.0,0.0,,0.0,0.0,0.0,0.009291852076207169,0.0,0.0,0.0,0,0.0,0.0
2019-09-25,141.8300018310547,-0.018545379403875573,1504.5999755859375,-0.01794922031082391,-0.0005961590930516625,0.0005961590930516625,0.010164716604519041,0.009308830157291817,0,0,0.0,5,10.267454985496583,0.0,0.0,0.0,0.0,0.0,0.0,,0.0,0.0,0.0,0.010164716604519041,0.0,0.0,0.0,0,0.0,0.0
2019-09-26,141.7899932861328,-0.0002820880237280887,1507.5,0.001927438828339234,-0.002209526852067323,0.002209526852067323,0.008178829890426245,0.007395413527989498,0,0,0.0,5,72.64532888144217,0.0,0.0,0.0,0.0,0.0,0.0,,0.0,0.0,0.0,0.008178829890426245,0.0,0.0,0.0,0,0.0,0.0
2019-09-27,141.05999755859375,-0.005148429100112373,1499.0999755859375,-0.005572155498548947,0.00042372639843657467,0.00042372639843657467,0.00798954680291382,0.007368788827531565,1,0,0.0,5,11.502049074421478,0.0,0.0,0.0,0.0,0.0,0.0,,0.0,0.0,0.0,0.00798954680291382,0.0,0.0,0.0,0,0.0,0.0
2019-09-30,138.8699951171875,-0.015525325955691782,1465.699951171875,-0.022280051336141082,0.0067547253804493,0.0067547253804493,0.008874652444521779,0.009306285413735581,1,0,0.0,5,15.14649386662601,0.0,0.0,0.0,0.0,0.0,0.0,,0.0,0.0,0.0,0.009306285413735581,0.0,0.0,0.0,0,0.0,0.0
2019-10-01,139.6300048828125,0.005472814807717441,1482.0,0.01112099977563119,-0.00564818496791375,0.00564818496791375,0.008778257542073085,0.009673599536626548,0,0,0.0,5,21.567635238807583,0.0,0.0,0.0,0.0,0.0,0.0,,0.0,0.0,0.0,0.009673599536626548,0.0,0.0,0.0,0,0.0,0.0
2019-10-02,141.25999450683594,0.011673634369571584,1501.0,0.012820512820512775,-0.0011468784509411911,0.0011468784509411911,0.009175866700531145,0.010235611074844091,0,0,0.0,5,11.669730266316021,0.0,0.0,0.0,0.0,0.0,0.0,,0.0,0.0,0.0,0.010235611074844091,0.0,0.0,0.0,0,0.0,0.0
2019-10-03,141.89999389648438,0.004530648552570016,1507.0999755859375,0.004063941096560608,0.00046670745600940755,0.00046670745600940755,0.009234673042373446,0.010261150157847869,1,0,0.0,5,9.526792713578871,0.0,0.0,0.0,0.0,0.0,0.0,,0.0,0.0,0.0,0.010261150157847869,0.0,0.0,0.0,0,0.0,0.0
2019-10-04,141.89999389648438,0.0,1506.199951171875,-0.0005971895883765121,0.0005971895883765121,0.0005971895883765121,0.008926728458003408,0.010149040819560353,1,0,0.0,5,inf,0.0,0.0,0.0,0.0,0.0,0.0,,0.0,0.0,0.0,0.010149040819560353,0.0,0.0,0.0,0,0.0,0.0
2019-10-07,140.69000244140625,-0.008527071931805796,1497.699951171875,-0.005643341040734162,-0.002883730891071634,0.002883730891071634,0.008979486060726261,0.010051121267241194,0,0,0.0,5,7.045274979035546,0.0,0.0,0.0,0.0,0.0,0.0,,0.0,0.0,0.0,0.010051121267241194,0.0,0.0,0.0,0,0.0,0.0
2019-10-08,141.9199981689453,0.00874259511120079,1497.199951171875,-0.0003338452402357195,0.00907644035143651,0.00907644035143651,0.009265190156908104,0.010042289374674461,1,0,0.0,5,0.4028478316536926,0.0,0.0,0.0,0.0,0.0,0.0,,0.0,0.0,0.0,0.010042289374674461,0.0,0.0,0.0,0,0.0,0.0
2019-10-09,142.0500030517578,0.0009160434363713055,1506.0999755859375,0.005944446102269962,-0.005028402665898657,0.005028402665898657,0.009090585604672711,0.010163092716220326,0,0,0.0,5,68.80308007636194,0.0,0.0,0.0,0.0,0.0,0.0,,0.0,0.0,0.0,0.010163092716220326,0.0,0.0,0.0,0,0.0,0.0
2019-10-10,140.80999755859375,-0.008729359144837523,1494.800048828125,-0.007502773349037706,-0.0012265857957998172,0.0012265857957998172,0.009346474022339568,0.010231981299894312,0,0,0.0,5,9.124079858610397,0.0,0.0,0.0,0.0,0.0,0.0,,0.0,0.0,0.0,0.010231981299894312,0.0,0.0,0.0,0,0.0,0.0
2019-10-11,140.02999877929688,-0.005539370732339566,1482.699951171875,-0.00809479345798525,0.002555422725645684,0.002555422725645684,0.00881382979535603,0.010280706690854855,1,0,0.0,5,15.473106978941464,0.0,0.0,0.0,0.0,0.0,0.0,,0.0,0.0,0.0,0.010280706690854855,0.0,0.0,0.0,0,0.0,0.0
2019-10-14,140.58999633789062,0.003999125640758994,1491.699951171875,0.006070007618794726,-0.0020708819780357324,0.0020708819780357324,0.008733342459666213,0.009951850984854451,0,0,0.0,5,16.104648245045823,0.0,0.0,0.0,0.0,0.0,0.0,,0.0,0.0,0.0,0.009951850984854451,0.0,0.0,0.0,0,0.0,0.0
2019-10-15,139.61000061035156,-0.006970593591764218,1477.5999755859375,-0.009452286684638267,0.002481693092874049,0.002481693092874049,0.008631315116351467,0.009962941097312371,1,0,0.0,5,14.351836189507225,0.0,0.0,0.0,0.0,0.0,0.0,,0.0,0.0,0.0,0.009962941097312371,0.0,0.0,0.0,0,0.0,0.0
2019-10-16,140.41000366210938,0.0057302703836425994,1488.0,0.007038457353749195,-0.0013081869701065951,0.0013081869701065951,0.00757082806164002,0.009233422397019027,0,0,0.0,5,13.016890436183974,0.0,0.0,0.0,0.0,0.0,0.0,,0.0,0.0,0.0,0.009233422397019027,0.0,0.0,0.0,0,0.0,0.0
2019-10-17,140.61000061035156,0.0014243781997433924,1492.300048828125,0.0028898177608367437,-0.0014654395610933513,0.0014654395610933513,0.007589450102817257,0.009256293836184605,0,0,0.0,5,21.532035187253694,0.0,0.0,0.0,0.0,0.0,0.0,,0.0,0.0,0.0,0.009256293836184605,0.0,0.0,0.0,0,0.0,0.0
2019-10-18,140.4600067138672,-0.0010667370445437419,1488.199951171875,-0.0027475021926520737,0.0016807651481083319,0.0016807651481083319,0.007484481120468761,0.009177075995393616,1,0,0.0,5,27.289103702798702,0.0,0.0,0.0,0.0,0.0,0.0,,0.0,0.0,0.0,0.009177075995393616,0.0,0.0,0.0,0,0.0,0.0
2019-10-21,139.7899932861328,-0.004770136663166058,1482.4000244140625,-0.0038972765408609167,-0.0008728601223051413,0.0008728601223051413,0.006345974130109229,0.007029288489046663,0,0,0.0,5,8.664025685130051,0.0,0.0,0.0,0.0,0.0,0.0,,0.0,0.0,0.0,0.007029288489046663,0.0,0.0,0.0,0,0.0,0.0
2019-10-22,140.1999969482422,0.002932997222985456,1481.699951171875,-0.00047225663158245723,0.0034052538545679134,0.0034052538545679134,0.006235566912426267,0.006422015663165165,1,0,0.0,5,1.7016830608182505,0.0,0.0,0.0,0.0,0.0,0.0,,0.0,0.0,0.0,0.006422015663165165,0.0,0.0,0.0,0,0.0,0.0
2019-10-23,140.52999877929688,0.0023537934253772264,1489.9000244140625,0.005534233321464299,-0.0031804398960870728,0.0031804398960870728,0.005432896918378011,0.005607382423909238,0,0,0.0,5,24.927412716417653,0.0,0.0,0.0,0.0,0.0,0.0,,0.0,0.0,0.0,0.005607382423909238,0.0,0.0,0.0,0,0.0,0.0
2019-10-24,141.52999877929688,0.007115918371069618,1498.9000244140625,0.006040673771744887,0.0010752445993247317,0.0010752445993247317,0.0056353948922144735,0.005743379480219822,1,0,0.0,5,8.990391174226113,0.0,0.0,0.0,0.0,0.0,0.0,,0.0,0.0,0.0,0.005743379480219822,0.0,0.0,0.0,0,0.0,0.0
2019-10-25,141.86000061035156,0.0023316740895991117,1499.5,0.000400277254096304,0.0019313968355028077,0.0019313968355028077,0.005672138461872291,0.005746065030120629,1,0,0.0,5,1.8145944485003285,0.0,0.0,0.0,0.0,0.0,0.0,,0.0,0.0,0.0,0.005746065030120629,0.0,0.0,0.0,0,0.0,0.0
2019-10-28,140.63999938964844,-0.008600036764796815,1490.0,-0.006335445148382801,-0.0022645916164140134,0.0022645916164140134,0.005679995840808164,0.005794765663563062,0,0,0.0,5,7.804664521366652,0.0,0.0,0.0,0.0,0.0,0.0,,0.0,0.0,0.0,0.005794765663563062,0.0,0.0,0.0,0,0.0,0.0
2019-10-29,140.25,-0.0027730332148816483,1487.0,-0.00201342281879191,-0.0007596103960897382,0.0007596103960897382,0.005167828327110162,0.005811093247061843,0,0,0.0,5,7.698179145207197,0.0,0.0,0.0,0.0,0.0,0.0,,0.0,0.0,0.0,0.005811093247061843,0.0,0.0,0.0,0,0.0,0.0
2019-10-30,141.02000427246094,0.005490226541611021,1493.199951171875,0.004169435892316775,0.0013207906492942456,0.0013207906492942456,0.00540437053255709,0.005688581794358298,1,0,0.0,5,8.041263235644434,0.0,0.0,0.0,0.0,0.0,0.0,,0.0,0.0,0.0,0.005688581794358298,0.0,0.0,0.0,0,0.0,0.0
2019-10-31,142.42999267578125,0.009998499224238566,1511.4000244140625,0.012188637715869088,-0.002190138491630522,0.002190138491630522,0.005522315265063804,0.006218886885685614,0,0,0.0,5,12.935949883438692,0.0,0.0,0.0,0.0,0.0,0.0,,0.0,0.0,0.0,0.006218886885685614,0.0,0.0,0.0,0,0.0,0.0
2019-11-01,142.55999755859375,0.000912763389017579,1508.0,-0.002249586052098018,0.0031623494411155972,0.0031623494411155972,0.005239195549610015,0.005793344139127112,1,0,0.0,5,26.070421976280805,0.0,0.0,0.0,0.0,0.0,0.0,,0.0,0.0,0.0,0.005793344139127112,0.0,0.0,0.0,0,0.0,0.0
2019-11-04,142.14999389648438,-0.002876007780098777,1508.0,0.0,-0.002876007780098777,0.002876007780098777,0.005278094690828458,0.005634521194919434,0,0,0.0,5,0.0,0.0,0.0,0.0,0.0,0.0,0.0,,0.0,0.0,0.0,0.005634521194919434,0.0,0.0,0.0,0,0.0,0.0
2019-11-05,139.85000610351562,-0.016180006273117664,1480.800048828125,-0.018037102899121304,0.0018570966260036403,0.0018570966260036403,0.006608217944566035,0.007011450203930349,1,0,0.0,5,11.803805035957122,0.0,0.0,0.0,0.0,0.0,0.0,,0.0,0.0,0.0,0.007011450203930349,0.0,0.0,0.0,0,0.0,0.0
2019-11-06,140.4499969482422,0.004290245395359271,1490.199951171875,0.006347853885599886,-0.0020576084902406144,0.0020576084902406144,0.006531135903102949,0.006965223160139306,0,0,0.0,5,15.698841275466101,0.0,0.0,0.0,0.0,0.0,0.0,,0.0,0.0,0.0,0.006965223160139306,0.0,0.0,0.0,0,0.0,0.0
2019-11-07,138.27000427246094,-0.015521486102876958,1464.199951171875,-0.01744732307872776,0.0019258369758508032,0.0019258369758508032,0.007645000997508996,0.008248878964644095,1,0,0.0,5,11.90331466956677,0.0,0.0,0.0,0.0,0.0,0.0,,0.0,0.0,0.0,0.008248878964644095,0.0,0.0,0.0,0,0.0,0.0
2019-11-08,137.38999938964844,-0.006364394703267995,1461.300048828125,-0.0019805371127277205,-0.004383857590540274,0.004383857590540274,0.00776523502436189,0.008241204713297036,0,0,0.0,5,3.3098640550642138,0.0,0.0,0.0,0.0,0.0,0.0,,0.0,0.0,0.0,0.008241204713297036,0.0,0.0,0.0,0,0.0,0.0
2019-11-11,137.05999755859375,-0.002401934875323586,1455.5,-0.0039691019190591925,0.0015671670437356067,0.0015671670437356067,0.007716700308194531,0.008242914832570744,1,0,0.0,5,17.54819747193045,0.0,0.0,0.0,0.0,0.0,0.0,,0.0,0.0,0.0,0.008242914832570744,0.0,0.0,0.0,0,0.0,0.0
2019-11-12,137.42999267578125,0.0026995120660886496,1452.0999755859375,-0.00233598379530231,0.0050354958613909595,0.0050354958613909595,0.007707812368959693,0.008245397554447163,1,0,0.0,5,9.143227954770271,0.0,0.0,0.0,0.0,0.0,0.0,,0.0,0.0,0.0,0.008245397554447163,0.0,0.0,0.0,0,0.0,0.0
2019-11-13,137.97999572753906,0.004002059820052306,1461.699951171875,0.006611098235205004,-0.002609038415152698,0.002609038415152698,0.007775102422483238,0.00831367401416988,0,0,0.0,5,17.499761903889635,0.0,0.0,0.0,0.0,0.0,0.0,,0.0,0.0,0.0,0.00831367401416988,0.0,0.0,0.0,0,0.0,0.0
2019-11-14,138.55999755859375,0.004203521155341949,1471.800048828125,0.006909829646058796,-0.0027063084907168466,0.0027063084907168466,0.007586911995842255,0.008370879920440132,0,0,0.0,5,17.460836631969663,0.0,0.0,0.0,0.0,0.0,0.0,,0.0,0.0,0.0,0.008370879920440132,0.0,0.0,0.0,0,0.0,0.0
2019-11-15,138.2100067138672,-0.0025259154943226836,1467.300048828125,-0.003057480534521595,0.0005315650401989114,0.0005315650401989114,0.007520275150156677,0.008371782282827088,1,0,0.0,5,12.850627288364334,0.0,0.0,0.0,0.0,0.0,0.0,,0.0,0.0,0.0,0.008371782282827088,0.0,0.0,0.0,0,0.0,0.0
2019-11-18,138.6199951171875,0.0029664162029099383,1470.9000244140625,0.0024534692742719244,0.0005129469286380139,0.0005129469286380139,0.007354467811524995,0.008310013874418182,1,0,0.0,5,8.776185916357958,0.0,0.0,0.0,0.0,0.0,0.0,,0.0,0.0,0.0,0.008310013874418182,0.0,0.0,0.0,0,0.0,0.0
2019-11-19,138.69000244140625,0.0005050304911609071,1473.300048828125,0.0016316706602941267,-0.0011266401691332195,0.0011266401691332195,0.0073447626258294745,0.008326132887470205,0,0,0.0,5,34.321080542534105,0.0,0.0,0.0,0.0,0.0,0.0,,0.0,0.0,0.0,0.008326132887470205,0.0,0.0,0.0,0,0.0,0.0
2019-11-20,138.75999450683594,0.0005046655432805469,1473.300048828125,0.0,0.0005046655432805469,0.0005046655432805469,0.007153981868513172,0.00822507904650343,1,0,0.0,5,0.0,0.0,0.0,0.0,0.0,0.0,0.0,,0.0,0.0,0.0,0.00822507904650343,0.0,0.0,0.0,0,0.0,0.0
2019-11-21,138.0,-0.005477043362080103,1463.0999755859375,-0.0069232830408855195,0.0014462396788054166,0.0014462396788054166,0.006535612315453667,0.0075080162763576175,1,0,0.0,5,13.40172877433521,0.0,0.0,0.0,0.0,0.0,0.0,,0.0,0.0,0.0,0.0075080162763576175,0.0,0.0,0.0,0,0.0,0.0
2019-11-22,137.74000549316406,-0.0018840181654777854,1463.0999755859375,0.0,-0.0018840181654777854,0.0018840181654777854,0.006483694784383599,0.0075280355943075595,0,0,0.0,5,0.0,0.0,0.0,0.0,0.0,0.0,0.0,,0.0,0.0,0.0,0.0075280355943075595,0.0,0.0,0.0,0,0.0,0.0
2019-11-25,137.0800018310547,-0.004791662812458131,1456.5999755859375,-0.004442621904492183,-0.00034904090796594733,0.00034904090796594733,0.0065152605036455594,0.007531692086459578,0,0,0.0,5,9.851884258677432,0.0,0.0,0.0,0.0,0.0,0.0,,0.0,0.0,0.0,0.007531692086459578,0.0,0.0,0.0,0,0.0,0.0
2019-11-26,137.74000549316406,0.004814733391401704,1459.800048828125,0.0021969472029548243,0.00261778618844688,0.00261778618844688,0.0055226110076759165,0.006203330394623103,1,0,0.0,5,4.835937219993553,0.0,0.0,0.0,0.0,0.0,0.0,,0.0,0.0,0.0,0.006203330394623103,0.0,0.0,0.0,0,0.0,0.0
2019-11-27,137.00999450683594,-0.005299919828770094,1453.4000244140625,-0.00438417879160935,-0.0009157410371607444,0.0009157410371607444,0.005420764809763044,0.005915745982132584,0,0,0.0,5,8.775095890493496,0.0,0.0,0.0,0.0,0.0,0.0,,0.0,0.0,0.0,0.005915745982132584,0.0,0.0,0.0,0,0.0,0.0
2019-11-29,137.86000061035156,0.006203971517371398,1465.5999755859375,0.008394076625114488,-0.00219010510774309,0.00219010510774309,0.004214481024667106,0.004603656553100584,0,0,0.0,5,14.384020954366555,0.0,0.0,0.0,0.0,0.0,0.0,,0.0,0.0,0.0,0.004603656553100584,0.0,0.0,0.0,0,0.0,0.0
2019-12-02,137.7899932861328,-0.0005078146228696401,1462.300048828125,-0.0022515876178922367,0.0017437729950225966,0.0017437729950225966,0.0038577677149260517,0.0046128180731499335,1,0,0.0,5,47.054641036402714,0.0,0.0,0.0,0.0,0.0,0.0,,0.0,0.0,0.0,0.0046128180731499335,0.0,0.0,0.0,0,0.0,0.0
2019-12-03,139.11000061035156,0.00957984896245434,1478.199951171875,0.010873214670608755,-0.0012933657081544148,0.0012933657081544148,0.0044719386665866365,0.005237446261105435,0,0,0.0,5,12.060744895676395,0.0,0.0,0.0,0.0,0.0,0.0,,0.0,0.0,0.0,0.005237446261105435,0.0,0.0,0.0,0,0.0,0.0
2019-12-04,138.9199981689453,-0.0013658431498282386,1474.0,-0.002841260526727396,0.0014754173768991574,0.0014754173768991574,0.004484726265116595,0.005262310514942169,1,0,0.0,5,22.072063835732525,0.0,0.0,0.0,0.0,0.0,0.0,,0.0,0.0,0.0,0.005262310514942169,0.0,0.0,0.0,0,0.0,0.0
2019-12-05,139.0,0.0005758841931267078,1476.9000244140625,0.001967452112661139,-0.001391567919534431,0.001391567919534431,0.00439239225771324,0.0050413003889500955,0,0,0.0,5,36.29989006536859,0.0,0.0,0.0,0.0,0.0,0.0,,0.0,0.0,0.0,0.0050413003889500955,0.0,0.0,0.0,0,0.0,0.0
2019-12-06,137.6199951171875,-0.009928092682104261,1459.0999755859375,-0.012052304512072065,0.0021242118299678037,0.0021242118299678037,0.005013001504721376,0.005706892744049431,1,0,0.0,5,12.870866486706662,0.0,0.0,0.0,0.0,0.0,0.0,,0.0,0.0,0.0,0.005706892744049431,0.0,0.0,0.0,0,0.0,0.0
2019-12-09,137.5800018310547,-0.00029060665275248976,1459.300048828125,0.0001371209961862352,-0.00042772764893872495,0.00042772764893872495,0.004979741923469582,0.005666595325626447,0,0,0.0,5,5.004811138970846,0.0,0.0,0.0,0.0,0.0,0.0,,0.0,0.0,0.0,0.005666595325626447,0.0,0.0,0.0,0,0.0,0.0
2019-12-10,137.97000122070312,0.0028347098739491816,1462.5999755859375,0.002261307919822597,0.0005734019541265845,0.0005734019541265845,0.004973696835906326,0.005660019477660764,1,0,0.0,5,8.4565258549924,0.0,0.0,0.0,0.0,0.0,0.0,,0.0,0.0,0.0,0.005660019477660764,0.0,0.0,0.0,0,0.0,0.0
2019-12-11,138.9199981689453,0.00688553265084435,1469.4000244140625,0.004649288213888214,0.0022362444369561363,0.0022362444369561363,0.005309151448512179,0.005788128815269766,1,0,0.0,5,7.142071623112215,0.0,0.0,0.0,0.0,0.0,0.0,,0.0,0.0,0.0,0.005788128815269766,0.0,0.0,0.0,0,0.0,0.0
2019-12-12,138.42999267578125,-0.003527249493396556,1466.699951171875,-0.001837534502059257,-0.0016897149913372989,0.0016897149913372989,0.005389932201979054,0.0058039003773327,0,0,0.0,5,5.519635562620293,0.0,0.0,0.0,0.0,0.0,0.0,,0.0,0.0,0.0,0.0058039003773327,0.0,0.0,0.0,0,0.0,0.0
2019-12-13,139.0500030517578,0.004478873140076667,1475.5999755859375,0.006068060755679117,-0.0015891876156024498,0.0015891876156024498,0.005298679606153708,0.005710886014729767,0,0,0.0,5,14.377348351209667,0.0,0.0,0.0,0.0,0.0,0.0,,0.0,0.0,0.0,0.005710886014729767,0.0,0.0,0.0,0,0.0,0.0
2019-12-16,139.0399932861328,-7.198680622300113e-05,1475.0,-0.0004065977201573867,0.0003346109139343856,0.0003346109139343856,0.005260510278364847,0.005714812080933184,1,0,0.0,5,59.918966694658955,0.0,0.0,0.0,0.0,0.0,0.0,,0.0,0.0,0.0,0.005714812080933184,0.0,0.0,0.0,0,0.0,0.0
2019-12-17,139.00999450683594,-0.00021575647831872935,1474.5999755859375,-0.00027120299258476255,5.54465142660332e-05,5.54465142660332e-05,0.005051597049758552,0.005553440807338788,1,0,0.0,5,13.333950203710426,0.0,0.0,0.0,0.0,0.0,0.0,,0.0,0.0,0.0,0.005553440807338788,0.0,0.0,0.0,0,0.0,0.0
2019-12-18,139.02000427246094,7.200752478642158e-05,1472.5999755859375,-0.0013563000360183874,0.001428307560804809,0.001428307560804809,0.00493922393391949,0.005566895401348197,1,0,0.0,5,199.51951577877492,0.0,0.0,0.0,0.0,0.0,0.0,,0.0,0.0,0.0,0.005566895401348197,0.0,0.0,0.0,0,0.0,0.0
2019-12-19,139.3800048828125,0.002589559770448613,1478.199951171875,0.003802781256810217,-0.0012132214863616042,0.0012132214863616042,0.004675904883600882,0.005443652635557474,0,0,0.0,5,15.574284841103474,0.0,0.0,0.0,0.0,0.0,0.0,,0.0,0.0,0.0,0.005443652635557474,0.0,0.0,0.0,0,0.0,0.0
2019-12-20,139.52000427246094,0.0010044438566789715,1474.699951171875,-0.0023677446323991935,0.003372188489078165,0.003372188489078165,0.004462679626059702,0.0051191578295859234,1,0,0.0,5,24.915888506808187,0.0,0.0,0.0,0.0,0.0,0.0,,0.0,0.0,0.0,0.0051191578295859234,0.0,0.0,0.0,0,0.0,0.0
2019-12-23,139.9499969482422,0.003081942822633188,1482.5,0.00528924465070113,-0.0022073018280679424,0.0022073018280679424,0.004483307100424898,0.005207048766458816,0,0,0.0,5,18.17987475481987,0.0,0.0,0.0,0.0,0.0,0.0,,0.0,0.0,0.0,0.005207048766458816,0.0,0.0,0.0,0,0.0,0.0
2019-12-24,141.27000427246094,0.009431992518777577,1499.0999755859375,0.011197285386804312,-0.0017652928680267355,0.0017652928680267355,0.004463324292246325,0.005251741992477437,0,0,0.0,5,12.597661610305835,0.0,0.0,0.0,0.0,0.0,0.0,,0.0,0.0,0.0,0.005251741992477437,0.0,0.0,0.0,0,0.0,0.0
2019-12-26,142.3800048828125,0.007857298625196796,1509.300048828125,0.00680413141771985,0.001053167207476946,0.001053167207476946,0.00473564685061264,0.0053441520389280505,1,0,0.0,5,9.179647752069691,0.0,0.0,0.0,0.0,0.0,0.0,,0.0,0.0,0.0,0.0053441520389280505,0.0,0.0,0.0,0,0.0,0.0
2019-12-27,142.3300018310547,-0.0003511943393945671,1513.800048828125,0.0029815145129650222,-0.0033327088523595894,0.0033327088523595894,0.004756696035630765,0.005355637958576746,0,0,0.0,5,90.29453803103965,0.0,0.0,0.0,0.0,0.0,0.0,,0.0,0.0,0.0,0.005355637958576746,0.0,0.0,0.0,0,0.0,0.0
2019-12-30,142.6300048828125,0.0021077991140190377,1514.5,0.0004623802016765488,0.001645418912342489,0.001645418912342489,0.0035325828127355974,0.003822185591952743,1,0,0.0,5,2.3293159098149263,0.0,0.0,0.0,0.0,0.0,0.0,,0.0,0.0,0.0,0.003822185591952743,0.0,0.0,0.0,0,0.0,0.0
2019-12-31,142.89999389648438,0.0018929327941459295,1519.5,0.003301419610432399,-0.0014084868162864694,0.0014084868162864694,0.003458330185025654,0.0037697611759291514,0,0,0.0,5,18.545306937929283,0.0,0.0,0.0,0.0,0.0,0.0,,0.0,0.0,0.0,0.0037697611759291514,0.0,0.0,0.0,0,0.0,0.0
2020-01-02,143.9499969482422,0.0073478173310379535,1524.5,0.0032905561039815456,0.004057261227056408,0.004057261227056408,0.0036754839575875524,0.0037704713990275333,1,1,1.0,5,4.742711612430697,-24.0,5.0,3454.7999267578125,-7622.5,0.0,0.0,Opened,3454.7999267578125,-7622.5,0.0,0.0037704713990275333,11077.299926757812,0.0,0.0,0,0.0,11077.299926757812
2020-01-03,145.86000061035156,0.013268521727000326,1549.199951171875,0.01620200142464734,-0.0029334796976470123,0.0029334796976470123,0.004462652314162102,0.005119510215727673,0,0,-1.0,5,12.969325485147795,24.0,-5.0,-3500.6400146484375,7745.999755859375,-45.840087890625,123.499755859375,Closed,-3500.6400146484375,7745.999755859375,77.65966796875,0.005119510215727673,11246.639770507812,77.65966796875,0.006905144074445934,0,77.65966796875,0.0
2020-01-06,147.38999938964844,0.010489502076611812,1566.199951171875,0.010973405974574524,-0.00048390389796271194,0.00048390389796271194,0.0044060793135743456,0.005225112499283913,0,0,0.0,5,11.116440876733115,0.0,0.0,0.0,0.0,0.0,0.0,,0.0,0.0,0.0,0.005225112499283913,0.0,0.0,0.0,0,0.0,0.0
2020-01-07,147.97000122070312,0.003935150508558971,1571.800048828125,0.003575595601353454,0.0003595549072055171,0.0003595549072055171,0.004405848200464731,0.0052078142322355666,1,0,0.0,5,9.651852298487114,0.0,0.0,0.0,0.0,0.0,0.0,,0.0,0.0,0.0,0.0052078142322355666,0.0,0.0,0.0,0,0.0,0.0
2020-01-08,146.86000061035156,-0.007501524641443713,1557.4000244140625,-0.009161486173001832,0.0016599615315581184,0.0016599615315581184,0.005252225432266759,0.00616705436503014,1,0,0.0,5,12.95129040969655,0.0,0.0,0.0,0.0,0.0,0.0,,0.0,0.0,0.0,0.00616705436503014,0.0,0.0,0.0,0,0.0,0.0
2020-01-09,146.02999877929688,-0.005651653463197515,1551.699951171875,-0.0036599930350791343,-0.0019916604281183803,0.0019916604281183803,0.005707124382511976,0.006379310694454449,0,0,0.0,5,6.881298527908149,0.0,0.0,0.0,0.0,0.0,0.0,,0.0,0.0,0.0,0.006379310694454449,0.0,0.0,0.0,0,0.0,0.0
2020-01-10,146.91000366210938,0.006026192495848015,1557.5,0.0037378675070167677,0.0022883249888312474,0.0022883249888312474,0.005673165171858469,0.0062408378498086,1,0,0.0,5,6.575936165123958,0.0,0.0,0.0,0.0,0.0,0.0,,0.0,0.0,0.0,0.0062408378498086,0.0,0.0,0.0,0,0.0,0.0
2020-01-13,145.82000732421875,-0.007419483430124996,1548.4000244140625,-0.005842680954052937,-0.001576802476072059,0.001576802476072059,0.00636035015378814,0.006715213882863951,0,0,0.0,5,8.36189204503389,0.0,0.0,0.0,0.0,0.0,0.0,,0.0,0.0,0.0,0.006715213882863951,0.0,0.0,0.0,0,0.0,0.0
2020-01-14,145.69000244140625,-0.0008915435213457945,1542.4000244140625,-0.0038749676475047234,0.002983424126158929,0.002983424126158929,0.006422117816255344,0.0068137300026233985,1,0,0.0,5,46.01429848227264,0.0,0.0,0.0,0.0,0.0,0.0,,0.0,0.0,0.0,0.0068137300026233985,0.0,0.0,0.0,0,0.0,0.0
2020-01-15,146.5399932861328,0.005834242779070742,1552.0999755859375,0.0062888686581550335,-0.00045462587908429164,0.00045462587908429164,0.006466598882085497,0.006842354483846024,0,0,0.0,5,11.416988197008468,0.0,0.0,0.0,0.0,0.0,0.0,,0.0,0.0,0.0,0.006842354483846024,0.0,0.0,0.0,0,0.0,0.0
2020-01-16,146.30999755859375,-0.0015695082440052577,1549.0,-0.001997278290509108,0.0004277700465038503,0.0004277700465038503,0.006318318651687215,0.006567587802479761,1,0,0.0,5,13.472630373756209,0.0,0.0,0.0,0.0,0.0,0.0,,0.0,0.0,0.0,0.006567587802479761,0.0,0.0,0.0,0,0.0,0.0
2020-01-17,146.5800018310547,0.0018454259925253513,1558.800048828125,0.006326693885167822,-0.004481267892642471,0.004481267892642471,0.006132528577024157,0.006544826152453029,0,0,0.0,5,36.45825485253658,0.0,0.0,0.0,0.0,0.0,0.0,,0.0,0.0,0.0,0.006544826152453029,0.0,0.0,0.0,0,0.0,0.0
2020-01-21,146.74000549316406,0.0010915790702048511,1556.4000244140625,-0.001539661495306488,0.002631240565511339,0.002631240565511339,0.006104984128239462,0.0066087565225033465,1,0,0.0,5,14.960384198460622,0.0,0.0,0.0,0.0,0.0,0.0,,0.0,0.0,0.0,0.0066087565225033465,0.0,0.0,0.0,0,0.0,0.0
2020-01-22,146.7899932861328,0.0003406555206315609,1555.300048828125,-0.000706743490544226,0.001047399011175787,0.001047399011175787,0.006120895321325614,0.006633419015621041,1,0,0.0,5,21.981843959854206,0.0,0.0,0.0,0.0,0.0,0.0,,0.0,0.0,0.0,0.006633419015621041,0.0,0.0,0.0,0,0.0,0.0
2020-01-23,147.1199951171875,0.002248122121045526,1564.5999755859375,0.005979506504111276,-0.00373138438306575,0.00373138438306575,0.006121404300057885,0.0067124521417938855,0,0,0.0,5,28.28635977867006,0.0,0.0,0.0,0.0,0.0,0.0,,0.0,0.0,0.0,0.0067124521417938855,0.0,0.0,0.0,0,0.0,0.0
2020-01-24,147.97999572753906,0.005845572586286041,1571.0999755859375,0.004154416529097649,0.0016911560571883921,0.0016911560571883921,0.006038682538615206,0.006728253053471739,1,0,0.0,5,7.5454264701940845,0.0,0.0,0.0,0.0,0.0,0.0,,0.0,0.0,0.0,0.006728253053471739,0.0,0.0,0.0,0,0.0,0.0
2020-01-27,148.99000549316406,0.006825312844883635,1576.800048828125,0.0036280779904294125,0.003197234854454223,0.003197234854454223,0.0053601998926458665,0.005509399349038649,1,0,0.0,5,5.625660768069276,0.0,0.0,0.0,0.0,0.0,0.0,,0.0,0.0,0.0,0.005509399349038649,0.0,0.0,0.0,0,0.0,0.0
2020-01-28,147.66000366210938,-0.008926785569624784,1569.199951171875,-0.004819950165462217,-0.004106835404162568,0.004106835404162568,0.005360536671545794,0.004991357674022222,0,0,0.0,5,5.738030552876577,0.0,0.0,0.0,0.0,0.0,0.0,,0.0,0.0,0.0,0.005360536671545794,0.0,0.0,0.0,0,0.0,0.0
2020-01-29,148.4600067138672,0.005417872354848807,1569.800048828125,0.000382422683483874,0.005035449671364933,0.005035449671364933,0.0054485558008409785,0.0049016164876307805,1,0,0.0,5,0.7463623753553308,0.0,0.0,0.0,0.0,0.0,0.0,,0.0,0.0,0.0,0.0054485558008409785,0.0,0.0,0.0,0,0.0,0.0
2020-01-30,148.47000122070312,6.732120695107646e-05,1583.5,0.008727195022131706,-0.00865987381518063,0.00865987381518063,0.0050141257956693094,0.004704820021882101,0,1,1.0,5,1382.61779802508,6914.0,-5.0,-1026521.5884399414,7917.5,0.0,0.0,Opened,-1026521.5884399414,7917.5,0.0,0.0050141257956693094,1034439.0884399414,0.0,0.0,0,0.0,1034439.0884399414
2020-01-31,149.3300018310547,0.005792420039608892,1582.9000244140625,-0.00037889206563779254,0.006171312105246685,0.006171312105246685,0.004839926544603059,0.004540157129049912,1,0,-1.0,5,0.6933649416921581,-6914.0,5.0,1032467.6326599121,-7914.5001220703125,5946.044219970703,2.9998779296875,Closed,1032467.6326599121,-7914.5001220703125,5949.044097900391,0.004839926544603059,1040382.1327819824,5949.044097900391,0.005718133664976198,0,5949.044097900391,0.0
2020-02-03,148.36000061035156,-0.006495688802043542,1577.199951171875,-0.003601031748229011,-0.002894657053814531,0.002894657053814531,0.005077862593327218,0.00465695639743979,0,0,0.0,5,5.893478023967577,0.0,0.0,0.0,0.0,0.0,0.0,,0.0,0.0,0.0,0.005077862593327218,0.0,0.0,0.0,0,0.0,0.0
2020-02-04,146.42999267578125,-0.01300895070524588,1550.4000244140625,-0.01699209205395924,0.003983141348713359,0.003983141348713359,0.005858715283384175,0.006374316014186161,1,0,0.0,5,13.829876759480038,0.0,0.0,0.0,0.0,0.0,0.0,,0.0,0.0,0.0,0.006374316014186161,0.0,0.0,0.0,0,0.0,0.0
2020-02-05,146.61000061035156,0.0012293105482077404,1557.800048828125,0.004772977488090024,-0.003543666939882284,0.003543666939882284,0.0058536395326109995,0.006379705186219112,0,0,0.0,5,41.25493388253211,0.0,0.0,0.0,0.0,0.0,0.0,,0.0,0.0,0.0,0.006379705186219112,0.0,0.0,0.0,0,0.0,0.0
2020-02-06,147.39999389648438,0.005388399719282511,1565.0999755859375,0.004686048612788207,0.0007023511064943033,0.0007023511064943033,0.005825333484337721,0.006291899115067647,1,0,0.0,5,9.234036862194356,0.0,0.0,0.0,0.0,0.0,0.0,,0.0,0.0,0.0,0.006291899115067647,0.0,0.0,0.0,0,0.0,0.0
2020-02-07,147.7899932861328,0.002645857569860688,1568.5999755859375,0.0022362788669072486,0.00040957870295343923,0.00040957870295343923,0.005824898873036747,0.006263169873916542,1,0,0.0,5,8.970707006973896,0.0,0.0,0.0,0.0,0.0,0.0,,0.0,0.0,0.0,0.006263169873916542,0.0,0.0,0.0,0,0.0,0.0
2020-02-10,148.1699981689453,0.0025712490701368385,1574.699951171875,0.003888802550604975,-0.0013175534804681366,0.0013175534804681366,0.005838208145972978,0.006141546401842786,0,0,0.0,5,16.073456668640883,0.0,0.0,0.0,0.0,0.0,0.0,,0.0,0.0,0.0,0.006141546401842786,0.0,0.0,0.0,0,0.0,0.0
2020-02-11,147.66000366210938,-0.0034419552752806837,1565.5999755859375,-0.005778863191787997,0.0023369079165073137,0.0023369079165073137,0.005935001703523197,0.0063458372580502,1,0,0.0,5,17.801439447884846,0.0,0.0,0.0,0.0,0.0,0.0,,0.0,0.0,0.0,0.0063458372580502,0.0,0.0,0.0,0,0.0,0.0
2020-02-12,147.5399932861328,-0.0008127480224853212,1567.4000244140625,0.001149750163640162,-0.001962498186125483,0.001962498186125483,0.005943752274781474,0.006340563749161152,0,0,0.0,5,15.028569650347983,0.0,0.0,0.0,0.0,0.0,0.0,,0.0,0.0,0.0,0.006340563749161152,0.0,0.0,0.0,0,0.0,0.0
2020-02-13,148.3800048828125,0.00569345014846645,1575.0999755859375,0.004912562876061788,0.0007808872724046623,0.0007808872724046623,0.006086924698107458,0.006280834612502434,1,0,0.0,5,9.159364523248597,0.0,0.0,0.0,0.0,0.0,0.0,,0.0,0.0,0.0,0.006280834612502434,0.0,0.0,0.0,0,0.0,0.0
2020-02-14,149.0,0.004178427664004669,1582.699951171875,0.004825075045227001,-0.0006466473812223317,0.0006466473812223317,0.0059986094515557635,0.00631129087442526,0,0,0.0,5,12.266015376526573,0.0,0.0,0.0,0.0,0.0,0.0,,0.0,0.0,0.0,0.00631129087442526,0.0,0.0,0.0,0,0.0,0.0
2020-02-18,150.91000366210938,0.012818816524224008,1600.0,0.0109307192530812,0.001888097271142808,0.001888097271142808,0.006619323156984155,0.00682944553354072,1,0,0.0,5,9.04071463958705,0.0,0.0,0.0,0.0,0.0,0.0,,0.0,0.0,0.0,0.00682944553354072,0.0,0.0,0.0,0,0.0,0.0
2020-02-19,151.7899932861328,0.005831221275388376,1607.5,0.004687499999999956,0.0011437212753884207,0.0011437212753884207,0.006137711921580543,0.006690895119103873,1,0,0.0,5,8.513136536640461,0.0,0.0,0.0,0.0,0.0,0.0,,0.0,0.0,0.0,0.006690895119103873,0.0,0.0,0.0,0,0.0,0.0
2020-02-20,152.41000366210938,0.004084659090851872,1616.5999755859375,0.0056609490425738596,-0.0015762899517219875,0.0015762899517219875,0.00609196671621671,0.006759061387077164,0,0,0.0,5,14.700175652452925,0.0,0.0,0.0,0.0,0.0,0.0,,0.0,0.0,0.0,0.006759061387077164,0.0,0.0,0.0,0,0.0,0.0
2020-02-21,154.6999969482422,0.015025216397275942,1644.5999755859375,0.017320302129691267,-0.002295085732415325,0.002295085732415325,0.006956348233831318,0.0076738670748165245,0,0,0.0,5,12.254756949250991,0.0,0.0,0.0,0.0,0.0,0.0,,0.0,0.0,0.0,0.0076738670748165245,0.0,0.0,0.0,0,0.0,0.0
2020-02-24,156.08999633789062,0.008985128746405113,1672.4000244140625,0.01690383633759951,-0.007918707591194396,0.007918707591194396,0.00710284446240383,0.008459209514787553,0,0,0.0,5,20.15700806658585,0.0,0.0,0.0,0.0,0.0,0.0,,0.0,0.0,0.0,0.008459209514787553,0.0,0.0,0.0,0,0.0,0.0
2020-02-25,153.3000030517578,-0.017874260693127697,1646.9000244140625,-0.015247548210802098,-0.0026267124823255994,0.0026267124823255994,0.00863040349922237,0.00963118661889703,0,0,0.0,5,9.164251513962908,0.0,0.0,0.0,0.0,0.0,0.0,,0.0,0.0,0.0,0.00963118661889703,0.0,0.0,0.0,0,0.0,0.0
2020-02-26,153.97000122070312,0.004370503298157802,1640.0,-0.004189704482223999,0.008560207780381801,0.008560207780381801,0.007537096058563504,0.008200607668075647,1,1,1.0,5,10.210797748033634,-52.0,5.0,8006.4400634765625,-8200.0,0.0,0.0,Opened,8006.4400634765625,-8200.0,0.0,0.008200607668075647,16206.440063476562,0.0,0.0,0,0.0,16206.440063476562
2020-02-27,154.0,0.00019483522153040944,1640.0,0.0,0.00019483522153040944,0.00019483522153040944,0.007562864996837979,0.008251928411395512,1,1,0.0,5,0.0,52.0,-5.0,-8008.0,8200.0,-1.5599365234375,0.0,Live,0.0,0.0,0.0,0.008251928411395512,16208.0,-1.5599365234375,-9.624484966914487e-05,0,0.0,0.0
2020-02-28,148.3800048828125,-0.03649347478693177,1564.0999755859375,-0.046280502691501524,0.009787027904569756,0.009787027904569756,0.012716309985862154,0.015244073188686194,1,1,0.0,5,13.368170572619727,52.0,-5.0,-7715.76025390625,7820.4998779296875,290.6798095703125,-379.5001220703125,Live,0.0,0.0,0.0,0.015244073188686194,15536.260131835938,-88.8203125,-0.005716968674976994,0,0.0,0.0
2020-03-02,149.1999969482422,0.005526297603759334,1592.300048828125,0.01802958486181372,-0.012503287258054385,0.012503287258054385,0.01277235584371213,0.015934318415096883,0,0,-1.0,5,34.81829914467487,52.0,-5.0,-7758.399841308594,7961.500244140625,248.04022216796875,-238.499755859375,Closed,-7758.399841308594,7961.500244140625,9.54046630859375,0.015934318415096883,15719.900085449219,9.54046630859375,0.000606903749816112,0,9.54046630859375,0.0
2020-03-03,153.88999938964844,0.031434333360162325,1642.0999755859375,0.03127546645147916,0.000158866908683164,0.000158866908683164,0.01504473469384337,0.01774073896664307,1,0,0.0,5,10.616680254391138,0.0,0.0,0.0,0.0,0.0,0.0,,0.0,0.0,0.0,0.01774073896664307,0.0,0.0,0.0,0,0.0,0.0
2020-03-04,154.16000366210938,0.0017545277375516921,1641.0999755859375,-0.0006089763198755538,0.002363504057427246,0.002363504057427246,0.014954371929316248,0.01760884506957479,1,0,0.0,5,3.6949068487697763,0.0,0.0,0.0,0.0,0.0,0.0,,0.0,0.0,0.0,0.01760884506957479,0.0,0.0,0.0,0,0.0,0.0
2020-03-05,157.49000549316406,0.021600945458936538,1666.4000244140625,0.015416518922981348,0.00618442653595519,0.00618442653595519,0.015651740767091086,0.017868300318955827,1,0,0.0,5,7.551614733819023,0.0,0.0,0.0,0.0,0.0,0.0,,0.0,0.0,0.0,0.017868300318955827,0.0,0.0,0.0,0,0.0,0.0
2020-03-06,157.5500030517578,0.00038096105467699815,1670.800048828125,0.0026404370796919707,-0.0022594760250149726,0.0022594760250149726,0.015682284964273967,0.017871843615236967,0,0,0.0,5,73.50236378146438,0.0,0.0,0.0,0.0,0.0,0.0,,0.0,0.0,0.0,0.017871843615236967,0.0,0.0,0.0,0,0.0,0.0
2020-03-09,157.80999755859375,0.0016502348575044845,1674.5,0.0022144787309947844,-0.0005642438734902999,0.0005642438734902999,0.015695206699555205,0.017876894045387344,0,0,0.0,5,14.238898553014568,0.0,0.0,0.0,0.0,0.0,0.0,,0.0,0.0,0.0,0.017876894045387344,0.0,0.0,0.0,0,0.0,0.0
2020-03-10,154.47999572753906,-0.02110133630677158,1659.0999755859375,-0.009196789736675148,-0.01190454657009643,0.01190454657009643,0.016735638347386887,0.018067201964462973,0,0,0.0,5,4.680870287059128,0.0,0.0,0.0,0.0,0.0,0.0,,0.0,0.0,0.0,0.018067201964462973,0.0,0.0,0.0,0,0.0,0.0
2020-03-11,153.92999267578125,-0.0035603512879937016,1641.4000244140625,-0.010668405420007354,0.0071080541320136525,0.0071080541320136525,0.016745369130925974,0.018371443332030578,1,0,0.0,5,31.95198529984812,0.0,0.0,0.0,0.0,0.0,0.0,,0.0,0.0,0.0,0.018371443332030578,0.0,0.0,0.0,0,0.0,0.0
2020-03-12,147.7899932861328,-0.0398882588306293,1589.300048828125,-0.031741181193497225,-0.008147077637132072,0.008147077637132072,0.019757214837708457,0.020219118519737008,0,0,0.0,5,8.557341667026334,0.0,0.0,0.0,0.0,0.0,0.0,,0.0,0.0,0.0,0.020219118519737008,0.0,0.0,0.0,0,0.0,0.0
2020-03-13,143.27999877929688,-0.03051623730778741,1515.699951171875,-0.04630975611591981,0.0157935188081324,0.0157935188081324,0.02046266922468859,0.022643447717352102,1,0,0.0,5,16.053479501164546,0.0,0.0,0.0,0.0,0.0,0.0,,0.0,0.0,0.0,0.022643447717352102,0.0,0.0,0.0,0,0.0,0.0
2020-03-16,141.63999938964844,-0.011446115323986206,1485.9000244140625,-0.019660835071461547,0.00821471974747534,0.00821471974747534,0.020149829737073955,0.02205629536206687,1,0,0.0,5,18.01969834113822,0.0,0.0,0.0,0.0,0.0,0.0,,0.0,0.0,0.0,0.02205629536206687,0.0,0.0,0.0,0,0.0,0.0
2020-03-17,143.55999755859375,0.0135554799295321,1524.9000244140625,0.026246718728858642,-0.012691238799326543,0.012691238799326543,0.020487641437417693,0.0235809594347504,0,0,0.0,5,20.566862660143975,0.0,0.0,0.0,0.0,0.0,0.0,,0.0,0.0,0.0,0.0235809594347504,0.0,0.0,0.0,0,0.0,0.0
2020-03-18,140.6999969482422,-0.019921988429849713,1477.300048828125,-0.031215145139910194,0.011293156710060481,0.011293156710060481,0.02072316091048073,0.024539410635558995,1,0,0.0,5,16.451568088327996,0.0,0.0,0.0,0.0,0.0,0.0,,0.0,0.0,0.0,0.024539410635558995,0.0,0.0,0.0,0,0.0,0.0
2020-03-19,138.0399932861328,-0.018905499074657994,1478.5999755859375,0.0008799341466505517,-0.019785433221308546,0.019785433221308546,0.020915166538674798,0.024557506775681567,0,0,0.0,5,0.49854893160212893,0.0,0.0,0.0,0.0,0.0,0.0,,0.0,0.0,0.0,0.024557506775681567,0.0,0.0,0.0,0,0.0,0.0
2020-03-20,140.11000061035156,0.014995707221804766,1484.0,0.003652119912907814,0.011343587308896952,0.011343587308896952,0.019942435608769883,0.022050588547469635,1,0,0.0,5,2.579543416983395,0.0,0.0,0.0,0.0,0.0,0.0,,0.0,0.0,0.0,0.022050588547469635,0.0,0.0,0.0,0,0.0,0.0
2020-03-23,146.3000030517578,0.044179590424960224,1567.0,0.055929919137466255,-0.01175032871250603,0.01175032871250603,0.023406469657074006,0.026406672664588755,0,0,0.0,5,13.559609025532204,0.0,0.0,0.0,0.0,0.0,0.0,,0.0,0.0,0.0,0.026406672664588755,0.0,0.0,0.0,0,0.0,0.0
2020-03-24,153.39999389648438,0.048530353360380474,1660.199951171875,0.059476675923340716,-0.010946322562960242,0.010946322562960242,0.025430101312679223,0.029653452639634717,0,0,0.0,5,13.26380991252315,0.0,0.0,0.0,0.0,0.0,0.0,,0.0,0.0,0.0,0.029653452639634717,0.0,0.0,0.0,0,0.0,0.0
2020-03-25,151.3000030517578,-0.01368964099270864,1632.300048828125,-0.016805145864542737,0.003115504871834096,0.003115504871834096,0.025669298842186127,0.03001424367459971,1,0,0.0,5,13.243759457907657,0.0,0.0,0.0,0.0,0.0,0.0,,0.0,0.0,0.0,0.03001424367459971,0.0,0.0,0.0,0,0.0,0.0
2020-03-26,153.24000549316406,0.012822223412266576,1650.0999755859375,0.010904812978834055,0.0019174104334325204,0.0019174104334325204,0.02521465725024016,0.029871598375031862,1,0,0.0,5,9.157838512261375,0.0,0.0,0.0,0.0,0.0,0.0,,0.0,0.0,0.0,0.029871598375031862,0.0,0.0,0.0,0,0.0,0.0
2020-03-27,152.25,-0.006460489804721581,1623.9000244140625,-0.01587779623023844,0.009417306425516858,0.009417306425516858,0.025239530780673727,0.030125483693461172,1,0,0.0,5,26.21360588566039,0.0,0.0,0.0,0.0,0.0,0.0,,0.0,0.0,0.0,0.030125483693461172,0.0,0.0,0.0,0,0.0,0.0
2020-03-30,152.9199981689453,0.004400644787818209,1622.0,-0.0011700378012791113,0.00557068258909732,0.00557068258909732,0.02527777843840714,0.030108521988232547,1,0,0.0,5,2.8201365958470292,0.0,0.0,0.0,0.0,0.0,0.0,,0.0,0.0,0.0,0.030108521988232547,0.0,0.0,0.0,0,0.0,0.0
2020-03-31,148.0500030517578,-0.03184668568859872,1583.4000244140625,-0.023797765466052723,-0.008048920222545997,0.008048920222545997,0.026005605048638872,0.030600085507000902,0,0,0.0,5,7.9919758909452865,0.0,0.0,0.0,0.0,0.0,0.0,,0.0,0.0,0.0,0.030600085507000902,0.0,0.0,0.0,0,0.0,0.0
2020-04-01,149.4499969482422,0.009456223354449733,1578.199951171875,-0.0032841184552284686,0.012740341809678202,0.012740341809678202,0.026184849107192907,0.030521637510972057,1,0,0.0,5,3.6674753778587528,0.0,0.0,0.0,0.0,0.0,0.0,,0.0,0.0,0.0,0.030521637510972057,0.0,0.0,0.0,0,0.0,0.0
2020-04-02,151.89999389648438,0.0163934225377782,1625.699951171875,0.03009758045216593,-0.013704157914387727,0.013704157914387727,0.024276913095992624,0.03042040975742305,0,0,0.0,5,19.64918707139119,0.0,0.0,0.0,0.0,0.0,0.0,,0.0,0.0,0.0,0.03042040975742305,0.0,0.0,0.0,0,0.0,0.0
2020-04-03,152.64999389648438,0.0049374590529023266,1633.699951171875,0.004920957273962578,1.6501778939748135e-05,1.6501778939748135e-05,0.02253785959162964,0.02733615825394704,1,0,0.0,5,10.666491512507525,0.0,0.0,0.0,0.0,0.0,0.0,,0.0,0.0,0.0,0.02733615825394704,0.0,0.0,0.0,0,0.0,0.0
2020-04-06,156.8800048828125,0.027710521817620126,1677.0,0.026504284827250757,0.0012062369903693693,0.0012062369903693693,0.022828885301140828,0.026914286785826944,1,0,0.0,5,10.22437699252337,0.0,0.0,0.0,0.0,0.0,0.0,,0.0,0.0,0.0,0.026914286785826944,0.0,0.0,0.0,0,0.0,0.0
2020-04-07,156.0399932861328,-0.005354484768834378,1664.800048828125,-0.007274866530635027,0.0019203817618006491,0.0019203817618006491,0.022967290258249305,0.02672031864439308,1,0,0.0,5,14.495509982322705,0.0,0.0,0.0,0.0,0.0,0.0,,0.0,0.0,0.0,0.02672031864439308,0.0,0.0,0.0,0,0.0,0.0
2020-04-08,154.64999389648438,-0.008907968786563414,1665.4000244140625,0.0003603889766581325,-0.009268357763221546,0.009268357763221546,0.022250526586809198,0.02473234293305233,0,0,0.0,5,0.43567382790358405,0.0,0.0,0.0,0.0,0.0,0.0,,0.0,0.0,0.0,0.02473234293305233,0.0,0.0,0.0,0,0.0,0.0
2020-04-09,158.69000244140625,0.026123560972308058,1736.199951171875,0.04251226475316172,-0.016388703780853664,0.016388703780853664,0.021598780060912072,0.026136209945571115,0,0,0.0,5,17.804592492770755,0.0,0.0,0.0,0.0,0.0,0.0,,0.0,0.0,0.0,0.026136209945571115,0.0,0.0,0.0,0,0.0,0.0
2020-04-13,161.41000366210938,0.017140343933811808,1744.800048828125,0.004953402775092375,0.012186941158719433,0.012186941158719433,0.021644434456954676,0.02611195441541395,1,0,0.0,5,3.123915862516077,0.0,0.0,0.0,0.0,0.0,0.0,,0.0,0.0,0.0,0.02611195441541395,0.0,0.0,0.0,0,0.0,0.0
2020-04-14,162.67999267578125,0.007868093580683189,1756.699951171875,0.006820209772313124,0.0010478838083700648,0.0010478838083700648,0.01942943152233874,0.022990235837125603,1,0,0.0,5,9.360340796446861,0.0,0.0,0.0,0.0,0.0,0.0,,0.0,0.0,0.0,0.022990235837125603,0.0,0.0,0.0,0,0.0,0.0
2020-04-15,161.85000610351562,-0.005101958505246418,1727.199951171875,-0.016792850697309403,0.011690892192062985,0.011690892192062985,0.01591147926810947,0.018822242563051227,1,0,0.0,5,35.12508643035167,0.0,0.0,0.0,0.0,0.0,0.0,,0.0,0.0,0.0,0.018822242563051227,0.0,0.0,0.0,0,0.0,0.0
2020-04-16,161.7100067138672,-0.0008649946516461338,1720.4000244140625,-0.0039369655801569925,0.0030719709285108587,0.0030719709285108587,0.015240786780542498,0.018145717057782455,1,0,0.0,5,48.42177892953752,0.0,0.0,0.0,0.0,0.0,0.0,,0.0,0.0,0.0,0.018145717057782455,0.0,0.0,0.0,0,0.0,0.0
2020-04-17,158.57000732421875,-0.019417471147623044,1689.199951171875,-0.018135359683463026,-0.0012821114641600184,0.0012821114641600184,0.016232556067503123,0.018853229913934646,0,0,0.0,5,9.949322740260293,0.0,0.0,0.0,0.0,0.0,0.0,,0.0,0.0,0.0,0.018853229913934646,0.0,0.0,0.0,0,0.0,0.0
2020-04-20,159.6999969482422,0.007126124562213176,1701.5999755859375,0.007340767684405947,-0.00021464312219277026,0.00021464312219277026,0.016080879880776968,0.01824805836275419,0,0,0.0,5,10.975912431222135,0.0,0.0,0.0,0.0,0.0,0.0,,0.0,0.0,0.0,0.01824805836275419,0.0,0.0,0.0,0,0.0,0.0
2020-04-21,158.61000061035156,-0.006825274631933054,1678.199951171875,-0.013751777591560432,0.006926502959627379,0.006926502959627379,0.016286448884540852,0.01874922932042485,1,0,0.0,5,21.318264495778745,0.0,0.0,0.0,0.0,0.0,0.0,,0.0,0.0,0.0,0.01874922932042485,0.0,0.0,0.0,0,0.0,0.0
2020-04-22,161.72999572753906,0.019670860003665247,1728.699951171875,0.030091765861830932,-0.010420905858165685,0.010420905858165685,0.013745775033813508,0.01852512491292434,0,0,0.0,5,16.351340828776642,0.0,0.0,0.0,0.0,0.0,0.0,,0.0,0.0,0.0,0.01852512491292434,0.0,0.0,0.0,0,0.0,0.0
2020-04-23,163.33999633789062,0.00995486708021609,1733.300048828125,0.002661015668526945,0.007293851411689145,0.007293851411689145,0.013755338141040045,0.018374640448265006,1,0,0.0,5,2.836567834708318,0.0,0.0,0.0,0.0,0.0,0.0,,0.0,0.0,0.0,0.018374640448265006,0.0,0.0,0.0,0,0.0,0.0
2020-04-24,162.63999938964844,-0.004285520778353313,1723.5,-0.005653982895085452,0.0013684621167321387,0.0013684621167321387,0.013678556373680581,0.017376221377259023,1,0,0.0,5,13.980889683412226,0.0,0.0,0.0,0.0,0.0,0.0,,0.0,0.0,0.0,0.017376221377259023,0.0,0.0,0.0,0,0.0,0.0
2020-04-27,161.55999755859375,-0.006640444141094992,1711.9000244140625,-0.006730476116006634,9.003197491164183e-05,9.003197491164183e-05,0.013984514212690188,0.017593159304008833,1,0,0.0,5,10.73972645441498,0.0,0.0,0.0,0.0,0.0,0.0,,0.0,0.0,0.0,0.017593159304008833,0.0,0.0,0.0,0,0.0,0.0
2020-04-28,160.83999633789062,-0.004456556273727319,1710.5,-0.0008178190280367925,-0.0036387372456905265,0.0036387372456905265,0.012451448197033714,0.01638832766151727,0,0,0.0,5,1.9515821631932964,0.0,0.0,0.0,0.0,0.0,0.0,,0.0,0.0,0.0,0.01638832766151727,0.0,0.0,0.0,0,0.0,0.0
2020-04-29,161.72999572753906,0.005533445721913166,1703.4000244140625,-0.004150818816683666,0.009684264538596832,0.009684264538596832,0.012325345744367014,0.016289173963822033,1,0,0.0,5,7.900674990459224,0.0,0.0,0.0,0.0,0.0,0.0,,0.0,0.0,0.0,0.016289173963822033,0.0,0.0,0.0,0,0.0,0.0
2020-04-30,158.8000030517578,-0.018116569301821484,1684.199951171875,-0.011271617334156159,-0.006844951967665325,0.006844951967665325,0.013134823780753287,0.01662836679584336,0,0,0.0,5,6.598624582207188,0.0,0.0,0.0,0.0,0.0,0.0,,0.0,0.0,0.0,0.01662836679584336,0.0,0.0,0.0,0,0.0,0.0
2020-05-01,159.77999877929688,0.00617125761149806,1694.5,0.006115692392080874,5.5565219417186285e-05,5.5565219417186285e-05,0.011395951137632079,0.012178983881946567,1,0,0.0,5,10.509719302362779,0.0,0.0,0.0,0.0,0.0,0.0,,0.0,0.0,0.0,0.012178983881946567,0.0,0.0,0.0,0,0.0,0.0
2020-05-04,160.33999633789062,0.003504803873276119,1706.9000244140625,0.007317807267077203,-0.0038130033938010843,0.0038130033938010843,0.010482455517558827,0.012284022492177466,0,0,0.0,5,22.227133717236068,0.0,0.0,0.0,0.0,0.0,0.0,,0.0,0.0,0.0,0.012284022492177466,0.0,0.0,0.0,0,0.0,0.0
2020-05-05,161.02000427246094,0.004241037483481591,1704.4000244140625,-0.0014646434848216705,0.005705680968303262,0.005705680968303262,0.010318864163518378,0.012072796963881229,1,0,0.0,5,3.6555397529133935,0.0,0.0,0.0,0.0,0.0,0.0,,0.0,0.0,0.0,0.012072796963881229,0.0,0.0,0.0,0,0.0,0.0
2020-05-06,158.9499969482422,-0.012855591040204617,1684.199951171875,-0.01185172081250807,-0.001003870227696546,0.001003870227696546,0.01074412081365415,0.011700407732534557,0,0,0.0,5,9.768378759632924,0.0,0.0,0.0,0.0,0.0,0.0,,0.0,0.0,0.0,0.011700407732534557,0.0,0.0,0.0,0,0.0,0.0
2020-05-07,161.38999938964844,0.015350754880484763,1721.800048828125,0.022325198163132498,-0.006974443282647735,0.006974443282647735,0.011559755228758031,0.013197405160035125,0,0,0.0,5,15.515710986851007,0.0,0.0,0.0,0.0,0.0,0.0,,0.0,0.0,0.0,0.013197405160035125,0.0,0.0,0.0,0,0.0,0.0
2020-05-08,160.4199981689453,-0.006010293229887331,1709.9000244140625,-0.006911385803573311,0.0009010925736859798,0.0009010925736859798,0.0104189384237869,0.012380426645927192,1,0,0.0,5,12.256929474382744,0.0,0.0,0.0,0.0,0.0,0.0,,0.0,0.0,0.0,0.012380426645927192,0.0,0.0,0.0,0,0.0,0.0
2020-05-11,159.4199981689453,-0.006233636774804485,1695.300048828125,-0.008538496624058811,0.002304859849254326,0.002304859849254326,0.010412765656471975,0.012467407864063296,1,0,0.0,5,14.56611360512046,0.0,0.0,0.0,0.0,0.0,0.0,,0.0,0.0,0.0,0.012467407864063296,0.0,0.0,0.0,0,0.0,0.0
2020-05-12,160.0399932861328,0.0038890673962401756,1704.4000244140625,0.005367766957965925,-0.0014786995617257492,0.0014786995617257492,0.010282686776741868,0.011946746390211179,0,0,0.0,5,14.699115096465038,0.0,0.0,0.0,0.0,0.0,0.0,,0.0,0.0,0.0,0.011946746390211179,0.0,0.0,0.0,0,0.0,0.0
2020-05-13,161.5800018310547,0.00962264814750724,1713.9000244140625,0.005573808885191767,0.004048839262315473,0.004048839262315473,0.009228108042423744,0.009013978529985249,1,0,0.0,5,6.144058522173025,0.0,0.0,0.0,0.0,0.0,0.0,,0.0,0.0,0.0,0.009228108042423744,0.0,0.0,0.0,0,0.0,0.0
2020-05-14,163.00999450683594,0.008850059782004704,1738.0999755859375,0.01411981494086767,-0.005269755158862965,0.005269755158862965,0.009146840906331423,0.009758980999160428,0,0,0.0,5,17.011527872419013,0.0,0.0,0.0,0.0,0.0,0.0,,0.0,0.0,0.0,0.009758980999160428,0.0,0.0,0.0,0,0.0,0.0
2020-05-15,163.92999267578125,0.0056438144895878395,1753.4000244140625,0.00880274382546209,-0.00315892933587425,0.00315892933587425,0.009181193810215359,0.009849966377190726,0,0,0.0,5,16.682760764727416,0.0,0.0,0.0,0.0,0.0,0.0,,0.0,0.0,0.0,0.009849966377190726,0.0,0.0,0.0,0,0.0,0.0
2020-05-18,162.69000244140625,-0.007564144999551381,1731.800048828125,-0.01231890913949063,0.004754764139939249,0.004754764139939249,0.009235917789387793,0.010267866269395198,1,0,0.0,5,17.336015575624362,0.0,0.0,0.0,0.0,0.0,0.0,,0.0,0.0,0.0,0.010267866269395198,0.0,0.0,0.0,0,0.0,0.0
2020-05-19,164.25999450683594,0.00965020617044443,1744.199951171875,0.007160123567464316,0.002490082602980115,0.002490082602980115,0.00941120435283508,0.010382957793492334,1,0,0.0,5,7.878588022418498,0.0,0.0,0.0,0.0,0.0,0.0,,0.0,0.0,0.0,0.010382957793492334,0.0,0.0,0.0,0,0.0,0.0
2020-05-20,164.64999389648438,0.0023742810342795018,1750.5999755859375,0.0036693180789062474,-0.0012950370446267456,0.0012950370446267456,0.009348316681185671,0.010282780989281547,0,0,0.0,5,16.431546358251186,0.0,0.0,0.0,0.0,0.0,0.0,,0.0,0.0,0.0,0.010282780989281547,0.0,0.0,0.0,0,0.0,0.0
2020-05-21,162.25,-0.0145763375976391,1720.5,-0.017194091172006765,0.002617753574367665,0.002617753574367665,0.00885662547619686,0.010917656750480696,1,0,0.0,5,12.508371704447741,0.0,0.0,0.0,0.0,0.0,0.0,,0.0,0.0,0.0,0.010917656750480696,0.0,0.0,0.0,0,0.0,0.0
2020-05-22,163.2100067138672,0.005916836449104457,1734.5999755859375,0.008195277876162477,-0.00227844142705802,0.00227844142705802,0.008847218660630523,0.010993691974391335,0,0,0.0,5,14.720639329161667,0.0,0.0,0.0,0.0,0.0,0.0,,0.0,0.0,0.0,0.010993691974391335,0.0,0.0,0.0,0,0.0,0.0
2020-05-26,160.88999938964844,-0.014214859559966153,1704.800048828125,-0.017179711274783238,0.002964851714817085,0.002964851714817085,0.009696042939542496,0.011870908248942056,1,0,0.0,5,12.806123522611717,0.0,0.0,0.0,0.0,0.0,0.0,,0.0,0.0,0.0,0.011870908248942056,0.0,0.0,0.0,0,0.0,0.0
2020-05-27,161.17999267578125,0.0018024320171106112,1710.300048828125,0.003226184797320286,-0.001423752780209675,0.001423752780209675,0.0096450551413794,0.01189179733878247,0,0,0.0,5,18.992910577130516,0.0,0.0,0.0,0.0,0.0,0.0,,0.0,0.0,0.0,0.01189179733878247,0.0,0.0,0.0,0,0.0,0.0
2020-05-28,161.72000122070312,0.003350344766475555,1713.300048828125,0.0017540781818112805,0.0015962665846642743,0.0015962665846642743,0.008973269799440282,0.011408063433564618,1,0,0.0,5,5.546629250535012,0.0,0.0,0.0,0.0,0.0,0.0,,0.0,0.0,0.0,0.011408063433564618,0.0,0.0,0.0,0,0.0,0.0
2020-05-29,162.91000366210938,0.0073584122707384125,1736.9000244140625,0.013774572411924924,-0.006416160141186511,0.006416160141186511,0.008283111350148427,0.010450718995566193,0,0,0.0,5,19.958186556133505,0.0,0.0,0.0,0.0,0.0,0.0,,0.0,0.0,0.0,0.010450718995566193,0.0,0.0,0.0,0,0.0,0.0
2020-06-01,163.66000366210938,0.004603768848692402,1737.800048828125,0.0005181785948595863,0.004085590253832816,0.004085590253832816,0.00812468584563537,0.010241564050248769,1,0,0.0,5,1.195152178894289,0.0,0.0,0.0,0.0,0.0,0.0,,0.0,0.0,0.0,0.010241564050248769,0.0,0.0,0.0,0,0.0,0.0
2020-06-02,162.60000610351562,-0.0064768271714218395,1725.199951171875,-0.007250602659809369,0.0007737754883875292,0.0007737754883875292,0.008141157528724383,0.010159802781109619,1,0,0.0,5,11.877654197431902,0.0,0.0,0.0,0.0,0.0,0.0,,0.0,0.0,0.0,0.010159802781109619,0.0,0.0,0.0,0,0.0,0.0
2020-06-03,159.60000610351562,-0.01845018380928054,1697.800048828125,-0.015882160398357326,-0.0025680234109232147,0.0025680234109232147,0.009562459050255021,0.010987159684910068,0,0,0.0,5,9.157196186086665,0.0,0.0,0.0,0.0,0.0,0.0,,0.0,0.0,0.0,0.010987159684910068,0.0,0.0,0.0,0,0.0,0.0
2020-06-04,161.27999877929688,0.010526269495827023,1718.9000244140625,0.012427833065796756,-0.001901563569969733,0.001901563569969733,0.009630959915104792,0.011380025163784538,0,0,0.0,5,12.583198063934812,0.0,0.0,0.0,0.0,0.0,0.0,,0.0,0.0,0.0,0.011380025163784538,0.0,0.0,0.0,0,0.0,0.0
2020-06-05,158.00999450683594,-0.02027532426346157,1676.199951171875,-0.02484151063802742,0.00456618637456585,0.00456618637456585,0.010590106723367645,0.012390838130499135,1,0,0.0,5,12.997249601315943,0.0,0.0,0.0,0.0,0.0,0.0,,0.0,0.0,0.0,0.012390838130499135,0.0,0.0,0.0,0,0.0,0.0
2020-06-08,159.72000122070312,0.010822142733466267,1698.300048828125,0.013184642823070858,-0.002362500089604591,0.002362500089604591,0.010936588558201793,0.012719659967266301,0,0,0.0,5,12.954188991577228,0.0,0.0,0.0,0.0,0.0,0.0,,0.0,0.0,0.0,0.012719659967266301,0.0,0.0,0.0,0,0.0,0.0
2020-06-09,161.25999450683594,0.00964183116931494,1714.699951171875,0.009656657759072873,-1.4826589757932496e-05,1.4826589757932496e-05,0.011174722855716615,0.012718031783806257,0,0,0.0,5,10.649490049070906,0.0,0.0,0.0,0.0,0.0,0.0,,0.0,0.0,0.0,0.012718031783806257,0.0,0.0,0.0,0,0.0,0.0
2020-06-10,163.57000732421875,0.014324773012967418,1713.300048828125,-0.0008164124241055726,0.01514118543707299,0.01514118543707299,0.011538169820704339,0.012536503808593847,1,1,1.0,5,0.5969687678184356,-3.0,5.0,490.71002197265625,-8566.500244140625,0.0,0.0,Opened,490.71002197265625,-8566.500244140625,0.0,0.012536503808593847,9057.210266113281,0.0,0.0,0,0.0,9057.210266113281
2020-06-11,162.38999938964844,-0.007214084989501601,1732.0,0.010914580423122988,-0.01812866541262459,0.01812866541262459,0.011649353525468045,0.012869254996868274,0,0,-1.0,5,16.13668786041929,3.0,-5.0,-487.1699981689453,8660.0,3.5400238037109375,93.499755859375,Closed,-487.1699981689453,8660.0,97.03977966308594,0.012869254996868274,9147.169998168945,97.03977966308594,0.0106087215698966,0,97.03977966308594,0.0
2020-06-12,162.6199951171875,0.0014163170663434865,1729.300048828125,-0.0015588632632073107,0.0029751803295507973,0.0029751803295507973,0.011018858035842358,0.012038553275764825,1,0,0.0,5,11.704259553084302,0.0,0.0,0.0,0.0,0.0,0.0,,0.0,0.0,0.0,0.012038553275764825,0.0,0.0,0.0,0,0.0,0.0
2020-06-15,162.3300018310547,-0.0017832572551969017,1720.300048828125,-0.005204417825639296,0.003421160570442394,0.003421160570442394,0.010912793759463373,0.011915976755549873,1,0,0.0,5,30.928835177877094,0.0,0.0,0.0,0.0,0.0,0.0,,0.0,0.0,0.0,0.011915976755549873,0.0,0.0,0.0,0,0.0,0.0
2020-06-16,162.25,-0.0004928345355281749,1729.5999755859375,0.005405991102626295,-0.00589882563815447,0.00589882563815447,0.010216348056681366,0.011051359634977049,0,0,0.0,5,116.93247930006936,0.0,0.0,0.0,0.0,0.0,0.0,,0.0,0.0,0.0,0.011051359634977049,0.0,0.0,0.0,0,0.0,0.0
2020-06-17,162.55999755859375,0.0019106166939522051,1729.199951171875,-0.00023128146375406278,0.002141898157706268,0.002141898157706268,0.010217287945666755,0.011038119816919417,1,0,0.0,5,1.2876528390559905,0.0,0.0,0.0,0.0,0.0,0.0,,0.0,0.0,0.0,0.011038119816919417,0.0,0.0,0.0,0,0.0,0.0
2020-06-18,162.24000549316406,-0.001968455156468263,1724.800048828125,-0.00254447285912085,0.000576017702652587,0.000576017702652587,0.010207959042747367,0.011067066363814467,1,0,0.0,5,13.742099878227064,0.0,0.0,0.0,0.0,0.0,0.0,,0.0,0.0,0.0,0.011067066363814467,0.0,0.0,0.0,0,0.0,0.0
2020-06-19,164.02999877929688,0.011032995719469696,1745.9000244140625,0.012233287910835555,-0.0012002921913658593,0.0012002921913658593,0.01043203394270959,0.010941492617487414,0,0,0.0,5,11.801734404040042,0.0,0.0,0.0,0.0,0.0,0.0,,0.0,0.0,0.0,0.010941492617487414,0.0,0.0,0.0,0,0.0,0.0
2020-06-22,165.08999633789062,0.006462217682632332,1756.699951171875,0.006185879263869598,0.0002763384187627338,0.0002763384187627338,0.010494999962445817,0.011043226455278731,1,0,0.0,5,10.185836182197836,0.0,0.0,0.0,0.0,0.0,0.0,,0.0,0.0,0.0,0.011043226455278731,0.0,0.0,0.0,0,0.0,0.0
2020-06-23,166.47999572753906,0.008419646377624934,1772.0999755859375,0.00876645121085673,-0.00034680483323179523,0.00034680483323179523,0.010479082035899407,0.010985621087453783,0,0,0.0,5,11.082969344782711,0.0,0.0,0.0,0.0,0.0,0.0,,0.0,0.0,0.0,0.010985621087453783,0.0,0.0,0.0,0,0.0,0.0
2020-06-24,165.89999389648438,-0.0034839130582626776,1765.800048828125,-0.0035550628320105693,7.114977374789166e-05,7.114977374789166e-05,0.009045584022694253,0.009979684045313379,1,0,0.0,5,10.861132870754528,0.0,0.0,0.0,0.0,0.0,0.0,,0.0,0.0,0.0,0.009979684045313379,0.0,0.0,0.0,0,0.0,0.0
2020-06-25,165.8000030517578,-0.0006027175913517757,1762.0999755859375,-0.002095408959039924,0.0014926913676881481,0.0014926913676881481,0.008804195028992198,0.009664728921584691,1,0,0.0,5,36.94885120777698,0.0,0.0,0.0,0.0,0.0,0.0,,0.0,0.0,0.0,0.009664728921584691,0.0,0.0,0.0,0,0.0,0.0
2020-06-26,166.5399932861328,0.004463149702982783,1772.5,0.005902062628770022,-0.001438912925787239,0.001438912925787239,0.006325548345171197,0.0063126400133991945,0,0,0.0,5,14.07440553503651,0.0,0.0,0.0,0.0,0.0,0.0,,0.0,0.0,0.0,0.006325548345171197,0.0,0.0,0.0,0,0.0,0.0
2020-06-29,166.6300048828125,0.0005404803669293301,1774.800048828125,0.0012976298043019252,-0.0007571494373725951,0.0007571494373725951,0.006029025549709997,0.005766054649681153,0,0,0.0,5,25.572142401433723,0.0,0.0,0.0,0.0,0.0,0.0,,0.0,0.0,0.0,0.006029025549709997,0.0,0.0,0.0,0,0.0,0.0
2020-06-30,167.3699951171875,0.004440918278166173,1793.0,0.010254648789249421,-0.005813730511083248,0.005813730511083248,0.005753440698483586,0.0058175209627624284,0,0,0.0,5,24.737208842292052,0.0,0.0,0.0,0.0,0.0,0.0,,0.0,0.0,0.0,0.0058175209627624284,0.0,0.0,0.0,0,0.0,0.0
2020-07-01,166.6199951171875,-0.004481089931769877,1773.199951171875,-0.01104297201791693,0.006561882086147053,0.006561882086147053,0.00499053739631252,0.006810788208404913,1,0,0.0,5,26.22605121801328,0.0,0.0,0.0,0.0,0.0,0.0,,0.0,0.0,0.0,0.006810788208404913,0.0,0.0,0.0,0,0.0,0.0
2020-07-02,166.97999572753906,0.0021606086958432247,1784.0,0.0060907112144839015,-0.003930102518640677,0.003930102518640677,0.004408745205689629,0.006481675073725318,0,0,0.0,5,30.117733985708174,0.0,0.0,0.0,0.0,0.0,0.0,,0.0,0.0,0.0,0.006481675073725318,0.0,0.0,0.0,0,0.0,0.0
2020-07-06,167.97999572753906,0.005988741319838731,1788.5,0.002522421524663754,0.003466319795174977,0.003466319795174977,0.004531573486865619,0.00640713142393666,1,0,0.0,5,4.484494419830463,0.0,0.0,0.0,0.0,0.0,0.0,,0.0,0.0,0.0,0.00640713142393666,0.0,0.0,0.0,0,0.0,0.0
2020-07-07,169.0399932861328,0.006310260659329048,1804.199951171875,0.008778278541724971,-0.002468017882395923,0.002468017882395923,0.004508540328022571,0.0062581110579811704,0,0,0.0,5,14.84763415660073,0.0,0.0,0.0,0.0,0.0,0.0,,0.0,0.0,0.0,0.0062581110579811704,0.0,0.0,0.0,0,0.0,0.0
2020-07-08,170.08999633789062,0.006211565862881185,1815.5,0.006263190962168652,-5.1625099287466725e-05,5.1625099287466725e-05,0.004500302077156909,0.006283576954897223,0,0,0.0,5,10.762472141486954,0.0,0.0,0.0,0.0,0.0,0.0,,0.0,0.0,0.0,0.006283576954897223,0.0,0.0,0.0,0,0.0,0.0
2020-07-09,169.6300048828125,-0.0027044004055614135,1799.199951171875,-0.008978269803428862,0.006273869397867449,0.006273869397867449,0.004743051283766003,0.006995739790543113,1,0,0.0,5,35.212626143361305,0.0,0.0,0.0,0.0,0.0,0.0,,0.0,0.0,0.0,0.006995739790543113,0.0,0.0,0.0,0,0.0,0.0
2020-07-10,169.19000244140625,-0.0025938951172596036,1798.199951171875,-0.0005558025940077815,-0.002038092523251822,0.002038092523251822,0.004790967980976725,0.006908117121753906,0,0,0.0,5,2.277358711164207,0.0,0.0,0.0,0.0,0.0,0.0,,0.0,0.0,0.0,0.006908117121753906,0.0,0.0,0.0,0,0.0,0.0
2020-07-13,169.39999389648438,0.0012411575864292868,1811.0,0.007118256687629998,-0.005877099101200711,0.005877099101200711,0.00422423163574359,0.006525067375000302,0,0,0.0,5,61.31288878294674,0.0,0.0,0.0,0.0,0.0,0.0,,0.0,0.0,0.0,0.006525067375000302,0.0,0.0,0.0,0,0.0,0.0
2020-07-14,170.19000244140625,0.004663568910189042,1810.5999755859375,-0.00022088592714664124,0.004884454837335683,0.004884454837335683,0.004117509870418003,0.006473484502285052,1,0,0.0,5,0.503892755707529,0.0,0.0,0.0,0.0,0.0,0.0,,0.0,0.0,0.0,0.006473484502285052,0.0,0.0,0.0,0,0.0,0.0
2020-07-15,170.33999633789062,0.0008813320073604025,1811.4000244140625,0.00044186945703783564,0.00043946255032256687,0.00043946255032256687,0.003724269689570556,0.006206633644159229,1,0,0.0,5,5.331533915487521,0.0,0.0,0.0,0.0,0.0,0.0,,0.0,0.0,0.0,0.006206633644159229,0.0,0.0,0.0,0,0.0,0.0
2020-07-16,168.72999572753906,-0.009451688651900159,1798.699951171875,-0.007011191934976124,-0.0024404967169240344,0.0024404967169240344,0.004530331927291832,0.006465700169193962,0,0,0.0,5,7.907676179076708,0.0,0.0,0.0,0.0,0.0,0.0,,0.0,0.0,0.0,0.006465700169193962,0.0,0.0,0.0,0,0.0,0.0
2020-07-17,170.1199951171875,0.008238009985450212,1808.300048828125,0.005337242406658893,0.002900767578791319,0.002900767578791319,0.004851410327410861,0.006475725713892015,1,0,0.0,5,6.886677512454152,0.0,0.0,0.0,0.0,0.0,0.0,,0.0,0.0,0.0,0.006475725713892015,0.0,0.0,0.0,0,0.0,0.0
2020-07-20,170.94000244140625,0.004820170160796611,1815.9000244140625,0.004202828834110051,0.0006173413266865602,0.0006173413266865602,0.00486664347614061,0.006412390999100579,1,0,0.0,5,9.262485942854298,0.0,0.0,0.0,0.0,0.0,0.0,,0.0,0.0,0.0,0.006412390999100579,0.0,0.0,0.0,0,0.0,0.0
2020-07-21,173.0,0.012050997596656066,1842.4000244140625,0.014593314413633873,-0.0025423168169778076,0.0025423168169778076,0.0055250709051588446,0.00722955065601627,0,0,0.0,5,12.896408085487522,0.0,0.0,0.0,0.0,0.0,0.0,,0.0,0.0,0.0,0.00722955065601627,0.0,0.0,0.0,0,0.0,0.0
2020-07-22,175.6300048828125,0.015202340363078104,1864.0999755859375,0.011778088842989476,0.003424251520088628,0.003424251520088628,0.006418917743602082,0.007355579135629719,1,0,0.0,5,8.223086555123764,0.0,0.0,0.0,0.0,0.0,0.0,,0.0,0.0,0.0,0.007355579135629719,0.0,0.0,0.0,0,0.0,0.0
2020-07-23,177.17999267578125,0.008825301770064575,1889.0999755859375,0.0134112978528107,-0.004585996082746124,0.004585996082746124,0.006191711055070578,0.006799767923422647,0,0,0.0,5,16.20248046307759,0.0,0.0,0.0,0.0,0.0,0.0,,0.0,0.0,0.0,0.006799767923422647,0.0,0.0,0.0,0,0.0,0.0
2020-07-24,178.6999969482422,0.008578870839228259,1897.300048828125,0.004340730161538575,0.0042381406776896835,0.0042381406776896835,0.006267719618298427,0.006780943081478023,1,0,0.0,5,5.372100547507133,0.0,0.0,0.0,0.0,0.0,0.0,,0.0,0.0,0.0,0.006780943081478023,0.0,0.0,0.0,0,0.0,0.0
2020-07-27,182.22999572753906,0.019753770786684832,1931.0,0.017762056767294032,0.0019917140193908,0.0019917140193908,0.007398892908424013,0.007612758051776677,1,0,0.0,5,9.528085648717767,0.0,0.0,0.0,0.0,0.0,0.0,,0.0,0.0,0.0,0.007612758051776677,0.0,0.0,0.0,0,0.0,0.0
2020-07-28,183.75,0.00834113103275036,1944.699951171875,0.007094744263011377,0.001246386769738983,0.001246386769738983,0.007433895108609794,0.007567733832155521,1,0,0.0,5,9.001959555095697,0.0,0.0,0.0,0.0,0.0,0.0,,0.0,0.0,0.0,0.007567733832155521,0.0,0.0,0.0,0,0.0,0.0
2020-07-29,185.1300048828125,0.0075102306547618625,1953.5,0.004525144777641543,0.0029850858771203193,0.0029850858771203193,0.0074490248666523465,0.007560945739981195,1,0,0.0,5,6.35793093982598,0.0,0.0,0.0,0.0,0.0,0.0,,0.0,0.0,0.0,0.007560945739981195,0.0,0.0,0.0,0,0.0,0.0
2020-07-30,183.75999450683594,-0.007400261112960993,1942.300048828125,-0.005733274211351391,-0.0016669869016096017,0.0016669869016096017,0.007911360832547572,0.007171181897900628,0,0,0.0,5,8.188814285439967,0.0,0.0,0.0,0.0,0.0,0.0,,0.0,0.0,0.0,0.007911360832547572,0.0,0.0,0.0,0,0.0,0.0
2020-07-31,185.42999267578125,0.00908793109962347,1962.800048828125,0.010554496980200723,-0.001466565880577253,0.001466565880577253,0.007640977826634458,0.007114524064958483,0,0,0.0,5,12.293303201156693,0.0,0.0,0.0,0.0,0.0,0.0,,0.0,0.0,0.0,0.007640977826634458,0.0,0.0,0.0,0,0.0,0.0
2020-08-03,185.63999938964844,0.0011325390830079218,1966.0,0.0016302991095733521,-0.0004977600265654303,0.0004977600265654303,0.007646018238393035,0.007187018586204535,0,0,0.0,5,15.244951548566128,0.0,0.0,0.0,0.0,0.0,0.0,,0.0,0.0,0.0,0.007646018238393035,0.0,0.0,0.0,0,0.0,0.0
2020-08-04,189.58999633789062,0.021277725496816835,2001.199951171875,0.01790434952791209,0.003373375968904746,0.003373375968904746,0.008563768440075767,0.007661981122615826,1,0,0.0,5,8.881951782856124,0.0,0.0,0.0,0.0,0.0,0.0,,0.0,0.0,0.0,0.008563768440075767,0.0,0.0,0.0,0,0.0,0.0
2020-08-05,191.35000610351562,0.009283241730161151,2031.0999755859375,0.014941047943037189,-0.005657806212876038,0.005657806212876038,0.008390009301173193,0.007727396234922902,0,0,0.0,5,17.083789850112378,0.0,0.0,0.0,0.0,0.0,0.0,,0.0,0.0,0.0,0.008390009301173193,0.0,0.0,0.0,0,0.0,0.0
2020-08-06,193.88999938964844,0.013274069532868138,2051.5,0.010043830761298445,0.0032302387715696934,0.0032302387715696934,0.006982872523290156,0.006579425890993897,1,0,0.0,5,8.005923022307515,0.0,0.0,0.0,0.0,0.0,0.0,,0.0,0.0,0.0,0.006982872523290156,0.0,0.0,0.0,0,0.0,0.0
2020-08-07,190.80999755859375,-0.01588530528005727,2010.0999755859375,-0.02018036773778331,0.00429506245772604,0.00429506245772604,0.009556428376856314,0.009970739122685195,1,0,0.0,5,13.382894145225281,0.0,0.0,0.0,0.0,0.0,0.0,,0.0,0.0,0.0,0.009970739122685195,0.0,0.0,0.0,0,0.0,0.0
2020-08-10,190.14999389648438,-0.003458957447482258,2024.4000244140625,0.007114098304466854,-0.010573055751949112,0.010573055751949112,0.009966383640237012,0.009938084868070593,0,1,1.0,5,21.8964979504795,110.0,-5.0,-20916.49932861328,10122.000122070312,0.0,0.0,Opened,-20916.49932861328,10122.000122070312,0.0,0.009966383640237012,31038.499450683594,0.0,0.0,0,0.0,31038.499450683594
2020-08-11,179.94000244140625,-0.05369440853432972,1932.5999755859375,-0.045346792986082574,-0.008347615548247145,0.008347615548247145,0.018484160287951548,0.016613087219051415,0,1,0.0,5,9.070511184987076,-110.0,5.0,19793.400268554688,-9662.999877929688,-1123.0990600585938,459.000244140625,Live,0.0,0.0,0.0,0.018484160287951548,29456.400146484375,-664.0988159179688,-0.022545145116696447,1,-664.0988159179688,0.0
2020-08-12,179.10000610351562,-0.004668202325739945,1934.9000244140625,0.0011901318727005616,-0.005858334198440507,0.005858334198440507,0.0182413910455711,0.016452322610214617,0,1,0.0,5,2.754281625962424,-110.0,5.0,19701.00067138672,-9674.500122070312,-1215.4986572265625,447.5,Live,0.0,0.0,0.0,0.0182413910455711,29375.50079345703,-767.9986572265625,-0.026144189425959443,1,0.0,0.0
2020-08-13,183.3300018310547,0.023618065792215592,1956.699951171875,0.011266694135483313,0.01235137165673228,0.01235137165673228,0.01904975987713184,0.016360880332790786,1,0,-1.0,5,5.091466231551431,-110.0,5.0,20166.300201416016,-9783.499755859375,-750.1991271972656,338.5003662109375,Closed,20166.300201416016,-9783.499755859375,-411.6987609863281,0.01904975987713184,29949.79995727539,-411.6987609863281,-0.013746294184723543,0,0.0,0.0
2020-08-14,182.5399932861328,-0.0043092158240957135,1937.0,-0.010067946881726408,0.005758731057630695,0.005758731057630695,0.01904423065984642,0.01666362025438557,1,0,0.0,5,24.792153951971223,0.0,0.0,0.0,0.0,0.0,0.0,,0.0,0.0,0.0,0.01904423065984642,0.0,0.0,0.0,0,0.0,0.0
2020-08-17,186.5,0.02169391289315903,1985.0,0.0247805885389778,-0.0030866756458187705,0.0030866756458187705,0.019182485882728854,0.01724099955118114,0,0,0.0,5,12.157811331605338,0.0,0.0,0.0,0.0,0.0,0.0,,0.0,0.0,0.0,0.019182485882728854,0.0,0.0,0.0,0,0.0,0.0
2020-08-18,188.17999267578125,0.009008003623491856,1999.4000244140625,0.007254420359729119,0.0017535832637627369,0.0017535832637627369,0.0191996920654178,0.01724443130808004,1,0,0.0,5,8.556583856366288,0.0,0.0,0.0,0.0,0.0,0.0,,0.0,0.0,0.0,0.0191996920654178,0.0,0.0,0.0,0,0.0,0.0
2020-08-19,182.24000549316406,-0.03156545548841261,1958.699951171875,-0.020356143215570333,-0.011209312272842276,0.011209312272842276,0.02093678027779554,0.018155923196043523,0,0,0.0,5,6.9311872193304485,0.0,0.0,0.0,0.0,0.0,0.0,,0.0,0.0,0.0,0.02093678027779554,0.0,0.0,0.0,0,0.0,0.0
2020-08-20,183.5,0.006913929262821528,1933.800048828125,-0.012712463860966805,0.019626393123788333,0.019626393123788333,0.02094264526588086,0.01841013547298719,1,0,0.0,5,19.376721520040306,0.0,0.0,0.0,0.0,0.0,0.0,,0.0,0.0,0.0,0.02094264526588086,0.0,0.0,0.0,0,0.0,0.0
2020-08-21,182.02999877929688,-0.008010905834894388,1934.5999755859375,0.00041365536126503066,-0.008424561196159419,0.008424561196159419,0.020884560136907218,0.018174351821680444,0,0,0.0,5,0.5487888037722276,0.0,0.0,0.0,0.0,0.0,0.0,,0.0,0.0,0.0,0.020884560136907218,0.0,0.0,0.0,0,0.0,0.0
2020-08-24,181.0,-0.005658401286623649,1927.699951171875,-0.00356664142517249,-0.002091759861451159,0.002091759861451159,0.02090801700297938,0.018174078803999152,0,0,0.0,5,6.713153336398867,0.0,0.0,0.0,0.0,0.0,0.0,,0.0,0.0,0.0,0.02090801700297938,0.0,0.0,0.0,0,0.0,0.0
2020-08-25,181.22000122070312,0.0012154763574758753,1911.800048828125,-0.008248120945422155,0.00946359730289803,0.00946359730289803,0.019968903427370788,0.017455307854638946,1,0,0.0,5,71.58876069643543,0.0,0.0,0.0,0.0,0.0,0.0,,0.0,0.0,0.0,0.019968903427370788,0.0,0.0,0.0,0,0.0,0.0
2020-08-26,183.36000061035156,0.011808847672626355,1940.699951171875,0.015116592533547024,-0.0033077448609206694,0.0033077448609206694,0.020088500849008994,0.0174681767065097,0,0,0.0,5,13.548779645997376,0.0,0.0,0.0,0.0,0.0,0.0,,0.0,0.0,0.0,0.020088500849008994,0.0,0.0,0.0,0,0.0,0.0
2020-08-27,181.24000549316406,-0.011561927956646234,1921.5999755859375,-0.00984179732390067,-0.0017201306327455645,0.0017201306327455645,0.019702246009814024,0.01716878056552543,0,0,0.0,5,9.02512189203859,0.0,0.0,0.0,0.0,0.0,0.0,,0.0,0.0,0.0,0.019702246009814024,0.0,0.0,0.0,0,0.0,0.0
2020-08-28,184.38999938964844,0.0173802350530341,1964.5999755859375,0.022377185962904944,-0.004996950909870845,0.004996950909870845,0.020172083098284367,0.017844596238755672,0,0,0.0,5,13.717867283089124,0.0,0.0,0.0,0.0,0.0,0.0,,0.0,0.0,0.0,0.020172083098284367,0.0,0.0,0.0,0,0.0,0.0
2020-08-31,184.8300018310547,0.002386259791001155,1967.5999755859375,0.0015270284217046015,0.0008592313692965536,0.0008592313692965536,0.020200103711970032,0.017712564986593734,1,0,0.0,5,6.8122995697864415,0.0,0.0,0.0,0.0,0.0,0.0,,0.0,0.0,0.0,0.020200103711970032,0.0,0.0,0.0,0,0.0,0.0
2020-09-01,185.0500030517578,0.0011902895553947967,1968.199951171875,0.0003049276242030885,0.0008853619311917083,0.0008853619311917083,0.014183291334208885,0.012974347331241086,1,0,0.0,5,2.7247349810290817,0.0,0.0,0.0,0.0,0.0,0.0,,0.0,0.0,0.0,0.014183291334208885,0.0,0.0,0.0,0,0.0,0.0
2020-09-02,182.6199951171875,-0.013131628719242117,1934.4000244140625,-0.017173014732414726,0.00404138601317261,0.00404138601317261,0.014627312015512706,0.013823582258232447,1,0,0.0,5,13.852428256626279,0.0,0.0,0.0,0.0,0.0,0.0,,0.0,0.0,0.0,0.014627312015512706,0.0,0.0,0.0,0,0.0,0.0
2020-09-03,181.13999938964844,-0.00810423703378893,1927.5999755859375,-0.003515327100031884,-0.004588909933757046,0.004588909933757046,0.01342950236282495,0.013491400897745085,0,0,0.0,5,4.615897512438962,0.0,0.0,0.0,0.0,0.0,0.0,,0.0,0.0,0.0,0.013491400897745085,0.0,0.0,0.0,0,0.0,0.0
2020-09-04,181.63999938964844,0.0027602959130217375,1923.9000244140625,-0.0019194600636733838,0.004679755976695121,0.004679755976695121,0.013418450997146279,0.013258520335165459,1,0,0.0,5,7.365367931726141,0.0,0.0,0.0,0.0,0.0,0.0,,0.0,0.0,0.0,0.013418450997146279,0.0,0.0,0.0,0,0.0,0.0
2020-09-08,181.2899932861328,-0.0019269219593246456,1933.0,0.004729962820551936,-0.006656884779876582,0.006656884779876582,0.01196746578534857,0.01142575357733271,0,0,0.0,5,26.172886519270737,0.0,0.0,0.0,0.0,0.0,0.0,,0.0,0.0,0.0,0.01196746578534857,0.0,0.0,0.0,0,0.0,0.0
2020-09-09,183.0500030517578,0.00970825655471863,1944.699951171875,0.006052742458290128,0.0036555140964285027,0.0036555140964285027,0.012013995733171419,0.011362467773364273,1,0,0.0,5,6.623595667792811,0.0,0.0,0.0,0.0,0.0,0.0,,0.0,0.0,0.0,0.012013995733171419,0.0,0.0,0.0,0,0.0,0.0
2020-09-10,182.4600067138672,-0.0032231430104036063,1954.199951171875,0.004885072370303334,-0.00810821538070694,0.00810821538070694,0.008789883513233409,0.01022855971614182,0,0,0.0,5,16.232773843259874,0.0,0.0,0.0,0.0,0.0,0.0,,0.0,0.0,0.0,0.01022855971614182,0.0,0.0,0.0,0,0.0,0.0
2020-09-11,182.4499969482422,-5.486005292487661e-05,1937.800048828125,-0.008392131180801399,0.008337271127876522,0.008337271127876522,0.00858676077733814,0.009903855827105698,1,0,0.0,5,1624.7297908132173,0.0,0.0,0.0,0.0,0.0,0.0,,0.0,0.0,0.0,0.009903855827105698,0.0,0.0,0.0,0,0.0,0.0
2020-09-14,183.88999938964844,0.007892586821005798,1953.0999755859375,0.00789551366100194,-2.926839996142405e-06,2.926839996142405e-06,0.00855480317861114,0.010102691180348854,0,0,0.0,5,10.624961977594381,0.0,0.0,0.0,0.0,0.0,0.0,,0.0,0.0,0.0,0.010102691180348854,0.0,0.0,0.0,0,0.0,0.0
2020-09-15,183.4499969482422,-0.0023927480714920346,1956.300048828125,0.0016384584927493506,-0.004031206564241385,0.004031206564241385,0.008421618417997281,0.010035497936788165,0,0,0.0,5,7.302242071739831,0.0,0.0,0.0,0.0,0.0,0.0,,0.0,0.0,0.0,0.010035497936788165,0.0,0.0,0.0,0,0.0,0.0
2020-09-16,183.97000122070312,0.0028345831622316187,1960.199951171875,0.0019935093014418204,0.0008410738607897983,0.0008410738607897983,0.00843590567152517,0.009702083873134147,1,0,0.0,5,7.493460564930418,0.0,0.0,0.0,0.0,0.0,0.0,,0.0,0.0,0.0,0.009702083873134147,0.0,0.0,0.0,0,0.0,0.0
2020-09-17,182.9600067138672,-0.005489995652194879,1940.0,-0.010305046258060946,0.004815050605866067,0.004815050605866067,0.008030954163706437,0.009409212286726313,1,0,0.0,5,19.90322751579532,0.0,0.0,0.0,0.0,0.0,0.0,,0.0,0.0,0.0,0.009409212286726313,0.0,0.0,0.0,0,0.0,0.0
2020-09-18,183.1999969482422,0.0013117087099276947,1952.0999755859375,0.006237100817493513,-0.004925392107565818,0.004925392107565818,0.007382002434915451,0.009117168292211533,0,0,0.0,5,50.66662262402725,0.0,0.0,0.0,0.0,0.0,0.0,,0.0,0.0,0.0,0.009117168292211533,0.0,0.0,0.0,0,0.0,0.0
2020-09-21,179.52000427246094,-0.020087296599797022,1901.199951171875,-0.026074496721810836,0.005987200122013814,0.005987200122013814,0.007683050923815758,0.009606146714850515,1,0,0.0,5,13.74704603404421,0.0,0.0,0.0,0.0,0.0,0.0,,0.0,0.0,0.0,0.009606146714850515,0.0,0.0,0.0,0,0.0,0.0
2020-09-22,178.64999389648438,-0.004846314367596194,1898.5999755859375,-0.0013675445259373475,-0.0034787698416588464,0.0034787698416588464,0.007631358549234428,0.009556142134078644,0,0,0.0,5,2.9988887737944467,0.0,0.0,0.0,0.0,0.0,0.0,,0.0,0.0,0.0,0.009556142134078644,0.0,0.0,0.0,0,0.0,0.0
2020-09-23,174.7899932861328,-0.021606497297661065,1859.9000244140625,-0.020383414973937142,-0.001223082323723923,0.001223082323723923,0.009039983786718513,0.01058557737976815,0,0,0.0,5,10.03842579310867,0.0,0.0,0.0,0.0,0.0,0.0,,0.0,0.0,0.0,0.01058557737976815,0.0,0.0,0.0,0,0.0,0.0
2020-09-24,175.44000244140625,0.003718800733685912,1868.300048828125,0.004516384915210114,-0.0007975841815242024,0.0007975841815242024,0.008836514421527497,0.010085208223126595,0,0,0.0,5,12.933201401579717,0.0,0.0,0.0,0.0,0.0,0.0,,0.0,0.0,0.0,0.010085208223126595,0.0,0.0,0.0,0,0.0,0.0
2020-09-25,174.94000244140625,-0.0028499771605223767,1857.699951171875,-0.005673659144257326,0.002823681983734949,0.002823681983734949,0.008707367712061894,0.010119624982284086,1,0,0.0,5,21.140161608258776,0.0,0.0,0.0,0.0,0.0,0.0,,0.0,0.0,0.0,0.010119624982284086,0.0,0.0,0.0,0,0.0,0.0
2020-09-28,176.6999969482422,0.01006056066236427,1872.800048828125,0.00812838351356171,0.0019321771488025608,0.0019321771488025608,0.009199524890688041,0.01048060933945279,1,0,0.0,5,8.563215474818836,0.0,0.0,0.0,0.0,0.0,0.0,,0.0,0.0,0.0,0.01048060933945279,0.0,0.0,0.0,0,0.0,0.0
2020-09-29,178.19000244140625,0.008432402483858015,1894.300048828125,0.01148013639440748,-0.003047733910549466,0.003047733910549466,0.009570422694316743,0.010914261932340744,0,0,0.0,5,14.473086478115738,0.0,0.0,0.0,0.0,0.0,0.0,,0.0,0.0,0.0,0.010914261932340744,0.0,0.0,0.0,0,0.0,0.0
2020-09-30,177.1199951171875,-0.006004867330144381,1887.5,-0.003589742201786761,-0.0024151251283576203,0.0024151251283576203,0.009153018327966958,0.010733278091247174,0,0,0.0,5,6.370583505504249,0.0,0.0,0.0,0.0,0.0,0.0,,0.0,0.0,0.0,0.010733278091247174,0.0,0.0,0.0,0,0.0,0.0
2020-10-01,178.6999969482422,0.008920516455577454,1908.4000244140625,0.011072860616721858,-0.002152344161144404,0.002152344161144404,0.009578812320399846,0.01112581596078871,0,0,0.0,5,13.256067375986554,0.0,0.0,0.0,0.0,0.0,0.0,,0.0,0.0,0.0,0.01112581596078871,0.0,0.0,0.0,0,0.0,0.0
2020-10-02,178.5399932861328,-0.0008953758525005462,1900.199951171875,-0.004296831449006722,0.0034014555965061755,0.0034014555965061755,0.009573188616394737,0.010994649258962428,1,0,0.0,5,51.07480637042935,0.0,0.0,0.0,0.0,0.0,0.0,,0.0,0.0,0.0,0.010994649258962428,0.0,0.0,0.0,0,0.0,0.0
2020-10-05,179.41000366210938,0.004872915921881216,1912.5,0.006473028704447437,-0.001600112782566221,0.001600112782566221,0.009393887845039809,0.010915998502803224,0,0,0.0,5,14.160330948470708,0.0,0.0,0.0,0.0,0.0,0.0,,0.0,0.0,0.0,0.010915998502803224,0.0,0.0,0.0,0,0.0,0.0
2020-10-06,177.3000030517578,-0.011760774579356315,1901.0999755859375,-0.005960797079248348,-0.005799977500107967,0.005799977500107967,0.009754731719308036,0.010944031050629285,0,0,0.0,5,5.43456296563885,0.0,0.0,0.0,0.0,0.0,0.0,,0.0,0.0,0.0,0.010944031050629285,0.0,0.0,0.0,0,0.0,0.0
2020-10-07,177.22000122070312,-0.0004512229536247636,1883.5999755859375,-0.009205197109429464,0.0087539741558047,0.0087539741558047,0.009669494767679752,0.011044620065280815,1,0,0.0,5,216.82924087466426,0.0,0.0,0.0,0.0,0.0,0.0,,0.0,0.0,0.0,0.011044620065280815,0.0,0.0,0.0,0,0.0,0.0
2020-10-08,177.85000610351562,0.0035549310375408982,1888.5999755859375,0.0026544914338537673,0.0009004396036871309,0.0009004396036871309,0.00974775225703705,0.010904546050111638,1,0,0.0,5,7.9293254490165275,0.0,0.0,0.0,0.0,0.0,0.0,,0.0,0.0,0.0,0.010904546050111638,0.0,0.0,0.0,0,0.0,0.0
2020-10-09,181.0800018310547,0.018161347296547614,1919.5,0.01636133898840897,0.0018000083081386453,0.0018000083081386453,0.011024398939860156,0.011716195429878637,1,0,0.0,5,9.549670908770391,0.0,0.0,0.0,0.0,0.0,0.0,,0.0,0.0,0.0,0.011716195429878637,0.0,0.0,0.0,0,0.0,0.0
2020-10-12,180.55999755859375,-0.002871682500567352,1922.5,0.0015629070070330986,-0.0044345895076004505,0.0044345895076004505,0.009677877286785626,0.009456189931840858,0,0,0.0,5,5.794841008685575,0.0,0.0,0.0,0.0,0.0,0.0,,0.0,0.0,0.0,0.009677877286785626,0.0,0.0,0.0,0,0.0,0.0
2020-10-13,177.72000122070312,-0.015728823528417535,1888.5,-0.01768530559167747,0.0019564820632599345,0.0019564820632599345,0.010476535110182126,0.010591894031312454,1,0,0.0,5,11.948049421683265,0.0,0.0,0.0,0.0,0.0,0.0,,0.0,0.0,0.0,0.010591894031312454,0.0,0.0,0.0,0,0.0,0.0
2020-10-14,178.27000427246094,0.003094772946095059,1901.300048828125,0.00677789188674871,-0.0036831189406536513,0.0036831189406536513,0.008673925377168674,0.009135371209419603,0,0,0.0,5,23.358138539756766,0.0,0.0,0.0,0.0,0.0,0.0,,0.0,0.0,0.0,0.009135371209419603,0.0,0.0,0.0,0,0.0,0.0
2020-10-15,178.9199981689453,0.003646120384284801,1903.199951171875,0.0009992648687517924,0.0026468555155330087,0.0026468555155330087,0.008672527948187006,0.009097691736220055,1,0,0.0,5,2.9152455982752556,0.0,0.0,0.0,0.0,0.0,0.0,,0.0,0.0,0.0,0.009097691736220055,0.0,0.0,0.0,0,0.0,0.0
2020-10-16,178.3000030517578,-0.0034652086045857677,1900.800048828125,-0.001260982768664043,-0.002204225835921725,0.002204225835921725,0.008695211707597033,0.008926751895295822,0,0,0.0,5,3.879402592476618,0.0,0.0,0.0,0.0,0.0,0.0,,0.0,0.0,0.0,0.008926751895295822,0.0,0.0,0.0,0,0.0,0.0
2020-10-19,178.38999938964844,0.0005047466985432791,1906.4000244140625,0.0029461150263490055,-0.0024413683278057263,0.0024413683278057263,0.008351111654928137,0.008753288595452545,0,0,0.0,5,62.37631911841037,0.0,0.0,0.0,0.0,0.0,0.0,,0.0,0.0,0.0,0.008753288595452545,0.0,0.0,0.0,0,0.0,0.0
2020-10-20,179.25,0.0048209014703402,1910.4000244140625,0.002098195524955271,0.002722705945384929,0.002722705945384929,0.008161149800578707,0.008290916423393142,1,0,0.0,5,4.638556507856606,0.0,0.0,0.0,0.0,0.0,0.0,,0.0,0.0,0.0,0.008290916423393142,0.0,0.0,0.0,0,0.0,0.0
2020-10-21,180.60000610351562,0.007531414803434444,1924.5999755859375,0.007432972670857296,9.844213257714785e-05,9.844213257714785e-05,0.00814757466001741,0.008381370650870301,1,0,0.0,5,10.517407077413177,0.0,0.0,0.0,0.0,0.0,0.0,,0.0,0.0,0.0,0.008381370650870301,0.0,0.0,0.0,0,0.0,0.0
2020-10-22,178.8300018310547,-0.009800687777642758,1901.0999755859375,-0.012210329573991374,0.002409641796348616,0.002409641796348616,0.008333383084840681,0.008601502802783347,1,0,0.0,5,13.244495117926569,0.0,0.0,0.0,0.0,0.0,0.0,,0.0,0.0,0.0,0.008601502802783347,0.0,0.0,0.0,0,0.0,0.0
2020-10-23,178.63999938964844,-0.001062475196895396,1902.0,0.0004734229791283351,-0.0015358981760237311,0.0015358981760237311,0.008334892916327023,0.008527910416248495,0,0,0.0,5,4.744192882561966,0.0,0.0,0.0,0.0,0.0,0.0,,0.0,0.0,0.0,0.008527910416248495,0.0,0.0,0.0,0,0.0,0.0
2020-10-26,178.5500030517578,-0.0005037860400700644,1902.699951171875,0.0003680079768006994,-0.0008717940168707639,0.0008717940168707639,0.00822851078485911,0.008345615521997982,0,0,0.0,5,7.784335553096745,0.0,0.0,0.0,0.0,0.0,0.0,,0.0,0.0,0.0,0.008345615521997982,0.0,0.0,0.0,0,0.0,0.0
2020-10-27,179.02000427246094,0.0026323226696718383,1908.800048828125,0.00320602187039154,-0.0005736992007197017,0.0005736992007197017,0.007611224998702147,0.008237183128395458,0,0,0.0,5,12.986323908525778,0.0,0.0,0.0,0.0,0.0,0.0,,0.0,0.0,0.0,0.008237183128395458,0.0,0.0,0.0,0,0.0,0.0
2020-10-28,176.1300048828125,-0.01614344386479838,1876.199951171875,-0.017078843683110856,0.0009353998183124768,0.0009353998183124768,0.008767127407889534,0.00909269265742,1,0,0.0,5,11.269588253127216,0.0,0.0,0.0,0.0,0.0,0.0,,0.0,0.0,0.0,0.00909269265742,0.0,0.0,0.0,0,0.0,0.0
2020-10-29,175.39999389648438,-0.004144728133141373,1865.5999755859375,-0.005649704648652554,0.0015049765155111805,0.0015049765155111805,0.008745957539463705,0.009157509822128434,1,0,0.0,5,14.498352319325154,0.0,0.0,0.0,0.0,0.0,0.0,,0.0,0.0,0.0,0.009157509822128434,0.0,0.0,0.0,0,0.0,0.0
2020-10-30,176.1999969482422,0.004561020978312902,1877.4000244140625,0.006325069137299355,-0.0017640481589864532,0.0017640481589864532,0.007197971265166062,0.008124196774108399,0,0,0.0,5,14.775906349455182,0.0,0.0,0.0,0.0,0.0,0.0,,0.0,0.0,0.0,0.008124196774108399,0.0,0.0,0.0,0,0.0,0.0
2020-11-02,177.91000366210938,0.009704919089013941,1890.4000244140625,0.0069244699216712835,0.002780449167342658,0.002780449167342658,0.007773135225034522,0.008379970310220721,1,0,0.0,5,7.581374667389639,0.0,0.0,0.0,0.0,0.0,0.0,,0.0,0.0,0.0,0.008379970310220721,0.0,0.0,0.0,0,0.0,0.0
2020-11-03,178.9199981689453,0.005676996717700833,1908.5,0.009574680148212389,-0.003897683430511556,0.003897683430511556,0.006767320671295809,0.007425180583457351,0,0,0.0,5,17.990320935485073,0.0,0.0,0.0,0.0,0.0,0.0,,0.0,0.0,0.0,0.007425180583457351,0.0,0.0,0.0,0,0.0,0.0
2020-11-04,178.82000732421875,-0.0005588578456844351,1894.5999755859375,-0.007283219499115812,0.006724361653431377,0.006724361653431377,0.006731765815131141,0.007494166634556138,1,0,0.0,5,138.07767496805204,0.0,0.0,0.0,0.0,0.0,0.0,,0.0,0.0,0.0,0.007494166634556138,0.0,0.0,0.0,0,0.0,0.0
2020-11-05,182.92999267578125,0.022983923404670703,1945.300048828125,0.02676030502244031,-0.0037763816177696086,0.0037763816177696086,0.008927106964780338,0.010239686166463343,0,0,0.0,5,12.381366359476752,0.0,0.0,0.0,0.0,0.0,0.0,,0.0,0.0,0.0,0.010239686166463343,0.0,0.0,0.0,0,0.0,0.0
2020-11-06,183.19000244140625,0.0014213621387162423,1950.300048828125,0.0025702975759509528,-0.0011489354372347105,0.0011489354372347105,0.00882088378913954,0.010213422163157487,0,0,0.0,5,19.252109671637054,0.0,0.0,0.0,0.0,0.0,0.0,,0.0,0.0,0.0,0.010213422163157487,0.0,0.0,0.0,0,0.0,0.0
2020-11-09,175.0800018310547,-0.04427097823171633,1853.199951171875,-0.04978726104970077,0.005516282817984441,0.005516282817984441,0.014832961964159279,0.01675693010682202,1,0,0.0,5,11.90377896823991,0.0,0.0,0.0,0.0,0.0,0.0,,0.0,0.0,0.0,0.01675693010682202,0.0,0.0,0.0,0,0.0,0.0
2020-11-10,175.66000366210938,0.0033127817282887495,1875.4000244140625,0.01197931892246662,-0.00866653719417787,0.00866653719417787,0.014794708184481349,0.01710959738715277,0,0,0.0,5,38.6064914565068,0.0,0.0,0.0,0.0,0.0,0.0,,0.0,0.0,0.0,0.01710959738715277,0.0,0.0,0.0,0,0.0,0.0
2020-11-11,174.89999389648438,-0.004326595410341194,1860.699951171875,-0.007838366775525851,0.003511771365184657,0.003511771365184657,0.014607941704909241,0.017020150069181384,1,0,0.0,5,19.273733423923733,0.0,0.0,0.0,0.0,0.0,0.0,,0.0,0.0,0.0,0.017020150069181384,0.0,0.0,0.0,0,0.0,0.0
2020-11-12,175.9600067138672,0.006060679556170845,1872.5999755859375,0.006395455864105282,-0.0003347763079344368,0.0003347763079344368,0.014579670405987259,0.016909179476838558,0,0,0.0,5,11.230038038906159,0.0,0.0,0.0,0.0,0.0,0.0,,0.0,0.0,0.0,0.016909179476838558,0.0,0.0,0.0,0,0.0,0.0
2020-11-13,177.16000366210938,0.006819714153532219,1885.699951171875,0.006995608115309526,-0.00017589396177730698,0.00017589396177730698,0.01471776506598047,0.017029640094739118,0,0,0.0,5,10.918581254847496,0.0,0.0,0.0,0.0,0.0,0.0,,0.0,0.0,0.0,0.017029640094739118,0.0,0.0,0.0,0,0.0,0.0
2020-11-16,177.14999389648438,-5.650127239831271e-05,1887.300048828125,0.0008485430862188448,-0.0009050443586171575,0.0009050443586171575,0.014718104986402912,0.017031712217037198,0,0,0.0,5,159.99834136324006,0.0,0.0,0.0,0.0,0.0,0.0,,0.0,0.0,0.0,0.017031712217037198,0.0,0.0,0.0,0,0.0,0.0
2020-11-17,176.5,-0.0036691725592956637,1884.5,-0.0014836267449171991,-0.0021855458143784645,0.0021855458143784645,0.014714635051248122,0.017003734312774653,0,0,0.0,5,4.317257461934586,0.0,0.0,0.0,0.0,0.0,0.0,,0.0,0.0,0.0,0.017003734312774653,0.0,0.0,0.0,0,0.0,0.0
2020-11-18,175.49000549316406,-0.005722348480656891,1873.5,-0.005837092066861227,0.00011474358620433556,0.00011474358620433556,0.014176763929512474,0.016470420305639256,1,0,0.0,5,10.889891461696225,0.0,0.0,0.0,0.0,0.0,0.0,,0.0,0.0,0.0,0.016470420305639256,0.0,0.0,0.0,0,0.0,0.0
2020-11-19,175.16000366210938,-0.0018804594035273237,1861.0999755859375,-0.00661864126718037,0.004738181863653046,0.004738181863653046,0.014143173504293904,0.016496179153427843,1,0,0.0,5,37.397247500040926,0.0,0.0,0.0,0.0,0.0,0.0,,0.0,0.0,0.0,0.016496179153427843,0.0,0.0,0.0,0,0.0,0.0
2020-11-20,175.69000244140625,0.0030257979459697992,1872.5999755859375,0.006179141449066616,-0.003153343503096817,0.003153343503096817,0.014113362388001338,0.01649220511005968,0,0,0.0,5,21.766378539066544,0.0,0.0,0.0,0.0,0.0,0.0,,0.0,0.0,0.0,0.01649220511005968,0.0,0.0,0.0,0,0.0,0.0
2020-11-23,172.22999572753906,-0.0196938167555728,1837.800048828125,-0.018583748377398956,-0.0011100683781738452,0.0011100683781738452,0.014684451164990491,0.01702900695077627,0,0,0.0,5,10.069151882876081,0.0,0.0,0.0,0.0,0.0,0.0,,0.0,0.0,0.0,0.01702900695077627,0.0,0.0,0.0,0,0.0,0.0
2020-11-24,169.58999633789062,-0.015328336846880064,1804.800048828125,-0.0179562515634073,0.0026279147165272354,0.0026279147165272354,0.014894148613207855,0.01720491782733209,1,0,0.0,5,12.4666425904644,0.0,0.0,0.0,0.0,0.0,0.0,,0.0,0.0,0.0,0.01720491782733209,0.0,0.0,0.0,0,0.0,0.0
2020-11-25,169.50999450683594,-0.0004717367343725076,1805.699951171875,0.0004986160900950498,-0.0009703528244675574,0.0009703528244675574,0.014895377198996904,0.0172025141945141,0,0,0.0,5,11.259442025033477,0.0,0.0,0.0,0.0,0.0,0.0,,0.0,0.0,0.0,0.0172025141945141,0.0,0.0,0.0,0,0.0,0.0
2020-11-27,167.7899932861328,-0.010146901518740647,1781.9000244140625,-0.013180443817571552,0.0030335422988309046,0.0030335422988309046,0.013035471553238032,0.0152360277197658,1,0,0.0,5,13.794751010143987,0.0,0.0,0.0,0.0,0.0,0.0,,0.0,0.0,0.0,0.0152360277197658,0.0,0.0,0.0,0,0.0,0.0
2020-11-30,166.6699981689453,-0.006674981596057172,1775.699951171875,-0.0034794731226440723,-0.0031955084734131,0.0031955084734131,0.012888020702209757,0.015080137437057156,0,0,0.0,5,5.553612394654398,0.0,0.0,0.0,0.0,0.0,0.0,,0.0,0.0,0.0,0.015080137437057156,0.0,0.0,0.0,0,0.0,0.0
2020-12-01,170.17999267578125,0.0210595460814611,1814.0999755859375,0.02162528888324866,-0.000565742801787561,0.000565742801787561,0.009764217288231127,0.011043372589120295,0,0,0.0,5,10.94625669753786,0.0,0.0,0.0,0.0,0.0,0.0,,0.0,0.0,0.0,0.011043372589120295,0.0,0.0,0.0,0,0.0,0.0
2020-12-02,171.4600067138672,0.00752153069206285,1825.699951171875,0.006394341955817895,0.001127188736244955,0.001127188736244955,0.009981114865768428,0.010648462541334234,1,0,0.0,5,9.052242781635778,0.0,0.0,0.0,0.0,0.0,0.0,,0.0,0.0,0.0,0.010648462541334234,0.0,0.0,0.0,0,0.0,0.0
2020-12-03,172.80999755859375,0.007873502810363364,1836.800048828125,0.006079913432174289,0.0017935893781890755,0.0017935893781890755,0.010233932408379685,0.010685079116803631,1,0,0.0,5,8.207718008921178,0.0,0.0,0.0,0.0,0.0,0.0,,0.0,0.0,0.0,0.010685079116803631,0.0,0.0,0.0,0,0.0,0.0
2020-12-04,172.32000732421875,-0.002835427586930339,1835.9000244140625,-0.0004899958569996032,-0.002345431729930736,0.002345431729930736,0.010067327290081309,0.010499800565332278,0,0,0.0,5,1.8411415147592607,0.0,0.0,0.0,0.0,0.0,0.0,,0.0,0.0,0.0,0.010499800565332278,0.0,0.0,0.0,0,0.0,0.0
2020-12-07,174.88999938964844,0.014914066598165077,1861.800048828125,0.014107535306737917,0.0008065312914271594,0.0008065312914271594,0.01073128551840827,0.011045935634140868,1,0,0.0,5,10.069852956581425,0.0,0.0,0.0,0.0,0.0,0.0,,0.0,0.0,0.0,0.011045935634140868,0.0,0.0,0.0,0,0.0,0.0
2020-12-08,175.5,0.003487910186290799,1870.800048828125,0.004834031455560828,-0.0013461212692700286,0.0013461212692700286,0.010787833712622734,0.011135811180062717,0,0,0.0,5,14.773875351949005,0.0,0.0,0.0,0.0,0.0,0.0,,0.0,0.0,0.0,0.011135811180062717,0.0,0.0,0.0,0,0.0,0.0
2020-12-09,172.5,-0.017094017094017144,1834.5999755859375,-0.019350049335771224,0.00225603224175408,0.00225603224175408,0.011590398057347639,0.01215432504683782,1,0,0.0,5,12.03899479583223,0.0,0.0,0.0,0.0,0.0,0.0,,0.0,0.0,0.0,0.01215432504683782,0.0,0.0,0.0,0,0.0,0.0
2020-12-10,172.1699981689453,-0.001913054093070632,1833.5999755859375,-0.000545077953399975,-0.001367976139670657,0.001367976139670657,0.011532024344325712,0.012102931341975485,0,0,0.0,5,3.0344395210407114,0.0,0.0,0.0,0.0,0.0,0.0,,0.0,0.0,0.0,0.012102931341975485,0.0,0.0,0.0,0,0.0,0.0
2020-12-11,172.49000549316406,0.0018586706605219216,1839.800048828125,0.0033813663420267925,-0.0015226956815048709,0.0015226956815048709,0.011556891966670892,0.012068278705157734,0,0,0.0,5,19.404232597702467,0.0,0.0,0.0,0.0,0.0,0.0,,0.0,0.0,0.0,0.012068278705157734,0.0,0.0,0.0,0,0.0,0.0
2020-12-14,171.5399932861328,-0.005507636250083436,1828.699951171875,-0.006033317404964933,0.0005256811548814966,0.0005256811548814966,0.011556645213153978,0.011982756655717557,1,0,0.0,5,11.677987026193938,0.0,0.0,0.0,0.0,0.0,0.0,,0.0,0.0,0.0,0.011982756655717557,0.0,0.0,0.0,0,0.0,0.0
2020-12-15,173.94000244140625,0.013990959829817351,1852.300048828125,0.012905396339692787,0.0010855634901245637,0.0010855634901245637,0.011036042954826858,0.011528211333014122,1,0,0.0,5,9.822809089875179,0.0,0.0,0.0,0.0,0.0,0.0,,0.0,0.0,0.0,0.011528211333014122,0.0,0.0,0.0,0,0.0,0.0
2020-12-16,174.89999389648438,0.005519095329445722,1856.0999755859375,0.0020514639408537594,0.003467631388591963,0.003467631388591963,0.010148224506575352,0.010324158286269102,1,0,0.0,5,3.9446417122035107,0.0,0.0,0.0,0.0,0.0,0.0,,0.0,0.0,0.0,0.010324158286269102,0.0,0.0,0.0,0,0.0,0.0
2020-12-17,176.74000549316406,0.010520363984510617,1887.199951171875,0.01675554980604943,-0.006235185821538813,0.006235185821538813,0.01034382001818665,0.01099574693278851,0,0,0.0,5,17.006344395129037,0.0,0.0,0.0,0.0,0.0,0.0,,0.0,0.0,0.0,0.01099574693278851,0.0,0.0,0.0,0,0.0,0.0
2020-12-18,176.44000244140625,-0.0016974258370123785,1885.699951171875,-0.0007948283376483234,-0.0009025974993640551,0.0009025974993640551,0.009802052746923067,0.01012410142749532,0,0,0.0,5,5.004469752884585,0.0,0.0,0.0,0.0,0.0,0.0,,0.0,0.0,0.0,0.01012410142749532,0.0,0.0,0.0,0,0.0,0.0
2020-12-21,175.8800048828125,-0.003173869592184575,1879.199951171875,-0.0034469958998304406,0.00027312630764586565,0.00027312630764586565,0.00958423508073461,0.010122430014890544,1,0,0.0,5,11.604013136665206,0.0,0.0,0.0,0.0,0.0,0.0,,0.0,0.0,0.0,0.010122430014890544,0.0,0.0,0.0,0,0.0,0.0
2020-12-22,174.49000549316406,-0.007903112071065643,1866.5999755859375,-0.006704968025398328,-0.0011981440456673154,0.0011981440456673154,0.008699727801081688,0.00916277253866821,0,0,0.0,5,9.075681993855136,0.0,0.0,0.0,0.0,0.0,0.0,,0.0,0.0,0.0,0.00916277253866821,0.0,0.0,0.0,0,0.0,0.0
2020-12-23,175.64999389648438,0.00664787877129025,1874.699951171875,0.00433942767163864,0.0023084510996516094,0.0023084510996516094,0.008660836582229414,0.009106655115218364,1,0,0.0,5,6.9667943653850815,0.0,0.0,0.0,0.0,0.0,0.0,,0.0,0.0,0.0,0.009106655115218364,0.0,0.0,0.0,0,0.0,0.0
2020-12-24,176.35000610351562,0.003985267471422693,1879.9000244140625,0.0027738162786727916,0.0012114511927499017,0.0012114511927499017,0.00851814310719323,0.009035555753042324,1,0,0.0,5,7.419582917499594,0.0,0.0,0.0,0.0,0.0,0.0,,0.0,0.0,0.0,0.009035555753042324,0.0,0.0,0.0,0,0.0,0.0
2020-12-28,175.7100067138672,-0.003629142996869339,1877.199951171875,-0.0014362855508920358,-0.002192857445977303,0.002192857445977303,0.008548654450450294,0.009054366207099382,0,0,0.0,5,4.228153538331335,0.0,0.0,0.0,0.0,0.0,0.0,,0.0,0.0,0.0,0.009054366207099382,0.0,0.0,0.0,0,0.0,0.0
2020-12-29,176.35000610351562,0.003642361648136694,1879.699951171875,0.0013317707569933113,0.0023105908911433826,0.0023105908911433826,0.007725408252180632,0.008360249663635036,1,0,0.0,5,3.8972607267706167,0.0,0.0,0.0,0.0,0.0,0.0,,0.0,0.0,0.0,0.008360249663635036,0.0,0.0,0.0,0,0.0,0.0
2020-12-30,177.6999969482422,0.007655178894261816,1891.0,0.006011623728074289,0.001643555166187527,0.001643555166187527,0.007910086235838554,0.008407532361503763,1,0,0.0,5,8.356810501634017,0.0,0.0,0.0,0.0,0.0,0.0,,0.0,0.0,0.0,0.008407532361503763,0.0,0.0,0.0,0,0.0,0.0
2020-12-31,178.36000061035156,0.003714145601823482,1893.0999755859375,0.0011105106218600724,0.0026036349799634095,0.0026036349799634095,0.006169639920883406,0.006312412518436843,1,0,0.0,5,3.173510040165564,0.0,0.0,0.0,0.0,0.0,0.0,,0.0,0.0,0.0,0.006312412518436843,0.0,0.0,0.0,0,0.0,0.0
2021-01-04,182.3300018310547,0.022258360658879317,1944.699951171875,0.027256867704499754,-0.004998507045620437,0.004998507045620437,0.007915109089216322,0.008989891333975623,0,0,0.0,5,13.061024318833827,0.0,0.0,0.0,0.0,0.0,0.0,,0.0,0.0,0.0,0.008989891333975623,0.0,0.0,0.0,0,0.0,0.0
2021-01-05,182.8699951171875,0.0029616260665272787,1952.699951171875,0.004113745153939696,-0.0011521190874124176,0.0011521190874124176,0.007900310854780337,0.008988473600239388,0,0,0.0,5,14.832017252465091,0.0,0.0,0.0,0.0,0.0,0.0,,0.0,0.0,0.0,0.008988473600239388,0.0,0.0,0.0,0,0.0,0.0
2021-01-06,179.89999389648438,-0.01624105266038789,1906.9000244140625,-0.023454666821867143,0.007213614161479254,0.007213614161479254,0.009196192793566737,0.011226556354059595,1,0,0.0,5,15.307767918919977,0.0,0.0,0.0,0.0,0.0,0.0,,0.0,0.0,0.0,0.011226556354059595,0.0,0.0,0.0,0,0.0,0.0
2021-01-07,179.47999572753906,-0.00233462025122122,1912.300048828125,0.002831834047367865,-0.005166454298589085,0.005166454298589085,0.008786938106174513,0.010878241778751059,0,0,0.0,5,12.923838913344824,0.0,0.0,0.0,0.0,0.0,0.0,,0.0,0.0,0.0,0.010878241778751059,0.0,0.0,0.0,0,0.0,0.0
2021-01-08,173.33999633789062,-0.03420993723985433,1834.0999755859375,-0.040893202554750374,0.0066832653148960475,0.0066832653148960475,0.012774669324189329,0.015559248948747986,1,0,0.0,5,12.648035278585342,0.0,0.0,0.0,0.0,0.0,0.0,,0.0,0.0,0.0,0.015559248948747986,0.0,0.0,0.0,0,0.0,0.0
2021-01-11,173.0,-0.0019614419353504164,1849.5999755859375,0.008451011507727868,-0.010412453443078284,0.010412453443078284,0.012405314534689087,0.015033382020949681,0,0,0.0,5,46.06434972426191,0.0,0.0,0.0,0.0,0.0,0.0,,0.0,0.0,0.0,0.015033382020949681,0.0,0.0,0.0,0,0.0,0.0
2021-01-12,174.1199951171875,0.006473960214956609,1842.9000244140625,-0.00362237849281577,0.010096338707772379,0.010096338707772379,0.012567437517736738,0.015045204264791215,1,0,0.0,5,5.922116273282859,0.0,0.0,0.0,0.0,0.0,0.0,,0.0,0.0,0.0,0.015045204264791215,0.0,0.0,0.0,0,0.0,0.0
2021-01-13,173.3699951171875,-0.004307374345463466,1853.5999755859375,0.005806039953402786,-0.010113414298866252,0.010113414298866252,0.01258607584867003,0.015145626843799992,0,0,0.0,5,14.41150978871453,0.0,0.0,0.0,0.0,0.0,0.0,,0.0,0.0,0.0,0.015145626843799992,0.0,0.0,0.0,0,0.0,0.0
2021-01-14,173.27999877929688,-0.0005190998467168306,1850.300048828125,-0.001780279888474512,0.0012611800417576813,0.0012611800417576813,0.012435400710927297,0.01506175705116794,1,0,0.0,5,36.62107672135319,0.0,0.0,0.0,0.0,0.0,0.0,,0.0,0.0,0.0,0.01506175705116794,0.0,0.0,0.0,0,0.0,0.0
2021-01-15,171.1300048828125,-0.012407628760563338,1829.300048828125,-0.011349510590620282,-0.0010581181699430564,0.0010581181699430564,0.012636674385588978,0.015246977551458714,0,0,0.0,5,9.777934571458356,0.0,0.0,0.0,0.0,0.0,0.0,,0.0,0.0,0.0,0.015246977551458714,0.0,0.0,0.0,0,0.0,0.0
2021-01-19,172.5800018310547,0.00847307255811236,1839.5,0.0055758765099303,0.0028971960481820602,0.0028971960481820602,0.012831536435142463,0.015320374056361705,1,0,0.0,5,7.014254900457603,0.0,0.0,0.0,0.0,0.0,0.0,,0.0,0.0,0.0,0.015320374056361705,0.0,0.0,0.0,0,0.0,0.0
2021-01-20,175.38999938964844,0.016282289539807593,1865.9000244140625,0.01435173928462219,0.0019305502551854037,0.0019305502551854037,0.013587890659053786,0.015846330226888763,1,0,0.0,5,9.377187647975475,0.0,0.0,0.0,0.0,0.0,0.0,,0.0,0.0,0.0,0.015846330226888763,0.0,0.0,0.0,0,0.0,0.0
2021-01-21,175.27999877929688,-0.0006271772092728556,1865.300048828125,-0.0003215475524342981,-0.0003056296568385575,0.0003056296568385575,0.01355002897268841,0.01584003793147578,0,0,0.0,5,5.455961284483868,0.0,0.0,0.0,0.0,0.0,0.0,,0.0,0.0,0.0,0.01584003793147578,0.0,0.0,0.0,0,0.0,0.0
2021-01-22,173.89999389648438,-0.007873145210082533,1855.699951171875,-0.005146677427195323,-0.0027264677828872097,0.0027264677828872097,0.013490310247446253,0.015779614246941607,0,0,0.0,5,6.975685262392908,0.0,0.0,0.0,0.0,0.0,0.0,,0.0,0.0,0.0,0.015779614246941607,0.0,0.0,0.0,0,0.0,0.0
2021-01-25,174.0500030517578,0.0008626173693986328,1854.9000244140625,-0.00043106470812126485,0.0012936820775198976,0.0012936820775198976,0.013433754792483567,0.0157689399881397,1,0,0.0,5,5.325626941618852,0.0,0.0,0.0,0.0,0.0,0.0,,0.0,0.0,0.0,0.0157689399881397,0.0,0.0,0.0,0,0.0,0.0
2021-01-26,173.6199951171875,-0.0024705999829396363,1850.699951171875,-0.002264312462616047,-0.0002062875203235892,0.0002062875203235892,0.01171088435367703,0.013659277911743246,0,0,0.0,5,9.76945184735991,0.0,0.0,0.0,0.0,0.0,0.0,,0.0,0.0,0.0,0.013659277911743246,0.0,0.0,0.0,0,0.0,0.0
2021-01-27,172.52000427246094,-0.006335623059913753,1844.9000244140625,-0.0031339098237614937,-0.0032017132361522593,0.0032017132361522593,0.011607439387485397,0.013509110462081229,0,0,0.0,5,5.289693899502082,0.0,0.0,0.0,0.0,0.0,0.0,,0.0,0.0,0.0,0.013509110462081229,0.0,0.0,0.0,0,0.0,0.0
2021-01-28,172.67999267578125,0.0009273614616172043,1837.9000244140625,-0.0037942435402282815,0.004721605001845486,0.004721605001845486,0.011131111698789642,0.012359572068851124,1,0,0.0,5,43.54677740662445,0.0,0.0,0.0,0.0,0.0,0.0,,0.0,0.0,0.0,0.012359572068851124,0.0,0.0,0.0,0,0.0,0.0
2021-01-29,172.61000061035156,-0.0004053281700162614,1847.300048828125,0.005114546106532281,-0.005519874276548542,0.005519874276548542,0.011146381072521378,0.012442123739492552,0,0,0.0,5,135.0429130612015,0.0,0.0,0.0,0.0,0.0,0.0,,0.0,0.0,0.0,0.012442123739492552,0.0,0.0,0.0,0,0.0,0.0
2021-02-01,174.22999572753906,0.009385291185094458,1860.800048828125,0.0073079627798224855,0.002077328405271972,0.002077328405271972,0.007328509699954014,0.006592484214585761,1,0,0.0,5,8.316208287809573,0.0,0.0,0.0,0.0,0.0,0.0,,0.0,0.0,0.0,0.007328509699954014,0.0,0.0,0.0,0,0.0,0.0
2021-02-02,172.11000061035156,-0.012167796413785958,1830.5,-0.016283344815692047,0.004115548401906088,0.004115548401906088,0.00800286978066329,0.007606771613412914,1,0,0.0,5,14.23296272506239,0.0,0.0,0.0,0.0,0.0,0.0,,0.0,0.0,0.0,0.00800286978066329,0.0,0.0,0.0,0,0.0,0.0
2021-02-03,171.85000610351562,-0.0015106298641213156,1832.199951171875,0.0009286813285305229,-0.0024393111926518385,0.0024393111926518385,0.007781613367141727,0.0075710548449308334,0,0,0.0,5,6.554385229730824,0.0,0.0,0.0,0.0,0.0,0.0,,0.0,0.0,0.0,0.007781613367141727,0.0,0.0,0.0,0,0.0,0.0
2021-02-04,168.14999389648438,-0.021530474690833024,1788.9000244140625,-0.023632751834819055,0.002102277143986031,0.002102277143986031,0.009425766869081737,0.009442450825028625,1,0,0.0,5,11.677500743888947,0.0,0.0,0.0,0.0,0.0,0.0,,0.0,0.0,0.0,0.009442450825028625,0.0,0.0,0.0,0,0.0,0.0
2021-02-05,169.80999755859375,0.009872160109213546,1810.9000244140625,0.012298060092657215,-0.002425899983443669,0.002425899983443669,0.009911294163506995,0.010171851221272574,0,0,0.0,5,13.284818930432696,0.0,0.0,0.0,0.0,0.0,0.0,,0.0,0.0,0.0,0.010171851221272574,0.0,0.0,0.0,0,0.0,0.0
2021-02-08,171.52000427246094,0.010070118005137685,1831.9000244140625,0.011596443600907724,-0.0015263255957700395,0.0015263255957700395,0.009810949345426867,0.010291029048495775,0,0,0.0,5,12.299210938229194,0.0,0.0,0.0,0.0,0.0,0.0,,0.0,0.0,0.0,0.010291029048495775,0.0,0.0,0.0,0,0.0,0.0
2021-02-09,172.0800018310547,0.0032649110578624185,1835.300048828125,0.0018560098088049592,0.0014089012490574593,0.0014089012490574593,0.009586726542694875,0.010195166265025023,1,0,0.0,5,6.062972333213389,0.0,0.0,0.0,0.0,0.0,0.0,,0.0,0.0,0.0,0.010195166265025023,0.0,0.0,0.0,0,0.0,0.0
2021-02-10,172.7100067138672,0.0036611162023989507,1840.5999755859375,0.002887771272711781,0.0007733449296871697,0.0007733449296871697,0.008537937551546863,0.009435529930871949,1,0,0.0,5,8.406034908268879,0.0,0.0,0.0,0.0,0.0,0.0,,0.0,0.0,0.0,0.009435529930871949,0.0,0.0,0.0,0,0.0,0.0
2021-02-11,171.2100067138672,-0.008685078696598514,1824.9000244140625,-0.008529800815017974,-0.00015527788158054,0.00015527788158054,0.008763862522614909,0.009637441175735341,0,0,0.0,5,10.468273590331856,0.0,0.0,0.0,0.0,0.0,0.0,,0.0,0.0,0.0,0.009637441175735341,0.0,0.0,0.0,0,0.0,0.0
2021-02-12,170.69000244140625,-0.0030372306060941767,1821.5999755859375,-0.0018083449964250153,-0.0012288856096691614,0.0012288856096691614,0.008601252330413334,0.009583508450845407,0,0,0.0,5,6.354018111543741,0.0,0.0,0.0,0.0,0.0,0.0,,0.0,0.0,0.0,0.009583508450845407,0.0,0.0,0.0,0,0.0,0.0
2021-02-16,168.24000549316406,-0.014353488272303538,1797.199951171875,-0.013394831324706202,-0.0009586569475973361,0.0009586569475973361,0.009215146272642966,0.01008153423776958,0,0,0.0,5,9.968892540822385,0.0,0.0,0.0,0.0,0.0,0.0,,0.0,0.0,0.0,0.01008153423776958,0.0,0.0,0.0,0,0.0,0.0
2021-02-17,166.3300018310547,-0.011352850687983307,1771.0999755859375,-0.014522577506703604,0.0031697268187202976,0.0031697268187202976,0.009512898453184536,0.010583873943854518,1,0,0.0,5,13.621071155635285,0.0,0.0,0.0,0.0,0.0,0.0,,0.0,0.0,0.0,0.010583873943854518,0.0,0.0,0.0,0,0.0,0.0
2021-02-18,166.32000732421875,-6.0088418961767864e-05,1773.4000244140625,0.0012986555585965398,-0.0013587439775583077,0.0013587439775583077,0.009484873690828219,0.010637841083908481,0,0,0.0,5,230.44400601490358,0.0,0.0,0.0,0.0,0.0,0.0,,0.0,0.0,0.0,0.010637841083908481,0.0,0.0,0.0,0,0.0,0.0
2021-02-19,167.00999450683594,0.004148551901348441,1775.800048828125,0.0013533463296615533,0.0027952055716868873,0.0027952055716868873,0.009601214833307397,0.010678771777517393,1,0,0.0,5,3.4686783009583335,0.0,0.0,0.0,0.0,0.0,0.0,,0.0,0.0,0.0,0.010678771777517393,0.0,0.0,0.0,0,0.0,0.0
2021-02-22,169.50999450683594,0.014969164015496528,1806.699951171875,0.01740055270532359,-0.002431388689827063,0.002431388689827063,0.010575423921645623,0.011704671985548053,0,0,0.0,5,12.389569589955254,0.0,0.0,0.0,0.0,0.0,0.0,,0.0,0.0,0.0,0.011704671985548053,0.0,0.0,0.0,0,0.0,0.0
2021-02-23,169.1199951171875,-0.0023007456922117253,1804.4000244140625,-0.0012729987380144525,-0.0010277469541972728,0.0010277469541972728,0.010165990132751554,0.011454849697438709,0,0,0.0,5,5.9033321911612,0.0,0.0,0.0,0.0,0.0,0.0,,0.0,0.0,0.0,0.011454849697438709,0.0,0.0,0.0,0,0.0,0.0
2021-02-24,169.0,-0.0007095264939214196,1796.4000244140625,-0.004433606679094204,0.0037240801851727845,0.0037240801851727845,0.00976466857629997,0.010787761812120331,1,0,0.0,5,66.42092104786815,0.0,0.0,0.0,0.0,0.0,0.0,,0.0,0.0,0.0,0.010787761812120331,0.0,0.0,0.0,0,0.0,0.0
2021-02-25,165.82000732421875,-0.018816524708764826,1774.4000244140625,-0.012246715487089666,-0.00656980922167516,0.00656980922167516,0.010777591270905214,0.01113306016100517,0,0,0.0,5,6.964578185675817,0.0,0.0,0.0,0.0,0.0,0.0,,0.0,0.0,0.0,0.01113306016100517,0.0,0.0,0.0,0,0.0,0.0
2021-02-26,161.80999755859375,-0.024182906697045592,1728.0999755859375,-0.026093354480996478,0.001910447783950886,0.001910447783950886,0.011131181238223004,0.01148590126213865,1,0,0.0,5,11.52351381212311,0.0,0.0,0.0,0.0,0.0,0.0,,0.0,0.0,0.0,0.01148590126213865,0.0,0.0,0.0,0,0.0,0.0
2021-03-01,161.52999877929688,-0.0017304170540851649,1722.5,-0.003240539126816877,0.0015101220727317122,0.0015101220727317122,0.01060044738726144,0.010758680015638502,1,0,0.0,5,19.969745205132828,0.0,0.0,0.0,0.0,0.0,0.0,,0.0,0.0,0.0,0.010758680015638502,0.0,0.0,0.0,0,0.0,0.0
2021-03-02,162.41000366210938,0.005447934683729505,1733.0999755859375,0.006153831980225011,-0.0007058972964955057,0.0007058972964955057,0.010246086578053669,0.010303393480964028,0,0,0.0,5,12.053816682110817,0.0,0.0,0.0,0.0,0.0,0.0,,0.0,0.0,0.0,0.010303393480964028,0.0,0.0,0.0,0,0.0,0.0
2021-03-03,160.6199951171875,-0.011021541189334294,1715.300048828125,-0.010270571235681092,-0.0007509699536532022,0.0007509699536532022,0.010228105957350742,0.010317134004157704,0,0,0.0,5,9.951596593014726,0.0,0.0,0.0,0.0,0.0,0.0,,0.0,0.0,0.0,0.010317134004157704,0.0,0.0,0.0,0,0.0,0.0
2021-03-04,159.0399932861328,-0.009836893780889033,1700.199951171875,-0.00880318149968351,-0.0010337122812055233,0.0010337122812055233,0.01004770024086868,0.010163832956087717,0,0,0.0,5,9.566990105059032,0.0,0.0,0.0,0.0,0.0,0.0,,0.0,0.0,0.0,0.010163832956087717,0.0,0.0,0.0,0,0.0,0.0
2021-03-05,159.13999938964844,0.0006288110395962221,1698.0,-0.0012939367339462882,0.0019227477735425103,0.0019227477735425103,0.010120020143845838,0.010167609417213898,1,0,0.0,5,21.95589870654975,0.0,0.0,0.0,0.0,0.0,0.0,,0.0,0.0,0.0,0.010167609417213898,0.0,0.0,0.0,0,0.0,0.0
2021-03-08,157.49000549316406,-0.010368190918767173,1677.699951171875,-0.011955270216799208,0.0015870792980320347,0.0015870792980320347,0.010204756479721943,0.010295022970594658,1,0,0.0,5,12.28337483200274,0.0,0.0,0.0,0.0,0.0,0.0,,0.0,0.0,0.0,0.010295022970594658,0.0,0.0,0.0,0,0.0,0.0
2021-03-09,160.83999633789062,0.02127113294736649,1716.5999755859375,0.02318652056161219,-0.0019153876142457005,0.0019153876142457005,0.011944976616313004,0.012390810019375153,0,0,0.0,5,11.633757515365671,0.0,0.0,0.0,0.0,0.0,0.0,,0.0,0.0,0.0,0.012390810019375153,0.0,0.0,0.0,0,0.0,0.0
2021-03-10,161.66000366210938,0.005098279923459348,1721.5,0.002854494048556644,0.002243785874902704,0.002243785874902704,0.011871159474171347,0.01204225335744113,1,0,0.0,5,5.962246230426316,0.0,0.0,0.0,0.0,0.0,0.0,,0.0,0.0,0.0,0.01204225335744113,0.0,0.0,0.0,0,0.0,0.0
2021-03-11,161.52000427246094,-0.000866011298261804,1722.300048828125,0.00046473937155089295,-0.001330750669812697,0.001330750669812697,0.011864394438245541,0.012028723966619683,0,0,0.0,5,5.7222707789089124,0.0,0.0,0.0,0.0,0.0,0.0,,0.0,0.0,0.0,0.012028723966619683,0.0,0.0,0.0,0,0.0,0.0
2021-03-12,161.49000549316406,-0.00018572795011984056,1719.5,-0.0016257613358544587,0.0014400333857346181,0.0014400333857346181,0.011759278672073376,0.011996078393297478,1,0,0.0,5,93.20432300382741,0.0,0.0,0.0,0.0,0.0,0.0,,0.0,0.0,0.0,0.011996078393297478,0.0,0.0,0.0,0,0.0,0.0
2021-03-15,162.1999969482422,0.004396503999798185,1728.9000244140625,0.005466719635977002,-0.0010702156361788173,0.0010702156361788173,0.010947178046610358,0.010963210184581249,0,0,0.0,5,13.253737582903348,0.0,0.0,0.0,0.0,0.0,0.0,,0.0,0.0,0.0,0.010963210184581249,0.0,0.0,0.0,0,0.0,0.0
2021-03-16,162.35000610351562,0.0009248406787658592,1730.5999755859375,0.0009832559129330232,-5.841523416716399e-05,5.841523416716399e-05,0.010990928572935372,0.01100215372917027,0,0,0.0,5,11.33297751105597,0.0,0.0,0.0,0.0,0.0,0.0,,0.0,0.0,0.0,0.01100215372917027,0.0,0.0,0.0,0,0.0,0.0
2021-03-17,163.50999450683594,0.00714498527693741,1726.800048828125,-0.0021957279622206727,0.009340713239158083,0.009340713239158083,0.01127411784004962,0.010992477556931307,1,0,0.0,5,3.2454501493397214,0.0,0.0,0.0,0.0,0.0,0.0,,0.0,0.0,0.0,0.01127411784004962,0.0,0.0,0.0,0,0.0,0.0
2021-03-18,162.55999755859375,-0.005810023730399405,1732.199951171875,0.003127115005246095,-0.0089371387356455,0.0089371387356455,0.010363250694326899,0.010740043417945959,0,0,0.0,5,5.735222685392546,0.0,0.0,0.0,0.0,0.0,0.0,,0.0,0.0,0.0,0.010740043417945959,0.0,0.0,0.0,0,0.0,0.0
2021-03-19,163.24000549316406,0.004183119739068708,1741.4000244140625,0.0053112074249646035,-0.0011280876858958955,0.0011280876858958955,0.008258324737915127,0.008425279610258664,0,0,0.0,5,13.544560334768628,0.0,0.0,0.0,0.0,0.0,0.0,,0.0,0.0,0.0,0.008425279610258664,0.0,0.0,0.0,0,0.0,0.0
2021-03-22,163.0,-0.0014702614866924923,1737.800048828125,-0.002067288121894273,0.0005970266352017806,0.0005970266352017806,0.00825331106731965,0.008393018270058903,1,0,0.0,5,14.99058664256818,0.0,0.0,0.0,0.0,0.0,0.0,,0.0,0.0,0.0,0.008393018270058903,0.0,0.0,0.0,0,0.0,0.0
2021-03-23,161.80999755859375,-0.007300628474884996,1724.699951171875,-0.00753832275760602,0.00023769428272102378,0.00023769428272102378,0.008377841256837694,0.008492438500934849,1,0,0.0,5,11.00582694808741,0.0,0.0,0.0,0.0,0.0,0.0,,0.0,0.0,0.0,0.008492438500934849,0.0,0.0,0.0,0,0.0,0.0
2021-03-24,162.3699951171875,0.0034608341081703298,1732.9000244140625,0.00475449265051342,-0.0012936585423430902,0.0012936585423430902,0.007862011209522684,0.008108629150618997,0,0,0.0,5,14.661929547275577,0.0,0.0,0.0,0.0,0.0,0.0,,0.0,0.0,0.0,0.008108629150618997,0.0,0.0,0.0,0,0.0,0.0
2021-03-25,161.77999877929688,-0.003633653726877295,1724.9000244140625,-0.004616538685031757,0.0009828849581544619,0.0009828849581544619,0.007415758601882146,0.007824824766023775,1,0,0.0,5,13.546030256732585,0.0,0.0,0.0,0.0,0.0,0.0,,0.0,0.0,0.0,0.007824824766023775,0.0,0.0,0.0,0,0.0,0.0
2021-03-26,162.24000549316406,0.0028434090575977233,1732.199951171875,0.004232086877204555,-0.0013886778196068317,0.0013886778196068317,0.007426360128783763,0.007839666184089263,0,0,0.0,5,15.891149066326596,0.0,0.0,0.0,0.0,0.0,0.0,,0.0,0.0,0.0,0.007839666184089263,0.0,0.0,0.0,0,0.0,0.0
2021-03-29,160.30999755859375,-0.011896005111092234,1712.0999755859375,-0.011603727140356623,-0.00029227797073561046,0.00029227797073561046,0.007606304832779613,0.007797433371646233,0,0,0.0,5,10.417532867957807,0.0,0.0,0.0,0.0,0.0,0.0,,0.0,0.0,0.0,0.007797433371646233,0.0,0.0,0.0,0,0.0,0.0
2021-03-30,157.57000732421875,-0.017091823816998808,1683.9000244140625,-0.016470972241106496,-0.0006208515758923117,0.0006208515758923117,0.006784597611172432,0.006489885129678848,0,0,0.0,5,10.298490574500264,0.0,0.0,0.0,0.0,0.0,0.0,,0.0,0.0,0.0,0.006784597611172432,0.0,0.0,0.0,0,0.0,0.0
2021-03-31,159.9600067138672,0.015167857324082767,1713.800048828125,0.017756413077116395,-0.002588555753033628,0.002588555753033628,0.007877934904680823,0.00810466836112746,0,0,0.0,5,12.542373861897975,0.0,0.0,0.0,0.0,0.0,0.0,,0.0,0.0,0.0,0.00810466836112746,0.0,0.0,0.0,0,0.0,0.0
2021-04-01,161.97999572753906,0.012628087827510459,1726.5,0.007410404253727965,0.0052176835737824945,0.0052176835737824945,0.008592671065372447,0.008344399581586653,1,0,0.0,5,6.254743523939204,0.0,0.0,0.0,0.0,0.0,0.0,,0.0,0.0,0.0,0.008592671065372447,0.0,0.0,0.0,0,0.0,0.0
2021-04-05,161.9199981689453,-0.0003704010382533651,1727.0,0.0002896032435564244,-0.0006600042818097895,0.0006600042818097895,0.008593432474824537,0.008329189997248196,0,0,0.0,5,8.339174728879188,0.0,0.0,0.0,0.0,0.0,0.0,,0.0,0.0,0.0,0.008593432474824537,0.0,0.0,0.0,0,0.0,0.0
2021-04-06,163.22000122070312,0.00802867506459215,1741.5,0.008396062536189852,-0.00036738747159770213,0.00036738747159770213,0.00876914842776278,0.008491182626504628,0,0,0.0,5,11.157885106247578,0.0,0.0,0.0,0.0,0.0,0.0,,0.0,0.0,0.0,0.00876914842776278,0.0,0.0,0.0,0,0.0,0.0
2021-04-07,162.75999450683594,-0.002818323186048577,1740.0999755859375,-0.0008039186988587632,-0.0020144044871898137,0.0020144044871898137,0.00880796444727206,0.008496722752039132,0,0,0.0,5,3.049635055266155,0.0,0.0,0.0,0.0,0.0,0.0,,0.0,0.0,0.0,0.00880796444727206,0.0,0.0,0.0,0,0.0,0.0
2021-04-08,164.50999450683594,0.01075202788807239,1756.800048828125,0.009597191814547434,0.0011548360735249563,0.0011548360735249563,0.009056713166670073,0.008780372664231558,1,0,0.0,5,9.531995743598543,0.0,0.0,0.0,0.0,0.0,0.0,,0.0,0.0,0.0,0.009056713166670073,0.0,0.0,0.0,0,0.0,0.0
2021-04-09,163.27000427246094,-0.00753747660190629,1743.300048828125,-0.007684426015928891,0.0001469494140226013,0.0001469494140226013,0.00915240769551158,0.009049190099505867,1,0,0.0,5,10.88557050062213,0.0,0.0,0.0,0.0,0.0,0.0,,0.0,0.0,0.0,0.00915240769551158,0.0,0.0,0.0,0,0.0,0.0
2021-04-12,162.27999877929688,-0.006063609158189043,1731.199951171875,-0.006940915113484825,0.0008773059552957818,0.0008773059552957818,0.009226350883990129,0.009132998256056419,1,0,0.0,5,12.211464977861434,0.0,0.0,0.0,0.0,0.0,0.0,,0.0,0.0,0.0,0.009226350883990129,0.0,0.0,0.0,0,0.0,0.0
2021-04-13,163.42999267578125,0.007086479573175097,1746.199951171875,0.008664510410739235,-0.0015780308375641372,0.0015780308375641372,0.009414962566905917,0.009405372504611185,0,0,0.0,5,13.063985772938164,0.0,0.0,0.0,0.0,0.0,0.0,,0.0,0.0,0.0,0.009414962566905917,0.0,0.0,0.0,0,0.0,0.0
2021-04-14,162.72000122070312,-0.004344315528953313,1734.9000244140625,-0.006471152831168725,0.002126837302215412,0.002126837302215412,0.009276272780163646,0.009345180966945752,1,0,0.0,5,15.8815837972005,0.0,0.0,0.0,0.0,0.0,0.0,,0.0,0.0,0.0,0.009345180966945752,0.0,0.0,0.0,0,0.0,0.0
2021-04-15,165.35000610351562,0.016162763416190717,1765.4000244140625,0.017580263744765956,-0.0014175003285752386,0.0014175003285752386,0.010116008337631937,0.01030608775445824,0,0,0.0,5,11.613113837587827,0.0,0.0,0.0,0.0,0.0,0.0,,0.0,0.0,0.0,0.01030608775445824,0.0,0.0,0.0,0,0.0,0.0
2021-04-16,166.35000610351562,0.006047777218550321,1779.0,0.007703622633885132,-0.0016558454153348112,0.0016558454153348112,0.01009023347259061,0.01029274821164894,0,0,0.0,5,13.622359669211319,0.0,0.0,0.0,0.0,0.0,0.0,,0.0,0.0,0.0,0.01029274821164894,0.0,0.0,0.0,0,0.0,0.0
2021-04-19,165.88999938964844,-0.0027652942409929215,1769.4000244140625,-0.005396276327114924,0.0026309820861220024,0.0026309820861220024,0.010156729916904944,0.010450004689674925,1,0,0.0,5,20.814148784772836,0.0,0.0,0.0,0.0,0.0,0.0,,0.0,0.0,0.0,0.010450004689674925,0.0,0.0,0.0,0,0.0,0.0
2021-04-20,166.47999572753906,0.0035565515706876827,1777.300048828125,0.004464804060731575,-0.0009082524900438926,0.0009082524900438926,0.00945698445761606,0.009818785412982345,0,0,0.0,5,13.402073359619791,0.0,0.0,0.0,0.0,0.0,0.0,,0.0,0.0,0.0,0.009818785412982345,0.0,0.0,0.0,0,0.0,0.0
2021-04-21,168.1300048828125,0.009911155680072392,1792.300048828125,0.00843976795583301,0.0014713877242393814,0.0014713877242393814,0.007888409327043681,0.008374093057921427,1,0,0.0,5,9.077613743412737,0.0,0.0,0.0,0.0,0.0,0.0,,0.0,0.0,0.0,0.008374093057921427,0.0,0.0,0.0,0,0.0,0.0
2021-04-22,167.0399932861328,-0.006483147356353358,1781.199951171875,-0.0061932139451247314,-0.0002899334112286267,0.0002899334112286267,0.007749710316017611,0.007873003981710315,0,0,0.0,5,10.186439281971825,0.0,0.0,0.0,0.0,0.0,0.0,,0.0,0.0,0.0,0.007873003981710315,0.0,0.0,0.0,0,0.0,0.0
2021-04-23,166.39999389648438,-0.003831414124593202,1777.0,-0.0023579335768069143,-0.0014734805477862878,0.0014734805477862878,0.007435752872224661,0.007850986299170892,0,0,0.0,5,6.572136768159146,0.0,0.0,0.0,0.0,0.0,0.0,,0.0,0.0,0.0,0.007850986299170892,0.0,0.0,0.0,0,0.0,0.0
2021-04-26,166.83999633789062,0.002644245538133694,1779.199951171875,0.0012380141653769439,0.00140623137275675,0.00140623137275675,0.007412965961529313,0.007840449326870415,1,0,0.0,5,4.992848865265644,0.0,0.0,0.0,0.0,0.0,0.0,,0.0,0.0,0.0,0.007840449326870415,0.0,0.0,0.0,0,0.0,0.0
2021-04-27,166.4199981689453,-0.002517371003141977,1778.0,-0.0006744330062985471,-0.00184293799684343,0.00184293799684343,0.007301969752140138,0.007660944514893165,0,0,0.0,5,2.862317689518436,0.0,0.0,0.0,0.0,0.0,0.0,,0.0,0.0,0.0,0.007660944514893165,0.0,0.0,0.0,0,0.0,0.0
2021-04-28,166.91000366210938,0.002944390689552989,1773.199951171875,-0.0026996900045697103,0.0056440806941226995,0.0056440806941226995,0.00721982209443058,0.007715538735704889,1,0,0.0,5,9.740781617018346,0.0,0.0,0.0,0.0,0.0,0.0,,0.0,0.0,0.0,0.007715538735704889,0.0,0.0,0.0,0,0.0,0.0
2021-04-29,166.22000122070312,-0.004133978948338446,1768.0999755859375,-0.0028761424127984325,-0.0012578365355400134,0.0012578365355400134,0.006903464087684013,0.007422243313632846,0,0,0.0,5,7.400578381210601,0.0,0.0,0.0,0.0,0.0,0.0,,0.0,0.0,0.0,0.007422243313632846,0.0,0.0,0.0,0,0.0,0.0
2021-04-30,165.66000366210938,-0.0033690142851713345,1767.300048828125,-0.00045242167799219857,-0.002916592607179136,0.002916592607179136,0.006625996639430399,0.007083024473379862,0,0,0.0,5,1.432627147482057,0.0,0.0,0.0,0.0,0.0,0.0,,0.0,0.0,0.0,0.007083024473379862,0.0,0.0,0.0,0,0.0,0.0
2021-05-03,167.80999755859375,0.012978352341882271,1791.4000244140625,0.013636606642951188,-0.0006582543010689168,0.0006582543010689168,0.006992137841030469,0.0074327012724072945,0,0,0.0,5,11.216606841700381,0.0,0.0,0.0,0.0,0.0,0.0,,0.0,0.0,0.0,0.0074327012724072945,0.0,0.0,0.0,0,0.0,0.0
2021-05-04,166.5800018310547,-0.007329692780131181,1775.800048828125,-0.008708259112053973,0.0013785663319227925,0.0013785663319227925,0.007266594188571292,0.007719321148641846,1,0,0.0,5,12.66533764521994,0.0,0.0,0.0,0.0,0.0,0.0,,0.0,0.0,0.0,0.007719321148641846,0.0,0.0,0.0,0,0.0,0.0
2021-05-05,167.27000427246094,0.004142168530566259,1784.0999755859375,0.004673908395987247,-0.0005317398654209882,0.0005317398654209882,0.0071248987158028625,0.007465685478640619,0,0,0.0,5,12.035206625039015,0.0,0.0,0.0,0.0,0.0,0.0,,0.0,0.0,0.0,0.007465685478640619,0.0,0.0,0.0,0,0.0,0.0
2021-05-06,170.05999755859375,0.01667957921247054,1815.5,0.017599924244015464,-0.0009203450315449224,0.0009203450315449224,0.0071998395932038484,0.007468637655026709,0,0,0.0,5,11.264704224905511,0.0,0.0,0.0,0.0,0.0,0.0,,0.0,0.0,0.0,0.007468637655026709,0.0,0.0,0.0,0,0.0,0.0
2021-05-07,171.58999633789062,0.00899681760120985,1831.0999755859375,0.008592660746867153,0.00040415685434269655,0.00040415685434269655,0.007359729903319521,0.00752138245025112,1,0,0.0,5,10.191986541147319,0.0,0.0,0.0,0.0,0.0,0.0,,0.0,0.0,0.0,0.00752138245025112,0.0,0.0,0.0,0,0.0,0.0
2021-05-10,172.11000061035156,0.0030305045955998366,1837.5,0.0034951802192091375,-0.0004646756236093008,0.0004646756236093008,0.007237468507631278,0.0072461898800750095,0,0,0.0,5,12.313339915075982,0.0,0.0,0.0,0.0,0.0,0.0,,0.0,0.0,0.0,0.0072461898800750095,0.0,0.0,0.0,0,0.0,0.0
2021-05-11,172.13999938964844,0.000174300035968189,1835.9000244140625,-0.0008707350127551416,0.0010450350487233306,0.0010450350487233306,0.00725424303282428,0.007276126155876939,1,0,0.0,5,53.278962818469275,0.0,0.0,0.0,0.0,0.0,0.0,,0.0,0.0,0.0,0.007276126155876939,0.0,0.0,0.0,0,0.0,0.0
2021-05-12,170.42999267578125,-0.009933813872024522,1822.5999755859375,-0.007244429789890039,-0.0026893840821344828,0.0026893840821344828,0.007561479792491621,0.007438909663332224,0,0,0.0,5,7.79890309593082,0.0,0.0,0.0,0.0,0.0,0.0,,0.0,0.0,0.0,0.007561479792491621,0.0,0.0,0.0,0,0.0,0.0
2021-05-13,171.1300048828125,0.004107329913244362,1823.800048828125,0.0006584402821587787,0.0034488896310855832,0.0034488896310855832,0.007309816923808488,0.007161382251558983,1,0,0.0,5,1.7084719957525443,0.0,0.0,0.0,0.0,0.0,0.0,,0.0,0.0,0.0,0.007309816923808488,0.0,0.0,0.0,0,0.0,0.0
2021-05-14,172.69000244140625,0.009115862292308208,1837.9000244140625,0.007731097274066512,0.001384765018241696,0.001384765018241696,0.007381806715928386,0.007236417685445215,1,0,0.0,5,9.026056955130027,0.0,0.0,0.0,0.0,0.0,0.0,,0.0,0.0,0.0,0.007381806715928386,0.0,0.0,0.0,0,0.0,0.0
2021-05-17,174.6999969482422,0.011639321781340195,1867.5,0.016105324115969877,-0.004466002334629682,0.004466002334629682,0.007750353410690345,0.008056218607667162,0,0,0.0,5,14.791407690036257,0.0,0.0,0.0,0.0,0.0,0.0,,0.0,0.0,0.0,0.008056218607667162,0.0,0.0,0.0,0,0.0,0.0
2021-05-18,175.0399932861328,0.001946172546249958,1867.800048828125,0.0001606687165327525,0.0017855038297172054,0.0017855038297172054,0.007603501094950342,0.00802989659340654,1,0,0.0,5,0.8809334014167264,0.0,0.0,0.0,0.0,0.0,0.0,,0.0,0.0,0.0,0.00802989659340654,0.0,0.0,0.0,0,0.0,0.0
2021-05-19,175.16000366210938,0.000685616890880425,1881.300048828125,0.007227754388629659,-0.006542137497749234,0.006542137497749234,0.007635452271052914,0.007906462669133286,0,0,0.0,5,113.22569598032786,0.0,0.0,0.0,0.0,0.0,0.0,,0.0,0.0,0.0,0.007906462669133286,0.0,0.0,0.0,0,0.0,0.0
2021-05-20,175.9600067138672,0.004567270124640199,1881.800048828125,0.0002657736602469374,0.004301496464393262,0.004301496464393262,0.00736007666511546,0.0077519049091156565,1,0,0.0,5,0.6223214137262065,0.0,0.0,0.0,0.0,0.0,0.0,,0.0,0.0,0.0,0.0077519049091156565,0.0,0.0,0.0,0,0.0,0.0
2021-05-21,176.0399932861328,0.0004545724551812125,1876.699951171875,-0.00271022293756773,0.0031647953927489425,0.0031647953927489425,0.007156381021030367,0.007869543640248559,1,0,0.0,5,63.56022117831817,0.0,0.0,0.0,0.0,0.0,0.0,,0.0,0.0,0.0,0.007869543640248559,0.0,0.0,0.0,0,0.0,0.0
2021-05-24,176.35000610351562,0.001761036294059215,1884.5999755859375,0.004209529823416602,-0.0024484935293573873,0.0024484935293573873,0.006734149267720751,0.007411585905196586,0,0,0.0,5,25.545181116885633,0.0,0.0,0.0,0.0,0.0,0.0,,0.0,0.0,0.0,0.007411585905196586,0.0,0.0,0.0,0,0.0,0.0
2021-05-25,177.9499969482422,0.009072814229376336,1898.0999755859375,0.007163323875032379,0.0019094903543439568,0.0019094903543439568,0.006188163102765833,0.006651564908019048,1,0,0.0,5,8.421581724575109,0.0,0.0,0.0,0.0,0.0,0.0,,0.0,0.0,0.0,0.006651564908019048,0.0,0.0,0.0,0,0.0,0.0
2021-05-26,177.63999938964844,-0.0017420486873281904,1901.300048828125,0.0016859350315305832,-0.0034279837188587736,0.0034279837188587736,0.006390852559701276,0.006689671817379461,0,0,0.0,5,10.358346688277116,0.0,0.0,0.0,0.0,0.0,0.0,,0.0,0.0,0.0,0.006689671817379461,0.0,0.0,0.0,0,0.0,0.0
2021-05-27,177.7100067138672,0.00039409662496781017,1895.699951171875,-0.0029454044666445967,0.003339501091612407,0.003339501091612407,0.005395484122253542,0.00581140386526774,1,0,0.0,5,79.72599372433466,0.0,0.0,0.0,0.0,0.0,0.0,,0.0,0.0,0.0,0.00581140386526774,0.0,0.0,0.0,0,0.0,0.0
2021-05-28,178.3800048828125,0.003770176937892389,1902.5,0.0035870913136444305,0.00018308562424795838,0.00018308562424795838,0.00513989175955542,0.005601184508462867,1,0,0.0,5,10.147503125045025,0.0,0.0,0.0,0.0,0.0,0.0,,0.0,0.0,0.0,0.005601184508462867,0.0,0.0,0.0,0,0.0,0.0
2021-06-01,177.89999389648438,-0.0026909461441234628,1902.9000244140625,0.00021026250410649538,-0.002901208648229958,0.002901208648229958,0.005315195404881674,0.005626501955429845,0,0,0.0,5,0.8357894114813108,0.0,0.0,0.0,0.0,0.0,0.0,,0.0,0.0,0.0,0.005626501955429845,0.0,0.0,0.0,0,0.0,0.0
2021-06-02,178.77000427246094,0.004890446350902078,1907.5,0.0024173501113669005,0.0024730962395351774,0.0024730962395351774,0.005324928836867984,0.005555710125801538,1,0,0.0,5,5.274252921775327,0.0,0.0,0.0,0.0,0.0,0.0,,0.0,0.0,0.0,0.005555710125801538,0.0,0.0,0.0,0,0.0,0.0
2021-06-03,175.27000427246094,-0.019578228541437537,1871.199951171875,-0.019030169765727356,-0.0005480587757101807,0.0005480587757101807,0.00719279060118038,0.007526446910828138,0,0,0.0,5,10.377240190484835,0.0,0.0,0.0,0.0,0.0,0.0,,0.0,0.0,0.0,0.007526446910828138,0.0,0.0,0.0,0,0.0,0.0
2021-06-04,177.16000366210938,0.010783359066451448,1889.800048828125,0.009940197809753748,0.0008431612566976998,0.0008431612566976998,0.007537869112397515,0.007803871239525188,1,0,0.0,5,9.833115389510068,0.0,0.0,0.0,0.0,0.0,0.0,,0.0,0.0,0.0,0.007803871239525188,0.0,0.0,0.0,0,0.0,0.0
2021-06-07,177.8699951171875,0.0040076283608136976,1896.800048828125,0.0037040955757943195,0.0003035327850193781,0.0003035327850193781,0.0073220845157518635,0.0076756320302399815,1,0,0.0,5,9.856292919570272,0.0,0.0,0.0,0.0,0.0,0.0,,0.0,0.0,0.0,0.0076756320302399815,0.0,0.0,0.0,0,0.0,0.0
2021-06-08,177.32000732421875,-0.0030920774052216604,1892.199951171875,-0.002425188495272401,-0.0006668889099492592,0.0006668889099492592,0.006912979437903752,0.00669469514618114,0,0,0.0,5,8.369594715310555,0.0,0.0,0.0,0.0,0.0,0.0,,0.0,0.0,0.0,0.006912979437903752,0.0,0.0,0.0,0,0.0,0.0
2021-06-09,176.97999572753906,-0.0019175027218333307,1893.199951171875,0.0005284853745930462,-0.002445988096426377,0.002445988096426377,0.006947711829784478,0.0066924771694370794,0,0,0.0,5,2.9482838146851424,0.0,0.0,0.0,0.0,0.0,0.0,,0.0,0.0,0.0,0.006947711829784478,0.0,0.0,0.0,0,0.0,0.0
2021-06-10,177.74000549316406,0.004294325821970535,1894.199951171875,0.0005282062253282316,0.0037661195966423033,0.0037661195966423033,0.0070072604836142,0.00646114055487509,1,0,0.0,5,1.31083839873278,0.0,0.0,0.0,0.0,0.0,0.0,,0.0,0.0,0.0,0.0070072604836142,0.0,0.0,0.0,0,0.0,0.0
2021-06-11,175.74000549316406,-0.011252390785353672,1877.4000244140625,-0.00886914116295856,-0.0023832496223951116,0.0023832496223951116,0.007597379482785724,0.00689803286884547,0,0,0.0,5,8.420210416031214,0.0,0.0,0.0,0.0,0.0,0.0,,0.0,0.0,0.0,0.007597379482785724,0.0,0.0,0.0,0,0.0,0.0
2021-06-14,174.7100067138672,-0.005860923791407013,1864.0,-0.007137543538833557,0.001276619747426544,0.001276619747426544,0.007740689722784358,0.007107684602526124,1,0,0.0,5,12.993041443265026,0.0,0.0,0.0,0.0,0.0,0.0,,0.0,0.0,0.0,0.007740689722784358,0.0,0.0,0.0,0,0.0,0.0
2021-06-15,174.0500030517578,-0.0037777095572453234,1854.5,-0.005096566523605128,0.0013188569663598049,0.0013188569663598049,0.0077583720427015675,0.007079990421827571,1,0,0.0,5,14.37480409966036,0.0,0.0,0.0,0.0,0.0,0.0,,0.0,0.0,0.0,0.0077583720427015675,0.0,0.0,0.0,0,0.0,0.0
2021-06-16,171.11000061035156,-0.016891711518855712,1859.5,0.0026961445133459883,-0.0195878560322017,0.0195878560322017,0.008266973166881877,0.006798207452317537,0,1,1.0,5,1.734563888642583,9.0,-5.0,-1539.990005493164,9297.5,0.0,0.0,Opened,-1539.990005493164,9297.5,0.0,0.008266973166881877,10837.490005493164,0.0,0.0,0,0.0,10837.490005493164
2021-06-17,165.85000610351562,-0.030740427140865334,1773.800048828125,-0.04608763171383434,0.015347204572969009,0.015347204572969009,0.010997363432598006,0.013329296402749512,1,0,-1.0,5,16.034804330927912,-9.0,5.0,1492.6500549316406,-8869.000244140625,-47.33995056152344,428.499755859375,Closed,1492.6500549316406,-8869.000244140625,381.15980529785156,0.013329296402749512,10361.650299072266,381.15980529785156,0.03678562722117527,0,381.15980529785156,0.0
2021-06-18,164.92999267578125,-0.005547261946798776,1767.9000244140625,-0.0033262060275397465,-0.0022210559192590296,0.0022210559192590296,0.01091477063582213,0.013326421104123106,0,0,0.0,5,6.427299448406529,0.0,0.0,0.0,0.0,0.0,0.0,,0.0,0.0,0.0,0.013326421104123106,0.0,0.0,0.0,0,0.0,0.0
2021-06-21,166.9499969482422,0.012247646651096789,1781.800048828125,0.007862449359187895,0.004385197291908893,0.004385197291908893,0.011594476524913926,0.013556785629138176,1,0,0.0,5,6.851375399468847,0.0,0.0,0.0,0.0,0.0,0.0,,0.0,0.0,0.0,0.013556785629138176,0.0,0.0,0.0,0,0.0,0.0
2021-06-22,166.25,-0.0041928539145718036,1776.300048828125,-0.0030867661069026164,-0.0011060878076691871,0.0011060878076691871,0.01158568430913386,0.01350554703742196,0,0,0.0,5,7.865904431901303,0.0,0.0,0.0,0.0,0.0,0.0,,0.0,0.0,0.0,0.01350554703742196,0.0,0.0,0.0,0,0.0,0.0
2021-06-23,166.13999938964844,-0.0006616578066259704,1782.300048828125,0.003377807709884495,-0.004039465516510465,0.004039465516510465,0.011352583797295385,0.013542870447215591,0,0,0.0,5,54.7656310353745,0.0,0.0,0.0,0.0,0.0,0.0,,0.0,0.0,0.0,0.013542870447215591,0.0,0.0,0.0,0,0.0,0.0
2021-06-24,166.0399932861328,-0.0006019387497473438,1775.5999755859375,-0.0037592285578361695,0.0031572898080888256,0.0031572898080888256,0.010623465109128866,0.012926748557721445,1,0,0.0,5,66.78498804882503,0.0,0.0,0.0,0.0,0.0,0.0,,0.0,0.0,0.0,0.012926748557721445,0.0,0.0,0.0,0,0.0,0.0
2021-06-25,166.58999633789062,0.0033124733437563947,1776.5999755859375,0.0005631899153806241,0.0027492834283757706,0.0027492834283757706,0.010064030337996917,0.012453074950346987,1,0,0.0,5,1.8131895636682043,0.0,0.0,0.0,0.0,0.0,0.0,,0.0,0.0,0.0,0.012453074950346987,0.0,0.0,0.0,0,0.0,0.0
2021-06-28,166.5800018310547,-5.999463986816611e-05,1779.5999755859375,0.0016886187331002223,-0.0017486133729683884,0.0017486133729683884,0.009884759682470764,0.012374229222126124,0,0,0.0,5,300.6897893206542,0.0,0.0,0.0,0.0,0.0,0.0,,0.0,0.0,0.0,0.012374229222126124,0.0,0.0,0.0,0,0.0,0.0
2021-06-29,164.8300018310547,-0.010505462725200698,1762.800048828125,-0.009440282641204889,-0.0010651800839958092,0.0010651800839958092,0.010003800104942284,0.012436003684741187,0,0,0.0,5,9.610292397628532,0.0,0.0,0.0,0.0,0.0,0.0,,0.0,0.0,0.0,0.012436003684741187,0.0,0.0,0.0,0,0.0,0.0
2021-06-30,165.6300048828125,0.004853503869870712,1770.800048828125,0.0045382345010247516,0.0003152693688459607,0.0003152693688459607,0.01029226279566874,0.012597027131483944,1,0,0.0,5,9.996824399155933,0.0,0.0,0.0,0.0,0.0,0.0,,0.0,0.0,0.0,0.012597027131483944,0.0,0.0,0.0,0,0.0,0.0
2021-07-01,166.1999969482422,0.0034413575356286863,1775.9000244140625,0.0028800403463464797,0.0005613171892822066,0.0005613171892822066,0.010243278370289974,0.01267673012166601,1,0,0.0,5,8.942445007431603,0.0,0.0,0.0,0.0,0.0,0.0,,0.0,0.0,0.0,0.01267673012166601,0.0,0.0,0.0,0,0.0,0.0
2021-07-02,167.2899932861328,0.006558341503640763,1782.5999755859375,0.0037727074045654785,0.002785634099075285,0.002785634099075285,0.010424874172892742,0.012765000791405383,1,0,0.0,5,6.129753772546222,0.0,0.0,0.0,0.0,0.0,0.0,,0.0,0.0,0.0,0.012765000791405383,0.0,0.0,0.0,0,0.0,0.0
2021-07-06,168.1199951171875,0.004961455343207799,1793.5,0.006114677753476183,-0.0011532224102683841,0.0011532224102683841,0.010602655341339915,0.012943004072306677,0,0,0.0,5,13.147600523088704,0.0,0.0,0.0,0.0,0.0,0.0,,0.0,0.0,0.0,0.012943004072306677,0.0,0.0,0.0,0,0.0,0.0
2021-07-07,168.75999450683594,0.003806801143447114,1801.5,0.004460551993309192,-0.0006537508498620781,0.0006537508498620781,0.010717948332685573,0.013040227813006136,0,0,0.0,5,12.508152823559675,0.0,0.0,0.0,0.0,0.0,0.0,,0.0,0.0,0.0,0.013040227813006136,0.0,0.0,0.0,0,0.0,0.0
2021-07-08,168.64999389648438,-0.0006518168637834609,1799.5999755859375,-0.0010546902104149325,0.00040287334663147156,0.00040287334663147156,0.009895008833510998,0.012982666752797642,1,0,0.0,5,17.26589006667298,0.0,0.0,0.0,0.0,0.0,0.0,,0.0,0.0,0.0,0.012982666752797642,0.0,0.0,0.0,0,0.0,0.0
2021-07-09,169.2100067138672,0.003320562334123478,1810.0,0.005779075658564725,-0.002458513324441247,0.002458513324441247,0.005490552338891556,0.004686571170689567,0,0,0.0,5,18.616553171489958,0.0,0.0,0.0,0.0,0.0,0.0,,0.0,0.0,0.0,0.005490552338891556,0.0,0.0,0.0,0,0.0,0.0
2021-07-12,169.0,-0.001241101031467462,1805.5,-0.0024861878453038555,0.0012450868138363935,0.0012450868138363935,0.0052094269132673815,0.004631292804967008,1,0,0.0,5,21.40117363002711,0.0,0.0,0.0,0.0,0.0,0.0,,0.0,0.0,0.0,0.0052094269132673815,0.0,0.0,0.0,0,0.0,0.0
2021-07-13,169.22000122070312,0.001301782371024407,1809.4000244140625,0.002160079985634278,-0.0008582976146098709,0.0008582976146098709,0.004305478667192841,0.00428527968995615,0,0,0.0,5,17.74248084325087,0.0,0.0,0.0,0.0,0.0,0.0,,0.0,0.0,0.0,0.004305478667192841,0.0,0.0,0.0,0,0.0,0.0
2021-07-14,171.0399932861328,0.010755182911599048,1824.300048828125,0.00823478734001215,0.0025203955715868975,0.0025203955715868975,0.004747400370757301,0.0044993605860323155,1,0,0.0,5,8.166447723976047,0.0,0.0,0.0,0.0,0.0,0.0,,0.0,0.0,0.0,0.004747400370757301,0.0,0.0,0.0,0,0.0,0.0
2021-07-15,171.07000732421875,0.00017547964957964624,1828.4000244140625,0.0022474239303842403,-0.002071944280804594,0.002071944280804594,0.00471990099125883,0.004480268254930284,0,0,0.0,5,136.88491380979607,0.0,0.0,0.0,0.0,0.0,0.0,,0.0,0.0,0.0,0.00471990099125883,0.0,0.0,0.0,0,0.0,0.0
2021-07-16,169.41000366210938,-0.00970365108457183,1814.5,-0.007602288464482521,-0.0021013626200893087,0.0021013626200893087,0.005579754919089117,0.004905288735940937,0,0,0.0,5,8.39125836580493,0.0,0.0,0.0,0.0,0.0,0.0,,0.0,0.0,0.0,0.005579754919089117,0.0,0.0,0.0,0,0.0,0.0
2021-07-19,169.61000061035156,0.0011805498135817327,1808.699951171875,-0.003196499767497918,0.004377049581079651,0.004377049581079651,0.005553422428066677,0.0050481983284833025,1,0,0.0,5,28.873898891878415,0.0,0.0,0.0,0.0,0.0,0.0,,0.0,0.0,0.0,0.005553422428066677,0.0,0.0,0.0,0,0.0,0.0
2021-07-20,169.38999938964844,-0.001297100524211059,1810.9000244140625,0.001216383757163264,-0.002513484281374323,0.002513484281374323,0.005582784368921222,0.005046448556466821,0,0,0.0,5,10.025445616788012,0.0,0.0,0.0,0.0,0.0,0.0,,0.0,0.0,0.0,0.005582784368921222,0.0,0.0,0.0,0,0.0,0.0
2021-07-21,168.75999450683594,-0.0037192566567244567,1802.9000244140625,-0.004417692800345763,0.000698436143621306,0.000698436143621306,0.0047913652882032014,0.004419485179818297,1,0,0.0,5,12.689412209435975,0.0,0.0,0.0,0.0,0.0,0.0,,0.0,0.0,0.0,0.0047913652882032014,0.0,0.0,0.0,0,0.0,0.0
2021-07-22,169.08999633789062,0.001955450591350383,1805.0,0.0011647765031341795,0.0007906740882162033,0.0007906740882162033,0.0047077597335231924,0.0043394754100935596,1,0,0.0,5,6.3585054162758565,0.0,0.0,0.0,0.0,0.0,0.0,,0.0,0.0,0.0,0.0047077597335231924,0.0,0.0,0.0,0,0.0,0.0
2021-07-23,168.55999755859375,-0.0031344183025339145,1801.4000244140625,-0.0019944463079986097,-0.0011399719945353048,0.0011399719945353048,0.004808150573698383,0.0043936644605114174,0,0,0.0,5,6.800189928291695,0.0,0.0,0.0,0.0,0.0,0.0,,0.0,0.0,0.0,0.004808150573698383,0.0,0.0,0.0,0,0.0,0.0
2021-07-26,168.16000366210938,-0.0023730060647713103,1798.699951171875,-0.0014988748782024386,-0.0008741311865688717,0.0008741311865688717,0.004613249993417046,0.004363330845531288,0,0,0.0,5,6.756200777815084,0.0,0.0,0.0,0.0,0.0,0.0,,0.0,0.0,0.0,0.004613249993417046,0.0,0.0,0.0,0,0.0,0.0
2021-07-27,168.44000244140625,0.0016650735799190741,1799.5,0.0004447928225070896,0.0012202807574119845,0.0012202807574119845,0.004453944851649632,0.004089241096866719,1,0,0.0,5,2.8538487518572806,0.0,0.0,0.0,0.0,0.0,0.0,,0.0,0.0,0.0,0.004453944851649632,0.0,0.0,0.0,0,0.0,0.0
2021-07-28,169.2899932861328,0.005046252863966982,1799.5,0.0,0.005046252863966982,0.005046252863966982,0.004537620872854029,0.003918269211312926,1,0,0.0,5,0.0,0.0,0.0,0.0,0.0,0.0,0.0,,0.0,0.0,0.0,0.004537620872854029,0.0,0.0,0.0,0,0.0,0.0
2021-07-29,171.1699981689453,0.011105233370970247,1831.199951171875,0.01761597731140596,-0.006510743940435715,0.006510743940435715,0.005323830844232022,0.005996476077499492,0,1,1.0,5,16.970208370342483,85.0,-5.0,-14549.449844360352,9155.999755859375,0.0,0.0,Opened,-14549.449844360352,9155.999755859375,0.0,0.005996476077499492,23705.449600219727,0.0,0.0,0,0.0,23705.449600219727
2021-07-30,169.82000732421875,-0.007886842666167015,1812.5999755859375,-0.010157260857305284,0.002270418191138268,0.002270418191138268,0.005745041483052398,0.006512567812844001,1,0,-1.0,5,13.74632296852609,-85.0,5.0,14434.700622558594,-9062.999877929688,-114.74922180175781,92.9998779296875,Closed,14434.700622558594,-9062.999877929688,-21.749343872070312,0.006512567812844001,23497.70050048828,-21.749343872070312,-0.000925594564949807,0,-21.749343872070312,0.0
2021-08-02,169.61000061035156,-0.0012366429443513294,1818.0999755859375,0.00303431538898824,-0.0042709583333395695,0.0042709583333395695,0.0057449586551327194,0.006511032681510362,0,0,0.0,5,26.30163223911122,0.0,0.0,0.0,0.0,0.0,0.0,,0.0,0.0,0.0,0.006511032681510362,0.0,0.0,0.0,0,0.0,0.0
2021-08-03,169.49000549316406,-0.0007074766626713469,1810.0999755859375,-0.00440019806799774,0.0036927214053263935,0.0036927214053263935,0.005742246948330935,0.0066099448405563255,1,0,0.0,5,66.4230137080723,0.0,0.0,0.0,0.0,0.0,0.0,,0.0,0.0,0.0,0.0066099448405563255,0.0,0.0,0.0,0,0.0,0.0
2021-08-04,169.52999877929688,0.0002359625041987723,1810.5,0.0002209957568410914,1.4966747357680887e-05,1.4966747357680887e-05,0.004936683541255713,0.006212737285004035,1,0,0.0,5,10.00213953617394,0.0,0.0,0.0,0.0,0.0,0.0,,0.0,0.0,0.0,0.006212737285004035,0.0,0.0,0.0,0,0.0,0.0
2021-08-05,168.86000061035156,-0.0039520921003340925,1805.0999755859375,-0.0029826149760080467,-0.0009694771243260458,0.0009694771243260458,0.005006134616432831,0.006194978726781011,0,0,0.0,5,8.06760471420088,0.0,0.0,0.0,0.0,0.0,0.0,,0.0,0.0,0.0,0.006194978726781011,0.0,0.0,0.0,0,0.0,0.0
2021-08-06,164.63999938964844,-0.024991124040327772,1760.0,-0.024984752199831983,-6.371840495789094e-06,6.371840495789094e-06,0.007743840701511721,0.008678773835906173,0,0,0.0,5,10.687264757247712,0.0,0.0,0.0,0.0,0.0,0.0,,0.0,0.0,0.0,0.008678773835906173,0.0,0.0,0.0,0,0.0,0.0
2021-08-09,161.72000122070312,-0.017735654639032372,1723.4000244140625,-0.020795440673828103,0.0030597860347957306,0.0030597860347957306,0.008692966546579922,0.009949288217940135,1,0,0.0,5,12.495201481753167,0.0,0.0,0.0,0.0,0.0,0.0,,0.0,0.0,0.0,0.009949288217940135,0.0,0.0,0.0,0,0.0,0.0
2021-08-10,161.77000427246094,0.00030919522248562537,1728.800048828125,0.0031333551918095726,-0.002824159969323947,0.002824159969323947,0.008727051844686511,0.010021689207510487,0,0,0.0,5,108.29879462438713,0.0,0.0,0.0,0.0,0.0,0.0,,0.0,0.0,0.0,0.010021689207510487,0.0,0.0,0.0,0,0.0,0.0
2021-08-11,164.0,0.01378497662510525,1750.4000244140625,0.012494201166051155,0.0012907754590540943,0.0012907754590540943,0.009739574461993224,0.010778496919242606,1,0,0.0,5,9.673773680447365,0.0,0.0,0.0,0.0,0.0,0.0,,0.0,0.0,0.0,0.010778496919242606,0.0,0.0,0.0,0,0.0,0.0
2021-08-12,164.0399932861328,0.0002438615008097944,1749.0,-0.0007998311211925291,0.0010436926220023235,0.0010436926220023235,0.009701620514265643,0.010750316943057617,1,0,0.0,5,34.96995897034037,0.0,0.0,0.0,0.0,0.0,0.0,,0.0,0.0,0.0,0.010750316943057617,0.0,0.0,0.0,0,0.0,0.0
2021-08-13,166.38999938964844,0.014325811995228088,1775.199951171875,0.014979960647155455,-0.0006541486519273665,0.0006541486519273665,0.01056190044769708,0.011614635534158669,0,0,0.0,5,11.156076462016546,0.0,0.0,0.0,0.0,0.0,0.0,,0.0,0.0,0.0,0.011614635534158669,0.0,0.0,0.0,0,0.0,0.0
2021-08-16,167.22000122070312,0.004988291568599701,1786.9000244140625,0.006590848109512271,-0.0016025565409125697,0.0016025565409125697,0.010654754668834598,0.01177223914683627,0,0,0.0,5,14.118920906271764,0.0,0.0,0.0,0.0,0.0,0.0,,0.0,0.0,0.0,0.01177223914683627,0.0,0.0,0.0,0,0.0,0.0
2021-08-17,166.97000122070312,-0.0014950364679763295,1785.0,-0.001063307621077203,-0.0004317288468991265,0.0004317288468991265,0.010643929924449836,0.0117711893338524,0,0,0.0,5,7.603383750478289,0.0,0.0,0.0,0.0,0.0,0.0,,0.0,0.0,0.0,0.0117711893338524,0.0,0.0,0.0,0,0.0,0.0
2021-08-18,167.10000610351562,0.0007786122169375354,1781.5999755859375,-0.0019047755821078871,0.0026833877990454225,0.0026833877990454225,0.010540738686015053,0.011775980967784948,1,0,0.0,5,26.08292746304637,0.0,0.0,0.0,0.0,0.0,0.0,,0.0,0.0,0.0,0.011775980967784948,0.0,0.0,0.0,0,0.0,0.0
2021-08-19,166.61000061035156,-0.002932408589264246,1780.199951171875,-0.0007858242216253197,-0.0021465843676389262,0.0021465843676389262,0.010016914287657165,0.010647012808721375,0,0,0.0,5,2.8633118255957513,0.0,0.0,0.0,0.0,0.0,0.0,,0.0,0.0,0.0,0.010647012808721375,0.0,0.0,0.0,0,0.0,0.0
2021-08-20,166.6999969482422,0.0005401616803368814,1781.0,0.0004494151500220589,9.07465303148225e-05,9.07465303148225e-05,0.009883654701006002,0.010403758723678424,1,0,0.0,5,8.888986867862394,0.0,0.0,0.0,0.0,0.0,0.0,,0.0,0.0,0.0,0.010403758723678424,0.0,0.0,0.0,0,0.0,0.0
2021-08-23,168.72999572753906,0.012177557387281546,1803.199951171875,0.012464879939289686,-0.00028732255200814016,0.00028732255200814016,0.010468642539011173,0.010943731068162873,0,0,0.0,5,10.939047453805426,0.0,0.0,0.0,0.0,0.0,0.0,,0.0,0.0,0.0,0.010943731068162873,0.0,0.0,0.0,0,0.0,0.0
2021-08-24,168.64999389648438,-0.00047414113127741686,1805.5999755859375,0.0013309807448158573,-0.0018051218760932741,0.0018051218760932741,0.010468159659127063,0.010897494278650818,0,0,0.0,5,30.05379719503426,0.0,0.0,0.0,0.0,0.0,0.0,,0.0,0.0,0.0,0.010897494278650818,0.0,0.0,0.0,0,0.0,0.0
2021-08-25,167.47999572753906,-0.006937433805443538,1788.199951171875,-0.009636699517796554,0.002699265712353016,0.002699265712353016,0.010605866414734695,0.011169930937765055,1,0,0.0,5,14.831415532655992,0.0,0.0,0.0,0.0,0.0,0.0,,0.0,0.0,0.0,0.011169930937765055,0.0,0.0,0.0,0,0.0,0.0
2021-08-26,167.6699981689453,0.0011344784228162208,1792.199951171875,0.002236886315413855,-0.0011024078925976344,0.0011024078925976344,0.01057772461470412,0.011177286839422186,0,0,0.0,5,21.075543056026874,0.0,0.0,0.0,0.0,0.0,0.0,,0.0,0.0,0.0,0.011177286839422186,0.0,0.0,0.0,0,0.0,0.0
2021-08-27,170.19000244140625,0.015029547921398434,1816.5999755859375,0.013614565940651913,0.0014149819807465214,0.0014149819807465214,0.008841927545661035,0.009423406557931223,1,0,0.0,5,9.669035210031257,0.0,0.0,0.0,0.0,0.0,0.0,,0.0,0.0,0.0,0.009423406557931223,0.0,0.0,0.0,0,0.0,0.0
2021-08-30,169.35000610351562,-0.0049356385559711224,1809.0,-0.004183626383395755,-0.000752012172575367,0.000752012172575367,0.007249732317681357,0.007261945194287661,0,0,0.0,5,9.05446710355158,0.0,0.0,0.0,0.0,0.0,0.0,,0.0,0.0,0.0,0.007261945194287661,0.0,0.0,0.0,0,0.0,0.0
2021-08-31,169.69000244140625,0.0020076547129428413,1815.0,0.0033167495854062867,-0.0013090948724634455,0.0013090948724634455,0.007216174304907486,0.0072618685967704814,0,0,0.0,5,17.670304535751658,0.0,0.0,0.0,0.0,0.0,0.0,,0.0,0.0,0.0,0.0072618685967704814,0.0,0.0,0.0,0,0.0,0.0
2021-09-01,169.6999969482422,5.8898619200498104e-05,1813.0999755859375,-0.0010468454071970168,0.001105744026397515,0.001105744026397515,0.0066263612993879405,0.006864556107397212,1,0,0.0,5,189.89667307338644,0.0,0.0,0.0,0.0,0.0,0.0,,0.0,0.0,0.0,0.006864556107397212,0.0,0.0,0.0,0,0.0,0.0
2021-09-02,169.25,-0.0026517204262498373,1808.699951171875,-0.002426796356136185,-0.00022492407011365234,0.00022492407011365234,0.006731896950468608,0.006930768292324123,0,0,0.0,5,9.780103473953117,0.0,0.0,0.0,0.0,0.0,0.0,,0.0,0.0,0.0,0.006930768292324123,0.0,0.0,0.0,0,0.0,0.0
2021-09-03,171.05999755859375,0.01069422486613747,1830.9000244140625,0.012274049782443841,-0.0015798249163063716,0.0015798249163063716,0.006313390606804479,0.006603605554250269,0,0,0.0,5,12.284422298700013,0.0,0.0,0.0,0.0,0.0,0.0,,0.0,0.0,0.0,0.006603605554250269,0.0,0.0,0.0,0,0.0,0.0
2021-09-07,167.7100067138672,-0.01958371853465668,1795.9000244140625,-0.0191162813552318,-0.00046743717942487883,0.00046743717942487883,0.008315610592327834,0.008432456533537446,0,0,0.0,5,10.452770983480914,0.0,0.0,0.0,0.0,0.0,0.0,,0.0,0.0,0.0,0.008432456533537446,0.0,0.0,0.0,0,0.0,0.0
2021-09-08,167.2899932861328,-0.0025044029033459703,1790.699951171875,-0.0028955249019967377,0.00039112199865076747,0.00039112199865076747,0.00833460667006245,0.008467869946869596,1,0,0.0,5,12.375876411346857,0.0,0.0,0.0,0.0,0.0,0.0,,0.0,0.0,0.0,0.008467869946869596,0.0,0.0,0.0,0,0.0,0.0
2021-09-09,168.02999877929688,0.004423489287242344,1797.4000244140625,0.0037415945858505495,0.0006818947013917942,0.0006818947013917942,0.008406746988022335,0.00849089657206475,1,0,0.0,5,9.047939076647395,0.0,0.0,0.0,0.0,0.0,0.0,,0.0,0.0,0.0,0.00849089657206475,0.0,0.0,0.0,0,0.0,0.0
2021-09-10,167.17999267578125,-0.005058656845151166,1789.5999755859375,-0.0043396287538539635,-0.0007190280912972025,0.0007190280912972025,0.008484571365593177,0.008582090703914844,0,0,0.0,5,9.183093821982048,0.0,0.0,0.0,0.0,0.0,0.0,,0.0,0.0,0.0,0.008582090703914844,0.0,0.0,0.0,0,0.0,0.0
2021-09-13,167.74000549316406,0.0033497597913456634,1792.0,0.0013410954664752062,0.002008664324870457,0.002008664324870457,0.008522095573951387,0.008585651893995827,1,0,0.0,5,4.2770800793292185,0.0,0.0,0.0,0.0,0.0,0.0,,0.0,0.0,0.0,0.008585651893995827,0.0,0.0,0.0,0,0.0,0.0
2021-09-14,168.82000732421875,0.006438546534438316,1804.699951171875,0.007087026323590928,-0.0006484797891526117,0.0006484797891526117,0.008075012329746816,0.008149053658679744,0,0,0.0,5,11.766770927283003,0.0,0.0,0.0,0.0,0.0,0.0,,0.0,0.0,0.0,0.008149053658679744,0.0,0.0,0.0,0,0.0,0.0
2021-09-15,167.8300018310547,-0.005864266379652205,1792.4000244140625,-0.006815496808666444,0.0009512304290142382,0.0009512304290142382,0.008219409025191669,0.008329652691021724,1,0,0.0,5,12.412211609960913,0.0,0.0,0.0,0.0,0.0,0.0,,0.0,0.0,0.0,0.008329652691021724,0.0,0.0,0.0,0,0.0,0.0
2021-09-16,164.02999877929688,-0.02264197706190263,1754.5999755859375,-0.021089069578919428,-0.0015529074829832012,0.0015529074829832012,0.00994520275601563,0.009651219347088567,0,0,0.0,5,9.963178493526796,0.0,0.0,0.0,0.0,0.0,0.0,,0.0,0.0,0.0,0.00994520275601563,0.0,0.0,0.0,0,0.0,0.0
2021-09-17,163.77000427246094,-0.0015850424237688898,1749.4000244140625,-0.0029636106487113123,0.0013785682249424225,0.0013785682249424225,0.009921626409705312,0.00961149122427028,1,0,0.0,5,19.97261929575983,0.0,0.0,0.0,0.0,0.0,0.0,,0.0,0.0,0.0,0.009921626409705312,0.0,0.0,0.0,0,0.0,0.0
2021-09-20,164.94000244140625,0.0071441542310690664,1761.800048828125,0.0070881583634456735,5.5995867623392925e-05,5.5995867623392925e-05,0.009161844895284186,0.009003672654685607,1,0,0.0,5,10.597738798575461,0.0,0.0,0.0,0.0,0.0,0.0,,0.0,0.0,0.0,0.009161844895284186,0.0,0.0,0.0,0,0.0,0.0
2021-09-21,166.0399932861328,0.006669036185550814,1776.0,0.00805991076076995,-0.0013908745752191365,0.0013908745752191365,0.0093876990161779,0.009340433265928287,0,0,0.0,5,12.926990027135997,0.0,0.0,0.0,0.0,0.0,0.0,,0.0,0.0,0.0,0.0093876990161779,0.0,0.0,0.0,0,0.0,0.0
2021-09-22,165.4199981689453,-0.0037340107339023376,1776.699951171875,0.000394116650830556,-0.004128127384732894,0.004128127384732894,0.009361370820310256,0.009270022154183656,0,0,0.0,5,1.133640362331239,0.0,0.0,0.0,0.0,0.0,0.0,,0.0,0.0,0.0,0.009361370820310256,0.0,0.0,0.0,0,0.0,0.0
2021-09-23,163.50999450683594,-0.011546389089901132,1747.699951171875,-0.01632239590082285,0.004776006810921718,0.004776006810921718,0.009683509418004962,0.010037997519198346,1,0,0.0,5,15.109854745672646,0.0,0.0,0.0,0.0,0.0,0.0,,0.0,0.0,0.0,0.010037997519198346,0.0,0.0,0.0,0,0.0,0.0
2021-09-24,163.3000030517578,-0.00128427290155253,1749.699951171875,0.0011443611923540598,-0.00242863409390659,0.00242863409390659,0.00968770949031853,0.010079551155514267,0,0,0.0,5,9.547357598534731,0.0,0.0,0.0,0.0,0.0,0.0,,0.0,0.0,0.0,0.010079551155514267,0.0,0.0,0.0,0,0.0,0.0
2021-09-27,163.63999938964844,0.00208203509820426,1750.0,0.00017148587557769268,0.0019105492226265675,0.0019105492226265675,0.009097337333079806,0.009295441582658525,1,0,0.0,5,0.8808234906033858,0.0,0.0,0.0,0.0,0.0,0.0,,0.0,0.0,0.0,0.009295441582658525,0.0,0.0,0.0,0,0.0,0.0
2021-09-28,162.0500030517578,-0.009716428402719801,1735.800048828125,-0.00811425781249997,-0.0016021705902198313,0.0016021705902198313,0.008108837686019629,0.008312263749149435,0,0,0.0,5,8.945256540539948,0.0,0.0,0.0,0.0,0.0,0.0,,0.0,0.0,0.0,0.008312263749149435,0.0,0.0,0.0,0,0.0,0.0
2021-09-29,161.32000732421875,-0.004504756024632184,1721.5,-0.008238304197409896,0.003733548172777712,0.003733548172777712,0.008129650346189203,0.008455858674571498,1,0,0.0,5,19.51575437033708,0.0,0.0,0.0,0.0,0.0,0.0,,0.0,0.0,0.0,0.008455858674571498,0.0,0.0,0.0,0,0.0,0.0
2021-09-30,164.22000122070312,0.01797665363761114,1755.300048828125,0.019634068445033348,-0.0016574148074222084,0.0016574148074222084,0.009566943524746315,0.010134856220358401,0,0,0.0,5,11.674190173227075,0.0,0.0,0.0,0.0,0.0,0.0,,0.0,0.0,0.0,0.010134856220358401,0.0,0.0,0.0,0,0.0,0.0
2021-10-01,164.58999633789062,0.0022530453929923144,1757.0,0.0009684675694106026,0.0012845778235817118,0.0012845778235817118,0.009558123735404133,0.010122440269389478,1,0,0.0,5,4.58863450459318,0.0,0.0,0.0,0.0,0.0,0.0,,0.0,0.0,0.0,0.010122440269389478,0.0,0.0,0.0,0,0.0,0.0
2021-10-04,165.36000061035156,0.0046783175745395145,1766.199951171875,0.0052361702742600436,-0.0005578526997205291,0.0005578526997205291,0.009607315023017905,0.01024091715052503,0,0,0.0,5,11.954556384101764,0.0,0.0,0.0,0.0,0.0,0.0,,0.0,0.0,0.0,0.01024091715052503,0.0,0.0,0.0,0,0.0,0.0
2021-10-05,164.58999633789062,-0.004656532835140448,1759.5999755859375,-0.003736822425772557,-0.000919710409367891,0.000919710409367891,0.009426623946071086,0.010015486765932651,0,0,0.0,5,8.579269344532207,0.0,0.0,0.0,0.0,0.0,0.0,,0.0,0.0,0.0,0.010015486765932651,0.0,0.0,0.0,0,0.0,0.0
2021-10-06,165.02999877929688,0.0026733243283083574,1760.5,0.0005114937636678807,0.0021618305646404767,0.0021618305646404767,0.009411644768866287,0.009923231867418053,1,0,0.0,5,2.041088450610703,0.0,0.0,0.0,0.0,0.0,0.0,,0.0,0.0,0.0,0.009923231867418053,0.0,0.0,0.0,0,0.0,0.0
2021-10-07,164.16000366210938,-0.005271739220885419,1757.9000244140625,-0.0014768392990273105,-0.003794899921858108,0.003794899921858108,0.00742883877595773,0.00826136189339575,0,0,0.0,5,2.9998955989235605,0.0,0.0,0.0,0.0,0.0,0.0,,0.0,0.0,0.0,0.00826136189339575,0.0,0.0,0.0,0,0.0,0.0
2021-10-08,164.22999572753906,0.00042636491147840516,1756.300048828125,-0.0009101630147998474,0.0013365279262782526,0.0013365279262782526,0.007414806544729112,0.008222880301895254,1,0,0.0,5,22.828846033210045,0.0,0.0,0.0,0.0,0.0,0.0,,0.0,0.0,0.0,0.008222880301895254,0.0,0.0,0.0,0,0.0,0.0
2021-10-11,163.9199981689453,-0.0018875818465466931,1754.5999755859375,-0.0009679856487631033,-0.0009195961977835898,0.0009195961977835898,0.007174542874320936,0.008007698581736344,0,0,0.0,5,5.489203164652169,0.0,0.0,0.0,0.0,0.0,0.0,,0.0,0.0,0.0,0.008007698581736344,0.0,0.0,0.0,0,0.0,0.0
2021-10-12,164.66000366210938,0.004514430828637339,1758.300048828125,0.002108784505683081,0.002405646322954258,0.002405646322954258,0.007043502111491644,0.007708786596659872,1,0,0.0,5,4.988087536323355,0.0,0.0,0.0,0.0,0.0,0.0,,0.0,0.0,0.0,0.007708786596659872,0.0,0.0,0.0,0,0.0,0.0
2021-10-13,167.58999633789062,0.017794197805277356,1793.699951171875,0.020133026992374514,-0.002338829187097158,0.002338829187097158,0.00840621505722172,0.009397659339261998,0,0,0.0,5,12.10967162491131,0.0,0.0,0.0,0.0,0.0,0.0,,0.0,0.0,0.0,0.009397659339261998,0.0,0.0,0.0,0,0.0,0.0
2021-10-14,168.0,0.0024464685904206362,1796.699951171875,0.0016725205339054305,0.0007739480565152057,0.0007739480565152057,0.007670307910338039,0.008136694606075086,1,0,0.0,5,7.311358651930887,0.0,0.0,0.0,0.0,0.0,0.0,,0.0,0.0,0.0,0.008136694606075086,0.0,0.0,0.0,0,0.0,0.0
2021-10-15,165.3300018310547,-0.015892846243722114,1767.199951171875,-0.0164189908174478,0.0005261445737256842,0.0005261445737256842,0.008920230485905524,0.009413055046614665,1,0,0.0,5,11.042789623309485,0.0,0.0,0.0,0.0,0.0,0.0,,0.0,0.0,0.0,0.009413055046614665,0.0,0.0,0.0,0,0.0,0.0
2021-10-18,164.9199981689453,-0.0024799108302698825,1764.800048828125,-0.0013580253565299572,-0.0011218854737399253,0.0011218854737399253,0.008953333273002349,0.009427518504215176,0,0,0.0,5,5.859951202671939,0.0,0.0,0.0,0.0,0.0,0.0,,0.0,0.0,0.0,0.009427518504215176,0.0,0.0,0.0,0,0.0,0.0
2021-10-19,165.4499969482422,0.003213671993580469,1769.699951171875,0.002776463173266297,0.0004372088203141722,0.0004372088203141722,0.00850479969709413,0.00912266541310065,1,0,0.0,5,9.241090955449097,0.0,0.0,0.0,0.0,0.0,0.0,,0.0,0.0,0.0,0.00912266541310065,0.0,0.0,0.0,0,0.0,0.0
2021-10-20,166.89999389648438,0.008763958748792211,1784.0999755859375,0.00813698638830096,0.0006269723604912514,0.0006269723604912514,0.008534661589962767,0.008872362833600581,1,0,0.0,5,9.92489980855916,0.0,0.0,0.0,0.0,0.0,0.0,,0.0,0.0,0.0,0.008872362833600581,0.0,0.0,0.0,0,0.0,0.0
2021-10-21,166.75,-0.0008987052245035265,1781.199951171875,-0.0016254831308486484,0.0007267779063451218,0.0007267779063451218,0.0073708838522251125,0.0075213980860425024,1,0,0.0,5,19.320218438428803,0.0,0.0,0.0,0.0,0.0,0.0,,0.0,0.0,0.0,0.0075213980860425024,0.0,0.0,0.0,0,0.0,0.0
2021-10-22,167.77000427246094,0.006116967151190034,1795.5,0.008028323164233742,-0.001911356013043708,0.001911356013043708,0.007482782138632349,0.007736863878093385,0,0,0.0,5,14.04623051475421,0.0,0.0,0.0,0.0,0.0,0.0,,0.0,0.0,0.0,0.007736863878093385,0.0,0.0,0.0,0,0.0,0.0
2021-10-25,168.92999267578125,0.006914158513320778,1806.0,0.005847953216374213,0.0010662052969465652,0.0010662052969465652,0.007576508998846842,0.007759692147570379,1,0,0.0,5,9.042229808439089,0.0,0.0,0.0,0.0,0.0,0.0,,0.0,0.0,0.0,0.007759692147570379,0.0,0.0,0.0,0,0.0,0.0
2021-10-26,167.67999267578125,-0.00739951491266011,1792.699951171875,-0.007364368121885345,-3.51467907747649e-05,3.51467907747649e-05,0.007765220108416353,0.007988214356448054,0,0,0.0,5,10.640415813501308,0.0,0.0,0.0,0.0,0.0,0.0,,0.0,0.0,0.0,0.007988214356448054,0.0,0.0,0.0,0,0.0,0.0
2021-10-27,168.1199951171875,0.002624060476058121,1797.9000244140625,0.0029006935816493495,-0.00027663310559122856,0.00027663310559122856,0.007764594071807555,0.007995763693914162,0,0,0.0,5,11.821543473962274,0.0,0.0,0.0,0.0,0.0,0.0,,0.0,0.0,0.0,0.007995763693914162,0.0,0.0,0.0,0,0.0,0.0
2021-10-28,168.0800018310547,-0.00023788536339730548,1801.5999755859375,0.002057929318445284,-0.0022958146818425895,0.0022958146818425895,0.007568162921855909,0.007955893693835467,0,0,0.0,5,92.72675375956452,0.0,0.0,0.0,0.0,0.0,0.0,,0.0,0.0,0.0,0.007955893693835467,0.0,0.0,0.0,0,0.0,0.0
2021-10-29,166.64999389648438,-0.008507900517562339,1783.0,-0.01032414289408956,0.0018162423765272218,0.0018162423765272218,0.00800611967870572,0.008524757461595995,1,0,0.0,5,12.983077360993626,0.0,0.0,0.0,0.0,0.0,0.0,,0.0,0.0,0.0,0.008524757461595995,0.0,0.0,0.0,0,0.0,0.0
2021-11-01,167.52000427246094,0.005220584505493342,1795.0999755859375,0.0067863015064146825,-0.0015657170009213406,0.0015657170009213406,0.008032963035953451,0.008628757664883394,0,0,0.0,5,13.929514712727059,0.0,0.0,0.0,0.0,0.0,0.0,,0.0,0.0,0.0,0.008628757664883394,0.0,0.0,0.0,0,0.0,0.0
2021-11-02,167.16000366210938,-0.0021490007233168074,1788.699951171875,-0.0035652746371263033,0.001416273913809496,0.001416273913809496,0.00803738308989317,0.00872666510408015,1,0,0.0,5,17.752582972845655,0.0,0.0,0.0,0.0,0.0,0.0,,0.0,0.0,0.0,0.00872666510408015,0.0,0.0,0.0,0,0.0,0.0
2021-11-03,165.77000427246094,-0.008315382622616663,1763.5999755859375,-0.014032524331145213,0.00571714170852855,0.00571714170852855,0.0068947002276501185,0.007839811230132837,1,0,0.0,5,17.953441124144423,0.0,0.0,0.0,0.0,0.0,0.0,,0.0,0.0,0.0,0.007839811230132837,0.0,0.0,0.0,0,0.0,0.0
2021-11-04,167.64999389648438,0.011340951773961994,1793.0,0.0166704608874213,-0.0053295091134593076,0.0053295091134593076,0.007537634142123316,0.009077235154273326,0,0,0.0,5,15.720807537212286,0.0,0.0,0.0,0.0,0.0,0.0,,0.0,0.0,0.0,0.009077235154273326,0.0,0.0,0.0,0,0.0,0.0
2021-11-05,169.83999633789062,0.0130629437586407,1816.4000244140625,0.013050766544373982,1.2177214266717584e-05,1.2177214266717584e-05,0.006887345585340632,0.008460910722373084,1,0,0.0,5,10.684802308337904,0.0,0.0,0.0,0.0,0.0,0.0,,0.0,0.0,0.0,0.008460910722373084,0.0,0.0,0.0,0,0.0,0.0
2021-11-08,170.4499969482422,0.003591619309376348,1827.4000244140625,0.006055934734722435,-0.0024643154253460864,0.0024643154253460864,0.006794505889150561,0.008475674431559894,0,0,0.0,5,18.077048237770157,0.0,0.0,0.0,0.0,0.0,0.0,,0.0,0.0,0.0,0.008475674431559894,0.0,0.0,0.0,0,0.0,0.0
2021-11-09,171.2899932861328,0.0049281100201232775,1830.199951171875,0.001532191485392076,0.0033959185347312015,0.0033959185347312015,0.006826710159618795,0.008477396051611637,1,0,0.0,5,3.3219967005101063,0.0,0.0,0.0,0.0,0.0,0.0,,0.0,0.0,0.0,0.008477396051611637,0.0,0.0,0.0,0,0.0,0.0
2021-11-10,173.14999389648438,0.010858781500706183,1847.5999755859375,0.009507171280887183,0.0013516102198189994,0.0013516102198189994,0.006987120913732162,0.008552101047858814,1,0,0.0,5,9.342340481292606,0.0,0.0,0.0,0.0,0.0,0.0,,0.0,0.0,0.0,0.008552101047858814,0.0,0.0,0.0,0,0.0,0.0
2021-11-11,174.1199951171875,0.005602086369596027,1863.199951171875,0.008443372911925984,-0.002841286542329957,0.002841286542329957,0.006964378577068646,0.008611178556119013,0,0,0.0,5,16.12786904711067,0.0,0.0,0.0,0.0,0.0,0.0,,0.0,0.0,0.0,0.008611178556119013,0.0,0.0,0.0,0,0.0,0.0
2021-11-12,174.4499969482422,0.0018952552280546708,1867.9000244140625,0.002522581239459143,-0.0006273260114044721,0.0006273260114044721,0.006910619003162299,0.00849997140617187,0,0,0.0,5,14.25148499270067,0.0,0.0,0.0,0.0,0.0,0.0,,0.0,0.0,0.0,0.00849997140617187,0.0,0.0,0.0,0,0.0,0.0
2021-11-15,174.17999267578125,-0.0015477459282561279,1866.0999755859375,-0.0009636751456704173,-0.0005840707825857105,0.0005840707825857105,0.006881109158330974,0.008500166583542395,0,0,0.0,5,6.670641902778107,0.0,0.0,0.0,0.0,0.0,0.0,,0.0,0.0,0.0,0.008500166583542395,0.0,0.0,0.0,0,0.0,0.0
2021-11-16,172.9199981689453,-0.007233864736584827,1853.5999755859375,-0.006698462120752757,-0.0005354026158320702,0.0005354026158320702,0.006864949674786493,0.00844812297194782,0,0,0.0,5,9.926028431461061,0.0,0.0,0.0,0.0,0.0,0.0,,0.0,0.0,0.0,0.00844812297194782,0.0,0.0,0.0,0,0.0,0.0
2021-11-17,174.5,0.009137183945092442,1869.699951171875,0.008685787547471291,0.000451396397621151,0.000451396397621151,0.007103941501886484,0.008609822586583856,1,0,0.0,5,10.185288144368212,0.0,0.0,0.0,0.0,0.0,0.0,,0.0,0.0,0.0,0.008609822586583856,0.0,0.0,0.0,0,0.0,0.0
2021-11-18,173.94000244140625,-0.0032091550635745536,1861.0,-0.004653126918264139,0.0014439718546895852,0.0014439718546895852,0.007226397031385854,0.008814638318257146,1,0,0.0,5,15.513189493729687,0.0,0.0,0.0,0.0,0.0,0.0,,0.0,0.0,0.0,0.008814638318257146,0.0,0.0,0.0,0,0.0,0.0
2021-11-19,172.61000061035156,-0.007646325240812324,1851.199951171875,-0.005266012266590514,-0.00238031297422181,0.00238031297422181,0.007137128971265639,0.008387659772734262,0,0,0.0,5,7.386121976465433,0.0,0.0,0.0,0.0,0.0,0.0,,0.0,0.0,0.0,0.008387659772734262,0.0,0.0,0.0,0,0.0,0.0
2021-11-22,168.74000549316406,-0.022420457120115533,1806.0,-0.024416568908864678,0.001996111788749144,0.001996111788749144,0.009519134431657856,0.010785424490592211,1,0,0.0,5,11.655740224472604,0.0,0.0,0.0,0.0,0.0,0.0,,0.0,0.0,0.0,0.010785424490592211,0.0,0.0,0.0,0,0.0,0.0
2021-11-23,167.27999877929688,-0.008652404091134991,1783.5,-0.012458471760797396,0.003806067669662405,0.003806067669662405,0.009793828510006342,0.011256535741354184,1,0,0.0,5,15.351721218603114,0.0,0.0,0.0,0.0,0.0,0.0,,0.0,0.0,0.0,0.011256535741354184,0.0,0.0,0.0,0,0.0,0.0
2021-11-24,167.1199951171875,-0.0009565020521100642,1784.0999755859375,0.0003364034684258943,-0.0012929055205359585,0.0012929055205359585,0.009523132600031636,0.010580448652020527,0,0,0.0,5,3.7546143159801697,0.0,0.0,0.0,0.0,0.0,0.0,,0.0,0.0,0.0,0.010580448652020527,0.0,0.0,0.0,0,0.0,0.0
2021-11-26,166.85000610351562,-0.001615539860939763,1785.300048828125,0.000672649099607403,-0.002288188960547166,0.002288188960547166,0.009053724170153411,0.009632787215515219,0,0,0.0,5,4.455083796245856,0.0,0.0,0.0,0.0,0.0,0.0,,0.0,0.0,0.0,0.009632787215515219,0.0,0.0,0.0,0,0.0,0.0
2021-11-29,166.6199951171875,-0.0013785494630753625,1782.300048828125,-0.0016803898044864818,0.00030184034141111926,0.00030184034141111926,0.00826713026656968,0.008903988773574751,1,0,0.0,5,13.038912952917206,0.0,0.0,0.0,0.0,0.0,0.0,,0.0,0.0,0.0,0.008903988773574751,0.0,0.0,0.0,0,0.0,0.0
2021-11-30,165.5,-0.006721853018899604,1773.5999755859375,-0.004881374069370614,-0.0018404789495289897,0.0018404789495289897,0.008265184545045353,0.0087108639706941,0,0,0.0,5,7.782349914578326,0.0,0.0,0.0,0.0,0.0,0.0,,0.0,0.0,0.0,0.0087108639706941,0.0,0.0,0.0,0,0.0,0.0
2021-12-01,166.16000366210938,0.003987937535404162,1781.5999755859375,0.004510599971877527,-0.0005226624364733645,0.0005226624364733645,0.00821285518857024,0.008829161866245699,0,0,0.0,5,12.127454968026635,0.0,0.0,0.0,0.0,0.0,0.0,,0.0,0.0,0.0,0.008829161866245699,0.0,0.0,0.0,0,0.0,0.0
2021-12-02,165.24000549316406,-0.005536820827328315,1760.699951171875,-0.011731042153381721,0.006194221326053406,0.006194221326053406,0.007434330322037124,0.008593728692252533,1,0,0.0,5,22.57596259860462,0.0,0.0,0.0,0.0,0.0,0.0,,0.0,0.0,0.0,0.008593728692252533,0.0,0.0,0.0,0,0.0,0.0
2021-12-03,166.6300048828125,0.008412002804647267,1782.0,0.01209748930472121,-0.0036854865000739423,0.0036854865000739423,0.007699569197769127,0.008989198112299883,0,0,0.0,5,15.379787349033778,0.0,0.0,0.0,0.0,0.0,0.0,,0.0,0.0,0.0,0.008989198112299883,0.0,0.0,0.0,0,0.0,0.0
2021-12-06,166.22000122070312,-0.002460563224478851,1777.5,-0.002525252525252486,6.468930077363488e-05,6.468930077363488e-05,0.007587153244090832,0.008864180679830032,1,0,0.0,5,10.974799973627372,0.0,0.0,0.0,0.0,0.0,0.0,,0.0,0.0,0.0,0.008864180679830032,0.0,0.0,0.0,0,0.0,0.0
2021-12-07,166.80999755859375,0.003549490636251651,1782.5999755859375,0.002869184577179995,0.0006803060590716559,0.0006803060590716559,0.007777693121705495,0.0089896079224429,1,0,0.0,5,8.638220249677595,0.0,0.0,0.0,0.0,0.0,0.0,,0.0,0.0,0.0,0.0089896079224429,0.0,0.0,0.0,0,0.0,0.0
2021-12-08,166.89999389648438,0.0005395140531609943,1783.4000244140625,0.00044881007465624734,9.070397850474698e-05,9.070397850474698e-05,0.007723491860471788,0.008969491462679021,1,0,0.0,5,8.888987245411247,0.0,0.0,0.0,0.0,0.0,0.0,,0.0,0.0,0.0,0.008969491462679021,0.0,0.0,0.0,0,0.0,0.0
2021-12-09,165.8800048828125,-0.006111378376110088,1774.5999755859375,-0.004934422287571905,-0.0011769560885381836,0.0011769560885381836,0.007083123958098009,0.008425598183560137,0,0,0.0,5,8.637808513122916,0.0,0.0,0.0,0.0,0.0,0.0,,0.0,0.0,0.0,0.008425598183560137,0.0,0.0,0.0,0,0.0,0.0
2021-12-10,166.5800018310547,0.004219899491422874,1782.9000244140625,0.004677137914072427,-0.00045723842264955294,0.00045723842264955294,0.0073482945658627135,0.008670544819596733,0,0,0.0,5,11.862663119550625,0.0,0.0,0.0,0.0,0.0,0.0,,0.0,0.0,0.0,0.008670544819596733,0.0,0.0,0.0,0,0.0,0.0
2021-12-13,167.0,0.00252130006200435,1786.300048828125,0.0019070191079164633,0.0006142809540878869,0.0006142809540878869,0.007343483396778447,0.00872357444748581,1,0,0.0,5,8.09037121524317,0.0,0.0,0.0,0.0,0.0,0.0,,0.0,0.0,0.0,0.00872357444748581,0.0,0.0,0.0,0,0.0,0.0
2021-12-14,165.44000244140625,-0.009341302746070368,1770.4000244140625,-0.008901093869696508,-0.00044020887637385986,0.00044020887637385986,0.005244355305421198,0.006574039479344477,0,0,0.0,5,10.196868359000542,0.0,0.0,0.0,0.0,0.0,0.0,,0.0,0.0,0.0,0.006574039479344477,0.0,0.0,0.0,0,0.0,0.0
2021-12-15,166.14999389648438,0.004291534360497673,1762.5999755859375,-0.004405811523136682,0.008697345883634355,0.008697345883634355,0.005008283487001275,0.005891659174016462,1,1,1.0,5,10.890974733102809,-55.0,5.0,9138.24966430664,-8812.999877929688,0.0,0.0,Opened,9138.24966430664,-8812.999877929688,0.0,0.005891659174016462,17951.249542236328,0.0,0.0,0,0.0,17951.249542236328
2021-12-16,168.16000366210938,0.012097561477355745,1796.5999755859375,0.01928968595877656,-0.007192124481420814,0.007192124481420814,0.005956540201034421,0.007852008131501914,0,0,-1.0,5,17.035543773975142,55.0,-5.0,-9248.800201416016,8982.999877929688,-110.550537109375,170.0,Closed,-9248.800201416016,8982.999877929688,59.449462890625,0.007852008131501914,18231.800079345703,59.449462890625,0.003260756624792833,0,59.449462890625,0.0
2021-12-17,167.8000030517578,-0.002140821851282393,1803.800048828125,0.004007610675737183,-0.006148432527019576,0.006148432527019576,0.0059709530208459,0.007904461241641797,0,0,0.0,5,20.123403055768684,0.0,0.0,0.0,0.0,0.0,0.0,,0.0,0.0,0.0,0.007904461241641797,0.0,0.0,0.0,0,0.0,0.0
2021-12-20,167.08999633789062,-0.0042312675861405635,1793.699951171875,-0.005599344374567328,0.0013680767884267642,0.0013680767884267642,0.0060759912935959975,0.008052720812329725,1,0,0.0,5,14.205811065202322,0.0,0.0,0.0,0.0,0.0,0.0,,0.0,0.0,0.0,0.008052720812329725,0.0,0.0,0.0,0,0.0,0.0
2021-12-21,167.02000427246094,-0.0004188884251822289,1787.9000244140625,-0.0032334988658628827,0.002814610440680654,0.002814610440680654,0.00577313136335023,0.007985677158267278,1,0,0.0,5,82.6321576149388,0.0,0.0,0.0,0.0,0.0,0.0,,0.0,0.0,0.0,0.007985677158267278,0.0,0.0,0.0,0,0.0,0.0
2021-12-22,168.58999633789062,0.009400024100517657,1801.5999755859375,0.007662593536998719,0.001737430563518938,0.001737430563518938,0.006154808341575686,0.008136950209631975,1,0,0.0,5,8.711107795757542,0.0,0.0,0.0,0.0,0.0,0.0,,0.0,0.0,0.0,0.008136950209631975,0.0,0.0,0.0,0,0.0,0.0
2021-12-23,168.97000122070312,0.0022540179789249937,1811.199951171875,0.005328583323728875,-0.0030745653448038812,0.0030745653448038812,0.0058879854985555225,0.007425160654393401,0,0,0.0,5,25.340266386841197,0.0,0.0,0.0,0.0,0.0,0.0,,0.0,0.0,0.0,0.007425160654393401,0.0,0.0,0.0,0,0.0,0.0
2021-12-27,169.3699951171875,0.002367247994286892,1808.0999755859375,-0.0017115590048087936,0.0040788069990956854,0.0040788069990956854,0.0055803418127302225,0.006910403572683448,1,0,0.0,5,7.718520888016295,0.0,0.0,0.0,0.0,0.0,0.0,,0.0,0.0,0.0,0.006910403572683448,0.0,0.0,0.0,0,0.0,0.0
2021-12-28,168.63999938964844,-0.004310065233419702,1810.199951171875,0.0011614266989063982,-0.0054714919323261,0.0054714919323261,0.0056841579745227685,0.006841591263910883,0,0,0.0,5,2.892503671972727,0.0,0.0,0.0,0.0,0.0,0.0,,0.0,0.0,0.0,0.006841591263910883,0.0,0.0,0.0,0,0.0,0.0
2021-12-29,168.58999633789062,-0.0002965076609273698,1805.0999755859375,-0.0028173548356554834,0.0025208471747281136,0.0025208471747281136,0.005646550573564694,0.006902017113427155,1,0,0.0,5,101.73610079679085,0.0,0.0,0.0,0.0,0.0,0.0,,0.0,0.0,0.0,0.006902017113427155,0.0,0.0,0.0,0,0.0,0.0
2021-12-30,169.8000030517578,0.0071772153754725565,1812.699951171875,0.004210279590453503,0.0029669357850190536,0.0029669357850190536,0.005886176794983674,0.0069541968601773045,1,0,0.0,5,6.26243436730447,0.0,0.0,0.0,0.0,0.0,0.0,,0.0,0.0,0.0,0.0069541968601773045,0.0,0.0,0.0,0,0.0,0.0
2021-12-31,170.9600067138672,0.00683158799329231,1827.5,0.008164643474810607,-0.0013330554815182971,0.0013330554815182971,0.005688644293614376,0.006963482057417444,0,0,0.0,5,12.775515052744336,0.0,0.0,0.0,0.0,0.0,0.0,,0.0,0.0,0.0,0.006963482057417444,0.0,0.0,0.0,0,0.0,0.0
2022-01-03,168.3300018310547,-0.015383743445999576,1799.4000244140625,-0.015376183631156004,-7.5598148435718215e-06,7.5598148435718215e-06,0.0072001867354464875,0.008220716271372008,0,0,0.0,5,10.684463560971555,0.0,0.0,0.0,0.0,0.0,0.0,,0.0,0.0,0.0,0.008220716271372008,0.0,0.0,0.0,0,0.0,0.0
2022-01-04,169.57000732421875,0.007366515057776857,1814.0,0.008113802038371976,-0.0007472869805951188,0.0007472869805951188,0.0073928174310548805,0.008441963935116334,0,0,0.0,5,11.782856007063758,0.0,0.0,0.0,0.0,0.0,0.0,,0.0,0.0,0.0,0.008441963935116334,0.0,0.0,0.0,0,0.0,0.0
2022-01-05,169.05999755859375,-0.00300766493835114,1824.5999755859375,0.0058434264531077584,-0.008851091391458898,0.008851091391458898,0.0069232373428408265,0.008048563254375526,0,1,1.0,5,20.968382752350486,105.0,-5.0,-17751.299743652344,9122.999877929688,0.0,0.0,Opened,-17751.299743652344,9122.999877929688,0.0,0.008048563254375526,26874.29962158203,0.0,0.0,0,0.0,26874.29962158203
2022-01-06,166.99000549316406,-0.012244126909514819,1788.699951171875,-0.01967555896877282,0.007431432059258003,0.007431432059258003,0.007712731967599645,0.009715458346259824,1,0,-1.0,5,17.212591937422292,-105.0,5.0,17533.950576782227,-8943.499755859375,-217.3491668701172,179.5001220703125,Closed,17533.950576782227,-8943.499755859375,-37.84904479980469,0.009715458346259824,26477.4503326416,-37.84904479980469,-0.0014294822320238326,0,-37.84904479980469,0.0
2022-01-07,167.75,0.004551137683908024,1797.0,0.004640268940963033,-8.913125705500846e-05,8.913125705500846e-05,0.0071157143094018735,0.008394784206566462,0,0,0.0,5,10.922164825663499,0.0,0.0,0.0,0.0,0.0,0.0,,0.0,0.0,0.0,0.008394784206566462,0.0,0.0,0.0,0,0.0,0.0
2022-01-10,168.25999450683594,0.0030402057039400354,1798.4000244140625,0.0007790898241861743,0.002261115879753861,0.002261115879753861,0.00713731751526535,0.008327125810733143,1,0,0.0,5,2.738987131943301,0.0,0.0,0.0,0.0,0.0,0.0,,0.0,0.0,0.0,0.008327125810733143,0.0,0.0,0.0,0,0.0,0.0
2022-01-11,170.2899932861328,0.0120646549718888,1818.5999755859375,0.011232179102341977,0.0008324758695468226,0.0008324758695468226,0.00763638100625536,0.008669850972272752,1,0,0.0,5,9.942535860717406,0.0,0.0,0.0,0.0,0.0,0.0,,0.0,0.0,0.0,0.008669850972272752,0.0,0.0,0.0,0,0.0,0.0
2022-01-12,170.74000549316406,0.002642622730480104,1827.199951171875,0.004728898988996644,-0.0020862762585165395,0.0020862762585165395,0.007628273792518515,0.00863879786606286,0,0,0.0,5,19.150303230454444,0.0,0.0,0.0,0.0,0.0,0.0,,0.0,0.0,0.0,0.00863879786606286,0.0,0.0,0.0,0,0.0,0.0
2022-01-13,170.16000366210938,-0.0033969884760131075,1821.199951171875,-0.003283712872338862,-0.0001132756036742455,0.0001132756036742455,0.0073932421551388666,0.008541526166133292,0,0,0.0,5,10.345970734877488,0.0,0.0,0.0,0.0,0.0,0.0,,0.0,0.0,0.0,0.008541526166133292,0.0,0.0,0.0,0,0.0,0.0
2022-01-14,169.6699981689453,-0.0028796749096049457,1816.5,-0.0025806892696492723,-0.0002989856399556734,0.0002989856399556734,0.007432096851568723,0.008483008392582002,0,0,0.0,5,9.594505599689354,0.0,0.0,0.0,0.0,0.0,0.0,,0.0,0.0,0.0,0.008483008392582002,0.0,0.0,0.0,0,0.0,0.0
2022-01-18,169.38999938964844,-0.001650255097062403,1812.300048828125,-0.0023121118479906277,0.0006618567509282247,0.0006618567509282247,0.007424721527419204,0.008494229097462745,1,0,0.0,5,14.989946818598051,0.0,0.0,0.0,0.0,0.0,0.0,,0.0,0.0,0.0,0.008494229097462745,0.0,0.0,0.0,0,0.0,0.0
2022-01-19,172.0800018310547,0.015880526897095182,1843.0999755859375,0.01699493788444606,-0.0011144109873508778,0.0011144109873508778,0.008353137689199316,0.00954284142025476,0,0,0.0,5,11.462336799835205,0.0,0.0,0.0,0.0,0.0,0.0,,0.0,0.0,0.0,0.00954284142025476,0.0,0.0,0.0,0,0.0,0.0
2022-01-20,171.64999389648438,-0.0024988838330701757,1842.5,-0.0003255252530437458,-0.00217335858002643,0.00217335858002643,0.008403906861018575,0.009488623774136088,0,0,0.0,5,1.3983063248322214,0.0,0.0,0.0,0.0,0.0,0.0,,0.0,0.0,0.0,0.009488623774136088,0.0,0.0,0.0,0,0.0,0.0
2022-01-21,171.08999633789062,-0.0032624385581478954,1831.800048828125,-0.005807300500339174,0.002544861942191279,0.002544861942191279,0.008308197397320421,0.009628968460174695,1,0,0.0,5,19.058354778392665,0.0,0.0,0.0,0.0,0.0,0.0,,0.0,0.0,0.0,0.009628968460174695,0.0,0.0,0.0,0,0.0,0.0
2022-01-24,172.02999877929688,0.005494198734739664,1841.699951171875,0.005404466688426757,8.973204631290699e-05,8.973204631290699e-05,0.008242739162277092,0.009502540237584766,1,0,0.0,5,10.530843775772183,0.0,0.0,0.0,0.0,0.0,0.0,,0.0,0.0,0.0,0.009502540237584766,0.0,0.0,0.0,0,0.0,0.0
2022-01-25,172.5800018310547,0.0031971345443269072,1852.699951171875,0.005972742733147518,-0.0027756081888206108,0.0027756081888206108,0.00699543330974247,0.0084903090561734,0,0,0.0,5,20.05522397010888,0.0,0.0,0.0,0.0,0.0,0.0,,0.0,0.0,0.0,0.0084903090561734,0.0,0.0,0.0,0,0.0,0.0
2022-01-26,169.7899932861328,-0.016166464916677392,1829.9000244140625,-0.012306324477091457,-0.003860140439585935,0.003860140439585935,0.008170719702656067,0.009055146411381146,0,0,0.0,5,8.204055118125142,0.0,0.0,0.0,0.0,0.0,0.0,,0.0,0.0,0.0,0.009055146411381146,0.0,0.0,0.0,0,0.0,0.0
2022-01-27,167.60000610351562,-0.012898211138547944,1793.300048828125,-0.020001079347303108,0.007102868208755164,0.007102868208755164,0.008814645915251485,0.010355714316708058,1,0,0.0,5,16.592158244825033,0.0,0.0,0.0,0.0,0.0,0.0,,0.0,0.0,0.0,0.010355714316708058,0.0,0.0,0.0,0,0.0,0.0
2022-01-28,167.10000610351562,-0.0029832934474428585,1784.9000244140625,-0.004684115421483281,0.001700821974040423,0.001700821974040423,0.008242182945189042,0.009080050573889423,1,0,0.0,5,16.771389436538083,0.0,0.0,0.0,0.0,0.0,0.0,,0.0,0.0,0.0,0.009080050573889423,0.0,0.0,0.0,0,0.0,0.0
2022-01-31,168.08999633789062,0.005924537392067553,1795.0,0.005658566557111833,0.00026597083495571994,0.00026597083495571994,0.008302856431149235,0.009121759005066937,1,0,0.0,5,10.199398698833559,0.0,0.0,0.0,0.0,0.0,0.0,,0.0,0.0,0.0,0.009121759005066937,0.0,0.0,0.0,0,0.0,0.0
2022-02-01,168.22999572753906,0.0008328835308379912,1800.300048828125,0.0029526734418523493,-0.002119789911014358,0.002119789911014358,0.008267786051000446,0.00915283231446043,0,0,0.0,5,37.93784017090975,0.0,0.0,0.0,0.0,0.0,0.0,,0.0,0.0,0.0,0.00915283231446043,0.0,0.0,0.0,0,0.0,0.0
2022-02-02,168.83999633789062,0.0036259919505645666,1809.199951171875,0.004943566129181232,-0.001317574178616665,0.001317574178616665,0.007653992706612022,0.008741769354904384,0,0,0.0,5,14.609143184872968,0.0,0.0,0.0,0.0,0.0,0.0,,0.0,0.0,0.0,0.008741769354904384,0.0,0.0,0.0,0,0.0,0.0
2022-02-03,168.60000610351562,-0.0014214062993387344,1803.0,-0.0034269021330998184,0.002005495833761084,0.002005495833761084,0.007604962666444214,0.00865924350667773,1,0,0.0,5,25.782296987436013,0.0,0.0,0.0,0.0,0.0,0.0,,0.0,0.0,0.0,0.00865924350667773,0.0,0.0,0.0,0,0.0,0.0
2022-02-04,168.86000061035156,0.0015420788696549614,1806.5999755859375,0.001996658672178242,-0.00045457980252328056,0.00045457980252328056,0.007592027509746959,0.008660717680237807,0,0,0.0,5,13.852637066333623,0.0,0.0,0.0,0.0,0.0,0.0,,0.0,0.0,0.0,0.008660717680237807,0.0,0.0,0.0,0,0.0,0.0
2022-02-07,170.11000061035156,0.007402581993851909,1820.5999755859375,0.007749363549869104,-0.00034678155601719496,0.00034678155601719496,0.007821031318556307,0.00889120476154826,0,0,0.0,5,11.203855413413445,0.0,0.0,0.0,0.0,0.0,0.0,,0.0,0.0,0.0,0.00889120476154826,0.0,0.0,0.0,0,0.0,0.0
2022-02-08,170.6300048828125,0.003056870675416823,1826.5999755859375,0.003295616873810525,-0.00023874619839370226,0.00023874619839370226,0.007835854636771233,0.00889649752551533,0,0,0.0,5,11.54111308208305,0.0,0.0,0.0,0.0,0.0,0.0,,0.0,0.0,0.0,0.00889649752551533,0.0,0.0,0.0,0,0.0,0.0
2022-02-09,171.2100067138672,0.0033991784238243117,1835.199951171875,0.004708187726313096,-0.0013090093024887839,0.0013090093024887839,0.006662496079096328,0.007769591674755003,0,0,0.0,5,14.846840883036338,0.0,0.0,0.0,0.0,0.0,0.0,,0.0,0.0,0.0,0.007769591674755003,0.0,0.0,0.0,0,0.0,0.0
2022-02-10,170.55999755859375,-0.0037965605384254753,1836.199951171875,0.0005448997529460264,-0.004341460291371502,0.004341460291371502,0.006701163941158147,0.007772300987909108,0,0,0.0,5,1.5451443992378189,0.0,0.0,0.0,0.0,0.0,0.0,,0.0,0.0,0.0,0.007772300987909108,0.0,0.0,0.0,0,0.0,0.0
2022-02-11,173.80999755859375,0.019054878321533186,1840.800048828125,0.0025052269788561343,0.016549651342677052,0.016549651342677052,0.008306324622100309,0.007639138131596142,1,1,1.0,5,1.3924280513723508,-7.0,5.0,1216.6699829101562,-9204.000244140625,0.0,0.0,Opened,1216.6699829101562,-9204.000244140625,0.0,0.008306324622100309,10420.670227050781,0.0,0.0,0,0.0,10420.670227050781
2022-02-14,174.74000549316406,0.005350715998122091,1868.0,0.014776157350273156,-0.009425441352151065,0.009425441352151065,0.008300964343162655,0.008424546516950657,0,0,-1.0,5,29.521208610634105,7.0,-5.0,-1223.1800384521484,9340.0,-6.5100555419921875,135.999755859375,Closed,-1223.1800384521484,9340.0,129.4897003173828,0.008424546516950657,10563.180038452148,129.4897003173828,0.01225859067496849,0,129.4897003173828,0.0
2022-02-15,173.0800018310547,-0.009499848975192515,1854.800048828125,-0.007066355017063652,-0.002433493958128863,0.002433493958128863,0.008706539528314156,0.008544329462657967,0,0,0.0,5,7.971296423147063,0.0,0.0,0.0,0.0,0.0,0.0,,0.0,0.0,0.0,0.008706539528314156,0.0,0.0,0.0,0,0.0,0.0
2022-02-16,174.86000061035156,0.010284254451501385,1870.199951171875,0.008302729101975048,0.0019815253495263363,0.0019815253495263363,0.007777930459054922,0.008047753395014162,1,0,0.0,5,8.634667539154867,0.0,0.0,0.0,0.0,0.0,0.0,,0.0,0.0,0.0,0.008047753395014162,0.0,0.0,0.0,0,0.0,0.0
2022-02-17,177.25,0.013668073780773726,1900.699951171875,0.016308416637958123,-0.0026403428571843968,0.0026403428571843968,0.0071440630815677465,0.00641991699710038,0,0,0.0,5,12.79474996307613,0.0,0.0,0.0,0.0,0.0,0.0,,0.0,0.0,0.0,0.0071440630815677465,0.0,0.0,0.0,0,0.0,0.0
2022-02-18,177.1199951171875,-0.0007334549100845855,1898.5999755859375,-0.001104843289253865,0.0003713883791692796,0.0003713883791692796,0.007014761585290409,0.006138235824371808,1,0,0.0,5,16.14704818425774,0.0,0.0,0.0,0.0,0.0,0.0,,0.0,0.0,0.0,0.007014761585290409,0.0,0.0,0.0,0,0.0,0.0
2022-02-22,177.49000549316406,0.0020890378623359407,1906.0999755859375,0.003950279203856821,-0.0018612413415208806,0.0018612413415208806,0.007006089079370103,0.0061239375740462796,0,0,0.0,5,20.307350001997946,0.0,0.0,0.0,0.0,0.0,0.0,,0.0,0.0,0.0,0.007006089079370103,0.0,0.0,0.0,0,0.0,0.0
2022-02-23,178.2899932861328,0.0045072272703239324,1909.199951171875,0.0016263446963136197,0.0028808825740103128,0.0028808825740103128,0.006964404614894315,0.006150108455701949,1,0,0.0,5,3.863915198940534,0.0,0.0,0.0,0.0,0.0,0.0,,0.0,0.0,0.0,0.006964404614894315,0.0,0.0,0.0,0,0.0,0.0
2022-02-24,177.13999938964844,-0.006450131470019049,1925.0999755859375,0.008328108537978496,-0.014778240007997545,0.014778240007997545,0.0074611490190105495,0.006250795006298724,0,1,1.0,5,14.03183468653703,71.0,-5.0,-12576.939956665039,9625.499877929688,0.0,0.0,Opened,-12576.939956665039,9625.499877929688,0.0,0.0074611490190105495,22202.439834594727,0.0,0.0,0,0.0,22202.439834594727
2022-02-25,176.5500030517578,-0.003330678220184624,1886.5,-0.020050894018732168,0.016720215798547544,0.016720215798547544,0.007561779893807462,0.008690737023997622,1,0,-1.0,5,64.32653293566503,-71.0,5.0,12535.050216674805,-9432.5,-41.889739990234375,192.9998779296875,Closed,12535.050216674805,-9432.5,151.11013793945312,0.008690737023997622,21967.550216674805,151.11013793945312,0.0068787887793128,0,151.11013793945312,0.0
2022-02-28,178.3800048828125,0.010365345791119474,1899.4000244140625,0.006838072840743337,0.003527272950376137,0.003527272950376137,0.007771942737178984,0.008738276606755871,1,0,0.0,5,7.0245772944891876,0.0,0.0,0.0,0.0,0.0,0.0,,0.0,0.0,0.0,0.008738276606755871,0.0,0.0,0.0,0,0.0,0.0
2022-03-01,181.6199951171875,0.018163415997793697,1942.4000244140625,0.022638727728386154,-0.004475311730592457,0.004475311730592457,0.008592334715878617,0.010021441118551822,0,0,0.0,5,13.329980122199748,0.0,0.0,0.0,0.0,0.0,0.0,,0.0,0.0,0.0,0.010021441118551822,0.0,0.0,0.0,0,0.0,0.0
2022-03-02,179.72999572753906,-0.010406339832951472,1920.9000244140625,-0.011068780750497331,0.000662440917545859,0.000662440917545859,0.009408071042826458,0.010788727347700802,1,0,0.0,5,11.368050099540437,0.0,0.0,0.0,0.0,0.0,0.0,,0.0,0.0,0.0,0.010788727347700802,0.0,0.0,0.0,0,0.0,0.0
2022-03-03,180.8000030517578,0.005953415398956663,1934.4000244140625,0.007027955556467846,-0.0010745401575111835,0.0010745401575111835,0.009428994488114318,0.010825142029144556,0,0,0.0,5,12.630213023183593,0.0,0.0,0.0,0.0,0.0,0.0,,0.0,0.0,0.0,0.010825142029144556,0.0,0.0,0.0,0,0.0,0.0
2022-03-04,183.67999267578125,0.015929145881701023,1965.0999755859375,0.015870528734703848,5.861714699717524e-05,5.861714699717524e-05,0.009683692508792176,0.01123468130058945,1,0,0.0,5,10.659128626018207,0.0,0.0,0.0,0.0,0.0,0.0,,0.0,0.0,0.0,0.01123468130058945,0.0,0.0,0.0,0,0.0,0.0
2022-03-07,186.41000366210938,0.014862865283030269,1993.9000244140625,0.014655767740029413,0.00020709754300085592,0.00020709754300085592,0.009301953997855529,0.011508172890598179,1,0,0.0,5,10.547273217237615,0.0,0.0,0.0,0.0,0.0,0.0,,0.0,0.0,0.0,0.011508172890598179,0.0,0.0,0.0,0,0.0,0.0
2022-03-08,191.50999450683594,0.027358997610294145,2040.0999755859375,0.02317064577269945,0.004188351837594695,0.004188351837594695,0.01099136709683572,0.012181022254182841,1,0,0.0,5,9.02189904880583,0.0,0.0,0.0,0.0,0.0,0.0,,0.0,0.0,0.0,0.012181022254182841,0.0,0.0,0.0,0,0.0,0.0
2022-03-09,185.82000732421875,-0.029711176156992036,1985.9000244140625,-0.026567301514872188,-0.0031438746421198482,0.0031438746421198482,0.013904246658375552,0.01449221129350375,0,0,0.0,5,9.556360150696797,0.0,0.0,0.0,0.0,0.0,0.0,,0.0,0.0,0.0,0.01449221129350375,0.0,0.0,0.0,0,0.0,0.0
2022-03-10,186.39999389648438,0.0031212277978962533,1998.0999755859375,0.0061432856749545905,-0.0030220578770583373,0.0030220578770583373,0.01382657630338842,0.014464157256353916,0,0,0.0,5,21.0982564031723,0.0,0.0,0.0,0.0,0.0,0.0,,0.0,0.0,0.0,0.014464157256353916,0.0,0.0,0.0,0,0.0,0.0
2022-03-11,185.08999633789062,-0.007027884128157469,1982.699951171875,-0.007707334268670207,0.0006794501405127384,0.0006794501405127384,0.013863858059952654,0.014394811767675516,1,0,0.0,5,11.747721747480243,0.0,0.0,0.0,0.0,0.0,0.0,,0.0,0.0,0.0,0.014394811767675516,0.0,0.0,0.0,0,0.0,0.0
2022-03-14,182.3000030517578,-0.015073711931138378,1959.5999755859375,-0.011650767213810753,-0.003422944717327625,0.003422944717327625,0.014612401530355291,0.014855428123281927,0,0,0.0,5,8.308355349462424,0.0,0.0,0.0,0.0,0.0,0.0,,0.0,0.0,0.0,0.014855428123281927,0.0,0.0,0.0,0,0.0,0.0
2022-03-15,178.88999938964844,-0.01870545038411886,1928.5,-0.01587057357287336,-0.0028348768112455014,0.0028348768112455014,0.015561318280141862,0.01555498154702571,0,0,0.0,5,9.146565186117654,0.0,0.0,0.0,0.0,0.0,0.0,,0.0,0.0,0.0,0.015561318280141862,0.0,0.0,0.0,0,0.0,0.0
2022-03-16,180.00999450683594,0.006260803404375848,1908.0,-0.010630023334197602,0.01689082673857345,0.01689082673857345,0.015599010910941477,0.015833088519687524,1,1,1.0,5,17.996410995297058,-90.0,5.0,16200.899505615234,-9540.0,0.0,0.0,Opened,16200.899505615234,-9540.0,0.0,0.015833088519687524,25740.899505615234,0.0,0.0,0,0.0,25740.899505615234
2022-03-17,180.88999938964844,0.004888644573449508,1942.0999755859375,0.01787210460478894,-0.012983460031339433,0.012983460031339433,0.015499384319341395,0.016371057256746698,0,0,-1.0,5,39.25041563144557,90.0,-5.0,-16280.09994506836,9710.499877929688,-79.200439453125,170.4998779296875,Closed,-16280.09994506836,9710.499877929688,91.2994384765625,0.016371057256746698,25990.599822998047,91.2994384765625,0.00351278689596749,0,91.2994384765625,0.0
2022-03-18,179.3000030517578,-0.008789852082788041,1928.199951171875,-0.007157213628957937,-0.0016326384538301042,0.0016326384538301042,0.015684158852807353,0.015519387880843186,0,0,0.0,5,8.75657323223288,0.0,0.0,0.0,0.0,0.0,0.0,,0.0,0.0,0.0,0.015684158852807353,0.0,0.0,0.0,0,0.0,0.0
2022-03-21,180.6699981689453,0.007640798069546317,1928.5999755859375,0.0002074600270678406,0.007433338042478477,0.007433338042478477,0.015585228198218525,0.015452937467795677,1,0,0.0,5,0.2898356644805219,0.0,0.0,0.0,0.0,0.0,0.0,,0.0,0.0,0.0,0.015585228198218525,0.0,0.0,0.0,0,0.0,0.0
2022-03-22,179.36000061035156,-0.007250775291250955,1920.699951171875,-0.00409624832213451,-0.0031545269691164446,0.0031545269691164446,0.014950420957467785,0.014293075891276727,0,0,0.0,5,6.04972674743251,0.0,0.0,0.0,0.0,0.0,0.0,,0.0,0.0,0.0,0.014950420957467785,0.0,0.0,0.0,0,0.0,0.0
2022-03-23,181.80999755859375,0.013659661796972422,1936.5999755859375,0.00827824481609496,0.0053814169808774626,0.0053814169808774626,0.015128091800178814,0.014158357578433317,1,0,0.0,5,6.4553601988400695,0.0,0.0,0.0,0.0,0.0,0.0,,0.0,0.0,0.0,0.015128091800178814,0.0,0.0,0.0,0,0.0,0.0
2022-03-24,183.1300048828125,0.007260367097212672,1961.5999755859375,0.012909222511187979,-0.005648855413975307,0.005648855413975307,0.015163156571586229,0.01442688727583108,0,0,0.0,5,19.04550300254173,0.0,0.0,0.0,0.0,0.0,0.0,,0.0,0.0,0.0,0.015163156571586229,0.0,0.0,0.0,0,0.0,0.0
2022-03-25,182.3800048828125,-0.004095451209537915,1953.800048828125,-0.003976308551636554,-0.00011914265790136103,0.00011914265790136103,0.014623150860640819,0.013867728092371787,0,0,0.0,5,10.40114651118408,0.0,0.0,0.0,0.0,0.0,0.0,,0.0,0.0,0.0,0.014623150860640819,0.0,0.0,0.0,0,0.0,0.0
2022-03-28,179.05999755859375,-0.018203790082975457,1939.5999755859375,-0.00726792552324107,-0.010935864559734387,0.010935864559734387,0.014654588044071565,0.013324158485860842,0,0,0.0,5,4.324762327173372,0.0,0.0,0.0,0.0,0.0,0.0,,0.0,0.0,0.0,0.014654588044071565,0.0,0.0,0.0,0,0.0,0.0
2022-03-29,179.13999938964844,0.00044678784846130526,1912.0,-0.014229725682276206,0.014676513530737512,0.014676513530737512,0.012163314284993938,0.011730469508902467,1,1,1.0,5,339.9307829888729,-1700.0,5.0,304537.99896240234,-9560.0,0.0,0.0,Opened,304537.99896240234,-9560.0,0.0,0.012163314284993938,314097.99896240234,0.0,0.0,0,0.0,314097.99896240234
2022-03-30,180.5800018310547,0.008038419372069505,1933.5,0.01124476987447709,-0.0032063505024075845,0.0032063505024075845,0.010310149396640034,0.010600300327899133,0,0,-1.0,5,14.978021004498494,1700.0,-5.0,-306986.00311279297,9667.5,-2448.004150390625,107.5,Closed,-306986.00311279297,9667.5,-2340.504150390625,0.010600300327899133,316653.50311279297,-2340.504150390625,-0.007391372990927974,0,-2340.504150390625,0.0
2022-03-31,180.64999389648438,0.000387595883929448,1949.199951171875,0.008119964402314439,-0.007732368518384991,0.007732368518384991,0.010239820175755364,0.010716798652696872,0,0,0.0,5,226.04422155379575,0.0,0.0,0.0,0.0,0.0,0.0,,0.0,0.0,0.0,0.010716798652696872,0.0,0.0,0.0,0,0.0,0.0
2022-04-01,179.5,-0.006365867342034592,1919.0999755859375,-0.015442220572518095,0.009076353230483503,0.009076353230483503,0.0102181790788321,0.011206703596082036,1,0,0.0,5,25.93494398717779,0.0,0.0,0.0,0.0,0.0,0.0,,0.0,0.0,0.0,0.011206703596082036,0.0,0.0,0.0,0,0.0,0.0
2022-04-04,180.3699951171875,0.004846769455083555,1929.199951171875,0.0052628709887059255,-0.00041610153362237057,0.00041610153362237057,0.00967691313573124,0.011027928657017837,0,0,0.0,5,11.61403981561806,0.0,0.0,0.0,0.0,0.0,0.0,,0.0,0.0,0.0,0.011027928657017837,0.0,0.0,0.0,0,0.0,0.0
2022-04-05,179.24000549316406,-0.006264842571455875,1922.9000244140625,-0.003265564439800861,-0.0029992781316550143,0.0029992781316550143,0.008479344888130421,0.010266597067168861,0,0,0.0,5,5.59203463285479,0.0,0.0,0.0,0.0,0.0,0.0,,0.0,0.0,0.0,0.010266597067168861,0.0,0.0,0.0,0,0.0,0.0
2022-04-06,179.66000366210938,0.002343216670796844,1918.4000244140625,-0.0023402152700950918,0.004683431940891936,0.004683431940891936,0.008337284939168473,0.009877605279197538,1,0,0.0,5,10.66426988574031,0.0,0.0,0.0,0.0,0.0,0.0,,0.0,0.0,0.0,0.009877605279197538,0.0,0.0,0.0,0,0.0,0.0
2022-04-07,180.33999633789062,0.003784886240234764,1933.800048828125,0.008027535559882004,-0.00424264931964724,0.00424264931964724,0.008294900171878911,0.008914432564083778,0,0,0.0,5,22.743061076499885,0.0,0.0,0.0,0.0,0.0,0.0,,0.0,0.0,0.0,0.008914432564083778,0.0,0.0,0.0,0,0.0,0.0
2022-04-08,181.47000122070312,0.006265969312183373,1941.5999755859375,0.004033471176370762,0.0022324981358126106,0.0022324981358126106,0.00808573438119626,0.008761900072113409,1,0,0.0,5,6.887246228888823,0.0,0.0,0.0,0.0,0.0,0.0,,0.0,0.0,0.0,0.008761900072113409,0.0,0.0,0.0,0,0.0,0.0
2022-04-11,182.3699951171875,0.004959463770487282,1944.300048828125,0.0013906434261119482,0.003568820344375334,0.003568820344375334,0.007953028368833858,0.00876442609732687,1,0,0.0,5,2.98944773993346,0.0,0.0,0.0,0.0,0.0,0.0,,0.0,0.0,0.0,0.00876442609732687,0.0,0.0,0.0,0,0.0,0.0
2022-04-12,183.77000427246094,0.007676751619003053,1972.0999755859375,0.014298166980229343,-0.0066214153612262905,0.0066214153612262905,0.007826158556923342,0.009332364651119121,0,0,0.0,5,19.987440212688096,0.0,0.0,0.0,0.0,0.0,0.0,,0.0,0.0,0.0,0.009332364651119121,0.0,0.0,0.0,0,0.0,0.0
2022-04-13,184.64999389648438,0.004788537865617837,1981.0,0.00451296816806579,0.0002755696975520472,0.0002755696975520472,0.007160619957286912,0.009195384550851308,1,0,0.0,5,10.111009587401623,0.0,0.0,0.0,0.0,0.0,0.0,,0.0,0.0,0.0,0.009195384550851308,0.0,0.0,0.0,0,0.0,0.0
2022-04-14,184.0399932861328,-0.003303550666205468,1970.9000244140625,-0.005098422809660552,0.001794872143455084,0.001794872143455084,0.007025235294389239,0.00877247721637957,1,0,0.0,5,16.52750368477624,0.0,0.0,0.0,0.0,0.0,0.0,,0.0,0.0,0.0,0.00877247721637957,0.0,0.0,0.0,0,0.0,0.0
2022-04-18,184.61000061035156,0.0030971927027434454,1982.9000244140625,0.006088588894085367,-0.002991396191341922,0.002991396191341922,0.006944877229356017,0.008802690824438377,0,0,0.0,5,21.115142572784844,0.0,0.0,0.0,0.0,0.0,0.0,,0.0,0.0,0.0,0.008802690824438377,0.0,0.0,0.0,0,0.0,0.0
2022-04-19,181.82000732421875,-0.015112904376299419,1955.699951171875,-0.01371731953567601,-0.0013955848406234095,0.0013955848406234095,0.006361002920535587,0.009375420123462559,0,0,0.0,5,9.762968203742451,0.0,0.0,0.0,0.0,0.0,0.0,,0.0,0.0,0.0,0.009375420123462559,0.0,0.0,0.0,0,0.0,0.0
2022-04-20,182.7100067138672,0.004894947496407287,1952.300048828125,-0.001738458060354664,0.006633405556761951,0.006633405556761951,0.006434669062928153,0.008476502061637723,1,0,0.0,5,3.7949006590338707,0.0,0.0,0.0,0.0,0.0,0.0,,0.0,0.0,0.0,0.008476502061637723,0.0,0.0,0.0,0,0.0,0.0
2022-04-21,182.05999755859375,-0.0035576001936850066,1944.9000244140625,-0.0037904134758919295,0.00023281328220692288,0.00023281328220692288,0.006266262442664146,0.008113573260872222,1,0,0.0,5,11.381832669689654,0.0,0.0,0.0,0.0,0.0,0.0,,0.0,0.0,0.0,0.008113573260872222,0.0,0.0,0.0,0,0.0,0.0
2022-04-22,180.2899932861328,-0.0097220932450649,1931.0,-0.007146909475848284,-0.0025751837692166157,0.0025751837692166157,0.006806810184768061,0.008036238624178437,0,0,0.0,5,7.87352390508911,0.0,0.0,0.0,0.0,0.0,0.0,,0.0,0.0,0.0,0.008036238624178437,0.0,0.0,0.0,0,0.0,0.0
2022-04-25,177.0500030517578,-0.017970993150090764,1893.199951171875,-0.019575374846258375,0.0016043816961676116,0.0016043816961676116,0.008104356508651017,0.008630558209020901,1,0,0.0,5,11.647656500120497,0.0,0.0,0.0,0.0,0.0,0.0,,0.0,0.0,0.0,0.008630558209020901,0.0,0.0,0.0,0,0.0,0.0
2022-04-26,177.32000732421875,0.001525017044941901,1901.4000244140625,0.0043313297346705415,-0.0028063126897286406,0.0028063126897286406,0.007980995520266331,0.008586510665700925,0,0,0.0,5,30.455259454326786,0.0,0.0,0.0,0.0,0.0,0.0,,0.0,0.0,0.0,0.008586510665700925,0.0,0.0,0.0,0,0.0,0.0
2022-04-27,175.97999572753906,-0.00755702425744631,1885.9000244140625,-0.00815188797779498,0.0005948637203486706,0.0005948637203486706,0.008047349877215745,0.008772022625524997,1,0,0.0,5,11.5601308536819,0.0,0.0,0.0,0.0,0.0,0.0,,0.0,0.0,0.0,0.008772022625524997,0.0,0.0,0.0,0,0.0,0.0
2022-04-28,176.92999267578125,0.005398323510093839,1888.699951171875,0.0014846634082219534,0.003913660101871885,0.003913660101871885,0.008180785222149387,0.008793894978012945,1,0,0.0,5,2.9358279922200268,0.0,0.0,0.0,0.0,0.0,0.0,,0.0,0.0,0.0,0.008793894978012945,0.0,0.0,0.0,0,0.0,0.0
2022-04-29,176.91000366210938,-0.00011297696546286318,1909.300048828125,0.010907025037761198,-0.011020002003224061,0.011020002003224061,0.00807959949955956,0.009033287918663835,0,1,1.0,5,1041.9291699791224,5210.0,-5.0,-921701.1190795898,9546.500244140625,0.0,0.0,Opened,-921701.1190795898,9546.500244140625,0.0,0.009033287918663835,931247.6193237305,0.0,0.0,0,0.0,931247.6193237305
2022-05-02,173.6300048828125,-0.018540493535693647,1861.800048828125,-0.024878226986457253,0.006337733450763605,0.006337733450763605,0.008926002817345123,0.0108312184972839,1,0,-1.0,5,14.388197656438596,-5210.0,5.0,904612.3254394531,-9309.000244140625,-17088.79364013672,237.5,Closed,904612.3254394531,-9309.000244140625,-16851.29364013672,0.0108312184972839,913921.3256835938,-16851.29364013672,-0.018438451064190137,1,-16851.29364013672,0.0
2022-05-03,174.08999633789062,0.00264926246698316,1868.800048828125,0.00375980224321415,-0.0011105397762309899,0.0011105397762309899,0.008799696376093607,0.01091270545834645,0,0,0.0,5,15.234529165070688,0.0,0.0,0.0,0.0,0.0,0.0,,0.0,0.0,0.0,0.01091270545834645,0.0,0.0,0.0,0,0.0,0.0
2022-05-04,175.8000030517578,0.009822544372671826,1867.0,-0.0009632110344034439,0.01078575540707527,0.01078575540707527,0.009001767087997182,0.009890127471366706,1,1,1.0,5,1.0414127476293722,-6.0,5.0,1054.8000183105469,-9335.0,0.0,0.0,Opened,1054.8000183105469,-9335.0,0.0,0.009890127471366706,10389.800018310547,0.0,0.0,0,0.0,10389.800018310547
2022-05-05,175.1300048828125,-0.003811138551277793,1874.0,0.003749330476700674,-0.007560469027978467,0.007560469027978467,0.008746428708126048,0.009847264626126695,0,0,-1.0,5,10.52708213203538,6.0,-5.0,-1050.780029296875,9370.0,4.019989013671875,35.0,Closed,-1050.780029296875,9370.0,39.019989013671875,0.009847264626126695,10420.780029296875,39.019989013671875,0.0037444403301836785,0,39.019989013671875,0.0
2022-05-06,175.4199981689453,0.0016558743678838361,1881.199951171875,0.003842023037286646,-0.00218614866940281,0.00218614866940281,0.008847007831322928,0.010022303208769847,0,0,0.0,5,24.88218058813204,0.0,0.0,0.0,0.0,0.0,0.0,,0.0,0.0,0.0,0.010022303208769847,0.0,0.0,0.0,0,0.0,0.0
2022-05-09,172.8800048828125,-0.014479496708730832,1857.0999755859375,-0.012810959074778139,-0.0016685376339526936,0.0016685376339526936,0.00911941410561887,0.009978827380620182,0,0,0.0,5,9.504268469478106,0.0,0.0,0.0,0.0,0.0,0.0,,0.0,0.0,0.0,0.009978827380620182,0.0,0.0,0.0,0,0.0,0.0
2022-05-10,171.4199981689453,-0.008445202872691127,1839.9000244140625,-0.009261726023365169,0.0008165231506740422,0.0008165231506740422,0.008709453793214703,0.0097424155442978,1,0,0.0,5,11.771033129077125,0.0,0.0,0.0,0.0,0.0,0.0,,0.0,0.0,0.0,0.0097424155442978,0.0,0.0,0.0,0,0.0,0.0
2022-05-11,172.82000732421875,0.008167128516088473,1852.5999755859375,0.006902522421520896,0.0012646060945675774,0.0012646060945675774,0.008981752369127943,0.010134304762535382,1,0,0.0,5,9.059955639220291,0.0,0.0,0.0,0.0,0.0,0.0,,0.0,0.0,0.0,0.010134304762535382,0.0,0.0,0.0,0,0.0,0.0
2022-05-12,170.1699981689453,-0.015333925720196762,1823.800048828125,-0.015545680199366085,0.00021175447916932377,0.00021175447916932377,0.009472920125682531,0.010606827288062682,1,0,0.0,5,10.86552218757465,0.0,0.0,0.0,0.0,0.0,0.0,,0.0,0.0,0.0,0.010606827288062682,0.0,0.0,0.0,0,0.0,0.0
2022-05-13,168.7899932861328,-0.00810956630229509,1807.4000244140625,-0.008992227204183023,0.0008826609018879328,0.0008826609018879328,0.009417810807130007,0.01065374930240676,1,0,0.0,5,11.873458280252471,0.0,0.0,0.0,0.0,0.0,0.0,,0.0,0.0,0.0,0.01065374930240676,0.0,0.0,0.0,0,0.0,0.0
2022-05-16,170.39999389648438,0.009538483763206873,1813.5,0.0033750002785990496,0.0061634834846078235,0.0061634834846078235,0.009251431024504958,0.009934201835050442,1,0,0.0,5,3.765671689270128,0.0,0.0,0.0,0.0,0.0,0.0,,0.0,0.0,0.0,0.009934201835050442,0.0,0.0,0.0,0,0.0,0.0
2022-05-17,169.3300018310547,-0.006279296383541522,1818.199951171875,0.0025916466346154188,-0.00887094301815694,0.00887094301815694,0.009227787618480527,0.00985462488863721,0,0,0.0,5,4.43172223527414,0.0,0.0,0.0,0.0,0.0,0.0,,0.0,0.0,0.0,0.00985462488863721,0.0,0.0,0.0,0,0.0,0.0
2022-05-18,169.4199981689453,0.0005314848929158789,1815.9000244140625,-0.001264947101296654,0.0017964319942125329,0.0017964319942125329,0.009180507501394118,0.00975401607202818,1,0,0.0,5,25.50989678424633,0.0,0.0,0.0,0.0,0.0,0.0,,0.0,0.0,0.0,0.00975401607202818,0.0,0.0,0.0,0,0.0,0.0
2022-05-19,171.91000366210938,0.014697234801531733,1841.199951171875,0.013932444747874362,0.0007647900536573715,0.0007647900536573715,0.01002622827580155,0.01060705240890372,1,0,0.0,5,10.152932575680426,0.0,0.0,0.0,0.0,0.0,0.0,,0.0,0.0,0.0,0.01060705240890372,0.0,0.0,0.0,0,0.0,0.0
2022-05-20,172.02999877929688,0.0006980112537449124,1841.800048828125,0.00032592747782111964,0.0003720837759237927,0.0003720837759237927,0.010038558740708681,0.010049968854331945,1,0,0.0,5,4.999157794550551,0.0,0.0,0.0,0.0,0.0,0.0,,0.0,0.0,0.0,0.010049968854331945,0.0,0.0,0.0,0,0.0,0.0
2022-05-23,172.8300018310547,0.004650369455528214,1847.800048828125,0.003257682615340096,0.0013926868401881176,0.0013926868401881176,0.009012155709190017,0.00795133442952888,1,0,0.0,5,7.489574627210764,0.0,0.0,0.0,0.0,0.0,0.0,,0.0,0.0,0.0,0.009012155709190017,0.0,0.0,0.0,0,0.0,0.0
2022-05-24,174.1300048828125,0.007521859850632806,1865.0999755859375,0.009362445232526273,-0.001840585381893467,0.001840585381893467,0.009210523220974896,0.008288823380773358,0,0,0.0,5,13.33191564726778,0.0,0.0,0.0,0.0,0.0,0.0,,0.0,0.0,0.0,0.009210523220974896,0.0,0.0,0.0,0,0.0,0.0
2022-05-25,173.0800018310547,-0.006029994959596108,1846.199951171875,-0.010133518128498609,0.004103523168902501,0.004103523168902501,0.008914433306045164,0.008685721805889694,1,0,0.0,5,17.925659540612113,0.0,0.0,0.0,0.0,0.0,0.0,,0.0,0.0,0.0,0.008914433306045164,0.0,0.0,0.0,0,0.0,0.0
2022-05-26,172.75999450683594,-0.0018488983177334939,1847.4000244140625,0.0006500234394577475,-0.0024989217571912414,0.0024989217571912414,0.008884611510432747,0.008608550823903952,0,0,0.0,5,3.759531720629464,0.0,0.0,0.0,0.0,0.0,0.0,,0.0,0.0,0.0,0.008884611510432747,0.0,0.0,0.0,0,0.0,0.0
2022-05-27,172.85000610351562,0.00052102106703944,1851.300048828125,0.0021110882118231533,-0.0015900671447837134,0.0015900671447837134,0.008866369571946534,0.008551599798725844,0,0,0.0,5,43.39688028557195,0.0,0.0,0.0,0.0,0.0,0.0,,0.0,0.0,0.0,0.008866369571946534,0.0,0.0,0.0,0,0.0,0.0
2022-05-31,171.13999938964844,-0.009893009276743081,1842.699951171875,-0.004645436952099624,-0.005247572324643457,0.005247572324643457,0.008434930684399919,0.007989761766578264,0,0,0.0,5,5.055932324431879,0.0,0.0,0.0,0.0,0.0,0.0,,0.0,0.0,0.0,0.008434930684399919,0.0,0.0,0.0,0,0.0,0.0
2022-06-01,172.22999572753906,0.006369033199590923,1843.300048828125,0.00032566216538310044,0.006043371034207823,0.006043371034207823,0.008322412112537845,0.00761240939203149,1,0,0.0,5,0.5472440361103412,0.0,0.0,0.0,0.0,0.0,0.0,,0.0,0.0,0.0,0.008322412112537845,0.0,0.0,0.0,0,0.0,0.0
2022-06-02,174.35000610351562,0.012309182073779512,1866.5,0.012586095891780724,-0.00027691381800121206,0.00027691381800121206,0.008662208643250246,0.008098444589985538,0,0,0.0,5,10.946313142855688,0.0,0.0,0.0,0.0,0.0,0.0,,0.0,0.0,0.0,0.008662208643250246,0.0,0.0,0.0,0,0.0,0.0
2022-06-03,172.5800018310547,-0.010152017266979896,1845.4000244140625,-0.011304567686009959,0.0011525504190300628,0.0011525504190300628,0.008062981874178999,0.0075527924318374625,1,0,0.0,5,11.906981079834301,0.0,0.0,0.0,0.0,0.0,0.0,,0.0,0.0,0.0,0.008062981874178999,0.0,0.0,0.0,0,0.0,0.0
2022-06-06,171.82000732421875,-0.0044037229040009285,1839.199951171875,-0.0033597448575715116,-0.0010439780464294168,0.0010439780464294168,0.007818015793065096,0.007160372275875253,0,0,0.0,5,8.166604570094576,0.0,0.0,0.0,0.0,0.0,0.0,,0.0,0.0,0.0,0.007818015793065096,0.0,0.0,0.0,0,0.0,0.0
2022-06-07,172.94000244140625,0.006518420844169315,1847.5,0.004512858334319025,0.0020055625098502894,0.0020055625098502894,0.007624860378314863,0.007191165120132808,1,0,0.0,5,7.396023642337711,0.0,0.0,0.0,0.0,0.0,0.0,,0.0,0.0,0.0,0.007624860378314863,0.0,0.0,0.0,0,0.0,0.0
2022-06-08,172.77999877929688,-0.0009251975242893229,1851.9000244140625,0.002381609967016196,-0.003306807491305519,0.003306807491305519,0.007380458725275913,0.00718859762220587,0,0,0.0,5,27.590543014323845,0.0,0.0,0.0,0.0,0.0,0.0,,0.0,0.0,0.0,0.007380458725275913,0.0,0.0,0.0,0,0.0,0.0
2022-06-09,172.22999572753906,-0.0031832564859568535,1848.800048828125,-0.0016739432718125835,-0.00150931321414427,0.00150931321414427,0.007472388704126609,0.007199582127651414,0,0,0.0,5,5.644822063481205,0.0,0.0,0.0,0.0,0.0,0.0,,0.0,0.0,0.0,0.007472388704126609,0.0,0.0,0.0,0,0.0,0.0
2022-06-10,174.5399932861328,0.013412283666592417,1871.5,0.012278207795517693,0.0011340758710747245,0.0011340758710747245,0.007311290495707313,0.0070009047802380596,1,0,0.0,5,9.815832198443868,0.0,0.0,0.0,0.0,0.0,0.0,,0.0,0.0,0.0,0.007311290495707313,0.0,0.0,0.0,0,0.0,0.0
2022-06-13,169.92999267578125,-0.026412288230091452,1828.0,-0.023243387656959658,-0.0031689005731317943,0.0031689005731317943,0.010186661524393474,0.009417660244736335,0,0,0.0,5,9.466720396625977,0.0,0.0,0.0,0.0,0.0,0.0,,0.0,0.0,0.0,0.010186661524393474,0.0,0.0,0.0,0,0.0,0.0
2022-06-14,168.57000732421875,-0.008003209616781914,1809.5,-0.010120350109409149,0.002117140492627234,0.002117140492627234,0.01022959334634601,0.009670541959294213,1,0,0.0,5,13.574055697163837,0.0,0.0,0.0,0.0,0.0,0.0,,0.0,0.0,0.0,0.01022959334634601,0.0,0.0,0.0,0,0.0,0.0
2022-06-15,170.77000427246094,0.013050939388113303,1815.300048828125,0.0032053323172838155,0.009845607070829487,0.009845607070829487,0.01067231083690756,0.009307139086603357,1,0,0.0,5,2.6107670302260217,0.0,0.0,0.0,0.0,0.0,0.0,,0.0,0.0,0.0,0.01067231083690756,0.0,0.0,0.0,0,0.0,0.0
2022-06-16,172.69000244140625,0.011243181594596585,1845.699951171875,0.01674648902443132,-0.005503307429834736,0.005503307429834736,0.011044497178720004,0.010131396917692357,0,0,0.0,5,15.919464286634092,0.0,0.0,0.0,0.0,0.0,0.0,,0.0,0.0,0.0,0.011044497178720004,0.0,0.0,0.0,0,0.0,0.0
2022-06-17,171.27000427246094,-0.008222816311715064,1835.5999755859375,-0.005472165494464498,-0.002750650817250566,0.002750650817250566,0.011237796470786059,0.01022749601698734,0,0,0.0,5,7.132394709912721,0.0,0.0,0.0,0.0,0.0,0.0,,0.0,0.0,0.0,0.011237796470786059,0.0,0.0,0.0,0,0.0,0.0
2022-06-21,170.6300048828125,-0.0037367862070599722,1834.5999755859375,-0.0005447810052845448,-0.0031920052017754275,0.0031920052017754275,0.011263419208790156,0.010204287132400215,0,0,0.0,5,1.567507710175837,0.0,0.0,0.0,0.0,0.0,0.0,,0.0,0.0,0.0,0.011263419208790156,0.0,0.0,0.0,0,0.0,0.0
2022-06-22,171.30999755859375,0.003985188163408093,1834.300048828125,-0.00016348346331829244,0.004148671626726386,0.004148671626726386,0.011030909941932171,0.010141389538043001,1,0,0.0,5,0.4392509065131961,0.0,0.0,0.0,0.0,0.0,0.0,,0.0,0.0,0.0,0.011030909941932171,0.0,0.0,0.0,0,0.0,0.0
2022-06-23,170.25999450683594,-0.006129257292171064,1825.699951171875,-0.004688490120111077,-0.0014407671720599868,0.0014407671720599868,0.01099741582406363,0.010203281488657847,0,0,0.0,5,8.202418835448348,0.0,0.0,0.0,0.0,0.0,0.0,,0.0,0.0,0.0,0.01099741582406363,0.0,0.0,0.0,0,0.0,0.0
2022-06-24,170.08999633789062,-0.0009984622015154487,1826.5,0.0004382148488373261,-0.0014366770503527748,0.0014366770503527748,0.010392247082577652,0.009543473024330886,0,0,0.0,5,4.712988343801872,0.0,0.0,0.0,0.0,0.0,0.0,,0.0,0.0,0.0,0.010392247082577652,0.0,0.0,0.0,0,0.0,0.0
2022-06-27,169.89999389648438,-0.0011170700540719114,1820.9000244140625,-0.0030659598061524296,0.0019488897520805182,0.0019488897520805182,0.01011923767588585,0.009162225540199373,1,0,0.0,5,29.415672790831348,0.0,0.0,0.0,0.0,0.0,0.0,,0.0,0.0,0.0,0.01011923767588585,0.0,0.0,0.0,0,0.0,0.0
2022-06-28,169.6199951171875,-0.0016480211262837052,1817.5,-0.0018672219059124862,0.00021920077962878093,0.00021920077962878093,0.010077858681641344,0.009141118202531306,1,0,0.0,5,12.140331126865716,0.0,0.0,0.0,0.0,0.0,0.0,,0.0,0.0,0.0,0.010077858681641344,0.0,0.0,0.0,0,0.0,0.0
2022-06-29,169.49000549316406,-0.0007663579045243951,1813.699951171875,-0.0020908109095598704,0.0013244530050354753,0.0013244530050354753,0.00987286216327797,0.009027773095084783,1,0,0.0,5,29.194730044946045,0.0,0.0,0.0,0.0,0.0,0.0,,0.0,0.0,0.0,0.00987286216327797,0.0,0.0,0.0,0,0.0,0.0
2022-06-30,168.4600067138672,-0.006077047294322124,1804.0999755859375,-0.00529303404332937,-0.0007840132509927544,0.0007840132509927544,0.009948336323128621,0.009028249222861218,0,0,0.0,5,9.327727668927349,0.0,0.0,0.0,0.0,0.0,0.0,,0.0,0.0,0.0,0.009948336323128621,0.0,0.0,0.0,0,0.0,0.0
2022-07-01,168.32000732421875,-0.0008310541616338707,1798.9000244140625,-0.0028822965701699177,0.002051242408536047,0.002051242408536047,0.009940811869295515,0.00903335429859595,1,0,0.0,5,37.06641830971089,0.0,0.0,0.0,0.0,0.0,0.0,,0.0,0.0,0.0,0.009940811869295515,0.0,0.0,0.0,0,0.0,0.0
2022-07-05,164.75,-0.02120964335120412,1761.800048828125,-0.020623700640629905,-0.0005859427105742165,0.0005859427105742165,0.01024976942213694,0.009363393987759655,0,0,0.0,5,10.398349843787878,0.0,0.0,0.0,0.0,0.0,0.0,,0.0,0.0,0.0,0.01024976942213694,0.0,0.0,0.0,0,0.0,0.0
2022-07-06,162.13999938964844,-0.015842188833696924,1734.9000244140625,-0.015268488857152263,-0.0005736999765446615,0.0005736999765446615,0.008851471579522466,0.008364463394938099,0,0,0.0,5,10.312528384661132,0.0,0.0,0.0,0.0,0.0,0.0,,0.0,0.0,0.0,0.008851471579522466,0.0,0.0,0.0,0,0.0,0.0
2022-07-07,162.22999572753906,0.000555053276362516,1737.9000244140625,0.0017292062699769684,-0.0011741529936144524,0.0011741529936144524,0.008787529580705656,0.008247838078862844,0,0,0.0,5,33.37380803830913,0.0,0.0,0.0,0.0,0.0,0.0,,0.0,0.0,0.0,0.008787529580705656,0.0,0.0,0.0,0,0.0,0.0
2022-07-08,162.3000030517578,0.0004315313201161963,1740.5999755859375,0.00155357105353926,-0.0011220397334230636,0.0011220397334230636,0.007731308648336383,0.008174694331247116,0,0,0.0,5,38.60995042722033,0.0,0.0,0.0,0.0,0.0,0.0,,0.0,0.0,0.0,0.008174694331247116,0.0,0.0,0.0,0,0.0,0.0
2022-07-11,161.42999267578125,-0.005360507452973451,1730.0,-0.006089840132491808,0.0007293326795183575,0.0007293326795183575,0.006596938699420521,0.006159162473120473,1,0,0.0,5,12.174800789602969,0.0,0.0,0.0,0.0,0.0,0.0,,0.0,0.0,0.0,0.006596938699420521,0.0,0.0,0.0,0,0.0,0.0
2022-07-12,160.8300018310547,-0.0037167247224720867,1723.300048828125,-0.0038728041455924345,0.00015607942312034773,0.00015607942312034773,0.006515667575729334,0.0061510483515514105,1,0,0.0,5,11.165006274794505,0.0,0.0,0.0,0.0,0.0,0.0,,0.0,0.0,0.0,0.006515667575729334,0.0,0.0,0.0,0,0.0,0.0
2022-07-13,161.60000610351562,0.004787690503602615,1734.199951171875,0.006325017138577804,-0.001537326634975189,0.001537326634975189,0.006915109087688576,0.006674670884094495,0,0,0.0,5,14.177296932881584,0.0,0.0,0.0,0.0,0.0,0.0,,0.0,0.0,0.0,0.006915109087688576,0.0,0.0,0.0,0,0.0,0.0
2022-07-14,159.3300018310547,-0.014047055610919013,1704.5,-0.017126024684642305,0.003078969073723292,0.003078969073723292,0.007068756657218014,0.007423284310890182,1,0,0.0,5,13.042796202032372,0.0,0.0,0.0,0.0,0.0,0.0,,0.0,0.0,0.0,0.007423284310890182,0.0,0.0,0.0,0,0.0,0.0
2022-07-15,159.00999450683594,-0.0020084561635671516,1702.4000244140625,-0.0012320185309108167,-0.0007764376326563349,0.0007764376326563349,0.00709335325317439,0.007482230433508489,0,0,0.0,5,6.567378957713783,0.0,0.0,0.0,0.0,0.0,0.0,,0.0,0.0,0.0,0.007482230433508489,0.0,0.0,0.0,0,0.0,0.0
2022-07-18,159.16000366210938,0.0009433945063559435,1709.199951171875,0.0039943178220718245,-0.003050923315715881,0.003050923315715881,0.007179473808144997,0.007707056470080703,0,0,0.0,5,45.46824656936757,0.0,0.0,0.0,0.0,0.0,0.0,,0.0,0.0,0.0,0.007707056470080703,0.0,0.0,0.0,0,0.0,0.0
2022-07-19,159.5399932861328,0.0023874693093759447,1710.0,0.00046808381171348223,0.0019193854976624625,0.0019193854976624625,0.00734874835050746,0.007803746948935832,1,0,0.0,5,2.101417599309124,0.0,0.0,0.0,0.0,0.0,0.0,,0.0,0.0,0.0,0.007803746948935832,0.0,0.0,0.0,0,0.0,0.0
2022-07-20,158.0399932861328,-0.009402031234323593,1699.5,-0.0061403508771930015,-0.003261680357130592,0.003261680357130592,0.007431669644621894,0.007792380910108637,0,0,0.0,5,7.023048464886717,0.0,0.0,0.0,0.0,0.0,0.0,,0.0,0.0,0.0,0.007792380910108637,0.0,0.0,0.0,0,0.0,0.0
2022-07-21,160.27000427246094,0.014110421925231709,1712.699951171875,0.007766961560385477,0.006343460364846232,0.006343460364846232,0.00884847590348442,0.008396610034554046,1,0,0.0,5,5.882205495255313,0.0,0.0,0.0,0.0,0.0,0.0,,0.0,0.0,0.0,0.00884847590348442,0.0,0.0,0.0,0,0.0,0.0
2022-07-22,160.6699981689453,0.00249575020790771,1727.0999755859375,0.008407791688327837,-0.005912041480420127,0.005912041480420127,0.008959122891489184,0.008947329814830157,0,0,0.0,5,36.212917596822265,0.0,0.0,0.0,0.0,0.0,0.0,,0.0,0.0,0.0,0.008959122891489184,0.0,0.0,0.0,0,0.0,0.0
2022-07-25,160.22999572753906,-0.0027385476219622396,1719.0,-0.004689928608903826,0.0019513809869415866,0.0019513809869415866,0.008937920195964665,0.008959729058510077,1,0,0.0,5,18.372911788896474,0.0,0.0,0.0,0.0,0.0,0.0,,0.0,0.0,0.0,0.008959729058510077,0.0,0.0,0.0,0,0.0,0.0
2022-07-26,160.0399932861328,-0.0011858106875901608,1717.699951171875,-0.0007562820407940318,-0.000429528646796129,0.000429528646796129,0.0074307669208210515,0.007518857426500102,0,0,0.0,5,6.845216775455039,0.0,0.0,0.0,0.0,0.0,0.0,,0.0,0.0,0.0,0.007518857426500102,0.0,0.0,0.0,0,0.0,0.0
2022-07-27,161.6699981689453,0.010184984698782484,1719.0999755859375,0.0008150576083485461,0.009369927090433938,0.009369927090433938,0.006968509944677052,0.006520411029457798,1,1,1.0,5,0.8509413455434334,-5.0,5.0,808.3499908447266,-8595.499877929688,0.0,0.0,Opened,808.3499908447266,-8595.499877929688,0.0,0.006968509944677052,9403.849868774414,0.0,0.0,0,0.0,9403.849868774414
2022-07-28,163.63999938964844,0.012185323455280006,1750.300048828125,0.01814907433266244,-0.005963750877382434,0.005963750877382434,0.007667056192457955,0.008119705541931765,0,0,-1.0,5,15.930905197071654,5.0,-5.0,-818.1999969482422,8751.500244140625,-9.850006103515625,156.0003662109375,Closed,-818.1999969482422,8751.500244140625,146.15036010742188,0.008119705541931765,9569.700241088867,146.15036010742188,0.01527219833698704,0,146.15036010742188,0.0
2022-07-29,164.10000610351562,0.0028110896821249565,1762.9000244140625,0.007198751776515966,-0.004387662094391009,0.004387662094391009,0.0076878111504114464,0.008300596854690331,0,0,0.0,5,27.510696400400978,0.0,0.0,0.0,0.0,0.0,0.0,,0.0,0.0,0.0,0.008300596854690331,0.0,0.0,0.0,0,0.0,0.0
2022-08-01,165.02999877929688,0.0056672312077465925,1769.0,0.00346019371572992,0.0022070374920166724,0.0022070374920166724,0.007587009460100784,0.00809132939112988,1,0,0.0,5,6.544770444856442,0.0,0.0,0.0,0.0,0.0,0.0,,0.0,0.0,0.0,0.00809132939112988,0.0,0.0,0.0,0,0.0,0.0
2022-08-02,164.0500030517578,-0.005938288400823777,1771.0999755859375,0.0011870975612988666,-0.007125385962122643,0.007125385962122643,0.007716658162745737,0.007954863301446855,0,0,0.0,5,2.1582013566846654,0.0,0.0,0.0,0.0,0.0,0.0,,0.0,0.0,0.0,0.007954863301446855,0.0,0.0,0.0,0,0.0,0.0
2022-08-03,164.4499969482422,0.002438243761313297,1758.0,-0.0073965195452072585,0.009834763306520555,0.009834763306520555,0.007665576772968651,0.00818962951309552,1,1,1.0,5,32.42912931470744,-163.0,5.0,26805.349502563477,-8790.0,0.0,0.0,Opened,26805.349502563477,-8790.0,0.0,0.00818962951309552,35595.34950256348,0.0,0.0,0,0.0,35595.34950256348
2022-08-04,167.1699981689453,0.016539989487255546,1788.5,0.017349260523321863,-0.0008092710360663169,0.0008092710360663169,0.007384921990006563,0.007571554600424274,0,0,-1.0,5,11.222157153530805,163.0,-5.0,-27248.709701538086,8942.5,-443.3601989746094,152.5,Closed,-27248.709701538086,8942.5,-290.8601989746094,0.007571554600424274,36191.209701538086,-290.8601989746094,-0.008036763660935272,1,-290.8601989746094,0.0
2022-08-05,165.2899932861328,-0.011246066300201418,1772.9000244140625,-0.00872237941623566,-0.002523686883965759,0.002523686883965759,0.008194054482552017,0.008114972343955324,0,0,0.0,5,8.319017131301274,0.0,0.0,0.0,0.0,0.0,0.0,,0.0,0.0,0.0,0.008194054482552017,0.0,0.0,0.0,0,0.0,0.0
2022-08-08,166.69000244140625,0.008470017618367853,1786.800048828125,0.007840275380816442,0.0006297422375514117,0.0006297422375514117,0.008313832905666015,0.008217563149656515,1,0,0.0,5,9.922324042154257,0.0,0.0,0.0,0.0,0.0,0.0,,0.0,0.0,0.0,0.008313832905666015,0.0,0.0,0.0,0,0.0,0.0
2022-08-09,167.1999969482422,0.0030595386607856767,1794.0,0.00402952259632916,-0.0009699839355434836,0.0009699839355434836,0.008311421577183474,0.008190719572671062,0,0,0.0,5,14.131355554035954,0.0,0.0,0.0,0.0,0.0,0.0,,0.0,0.0,0.0,0.008311421577183474,0.0,0.0,0.0,0,0.0,0.0
2022-08-10,166.77999877929688,-0.0025119508170524663,1795.5999755859375,0.000891848152696495,-0.0034037989697489612,0.0034037989697489612,0.007737986483650305,0.007808199035242035,0,0,0.0,5,3.822481654485593,0.0,0.0,0.0,0.0,0.0,0.0,,0.0,0.0,0.0,0.007808199035242035,0.0,0.0,0.0,0,0.0,0.0
2022-08-11,166.33999633789062,-0.0026382206776995876,1789.699951171875,-0.0032858233984645047,0.0006476027207649171,0.0006476027207649171,0.007313290031620211,0.00791794603730736,1,0,0.0,5,13.400365271582517,0.0,0.0,0.0,0.0,0.0,0.0,,0.0,0.0,0.0,0.00791794603730736,0.0,0.0,0.0,0,0.0,0.0
2022-08-12,167.8699951171875,0.00919802099904432,1798.5999755859375,0.004972914263217554,0.004225106735826767,0.004225106735826767,0.007514578044782904,0.007798061564909277,1,0,0.0,5,5.792660560752717,0.0,0.0,0.0,0.0,0.0,0.0,,0.0,0.0,0.0,0.007798061564909277,0.0,0.0,0.0,0,0.0,0.0
2022-08-15,165.7100067138672,-0.012867030834262327,1781.4000244140625,-0.009562966421297614,-0.0033040644129647134,0.0033040644129647134,0.008458325135587655,0.008219644361263378,0,0,0.0,5,7.989636265371219,0.0,0.0,0.0,0.0,0.0,0.0,,0.0,0.0,0.0,0.008458325135587655,0.0,0.0,0.0,0,0.0,0.0
2022-08-16,165.4199981689453,-0.001750096754401964,1773.199951171875,-0.004603162192548305,0.0028530654381463405,0.0028530654381463405,0.00847606642320321,0.008383907013517782,1,0,0.0,5,28.194468831712157,0.0,0.0,0.0,0.0,0.0,0.0,,0.0,0.0,0.0,0.00847606642320321,0.0,0.0,0.0,0,0.0,0.0
2022-08-17,164.35000610351562,-0.006468335614034371,1760.300048828125,-0.007274928208307663,0.0008065925942732921,0.0008065925942732921,0.008451717785244603,0.008729348950526334,1,0,0.0,5,12.046285251559299,0.0,0.0,0.0,0.0,0.0,0.0,,0.0,0.0,0.0,0.008729348950526334,0.0,0.0,0.0,0,0.0,0.0
2022-08-18,163.9199981689453,-0.0026164156896926194,1755.300048828125,-0.002840424848779999,0.0002240091590873794,0.0002240091590873794,0.007915851048077578,0.007483070841193691,1,0,0.0,5,11.625080874395492,0.0,0.0,0.0,0.0,0.0,0.0,,0.0,0.0,0.0,0.007915851048077578,0.0,0.0,0.0,0,0.0,0.0
2022-08-19,162.72000122070312,-0.007320625681104476,1747.5999755859375,-0.004386756126012914,-0.0029338695550915617,0.0029338695550915617,0.008102014804128596,0.007306713243867034,0,0,0.0,5,6.4357087440136915,0.0,0.0,0.0,0.0,0.0,0.0,,0.0,0.0,0.0,0.008102014804128596,0.0,0.0,0.0,0,0.0,0.0
2022-08-22,161.63999938964844,-0.006637179344595956,1734.0,-0.007782087305979513,0.0011449079613835567,0.0011449079613835567,0.008052240073001373,0.007440673204166459,1,0,0.0,5,12.578034998495,0.0,0.0,0.0,0.0,0.0,0.0,,0.0,0.0,0.0,0.008052240073001373,0.0,0.0,0.0,0,0.0,0.0
2022-08-23,162.77000427246094,0.0069908740848763085,1746.800048828125,0.007381804399149372,-0.00039093031427306357,0.00039093031427306357,0.008216619713309916,0.007754215056443107,0,0,0.0,5,11.331825385034229,0.0,0.0,0.0,0.0,0.0,0.0,,0.0,0.0,0.0,0.008216619713309916,0.0,0.0,0.0,0,0.0,0.0
2022-08-24,163.25,0.0029489200401788818,1747.800048828125,0.0005724753675562244,0.0023764446726226574,0.0023764446726226574,0.008230668067137572,0.007547005944876611,1,0,0.0,5,2.078415463784546,0.0,0.0,0.0,0.0,0.0,0.0,,0.0,0.0,0.0,0.008230668067137572,0.0,0.0,0.0,0,0.0,0.0
2022-08-25,163.75,0.003062787136294043,1757.699951171875,0.0056642076136728114,-0.0026014204773787686,0.0026014204773787686,0.006865068814348104,0.006041173183891933,0,0,0.0,5,19.851155029694496,0.0,0.0,0.0,0.0,0.0,0.0,,0.0,0.0,0.0,0.006865068814348104,0.0,0.0,0.0,0,0.0,0.0
2022-08-26,161.75999450683594,-0.012152705301765265,1736.0999755859375,-0.012288772933933712,0.0001360676321684462,0.0001360676321684462,0.006961684591462483,0.006419239709957549,1,0,0.0,5,10.852734048066209,0.0,0.0,0.0,0.0,0.0,0.0,,0.0,0.0,0.0,0.006961684591462483,0.0,0.0,0.0,0,0.0,0.0
2022-08-29,161.86000061035156,0.0006182375550920494,1736.5999755859375,0.00028800184726174294,0.0003302357078303064,0.0003302357078303064,0.006441014977562226,0.005921435377932348,1,0,0.0,5,4.998044785205241,0.0,0.0,0.0,0.0,0.0,0.0,,0.0,0.0,0.0,0.006441014977562226,0.0,0.0,0.0,0,0.0,0.0
2022-08-30,160.50999450683594,-0.008340578885610683,1723.199951171875,-0.007716241277465952,-0.0006243376081447316,0.0006243376081447316,0.006481541499855901,0.005860225884176212,0,0,0.0,5,9.932148368565196,0.0,0.0,0.0,0.0,0.0,0.0,,0.0,0.0,0.0,0.006481541499855901,0.0,0.0,0.0,0,0.0,0.0
2022-08-31,159.27000427246094,-0.007725314789180926,1712.800048828125,-0.006035226693615781,-0.0016900880955651454,0.0016900880955651454,0.006609315495322476,0.005832816432135112,0,0,0.0,5,8.401369340814558,0.0,0.0,0.0,0.0,0.0,0.0,,0.0,0.0,0.0,0.006609315495322476,0.0,0.0,0.0,0,0.0,0.0
2022-09-01,157.8699951171875,-0.008790162100319021,1696.5999755859375,-0.009458239596192963,0.0006680774958739422,0.0006680774958739422,0.006771064772833634,0.006058232392532705,1,0,0.0,5,11.563606065067734,0.0,0.0,0.0,0.0,0.0,0.0,,0.0,0.0,0.0,0.006771064772833634,0.0,0.0,0.0,0,0.0,0.0
2022-09-02,159.25999450683594,0.008804709144487166,1709.800048828125,0.0077803096971216235,0.0010243994473655427,0.0010243994473655427,0.0067191218539421425,0.006375025679700427,1,0,0.0,5,9.486816477839682,0.0,0.0,0.0,0.0,0.0,0.0,,0.0,0.0,0.0,0.0067191218539421425,0.0,0.0,0.0,0,0.0,0.0
2022-09-06,158.3300018310547,-0.0058394619355668365,1700.4000244140625,-0.0054977331533621054,-0.000341728782204731,0.000341728782204731,0.0062464324499353525,0.0061753536991845095,0,0,0.0,5,10.111107093506607,0.0,0.0,0.0,0.0,0.0,0.0,,0.0,0.0,0.0,0.0062464324499353525,0.0,0.0,0.0,0,0.0,0.0
2022-09-07,159.94000244140625,0.010168638866495439,1715.300048828125,0.008762658315767169,0.0014059805507282697,0.0014059805507282697,0.007116246275788601,0.006865561115010058,1,0,0.0,5,9.241789135847306,0.0,0.0,0.0,0.0,0.0,0.0,,0.0,0.0,0.0,0.007116246275788601,0.0,0.0,0.0,0,0.0,0.0
2022-09-08,158.97999572753906,-0.006002292729855863,1708.0,-0.004255843654357938,-0.0017464490754979245,0.0017464490754979245,0.007097364437319748,0.006749068198365738,0,0,0.0,5,7.617524828029116,0.0,0.0,0.0,0.0,0.0,0.0,,0.0,0.0,0.0,0.007097364437319748,0.0,0.0,0.0,0,0.0,0.0
2022-09-09,159.82000732421875,0.005283756568463582,1716.199951171875,0.004800908180254693,0.00048284838820888965,0.00048284838820888965,0.007351919278440051,0.00696501768134091,1,0,0.0,5,9.757023214038215,0.0,0.0,0.0,0.0,0.0,0.0,,0.0,0.0,0.0,0.007351919278440051,0.0,0.0,0.0,0,0.0,0.0
2022-09-12,160.6300048828125,0.005068186218703863,1728.0999755859375,0.006933938208037338,-0.001865751989333475,0.001865751989333475,0.007366690864272319,0.007235415743709423,0,0,0.0,5,14.71870479466354,0.0,0.0,0.0,0.0,0.0,0.0,,0.0,0.0,0.0,0.007366690864272319,0.0,0.0,0.0,0,0.0,0.0
2022-09-13,158.5399932861328,-0.01301133993119441,1705.0,-0.013367268047154046,0.00035592811595963614,0.00035592811595963614,0.007890451244062227,0.007750027434683639,1,0,0.0,5,11.048572794148948,0.0,0.0,0.0,0.0,0.0,0.0,,0.0,0.0,0.0,0.007890451244062227,0.0,0.0,0.0,0,0.0,0.0
2022-09-14,157.92999267578125,-0.003847613448870524,1696.5,-0.004985337243401777,0.0011377237945312535,0.0011377237945312535,0.007570589880562819,0.007435179535762562,1,0,0.0,5,13.918497540851636,0.0,0.0,0.0,0.0,0.0,0.0,,0.0,0.0,0.0,0.007570589880562819,0.0,0.0,0.0,0,0.0,0.0
2022-09-15,154.97999572753906,-0.018679143196684067,1665.4000244140625,-0.01833184532032861,-0.00034729787635545684,0.00034729787635545684,0.008559120016496356,0.008507359911321228,0,0,0.0,5,10.546106548633682,0.0,0.0,0.0,0.0,0.0,0.0,,0.0,0.0,0.0,0.008559120016496356,0.0,0.0,0.0,0,0.0,0.0
2022-09-16,155.83999633789062,0.005549107201315628,1671.699951171875,0.0037828309507974556,0.0017662762505181728,0.0017662762505181728,0.008716376271678218,0.00838057202864541,1,0,0.0,5,7.312623592993599,0.0,0.0,0.0,0.0,0.0,0.0,,0.0,0.0,0.0,0.008716376271678218,0.0,0.0,0.0,0,0.0,0.0
2022-09-19,155.9600067138672,0.0007700871329356929,1666.199951171875,-0.003290064102798196,0.004060151235733889,0.004060151235733889,0.008407795019399365,0.008005287771561077,1,0,0.0,5,45.64343963664551,0.0,0.0,0.0,0.0,0.0,0.0,,0.0,0.0,0.0,0.008407795019399365,0.0,0.0,0.0,0,0.0,0.0
2022-09-20,155.07000732421875,-0.005706587274526553,1659.699951171875,-0.0039010924201674513,-0.001805494854359102,0.001805494854359102,0.00840430893173663,0.007966356149001734,0,0,0.0,5,7.316637682622488,0.0,0.0,0.0,0.0,0.0,0.0,,0.0,0.0,0.0,0.00840430893173663,0.0,0.0,0.0,0,0.0,0.0
2022-09-21,155.7899932861328,0.004642973675810236,1664.5999755859375,0.002952355581262056,0.0016906180945481797,0.0016906180945481797,0.008463498446279248,0.007990010988582335,1,0,0.0,5,6.794269455035655,0.0,0.0,0.0,0.0,0.0,0.0,,0.0,0.0,0.0,0.008463498446279248,0.0,0.0,0.0,0,0.0,0.0
2022-09-22,155.6999969482422,-0.0005776772692025478,1670.800048828125,0.0037246625814739698,-0.004302339850676518,0.004302339850676518,0.008315286291685445,0.008058935439890957,0,0,0.0,5,69.18907622983296,0.0,0.0,0.0,0.0,0.0,0.0,,0.0,0.0,0.0,0.008315286291685445,0.0,0.0,0.0,0,0.0,0.0
2022-09-23,153.00999450683594,-0.01727683040546535,1645.300048828125,-0.01526214942229942,-0.0020146809831659285,0.0020146809831659285,0.009100051661180709,0.008584188989582239,0,0,0.0,5,9.498979317719025,0.0,0.0,0.0,0.0,0.0,0.0,,0.0,0.0,0.0,0.009100051661180709,0.0,0.0,0.0,0,0.0,0.0
2022-09-26,151.22999572753906,-0.011633219026207842,1623.300048828125,-0.013371421228407288,0.0017382022021994459,0.0017382022021994459,0.008887319543928286,0.00859830218147972,1,0,0.0,5,12.337822762245748,0.0,0.0,0.0,0.0,0.0,0.0,,0.0,0.0,0.0,0.008887319543928286,0.0,0.0,0.0,0,0.0,0.0
2022-09-27,151.5399932861328,0.002049841746687875,1626.699951171875,0.002094438638256868,-4.459689156899316e-05,4.459689156899316e-05,0.008966122091998282,0.008690249022715863,0,0,0.0,5,10.96800140645728,0.0,0.0,0.0,0.0,0.0,0.0,,0.0,0.0,0.0,0.008966122091998282,0.0,0.0,0.0,0,0.0,0.0
2022-09-28,154.69000244140625,0.02078665233491006,1660.4000244140625,0.020716834237260562,6.981809764949887e-05,6.981809764949887e-05,0.010377892485438205,0.010246380181665508,1,0,0.0,5,10.697673123655754,0.0,0.0,0.0,0.0,0.0,0.0,,0.0,0.0,0.0,0.010377892485438205,0.0,0.0,0.0,0,0.0,0.0
2022-09-29,154.66000366210938,-0.00019392836526865853,1658.5,-0.0011443172645898558,0.0009503888993211973,0.0009503888993211973,0.010333042676550837,0.010231478027694108,1,0,0.0,5,63.2765181179459,0.0,0.0,0.0,0.0,0.0,0.0,,0.0,0.0,0.0,0.010333042676550837,0.0,0.0,0.0,0,0.0,0.0
2022-09-30,154.6699981689453,6.462244018679009e-05,1662.4000244140625,0.0023515371806226426,-0.0022869147404358525,0.0022869147404358525,0.010164511473446504,0.010135824914985955,0,0,0.0,5,391.1091287659771,0.0,0.0,0.0,0.0,0.0,0.0,,0.0,0.0,0.0,0.010164511473446504,0.0,0.0,0.0,0,0.0,0.0
2022-10-03,158.42999267578125,0.024309785681440932,1692.9000244140625,0.018346967969246952,0.00596281771219398,0.00596281771219398,0.012157076106224232,0.011229611623755003,1,0,0.0,5,8.064493232868921,0.0,0.0,0.0,0.0,0.0,0.0,,0.0,0.0,0.0,0.012157076106224232,0.0,0.0,0.0,0,0.0,0.0
2022-10-04,160.6999969482422,0.014328122056449066,1721.0999755859375,0.016657777048373124,-0.0023296549919240572,0.0023296549919240572,0.012252645085869245,0.011597281525434862,0,0,0.0,5,12.451394768644613,0.0,0.0,0.0,0.0,0.0,0.0,,0.0,0.0,0.0,0.012252645085869245,0.0,0.0,0.0,0,0.0,0.0
2022-10-05,159.80999755859375,-0.005538266375543777,1711.4000244140625,-0.0056359022192029595,9.763584365918287e-05,9.763584365918287e-05,0.012307802691089378,0.01162121135812255,1,0,0.0,5,10.897758973175145,0.0,0.0,0.0,0.0,0.0,0.0,,0.0,0.0,0.0,0.012307802691089378,0.0,0.0,0.0,0,0.0,0.0
2022-10-06,159.6300048828125,-0.00112629171222689,1711.699951171875,0.00017525228090087275,-0.0013015439931277628,0.0013015439931277628,0.01109177816901654,0.010378422156079937,0,0,0.0,5,1.6684988127585092,0.0,0.0,0.0,0.0,0.0,0.0,,0.0,0.0,0.0,0.01109177816901654,0.0,0.0,0.0,0,0.0,0.0
2022-10-07,157.8800048828125,-0.010962851258976669,1700.5,-0.006543174324569634,-0.004419676934407035,0.004419676934407035,0.011528337170992903,0.010583614598502196,0,0,0.0,5,6.42857143758117,0.0,0.0,0.0,0.0,0.0,0.0,,0.0,0.0,0.0,0.011528337170992903,0.0,0.0,0.0,0,0.0,0.0
2022-10-10,155.47999572753906,-0.015201476317757034,1667.300048828125,-0.019523640794986807,0.004322164477229773,0.004322164477229773,0.0122585242074916,0.011831081614434887,1,0,0.0,5,13.772547672326223,0.0,0.0,0.0,0.0,0.0,0.0,,0.0,0.0,0.0,0.0122585242074916,0.0,0.0,0.0,0,0.0,0.0
2022-10-11,155.16000366210938,-0.002058091550185215,1678.699951171875,0.006837343015591246,-0.008895434565776461,0.008895434565776461,0.0121760098143577,0.011895799290790826,0,0,0.0,5,35.94313674355134,0.0,0.0,0.0,0.0,0.0,0.0,,0.0,0.0,0.0,0.0121760098143577,0.0,0.0,0.0,0,0.0,0.0
2022-10-12,155.99000549316406,0.00534932850905423,1670.300048828125,-0.005003814015653085,0.010353142524707315,0.010353142524707315,0.012196152527511194,0.01197130980375932,1,0,0.0,5,10.016122106798747,0.0,0.0,0.0,0.0,0.0,0.0,,0.0,0.0,0.0,0.012196152527511194,0.0,0.0,0.0,0,0.0,0.0
2022-10-13,154.91000366210938,-0.006923532232980256,1670.0,-0.00017963768146656012,-0.006743894551513696,0.006743894551513696,0.012332667385605874,0.01193379258976095,0,0,0.0,5,0.27970918615165796,0.0,0.0,0.0,0.0,0.0,0.0,,0.0,0.0,0.0,0.012332667385605874,0.0,0.0,0.0,0,0.0,0.0
2022-10-14,152.97999572753906,-0.012458897998479546,1641.699951171875,-0.016946137022829322,0.004487239024349776,0.004487239024349776,0.011913676752301873,0.012094806613064064,1,0,0.0,5,14.596550167245661,0.0,0.0,0.0,0.0,0.0,0.0,,0.0,0.0,0.0,0.012094806613064064,0.0,0.0,0.0,0,0.0,0.0
2022-10-17,153.4199981689453,0.0028762090057179446,1657.0,0.00931963774330602,-0.006443428737588075,0.006443428737588075,0.0114781587658258,0.011726799050886354,0,0,0.0,5,34.99605778552826,0.0,0.0,0.0,0.0,0.0,0.0,,0.0,0.0,0.0,0.011726799050886354,0.0,0.0,0.0,0,0.0,0.0
2022-10-18,153.75,0.0021509701146735782,1649.0,-0.004828002414001165,0.006978972528674743,0.006978972528674743,0.01147883649591419,0.011834704988817224,1,0,0.0,5,24.07346658989925,0.0,0.0,0.0,0.0,0.0,0.0,,0.0,0.0,0.0,0.011834704988817224,0.0,0.0,0.0,0,0.0,0.0
2022-10-19,151.69000244140625,-0.013398358104674823,1627.5,-0.013038204972710687,-0.000360153131964136,0.000360153131964136,0.01063826985363987,0.010991567700939021,0,0,0.0,5,10.440715504218907,0.0,0.0,0.0,0.0,0.0,0.0,,0.0,0.0,0.0,0.010991567700939021,0.0,0.0,0.0,0,0.0,0.0
2022-10-20,151.4499969482422,-0.0015822103586343728,1630.800048828125,0.0020276797715053085,-0.0036098901301396813,0.0036098901301396813,0.010634443836234082,0.011024764624963651,0,0,0.0,5,13.799602986592346,0.0,0.0,0.0,0.0,0.0,0.0,,0.0,0.0,0.0,0.011024764624963651,0.0,0.0,0.0,0,0.0,0.0
2022-10-21,154.14999389648438,0.017827646105301076,1651.0,0.012386528432097199,0.005441117673203877,0.005441117673203877,0.011734680719616631,0.011539384020818893,1,0,0.0,5,7.441477293291381,0.0,0.0,0.0,0.0,0.0,0.0,,0.0,0.0,0.0,0.011734680719616631,0.0,0.0,0.0,0,0.0,0.0
2022-10-24,153.64999389648438,-0.003243594030472474,1648.699951171875,-0.001393124668761403,-0.0018504693617110712,0.0018504693617110712,0.009591419993784076,0.010309154774707383,0,0,0.0,5,4.608637696447279,0.0,0.0,0.0,0.0,0.0,0.0,,0.0,0.0,0.0,0.010309154774707383,0.0,0.0,0.0,0,0.0,0.0
2022-10-25,154.0,0.002277944142005106,1652.800048828125,0.0024868670938793525,-0.00020892295187424637,0.00020892295187424637,0.00857741926286396,0.0090816987125682,0,0,0.0,5,11.716802286305834,0.0,0.0,0.0,0.0,0.0,0.0,,0.0,0.0,0.0,0.0090816987125682,0.0,0.0,0.0,0,0.0,0.0
2022-10-26,154.97999572753906,0.006363608620383543,1664.0,0.006776349734389342,-0.00041274111400579905,0.00041274111400579905,0.008852190529835399,0.00935235007629924,0,0,0.0,5,11.433258642280908,0.0,0.0,0.0,0.0,0.0,0.0,,0.0,0.0,0.0,0.00935235007629924,0.0,0.0,0.0,0,0.0,0.0
2022-10-27,154.74000549316406,-0.001548523944967184,1660.699951171875,-0.0019832024207482313,0.00043467847578104735,0.00043467847578104735,0.008849859924374797,0.009335888109992986,1,0,0.0,5,13.74477653967805,0.0,0.0,0.0,0.0,0.0,0.0,,0.0,0.0,0.0,0.009335888109992986,0.0,0.0,0.0,0,0.0,0.0
2022-10-28,153.16000366210938,-0.010210687443231947,1639.5999755859375,-0.012705471311086791,0.002494783867854844,0.002494783867854844,0.008797640084576164,0.009680552361781414,1,0,0.0,5,13.320739419070366,0.0,0.0,0.0,0.0,0.0,0.0,,0.0,0.0,0.0,0.009680552361781414,0.0,0.0,0.0,0,0.0,0.0
2022-10-31,151.91000366210938,-0.008161399648159207,1635.9000244140625,-0.0022566182160088655,-0.005904781432150341,0.005904781432150341,0.00821040916812447,0.008444657263086745,0,0,0.0,5,2.9775826779498766,0.0,0.0,0.0,0.0,0.0,0.0,,0.0,0.0,0.0,0.008444657263086745,0.0,0.0,0.0,0,0.0,0.0
2022-11-01,153.4600067138672,0.010203429757038585,1645.0,0.005562672198869079,0.004640757558169506,0.004640757558169506,0.008745525250125402,0.008363666729651971,1,0,0.0,5,5.843970011381258,0.0,0.0,0.0,0.0,0.0,0.0,,0.0,0.0,0.0,0.008745525250125402,0.0,0.0,0.0,0,0.0,0.0
2022-11-02,152.38999938964844,-0.006972548399621914,1645.699951171875,0.0004255022321428825,-0.0073980506317647965,0.0073980506317647965,0.008715518089057392,0.008310086590011152,0,0,0.0,5,0.6590289518659406,0.0,0.0,0.0,0.0,0.0,0.0,,0.0,0.0,0.0,0.008715518089057392,0.0,0.0,0.0,0,0.0,0.0
2022-11-03,151.80999755859375,-0.003806036048150885,1627.300048828125,-0.011180593601310962,0.007374557553160077,0.007374557553160077,0.008614039355009056,0.008712345444941028,1,0,0.0,5,31.489026083326493,0.0,0.0,0.0,0.0,0.0,0.0,,0.0,0.0,0.0,0.008712345444941028,0.0,0.0,0.0,0,0.0,0.0
2022-11-04,156.47000122070312,0.030696289684813083,1672.5,0.027776039953065323,0.0029202497317477594,0.0029202497317477594,0.011385946167928204,0.010572220737689722,1,0,0.0,5,9.672071179765537,0.0,0.0,0.0,0.0,0.0,0.0,,0.0,0.0,0.0,0.011385946167928204,0.0,0.0,0.0,0,0.0,0.0
2022-11-07,155.85000610351562,-0.003962389674382338,1676.5,0.0023916292974588416,-0.00635401897184118,0.00635401897184118,0.01146631627911156,0.010345353254448629,0,0,0.0,5,6.492820787328669,0.0,0.0,0.0,0.0,0.0,0.0,,0.0,0.0,0.0,0.01146631627911156,0.0,0.0,0.0,0,0.0,0.0
2022-11-08,159.4499969482422,0.023099074133724695,1712.0999755859375,0.02123470061791677,0.0018643735158079267,0.0018643735158079267,0.012800376428497249,0.011456220907005968,1,0,0.0,5,9.87088689291099,0.0,0.0,0.0,0.0,0.0,0.0,,0.0,0.0,0.0,0.012800376428497249,0.0,0.0,0.0,0,0.0,0.0
2022-11-09,158.64999389648438,-0.0050172660211307285,1710.0999755859375,-0.001168156082307914,-0.0038491099388228145,0.0038491099388228145,0.01222664437721228,0.010685292369595674,0,0,0.0,5,2.5096617247237223,0.0,0.0,0.0,0.0,0.0,0.0,,0.0,0.0,0.0,0.01222664437721228,0.0,0.0,0.0,0,0.0,0.0
2022-11-10,163.47999572753906,0.030444387121793204,1750.300048828125,0.023507440393017776,0.006936946728775428,0.006936946728775428,0.014021859314354068,0.011868015854790095,1,0,0.0,5,8.26696302328114,0.0,0.0,0.0,0.0,0.0,0.0,,0.0,0.0,0.0,0.014021859314354068,0.0,0.0,0.0,0,0.0,0.0
2022-11-11,164.55999755859375,0.006606324071935177,1766.0,0.008969862728614109,-0.002363538656678932,0.002363538656678932,0.013592766574853565,0.011743958279081828,0,0,0.0,5,14.571100368502071,0.0,0.0,0.0,0.0,0.0,0.0,,0.0,0.0,0.0,0.013592766574853565,0.0,0.0,0.0,0,0.0,0.0
2022-11-14,164.9199981689453,0.002187655661719301,1773.5999755859375,0.004303496934279449,-0.0021158412725601483,0.0021158412725601483,0.013444683000338417,0.011629141687728533,0,0,0.0,5,21.155577539309263,0.0,0.0,0.0,0.0,0.0,0.0,,0.0,0.0,0.0,0.013444683000338417,0.0,0.0,0.0,0,0.0,0.0
2022-11-15,165.5,0.0035168677995043307,1773.800048828125,0.0001128062950730424,0.0034040615044312883,0.0034040615044312883,0.01343179418992877,0.011680992280872183,1,0,0.0,5,0.34378265153526255,0.0,0.0,0.0,0.0,0.0,0.0,,0.0,0.0,0.0,0.01343179418992877,0.0,0.0,0.0,0,0.0,0.0
2022-11-16,165.1199951171875,-0.0022961020109516506,1773.0,-0.0004510366479320016,-0.001845065363019649,0.001845065363019649,0.013549789175681493,0.01174186090028119,0,0,0.0,5,2.1092580751805605,0.0,0.0,0.0,0.0,0.0,0.0,,0.0,0.0,0.0,0.013549789175681493,0.0,0.0,0.0,0,0.0,0.0
2022-11-17,163.9199981689453,-0.007267423593311895,1760.800048828125,-0.006880965127961103,-0.00038645846535079187,0.00038645846535079187,0.013804728700362522,0.011994522030847513,0,0,0.0,5,10.170609583015061,0.0,0.0,0.0,0.0,0.0,0.0,,0.0,0.0,0.0,0.013804728700362522,0.0,0.0,0.0,0,0.0,0.0
2022-11-18,162.7899932861328,-0.006893636502166456,1751.9000244140625,-0.005054534397580079,-0.0018391021045863765,0.0018391021045863765,0.013586751160031238,0.01138148589706441,0,0,0.0,5,7.890679254551875,0.0,0.0,0.0,0.0,0.0,0.0,,0.0,0.0,0.0,0.013586751160031238,0.0,0.0,0.0,0,0.0,0.0
2022-11-21,161.8800048828125,-0.005589952950737276,1737.4000244140625,-0.00827672800840884,0.0026867750576715643,0.0026867750576715643,0.013435584356649042,0.011736831865822753,1,0,0.0,5,15.891216536372205,0.0,0.0,0.0,0.0,0.0,0.0,,0.0,0.0,0.0,0.013435584356649042,0.0,0.0,0.0,0,0.0,0.0
2022-11-22,162.07000732421875,0.00117372396636517,1738.300048828125,0.0005180294701365717,0.0006556944962285982,0.0006556944962285982,0.01335567449213204,0.011763704433195759,1,0,0.0,5,4.733807409006793,0.0,0.0,0.0,0.0,0.0,0.0,,0.0,0.0,0.0,0.01335567449213204,0.0,0.0,0.0,0,0.0,0.0
2022-11-23,163.0800018310547,0.006231840940288613,1744.9000244140625,0.0037967988267542108,0.0024350421135344025,0.0024350421135344025,0.013031232128727813,0.01172783227986067,1,0,0.0,5,6.518851197584176,0.0,0.0,0.0,0.0,0.0,0.0,,0.0,0.0,0.0,0.013031232128727813,0.0,0.0,0.0,0,0.0,0.0
2022-11-25,163.22000122070312,0.000858470616118101,1753.300048828125,0.004814043381587529,-0.003955572765469428,0.003955572765469428,0.012870765665278314,0.010953151350923963,0,0,0.0,5,60.23756848642686,0.0,0.0,0.0,0.0,0.0,0.0,,0.0,0.0,0.0,0.012870765665278314,0.0,0.0,0.0,0,0.0,0.0
2022-11-28,161.92999267578125,-0.007903495498554403,1740.0999755859375,-0.007528701804925042,-0.00037479369362936055,0.00037479369362936055,0.011083531624058037,0.0094018241824534,0,0,0.0,5,10.236412782588841,0.0,0.0,0.0,0.0,0.0,0.0,,0.0,0.0,0.0,0.011083531624058037,0.0,0.0,0.0,0,0.0,0.0
2022-11-29,162.72999572753906,0.004940425418036076,1748.4000244140625,0.00476986894119702,0.00017055647683905661,0.00017055647683905661,0.010959271881049835,0.009416548410400192,1,0,0.0,5,10.373260629721988,0.0,0.0,0.0,0.0,0.0,0.0,,0.0,0.0,0.0,0.010959271881049835,0.0,0.0,0.0,0,0.0,0.0
2022-11-30,164.80999755859375,0.012781920270785507,1746.0,-0.0013726975409227293,0.014154617811708237,0.014154617811708237,0.009873649329491535,0.007959316000518309,1,1,1.0,5,1.1377305973383918,-6.0,5.0,988.8599853515625,-8730.0,0.0,0.0,Opened,988.8599853515625,-8730.0,0.0,0.009873649329491535,9718.859985351562,0.0,0.0,0,0.0,9718.859985351562
2022-12-01,167.83999633789062,0.01838479961277617,1801.0999755859375,0.03155783252344646,-0.01317303291067029,0.01317303291067029,0.010473706534811722,0.011092190811011468,0,0,-1.0,5,18.42004239530657,6.0,-5.0,-1007.0399780273438,9005.499877929688,-18.17999267578125,275.4998779296875,Closed,-1007.0399780273438,9005.499877929688,257.31988525390625,0.011092190811011468,10012.539855957031,257.31988525390625,0.025699761394788554,0,257.31988525390625,0.0
2022-12-02,167.25999450683594,-0.0034556830535615868,1795.9000244140625,-0.002887097463972421,-0.0005685855895891656,0.0005685855895891656,0.007571946788109509,0.009701145491212362,0,0,0.0,5,8.97052002797761,0.0,0.0,0.0,0.0,0.0,0.0,,0.0,0.0,0.0,0.009701145491212362,0.0,0.0,0.0,0,0.0,0.0
2022-12-05,164.38999938964844,-0.017158885635801036,1767.4000244140625,-0.015869480267588165,-0.0012894053682128703,0.0012894053682128703,0.008821914605424037,0.010471815383548121,0,0,0.0,5,9.943358246938258,0.0,0.0,0.0,0.0,0.0,0.0,,0.0,0.0,0.0,0.010471815383548121,0.0,0.0,0.0,0,0.0,0.0
2022-12-06,164.83999633789062,0.0027373742314797944,1769.300048828125,0.001075039259825994,0.0016623349716538005,0.0016623349716538005,0.008832931858731812,0.010412333083443212,1,0,0.0,5,4.2153053854538,0.0,0.0,0.0,0.0,0.0,0.0,,0.0,0.0,0.0,0.010412333083443212,0.0,0.0,0.0,0,0.0,0.0
2022-12-07,166.3300018310547,0.009039101712364994,1785.5,0.009156135604362126,-0.00011703389199713143,0.00011703389199713143,0.00910082112467921,0.010684519413826433,0,0,0.0,5,10.873671409561062,0.0,0.0,0.0,0.0,0.0,0.0,,0.0,0.0,0.0,0.010684519413826433,0.0,0.0,0.0,0,0.0,0.0
2022-12-08,166.47000122070312,0.0008416965556858891,1788.699951171875,0.0017921877187763169,-0.0009504911630904278,0.0009504911630904278,0.009071122377669381,0.010686089445301285,0,0,0.0,5,22.87860073777037,0.0,0.0,0.0,0.0,0.0,0.0,,0.0,0.0,0.0,0.010686089445301285,0.0,0.0,0.0,0,0.0,0.0
2022-12-09,167.05999755859375,0.003544160110315664,1798.0999755859375,0.005255227075901647,-0.0017110669655859834,0.0017110669655859834,0.00882923684783205,0.01053428287882929,0,0,0.0,5,15.959508690805848,0.0,0.0,0.0,0.0,0.0,0.0,,0.0,0.0,0.0,0.01053428287882929,0.0,0.0,0.0,0,0.0,0.0
2022-12-12,165.67999267578125,-0.008260534556326027,1780.5,-0.009788096226519438,0.0015275616701934114,0.0015275616701934114,0.008926386703572134,0.010810329428909285,1,0,0.0,5,12.73391625059518,0.0,0.0,0.0,0.0,0.0,0.0,,0.0,0.0,0.0,0.010810329428909285,0.0,0.0,0.0,0,0.0,0.0
2022-12-13,168.50999450683594,0.017081132038632596,1813.9000244140625,0.018758789336738246,-0.0016776572981056503,0.0016776572981056503,0.009587448466533676,0.011368565845883055,0,0,0.0,5,11.821588521659312,0.0,0.0,0.0,0.0,0.0,0.0,,0.0,0.0,0.0,0.011368565845883055,0.0,0.0,0.0,0,0.0,0.0
2022-12-14,168.10000610351562,-0.0024330212847030186,1807.5,-0.0035283225800329943,0.0010953012953299757,0.0010953012953299757,0.00967390121579624,0.011477535997921754,1,0,0.0,5,15.593117537692386,0.0,0.0,0.0,0.0,0.0,0.0,,0.0,0.0,0.0,0.011477535997921754,0.0,0.0,0.0,0,0.0,0.0
2022-12-15,165.35000610351562,-0.01635930934057528,1777.199951171875,-0.016763512491355437,0.000404203150780158,0.000404203150780158,0.010747387151105939,0.01251385159668209,1,0,0.0,5,11.013671913483167,0.0,0.0,0.0,0.0,0.0,0.0,,0.0,0.0,0.0,0.01251385159668209,0.0,0.0,0.0,0,0.0,0.0
2022-12-16,166.7899932861328,0.008708721678036602,1790.0,0.00720236843338018,0.001506353244656422,0.001506353244656422,0.010930832229289358,0.012576845628967503,1,0,0.0,5,8.87572754391045,0.0,0.0,0.0,0.0,0.0,0.0,,0.0,0.0,0.0,0.012576845628967503,0.0,0.0,0.0,0,0.0,0.0
2022-12-19,166.32000732421875,-0.0028178306902848504,1787.699951171875,-0.0012849434793994474,-0.001532887210885403,0.001532887210885403,0.010694674368762326,0.012359716501440582,0,0,0.0,5,4.901390026883984,0.0,0.0,0.0,0.0,0.0,0.0,,0.0,0.0,0.0,0.012359716501440582,0.0,0.0,0.0,0,0.0,0.0
2022-12-20,169.0800018310547,0.016594482836064905,1815.9000244140625,0.015774500202733632,0.0008199826333312732,0.0008199826333312732,0.01133998233235288,0.012860500232764955,1,0,0.0,5,10.20919681616004,0.0,0.0,0.0,0.0,0.0,0.0,,0.0,0.0,0.0,0.012860500232764955,0.0,0.0,0.0,0,0.0,0.0
2022-12-21,168.8000030517578,-0.0016560135809358112,1815.9000244140625,0.0,-0.0016560135809358112,0.0016560135809358112,0.011023731430989265,0.012835031076820167,0,0,0.0,5,0.0,0.0,0.0,0.0,0.0,0.0,0.0,,0.0,0.0,0.0,0.012835031076820167,0.0,0.0,0.0,0,0.0,0.0
2022-12-22,166.75999450683594,-0.012085358459954287,1787.0,-0.015914986522117425,0.0038296280621631373,0.0038296280621631373,0.010515945825090744,0.010920225210757188,1,0,0.0,5,14.111702725585765,0.0,0.0,0.0,0.0,0.0,0.0,,0.0,0.0,0.0,0.010920225210757188,0.0,0.0,0.0,0,0.0,0.0
2022-12-23,167.25999450683594,0.002998321039039853,1795.9000244140625,0.004980427763884965,-0.001982106724845112,0.001982106724845112,0.010513089378276537,0.010984494143630728,0,0,0.0,5,17.83522495528693,0.0,0.0,0.0,0.0,0.0,0.0,,0.0,0.0,0.0,0.010984494143630728,0.0,0.0,0.0,0,0.0,0.0
2022-12-27,168.6699981689453,0.008430011409881644,1814.800048828125,0.010523984719154278,-0.0020939733092726343,0.0020939733092726343,0.009553214627010571,0.010346585270299169,0,0,0.0,5,13.432071299730064,0.0,0.0,0.0,0.0,0.0,0.0,,0.0,0.0,0.0,0.010346585270299169,0.0,0.0,0.0,0,0.0,0.0
2022-12-28,167.91000366210938,-0.004505807286929064,1807.9000244140625,-0.003802085204107186,-0.0007037220828218782,0.0007037220828218782,0.009682334580040051,0.01044766855676219,0,0,0.0,5,9.085463157143055,0.0,0.0,0.0,0.0,0.0,0.0,,0.0,0.0,0.0,0.01044766855676219,0.0,0.0,0.0,0,0.0,0.0
2022-12-29,168.85000610351562,0.005598251568726287,1819.5,0.006416270495763099,-0.0008180189270368121,0.0008180189270368121,0.009524719588531133,0.010327339614318283,0,0,0.0,5,12.350405964987715,0.0,0.0,0.0,0.0,0.0,0.0,,0.0,0.0,0.0,0.010327339614318283,0.0,0.0,0.0,0,0.0,0.0
2022-12-30,169.63999938964844,0.0046786689817972515,1819.699951171875,0.00010989347176426634,0.004568775510032985,0.004568775510032985,0.009570276517053132,0.010330841350746573,1,0,0.0,5,0.2519539058895651,0.0,0.0,0.0,0.0,0.0,0.0,,0.0,0.0,0.0,0.010330841350746573,0.0,0.0,0.0,0,0.0,0.0
2023-01-03,171.05999755859375,0.008370656531798915,1839.699951171875,0.010990822957993807,-0.002620166426194892,0.002620166426194892,0.009730869163638132,0.010594595752041362,0,0,0.0,5,14.121122659238003,0.0,0.0,0.0,0.0,0.0,0.0,,0.0,0.0,0.0,0.010594595752041362,0.0,0.0,0.0,0,0.0,0.0
2023-01-04,172.6699981689453,0.0094119059589024,1852.800048828125,0.00712077947705847,0.0022911264818439303,0.0022911264818439303,0.009516246975678606,0.010190676742536037,1,0,0.0,5,8.118235140008734,0.0,0.0,0.0,0.0,0.0,0.0,,0.0,0.0,0.0,0.010190676742536037,0.0,0.0,0.0,0,0.0,0.0
2023-01-05,170.52000427246094,-0.012451461859522062,1834.800048828125,-0.00971502565070892,-0.002736436208813142,0.002736436208813142,0.009405147260789117,0.009622944881375068,0,0,0.0,5,8.39531541065841,0.0,0.0,0.0,0.0,0.0,0.0,,0.0,0.0,0.0,0.009622944881375068,0.0,0.0,0.0,0,0.0,0.0
2023-01-06,173.7100067138672,0.01870749684189077,1864.199951171875,0.016023491149636415,0.0026840056922543543,0.0026840056922543543,0.0104110762983251,0.010294461614822512,1,0,0.0,5,9.19198103059948,0.0,0.0,0.0,0.0,0.0,0.0,,0.0,0.0,0.0,0.0104110762983251,0.0,0.0,0.0,0,0.0,0.0
2023-01-09,174.10000610351562,0.0022451175785793698,1872.699951171875,0.004559596729233117,-0.0023144791506537477,0.0023144791506537477,0.009056968414485058,0.008876568145096618,0,0,0.0,5,21.845236760600358,0.0,0.0,0.0,0.0,0.0,0.0,,0.0,0.0,0.0,0.009056968414485058,0.0,0.0,0.0,0,0.0,0.0
2023-01-10,174.74000549316406,0.0036760446135073455,1871.5999755859375,-0.0005873741734490068,0.004263418786956352,0.004263418786956352,0.00894199595530556,0.008874385530683392,1,0,0.0,5,1.7114127346389236,0.0,0.0,0.0,0.0,0.0,0.0,,0.0,0.0,0.0,0.00894199595530556,0.0,0.0,0.0,0,0.0,0.0
2023-01-11,174.6199951171875,-0.000686793935011365,1874.5999755859375,0.0016029066248843815,-0.0022897005598957465,0.0022897005598957465,0.008856995165825715,0.008805542048597282,0,0,0.0,5,25.055115427409717,0.0,0.0,0.0,0.0,0.0,0.0,,0.0,0.0,0.0,0.008856995165825715,0.0,0.0,0.0,0,0.0,0.0
2023-01-12,176.63999938964844,0.011568000967502767,1895.5,0.011149058298440373,0.0004189426690623943,0.0004189426690623943,0.008400953817836544,0.008405867261701248,1,0,0.0,5,10.342239824420197,0.0,0.0,0.0,0.0,0.0,0.0,,0.0,0.0,0.0,0.008405867261701248,0.0,0.0,0.0,0,0.0,0.0
2023-01-13,178.75999450683594,0.012001783992939385,1918.4000244140625,0.012081257934087208,-7.947394114782291e-05,7.947394114782291e-05,0.008603399589459859,0.008682673829816214,0,0,0.0,5,10.80277147806407,0.0,0.0,0.0,0.0,0.0,0.0,,0.0,0.0,0.0,0.008682673829816214,0.0,0.0,0.0,0,0.0,0.0
2023-01-17,177.58999633789062,-0.00654507834469964,1907.199951171875,-0.005838236603238345,-0.0007068417414612949,0.0007068417414612949,0.007965020320506883,0.007342887681049507,0,0,0.0,5,9.579538135706109,0.0,0.0,0.0,0.0,0.0,0.0,,0.0,0.0,0.0,0.007965020320506883,0.0,0.0,0.0,0,0.0,0.0
2023-01-18,177.0800018310547,-0.0028717524486322477,1904.4000244140625,-0.001468082439962326,-0.0014036700086699216,0.0014036700086699216,0.008171550083220007,0.007492123988164132,0,0,0.0,5,5.497840099130279,0.0,0.0,0.0,0.0,0.0,0.0,,0.0,0.0,0.0,0.008171550083220007,0.0,0.0,0.0,0,0.0,0.0
2023-01-19,179.88999938964844,0.015868520044824974,1922.0999755859375,0.0092942401517353,0.006574279893089674,0.006574279893089674,0.008679782489257116,0.0074213791009954235,1,0,0.0,5,6.258156478580301,0.0,0.0,0.0,0.0,0.0,0.0,,0.0,0.0,0.0,0.008679782489257116,0.0,0.0,0.0,0,0.0,0.0
2023-01-20,179.2899932861328,-0.003335405556458948,1926.4000244140625,0.002237161897270301,-0.005572567453729249,0.005572567453729249,0.008599494726080249,0.007134125710936684,0,0,0.0,5,7.206745575483486,0.0,0.0,0.0,0.0,0.0,0.0,,0.0,0.0,0.0,0.008599494726080249,0.0,0.0,0.0,0,0.0,0.0
2023-01-23,179.6300048828125,0.0018964337632443318,1927.0999755859375,0.0003633467415926628,0.001533087021651669,0.001533087021651669,0.00861623579001435,0.007174828636986452,1,0,0.0,5,2.055459648514662,0.0,0.0,0.0,0.0,0.0,0.0,,0.0,0.0,0.0,0.00861623579001435,0.0,0.0,0.0,0,0.0,0.0
2023-01-24,180.27999877929688,0.003618515163479552,1933.9000244140625,0.0035286435131927085,8.987165028684352e-05,8.987165028684352e-05,0.008616104063878523,0.007101060112532763,1,0,0.0,5,10.460774996053228,0.0,0.0,0.0,0.0,0.0,0.0,,0.0,0.0,0.0,0.008616104063878523,0.0,0.0,0.0,0,0.0,0.0
2023-01-25,181.11000061035156,0.004603959599926544,1941.199951171875,0.003774717754618351,0.0008292418453081929,0.0008292418453081929,0.008537221127444936,0.006839748326818776,1,0,0.0,5,8.7878132578541,0.0,0.0,0.0,0.0,0.0,0.0,,0.0,0.0,0.0,0.008537221127444936,0.0,0.0,0.0,0,0.0,0.0
2023-01-26,179.47000122070312,-0.009055266877154966,1929.0999755859375,-0.006233245358693185,-0.0028220215184617814,0.0028220215184617814,0.008996619211190975,0.0072090397918420845,0,0,0.0,5,7.3990478802676005,0.0,0.0,0.0,0.0,0.0,0.0,,0.0,0.0,0.0,0.008996619211190975,0.0,0.0,0.0,0,0.0,0.0
2023-01-27,179.22000122070312,-0.0013929904624704337,1928.5999755859375,-0.00025918822576742606,-0.0011338022367030076,0.0011338022367030076,0.008080129855819875,0.00641373044095868,0,0,0.0,5,2.0022707676315035,0.0,0.0,0.0,0.0,0.0,0.0,,0.0,0.0,0.0,0.008080129855819875,0.0,0.0,0.0,0,0.0,0.0
2023-01-30,178.75999450683594,-0.002566715270248765,1922.9000244140625,-0.0029554864896974564,0.0003887712194486914,0.0003887712194486914,0.006985489023706239,0.00554833661773259,1,0,0.0,5,12.386187681021347,0.0,0.0,0.0,0.0,0.0,0.0,,0.0,0.0,0.0,0.006985489023706239,0.0,0.0,0.0,0,0.0,0.0
2023-01-31,179.41000366210938,0.0036362115419990015,1929.5,0.0034323030329923565,0.00020390850900664503,0.00020390850900664503,0.0069991216348673025,0.0055199609588100825,1,0,0.0,5,10.151602661399822,0.0,0.0,0.0,0.0,0.0,0.0,,0.0,0.0,0.0,0.0069991216348673025,0.0,0.0,0.0,0,0.0,0.0
2023-02-01,181.6699981689453,0.012596814339808304,1927.800048828125,-0.0008810319626199048,0.01347784630242821,0.01347784630242821,0.0075095733497268875,0.00553033475219448,1,1,1.0,5,0.7421807929092561,-4.0,5.0,726.6799926757812,-9639.000244140625,0.0,0.0,Opened,726.6799926757812,-9639.000244140625,0.0,0.0075095733497268875,10365.680236816406,0.0,0.0,0,0.0,10365.680236816406
2023-02-02,177.89999389648438,-0.02075193653580043,1916.300048828125,-0.005965348951511129,-0.014786587584289301,0.014786587584289301,0.009629124348697326,0.0059008581220160745,0,0,-1.0,5,3.0964551955802637,4.0,-5.0,-711.5999755859375,9581.500244140625,15.08001708984375,-57.5,Closed,-711.5999755859375,9581.500244140625,-42.41998291015625,0.009629124348697326,10293.100219726562,-42.41998291015625,-0.0041212056624940875,0,-42.41998291015625,0.0
2023-02-03,173.4600067138672,-0.024957770292002968,1862.9000244140625,-0.027866212520694877,0.00290844222869191,0.00290844222869191,0.011313904939515246,0.009079114729898235,1,0,0.0,5,11.991191845139852,0.0,0.0,0.0,0.0,0.0,0.0,,0.0,0.0,0.0,0.011313904939515246,0.0,0.0,0.0,0,0.0,0.0
2023-02-06,173.82000732421875,0.0020754098721176284,1866.199951171875,0.0017713922994071485,0.0003040175727104799,0.0003040175727104799,0.010766751153503815,0.008371238573144084,1,0,0.0,5,9.16366668567853,0.0,0.0,0.0,0.0,0.0,0.0,,0.0,0.0,0.0,0.010766751153503815,0.0,0.0,0.0,0,0.0,0.0
2023-02-07,173.97999572753906,0.000920425708082595,1871.699951171875,0.0029471654398802727,-0.0020267397317976776,0.0020267397317976776,0.010704707270620836,0.008376181100905657,0,0,0.0,5,34.4471018119821,0.0,0.0,0.0,0.0,0.0,0.0,,0.0,0.0,0.0,0.010704707270620836,0.0,0.0,0.0,0,0.0,0.0
2023-02-08,174.41000366210938,0.002471594120761589,1877.4000244140625,0.003045399044124819,-0.0005738049233632303,0.0005738049233632303,0.010738034095741025,0.008447347255796989,0,0,0.0,5,13.26332713834672,0.0,0.0,0.0,0.0,0.0,0.0,,0.0,0.0,0.0,0.010738034095741025,0.0,0.0,0.0,0,0.0,0.0
2023-02-09,173.02999877929688,-0.007912418174625069,1866.199951171875,-0.00596573617584939,-0.001946681998775679,0.001946681998775679,0.009789930113552272,0.008038659441945723,0,0,0.0,5,8.131891599163685,0.0,0.0,0.0,0.0,0.0,0.0,,0.0,0.0,0.0,0.009789930113552272,0.0,0.0,0.0,0,0.0,0.0
2023-02-10,173.36000061035156,0.0019071943211166342,1862.800048828125,-0.001821831761176007,0.0037290260822926413,0.0037290260822926413,0.00985301959325485,0.007956073792990303,1,0,0.0,5,10.264331389942644,0.0,0.0,0.0,0.0,0.0,0.0,,0.0,0.0,0.0,0.00985301959325485,0.0,0.0,0.0,0,0.0,0.0
2023-02-13,172.47999572753906,-0.005076170279846859,1851.9000244140625,-0.005851419437593264,0.0007752491577464049,0.0007752491577464049,0.009810641235092862,0.00797453197958294,1,0,0.0,5,12.37667117348701,0.0,0.0,0.0,0.0,0.0,0.0,,0.0,0.0,0.0,0.009810641235092862,0.0,0.0,0.0,0,0.0,0.0
2023-02-14,172.61000061035156,0.0007537389032514774,1854.0,0.0011339573185662477,-0.0003802184153147703,0.0003802184153147703,0.009707047182713188,0.007865877298809996,0,0,0.0,5,16.15918870514782,0.0,0.0,0.0,0.0,0.0,0.0,,0.0,0.0,0.0,0.009707047182713188,0.0,0.0,0.0,0,0.0,0.0
2023-02-15,170.88999938964844,-0.00996466725346834,1834.199951171875,-0.010679637987122459,0.0007149707336541189,0.0007149707336541189,0.009636560102969271,0.007890908999258603,1,0,0.0,5,11.503334794393032,0.0,0.0,0.0,0.0,0.0,0.0,,0.0,0.0,0.0,0.009636560102969271,0.0,0.0,0.0,0,0.0,0.0
2023-02-16,170.75,-0.0008192368783922488,1842.0,0.0042525618993400904,-0.005071798777732339,0.005071798777732339,0.009551285077463055,0.008115827812905978,0,0,0.0,5,55.997683716595034,0.0,0.0,0.0,0.0,0.0,0.0,,0.0,0.0,0.0,0.009551285077463055,0.0,0.0,0.0,0,0.0,0.0
2023-02-17,171.25999450683594,0.002986790669610162,1840.4000244140625,-0.0008686078099552352,0.0038553984795653973,0.0038553984795653973,0.009678923737321612,0.008102404392935013,1,0,0.0,5,3.125181527282025,0.0,0.0,0.0,0.0,0.0,0.0,,0.0,0.0,0.0,0.009678923737321612,0.0,0.0,0.0,0,0.0,0.0
2023-02-21,170.6199951171875,-0.003737004613899475,1833.0,-0.004020878241630332,0.00028387362773085734,0.00028387362773085734,0.009680070608634534,0.00810585842479707,1,0,0.0,5,11.559254559108203,0.0,0.0,0.0,0.0,0.0,0.0,,0.0,0.0,0.0,0.009680070608634534,0.0,0.0,0.0,0,0.0,0.0
2023-02-22,169.66000366210938,-0.005626488586046308,1832.0,-0.0005455537370431252,-0.0050809348490031825,0.0050809348490031825,0.009516588137948293,0.007938262109886936,0,0,0.0,5,1.0469985739074854,0.0,0.0,0.0,0.0,0.0,0.0,,0.0,0.0,0.0,0.009516588137948293,0.0,0.0,0.0,0,0.0,0.0
2023-02-23,169.57000732421875,-0.0005304511136865475,1818.0,-0.007641921397379958,0.007111470283693411,0.007111470283693411,0.008458000996951164,0.007975591337267433,1,0,0.0,5,154.455024524103,0.0,0.0,0.0,0.0,0.0,0.0,,0.0,0.0,0.0,0.008458000996951164,0.0,0.0,0.0,0,0.0,0.0
2023-02-24,168.35000610351562,-0.00719467575637045,1808.800048828125,-0.005060479192450451,-0.002134196563919999,0.002134196563919999,0.007239707337242929,0.007962035750066624,0,0,0.0,5,7.557146507070704,0.0,0.0,0.0,0.0,0.0,0.0,,0.0,0.0,0.0,0.007962035750066624,0.0,0.0,0.0,0,0.0,0.0
2023-02-27,169.00999450683594,0.003920334893926292,1817.0,0.004533365187151306,-0.0006130302932250142,0.0006130302932250142,0.0044825174403229345,0.0046945148587327346,0,0,0.0,5,12.431973530462043,0.0,0.0,0.0,0.0,0.0,0.0,,0.0,0.0,0.0,0.0046945148587327346,0.0,0.0,0.0,0,0.0,0.0
2023-02-28,169.77999877929688,0.00455596886271592,1828.9000244140625,0.006549270453529266,-0.0019933015908133456,0.0019933015908133456,0.004674263799545728,0.00508887421485108,0,0,0.0,5,15.485157159657115,0.0,0.0,0.0,0.0,0.0,0.0,,0.0,0.0,0.0,0.00508887421485108,0.0,0.0,0.0,0,0.0,0.0
2023-03-01,170.75999450683594,0.005772150633673867,1837.699951171875,0.004811595297906868,0.0009605553357669994,0.0009605553357669994,0.0050134497012653744,0.005221913330475068,1,0,0.0,5,8.970980388053569,0.0,0.0,0.0,0.0,0.0,0.0,,0.0,0.0,0.0,0.005221913330475068,0.0,0.0,0.0,0,0.0,0.0
2023-03-02,170.66000366210938,-0.0005855636445488699,1833.5,-0.002285439018049007,0.001699875373500137,0.001699875373500137,0.004913234623923725,0.00509148592038286,1,0,0.0,5,41.931914934360016,0.0,0.0,0.0,0.0,0.0,0.0,,0.0,0.0,0.0,0.00509148592038286,0.0,0.0,0.0,0,0.0,0.0
2023-03-03,172.49000549316406,0.010723085619275707,1847.699951171875,0.007744723846127677,0.0029783617731480305,0.0029783617731480305,0.0054819936717138504,0.005462023834036067,1,0,0.0,5,7.73666290139422,0.0,0.0,0.0,0.0,0.0,0.0,,0.0,0.0,0.0,0.0054819936717138504,0.0,0.0,0.0,0,0.0,0.0
2023-03-06,171.6199951171875,-0.005043830646819902,1847.9000244140625,0.0001082823226037366,-0.005152112969423639,0.005152112969423639,0.005584491658405133,0.005455176985991962,0,0,0.0,5,0.23115732090546112,0.0,0.0,0.0,0.0,0.0,0.0,,0.0,0.0,0.0,0.005584491658405133,0.0,0.0,0.0,0,0.0,0.0
2023-03-07,168.6199951171875,-0.017480480627863337,1813.9000244140625,-0.018399263786351705,0.0009187831584883677,0.0009187831584883677,0.007019544524080069,0.00705761544539764,1,0,0.0,5,11.322735197020668,0.0,0.0,0.0,0.0,0.0,0.0,,0.0,0.0,0.0,0.00705761544539764,0.0,0.0,0.0,0,0.0,0.0
2023-03-08,168.5399932861328,-0.00047445044105887124,1812.699951171875,-0.0006615983384062885,0.00018714789734741721,0.00018714789734741721,0.006998701586972215,0.007027495810034153,1,0,0.0,5,14.997763533378036,0.0,0.0,0.0,0.0,0.0,0.0,,0.0,0.0,0.0,0.007027495810034153,0.0,0.0,0.0,0,0.0,0.0
2023-03-09,170.1999969482422,0.009849316056938173,1829.300048828125,0.009157664314779934,0.0006916517421582391,0.0006916517421582391,0.007168218250688643,0.00703864549959948,1,0,0.0,5,9.993187684026699,0.0,0.0,0.0,0.0,0.0,0.0,,0.0,0.0,0.0,0.007168218250688643,0.0,0.0,0.0,0,0.0,0.0
2023-03-10,173.8699951171875,0.021562856843419187,1862.0,0.01787566298531673,0.0036871938581024555,0.0036871938581024555,0.00910749715272284,0.00839601675067303,1,0,0.0,5,8.877913173884943,0.0,0.0,0.0,0.0,0.0,0.0,,0.0,0.0,0.0,0.00910749715272284,0.0,0.0,0.0,0,0.0,0.0
2023-03-13,177.86000061035156,0.022948211912439564,1911.699951171875,0.026691703099825492,-0.003743491187385928,0.003743491187385928,0.010699207933847623,0.010711960340666885,0,0,0.0,5,12.501694251216675,0.0,0.0,0.0,0.0,0.0,0.0,,0.0,0.0,0.0,0.010711960340666885,0.0,0.0,0.0,0,0.0,0.0
2023-03-14,176.8300018310547,-0.005791064746217711,1906.199951171875,-0.0028770205264839754,-0.0029140442197337357,0.0029140442197337357,0.01079847995723759,0.010665503831446668,0,0,0.0,5,5.355463238902574,0.0,0.0,0.0,0.0,0.0,0.0,,0.0,0.0,0.0,0.01079847995723759,0.0,0.0,0.0,0,0.0,0.0
2023-03-15,178.2100067138672,0.007804133170404848,1926.5999755859375,0.010701933132209573,-0.0028977999618047257,0.0028977999618047257,0.0106374399738571,0.010817821068203714,0,0,0.0,5,14.825079308430228,0.0,0.0,0.0,0.0,0.0,0.0,,0.0,0.0,0.0,0.010817821068203714,0.0,0.0,0.0,0,0.0,0.0
2023-03-16,178.57000732421875,0.002020092008242713,1919.0,-0.003944760553433624,0.005964852561676337,0.005964852561676337,0.010591512134347038,0.010587530609076764,1,0,0.0,5,20.985337320376242,0.0,0.0,0.0,0.0,0.0,0.0,,0.0,0.0,0.0,0.010591512134347038,0.0,0.0,0.0,0,0.0,0.0
2023-03-17,183.77000427246094,0.02912021467748982,1969.800048828125,0.026472146340867697,0.0026480683366221225,0.0026480683366221225,0.012024398464473727,0.011793489558189258,1,0,0.0,5,9.744108274704322,0.0,0.0,0.0,0.0,0.0,0.0,,0.0,0.0,0.0,0.012024398464473727,0.0,0.0,0.0,0,0.0,0.0
2023-03-20,183.83999633789062,0.0003808677357699519,1979.199951171875,0.004772008381938253,-0.004391140646168301,0.004391140646168301,0.012101068453608716,0.011791869931931919,0,0,0.0,5,134.88904583996415,0.0,0.0,0.0,0.0,0.0,0.0,,0.0,0.0,0.0,0.012101068453608716,0.0,0.0,0.0,0,0.0,0.0
2023-03-21,180.3699951171875,-0.018875115806276432,1938.0,-0.020816467354640267,0.0019413515483638344,0.0019413515483638344,0.013668775152204035,0.013637111049906387,1,0,0.0,5,11.849687139613472,0.0,0.0,0.0,0.0,0.0,0.0,,0.0,0.0,0.0,0.013668775152204035,0.0,0.0,0.0,0,0.0,0.0
2023-03-22,183.44000244140625,0.01702060989813825,1946.800048828125,0.004540788869001444,0.012479821029136806,0.012479821029136806,0.014068102562457207,0.013636077719427306,1,0,0.0,5,2.8312843740666715,0.0,0.0,0.0,0.0,0.0,0.0,,0.0,0.0,0.0,0.014068102562457207,0.0,0.0,0.0,0,0.0,0.0
2023-03-23,185.74000549316406,0.012538176085624908,1993.800048828125,0.02414218143681035,-0.011604005351185442,0.011604005351185442,0.014112029301821673,0.014457021474995715,0,0,0.0,5,20.66894420760898,0.0,0.0,0.0,0.0,0.0,0.0,,0.0,0.0,0.0,0.014457021474995715,0.0,0.0,0.0,0,0.0,0.0
2023-03-24,183.64999389648438,-0.011252350246951037,1982.0999755859375,-0.0058682279845786445,-0.005384122262372393,0.005384122262372393,0.014688185388784325,0.0147439573821389,0,0,0.0,5,5.628573922811091,0.0,0.0,0.0,0.0,0.0,0.0,,0.0,0.0,0.0,0.0147439573821389,0.0,0.0,0.0,0,0.0,0.0
2023-03-27,181.9499969482422,-0.009256722051406152,1952.4000244140625,-0.014984083314513619,0.005727361263107467,0.005727361263107467,0.014917861534362562,0.015577871484354994,1,0,0.0,5,17.369595604657214,0.0,0.0,0.0,0.0,0.0,0.0,,0.0,0.0,0.0,0.015577871484354994,0.0,0.0,0.0,0,0.0,0.0
2023-03-28,183.44000244140625,0.008189093257242153,1972.4000244140625,0.010243802371392663,-0.0020547091141505103,0.0020547091141505103,0.013699358950923907,0.01437297814586422,0,0,0.0,5,13.45012517308061,0.0,0.0,0.0,0.0,0.0,0.0,,0.0,0.0,0.0,0.01437297814586422,0.0,0.0,0.0,0,0.0,0.0
2023-03-29,182.52999877929688,-0.00496077000653139,1966.0999755859375,-0.003194102996422643,-0.0017666670101087467,0.0017666670101087467,0.013891853412327704,0.0144675603862206,0,0,0.0,5,6.935394513687811,0.0,0.0,0.0,0.0,0.0,0.0,,0.0,0.0,0.0,0.0144675603862206,0.0,0.0,0.0,0,0.0,0.0
2023-03-30,184.17999267578125,0.009039576549164652,1980.300048828125,0.007222457361536483,0.001817119187628169,0.001817119187628169,0.013874974374134217,0.014441481810617919,1,0,0.0,5,8.590638551738257,0.0,0.0,0.0,0.0,0.0,0.0,,0.0,0.0,0.0,0.014441481810617919,0.0,0.0,0.0,0,0.0,0.0
2023-03-31,183.22000122070312,-0.005212246135594234,1969.0,-0.005706230646619459,0.000493984511025225,0.000493984511025225,0.013354957213722566,0.014268729366048727,1,0,0.0,5,11.765143816464828,0.0,0.0,0.0,0.0,0.0,0.0,,0.0,0.0,0.0,0.014268729366048727,0.0,0.0,0.0,0,0.0,0.0
2023-04-03,184.5399932861328,0.007204410308019105,1983.9000244140625,0.007567305441372518,-0.0003628951333534136,0.0003628951333534136,0.012301217287970814,0.012865076486740474,0,0,0.0,5,11.292032182707537,0.0,0.0,0.0,0.0,0.0,0.0,,0.0,0.0,0.0,0.012865076486740474,0.0,0.0,0.0,0,0.0,0.0
2023-04-04,187.97999572753906,0.018640958960437715,2022.199951171875,0.019305371382877246,-0.0006644124224395309,0.0006644124224395309,0.012730575208664373,0.013457776429943743,0,0,0.0,5,11.140953729786135,0.0,0.0,0.0,0.0,0.0,0.0,,0.0,0.0,0.0,0.013457776429943743,0.0,0.0,0.0,0,0.0,0.0
2023-04-05,187.8300018310547,-0.0007979247786651378,2020.9000244140625,-0.0006428280037585887,-0.00015509677490654905,0.00015509677490654905,0.012748431224635039,0.013374578964002837,0,0,0.0,5,8.6678762518673,0.0,0.0,0.0,0.0,0.0,0.0,,0.0,0.0,0.0,0.013374578964002837,0.0,0.0,0.0,0,0.0,0.0
2023-04-06,186.49000549316406,-0.007134091065472581,2011.9000244140625,-0.004453461275309434,-0.002680629790163147,0.002680629790163147,0.013044450075055381,0.013394820249456074,0,0,0.0,5,6.7345699121351625,0.0,0.0,0.0,0.0,0.0,0.0,,0.0,0.0,0.0,0.013394820249456074,0.0,0.0,0.0,0,0.0,0.0
2023-04-10,185.11000061035156,-0.007399886547073353,1989.0999755859375,-0.011332595333490847,0.003932708786417494,0.003932708786417494,0.011075890335395518,0.012216055804009099,1,0,0.0,5,16.456256564142745,0.0,0.0,0.0,0.0,0.0,0.0,,0.0,0.0,0.0,0.012216055804009099,0.0,0.0,0.0,0,0.0,0.0
2023-04-11,186.27999877929688,0.006320556237305208,2004.800048828125,0.007893053860986932,-0.0015724976236817234,0.0015724976236817234,0.011175460670992508,0.012316175499282685,0,0,0.0,5,13.439855654092574,0.0,0.0,0.0,0.0,0.0,0.0,,0.0,0.0,0.0,0.012316175499282685,0.0,0.0,0.0,0,0.0,0.0
2023-04-12,187.19000244140625,0.004885138866613126,2010.9000244140625,0.003042685274026846,0.0018424535925862795,0.0018424535925862795,0.00976098185735271,0.010748234360348875,1,0,0.0,5,6.690952525044663,0.0,0.0,0.0,0.0,0.0,0.0,,0.0,0.0,0.0,0.010748234360348875,0.0,0.0,0.0,0,0.0,0.0
2023-04-13,189.72000122070312,0.013515672558895409,2041.300048828125,0.015117620988104763,-0.0016019484292093544,0.0016019484292093544,0.009425286482436372,0.011226676699954412,0,0,0.0,5,12.034817766949953,0.0,0.0,0.0,0.0,0.0,0.0,,0.0,0.0,0.0,0.011226676699954412,0.0,0.0,0.0,0,0.0,0.0
2023-04-14,186.36000061035156,-0.017710313033589165,2002.199951171875,-0.019154507774933327,0.0014441947413441625,0.0014441947413441625,0.010273304690807726,0.011028368651098722,1,0,0.0,5,11.619822711035956,0.0,0.0,0.0,0.0,0.0,0.0,,0.0,0.0,0.0,0.011028368651098722,0.0,0.0,0.0,0,0.0,0.0
2023-04-17,185.52999877929688,-0.0044537552497120325,1994.199951171875,-0.0039956049321235865,-0.00045815031758844604,0.00045815031758844604,0.00987066301138808,0.010963515230860895,0,0,0.0,5,9.642968605639497,0.0,0.0,0.0,0.0,0.0,0.0,,0.0,0.0,0.0,0.010963515230860895,0.0,0.0,0.0,0,0.0,0.0
2023-04-18,186.25,0.003880780603893852,2007.4000244140625,0.0066192325571117205,-0.0027384519532178686,0.0027384519532178686,0.00949754492558399,0.010180517173137789,0,0,0.0,5,18.383415039714517,0.0,0.0,0.0,0.0,0.0,0.0,,0.0,0.0,0.0,0.010180517173137789,0.0,0.0,0.0,0,0.0,0.0
2023-04-19,185.36000061035156,-0.004778520212877502,1995.199951171875,-0.00607754961333562,0.0012990294004581182,0.0012990294004581182,0.009445022327048077,0.010097150396471712,1,0,0.0,5,13.690064325043302,0.0,0.0,0.0,0.0,0.0,0.0,,0.0,0.0,0.0,0.010097150396471712,0.0,0.0,0.0,0,0.0,0.0
2023-04-20,186.08999633789062,0.00393825919904689,2007.5999755859375,0.00621492818641034,-0.0022766689873634505,0.0022766689873634505,0.00934054336651093,0.01012259258349925,0,0,0.0,5,17.024955013242785,0.0,0.0,0.0,0.0,0.0,0.0,,0.0,0.0,0.0,0.01012259258349925,0.0,0.0,0.0,0,0.0,0.0
2023-04-21,184.25,-0.00988766926809792,1979.5,-0.013996800123359354,0.004109130855261434,0.004109130855261434,0.00950160738754066,0.010721918223965649,1,0,0.0,5,15.208375928368808,0.0,0.0,0.0,0.0,0.0,0.0,,0.0,0.0,0.0,0.010721918223965649,0.0,0.0,0.0,0,0.0,0.0
2023-04-24,184.80999755859375,0.003039335460481629,1989.0999755859375,0.00484969718915762,-0.001810361728675991,0.001810361728675991,0.00941255123618651,0.010665028153908294,0,0,0.0,5,17.173829072807774,0.0,0.0,0.0,0.0,0.0,0.0,,0.0,0.0,0.0,0.010665028153908294,0.0,0.0,0.0,0,0.0,0.0
2023-04-25,185.75,0.005086318131183543,1994.0,0.0024634379740611223,0.0026228801571224203,0.0026228801571224203,0.009322130653709161,0.01051163791730782,1,0,0.0,5,5.199175088731229,0.0,0.0,0.0,0.0,0.0,0.0,,0.0,0.0,0.0,0.01051163791730782,0.0,0.0,0.0,0,0.0,0.0
2023-04-26,184.74000549316406,-0.0054373863086726315,1985.699951171875,-0.00416251194991224,-0.0012748743587603917,0.0012748743587603917,0.007941736814426888,0.009154038211670958,0,0,0.0,5,8.22844890904543,0.0,0.0,0.0,0.0,0.0,0.0,,0.0,0.0,0.0,0.009154038211670958,0.0,0.0,0.0,0,0.0,0.0
2023-04-27,184.75,5.410039265330013e-05,1989.9000244140625,0.002115160067214017,-0.002061059674560717,0.002061059674560717,0.00794731813717801,0.009193091590226106,0,0,0.0,5,421.1042570241762,0.0,0.0,0.0,0.0,0.0,0.0,,0.0,0.0,0.0,0.009193091590226106,0.0,0.0,0.0,0,0.0,0.0
2023-04-28,184.8000030517578,0.0002706525128974846,1990.0999755859375,0.00010048302398191211,0.0001701694889155725,0.0001701694889155725,0.007771918217464178,0.009145633115967196,1,0,0.0,5,3.9980990852517873,0.0,0.0,0.0,0.0,0.0,0.0,,0.0,0.0,0.0,0.009145633115967196,0.0,0.0,0.0,0,0.0,0.0
2023-05-01,183.97000122070312,-0.004491351825477108,1983.4000244140625,-0.003366640497496798,-0.00112471132798031,0.00112471132798031,0.007624456882248498,0.008703923493560427,0,0,0.0,5,8.081332388937735,0.0,0.0,0.0,0.0,0.0,0.0,,0.0,0.0,0.0,0.008703923493560427,0.0,0.0,0.0,0,0.0,0.0
2023-05-02,187.52000427246094,0.019296640909943763,2014.300048828125,0.015579320375974648,0.003717320533969115,0.003717320533969115,0.009043617540825727,0.009409295128445226,1,0,0.0,5,8.672480902897977,0.0,0.0,0.0,0.0,0.0,0.0,,0.0,0.0,0.0,0.009409295128445226,0.0,0.0,0.0,0,0.0,0.0
2023-05-03,189.11000061035156,0.008479075840785555,2028.5999755859375,0.007099203897717121,0.0013798719430684336,0.0013798719430684336,0.00921463642370576,0.00954926453552344,1,0,0.0,5,8.981379549610208,0.0,0.0,0.0,0.0,0.0,0.0,,0.0,0.0,0.0,0.00954926453552344,0.0,0.0,0.0,0,0.0,0.0
2023-05-04,190.44000244140625,0.00703295344911492,2048.0,0.009563257738115283,-0.0025303042890003624,0.0025303042890003624,0.00870983584922099,0.009041414900510478,0,0,0.0,5,14.623114872933774,0.0,0.0,0.0,0.0,0.0,0.0,,0.0,0.0,0.0,0.009041414900510478,0.0,0.0,0.0,0,0.0,0.0
2023-05-05,187.4600067138672,-0.015647950479605433,2017.4000244140625,-0.014941394329071045,-0.0007065561505343876,0.0007065561505343876,0.008416774487310905,0.008440819002739446,0,0,0.0,5,10.275833485310697,0.0,0.0,0.0,0.0,0.0,0.0,,0.0,0.0,0.0,0.008440819002739446,0.0,0.0,0.0,0,0.0,0.0
2023-05-08,187.69000244140625,0.0012269055761324754,2026.300048828125,0.004411630963793378,-0.0031847253876609027,0.0031847253876609027,0.00830866097561389,0.008397320028488335,0,0,0.0,5,38.819563782054885,0.0,0.0,0.0,0.0,0.0,0.0,,0.0,0.0,0.0,0.008397320028488335,0.0,0.0,0.0,0,0.0,0.0
2023-05-09,189.02000427246094,0.007086162362163639,2036.199951171875,0.004885704044411021,0.0022004583177526182,0.0022004583177526182,0.008433720433260202,0.008327546625654252,1,0,0.0,5,7.427261430557889,0.0,0.0,0.0,0.0,0.0,0.0,,0.0,0.0,0.0,0.008433720433260202,0.0,0.0,0.0,0,0.0,0.0
2023-05-10,188.75,-0.001428442843921074,2030.5,-0.0027993081762891503,0.0013708653323680764,0.0013708653323680764,0.008312749694766131,0.00817056383506737,1,0,0.0,5,21.08161503116287,0.0,0.0,0.0,0.0,0.0,0.0,,0.0,0.0,0.0,0.008312749694766131,0.0,0.0,0.0,0,0.0,0.0
2023-05-11,187.1300048828125,-0.008582755587748347,2014.699951171875,-0.0077813586939793344,-0.000801396893769013,0.000801396893769013,0.00864460565301577,0.008354209046884721,0,0,0.0,5,9.761029763002341,0.0,0.0,0.0,0.0,0.0,0.0,,0.0,0.0,0.0,0.00864460565301577,0.0,0.0,0.0,0,0.0,0.0
2023-05-12,186.80999755859375,-0.0017100802429794726,2014.5,-9.924612931011545e-05,-0.0016108341136693571,0.0016108341136693571,0.008195214998097175,0.007372118110629456,0,0,0.0,5,0.6258413374533977,0.0,0.0,0.0,0.0,0.0,0.0,,0.0,0.0,0.0,0.008195214998097175,0.0,0.0,0.0,0,0.0,0.0
2023-05-15,187.2100067138672,0.0021412620336231925,2018.0,0.0017374038222883748,0.0004038582113348177,0.0004038582113348177,0.008182143417612081,0.0073053906193651826,1,0,0.0,5,8.746273604871222,0.0,0.0,0.0,0.0,0.0,0.0,,0.0,0.0,0.0,0.008182143417612081,0.0,0.0,0.0,0,0.0,0.0
2023-05-16,184.8699951171875,-0.0124993937971285,1988.4000244140625,-0.014667976008888806,0.002168582211760306,0.002168582211760306,0.008776492260659637,0.008325928902074307,1,0,0.0,5,12.621720830711178,0.0,0.0,0.0,0.0,0.0,0.0,,0.0,0.0,0.0,0.008776492260659637,0.0,0.0,0.0,0,0.0,0.0
2023-05-17,184.22999572753906,-0.0034618889303412725,1980.699951171875,-0.0038724970567511896,0.00041060812640991706,0.00041060812640991706,0.008708138932444407,0.0083162893658429,1,0,0.0,5,12.02641857244045,0.0,0.0,0.0,0.0,0.0,0.0,,0.0,0.0,0.0,0.008708138932444407,0.0,0.0,0.0,0,0.0,0.0
2023-05-18,181.83999633789062,-0.012972911279784505,1956.5,-0.012217878410890615,-0.0007550328688938901,0.0007550328688938901,0.009314899858804949,0.008845761083858298,0,0,0.0,5,10.133250740030158,0.0,0.0,0.0,0.0,0.0,0.0,,0.0,0.0,0.0,0.009314899858804949,0.0,0.0,0.0,0,0.0,0.0
2023-05-19,183.63999938964844,0.0098988291245512,1978.699951171875,0.011346767785266998,-0.0014479386607157974,0.0014479386607157974,0.009732376190372665,0.009412445396488445,0,0,0.0,5,12.350968098049599,0.0,0.0,0.0,0.0,0.0,0.0,,0.0,0.0,0.0,0.009732376190372665,0.0,0.0,0.0,0,0.0,0.0
2023-05-22,183.2100067138672,-0.002341497915543389,1974.800048828125,-0.0019709417496271975,-0.00037055616591619156,0.00037055616591619156,0.009683140587325464,0.009387269617510114,0,0,0.0,5,9.073063538207553,0.0,0.0,0.0,0.0,0.0,0.0,,0.0,0.0,0.0,0.009683140587325464,0.0,0.0,0.0,0,0.0,0.0
2023-05-23,183.42999267578125,0.001200731149241463,1972.4000244140625,-0.001215325275835788,0.002416056425077251,0.002416056425077251,0.008069039636380376,0.008303626137515655,1,0,0.0,5,10.88357071981969,0.0,0.0,0.0,0.0,0.0,0.0,,0.0,0.0,0.0,0.008303626137515655,0.0,0.0,0.0,0,0.0,0.0
2023-05-24,181.9499969482422,-0.008068450017086337,1962.800048828125,-0.004867154465174606,-0.0032012955519117314,0.0032012955519117314,0.007740761846254971,0.008001357324102504,0,0,0.0,5,6.5074227886751315,0.0,0.0,0.0,0.0,0.0,0.0,,0.0,0.0,0.0,0.008001357324102504,0.0,0.0,0.0,0,0.0,0.0
2023-05-25,180.1999969482422,-0.009618027091793824,1943.0999755859375,-0.010036719356079749,0.00041869226428592476,0.00041869226428592476,0.007458389207845146,0.007535964231983613,1,0,0.0,5,11.252425640811145,0.0,0.0,0.0,0.0,0.0,0.0,,0.0,0.0,0.0,0.007535964231983613,0.0,0.0,0.0,0,0.0,0.0
2023-05-26,180.9199981689453,0.003995567330169925,1944.0999755859375,0.0005146415586252395,0.003480925771544685,0.003480925771544685,0.006905677714308349,0.006884288817365466,1,0,0.0,5,1.3840711633495675,0.0,0.0,0.0,0.0,0.0,0.0,,0.0,0.0,0.0,0.006905677714308349,0.0,0.0,0.0,0,0.0,0.0
2023-05-30,182.0399932861328,0.006190554546333882,1958.0,0.007149850619113884,-0.0009592960727800026,0.0009592960727800026,0.007201512270731593,0.00711156183278438,0,0,0.0,5,12.422622564073318,0.0,0.0,0.0,0.0,0.0,0.0,,0.0,0.0,0.0,0.007201512270731593,0.0,0.0,0.0,0,0.0,0.0
2023-05-31,182.32000732421875,0.0015382006614657051,1963.9000244140625,0.0030132913248530624,-0.0014750906633873573,0.0014750906633873573,0.006833987672687677,0.006992621820131702,0,0,0.0,5,21.101492478268714,0.0,0.0,0.0,0.0,0.0,0.0,,0.0,0.0,0.0,0.006992621820131702,0.0,0.0,0.0,0,0.0,0.0
2023-06-01,183.75999450683594,0.00789813034647624,1978.0,0.007179579108230971,0.0007185512382452686,0.0007185512382452686,0.007332928133274186,0.007412413523367766,1,0,0.0,5,9.78475613838128,0.0,0.0,0.0,0.0,0.0,0.0,,0.0,0.0,0.0,0.007412413523367766,0.0,0.0,0.0,0,0.0,0.0
2023-06-02,181.0500030517578,-0.014747450675273721,1952.4000244140625,-0.012942353683487062,-0.0018050969917866588,0.0018050969917866588,0.007893952499258311,0.007822349967042624,0,0,0.0,5,9.463822353972464,0.0,0.0,0.0,0.0,0.0,0.0,,0.0,0.0,0.0,0.007893952499258311,0.0,0.0,0.0,0,0.0,0.0
2023-06-05,182.13999938964844,0.006020416015011243,1958.0,0.0028682521593483834,0.0031521638556628595,0.0031521638556628595,0.008173549575189594,0.007912573550549504,1,0,0.0,5,5.121511869257797,0.0,0.0,0.0,0.0,0.0,0.0,,0.0,0.0,0.0,0.008173549575189594,0.0,0.0,0.0,0,0.0,0.0
2023-06-06,182.33999633789062,0.0010980396887689814,1965.5,0.003830439223697635,-0.0027323995349286534,0.0027323995349286534,0.008143322049260006,0.007998633076411696,0,0,0.0,5,37.6029263704685,0.0,0.0,0.0,0.0,0.0,0.0,,0.0,0.0,0.0,0.008143322049260006,0.0,0.0,0.0,0,0.0,0.0
2023-06-07,180.14999389648438,-0.012010543410059138,1942.699951171875,-0.011600126597875904,-0.0004104168121832341,0.0004104168121832341,0.008097972606157801,0.00767681673928982,0,0,0.0,5,10.415294373844823,0.0,0.0,0.0,0.0,0.0,0.0,,0.0,0.0,0.0,0.008097972606157801,0.0,0.0,0.0,0,0.0,0.0
2023-06-08,182.52999877929688,0.013211240429905624,1963.5999755859375,0.010758235929050786,0.0024530045008548385,0.0024530045008548385,0.008938368731828402,0.008263771399517875,1,0,0.0,5,8.760244649564422,0.0,0.0,0.0,0.0,0.0,0.0,,0.0,0.0,0.0,0.008938368731828402,0.0,0.0,0.0,0,0.0,0.0
2023-06-09,182.0399932861328,-0.0026845203333208945,1962.199951171875,-0.0007129886084077386,-0.001971531724913156,0.001971531724913156,0.008290786446871638,0.007611218063698496,0,0,0.0,5,2.8628087968783094,0.0,0.0,0.0,0.0,0.0,0.0,,0.0,0.0,0.0,0.008290786446871638,0.0,0.0,0.0,0,0.0,0.0
2023-06-12,181.8800048828125,-0.0008788640365902101,1955.300048828125,-0.003516411433824196,0.002637547397233986,0.002637547397233986,0.00783596965002851,0.007002488244169642,1,0,0.0,5,43.01366457259728,0.0,0.0,0.0,0.0,0.0,0.0,,0.0,0.0,0.0,0.00783596965002851,0.0,0.0,0.0,0,0.0,0.0
2023-06-13,180.5399932861328,-0.007367558613950331,1944.5999755859375,-0.005472343361623944,-0.0018952152523263877,0.0018952152523263877,0.008020443383455731,0.007103023967864772,0,0,0.0,5,8.000305912265425,0.0,0.0,0.0,0.0,0.0,0.0,,0.0,0.0,0.0,0.008020443383455731,0.0,0.0,0.0,0,0.0,0.0
2023-06-14,180.63999938964844,0.0005539277015322863,1955.300048828125,0.0055024546829809395,-0.004948526981448653,0.004948526981448653,0.008009796686212248,0.00729780927054439,0,0,0.0,5,107.5233725873043,0.0,0.0,0.0,0.0,0.0,0.0,,0.0,0.0,0.0,0.008009796686212248,0.0,0.0,0.0,0,0.0,0.0
2023-06-15,181.91000366210938,0.007030581691497284,1957.800048828125,0.0012785761456397537,0.00575200554585753,0.00575200554585753,0.008005628780539465,0.007210442887555357,1,0,0.0,5,1.9572535573855185,0.0,0.0,0.0,0.0,0.0,0.0,,0.0,0.0,0.0,0.008005628780539465,0.0,0.0,0.0,0,0.0,0.0
2023-06-16,181.6300048828125,-0.0015392159510752013,1958.4000244140625,0.0003064539641302044,-0.0018456699152054057,0.0018456699152054057,0.0075712117551822045,0.006671405284337791,0,0,0.0,5,2.146740251600092,0.0,0.0,0.0,0.0,0.0,0.0,,0.0,0.0,0.0,0.0075712117551822045,0.0,0.0,0.0,0,0.0,0.0
2023-06-20,179.75,-0.010350739592973501,1935.5,-0.011693231274807592,0.0013424916818340904,0.0013424916818340904,0.007999421691818302,0.007382007965332164,1,0,0.0,5,12.164308714784422,0.0,0.0,0.0,0.0,0.0,0.0,,0.0,0.0,0.0,0.007999421691818302,0.0,0.0,0.0,0,0.0,0.0
2023-06-21,179.49000549316406,-0.0014464228474878604,1933.300048828125,-0.0011366319668689728,-0.0003097908806188876,0.0003097908806188876,0.007790118901637615,0.00709142024377779,0,0,0.0,5,8.464154534139148,0.0,0.0,0.0,0.0,0.0,0.0,,0.0,0.0,0.0,0.007790118901637615,0.0,0.0,0.0,0,0.0,0.0
2023-06-22,177.7100067138672,-0.009916979914319946,1912.699951171875,-0.010655406370437381,0.0007384264561174358,0.0007384264561174358,0.008088569589138362,0.007433293070801429,1,0,0.0,5,11.56446502877808,0.0,0.0,0.0,0.0,0.0,0.0,,0.0,0.0,0.0,0.008088569589138362,0.0,0.0,0.0,0,0.0,0.0
2023-06-23,178.1999969482422,0.0027572461643308177,1919.0999755859375,0.00334606816408467,-0.0005888219997538524,0.0005888219997538524,0.007756030286319949,0.007166049025656813,0,0,0.0,5,13.069204400290811,0.0,0.0,0.0,0.0,0.0,0.0,,0.0,0.0,0.0,0.007756030286319949,0.0,0.0,0.0,0,0.0,0.0
2023-06-26,178.50999450683594,0.0017396047357047806,1923.699951171875,0.0023969442157556475,-0.000657339480050867,0.000657339480050867,0.0069495379171239866,0.006560237950918682,0,0,0.0,5,14.848484940948591,0.0,0.0,0.0,0.0,0.0,0.0,,0.0,0.0,0.0,0.0069495379171239866,0.0,0.0,0.0,0,0.0,0.0
2023-06-27,177.69000244140625,-0.004593535884055422,1914.0,-0.005042341018913099,0.00044880513485767715,0.00044880513485767715,0.006729376523316901,0.006547884581034636,1,0,0.0,5,11.823989649429429,0.0,0.0,0.0,0.0,0.0,0.0,,0.0,0.0,0.0,0.006729376523316901,0.0,0.0,0.0,0,0.0,0.0
2023-06-28,177.27999877929688,-0.002307409851291853,1912.300048828125,-0.0008881667564655249,-0.001419243094826328,0.001419243094826328,0.006688211329585194,0.00638513861702054,0,0,0.0,5,4.152083390944246,0.0,0.0,0.0,0.0,0.0,0.0,,0.0,0.0,0.0,0.006688211329585194,0.0,0.0,0.0,0,0.0,0.0
2023-06-29,177.08999633789062,-0.001071764681377263,1909.199951171875,-0.0016211355839005348,0.0005493709025232718,0.0005493709025232718,0.006069360115323532,0.005783611599392207,1,0,0.0,5,16.307120595852197,0.0,0.0,0.0,0.0,0.0,0.0,,0.0,0.0,0.0,0.006069360115323532,0.0,0.0,0.0,0,0.0,0.0
2023-06-30,178.27000427246094,0.006663323502016594,1921.0999755859375,0.0062329901102071705,0.0004303333918094232,0.0004303333918094232,0.00512696611277194,0.005207823351224604,1,0,0.0,5,10.080387584335645,0.0,0.0,0.0,0.0,0.0,0.0,,0.0,0.0,0.0,0.005207823351224604,0.0,0.0,0.0,0,0.0,0.0
2023-07-03,178.47000122070312,0.0011218766110339118,1921.699951171875,0.00031230836164808373,0.000809568249385828,0.000809568249385828,0.005161458844311334,0.005224818313067275,1,0,0.0,5,2.9974977834924936,0.0,0.0,0.0,0.0,0.0,0.0,,0.0,0.0,0.0,0.005224818313067275,0.0,0.0,0.0,0,0.0,0.0
2023-07-05,177.83999633789062,-0.00353003237800964,1919.5999755859375,-0.0010927697555785931,-0.0024372626224310467,0.0024372626224310467,0.005191055958593267,0.005191288138579113,0,0,0.0,5,3.3414215774506832,0.0,0.0,0.0,0.0,0.0,0.0,,0.0,0.0,0.0,0.005191288138579113,0.0,0.0,0.0,0,0.0,0.0
2023-07-06,177.30999755859375,-0.002980200124891419,1908.699951171875,-0.005678279096005601,0.0026980789711141817,0.0026980789711141817,0.00495404785825342,0.005203608927816843,1,0,0.0,5,20.510476259519333,0.0,0.0,0.0,0.0,0.0,0.0,,0.0,0.0,0.0,0.005203608927816843,0.0,0.0,0.0,0,0.0,0.0
2023-07-07,178.63999938964844,0.007500997402107412,1926.199951171875,0.009168544269755774,-0.0016675468676483618,0.0016675468676483618,0.005430661944521797,0.00561238864049462,0,0,0.0,5,13.179654641042513,0.0,0.0,0.0,0.0,0.0,0.0,,0.0,0.0,0.0,0.00561238864049462,0.0,0.0,0.0,0,0.0,0.0
2023-07-10,178.77999877929688,0.0007836956455820054,1925.0,-0.0006229629333885933,0.0014066585789705988,0.0014066585789705988,0.005016936208384882,0.005578998803556332,1,0,0.0,5,8.55906997205277,0.0,0.0,0.0,0.0,0.0,0.0,,0.0,0.0,0.0,0.005578998803556332,0.0,0.0,0.0,0,0.0,0.0
2023-07-11,179.4499969482422,0.0037476125602418087,1931.300048828125,0.0032727526379869865,0.0004748599222548222,0.0004748599222548222,0.0051705908008831646,0.00568441313642838,1,0,0.0,5,9.398635173871616,0.0,0.0,0.0,0.0,0.0,0.0,,0.0,0.0,0.0,0.00568441313642838,0.0,0.0,0.0,0,0.0,0.0
2023-07-12,181.8800048828125,0.013541420874312982,1956.199951171875,0.012892819196508976,0.000648601677804006,0.000648601677804006,0.005671486226521436,0.005894824877496441,1,0,0.0,5,10.240282611826736,0.0,0.0,0.0,0.0,0.0,0.0,,0.0,0.0,0.0,0.005894824877496441,0.0,0.0,0.0,0,0.0,0.0
2023-07-13,182.00999450683594,0.0007146999149643118,1959.199951171875,0.0015335855612319538,-0.0008188856462676419,0.0008188856462676419,0.005637675328458392,0.005874854277197795,0,0,0.0,5,23.097650485382925,0.0,0.0,0.0,0.0,0.0,0.0,,0.0,0.0,0.0,0.005874854277197795,0.0,0.0,0.0,0,0.0,0.0
2023-07-14,181.42999267578125,-0.0031866482531699436,1960.0999755859375,0.0004593836445965227,-0.0036460318977664663,0.0036460318977664663,0.004935581005711422,0.004939231906962873,0,0,0.0,5,1.5574371905251947,0.0,0.0,0.0,0.0,0.0,0.0,,0.0,0.0,0.0,0.004939231906962873,0.0,0.0,0.0,0,0.0,0.0
2023-07-17,181.55999755859375,0.0007165567329587841,1952.4000244140625,-0.00392834613937143,0.004644902872330214,0.004644902872330214,0.004923412144557383,0.005114264450824149,1,0,0.0,5,58.95325691182912,0.0,0.0,0.0,0.0,0.0,0.0,,0.0,0.0,0.0,0.005114264450824149,0.0,0.0,0.0,0,0.0,0.0
2023-07-18,183.63999938964844,0.011456278139590825,1977.199951171875,0.012702277426602349,-0.0012459992870115233,0.0012459992870115233,0.005586023406972078,0.0059209095457457535,0,0,0.0,5,11.93771903510038,0.0,0.0,0.0,0.0,0.0,0.0,,0.0,0.0,0.0,0.0059209095457457535,0.0,0.0,0.0,0,0.0,0.0
2023-07-19,183.6699981689453,0.00016335645500209495,1977.5,0.00015175441813419788,1.160203686789707e-05,1.160203686789707e-05,0.005319397371078523,0.005634179153890528,1,0,0.0,5,10.001918562975451,0.0,0.0,0.0,0.0,0.0,0.0,,0.0,0.0,0.0,0.005634179153890528,0.0,0.0,0.0,0,0.0,0.0
2023-07-20,182.74000549316406,-0.005063389149303599,1968.300048828125,-0.0046523141197850615,-0.00041107502951853725,0.00041107502951853725,0.0055304365629636025,0.005860495306626814,0,0,0.0,5,9.896585777813812,0.0,0.0,0.0,0.0,0.0,0.0,,0.0,0.0,0.0,0.005860495306626814,0.0,0.0,0.0,0,0.0,0.0
2023-07-21,182.17999267578125,-0.0030645332195952113,1964.300048828125,-0.002032210486598074,-0.0010323227329971374,0.0010323227329971374,0.005633463380467484,0.005879278715283586,0,0,0.0,5,7.150089890608655,0.0,0.0,0.0,0.0,0.0,0.0,,0.0,0.0,0.0,0.005879278715283586,0.0,0.0,0.0,0,0.0,0.0
2023-07-24,181.39999389648438,-0.00428147332668416,1960.300048828125,-0.0020363487759348375,-0.0022451245507493223,0.0022451245507493223,0.005681814689095469,0.005832949193568283,0,0,0.0,5,5.139776137739361,0.0,0.0,0.0,0.0,0.0,0.0,,0.0,0.0,0.0,0.005832949193568283,0.0,0.0,0.0,0,0.0,0.0
2023-07-25,182.41000366210938,0.005567859975791123,1962.0999755859375,0.0009181894164052018,0.004649670559385921,0.004649670559385921,0.005793653210089567,0.0058272460983047865,1,0,0.0,5,1.7738482261365627,0.0,0.0,0.0,0.0,0.0,0.0,,0.0,0.0,0.0,0.0058272460983047865,0.0,0.0,0.0,0,0.0,0.0
2023-07-26,183.3000030517578,0.0048791150253855164,1968.9000244140625,0.003465699461157268,0.0014134155642282487,0.0014134155642282487,0.005680774258825049,0.005806578662644993,1,0,0.0,5,7.629762760709279,0.0,0.0,0.0,0.0,0.0,0.0,,0.0,0.0,0.0,0.005806578662644993,0.0,0.0,0.0,0,0.0,0.0
2023-07-27,180.4199981689453,-0.01571197400361901,1945.4000244140625,-0.011935598409570591,-0.00377637559404842,0.00377637559404842,0.0072246736334334385,0.0065520161462959735,0,0,0.0,5,8.191014390793264,0.0,0.0,0.0,0.0,0.0,0.0,,0.0,0.0,0.0,0.0072246736334334385,0.0,0.0,0.0,0,0.0,0.0
2023-07-28,181.86000061035156,0.007981390400291666,1960.4000244140625,0.007710496459214289,0.00027089394107737697,0.00027089394107737697,0.007255673511493985,0.006436590772600427,1,0,0.0,5,10.413849542570022,0.0,0.0,0.0,0.0,0.0,0.0,,0.0,0.0,0.0,0.007255673511493985,0.0,0.0,0.0,0,0.0,0.0
2023-07-31,182.35000610351562,0.0026944104889450315,1970.5,0.005151997276145792,-0.0024575867872007606,0.0024575867872007606,0.007264304039074596,0.006492661725735986,0,0,0.0,5,20.662483572047268,0.0,0.0,0.0,0.0,0.0,0.0,,0.0,0.0,0.0,0.007264304039074596,0.0,0.0,0.0,0,0.0,0.0
2023-08-01,180.4600067138672,-0.010364679607279714,1940.699951171875,-0.01512308999143619,0.004758410384156475,0.004758410384156475,0.007823089837458025,0.007762865305503898,1,0,0.0,5,15.691413984332618,0.0,0.0,0.0,0.0,0.0,0.0,,0.0,0.0,0.0,0.007823089837458025,0.0,0.0,0.0,0,0.0,0.0
2023-08-02,179.60000610351562,-0.004765602229612864,1937.4000244140625,-0.0017003796778681801,-0.003065222551744684,0.003065222551744684,0.0070130344002801446,0.006950891293690293,0,0,0.0,5,3.848939364487082,0.0,0.0,0.0,0.0,0.0,0.0,,0.0,0.0,0.0,0.0070130344002801446,0.0,0.0,0.0,0,0.0,0.0
2023-08-03,179.5399932861328,-0.0003341470787491252,1932.0,-0.0027872531981079085,0.0024531061193587833,0.0024531061193587833,0.007001884835775444,0.006944752813775216,1,0,0.0,5,89.76037766892235,0.0,0.0,0.0,0.0,0.0,0.0,,0.0,0.0,0.0,0.007001884835775444,0.0,0.0,0.0,0,0.0,0.0
2023-08-04,180.19000244140625,0.003620414278603157,1939.5999755859375,0.003933734775329878,-0.00031332049672672113,0.00031332049672672113,0.0070625597432927125,0.007050782592467049,0,0,0.0,5,11.695755609675773,0.0,0.0,0.0,0.0,0.0,0.0,,0.0,0.0,0.0,0.0070625597432927125,0.0,0.0,0.0,0,0.0,0.0
2023-08-07,179.77999877929688,-0.0022753962847783527,1933.5,-0.0031449657984733426,0.0008695695136949899,0.0008695695136949899,0.0070699974997592285,0.007027846912096454,1,0,0.0,5,14.86488951037124,0.0,0.0,0.0,0.0,0.0,0.0,,0.0,0.0,0.0,0.0070699974997592285,0.0,0.0,0.0,0,0.0,0.0
2023-08-08,178.63999938964844,-0.006341080194621318,1924.0999755859375,-0.004861662484645701,-0.0014794177099756167,0.0014794177099756167,0.006353262625144099,0.0060428745068136945,0,0,0.0,5,8.257916458120286,0.0,0.0,0.0,0.0,0.0,0.0,,0.0,0.0,0.0,0.006353262625144099,0.0,0.0,0.0,0,0.0,0.0
2023-08-09,177.7899932861328,-0.00475820704444585,1915.4000244140625,-0.004521569191967556,-0.00023663785247829416,0.00023663785247829416,0.006370594381220699,0.006055731757964618,0,0,0.0,5,10.237596784752006,0.0,0.0,0.0,0.0,0.0,0.0,,0.0,0.0,0.0,0.006370594381220699,0.0,0.0,0.0,0,0.0,0.0
2023-08-10,177.60000610351562,-0.0010686044760203073,1914.4000244140625,-0.000522084153312008,-0.0005465203227082993,0.0005465203227082993,0.006323329198936653,0.006025589236064036,0,0,0.0,5,5.26639266490732,0.0,0.0,0.0,0.0,0.0,0.0,,0.0,0.0,0.0,0.006323329198936653,0.0,0.0,0.0,0,0.0,0.0
2023-08-11,177.60000610351562,0.0,1912.9000244140625,-0.0007835353013323498,0.0007835353013323498,0.0007835353013323498,0.006331876707370747,0.006031253404999601,1,0,0.0,5,inf,0.0,0.0,0.0,0.0,0.0,0.0,,0.0,0.0,0.0,0.006331876707370747,0.0,0.0,0.0,0,0.0,0.0
2023-08-14,177.05999755859375,-0.003040588549344525,1910.5999755859375,-0.0012023884148516517,-0.0018382001344928733,0.0018382001344928733,0.006303463947976506,0.0060322599893042825,0,0,0.0,5,4.2671355750258275,0.0,0.0,0.0,0.0,0.0,0.0,,0.0,0.0,0.0,0.006303463947976506,0.0,0.0,0.0,0,0.0,0.0
2023-08-15,176.58999633789062,-0.002654474343068869,1902.5,-0.004239493190328014,0.0015850188472591453,0.0015850188472591453,0.005985629726222802,0.006019741476682447,1,0,0.0,5,17.206557015739318,0.0,0.0,0.0,0.0,0.0,0.0,,0.0,0.0,0.0,0.006019741476682447,0.0,0.0,0.0,0,0.0,0.0
2023-08-16,175.57000732421875,-0.005776029417432049,1896.0999755859375,-0.0033640075763797794,-0.00241202184105227,0.00241202184105227,0.005719119586366128,0.005829046573239163,0,0,0.0,5,6.2898237229091905,0.0,0.0,0.0,0.0,0.0,0.0,,0.0,0.0,0.0,0.005829046573239163,0.0,0.0,0.0,0,0.0,0.0
2023-08-17,175.3000030517578,-0.0015378724223797935,1884.0999755859375,-0.006328780209119422,0.004790907786739629,0.004790907786739629,0.004479305259976866,0.005339474770238708,1,0,0.0,5,44.230487347007454,0.0,0.0,0.0,0.0,0.0,0.0,,0.0,0.0,0.0,0.005339474770238708,0.0,0.0,0.0,0,0.0,0.0
2023-08-18,175.3300018310547,0.00017112823031739666,1886.0999755859375,0.0010615147953483284,-0.0008903865650309317,0.0008903865650309317,0.003618938526523266,0.004703274479482691,0,0,0.0,5,66.72873081371134,0.0,0.0,0.0,0.0,0.0,0.0,,0.0,0.0,0.0,0.004703274479482691,0.0,0.0,0.0,0,0.0,0.0
2023-08-21,175.80999755859375,0.002737670236275802,1893.300048828125,0.0038174398681865007,-0.0010797696319106986,0.0010797696319106986,0.0036233274143030606,0.004557282125924522,0,0,0.0,5,15.016438737665133,0.0,0.0,0.0,0.0,0.0,0.0,,0.0,0.0,0.0,0.004557282125924522,0.0,0.0,0.0,0,0.0,0.0
2023-08-22,176.10000610351562,0.0016495566176504273,1896.4000244140625,0.0016373398330900013,1.2216784560425964e-05,1.2216784560425964e-05,0.0030208762153954884,0.003103871362039999,1,0,0.0,5,10.689125651133281,0.0,0.0,0.0,0.0,0.0,0.0,,0.0,0.0,0.0,0.003103871362039999,0.0,0.0,0.0,0,0.0,0.0
2023-08-23,177.88999938964844,0.01016464068195777,1918.5,0.01165364654156531,-0.0014890058596075395,0.0014890058596075395,0.004157846456089539,0.004604865077692267,0,0,0.0,5,12.3646002633191,0.0,0.0,0.0,0.0,0.0,0.0,,0.0,0.0,0.0,0.004604865077692267,0.0,0.0,0.0,0,0.0,0.0
2023-08-24,177.85000610351562,-0.00022482031744353037,1918.199951171875,-0.00015639761695329657,-6.84227004902338e-05,6.84227004902338e-05,0.0041584970048235215,0.004567329358345955,0,0,0.0,5,7.502993424850305,0.0,0.0,0.0,0.0,0.0,0.0,,0.0,0.0,0.0,0.004567329358345955,0.0,0.0,0.0,0,0.0,0.0
2023-08-25,177.6199951171875,-0.0012932863561120334,1911.0999755859375,-0.003701374083343034,0.002408087727231001,0.002408087727231001,0.003990559207966831,0.004466053289382692,1,0,0.0,5,30.79355553625509,0.0,0.0,0.0,0.0,0.0,0.0,,0.0,0.0,0.0,0.004466053289382692,0.0,0.0,0.0,0,0.0,0.0
2023-08-28,178.1300048828125,0.0028713533365909427,1917.9000244140625,0.0035581858170659064,-0.0006868324804749637,0.0006868324804749637,0.0040885047956847305,0.004567840821189764,0,0,0.0,5,13.342305204580967,0.0,0.0,0.0,0.0,0.0,0.0,,0.0,0.0,0.0,0.004567840821189764,0.0,0.0,0.0,0,0.0,0.0
2023-08-29,179.8699951171875,0.009768091768254772,1936.5,0.009698094451831452,6.99973164233203e-05,6.99973164233203e-05,0.004562856811841613,0.005097875629748965,1,0,0.0,5,10.688960124404595,0.0,0.0,0.0,0.0,0.0,0.0,,0.0,0.0,0.0,0.005097875629748965,0.0,0.0,0.0,0,0.0,0.0
2023-08-30,180.32000732421875,0.0025018747942815445,1944.300048828125,0.004027910574812887,-0.001526035780531343,0.001526035780531343,0.004349021527198656,0.004980047444348209,0,0,0.0,5,17.359356376981466,0.0,0.0,0.0,0.0,0.0,0.0,,0.0,0.0,0.0,0.004980047444348209,0.0,0.0,0.0,0,0.0,0.0
2023-08-31,180.02000427246094,-0.0016637258183913595,1938.199951171875,-0.003137426067507776,0.0014737002491164164,0.0014737002491164164,0.0043714209997863926,0.005082267442960478,1,0,0.0,5,20.303436660987295,0.0,0.0,0.0,0.0,0.0,0.0,,0.0,0.0,0.0,0.005082267442960478,0.0,0.0,0.0,0,0.0,0.0
2023-09-01,180.11000061035156,0.0004999240959600026,1939.800048828125,0.0008255586093077749,-0.00032563451334777227,0.00032563451334777227,0.004365876894291058,0.005062584311725022,0,0,0.0,5,17.78537305443371,0.0,0.0,0.0,0.0,0.0,0.0,,0.0,0.0,0.0,0.005062584311725022,0.0,0.0,0.0,0,0.0,0.0
2023-09-05,178.63999938964844,-0.008161685723844458,1926.199951171875,-0.0070110822321435284,-0.00115060349170093,0.00115060349170093,0.004870829383515527,0.005446071403199892,0,0,0.0,5,9.262492133998196,0.0,0.0,0.0,0.0,0.0,0.0,,0.0,0.0,0.0,0.005446071403199892,0.0,0.0,0.0,0,0.0,0.0
2023-09-06,177.8300018310547,-0.004534245193468567,1918.0999755859375,-0.004205158234486306,-0.0003290869589822609,0.0003290869589822609,0.004983516581345633,0.005443918633499806,0,0,0.0,5,10.003305859166003,0.0,0.0,0.0,0.0,0.0,0.0,,0.0,0.0,0.0,0.005443918633499806,0.0,0.0,0.0,0,0.0,0.0
2023-09-07,178.02000427246094,0.0010684498647577367,1917.5,-0.00031279682684648424,0.001381246691604221,0.001381246691604221,0.004673683132977144,0.005342957732797564,1,0,0.0,5,3.153368723605157,0.0,0.0,0.0,0.0,0.0,0.0,,0.0,0.0,0.0,0.005342957732797564,0.0,0.0,0.0,0,0.0,0.0
2023-09-08,178.0800018310547,0.0003370270596214642,1918.4000244140625,0.0004693738795631397,-0.00013234681994167552,0.00013234681994167552,0.004627684599840673,0.004974142059084754,0,0,0.0,5,15.003001962043387,0.0,0.0,0.0,0.0,0.0,0.0,,0.0,0.0,0.0,0.004974142059084754,0.0,0.0,0.0,0,0.0,0.0
2023-09-11,178.41000366210938,0.001853109993606994,1923.300048828125,0.0025542245369596372,-0.0007011145433526433,0.0007011145433526433,0.004624999130756403,0.004985770482571962,0,0,0.0,5,14.858867668178867,0.0,0.0,0.0,0.0,0.0,0.0,,0.0,0.0,0.0,0.004985770482571962,0.0,0.0,0.0,0,0.0,0.0
2023-09-12,177.49000549316406,-0.005156651253074851,1911.300048828125,-0.006239276085554968,0.0010826248324801169,0.0010826248324801169,0.004876386759114757,0.005291928337530679,1,0,0.0,5,13.029309803822306,0.0,0.0,0.0,0.0,0.0,0.0,,0.0,0.0,0.0,0.005291928337530679,0.0,0.0,0.0,0,0.0,0.0
2023-09-13,177.0800018310547,-0.0023100098564432514,1909.0999755859375,-0.0011510873154303436,-0.0011589225410129078,0.0011589225410129078,0.004925068841964406,0.005303507214336623,0,0,0.0,5,5.372217528083498,0.0,0.0,0.0,0.0,0.0,0.0,,0.0,0.0,0.0,0.005303507214336623,0.0,0.0,0.0,0,0.0,0.0
2023-09-14,177.1699981689453,0.0005082241752882855,1910.0,0.00047143912082781014,3.678505446047531e-05,3.678505446047531e-05,0.004120288454503429,0.004310334563479971,1,0,0.0,5,10.00031050737503,0.0,0.0,0.0,0.0,0.0,0.0,,0.0,0.0,0.0,0.004310334563479971,0.0,0.0,0.0,0,0.0,0.0
2023-09-15,178.33999633789062,0.006603816566220333,1923.699951171875,0.0071727493046465085,-0.0005689327384261755,0.0005689327384261755,0.004485771520620906,0.004721986478810008,0,0,0.0,5,11.715996444840854,0.0,0.0,0.0,0.0,0.0,0.0,,0.0,0.0,0.0,0.004721986478810008,0.0,0.0,0.0,0,0.0,0.0
2023-09-18,179.38999938964844,0.005887647601878543,1931.5,0.0040547117669642585,0.0018329358349142844,0.0018329358349142844,0.0046941826120562745,0.004688647519357592,1,0,0.0,5,7.4150598981756985,0.0,0.0,0.0,0.0,0.0,0.0,,0.0,0.0,0.0,0.0046941826120562745,0.0,0.0,0.0,0,0.0,0.0
2023-09-19,179.22000122070312,-0.0009476457412548323,1932.0,0.00025886616619197333,-0.0012065119074468056,0.0012065119074468056,0.004669851817713515,0.0046228365631608564,0,0,0.0,5,2.94476011873851,0.0,0.0,0.0,0.0,0.0,0.0,,0.0,0.0,0.0,0.004669851817713515,0.0,0.0,0.0,0,0.0,0.0
2023-09-20,179.35000610351562,0.0007253927124595272,1945.5999755859375,0.0070393248374418516,-0.006313932124982324,0.006313932124982324,0.003896015277937842,0.004283412656664405,0,1,1.0,5,105.27129726810985,527.0,-5.0,-94517.45321655273,9727.999877929688,0.0,0.0,Opened,-94517.45321655273,9727.999877929688,0.0,0.004283412656664405,104245.45309448242,0.0,0.0,0,0.0,104245.45309448242
2023-09-21,178.0500030517578,-0.007248413758109917,1919.199951171875,-0.0135690916659843,0.0063206779078743835,0.0063206779078743835,0.004215805185074465,0.005447293137444632,1,0,-1.0,5,20.17836802941366,-527.0,5.0,93832.35160827637,-9595.999755859375,-685.1016082763672,132.0001220703125,Closed,93832.35160827637,-9595.999755859375,-553.1014862060547,0.005447293137444632,103428.35136413574,-553.1014862060547,-0.005347677681323317,0,-553.1014862060547,0.0
2023-09-22,178.6199951171875,0.0032013033173832195,1925.4000244140625,0.0032305509586958436,-2.924764131262414e-05,2.924764131262414e-05,0.004333080284628726,0.005504299596013021,0,0,0.0,5,10.877790020406122,0.0,0.0,0.0,0.0,0.0,0.0,,0.0,0.0,0.0,0.005504299596013021,0.0,0.0,0.0,0,0.0,0.0
2023-09-25,177.6999969482422,-0.005150588926742139,1916.5999755859375,-0.004570504163571409,-0.0005800847631707295,0.0005800847631707295,0.00448192285243282,0.005592189313647413,0,0,0.0,5,9.570866908546837,0.0,0.0,0.0,0.0,0.0,0.0,,0.0,0.0,0.0,0.005592189313647413,0.0,0.0,0.0,0,0.0,0.0
2023-09-26,176.27999877929688,-0.007990985893820302,1900.4000244140625,-0.008452442543166794,0.0004614566493464922,0.0004614566493464922,0.00446230972843403,0.005717747541519024,1,0,0.0,5,11.403124125359941,0.0,0.0,0.0,0.0,0.0,0.0,,0.0,0.0,0.0,0.005717747541519024,0.0,0.0,0.0,0,0.0,0.0
2023-09-27,174.10000610351562,-0.012366647894697436,1871.5999755859375,-0.01515472977169885,0.0027880818770014137,0.0027880818770014137,0.005300398941755928,0.006773601957254974,1,0,0.0,5,13.173781185449048,0.0,0.0,0.0,0.0,0.0,0.0,,0.0,0.0,0.0,0.006773601957254974,0.0,0.0,0.0,0,0.0,0.0
2023-09-28,173.22999572753906,-0.004997187509914736,1860.4000244140625,-0.005984158643926429,0.0009869711340116938,0.0009869711340116938,0.005329997765045911,0.006853638188942327,1,0,0.0,5,12.86058412157144,0.0,0.0,0.0,0.0,0.0,0.0,,0.0,0.0,0.0,0.006853638188942327,0.0,0.0,0.0,0,0.0,0.0
2023-09-29,171.4499969482422,-0.01027534966921384,1848.0999755859375,-0.006611507561121943,-0.003663842108091897,0.003663842108091897,0.005715940980098696,0.006915620418813055,0,0,0.0,5,6.935725057342855,0.0,0.0,0.0,0.0,0.0,0.0,,0.0,0.0,0.0,0.006915620418813055,0.0,0.0,0.0,0,0.0,0.0
2023-10-02,169.64999389648438,-0.010498705650611395,1830.0,-0.009793829243571639,-0.0007048764070397562,0.0007048764070397562,0.0059281184478818605,0.007009967745704857,0,0,0.0,5,10.062688049470175,0.0,0.0,0.0,0.0,0.0,0.0,,0.0,0.0,0.0,0.007009967745704857,0.0,0.0,0.0,0,0.0,0.0
2023-10-03,169.16000366210938,-0.0028882419805683623,1824.5999755859375,-0.0029508330131489124,6.25910325805501e-05,6.25910325805501e-05,0.005907208602758712,0.0069622891455190326,1,0,0.0,5,11.01998583464115,0.0,0.0,0.0,0.0,0.0,0.0,,0.0,0.0,0.0,0.0069622891455190326,0.0,0.0,0.0,0,0.0,0.0
2023-10-04,169.13999938964844,-0.00011825651470720455,1818.5,-0.003343185173494634,0.0032249286587874293,0.0032249286587874293,0.005957243948708588,0.006942170133438848,1,0,0.0,5,303.9501329083338,0.0,0.0,0.0,0.0,0.0,0.0,,0.0,0.0,0.0,0.006942170133438848,0.0,0.0,0.0,0,0.0,0.0
2023-10-05,168.8300018310547,-0.0018327868021307259,1816.5999755859375,-0.0010448305823824722,-0.0007879562197482537,0.0007879562197482537,0.005887993452027456,0.006895563880215472,0,0,0.0,5,6.133997660216072,0.0,0.0,0.0,0.0,0.0,0.0,,0.0,0.0,0.0,0.006895563880215472,0.0,0.0,0.0,0,0.0,0.0
2023-10-06,169.6999969482422,0.005153083621109555,1830.199951171875,0.00748649992772954,-0.0023334163066199842,0.0023334163066199842,0.005725241141894422,0.0069300376980712146,0,0,0.0,5,15.66853310985165,0.0,0.0,0.0,0.0,0.0,0.0,,0.0,0.0,0.0,0.0069300376980712146,0.0,0.0,0.0,0,0.0,0.0
2023-10-09,172.82000732421875,0.01838544744893622,1849.5,0.01054532255656948,0.00784012489236674,0.00784012489236674,0.0077186039246954505,0.007592602011112883,1,1,1.0,5,6.138269906983511,-31.0,5.0,5357.420227050781,-9247.5,0.0,0.0,Opened,5357.420227050781,-9247.5,0.0,0.0077186039246954505,14604.920227050781,0.0,0.0,0,0.0,14604.920227050781
2023-10-10,172.52999877929688,-0.0016780958953311886,1861.0,0.00621789672884554,-0.007895992624176729,0.007895992624176729,0.00771070383129601,0.007916490833147856,0,0,-1.0,5,39.967638029809585,31.0,-5.0,-5348.429962158203,9305.0,8.990264892578125,57.5,Closed,-5348.429962158203,9305.0,66.49026489257812,0.007916490833147856,14653.429962158203,66.49026489257812,0.004537522277329343,0,66.49026489257812,0.0
2023-10-11,173.7899932861328,0.007303045938392039,1872.800048828125,0.00634070329292058,0.000962342645471459,0.000962342645471459,0.008085488430995897,0.007858430759781173,1,0,0.0,5,9.356211796027115,0.0,0.0,0.0,0.0,0.0,0.0,,0.0,0.0,0.0,0.008085488430995897,0.0,0.0,0.0,0,0.0,0.0
2023-10-12,173.25999450683594,-0.0030496507265770356,1869.300048828125,-0.0018688594130430447,-0.001180791313533991,0.001180791313533991,0.007965073330279009,0.007238570909436829,0,0,0.0,5,6.611610344279946,0.0,0.0,0.0,0.0,0.0,0.0,,0.0,0.0,0.0,0.007965073330279009,0.0,0.0,0.0,0,0.0,0.0
2023-10-13,178.8300018310547,0.03214825984540237,1927.4000244140625,0.03108113950051017,0.0010671203448922029,0.0010671203448922029,0.011829276951949541,0.011128549795455195,1,0,0.0,5,10.42007732511637,0.0,0.0,0.0,0.0,0.0,0.0,,0.0,0.0,0.0,0.011829276951949541,0.0,0.0,0.0,0,0.0,0.0
2023-10-16,177.9600067138672,-0.004864928190345896,1921.0999755859375,-0.003268677362417427,-0.0015962508279284693,0.0015962508279284693,0.011820372815699191,0.011094326823644264,0,0,0.0,5,7.253091798726466,0.0,0.0,0.0,0.0,0.0,0.0,,0.0,0.0,0.0,0.011820372815699191,0.0,0.0,0.0,0,0.0,0.0
2023-10-17,178.2899932861328,0.001854273768354009,1922.699951171875,0.0008328434783564376,0.0010214302899975714,0.0010214302899975714,0.011606737484775384,0.010832225156724376,1,0,0.0,5,4.843664807934567,0.0,0.0,0.0,0.0,0.0,0.0,,0.0,0.0,0.0,0.011606737484775384,0.0,0.0,0.0,0,0.0,0.0
2023-10-18,180.8699951171875,0.014470816805260078,1955.300048828125,0.016955374465152717,-0.002484557659892639,0.002484557659892639,0.011497085221153672,0.01061788787760415,0,0,0.0,5,12.666634075302266,0.0,0.0,0.0,0.0,0.0,0.0,,0.0,0.0,0.0,0.011497085221153672,0.0,0.0,0.0,0,0.0,0.0
2023-10-19,183.08999633789062,0.012274016037125302,1968.4000244140625,0.006699726517057414,0.005574289520067888,0.005574289520067888,0.01154583198779728,0.010355426000693212,1,0,0.0,5,5.868392245170116,0.0,0.0,0.0,0.0,0.0,0.0,,0.0,0.0,0.0,0.01154583198779728,0.0,0.0,0.0,0,0.0,0.0
2023-10-20,183.58999633789062,0.0027308974274993236,1982.5,0.007163165723966358,-0.004432268296467035,0.004432268296467035,0.010886122974720447,0.009967947327153413,0,0,0.0,5,28.32460051683988,0.0,0.0,0.0,0.0,0.0,0.0,,0.0,0.0,0.0,0.010886122974720447,0.0,0.0,0.0,0,0.0,0.0
2023-10-23,182.97000122070312,-0.0033770637265356784,1976.300048828125,-0.0031273398092686033,-0.0002497239172670751,0.0002497239172670751,0.010319950628202316,0.009406615952795419,0,0,0.0,5,10.002505701084788,0.0,0.0,0.0,0.0,0.0,0.0,,0.0,0.0,0.0,0.010319950628202316,0.0,0.0,0.0,0,0.0,0.0
2023-10-24,182.9499969482422,-0.0001093308866343401,1975.0,-0.0006578195597859438,0.0005484886731516037,0.0005484886731516037,0.010190421345661943,0.009282838632962727,1,0,0.0,5,64.95290896665904,0.0,0.0,0.0,0.0,0.0,0.0,,0.0,0.0,0.0,0.010190421345661943,0.0,0.0,0.0,0,0.0,0.0
2023-10-25,183.72000122070312,0.004208823642007475,1984.0999755859375,0.004607582575158142,-0.0003987589331506669,0.0003987589331506669,0.010087233291178867,0.008973823245485641,0,0,0.0,5,11.822777352734043,0.0,0.0,0.0,0.0,0.0,0.0,,0.0,0.0,0.0,0.010087233291178867,0.0,0.0,0.0,0,0.0,0.0
2023-10-26,184.00999450683594,0.0015784524505007003,1987.199951171875,0.0015624089632992888,1.6043487201411466e-05,1.6043487201411466e-05,0.009945770455060362,0.008854904485185023,1,0,0.0,5,10.689647237138898,0.0,0.0,0.0,0.0,0.0,0.0,,0.0,0.0,0.0,0.009945770455060362,0.0,0.0,0.0,0,0.0,0.0
2023-10-27,186.14999389648438,0.011629799758343662,1988.5999755859375,0.0007045211596532486,0.010925278598690413,0.010925278598690413,0.010055574926291255,0.008948312427911635,1,1,1.0,5,0.6471518657571864,-4.0,5.0,744.5999755859375,-9942.999877929688,0.0,0.0,Opened,744.5999755859375,-9942.999877929688,0.0,0.010055574926291255,10687.599853515625,0.0,0.0,0,0.0,10687.599853515625
2023-10-30,185.10000610351562,-0.00564054701797434,1996.199951171875,0.0038217719396773653,-0.009462318957651705,0.009462318957651705,0.009893906528376954,0.008849996810203905,0,0,-1.0,5,7.307034388602385,4.0,-5.0,-740.4000244140625,9980.999755859375,4.199951171875,37.9998779296875,Closed,-740.4000244140625,9980.999755859375,42.1998291015625,0.009893906528376954,10721.399780273438,42.1998291015625,0.0039360372681193165,0,42.1998291015625,0.0
2023-10-31,184.08999633789062,-0.005456562573315948,1985.199951171875,-0.0055104700275854235,5.3907454269475075e-05,5.3907454269475075e-05,0.010111735708924409,0.00925649942829088,1,0,0.0,5,10.890393478325379,0.0,0.0,0.0,0.0,0.0,0.0,,0.0,0.0,0.0,0.010111735708924409,0.0,0.0,0.0,0,0.0,0.0
2023-11-01,183.50999450683594,-0.003150642851826202,1978.800048828125,-0.0032238074255301896,7.316457370398766e-05,7.316457370398766e-05,0.010255111217894663,0.009437651452417116,1,0,0.0,5,11.03346968068602,0.0,0.0,0.0,0.0,0.0,0.0,,0.0,0.0,0.0,0.010255111217894663,0.0,0.0,0.0,0,0.0,0.0
2023-11-02,184.1199951171875,0.0033240729584831374,1985.5999755859375,0.003436389018607322,-0.0001123160601241846,0.0001123160601241846,0.010086882806153781,0.009311891530904608,0,0,0.0,5,11.148657645696359,0.0,0.0,0.0,0.0,0.0,0.0,,0.0,0.0,0.0,0.010086882806153781,0.0,0.0,0.0,0,0.0,0.0
2023-11-03,184.7899932861328,0.003638921283475316,1991.5,0.002971406369161267,0.0006675149143140491,0.0006675149143140491,0.00645983480241439,0.00556126350752145,1,0,0.0,5,8.800173810105255,0.0,0.0,0.0,0.0,0.0,0.0,,0.0,0.0,0.0,0.00645983480241439,0.0,0.0,0.0,0,0.0,0.0
2023-11-06,183.35000610351562,-0.007792560392528847,1981.5999755859375,-0.004971139550119297,-0.00282142084240955,0.00282142084240955,0.0067274623681420455,0.005696522979674289,0,0,0.0,5,6.894627981037242,0.0,0.0,0.0,0.0,0.0,0.0,,0.0,0.0,0.0,0.0067274623681420455,0.0,0.0,0.0,0,0.0,0.0
2023-11-07,182.58999633789062,-0.0041451308444239165,1966.800048828125,-0.007468675282677251,0.003323544438253334,0.003323544438253334,0.0069132949082733675,0.0062071629622452995,1,0,0.0,5,19.408347721901475,0.0,0.0,0.0,0.0,0.0,0.0,,0.0,0.0,0.0,0.0069132949082733675,0.0,0.0,0.0,0,0.0,0.0
2023-11-08,180.77000427246094,-0.00996764391222027,1951.5,-0.007779158251110085,-0.0021884856611101844,0.0021884856611101844,0.006535873828230684,0.004981244618901592,0,0,0.0,5,8.425239962900239,0.0,0.0,0.0,0.0,0.0,0.0,,0.0,0.0,0.0,0.006535873828230684,0.0,0.0,0.0,0,0.0,0.0
2023-11-09,181.49000549316406,0.003982968433291267,1964.199951171875,0.00650778948084807,-0.0025248210475568023,0.0025248210475568023,0.005722109473424592,0.00496269202543151,0,0,0.0,5,17.683149281094053,0.0,0.0,0.0,0.0,0.0,0.0,,0.0,0.0,0.0,0.005722109473424592,0.0,0.0,0.0,0,0.0,0.0
2023-11-10,179.50999450683594,-0.010909752197912126,1932.5999755859375,-0.016087962718400628,0.005178210520488502,0.005178210520488502,0.006222159015345916,0.0060366749127509275,1,0,0.0,5,15.875941905921179,0.0,0.0,0.0,0.0,0.0,0.0,,0.0,0.0,0.0,0.006222159015345916,0.0,0.0,0.0,0,0.0,0.0
2023-11-13,180.50999450683594,0.005570720464602941,1945.5,0.006674958386125196,-0.0011042379215222553,0.0011042379215222553,0.006451874013593936,0.006389187508890574,0,0,0.0,5,12.914190196594722,0.0,0.0,0.0,0.0,0.0,0.0,,0.0,0.0,0.0,0.006451874013593936,0.0,0.0,0.0,0,0.0,0.0
2023-11-14,182.1199951171875,0.008919177105678688,1961.800048828125,0.008378334015998412,0.0005408430896802763,0.0005408430896802763,0.006932405340890764,0.006836839606637635,1,0,0.0,5,10.118822868079935,0.0,0.0,0.0,0.0,0.0,0.0,,0.0,0.0,0.0,0.006932405340890764,0.0,0.0,0.0,0,0.0,0.0
2023-11-15,181.63999938964844,-0.002635601473798599,1960.0999755859375,-0.0008665884391241274,-0.0017690130346744715,0.0017690130346744715,0.0068404397255111505,0.006693615492269815,0,0,0.0,5,3.548132917838777,0.0,0.0,0.0,0.0,0.0,0.0,,0.0,0.0,0.0,0.0068404397255111505,0.0,0.0,0.0,0,0.0,0.0
2023-11-16,183.69000244140625,0.011286077178189302,1983.9000244140625,0.012142262703212614,-0.0008561855250233119,0.0008561855250233119,0.007502343839032357,0.007471424233325626,0,0,0.0,5,11.61959181099756,0.0,0.0,0.0,0.0,0.0,0.0,,0.0,0.0,0.0,0.007502343839032357,0.0,0.0,0.0,0,0.0,0.0
2023-11-17,183.6699981689453,-0.00010890234740634774,1981.5999755859375,-0.0011593572255760298,0.001050454878169682,0.001050454878169682,0.006768929106735775,0.007472860271684706,1,0,0.0,5,114.8570872523133,0.0,0.0,0.0,0.0,0.0,0.0,,0.0,0.0,0.0,0.007472860271684706,0.0,0.0,0.0,0,0.0,0.0
2023-11-20,183.3699951171875,-0.0016333808174913145,1977.699951171875,-0.0019681189251676834,0.0003347381076763689,0.0003347381076763689,0.006645248968874616,0.007398957800530808,1,0,0.0,5,12.995590440099205,0.0,0.0,0.0,0.0,0.0,0.0,,0.0,0.0,0.0,0.007398957800530808,0.0,0.0,0.0,0,0.0,0.0
2023-11-21,185.35000610351562,0.01079790063288577,1999.300048828125,0.01092182747107362,-0.0001239268381878489,0.0001239268381878489,0.007106899771564355,0.007823482472247838,0,0,0.0,5,10.91041718547477,0.0,0.0,0.0,0.0,0.0,0.0,,0.0,0.0,0.0,0.007823482472247838,0.0,0.0,0.0,0,0.0,0.0
2023-11-22,184.55999755859375,-0.004262252597287075,1991.4000244140625,-0.003951395098846233,-0.00031085749844084187,0.00031085749844084187,0.007153090394966541,0.007850432052796188,0,0,0.0,5,10.003044598255562,0.0,0.0,0.0,0.0,0.0,0.0,,0.0,0.0,0.0,0.007850432052796188,0.0,0.0,0.0,0,0.0,0.0
2023-11-24,185.52000427246094,0.005201596914642392,2002.199951171875,0.005372810028558828,-0.00017121311391643523,0.00017121311391643523,0.007223907626355908,0.007918638194218355,0,0,0.0,5,11.147602937957258,0.0,0.0,0.0,0.0,0.0,0.0,,0.0,0.0,0.0,0.007918638194218355,0.0,0.0,0.0,0,0.0,0.0
2023-11-27,186.77000427246094,0.006737817869841178,2011.800048828125,0.004794774693022585,0.001943043176818593,0.001943043176818593,0.007362173731366074,0.00797176874594232,1,0,0.0,5,7.665255275263596,0.0,0.0,0.0,0.0,0.0,0.0,,0.0,0.0,0.0,0.00797176874594232,0.0,0.0,0.0,0,0.0,0.0
2023-11-28,189.25999450683594,0.013331852960406732,2039.699951171875,0.013868128872947194,-0.0005362759125404626,0.0005362759125404626,0.007629778579658092,0.00848175590575838,0,0,0.0,5,11.210753824058848,0.0,0.0,0.0,0.0,0.0,0.0,,0.0,0.0,0.0,0.00848175590575838,0.0,0.0,0.0,0,0.0,0.0
2023-11-29,189.5399932861328,0.0014794398574642376,2047.0999755859375,0.00362799656381374,-0.0021485567063495026,0.0021485567063495026,0.007434305768317047,0.008074943273998525,0,0,0.0,5,26.48547367724471,0.0,0.0,0.0,0.0,0.0,0.0,,0.0,0.0,0.0,0.008074943273998525,0.0,0.0,0.0,0,0.0,0.0
2023-11-30,188.75,-0.004167950375202456,2038.0999755859375,-0.004396463341964529,0.00022851296676207333,0.00022851296676207333,0.00686771614467781,0.007804123477665477,1,0,0.0,5,11.38988765283442,0.0,0.0,0.0,0.0,0.0,0.0,,0.0,0.0,0.0,0.007804123477665477,0.0,0.0,0.0,0,0.0,0.0
2023-12-01,192.00999450683594,0.017271494075951965,2071.0,0.016142497820600843,0.0011289962553511224,0.0011289962553511224,0.007809120551565929,0.008486791103726715,1,0,0.0,5,10.080848596872308,0.0,0.0,0.0,0.0,0.0,0.0,,0.0,0.0,0.0,0.008486791103726715,0.0,0.0,0.0,0,0.0,0.0
2023-12-04,187.86000061035156,-0.02161342646325959,2024.0999755859375,-0.022646076491580125,0.0010326500283205364,0.0010326500283205364,0.00954465760778441,0.009659523099936774,1,0,0.0,5,11.289299305143519,0.0,0.0,0.0,0.0,0.0,0.0,,0.0,0.0,0.0,0.009659523099936774,0.0,0.0,0.0,0,0.0,0.0
2023-12-05,187.14999389648438,-0.0037794459254785195,2018.5,-0.0027666496978818733,-0.0010127962275966462,0.0010127962275966462,0.00967469109039977,0.009719391842006785,0,0,0.0,5,7.895233421822205,0.0,0.0,0.0,0.0,0.0,0.0,,0.0,0.0,0.0,0.009719391842006785,0.0,0.0,0.0,0,0.0,0.0
2023-12-06,187.83999633789062,0.0036868953454944897,2030.5,0.005945008669804297,-0.0022581133243098073,0.0022581133243098073,0.00951803366958451,0.009634197544195812,0,0,0.0,5,17.430369952367904,0.0,0.0,0.0,0.0,0.0,0.0,,0.0,0.0,0.0,0.009634197544195812,0.0,0.0,0.0,0,0.0,0.0
2023-12-07,188.14999389648438,0.0016503277504122948,2029.9000244140625,-0.0002954816970881513,0.0019458094475004462,0.0019458094475004462,0.009429439237223329,0.009621751691126407,1,0,0.0,5,1.9316606039470028,0.0,0.0,0.0,0.0,0.0,0.0,,0.0,0.0,0.0,0.009621751691126407,0.0,0.0,0.0,0,0.0,0.0
2023-12-08,185.63999938964844,-0.01334039111485108,1998.300048828125,-0.015567257109156851,0.002226865994305771,0.002226865994305771,0.009902260841571671,0.01025202351787571,1,0,0.0,5,12.56124471492673,0.0,0.0,0.0,0.0,0.0,0.0,,0.0,0.0,0.0,0.01025202351787571,0.0,0.0,0.0,0,0.0,0.0
2023-12-11,183.58999633789062,-0.011042895165362276,1978.0,-0.010158659026220707,-0.0008842361391415698,0.0008842361391415698,0.010361789664233286,0.010614736537770505,0,0,0.0,5,9.91130197647587,0.0,0.0,0.0,0.0,0.0,0.0,,0.0,0.0,0.0,0.010614736537770505,0.0,0.0,0.0,0,0.0,0.0
2023-12-12,183.49000549316406,-0.0005446421195114404,1977.800048828125,-0.00010108754897619754,-0.00044355457053524283,0.00044355457053524283,0.010353181592913723,0.010601850593853082,0,0,0.0,5,2.000582253388712,0.0,0.0,0.0,0.0,0.0,0.0,,0.0,0.0,0.0,0.010601850593853082,0.0,0.0,0.0,0,0.0,0.0
2023-12-13,187.6300048828125,0.022562533466176538,1982.300048828125,0.0022752552780380686,0.02028727818813847,0.02028727818813847,0.011593339648637532,0.010195959647431056,1,1,1.0,5,1.0653918467184351,-6.0,5.0,1125.780029296875,-9911.500244140625,0.0,0.0,Opened,1125.780029296875,-9911.500244140625,0.0,0.011593339648637532,11037.2802734375,0.0,0.0,0,0.0,11037.2802734375
2023-12-14,188.72999572753906,0.005862552982469849,2030.199951171875,0.02416380021383091,-0.018301247231361062,0.018301247231361062,0.011567397254892232,0.011953589955435015,0,0,-1.0,5,44.33802445589919,6.0,-5.0,-1132.3799743652344,10150.999755859375,-6.599945068359375,239.49951171875,Closed,-1132.3799743652344,10150.999755859375,232.89956665039062,0.011953589955435015,11283.37973022461,232.89956665039062,0.020640940234114984,0,232.89956665039062,0.0
2023-12-15,187.0,-0.009166511771857233,2021.0999755859375,-0.00448230509545855,-0.004684206676398683,0.004684206676398683,0.011835478752813594,0.01198751008440958,0,0,0.0,5,5.284981896105767,0.0,0.0,0.0,0.0,0.0,0.0,,0.0,0.0,0.0,0.01198751008440958,0.0,0.0,0.0,0,0.0,0.0
2023-12-18,187.85000610351562,0.004545487184575592,2026.300048828125,0.002572892635199775,0.001972594549375817,0.001972594549375817,0.011767547062129964,0.011946871702090679,1,0,0.0,5,6.105676182280567,0.0,0.0,0.0,0.0,0.0,0.0,,0.0,0.0,0.0,0.011946871702090679,0.0,0.0,0.0,0,0.0,0.0
2023-12-19,189.1300048828125,0.00681394057869511,2038.4000244140625,0.005971462909915681,0.0008424776687794289,0.0008424776687794289,0.011371533785155409,0.011482841046017558,1,0,0.0,5,9.4452048026851,0.0,0.0,0.0,0.0,0.0,0.0,,0.0,0.0,0.0,0.011482841046017558,0.0,0.0,0.0,0,0.0,0.0
2023-12-20,188.10000610351562,-0.005445982936102989,2034.5,-0.0019132772602784565,-0.0035327056758245323,0.0035327056758245323,0.0114481384549098,0.011447522132503588,0,0,0.0,5,3.7998855675984906,0.0,0.0,0.0,0.0,0.0,0.0,,0.0,0.0,0.0,0.0114481384549098,0.0,0.0,0.0,0,0.0,0.0
2023-12-21,189.42999267578125,0.007070635455129759,2039.0999755859375,0.002260985788123726,0.004809649667006033,0.004809649667006033,0.011554503568533343,0.01140843959255851,1,0,0.0,5,3.4421450146197126,0.0,0.0,0.0,0.0,0.0,0.0,,0.0,0.0,0.0,0.011554503568533343,0.0,0.0,0.0,0,0.0,0.0
2023-12-22,190.27000427246094,0.004434417088942322,2057.10009765625,0.008827483833959704,-0.004393066745017382,0.004393066745017382,0.010647668495164991,0.010814271014546057,0,0,0.0,5,21.522141804622777,0.0,0.0,0.0,0.0,0.0,0.0,,0.0,0.0,0.0,0.010814271014546057,0.0,0.0,0.0,0,0.0,0.0
2023-12-26,191.72000122070312,0.007620733251079592,2058.199951171875,0.0005346621279529451,0.007086071123126647,0.007086071123126647,0.009077276502761392,0.00889291399249334,1,0,0.0,5,0.7531869779234245,0.0,0.0,0.0,0.0,0.0,0.0,,0.0,0.0,0.0,0.009077276502761392,0.0,0.0,0.0,0,0.0,0.0
2023-12-27,192.58999633789062,0.004537842226414179,2081.89990234375,0.01151489249544535,-0.006977050269031171,0.006977050269031171,0.008992239060230587,0.009202624507416327,0,0,0.0,5,27.430682635371678,0.0,0.0,0.0,0.0,0.0,0.0,,0.0,0.0,0.0,0.009202624507416327,0.0,0.0,0.0,0,0.0,0.0
2023-12-28,191.47000122070312,-0.005815437657636813,2073.89990234375,-0.003842643919140354,-0.001972793738496459,0.001972793738496459,0.00919357024051844,0.009257597974816659,0,0,0.0,5,7.157062155931236,0.0,0.0,0.0,0.0,0.0,0.0,,0.0,0.0,0.0,0.009257597974816659,0.0,0.0,0.0,0,0.0,0.0
2023-12-29,191.1699981689453,-0.001566841018672216,2062.39990234375,-0.005545108511265995,0.003978267492593779,0.003978267492593779,0.00922269861969979,0.009426023201911504,1,0,0.0,5,38.180205371689354,0.0,0.0,0.0,0.0,0.0,0.0,,0.0,0.0,0.0,0.009426023201911504,0.0,0.0,0.0,0,0.0,0.0
2024-01-02,190.72000122070312,-0.002353909884146743,2064.39990234375,0.0009697440335054708,-0.003323653917652214,0.003323653917652214,0.008392747112964184,0.00822827152998927,0,0,0.0,5,4.459281334587938,0.0,0.0,0.0,0.0,0.0,0.0,,0.0,0.0,0.0,0.008392747112964184,0.0,0.0,0.0,0,0.0,0.0
2024-01-03,189.1300048828125,-0.008336809604204354,2034.199951171875,-0.01462892491788459,0.0062921153136802355,0.0062921153136802355,0.008120858987378982,0.008771036116399787,1,0,0.0,5,18.87320831491179,0.0,0.0,0.0,0.0,0.0,0.0,,0.0,0.0,0.0,0.008771036116399787,0.0,0.0,0.0,0,0.0,0.0
2024-01-04,189.32000732421875,0.0010046128932528209,2042.300048828125,0.003981957452896312,-0.002977344559643491,0.002977344559643491,0.008095798980079113,0.008767681929712133,0,0,0.0,5,42.758346545952314,0.0,0.0,0.0,0.0,0.0,0.0,,0.0,0.0,0.0,0.008767681929712133,0.0,0.0,0.0,0,0.0,0.0
2024-01-05,189.35000610351562,0.00015845540955172766,2042.4000244140625,4.895244750890981e-05,0.00010950296204281784,0.00010950296204281784,0.005793945709100684,0.00878473391107852,1,0,0.0,5,3.332290259547062,0.0,0.0,0.0,0.0,0.0,0.0,,0.0,0.0,0.0,0.00878473391107852,0.0,0.0,0.0,0,0.0,0.0
2024-01-08,187.8699951171875,-0.007816271130823282,2026.5999755859375,-0.007736020681187505,-8.025044963577699e-05,8.025044963577699e-05,0.005983935804265056,0.006643827592194686,0,0,0.0,5,10.67649289357837,0.0,0.0,0.0,0.0,0.0,0.0,,0.0,0.0,0.0,0.006643827592194686,0.0,0.0,0.0,0,0.0,0.0
2024-01-09,187.92999267578125,0.0003193567900841021,2026.4000244140625,-9.866336439545709e-05,0.0004180201544795592,0.0004180201544795592,0.005456591323508206,0.0065326664562686525,1,0,0.0,5,3.3312624650801945,0.0,0.0,0.0,0.0,0.0,0.0,,0.0,0.0,0.0,0.0065326664562686525,0.0,0.0,0.0,0,0.0,0.0
2024-01-10,187.5,-0.00228804710551489,2021.699951171875,-0.0023194202455394386,3.137314002454872e-05,3.137314002454872e-05,0.0053653171604835835,0.006527569080363219,1,0,0.0,5,10.930245356928907,0.0,0.0,0.0,0.0,0.0,0.0,,0.0,0.0,0.0,0.006527569080363219,0.0,0.0,0.0,0,0.0,0.0
2024-01-11,187.8699951171875,0.0019733072916665595,2014.300048828125,-0.003660237682382439,0.0056335449740489985,0.0056335449740489985,0.005055699106076962,0.0063558048955981265,1,0,0.0,5,19.887550996957835,0.0,0.0,0.0,0.0,0.0,0.0,,0.0,0.0,0.0,0.0063558048955981265,0.0,0.0,0.0,0,0.0,0.0
2024-01-12,189.7100067138672,0.009794068475553752,2046.699951171875,0.016084943433625654,-0.0062908749580719014,0.0062908749580719014,0.00548920017269621,0.0076851775634502505,0,0,0.0,5,17.71823027375379,0.0,0.0,0.0,0.0,0.0,0.0,,0.0,0.0,0.0,0.0076851775634502505,0.0,0.0,0.0,0,0.0,0.0
2024-01-16,187.91000366210938,-0.009488181898979597,2026.0,-0.01011381817839141,0.000625636279411812,0.000625636279411812,0.005750021735948523,0.008125722803457235,1,0,0.0,5,11.49268966858047,0.0,0.0,0.0,0.0,0.0,0.0,,0.0,0.0,0.0,0.008125722803457235,0.0,0.0,0.0,0,0.0,0.0
2024-01-17,185.83999633789062,-0.01101595063528893,2002.5999755859375,-0.011549863975351626,0.0005339133400626972,0.0005339133400626972,0.0061675197600478205,0.008176281643969717,1,0,0.0,5,11.298216867894526,0.0,0.0,0.0,0.0,0.0,0.0,,0.0,0.0,0.0,0.008176281643969717,0.0,0.0,0.0,0,0.0,0.0
2024-01-18,187.3699951171875,0.008232882099906247,2018.5999755859375,0.007989613599849621,0.00024326850005662592,0.00024326850005662592,0.006234211687596299,0.008543863035838492,1,0,0.0,5,10.455001470326332,0.0,0.0,0.0,0.0,0.0,0.0,,0.0,0.0,0.0,0.008543863035838492,0.0,0.0,0.0,0,0.0,0.0
2024-01-19,187.92999267578125,0.00298872590696031,2026.5,0.003913615629451028,-0.0009248897224907182,0.0009248897224907182,0.006138958927165427,0.007935805556800653,0,0,0.0,5,14.12025672540562,0.0,0.0,0.0,0.0,0.0,0.0,,0.0,0.0,0.0,0.007935805556800653,0.0,0.0,0.0,0,0.0,0.0
2024-01-22,187.22000122070312,-0.003777957126316789,2019.800048828125,-0.0033061688486922813,-0.0004717882776245075,0.0004717882776245075,0.0060614079089578825,0.007926987160991161,0,0,0.0,5,9.44113350887237,0.0,0.0,0.0,0.0,0.0,0.0,,0.0,0.0,0.0,0.007926987160991161,0.0,0.0,0.0,0,0.0,0.0
2024-01-23,187.9499969482422,0.0038991332271092194,2023.699951171875,0.0019308358498222322,0.001968297377286987,0.001968297377286987,0.006217975465821132,0.007905060662636498,1,0,0.0,5,5.331888726893209,0.0,0.0,0.0,0.0,0.0,0.0,,0.0,0.0,0.0,0.007905060662636498,0.0,0.0,0.0,0,0.0,0.0
2024-01-24,186.39999389648438,-0.008246890539639895,2013.9000244140625,-0.004842578936733011,-0.0034043116029068843,0.0034043116029068843,0.006482467290502511,0.00793178842371815,0,0,0.0,5,6.344223756002216,0.0,0.0,0.0,0.0,0.0,0.0,,0.0,0.0,0.0,0.00793178842371815,0.0,0.0,0.0,0,0.0,0.0
2024-01-25,187.13999938964844,0.003969986681303217,2016.9000244140625,0.0014896469356133757,0.0024803397456898413,0.0024803397456898413,0.006333349195964984,0.007090815912809222,1,0,0.0,5,4.044008365265315,0.0,0.0,0.0,0.0,0.0,0.0,,0.0,0.0,0.0,0.007090815912809222,0.0,0.0,0.0,0,0.0,0.0
2024-01-26,187.00999450683594,-0.0006946931881827156,2016.800048828125,-4.9568934864074876e-05,-0.0006451242533186408,0.0006451242533186408,0.00631611959990887,0.0069825158381074575,0,0,0.0,5,0.7695105390278816,0.0,0.0,0.0,0.0,0.0,0.0,,0.0,0.0,0.0,0.0069825158381074575,0.0,0.0,0.0,0,0.0,0.0
2024-01-29,188.3300018310547,0.0070584854445867595,2025.199951171875,0.004164965361157513,0.0028935200834292463,0.0028935200834292463,0.006634126995720152,0.0070987833380332325,1,0,0.0,5,6.3452431361540444,0.0,0.0,0.0,0.0,0.0,0.0,,0.0,0.0,0.0,0.0070987833380332325,0.0,0.0,0.0,0,0.0,0.0
2024-01-30,188.58999633789062,0.0013805262268788976,2031.5,0.003110828056498649,-0.0017303018296197514,0.0017303018296197514,0.006310875317180358,0.006861925518611916,0,0,0.0,5,24.273338935471532,0.0,0.0,0.0,0.0,0.0,0.0,,0.0,0.0,0.0,0.006861925518611916,0.0,0.0,0.0,0,0.0,0.0
2024-01-31,188.4499969482422,-0.0007423479101065222,2048.39990234375,0.008318928055008667,-0.00906127596511519,0.00906127596511519,0.006316277593029331,0.007174336960239781,0,1,1.0,5,121.80875094638434,610.0,-5.0,-114954.49813842773,10241.99951171875,0.0,0.0,Opened,-114954.49813842773,10241.99951171875,0.0,0.007174336960239781,125196.49765014648,0.0,0.0,0,0.0,125196.49765014648
2024-02-01,190.41000366210938,0.01040067256889099,2053.0,0.002245702926946258,0.008154969641944732,0.008154969641944732,0.006790708028623723,0.007131798590522181,1,0,-1.0,5,2.3280380206148976,-610.0,5.0,116150.10223388672,-10265.0,1195.6040954589844,-23.00048828125,Closed,116150.10223388672,-10265.0,1172.6036071777344,0.007131798590522181,126415.10223388672,1172.6036071777344,0.009275818999918566,0,1172.6036071777344,0.0
2024-02-02,188.61000061035156,-0.009453300862028224,2036.0999755859375,-0.008231867712646168,-0.0012214331493820563,0.0012214331493820563,0.007301304086315722,0.007438485876308768,0,0,0.0,5,9.400463875480963,0.0,0.0,0.0,0.0,0.0,0.0,,0.0,0.0,0.0,0.007438485876308768,0.0,0.0,0.0,0,0.0,0.0
2024-02-05,187.57000732421875,-0.005513988032274764,2025.699951171875,-0.005107816187203462,-0.00040617184507130144,0.00040617184507130144,0.006938359079632488,0.006231134310787132,0,0,0.0,5,10.004172306893066,0.0,0.0,0.0,0.0,0.0,0.0,,0.0,0.0,0.0,0.006938359079632488,0.0,0.0,0.0,0,0.0,0.0
2024-02-06,188.5500030517578,0.005224693124019186,2034.5,0.004344201530455782,0.0008804915935634039,0.0008804915935634039,0.006646141302298567,0.005766748110614131,1,0,0.0,5,8.971815370692592,0.0,0.0,0.0,0.0,0.0,0.0,,0.0,0.0,0.0,0.006646141302298567,0.0,0.0,0.0,0,0.0,0.0
2024-02-07,188.5,-0.0002651978305409086,2035.199951171875,0.0003440408807446893,-0.0006092387112855979,0.0006092387112855979,0.005880309932566131,0.004749835753825692,0,0,0.0,5,14.006699545810884,0.0,0.0,0.0,0.0,0.0,0.0,,0.0,0.0,0.0,0.005880309932566131,0.0,0.0,0.0,0,0.0,0.0
2024-02-08,188.3300018310547,-0.0009018470501077624,2032.199951171875,-0.0014740566391389098,0.0005722095890311474,0.0005722095890311474,0.005536730408459919,0.0043818390538147775,1,0,0.0,5,17.637141860413095,0.0,0.0,0.0,0.0,0.0,0.0,,0.0,0.0,0.0,0.005536730408459919,0.0,0.0,0.0,0,0.0,0.0
2024-02-09,187.60000610351562,-0.003876152075832917,2023.300048828125,-0.00437944225843423,0.0005032901826013125,0.0005032901826013125,0.005586978817376977,0.004437345070661493,1,0,0.0,5,12.185558551844956,0.0,0.0,0.0,0.0,0.0,0.0,,0.0,0.0,0.0,0.005586978817376977,0.0,0.0,0.0,0,0.0,0.0
2024-02-12,187.11000061035156,-0.0026119694947860372,2018.199951171875,-0.0025206828118271574,-9.128668295887987e-05,9.128668295887987e-05,0.00554010497144026,0.0044012453929301865,0,0,0.0,5,10.40919850419324,0.0,0.0,0.0,0.0,0.0,0.0,,0.0,0.0,0.0,0.00554010497144026,0.0,0.0,0.0,0,0.0,0.0
2024-02-13,184.52999877929688,-0.013788690196348319,1992.9000244140625,-0.012535887112236854,-0.0012528030841114646,0.0012528030841114646,0.006452500806739558,0.0054076293028051696,0,0,0.0,5,9.818623162827508,0.0,0.0,0.0,0.0,0.0,0.0,,0.0,0.0,0.0,0.006452500806739558,0.0,0.0,0.0,0,0.0,0.0
2024-02-14,184.4199981689453,-0.0005961123453055439,1990.300048828125,-0.0013046191751149294,0.0007085068298093855,0.0007085068298093855,0.006151378400542661,0.005304617715562999,1,0,0.0,5,23.619254278865636,0.0,0.0,0.0,0.0,0.0,0.0,,0.0,0.0,0.0,0.006151378400542661,0.0,0.0,0.0,0,0.0,0.0
2024-02-15,185.66000366210938,0.0067238125229136525,2002.0999755859375,0.005928717514105619,0.0007950950088080333,0.0007950950088080333,0.006338758123612883,0.005557618815355726,1,0,0.0,5,9.50851219760525,0.0,0.0,0.0,0.0,0.0,0.0,,0.0,0.0,0.0,0.006338758123612883,0.0,0.0,0.0,0,0.0,0.0
2024-02-16,186.33999633789062,0.0036625695484677756,2011.5,0.00469508242779515,-0.0010325128793273741,0.0010325128793273741,0.006428908050180479,0.0057164011733888565,0,0,0.0,5,13.837935286054558,0.0,0.0,0.0,0.0,0.0,0.0,,0.0,0.0,0.0,0.006428908050180479,0.0,0.0,0.0,0,0.0,0.0
2024-02-20,187.47000122070312,0.006064210073093879,2027.5,0.007954262987819982,-0.0018900529147261036,0.0018900529147261036,0.006353183764816818,0.005997982056488394,0,0,0.0,5,14.185831237546445,0.0,0.0,0.0,0.0,0.0,0.0,,0.0,0.0,0.0,0.006353183764816818,0.0,0.0,0.0,0,0.0,0.0
2024-02-21,187.47999572753906,5.331256612173263e-05,2022.300048828125,-0.0025647108122688334,0.002618023378390566,0.002618023378390566,0.006337535872792873,0.005972938836064226,1,0,0.0,5,518.9188810435292,0.0,0.0,0.0,0.0,0.0,0.0,,0.0,0.0,0.0,0.006337535872792873,0.0,0.0,0.0,0,0.0,0.0
2024-02-22,187.55999755859375,0.00042672195902415666,2019.699951171875,-0.0012857130957182328,0.0017124350547423894,0.0017124350547423894,0.006339879588200291,0.005478992659350326,1,0,0.0,5,32.44484560948904,0.0,0.0,0.0,0.0,0.0,0.0,,0.0,0.0,0.0,0.006339879588200291,0.0,0.0,0.0,0,0.0,0.0
2024-02-23,188.6199951171875,0.005651511902278639,2038.5999755859375,0.009357837733815932,-0.0037063258315372938,0.0037063258315372938,0.005868562429070651,0.0060509689083247725,0,0,0.0,5,17.895966124951492,0.0,0.0,0.0,0.0,0.0,0.0,,0.0,0.0,0.0,0.0060509689083247725,0.0,0.0,0.0,0,0.0,0.0
2024-02-26,188.1999969482422,-0.0022266895335479875,2028.5,-0.004954368540613041,0.0027276790070650536,0.0027276790070650536,0.0053661442573165975,0.005804113559223723,1,0,0.0,5,23.98192506122088,0.0,0.0,0.0,0.0,0.0,0.0,,0.0,0.0,0.0,0.005804113559223723,0.0,0.0,0.0,0,0.0,0.0
2024-02-27,188.0,-0.0010626830578386315,2034.0,0.002711363076164597,-0.0037740461340032283,0.0037740461340032283,0.005166601690873843,0.005684981778939363,0,0,0.0,5,27.604317886388905,0.0,0.0,0.0,0.0,0.0,0.0,,0.0,0.0,0.0,0.005684981778939363,0.0,0.0,0.0,0,0.0,0.0
2024-02-28,188.33999633789062,0.00180849115899262,2033.0,-0.000491642084562427,0.002300133243555047,0.002300133243555047,0.005000260681080062,0.005574557845334837,1,0,0.0,5,2.9344551920989264,0.0,0.0,0.0,0.0,0.0,0.0,,0.0,0.0,0.0,0.005574557845334837,0.0,0.0,0.0,0,0.0,0.0
2024-02-29,189.30999755859375,0.005150266749304189,2045.699951171875,0.0062469017077595446,-0.0010966349584553559,0.0010966349584553559,0.005176968719150748,0.005806716266447444,0,0,0.0,5,13.10700105280929,0.0,0.0,0.0,0.0,0.0,0.0,,0.0,0.0,0.0,0.005806716266447444,0.0,0.0,0.0,0,0.0,0.0
2024-03-01,192.88999938964844,0.018910791174389097,2086.89990234375,0.020139782057614797,-0.0012289908832257002,0.0012289908832257002,0.007040815800372865,0.007694303863200003,0,0,0.0,5,11.522241529104406,0.0,0.0,0.0,0.0,0.0,0.0,,0.0,0.0,0.0,0.007694303863200003,0.0,0.0,0.0,0,0.0,0.0
2024-03-04,196.00999450683594,0.016174996770490724,2117.699951171875,0.014758757137097955,0.0014162396333927685,0.0014162396333927685,0.007786841411642645,0.008168607852017673,1,0,0.0,5,9.858067641034847,0.0,0.0,0.0,0.0,0.0,0.0,,0.0,0.0,0.0,0.008168607852017673,0.0,0.0,0.0,0,0.0,0.0
2024-03-05,197.19000244140625,0.006020141664404566,2133.5,0.00746094781717388,-0.001440806152769314,0.001440806152769314,0.007663955947638152,0.008086299781384646,0,0,0.0,5,13.40895848653187,0.0,0.0,0.0,0.0,0.0,0.0,,0.0,0.0,0.0,0.008086299781384646,0.0,0.0,0.0,0,0.0,0.0
2024-03-06,198.80999755859375,0.008215401882095241,2150.300048828125,0.007874407700082076,0.00034099418201316567,0.00034099418201316567,0.006047301198794143,0.00676021320643466,1,0,0.0,5,10.3669243266643,0.0,0.0,0.0,0.0,0.0,0.0,,0.0,0.0,0.0,0.00676021320643466,0.0,0.0,0.0,0,0.0,0.0
2024-03-07,199.94000244140625,0.005683843351386164,2158.0,0.003580872900073251,0.0021029704513129133,0.0021029704513129133,0.005846362590275712,0.006543735076699077,1,0,0.0,5,6.799837802433048,0.0,0.0,0.0,0.0,0.0,0.0,,0.0,0.0,0.0,0.006543735076699077,0.0,0.0,0.0,0,0.0,0.0
2024-03-08,201.6300048828125,0.008452547868211147,2178.60009765625,0.009545921064064045,-0.001093373195852898,0.001093373195852898,0.005890831512940242,0.006629611381072986,0,0,0.0,5,12.20260513213291,0.0,0.0,0.0,0.0,0.0,0.0,,0.0,0.0,0.0,0.006629611381072986,0.0,0.0,0.0,0,0.0,0.0
2024-03-11,202.0,0.00183502012710135,2182.5,0.0017900955517011763,4.4924575400173694e-05,4.4924575400173694e-05,0.005950858848227805,0.0067021169072688696,1,0,0.0,5,10.539943048022293,0.0,0.0,0.0,0.0,0.0,0.0,,0.0,0.0,0.0,0.0067021169072688696,0.0,0.0,0.0,0,0.0,0.0
2024-03-12,199.7899932861328,-0.01094062729637224,2160.39990234375,-0.010126047036082442,-0.0008145802602897989,0.0008145802602897989,0.007287138183358469,0.007765809945774972,0,0,0.0,5,10.008249728799129,0.0,0.0,0.0,0.0,0.0,0.0,,0.0,0.0,0.0,0.007765809945774972,0.0,0.0,0.0,0,0.0,0.0
2024-03-13,201.19000244140625,0.00700740378557585,2175.39990234375,0.006943158988170106,6.424479740574363e-05,6.424479740574363e-05,0.007220144347296368,0.007553250095730557,1,0,0.0,5,10.713532106122123,0.0,0.0,0.0,0.0,0.0,0.0,,0.0,0.0,0.0,0.007553250095730557,0.0,0.0,0.0,0,0.0,0.0
2024-03-14,200.35000610351562,-0.004175139558116325,2163.0,-0.005700056495539285,0.0015249169374229599,0.0015249169374229599,0.0075085413213887555,0.007890102489422488,1,0,0.0,5,14.739247882640218,0.0,0.0,0.0,0.0,0.0,0.0,,0.0,0.0,0.0,0.007890102489422488,0.0,0.0,0.0,0,0.0,0.0
2024-03-15,199.7100067138672,-0.00319440663913817,2157.300048828125,-0.0026352062745608196,-0.0005592003645773502,0.0005592003645773502,0.007749574623795999,0.007981652715543304,0,0,0.0,5,8.911178500200593,0.0,0.0,0.0,0.0,0.0,0.0,,0.0,0.0,0.0,0.007981652715543304,0.0,0.0,0.0,0,0.0,0.0
2024-03-18,200.02999877929688,0.0016022835845583838,2160.699951171875,0.0015759988257531,2.6284758805283914e-05,2.6284758805283914e-05,0.007596886778527879,0.007640273608026865,1,0,0.0,5,10.624679448010708,0.0,0.0,0.0,0.0,0.0,0.0,,0.0,0.0,0.0,0.007640273608026865,0.0,0.0,0.0,0,0.0,0.0
2024-03-19,199.8000030517578,-0.0011498061737871268,2156.300048828125,-0.002036331949451742,0.000886525775664615,0.000886525775664615,0.007601147324548631,0.007804913627685785,1,0,0.0,5,19.113386469484166,0.0,0.0,0.0,0.0,0.0,0.0,,0.0,0.0,0.0,0.007804913627685785,0.0,0.0,0.0,0,0.0,0.0
2024-03-20,202.17999267578125,0.011911859798154678,2157.89990234375,0.0007419438294287151,0.011169915968725963,0.011169915968725963,0.007828456286587775,0.00776139024585556,1,1,1.0,5,0.6647901453804035,-4.0,5.0,808.719970703125,-10789.49951171875,0.0,0.0,Opened,808.719970703125,-10789.49951171875,0.0,0.007828456286587775,11598.219482421875,0.0,0.0,0,0.0,11598.219482421875
2024-03-21,201.97000122070312,-0.0010386361790747367,2182.39990234375,0.011353631358614003,-0.01239226753768874,0.01239226753768874,0.00796864774958917,0.00797553188381672,0,0,-1.0,5,118.11874066121447,4.0,-5.0,-807.8800048828125,10911.99951171875,0.8399658203125,122.5,Closed,-807.8800048828125,10911.99951171875,123.3399658203125,0.00797553188381672,11719.879516601562,123.3399658203125,0.010523996056921722,0,123.3399658203125,0.0
2024-03-22,200.35000610351562,-0.00802096899240623,2158.10009765625,-0.0111344417956597,0.0031134728032534698,0.0031134728032534698,0.0074732679501657625,0.007633795368912675,1,0,0.0,5,14.952845167233209,0.0,0.0,0.0,0.0,0.0,0.0,,0.0,0.0,0.0,0.007633795368912675,0.0,0.0,0.0,0,0.0,0.0
2024-03-25,200.99000549316406,0.0031944066391380588,2174.800048828125,0.007738265333480765,-0.004543858694342706,0.004543858694342706,0.006467886163305636,0.007002254479236513,0,0,0.0,5,26.211887127908117,0.0,0.0,0.0,0.0,0.0,0.0,,0.0,0.0,0.0,0.007002254479236513,0.0,0.0,0.0,0,0.0,0.0
2024-03-26,201.63999938964844,0.003233961285236564,2175.60009765625,0.0003678723607516421,0.002866088924484922,0.002866088924484922,0.006374086482240749,0.00682990854320657,1,0,0.0,5,1.2273395380473997,0.0,0.0,0.0,0.0,0.0,0.0,,0.0,0.0,0.0,0.00682990854320657,0.0,0.0,0.0,0,0.0,0.0
2024-03-27,203.10000610351562,0.007240660177973313,2190.60009765625,0.006894649442312106,0.0003460107356612063,0.0003460107356612063,0.006305417958257871,0.006767200480035869,1,0,0.0,5,10.270396023926708,0.0,0.0,0.0,0.0,0.0,0.0,,0.0,0.0,0.0,0.006767200480035869,0.0,0.0,0.0,0,0.0,0.0
2024-03-28,205.72000122070312,0.012900024807739996,2217.39990234375,0.012234001411838502,0.0006660233959014938,0.0006660233959014938,0.0068994086297047875,0.007325006762108431,1,0,0.0,5,10.222226193769421,0.0,0.0,0.0,0.0,0.0,0.0,,0.0,0.0,0.0,0.007325006762108431,0.0,0.0,0.0,0,0.0,0.0
2024-04-01,207.82000732421875,0.010208079384865787,2236.5,0.008613736131250604,0.0015943432536151825,0.0015943432536151825,0.007031686743246063,0.007258584583599737,1,0,0.0,5,9.080903731120166,0.0,0.0,0.0,0.0,0.0,0.0,,0.0,0.0,0.0,0.007258584583599737,0.0,0.0,0.0,0,0.0,0.0
2024-04-02,210.88999938964844,0.014772360490971526,2261.0,0.010954616588419341,0.003817743902552184,0.003817743902552184,0.00776030641548275,0.0076358607126632005,1,0,0.0,5,7.950452759687191,0.0,0.0,0.0,0.0,0.0,0.0,,0.0,0.0,0.0,0.00776030641548275,0.0,0.0,0.0,0,0.0,0.0
2024-04-03,212.74000549316406,0.008772374739768773,2294.39990234375,0.014772181487726632,-0.005999806747957859,0.005999806747957859,0.006866027785964333,0.007425059832610439,0,0,0.0,5,18.161319902824896,0.0,0.0,0.0,0.0,0.0,0.0,,0.0,0.0,0.0,0.007425059832610439,0.0,0.0,0.0,0,0.0,0.0
2024-04-04,211.52000427246094,-0.005734705223284009,2288.800048828125,-0.0024406615036484114,-0.0032940437196355976,0.0032940437196355976,0.007272427316891261,0.007557619370674405,0,0,0.0,5,4.605246270269619,0.0,0.0,0.0,0.0,0.0,0.0,,0.0,0.0,0.0,0.007557619370674405,0.0,0.0,0.0,0,0.0,0.0
2024-04-05,215.13999938964844,0.017114197447370305,2325.699951171875,0.016121942308871873,0.0009922551384984324,0.0009922551384984324,0.007756432293445677,0.007773872151809998,1,0,0.0,5,10.183412714724046,0.0,0.0,0.0,0.0,0.0,0.0,,0.0,0.0,0.0,0.007773872151809998,0.0,0.0,0.0,0,0.0,0.0
2024-04-08,216.47999572753906,0.00622848536623688,2331.699951171875,0.0025798684808746586,0.0036486168853622214,0.0036486168853622214,0.0074388873159948535,0.007526697628516065,1,0,0.0,5,4.461388167843371,0.0,0.0,0.0,0.0,0.0,0.0,,0.0,0.0,0.0,0.007526697628516065,0.0,0.0,0.0,0,0.0,0.0
2024-04-09,217.6699981689453,0.005497054993034878,2343.5,0.005060706383852809,0.00043634860918206897,0.00043634860918206897,0.0073638707463252575,0.007459587536674923,1,0,0.0,5,9.911683902541009,0.0,0.0,0.0,0.0,0.0,0.0,,0.0,0.0,0.0,0.007459587536674923,0.0,0.0,0.0,0,0.0,0.0
2024-04-10,215.61000061035156,-0.009463856185613961,2329.60009765625,-0.00593125766748448,-0.0035325985181294817,0.0035325985181294817,0.00818175615320616,0.0077990389738598976,0,0,0.0,5,6.771597471783927,0.0,0.0,0.0,0.0,0.0,0.0,,0.0,0.0,0.0,0.00818175615320616,0.0,0.0,0.0,0,0.0,0.0
2024-04-11,219.8000030517578,0.019433247203493043,2354.800048828125,0.010817286278974603,0.00861596092451844,0.00861596092451844,0.0088322816920234,0.007821948320336926,1,0,0.0,5,5.963473452582101,0.0,0.0,0.0,0.0,0.0,0.0,,0.0,0.0,0.0,0.0088322816920234,0.0,0.0,0.0,0,0.0,0.0
2024-04-12,216.88999938964844,-0.013239324939518515,2356.199951171875,0.000594488837575291,-0.013833813777093806,0.013833813777093806,0.00997712165742401,0.0077760414847896165,0,1,1.0,5,0.487809751988908,3.0,-5.0,-650.6699981689453,11780.999755859375,0.0,0.0,Opened,-650.6699981689453,11780.999755859375,0.0,0.00997712165742401,12431.66975402832,0.0,0.0,0,0.0,12431.66975402832
2024-04-15,220.9499969482422,0.01871915519396472,2365.800048828125,0.00407439854647107,0.01464475664749365,0.01464475664749365,0.009909638887503189,0.006364536015497617,1,0,-1.0,5,2.3305654285248956,-3.0,5.0,662.8499908447266,-11829.000244140625,12.17999267578125,-48.00048828125,Closed,662.8499908447266,-11829.000244140625,-35.82049560546875,0.009909638887503189,12491.850234985352,-35.82049560546875,-0.0028675092105369575,0,-35.82049560546875,0.0
2024-04-16,221.22000122070312,0.0012220152803359419,2390.800048828125,0.010567249760766284,-0.009345234480430342,0.009345234480430342,0.009970835759407113,0.006455795830399844,0,0,0.0,5,93.45535713194525,0.0,0.0,0.0,0.0,0.0,0.0,,0.0,0.0,0.0,0.009970835759407113,0.0,0.0,0.0,0,0.0,0.0
2024-04-17,219.58999633789062,-0.007368252752093185,2371.699951171875,-0.007988998354593546,0.000620745602500361,0.000620745602500361,0.010573452759021936,0.007312816685953966,1,0,0.0,5,11.710488445279625,0.0,0.0,0.0,0.0,0.0,0.0,,0.0,0.0,0.0,0.010573452759021936,0.0,0.0,0.0,0,0.0,0.0
2024-04-18,220.33999633789062,0.0034154561341945833,2382.300048828125,0.004469409231556698,-0.0010539530973621147,0.0010539530973621147,0.01058114721111442,0.0073135764992316565,0,0,0.0,5,14.148308845857521,0.0,0.0,0.0,0.0,0.0,0.0,,0.0,0.0,0.0,0.01058114721111442,0.0,0.0,0.0,0,0.0,0.0
2024-04-19,221.02999877929688,0.003131535140574959,2398.39990234375,0.006758113245871167,-0.0036265781052962076,0.0036265781052962076,0.010391982880527607,0.007093931766748984,0,0,0.0,5,23.41739340460982,0.0,0.0,0.0,0.0,0.0,0.0,,0.0,0.0,0.0,0.010391982880527607,0.0,0.0,0.0,0,0.0,0.0
2024-04-22,215.57000732421875,-0.02470249054532203,2332.199951171875,-0.027601715254901182,0.0028992247095791512,0.0028992247095791512,0.01274783122003493,0.01097508864743148,1,0,0.0,5,12.088510025014104,0.0,0.0,0.0,0.0,0.0,0.0,,0.0,0.0,0.0,0.01274783122003493,0.0,0.0,0.0,0,0.0,0.0
2024-04-23,215.0399932861328,-0.002458663172418052,2327.699951171875,-0.0019295086588689836,-0.0005291545135490683,0.0005291545135490683,0.012334525787681162,0.010798568592422663,0,0,0.0,5,8.494844930065614,0.0,0.0,0.0,0.0,0.0,0.0,,0.0,0.0,0.0,0.012334525787681162,0.0,0.0,0.0,0,0.0,0.0
2024-04-24,214.63999938964844,-0.0018600907225296837,2324.5,-0.0013747266567858407,-0.00048536406574384294,0.00048536406574384294,0.012183396457347138,0.010223366547271922,0,0,0.0,5,8.003890148555255,0.0,0.0,0.0,0.0,0.0,0.0,,0.0,0.0,0.0,0.012183396457347138,0.0,0.0,0.0,0,0.0,0.0
2024-04-25,215.9199981689453,0.005963468053189924,2329.800048828125,0.0022800812338674703,0.003683386819322454,0.003683386819322454,0.012118907290687979,0.010185164080325045,1,0,0.0,5,4.125505830935314,0.0,0.0,0.0,0.0,0.0,0.0,,0.0,0.0,0.0,0.012118907290687979,0.0,0.0,0.0,0,0.0,0.0
2024-04-26,216.6199951171875,0.003241927353549112,2334.800048828125,0.002146106916992796,0.0010958204365563162,0.0010958204365563162,0.011341916621771609,0.009329147342170023,1,0,0.0,5,7.135086254034498,0.0,0.0,0.0,0.0,0.0,0.0,,0.0,0.0,0.0,0.011341916621771609,0.0,0.0,0.0,0,0.0,0.0
2024-04-29,216.17999267578125,-0.002031218037689575,2345.39990234375,0.004539940591891556,-0.006571158629581131,0.006571158629581131,0.0112449237001447,0.009376945180245918,0,0,0.0,5,24.24906682214715,0.0,0.0,0.0,0.0,0.0,0.0,,0.0,0.0,0.0,0.0112449237001447,0.0,0.0,0.0,0,0.0,0.0
2024-04-30,211.8699951171875,-0.019937078844561418,2291.39990234375,-0.02302379220960915,0.003086713365047733,0.003086713365047733,0.01222621231759393,0.011042618639117473,1,0,0.0,5,12.489549235692353,0.0,0.0,0.0,0.0,0.0,0.0,,0.0,0.0,0.0,0.01222621231759393,0.0,0.0,0.0,0,0.0,0.0
2024-05-01,213.7899932861328,0.00906215232545482,2299.89990234375,0.0037095227207202264,0.005352629604734593,0.005352629604734593,0.012324371328393216,0.011043115527000099,1,0,0.0,5,4.403603808710774,0.0,0.0,0.0,0.0,0.0,0.0,,0.0,0.0,0.0,0.012324371328393216,0.0,0.0,0.0,0,0.0,0.0
2024-05-02,213.1300048828125,-0.0030870874411647042,2299.199951171875,-0.00030433984155642246,-0.0027827475996082818,0.0027827475996082818,0.011026867217404979,0.010570849555812934,0,0,0.0,5,1.0635110971607769,0.0,0.0,0.0,0.0,0.0,0.0,,0.0,0.0,0.0,0.011026867217404979,0.0,0.0,0.0,0,0.0,0.0
2024-05-03,212.9600067138672,-0.0007976266365629092,2299.0,-8.696554285025915e-05,-0.0007106610937126501,0.0007106610937126501,0.010579529242087512,0.010562486947361236,0,0,0.0,5,1.177032576680598,0.0,0.0,0.0,0.0,0.0,0.0,,0.0,0.0,0.0,0.010579529242087512,0.0,0.0,0.0,0,0.0,0.0
2024-05-06,215.1999969482422,0.010518361024399514,2321.60009765625,0.009830403504240914,0.0006879575201585997,0.0006879575201585997,0.00964955589909589,0.010882463603093365,1,0,0.0,5,10.082504485409451,0.0,0.0,0.0,0.0,0.0,0.0,,0.0,0.0,0.0,0.010882463603093365,0.0,0.0,0.0,0,0.0,0.0
2024-05-07,214.2100067138672,-0.004600326433150892,2315.199951171875,-0.002756782484130804,-0.0018435439490200878,0.0018435439490200878,0.009640180491292612,0.010385759140628049,0,0,0.0,5,6.4768315312021585,0.0,0.0,0.0,0.0,0.0,0.0,,0.0,0.0,0.0,0.010385759140628049,0.0,0.0,0.0,0,0.0,0.0
2024-05-08,213.5800018310547,-0.002941061869504713,2313.60009765625,-0.0006910217473075075,-0.0022500401221972055,0.0022500401221972055,0.009534580719759182,0.010259796241159974,0,0,0.0,5,2.5451610173840717,0.0,0.0,0.0,0.0,0.0,0.0,,0.0,0.0,0.0,0.010259796241159974,0.0,0.0,0.0,0,0.0,0.0
2024-05-09,216.9499969482422,0.015778607960932778,2332.10009765625,0.007996196066356154,0.007782411894576624,0.007782411894576624,0.010503292849827666,0.010447571446688656,1,0,0.0,5,5.44756332661538,0.0,0.0,0.0,0.0,0.0,0.0,,0.0,0.0,0.0,0.010503292849827666,0.0,0.0,0.0,0,0.0,0.0
2024-05-10,218.7100067138672,0.008112513438038427,2367.300048828125,0.01509367081080737,-0.0069811573727689424,0.0069811573727689424,0.010719129532040511,0.011111231388444992,0,0,0.0,5,20.138359891753677,0.0,0.0,0.0,0.0,0.0,0.0,,0.0,0.0,0.0,0.011111231388444992,0.0,0.0,0.0,0,0.0,0.0
2024-05-13,216.25999450683594,-0.011202103844459854,2336.10009765625,-0.013179550765995973,0.001977446921536119,0.001977446921536119,0.008981129951114742,0.009062559427403683,1,0,0.0,5,12.70914319428758,0.0,0.0,0.0,0.0,0.0,0.0,,0.0,0.0,0.0,0.009062559427403683,0.0,0.0,0.0,0,0.0,0.0
2024-05-14,218.08999633789062,0.008462045119477013,2353.39990234375,0.007405420985537647,0.0010566241339393656,0.0010566241339393656,0.009186102187218314,0.009228558562788338,1,0,0.0,5,9.443530813022608,0.0,0.0,0.0,0.0,0.0,0.0,,0.0,0.0,0.0,0.009228558562788338,0.0,0.0,0.0,0,0.0,0.0
2024-05-15,220.88999938964844,0.012838750510223873,2388.699951171875,0.014999596453186603,-0.0021608459429627302,0.0021608459429627302,0.00963467354559408,0.009900434750982736,0,0,0.0,5,12.634043335491972,0.0,0.0,0.0,0.0,0.0,0.0,,0.0,0.0,0.0,0.009900434750982736,0.0,0.0,0.0,0,0.0,0.0
2024-05-16,220.02999877929688,-0.0038933433506626036,2380.0,-0.0036421280821004043,-0.00025121526856219933,0.00025121526856219933,0.00967806537129552,0.010000233828169537,0,0,0.0,5,10.118766393995895,0.0,0.0,0.0,0.0,0.0,0.0,,0.0,0.0,0.0,0.010000233828169537,0.0,0.0,0.0,0,0.0,0.0
2024-05-17,223.66000366210938,0.0164977725898805,2412.199951171875,0.013529391248686906,0.0029683813411935933,0.0029683813411935933,0.010442880974270987,0.01047588893729211,1,0,0.0,5,8.844594364730478,0.0,0.0,0.0,0.0,0.0,0.0,,0.0,0.0,0.0,0.01047588893729211,0.0,0.0,0.0,0,0.0,0.0
2024-05-20,224.55999755859375,0.004023937591649318,2433.89990234375,0.008995917258572517,-0.004971979666923199,0.004971979666923199,0.010385117193127631,0.010608472578517313,0,0,0.0,5,24.230620411446484,0.0,0.0,0.0,0.0,0.0,0.0,,0.0,0.0,0.0,0.010608472578517313,0.0,0.0,0.0,0,0.0,0.0
2024-05-21,224.22999572753906,-0.001469548604570936,2421.699951171875,-0.005012511467758718,0.003542962863187782,0.003542962863187782,0.008435549394992867,0.008272158929083133,1,0,0.0,5,36.83817009703942,0.0,0.0,0.0,0.0,0.0,0.0,,0.0,0.0,0.0,0.008435549394992867,0.0,0.0,0.0,0,0.0,0.0
2024-05-22,220.11000061035156,-0.01837396956557802,2389.199951171875,-0.013420324835978548,-0.004953644729599471,0.004953644729599471,0.01003970490790509,0.009382458533492094,0,0,0.0,5,7.92816641346274,0.0,0.0,0.0,0.0,0.0,0.0,,0.0,0.0,0.0,0.01003970490790509,0.0,0.0,0.0,0,0.0,0.0
2024-05-23,215.72000122070312,-0.019944570339717638,2335.0,-0.022685397739645285,0.002740827399927648,0.002740827399927648,0.011487822912092154,0.011430611141036861,1,0,0.0,5,12.31170452400309,0.0,0.0,0.0,0.0,0.0,0.0,,0.0,0.0,0.0,0.011487822912092154,0.0,0.0,0.0,0,0.0,0.0
2024-05-24,215.9199981689453,0.0009271136061119734,2332.5,-0.0010706638115631772,0.0019977774176751506,0.0019977774176751506,0.011478596074210487,0.011440674003106003,1,0,0.0,5,12.47524126999118,0.0,0.0,0.0,0.0,0.0,0.0,,0.0,0.0,0.0,0.011478596074210487,0.0,0.0,0.0,0,0.0,0.0
2024-05-28,218.19000244140625,0.010513172896031486,2355.199951171875,0.009732026225884205,0.0007811466701472813,0.0007811466701472813,0.01147828828070712,0.011435293295221872,1,0,0.0,5,9.99222950185642,0.0,0.0,0.0,0.0,0.0,0.0,,0.0,0.0,0.0,0.01147828828070712,0.0,0.0,0.0,0,0.0,0.0
2024-05-29,216.16000366210938,-0.009303812074716977,2340.300048828125,-0.006326385297492965,-0.0029774267772240126,0.0029774267772240126,0.011703709736051471,0.011556000129167293,0,0,0.0,5,7.361916908039088,0.0,0.0,0.0,0.0,0.0,0.0,,0.0,0.0,0.0,0.011703709736051471,0.0,0.0,0.0,0,0.0,0.0
2024-05-30,216.57000732421875,0.0018967600627461945,2342.89990234375,0.0011109060639156176,0.0007858539988305768,0.0007858539988305768,0.011663729415077874,0.011548961777741467,1,0,0.0,5,6.336075792402503,0.0,0.0,0.0,0.0,0.0,0.0,,0.0,0.0,0.0,0.011663729415077874,0.0,0.0,0.0,0,0.0,0.0
2024-05-31,215.3000030517578,-0.00586417430627717,2322.89990234375,-0.008536429567474357,0.0026722552611971873,0.0026722552611971873,0.011024920064770037,0.011612263479628827,1,0,0.0,5,15.705647663666513,0.0,0.0,0.0,0.0,0.0,0.0,,0.0,0.0,0.0,0.011612263479628827,0.0,0.0,0.0,0,0.0,0.0
2024-06-03,217.22000122070312,0.008917780500373507,2346.60009765625,0.010202848296901212,-0.0012850677965277058,0.0012850677965277058,0.011071464871342434,0.011213987690465072,0,0,0.0,5,12.35958598902078,0.0,0.0,0.0,0.0,0.0,0.0,,0.0,0.0,0.0,0.011213987690465072,0.0,0.0,0.0,0,0.0,0.0
2024-06-04,215.27000427246094,-0.008977059834655465,2325.5,-0.00899177396153883,1.4714126883363932e-05,1.4714126883363932e-05,0.010930381895786297,0.010924877127334068,1,0,0.0,5,10.820419177274113,0.0,0.0,0.0,0.0,0.0,0.0,,0.0,0.0,0.0,0.010930381895786297,0.0,0.0,0.0,0,0.0,0.0
2024-06-05,217.82000732421875,0.011845603201319,2354.10009765625,0.012298472438722952,-0.00045286923740395224,0.00045286923740395224,0.011155606365709232,0.011238255159010072,0,0,0.0,5,11.220730936613215,0.0,0.0,0.0,0.0,0.0,0.0,,0.0,0.0,0.0,0.011238255159010072,0.0,0.0,0.0,0,0.0,0.0
2024-06-06,219.42999267578125,0.007391356612921562,2370.300048828125,0.006881589779467623,0.0005097668334539396,0.0005097668334539396,0.010789613322342172,0.010648384484492094,1,0,0.0,5,10.057081295666475,0.0,0.0,0.0,0.0,0.0,0.0,,0.0,0.0,0.0,0.010789613322342172,0.0,0.0,0.0,0,0.0,0.0
2024-06-07,211.60000610351562,-0.03568330143379639,2305.199951171875,-0.027464918497738466,-0.008218382936057922,0.008218382936057922,0.014131898498580526,0.012729685447043759,0,0,0.0,5,8.385060717398911,0.0,0.0,0.0,0.0,0.0,0.0,,0.0,0.0,0.0,0.014131898498580526,0.0,0.0,0.0,0,0.0,0.0
2024-06-10,213.5399932861328,0.009168181127878317,2307.699951171875,0.0010845046212710763,0.00808367650660724,0.00808367650660724,0.013542253273919969,0.01202794104115276,1,0,0.0,5,1.2783457690949338,0.0,0.0,0.0,0.0,0.0,0.0,,0.0,0.0,0.0,0.013542253273919969,0.0,0.0,0.0,0,0.0,0.0
2024-06-11,214.14999389648438,0.0028566106093961263,2307.5,-8.664522082846293e-05,0.0029432558302245893,0.0029432558302245893,0.013502329371867166,0.011608686459078471,1,0,0.0,5,0.3268264611338721,0.0,0.0,0.0,0.0,0.0,0.0,,0.0,0.0,0.0,0.013502329371867166,0.0,0.0,0.0,0,0.0,0.0
2024-06-12,214.72000122070312,0.0026617200115086614,2336.0,0.012351029252437806,-0.009689309240929145,0.009689309240929145,0.013579294601162266,0.01229120449204588,0,0,0.0,5,50.4825306982298,0.0,0.0,0.0,0.0,0.0,0.0,,0.0,0.0,0.0,0.013579294601162266,0.0,0.0,0.0,0,0.0,0.0
2024-06-13,212.97000122070312,-0.008150148984962247,2300.199951171875,-0.015325363368204226,0.007175214383241979,0.007175214383241979,0.012985227044613438,0.012423139281100263,1,0,0.0,5,20.30918002654129,0.0,0.0,0.0,0.0,0.0,0.0,,0.0,0.0,0.0,0.012985227044613438,0.0,0.0,0.0,0,0.0,0.0
2024-06-14,215.72999572753906,0.012959545903254766,2331.39990234375,0.013564016969907167,-0.0006044710666524011,0.0006044710666524011,0.012529627912910565,0.011712099458812486,0,0,0.0,5,11.311098365993198,0.0,0.0,0.0,0.0,0.0,0.0,,0.0,0.0,0.0,0.012529627912910565,0.0,0.0,0.0,0,0.0,0.0
2024-06-17,214.61000061035156,-0.005191652247571676,2312.39990234375,-0.008149610017955,0.0029579577703833237,0.0029579577703833237,0.01259939243545618,0.011897810375994926,1,0,0.0,5,16.913917937560676,0.0,0.0,0.0,0.0,0.0,0.0,,0.0,0.0,0.0,0.01259939243545618,0.0,0.0,0.0,0,0.0,0.0
2024-06-18,215.47000122070312,0.004007271832187298,2330.39990234375,0.0077841207231310605,-0.0037768488909437625,0.0037768488909437625,0.01230804972367747,0.011788158032674072,0,0,0.0,5,21.008952461675438,0.0,0.0,0.0,0.0,0.0,0.0,,0.0,0.0,0.0,0.01230804972367747,0.0,0.0,0.0,0,0.0,0.0
2024-06-20,218.16000366210938,0.012484347826456466,2353.800048828125,0.010041257923518065,0.0024430899029384,0.0024430899029384,0.012512253289409775,0.011980196833224712,1,0,0.0,5,8.677941096456564,0.0,0.0,0.0,0.0,0.0,0.0,,0.0,0.0,0.0,0.012512253289409775,0.0,0.0,0.0,0,0.0,0.0
2024-06-21,214.77999877929688,-0.015493238109986152,2316.39990234375,-0.015889262345370136,0.0003960242353839849,0.0003960242353839849,0.013180092953836127,0.01269603712360926,1,0,0.0,5,11.06066509631191,0.0,0.0,0.0,0.0,0.0,0.0,,0.0,0.0,0.0,0.013180092953836127,0.0,0.0,0.0,0,0.0,0.0
2024-06-24,215.6300048828125,0.003957566385821121,2330.0,0.005871221822488115,-0.0019136554366669944,0.0019136554366669944,0.013136931295399041,0.012604071955598194,0,0,0.0,5,16.030497789957842,0.0,0.0,0.0,0.0,0.0,0.0,,0.0,0.0,0.0,0.013136931295399041,0.0,0.0,0.0,0,0.0,0.0
2024-06-25,214.55999755859375,-0.004962237629221655,2316.60009765625,-0.005751031048819688,0.0007887934195980328,0.0007887934195980328,0.012965494452021989,0.012377855134206165,1,0,0.0,5,12.51326002607832,0.0,0.0,0.0,0.0,0.0,0.0,,0.0,0.0,0.0,0.012965494452021989,0.0,0.0,0.0,0,0.0,0.0
2024-06-26,212.5800018310547,-0.009228168111804491,2299.199951171875,-0.007511070426863498,-0.0017170976849409936,0.0017170976849409936,0.012977044120006697,0.01231347214087772,0,0,0.0,5,8.803202086833197,0.0,0.0,0.0,0.0,0.0,0.0,,0.0,0.0,0.0,0.012977044120006697,0.0,0.0,0.0,0,0.0,0.0
2024-06-27,214.99000549316406,0.011336925587312363,2324.5,0.011003848888927692,0.00033307669838467113,0.00033307669838467113,0.012942372697675756,0.01222013746333667,1,0,0.0,5,10.4944722005008,0.0,0.0,0.0,0.0,0.0,0.0,,0.0,0.0,0.0,0.012942372697675756,0.0,0.0,0.0,0,0.0,0.0
2024-06-28,215.00999450683594,9.297647872519299e-05,2327.699951171875,0.0013766191318025367,-0.0012836426530773437,0.0012836426530773437,0.012748472855608288,0.012055382546386342,0,0,0.0,5,160.29096965013218,0.0,0.0,0.0,0.0,0.0,0.0,,0.0,0.0,0.0,0.012748472855608288,0.0,0.0,0.0,0,0.0,0.0
2024-07-01,215.57000732421875,0.002604589701363791,2327.60009765625,-4.289793260281449e-05,0.0026474876339666054,0.0026474876339666054,0.008489565739350925,0.009609248945596024,1,0,0.0,5,0.17783493225319022,0.0,0.0,0.0,0.0,0.0,0.0,,0.0,0.0,0.0,0.009609248945596024,0.0,0.0,0.0,0,0.0,0.0
2024-07-02,215.55999755859375,-4.643394389247657e-05,2323.0,-0.0019763264578318562,0.0019298925139393797,0.0019298925139393797,0.008206164915410211,0.009632698984611271,1,0,0.0,5,458.6740311392004,0.0,0.0,0.0,0.0,0.0,0.0,,0.0,0.0,0.0,0.009632698984611271,0.0,0.0,0.0,0,0.0,0.0
2024-07-03,217.99000549316406,0.011273000380832565,2359.800048828125,0.015841605177841167,-0.004568604797008602,0.004568604797008602,0.008643229750767019,0.010411741684222271,0,0,0.0,5,15.212419283589364,0.0,0.0,0.0,0.0,0.0,0.0,,0.0,0.0,0.0,0.010411741684222271,0.0,0.0,0.0,0,0.0,0.0
2024-07-05,220.92999267578125,0.013486798057397165,2388.5,0.012162026687865923,0.0013247713695312413,0.0013247713695312413,0.0092057852812566,0.010397836472076977,1,0,0.0,5,9.749170480687766,0.0,0.0,0.0,0.0,0.0,0.0,,0.0,0.0,0.0,0.010397836472076977,0.0,0.0,0.0,0,0.0,0.0
2024-07-08,218.19000244140625,-0.012402074526820739,2355.199951171875,-0.013941824922807156,0.0015397503959864167,0.0015397503959864167,0.009595933476260077,0.010242584281234396,1,0,0.0,5,12.13439769276247,0.0,0.0,0.0,0.0,0.0,0.0,,0.0,0.0,0.0,0.010242584281234396,0.0,0.0,0.0,0,0.0,0.0
2024-07-09,218.55999755859375,0.0016957473442755777,2360.10009765625,0.002080564956676856,-0.0003848176124012781,0.0003848176124012781,0.00907500203775182,0.009701381864934354,0,0,0.0,5,13.248901747985352,0.0,0.0,0.0,0.0,0.0,0.0,,0.0,0.0,0.0,0.009701381864934354,0.0,0.0,0.0,0,0.0,0.0
2024-07-10,219.36000061035156,0.0036603361122538036,2372.199951171875,0.005126839123324123,-0.0014665030110703192,0.0014665030110703192,0.008936803617477543,0.009422308581544032,0,0,0.0,5,15.146858811048324,0.0,0.0,0.0,0.0,0.0,0.0,,0.0,0.0,0.0,0.009422308581544032,0.0,0.0,0.0,0,0.0,0.0
2024-07-11,223.25,0.017733403441032136,2415.0,0.01804234453633713,-0.00030894109530499314,0.00030894109530499314,0.009866489472942382,0.010229630247423552,0,0,0.0,5,11.005924895100339,0.0,0.0,0.0,0.0,0.0,0.0,,0.0,0.0,0.0,0.010229630247423552,0.0,0.0,0.0,0,0.0,0.0
2024-07-12,223.11000061035156,-0.0006270969301161999,2414.0,-0.00041407867494824835,-0.0002130182551679516,0.0002130182551679516,0.009483871745098075,0.010028111198878137,0,0,0.0,5,7.14441080374551,0.0,0.0,0.0,0.0,0.0,0.0,,0.0,0.0,0.0,0.010028111198878137,0.0,0.0,0.0,0,0.0,0.0
2024-07-15,223.8300018310547,0.0032271131671974818,2422.89990234375,0.003686786389291541,-0.00045967322209405914,0.00045967322209405914,0.008231515799650816,0.008765395029088114,0,0,0.0,5,12.366618242728336,0.0,0.0,0.0,0.0,0.0,0.0,,0.0,0.0,0.0,0.008765395029088114,0.0,0.0,0.0,0,0.0,0.0
2024-07-16,228.2899932861328,0.019925798233449088,2462.39990234375,0.016302778320222977,0.003623019913226111,0.003623019913226111,0.009350265806465356,0.009397355966955435,1,0,0.0,5,8.825058739899195,0.0,0.0,0.0,0.0,0.0,0.0,,0.0,0.0,0.0,0.009397355966955435,0.0,0.0,0.0,0,0.0,0.0
2024-07-17,227.22999572753906,-0.004643206403117217,2454.800048828125,-0.0030863603870319167,-0.0015568460160853004,0.0015568460160853004,0.009329124699164108,0.009228955935379757,0,0,0.0,5,7.180903813745645,0.0,0.0,0.0,0.0,0.0,0.0,,0.0,0.0,0.0,0.009329124699164108,0.0,0.0,0.0,0,0.0,0.0
2024-07-18,225.77999877929688,-0.006381186355259194,2451.800048828125,-0.001222095462085404,-0.00515909089317379,0.00515909089317379,0.009068884535214185,0.00880621078644699,0,0,0.0,5,2.0797124255821675,0.0,0.0,0.0,0.0,0.0,0.0,,0.0,0.0,0.0,0.009068884535214185,0.0,0.0,0.0,0,0.0,0.0
2024-07-19,221.72999572753906,-0.017937829186174925,2395.5,-0.02296274072391602,0.005024911537741095,0.005024911537741095,0.010438203546379901,0.011048862167847843,1,0,0.0,5,13.830107778887006,0.0,0.0,0.0,0.0,0.0,0.0,,0.0,0.0,0.0,0.011048862167847843,0.0,0.0,0.0,0,0.0,0.0
2024-07-22,221.8000030517578,0.00031573231212611574,2392.0,-0.001461072844917588,0.0017768051570437038,0.0017768051570437038,0.010435285799368694,0.011085720529753986,1,0,0.0,5,49.9059660371332,0.0,0.0,0.0,0.0,0.0,0.0,,0.0,0.0,0.0,0.011085720529753986,0.0,0.0,0.0,0,0.0,0.0
2024-07-23,222.5800018310547,0.003516676143213937,2404.60009765625,0.005267599354619623,-0.001750923211405686,0.001750923211405686,0.01044093172330728,0.011104852969268894,0,0,0.0,5,16.182181924367608,0.0,0.0,0.0,0.0,0.0,0.0,,0.0,0.0,0.0,0.011104852969268894,0.0,0.0,0.0,0,0.0,0.0
2024-07-24,221.8000030517578,-0.0035043524704835294,2413.300048828125,0.0036180449216294264,-0.007122397392112956,0.007122397392112956,0.010531534624634234,0.011047296382149113,0,0,0.0,5,11.233522183744654,0.0,0.0,0.0,0.0,0.0,0.0,,0.0,0.0,0.0,0.011047296382149113,0.0,0.0,0.0,0,0.0,0.0
2024-07-25,218.3300018310547,-0.01564473026582147,2351.89990234375,-0.02544240054782676,0.009797670282005289,0.009797670282005289,0.01110809208258062,0.012553407587823718,1,0,0.0,5,17.518439653129043,0.0,0.0,0.0,0.0,0.0,0.0,,0.0,0.0,0.0,0.012553407587823718,0.0,0.0,0.0,0,0.0,0.0
2024-07-26,220.6300048828125,0.010534525866662925,2380.0,0.011947828914082192,-0.0014133030474192676,0.0014133030474192676,0.01087891286841534,0.012538515452602508,0,0,0.0,5,12.234504463845113,0.0,0.0,0.0,0.0,0.0,0.0,,0.0,0.0,0.0,0.012538515452602508,0.0,0.0,0.0,0,0.0,0.0
2024-07-29,220.32000732421875,-0.0014050562105476505,2377.300048828125,-0.0011344332654936728,-0.00027062294505397766,0.00027062294505397766,0.010343354209950337,0.011955797736823313,0,0,0.0,5,8.711948832561356,0.0,0.0,0.0,0.0,0.0,0.0,,0.0,0.0,0.0,0.011955797736823313,0.0,0.0,0.0,0,0.0,0.0
2024-07-30,222.52000427246094,0.009985461488319247,2405.0,0.011651853196036122,-0.0016663917077168744,0.0016663917077168744,0.010618294113625163,0.01228616279922796,0,0,0.0,5,12.611678303170086,0.0,0.0,0.0,0.0,0.0,0.0,,0.0,0.0,0.0,0.01228616279922796,0.0,0.0,0.0,0,0.0,0.0
2024-07-31,226.5500030517578,0.018110725786084414,2426.5,0.008939708939708968,0.009171016846375446,0.009171016846375446,0.0114736251789526,0.01240919713812798,1,0,0.0,5,5.28693227901224,0.0,0.0,0.0,0.0,0.0,0.0,,0.0,0.0,0.0,0.01240919713812798,0.0,0.0,0.0,0,0.0,0.0
2024-08-01,225.77000427246094,-0.003442943141866439,2435.0,0.0035029878425716365,-0.006945930984438076,0.006945930984438076,0.010704668443975643,0.01157119612693291,0,0,0.0,5,10.973407415001803,0.0,0.0,0.0,0.0,0.0,0.0,,0.0,0.0,0.0,0.01157119612693291,0.0,0.0,0.0,0,0.0,0.0
2024-08-02,225.33999633789062,-0.0019046282784819235,2425.699951171875,-0.0038193219006673607,0.0019146936221854371,0.0019146936221854371,0.010721918875114816,0.011626058750562522,1,0,0.0,5,21.58613215655052,0.0,0.0,0.0,0.0,0.0,0.0,,0.0,0.0,0.0,0.011626058750562522,0.0,0.0,0.0,0,0.0,0.0
2024-08-05,222.47999572753906,-0.012691935106198704,2401.699951171875,-0.00989405140087729,-0.0027978837053214134,0.0027978837053214134,0.011231435263943813,0.011876748578826386,0,0,0.0,5,8.415387161461659,0.0,0.0,0.0,0.0,0.0,0.0,,0.0,0.0,0.0,0.011876748578826386,0.0,0.0,0.0,0,0.0,0.0
2024-08-06,220.6999969482422,-0.008000713832612472,2389.10009765625,-0.005246222996955541,-0.002754490835656931,0.002754490835656931,0.009862533498737015,0.010964872909013431,0,0,0.0,5,7.098229368105272,0.0,0.0,0.0,0.0,0.0,0.0,,0.0,0.0,0.0,0.010964872909013431,0.0,0.0,0.0,0,0.0,0.0
2024-08-07,220.5500030517578,-0.0006796279952806517,2390.5,0.0005859538263479624,-0.001265581821628614,0.001265581821628614,0.009845659931202452,0.010978821225859739,0,0,0.0,5,9.3448818416682,0.0,0.0,0.0,0.0,0.0,0.0,,0.0,0.0,0.0,0.010978821225859739,0.0,0.0,0.0,0,0.0,0.0
2024-08-08,224.00999450683594,0.015688013635013043,2422.199951171875,0.01326080366947302,0.0024272099655400226,0.0024272099655400226,0.01074296765337087,0.011641741286680588,1,0,0.0,5,9.139963949324812,0.0,0.0,0.0,0.0,0.0,0.0,,0.0,0.0,0.0,0.011641741286680588,0.0,0.0,0.0,0,0.0,0.0
2024-08-09,224.55999755859375,0.0024552612171107047,2432.10009765625,0.004087254018639186,-0.0016319928015284813,0.0016319928015284813,0.009604667343188723,0.00992256529161509,0,0,0.0,5,18.02947065123215,0.0,0.0,0.0,0.0,0.0,0.0,,0.0,0.0,0.0,0.00992256529161509,0.0,0.0,0.0,0,0.0,0.0
2024-08-12,228.41000366210938,0.017144665770273848,2462.39990234375,0.012458288504120008,0.0046863772661538405,0.0046863772661538405,0.010476292512718428,0.010313363908290062,1,0,0.0,5,7.833806234403592,0.0,0.0,0.0,0.0,0.0,0.0,,0.0,0.0,0.0,0.010476292512718428,0.0,0.0,0.0,0,0.0,0.0
2024-08-13,228.05999755859375,-0.001532358906807807,2466.699951171875,0.0017462837064086134,-0.0032786426132164204,0.0032786426132164204,0.010505523104851188,0.010273320890019939,0,0,0.0,5,12.325981589934893,0.0,0.0,0.0,0.0,0.0,0.0,,0.0,0.0,0.0,0.010505523104851188,0.0,0.0,0.0,0,0.0,0.0
2024-08-14,226.1999969482422,-0.008155751250824572,2439.39990234375,-0.011067438021862053,0.0029116867710374805,0.0029116867710374805,0.010735428526202516,0.010770395608661231,1,0,0.0,5,14.634353268888276,0.0,0.0,0.0,0.0,0.0,0.0,,0.0,0.0,0.0,0.010770395608661231,0.0,0.0,0.0,0,0.0,0.0
2024-08-15,226.91000366210938,0.0031388449312386157,2453.10009765625,0.005616215405820579,-0.0024773704745819636,0.0024773704745819636,0.009650393548969436,0.007999974937162885,0,0,0.0,5,19.34352070639802,0.0,0.0,0.0,0.0,0.0,0.0,,0.0,0.0,0.0,0.009650393548969436,0.0,0.0,0.0,0,0.0,0.0
2024-08-16,231.99000549316406,0.02238773852658915,2498.60009765625,0.018547958986048663,0.003839779540540489,0.003839779540540489,0.010765906067221418,0.008688441721389826,1,0,0.0,5,8.923051063853482,0.0,0.0,0.0,0.0,0.0,0.0,,0.0,0.0,0.0,0.010765906067221418,0.0,0.0,0.0,0,0.0,0.0
2024-08-19,231.61000061035156,-0.0016380226467286318,2501.800048828125,0.001280697609383985,-0.002918720256112617,0.002918720256112617,0.010773508487174795,0.00862287598784759,0,0,0.0,5,8.445434264604813,0.0,0.0,0.0,0.0,0.0,0.0,,0.0,0.0,0.0,0.010773508487174795,0.0,0.0,0.0,0,0.0,0.0
2024-08-20,232.4600067138672,0.0036699887797402297,2511.300048828125,0.0037972658943907778,-0.00012727711465054803,0.00012727711465054803,0.010619693511570983,0.008322042082887423,0,0,0.0,5,11.177807632222287,0.0,0.0,0.0,0.0,0.0,0.0,,0.0,0.0,0.0,0.010619693511570983,0.0,0.0,0.0,0,0.0,0.0
2024-08-21,232.14999389648438,-0.0013336178629832496,2508.39990234375,-0.0011548387002693339,-0.0001787791627139157,0.0001787791627139157,0.00979417679862356,0.008207829901909186,0,0,0.0,5,9.356599146475197,0.0,0.0,0.0,0.0,0.0,0.0,,0.0,0.0,0.0,0.00979417679862356,0.0,0.0,0.0,0,0.0,0.0
2024-08-22,229.3699951171875,-0.011975011209935604,2478.89990234375,-0.011760485229024398,-0.00021452598091120656,0.00021452598091120656,0.010344826598944477,0.00895326248796835,0,0,0.0,5,10.613819487528321,0.0,0.0,0.0,0.0,0.0,0.0,,0.0,0.0,0.0,0.010344826598944477,0.0,0.0,0.0,0,0.0,0.0
2024-08-23,232.02000427246094,0.011553425520716143,2508.39990234375,0.011900440179980043,-0.00034701465926390007,0.00034701465926390007,0.010644438883374779,0.009235667270954448,0,0,0.0,5,11.13585587163849,0.0,0.0,0.0,0.0,0.0,0.0,,0.0,0.0,0.0,0.010644438883374779,0.0,0.0,0.0,0,0.0,0.0
2024-08-26,232.75999450683594,0.0031893380775307456,2517.699951171875,0.003707562266860087,-0.0005182241893293416,0.0005182241893293416,0.009837751352468388,0.008601239338597192,0,0,0.0,5,12.57429163787379,0.0,0.0,0.0,0.0,0.0,0.0,,0.0,0.0,0.0,0.009837751352468388,0.0,0.0,0.0,0,0.0,0.0
2024-08-27,233.38999938964844,0.002706671669018279,2516.0,-0.0006752000654739465,0.0033818717344922256,0.0033818717344922256,0.009354387009177194,0.008358786773555706,1,0,0.0,5,2.6892135600446916,0.0,0.0,0.0,0.0,0.0,0.0,,0.0,0.0,0.0,0.009354387009177194,0.0,0.0,0.0,0,0.0,0.0
2024-08-28,231.75,-0.007026862307456638,2501.0,-0.0059618441971383,-0.0010650181103183387,0.0010650181103183387,0.009707176565668149,0.0086857817465613,0,0,0.0,5,9.156154823507345,0.0,0.0,0.0,0.0,0.0,0.0,,0.0,0.0,0.0,0.009707176565668149,0.0,0.0,0.0,0,0.0,0.0
2024-08-29,232.9499969482422,0.005177980359189593,2525.699951171875,0.009876030056727325,-0.004698049697537732,0.004698049697537732,0.009114321689756595,0.0084421753108965,0,0,0.0,5,20.679548427570676,0.0,0.0,0.0,0.0,0.0,0.0,,0.0,0.0,0.0,0.009114321689756595,0.0,0.0,0.0,0,0.0,0.0
2024-08-30,231.2899932861328,-0.0071260085162319076,2493.800048828125,-0.012630123514453473,0.005504114998221565,0.005504114998221565,0.009458254558582157,0.009321528092238258,1,0,0.0,5,19.110235818843254,0.0,0.0,0.0,0.0,0.0,0.0,,0.0,0.0,0.0,0.009458254558582157,0.0,0.0,0.0,0,0.0,0.0
