index,HG=F_Close,HG=F_dailyReturns,COPX_Close,COPX_dailyReturns,spread,abs_sprd,HG=F_rolling avg,COPX_rolling avg,isSprdPos,signal,axe,leverage,ratio,HG=F_Size,COPX_Size,HG=F_Cashflow,COPX_Cashflow,HG=F_MTM,COPX_MTM,Live Trades,HG=F_PnL,COPX_PnL,Total PnL,riskThreshold,grossCashflow,totalMTM,totalMTM in %,isStoppedOut,Adjusted PnL,Gross Capital
2020-01-01,2.8329999446868896,0.0,18.66920280456543,0.0,0.0,0.0,,,1,0,,10,,0.0,0.0,0.0,0.0,0.0,0.0,,0.0,0.0,0.0,,0.0,0.0,0.0,0,0.0,0.0
2020-01-02,2.8329999446868896,0.0,18.66920280456543,0.0,0.0,0.0,,,1,0,0.0,10,,0.0,0.0,0.0,0.0,0.0,0.0,,0.0,0.0,0.0,,0.0,0.0,0.0,0,0.0,0.0
2020-01-03,2.7985000610351562,-0.012177862451580923,18.146358489990234,-0.028005711869353966,0.015827849417773043,0.015827849417773043,,,1,0,0.0,10,14.91213125196216,0.0,0.0,0.0,0.0,0.0,0.0,,0.0,0.0,0.0,,0.0,0.0,0.0,0,0.0,0.0
2020-01-04,2.7985000610351562,0.0,18.146358489990234,0.0,0.0,0.0,,,1,0,0.0,10,,0.0,0.0,0.0,0.0,0.0,0.0,,0.0,0.0,0.0,,0.0,0.0,0.0,0,0.0,0.0
2020-01-05,2.7985000610351562,0.0,18.146358489990234,0.0,0.0,0.0,0.005446105652475437,0.012524535099629636,1,0,0.0,10,,0.0,0.0,0.0,0.0,0.0,0.0,,0.0,0.0,0.0,0.012524535099629636,0.0,0.0,0.0,0,0.0,0.0
2020-01-06,2.80049991607666,0.0007146167582230412,18.047199249267578,-0.005464415396474909,0.00617903215469795,0.00617903215469795,0.005534659217953264,0.012146294178640963,1,0,0.0,10,49.27705662632225,0.0,0.0,0.0,0.0,0.0,0.0,,0.0,0.0,0.0,0.012146294178640963,0.0,0.0,0.0,0,0.0,0.0
2020-01-07,2.803999900817871,0.0012497714144246164,18.146358489990234,0.005494439295154363,-0.004244667880729747,0.004244667880729747,0.0056901214446570545,0.013113359339011244,0,0,0.0,10,28.451442151893023,0.0,0.0,0.0,0.0,0.0,0.0,,0.0,0.0,0.0,0.013113359339011244,0.0,0.0,0.0,0,0.0,0.0
2020-01-08,2.819000005722046,0.005349538314819435,18.038183212280273,-0.0059612664309278696,0.011310804745747305,0.011310804745747305,0.0022355906237699645,0.004705036361671539,1,1,1.0,10,7.13049938948412,-72.0,10.0,202.9680004119873,-180.38183212280273,0.0,0.0,Opened,202.9680004119873,-180.38183212280273,0.0,0.004705036361671539,383.34983253479004,0.0,0.0,0,0.0,383.34983253479004
2020-01-09,2.810499906539917,-0.0030152888133647693,17.93902587890625,-0.005497079844854813,0.0024817910314900438,0.0024817910314900438,0.0030036009779316397,0.004992042983678758,1,1,0.0,10,11.636393788367124,72.0,-10.0,-202.35599327087402,179.3902587890625,0.6120071411132812,-0.9915733337402344,Live,0.0,0.0,0.0,0.004992042983678758,381.7462520599365,-0.3795661926269531,-0.0009942892446979646,0,0.0,0.0
2020-01-10,2.81850004196167,0.0028465168787719097,18.09227180480957,0.008542600191213001,-0.0056960833124410915,0.0056960833124410915,0.0030689633483234804,0.007019861512071829,0,0,-1.0,10,19.264217624270096,72.0,-10.0,-202.93200302124023,180.9227180480957,0.03599739074707031,0.5408859252929688,Closed,-202.93200302124023,180.9227180480957,0.5768833160400391,0.007019861512071829,383.85472106933594,0.5768833160400391,0.0015028688833967376,0,0.5768833160400391,0.0
2020-01-11,2.81850004196167,0.0,18.09227180480957,0.0,0.0,0.0,0.0031266495835591593,0.006472818816817797,1,0,0.0,10,,0.0,0.0,0.0,0.0,0.0,0.0,,0.0,0.0,0.0,0.006472818816817797,0.0,0.0,0.0,0,0.0,0.0
2020-01-12,2.81850004196167,0.0,18.09227180480957,0.0,0.0,0.0,0.003179784469644131,0.005852996823469843,1,0,0.0,10,,0.0,0.0,0.0,0.0,0.0,0.0,,0.0,0.0,0.0,0.005852996823469843,0.0,0.0,0.0,0,0.0,0.0
2020-01-13,2.8615000247955322,0.015256335708242252,18.479896545410156,0.02142487935083648,-0.006168543642594226,0.006168543642594226,0.007148837109749672,0.010517357888003858,0,0,0.0,10,9.069303382982945,0.0,0.0,0.0,0.0,0.0,0.0,,0.0,0.0,0.0,0.010517357888003858,0.0,0.0,0.0,0,0.0,0.0
2020-01-14,2.875999927520752,0.005067238371334826,18.52497100830078,0.0024391079668582005,0.002628130404476625,0.002628130404476625,0.006308025033479494,0.009054188783434778,1,0,0.0,10,3.100475873720752,0.0,0.0,0.0,0.0,0.0,0.0,,0.0,0.0,0.0,0.009054188783434778,0.0,0.0,0.0,0,0.0,0.0
2020-01-15,2.869999885559082,-0.002086245519081875,18.209463119506836,-0.017031491636481988,0.014945246117400113,0.014945246117400113,0.007004731859887893,0.013653843879917922,1,1,1.0,10,51.79675238939003,-518.0,10.0,1486.6599407196045,-182.09463119506836,0.0,0.0,Opened,1486.6599407196045,-182.09463119506836,0.0,0.013653843879917922,1668.7545719146729,0.0,0.0,0,0.0,1668.7545719146729
2020-01-16,2.8519999980926514,-0.006271738043266195,18.182416915893555,-0.0014852828683514785,-0.004786455174914717,0.004786455174914717,0.008268686883637527,0.013707059663374741,0,0,-1.0,10,1.5098136663385322,518.0,-10.0,-1477.3359990119934,181.82416915893555,9.323941707611084,-0.2704620361328125,Closed,-1477.3359990119934,181.82416915893555,9.053479671478271,0.013707059663374741,1659.160168170929,9.053479671478271,0.005456664067254518,0,9.053479671478271,0.0
2020-01-17,2.8494999408721924,-0.0008765979039729865,18.35369300842285,0.009419874889106783,-0.01029647279307977,0.01029647279307977,0.00834108918028152,0.014163095905568867,0,0,0.0,10,69.21488756798782,0.0,0.0,0.0,0.0,0.0,0.0,,0.0,0.0,0.0,0.014163095905568867,0.0,0.0,0.0,0,0.0,0.0
2020-01-18,2.8494999408721924,0.0,18.35369300842285,0.0,0.0,0.0,0.004082251136081463,0.009722343149095302,1,0,0.0,10,,0.0,0.0,0.0,0.0,0.0,0.0,,0.0,0.0,0.0,0.009722343149095302,0.0,0.0,0.0,0,0.0,0.0
2020-01-19,2.8494999408721924,0.0,18.35369300842285,0.0,0.0,0.0,0.002617252536672159,0.009545432140103416,1,0,0.0,10,,0.0,0.0,0.0,0.0,0.0,0.0,,0.0,0.0,0.0,0.009545432140103416,0.0,0.0,0.0,0,0.0,0.0
2020-01-20,2.8494999408721924,0.0,18.35369300842285,0.0,0.0,0.0,0.002733284681737519,0.0044257360409957845,1,0,0.0,10,,0.0,0.0,0.0,0.0,0.0,0.0,,0.0,0.0,0.0,0.0044257360409957845,0.0,0.0,0.0,0,0.0,0.0
2020-01-21,2.7985000610351562,-0.017897835022037456,17.758731842041016,-0.03241642791501398,0.014518592892976523,0.014518592892976523,0.007915255144697916,0.01607630672356877,1,0,0.0,10,11.493473128848521,0.0,0.0,0.0,0.0,0.0,0.0,,0.0,0.0,0.0,0.01607630672356877,0.0,0.0,0.0,0,0.0,0.0
2020-01-22,2.7669999599456787,-0.011256065893322065,17.605484008789062,-0.00862943562721985,-0.0026266302661022145,0.0026266302661022145,0.008322282291450444,0.014038690957743289,0,0,0.0,10,4.877918983341605,0.0,0.0,0.0,0.0,0.0,0.0,,0.0,0.0,0.0,0.014038690957743289,0.0,0.0,0.0,0,0.0,0.0
2020-01-23,2.7260000705718994,-0.014817452102378836,17.14573860168457,-0.026113761307270833,0.011296309204891997,0.011296309204891997,0.008364992938357093,0.015042751125056075,1,0,0.0,10,11.084758447510312,0.0,0.0,0.0,0.0,0.0,0.0,,0.0,0.0,0.0,0.015042751125056075,0.0,0.0,0.0,0,0.0,0.0
2020-01-24,2.685499906539917,-0.014856993024026433,16.947420120239258,-0.011566633905513268,-0.003290359118513164,0.003290359118513164,0.006985051660353257,0.013242382187681579,0,0,0.0,10,4.913087791125874,0.0,0.0,0.0,0.0,0.0,0.0,,0.0,0.0,0.0,0.013242382187681579,0.0,0.0,0.0,0,0.0,0.0
2020-01-25,2.685499906539917,0.0,16.947420120239258,0.0,0.0,0.0,0.006985051660353257,0.013242382187681579,1,0,0.0,10,,0.0,0.0,0.0,0.0,0.0,0.0,,0.0,0.0,0.0,0.013242382187681579,0.0,0.0,0.0,0,0.0,0.0
2020-01-26,2.685499906539917,0.0,16.947420120239258,0.0,0.0,0.0,0.0076145387491604695,0.010738512726114115,1,0,0.0,10,,0.0,0.0,0.0,0.0,0.0,0.0,,0.0,0.0,0.0,0.010738512726114115,0.0,0.0,0.0,0,0.0,0.0
2020-01-27,2.5964999198913574,-0.033140938278128584,16.19019317626953,-0.04468095666463223,0.011540018386503648,0.011540018386503648,0.013688082773212543,0.019075016260601912,1,0,0.0,10,8.406619298741546,0.0,0.0,0.0,0.0,0.0,0.0,,0.0,0.0,0.0,0.019075016260601912,0.0,0.0,0.0,0,0.0,0.0
2020-01-28,2.5794999599456787,-0.006547259953849749,16.334423065185547,0.00890847239101622,-0.015455732344865969,0.015455732344865969,0.013846326830094282,0.020984145007105347,0,0,0.0,10,8.616123752166331,0.0,0.0,0.0,0.0,0.0,0.0,,0.0,0.0,0.0,0.020984145007105347,0.0,0.0,0.0,0,0.0,0.0
2020-01-29,2.553499937057495,-0.010079481795662093,16.334423065185547,0.0,-0.010079481795662093,0.010079481795662093,0.013669491221881453,0.02132964276885,0,0,0.0,10,0.0,0.0,0.0,0.0,0.0,0.0,0.0,,0.0,0.0,0.0,0.02132964276885,0.0,0.0,0.0,0,0.0,0.0
2020-01-30,2.5234999656677246,-0.011748569465147796,16.15413475036621,-0.011037323699763513,-0.000711245765384283,0.000711245765384283,0.012489630201418155,0.02097224152755655,0,0,0.0,10,6.0139413533549115,0.0,0.0,0.0,0.0,0.0,0.0,,0.0,0.0,0.0,0.02097224152755655,0.0,0.0,0.0,0,0.0,0.0
2020-01-31,2.5199999809265137,-0.0013869565242038417,15.76650619506836,-0.023995624729394094,0.022608668205190252,0.022608668205190252,0.012159093547231447,0.021039720942601113,1,1,1.0,10,108.24407706696825,-1083.0,10.0,2729.1599793434143,-157.6650619506836,0.0,0.0,Opened,2729.1599793434143,-157.6650619506836,0.0,0.021039720942601113,2886.825041294098,0.0,0.0,0,0.0,2886.825041294098
2020-02-01,2.5199999809265137,0.0,15.76650619506836,0.0,0.0,0.0,0.005178237703549438,0.01265381119757289,1,1,0.0,10,,1083.0,-10.0,-2729.1599793434143,157.6650619506836,0.0,0.0,Live,0.0,0.0,0.0,0.01265381119757289,2886.825041294098,0.0,0.0,0,0.0,0.0
2020-02-02,2.5199999809265137,0.0,15.76650619506836,0.0,0.0,0.0,0.005782758183922019,0.010631921574664518,1,1,0.0,10,,1083.0,-10.0,-2729.1599793434143,157.6650619506836,0.0,0.0,Live,0.0,0.0,0.0,0.010631921574664518,2886.825041294098,0.0,0.0,0,0.0,0.0
2020-02-03,2.513000011444092,-0.0027777656886521784,15.739461898803711,-0.0017153005193444315,-0.001062465169307747,0.001062465169307747,0.00492498590588447,0.010373861579984543,0,0,-1.0,10,3.867603993566013,1083.0,-10.0,-2721.5790123939514,157.3946189880371,7.580966949462891,-0.2704429626464844,Closed,-2721.5790123939514,157.3946189880371,7.310523986816406,0.010373861579984543,2878.9736313819885,7.310523986816406,0.0025392813282930794,0,7.310523986816406,0.0
2020-02-04,2.547499895095825,0.013728564860574055,16.46063232421875,0.04581925545179222,-0.03209069059121816,0.03209069059121816,0.006704843520060913,0.025481696585349038,0,1,1.0,10,21.565286261323045,216.0,-10.0,-550.2599773406982,164.6063232421875,0.0,0.0,Opened,-550.2599773406982,164.6063232421875,0.0,0.025481696585349038,714.8663005828857,0.0,0.0,0,0.0,714.8663005828857
2020-02-05,2.5789999961853027,0.012365103979049552,16.74909782409668,0.017524569785421162,-0.00515946580637161,0.00515946580637161,0.007751757926684323,0.02030912332187282,0,1,0.0,10,9.204276785903547,-216.0,10.0,557.0639991760254,-167.4909782409668,6.804021835327148,-2.884654998779297,Live,0.0,0.0,0.0,0.02030912332187282,724.5549774169922,3.9193668365478516,0.005409343609121599,0,0.0,0.0
2020-02-06,2.5985000133514404,0.007561076849546655,16.658952713012695,-0.005382087562608495,0.01294316441215515,0.01294316441215515,0.0073412801352867,0.021246714453014865,1,0,-1.0,10,4.563437206933559,-216.0,10.0,561.2760028839111,-166.58952713012695,11.01602554321289,-1.9832038879394531,Closed,561.2760028839111,-166.58952713012695,9.032821655273438,0.021246714453014865,727.8655300140381,9.032821655273438,0.012410014326546313,0,9.032821655273438,0.0
2020-02-07,2.559000015258789,-0.015201076732613061,16.063989639282227,-0.035714314337763176,0.020513237605150114,0.020513237605150114,0.012126222619465494,0.030123174110068204,1,0,0.0,10,14.748610023528325,0.0,0.0,0.0,0.0,0.0,0.0,,0.0,0.0,0.0,0.030123174110068204,0.0,0.0,0.0,0,0.0,0.0
2020-02-08,2.559000015258789,0.0,16.063989639282227,0.0,0.0,0.0,0.011848041261191608,0.03004997613328128,1,0,0.0,10,,0.0,0.0,0.0,0.0,0.0,0.0,,0.0,0.0,0.0,0.03004997613328128,0.0,0.0,0.0,0,0.0,0.0
2020-02-09,2.559000015258789,0.0,16.063989639282227,0.0,0.0,0.0,0.010448362211665901,0.01936790778234161,1,0,0.0,10,,0.0,0.0,0.0,0.0,0.0,0.0,,0.0,0.0,0.0,0.01936790778234161,0.0,0.0,0.0,0,0.0,0.0
2020-02-10,2.557499885559082,-0.000586217151528734,16.100046157836914,0.002244555640556145,-0.002830772792084879,0.002830772792084879,0.008292347951036455,0.01587154650319578,0,0,0.0,10,24.10367999676888,0.0,0.0,0.0,0.0,0.0,0.0,,0.0,0.0,0.0,0.01587154650319578,0.0,0.0,0.0,0,0.0,0.0
2020-02-11,2.5885000228881836,0.012121266360223037,16.442598342895508,0.021276472234947663,-0.009155205874724626,0.009155205874724626,0.009690891741653409,0.020636759086969443,0,0,0.0,10,11.149975191652082,0.0,0.0,0.0,0.0,0.0,0.0,,0.0,0.0,0.0,0.020636759086969443,0.0,0.0,0.0,0,0.0,0.0
2020-02-12,2.6059999465942383,0.006760642670007977,17.037565231323242,0.03618448106681438,-0.0294238383968064,0.0294238383968064,0.005613122343483857,0.01623340237943398,0,1,1.0,10,34.991897669570534,350.0,-10.0,-912.0999813079834,170.37565231323242,0.0,0.0,Opened,-912.0999813079834,170.37565231323242,0.0,0.01623340237943398,1082.4756336212158,0.0,0.0,0,0.0,1082.4756336212158
2020-02-13,2.619499921798706,0.005180343622842587,16.803184509277344,-0.01375670284243391,0.018937046465276497,0.018937046465276497,0.005234170170918218,0.019583355736165188,1,0,-1.0,10,17.034484455445597,-350.0,10.0,916.8249726295471,-168.03184509277344,4.724991321563721,2.3438072204589844,Closed,916.8249726295471,-168.03184509277344,7.068798542022705,0.019583355736165188,1084.8568177223206,7.068798542022705,0.006515881567545286,0,7.068798542022705,0.0
2020-02-14,2.6054999828338623,-0.0053445082583665204,16.758113861083984,-0.002682268243169972,-0.0026622400151965486,0.0026622400151965486,0.006756928121865057,0.019931669192924786,0,0,0.0,10,3.227962773073668,0.0,0.0,0.0,0.0,0.0,0.0,,0.0,0.0,0.0,0.019931669192924786,0.0,0.0,0.0,0,0.0,0.0
2020-02-15,2.6054999828338623,0.0,16.758113861083984,0.0,0.0,0.0,0.006670088549194137,0.020136321485526687,1,0,0.0,10,,0.0,0.0,0.0,0.0,0.0,0.0,,0.0,0.0,0.0,0.020136321485526687,0.0,0.0,0.0,0,0.0,0.0
2020-02-16,2.6054999828338623,0.0,16.758113861083984,0.0,0.0,0.0,0.004806332109678853,0.018892995217900062,1,0,0.0,10,,0.0,0.0,0.0,0.0,0.0,0.0,,0.0,0.0,0.0,0.018892995217900062,0.0,0.0,0.0,0,0.0,0.0
2020-02-17,2.6054999828338623,0.0,16.758113861083984,0.0,0.0,0.0,0.003721368651751733,0.00596643700110633,1,0,0.0,10,,0.0,0.0,0.0,0.0,0.0,0.0,,0.0,0.0,0.0,0.00596643700110633,0.0,0.0,0.0,0,0.0,0.0
2020-02-18,2.609999895095825,0.0017270820539667664,16.49669075012207,-0.015599793218316504,0.01732687527228327,0.01732687527228327,0.002689304114265714,0.006776823686769442,1,1,1.0,10,57.0902853103214,-571.0,10.0,1490.3099400997162,-164.9669075012207,0.0,0.0,Opened,1490.3099400997162,-164.9669075012207,0.0,0.006776823686769442,1655.276847600937,0.0,0.0,0,0.0,1655.276847600937
2020-02-19,2.612499952316284,0.0009578763681779012,16.586835861206055,0.005464436016254792,-0.004506559648076891,0.004506559648076891,0.0007839864814073995,0.007947775102305344,0,0,-1.0,10,36.21955765795964,571.0,-10.0,-1491.7374727725983,165.86835861206055,-1.42753267288208,0.9014511108398438,Closed,-1491.7374727725983,165.86835861206055,-0.5260815620422363,0.007947775102305344,1657.6058313846588,-0.5260815620422363,-0.0003173743432132965,0,-0.5260815620422363,0.0
2020-02-20,2.5950000286102295,-0.006698535512139947,16.39752960205078,-0.011413042290846498,0.004714506778706551,0.004714506778706551,0.003374498383233437,0.008811986717270872,1,0,0.0,10,10.76620435693987,0.0,0.0,0.0,0.0,0.0,0.0,,0.0,0.0,0.0,0.008811986717270872,0.0,0.0,0.0,0,0.0,0.0
2020-02-21,2.618000030517578,0.008863199095865415,16.118074417114258,-0.017042517483949138,0.025905716579814553,0.025905716579814553,0.005536769117866322,0.0099507131821091,1,1,1.0,10,11.838229427877376,-119.0,10.0,311.5420036315918,-161.18074417114258,0.0,0.0,Opened,311.5420036315918,-161.18074417114258,0.0,0.0099507131821091,472.7227478027344,0.0,0.0,0,0.0,472.7227478027344
2020-02-22,2.618000030517578,0.0,16.118074417114258,0.0,0.0,0.0,0.005536769117866322,0.0099507131821091,1,1,0.0,10,,119.0,-10.0,-311.5420036315918,161.18074417114258,0.0,0.0,Live,0.0,0.0,0.0,0.0099507131821091,472.7227478027344,0.0,0.0,0,0.0,0.0
2020-02-23,2.618000030517578,0.0,16.118074417114258,0.0,0.0,0.0,0.005531594530666908,0.009285023467431257,1,1,0.0,10,,119.0,-10.0,-311.5420036315918,161.18074417114258,0.0,0.0,Live,0.0,0.0,0.0,0.009285023467431257,472.7227478027344,0.0,0.0,0,0.0,0.0
2020-02-24,2.5924999713897705,-0.009740282211824991,15.333807945251465,-0.048657578539906376,0.038917296328081386,0.038917296328081386,0.007190649731885528,0.019993609389890355,1,1,0.0,10,29.54678359466396,119.0,-10.0,-308.5074965953827,153.33807945251465,3.0345070362091064,-7.84266471862793,Live,0.0,0.0,0.0,0.019993609389890355,461.84557604789734,-4.808157682418823,-0.01041074751340733,0,0.0,0.0
2020-02-25,2.5964999198913574,0.0015428923995099986,14.919136047363281,-0.027042982367377233,0.02858587476688723,0.02858587476688723,0.006627994650250495,0.02042715428653534,1,1,0.0,10,100.71039656783961,119.0,-10.0,-308.98349046707153,149.1913604736328,2.5585131645202637,-11.989383697509766,Live,0.0,0.0,0.0,0.02042715428653534,458.17485094070435,-9.430870532989502,-0.020583562178557935,1,-9.430870532989502,0.0
2020-02-26,2.5764999389648438,-0.007702669571948428,14.792932510375977,-0.008459171937748255,0.0007565023657998271,0.0007565023657998271,0.005148357878305934,0.020939605464599814,1,1,0.0,10,6.3053721435419074,119.0,-10.0,-306.6034927368164,147.92932510375977,4.938510894775391,-13.251419067382812,Live,0.0,0.0,0.0,0.020939605464599814,454.5328178405762,-8.312908172607422,-0.01828890642506502,0,0.0,0.0
2020-02-27,2.571500062942505,-0.001940569043579199,14.24304485321045,-0.03717232244383106,0.035231753400251864,0.035231753400251864,0.004916628334791751,0.020049491653817742,1,1,0.0,10,106.09792717557377,119.0,-10.0,-306.0085074901581,142.4304485321045,5.533496141433716,-18.750295639038086,Live,0.0,0.0,0.0,0.020049491653817742,448.4389560222626,-13.21679949760437,-0.02947290666903664,1,0.0,0.0
2020-02-28,2.5460000038146973,-0.00991641396214027,14.062752723693848,-0.012658257512680904,0.0027418435505406347,0.0027418435505406347,0.005113587945138099,0.0167464375969652,1,1,0.0,10,7.050683478690059,119.0,-10.0,-302.974000453949,140.62752723693848,8.568003177642822,-20.5532169342041,Live,0.0,0.0,0.0,0.0167464375969652,443.60152769088745,-11.98521375656128,-0.027017972230503392,1,0.0,0.0
2020-02-29,2.5460000038146973,0.0,14.062752723693848,0.0,0.0,0.0,0.004972222342903186,0.0149043485014165,1,1,0.0,10,,119.0,-10.0,-302.974000453949,140.62752723693848,8.568003177642822,-20.5532169342041,Live,0.0,0.0,0.0,0.0149043485014165,443.60152769088745,-11.98521375656128,-0.027017972230503392,1,0.0,0.0
2020-03-01,2.5460000038146973,0.0,14.062752723693848,0.0,0.0,0.0,0.004607499072822317,0.015280965233084863,1,1,0.0,10,,119.0,-10.0,-302.974000453949,140.62752723693848,8.568003177642822,-20.5532169342041,Live,0.0,0.0,0.0,0.015280965233084863,443.60152769088745,-11.98521375656128,-0.027017972230503392,1,0.0,0.0
2020-03-02,2.6010000705718994,0.021602539935111853,14.477422714233398,0.029487113845135582,-0.007884573910023729,0.007884573910023729,0.011723647360748326,0.024128466586982537,0,0,-1.0,10,7.597633520377495,119.0,-10.0,-309.51900839805603,144.77422714233398,2.0229952335357666,-16.406517028808594,Closed,-309.51900839805603,144.77422714233398,-14.383521795272827,0.024128466586982537,454.29323554039,-14.383521795272827,-0.03166131623809755,1,0.0,0.0
2020-03-03,2.5794999599456787,-0.008266093826553966,14.179941177368164,-0.020547962350561666,0.0122818685240077,0.0122818685240077,0.012559796780695937,0.01903400754582862,1,0,0.0,10,13.66492758481857,0.0,0.0,0.0,0.0,0.0,0.0,,0.0,0.0,0.0,0.01903400754582862,0.0,0.0,0.0,0,0.0,0.0
2020-03-04,2.5929999351501465,0.0052335628664836875,14.405304908752441,0.015893135843466633,-0.010659572976982945,0.010659572976982945,0.011106520296748072,0.018847890516760533,0,0,0.0,10,16.870661022912653,0.0,0.0,0.0,0.0,0.0,0.0,,0.0,0.0,0.0,0.018847890516760533,0.0,0.0,0.0,0,0.0,0.0
2020-03-05,2.5824999809265137,-0.004049346118870978,14.071764945983887,-0.023153967575229917,0.01910462145635894,0.01910462145635894,0.011582481309167236,0.022802649350703304,1,0,0.0,10,31.156507266728084,0.0,0.0,0.0,0.0,0.0,0.0,,0.0,0.0,0.0,0.022802649350703304,0.0,0.0,0.0,0,0.0,0.0
2020-03-06,2.572999954223633,-0.0036786163690396556,13.612022399902344,-0.03267127811232762,0.028992661743287962,0.028992661743287962,0.011924844307684826,0.027183204102588083,1,1,1.0,10,46.98557025244286,-470.0,10.0,1209.3099784851074,-136.12022399902344,0.0,0.0,Opened,1209.3099784851074,-136.12022399902344,0.0,0.027183204102588083,1345.4302024841309,0.0,0.0,0,0.0,1345.4302024841309
2020-03-07,2.572999954223633,0.0,13.612022399902344,0.0,0.0,0.0,0.0050618738121125635,0.01966444332502678,1,1,0.0,10,,470.0,-10.0,-1209.3099784851074,136.12022399902344,0.0,0.0,Live,0.0,0.0,0.0,0.01966444332502678,1345.4302024841309,0.0,0.0,0,0.0,0.0
2020-03-08,2.572999954223633,0.0,13.612022399902344,0.0,0.0,0.0,0.003744168691583732,0.01960354378413907,1,1,0.0,10,,470.0,-10.0,-1209.3099784851074,136.12022399902344,0.0,0.0,Live,0.0,0.0,0.0,0.01960354378413907,1345.4302024841309,0.0,0.0,0,0.0,0.0
2020-03-09,2.5239999294281006,-0.019043927581536724,11.86319351196289,-0.12847678592947365,0.10943285834793692,0.10943285834793692,0.007893886567047974,0.05318917977160068,1,1,0.0,10,31.70884465584569,470.0,-10.0,-1186.2799668312073,118.6319351196289,23.030011653900146,-17.48828887939453,Live,0.0,0.0,0.0,0.05318917977160068,1304.9119019508362,5.541722774505615,0.004246817556204959,0,0.0,0.0
2020-03-10,2.5339999198913574,0.003961961467060293,12.746623039245605,0.07446810392090986,-0.07050614245384956,0.07050614245384956,0.008965331055846314,0.07351277497912254,0,0,-1.0,10,94.54718314075522,470.0,-10.0,-1190.979962348938,127.46623039245605,18.330016136169434,-8.653993606567383,Closed,-1190.979962348938,127.46623039245605,9.67602252960205,0.07351277497912254,1318.446192741394,9.67602252960205,0.0073389589828334765,0,9.67602252960205,0.0
2020-03-11,2.51200008392334,-0.008681861351029885,11.75501823425293,-0.07779353025029623,0.06911166889926634,0.06911166889926634,0.00923037287645685,0.0784685474280636,1,0,0.0,10,41.930910391044875,0.0,0.0,0.0,0.0,0.0,0.0,,0.0,0.0,0.0,0.0784685474280636,0.0,0.0,0.0,0,0.0,0.0
2020-03-12,2.4809999465942383,-0.012340818588144398,10.438889503479004,-0.11196313817182013,0.09962231958367573,0.09962231958367573,0.009291524942244448,0.08478657244562757,1,1,1.0,10,38.17320636436167,-382.0,10.0,947.741979598999,-104.38889503479004,0.0,0.0,Opened,947.741979598999,-104.38889503479004,0.0,0.08478657244562757,1052.130874633789,0.0,0.0,0,0.0,1052.130874633789
2020-03-13,2.4739999771118164,-0.00282143072676444,11.475564956665039,0.09930897849244769,-0.10213040921921213,0.10213040921921213,0.00881690729485483,0.107619823003166,0,0,-1.0,10,163.26515588021323,382.0,-10.0,-945.0679912567139,114.75564956665039,2.6739883422851562,10.366754531860352,Closed,-945.0679912567139,114.75564956665039,13.040742874145508,0.107619823003166,1059.8236408233643,13.040742874145508,0.012304634820199247,0,13.040742874145508,0.0
2020-03-14,2.4739999771118164,0.0,11.475564956665039,0.0,0.0,0.0,0.006562548258929317,0.09211986747584969,1,0,0.0,10,,0.0,0.0,0.0,0.0,0.0,0.0,,0.0,0.0,0.0,0.09211986747584969,0.0,0.0,0.0,0,0.0,0.0
2020-03-15,2.4739999771118164,0.0,11.475564956665039,0.0,0.0,0.0,0.0055209299171430385,0.08187443731803073,1,0,0.0,10,,0.0,0.0,0.0,0.0,0.0,0.0,,0.0,0.0,0.0,0.08187443731803073,0.0,0.0,0.0,0,0.0,0.0
2020-03-16,2.3984999656677246,-0.03051738566797868,9.474328994750977,-0.17439106218049327,0.1438736765125146,0.1438736765125146,0.012983078336296082,0.10701994800364897,1,1,1.0,10,22.572810807460858,-226.0,10.0,542.0609922409058,-94.74328994750977,0.0,0.0,Opened,542.0609922409058,-94.74328994750977,0.0,0.10701994800364897,636.8042821884155,0.0,0.0,0,0.0,636.8042821884155
2020-03-17,2.315500020980835,-0.03460493886802418,10.583120346069336,0.11703112188025755,-0.15163606074828173,0.15163606074828173,0.01741768008068531,0.1157787274342263,0,0,-1.0,10,15.457249867404158,226.0,-10.0,-523.3030047416687,105.83120346069336,18.75798749923706,11.087913513183594,Closed,-523.3030047416687,105.83120346069336,29.845901012420654,0.1157787274342263,629.1342082023621,29.845901012420654,0.04743964105480761,0,29.845901012420654,0.0
2020-03-18,2.1605000495910645,-0.06694017274252206,9.447284698486328,-0.10732521321132549,0.040385040468803424,0.040385040468803424,0.027936082005975953,0.11203011591802396,1,0,0.0,10,7.01080122359595,0.0,0.0,0.0,0.0,0.0,0.0,,0.0,0.0,0.0,0.11203011591802396,0.0,0.0,0.0,0,0.0,0.0
2020-03-19,2.200000047683716,0.018282803603789644,9.672648429870605,0.023854868205716917,-0.0055720646019272735,0.0055720646019272735,0.03299581987895572,0.11426903378988537,0,0,0.0,10,5.736631324913952,0.0,0.0,0.0,0.0,0.0,0.0,,0.0,0.0,0.0,0.11426903378988537,0.0,0.0,0.0,0,0.0,0.0
2020-03-20,2.190500020980835,-0.004318193862260622,9.429255485534668,-0.02516300950051109,0.02084481563825047,0.02084481563825047,0.032300483148759385,0.11326816018629182,1,0,0.0,10,25.083872650813838,0.0,0.0,0.0,0.0,0.0,0.0,,0.0,0.0,0.0,0.11326816018629182,0.0,0.0,0.0,0,0.0,0.0
2020-03-21,2.190500020980835,0.0,9.429255485534668,0.0,0.0,0.0,0.03353105786125531,0.08124517241699515,1,0,0.0,10,,0.0,0.0,0.0,0.0,0.0,0.0,,0.0,0.0,0.0,0.08124517241699515,0.0,0.0,0.0,0,0.0,0.0
2020-03-22,2.190500020980835,0.0,9.429255485534668,0.0,0.0,0.0,0.03268261149904894,0.05089374232860301,1,0,0.0,10,,0.0,0.0,0.0,0.0,0.0,0.0,,0.0,0.0,0.0,0.05089374232860301,0.0,0.0,0.0,0,0.0,0.0
2020-03-23,2.119499921798706,-0.03241273613425366,8.726118087768555,-0.07456976840268992,0.042157032268436256,0.042157032268436256,0.01827174386912188,0.037454608220664355,1,1,1.0,10,9.471849340285633,-95.0,10.0,201.35249257087708,-87.26118087768555,0.0,0.0,Opened,201.35249257087708,-87.26118087768555,0.0,0.037454608220664355,288.6136734485626,0.0,0.0,0,0.0,288.6136734485626
2020-03-24,2.197499990463257,0.03680116609693296,10.051261901855469,0.15185948674524297,-0.11505832064831001,0.11505832064831001,0.024614818206788083,0.08472262443754566,0,0,-1.0,10,18.874352212148235,95.0,-10.0,-208.7624990940094,100.51261901855469,-7.410006523132324,13.25143814086914,Closed,-208.7624990940094,100.51261901855469,5.841431617736816,0.08472262443754566,309.2751181125641,5.841431617736816,0.01888749296544044,0,5.841431617736816,0.0
2020-03-25,2.2339999675750732,0.01660977350180648,10.736369132995605,0.06816131524875146,-0.051551541746944984,0.051551541746944984,0.025458844022445932,0.08520081915105533,0,0,0.0,10,19.72188963350041,0.0,0.0,0.0,0.0,0.0,0.0,,0.0,0.0,0.0,0.08520081915105533,0.0,0.0,0.0,0,0.0,0.0
2020-03-26,2.2079999446868896,-0.011638327334626442,10.835530281066895,0.009236003982625807,-0.020874331317252248,0.020874331317252248,0.026451488958557527,0.0845097728394274,0,0,0.0,10,3.8944367578726515,0.0,0.0,0.0,0.0,0.0,0.0,,0.0,0.0,0.0,0.0845097728394274,0.0,0.0,0.0,0,0.0,0.0
2020-03-27,2.197000026702881,-0.004981847037848874,10.384801864624023,-0.041597264254841004,0.03661541721699213,0.03661541721699213,0.026632836409658148,0.09017440846462572,1,0,0.0,10,39.46776493680568,0.0,0.0,0.0,0.0,0.0,0.0,,0.0,0.0,0.0,0.09017440846462572,0.0,0.0,0.0,0,0.0,0.0
2020-03-28,2.197000026702881,0.0,10.384801864624023,0.0,0.0,0.0,0.019492099577424815,0.07496613244355214,1,0,0.0,10,,0.0,0.0,0.0,0.0,0.0,0.0,,0.0,0.0,0.0,0.07496613244355214,0.0,0.0,0.0,0,0.0,0.0
2020-03-29,2.197000026702881,0.0,10.384801864624023,0.0,0.0,0.0,0.010442150367646091,0.03938677529396517,1,0,0.0,10,,0.0,0.0,0.0,0.0,0.0,0.0,,0.0,0.0,0.0,0.03938677529396517,0.0,0.0,0.0,0,0.0,0.0
2020-03-30,2.1619999408721924,-0.015930853620978014,10.26761245727539,-0.011284703249644146,-0.004646150371333868,0.004646150371333868,0.007108932329529991,0.019760988488284052,0,0,0.0,10,3.364068933238598,0.0,0.0,0.0,0.0,0.0,0.0,,0.0,0.0,0.0,0.019760988488284052,0.0,0.0,0.0,0,0.0,0.0
2020-03-31,2.240000009536743,0.03607773857435159,10.664254188537598,0.03863037613784859,-0.0025526375634969956,0.0025526375634969956,0.019584550305310477,0.028763524254578655,0,0,0.0,10,5.0976744576197595,0.0,0.0,0.0,0.0,0.0,0.0,,0.0,0.0,0.0,0.028763524254578655,0.0,0.0,0.0,0,0.0,0.0
2020-04-01,2.191999912261963,-0.021428614763580822,10.096334457397461,-0.05325451935969061,0.03182590459610979,0.03182590459610979,0.02244021101815312,0.03286883271094076,1,0,0.0,10,11.446838841358364,0.0,0.0,0.0,0.0,0.0,0.0,,0.0,0.0,0.0,0.03286883271094076,0.0,0.0,0.0,0,0.0,0.0
2020-04-02,2.2330000400543213,0.018704438610150254,10.366771697998047,0.026785685611121934,-0.00808124700097168,0.00808124700097168,0.023998576602340373,0.035961832213119896,0,0,0.0,10,6.648334968359602,0.0,0.0,0.0,0.0,0.0,0.0,,0.0,0.0,0.0,0.035961832213119896,0.0,0.0,0.0,0,0.0,0.0
2020-04-03,2.2100000381469727,-0.010300045452211082,10.258597373962402,-0.01043471653345418,0.00013467108124309846,0.00013467108124309846,0.024801115609099658,0.036275956151947945,1,0,0.0,10,4.702591108730051,0.0,0.0,0.0,0.0,0.0,0.0,,0.0,0.0,0.0,0.036275956151947945,0.0,0.0,0.0,0,0.0,0.0
2020-04-04,2.2100000381469727,0.0,10.258597373962402,0.0,0.0,0.0,0.022969777874624647,0.03589606409506289,1,0,0.0,10,,0.0,0.0,0.0,0.0,0.0,0.0,,0.0,0.0,0.0,0.03589606409506289,0.0,0.0,0.0,0,0.0,0.0
2020-04-05,2.2100000381469727,0.0,10.258597373962402,0.0,0.0,0.0,0.014842560603193387,0.029111963564570423,1,0,0.0,10,,0.0,0.0,0.0,0.0,0.0,0.0,,0.0,0.0,0.0,0.029111963564570423,0.0,0.0,0.0,0,0.0,0.0
2020-04-06,2.234999895095825,0.011312152270284148,10.853559494018555,0.05799643931501208,-0.046684287044727935,0.046684287044727935,0.011249036806544243,0.02776884859455688,0,1,1.0,10,24.897215167360976,249.0,-10.0,-556.5149738788605,108.53559494018555,0.0,0.0,Opened,-556.5149738788605,108.53559494018555,0.0,0.02776884859455688,665.050568819046,0.0,0.0,0,0.0,665.050568819046
2020-04-07,2.2885000705718994,0.02393743981530716,11.430492401123047,0.05315610122397563,-0.029218661408668467,0.029218661408668467,0.013062932048098134,0.03266965474720016,0,1,0.0,10,11.091478188507383,-249.0,10.0,569.836517572403,-114.30492401123047,13.32154369354248,-5.769329071044922,Live,0.0,0.0,0.0,0.03266965474720016,684.1414415836334,7.552214622497559,0.011038966744969991,0,0.0,0.0
2020-04-08,2.2780001163482666,-0.004588138037945888,11.655856132507324,0.019716012528220972,-0.02430415056616686,0.02430415056616686,0.011554132071358905,0.028073847189980117,0,1,0.0,10,21.987357930327324,-249.0,10.0,567.2220289707184,-116.55856132507324,10.70705509185791,-8.022966384887695,Live,0.0,0.0,0.0,0.028073847189980117,683.7805902957916,2.684088706970215,0.003925365453572065,0,0.0,0.0
2020-04-09,2.2774999141693115,-0.00021957952300588612,12.079543113708496,0.036349709226381144,-0.03656928874938703,0.03656928874938703,0.011583646822190066,0.024014532748480026,0,1,0.0,10,878.0135995625068,-249.0,10.0,567.0974786281586,-120.79543113708496,10.582504749298096,-12.259836196899414,Live,0.0,0.0,0.0,0.024014532748480026,687.8929097652435,-1.6773314476013184,-0.002438361296925912,0,0.0,0.0
2020-04-10,2.2774999141693115,0.0,12.079543113708496,0.0,0.0,0.0,0.011583646822190066,0.024014532748480026,1,0,-1.0,10,,-249.0,10.0,567.0974786281586,-120.79543113708496,10.582504749298096,-12.259836196899414,Closed,567.0974786281586,-120.79543113708496,-1.6773314476013184,0.024014532748480026,687.8929097652435,-1.6773314476013184,-0.002438361296925912,0,-1.6773314476013184,0.0
2020-04-11,2.2774999141693115,0.0,12.079543113708496,0.0,0.0,0.0,0.011411737335172334,0.023182494932794687,1,0,0.0,10,,0.0,0.0,0.0,0.0,0.0,0.0,,0.0,0.0,0.0,0.023182494932794687,0.0,0.0,0.0,0,0.0,0.0
2020-04-12,2.2774999141693115,0.0,12.079543113708496,0.0,0.0,0.0,0.0020295563673492284,0.016441939360082525,1,0,0.0,10,,0.0,0.0,0.0,0.0,0.0,0.0,,0.0,0.0,0.0,0.016441939360082525,0.0,0.0,0.0,0,0.0,0.0
2020-04-13,2.320499897003174,0.018880344436608132,12.106586456298828,0.0022387719747150037,0.016641572461893128,0.016641572461893128,0.008468630228374246,0.01603511213334467,1,1,1.0,10,0.6186429998251425,-7.0,10.0,16.243499279022217,-121.06586456298828,0.0,0.0,Opened,16.243499279022217,-121.06586456298828,0.0,0.01603511213334467,137.3093638420105,0.0,0.0,0,0.0,137.3093638420105
2020-04-14,2.3469998836517334,0.01141994734961349,12.665492057800293,0.04616541611617353,-0.03474546876656004,0.03474546876656004,0.008707196262960723,0.02041852504581681,0,0,-1.0,10,21.815323205005456,7.0,-10.0,-16.428999185562134,126.65492057800293,-0.185499906539917,5.589056015014648,Closed,-16.428999185562134,126.65492057800293,5.4035561084747314,0.02041852504581681,143.08391976356506,5.4035561084747314,0.03776494324032836,0,5.4035561084747314,0.0
2020-04-15,2.3125,-0.014699567687261439,11.899251937866211,-0.060498251188131125,0.045798683500869686,0.045798683500869686,0.012789481764548825,0.037970524323204996,1,1,1.0,10,21.17757247725182,-212.0,10.0,490.25,-118.99251937866211,0.0,0.0,Opened,490.25,-118.99251937866211,0.0,0.037970524323204996,609.2425193786621,0.0,0.0,0,0.0,609.2425193786621
2020-04-16,2.304500102996826,-0.003459414920291337,11.836149215698242,-0.005303083126356967,0.0018436682060656295,0.0018436682060656295,0.013090503882410445,0.037960132683041346,1,1,0.0,10,7.873348593520441,212.0,-10.0,-488.55402183532715,118.36149215698242,1.6959781646728516,-0.6310272216796875,Live,0.0,0.0,0.0,0.037960132683041346,606.9155139923096,1.064950942993164,0.001754693888096356,0,0.0,0.0
2020-04-17,2.3534998893737793,0.021262653151211675,12.205747604370117,0.03122623599419283,-0.009963582842981156,0.009963582842981156,0.015361176098020082,0.0411134038428767,0,0,-1.0,10,7.616446323645956,212.0,-10.0,-498.9419765472412,122.05747604370117,-8.691976547241211,3.0649566650390625,Closed,-498.9419765472412,122.05747604370117,-5.627019882202148,0.0411134038428767,620.9994525909424,-5.627019882202148,-0.009061231630277642,0,-5.627019882202148,0.0
2020-04-18,2.3534998893737793,0.0,12.205747604370117,0.0,0.0,0.0,0.013859774194930388,0.04113276508359802,1,0,0.0,10,,0.0,0.0,0.0,0.0,0.0,0.0,,0.0,0.0,0.0,0.04113276508359802,0.0,0.0,0.0,0,0.0,0.0
2020-04-19,2.3534998893737793,0.0,12.205747604370117,0.0,0.0,0.0,0.013021316241485824,0.03325714741623468,1,0,0.0,10,,0.0,0.0,0.0,0.0,0.0,0.0,,0.0,0.0,0.0,0.03325714741623468,0.0,0.0,0.0,0,0.0,0.0
2020-04-20,2.3345000743865967,-0.008073004410566686,12.025456428527832,-0.014771006388640595,0.006698001978073909,0.006698001978073909,0.011294975440353367,0.017295296040575916,1,0,0.0,10,9.425026353292218,0.0,0.0,0.0,0.0,0.0,0.0,,0.0,0.0,0.0,0.017295296040575916,0.0,0.0,0.0,0,0.0,0.0
2020-04-21,2.2669999599456787,-0.028914162471660676,11.60176944732666,-0.03523250728313854,0.006318344811477861,0.006318344811477861,0.018054435357163414,0.02431086579164989,1,0,0.0,10,6.23599346956739,0.0,0.0,0.0,0.0,0.0,0.0,,0.0,0.0,0.0,0.02431086579164989,0.0,0.0,0.0,0,0.0,0.0
2020-04-22,2.317500114440918,0.022276204405601074,12.061514854431152,0.03962718007729671,-0.017350975671695634,0.017350975671695634,0.0183993817217658,0.02742394911521391,0,0,0.0,10,9.258360045612969,0.0,0.0,0.0,0.0,0.0,0.0,,0.0,0.0,0.0,0.02742394911521391,0.0,0.0,0.0,0,0.0,0.0
2020-04-23,2.3239998817443848,0.002804645947141582,12.304906845092773,0.020179222394457685,-0.017374576447316104,0.017374576447316104,0.0185536077259889,0.02923100789721512,0,0,0.0,10,38.09505550613571,0.0,0.0,0.0,0.0,0.0,0.0,,0.0,0.0,0.0,0.02923100789721512,0.0,0.0,0.0,0,0.0,0.0
2020-04-24,2.3480000495910645,0.010327095123888519,12.494213104248047,0.01538461538461533,-0.005057520260726811,0.005057520260726811,0.019438670343594876,0.029777638143563098,0,0,0.0,10,7.927190105754141,0.0,0.0,0.0,0.0,0.0,0.0,,0.0,0.0,0.0,0.029777638143563098,0.0,0.0,0.0,0,0.0,0.0
2020-04-25,2.3480000495910645,0.0,12.494213104248047,0.0,0.0,0.0,0.018962721081118874,0.02800086545031342,1,0,0.0,10,,0.0,0.0,0.0,0.0,0.0,0.0,,0.0,0.0,0.0,0.02800086545031342,0.0,0.0,0.0,0,0.0,0.0
2020-04-26,2.3480000495910645,0.0,12.494213104248047,0.0,0.0,0.0,0.00948682895823944,0.01645799938176445,1,0,0.0,10,,0.0,0.0,0.0,0.0,0.0,0.0,,0.0,0.0,0.0,0.01645799938176445,0.0,0.0,0.0,0,0.0,0.0
2020-04-27,2.381999969482422,0.014480374434949095,12.61140251159668,0.009379494840598523,0.005100879594350571,0.005100879594350571,0.0065519155943105315,0.009053751999169253,1,0,0.0,10,3.4294248643078804,0.0,0.0,0.0,0.0,0.0,0.0,,0.0,0.0,0.0,0.009053751999169253,0.0,0.0,0.0,0,0.0,0.0
2020-04-28,2.378999948501587,-0.0012594546680396723,12.665492057800293,0.0042889398029977155,-0.005548394471037388,0.005548394471037388,0.007194000321023872,0.00660000711065401,0,0,0.0,10,18.129884804782105,0.0,0.0,0.0,0.0,0.0,0.0,,0.0,0.0,0.0,0.007194000321023872,0.0,0.0,0.0,0,0.0,0.0
2020-04-29,2.374500036239624,-0.0018915142326073608,13.521876335144043,0.06761555519797824,-0.0695070694305856,0.0695070694305856,0.006877030790559142,0.028969017207683925,0,1,1.0,10,203.56437875858305,2036.0,-10.0,-4834.4820737838745,135.21876335144043,0.0,0.0,Opened,-4834.4820737838745,135.21876335144043,0.0,0.028969017207683925,4969.700837135315,0.0,0.0,0,0.0,4969.700837135315
2020-04-30,2.3540000915527344,-0.008633373078129947,12.990015029907227,-0.03933339516310186,0.030700022084971912,0.030700022084971912,0.008484201618811298,0.0383189859244429,1,0,-1.0,10,25.141090116518928,-2036.0,10.0,4792.744186401367,-129.90015029907227,-41.737887382507324,5.318613052368164,Closed,4792.744186401367,-129.90015029907227,-36.41927433013916,0.0383189859244429,4922.644336700439,-36.41927433013916,-0.007398315181663185,0,-36.41927433013916,0.0
2020-05-01,2.31850004196167,-0.015080734159040765,12.548301696777344,-0.03400406636273445,0.018923332203693688,0.018923332203693688,0.011024209746704738,0.04292142901463322,1,0,0.0,10,12.203550831989924,0.0,0.0,0.0,0.0,0.0,0.0,,0.0,0.0,0.0,0.04292142901463322,0.0,0.0,0.0,0,0.0,0.0
2020-05-02,2.31850004196167,0.0,12.548301696777344,0.0,0.0,0.0,0.006379288017809869,0.04270023458662221,1,0,0.0,10,,0.0,0.0,0.0,0.0,0.0,0.0,,0.0,0.0,0.0,0.04270023458662221,0.0,0.0,0.0,0,0.0,0.0
2020-05-03,2.31850004196167,0.0,12.548301696777344,0.0,0.0,0.0,0.0066032554358301234,0.04262835842072696,1,0,0.0,10,,0.0,0.0,0.0,0.0,0.0,0.0,,0.0,0.0,0.0,0.04262835842072696,0.0,0.0,0.0,0,0.0,0.0
2020-05-04,2.3239998817443848,0.0023721542735282153,12.47618579864502,-0.0057470644135727555,0.00811921868710097,0.00811921868710097,0.0073568844988688735,0.019271408906846345,1,0,0.0,10,13.006153247845507,0.0,0.0,0.0,0.0,0.0,0.0,,0.0,0.0,0.0,0.019271408906846345,0.0,0.0,0.0,0,0.0,0.0
2020-05-05,2.3410000801086426,0.00731505990933945,12.665492057800293,0.015173408140157107,-0.007858348230817658,0.007858348230817658,0.008377764448282504,0.0180189116150704,0,0,0.0,10,11.22240378988506,0.0,0.0,0.0,0.0,0.0,0.0,,0.0,0.0,0.0,0.0180189116150704,0.0,0.0,0.0,0,0.0,0.0
2020-05-06,2.3524999618530273,0.004912379902119124,12.575345039367676,-0.00711752990102732,0.012029909803146444,0.012029909803146444,0.0031874387911028745,0.008843842089235504,1,1,1.0,10,7.745110876083773,-78.0,10.0,183.49499702453613,-125.75345039367676,0.0,0.0,Opened,183.49499702453613,-125.75345039367676,0.0,0.008843842089235504,309.2484474182129,0.0,0.0,0,0.0,309.2484474182129
2020-05-07,2.385499954223633,0.01402762716502326,12.87282657623291,0.02365593436473956,-0.009628307199716302,0.009628307199716302,0.005388400928357105,0.013589425087226045,0,0,-1.0,10,9.10018870268351,78.0,-10.0,-186.06899642944336,128.7282657623291,-2.5739994049072266,2.9748153686523438,Closed,-186.06899642944336,128.7282657623291,0.4008159637451172,0.013589425087226045,314.79726219177246,0.4008159637451172,0.0012732511107448664,0,0.4008159637451172,0.0
2020-05-08,2.4084999561309814,0.00964158555804051,13.152278900146484,0.021708699504235263,-0.012067113946194752,0.012067113946194752,0.0044750104672760345,0.014918441923261857,0,0,0.0,10,12.295316556139332,0.0,0.0,0.0,0.0,0.0,0.0,,0.0,0.0,0.0,0.014918441923261857,0.0,0.0,0.0,0,0.0,0.0
2020-05-09,2.4084999561309814,0.0,13.152278900146484,0.0,0.0,0.0,0.005235984651835688,0.013610769527615033,1,0,0.0,10,,0.0,0.0,0.0,0.0,0.0,0.0,,0.0,0.0,0.0,0.013610769527615033,0.0,0.0,0.0,0,0.0,0.0
2020-05-10,2.4084999561309814,0.0,13.152278900146484,0.0,0.0,0.0,0.0061336058900591725,0.01404423284073451,1,0,0.0,10,,0.0,0.0,0.0,0.0,0.0,0.0,,0.0,0.0,0.0,0.01404423284073451,0.0,0.0,0.0,0,0.0,0.0
2020-05-11,2.381999969482422,-0.011002693432110022,13.062134742736816,-0.006853881224238911,-0.004148812207871111,0.004148812207871111,0.009730180066747075,0.013975254369931966,0,0,0.0,10,3.4159379202710562,0.0,0.0,0.0,0.0,0.0,0.0,,0.0,0.0,0.0,0.013975254369931966,0.0,0.0,0.0,0,0.0,0.0
2020-05-12,2.3605000972747803,-0.009025975013892684,12.755637168884277,-0.023464585222026324,0.01443861020813364,0.01443861020813364,0.008275103648915011,0.016232717457989532,1,0,0.0,10,14.048077336601,0.0,0.0,0.0,0.0,0.0,0.0,,0.0,0.0,0.0,0.016232717457989532,0.0,0.0,0.0,0,0.0,0.0
2020-05-13,2.3489999771118164,-0.004871899889451803,12.485200881958008,-0.02120131541417336,0.016329415524721558,0.016329415524721558,0.005056066543260746,0.011360024627829072,1,1,1.0,10,23.130071398430072,-232.0,10.0,544.9679946899414,-124.85200881958008,0.0,0.0,Opened,544.9679946899414,-124.85200881958008,0.0,0.011360024627829072,669.8200035095215,0.0,0.0,0,0.0,669.8200035095215
2020-05-14,2.3510000705718994,0.0008514659342577779,12.4401273727417,-0.003610154905993035,0.004461620840250813,0.004461620840250813,0.005275320493150222,0.010632843641755521,1,1,0.0,10,22.43524129681608,232.0,-10.0,-545.4320163726807,124.40127372741699,-0.4640216827392578,-0.45073509216308594,Live,0.0,0.0,0.0,0.010632843641755521,669.8332901000977,-0.9147567749023438,-0.0013656484209162633,0,0.0,0.0
2020-05-15,2.3334999084472656,-0.007443709740245441,12.656476974487305,0.017391269017041022,-0.024834978757286463,0.024834978757286463,0.004583591982938801,0.016414218459445042,0,0,-1.0,10,12.672050304999644,232.0,-10.0,-541.3719787597656,126.56476974487305,3.5960159301757812,1.7127609252929688,Closed,-541.3719787597656,126.56476974487305,5.30877685546875,0.016414218459445042,667.9367485046387,5.30877685546875,0.007948023323097459,0,5.30877685546875,0.0
2020-05-16,2.3334999084472656,0.0,12.656476974487305,0.0,0.0,0.0,0.004397966844860681,0.016769004022753643,1,0,0.0,10,,0.0,0.0,0.0,0.0,0.0,0.0,,0.0,0.0,0.0,0.016769004022753643,0.0,0.0,0.0,0,0.0,0.0
2020-05-17,2.3334999084472656,0.0,12.656476974487305,0.0,0.0,0.0,0.003660051206374306,0.013729287620665474,1,0,0.0,10,,0.0,0.0,0.0,0.0,0.0,0.0,,0.0,0.0,0.0,0.013729287620665474,0.0,0.0,0.0,0,0.0,0.0
2020-05-18,2.4049999713897705,0.030640696699269165,13.521876335144043,0.06837600719388148,-0.03773531049461232,0.03773531049461232,0.01482666926385317,0.03016955957593474,0,1,1.0,10,12.54662694013954,126.0,-10.0,-303.0299963951111,135.21876335144043,0.0,0.0,Opened,-303.0299963951111,135.21876335144043,0.0,0.03016955957593474,438.2487597465515,0.0,0.0,0,0.0,438.2487597465515
2020-05-19,2.4230000972747803,0.007484459916483166,13.57596492767334,0.00400008040220845,0.003484379514274716,0.003484379514274716,0.01467998648398697,0.02907791076729526,1,0,-1.0,10,2.9945083590598847,-126.0,10.0,305.2980122566223,-135.7596492767334,2.2680158615112305,-0.5408859252929688,Closed,305.2980122566223,-135.7596492767334,1.7271299362182617,0.02907791076729526,441.0576615333557,1.7271299362182617,0.003915882404613086,0,1.7271299362182617,0.0
2020-05-20,2.4674999713897705,0.018365609710474518,13.819356918334961,0.017928154054485557,0.00043745565598896086,0.00043745565598896086,0.013171215950612238,0.02907630693015413,1,0,0.0,10,5.467148895972753,0.0,0.0,0.0,0.0,0.0,0.0,,0.0,0.0,0.0,0.02907630693015413,0.0,0.0,0.0,0,0.0,0.0
2020-05-21,2.4519999027252197,-0.00628168950122443,13.57596492767334,-0.01761239630034439,0.01133070679911996,0.01133070679911996,0.01472611963792156,0.032657592295510796,1,0,0.0,10,15.523592792512234,0.0,0.0,0.0,0.0,0.0,0.0,,0.0,0.0,0.0,0.032657592295510796,0.0,0.0,0.0,0,0.0,0.0
2020-05-22,2.4089999198913574,-0.017536698425669184,13.368627548217773,-0.015272386203129318,-0.002264312222539866,0.002264312222539866,0.019141993150559974,0.034988359267162004,0,0,0.0,10,4.8329143955216045,0.0,0.0,0.0,0.0,0.0,0.0,,0.0,0.0,0.0,0.034988359267162004,0.0,0.0,0.0,0,0.0,0.0
2020-05-23,2.4089999198913574,0.0,13.368627548217773,0.0,0.0,0.0,0.013596714941811345,0.014636021025052643,1,0,0.0,10,,0.0,0.0,0.0,0.0,0.0,0.0,,0.0,0.0,0.0,0.014636021025052643,0.0,0.0,0.0,0,0.0,0.0
2020-05-24,2.4089999198913574,0.0,13.368627548217773,0.0,0.0,0.0,0.013022523532755128,0.014318876044116224,1,0,0.0,10,,0.0,0.0,0.0,0.0,0.0,0.0,,0.0,0.0,0.0,0.014318876044116224,0.0,0.0,0.0,0,0.0,0.0
2020-05-25,2.4089999198913574,0.0,13.368627548217773,0.0,0.0,0.0,0.007640881722279521,0.0090437893014731,1,0,0.0,10,,0.0,0.0,0.0,0.0,0.0,0.0,,0.0,0.0,0.0,0.0090437893014731,0.0,0.0,0.0,0,0.0,0.0
2020-05-26,2.438499927520752,0.012245748696714243,13.873446464538574,0.03776146163845362,-0.025515712941739377,0.025515712941739377,0.010628914843589151,0.019735894093141495,0,1,1.0,10,17.54385661113269,176.0,-10.0,-429.17598724365234,138.73446464538574,0.0,0.0,Opened,-429.17598724365234,138.73446464538574,0.0,0.019735894093141495,567.9104518890381,0.0,0.0,0,0.0,567.9104518890381
2020-05-27,2.4024999141693115,-0.014763179996499787,13.95457649230957,0.005847863973697409,-0.020611043970197196,0.020611043970197196,0.009573953633195383,0.016429933369143206,0,1,0.0,10,2.300756337513011,-176.0,10.0,422.8399848937988,-139.5457649230957,-6.336002349853516,-0.8113002777099609,Live,0.0,0.0,0.0,0.016429933369143206,562.3857498168945,-7.147302627563477,-0.01270889710468401,0,0.0,0.0
2020-05-28,2.4130001068115234,0.0043705277907750695,13.963592529296875,0.0006460989333694211,0.0037244288574056483,0.0037244288574056483,0.009827570460203808,0.01634651661377826,1,0,-1.0,10,0.8554703543963214,-176.0,10.0,424.6880187988281,-139.63592529296875,-4.487968444824219,-0.9014606475830078,Closed,424.6880187988281,-139.63592529296875,-5.389429092407227,0.01634651661377826,564.3239440917969,-5.389429092407227,-0.009550239979770456,0,-5.389429092407227,0.0
2020-05-29,2.426500082015991,0.005594684876457201,14.017679214477539,0.00387340758241006,0.001721277294047141,0.001721277294047141,0.010089821199226811,0.015908090173389247,1,0,0.0,10,3.9995706760165617,0.0,0.0,0.0,0.0,0.0,0.0,,0.0,0.0,0.0,0.015908090173389247,0.0,0.0,0.0,0,0.0,0.0
2020-05-30,2.426500082015991,0.0,14.017679214477539,0.0,0.0,0.0,0.010089821199226811,0.015908090173389247,1,0,0.0,10,,0.0,0.0,0.0,0.0,0.0,0.0,,0.0,0.0,0.0,0.015908090173389247,0.0,0.0,0.0,0,0.0,0.0
2020-05-31,2.426500082015991,0.0,14.017679214477539,0.0,0.0,0.0,0.008120181610458323,0.002651498114878531,1,0,0.0,10,,0.0,0.0,0.0,0.0,0.0,0.0,,0.0,0.0,0.0,0.008120181610458323,0.0,0.0,0.0,0,0.0,0.0
2020-06-01,2.4744999408721924,0.01978151956884422,14.531510353088379,0.036655935033821585,-0.016874415464977366,0.016874415464977366,0.008135368964349356,0.015968679547586195,0,1,1.0,10,10.88198091804583,109.0,-10.0,-269.72049355506897,145.3151035308838,0.0,0.0,Opened,-269.72049355506897,145.3151035308838,0.0,0.015968679547586195,415.03559708595276,0.0,0.0,0,0.0,415.03559708595276
2020-06-02,2.494499921798706,0.00808243338226311,14.874065399169922,0.023573258233872352,-0.015490824851609242,0.015490824851609242,0.008124633155455679,0.01652672590166071,0,1,0.0,10,17.390964638330487,-109.0,10.0,271.90049147605896,-148.74065399169922,2.1799979209899902,-3.4255504608154297,Live,0.0,0.0,0.0,0.01652672590166071,420.6411454677582,-1.2455525398254395,-0.0029610810859702504,0,0.0,0.0
2020-06-03,2.496500015258789,0.0008018013721327044,15.126474380493164,0.016969737227142234,-0.01616793585500953,0.01616793585500953,0.008557628717810344,0.01577492539295764,0,1,0.0,10,128.2373294977234,-109.0,10.0,272.118501663208,-151.26474380493164,2.398008108139038,-5.949640274047852,Live,0.0,0.0,0.0,0.01577492539295764,423.38324546813965,-3.5516321659088135,-0.008388693232255173,0,0.0,0.0
2020-06-04,2.493000030517578,-0.0014019566272055473,15.216618537902832,0.005959363374582249,-0.007361320001787797,0.007361320001787797,0.008811635499357463,0.014489493628993991,0,1,0.0,10,25.94544711748826,-109.0,10.0,271.737003326416,-152.16618537902832,2.016509771347046,-6.851081848144531,Live,0.0,0.0,0.0,0.014489493628993991,423.90318870544434,-4.834572076797485,-0.011404896697195788,0,0.0,0.0
2020-06-05,2.556999921798706,0.025671837343636428,15.622276306152344,0.026658864269947014,-0.0009870269263105858,0.0009870269263105858,0.011809419490852256,0.011419013422307101,0,1,0.0,10,6.344512993000975,-109.0,10.0,278.71299147605896,-156.22276306152344,8.99249792098999,-10.907659530639648,Live,0.0,0.0,0.0,0.011809419490852256,434.9357545375824,-1.9151616096496582,-0.004403320696606861,0,0.0,0.0
2020-06-06,2.556999921798706,0.0,15.622276306152344,0.0,0.0,0.0,0.011259865177602957,0.011394808335959593,1,0,-1.0,10,,-109.0,10.0,278.71299147605896,-156.22276306152344,8.99249792098999,-10.907659530639648,Closed,278.71299147605896,-156.22276306152344,-1.9151616096496582,0.011394808335959593,434.9357545375824,-1.9151616096496582,-0.004403320696606861,0,-1.9151616096496582,0.0
2020-06-07,2.556999921798706,0.0,15.622276306152344,0.0,0.0,0.0,0.011575121509870247,0.011644610185931447,1,0,0.0,10,,0.0,0.0,0.0,0.0,0.0,0.0,,0.0,0.0,0.0,0.011644610185931447,0.0,0.0,0.0,0,0.0,0.0
2020-06-08,2.569999933242798,0.005084087540740745,15.76650619506836,0.00923232223585857,-0.004148234695117825,0.004148234695117825,0.011341578049548452,0.010967578638905724,0,0,0.0,10,11.140387264122047,0.0,0.0,0.0,0.0,0.0,0.0,,0.0,0.0,0.0,0.011341578049548452,0.0,0.0,0.0,0,0.0,0.0
2020-06-09,2.6005001068115234,0.011867772124896758,15.595229148864746,-0.010863348168866138,0.022731120293762896,0.022731120293762896,0.01075150320398081,0.01404158656548638,1,1,1.0,10,5.489456962944163,-55.0,10.0,143.0275058746338,-155.95229148864746,0.0,0.0,Opened,143.0275058746338,-155.95229148864746,0.0,0.01404158656548638,298.97979736328125,0.0,0.0,0,0.0,298.97979736328125
2020-06-10,2.6570000648498535,0.02172657401179845,15.775521278381348,0.011560723333759126,0.010165850678039323,0.010165850678039323,0.009213193437573418,0.008904755095037038,1,1,0.0,10,3.1592639540466,55.0,-10.0,-146.13500356674194,157.75521278381348,-3.1074976921081543,1.8029212951660156,Live,0.0,0.0,0.0,0.009213193437573418,303.8902163505554,-1.3045763969421387,-0.004292920030822027,0,0.0,0.0
2020-06-11,2.5864999294281006,-0.02653373492700195,14.423336029052734,-0.08571414062758342,0.05918040570058147,0.05918040570058147,0.018119577307771216,0.040420155763521676,1,1,0.0,10,18.013883087790546,55.0,-10.0,-142.25749611854553,144.23336029052734,0.7700097560882568,-11.718931198120117,Live,0.0,0.0,0.0,0.040420155763521676,286.4908564090729,-10.94892144203186,-0.0382173503869114,0,0.0,0.0
2020-06-12,2.6015000343322754,0.005799383457741447,14.856034278869629,0.029999873049155523,-0.024200489591414076,0.024200489591414076,0.018110838605846794,0.045178975598513,0,0,-1.0,10,29.540418816775745,55.0,-10.0,-143.08250188827515,148.5603427886963,-0.05499601364135742,-7.391948699951172,Closed,-143.08250188827515,148.5603427886963,-7.446944713592529,0.045178975598513,291.64284467697144,-7.446944713592529,-0.025534467412841523,0,-7.446944713592529,0.0
2020-06-13,2.6015000343322754,0.0,14.856034278869629,0.0,0.0,0.0,0.018148581753098983,0.04442183374693075,1,0,0.0,10,,0.0,0.0,0.0,0.0,0.0,0.0,,0.0,0.0,0.0,0.04442183374693075,0.0,0.0,0.0,0,0.0,0.0
2020-06-14,2.6015000343322754,0.0,14.856034278869629,0.0,0.0,0.0,0.017389070237089292,0.044695216513115595,1,0,0.0,10,,0.0,0.0,0.0,0.0,0.0,0.0,,0.0,0.0,0.0,0.044695216513115595,0.0,0.0,0.0,0,0.0,0.0
2020-06-15,2.56850004196167,-0.012684986329079773,14.838005065917969,-0.0012135952713372422,-0.01147139105774253,0.01147139105774253,0.012992405359087212,0.043589628314098024,0,0,0.0,10,0.5526877132768727,0.0,0.0,0.0,0.0,0.0,0.0,,0.0,0.0,0.0,0.043589628314098024,0.0,0.0,0.0,0,0.0,0.0
2020-06-16,2.565999984741211,-0.0009733529996556189,15.018299102783203,0.012150827288727628,-0.013124180288383247,0.013124180288383247,0.0067663968484777196,0.013359813677617804,0,0,0.0,10,73.06334919783109,0.0,0.0,0.0,0.0,0.0,0.0,,0.0,0.0,0.0,0.013359813677617804,0.0,0.0,0.0,0,0.0,0.0
2020-06-17,2.5920000076293945,0.010132510928602345,14.92815113067627,-0.006002542064848515,0.01613505299345086,0.01613505299345086,0.008093790502102318,0.006713339249915482,1,1,1.0,10,3.411843924537648,-35.0,10.0,90.72000026702881,-149.2815113067627,0.0,0.0,Opened,90.72000026702881,-149.2815113067627,0.0,0.008093790502102318,240.0015115737915,0.0,0.0,0,0.0,240.0015115737915
2020-06-18,2.5910000801086426,-0.00038577450532739643,14.84701919555664,-0.005434828091531618,0.005049053586204222,0.005049053586204222,0.008087223974579952,0.007325183568966947,1,1,0.0,10,80.72798864612245,35.0,-10.0,-90.68500280380249,148.4701919555664,0.03499746322631836,-0.8113193511962891,Live,0.0,0.0,0.0,0.008087223974579952,239.1551947593689,-0.7763218879699707,-0.00324610087918468,0,0.0,0.0
2020-06-19,2.615000009536743,0.009262805359347759,14.95519733428955,0.00728618568535877,0.0019766196739889885,0.0019766196739889885,0.009283660155115923,0.008039926904037726,1,1,0.0,10,4.498607984635207,35.0,-10.0,-91.52500033378601,149.5519733428955,-0.8050000667572021,0.2704620361328125,Live,0.0,0.0,0.0,0.009283660155115923,241.07697367668152,-0.5345380306243896,-0.0022172919398817455,0,0.0,0.0
2020-06-20,2.615000009536743,0.0,14.95519733428955,0.0,0.0,0.0,0.005579040188763201,0.007960843488987313,1,1,0.0,10,,35.0,-10.0,-91.52500033378601,149.5519733428955,-0.8050000667572021,0.2704620361328125,Live,0.0,0.0,0.0,0.007960843488987313,241.07697367668152,-0.5345380306243896,-0.0022172919398817455,0,0.0,0.0
2020-06-21,2.615000009536743,0.0,14.95519733428955,0.0,0.0,0.0,0.005393135151637474,0.005366793804586797,1,1,0.0,10,,35.0,-10.0,-91.52500033378601,149.5519733428955,-0.8050000667572021,0.2704620361328125,Live,0.0,0.0,0.0,0.005393135151637474,241.07697367668152,-0.5345380306243896,-0.0022172919398817455,0,0.0,0.0
2020-06-22,2.6554999351501465,0.01548754319912149,15.297750473022461,0.022905290453606897,-0.007417747254485407,0.007417747254485407,0.007195239497066246,0.011007950132531601,0,0,-1.0,10,8.519901033902675,35.0,-10.0,-92.94249773025513,152.9775047302246,-2.2224974632263184,3.695993423461914,Closed,-92.94249773025513,152.9775047302246,1.4734959602355957,0.011007950132531601,245.92000246047974,1.4734959602355957,0.005991769459551758,0,1.4734959602355957,0.0
2020-06-23,2.6600000858306885,0.0016946529054566728,15.730450630187988,0.028285214739813824,-0.02659056183435715,0.02659056183435715,0.006867819622237804,0.01317089148706844,0,1,1.0,10,98.70479095768748,988.0,-10.0,-2628.08008480072,157.30450630187988,0.0,0.0,Opened,-2628.08008480072,157.30450630187988,0.0,0.01317089148706844,2785.3845911026,0.0,0.0,0,0.0,2785.3845911026
2020-06-24,2.6505000591278076,-0.0035714384948652977,15.28873348236084,-0.028080387409846863,0.024508948914981565,0.024508948914981565,0.007389865885034045,0.022396419088407983,1,0,-1.0,10,45.352748495693184,-988.0,10.0,2618.694058418274,-152.8873348236084,-9.386026382446289,4.417171478271484,Closed,2618.694058418274,-152.8873348236084,-4.968854904174805,0.022396419088407983,2771.5813932418823,-4.968854904174805,-0.0017927869325038296,0,-4.968854904174805,0.0
2020-06-25,2.6624999046325684,0.004527389261296477,15.577202796936035,0.018868097537838135,-0.014340708276541658,0.014340708276541658,0.007248961906329638,0.023004265110581998,0,0,0.0,10,24.38260759344608,0.0,0.0,0.0,0.0,0.0,0.0,,0.0,0.0,0.0,0.023004265110581998,0.0,0.0,0.0,0,0.0,0.0
2020-06-26,2.671999931335449,0.0035680852744262026,15.369864463806152,-0.013310370021674567,0.01687845529610077,0.01687845529610077,0.006972936952887989,0.024909916924359083,1,0,0.0,10,21.457963331998858,0.0,0.0,0.0,0.0,0.0,0.0,,0.0,0.0,0.0,0.024909916924359083,0.0,0.0,0.0,0,0.0,0.0
2020-06-27,2.671999931335449,0.0,15.369864463806152,0.0,0.0,0.0,0.00320628636428716,0.022995060214667802,1,0,0.0,10,,0.0,0.0,0.0,0.0,0.0,0.0,,0.0,0.0,0.0,0.022995060214667802,0.0,0.0,0.0,0,0.0,0.0
2020-06-28,2.671999931335449,0.0,15.369864463806152,0.0,0.0,0.0,0.0032361349845026846,0.017465860772955318,1,0,0.0,10,,0.0,0.0,0.0,0.0,0.0,0.0,,0.0,0.0,0.0,0.017465860772955318,0.0,0.0,0.0,0,0.0,0.0
2020-06-29,2.679500102996826,0.002806950544204767,15.515607833862305,0.009482410882630576,-0.006675460338425809,0.006675460338425809,0.002081759044762604,0.012019213975415693,0,0,0.0,10,19.561359061745037,0.0,0.0,0.0,0.0,0.0,0.0,,0.0,0.0,0.0,0.012019213975415693,0.0,0.0,0.0,0,0.0,0.0
2020-06-30,2.7135000228881836,0.012688904118096866,15.968220710754395,0.02917145636436347,-0.016482552246266602,0.016482552246266602,0.005218518238427685,0.015728933231126334,0,1,1.0,10,13.528844123778292,136.0,-10.0,-369.03600311279297,159.68220710754395,0.0,0.0,Opened,-369.03600311279297,159.68220710754395,0.0,0.015728933231126334,528.7182102203369,0.0,0.0,0,0.0,528.7182102203369
2020-07-01,2.7170000076293945,0.001289841426824756,16.022537231445312,0.003401538698318163,-0.002111697271493407,0.002111697271493407,0.005343197342016212,0.012234469892849252,0,1,0.0,10,15.55180293909715,-136.0,10.0,369.51200103759766,-160.22537231445312,0.4759979248046875,-0.5431652069091797,Live,0.0,0.0,0.0,0.012234469892849252,529.7373733520508,-0.06716728210449219,-0.00012679354994244368,0,0.0,0.0
2020-07-02,2.7335000038146973,0.006072873072863638,16.1583194732666,0.008474453194267317,-0.002401580121403679,0.002401580121403679,0.005072669428285147,0.011331631304558682,0,1,0.0,10,8.248872536953174,-136.0,10.0,371.7560005187988,-161.58319473266602,2.7199974060058594,-1.9009876251220703,Live,0.0,0.0,0.0,0.011331631304558682,533.3391952514648,0.8190097808837891,0.0015356264609384896,0,0.0,0.0
2020-07-03,2.7335000038146973,0.0,16.1583194732666,0.0,0.0,0.0,0.005072669428285147,0.011331631304558682,1,0,-1.0,10,,-136.0,10.0,371.7560005187988,-161.58319473266602,2.7199974060058594,-1.9009876251220703,Closed,371.7560005187988,-161.58319473266602,0.8190097808837891,0.011331631304558682,533.3391952514648,0.8190097808837891,0.0015356264609384896,0,0.8190097808837891,0.0
2020-07-04,2.7335000038146973,0.0,16.1583194732666,0.0,0.0,0.0,0.005457524258880976,0.012220700544512127,1,0,0.0,10,,0.0,0.0,0.0,0.0,0.0,0.0,,0.0,0.0,0.0,0.012220700544512127,0.0,0.0,0.0,0,0.0,0.0
2020-07-05,2.7335000038146973,0.0,16.1583194732666,0.0,0.0,0.0,0.0026316138254253722,0.0037141279518691575,1,0,0.0,10,,0.0,0.0,0.0,0.0,0.0,0.0,,0.0,0.0,0.0,0.0037141279518691575,0.0,0.0,0.0,0,0.0,0.0
2020-07-06,2.7660000324249268,0.011889529381699182,16.9730224609375,0.05042003217096913,-0.03853050278926995,0.03853050278926995,0.005331770716409844,0.021910522128512654,0,1,1.0,10,26.022286800009248,261.0,-10.0,-721.9260084629059,169.730224609375,0.0,0.0,Opened,-721.9260084629059,169.730224609375,0.0,0.021910522128512654,891.6562330722809,0.0,0.0,0,0.0,891.6562330722809
2020-07-07,2.7874999046325684,0.007772911046856734,16.828187942504883,-0.008533219040153028,0.016306130087009763,0.016306130087009763,0.00557800910583992,0.023791250747163345,1,0,-1.0,10,6.627529790855111,-261.0,10.0,727.5374751091003,-168.28187942504883,5.611466646194458,1.4483451843261719,Closed,727.5374751091003,-168.28187942504883,7.05981183052063,0.023791250747163345,895.8193545341492,7.05981183052063,0.007880843157482267,0,7.05981183052063,0.0
2020-07-08,2.814500093460083,0.009686166726909251,17.262699127197266,0.025820438075503604,-0.016134271348594353,0.016134271348594353,0.005552763558106765,0.024314790357602117,0,0,0.0,10,16.350050557856935,0.0,0.0,0.0,0.0,0.0,0.0,,0.0,0.0,0.0,0.024314790357602117,0.0,0.0,0.0,0,0.0,0.0
2020-07-09,2.828000068664551,0.0047965801229983285,17.479951858520508,0.012585096323723954,-0.007788516200725626,0.007788516200725626,0.004621398569215597,0.02318783586721736,0,0,0.0,10,16.217565365031998,0.0,0.0,0.0,0.0,0.0,0.0,,0.0,0.0,0.0,0.02318783586721736,0.0,0.0,0.0,0,0.0,0.0
2020-07-10,2.88700008392334,0.020862805454828104,17.507108688354492,0.0015535986628445464,0.019309206791983557,0.019309206791983557,0.006096902089079627,0.02292780533740894,1,0,0.0,10,0.4515790253947991,0.0,0.0,0.0,0.0,0.0,0.0,,0.0,0.0,0.0,0.02292780533740894,0.0,0.0,0.0,0,0.0,0.0
2020-07-11,2.88700008392334,0.0,17.507108688354492,0.0,0.0,0.0,0.007756665326763403,0.013255108010292952,1,0,0.0,10,,0.0,0.0,0.0,0.0,0.0,0.0,,0.0,0.0,0.0,0.013255108010292952,0.0,0.0,0.0,0,0.0,0.0
2020-07-12,2.88700008392334,0.0,17.507108688354492,0.0,0.0,0.0,0.008692296080991337,0.011271056712649358,1,0,0.0,10,,0.0,0.0,0.0,0.0,0.0,0.0,,0.0,0.0,0.0,0.011271056712649358,0.0,0.0,0.0,0,0.0,0.0
2020-07-13,2.941999912261963,0.01905085789394234,17.82394027709961,0.01809731089153921,0.0009535470024031323,0.0009535470024031323,0.010263988558993083,0.008373753113045218,1,0,0.0,10,5.755202014703641,0.0,0.0,0.0,0.0,0.0,0.0,,0.0,0.0,0.0,0.010263988558993083,0.0,0.0,0.0,0,0.0,0.0
2020-07-14,2.9159998893737793,-0.008837533536224185,17.896358489990234,0.004062974390890872,-0.012900507927115057,0.012900507927115057,0.013068556424867966,0.007647947974085125,0,0,0.0,10,2.8215657676830843,0.0,0.0,0.0,0.0,0.0,0.0,,0.0,0.0,0.0,0.013068556424867966,0.0,0.0,0.0,0,0.0,0.0
2020-07-15,2.870500087738037,-0.015603499095301232,17.932567596435547,0.002023266714598071,-0.017626765809899303,0.017626765809899303,0.013025893182194853,0.007601729953863414,0,1,1.0,10,0.810057875891977,9.0,-10.0,-25.834500789642334,179.32567596435547,0.0,0.0,Opened,-25.834500789642334,179.32567596435547,0.0,0.013025893182194853,205.1601767539978,0.0,0.0,0,0.0,205.1601767539978
2020-07-16,2.885999917984009,0.0053996968375589205,17.552370071411133,-0.021201510769711884,0.026601207607270805,0.026601207607270805,0.013357236590324395,0.014105314384535852,1,0,-1.0,10,23.88014084943416,-9.0,10.0,25.97399926185608,-175.52370071411133,0.13949847221374512,3.8019752502441406,Closed,25.97399926185608,-175.52370071411133,3.9414737224578857,0.014105314384535852,201.4976999759674,3.9414737224578857,0.019560886912991984,0,3.9414737224578857,0.0
2020-07-17,2.887500047683716,0.0005197954755158385,17.82394027709961,0.015471996350555628,-0.01495220087503979,0.01495220087503979,0.013359240691099391,0.015563502658537086,0,0,0.0,10,183.73655853814603,0.0,0.0,0.0,0.0,0.0,0.0,,0.0,0.0,0.0,0.015563502658537086,0.0,0.0,0.0,0,0.0,0.0
2020-07-18,2.887500047683716,0.0,17.82394027709961,0.0,0.0,0.0,0.008402211095022307,0.013317870027743676,1,0,0.0,10,,0.0,0.0,0.0,0.0,0.0,0.0,,0.0,0.0,0.0,0.013317870027743676,0.0,0.0,0.0,0,0.0,0.0
2020-07-19,2.887500047683716,0.0,17.82394027709961,0.0,0.0,0.0,0.007970886083418421,0.013136143686206943,1,0,0.0,10,,0.0,0.0,0.0,0.0,0.0,0.0,,0.0,0.0,0.0,0.013136143686206943,0.0,0.0,0.0,0,0.0,0.0
2020-07-20,2.8984999656677246,0.0038094953428078338,18.176977157592773,0.019806893145100535,-0.0159973978022927,0.0159973978022927,0.0025004263575998716,0.016136644847152267,0,0,0.0,10,32.605981181146916,0.0,0.0,0.0,0.0,0.0,0.0,,0.0,0.0,0.0,0.016136644847152267,0.0,0.0,0.0,0,0.0,0.0
2020-07-21,2.940999984741211,0.014662763352386587,18.24939727783203,0.003984167422964813,0.010678595929421775,0.010678595929421775,0.0062777274332893075,0.009209393973930478,1,1,1.0,10,1.6860686680615236,-17.0,10.0,49.996999740600586,-182.4939727783203,0.0,0.0,Opened,49.996999740600586,-182.4939727783203,0.0,0.009209393973930478,232.4909725189209,0.0,0.0,0,0.0,232.4909725189209
2020-07-22,2.9084999561309814,-0.011050672825178354,18.40328598022461,0.008432536157208403,-0.019483208982386757,0.019483208982386757,0.009227814833682124,0.008240482919338646,0,0,-1.0,10,4.828317318893543,17.0,-10.0,-49.444499254226685,184.0328598022461,0.5525004863739014,1.5388870239257812,Closed,-49.444499254226685,184.0328598022461,2.0913875102996826,0.009227814833682124,233.47735905647278,2.0913875102996826,0.008957560248031692,0,2.0913875102996826,0.0
2020-07-23,2.924499988555908,0.005501128645781561,18.367076873779297,-0.001967534845908614,0.007468663491690175,0.007468663491690175,0.009333934862508107,0.008661403024893436,1,0,0.0,10,2.246254970642629,0.0,0.0,0.0,0.0,0.0,0.0,,0.0,0.0,0.0,0.009333934862508107,0.0,0.0,0.0,0,0.0,0.0
2020-07-24,2.881999969482422,-0.014532405279465421,18.131715774536133,-0.012814292707576391,-0.00171811257188903,0.00171811257188903,0.012171290528301067,0.012109175248083378,0,0,0.0,10,5.547560788797719,0.0,0.0,0.0,0.0,0.0,0.0,,0.0,0.0,0.0,0.012171290528301067,0.0,0.0,0.0,0,0.0,0.0
2020-07-25,2.881999969482422,0.0,18.131715774536133,0.0,0.0,0.0,0.011965509840683494,0.007967744109538082,1,0,0.0,10,,0.0,0.0,0.0,0.0,0.0,0.0,,0.0,0.0,0.0,0.011965509840683494,0.0,0.0,0.0,0,0.0,0.0
2020-07-26,2.881999969482422,0.0,18.131715774536133,0.0,0.0,0.0,0.008410018588855012,0.007601352786855798,1,0,0.0,10,,0.0,0.0,0.0,0.0,0.0,0.0,,0.0,0.0,0.0,0.008410018588855012,0.0,0.0,0.0,0,0.0,0.0
2020-07-27,2.888000011444092,0.0020819021600293475,18.647695541381836,0.0284573050483361,-0.026375402888306754,0.026375402888306754,0.007683241097886198,0.015333719090919533,0,1,1.0,10,88.25949390956784,883.0,-10.0,-2550.104010105133,186.47695541381836,0.0,0.0,Opened,-2550.104010105133,186.47695541381836,0.0,0.015333719090919533,2736.5809655189514,0.0,0.0,0,0.0,2736.5809655189514
2020-07-28,2.9049999713897705,0.005886412700247146,18.475704193115234,-0.009223195857360977,0.015109608557608123,0.015109608557608123,0.007771060379413176,0.01620839937576062,1,0,-1.0,10,9.96519018231836,-883.0,10.0,2565.1149747371674,-184.75704193115234,15.010964632034302,1.7199134826660156,Closed,2565.1149747371674,-184.75704193115234,16.730878114700317,0.01620839937576062,2749.8720166683197,16.730878114700317,0.006084238834857142,0,16.730878114700317,0.0
2020-07-29,2.9054999351501465,0.00017210456636829186,18.557172775268555,0.004409498079303464,-0.0042373935129351725,0.0042373935129351725,0.0025377404011733525,0.014164437800336745,0,0,0.0,10,163.6393348401268,0.0,0.0,0.0,0.0,0.0,0.0,,0.0,0.0,0.0,0.014164437800336745,0.0,0.0,0.0,0,0.0,0.0
2020-07-30,2.9045000076293945,-0.00034414990296682824,18.032142639160156,-0.028292571420583723,0.027948421517616895,0.027948421517616895,0.0025969148292673775,0.020678952160369093,1,1,1.0,10,510.38831340325714,-5104.0,10.0,14824.56803894043,-180.32142639160156,0.0,0.0,Opened,14824.56803894043,-180.32142639160156,0.0,0.020678952160369093,15004.889465332031,0.0,0.0,0,0.0,15004.889465332031
2020-07-31,2.8589999675750732,-0.01566536062482493,17.950672149658203,-0.004518070377561467,-0.011147290247263464,0.011147290247263464,0.008248503421427827,0.020726823676501166,0,0,-1.0,10,1.8108361642065718,5104.0,-10.0,-14592.335834503174,179.50672149658203,232.23220443725586,-0.8147048950195312,Closed,-14592.335834503174,179.50672149658203,231.41749954223633,0.020726823676501166,14771.842555999756,231.41749954223633,0.015666122805258538,0,231.41749954223633,0.0
2020-08-01,2.8589999675750732,0.0,17.950672149658203,0.0,0.0,0.0,0.00806841037231198,0.012671576332001467,1,0,0.0,10,,0.0,0.0,0.0,0.0,0.0,0.0,,0.0,0.0,0.0,0.012671576332001467,0.0,0.0,0.0,0,0.0,0.0
2020-08-02,2.8589999675750732,0.0,17.950672149658203,0.0,0.0,0.0,0.006989043159222589,0.013028826097630019,1,0,0.0,10,,0.0,0.0,0.0,0.0,0.0,0.0,,0.0,0.0,0.0,0.013028826097630019,0.0,0.0,0.0,0,0.0,0.0
2020-08-03,2.9079999923706055,0.017138868608345126,18.222244262695312,0.015128799120888603,0.002010069487456523,0.002010069487456523,0.011608269572817709,0.015710136920735043,1,0,0.0,10,5.531332554428991,0.0,0.0,0.0,0.0,0.0,0.0,,0.0,0.0,0.0,0.015710136920735043,0.0,0.0,0.0,0,0.0,0.0
2020-08-04,2.8894999027252197,-0.0063617915040998785,18.466651916503906,0.013412598924982477,-0.019774390429082356,0.019774390429082356,0.011987886267666779,0.008856738652679042,0,1,1.0,10,13.474075770978432,135.0,-10.0,-390.08248686790466,184.66651916503906,0.0,0.0,Opened,-390.08248686790466,184.66651916503906,0.0,0.011987886267666779,574.7490060329437,0.0,0.0,0,0.0,574.7490060329437
2020-08-05,2.9114999771118164,0.0076138000094228,19.21799087524414,0.04068625770049583,-0.03307245769107303,0.03307245769107303,0.00900747310150345,0.0166257050557735,0,1,0.0,10,35.27259990804011,-135.0,10.0,393.0524969100952,-192.1799087524414,2.9700100421905518,-7.513389587402344,Live,0.0,0.0,0.0,0.0166257050557735,585.2324056625366,-4.543379545211792,-0.007763376568439116,0,0.0,0.0
2020-08-06,2.9054999351501465,-0.002060807834050493,19.571029663085938,0.01837022351262374,-0.020431031346674233,0.020431031346674233,0.009261423423166423,0.014721900014969204,0,1,0.0,10,60.04401833806328,-135.0,10.0,392.2424912452698,-195.71029663085938,2.1600043773651123,-11.043777465820312,Live,0.0,0.0,0.0,0.014721900014969204,587.9527878761292,-8.8837730884552,-0.01510967083011238,1,-8.8837730884552,0.0
2020-08-07,2.7904999256134033,-0.03958011085992341,19.064102172851562,-0.02590193254831763,-0.013678178311605782,0.013678178311605782,0.021534288801901266,0.024037716155917856,0,1,0.0,10,4.470843866533374,-135.0,10.0,376.71748995780945,-190.64102172851562,-13.364996910095215,-5.9745025634765625,Live,0.0,0.0,0.0,0.024037716155917856,567.3585116863251,-19.339499473571777,-0.03408691167087661,1,0.0,0.0
2020-08-08,2.7904999256134033,0.0,19.064102172851562,0.0,0.0,0.0,0.018323629778870577,0.02454559405629239,1,0,-1.0,10,,-135.0,10.0,376.71748995780945,-190.64102172851562,-13.364996910095215,-5.9745025634765625,Closed,376.71748995780945,-190.64102172851562,-19.339499473571777,0.02454559405629239,567.3585116863251,-19.339499473571777,-0.03408691167087661,1,0.0,0.0
2020-08-09,2.7904999256134033,0.0,19.064102172851562,0.0,0.0,0.0,0.018689790622166493,0.02471791843925755,1,0,0.0,10,,0.0,0.0,0.0,0.0,0.0,0.0,,0.0,0.0,0.0,0.02471791843925755,0.0,0.0,0.0,0,0.0,0.0
2020-08-10,2.8585000038146973,0.024368421434860288,19.172731399536133,0.005698103466905691,0.018670317967954597,0.018670317967954597,0.022940053593695296,0.016125842480972315,1,0,0.0,10,1.568370716995916,0.0,0.0,0.0,0.0,0.0,0.0,,0.0,0.0,0.0,0.022940053593695296,0.0,0.0,0.0,0,0.0,0.0
2020-08-11,2.871999979019165,0.004722748009953426,18.982633590698242,-0.009915009232460692,0.014637757242414118,0.014637757242414118,0.02324169695436621,0.012452479839990606,1,0,0.0,10,13.876194599994362,0.0,0.0,0.0,0.0,0.0,0.0,,0.0,0.0,0.0,0.02324169695436621,0.0,0.0,0.0,0,0.0,0.0
2020-08-12,2.88700008392334,0.005222877790304725,19.009784698486328,0.0014303130099604378,0.0037925647803442875,0.0037925647803442875,0.010098415678636759,0.005728624762294385,1,0,0.0,10,1.803232086930661,0.0,0.0,0.0,0.0,0.0,0.0,,0.0,0.0,0.0,0.010098415678636759,0.0,0.0,0.0,0,0.0,0.0
2020-08-13,2.803999900817871,-0.028749629612990546,18.93737030029297,-0.0038093223748675298,-0.024940307238123016,0.024940307238123016,0.019129502205980087,0.005887089777211883,0,1,1.0,10,0.8948642353476243,9.0,-10.0,-25.23599910736084,189.3737030029297,0.0,0.0,Opened,-25.23599910736084,189.3737030029297,0.0,0.019129502205980087,214.60970211029053,0.0,0.0,0,0.0,214.60970211029053
2020-08-14,2.8559999465942383,0.01854495278733781,18.846847534179688,-0.00478011279696422,0.02332506558430203,0.02332506558430203,0.02060101267453558,0.006006230089083476,1,0,-1.0,10,1.7009554343351405,-9.0,10.0,25.703999519348145,-188.46847534179688,0.4680004119873047,0.9052276611328125,Closed,25.703999519348145,-188.46847534179688,1.3732280731201172,0.02060101267453558,214.17247486114502,1.3732280731201172,0.006411785987020161,0,1.3732280731201172,0.0
2020-08-15,2.8559999465942383,0.0,18.846847534179688,0.0,0.0,0.0,0.017464434262666195,0.004455570281103703,1,0,0.0,10,,0.0,0.0,0.0,0.0,0.0,0.0,,0.0,0.0,0.0,0.017464434262666195,0.0,0.0,0.0,0,0.0,0.0
2020-08-16,2.8559999465942383,0.0,18.846847534179688,0.0,0.0,0.0,0.017268260370224543,0.0026997965010395093,1,0,0.0,10,,0.0,0.0,0.0,0.0,0.0,0.0,,0.0,0.0,0.0,0.017268260370224543,0.0,0.0,0.0,0,0.0,0.0
2020-08-17,2.8980000019073486,0.014705901995269777,19.480506896972656,0.03362150416104326,-0.018915602165773482,0.018915602165773482,0.01859212080867653,0.016143458905871738,0,1,1.0,10,15.36835357289244,154.0,-10.0,-446.2920002937317,194.80506896972656,0.0,0.0,Opened,-446.2920002937317,194.80506896972656,0.0,0.01859212080867653,641.0970692634583,0.0,0.0,0,0.0,641.0970692634583
2020-08-18,2.9709999561309814,0.02518977024692437,19.55292510986328,0.0037174706630389576,0.021472299583885412,0.021472299583885412,0.011309752668642143,0.015452012079605643,1,0,-1.0,10,0.9712531381451414,-154.0,10.0,457.53399324417114,-195.5292510986328,11.241992950439453,-0.72418212890625,Closed,457.53399324417114,-195.5292510986328,10.517810821533203,0.015452012079605643,653.063244342804,10.517810821533203,0.016105348008243175,0,10.517810821533203,0.0
2020-08-19,3.0190000534057617,0.01615620935157769,19.896909713745117,0.0175924881801095,-0.0014362788285318118,0.0014362788285318118,0.010993731090476948,0.014579331646141317,0,0,0.0,10,7.176460591789734,0.0,0.0,0.0,0.0,0.0,0.0,,0.0,0.0,0.0,0.014579331646141317,0.0,0.0,0.0,0,0.0,0.0
2020-08-20,2.9700000286102295,-0.01623054783992295,19.65250015258789,-0.012283795055288649,-0.0039467527846343,0.0039467527846343,0.016264179490495856,0.01761283392311727,0,0,0.0,10,5.00795868939151,0.0,0.0,0.0,0.0,0.0,0.0,,0.0,0.0,0.0,0.01761283392311727,0.0,0.0,0.0,0,0.0,0.0
2020-08-21,2.9135000705718994,-0.01902355471180528,19.27230453491211,-0.0193459160271634,0.00032236131535812174,0.00032236131535812174,0.02031396055450576,0.021623381615249376,1,0,0.0,10,6.726919696305528,0.0,0.0,0.0,0.0,0.0,0.0,,0.0,0.0,0.0,0.021623381615249376,0.0,0.0,0.0,0,0.0,0.0
2020-08-22,2.9135000705718994,0.0,19.27230453491211,0.0,0.0,0.0,0.019451553598436012,0.014380297798829718,1,0,0.0,10,,0.0,0.0,0.0,0.0,0.0,0.0,,0.0,0.0,0.0,0.019451553598436012,0.0,0.0,0.0,0,0.0,0.0
2020-08-23,2.9135000705718994,0.0,19.27230453491211,0.0,0.0,0.0,0.01426011494284154,0.014100026621390333,1,0,0.0,10,,0.0,0.0,0.0,0.0,0.0,0.0,,0.0,0.0,0.0,0.01426011494284154,0.0,0.0,0.0,0,0.0,0.0
2020-08-24,2.922499895095825,0.003089007827674184,19.208938598632812,-0.0032879273033751266,0.0063769351310493105,0.0063769351310493105,0.010343471645137256,0.008545733727334116,1,0,0.0,10,6.996036423889194,0.0,0.0,0.0,0.0,0.0,0.0,,0.0,0.0,0.0,0.010343471645137256,0.0,0.0,0.0,0,0.0,0.0
2020-08-25,2.930999994277954,0.0029085028185604767,18.90116310119629,-0.01602251451094905,0.018931017329509525,0.018931017329509525,0.009300019181141737,0.009259226531169775,1,1,1.0,10,35.52498446739407,-356.0,10.0,1043.4359979629517,-189.0116310119629,0.0,0.0,Opened,1043.4359979629517,-189.0116310119629,0.0,0.009300019181141737,1232.4476289749146,0.0,0.0,0,0.0,1232.4476289749146
2020-08-26,2.9595000743865967,0.00972367115806283,19.326618194580078,0.022509466274954315,-0.012785795116891485,0.012785795116891485,0.00397240567321597,0.013893890363116501,0,0,-1.0,10,15.117237850771295,356.0,-10.0,-1053.5820264816284,193.26618194580078,-10.146028518676758,4.254550933837891,Closed,-1053.5820264816284,193.26618194580078,-5.891477584838867,0.013893890363116501,1246.8482084274292,-5.891477584838867,-0.004725096082280469,0,-5.891477584838867,0.0
2020-08-27,2.9649999141693115,0.0018583678474326515,19.09126091003418,-0.012177882450841948,0.0140362502982746,0.0140362502982746,0.0036809155335320795,0.015053108914888601,1,0,0.0,10,42.19393432387802,0.0,0.0,0.0,0.0,0.0,0.0,,0.0,0.0,0.0,0.015053108914888601,0.0,0.0,0.0,0,0.0,0.0
2020-08-28,2.994999885559082,0.010118034488434624,19.779233932495117,0.03603601803479339,-0.02591798354635877,0.02591798354635877,0.004029517909141591,0.02277435478802861,0,1,1.0,10,23.520865420871978,236.0,-10.0,-706.8199729919434,197.79233932495117,0.0,0.0,Opened,-706.8199729919434,197.79233932495117,0.0,0.02277435478802861,904.6123123168945,0.0,0.0,0,0.0,904.6123123168945
2020-08-29,2.994999885559082,0.0,19.779233932495117,0.0,0.0,0.0,0.00468297226064029,0.022506263543713354,1,0,-1.0,10,,-236.0,10.0,706.8199729919434,-197.79233932495117,0.0,0.0,Closed,706.8199729919434,-197.79233932495117,0.0,0.022506263543713354,904.6123123168945,0.0,0.0,0,0.0,0.0
2020-08-30,2.994999885559082,0.0,19.779233932495117,0.0,0.0,0.0,0.005152652128449785,0.019516535222373455,1,0,0.0,10,,0.0,0.0,0.0,0.0,0.0,0.0,,0.0,0.0,0.0,0.019516535222373455,0.0,0.0,0.0,0,0.0,0.0
2020-08-31,3.0409998893737793,0.015358933413151199,20.105112075805664,0.016475771732249234,-0.0011168383190980347,0.0011168383190980347,0.006933268934146827,0.018661334726415464,0,0,0.0,10,7.092099219085161,0.0,0.0,0.0,0.0,0.0,0.0,,0.0,0.0,0.0,0.018661334726415464,0.0,0.0,0.0,0,0.0,0.0
2020-09-01,3.009500026702881,-0.010358389943047719,20.5034122467041,0.01981089035448602,-0.03016928029753374,0.03016928029753374,0.009998167579778271,0.015136074578819998,0,1,1.0,10,13.029973443384575,131.0,-10.0,-394.2445034980774,205.03412246704102,0.0,0.0,Opened,-394.2445034980774,205.03412246704102,0.0,0.015136074578819998,599.2786259651184,0.0,0.0,0,0.0,599.2786259651184
2020-09-02,3.003000020980835,-0.002159829095986776,20.458154678344727,-0.002207318850873219,4.74897548864428e-05,4.74897548864428e-05,0.009303816527300125,0.010446463040696139,1,0,-1.0,10,6.962365322687312,-131.0,10.0,393.3930027484894,-204.58154678344727,-0.8515007495880127,0.45257568359375,Closed,393.3930027484894,-204.58154678344727,-0.3989250659942627,0.010446463040696139,597.9745495319366,-0.3989250659942627,-0.0006671271650382453,0,-0.3989250659942627,0.0
2020-09-03,2.9579999446868896,-0.014985040286229268,19.64344596862793,-0.03982317674913172,0.02483813646290245,0.02483813646290245,0.011650240786499939,0.023706970330616972,1,1,1.0,10,17.648081535120856,-177.0,10.0,523.5659902095795,-196.4344596862793,0.0,0.0,Opened,523.5659902095795,-196.4344596862793,0.0,0.023706970330616972,720.0004498958588,0.0,0.0,0,0.0,720.0004498958588
2020-09-04,3.0464999675750732,0.029918872394553597,20.13227081298828,0.024884882476376102,0.005033989918177495,0.005033989918177495,0.018737405081386795,0.026460638307182274,1,1,0.0,10,5.496445910159007,177.0,-10.0,-539.230494260788,201.3227081298828,-15.664504051208496,4.888248443603516,Live,0.0,0.0,0.0,0.026460638307182274,740.5532023906708,-10.77625560760498,-0.014551629204784783,0,0.0,0.0
2020-09-05,3.0464999675750732,0.0,20.13227081298828,0.0,0.0,0.0,0.017539130710909626,0.02550032193355139,1,1,0.0,10,,177.0,-10.0,-539.230494260788,201.3227081298828,-15.664504051208496,4.888248443603516,Live,0.0,0.0,0.0,0.02550032193355139,740.5532023906708,-10.77625560760498,-0.014551629204784783,0,0.0,0.0
2020-09-06,3.0464999675750732,0.0,20.13227081298828,0.0,0.0,0.0,0.0165205946387647,0.02319062649481475,1,1,0.0,10,,177.0,-10.0,-539.230494260788,201.3227081298828,-15.664504051208496,4.888248443603516,Live,0.0,0.0,0.0,0.02319062649481475,740.5532023906708,-10.77625560760498,-0.014551629204784783,0,0.0,0.0
2020-09-07,3.0464999675750732,0.0,20.13227081298828,0.0,0.0,0.0,0.01639425577339187,0.023240655407602735,1,1,0.0,10,,177.0,-10.0,-539.230494260788,201.3227081298828,-15.664504051208496,4.888248443603516,Live,0.0,0.0,0.0,0.023240655407602735,740.5532023906708,-10.77625560760498,-0.014551629204784783,0,0.0,0.0
2020-09-08,3.012500047683716,-0.011160321763738712,19.417142868041992,-0.03552147453157273,0.024361152767834016,0.024361152767834016,0.01540547843202209,0.021554611517320816,1,1,0.0,10,20.515047797788213,177.0,-10.0,-533.2125084400177,194.17142868041992,-9.646518230438232,-2.263031005859375,Live,0.0,0.0,0.0,0.021554611517320816,727.3839371204376,-11.909549236297607,-0.016373126527161223,0,0.0,0.0
2020-09-09,3.0399999618530273,0.00912860206938615,20.15037727355957,0.03776221921528844,-0.02863361714590229,0.02863361714590229,0.007194765121741226,0.025916964355481235,0,0,-1.0,10,27.41970871072612,177.0,-10.0,-538.0799932479858,201.5037727355957,-14.514003038406372,5.069313049316406,Closed,-538.0799932479858,201.5037727355957,-9.444689989089966,0.025916964355481235,739.5837659835815,-9.444689989089966,-0.012770277585162184,0,-9.444689989089966,0.0
2020-09-10,2.986999988555908,-0.01743420196124379,19.571029663085938,-0.02875120413918142,0.01131700217793763,0.01131700217793763,0.010440918715041962,0.02904234494796161,1,0,0.0,10,10.805190295440056,0.0,0.0,0.0,0.0,0.0,0.0,,0.0,0.0,0.0,0.02904234494796161,0.0,0.0,0.0,0,0.0,0.0
2020-09-11,3.0339999198913574,0.015734828093578956,19.996484756469727,0.02173902450243914,-0.006004196408860185,0.006004196408860185,0.013753510087770258,0.03155322471804189,0,0,0.0,10,9.10575877368275,0.0,0.0,0.0,0.0,0.0,0.0,,0.0,0.0,0.0,0.03155322471804189,0.0,0.0,0.0,0,0.0,0.0
2020-09-12,3.0339999198913574,0.0,19.996484756469727,0.0,0.0,0.0,0.013753510087770258,0.03155322471804189,1,0,0.0,10,,0.0,0.0,0.0,0.0,0.0,0.0,,0.0,0.0,0.0,0.03155322471804189,0.0,0.0,0.0,0,0.0,0.0
2020-09-13,3.0339999198913574,0.0,19.996484756469727,0.0,0.0,0.0,0.012488283534642264,0.02517979914046968,1,0,0.0,10,,0.0,0.0,0.0,0.0,0.0,0.0,,0.0,0.0,0.0,0.02517979914046968,0.0,0.0,0.0,0,0.0,0.0
2020-09-14,3.066499948501587,0.010711941156344329,20.177532196044922,0.009053963323059522,0.0016579778332848072,0.0016579778332848072,0.012747907893751683,0.01857658069654832,1,0,0.0,10,5.56154735906662,0.0,0.0,0.0,0.0,0.0,0.0,,0.0,0.0,0.0,0.01857658069654832,0.0,0.0,0.0,0,0.0,0.0
2020-09-15,3.062999963760376,-0.0011413614218128698,20.24995231628418,0.003589146558440559,-0.004730507980253429,0.004730507980253429,0.007673989694045538,0.009096911264707668,0,0,0.0,10,20.789546536627377,0.0,0.0,0.0,0.0,0.0,0.0,,0.0,0.0,0.0,0.009096911264707668,0.0,0.0,0.0,0,0.0,0.0
2020-09-16,3.058000087738037,-0.0016323460925544708,20.440048217773438,0.009387474030563059,-0.01101982012311753,0.01101982012311753,0.005150481344669158,0.004634424668890082,0,1,1.0,10,38.439782974129976,385.0,-10.0,-1177.3300337791443,204.40048217773438,0.0,0.0,Opened,-1177.3300337791443,204.40048217773438,0.0,0.005150481344669158,1381.7305159568787,0.0,0.0,0,0.0,1381.7305159568787
2020-09-17,3.066499948501587,0.0027795488945969726,20.485307693481445,0.0022142548405856832,0.0005652940540112894,0.0005652940540112894,0.005085879042880897,0.0041928921050519395,1,0,-1.0,10,5.321729728430341,-385.0,10.0,1180.602480173111,-204.85307693481445,3.272446393966675,-0.4525947570800781,Closed,1180.602480173111,-204.85307693481445,2.8198516368865967,0.005085879042880897,1385.4555571079254,2.8198516368865967,0.0020353244984436074,0,2.8198516368865967,0.0
2020-09-18,3.1135001182556152,0.015326975556283484,20.49436378479004,0.0004420773875646322,0.014884898168718852,0.014884898168718852,0.007511476717918674,0.004067876742252204,1,1,1.0,10,0.1898573394701884,-2.0,10.0,6.2270002365112305,-204.9436378479004,0.0,0.0,Opened,6.2270002365112305,-204.9436378479004,0.0,0.007511476717918674,211.17063808441162,0.0,0.0,0,0.0,211.17063808441162
2020-09-19,3.1135001182556152,0.0,20.49436378479004,0.0,0.0,0.0,0.0070638211397890316,0.003782431620381019,1,1,0.0,10,,2.0,-10.0,-6.2270002365112305,204.9436378479004,0.0,0.0,Live,0.0,0.0,0.0,0.0070638211397890316,211.17063808441162,0.0,0.0,0,0.0,0.0
2020-09-20,3.1135001182556152,0.0,20.49436378479004,0.0,0.0,0.0,0.006910624338832498,0.004006631120737675,1,1,0.0,10,,2.0,-10.0,-6.2270002365112305,204.9436378479004,0.0,0.0,Live,0.0,0.0,0.0,0.006910624338832498,211.17063808441162,0.0,0.0,0,0.0,0.0
2020-09-21,3.0295000076293945,-0.026979318270680896,19.62534523010254,-0.042402807123607555,0.015423488852926659,0.015423488852926659,0.015449760451842967,0.019281726812933955,1,1,0.0,10,10.181458237704508,2.0,-10.0,-6.059000015258789,196.2534523010254,0.1680002212524414,-8.690185546875,Live,0.0,0.0,0.0,0.019281726812933955,202.31245231628418,-8.522185325622559,-0.04212387931662971,1,-8.522185325622559,0.0
2020-09-22,3.059000015258789,0.009737582952666246,19.353775024414062,-0.013837728840149333,0.02357531179281558,0.02357531179281558,0.01625489968305429,0.0184863640823185,1,1,0.0,10,8.990831425000973,2.0,-10.0,-6.118000030517578,193.53775024414062,0.10900020599365234,-11.405887603759766,Live,0.0,0.0,0.0,0.0184863640823185,199.6557502746582,-11.296887397766113,-0.056581828383231884,1,0.0,0.0
2020-09-23,2.993499994277954,-0.021412232969633904,18.430444717407227,-0.04770802108850025,0.026295788118866348,0.026295788118866348,0.015671327352685543,0.02293728168804484,1,1,0.0,10,13.717848291697324,2.0,-10.0,-5.986999988555908,184.30444717407227,0.24000024795532227,-20.639190673828125,Live,0.0,0.0,0.0,0.02293728168804484,190.29144716262817,-20.399190425872803,-0.10719972300404604,1,0.0,0.0
2020-09-24,2.9690001010894775,-0.008184363866814093,18.493804931640625,0.0034378017028289243,-0.011622165569643017,0.011622165569643017,0.015078177915108697,0.023753274300407464,0,0,-1.0,10,2.616447067706489,2.0,-10.0,-5.938000202178955,184.93804931640625,0.2890000343322754,-20.00558853149414,Closed,-5.938000202178955,184.93804931640625,-19.716588497161865,0.023753274300407464,190.8760495185852,-19.716588497161865,-0.10329524603474205,1,0.0,0.0
2020-09-25,2.9730000495910645,0.0013472375767582534,18.511913299560547,0.0009791585878005105,0.00036807898895774294,0.00036807898895774294,0.015297865706314563,0.02396354287715156,1,0,0.0,10,4.525486158299501,0.0,0.0,0.0,0.0,0.0,0.0,,0.0,0.0,0.0,0.02396354287715156,0.0,0.0,0.0,0,0.0,0.0
2020-09-26,2.9730000495910645,0.0,18.511913299560547,0.0,0.0,0.0,0.011763990937287382,0.02137507617893607,1,0,0.0,10,,0.0,0.0,0.0,0.0,0.0,0.0,,0.0,0.0,0.0,0.02137507617893607,0.0,0.0,0.0,0,0.0,0.0
2020-09-27,2.9730000495910645,0.0,18.511913299560547,0.0,0.0,0.0,0.009587456936303728,0.02187469610799098,1,0,0.0,10,,0.0,0.0,0.0,0.0,0.0,0.0,,0.0,0.0,0.0,0.02187469610799098,0.0,0.0,0.0,0,0.0,0.0
2020-09-28,2.989500045776367,0.005549948170223695,18.629589080810547,0.006356759528081568,-0.0008068113578578728,0.0008068113578578728,0.004981702022963007,0.0027372895370907295,0,0,0.0,10,7.137589492049182,0.0,0.0,0.0,0.0,0.0,0.0,,0.0,0.0,0.0,0.004981702022963007,0.0,0.0,0.0,0,0.0,0.0
2020-09-29,2.9835000038146973,-0.0020070385916691746,18.493804931640625,-0.007288628245149309,0.005281589653480134,0.005281589653480134,0.0028223425486962207,0.004860318859589432,1,1,1.0,10,22.510767694734913,-226.0,10.0,674.2710008621216,-184.93804931640625,0.0,0.0,Opened,674.2710008621216,-184.93804931640625,0.0,0.004860318859589432,859.2090501785278,0.0,0.0,0,0.0,859.2090501785278
2020-09-30,3.0285000801086426,0.01508298181210277,18.75632095336914,0.014194808623691157,0.0008881731884116117,0.0008881731884116117,0.006945172836681753,0.00805983824688359,1,1,0.0,10,5.8285751520014895,226.0,-10.0,-684.4410181045532,187.5632095336914,-10.17001724243164,2.6251602172851562,Live,0.0,0.0,0.0,0.00805983824688359,872.0042276382446,-7.544857025146484,-0.0086523170255506,1,-7.544857025146484,0.0
2020-10-01,2.8635001182556152,-0.05448240300099583,18.647695541381836,-0.005791402922639355,-0.04869100007835647,0.04869100007835647,0.02726499963660045,0.008907870959000225,0,0,-1.0,10,0.6922380879784242,226.0,-10.0,-647.151026725769,186.47695541381836,27.11997413635254,1.5389060974121094,Closed,-647.151026725769,186.47695541381836,28.65888023376465,0.02726499963660045,833.6279821395874,28.65888023376465,0.03437850077945901,0,0.0,0.0
2020-10-02,2.9784998893737793,0.040160560980950555,18.747268676757812,0.0053397019033805115,0.03482085907757004,0.03482085907757004,0.03478442322295813,0.009003503222642668,1,1,1.0,10,0.836869340205109,-9.0,10.0,26.806499004364014,-187.47268676757812,0.0,0.0,Opened,26.806499004364014,-187.47268676757812,0.0,0.03478442322295813,214.27918577194214,0.0,0.0,0,0.0,214.27918577194214
2020-10-03,2.9784998893737793,0.0,18.747268676757812,0.0,0.0,0.0,0.03468579315280416,0.008779769316853295,1,1,0.0,10,,9.0,-10.0,-26.806499004364014,187.47268676757812,0.0,0.0,Live,0.0,0.0,0.0,0.03468579315280416,214.27918577194214,0.0,0.0,0,0.0,0.0
2020-10-04,2.9784998893737793,0.0,18.747268676757812,0.0,0.0,0.0,0.03467197488121775,0.007512834930422851,1,1,0.0,10,,9.0,-10.0,-26.806499004364014,187.47268676757812,0.0,0.0,Live,0.0,0.0,0.0,0.03467197488121775,214.27918577194214,0.0,0.0,0,0.0,0.0
2020-10-05,2.9649999141693115,-0.004532474636856909,19.009784698486328,0.014002894301822888,-0.018535368938679797,0.018535368938679797,0.03365504854431787,0.007439873069835487,0,0,-1.0,10,19.807740656263196,9.0,-10.0,-26.684999227523804,190.09784698486328,0.12149977684020996,2.6251602172851562,Closed,-26.684999227523804,190.09784698486328,2.746659994125366,0.03365504854431787,216.78284621238708,2.746659994125366,0.012670098405454097,0,2.746659994125366,0.0
2020-10-06,2.9655001163482666,0.0001687022574823338,18.557172775268555,-0.023809418696562834,0.023978120954045168,0.023978120954045168,0.018555056118568426,0.014031138436343578,1,1,1.0,10,883.164826031968,-8832.0,10.0,26191.29702758789,-185.57172775268555,0.0,0.0,Opened,26191.29702758789,-185.57172775268555,0.0,0.018555056118568426,26376.868755340576,0.0,0.0,0,0.0,26376.868755340576
2020-10-07,3.0344998836517334,0.023267497756308764,18.982633590698242,0.022927027763448127,0.00034046999286063695,0.00034046999286063695,0.011073369767148055,0.01770726226603448,1,1,0.0,10,6.164067926940796,8832.0,-10.0,-26800.70297241211,189.82633590698242,-609.4059448242188,4.254608154296875,Live,0.0,0.0,0.0,0.01770726226603448,26990.52930831909,-605.1513366699219,-0.022420876958622687,1,-605.1513366699219,0.0
2020-10-08,3.0420000553131104,0.002471633530712447,19.154624938964844,0.009060457678057965,-0.006588824147345518,0.006588824147345518,0.01091645566620943,0.017834734062402074,0,0,-1.0,10,23.08237502163597,8832.0,-10.0,-26866.94448852539,191.54624938964844,-675.6474609375,5.974521636962891,Closed,-26866.94448852539,191.54624938964844,-669.6729393005371,0.017834734062402074,27058.49073791504,-669.6729393005371,-0.024749086923838457,1,0.0,0.0
2020-10-09,3.0794999599456787,0.012327384599178925,19.462406158447266,0.016068245682865134,-0.003740861083686209,0.003740861083686209,0.011100074752159383,0.0182777058129142,0,0,0.0,10,8.237849370298141,0.0,0.0,0.0,0.0,0.0,0.0,,0.0,0.0,0.0,0.0182777058129142,0.0,0.0,0.0,0,0.0,0.0
2020-10-10,3.0794999599456787,0.0,19.462406158447266,0.0,0.0,0.0,0.010088259443020029,0.018133123697570433,1,0,0.0,10,,0.0,0.0,0.0,0.0,0.0,0.0,,0.0,0.0,0.0,0.018133123697570433,0.0,0.0,0.0,0,0.0,0.0
2020-10-11,3.0794999599456787,0.0,19.462406158447266,0.0,0.0,0.0,0.01011975677651374,0.010050601424132943,1,0,0.0,10,,0.0,0.0,0.0,0.0,0.0,0.0,,0.0,0.0,0.0,0.01011975677651374,0.0,0.0,0.0,0,0.0,0.0
2020-10-12,3.061000108718872,-0.006007420512235684,19.299461364746094,-0.008372284103754013,0.002364863591518329,0.002364863591518329,0.006684011648009213,0.009410367109076436,1,0,0.0,10,8.78694215400898,0.0,0.0,0.0,0.0,0.0,0.0,,0.0,0.0,0.0,0.009410367109076436,0.0,0.0,0.0,0,0.0,0.0
2020-10-13,3.0425000190734863,-0.006043805615259745,19.064102172851562,-0.012195117130287203,0.006151311515027458,0.006151311515027458,0.007492760604104001,0.010873776507331354,1,0,0.0,10,12.643323650811713,0.0,0.0,0.0,0.0,0.0,0.0,,0.0,0.0,0.0,0.010873776507331354,0.0,0.0,0.0,0,0.0,0.0
2020-10-14,3.047499895095825,0.0016433446149530795,19.245147705078125,0.009496672362802494,-0.007853327747849415,0.007853327747849415,0.0036623923033157475,0.008433424591376089,0,0,0.0,10,36.49390677347803,0.0,0.0,0.0,0.0,0.0,0.0,,0.0,0.0,0.0,0.008433424591376089,0.0,0.0,0.0,0,0.0,0.0
2020-10-15,3.0829999446868896,0.011648909208558988,19.172731399536133,-0.0037628344895936916,0.01541174369815268,0.01541174369815268,0.007257863405475544,0.008353963309440516,1,1,1.0,10,2.0088167768782927,-21.0,10.0,64.74299883842468,-191.72731399536133,0.0,0.0,Opened,64.74299883842468,-191.72731399536133,0.0,0.008353963309440516,256.470312833786,0.0,0.0,0,0.0,256.470312833786
2020-10-16,3.065000057220459,-0.0058384326271074816,19.190834045410156,0.0009441871112043643,-0.006782619738311846,0.006782619738311846,0.007760064818025198,0.008447932692056936,0,0,-1.0,10,1.0125702365397358,21.0,-10.0,-64.36500120162964,191.90834045410156,0.37799763679504395,0.18102645874023438,Closed,-64.36500120162964,191.90834045410156,0.5590240955352783,0.008447932692056936,256.2733416557312,0.5590240955352783,0.0021813587473575465,0,0.5590240955352783,0.0
2020-10-17,3.065000057220459,0.0,19.190834045410156,0.0,0.0,0.0,0.007221753947990217,0.007871950510128647,1,0,0.0,10,,0.0,0.0,0.0,0.0,0.0,0.0,,0.0,0.0,0.0,0.007871950510128647,0.0,0.0,0.0,0,0.0,0.0
2020-10-18,3.065000057220459,0.0,19.190834045410156,0.0,0.0,0.0,0.006351635079419001,0.004907086587909314,1,0,0.0,10,,0.0,0.0,0.0,0.0,0.0,0.0,,0.0,0.0,0.0,0.006351635079419001,0.0,0.0,0.0,0,0.0,0.0
2020-10-19,3.0810000896453857,0.005220238866630478,19.172731399536133,-0.0009432964628419693,0.006163535329472447,0.006163535329472447,0.006570767429606138,0.0018103712755209256,1,0,0.0,10,1.124475784108534,0.0,0.0,0.0,0.0,0.0,0.0,,0.0,0.0,0.0,0.006570767429606138,0.0,0.0,0.0,0,0.0,0.0
2020-10-20,3.1435000896453857,0.020285620961209894,19.77018165588379,0.0311614575877337,-0.010875836626523805,0.010875836626523805,0.009943378055376912,0.013951696554472745,0,0,0.0,10,9.661101393803305,0.0,0.0,0.0,0.0,0.0,0.0,,0.0,0.0,0.0,0.013951696554472745,0.0,0.0,0.0,0,0.0,0.0
2020-10-21,3.194499969482422,0.016223915502667996,20.24995231628418,0.024267387561287546,-0.00804347205861955,0.00804347205861955,0.009403429108805561,0.015549094371794275,0,0,0.0,10,9.481749269596454,0.0,0.0,0.0,0.0,0.0,0.0,,0.0,0.0,0.0,0.015549094371794275,0.0,0.0,0.0,0,0.0,0.0
2020-10-22,3.1500000953674316,-0.013930153244672061,20.18658447265625,-0.0031292835972246413,-0.01080086964744742,0.01080086964744742,0.013614864281744162,0.016148773709736622,0,0,0.0,10,1.439598236942035,0.0,0.0,0.0,0.0,0.0,0.0,,0.0,0.0,0.0,0.016148773709736622,0.0,0.0,0.0,0,0.0,0.0
2020-10-23,3.125499963760376,-0.007777819322319024,20.313316345214844,0.006278024533088233,-0.014055843855407257,0.014055843855407257,0.014801535997107842,0.015376086027343508,0,0,0.0,10,5.245978325698195,0.0,0.0,0.0,0.0,0.0,0.0,,0.0,0.0,0.0,0.015376086027343508,0.0,0.0,0.0,0,0.0,0.0
2020-10-24,3.125499963760376,0.0,20.313316345214844,0.0,0.0,0.0,0.01487824112665498,0.015189485076898986,1,0,0.0,10,,0.0,0.0,0.0,0.0,0.0,0.0,,0.0,0.0,0.0,0.015189485076898986,0.0,0.0,0.0,0,0.0,0.0
2020-10-25,3.125499963760376,0.0,20.313316345214844,0.0,0.0,0.0,0.011310880830990204,0.011042908205780534,1,0,0.0,10,,0.0,0.0,0.0,0.0,0.0,0.0,,0.0,0.0,0.0,0.011310880830990204,0.0,0.0,0.0,0,0.0,0.0
2020-10-26,3.0885000228881836,-0.011838087122444496,19.833545684814453,-0.02361852945363152,0.011780442331187024,0.011780442331187024,0.006511841625297666,0.011437203471888771,1,1,1.0,10,12.81221075680892,-129.0,10.0,398.4165029525757,-198.33545684814453,0.0,0.0,Opened,398.4165029525757,-198.33545684814453,0.0,0.011437203471888771,596.7519598007202,0.0,0.0,0,0.0,596.7519598007202
2020-10-27,3.0899999141693115,0.0004856374518416029,19.824491500854492,-0.0004565085892278553,0.0009421460410694582,0.0009421460410694582,0.00564971648659351,0.011555412018928094,1,1,0.0,10,6.030875604688704,129.0,-10.0,-398.6099889278412,198.24491500854492,-0.19348597526550293,-0.09054183959960938,Live,0.0,0.0,0.0,0.011555412018928094,596.8549039363861,-0.2840278148651123,-0.0004758741412559199,0,0.0,0.0
2020-10-28,3.056999921798706,-0.01067960947807245,19.181781768798828,-0.032419985754891134,0.021740376276818685,0.021740376276818685,0.0062719192236349395,0.015578521008184264,1,1,0.0,10,19.048069442076994,129.0,-10.0,-394.3529899120331,191.81781768798828,4.0635130405426025,-6.51763916015625,Live,0.0,0.0,0.0,0.015578521008184264,586.1708076000214,-2.4541261196136475,-0.004186708187774921,0,0.0,0.0
2020-10-29,3.052000045776367,-0.0016355499346552005,19.435243606567383,0.013213675393848767,-0.014849225328503968,0.014849225328503968,0.006022335275909012,0.018768624106960077,0,0,-1.0,10,51.44761877770728,129.0,-10.0,-393.70800590515137,194.35243606567383,4.708497047424316,-3.983020782470703,Closed,-393.70800590515137,194.35243606567383,0.7254762649536133,0.018768624106960077,588.0604419708252,0.7254762649536133,0.001233676359052911,0,0.7254762649536133,0.0
2020-10-30,3.0434999465942383,-0.0027850914333674703,19.462406158447266,0.0013975925606974915,-0.004182683994064962,0.004182683994064962,0.005588221855230342,0.018939400014681862,0,0,0.0,10,3.208960386342205,0.0,0.0,0.0,0.0,0.0,0.0,,0.0,0.0,0.0,0.018939400014681862,0.0,0.0,0.0,0,0.0,0.0
2020-10-31,3.0434999465942383,0.0,19.462406158447266,0.0,0.0,0.0,0.004527810599148174,0.01703741955084914,1,0,0.0,10,,0.0,0.0,0.0,0.0,0.0,0.0,,0.0,0.0,0.0,0.01703741955084914,0.0,0.0,0.0,0,0.0,0.0
2020-11-01,3.0434999465942383,0.0,19.462406158447266,0.0,0.0,0.0,0.004440785441847606,0.017060040099517587,1,0,0.0,10,,0.0,0.0,0.0,0.0,0.0,0.0,,0.0,0.0,0.0,0.017060040099517587,0.0,0.0,0.0,0,0.0,0.0
2020-11-02,3.073499917984009,0.009857063222012297,19.661550521850586,0.010232258117626625,-0.00037519489561432806,0.00037519489561432806,0.0050418874622706325,0.0062811907912771825,0,0,0.0,10,6.6406180676960975,0.0,0.0,0.0,0.0,0.0,0.0,,0.0,0.0,0.0,0.0062811907912771825,0.0,0.0,0.0,0,0.0,0.0
2020-11-03,3.0869998931884766,0.004392378579701761,20.349525451660156,0.034990878722662266,-0.030598500142960505,0.030598500142960505,0.0049478569443938275,0.014969264201685926,0,1,1.0,10,52.51371654059654,526.0,-10.0,-1623.7619438171387,203.49525451660156,0.0,0.0,Opened,-1623.7619438171387,203.49525451660156,0.0,0.014969264201685926,1827.2571983337402,0.0,0.0,0,0.0,1827.2571983337402
2020-11-04,3.1010000705718994,0.004535205010636645,20.08700942993164,-0.01290035103531606,0.017435556045952705,0.017435556045952705,0.004075848938126939,0.017934096439222516,1,0,-1.0,10,18.42545035548451,-526.0,10.0,1631.126037120819,-200.8700942993164,7.36409330368042,2.6251602172851562,Closed,1631.126037120819,-200.8700942993164,9.989253520965576,0.017934096439222516,1831.9961314201355,9.989253520965576,0.005452660816058634,0,9.989253520965576,0.0
2020-11-05,3.1045000553131104,0.0011286632252689444,20.675405502319336,0.029292368007301617,-0.028163704782032672,0.028163704782032672,0.0038402039914526443,0.019963949661936292,0,1,1.0,10,172.8432687387889,1729.0,-10.0,-5367.680595636368,206.75405502319336,0.0,0.0,Opened,-5367.680595636368,206.75405502319336,0.0,0.019963949661936292,5574.434650659561,0.0,0.0,0,0.0,5574.434650659561
2020-11-06,3.1489999294281006,0.014333990440371203,21.182334899902344,0.024518474258032885,-0.010184483817661683,0.010184483817661683,0.005224567303936339,0.01917601225040263,0,1,0.0,10,11.506083198231767,-1729.0,10.0,5444.620877981186,-211.82334899902344,76.94028234481812,-5.069293975830078,Live,0.0,0.0,0.0,0.01917601225040263,5656.444226980209,71.87098836898804,0.012706036775926563,0,0.0,0.0
2020-11-07,3.1489999294281006,0.0,21.182334899902344,0.0,0.0,0.0,0.005648484354587271,0.02060203546919999,1,0,-1.0,10,,-1729.0,10.0,5444.620877981186,-211.82334899902344,76.94028234481812,-5.069293975830078,Closed,5444.620877981186,-211.82334899902344,71.87098836898804,0.02060203546919999,5656.444226980209,71.87098836898804,0.012706036775926563,0,71.87098836898804,0.0
2020-11-08,3.1489999294281006,0.0,21.182334899902344,0.0,0.0,0.0,0.006068821483244562,0.01796443571139305,1,0,0.0,10,,0.0,0.0,0.0,0.0,0.0,0.0,,0.0,0.0,0.0,0.01796443571139305,0.0,0.0,0.0,0,0.0,0.0
2020-11-09,3.1514999866485596,0.0007939210150802456,21.562528610229492,0.017948621439693113,-0.017154700424612868,0.017154700424612868,0.0062151474063159825,0.013706451845351651,0,1,1.0,10,154.6807178790246,1547.0,-10.0,-4875.370479345322,215.62528610229492,0.0,0.0,Opened,-4875.370479345322,215.62528610229492,0.0,0.013706451845351651,5090.995765447617,0.0,0.0,0,0.0,5090.995765447617
2020-11-10,3.1505000591278076,-0.00031728622084348235,21.372432708740234,-0.00881603011063714,0.008498743889793658,0.008498743889793658,0.006370308844568966,0.01391538838309564,1,0,-1.0,10,188.49347421044675,-1547.0,10.0,4873.823591470718,-213.72432708740234,-1.5468878746032715,1.9009590148925781,Closed,4873.823591470718,-213.72432708740234,0.35407114028930664,0.01391538838309564,5087.547918558121,0.35407114028930664,6.959563741851795e-05,0,0.35407114028930664,0.0
2020-11-11,3.128999948501587,-0.006824348586799589,21.28191375732422,-0.004235313436219079,-0.00258903515058051,0.00258903515058051,0.0031322524115968723,0.010161405073218794,0,0,0.0,10,4.221137279818189,0.0,0.0,0.0,0.0,0.0,0.0,,0.0,0.0,0.0,0.010161405073218794,0.0,0.0,0.0,0,0.0,0.0
2020-11-12,3.1429998874664307,0.004474253498006009,21.29096031188965,0.0004250818168227699,0.004049171681183239,0.004049171681183239,0.004081044242214209,0.01015293640252996,1,0,0.0,10,0.6435804257477511,0.0,0.0,0.0,0.0,0.0,0.0,,0.0,0.0,0.0,0.01015293640252996,0.0,0.0,0.0,0,0.0,0.0
2020-11-13,3.17549991607666,0.010340448544027048,21.671159744262695,0.017857317227759406,-0.007516868683732358,0.007516868683732358,0.006322747765232946,0.012544104859846347,0,0,0.0,10,11.785469378025372,0.0,0.0,0.0,0.0,0.0,0.0,,0.0,0.0,0.0,0.012544104859846347,0.0,0.0,0.0,0,0.0,0.0
2020-11-14,3.17549991607666,0.0,21.671159744262695,0.0,0.0,0.0,0.006360837847317882,0.01011498827995413,1,0,0.0,10,,0.0,0.0,0.0,0.0,0.0,0.0,,0.0,0.0,0.0,0.01011498827995413,0.0,0.0,0.0,0,0.0,0.0
2020-11-15,3.17549991607666,0.0,21.671159744262695,0.0,0.0,0.0,0.006339290268285771,0.008624648256727607,1,0,0.0,10,,0.0,0.0,0.0,0.0,0.0,0.0,,0.0,0.0,0.0,0.008624648256727607,0.0,0.0,0.0,0,0.0,0.0
2020-11-16,3.2200000286102295,0.014013576983037401,22.50396728515625,0.03842930192575578,-0.024415724942718375,0.024415724942718375,0.006267180905441889,0.016975219543756328,0,1,1.0,10,19.165347763261206,192.0,-10.0,-618.2400054931641,225.0396728515625,0.0,0.0,Opened,-618.2400054931641,225.0396728515625,0.0,0.016975219543756328,843.2796783447266,0.0,0.0,0,0.0,843.2796783447266
2020-11-17,3.196500062942505,-0.007298125918920317,22.531124114990234,0.0012067574348055832,-0.0085048833537259,0.0085048833537259,0.008636942682323769,0.016852697249067315,0,1,0.0,10,1.1655120649993642,-192.0,10.0,613.7280120849609,-225.31124114990234,-4.511993408203125,-0.27156829833984375,Live,0.0,0.0,0.0,0.016852697249067315,839.0392532348633,-4.783561706542969,-0.005701237085273717,0,0.0,0.0
2020-11-18,3.197999954223633,0.0004692292355994443,22.51302146911621,-0.0008034506304095412,0.0012726798660089855,0.0012726798660089855,0.007738527503046782,0.0171560393357925,1,0,-1.0,10,12.05395219908456,-192.0,10.0,614.0159912109375,-225.1302146911621,-4.2240142822265625,-0.09054183959960938,Closed,614.0159912109375,-225.1302146911621,-4.314556121826172,0.0171560393357925,839.1462059020996,-4.314556121826172,-0.005141602370933602,0,-4.314556121826172,0.0
2020-11-19,3.2035000324249268,0.0017198493683623362,22.368183135986328,-0.006433535957338088,0.008153385325700424,0.008153385325700424,0.007696799821864112,0.018099471294278163,1,0,0.0,10,26.119526423884782,0.0,0.0,0.0,0.0,0.0,0.0,,0.0,0.0,0.0,0.018099471294278163,0.0,0.0,0.0,0,0.0,0.0
2020-11-20,3.2934999465942383,0.028094244812972624,22.929426193237305,0.02509113296502119,0.003003111847951434,0.003003111847951434,0.0138593449403699,0.019292768270454792,1,0,0.0,10,6.217824149469934,0.0,0.0,0.0,0.0,0.0,0.0,,0.0,0.0,0.0,0.019292768270454792,0.0,0.0,0.0,0,0.0,0.0
2020-11-21,3.2934999465942383,0.0,22.929426193237305,0.0,0.0,0.0,0.013602053435607709,0.012251464442853586,1,0,0.0,10,,0.0,0.0,0.0,0.0,0.0,0.0,,0.0,0.0,0.0,0.013602053435607709,0.0,0.0,0.0,0,0.0,0.0
2020-11-22,3.2934999465942383,0.0,22.929426193237305,0.0,0.0,0.0,0.012339456168139121,0.012327274260009883,1,0,0.0,10,,0.0,0.0,0.0,0.0,0.0,0.0,,0.0,0.0,0.0,0.012339456168139121,0.0,0.0,0.0,0,0.0,0.0
2020-11-23,3.259500026702881,-0.010323340046358931,23.228151321411133,0.013028024585365783,-0.023351364631724714,0.023351364631724714,0.014342575813150123,0.012648014071703543,0,1,1.0,10,8.99336032551805,90.0,-10.0,-293.3550024032593,232.28151321411133,0.0,0.0,Opened,-293.3550024032593,232.28151321411133,0.0,0.014342575813150123,525.6365156173706,0.0,0.0,0,0.0,525.6365156173706
2020-11-24,3.299999952316284,0.01242519566854261,23.997594833374023,0.033125473539241,-0.02070027787069839,0.02070027787069839,0.01472992305162825,0.01484445926469517,0,1,0.0,10,19.387090684234835,-90.0,10.0,296.9999957084656,-239.97594833374023,3.644993305206299,-7.694435119628906,Live,0.0,0.0,0.0,0.01484445926469517,536.9759440422058,-4.049441814422607,-0.007541197812213959,0,0.0,0.0
2020-11-25,3.312000036239624,0.003636389120223127,23.807497024536133,-0.00792153589381872,0.011557925014041848,0.011557925014041848,0.008179160598790876,0.016104662100690118,1,0,-1.0,10,15.658943263438113,-90.0,10.0,298.08000326156616,-238.07497024536133,4.725000858306885,-5.79345703125,Closed,298.08000326156616,-238.07497024536133,-1.0684561729431152,0.016104662100690118,536.1549735069275,-1.0684561729431152,-0.001992812201208295,0,-1.0684561729431152,0.0
2020-11-26,3.312000036239624,0.0,23.807497024536133,0.0,0.0,0.0,0.008179160598790876,0.016104662100690118,1,0,0.0,10,,0.0,0.0,0.0,0.0,0.0,0.0,,0.0,0.0,0.0,0.016104662100690118,0.0,0.0,0.0,0,0.0,0.0
2020-11-27,3.3994998931884766,0.026419038644757364,24.386842727661133,0.024334591012567408,0.0020844476321899563,0.0020844476321899563,0.013832277387443387,0.016874794484015937,1,0,0.0,10,6.607658462256725,0.0,0.0,0.0,0.0,0.0,0.0,,0.0,0.0,0.0,0.016874794484015937,0.0,0.0,0.0,0,0.0,0.0
2020-11-28,3.3994998931884766,0.0,24.386842727661133,0.0,0.0,0.0,0.011232249804561318,0.017758145198367686,1,0,0.0,10,,0.0,0.0,0.0,0.0,0.0,0.0,,0.0,0.0,0.0,0.017758145198367686,0.0,0.0,0.0,0,0.0,0.0
2020-11-29,3.3994998931884766,0.0,24.386842727661133,0.0,0.0,0.0,0.011516544415748887,0.01225811338460938,1,0,0.0,10,,0.0,0.0,0.0,0.0,0.0,0.0,,0.0,0.0,0.0,0.01225811338460938,0.0,0.0,0.0,0,0.0,0.0
2020-11-30,3.4205000400543213,0.006177422422610546,24.386842727661133,0.0,0.006177422422610546,0.006177422422610546,0.011441375527851398,0.010882759941751119,1,0,0.0,10,0.0,0.0,0.0,0.0,0.0,0.0,0.0,,0.0,0.0,0.0,0.011441375527851398,0.0,0.0,0.0,0,0.0,0.0
2020-12-01,3.4679999351501465,0.013886827814529434,24.893770217895508,0.02078692579828645,-0.006900097983757014,0.006900097983757014,0.011144852044726277,0.01242053086657279,0,0,0.0,10,10.744811748039409,0.0,0.0,0.0,0.0,0.0,0.0,,0.0,0.0,0.0,0.01242053086657279,0.0,0.0,0.0,0,0.0,0.0
2020-12-02,3.4749999046325684,0.0020184456785807825,25.156288146972656,0.010545527125032761,-0.008527081446451978,0.008527081446451978,0.005864076349134248,0.009313429889813093,0,0,0.0,10,37.8218694083704,0.0,0.0,0.0,0.0,0.0,0.0,,0.0,0.0,0.0,0.009313429889813093,0.0,0.0,0.0,0,0.0,0.0
2020-12-03,3.4790000915527344,0.0011511329582580831,25.581743240356445,0.01691247496045989,-0.015761342002201806,0.015761342002201806,0.005666604004023532,0.00953705434704857,0,1,1.0,10,108.03323317521243,1081.0,-10.0,-3760.799098968506,255.81743240356445,0.0,0.0,Opened,-3760.799098968506,255.81743240356445,0.0,0.00953705434704857,4016.6165313720703,0.0,0.0,0,0.0,4016.6165313720703
2020-12-04,3.5139999389648438,0.010060318048594308,26.369295120239258,0.030785700273952,-0.02072538222535769,0.02072538222535769,0.005383161709470178,0.011488336908936574,0,1,0.0,10,22.96328929701581,-1081.0,10.0,3798.633934020996,-263.6929512023926,37.834835052490234,-7.875518798828125,Live,0.0,0.0,0.0,0.011488336908936574,4062.3268852233887,29.95931625366211,0.007374915190266535,0,0.0,0.0
2020-12-05,3.5139999389648438,0.0,26.369295120239258,0.0,0.0,0.0,0.006172314527647936,0.011488336908936574,1,0,-1.0,10,,-1081.0,10.0,3798.633934020996,-263.6929512023926,37.834835052490234,-7.875518798828125,Closed,3798.633934020996,-263.6929512023926,29.95931625366211,0.011488336908936574,4062.3268852233887,29.95931625366211,0.007374915190266535,0,29.95931625366211,0.0
2020-12-06,3.5139999389648438,0.0,26.369295120239258,0.0,0.0,0.0,0.004230933585581146,0.012908655236734259,1,0,0.0,10,,0.0,0.0,0.0,0.0,0.0,0.0,,0.0,0.0,0.0,0.012908655236734259,0.0,0.0,0.0,0,0.0,0.0
2020-12-07,3.508500099182129,-0.0015651223330228614,25.92572784423828,-0.016821355063849408,0.015256232730826547,0.015256232730826547,0.004646890973195886,0.01820764627883587,1,0,0.0,10,79.41858665308717,0.0,0.0,0.0,0.0,0.0,0.0,,0.0,0.0,0.0,0.01820764627883587,0.0,0.0,0.0,0,0.0,0.0
2020-12-08,3.49399995803833,-0.004132860405840932,25.80805015563965,-0.004539031239764624,0.00040617083392369135,0.00040617083392369135,0.005406804703784439,0.017560985332900316,1,0,0.0,10,8.112313654608474,0.0,0.0,0.0,0.0,0.0,0.0,,0.0,0.0,0.0,0.017560985332900316,0.0,0.0,0.0,0,0.0,0.0
2020-12-09,3.507999897003174,0.004006851497704078,25.717525482177734,-0.0035076138226635134,0.0075144653203675915,0.0075144653203675915,0.0029585899091113597,0.0069314619571284155,1,1,1.0,10,6.417681100560159,-65.0,10.0,228.0199933052063,-257.17525482177734,0.0,0.0,Opened,228.0199933052063,-257.17525482177734,0.0,0.0069314619571284155,485.19524812698364,0.0,0.0,0,0.0,485.19524812698364
2020-12-10,3.570499897003174,0.017816420135414734,26.20635223388672,0.019007534455355746,-0.0011911143199410112,0.0011911143199410112,0.008674745529886197,0.012944897643512936,0,0,-1.0,10,7.830380932050874,65.0,-10.0,-232.0824933052063,262.0635223388672,-4.0625,4.888267517089844,Closed,-232.0824933052063,262.0635223388672,0.8257675170898438,0.012944897643512936,494.1460156440735,0.8257675170898438,0.0016711002233085546,0,0.8257675170898438,0.0
2020-12-11,3.5239999294281006,-0.01302337737472059,25.708473205566406,-0.018998410151738643,0.005975032777018052,0.005975032777018052,0.01140935817264866,0.015120328687238527,1,0,0.0,10,10.642264003353779,0.0,0.0,0.0,0.0,0.0,0.0,,0.0,0.0,0.0,0.015120328687238527,0.0,0.0,0.0,0,0.0,0.0
2020-12-12,3.5239999294281006,0.0,25.708473205566406,0.0,0.0,0.0,0.01135575116129084,0.013621781874079909,1,0,0.0,10,,0.0,0.0,0.0,0.0,0.0,0.0,,0.0,0.0,0.0,0.013621781874079909,0.0,0.0,0.0,0,0.0,0.0
2020-12-13,3.5239999294281006,0.0,25.708473205566406,0.0,0.0,0.0,0.011040838009621945,0.013528501610592143,1,0,0.0,10,,0.0,0.0,0.0,0.0,0.0,0.0,,0.0,0.0,0.0,0.013528501610592143,0.0,0.0,0.0,0,0.0,0.0
2020-12-14,3.5220000743865967,-0.0005674957666155223,25.5998477935791,-0.004225276667296773,0.003657780900681251,0.003657780900681251,0.010997547302140696,0.013569485335944603,1,0,0.0,10,54.11785163121467,0.0,0.0,0.0,0.0,0.0,0.0,,0.0,0.0,0.0,0.013569485335944603,0.0,0.0,0.0,0,0.0,0.0
2020-12-15,3.5380001068115234,0.004542882477852617,26.115827560424805,0.020155579478684293,-0.015612697000831677,0.015612697000831677,0.006599146988206007,0.013992473680518886,0,1,1.0,10,32.749881842445035,328.0,-10.0,-1160.4640350341797,261.15827560424805,0.0,0.0,Opened,-1160.4640350341797,261.15827560424805,0.0,0.013992473680518886,1421.6223106384277,0.0,0.0,0,0.0,1421.6223106384277
2020-12-16,3.553999900817871,0.004522270639716552,26.26971435546875,0.005892472474322119,-0.0013702018346055667,0.0013702018346055667,0.002596571215117416,0.00953381973113715,0,1,0.0,10,9.631167857331846,-328.0,10.0,1165.7119674682617,-262.6971435546875,5.247932434082031,-1.5388679504394531,Live,0.0,0.0,0.0,0.00953381973113715,1428.4091110229492,3.709064483642578,0.0025966401747370173,0,0.0,0.0
2020-12-17,3.5969998836517334,0.012099038839018306,27.066316604614258,0.03032397834122902,-0.018224939502210713,0.018224939502210713,0.005073281148113638,0.014443930027618818,0,1,0.0,10,18.859233635865788,-328.0,10.0,1179.8159618377686,-270.6631660461426,19.351926803588867,-9.504890441894531,Live,0.0,0.0,0.0,0.014443930027618818,1450.4791278839111,9.847036361694336,0.0067888163106904365,0,0.0,0.0
2020-12-18,3.628499984741211,0.008757326135217403,26.948637008666992,-0.004347824555011814,0.013105150690229217,0.013105150690229217,0.004799909919067249,0.015332329369776689,1,0,-1.0,10,3.6873143726948614,-328.0,10.0,1190.1479949951172,-269.4863700866699,29.6839599609375,-8.328094482421875,Closed,1190.1479949951172,-269.4863700866699,21.355865478515625,0.015332329369776689,1459.634365081787,21.355865478515625,0.01463096922722767,0,21.355865478515625,0.0
2020-12-19,3.628499984741211,0.0,26.948637008666992,0.0,0.0,0.0,0.004612666415139291,0.014475084284929655,1,0,0.0,10,,0.0,0.0,0.0,0.0,0.0,0.0,,0.0,0.0,0.0,0.014475084284929655,0.0,0.0,0.0,0,0.0,0.0
2020-12-20,3.628499984741211,0.0,26.948637008666992,0.0,0.0,0.0,0.005355217187013138,0.013874856798489281,1,0,0.0,10,,0.0,0.0,0.0,0.0,0.0,0.0,,0.0,0.0,0.0,0.013874856798489281,0.0,0.0,0.0,0,0.0,0.0
2020-12-21,3.572999954223633,-0.015295585159424085,26.885272979736328,-0.002351288820665931,-0.012944296338758154,0.012944296338758154,0.010616590469709022,0.014425229209535656,0,0,0.0,10,1.1567015630820796,0.0,0.0,0.0,0.0,0.0,0.0,,0.0,0.0,0.0,0.014425229209535656,0.0,0.0,0.0,0,0.0,0.0
2020-12-22,3.5179998874664307,-0.015393245861138771,26.18824577331543,-0.02592598583418715,0.010532739973048377,0.010532739973048377,0.01062308245334229,0.010996697905088492,1,0,0.0,10,12.537636093956914,0.0,0.0,0.0,0.0,0.0,0.0,,0.0,0.0,0.0,0.010996697905088492,0.0,0.0,0.0,0,0.0,0.0
2020-12-23,3.552000045776367,0.009664627458081831,26.984846115112305,0.030418239873423403,-0.02075361241534157,0.02075361241534157,0.010907664052477518,0.020012732641847986,0,1,1.0,10,23.910901228609212,240.0,-10.0,-852.4800109863281,269.84846115112305,0.0,0.0,Opened,-852.4800109863281,269.84846115112305,0.0,0.020012732641847986,1122.3284721374512,0.0,0.0,0,0.0,1122.3284721374512
2020-12-24,3.559999942779541,0.0022522232263726405,27.093475341796875,0.004025564059960907,-0.001773340833588266,0.001773340833588266,0.011168113400746492,0.020072086132998417,0,1,0.0,10,13.602853936622825,-240.0,10.0,854.3999862670898,-270.93475341796875,1.9199752807617188,-1.0862922668457031,Live,0.0,0.0,0.0,0.020072086132998417,1125.3347396850586,0.8336830139160156,0.0007408311362975731,0,0.0,0.0
2020-12-25,3.559999942779541,0.0,27.093475341796875,0.0,0.0,0.0,0.011168113400746492,0.020072086132998417,1,0,-1.0,10,,-240.0,10.0,854.3999862670898,-270.93475341796875,1.9199752807617188,-1.0862922668457031,Closed,854.3999862670898,-270.93475341796875,0.8336830139160156,0.020072086132998417,1125.3347396850586,0.8336830139160156,0.0007408311362975731,0,0.8336830139160156,0.0
2020-12-26,3.559999942779541,0.0,27.093475341796875,0.0,0.0,0.0,0.009124314862244347,0.01999450286602692,1,0,0.0,10,,0.0,0.0,0.0,0.0,0.0,0.0,,0.0,0.0,0.0,0.01999450286602692,0.0,0.0,0.0,0,0.0,0.0
2020-12-27,3.559999942779541,0.0,27.093475341796875,0.0,0.0,0.0,0.004185548569715934,0.013268377416979818,1,0,0.0,10,,0.0,0.0,0.0,0.0,0.0,0.0,,0.0,0.0,0.0,0.013268377416979818,0.0,0.0,0.0,0,0.0,0.0
2020-12-28,3.569999933242798,0.002808986130333757,27.41935920715332,0.012028130804382586,-0.00921914467404883,0.00921914467404883,0.0013999771883263594,0.0052282136741119934,0,1,1.0,10,32.88801339068699,329.0,-10.0,-1174.5299780368805,274.1935920715332,0.0,0.0,Opened,-1174.5299780368805,274.1935920715332,0.0,0.0052282136741119934,1448.7235701084137,0.0,0.0,0,0.0,1448.7235701084137
2020-12-29,3.552999973297119,-0.004761893631251901,27.328834533691406,-0.003301487564971839,-0.0014604060662800622,0.0014604060662800622,0.002729618310970226,0.005923362439176764,0,1,0.0,10,5.332807199639413,-329.0,10.0,1168.9369912147522,-273.28834533691406,-5.592986822128296,0.9052467346191406,Live,0.0,0.0,0.0,0.005923362439176764,1442.2253365516663,-4.687740087509155,-0.0032503520557456396,0,0.0,0.0
2020-12-30,3.5429999828338623,-0.002814520275376431,27.880590438842773,0.02018951464875518,-0.02300403492413161,0.02300403492413161,0.0029129832172462094,0.009949414745835841,0,1,0.0,10,56.44848800405654,-329.0,10.0,1165.6469943523407,-278.80590438842773,-8.882983684539795,-4.612312316894531,Live,0.0,0.0,0.0,0.009949414745835841,1444.4528987407684,-13.495296001434326,-0.009342842548344171,0,0.0,0.0
2020-12-31,3.5139999389648438,-0.00818516624598542,27.779939651489258,-0.0036100665649207997,-0.0045750996810646205,0.0045750996810646205,0.004240594489853037,0.01058471990102201,0,1,0.0,10,3.4867214500429364,-329.0,10.0,1156.1059799194336,-277.7993965148926,-18.4239981174469,-3.605804443359375,Live,0.0,0.0,0.0,0.01058471990102201,1433.9053764343262,-22.029802560806274,-0.015363498123974887,1,-22.029802560806274,0.0
2021-01-01,3.5139999389648438,0.0,27.779939651489258,0.0,0.0,0.0,0.004240594489853037,0.01058471990102201,1,0,-1.0,10,,-329.0,10.0,1156.1059799194336,-277.7993965148926,-18.4239981174469,-3.605804443359375,Closed,1156.1059799194336,-277.7993965148926,-22.029802560806274,0.01058471990102201,1433.9053764343262,-22.029802560806274,-0.015363498123974887,1,0.0,0.0
2021-01-02,3.5139999389648438,0.0,27.779939651489258,0.0,0.0,0.0,0.003460802653606079,0.009953492545195107,1,0,0.0,10,,0.0,0.0,0.0,0.0,0.0,0.0,,0.0,0.0,0.0,0.009953492545195107,0.0,0.0,0.0,0,0.0,0.0
2021-01-03,3.5139999389648438,0.0,27.779939651489258,0.0,0.0,0.0,0.0035608935023838354,0.009561295186878935,1,0,0.0,10,,0.0,0.0,0.0,0.0,0.0,0.0,,0.0,0.0,0.0,0.009561295186878935,0.0,0.0,0.0,0,0.0,0.0
2021-01-04,3.552999973297119,0.011098473252610264,29.10671043395996,0.04776003112733829,-0.036661557874728024,0.036661557874728024,0.0068643204956928185,0.0218186232363257,0,1,1.0,10,35.2532598838291,353.0,-10.0,-1254.208990573883,291.0671043395996,0.0,0.0,Opened,-1254.208990573883,291.0671043395996,0.0,0.0218186232363257,1545.2760949134827,0.0,0.0,0,0.0,1545.2760949134827
2021-01-05,3.640500068664551,0.02462710273713653,29.756376266479492,0.02232013933671939,0.002306963400417139,0.002306963400417139,0.01089044239005638,0.02119530098182498,1,0,-1.0,10,7.408027355415392,-353.0,10.0,1285.0965242385864,-297.5637626647949,30.88753366470337,-6.4966583251953125,Closed,1285.0965242385864,-297.5637626647949,24.390875339508057,0.02119530098182498,1582.6602869033813,24.390875339508057,0.015411314444005555,0,24.390875339508057,0.0
2021-01-06,3.6500000953674316,0.0026095389434688254,30.28708267211914,0.01783504822250448,-0.015225509279035654,0.015225509279035654,0.010518600000395636,0.019694421818453635,0,0,0.0,10,56.71201427967287,0.0,0.0,0.0,0.0,0.0,0.0,,0.0,0.0,0.0,0.019694421818453635,0.0,0.0,0.0,0,0.0,0.0
2021-01-07,3.695499897003174,0.012465698752580856,31.47661018371582,0.03927507724907753,-0.026809378496496672,0.026809378496496672,0.009691866466581102,0.018737366112102218,0,1,1.0,10,26.835839240479242,269.0,-10.0,-994.0894722938538,314.7661018371582,0.0,0.0,Opened,-994.0894722938538,314.7661018371582,0.0,0.018737366112102218,1308.855574131012,0.0,0.0,0,0.0,1308.855574131012
2021-01-08,3.6735000610351562,-0.005953142086638441,31.01909828186035,-0.014534980075210258,0.008581837988571817,0.008581837988571817,0.01145699358233301,0.024046057050892366,1,0,-1.0,10,20.61661258448889,-269.0,10.0,988.171516418457,-310.1909828186035,-5.9179558753967285,4.5751190185546875,Closed,988.171516418457,-310.1909828186035,-1.342836856842041,0.024046057050892366,1298.3624992370605,-1.342836856842041,-0.0010342541914381495,0,-1.342836856842041,0.0
2021-01-09,3.6735000610351562,0.0,31.01909828186035,0.0,0.0,0.0,0.012003496896840464,0.020783378621506598,1,0,0.0,10,,0.0,0.0,0.0,0.0,0.0,0.0,,0.0,0.0,0.0,0.020783378621506598,0.0,0.0,0.0,0,0.0,0.0
2021-01-10,3.6735000610351562,0.0,31.01909828186035,0.0,0.0,0.0,0.006726825290020427,0.02067218954720555,1,0,0.0,10,,0.0,0.0,0.0,0.0,0.0,0.0,,0.0,0.0,0.0,0.02067218954720555,0.0,0.0,0.0,0,0.0,0.0
2021-01-11,3.563999891281128,-0.029808130647797526,29.838726043701172,-0.038053080313087295,0.00824494966528977,0.00824494966528977,0.01557900386241969,0.028135329907471304,1,0,0.0,10,10.688030184838393,0.0,0.0,0.0,0.0,0.0,0.0,,0.0,0.0,0.0,0.028135329907471304,0.0,0.0,0.0,0,0.0,0.0
2021-01-12,3.6050000190734863,0.011503964377961973,30.415191650390625,0.01931937730334643,-0.007815412925384457,0.007815412925384457,0.015318472085109183,0.021278979367257582,0,0,0.0,10,14.168728615664126,0.0,0.0,0.0,0.0,0.0,0.0,,0.0,0.0,0.0,0.021278979367257582,0.0,0.0,0.0,0,0.0,0.0
2021-01-13,3.617000102996826,0.003328733386920746,29.939380645751953,-0.015643860150805988,0.018972593537726734,0.018972593537726734,0.015709022861723827,0.02138715883041631,1,0,0.0,10,38.90086009709039,0.0,0.0,0.0,0.0,0.0,0.0,,0.0,0.0,0.0,0.02138715883041631,0.0,0.0,0.0,0,0.0,0.0
2021-01-14,3.6679999828338623,0.014100049318434005,30.195585250854492,0.008557445063209546,0.005542604255224459,0.005542604255224459,0.017539986078900283,0.022393636302636598,1,0,0.0,10,4.996174685740168,0.0,0.0,0.0,0.0,0.0,0.0,,0.0,0.0,0.0,0.022393636302636598,0.0,0.0,0.0,0,0.0,0.0
2021-01-15,3.6029999256134033,-0.01772084447237121,29.298866271972656,-0.02969702264195928,0.01197617816958807,0.01197617816958807,0.019206913437895903,0.024518962344249058,1,0,0.0,10,13.627464472483707,0.0,0.0,0.0,0.0,0.0,0.0,,0.0,0.0,0.0,0.024518962344249058,0.0,0.0,0.0,0,0.0,0.0
2021-01-16,3.6029999256134033,0.0,29.298866271972656,0.0,0.0,0.0,0.012561051209347422,0.019442948839488418,1,0,0.0,10,,0.0,0.0,0.0,0.0,0.0,0.0,,0.0,0.0,0.0,0.019442948839488418,0.0,0.0,0.0,0,0.0,0.0
2021-01-17,3.6029999256134033,0.0,29.298866271972656,0.0,0.0,0.0,0.011444465098272289,0.015241957895756341,1,0,0.0,10,,0.0,0.0,0.0,0.0,0.0,0.0,,0.0,0.0,0.0,0.015241957895756341,0.0,0.0,0.0,0,0.0,0.0
2021-01-18,3.6029999256134033,0.0,29.298866271972656,0.0,0.0,0.0,0.011293999381163487,0.014711956631982074,1,0,0.0,10,,0.0,0.0,0.0,0.0,0.0,0.0,,0.0,0.0,0.0,0.014711956631982074,0.0,0.0,0.0,0,0.0,0.0
2021-01-19,3.635999917984009,0.00915903220980141,29.674022674560547,0.012804468237966216,-0.0036454360281648057,0.0036454360281648057,0.00978845332509496,0.01572256246446285,0,0,0.0,10,11.409445030726035,0.0,0.0,0.0,0.0,0.0,0.0,,0.0,0.0,0.0,0.01572256246446285,0.0,0.0,0.0,0,0.0,0.0
2021-01-20,3.6475000381469727,0.00316284940109135,30.195585250854492,0.01757640283604278,-0.014413553434951432,0.014413553434951432,0.003985151630352084,0.00848947698725923,0,1,1.0,10,46.004427508910794,461.0,-10.0,-1681.4975175857544,301.9558525085449,0.0,0.0,Opened,-1681.4975175857544,301.9558525085449,0.0,0.00848947698725923,1983.4533700942993,0.0,0.0,0,0.0,1983.4533700942993
2021-01-21,3.6554999351501465,0.002193254810008982,30.2413387298584,0.0015152373641313943,0.0006780174458775878,0.0006780174458775878,0.0037604526639858403,0.008241782893920241,1,0,-1.0,10,5.715389237923345,-461.0,10.0,1685.1854701042175,-302.413387298584,3.6879525184631348,-0.4575347900390625,Closed,1685.1854701042175,-302.413387298584,3.2304177284240723,0.008241782893920241,1987.5988574028015,3.2304177284240723,0.00162528656946667,0,3.2304177284240723,0.0
2021-01-22,3.635499954223633,-0.00547120264842571,29.646575927734375,-0.019667211410081875,0.014196008761656165,0.014196008761656165,0.005298050698600017,0.014422814461174617,1,0,0.0,10,29.313682719072766,0.0,0.0,0.0,0.0,0.0,0.0,,0.0,0.0,0.0,0.014422814461174617,0.0,0.0,0.0,0,0.0,0.0
2021-01-23,3.635499954223633,0.0,29.646575927734375,0.0,0.0,0.0,0.005298050698600017,0.014422814461174617,1,0,0.0,10,,0.0,0.0,0.0,0.0,0.0,0.0,,0.0,0.0,0.0,0.014422814461174617,0.0,0.0,0.0,0,0.0,0.0
2021-01-24,3.635499954223633,0.0,29.646575927734375,0.0,0.0,0.0,0.0033445998223141883,0.013209455222773399,1,0,0.0,10,,0.0,0.0,0.0,0.0,0.0,0.0,,0.0,0.0,0.0,0.013209455222773399,0.0,0.0,0.0,0,0.0,0.0
2021-01-25,3.640500068664551,0.00137535813612355,29.09756088256836,-0.01851866625354237,0.01989402438966592,0.01989402438966592,0.0029963338252485434,0.010759751120886061,1,1,1.0,10,107.61912232576228,-1077.0,10.0,3920.818573951721,-290.9756088256836,0.0,0.0,Opened,3920.818573951721,-290.9756088256836,0.0,0.010759751120886061,4211.794182777405,0.0,0.0,0,0.0,4211.794182777405
2021-01-26,3.628000020980835,-0.003433607319859533,28.630905151367188,-0.016037623671774304,0.01260401635191477,0.01260401635191477,0.002840633673635406,0.009986340146449993,1,1,0.0,10,36.8601577559312,1077.0,-10.0,-3907.3560225963593,286.3090515136719,13.462551355361938,-4.666557312011719,Live,0.0,0.0,0.0,0.009986340146449993,4193.665074110031,8.79599404335022,0.0020974479096227978,0,0.0,0.0
2021-01-27,3.571500062942505,-0.015573306976733536,27.230928421020508,-0.04889739681456862,0.03332408983783508,0.03332408983783508,0.006964818822001277,0.0199887357153544,1,1,0.0,10,23.93958849922828,1077.0,-10.0,-3846.5055677890778,272.3092842102051,74.31300616264343,-18.666324615478516,Live,0.0,0.0,0.0,0.0199887357153544,4118.814851999283,55.64668154716492,0.013510362457820575,0,0.0,0.0
2021-01-28,3.5829999446868896,0.003219902433631905,28.145944595336914,0.033602092450512044,-0.03038219001688014,0.03038219001688014,0.007500629614819433,0.030096370688603068,0,0,-1.0,10,81.97711628103237,1077.0,-10.0,-3858.89094042778,281.45944595336914,61.92763352394104,-9.516162872314453,Closed,-3858.89094042778,281.45944595336914,52.41147065162659,0.030096370688603068,4140.350386381149,52.41147065162659,0.012658704157991939,0,52.41147065162659,0.0
2021-01-29,3.573499917984009,-0.002651416927027306,27.176027297973633,-0.03446028588871641,0.03180886896168911,0.03180886896168911,0.007337868675515552,0.031168955231290783,1,1,1.0,10,98.84007020268305,-989.0,10.0,3534.1914188861847,-271.7602729797363,0.0,0.0,Opened,3534.1914188861847,-271.7602729797363,0.0,0.031168955231290783,3805.951691865921,0.0,0.0,0,0.0,3805.951691865921
2021-01-30,3.573499917984009,0.0,27.176027297973633,0.0,0.0,0.0,0.007136529296039328,0.03201180762296706,1,1,0.0,10,,989.0,-10.0,-3534.1914188861847,271.7602729797363,0.0,0.0,Live,0.0,0.0,0.0,0.03201180762296706,3805.951691865921,0.0,0.0,0,0.0,0.0
2021-01-31,3.573499917984009,0.0,27.176027297973633,0.0,0.0,0.0,0.007329678371602059,0.03245167015557841,1,1,0.0,10,,989.0,-10.0,-3534.1914188861847,271.7602729797363,0.0,0.0,Live,0.0,0.0,0.0,0.03245167015557841,3805.951691865921,0.0,0.0,0,0.0,0.0
2021-02-01,3.562000036239624,-0.0032181004640605693,28.83220672607422,0.060942661336820025,-0.0641607618008806,0.0641607618008806,0.002566605838226186,0.03643003992197647,0,0,-1.0,10,153.28716120924463,989.0,-10.0,-3522.818035840988,288.3220672607422,11.373383045196533,16.56179428100586,Closed,-3522.818035840988,288.3220672607422,27.935177326202393,0.03643003992197647,3811.1401031017303,27.935177326202393,0.007329874150642507,0,27.935177326202393,0.0
2021-02-02,3.5390000343322754,-0.006457047072809585,28.50279998779297,-0.011424957562591098,0.004967910489781513,0.004967910489781513,0.002678189730100732,0.03530829846855273,1,0,0.0,10,14.250417935527627,0.0,0.0,0.0,0.0,0.0,0.0,,0.0,0.0,0.0,0.03530829846855273,0.0,0.0,0.0,0,0.0,0.0
2021-02-03,3.5785000324249268,0.011161344365486547,28.740707397460938,0.008346808375663484,0.0028145359898230637,0.0028145359898230637,0.006636706248952968,0.028480460332095985,1,0,0.0,10,6.006207931312895,0.0,0.0,0.0,0.0,0.0,0.0,,0.0,0.0,0.0,0.028480460332095985,0.0,0.0,0.0,0,0.0,0.0
2021-02-04,3.565999984741211,-0.003493096987691069,28.61260223388672,-0.004457272460368755,0.0009641754726776863,0.0009641754726776863,0.006856045369926476,0.028998307983900098,1,0,0.0,10,10.238458123567415,0.0,0.0,0.0,0.0,0.0,0.0,,0.0,0.0,0.0,0.028998307983900098,0.0,0.0,0.0,0,0.0,0.0
2021-02-05,3.6389999389648438,0.020471103347166952,29.24396514892578,0.022065903334416825,-0.001594799987249873,0.001594799987249873,0.011615804691064437,0.028643232797419774,0,0,0.0,10,8.66232890857047,0.0,0.0,0.0,0.0,0.0,0.0,,0.0,0.0,0.0,0.028643232797419774,0.0,0.0,0.0,0,0.0,0.0
2021-02-06,3.6389999389648438,0.0,29.24396514892578,0.0,0.0,0.0,0.011219541049308019,0.012891307667425404,1,0,0.0,10,,0.0,0.0,0.0,0.0,0.0,0.0,,0.0,0.0,0.0,0.012891307667425404,0.0,0.0,0.0,0,0.0,0.0
2021-02-07,3.6389999389648438,0.0,29.24396514892578,0.0,0.0,0.0,0.009968435120623186,0.01050837300062112,1,0,0.0,10,,0.0,0.0,0.0,0.0,0.0,0.0,,0.0,0.0,0.0,0.01050837300062112,0.0,0.0,0.0,0,0.0,0.0
2021-02-08,3.678999900817871,0.010992020479232423,30.23218536376953,0.033792278502973394,-0.02280025802374097,0.02280025802374097,0.009945197745143861,0.016735282767370123,0,1,1.0,10,25.262696963971187,253.0,-10.0,-930.7869749069214,302.3218536376953,0.0,0.0,Opened,-930.7869749069214,302.3218536376953,0.0,0.016735282767370123,1233.1088285446167,0.0,0.0,0,0.0,1233.1088285446167
2021-02-09,3.7335000038146973,0.014813836495268795,30.58904266357422,0.011803887000254587,0.003009949495014208,0.003009949495014208,0.009097100181543591,0.014598996650652715,1,0,-1.0,10,6.528407055953409,-253.0,10.0,944.5755009651184,-305.8904266357422,13.788526058197021,-3.568572998046875,Closed,944.5755009651184,-305.8904266357422,10.219953060150146,0.014598996650652715,1250.4659276008606,10.219953060150146,0.008172916058383222,0,10.219953060150146,0.0
2021-02-10,3.7855000495910645,0.013927961891853746,31.165502548217773,0.018845306503495474,-0.004917344611641727,0.004917344611641727,0.007390993100465101,0.01419379044749244,0,0,0.0,10,11.139520923764815,0.0,0.0,0.0,0.0,0.0,0.0,,0.0,0.0,0.0,0.01419379044749244,0.0,0.0,0.0,0,0.0,0.0
2021-02-11,3.7874999046325684,0.0005282934923538374,31.25700569152832,0.002936039397053669,-0.0024077459046998317,0.0024077459046998317,0.007251447167330758,0.013574515927794654,0,0,0.0,10,45.86499590985913,0.0,0.0,0.0,0.0,0.0,0.0,,0.0,0.0,0.0,0.013574515927794654,0.0,0.0,0.0,0,0.0,0.0
2021-02-12,3.802000045776367,0.0038284202003711076,31.25700569152832,0.0,0.0038284202003711076,0.0038284202003711076,0.006332520654553128,0.013574515927794654,1,0,0.0,10,0.0,0.0,0.0,0.0,0.0,0.0,0.0,,0.0,0.0,0.0,0.013574515927794654,0.0,0.0,0.0,0,0.0,0.0
2021-02-13,3.802000045776367,0.0,31.25700569152832,0.0,0.0,0.0,0.007233109100417989,0.008329226840863789,1,0,0.0,10,,0.0,0.0,0.0,0.0,0.0,0.0,,0.0,0.0,0.0,0.008329226840863789,0.0,0.0,0.0,0,0.0,0.0
2021-02-14,3.802000045776367,0.0,31.25700569152832,0.0,0.0,0.0,0.00595940738368642,0.008198788000428113,1,0,0.0,10,,0.0,0.0,0.0,0.0,0.0,0.0,,0.0,0.0,0.0,0.008198788000428113,0.0,0.0,0.0,0,0.0,0.0
2021-02-15,3.802000045776367,0.0,31.25700569152832,0.0,0.0,0.0,0.0016688097857902374,0.0013130367352849435,1,0,0.0,10,,0.0,0.0,0.0,0.0,0.0,0.0,,0.0,0.0,0.0,0.0016688097857902374,0.0,0.0,0.0,0,0.0,0.0
2021-02-16,3.8480000495910645,0.012098896175921636,33.160240173339844,0.060889853001094174,-0.04879095682517254,0.04879095682517254,0.005251290520344393,0.027230770090083182,0,1,1.0,10,43.36923624804658,434.0,-10.0,-1670.032021522522,331.60240173339844,0.0,0.0,Opened,-1670.032021522522,331.60240173339844,0.0,0.027230770090083182,2001.6344232559204,0.0,0.0,0,0.0,2001.6344232559204
2021-02-17,3.8359999656677246,-0.0031185248879128658,33.690948486328125,0.016004356730050517,-0.019122881617963383,0.019122881617963383,0.00591563759154844,0.026368398390886894,0,1,0.0,10,45.07374586545895,-434.0,10.0,1664.8239850997925,-336.90948486328125,-5.208036422729492,-5.3070831298828125,Live,0.0,0.0,0.0,0.026368398390886894,2001.7334699630737,-10.515119552612305,-0.005253006811544335,0,0.0,0.0
2021-02-18,3.9165000915527344,0.0209854344644127,34.00205612182617,0.009234160790228207,0.011751273674184493,0.011751273674184493,0.010209150833125786,0.025324711827600172,1,0,-1.0,10,3.820203572377062,-434.0,10.0,1699.7610397338867,-340.0205612182617,29.729018211364746,-8.418159484863281,Closed,1699.7610397338867,-340.0205612182617,21.310858726501465,0.025324711827600172,2039.7816009521484,21.310858726501465,0.010447617880538673,0,21.310858726501465,0.0
2021-02-19,4.090000152587891,0.04429977198503532,35.99679183959961,0.05866514985524662,-0.014365377870211304,0.014365377870211304,0.019078073385452834,0.028712150987277946,0,0,0.0,10,11.655184854322233,0.0,0.0,0.0,0.0,0.0,0.0,,0.0,0.0,0.0,0.028712150987277946,0.0,0.0,0.0,0,0.0,0.0
2021-02-20,4.090000152587891,0.0,35.99679183959961,0.0,0.0,0.0,0.019078073385452834,0.028712150987277946,1,0,0.0,10,,0.0,0.0,0.0,0.0,0.0,0.0,,0.0,0.0,0.0,0.028712150987277946,0.0,0.0,0.0,0,0.0,0.0
2021-02-21,4.090000152587891,0.0,35.99679183959961,0.0,0.0,0.0,0.02024626012247786,0.024367210999458235,1,0,0.0,10,,0.0,0.0,0.0,0.0,0.0,0.0,,0.0,0.0,0.0,0.024367210999458235,0.0,0.0,0.0,0,0.0,0.0
2021-02-22,4.152500152587891,0.01528117302402876,36.91181564331055,0.025419593162308685,-0.010138420138279924,0.010138420138279924,0.018290600087775496,0.024654318526367444,0,0,0.0,10,14.786577140839313,0.0,0.0,0.0,0.0,0.0,0.0,,0.0,0.0,0.0,0.024654318526367444,0.0,0.0,0.0,0,0.0,0.0
2021-02-23,4.1875,0.008428620379531404,37.04906463623047,0.0037182942786180284,0.004710326100913376,0.004710326100913376,0.01831642358342334,0.025296771358869024,1,0,0.0,10,3.903100126463819,0.0,0.0,0.0,0.0,0.0,0.0,,0.0,0.0,0.0,0.025296771358869024,0.0,0.0,0.0,0,0.0,0.0
2021-02-24,4.301000118255615,0.027104505852087124,36.78371047973633,-0.007162236323630444,0.03426674217571757,0.03426674217571757,0.011432317418287131,0.012396503636402788,1,1,1.0,10,2.2599208761356047,-23.0,10.0,98.92300271987915,-367.8371047973633,0.0,0.0,Opened,98.92300271987915,-367.8371047973633,0.0,0.012396503636402788,466.76010751724243,0.0,0.0,0,0.0,466.76010751724243
2021-02-25,4.265999794006348,-0.008137717574270398,35.18243408203125,-0.04353221512514893,0.035394497550878534,0.035394497550878534,0.01361225964430156,0.025066889123765094,1,1,0.0,10,44.117734818926124,23.0,-10.0,-98.117995262146,351.8243408203125,0.8050074577331543,-16.01276397705078,Live,0.0,0.0,0.0,0.025066889123765094,449.9423360824585,-15.207756519317627,-0.03379934560443448,1,-15.207756519317627,0.0
2021-02-26,4.0945000648498535,-0.04020153245141933,33.83735275268555,-0.038231616556418935,-0.001969915895000396,0.001969915895000396,0.02607858610527682,0.02895282373628399,0,0,-1.0,10,7.859149496385963,23.0,-10.0,-94.17350149154663,338.37352752685547,4.7495012283325195,-29.463577270507812,Closed,-94.17350149154663,338.37352752685547,-24.714076042175293,0.02895282373628399,432.5470290184021,-24.714076042175293,-0.05713615950214715,1,0.0,0.0
2021-02-27,4.0945000648498535,0.0,33.83735275268555,0.0,0.0,0.0,0.024775401996856537,0.022190992874526794,1,0,0.0,10,,0.0,0.0,0.0,0.0,0.0,0.0,,0.0,0.0,0.0,0.024775401996856537,0.0,0.0,0.0,0,0.0,0.0
2021-02-28,4.0945000648498535,0.0,33.83735275268555,0.0,0.0,0.0,0.024118753202763535,0.02136842748777845,1,0,0.0,10,,0.0,0.0,0.0,0.0,0.0,0.0,,0.0,0.0,0.0,0.024118753202763535,0.0,0.0,0.0,0,0.0,0.0
2021-03-01,4.119500160217285,0.0061057748129131895,34.679176330566406,0.02487852947698599,-0.0187727546640728,0.0187727546640728,0.018458960284354266,0.02884642077353454,0,0,0.0,10,34.301109922801224,0.0,0.0,0.0,0.0,0.0,0.0,,0.0,0.0,0.0,0.02884642077353454,0.0,0.0,0.0,0,0.0,0.0
2021-03-02,4.231500148773193,0.02718776167009551,34.66086959838867,-0.0005278883213151175,0.02771564999141063,0.02771564999141063,0.02440836946868084,0.022596128561762754,1,1,1.0,10,0.15904268309033123,-2.0,10.0,8.463000297546387,-346.6086959838867,0.0,0.0,Opened,8.463000297546387,-346.6086959838867,0.0,0.02440836946868084,355.0716962814331,0.0,0.0,0,0.0,355.0716962814331
2021-03-03,4.1529998779296875,-0.018551404486247036,34.77981948852539,0.0034318207106451837,-0.02198322519689222,0.02198322519689222,0.016409931352280818,0.010915862894617883,0,0,-1.0,10,1.5492203797767405,2.0,-10.0,-8.305999755859375,347.7981948852539,0.15700054168701172,1.1894989013671875,Closed,-8.305999755859375,347.7981948852539,1.3464994430541992,0.016409931352280818,356.1041946411133,1.3464994430541992,0.003781195120184473,0,1.3464994430541992,0.0
2021-03-04,3.990999937057495,-0.039007932972285775,32.35502624511719,-0.06971839644562261,0.030710463473336835,0.030710463473336835,0.025122014720568565,0.035846644088213024,1,0,0.0,10,14.489536305965046,0.0,0.0,0.0,0.0,0.0,0.0,,0.0,0.0,0.0,0.035846644088213024,0.0,0.0,0.0,0,0.0,0.0
2021-03-05,4.086999893188477,0.02405411116136502,33.29749298095703,0.029128912729040835,-0.005074801567675813,0.005074801567675813,0.028376132643149355,0.039709387071564975,0,0,0.0,10,9.866017248972819,0.0,0.0,0.0,0.0,0.0,0.0,,0.0,0.0,0.0,0.039709387071564975,0.0,0.0,0.0,0,0.0,0.0
2021-03-06,4.086999893188477,0.0,33.29749298095703,0.0,0.0,0.0,0.028176080368430605,0.036868564738226105,1,0,0.0,10,,0.0,0.0,0.0,0.0,0.0,0.0,,0.0,0.0,0.0,0.036868564738226105,0.0,0.0,0.0,0,0.0,0.0
2021-03-07,4.086999893188477,0.0,33.29749298095703,0.0,0.0,0.0,0.02355766154089315,0.03689440123210611,1,0,0.0,10,,0.0,0.0,0.0,0.0,0.0,0.0,,0.0,0.0,0.0,0.03689440123210611,0.0,0.0,0.0,0,0.0,0.0
2021-03-08,4.103499889373779,0.004037190265848034,33.132789611816406,-0.004946419516773215,0.008983609782621249,0.008983609782621249,0.022872928512316287,0.03646543476055609,1,0,0.0,10,9.89271064313611,0.0,0.0,0.0,0.0,0.0,0.0,,0.0,0.0,0.0,0.03646543476055609,0.0,0.0,0.0,0,0.0,0.0
2021-03-09,4.019499778747559,-0.02047035771677319,33.22429656982422,0.002761824738571894,-0.023232182455345085,0.023232182455345085,0.015829710653160075,0.013559028769895185,0,1,1.0,10,1.1152043868060542,12.0,-10.0,-48.2339973449707,332.2429656982422,0.0,0.0,Opened,-48.2339973449707,332.2429656982422,0.0,0.015829710653160075,380.4769630432129,0.0,0.0,0,0.0,380.4769630432129
2021-03-10,4.041999816894531,0.005597720956706631,33.306640625,0.002478428851088843,0.003119292105617788,0.003119292105617788,0.010526010047243088,0.0030911196919531665,1,0,-1.0,10,3.6483773617722632,-12.0,10.0,48.503997802734375,-333.06640625,0.2700004577636719,-0.8234405517578125,Closed,48.503997802734375,-333.06640625,-0.5534400939941406,0.010526010047243088,381.5704040527344,-0.5534400939941406,-0.0014504272032525177,0,-0.5534400939941406,0.0
2021-03-11,4.14300012588501,0.024987707463103526,35.09093475341797,0.05357172308391478,-0.028584015620811254,0.028584015620811254,0.016209543148711956,0.024123988145150776,0,1,1.0,10,18.158885615405843,182.0,-10.0,-754.0260229110718,350.9093475341797,0.0,0.0,Opened,-754.0260229110718,350.9093475341797,0.0,0.024123988145150776,1104.9353704452515,0.0,0.0,0,0.0,1104.9353704452515
2021-03-12,4.145500183105469,0.0006034412610413931,34.834720611572266,-0.007301433935747337,0.00790487519678873,0.00790487519678873,0.016185428988460426,0.025138786212350293,1,0,-1.0,10,101.67368186127794,-182.0,10.0,754.4810333251953,-348.34720611572266,0.45501041412353516,2.5621414184570312,Closed,754.4810333251953,-348.34720611572266,3.0171518325805664,0.025138786212350293,1102.828239440918,3.0171518325805664,0.0027358311336950535,0,3.0171518325805664,0.0
2021-03-13,4.145500183105469,0.0,34.834720611572266,0.0,0.0,0.0,0.016218372227462863,0.0245272477793835,1,0,0.0,10,,0.0,0.0,0.0,0.0,0.0,0.0,,0.0,0.0,0.0,0.0245272477793835,0.0,0.0,0.0,0,0.0,0.0
2021-03-14,4.145500183105469,0.0,34.834720611572266,0.0,0.0,0.0,0.010741683144792638,0.024769414405438745,1,0,0.0,10,,0.0,0.0,0.0,0.0,0.0,0.0,,0.0,0.0,0.0,0.024769414405438745,0.0,0.0,0.0,0,0.0,0.0
2021-03-15,4.146500110626221,0.00024120793066839674,34.679176330566406,-0.004465208225444717,0.0047064161561131135,0.0047064161561131135,0.011083159712088949,0.025463923391747877,1,0,0.0,10,154.82362292361464,0.0,0.0,0.0,0.0,0.0,0.0,,0.0,0.0,0.0,0.025463923391747877,0.0,0.0,0.0,0,0.0,0.0
2021-03-16,4.078999996185303,-0.01627881650549956,33.974609375,-0.020316715392845075,0.004037898887345515,0.004037898887345515,0.007378676800535716,0.008368834745358534,1,0,0.0,10,10.395166172871006,0.0,0.0,0.0,0.0,0.0,0.0,,0.0,0.0,0.0,0.008368834745358534,0.0,0.0,0.0,0,0.0,0.0
2021-03-17,4.127999782562256,0.012012695862411826,34.35891342163086,0.011311507437482105,0.0007011884249297218,0.0007011884249297218,0.010076245896908075,0.011449528232003884,1,0,0.0,10,7.837539795763112,0.0,0.0,0.0,0.0,0.0,0.0,,0.0,0.0,0.0,0.011449528232003884,0.0,0.0,0.0,0,0.0,0.0
2021-03-18,4.117000102996826,-0.0026646511978744014,33.63604736328125,-0.021038676324802608,0.018374025126928206,0.018374025126928206,0.01009347837606911,0.013830289383688844,1,1,1.0,10,64.50629844828117,-646.0,10.0,2659.5820665359497,-336.3604736328125,0.0,0.0,Opened,2659.5820665359497,-336.3604736328125,0.0,0.013830289383688844,2995.942540168762,0.0,0.0,0,0.0,2995.942540168762
2021-03-19,4.123499870300293,0.0015787629683894355,33.132789611816406,-0.014961857617498353,0.01654062058588779,0.01654062058588779,0.010170198022057923,0.01357999735832202,1,1,0.0,10,76.14836871056983,646.0,-10.0,-2663.7809162139893,331.32789611816406,-4.198849678039551,-5.0325775146484375,Live,0.0,0.0,0.0,0.01357999735832202,2995.1088123321533,-9.231427192687988,-0.0030821675508676764,0,0.0,0.0
2021-03-20,4.123499870300293,0.0,33.132789611816406,0.0,0.0,0.0,0.010163276875899829,0.014160674851294562,1,1,0.0,10,,646.0,-10.0,-2663.7809162139893,331.32789611816406,-4.198849678039551,-5.0325775146484375,Live,0.0,0.0,0.0,0.014160674851294562,2995.1088123321533,-9.231427192687988,-0.0030821675508676764,0,0.0,0.0
2021-03-21,4.123499870300293,0.0,33.132789611816406,0.0,0.0,0.0,0.005701287034304131,0.012966530756366328,1,1,0.0,10,,646.0,-10.0,-2663.7809162139893,331.32789611816406,-4.198849678039551,-5.0325775146484375,Live,0.0,0.0,0.0,0.012966530756366328,2995.1088123321533,-9.231427192687988,-0.0030821675508676764,0,0.0,0.0
2021-03-22,4.14900016784668,0.006184139286641965,33.36154556274414,0.00690421644563699,-0.000720077158995025,0.000720077158995025,0.0032648891430229754,0.011670819928575733,0,0,-1.0,10,8.97713683709002,646.0,-10.0,-2680.254108428955,333.6154556274414,-20.67204189300537,-2.7450180053710938,Closed,-2680.254108428955,333.6154556274414,-23.417059898376465,0.011670819928575733,3013.8695640563965,-23.417059898376465,-0.0077697655458118815,0,-23.417059898376465,0.0
2021-03-23,4.0879998207092285,-0.014702420985707065,31.5772647857666,-0.05348315693653294,0.03878073595082587,0.03878073595082587,0.007862344911431068,0.024364520812180306,1,1,1.0,10,28.099061898611875,-281.0,10.0,1148.7279496192932,-315.772647857666,0.0,0.0,Opened,1148.7279496192932,-315.772647857666,0.0,0.024364520812180306,1464.5005974769592,0.0,0.0,0,0.0,1464.5005974769592
2021-03-24,4.071499824523926,-0.004036202766378838,31.074003219604492,-0.01593746543839203,0.011901262672013191,0.011901262672013191,0.0077326043201863025,0.024394973268907487,1,1,0.0,10,30.136240026366057,281.0,-10.0,-1144.0914506912231,310.7400321960449,4.636498928070068,-5.032615661621094,Live,0.0,0.0,0.0,0.024394973268907487,1454.831482887268,-0.3961167335510254,-0.00027227671260240363,0,0.0,0.0
2021-03-25,3.984999895095825,-0.021245224894051118,30.863548278808594,-0.006772701261198444,-0.014472523632852674,0.014472523632852674,0.011108231233756477,0.023705445010315886,0,0,-1.0,10,2.468983153122171,281.0,-10.0,-1119.7849705219269,308.63548278808594,28.942979097366333,-7.137165069580078,Closed,-1119.7849705219269,308.63548278808594,21.805814027786255,0.023705445010315886,1428.4204533100128,21.805814027786255,0.015265683137802072,0,21.805814027786255,0.0
2021-03-26,4.078499794006348,0.023462961448402764,32.2452278137207,0.04476735864686021,-0.021304397198457448,0.021304397198457448,0.017686125660962462,0.03567857108086248,0,0,0.0,10,15.084942144387224,0.0,0.0,0.0,0.0,0.0,0.0,,0.0,0.0,0.0,0.03567857108086248,0.0,0.0,0.0,0,0.0,0.0
2021-03-27,4.078499794006348,0.0,32.2452278137207,0.0,0.0,0.0,0.0171736303207874,0.035238184218211746,1,0,0.0,10,,0.0,0.0,0.0,0.0,0.0,0.0,,0.0,0.0,0.0,0.035238184218211746,0.0,0.0,0.0,0,0.0,0.0
2021-03-28,4.078499794006348,0.0,32.2452278137207,0.0,0.0,0.0,0.015949135631959096,0.023487681579235517,1,0,0.0,10,,0.0,0.0,0.0,0.0,0.0,0.0,,0.0,0.0,0.0,0.023487681579235517,0.0,0.0,0.0,0,0.0,0.0
2021-03-29,4.043000221252441,-0.00870407614242752,32.08967208862305,-0.004824147188424166,-0.0038799289540033532,0.0038799289540033532,0.016349438537537377,0.021524414796554918,0,0,0.0,10,4.399054906144586,0.0,0.0,0.0,0.0,0.0,0.0,,0.0,0.0,0.0,0.021524414796554918,0.0,0.0,0.0,0,0.0,0.0
2021-03-30,3.9830000400543213,-0.01484050900683187,32.33673095703125,0.007699015051506164,-0.022539524058338034,0.022539524058338034,0.014547429983665138,0.02020338634802696,0,1,1.0,10,4.21184300238907,43.0,-10.0,-171.26900172233582,323.3673095703125,0.0,0.0,Opened,-171.26900172233582,323.3673095703125,0.0,0.02020338634802696,494.6363112926483,0.0,0.0,0,0.0,494.6363112926483
2021-03-31,4.002999782562256,0.00502127599970148,32.53803253173828,0.00622516775039883,-0.00120389175069735,0.00120389175069735,0.007946575762084426,0.005117074670799947,0,1,0.0,10,10.077265201258289,-43.0,10.0,172.128990650177,-325.3803253173828,0.8599889278411865,-2.0130157470703125,Live,0.0,0.0,0.0,0.007946575762084426,497.5093159675598,-1.153026819229126,-0.0023175984493611157,0,0.0,0.0
2021-04-01,4.003499984741211,0.00012495683390589818,33.315792083740234,0.023903090982631214,-0.023778134148725316,0.023778134148725316,0.007961322163503657,0.010895141438729,0,1,0.0,10,1591.8581442539748,-43.0,10.0,172.15049934387207,-333.15792083740234,0.8814976215362549,-9.790611267089844,Live,0.0,0.0,0.0,0.010895141438729,505.3084201812744,-8.909113645553589,-0.017631041339777262,1,-8.909113645553589,0.0
2021-04-02,4.003499984741211,0.0,33.315792083740234,0.0,0.0,0.0,0.007961322163503657,0.010895141438729,1,0,-1.0,10,,-43.0,10.0,172.15049934387207,-333.15792083740234,0.8814976215362549,-9.790611267089844,Closed,172.15049934387207,-333.15792083740234,-8.909113645553589,0.010895141438729,505.3084201812744,-8.909113645553589,-0.017631041339777262,1,0.0,0.0
2021-04-03,4.003499984741211,0.0,33.315792083740234,0.0,0.0,0.0,0.007527843920287271,0.009787808442314933,1,0,0.0,10,,0.0,0.0,0.0,0.0,0.0,0.0,,0.0,0.0,0.0,0.009787808442314933,0.0,0.0,0.0,0,0.0,0.0
2021-04-04,4.003499984741211,0.0,33.315792083740234,0.0,0.0,0.0,0.0022322681514535918,0.010350942918252176,1,0,0.0,10,,0.0,0.0,0.0,0.0,0.0,0.0,,0.0,0.0,0.0,0.010350942918252176,0.0,0.0,0.0,0,0.0,0.0
2021-04-05,4.14900016784668,0.03634324557512736,34.26741027832031,0.028563577062438172,0.007779668512689186,0.007779668512689186,0.016239313068562262,0.014462757707085782,1,0,0.0,10,6.49122580994295,0.0,0.0,0.0,0.0,0.0,0.0,,0.0,0.0,0.0,0.016239313068562262,0.0,0.0,0.0,0,0.0,0.0
2021-04-06,4.126500129699707,-0.005423002467278781,34.50531005859375,0.006942449935411377,-0.012365452402690158,0.012365452402690158,0.017022251378155245,0.012368710068890789,0,0,0.0,10,10.704762238603486,0.0,0.0,0.0,0.0,0.0,0.0,,0.0,0.0,0.0,0.017022251378155245,0.0,0.0,0.0,0,0.0,0.0
2021-04-07,4.064000129699707,-0.015146007036366704,34.14846420288086,-0.01034176638630191,-0.004804240650064795,0.004804240650064795,0.01955681900969599,0.014529105919422506,0,0,0.0,10,5.737385509085972,0.0,0.0,0.0,0.0,0.0,0.0,,0.0,0.0,0.0,0.01955681900969599,0.0,0.0,0.0,0,0.0,0.0
2021-04-08,4.103499889373779,0.00971942874347076,34.65171813964844,0.014737234851256442,-0.005017806107785683,0.005017806107785683,0.01964767091667463,0.014746083384443326,0,0,0.0,10,12.803998405920648,0.0,0.0,0.0,0.0,0.0,0.0,,0.0,0.0,0.0,0.01964767091667463,0.0,0.0,0.0,0,0.0,0.0
2021-04-09,4.05049991607666,-0.012915797423161957,34.29486083984375,-0.010298401319280392,-0.002617396103881564,0.002617396103881564,0.021267854572042888,0.01672574513972657,0,0,0.0,10,6.75101393710608,0.0,0.0,0.0,0.0,0.0,0.0,,0.0,0.0,0.0,0.021267854572042888,0.0,0.0,0.0,0,0.0,0.0
2021-04-10,4.05049991607666,0.0,34.29486083984375,0.0,0.0,0.0,0.01008881760963517,0.010933626854070382,1,0,0.0,10,,0.0,0.0,0.0,0.0,0.0,0.0,,0.0,0.0,0.0,0.010933626854070382,0.0,0.0,0.0,0,0.0,0.0
2021-04-11,4.05049991607666,0.0,34.29486083984375,0.0,0.0,0.0,0.010288319808640088,0.010286233148319415,1,0,0.0,10,,0.0,0.0,0.0,0.0,0.0,0.0,,0.0,0.0,0.0,0.010288319808640088,0.0,0.0,0.0,0,0.0,0.0
2021-04-12,4.03000020980835,-0.005061031154931284,33.01384353637695,-0.037353039846090064,0.03229200869115878,0.03229200869115878,0.008265322500074949,0.01937668541753215,1,1,1.0,10,60.46136674492669,-605.0,10.0,2438.1501269340515,-330.13843536376953,0.0,0.0,Opened,2438.1501269340515,-330.13843536376953,0.0,0.01937668541753215,2768.288562297821,0.0,0.0,0,0.0,2768.288562297821
2021-04-13,4.043000221252441,0.0032258091233969832,33.66350555419922,0.019678472671817993,-0.01645266354842101,0.01645266354842101,0.006311085265969825,0.020808961704658457,0,0,-1.0,10,50.79351833783736,605.0,-10.0,-2446.015133857727,336.6350555419922,-7.865006923675537,6.496620178222656,Closed,-2446.015133857727,336.6350555419922,-1.3683867454528809,0.020808961704658457,2782.6501893997192,-1.3683867454528809,-0.0004917566536626269,0,-1.3683867454528809,0.0
2021-04-14,4.139999866485596,0.023991996023959183,35.063480377197266,0.041587315401363956,-0.017595319377404772,0.017595319377404772,0.011329731101345348,0.029144608288571724,0,0,0.0,10,14.680782344116777,0.0,0.0,0.0,0.0,0.0,0.0,,0.0,0.0,0.0,0.029144608288571724,0.0,0.0,0.0,0,0.0,0.0
2021-04-15,4.230500221252441,0.021859989779098754,36.4085578918457,0.038361209445802125,-0.01650121966670337,0.01650121966670337,0.013247639493737424,0.03243443349292234,0,0,0.0,10,15.102682475161735,0.0,0.0,0.0,0.0,0.0,0.0,,0.0,0.0,0.0,0.03243443349292234,0.0,0.0,0.0,0,0.0,0.0
2021-04-16,4.179999828338623,-0.01193721552362137,36.3628044128418,-0.001256668257496485,-0.010680547266124885,0.010680547266124885,0.01601696396408538,0.03255970039199229,0,0,0.0,10,0.9157959451700789,0.0,0.0,0.0,0.0,0.0,0.0,,0.0,0.0,0.0,0.03255970039199229,0.0,0.0,0.0,0,0.0,0.0
2021-04-17,4.179999828338623,0.0,36.3628044128418,0.0,0.0,0.0,0.015251995423864335,0.020338168295346803,1,0,0.0,10,,0.0,0.0,0.0,0.0,0.0,0.0,,0.0,0.0,0.0,0.020338168295346803,0.0,0.0,0.0,0,0.0,0.0
2021-04-18,4.179999828338623,0.0,36.3628044128418,0.0,0.0,0.0,0.015539705693737969,0.02215956198146064,1,0,0.0,10,,0.0,0.0,0.0,0.0,0.0,0.0,,0.0,0.0,0.0,0.02215956198146064,0.0,0.0,0.0,0,0.0,0.0
2021-04-19,4.25,0.016746453238300596,36.1797981262207,-0.005032788025460033,0.02177924126376063,0.02177924126376063,0.013770897071717029,0.017977563032677703,1,1,1.0,10,2.558367957008003,-26.0,10.0,110.5,-361.79798126220703,0.0,0.0,Opened,110.5,-361.79798126220703,0.0,0.017977563032677703,472.29798126220703,0.0,0.0,0,0.0,472.29798126220703
2021-04-20,4.223999977111816,-0.006117652444278532,35.08177947998047,-0.03034894341890937,0.024231290974630837,0.024231290974630837,0.01072408611640211,0.013033534349132115,1,1,0.0,10,41.201827816757195,26.0,-10.0,-109.82399940490723,350.8177947998047,0.6760005950927734,-10.980186462402344,Live,0.0,0.0,0.0,0.013033534349132115,460.6417942047119,-10.30418586730957,-0.022369194452056883,1,-10.30418586730957,0.0
2021-04-21,4.286499977111816,0.014796401595327247,35.65823745727539,0.016431834012977653,-0.0016354324176504065,0.0016354324176504065,0.010093496474882988,0.016915767559080495,0,0,-1.0,10,9.238191829173612,26.0,-10.0,-111.44899940490723,356.5823745727539,-0.9489994049072266,-5.215606689453125,Closed,-111.44899940490723,356.5823745727539,-6.164606094360352,0.016915767559080495,468.03137397766113,-6.164606094360352,-0.013171352257796684,0,0.0,0.0
2021-04-22,4.2804999351501465,-0.0013997531771160476,35.04518127441406,-0.01719255427573707,0.015792801098621023,0.015792801098621023,0.010287343372424953,0.017682767391072808,1,0,0.0,10,100.55941960519304,0.0,0.0,0.0,0.0,0.0,0.0,,0.0,0.0,0.0,0.017682767391072808,0.0,0.0,0.0,0,0.0,0.0
2021-04-23,4.3429999351501465,0.01460109822377742,35.88699722290039,0.024020875848655532,-0.009419777624878112,0.009419777624878112,0.010648382654113978,0.022691366033061766,0,0,0.0,10,13.594104818241865,0.0,0.0,0.0,0.0,0.0,0.0,,0.0,0.0,0.0,0.022691366033061766,0.0,0.0,0.0,0,0.0,0.0
2021-04-24,4.3429999351501465,0.0,35.88699722290039,0.0,0.0,0.0,0.009692301654874046,0.022658330433565667,1,0,0.0,10,,0.0,0.0,0.0,0.0,0.0,0.0,,0.0,0.0,0.0,0.022658330433565667,0.0,0.0,0.0,0,0.0,0.0
2021-04-25,4.3429999351501465,0.0,35.88699722290039,0.0,0.0,0.0,0.008326315437539672,0.01608092503958266,1,0,0.0,10,,0.0,0.0,0.0,0.0,0.0,0.0,,0.0,0.0,0.0,0.01608092503958266,0.0,0.0,0.0,0,0.0,0.0
2021-04-26,4.447999954223633,0.02417684104106632,37.158870697021484,0.03544106703108274,-0.011264225990016419,0.011264225990016419,0.011404442796345522,0.021043498929426887,0,0,0.0,10,12.24630203516986,0.0,0.0,0.0,0.0,0.0,0.0,,0.0,0.0,0.0,0.021043498929426887,0.0,0.0,0.0,0,0.0,0.0
2021-04-27,4.743000030517578,0.06632196028100812,37.06736755371094,-0.0024624845048878408,0.06878444478589596,0.06878444478589596,0.02732725905881969,0.01724346171574723,1,1,1.0,10,0.29017150965013,-3.0,10.0,14.229000091552734,-370.6736755371094,0.0,0.0,Opened,14.229000091552734,-370.6736755371094,0.0,0.02732725905881969,384.9026756286621,0.0,0.0,0,0.0,384.9026756286621
2021-04-28,4.5370001792907715,-0.04343239508778307,37.18631362915039,0.0032089161785524567,-0.04664131126633553,0.04664131126633553,0.040082557559802806,0.015894363724118198,0,0,-1.0,10,0.6055624326701031,3.0,-10.0,-13.611000537872314,371.8631362915039,0.6179995536804199,1.1894607543945312,Closed,-13.611000537872314,371.8631362915039,1.8074603080749512,0.040082557559802806,385.4741368293762,1.8074603080749512,0.00468892757096955,0,1.8074603080749512,0.0
2021-04-29,4.493000030517578,-0.009698070759184163,37.12226486206055,-0.0017223747351938767,-0.007975696023990286,0.007975696023990286,0.04087868967602802,0.01610766763035987,0,0,0.0,10,1.4673723840069286,0.0,0.0,0.0,0.0,0.0,0.0,,0.0,0.0,0.0,0.04087868967602802,0.0,0.0,0.0,0,0.0,0.0
2021-04-30,4.479000091552734,-0.003115944551469574,36.106597900390625,-0.027360048354914568,0.024244103803444994,0.024244103803444994,0.04104452287273762,0.022438095987033006,1,0,0.0,10,70.78359857634284,0.0,0.0,0.0,0.0,0.0,0.0,,0.0,0.0,0.0,0.04104452287273762,0.0,0.0,0.0,0,0.0,0.0
2021-05-01,4.479000091552734,0.0,36.106597900390625,0.0,0.0,0.0,0.0399012333906724,0.012321871933465695,1,0,0.0,10,,0.0,0.0,0.0,0.0,0.0,0.0,,0.0,0.0,0.0,0.0399012333906724,0.0,0.0,0.0,0,0.0,0.0
2021-05-02,4.479000091552734,0.0,36.106597900390625,0.0,0.0,0.0,0.018421474516290646,0.012529448229792428,1,0,0.0,10,,0.0,0.0,0.0,0.0,0.0,0.0,,0.0,0.0,0.0,0.018421474516290646,0.0,0.0,0.0,0,0.0,0.0
2021-05-03,4.543000221252441,0.014288932438382806,36.6007080078125,0.013684759466538576,0.0006041729718442301,0.0006041729718442301,0.008767841824244858,0.014928109838119005,1,0,0.0,10,7.715856004042893,0.0,0.0,0.0,0.0,0.0,0.0,,0.0,0.0,0.0,0.014928109838119005,0.0,0.0,0.0,0,0.0,0.0
2021-05-04,4.535999774932861,-0.001540930217619474,37.06736755371094,0.012750014174557123,-0.014290944392176597,0.014290944392176597,0.007030324665745406,0.01656982590759835,0,0,0.0,10,67.6155236741256,0.0,0.0,0.0,0.0,0.0,0.0,,0.0,0.0,0.0,0.01656982590759835,0.0,0.0,0.0,0,0.0,0.0
2021-05-05,4.539000034332275,0.0006614328810143899,38.47649383544922,0.03801527798531801,-0.03735384510430362,0.03735384510430362,0.006538787343050879,0.015526067052540534,0,1,1.0,10,487.20046490889206,4873.0,-10.0,-22118.547167301178,384.7649383544922,0.0,0.0,Opened,-22118.547167301178,384.7649383544922,0.0,0.015526067052540534,22503.31210565567,0.0,0.0,0,0.0,22503.31210565567
2021-05-06,4.61899995803833,0.01762501059725663,39.16276168823242,0.017836028815882532,-0.00021101821862590242,0.00021101821862590242,0.009013866875604404,0.01377426023802367,0,1,0.0,10,8.580135178193064,-4873.0,10.0,22508.386795520782,-391.6276168823242,389.8396282196045,-6.862678527832031,Live,0.0,0.0,0.0,0.01377426023802367,22900.014412403107,382.97694969177246,0.01672387374063592,0,0.0,0.0
2021-05-07,4.765999794006348,0.031825035138222324,40.562740325927734,0.03574769953253765,-0.003922664394315323,0.003922664394315323,0.013603276659475584,0.01229455332829849,0,1,0.0,10,9.559880754443233,-4873.0,10.0,23224.716996192932,-405.62740325927734,1106.1698288917542,-20.862464904785156,Live,0.0,0.0,0.0,0.013603276659475584,23630.34439945221,1085.307363986969,0.045928546179467795,0,0.0,0.0
2021-05-08,4.765999794006348,0.0,40.562740325927734,0.0,0.0,0.0,0.014615626783862903,0.01601563729089368,1,0,-1.0,10,,-4873.0,10.0,23224.716996192932,-405.62740325927734,1106.1698288917542,-20.862464904785156,Closed,23224.716996192932,-405.62740325927734,1085.307363986969,0.01601563729089368,23630.34439945221,1085.307363986969,0.045928546179467795,0,1085.307363986969,0.0
2021-05-09,4.765999794006348,0.0,40.562740325927734,0.0,0.0,0.0,0.014332474452552897,0.018460144323819185,1,0,0.0,10,,0.0,0.0,0.0,0.0,0.0,0.0,,0.0,0.0,0.0,0.018460144323819185,0.0,0.0,0.0,0,0.0,0.0
2021-05-10,4.733500003814697,-0.006819091816269385,41.17579650878906,0.01511377628669397,-0.021932868102963354,0.021932868102963354,0.015862646586311275,0.014837273594022416,0,1,1.0,10,19.279957783029076,193.0,-10.0,-913.5655007362366,411.7579650878906,0.0,0.0,Opened,-913.5655007362366,411.7579650878906,0.0,0.015862646586311275,1325.3234658241272,0.0,0.0,0,0.0,1325.3234658241272
2021-05-11,4.778500080108643,0.009506723620509083,41.17579650878906,0.0,0.009506723620509083,0.009506723620509083,0.015095411826514369,0.015723758385090037,1,0,-1.0,10,0.0,-193.0,10.0,922.250515460968,-411.7579650878906,8.685014724731445,0.0,Closed,922.250515460968,-411.7579650878906,8.685014724731445,0.015723758385090037,1334.0084805488586,8.685014724731445,0.006510464402113936,0,8.685014724731445,0.0
2021-05-12,4.752500057220459,-0.005441042681240793,39.50130844116211,-0.04066680452118343,0.03522576183994264,0.03522576183994264,0.006421964231507035,0.020926202314430126,1,1,1.0,10,62.1222627514855,-622.0,10.0,2956.0550355911255,-395.0130844116211,0.0,0.0,Opened,2956.0550355911255,-395.0130844116211,0.0,0.020926202314430126,3351.0681200027466,0.0,0.0,0,0.0,3351.0681200027466
2021-05-13,4.70550012588501,-0.00988951725819387,38.3392448425293,-0.029418357125150063,0.019528839866956194,0.019528839866956194,0.007620967423633207,0.023147809388145327,1,1,0.0,10,24.237124191145384,622.0,-10.0,-2926.821078300476,383.39244842529297,29.233957290649414,-11.620635986328125,Live,0.0,0.0,0.0,0.023147809388145327,3310.213526725769,17.61332130432129,0.005320901857875963,0,0.0,0.0
2021-05-14,4.664000034332275,-0.008819485802251226,38.42159652709961,0.0021479735688210155,-0.010967459371072241,0.010967459371072241,0.007904770579629577,0.0234211772940597,0,0,-1.0,10,2.006330751287823,622.0,-10.0,-2901.0080213546753,384.2159652709961,55.047014236450195,-10.797119140625,Closed,-2901.0080213546753,384.2159652709961,44.249895095825195,0.0234211772940597,3285.2239866256714,44.249895095825195,0.0134693692959655,0,44.249895095825195,0.0
2021-05-15,4.664000034332275,0.0,38.42159652709961,0.0,0.0,0.0,0.007948006736332463,0.02000468827289927,1,0,0.0,10,,0.0,0.0,0.0,0.0,0.0,0.0,,0.0,0.0,0.0,0.02000468827289927,0.0,0.0,0.0,0,0.0,0.0
2021-05-16,4.664000034332275,0.0,38.42159652709961,0.0,0.0,0.0,0.004704941152931794,0.02000468827289927,1,0,0.0,10,,0.0,0.0,0.0,0.0,0.0,0.0,,0.0,0.0,0.0,0.02000468827289927,0.0,0.0,0.0,0,0.0,0.0
2021-05-17,4.721499919891357,0.012328448785552837,38.85165023803711,0.011193020327361358,0.0011354284581914786,0.0011354284581914786,0.008936361624051124,0.015359369361766628,1,0,0.0,10,7.470821170318998,0.0,0.0,0.0,0.0,0.0,0.0,,0.0,0.0,0.0,0.015359369361766628,0.0,0.0,0.0,0,0.0,0.0
2021-05-18,4.735499858856201,0.0029651465005564592,39.226806640625,0.009656125294276396,-0.006690978793719937,0.006690978793719937,0.007585895700609046,0.005416750686246268,0,0,0.0,10,26.97577082814693,0.0,0.0,0.0,0.0,0.0,0.0,,0.0,0.0,0.0,0.007585895700609046,0.0,0.0,0.0,0,0.0,0.0
2021-05-19,4.5894999504089355,-0.03083093924587932,37.23207092285156,-0.05085134092224586,0.02002040167636654,0.02002040167636654,0.016302206495947272,0.02561423914918608,1,0,0.0,10,13.380350124649233,0.0,0.0,0.0,0.0,0.0,0.0,,0.0,0.0,0.0,0.02561423914918608,0.0,0.0,0.0,0,0.0,0.0
2021-05-20,4.581999778747559,-0.0016342023624400515,37.039913177490234,-0.005161081309699278,0.0035268789472592266,0.0035268789472592266,0.016240595545985264,0.025415196680473883,1,0,0.0,10,25.5299381880718,0.0,0.0,0.0,0.0,0.0,0.0,,0.0,0.0,0.0,0.025415196680473883,0.0,0.0,0.0,0,0.0,0.0
2021-05-21,4.495999813079834,-0.018769089877876843,36.58240509033203,-0.012351759167627763,-0.006417330710249081,0.006417330710249081,0.017377665580585663,0.025159741270344302,0,0,0.0,10,5.354655947054445,0.0,0.0,0.0,0.0,0.0,0.0,,0.0,0.0,0.0,0.025159741270344302,0.0,0.0,0.0,0,0.0,0.0
2021-05-22,4.495999813079834,0.0,36.58240509033203,0.0,0.0,0.0,0.014562858130256439,0.023286128777542135,1,0,0.0,10,,0.0,0.0,0.0,0.0,0.0,0.0,,0.0,0.0,0.0,0.023286128777542135,0.0,0.0,0.0,0,0.0,0.0
2021-05-23,4.495999813079834,0.0,36.58240509033203,0.0,0.0,0.0,0.013968776537264251,0.02139117416555322,1,0,0.0,10,,0.0,0.0,0.0,0.0,0.0,0.0,,0.0,0.0,0.0,0.02139117416555322,0.0,0.0,0.0,0,0.0,0.0
2021-05-24,4.541500091552734,0.01012016912023217,36.56410217285156,-0.0005003202341473667,0.010620489354379536,0.010620489354379536,0.010442924051801288,0.005351594234282147,1,1,1.0,10,0.3980300705294524,-4.0,10.0,18.166000366210938,-365.6410217285156,0.0,0.0,Opened,18.166000366210938,-365.6410217285156,0.0,0.010442924051801288,383.80702209472656,0.0,0.0,0,0.0,383.80702209472656
2021-05-25,4.521999835968018,-0.0042937917409684445,36.01509475708008,-0.01501492948400951,0.010721137743041065,0.010721137743041065,0.010483683083921135,0.007465760936325573,1,1,0.0,10,27.85071442319434,4.0,-10.0,-18.08799934387207,360.1509475708008,0.07800102233886719,-5.490074157714844,Live,0.0,0.0,0.0,0.010483683083921135,378.23894691467285,-5.412073135375977,-0.01430860882921422,1,-5.412073135375977,0.0
2021-05-26,4.5329999923706055,0.0024325866434342647,36.50004959106445,0.013465321617376569,-0.011032734973942304,0.011032734973942304,0.005318125867471533,0.010076865496797332,0,0,-1.0,10,44.57138703520509,4.0,-10.0,-18.131999969482422,365.00049591064453,0.034000396728515625,-0.6405258178710938,Closed,-18.131999969482422,365.00049591064453,-0.6065254211425781,0.010076865496797332,383.13249588012695,-0.6065254211425781,-0.0015830696369131413,0,0.0,0.0
2021-05-27,4.666500091552734,0.029450716833624435,37.85428237915039,0.037102217757464695,-0.00765150092384026,0.00765150092384026,0.013320216442234663,0.019607748943293823,0,0,0.0,10,10.219455074072126,0.0,0.0,0.0,0.0,0.0,0.0,,0.0,0.0,0.0,0.019607748943293823,0.0,0.0,0.0,0,0.0,0.0
2021-05-28,4.682499885559082,0.003428649671583628,37.73533248901367,-0.0031423100019519756,0.0065709596735356035,0.0065709596735356035,0.012917041661840122,0.01993622725319074,1,0,0.0,10,7.3857792097429655,0.0,0.0,0.0,0.0,0.0,0.0,,0.0,0.0,0.0,0.01993622725319074,0.0,0.0,0.0,0,0.0,0.0
2021-05-29,4.682499885559082,0.0,37.73533248901367,0.0,0.0,0.0,0.013332565567576449,0.019894258974402806,1,0,0.0,10,,0.0,0.0,0.0,0.0,0.0,0.0,,0.0,0.0,0.0,0.019894258974402806,0.0,0.0,0.0,0,0.0,0.0
2021-05-30,4.682499885559082,0.0,37.73533248901367,0.0,0.0,0.0,0.012605862042401259,0.01671775317376591,1,0,0.0,10,,0.0,0.0,0.0,0.0,0.0,0.0,,0.0,0.0,0.0,0.01671775317376591,0.0,0.0,0.0,0,0.0,0.0
2021-05-31,4.682499885559082,0.0,37.73533248901367,0.0,0.0,0.0,0.012873323310513286,0.016998482341948187,1,0,0.0,10,,0.0,0.0,0.0,0.0,0.0,0.0,,0.0,0.0,0.0,0.016998482341948187,0.0,0.0,0.0,0,0.0,0.0
2021-06-01,4.6620001792907715,-0.004377940580742368,38.36669158935547,0.016731245193761346,-0.021109185774503714,0.021109185774503714,0.0027722631392473308,0.007951050967524336,0,1,1.0,10,31.45143505499255,315.0,-10.0,-1468.530056476593,383.6669158935547,0.0,0.0,Opened,-1468.530056476593,383.6669158935547,0.0,0.007951050967524336,1852.1969723701477,0.0,0.0,0,0.0,1852.1969723701477
2021-06-02,4.599999904632568,-0.013299071701802334,37.90003204345703,-0.012163142730500898,-0.0011359289713014364,0.0011359289713014364,0.005777895793685236,0.010292024761840086,0,1,0.0,10,7.53539859820482,-315.0,10.0,1448.999969959259,-379.0003204345703,-19.530086517333984,4.666595458984375,Live,0.0,0.0,0.0,0.010292024761840086,1828.0002903938293,-14.86349105834961,-0.008131011322294364,0,0.0,0.0
2021-06-03,4.471499919891357,-0.02793477987071291,36.88436508178711,-0.026798577914270205,-0.0011362019564427062,0.0011362019564427062,0.01183529131028238,0.016180247041438434,0,1,0.0,10,7.913262633671828,-315.0,10.0,1408.5224747657776,-368.8436508178711,-60.00758171081543,14.823265075683594,Live,0.0,0.0,0.0,0.016180247041438434,1777.3661255836487,-45.184316635131836,-0.02542206469716209,1,-45.184316635131836,0.0
2021-06-04,4.537499904632568,0.014760144453455526,37.52487564086914,0.017365367620176375,-0.002605223166720849,0.002605223166720849,0.015842037664168317,0.01899251512297832,0,1,0.0,10,9.729622861968766,-315.0,10.0,1429.312469959259,-375.2487564086914,-39.217586517333984,8.418159484863281,Live,0.0,0.0,0.0,0.01899251512297832,1804.5612263679504,-30.799427032470703,-0.01706754339084458,0,0.0,0.0
2021-06-05,4.537499904632568,0.0,37.52487564086914,0.0,0.0,0.0,0.015842037664168317,0.01899251512297832,1,0,-1.0,10,,-315.0,10.0,1429.312469959259,-375.2487564086914,-39.217586517333984,8.418159484863281,Closed,1429.312469959259,-375.2487564086914,-30.799427032470703,0.01899251512297832,1804.5612263679504,-30.799427032470703,-0.01706754339084458,0,0.0,0.0
2021-06-06,4.537499904632568,0.0,37.52487564086914,0.0,0.0,0.0,0.016084990403452137,0.016388878234194538,1,0,0.0,10,,0.0,0.0,0.0,0.0,0.0,0.0,,0.0,0.0,0.0,0.016388878234194538,0.0,0.0,0.0,0,0.0,0.0
2021-06-07,4.534999847412109,-0.0005509768094774659,36.68305969238281,-0.022433543992068206,0.02188256718259074,0.02188256718259074,0.01549870059034711,0.018165115338941586,1,1,1.0,10,329.34634155941734,-3294.0,10.0,14938.289497375488,-366.8305969238281,0.0,0.0,Opened,14938.289497375488,-366.8305969238281,0.0,0.018165115338941586,15305.120094299316,0.0,0.0,0,0.0,15305.120094299316
2021-06-08,4.563000202178955,0.006174279097897584,36.536659240722656,-0.003990955304378763,0.010165234402276346,0.010165234402276346,0.006580087041491421,0.014180391739333801,1,1,0.0,10,5.175698311877261,3294.0,-10.0,-15030.522665977478,365.36659240722656,-92.23316860198975,-1.4640045166015625,Live,0.0,0.0,0.0,0.014180391739333801,15395.889258384705,-93.69717311859131,-0.006085856526121945,0,0.0,0.0
2021-06-09,4.536499977111816,-0.005807631797711488,36.3628044128418,-0.004758366842885442,-0.0010492649548260458,0.0010492649548260458,0.004246972140463903,0.009318790790177174,0,0,-1.0,10,6.567427741978098,3294.0,-10.0,-14943.230924606323,363.62804412841797,-4.941427230834961,-3.2025527954101562,Closed,-14943.230924606323,363.62804412841797,-8.143980026245117,0.009318790790177174,15306.858968734741,-8.143980026245117,-0.0005320477599538696,0,-8.143980026245117,0.0
2021-06-10,4.489999771118164,-0.01025023833974692,36.28960037231445,-0.0020131571728139175,-0.008237081166933002,0.008237081166933002,0.00623388381555765,0.009020688504091693,0,0,0.0,10,1.5873751814841923,0.0,0.0,0.0,0.0,0.0,0.0,,0.0,0.0,0.0,0.009020688504091693,0.0,0.0,0.0,0,0.0,0.0
2021-06-11,4.541500091552734,0.011470005135823191,36.637306213378906,0.009581418298828082,0.0018885868369951098,0.0018885868369951098,0.008783049907115986,0.011469090414344452,1,0,0.0,10,6.7389214685937215,0.0,0.0,0.0,0.0,0.0,0.0,,0.0,0.0,0.0,0.011469090414344452,0.0,0.0,0.0,0,0.0,0.0
2021-06-12,4.541500091552734,0.0,36.637306213378906,0.0,0.0,0.0,0.008774613543868862,0.005791096110525958,1,0,0.0,10,,0.0,0.0,0.0,0.0,0.0,0.0,,0.0,0.0,0.0,0.008774613543868862,0.0,0.0,0.0,0,0.0,0.0
2021-06-13,4.541500091552734,0.0,36.637306213378906,0.0,0.0,0.0,0.008157010633200294,0.005406462157792236,1,0,0.0,10,,0.0,0.0,0.0,0.0,0.0,0.0,,0.0,0.0,0.0,0.008157010633200294,0.0,0.0,0.0,0,0.0,0.0
2021-06-14,4.5320000648498535,-0.002091825720878182,36.152347564697266,-0.013236744149725421,0.01114491842884724,0.01114491842884724,0.007759704268370817,0.008133901802745529,1,1,1.0,10,50.47801542542852,-505.0,10.0,2288.660032749176,-361.52347564697266,0.0,0.0,Opened,2288.660032749176,-361.52347564697266,0.0,0.008133901802745529,2650.1835083961487,0.0,0.0,0,0.0,2650.1835083961487
2021-06-15,4.340000152587891,-0.042365381622809783,34.54191589355469,-0.044545701168107854,0.0021803195452980706,0.0021803195452980706,0.02069499462918591,0.021134489961455113,1,1,0.0,10,8.368571943524488,505.0,-10.0,-2191.7000770568848,345.4191589355469,96.95995569229126,-16.10431671142578,Live,0.0,0.0,0.0,0.021134489961455113,2537.1192359924316,80.85563898086548,0.03186907333081553,0,0.0,0.0
2021-06-16,4.392499923706055,0.012096721030495639,33.56285095214844,-0.02834425700135923,0.04044097803185487,0.04044097803185487,0.020833217104525705,0.01923126375675157,1,1,0.0,10,17.903770144394084,505.0,-10.0,-2218.2124614715576,335.6285095214844,70.44757127761841,-25.89496612548828,Live,0.0,0.0,0.0,0.020833217104525705,2553.840970993042,44.55260515213013,0.01744533260221218,0,0.0,0.0
2021-06-17,4.184500217437744,-0.0473533773206799,31.934120178222656,-0.048527783776411315,0.0011744064557314138,0.0011744064557314138,0.027004695365663904,0.020563970107439385,1,1,0.0,10,7.820794229384373,505.0,-10.0,-2113.172609806061,319.34120178222656,175.48742294311523,-42.182273864746094,Live,0.0,0.0,0.0,0.027004695365663904,2432.5138115882874,133.30514907836914,0.054801394525825435,0,0.0,0.0
2021-06-18,4.162499904632568,-0.005257572389050336,31.72365379333496,-0.006590642977263639,0.0013330705882133032,0.0013330705882133032,0.02632245893587705,0.018515350853713464,1,1,0.0,10,9.553697590853508,505.0,-10.0,-2102.062451839447,317.2365379333496,186.597580909729,-44.28693771362305,Live,0.0,0.0,0.0,0.02632245893587705,2419.2989897727966,142.31064319610596,0.058823090406643276,0,0.0,0.0
2021-06-19,4.162499904632568,0.0,31.72365379333496,0.0,0.0,0.0,0.026633318747731113,0.021845305265062558,1,1,0.0,10,,505.0,-10.0,-2102.062451839447,317.2365379333496,186.597580909729,-44.28693771362305,Live,0.0,0.0,0.0,0.026633318747731113,2419.2989897727966,142.31064319610596,0.058823090406643276,0,0.0,0.0
2021-06-20,4.162499904632568,0.0,31.72365379333496,0.0,0.0,0.0,0.022847508210392213,0.0212636742012311,1,1,0.0,10,,505.0,-10.0,-2102.062451839447,317.2365379333496,186.597580909729,-44.28693771362305,Live,0.0,0.0,0.0,0.022847508210392213,2419.2989897727966,142.31064319610596,0.058823090406643276,0,0.0,0.0
2021-06-21,4.1875,0.006006029054705486,32.8948860168457,0.03691984003925852,-0.030913810984553036,0.030913810984553036,0.021631302955754432,0.030394157538694348,0,0,-1.0,10,48.28874825571523,505.0,-10.0,-2114.6875,328.94886016845703,173.97253274917603,-32.574615478515625,Closed,-2114.6875,328.94886016845703,141.3979172706604,0.030394157538694348,2443.636360168457,141.3979172706604,0.05786373110805768,0,141.3979172706604,0.0
2021-06-22,4.234499931335449,0.011223864199510158,33.35239028930664,0.013908066810951913,-0.002684202611441755,0.002684202611441755,0.006344727862986357,0.017382163147916435,0,0,0.0,10,9.759986095423251,0.0,0.0,0.0,0.0,0.0,0.0,,0.0,0.0,0.0,0.017382163147916435,0.0,0.0,0.0,0,0.0,0.0
2021-06-23,4.330999851226807,0.02278897661026158,33.99290466308594,0.019204451861570382,0.003584524748691198,0.003584524748691198,0.009501091759267305,0.015365656745634016,1,0,0.0,10,6.614198138066105,0.0,0.0,0.0,0.0,0.0,0.0,,0.0,0.0,0.0,0.015365656745634016,0.0,0.0,0.0,0,0.0,0.0
2021-06-24,4.311500072479248,-0.0045023734512562585,34.16676330566406,0.0051145568259403085,-0.009616930277196567,0.009616930277196567,0.010599198445148702,0.014335853574210319,0,0,0.0,10,9.002060651482138,0.0,0.0,0.0,0.0,0.0,0.0,,0.0,0.0,0.0,0.014335853574210319,0.0,0.0,0.0,0,0.0,0.0
2021-06-25,4.298999786376953,-0.00289928931744321,34.53276443481445,0.010712197871248552,-0.013611487188691762,0.013611487188691762,0.01114995261215387,0.012164212735822572,0,1,1.0,10,29.67911546421946,297.0,-10.0,-1276.802936553955,345.32764434814453,0.0,0.0,Opened,-1276.802936553955,345.32764434814453,0.0,0.012164212735822572,1622.1305809020996,0.0,0.0,0,0.0,1622.1305809020996
2021-06-26,4.298999786376953,0.0,34.53276443481445,0.0,0.0,0.0,0.011536451668582748,0.007485730974473285,1,0,-1.0,10,,-297.0,10.0,1276.802936553955,-345.32764434814453,0.0,0.0,Closed,1276.802936553955,-345.32764434814453,0.0,0.011536451668582748,1622.1305809020996,0.0,0.0,0,0.0,0.0
2021-06-27,4.298999786376953,0.0,34.53276443481445,0.0,0.0,0.0,0.011187725581324836,0.00812840327907987,1,0,0.0,10,,0.0,0.0,0.0,0.0,0.0,0.0,,0.0,0.0,0.0,0.011187725581324836,0.0,0.0,0.0,0,0.0,0.0
2021-06-28,4.2779998779296875,-0.004884835889923056,34.06610870361328,-0.013513419468112686,0.00862858357818963,0.00862858357818963,0.0023636442760402296,0.008978475323005749,1,0,0.0,10,22.02911449157043,0.0,0.0,0.0,0.0,0.0,0.0,,0.0,0.0,0.0,0.008978475323005749,0.0,0.0,0.0,0,0.0,0.0
2021-06-29,4.276500225067139,-0.0003505500012483953,33.88322830200195,-0.005368397171583328,0.0050178471703349325,0.0050178471703349325,0.002188366820894386,0.008843568891876277,1,0,0.0,10,121.33635619894618,0.0,0.0,0.0,0.0,0.0,0.0,,0.0,0.0,0.0,0.008843568891876277,0.0,0.0,0.0,0,0.0,0.0
2021-06-30,4.296500205993652,0.004676716911946377,34.14054489135742,0.007594217028613626,-0.0029175001166672487,0.0029175001166672487,0.003383554560062199,0.007804203117466298,0,0,0.0,10,12.903203103833073,0.0,0.0,0.0,0.0,0.0,0.0,,0.0,0.0,0.0,0.007804203117466298,0.0,0.0,0.0,0,0.0,0.0
2021-07-01,4.242000102996826,-0.012684766759884725,33.984317779541016,-0.004575999367132377,-0.008108767392752347,0.008108767392752347,0.006551369661506493,0.007741339384925208,0,1,1.0,10,2.8900898915545112,29.0,-10.0,-123.01800298690796,339.84317779541016,0.0,0.0,Opened,-123.01800298690796,339.84317779541016,0.0,0.007741339384925208,462.8611807823181,0.0,0.0,0,0.0,462.8611807823181
2021-07-02,4.2820000648498535,0.009429505158373042,34.1956901550293,0.006219703360222484,0.0032098017981505578,0.0032098017981505578,0.00855520090411185,0.008805223758510013,1,0,-1.0,10,5.267511270223911,-29.0,10.0,124.17800188064575,-341.95690155029297,1.159998893737793,-2.1137237548828125,Closed,124.17800188064575,-341.95690155029297,-0.9537248611450195,0.008805223758510013,466.1349034309387,-0.9537248611450195,-0.0020460275643922484,0,-0.9537248611450195,0.0
2021-07-03,4.2820000648498535,0.0,34.1956901550293,0.0,0.0,0.0,0.008239904035030863,0.005981673210761472,1,0,0.0,10,,0.0,0.0,0.0,0.0,0.0,0.0,,0.0,0.0,0.0,0.008239904035030863,0.0,0.0,0.0,0,0.0,0.0
2021-07-04,4.2820000648498535,0.0,34.1956901550293,0.0,0.0,0.0,0.008235387806883057,0.005005716117954177,1,0,0.0,10,,0.0,0.0,0.0,0.0,0.0,0.0,,0.0,0.0,0.0,0.008235387806883057,0.0,0.0,0.0,0,0.0,0.0
2021-07-05,4.2820000648498535,0.0,34.1956901550293,0.0,0.0,0.0,0.007869236457014183,0.0038433100165666725,1,0,0.0,10,,0.0,0.0,0.0,0.0,0.0,0.0,,0.0,0.0,0.0,0.007869236457014183,0.0,0.0,0.0,0,0.0,0.0
2021-07-06,4.257999897003174,-0.005604896656516312,33.29507064819336,-0.026337222695400953,0.02073232603888464,0.02073232603888464,0.005417677270369566,0.012761182276302206,1,1,1.0,10,36.74317325842832,-368.0,10.0,1566.943962097168,-332.9507064819336,0.0,0.0,Opened,1566.943962097168,-332.9507064819336,0.0,0.012761182276302206,1899.8946685791016,0.0,0.0,0,0.0,1899.8946685791016
2021-07-07,4.328999996185303,0.016674518764572932,34.00269317626953,0.021253071830156012,-0.00457855306558308,0.00457855306558308,0.00844018862107487,0.016883221282687644,0,0,-1.0,10,10.011384294394652,368.0,-10.0,-1593.0719985961914,340.0269317626953,-26.128036499023438,7.076225280761719,Closed,-1593.0719985961914,340.0269317626953,-19.05181121826172,0.016883221282687644,1933.0989303588867,-19.05181121826172,-0.009855580032173874,0,-19.05181121826172,0.0
2021-07-08,4.271500110626221,-0.013282486858339215,33.24912643432617,-0.02216197223075478,0.008879485372415563,0.008879485372415563,0.011010217364131231,0.01928746438706482,1,0,0.0,10,12.987597740748967,0.0,0.0,0.0,0.0,0.0,0.0,,0.0,0.0,0.0,0.01928746438706482,0.0,0.0,0.0,0,0.0,0.0
2021-07-09,4.352499961853027,0.01896285827672184,34.55409622192383,0.039248242812491396,-0.020285384535769557,0.020285384535769557,0.014047743921161883,0.028054009352551246,0,0,0.0,10,16.431498848249028,0.0,0.0,0.0,0.0,0.0,0.0,,0.0,0.0,0.0,0.028054009352551246,0.0,0.0,0.0,0,0.0,0.0
2021-07-10,4.352499961853027,0.0,34.55409622192383,0.0,0.0,0.0,0.014047743921161883,0.028054009352551246,1,0,0.0,10,,0.0,0.0,0.0,0.0,0.0,0.0,,0.0,0.0,0.0,0.028054009352551246,0.0,0.0,0.0,0,0.0,0.0
2021-07-11,4.352499961853027,0.0,34.55409622192383,0.0,0.0,0.0,0.0133613790846668,0.023394922547037414,1,0,0.0,10,,0.0,0.0,0.0,0.0,0.0,0.0,,0.0,0.0,0.0,0.023394922547037414,0.0,0.0,0.0,0,0.0,0.0
2021-07-12,4.322999954223633,-0.006777715769774595,34.55409622192383,0.0,-0.006777715769774595,0.006777715769774595,0.012059343362054756,0.022210298560276905,0,0,0.0,10,0.0,0.0,0.0,0.0,0.0,0.0,0.0,,0.0,0.0,0.0,0.022210298560276905,0.0,0.0,0.0,0,0.0,0.0
2021-07-13,4.314499855041504,-0.00196625012078111,34.048648834228516,-0.014627712571299023,0.012661462450517913,0.012661462450517913,0.009855308370319412,0.020206189875043964,1,0,0.0,10,58.7093239354864,0.0,0.0,0.0,0.0,0.0,0.0,,0.0,0.0,0.0,0.020206189875043964,0.0,0.0,0.0,0,0.0,0.0
2021-07-14,4.2769999504089355,-0.008691599465173172,33.561588287353516,-0.014304842146492636,0.005613242681319464,0.005613242681319464,0.004017078664948655,0.007924328668805304,1,0,0.0,10,12.914768490356265,0.0,0.0,0.0,0.0,0.0,0.0,,0.0,0.0,0.0,0.007924328668805304,0.0,0.0,0.0,0,0.0,0.0
2021-07-15,4.333000183105469,0.013093344247333771,33.717811584472656,0.004654824312293027,0.008438519935040745,0.008438519935040745,0.00855879896078695,0.008977530765117153,1,0,0.0,10,2.7664535313520373,0.0,0.0,0.0,0.0,0.0,0.0,,0.0,0.0,0.0,0.008977530765117153,0.0,0.0,0.0,0,0.0,0.0
2021-07-16,4.332499980926514,-0.00011544014719999662,32.3485107421875,-0.040610608397720904,0.04049516825052091,0.04049516825052091,0.008556025845700333,0.01765919084490901,1,1,1.0,10,2626.626647513227,-26267.0,10.0,113801.77699899673,-323.485107421875,0.0,0.0,Opened,113801.77699899673,-323.485107421875,0.0,0.01765919084490901,114125.26210641861,0.0,0.0,0,0.0,114125.26210641861
2021-07-17,4.332499980926514,0.0,32.3485107421875,0.0,0.0,0.0,0.00790225442860281,0.01765919084490901,1,1,0.0,10,,26267.0,-10.0,-113801.77699899673,323.485107421875,0.0,0.0,Live,0.0,0.0,0.0,0.01765919084490901,114125.26210641861,0.0,0.0,0,0.0,0.0
2021-07-18,4.332499980926514,0.0,32.3485107421875,0.0,0.0,0.0,0.007799333461665733,0.018508722962447,1,1,0.0,10,,26267.0,-10.0,-113801.77699899673,323.485107421875,0.0,0.0,Live,0.0,0.0,0.0,0.018508722962447,114125.26210641861,0.0,0.0,0,0.0,0.0
2021-07-19,4.2104997634887695,-0.028159311707983914,30.97921371459961,-0.042329522941595976,0.014170211233612062,0.014170211233612062,0.015151739161586662,0.02364825340808156,1,1,0.0,10,11.060075258240385,26267.0,-10.0,-110597.19728755951,309.7921371459961,3204.5797114372253,-13.692970275878906,Live,0.0,0.0,0.0,0.02364825340808156,110906.9894247055,3190.8867411613464,0.028770835433483945,0,0.0,0.0
2021-07-20,4.273499965667725,0.014962642374489521,31.32843589782715,0.011272790408588085,0.003689851965901436,0.003689851965901436,0.01566363924313772,0.02520339401388145,1,1,0.0,10,5.523039440082748,26267.0,-10.0,-112252.02359819412,313.2843589782715,1549.7534008026123,-10.200748443603516,Live,0.0,0.0,0.0,0.02520339401388145,112565.3079571724,1539.5526523590088,0.013676972775171199,0,0.0,0.0
2021-07-21,4.28249979019165,0.002105961061478423,32.633399963378906,0.04165429994040237,-0.03954833887892395,0.03954833887892395,0.015784975551863704,0.030130894994146767,0,0,-1.0,10,150.7212462376991,26267.0,-10.0,-112488.42198896408,326.33399963378906,1313.3550100326538,2.8488922119140625,Closed,-112488.42198896408,326.33399963378906,1316.2039022445679,0.030130894994146767,112814.75598859787,1316.2039022445679,0.011666948093010067,0,1316.2039022445679,0.0
2021-07-22,4.3480000495910645,0.015294865757946141,32.84477233886719,0.0064771790780453475,0.008817686679900794,0.008817686679900794,0.01768940717779305,0.03015621608758594,1,0,0.0,10,3.199019964137699,0.0,0.0,0.0,0.0,0.0,0.0,,0.0,0.0,0.0,0.03015621608758594,0.0,0.0,0.0,0,0.0,0.0
2021-07-23,4.406499862670898,0.013454418678154223,33.148033142089844,0.009233152846786163,0.0042212658313680596,0.0042212658313680596,0.01853275352436084,0.030177511769653595,1,0,0.0,10,5.162369549564852,0.0,0.0,0.0,0.0,0.0,0.0,,0.0,0.0,0.0,0.030177511769653595,0.0,0.0,0.0,0,0.0,0.0
2021-07-24,4.406499862670898,0.0,33.148033142089844,0.0,0.0,0.0,0.007473524428415713,0.01617978924571594,1,0,0.0,10,,0.0,0.0,0.0,0.0,0.0,0.0,,0.0,0.0,0.0,0.01617978924571594,0.0,0.0,0.0,0,0.0,0.0
2021-07-25,4.406499862670898,0.0,33.148033142089844,0.0,0.0,0.0,0.0075660448315145136,0.017350399606489,1,0,0.0,10,,0.0,0.0,0.0,0.0,0.0,0.0,,0.0,0.0,0.0,0.017350399606489,0.0,0.0,0.0,0,0.0,0.0
2021-07-26,4.589000225067139,0.04141617339927062,34.06703186035156,0.02772407986689318,0.013692093532377436,0.013692093532377436,0.016923470572770112,0.011385516448853125,1,0,0.0,10,4.969393512745308,0.0,0.0,0.0,0.0,0.0,0.0,,0.0,0.0,0.0,0.016923470572770112,0.0,0.0,0.0,0,0.0,0.0
2021-07-27,4.546000003814697,-0.009370280920352858,33.99351119995117,-0.0021581175812958042,-0.007212163339057054,0.007212163339057054,0.01981203739178388,0.012413072792960006,0,0,0.0,10,1.7222218113731147,0.0,0.0,0.0,0.0,0.0,0.0,,0.0,0.0,0.0,0.01981203739178388,0.0,0.0,0.0,0,0.0,0.0
2021-07-28,4.479000091552734,-0.014738212099811077,34.34272003173828,0.010272808529046884,-0.02501102062885796,0.02501102062885796,0.022138232311110194,0.012469253910460082,0,1,1.0,10,5.344388359757265,54.0,-10.0,-241.86600494384766,343.4272003173828,0.0,0.0,Opened,-241.86600494384766,343.4272003173828,0.0,0.022138232311110194,585.2932052612305,0.0,0.0,0,0.0,585.2932052612305
2021-07-29,4.519999980926514,0.00915380409370914,35.344425201416016,0.02916790425312832,-0.02001410015941918,0.02001410015941918,0.022158895373804107,0.014869480058842704,0,1,0.0,10,24.916446360589532,-54.0,10.0,244.07999897003174,-353.44425201416016,2.213994026184082,-10.017051696777344,Live,0.0,0.0,0.0,0.022158895373804107,597.5242509841919,-7.803057670593262,-0.013058980715411499,0,0.0,0.0
2021-07-30,4.480500221252441,-0.008738884920520662,34.783843994140625,-0.015860526917068962,0.0071216419965483,0.0071216419965483,0.02300901242733868,0.019352434265690995,1,0,-1.0,10,14.090054160870496,-54.0,10.0,241.94701194763184,-347.83843994140625,0.08100700378417969,-4.4112396240234375,Closed,241.94701194763184,-347.83843994140625,-4.330232620239258,0.02300901242733868,589.7854518890381,-4.330232620239258,-0.007342047190838382,0,-4.330232620239258,0.0
2021-07-31,4.480500221252441,0.0,34.783843994140625,0.0,0.0,0.0,0.00939281921386012,0.016738653001844465,1,0,0.0,10,,0.0,0.0,0.0,0.0,0.0,0.0,,0.0,0.0,0.0,0.016738653001844465,0.0,0.0,0.0,0,0.0,0.0
2021-08-01,4.480500221252441,0.0,34.783843994140625,0.0,0.0,0.0,0.009169839023760982,0.016557841907949424,1,0,0.0,10,,0.0,0.0,0.0,0.0,0.0,0.0,,0.0,0.0,0.0,0.016557841907949424,0.0,0.0,0.0,0,0.0,0.0
2021-08-02,4.432000160217285,-0.010824697832868102,34.848167419433594,0.0018492328019814597,-0.012673930634849562,0.012673930634849562,0.007994711124617073,0.016277269798612805,0,0,0.0,10,1.343247322319413,0.0,0.0,0.0,0.0,0.0,0.0,,0.0,0.0,0.0,0.016277269798612805,0.0,0.0,0.0,0,0.0,0.0
2021-08-03,4.382999897003174,-0.011056015668489683,34.774654388427734,-0.0021095235832936376,-0.008946492085196045,0.008946492085196045,0.00566272270611654,0.0072015608228106695,0,1,1.0,10,1.5138299785181997,16.0,-10.0,-70.12799835205078,347.74654388427734,0.0,0.0,Opened,-70.12799835205078,347.74654388427734,0.0,0.0072015608228106695,417.8745422363281,0.0,0.0,0,0.0,417.8745422363281
2021-08-04,4.329999923706055,-0.012092168501613987,34.25082778930664,-0.015063459532049683,0.0029712910304356965,0.0029712910304356965,0.0062209075380655855,0.006852264225145429,1,0,-1.0,10,9.853799431149854,-16.0,10.0,69.27999877929688,-342.5082778930664,-0.8479995727539062,5.2382659912109375,Closed,69.27999877929688,-342.5082778930664,4.390266418457031,0.006852264225145429,411.7882766723633,4.390266418457031,0.010661465289722463,0,4.390266418457031,0.0
2021-08-05,4.3454999923706055,0.0035796925953024417,34.186492919921875,-0.0018783449492234539,0.0054580375445258955,0.0054580375445258955,0.0073091571215322775,0.006691848179721061,1,0,0.0,10,4.128044922530877,0.0,0.0,0.0,0.0,0.0,0.0,,0.0,0.0,0.0,0.0073091571215322775,0.0,0.0,0.0,0,0.0,0.0
2021-08-06,4.3454999923706055,0.0,34.21406555175781,0.0008065358415243473,-0.0008065358415243473,0.0008065358415243473,0.0073091571215322775,0.006804288552892792,0,0,0.0,10,inf,0.0,0.0,0.0,0.0,0.0,0.0,,0.0,0.0,0.0,0.0073091571215322775,0.0,0.0,0.0,0,0.0,0.0
2021-08-07,4.3454999923706055,0.0,34.21406555175781,0.0,0.0,0.0,0.007153409119216583,0.0064992709972291835,1,0,0.0,10,,0.0,0.0,0.0,0.0,0.0,0.0,,0.0,0.0,0.0,0.007153409119216583,0.0,0.0,0.0,0,0.0,0.0
2021-08-08,4.3454999923706055,0.0,34.21406555175781,0.0,0.0,0.0,0.006011287069696074,0.006689863863903573,1,0,0.0,10,,0.0,0.0,0.0,0.0,0.0,0.0,,0.0,0.0,0.0,0.006689863863903573,0.0,0.0,0.0,0,0.0,0.0
2021-08-09,4.2870001792907715,-0.01346215928720329,33.87404251098633,-0.009938106895163057,-0.0035240523920402334,0.0035240523920402334,0.006605136300024213,0.004435679158640658,0,0,0.0,10,5.8331408784698695,0.0,0.0,0.0,0.0,0.0,0.0,,0.0,0.0,0.0,0.006605136300024213,0.0,0.0,0.0,0,0.0,0.0
2021-08-10,4.351500034332275,0.01504545191135831,34.46219253540039,0.01736285311159147,-0.00231740120023316,0.00231740120023316,0.010088285196011853,0.009840405683132753,0,0,0.0,10,9.139443816147287,0.0,0.0,0.0,0.0,0.0,0.0,,0.0,0.0,0.0,0.010088285196011853,0.0,0.0,0.0,0,0.0,0.0
2021-08-11,4.363999843597412,0.00287252882144462,35.10548782348633,0.018666696479776368,-0.015794167658331748,0.015794167658331748,0.010147363065965035,0.012374646640496496,0,1,1.0,10,52.27491761377547,523.0,-10.0,-2282.3719182014465,351.0548782348633,0.0,0.0,Opened,-2282.3719182014465,351.0548782348633,0.0,0.012374646640496496,2633.42679643631,0.0,0.0,0,0.0,2633.42679643631
2021-08-12,4.355999946594238,-0.0018331570325124114,34.783843994140625,-0.009162209366323504,0.0073290523338110924,0.0073290523338110924,0.010220464381599464,0.01392216296546002,1,0,-1.0,10,39.910783281587754,-523.0,10.0,2278.1879720687866,-347.83843994140625,-4.183946132659912,3.2164382934570312,Closed,2278.1879720687866,-347.83843994140625,-0.9675078392028809,0.01392216296546002,2626.026412010193,-0.9675078392028809,-0.0003684303534716792,0,-0.9675078392028809,0.0
2021-08-13,4.38700008392334,0.007116652366660148,35.26171875,0.013738411313593657,-0.006621758946933509,0.006621758946933509,0.010617004345241926,0.014433202473815411,0,0,0.0,10,15.516601155474888,0.0,0.0,0.0,0.0,0.0,0.0,,0.0,0.0,0.0,0.014433202473815411,0.0,0.0,0.0,0,0.0,0.0
2021-08-14,4.38700008392334,0.0,35.26171875,0.0,0.0,0.0,0.006726116121576156,0.012174141036774307,1,0,0.0,10,,0.0,0.0,0.0,0.0,0.0,0.0,,0.0,0.0,0.0,0.012174141036774307,0.0,0.0,0.0,0,0.0,0.0
2021-08-15,4.38700008392334,0.0,35.26171875,0.0,0.0,0.0,0.003498373959371949,0.0113257352730839,1,0,0.0,10,,0.0,0.0,0.0,0.0,0.0,0.0,,0.0,0.0,0.0,0.0113257352730839,0.0,0.0,0.0,0,0.0,0.0
2021-08-16,4.322000026702881,-0.014816516064966367,34.26921081542969,-0.02814689611720389,0.013330380052237523,0.013330380052237523,0.007990004021687055,0.015442006525998902,1,0,0.0,10,15.062732100055337,0.0,0.0,0.0,0.0,0.0,0.0,,0.0,0.0,0.0,0.015442006525998902,0.0,0.0,0.0,0,0.0,0.0
2021-08-17,4.199999809265137,-0.028227722509019615,32.752872467041016,-0.044247833910022294,0.01602011140100268,0.01602011140100268,0.014219897302024916,0.023721033742103263,1,0,0.0,10,12.224083260105902,0.0,0.0,0.0,0.0,0.0,0.0,,0.0,0.0,0.0,0.023721033742103263,0.0,0.0,0.0,0,0.0,0.0
2021-08-18,4.116000175476074,-0.019999913715176953,32.10957336425781,-0.019640998005000965,-0.0003589157101759888,0.0003589157101759888,0.01246411837428051,0.01898533857026002,0,0,0.0,10,7.661160840019656,0.0,0.0,0.0,0.0,0.0,0.0,,0.0,0.0,0.0,0.01898533857026002,0.0,0.0,0.0,0,0.0,0.0
2021-08-19,4.03849983215332,-0.018829042764506143,30.538105010986328,-0.048940804520957504,0.03011176175645136,0.03011176175645136,0.010370858845010312,0.01972443389814253,1,1,1.0,10,19.65463022078694,-197.0,10.0,795.5844669342041,-305.3810501098633,0.0,0.0,Opened,795.5844669342041,-305.3810501098633,0.0,0.01972443389814253,1100.9655170440674,0.0,0.0,0,0.0,1100.9655170440674
2021-08-20,4.134500026702881,0.023771251340717114,30.528911590576172,-0.0003010475079200381,0.024072298848637153,0.024072298848637153,0.02037626121281012,0.019617016978698994,1,1,0.0,10,0.09351285460157109,197.0,-10.0,-814.4965052604675,305.2891159057617,-18.912038326263428,-0.0919342041015625,Live,0.0,0.0,0.0,0.02037626121281012,1119.7856211662292,-19.00397253036499,-0.016971081045470845,0,0.0,0.0
2021-08-21,4.134500026702881,0.0,30.528911590576172,0.0,0.0,0.0,0.02086672266467642,0.02334107032249702,1,1,0.0,10,,197.0,-10.0,-814.4965052604675,305.2891159057617,-18.912038326263428,-0.0919342041015625,Live,0.0,0.0,0.0,0.02334107032249702,1119.7856211662292,-19.00397253036499,-0.016971081045470845,0,0.0,0.0
2021-08-22,4.134500026702881,0.0,30.528911590576172,0.0,0.0,0.0,0.017848353520249848,0.021401474094294774,1,1,0.0,10,,197.0,-10.0,-814.4965052604675,305.2891159057617,-18.912038326263428,-0.0919342041015625,Live,0.0,0.0,0.0,0.021401474094294774,1119.7856211662292,-19.00397253036499,-0.016971081045470845,0,0.0,0.0
2021-08-23,4.234499931335449,0.024186698267435913,31.778738021850586,0.04093910873849227,-0.016752410471056356,0.016752410471056356,0.018268162004084872,0.031849319034452976,0,0,-1.0,10,12.7027079571959,197.0,-10.0,-834.1964864730835,317.78738021850586,-38.612019538879395,12.406330108642578,Closed,-834.1964864730835,317.78738021850586,-26.205689430236816,0.031849319034452976,1151.9838666915894,-26.205689430236816,-0.022748312878284986,0,-26.205689430236816,0.0
2021-08-24,4.255000114440918,0.004841228819905341,32.54150390625,0.024002396944615922,-0.01916116812471058,0.01916116812471058,0.012409226520362023,0.018818465309180795,0,1,1.0,10,37.91726882351387,380.0,-10.0,-1616.9000434875488,325.4150390625,0.0,0.0,Opened,-1616.9000434875488,325.4150390625,0.0,0.018818465309180795,1942.3150825500488,0.0,0.0,0,0.0,1942.3150825500488
2021-08-25,4.264999866485596,0.0023501179261404825,32.688541412353516,0.00451846068722328,-0.0021683427610827977,0.0021683427610827977,0.0102107857442488,0.01808040918188424,0,1,0.0,10,14.735924014032614,-380.0,10.0,1620.6999492645264,-326.88541412353516,3.799905776977539,-1.4703750610351562,Live,0.0,0.0,0.0,0.01808040918188424,1947.5853633880615,2.329530715942383,0.001196112252502186,0,0.0,0.0
2021-08-26,4.245999813079834,-0.004454877843036775,32.3485107421875,-0.01040213651250621,0.005947258669469435,0.005947258669469435,0.011054766781034666,0.0205132954501015,1,0,-1.0,10,17.789390556195297,-380.0,10.0,1613.479928970337,-323.485107421875,-3.420114517211914,1.929931640625,Closed,1613.479928970337,-323.485107421875,-1.490182876586914,0.0205132954501015,1936.965036392212,-1.490182876586914,-0.0007693390683822184,0,-1.490182876586914,0.0
2021-08-27,4.316500186920166,0.016603951235031778,33.69942855834961,0.041761360420228044,-0.025157409185196267,0.025157409185196267,0.01151707482076341,0.02286840622386873,0,1,1.0,10,19.636042398237272,197.0,-10.0,-850.3505368232727,336.9942855834961,0.0,0.0,Opened,-850.3505368232727,336.9942855834961,0.0,0.02286840622386873,1187.3448224067688,0.0,0.0,0,0.0,1187.3448224067688
2021-08-28,4.316500186920166,0.0,33.69942855834961,0.0,0.0,0.0,0.007900748599689056,0.020806383522881784,1,0,-1.0,10,,-197.0,10.0,850.3505368232727,-336.9942855834961,0.0,0.0,Closed,850.3505368232727,-336.9942855834961,0.0,0.020806383522881784,1187.3448224067688,0.0,0.0,0,0.0,0.0
2021-08-29,4.316500186920166,0.0,33.69942855834961,0.0,0.0,0.0,0.008046969580259395,0.020094716375058035,1,0,0.0,10,,0.0,0.0,0.0,0.0,0.0,0.0,,0.0,0.0,0.0,0.020094716375058035,0.0,0.0,0.0,0,0.0,0.0
2021-08-30,4.361000061035156,0.010309248740410837,33.95674514770508,0.007635636577929761,0.002673612162481076,0.002673612162481076,0.008673847130927155,0.0200399525028387,1,0,0.0,10,5.767109451996224,0.0,0.0,0.0,0.0,0.0,0.0,,0.0,0.0,0.0,0.0200399525028387,0.0,0.0,0.0,0,0.0,0.0
2021-08-31,4.360000133514404,-0.00022928858215021108,33.929176330566406,-0.000811880438444601,0.0005825918562943899,0.0005825918562943899,0.00773980222634699,0.018240549674561218,1,0,0.0,10,27.554749234295386,0.0,0.0,0.0,0.0,0.0,0.0,,0.0,0.0,0.0,0.018240549674561218,0.0,0.0,0.0,0,0.0,0.0
2021-09-01,4.263000011444092,-0.02224773373851363,33.708621978759766,-0.006500433422191421,-0.01574730031632221,0.01574730031632221,0.011954956049326396,0.005029831581598328,0,1,1.0,10,2.3103735358097754,24.0,-10.0,-102.3120002746582,337.08621978759766,0.0,0.0,Opened,-102.3120002746582,337.08621978759766,0.0,0.011954956049326396,439.39822006225586,0.0,0.0,0,0.0,439.39822006225586
2021-09-02,4.289999961853027,0.006333556260017303,34.11298370361328,0.011995795173955992,-0.005662238913938689,0.005662238913938689,0.012595645635458912,0.007327426205781319,0,1,0.0,10,15.06065386753832,-24.0,10.0,102.95999908447266,-341.1298370361328,0.6479988098144531,-4.043617248535156,Live,0.0,0.0,0.0,0.012595645635458912,444.08983612060547,-3.395618438720703,-0.007646242184652307,0,0.0,0.0
2021-09-03,4.325500011444092,0.00827506990832938,34.67355728149414,0.016432850985751868,-0.008157781077422488,0.008157781077422488,0.01331065366502098,0.009351741562237182,0,1,0.0,10,15.918543475192136,-24.0,10.0,103.8120002746582,-346.7355728149414,1.5,-9.64935302734375,Live,0.0,0.0,0.0,0.01331065366502098,450.5475730895996,-8.14935302734375,-0.01808766379865307,1,-8.14935302734375,0.0
2021-09-04,4.325500011444092,0.0,34.67355728149414,0.0,0.0,0.0,0.012157534855371424,0.009587395109532194,1,0,-1.0,10,,-24.0,10.0,103.8120002746582,-346.7355728149414,1.5,-9.64935302734375,Closed,103.8120002746582,-346.7355728149414,-8.14935302734375,0.012157534855371424,450.5475730895996,-8.14935302734375,-0.01808766379865307,1,0.0,0.0
2021-09-05,4.325500011444092,0.0,34.67355728149414,0.0,0.0,0.0,0.012164304136413057,0.0094871495360752,1,0,0.0,10,,0.0,0.0,0.0,0.0,0.0,0.0,,0.0,0.0,0.0,0.012164304136413057,0.0,0.0,0.0,0,0.0,0.0
2021-09-06,4.325500011444092,0.0,34.67355728149414,0.0,0.0,0.0,0.004059197124470589,0.007941978797513963,1,0,0.0,10,,0.0,0.0,0.0,0.0,0.0,0.0,,0.0,0.0,0.0,0.007941978797513963,0.0,0.0,0.0,0,0.0,0.0
2021-09-07,4.277500152587891,-0.011096950347753265,34.3519172668457,-0.009276233529696198,-0.0018207168180570665,0.0018207168180570665,0.0068925047545387716,0.009298436230556593,0,0,0.0,10,6.713190604703884,0.0,0.0,0.0,0.0,0.0,0.0,,0.0,0.0,0.0,0.009298436230556593,0.0,0.0,0.0,0,0.0,0.0
2021-09-08,4.23199987411499,-0.010637119076517765,33.24912643432617,-0.032102744774128666,0.0214656256976109,0.0214656256976109,0.0059543398987778684,0.013912141832196547,1,1,1.0,10,23.711156576281326,-238.0,10.0,1007.2159700393677,-332.4912643432617,0.0,0.0,Opened,1007.2159700393677,-332.4912643432617,0.0,0.013912141832196547,1339.7072343826294,0.0,0.0,0,0.0,1339.7072343826294
2021-09-09,4.2835001945495605,0.01216926322459777,33.561588287353516,0.009397595862992603,0.002771667361605168,0.002771667361605168,0.009566667042008476,0.015814453626106364,1,1,0.0,10,6.0505686652045325,238.0,-10.0,-1019.4730463027954,335.61588287353516,-12.257076263427734,3.1246185302734375,Live,0.0,0.0,0.0,0.015814453626106364,1355.0889291763306,-9.132457733154297,-0.006739378897225082,0,0.0,0.0
2021-09-10,4.447999954223633,0.03840311712449229,34.1956901550293,0.01889367875699488,0.01950943836749741,0.01950943836749741,0.020572137383948662,0.01954266510716849,1,1,0.0,10,3.782305892133355,238.0,-10.0,-1058.6239891052246,341.95690155029297,-51.408019065856934,9.46563720703125,Live,0.0,0.0,0.0,0.020572137383948662,1400.5808906555176,-41.942381858825684,-0.029946418760001273,1,-41.942381858825684,0.0
2021-09-11,4.447999954223633,0.0,34.1956901550293,0.0,0.0,0.0,0.020572137383948662,0.01954266510716849,1,1,0.0,10,,238.0,-10.0,-1058.6239891052246,341.95690155029297,-51.408019065856934,9.46563720703125,Live,0.0,0.0,0.0,0.020572137383948662,1400.5808906555176,-41.942381858825684,-0.029946418760001273,1,0.0,0.0
2021-09-12,4.447999954223633,0.0,34.1956901550293,0.0,0.0,0.0,0.018822019392013414,0.019189623928456148,1,1,0.0,10,,238.0,-10.0,-1058.6239891052246,341.95690155029297,-51.408019065856934,9.46563720703125,Live,0.0,0.0,0.0,0.019189623928456148,1400.5808906555176,-41.942381858825684,-0.029946418760001273,1,0.0,0.0
2021-09-13,4.363500118255615,-0.01899726547608893,34.53572082519531,0.009943670346305389,-0.02894093582239432,0.02894093582239432,0.02112101377791427,0.007933792939344132,0,0,-1.0,10,4.142754132512744,238.0,-10.0,-1038.5130281448364,345.3572082519531,-31.29705810546875,12.865943908691406,Closed,-1038.5130281448364,345.3572082519531,-18.431114196777344,0.02112101377791427,1383.8702363967896,-18.431114196777344,-0.01331852778680088,0,0.0,0.0
2021-09-14,4.317999839782715,-0.010427472725975329,34.08540725708008,-0.013039066721512005,0.0026115939955366763,0.0026115939955366763,0.021956237327252208,0.011999456161151618,1,0,0.0,10,9.870821776754305,0.0,0.0,0.0,0.0,0.0,0.0,,0.0,0.0,0.0,0.021956237327252208,0.0,0.0,0.0,0,0.0,0.0
2021-09-15,4.403500080108643,0.019800890110785785,34.793033599853516,0.020760389847665817,-0.0009594997368800318,0.0009594997368800318,0.014518779578382041,0.012624155701221008,0,0,0.0,10,8.28409515860918,0.0,0.0,0.0,0.0,0.0,0.0,,0.0,0.0,0.0,0.014518779578382041,0.0,0.0,0.0,0,0.0,0.0
2021-09-16,4.278500080108643,-0.02838651021369254,33.35021209716797,-0.04146868937268011,0.013082179158987572,0.013082179158987572,0.018564347730374138,0.024011542214822868,1,0,0.0,10,11.387158375288733,0.0,0.0,0.0,0.0,0.0,0.0,,0.0,0.0,0.0,0.024011542214822868,0.0,0.0,0.0,0,0.0,0.0
2021-09-17,4.245500087738037,-0.007712981594654389,32.284183502197266,-0.031964672124565885,0.024251690529911496,0.024251690529911496,0.018089104573441355,0.02654834229966303,1,0,0.0,10,31.51439049074009,0.0,0.0,0.0,0.0,0.0,0.0,,0.0,0.0,0.0,0.02654834229966303,0.0,0.0,0.0,0,0.0,0.0
2021-09-18,4.245500087738037,0.0,32.284183502197266,0.0,0.0,0.0,0.017487387404951607,0.0248937196524402,1,0,0.0,10,,0.0,0.0,0.0,0.0,0.0,0.0,,0.0,0.0,0.0,0.0248937196524402,0.0,0.0,0.0,0,0.0,0.0
2021-09-19,4.245500087738037,0.0,32.284183502197266,0.0,0.0,0.0,0.01735101159091174,0.025580744029769693,1,0,0.0,10,,0.0,0.0,0.0,0.0,0.0,0.0,,0.0,0.0,0.0,0.025580744029769693,0.0,0.0,0.0,0,0.0,0.0
2021-09-20,4.117000102996826,-0.030267337671797012,30.740280151367188,-0.047822282720112796,0.017554945048315784,0.017554945048315784,0.015004037505625201,0.022846098879064018,1,0,0.0,10,11.797310879626245,0.0,0.0,0.0,0.0,0.0,0.0,,0.0,0.0,0.0,0.022846098879064018,0.0,0.0,0.0,0,0.0,0.0
2021-09-21,4.127999782562256,0.002671770534429463,30.777040481567383,0.001195835887610075,0.001475934646819388,0.001475934646819388,0.013540692835804159,0.022775141142694712,1,0,0.0,10,3.3370262024254704,0.0,0.0,0.0,0.0,0.0,0.0,,0.0,0.0,0.0,0.022775141142694712,0.0,0.0,0.0,0,0.0,0.0
2021-09-22,4.252500057220459,0.030159951844989097,31.5398006439209,0.024783414857914687,0.0053765369870744095,0.0053765369870744095,0.021398350222818305,0.026491483494150602,1,0,0.0,10,6.094598757037309,0.0,0.0,0.0,0.0,0.0,0.0,,0.0,0.0,0.0,0.026491483494150602,0.0,0.0,0.0,0,0.0,0.0
2021-09-23,4.230999946594238,-0.005055875446659863,32.072818756103516,0.016899856730240748,-0.02195573217690061,0.02195573217690061,0.021547581964868386,0.028210532435844718,0,0,0.0,10,25.338492119868498,0.0,0.0,0.0,0.0,0.0,0.0,,0.0,0.0,0.0,0.028210532435844718,0.0,0.0,0.0,0,0.0,0.0
2021-09-24,4.287499904632568,0.013353807315410249,31.732791900634766,-0.010601714119811922,0.02395552143522217,0.02395552143522217,0.02243413049845852,0.028514431358366954,1,0,0.0,10,5.875910118904282,0.0,0.0,0.0,0.0,0.0,0.0,,0.0,0.0,0.0,0.028514431358366954,0.0,0.0,0.0,0,0.0,0.0
2021-09-25,4.287499904632568,0.0,31.732791900634766,0.0,0.0,0.0,0.013984968785406397,0.014188755679229607,1,0,0.0,10,,0.0,0.0,0.0,0.0,0.0,0.0,,0.0,0.0,0.0,0.014188755679229607,0.0,0.0,0.0,0,0.0,0.0
2021-09-26,4.287499904632568,0.0,31.732791900634766,0.0,0.0,0.0,0.01429778809548353,0.014309144880711678,1,0,0.0,10,,0.0,0.0,0.0,0.0,0.0,0.0,,0.0,0.0,0.0,0.014309144880711678,0.0,0.0,0.0,0,0.0,0.0
2021-09-27,4.293499946594238,0.0013994267277270822,31.916587829589844,0.005791987340117988,-0.0043925606123909056,0.0043925606123909056,0.006838067869760154,0.010028887883069788,0,0,0.0,10,30.766807409954925,0.0,0.0,0.0,0.0,0.0,0.0,,0.0,0.0,0.0,0.010028887883069788,0.0,0.0,0.0,0,0.0,0.0
2021-09-28,4.244999885559082,-0.01129615969219433,31.392763137817383,-0.016412302423093772,0.005116142730899442,0.005116142730899442,0.008739215012822205,0.009017098005408801,1,0,0.0,10,10.744607318108248,0.0,0.0,0.0,0.0,0.0,0.0,,0.0,0.0,0.0,0.009017098005408801,0.0,0.0,0.0,0,0.0,0.0
2021-09-29,4.199999809265137,-0.010600724972226638,30.79541778564453,-0.01902812280494215,0.00842739783271551,0.00842739783271551,0.006283069164853192,0.011058642229229353,1,0,0.0,10,13.161252102165989,0.0,0.0,0.0,0.0,0.0,0.0,,0.0,0.0,0.0,0.011058642229229353,0.0,0.0,0.0,0,0.0,0.0
2021-09-30,4.090000152587891,-0.026190395636349395,31.429523468017578,0.020590910205759316,-0.04678130584210871,0.04678130584210871,0.01108966498853264,0.01637496616190514,0,1,1.0,10,6.041544209606303,61.0,-10.0,-249.49000930786133,314.2952346801758,0.0,0.0,Opened,-249.49000930786133,314.2952346801758,0.0,0.01637496616190514,563.7852439880371,0.0,0.0,0,0.0,563.7852439880371
2021-10-01,4.19350004196167,0.025305595479817145,31.778738021850586,0.011111035590099405,0.01419455988971774,0.01419455988971774,0.019214621924710146,0.017403861365338065,1,0,-1.0,10,3.3273460634602525,-61.0,10.0,255.80350255966187,-317.78738021850586,6.313493251800537,-3.492145538330078,Closed,255.80350255966187,-317.78738021850586,2.821347713470459,0.019214621924710146,573.5908827781677,2.821347713470459,0.004918745744014198,0,2.821347713470459,0.0
2021-10-02,4.19350004196167,0.0,31.778738021850586,0.0,0.0,0.0,0.01912124176961807,0.017147001032251773,1,0,0.0,10,,0.0,0.0,0.0,0.0,0.0,0.0,,0.0,0.0,0.0,0.01912124176961807,0.0,0.0,0.0,0,0.0,0.0
2021-10-03,4.19350004196167,0.0,31.778738021850586,0.0,0.0,0.0,0.01879030267596009,0.01481034262453969,1,0,0.0,10,,0.0,0.0,0.0,0.0,0.0,0.0,,0.0,0.0,0.0,0.01879030267596009,0.0,0.0,0.0,0,0.0,0.0
2021-10-04,4.246500015258789,0.01263860087439661,31.668460845947266,-0.003470155920839102,0.016108756795235712,0.016108756795235712,0.019094592506622765,0.01000094851991011,1,0,0.0,10,2.0476032778443223,0.0,0.0,0.0,0.0,0.0,0.0,,0.0,0.0,0.0,0.019094592506622765,0.0,0.0,0.0,0,0.0,0.0
2021-10-05,4.202000141143799,-0.010479188497607539,31.96253776550293,0.009286113429579412,-0.01976530192718695,0.01976530192718695,0.013775480526157182,0.0064114034647797585,0,1,1.0,10,6.740490847700142,68.0,-10.0,-285.7360095977783,319.6253776550293,0.0,0.0,Opened,-285.7360095977783,319.6253776550293,0.0,0.013775480526157182,605.3613872528076,0.0,0.0,0,0.0,605.3613872528076
2021-10-06,4.1570000648498535,-0.010709203898716657,31.457090377807617,-0.015813743933713598,0.0051045400349969405,0.0051045400349969405,0.009612685430738026,0.00906031505058082,1,0,-1.0,10,11.174189535048749,-68.0,10.0,282.67600440979004,-314.5709037780762,-3.0600051879882812,5.054473876953125,Closed,282.67600440979004,-314.5709037780762,1.9944686889648438,0.009612685430738026,597.2469081878662,1.9944686889648438,0.003339437444751872,0,1.9944686889648438,0.0
2021-10-07,4.250999927520752,0.022612427520925182,32.54150390625,0.034472785480738954,-0.011860357959813772,0.011860357959813772,0.014628781595847375,0.01882097370613501,0,0,0.0,10,11.670130470252833,0.0,0.0,0.0,0.0,0.0,0.0,,0.0,0.0,0.0,0.01882097370613501,0.0,0.0,0.0,0,0.0,0.0
2021-10-08,4.2829999923706055,0.007527655938709188,32.54150390625,0.0,0.007527655938709188,0.007527655938709188,0.014654299820398913,0.01882097370613501,1,0,0.0,10,0.0,0.0,0.0,0.0,0.0,0.0,0.0,,0.0,0.0,0.0,0.01882097370613501,0.0,0.0,0.0,0,0.0,0.0
2021-10-09,4.2829999923706055,0.0,32.54150390625,0.0,0.0,0.0,0.013932528193536587,0.018496574015853726,1,0,0.0,10,,0.0,0.0,0.0,0.0,0.0,0.0,,0.0,0.0,0.0,0.018496574015853726,0.0,0.0,0.0,0,0.0,0.0
2021-10-10,4.2829999923706055,0.0,32.54150390625,0.0,0.0,0.0,0.012320335977184113,0.018498753131707107,1,0,0.0,10,,0.0,0.0,0.0,0.0,0.0,0.0,,0.0,0.0,0.0,0.018498753131707107,0.0,0.0,0.0,0,0.0,0.0
2021-10-11,4.374499797821045,0.02136348485020534,33.33183288574219,0.02428679945982437,-0.002923314609619032,0.002923314609619032,0.011111508195744252,0.01649002579080233,0,0,0.0,10,8.662215514748297,0.0,0.0,0.0,0.0,0.0,0.0,,0.0,0.0,0.0,0.01649002579080233,0.0,0.0,0.0,0,0.0,0.0
2021-10-12,4.328999996185303,-0.010401143842412752,33.61672592163086,0.008547175814340946,-0.018948319656753698,0.018948319656753698,0.011756613933131096,0.010574602308622151,0,1,1.0,10,6.381302946799219,64.0,-10.0,-277.0559997558594,336.1672592163086,0.0,0.0,Opened,-277.0559997558594,336.1672592163086,0.0,0.011756613933131096,613.223258972168,0.0,0.0,0,0.0,613.223258972168
2021-10-13,4.520500183105469,0.04423658745412684,34.434627532958984,0.02433019840286832,0.019906389051258522,0.019906389051258522,0.021863631943785704,0.012260840573654508,1,0,-1.0,10,4.189603582213775,-64.0,10.0,289.31201171875,-344.34627532958984,12.256011962890625,-8.17901611328125,Closed,289.31201171875,-344.34627532958984,4.076995849609375,0.021863631943785704,633.6582870483398,4.076995849609375,0.006434060648998272,0,4.076995849609375,0.0
2021-10-14,4.631499767303467,0.024554712908283483,35.53741455078125,0.03202552479380638,-0.007470811885522899,0.007470811885522899,0.02151896379596937,0.01312950086999443,0,0,0.0,10,10.007499481128216,0.0,0.0,0.0,0.0,0.0,0.0,,0.0,0.0,0.0,0.02151896379596937,0.0,0.0,0.0,0,0.0,0.0
2021-10-15,4.734000205993652,0.02213115488287354,36.529930114746094,0.02792874992485972,-0.005797595041986181,0.005797595041986181,0.019609165897061423,0.008904556649361121,0,0,0.0,10,9.737960053488226,0.0,0.0,0.0,0.0,0.0,0.0,,0.0,0.0,0.0,0.019609165897061423,0.0,0.0,0.0,0,0.0,0.0
2021-10-16,4.734000205993652,0.0,36.529930114746094,0.0,0.0,0.0,0.021569915897306516,0.013666739466470366,1,0,0.0,10,,0.0,0.0,0.0,0.0,0.0,0.0,,0.0,0.0,0.0,0.021569915897306516,0.0,0.0,0.0,0,0.0,0.0
2021-10-17,4.734000205993652,0.0,36.529930114746094,0.0,0.0,0.0,0.01868300724240107,0.015627166914799772,1,0,0.0,10,,0.0,0.0,0.0,0.0,0.0,0.0,,0.0,0.0,0.0,0.01868300724240107,0.0,0.0,0.0,0,0.0,0.0
2021-10-18,4.730500221252441,-0.0007393292329771484,36.8515739440918,0.008804939629924569,-0.009544268862901717,0.009544268862901717,0.012952332503038146,0.015310211959698459,0,0,0.0,10,92.77639185696896,0.0,0.0,0.0,0.0,0.0,0.0,,0.0,0.0,0.0,0.015310211959698459,0.0,0.0,0.0,0,0.0,0.0
2021-10-19,4.714000225067139,-0.003488002412762592,36.7229118347168,-0.0034913599503292314,3.357537566639479e-06,3.357537566639479e-06,0.01046889926991615,0.012735002287479893,1,0,0.0,10,7.797679128537643,0.0,0.0,0.0,0.0,0.0,0.0,,0.0,0.0,0.0,0.012735002287479893,0.0,0.0,0.0,0,0.0,0.0
2021-10-20,4.75600004196167,0.008909591618429191,36.759674072265625,0.0010010708767944632,0.007908520741634728,0.007908520741634728,0.004682650949595399,0.00454817921700184,1,1,1.0,10,0.8684340261928769,-9.0,10.0,42.80400037765503,-367.59674072265625,0.0,0.0,Opened,42.80400037765503,-367.59674072265625,0.0,0.004682650949595399,410.4007411003113,0.0,0.0,0,0.0,410.4007411003113
2021-10-21,4.58650016784668,-0.035639165815708806,35.546607971191406,-0.03299991449024986,-0.0026392513254589467,0.0026392513254589467,0.017106853359971197,0.01610351198659458,0,0,-1.0,10,7.176323949405713,9.0,-10.0,-41.27850151062012,355.46607971191406,1.525498867034912,-12.130661010742188,Closed,-41.27850151062012,355.46607971191406,-10.605162143707275,0.017106853359971197,396.7445812225342,-10.605162143707275,-0.026730452400958782,1,-10.605162143707275,0.0
2021-10-22,4.526000022888184,-0.013190917419479864,35.15143966674805,-0.011116906140907212,-0.0020740112785726517,0.0020740112785726517,0.016929544987957505,0.01594912101909499,0,0,0.0,10,6.54541974747264,0.0,0.0,0.0,0.0,0.0,0.0,,0.0,0.0,0.0,0.016929544987957505,0.0,0.0,0.0,0,0.0,0.0
2021-10-23,4.526000022888184,0.0,35.15143966674805,0.0,0.0,0.0,0.017020854526606004,0.01406526893368577,1,0,0.0,10,,0.0,0.0,0.0,0.0,0.0,0.0,,0.0,0.0,0.0,0.017020854526606004,0.0,0.0,0.0,0,0.0,0.0
2021-10-24,4.526000022888184,0.0,35.15143966674805,0.0,0.0,0.0,0.017355129897450756,0.014506796045593021,1,0,0.0,10,,0.0,0.0,0.0,0.0,0.0,0.0,,0.0,0.0,0.0,0.017355129897450756,0.0,0.0,0.0,0,0.0,0.0
2021-10-25,4.551499843597412,0.005634074365946651,35.932579040527344,0.022222116112024404,-0.016588041746077753,0.016588041746077753,0.016603570398575542,0.020065684549809157,0,0,0.0,10,31.13842879340658,0.0,0.0,0.0,0.0,0.0,0.0,,0.0,0.0,0.0,0.020065684549809157,0.0,0.0,0.0,0,0.0,0.0
2021-10-26,4.486499786376953,-0.014281019324189237,35.50065994262695,-0.012020264323728047,-0.00226075500046119,0.00226075500046119,0.008864425568258115,0.013799704128718353,0,0,0.0,10,6.660143492114904,0.0,0.0,0.0,0.0,0.0,0.0,,0.0,0.0,0.0,0.013799704128718353,0.0,0.0,0.0,0,0.0,0.0
2021-10-27,4.38700008392334,-0.022177578778837637,34.25082778930664,-0.035205885055099806,0.01302830627626217,0.01302830627626217,0.011592077625116106,0.02093276860271945,1,0,0.0,10,12.393802338161162,0.0,0.0,0.0,0.0,0.0,0.0,,0.0,0.0,0.0,0.02093276860271945,0.0,0.0,0.0,0,0.0,0.0
2021-10-28,4.4375,0.011511263986915043,34.44381332397461,0.005634477971017793,0.005876786015897251,0.005876786015897251,0.01401288786734743,0.021415385526275595,1,0,0.0,10,3.7992995163818573,0.0,0.0,0.0,0.0,0.0,0.0,,0.0,0.0,0.0,0.021415385526275595,0.0,0.0,0.0,0,0.0,0.0
2021-10-29,4.375500202178955,-0.01397178542446087,34.29677963256836,-0.004268798289645437,-0.009702987134815433,0.009702987134815433,0.01443672787942856,0.02130715355355487,0,0,0.0,10,2.3948557601631806,0.0,0.0,0.0,0.0,0.0,0.0,,0.0,0.0,0.0,0.02130715355355487,0.0,0.0,0.0,0,0.0,0.0
2021-10-30,4.375500202178955,0.0,34.29677963256836,0.0,0.0,0.0,0.01342174473373678,0.01591598678683241,1,0,0.0,10,,0.0,0.0,0.0,0.0,0.0,0.0,,0.0,0.0,0.0,0.01591598678683241,0.0,0.0,0.0,0,0.0,0.0
2021-10-31,4.375500202178955,0.0,34.29677963256836,0.0,0.0,0.0,0.013211337844448836,0.016281833614562907,1,0,0.0,10,,0.0,0.0,0.0,0.0,0.0,0.0,,0.0,0.0,0.0,0.016281833614562907,0.0,0.0,0.0,0,0.0,0.0
2021-11-01,4.4019999504089355,0.0060563928706445225,34.48057556152344,0.005358985039532582,0.0006974078311119403,0.0006974078311119403,0.009510702167223826,0.0041726633693532494,1,0,0.0,10,6.930953391721512,0.0,0.0,0.0,0.0,0.0,0.0,,0.0,0.0,0.0,0.009510702167223826,0.0,0.0,0.0,0,0.0,0.0
2021-11-02,4.374000072479248,-0.006360717456865617,33.58915328979492,-0.025852882592924176,0.01949216513605856,0.01949216513605856,0.007609006927803199,0.012172455347753089,1,1,1.0,10,31.212110783430067,-313.0,10.0,1369.0620226860046,-335.8915328979492,0.0,0.0,Opened,1369.0620226860046,-335.8915328979492,0.0,0.012172455347753089,1704.9535555839539,0.0,0.0,0,0.0,1704.9535555839539
2021-11-03,4.326000213623047,-0.010973904449204541,33.341026306152344,-0.007387116355742296,-0.0035867880934622454,0.0035867880934622454,0.0065598305998485484,0.012208496628889813,0,0,-1.0,10,5.188074369323851,313.0,-10.0,-1354.0380668640137,333.41026306152344,15.023955821990967,-2.4812698364257812,Closed,-1354.0380668640137,333.41026306152344,12.542685985565186,0.012208496628889813,1687.448329925537,12.542685985565186,0.007432930397411732,0,12.542685985565186,0.0
2021-11-04,4.326000213623047,0.0,33.16641616821289,-0.005237095473189846,0.005237095473189846,0.005237095473189846,0.0065598305998485484,0.011829254860874721,1,0,0.0,10,inf,0.0,0.0,0.0,0.0,0.0,0.0,,0.0,0.0,0.0,0.011829254860874721,0.0,0.0,0.0,0,0.0,0.0
2021-11-05,4.348999977111816,0.00531663484813083,33.16641616821289,0.0,0.00531663484813083,0.00531663484813083,0.007394654912291423,0.011829254860874721,1,0,0.0,10,0.0,0.0,0.0,0.0,0.0,0.0,0.0,,0.0,0.0,0.0,0.011829254860874721,0.0,0.0,0.0,0,0.0,0.0
2021-11-06,4.348999977111816,0.0,33.16641616821289,0.0,0.0,0.0,0.0063298007265187054,0.010656815147857279,1,0,0.0,10,,0.0,0.0,0.0,0.0,0.0,0.0,,0.0,0.0,0.0,0.010656815147857279,0.0,0.0,0.0,0,0.0,0.0
2021-11-07,4.348999977111816,0.0,33.16641616821289,0.0,0.0,0.0,0.005964315658581141,0.0035398627158485466,1,0,0.0,10,,0.0,0.0,0.0,0.0,0.0,0.0,,0.0,0.0,0.0,0.005964315658581141,0.0,0.0,0.0,0,0.0,0.0
2021-11-08,4.40500020980835,0.012876576912222326,34.10378646850586,0.028262634574047096,-0.01538605766182477,0.01538605766182477,0.005654074819396326,0.013417978535200393,0,1,1.0,10,16.992954088157692,170.0,-10.0,-748.8500356674194,341.0378646850586,0.0,0.0,Opened,-748.8500356674194,341.0378646850586,0.0,0.013417978535200393,1089.887900352478,0.0,0.0,0,0.0,1089.887900352478
2021-11-09,4.380000114440918,-0.005675390278476189,33.47887420654297,-0.0183238381034313,0.012648447824955111,0.012648447824955111,0.006981112428677304,0.016694187767378844,1,0,-1.0,10,24.6784249202791,-170.0,10.0,744.600019454956,-334.7887420654297,-4.250016212463379,6.249122619628906,Closed,744.600019454956,-334.7887420654297,1.9991064071655273,0.016694187767378844,1079.3887615203857,1.9991064071655273,0.0018520726529982232,0,1.9991064071655273,0.0
2021-11-10,4.328000068664551,-0.011872156259750355,32.633399963378906,-0.025253962781067063,0.013381806521316708,0.013381806521316708,0.009146048198483305,0.020768915042865353,1,0,0.0,10,16.038915406250382,0.0,0.0,0.0,0.0,0.0,0.0,,0.0,0.0,0.0,0.020768915042865353,0.0,0.0,0.0,0,0.0,0.0
2021-11-11,4.4045000076293945,0.017675586356552087,34.11298370361328,0.04533955217337948,-0.027663965816827396,0.027663965816827396,0.012425444899797055,0.030198031533726626,0,0,0.0,10,19.866734516749876,0.0,0.0,0.0,0.0,0.0,0.0,,0.0,0.0,0.0,0.030198031533726626,0.0,0.0,0.0,0,0.0,0.0
2021-11-12,4.45550012588501,0.01157909369219512,34.70112991333008,0.017241124811210762,-0.0056620311190156425,0.0056620311190156425,0.012889864062472072,0.03032502212791983,0,0,0.0,10,11.596800436889625,0.0,0.0,0.0,0.0,0.0,0.0,,0.0,0.0,0.0,0.03032502212791983,0.0,0.0,0.0,0,0.0,0.0
2021-11-13,4.45550012588501,0.0,34.70112991333008,0.0,0.0,0.0,0.012168078297772458,0.028522952139511823,1,0,0.0,10,,0.0,0.0,0.0,0.0,0.0,0.0,,0.0,0.0,0.0,0.028522952139511823,0.0,0.0,0.0,0,0.0,0.0
2021-11-14,4.45550012588501,0.0,34.70112991333008,0.0,0.0,0.0,0.011478451892366464,0.026038612163187366,1,0,0.0,10,,0.0,0.0,0.0,0.0,0.0,0.0,,0.0,0.0,0.0,0.026038612163187366,0.0,0.0,0.0,0,0.0,0.0
2021-11-15,4.4070000648498535,-0.01088543590278157,33.74538040161133,-0.027542316751812956,0.016656880849031386,0.016656880849031386,0.011152450991545661,0.026767392712660484,1,0,0.0,10,19.374295305182944,0.0,0.0,0.0,0.0,0.0,0.0,,0.0,0.0,0.0,0.026767392712660484,0.0,0.0,0.0,0,0.0,0.0
2021-11-16,4.358500003814697,-0.011005232657469555,33.36859893798828,-0.011165423508014638,0.0001601908505450833,0.0001601908505450833,0.009386393824565019,0.016494992900593343,1,0,0.0,10,7.767421875472729,0.0,0.0,0.0,0.0,0.0,0.0,,0.0,0.0,0.0,0.016494992900593343,0.0,0.0,0.0,0,0.0,0.0
2021-11-17,4.2729997634887695,-0.019616895778615362,33.019378662109375,-0.010465536072638004,-0.009151359705977358,0.009151359705977358,0.008364431856955838,0.011282410185820161,0,0,0.0,10,4.122562250159074,0.0,0.0,0.0,0.0,0.0,0.0,,0.0,0.0,0.0,0.011282410185820161,0.0,0.0,0.0,0,0.0,0.0
2021-11-18,4.309999942779541,0.008659064202840572,33.10209274291992,0.0025050162711106605,0.006154047931729911,0.006154047931729911,0.010995511143863152,0.011868689339454001,1,0,0.0,10,2.2218655644921657,0.0,0.0,0.0,0.0,0.0,0.0,,0.0,0.0,0.0,0.011868689339454001,0.0,0.0,0.0,0,0.0,0.0
2021-11-19,4.4085001945495605,0.022853887024995245,33.083709716796875,-0.0005553433212157621,0.023409230346211007,0.023409230346211007,0.01733299993797945,0.011761623069269372,1,1,1.0,10,0.18235799743326234,-2.0,10.0,8.817000389099121,-330.83709716796875,0.0,0.0,Opened,8.817000389099121,-330.83709716796875,0.0,0.01733299993797945,339.65409755706787,0.0,0.0,0,0.0,339.65409755706787
2021-11-20,4.4085001945495605,0.0,33.083709716796875,0.0,0.0,0.0,0.016606162845499504,0.006389581978414961,1,1,0.0,10,,2.0,-10.0,-8.817000389099121,330.83709716796875,0.0,0.0,Live,0.0,0.0,0.0,0.016606162845499504,339.65409755706787,0.0,0.0,0,0.0,0.0
2021-11-21,4.4085001945495605,0.0,33.083709716796875,0.0,0.0,0.0,0.01544181755784462,0.005040014212915588,1,1,0.0,10,,2.0,-10.0,-8.817000389099121,330.83709716796875,0.0,0.0,Live,0.0,0.0,0.0,0.01544181755784462,339.65409755706787,0.0,0.0,0,0.0,0.0
2021-11-22,4.395500183105469,-0.0029488512805703193,33.239933013916016,0.004722061052295556,-0.007670912332865876,0.007670912332865876,0.010521331994282002,0.0022348918533872087,0,0,-1.0,10,12.109621387224756,2.0,-10.0,-8.791000366210938,332.39933013916016,0.026000022888183594,1.5622329711914062,Closed,-8.791000366210938,332.39933013916016,1.5882329940795898,0.010521331994282002,341.1903305053711,1.5882329940795898,0.004654976569022631,0,1.5882329940795898,0.0
2021-11-23,4.423500061035156,0.006370123254074267,33.497249603271484,0.007741188565203894,-0.0013710653111296267,0.0013710653111296267,0.010410301991524826,0.0036801026044066586,0,0,0.0,10,9.202438478901602,0.0,0.0,0.0,0.0,0.0,0.0,,0.0,0.0,0.0,0.010410301991524826,0.0,0.0,0.0,0,0.0,0.0
2021-11-24,4.458000183105469,0.007799281472653297,33.497249603271484,0.0,0.007799281472653297,0.007799281472653297,0.0046076789631298775,0.003576218071441471,1,0,0.0,10,0.0,0.0,0.0,0.0,0.0,0.0,0.0,,0.0,0.0,0.0,0.0046076789631298775,0.0,0.0,0.0,0,0.0,0.0
2021-11-25,4.458000183105469,0.0,33.497249603271484,0.0,0.0,0.0,0.0046076789631298775,0.003576218071441471,1,0,0.0,10,,0.0,0.0,0.0,0.0,0.0,0.0,,0.0,0.0,0.0,0.0046076789631298775,0.0,0.0,0.0,0,0.0,0.0
2021-11-26,4.281499862670898,-0.039591815429585564,31.97173309326172,-0.04554154529334187,0.005949729863756303,0.005949729863756303,0.019471961466045205,0.022008075107363752,1,0,0.0,10,8.58959309339711,0.0,0.0,0.0,0.0,0.0,0.0,,0.0,0.0,0.0,0.022008075107363752,0.0,0.0,0.0,0,0.0,0.0
2021-11-27,4.281499862670898,0.0,31.97173309326172,0.0,0.0,0.0,0.019619246402341653,0.02149526084019826,1,0,0.0,10,,0.0,0.0,0.0,0.0,0.0,0.0,,0.0,0.0,0.0,0.02149526084019826,0.0,0.0,0.0,0,0.0,0.0
2021-11-28,4.281499862670898,0.0,31.97173309326172,0.0,0.0,0.0,0.018882449506218105,0.02036679821525953,1,0,0.0,10,,0.0,0.0,0.0,0.0,0.0,0.0,,0.0,0.0,0.0,0.02036679821525953,0.0,0.0,0.0,0,0.0,0.0
2021-11-29,4.336999893188477,0.012962754244480124,32.64259719848633,0.02098303846299787,-0.008020284218517748,0.008020284218517748,0.019960733119634786,0.02446270732818597,0,0,0.0,10,12.183340547405484,0.0,0.0,0.0,0.0,0.0,0.0,,0.0,0.0,0.0,0.02446270732818597,0.0,0.0,0.0,0,0.0,0.0
2021-11-30,4.2779998779296875,-0.01360387749869496,32.633399963378906,-0.00028175561679411043,-0.01332212188190085,0.01332212188190085,0.019980443304552634,0.024448884991877442,0,0,0.0,10,0.15799066457598127,0.0,0.0,0.0,0.0,0.0,0.0,,0.0,0.0,0.0,0.024448884991877442,0.0,0.0,0.0,0,0.0,0.0
2021-12-01,4.247499942779541,-0.0071294848107631426,32.18309783935547,-0.01379881117287085,0.006669326362107708,0.006669326362107708,0.009897620475767015,0.012462400010747767,1,0,0.0,10,14.664862233107579,0.0,0.0,0.0,0.0,0.0,0.0,,0.0,0.0,0.0,0.012462400010747767,0.0,0.0,0.0,0,0.0,0.0
2021-12-02,4.298999786376953,0.012124742623000673,32.69773483276367,0.015990909140476628,-0.003866166517475955,0.003866166517475955,0.011695573098327907,0.01397911189304899,0,0,0.0,10,10.031153385454767,0.0,0.0,0.0,0.0,0.0,0.0,,0.0,0.0,0.0,0.01397911189304899,0.0,0.0,0.0,0,0.0,0.0
2021-12-03,4.266499996185303,-0.007559849222286252,32.29337692260742,-0.01236654197070175,0.0048066927484154975,0.0048066927484154975,0.01230887298765779,0.01594719526592475,1,0,0.0,10,12.381602407763124,0.0,0.0,0.0,0.0,0.0,0.0,,0.0,0.0,0.0,0.01594719526592475,0.0,0.0,0.0,0,0.0,0.0
2021-12-04,4.266499996185303,0.0,32.29337692260742,0.0,0.0,0.0,0.009845961903662737,0.012013125003158395,1,0,0.0,10,,0.0,0.0,0.0,0.0,0.0,0.0,,0.0,0.0,0.0,0.012013125003158395,0.0,0.0,0.0,0,0.0,0.0
2021-12-05,4.266499996185303,0.0,32.29337692260742,0.0,0.0,0.0,0.007963586374626004,0.012024390453181122,1,0,0.0,10,,0.0,0.0,0.0,0.0,0.0,0.0,,0.0,0.0,0.0,0.012024390453181122,0.0,0.0,0.0,0,0.0,0.0
2021-12-06,4.336999893188477,0.016524058845941214,32.85395812988281,0.017359014779372517,-0.0008349559334313028,0.0008349559334313028,0.009852111998316607,0.012469116507974887,0,0,0.0,10,7.958049347479854,0.0,0.0,0.0,0.0,0.0,0.0,,0.0,0.0,0.0,0.012469116507974887,0.0,0.0,0.0,0,0.0,0.0
2021-12-07,4.3379998207092285,0.00023055742342137364,33.75456619262695,0.02741246759929905,-0.027181910175877677,0.027181910175877677,0.008850709710573015,0.015777310462634263,0,1,1.0,10,925.1497215633539,9252.0,-10.0,-40135.17434120178,337.54566192626953,0.0,0.0,Opened,-40135.17434120178,337.54566192626953,0.0,0.015777310462634263,40472.72000312805,0.0,0.0,0,0.0,40472.72000312805
2021-12-08,4.390999794006348,0.012217606152056915,34.08540725708008,0.009801372133332098,0.0024162340187248166,0.0024162340187248166,0.007976365763133644,0.011760169851786543,1,0,-1.0,10,6.227386604685473,-9252.0,10.0,40625.53009414673,-340.8540725708008,490.3557529449463,-3.30841064453125,Closed,40625.53009414673,-340.8540725708008,487.04734230041504,0.011760169851786543,40966.38416671753,487.04734230041504,0.011888951202486371,0,487.04734230041504,0.0
2021-12-09,4.329999923706055,-0.013892023038479029,33.85565948486328,-0.006740355791673092,-0.007151667246805937,0.007151667246805937,0.011936010629311907,0.01357100290252526,0,0,0.0,10,3.7936801825540214,0.0,0.0,0.0,0.0,0.0,0.0,,0.0,0.0,0.0,0.01357100290252526,0.0,0.0,0.0,0,0.0,0.0
2021-12-10,4.2829999923706055,-0.010854487797593793,33.58915328979492,-0.007871835879833089,-0.0029826519177607036,0.0029826519177607036,0.013505595685915162,0.015304190202981386,0,0,0.0,10,5.6874511419373395,0.0,0.0,0.0,0.0,0.0,0.0,,0.0,0.0,0.0,0.015304190202981386,0.0,0.0,0.0,0,0.0,0.0
2021-12-11,4.2829999923706055,0.0,33.58915328979492,0.0,0.0,0.0,0.010366790694250378,0.014600869604926318,1,0,0.0,10,,0.0,0.0,0.0,0.0,0.0,0.0,,0.0,0.0,0.0,0.014600869604926318,0.0,0.0,0.0,0,0.0,0.0
2021-12-12,4.2829999923706055,0.0,33.58915328979492,0.0,0.0,0.0,0.01035233571495213,0.0070504662095431676,1,0,0.0,10,,0.0,0.0,0.0,0.0,0.0,0.0,,0.0,0.0,0.0,0.01035233571495213,0.0,0.0,0.0,0,0.0,0.0
2021-12-13,4.28000020980835,-0.0007003928479102361,33.570777893066406,-0.0005470634097257676,-0.00015332943818446854,0.00015332943818446854,0.0067414719863462995,0.003928640724476024,0,0,0.0,10,6.126516109449175,0.0,0.0,0.0,0.0,0.0,0.0,,0.0,0.0,0.0,0.0067414719863462995,0.0,0.0,0.0,0,0.0,0.0
2021-12-14,4.254000186920166,-0.006074771405057411,33.19398498535156,-0.011223836067041693,0.005149064661984282,0.005149064661984282,0.004823182995399609,0.005269538976400432,1,0,0.0,10,14.416945723253635,0.0,0.0,0.0,0.0,0.0,0.0,,0.0,0.0,0.0,0.005269538976400432,0.0,0.0,0.0,0,0.0,0.0
2021-12-15,4.179500102996826,-0.017512947966576542,32.80801010131836,-0.011627856197547026,-0.005885091769029516,0.005885091769029516,0.007518548151194009,0.0061640177798992155,0,0,0.0,10,5.211898442417576,0.0,0.0,0.0,0.0,0.0,0.0,,0.0,0.0,0.0,0.007518548151194009,0.0,0.0,0.0,0,0.0,0.0
2021-12-16,4.30049991607666,0.02895078600263057,33.10209274291992,0.008963745155325498,0.01998704084730507,0.01998704084730507,0.017160249481386766,0.008662500153793133,1,1,1.0,10,2.3832283103786054,-24.0,10.0,103.21199798583984,-331.0209274291992,0.0,0.0,Opened,103.21199798583984,-331.0209274291992,0.0,0.017160249481386766,434.23292541503906,0.0,0.0,0,0.0,434.23292541503906
2021-12-17,4.290999889373779,-0.002209051712189658,32.87234115600586,-0.006940696731725593,0.004731645019535935,0.004731645019535935,0.017218599040202176,0.008640292825226827,1,1,0.0,10,24.069624678994593,24.0,-10.0,-102.9839973449707,328.7234115600586,0.22800064086914062,-2.297515869140625,Live,0.0,0.0,0.0,0.017218599040202176,431.7074089050293,-2.0695152282714844,-0.004793791316949008,0,0.0,0.0
2021-12-18,4.290999889373779,0.0,32.87234115600586,0.0,0.0,0.0,0.017209332872887232,0.008702543497321661,1,1,0.0,10,,24.0,-10.0,-102.9839973449707,328.7234115600586,0.22800064086914062,-2.297515869140625,Live,0.0,0.0,0.0,0.017209332872887232,431.7074089050293,-2.0695152282714844,-0.004793791316949008,0,0.0,0.0
2021-12-19,4.290999889373779,0.0,32.87234115600586,0.0,0.0,0.0,0.01682778332635457,0.007830685979008054,1,1,0.0,10,,24.0,-10.0,-102.9839973449707,328.7234115600586,0.22800064086914062,-2.297515869140625,Live,0.0,0.0,0.0,0.01682778332635457,431.7074089050293,-2.0695152282714844,-0.004793791316949008,0,0.0,0.0
2021-12-20,4.288000106811523,-0.0006990870751790723,31.944154739379883,-0.028236091011010767,0.027537003935831694,0.027537003935831694,0.013302939032223335,0.014039000263334243,1,1,0.0,10,300.8914959962552,24.0,-10.0,-102.91200256347656,319.4415473937988,0.29999542236328125,-11.57938003540039,Live,0.0,0.0,0.0,0.014039000263334243,422.3535499572754,-11.27938461303711,-0.026706025352878207,1,-11.27938461303711,0.0
2021-12-21,4.3379998207092285,0.011660380749123567,32.8631477355957,0.02876873730776519,-0.017108356558641624,0.017108356558641624,0.005612770339790382,0.020401456632503177,0,0,-1.0,10,18.690791734743883,24.0,-10.0,-104.11199569702148,328.63147735595703,-0.8999977111816406,-2.3894500732421875,Closed,-104.11199569702148,328.63147735595703,-3.289447784423828,0.020401456632503177,432.7434730529785,-3.289447784423828,-0.00760138046962783,0,0.0,0.0
2021-12-22,4.389500141143799,0.01187190469412025,33.497249603271484,0.019295226153548173,-0.007423321459427923,0.007423321459427923,0.006578836019320028,0.02190087857256386,0,0,0.0,10,12.40290889837484,0.0,0.0,0.0,0.0,0.0,0.0,,0.0,0.0,0.0,0.02190087857256386,0.0,0.0,0.0,0,0.0,0.0
2021-12-23,4.38700008392334,-0.0005695539674381855,33.80052185058594,0.009053646221892642,-0.009623200189330827,0.009623200189330827,0.006681798828567869,0.021865285957028777,0,0,0.0,10,122.47414079898596,0.0,0.0,0.0,0.0,0.0,0.0,,0.0,0.0,0.0,0.021865285957028777,0.0,0.0,0.0,0,0.0,0.0
2021-12-24,4.38700008392334,0.0,33.80052185058594,0.0,0.0,0.0,0.006681798828567869,0.021865285957028777,1,0,0.0,10,,0.0,0.0,0.0,0.0,0.0,0.0,,0.0,0.0,0.0,0.021865285957028777,0.0,0.0,0.0,0,0.0,0.0
2021-12-25,4.38700008392334,0.0,33.80052185058594,0.0,0.0,0.0,0.006553121100602378,0.012544224182131943,1,0,0.0,10,,0.0,0.0,0.0,0.0,0.0,0.0,,0.0,0.0,0.0,0.012544224182131943,0.0,0.0,0.0,0,0.0,0.0
2021-12-26,4.38700008392334,0.0,33.80052185058594,0.0,0.0,0.0,0.005378612423253648,0.008566541735670558,1,0,0.0,10,,0.0,0.0,0.0,0.0,0.0,0.0,,0.0,0.0,0.0,0.008566541735670558,0.0,0.0,0.0,0,0.0,0.0
2021-12-27,4.465000152587891,0.017779819277959685,34.06703186035156,0.007884789795368441,0.009895029482591244,0.009895029482591244,0.00801884840340283,0.00465715302213047,1,1,1.0,10,3.383573353021277,-34.0,10.0,151.81000518798828,-340.6703186035156,0.0,0.0,Opened,151.81000518798828,-340.6703186035156,0.0,0.00801884840340283,492.4803237915039,0.0,0.0,0,0.0,492.4803237915039
2021-12-28,4.420000076293945,-0.010078404200694946,33.929176330566406,-0.004046596438170957,-0.0060318077625239885,0.0060318077625239885,0.010072659107095669,0.004347370101598939,0,0,-1.0,10,3.082117297526448,34.0,-10.0,-150.28000259399414,339.29176330566406,1.5300025939941406,-1.3785552978515625,Closed,-150.28000259399414,339.29176330566406,0.15144729614257812,0.010072659107095669,489.5717658996582,0.15144729614257812,0.00030934646703792656,0,0.15144729614257812,0.0
2021-12-29,4.4019999504089355,-0.004072426600522205,34.07622146606445,0.004333884620876471,-0.008406311221398677,0.008406311221398677,0.010388057466789306,0.0045817801415409965,0,0,0.0,10,8.238070008949354,0.0,0.0,0.0,0.0,0.0,0.0,,0.0,0.0,0.0,0.010388057466789306,0.0,0.0,0.0,0,0.0,0.0
2021-12-30,4.384500026702881,-0.003975448410540983,34.034427642822266,-0.001226480561637655,-0.0027489678489033276,0.0027489678489033276,0.010607321131815771,0.004721848118889883,0,0,0.0,10,2.3948202508922107,0.0,0.0,0.0,0.0,0.0,0.0,,0.0,0.0,0.0,0.010607321131815771,0.0,0.0,0.0,0,0.0,0.0
2021-12-31,4.454999923706055,0.0160793469206999,34.27587890625,0.007094324193186674,0.008985022727513226,0.008985022727513226,0.012836721778541296,0.005237776706839913,1,0,0.0,10,3.3945602723907093,0.0,0.0,0.0,0.0,0.0,0.0,,0.0,0.0,0.0,0.012836721778541296,0.0,0.0,0.0,0,0.0,0.0
2022-01-01,4.454999923706055,0.0,34.27587890625,0.0,0.0,0.0,0.009895333379294076,0.0044557283197142646,1,0,0.0,10,,0.0,0.0,0.0,0.0,0.0,0.0,,0.0,0.0,0.0,0.009895333379294076,0.0,0.0,0.0,0,0.0,0.0
2022-01-02,4.454999923706055,0.0,34.27587890625,0.0,0.0,0.0,0.008337165850435615,0.003528498064541742,1,0,0.0,10,,0.0,0.0,0.0,0.0,0.0,0.0,,0.0,0.0,0.0,0.008337165850435615,0.0,0.0,0.0,0,0.0,0.0
2022-01-03,4.4145002365112305,-0.009090839032188547,34.1458625793457,-0.003793231014145859,-0.005297608018042688,0.005297608018042688,0.009423073228606214,0.004042322610527189,0,0,0.0,10,3.227467432127594,0.0,0.0,0.0,0.0,0.0,0.0,,0.0,0.0,0.0,0.009423073228606214,0.0,0.0,0.0,0,0.0,0.0
2022-01-04,4.466000080108643,0.01166606429680761,34.74019241333008,0.01740561781396832,-0.0057395535171607115,0.0057395535171607115,0.010095632659709582,0.00839523663664447,0,0,0.0,10,11.605893219940684,0.0,0.0,0.0,0.0,0.0,0.0,,0.0,0.0,0.0,0.010095632659709582,0.0,0.0,0.0,0,0.0,0.0
2022-01-05,4.4045000076293945,-0.013770728028681956,34.27587890625,-0.013365311900285226,-0.00040541612839672947,0.00040541612839672947,0.009789094755112854,0.011135118836403446,0,0,0.0,10,7.552907776175,0.0,0.0,0.0,0.0,0.0,0.0,,0.0,0.0,0.0,0.011135118836403446,0.0,0.0,0.0,0,0.0,0.0
2022-01-06,4.3480000495910645,-0.012827780211252526,34.09014892578125,-0.0054186788609199565,-0.00740910135033257,0.00740910135033257,0.010694644466883016,0.011401630127920377,0,0,0.0,10,3.3119308545489474,0.0,0.0,0.0,0.0,0.0,0.0,,0.0,0.0,0.0,0.011401630127920377,0.0,0.0,0.0,0,0.0,0.0
2022-01-07,4.4029998779296875,0.012649454395428528,34.879486083984375,0.023154406275009753,-0.010504951879581226,0.010504951879581226,0.013295311271869847,0.01578597534158325,0,0,0.0,10,14.50050941501287,0.0,0.0,0.0,0.0,0.0,0.0,,0.0,0.0,0.0,0.01578597534158325,0.0,0.0,0.0,0,0.0,0.0
2022-01-08,4.4029998779296875,0.0,34.879486083984375,0.0,0.0,0.0,0.012740175038165932,0.015429165391599784,1,0,0.0,10,,0.0,0.0,0.0,0.0,0.0,0.0,,0.0,0.0,0.0,0.015429165391599784,0.0,0.0,0.0,0,0.0,0.0
2022-01-09,4.4029998779296875,0.0,34.879486083984375,0.0,0.0,0.0,0.010900440030782825,0.013604227894162399,1,0,0.0,10,,0.0,0.0,0.0,0.0,0.0,0.0,,0.0,0.0,0.0,0.013604227894162399,0.0,0.0,0.0,0,0.0,0.0
2022-01-10,4.3445000648498535,-0.013286353554781583,34.80519485473633,-0.0021299404775966257,-0.011156413077184957,0.011156413077184957,0.01077993870949928,0.011416185218831205,0,0,0.0,10,1.2842983465770095,0.0,0.0,0.0,0.0,0.0,0.0,,0.0,0.0,0.0,0.011416185218831205,0.0,0.0,0.0,0,0.0,0.0
2022-01-11,4.420499801635742,0.017493321590850375,35.78025817871094,0.028014879044468977,-0.010521557453618602,0.010521557453618602,0.012100871788096292,0.014530357495243576,0,0,0.0,10,12.962493933598026,0.0,0.0,0.0,0.0,0.0,0.0,,0.0,0.0,0.0,0.014530357495243576,0.0,0.0,0.0,0,0.0,0.0
2022-01-12,4.564000129699707,0.03246246680315745,37.711814880371094,0.05398386708146852,-0.021521400278311065,0.021521400278311065,0.017800461733646248,0.02463647081181419,0,0,0.0,10,13.740870868891136,0.0,0.0,0.0,0.0,0.0,0.0,,0.0,0.0,0.0,0.02463647081181419,0.0,0.0,0.0,0,0.0,0.0
2022-01-13,4.533999919891357,-0.006573227203287457,37.266075134277344,-0.011819631261654195,0.005246404058366738,0.005246404058366738,0.018697634977869526,0.027005525617933793,1,0,0.0,10,14.77942136767682,0.0,0.0,0.0,0.0,0.0,0.0,,0.0,0.0,0.0,0.027005525617933793,0.0,0.0,0.0,0,0.0,0.0
2022-01-14,4.411499977111816,-0.02701807343271334,36.88533401489258,-0.01021682906001975,-0.01680124437269359,0.01680124437269359,0.024018970980542575,0.028630400125524556,0,0,0.0,10,3.161762095839934,0.0,0.0,0.0,0.0,0.0,0.0,,0.0,0.0,0.0,0.028630400125524556,0.0,0.0,0.0,0,0.0,0.0
2022-01-15,4.411499977111816,0.0,36.88533401489258,0.0,0.0,0.0,0.022800506393456203,0.028390506724848077,1,0,0.0,10,,0.0,0.0,0.0,0.0,0.0,0.0,,0.0,0.0,0.0,0.028390506724848077,0.0,0.0,0.0,0,0.0,0.0
2022-01-16,4.411499977111816,0.0,36.88533401489258,0.0,0.0,0.0,0.021370192474935705,0.027176358404584083,1,0,0.0,10,,0.0,0.0,0.0,0.0,0.0,0.0,,0.0,0.0,0.0,0.027176358404584083,0.0,0.0,0.0,0,0.0,0.0
2022-01-17,4.411499977111816,0.0,36.88533401489258,0.0,0.0,0.0,0.011699449903712269,0.006061480068873093,1,0,0.0,10,,0.0,0.0,0.0,0.0,0.0,0.0,,0.0,0.0,0.0,0.011699449903712269,0.0,0.0,0.0,0,0.0,0.0
2022-01-18,4.375999927520752,-0.008047160778703266,37.1917839050293,0.008308177174510378,-0.016355337953213644,0.016355337953213644,0.011713442689421961,0.006570403594922756,0,1,1.0,10,8.774710051119234,88.0,-10.0,-385.0879936218262,371.91783905029297,0.0,0.0,Opened,-385.0879936218262,371.91783905029297,0.0,0.011713442689421961,757.0058326721191,0.0,0.0,0,0.0,757.0058326721191
2022-01-19,4.462500095367432,0.019766949104061515,37.87897872924805,0.018477060040290816,0.0012898890637706995,0.0012898890637706995,0.010344302608230995,0.008169115147384701,1,0,-1.0,10,7.934384615733014,-88.0,10.0,392.700008392334,-378.78978729248047,7.6120147705078125,-6.8719482421875,Closed,392.700008392334,-378.78978729248047,0.7400665283203125,0.010344302608230995,771.4897956848145,0.7400665283203125,0.0009592693674754194,0,0.7400665283203125,0.0
2022-01-20,4.576499938964844,0.025546182893252167,37.56324005126953,-0.008335459100821008,0.033881641994073175,0.033881641994073175,0.014407862538585385,0.010146779927962295,1,1,1.0,10,2.678138868596709,-27.0,10.0,123.56549835205078,-375.6324005126953,0.0,0.0,Opened,123.56549835205078,-375.6324005126953,0.0,0.014407862538585385,499.1978988647461,0.0,0.0,0,0.0,499.1978988647461
2022-01-21,4.512499809265137,-0.013984514487764499,36.37458419799805,-0.03164412472537259,0.017659610237608092,0.017659610237608092,0.01728625128427787,0.019016045246394154,1,1,0.0,10,18.24007145835951,27.0,-10.0,-121.83749485015869,363.74584197998047,1.7280035018920898,-11.886558532714844,Live,0.0,0.0,0.0,0.019016045246394154,485.58333683013916,-10.158555030822754,-0.02092031225193441,1,-10.158555030822754,0.0
2022-01-22,4.512499809265137,0.0,36.37458419799805,0.0,0.0,0.0,0.01728625128427787,0.019016045246394154,1,1,0.0,10,,27.0,-10.0,-121.83749485015869,363.74584197998047,1.7280035018920898,-11.886558532714844,Live,0.0,0.0,0.0,0.019016045246394154,485.58333683013916,-10.158555030822754,-0.02092031225193441,1,0.0,0.0
2022-01-23,4.512499809265137,0.0,36.37458419799805,0.0,0.0,0.0,0.01614473542478025,0.018164254388470184,1,1,0.0,10,,27.0,-10.0,-121.83749485015869,363.74584197998047,1.7280035018920898,-11.886558532714844,Live,0.0,0.0,0.0,0.018164254388470184,485.58333683013916,-10.158555030822754,-0.02092031225193441,1,0.0,0.0
2022-01-24,4.4029998779296875,-0.024265913786992832,35.501670837402344,-0.023997892480204563,-0.00026802130678826863,0.00026802130678826863,0.018739857974708982,0.01438841423368725,0,0,-1.0,10,7.9740062642418215,27.0,-10.0,-118.88099670410156,355.01670837402344,4.684501647949219,-20.615692138671875,Closed,-118.88099670410156,355.01670837402344,-15.931190490722656,0.018739857974708982,473.897705078125,-15.931190490722656,-0.0336173615529459,1,0.0,0.0
2022-01-25,4.442999839782715,0.009084706555076094,35.59453582763672,0.0026157921034111187,0.0064689144516649755,0.0064689144516649755,0.013198534444040844,0.015982300614566843,1,0,0.0,10,2.3067437731536486,0.0,0.0,0.0,0.0,0.0,0.0,,0.0,0.0,0.0,0.015982300614566843,0.0,0.0,0.0,0,0.0,0.0
2022-01-26,4.504499912261963,0.01384201546184527,35.501670837402344,-0.0026089675866000084,0.016450983048445278,0.016450983048445278,0.014685104444948374,0.010890749001822731,1,1,1.0,10,1.4854962633948037,-15.0,10.0,67.56749868392944,-355.01670837402344,0.0,0.0,Opened,67.56749868392944,-355.01670837402344,0.0,0.014685104444948374,422.5842070579529,0.0,0.0,0,0.0,422.5842070579529
2022-01-27,4.413000106811523,-0.02031297751862804,35.01878356933594,-0.013601818074367,-0.006711159444261039,0.006711159444261039,0.017188816319387464,0.011089548711356695,0,0,-1.0,10,5.3136199905067665,15.0,-10.0,-66.19500160217285,350.1878356933594,1.3724970817565918,-4.8288726806640625,Closed,-66.19500160217285,350.1878356933594,-3.4563755989074707,0.017188816319387464,416.3828372955322,-3.4563755989074707,-0.008300955969648362,0,-3.4563755989074707,0.0
2022-01-28,4.302999973297119,-0.02492638360570576,34.32230758666992,-0.019888640086170306,-0.005037743519535454,0.005037743519535454,0.01912457316216024,0.01128372959160461,0,0,0.0,10,6.364304494974246,0.0,0.0,0.0,0.0,0.0,0.0,,0.0,0.0,0.0,0.01912457316216024,0.0,0.0,0.0,0,0.0,0.0
2022-01-29,4.302999973297119,0.0,34.32230758666992,0.0,0.0,0.0,0.017381773268149065,0.009617507411020383,1,0,0.0,10,,0.0,0.0,0.0,0.0,0.0,0.0,,0.0,0.0,0.0,0.017381773268149065,0.0,0.0,0.0,0,0.0,0.0
2022-01-30,4.302999973297119,0.0,34.32230758666992,0.0,0.0,0.0,0.01603421641714284,0.009037981846334645,1,0,0.0,10,,0.0,0.0,0.0,0.0,0.0,0.0,,0.0,0.0,0.0,0.01603421641714284,0.0,0.0,0.0,0,0.0,0.0
2022-01-31,4.317999839782715,0.0034859090352497013,34.74019241333008,0.012175312676891537,-0.008689403641641835,0.008689403641641835,0.013204384355792902,0.012628723339946758,0,0,0.0,10,28.100475630400624,0.0,0.0,0.0,0.0,0.0,0.0,,0.0,0.0,0.0,0.013204384355792902,0.0,0.0,0.0,0,0.0,0.0
2022-02-01,4.428999900817871,0.025706360619212498,35.40880584716797,0.019246106235765614,0.006460254383446884,0.006460254383446884,0.017962833719861945,0.014896374147787841,1,0,0.0,10,5.985602785749325,0.0,0.0,0.0,0.0,0.0,0.0,,0.0,0.0,0.0,0.017962833719861945,0.0,0.0,0.0,0,0.0,0.0
2022-02-02,4.491000175476074,0.013998707619468309,35.69668197631836,0.008130071666153427,0.005868635953314882,0.005868635953314882,0.011133735329247763,0.008244465233022736,1,0,0.0,10,4.616270073115229,0.0,0.0,0.0,0.0,0.0,0.0,,0.0,0.0,0.0,0.011133735329247763,0.0,0.0,0.0,0,0.0,0.0
2022-02-03,4.4664998054504395,-0.005455437334298874,35.30665969848633,-0.010926009260210146,0.005470571925911272,0.005470571925911272,0.012388502277351273,0.011621563486953038,1,0,0.0,10,15.831472287438796,0.0,0.0,0.0,0.0,0.0,0.0,,0.0,0.0,0.0,0.012388502277351273,0.0,0.0,0.0,0,0.0,0.0
2022-02-04,4.483500003814697,0.0038061567457168266,35.538818359375,0.006575492070653777,-0.00276933532493695,0.00276933532493695,0.01191677878124291,0.011175217874055777,0,0,0.0,10,13.693907758354277,0.0,0.0,0.0,0.0,0.0,0.0,,0.0,0.0,0.0,0.01191677878124291,0.0,0.0,0.0,0,0.0,0.0
2022-02-05,4.483500003814697,0.0,35.538818359375,0.0,0.0,0.0,0.012363058099110287,0.011102806341331178,1,0,0.0,10,,0.0,0.0,0.0,0.0,0.0,0.0,,0.0,0.0,0.0,0.012363058099110287,0.0,0.0,0.0,0,0.0,0.0
2022-02-06,4.483500003814697,0.0,35.538818359375,0.0,0.0,0.0,0.00724069698127452,0.007514250348735636,1,0,0.0,10,,0.0,0.0,0.0,0.0,0.0,0.0,,0.0,0.0,0.0,0.007514250348735636,0.0,0.0,0.0,0,0.0,0.0
2022-02-07,4.46150016784668,-0.0049068441952268005,35.956703186035156,0.011758545892956551,-0.01666539008818335,0.01666539008818335,0.003864233145188224,0.008513260215512356,0,1,1.0,10,19.313024958113814,194.0,-10.0,-865.5310325622559,359.56703186035156,0.0,0.0,Opened,-865.5310325622559,359.56703186035156,0.0,0.008513260215512356,1225.0980644226074,0.0,0.0,0,0.0,1225.0980644226074
2022-02-08,4.459499835968018,-0.00044835409691967865,36.78318786621094,0.022985552259884967,-0.023433906356804646,0.023433906356804646,0.0030937462962769436,0.009596541081717593,0,1,0.0,10,422.8603969726649,-194.0,10.0,865.1429681777954,-367.8318786621094,-0.3880643844604492,-8.264846801757812,Live,0.0,0.0,0.0,0.009596541081717593,1232.9748468399048,-8.652911186218262,-0.007017913794750588,0,0.0,0.0
2022-02-09,4.600500106811523,0.03161795627982111,38.064701080322266,0.0348396451871571,-0.0032216889073359845,0.0032216889073359845,0.014883101232952948,0.01509983794229507,0,1,0.0,10,9.117112365423226,-194.0,10.0,892.4970207214355,-380.64701080322266,26.965988159179688,-21.079978942871094,Live,0.0,0.0,0.0,0.01509983794229507,1273.1440315246582,5.886009216308594,0.004623207642311909,0,0.0,0.0
2022-02-10,4.65749979019165,0.012389888502715829,38.25971221923828,0.0051231490956547,0.007266739407061129,0.007266739407061129,0.014821245069431976,0.014057227608542769,1,0,-1.0,10,3.396709860166046,-194.0,10.0,903.5549592971802,-382.5971221923828,38.023926734924316,-23.03009033203125,Closed,903.5549592971802,-382.5971221923828,14.993836402893066,0.014821245069431976,1286.152081489563,14.993836402893066,0.011657903150557347,0,14.993836402893066,0.0
2022-02-11,4.505000114440918,-0.03274281967159409,37.86968994140625,-0.010194072438315827,-0.022548747233278266,0.022548747233278266,0.023677994357714095,0.017162348846441588,0,0,0.0,10,2.6171498037655474,0.0,0.0,0.0,0.0,0.0,0.0,,0.0,0.0,0.0,0.023677994357714095,0.0,0.0,0.0,0,0.0,0.0
2022-02-12,4.505000114440918,0.0,37.86968994140625,0.0,0.0,0.0,0.023463256825833247,0.01813628663575317,1,0,0.0,10,,0.0,0.0,0.0,0.0,0.0,0.0,,0.0,0.0,0.0,0.023463256825833247,0.0,0.0,0.0,0,0.0,0.0
2022-02-13,4.505000114440918,0.0,37.86968994140625,0.0,0.0,0.0,0.023451634155847778,0.01707872423697047,1,0,0.0,10,,0.0,0.0,0.0,0.0,0.0,0.0,,0.0,0.0,0.0,0.023451634155847778,0.0,0.0,0.0,0,0.0,0.0
2022-02-14,4.507500171661377,0.0005549516441620828,38.12041473388672,0.006620724723872984,-0.006065773079710901,0.006065773079710901,0.016937514205391843,0.006586337915317349,0,0,0.0,10,100.89560614392433,0.0,0.0,0.0,0.0,0.0,0.0,,0.0,0.0,0.0,0.016937514205391843,0.0,0.0,0.0,0,0.0,0.0
2022-02-15,4.531499862670898,0.005324390481537211,38.287574768066406,0.004385052873810746,0.0009393376077264648,0.0009393376077264648,0.01546302089019165,0.006458521974877228,1,0,0.0,10,6.958583175643955,0.0,0.0,0.0,0.0,0.0,0.0,,0.0,0.0,0.0,0.01546302089019165,0.0,0.0,0.0,0,0.0,0.0
2022-02-16,4.540500164031982,0.0019861638825646732,38.64045333862305,0.009216529714777266,-0.007230365832212593,0.007230365832212593,0.002248817208136331,0.004068745566844173,0,1,1.0,10,39.49033925883245,395.0,-10.0,-1793.497564792633,386.40453338623047,0.0,0.0,Opened,-1793.497564792633,386.40453338623047,0.0,0.004068745566844173,2179.9020981788635,0.0,0.0,0,0.0,2179.9020981788635
2022-02-17,4.525000095367432,-0.0034137359552007807,38.12041473388672,-0.013458398124344018,0.010044662169143237,0.010044662169143237,0.0031737948163991403,0.008944069140093717,1,0,-1.0,10,33.212568967476905,-395.0,10.0,1787.3750376701355,-381.2041473388672,-6.122527122497559,5.200386047363281,Closed,1787.3750376701355,-381.2041473388672,-0.9221410751342773,0.008944069140093717,2168.5791850090027,-0.9221410751342773,-0.00042522822385683334,0,-0.9221410751342773,0.0
2022-02-18,4.519499778747559,-0.0012155395588839824,37.9439811706543,-0.004628322237942073,0.0034127826790580906,0.0034127826790580906,0.0033029700393887563,0.009349395769861324,1,0,0.0,10,31.967378093411412,0.0,0.0,0.0,0.0,0.0,0.0,,0.0,0.0,0.0,0.009349395769861324,0.0,0.0,0.0,0,0.0,0.0
2022-02-19,4.519499778747559,0.0,37.9439811706543,0.0,0.0,0.0,0.003316144572580563,0.008699133050644198,1,0,0.0,10,,0.0,0.0,0.0,0.0,0.0,0.0,,0.0,0.0,0.0,0.008699133050644198,0.0,0.0,0.0,0,0.0,0.0
2022-02-20,4.519499778747559,0.0,37.9439811706543,0.0,0.0,0.0,0.0019798212507769826,0.008242545273917292,1,0,0.0,10,,0.0,0.0,0.0,0.0,0.0,0.0,,0.0,0.0,0.0,0.008242545273917292,0.0,0.0,0.0,0,0.0,0.0
2022-02-21,4.519499778747559,0.0,37.9439811706543,0.0,0.0,0.0,0.0014870349049352022,0.00585499692824122,1,0,0.0,10,,0.0,0.0,0.0,0.0,0.0,0.0,,0.0,0.0,0.0,0.00585499692824122,0.0,0.0,0.0,0,0.0,0.0
2022-02-22,4.510000228881836,-0.0021019029385493937,37.89754867553711,-0.001223711737267541,-0.0008781912012818527,0.0008781912012818527,0.0009610472721906189,0.0020043438343222007,0,0,0.0,10,4.892164183752242,0.0,0.0,0.0,0.0,0.0,0.0,,0.0,0.0,0.0,0.0020043438343222007,0.0,0.0,0.0,0,0.0,0.0
2022-02-23,4.481500148773193,-0.006319307907376448,37.65610122680664,-0.006371057157222526,5.1749249846078094e-05,5.1749249846078094e-05,0.0027462833962014176,0.0027636812770455133,1,0,0.0,10,8.471375295284266,0.0,0.0,0.0,0.0,0.0,0.0,,0.0,0.0,0.0,0.0027636812770455133,0.0,0.0,0.0,0,0.0,0.0
2022-02-24,4.453999996185303,-0.00613637212428042,37.36822509765625,-0.007644873467289703,0.001508501343009283,0.001508501343009283,0.0031473030856620774,0.003677043315776617,1,0,0.0,10,10.452276054136501,0.0,0.0,0.0,0.0,0.0,0.0,,0.0,0.0,0.0,0.003677043315776617,0.0,0.0,0.0,0,0.0,0.0
2022-02-25,4.4720001220703125,0.0040413394477831766,38.90047073364258,0.041003971475285006,-0.03696263202750183,0.03696263202750183,0.004365227949563096,0.02030454059970063,0,1,1.0,10,88.25791077299145,883.0,-10.0,-3948.776107788086,389.0047073364258,0.0,0.0,Opened,-3948.776107788086,389.0047073364258,0.0,0.02030454059970063,4337.780815124512,0.0,0.0,0,0.0,4337.780815124512
2022-02-26,4.4720001220703125,0.0,38.90047073364258,0.0,0.0,0.0,0.004365227949563096,0.02030454059970063,1,0,-1.0,10,,-883.0,10.0,3948.776107788086,-389.0047073364258,0.0,0.0,Closed,3948.776107788086,-389.0047073364258,0.0,0.02030454059970063,4337.780815124512,0.0,0.0,0,0.0,0.0
2022-02-27,4.4720001220703125,0.0,38.90047073364258,0.0,0.0,0.0,0.004465448306603746,0.020215645343303074,1,0,0.0,10,,0.0,0.0,0.0,0.0,0.0,0.0,,0.0,0.0,0.0,0.020215645343303074,0.0,0.0,0.0,0,0.0,0.0
2022-02-28,4.444499969482422,-0.006149407834801113,39.5598030090332,0.016949210715345053,-0.023098618550146166,0.023098618550146166,0.004421779738682749,0.019499104630914647,0,1,1.0,10,24.53281562193396,246.0,-10.0,-1093.3469924926758,395.59803009033203,0.0,0.0,Opened,-1093.3469924926758,395.59803009033203,0.0,0.019499104630914647,1488.9450225830078,0.0,0.0,0,0.0,1488.9450225830078
2022-03-01,4.58650016784668,0.031949645480770394,39.569091796875,0.00023480369302331106,0.03171484178774708,0.03171484178774708,0.014973506126733984,0.017968640830305943,1,0,-1.0,10,0.06340354611364708,-246.0,10.0,1128.2790412902832,-395.69091796875,34.93204879760742,-0.09288787841796875,Closed,1128.2790412902832,-395.69091796875,34.83916091918945,0.017968640830305943,1523.9699592590332,34.83916091918945,0.02286079243722661,0,34.83916091918945,0.0
2022-03-02,4.6554999351501465,0.015044100027987506,40.72987747192383,0.029335666358167423,-0.014291566330179917,0.014291566330179917,0.01542131661623675,0.013370640014608961,0,0,0.0,10,17.059901680864854,0.0,0.0,0.0,0.0,0.0,0.0,,0.0,0.0,0.0,0.01542131661623675,0.0,0.0,0.0,0,0.0,0.0
2022-03-03,4.771500110626221,0.02491680315582112,41.67708206176758,0.02325576821331432,0.0016610349425068005,0.0016610349425068005,0.016131193071010592,0.013369931716809523,1,0,0.0,10,8.152310939065027,0.0,0.0,0.0,0.0,0.0,0.0,,0.0,0.0,0.0,0.016131193071010592,0.0,0.0,0.0,0,0.0,0.0
2022-03-04,4.928999900817871,0.03300844316044249,41.32420349121094,-0.00846696920944845,0.04147541236989094,0.04147541236989094,0.016157337835946084,0.015879913269274553,1,1,1.0,10,2.1505454286047754,-22.0,10.0,108.43799781799316,-413.2420349121094,0.0,0.0,Opened,108.43799781799316,-413.2420349121094,0.0,0.016157337835946084,521.6800327301025,0.0,0.0,0,0.0,521.6800327301025
2022-03-05,4.928999900817871,0.0,41.32420349121094,0.0,0.0,0.0,0.013746910764471052,0.016428693085706252,1,1,0.0,10,,22.0,-10.0,-108.43799781799316,413.2420349121094,0.0,0.0,Live,0.0,0.0,0.0,0.016428693085706252,521.6800327301025,0.0,0.0,0,0.0,0.0
2022-03-06,4.928999900817871,0.0,41.32420349121094,0.0,0.0,0.0,0.01476333502170783,0.01645985992320255,1,1,0.0,10,,22.0,-10.0,-108.43799781799316,413.2420349121094,0.0,0.0,Live,0.0,0.0,0.0,0.01645985992320255,521.6800327301025,0.0,0.0,0,0.0,0.0
2022-03-07,4.7220001220703125,-0.041996304100799686,40.042686462402344,-0.031011294121643607,-0.01098500997915608,0.01098500997915608,0.029254690724259194,0.01950376128029514,0,0,-1.0,10,6.2618986006970285,22.0,-10.0,-103.88400268554688,400.42686462402344,4.553995132446289,-12.815170288085938,Closed,-103.88400268554688,400.42686462402344,-8.261175155639648,0.029254690724259194,504.3108673095703,-8.261175155639648,-0.016381116670580374,0,-8.261175155639648,0.0
2022-03-08,4.700500011444092,-0.0045531787527346435,39.569091796875,-0.011827245056897473,0.0072740663041628295,0.0072740663041628295,0.02663318589449723,0.012716353822329697,1,0,0.0,10,21.866582802411344,0.0,0.0,0.0,0.0,0.0,0.0,,0.0,0.0,0.0,0.02663318589449723,0.0,0.0,0.0,0,0.0,0.0
2022-03-09,4.564000129699707,-0.029039438658026717,39.81053161621094,0.0061017275952490735,-0.03514116625327579,0.03514116625327579,0.019267673584259654,0.014738525225750587,0,1,1.0,10,1.8328078110257513,19.0,-10.0,-86.71600246429443,398.1053161621094,0.0,0.0,Opened,-86.71600246429443,398.1053161621094,0.0,0.019267673584259654,484.8213186264038,0.0,0.0,0,0.0,484.8213186264038
2022-03-10,4.643499851226807,0.01741886925238334,40.683448791503906,0.021926790219940484,-0.004507920967557144,0.004507920967557144,0.02374013480647819,0.0198477451564044,0,1,0.0,10,11.028778838841037,-19.0,10.0,88.22649717330933,-406.83448791503906,1.5104947090148926,-8.729171752929688,Live,0.0,0.0,0.0,0.02374013480647819,495.0609850883484,-7.218677043914795,-0.014581389488057825,0,0.0,0.0
2022-03-11,4.616000175476074,-0.0059221872793787655,39.85696029663086,-0.020315104039204446,0.01439291675982568,0.01439291675982568,0.023155108868479855,0.021127871774894454,1,0,-1.0,10,29.61933277331875,-19.0,10.0,87.70400333404541,-398.5696029663086,0.9880008697509766,-0.46428680419921875,Closed,87.70400333404541,-398.5696029663086,0.5237140655517578,0.023155108868479855,486.273606300354,0.5237140655517578,0.0010769946358722957,0,0.5237140655517578,0.0
2022-03-12,4.616000175476074,0.0,39.85696029663086,0.0,0.0,0.0,0.016619744808189823,0.016334148777897288,1,0,0.0,10,,0.0,0.0,0.0,0.0,0.0,0.0,,0.0,0.0,0.0,0.016619744808189823,0.0,0.0,0.0,0,0.0,0.0
2022-03-13,4.616000175476074,0.0,39.85696029663086,0.0,0.0,0.0,0.016734908450264832,0.015156016220495406,1,0,0.0,10,,0.0,0.0,0.0,0.0,0.0,0.0,,0.0,0.0,0.0,0.016734908450264832,0.0,0.0,0.0,0,0.0,0.0
2022-03-14,4.512499809265137,-0.02242208888136854,38.11113357543945,-0.043802304746731635,0.021380215865363095,0.021380215865363095,0.01429481090103143,0.02477962784023526,1,0,0.0,10,16.49892174394779,0.0,0.0,0.0,0.0,0.0,0.0,,0.0,0.0,0.0,0.02477962784023526,0.0,0.0,0.0,0,0.0,0.0
2022-03-15,4.501500129699707,-0.002437602222795654,37.50751876831055,-0.015838280064120247,0.013400677841324593,0.013400677841324593,0.009410890887806002,0.018052797793841693,1,0,0.0,10,54.13850380300909,0.0,0.0,0.0,0.0,0.0,0.0,,0.0,0.0,0.0,0.018052797793841693,0.0,0.0,0.0,0,0.0,0.0
2022-03-16,4.5879998207092285,0.01921574775458068,39.318355560302734,0.04827930109634804,-0.029063553341767356,0.029063553341767356,0.014761149318918067,0.03344610656466082,0,0,0.0,10,21.531567065124346,0.0,0.0,0.0,0.0,0.0,0.0,,0.0,0.0,0.0,0.03344610656466082,0.0,0.0,0.0,0,0.0,0.0
2022-03-17,4.690499782562256,0.022340881834904458,40.228416442871094,0.02314595484983073,-0.0008050730149262719,0.0008050730149262719,0.01817480664527747,0.03538482535644242,0,0,0.0,10,8.885637817441383,0.0,0.0,0.0,0.0,0.0,0.0,,0.0,0.0,0.0,0.03538482535644242,0.0,0.0,0.0,0,0.0,0.0
2022-03-18,4.730500221252441,0.008527969415731418,40.77631378173828,0.013619659616611157,-0.005091690200879739,0.005091690200879739,0.01818322718855032,0.03568101133887203,0,0,0.0,10,13.766435841802314,0.0,0.0,0.0,0.0,0.0,0.0,,0.0,0.0,0.0,0.03568101133887203,0.0,0.0,0.0,0,0.0,0.0
2022-03-19,4.730500221252441,0.0,40.77631378173828,0.0,0.0,0.0,0.011101586253822703,0.02421291341575265,1,0,0.0,10,,0.0,0.0,0.0,0.0,0.0,0.0,,0.0,0.0,0.0,0.02421291341575265,0.0,0.0,0.0,0,0.0,0.0
2022-03-20,4.730500221252441,0.0,40.77631378173828,0.0,0.0,0.0,0.010480849366604553,0.02003493034501344,1,0,0.0,10,,0.0,0.0,0.0,0.0,0.0,0.0,,0.0,0.0,0.0,0.02003493034501344,0.0,0.0,0.0,0,0.0,0.0
2022-03-21,4.701499938964844,-0.00613048957429696,41.76066970825195,0.02414038531738294,-0.0302708748916799,0.0302708748916799,0.011034342507049396,0.011854117378795078,0,1,1.0,10,34.97679886221998,350.0,-10.0,-1645.5249786376953,417.60669708251953,0.0,0.0,Opened,-1645.5249786376953,417.60669708251953,0.0,0.011854117378795078,2063.131675720215,0.0,0.0,0,0.0,2063.131675720215
2022-03-22,4.689000129699707,-0.002658685404107186,41.9556770324707,0.004669640730886382,-0.007328326134993568,0.007328326134993568,0.005416736267925409,0.010368259627048038,0,1,0.0,10,15.715456685617081,-350.0,10.0,1641.1500453948975,-419.55677032470703,-4.374933242797852,-1.9500732421875,Live,0.0,0.0,0.0,0.010368259627048038,2060.7068157196045,-6.325006484985352,-0.0030693383632919378,0,0.0,0.0
2022-03-23,4.762499809265137,0.015674915234036524,42.41070556640625,0.010845458019504317,0.004829457214532207,0.004829457214532207,0.00837961506155266,0.01009549681974842,1,0,-1.0,10,6.161454178222992,-350.0,10.0,1666.8749332427979,-424.1070556640625,21.34995460510254,-6.500358581542969,Closed,1666.8749332427979,-424.1070556640625,14.84959602355957,0.01009549681974842,2090.9819889068604,14.84959602355957,0.007101733110251589,0,14.84959602355957,0.0
2022-03-24,4.729000091552734,-0.0070340617436310815,42.884307861328125,0.011167045881382842,-0.018201107625013924,0.018201107625013924,0.009217213554720076,0.009087143543358659,0,1,1.0,10,14.396642059773884,144.0,-10.0,-680.9760131835938,428.84307861328125,0.0,0.0,Opened,-680.9760131835938,428.84307861328125,0.0,0.009217213554720076,1109.819091796875,0.0,0.0,0,0.0,1109.819091796875
2022-03-25,4.685999870300293,-0.009092878075695365,43.15361404418945,0.006279830462279312,-0.015372708537974678,0.015372708537974678,0.010067683205811057,0.007651649804461629,0,1,0.0,10,6.360063506386565,-144.0,10.0,674.7839813232422,-431.53614044189453,-6.1920318603515625,-2.6930618286132812,Live,0.0,0.0,0.0,0.010067683205811057,1106.3201217651367,-8.885093688964844,-0.008031214034856975,0,0.0,0.0
2022-03-26,4.685999870300293,0.0,43.15361404418945,0.0,0.0,0.0,0.009785125556901315,0.0046440910881479945,1,0,-1.0,10,,-144.0,10.0,674.7839813232422,-431.53614044189453,-6.1920318603515625,-2.6930618286132812,Closed,674.7839813232422,-431.53614044189453,-8.885093688964844,0.009785125556901315,1106.3201217651367,-8.885093688964844,-0.008031214034856975,0,-8.885093688964844,0.0
2022-03-27,4.685999870300293,0.0,43.15361404418945,0.0,0.0,0.0,0.009718803407078546,0.005515249478973263,1,0,0.0,10,,0.0,0.0,0.0,0.0,0.0,0.0,,0.0,0.0,0.0,0.009718803407078546,0.0,0.0,0.0,0,0.0,0.0
2022-03-28,4.714000225067139,0.005975321285071056,42.7357292175293,-0.009683657693935865,0.01565897897900692,0.01565897897900692,0.006067368642984638,0.007839944163138254,1,1,1.0,10,14.691958317279271,-147.0,10.0,692.9580330848694,-427.35729217529297,0.0,0.0,Opened,692.9580330848694,-427.35729217529297,0.0,0.007839944163138254,1120.3153252601624,0.0,0.0,0,0.0,1120.3153252601624
2022-03-29,4.7164998054504395,0.0005302461315146445,42.27141189575195,-0.010864850799992665,0.01139509693150731,0.01139509693150731,0.005415884549866344,0.00725491980176576,1,1,0.0,10,183.64249774461206,147.0,-10.0,-693.3254714012146,422.71411895751953,-0.36743831634521484,-4.6431732177734375,Live,0.0,0.0,0.0,0.00725491980176576,1116.0395903587341,-5.010611534118652,-0.004489636010589971,0,0.0,0.0
2022-03-30,4.739500045776367,0.004876548558180538,42.64286422729492,0.008787317832180008,-0.00391076927399947,0.00391076927399947,0.0029092885061255858,0.008083471450539722,0,0,-1.0,10,16.212784780209777,147.0,-10.0,-696.706506729126,426.4286422729492,-3.748473644256592,-0.92864990234375,Closed,-696.706506729126,426.4286422729492,-4.677123546600342,0.008083471450539722,1123.1351490020752,-4.677123546600342,-0.0041643461615069625,0,-4.677123546600342,0.0
2022-03-31,4.743000030517578,0.0007384712960030182,42.26212692260742,-0.008928511524415761,0.009666982820418779,0.009666982820418779,0.0027807356921081675,0.00841339299353052,1,1,1.0,10,107.73173815931254,-1078.0,10.0,5112.954032897949,-422.6212692260742,0.0,0.0,Opened,5112.954032897949,-422.6212692260742,0.0,0.00841339299353052,5535.575302124023,0.0,0.0,0,0.0,5535.575302124023
2022-04-01,4.682499885559082,-0.012755670370909522,43.36720657348633,0.026148226115135786,-0.03890389648604531,0.03890389648604531,0.007465556771226214,0.016175012474774375,0,0,-1.0,10,18.985525275073392,1078.0,-10.0,-5047.73487663269,433.6720657348633,65.21915626525879,11.050796508789062,Closed,-5047.73487663269,433.6720657348633,76.26995277404785,0.016175012474774375,5481.406942367554,76.26995277404785,0.013914302217653812,0,76.26995277404785,0.0
2022-04-02,4.682499885559082,0.0,43.36720657348633,0.0,0.0,0.0,0.006681595319221968,0.015106727406519187,1,0,0.0,10,,0.0,0.0,0.0,0.0,0.0,0.0,,0.0,0.0,0.0,0.015106727406519187,0.0,0.0,0.0,0,0.0,0.0
2022-04-03,4.682499885559082,0.0,43.36720657348633,0.0,0.0,0.0,0.006648973874708222,0.013279607059364354,1,0,0.0,10,,0.0,0.0,0.0,0.0,0.0,0.0,,0.0,0.0,0.0,0.013279607059364354,0.0,0.0,0.0,0,0.0,0.0
2022-04-04,4.776500225067139,0.02007481939251199,43.50648880004883,0.0032116946782470013,0.016863124714264988,0.016863124714264988,0.01176080132337672,0.013136538097734863,1,1,1.0,10,1.4572257527591614,-15.0,10.0,71.64750337600708,-435.0648880004883,0.0,0.0,Opened,71.64750337600708,-435.0648880004883,0.0,0.013136538097734863,506.71239137649536,0.0,0.0,0,0.0,506.71239137649536
2022-04-05,4.790999889373779,0.0030356251697731818,42.26212692260742,-0.02860175370989737,0.03163737887967055,0.03163737887967055,0.01176303798678046,0.01944215821025839,1,1,0.0,10,83.11314314882787,15.0,-10.0,-71.86499834060669,422.6212692260742,-0.21749496459960938,-12.443618774414062,Live,0.0,0.0,0.0,0.01944215821025839,494.4862675666809,-12.661113739013672,-0.02560458109649392,1,-12.661113739013672,0.0
2022-04-06,4.733500003814697,-0.012001646188014803,41.435646057128906,-0.01955606415625999,0.007554417968245186,0.007554417968245186,0.011527920722875278,0.014201972973385525,1,1,0.0,10,14.263705607332684,15.0,-10.0,-71.00250005722046,414.35646057128906,0.6450033187866211,-20.70842742919922,Live,0.0,0.0,0.0,0.014201972973385525,485.3589606285095,-20.063424110412598,-0.0413372900016757,1,0.0,0.0
2022-04-07,4.695000171661377,-0.008133480959605643,41.84424591064453,0.009861071140347955,-0.017994552099953598,0.017994552099953598,0.012456282700030269,0.016293123487154212,0,0,-1.0,10,10.80557223203224,15.0,-10.0,-70.42500257492065,418.4424591064453,1.2225008010864258,-16.62242889404297,Closed,-70.42500257492065,418.4424591064453,-15.399928092956543,0.016293123487154212,488.86746168136597,-15.399928092956543,-0.031501233565415544,1,0.0,0.0
2022-04-08,4.71999979019165,0.005324732186628767,42.19712448120117,0.008433144459340625,-0.003108412272711858,0.003108412272711858,0.012619241515820482,0.01758627843775185,0,0,0.0,10,14.159002165819004,0.0,0.0,0.0,0.0,0.0,0.0,,0.0,0.0,0.0,0.01758627843775185,0.0,0.0,0.0,0,0.0,0.0
2022-04-09,4.71999979019165,0.0,42.19712448120117,0.0,0.0,0.0,0.007416734052903637,0.017251751085082038,1,0,0.0,10,,0.0,0.0,0.0,0.0,0.0,0.0,,0.0,0.0,0.0,0.017251751085082038,0.0,0.0,0.0,0,0.0,0.0
2022-04-10,4.71999979019165,0.0,42.19712448120117,0.0,0.0,0.0,0.006976321323264969,0.011731153421924385,1,0,0.0,10,,0.0,0.0,0.0,0.0,0.0,0.0,,0.0,0.0,0.0,0.011731153421924385,0.0,0.0,0.0,0,0.0,0.0
2022-04-11,4.628499984741211,-0.01938555286391741,41.33348846435547,-0.02046670306244336,0.0010811501985259486,0.0010811501985259486,0.009640909451258166,0.012106822904855792,1,0,0.0,10,9.428258714169237,0.0,0.0,0.0,0.0,0.0,0.0,,0.0,0.0,0.0,0.012106822904855792,0.0,0.0,0.0,0,0.0,0.0
2022-04-12,4.703999996185303,0.016311982649452883,41.48207092285156,0.0035947234074913403,0.012717259241961543,0.012717259241961543,0.012934640163241171,0.0110530890275406,1,0,0.0,10,1.9433536742122592,0.0,0.0,0.0,0.0,0.0,0.0,,0.0,0.0,0.0,0.012934640163241171,0.0,0.0,0.0,0,0.0,0.0
2022-04-13,4.706999778747559,0.0006377088785476381,42.912166595458984,0.03447503079745262,-0.03383732191890498,0.03383732191890498,0.012659980512623284,0.019738048518044993,0,1,1.0,10,492.8542019696035,4929.0,-10.0,-23200.801909446716,429.12166595458984,0.0,0.0,Opened,-23200.801909446716,429.12166595458984,0.0,0.019738048518044993,23629.923575401306,0.0,0.0,0,0.0,23629.923575401306
2022-04-14,4.7170000076293945,0.00212454415804042,42.81930160522461,-0.002164071348571883,0.004288615506612303,0.004288615506612303,0.01271594879090805,0.01985791092042497,1,0,-1.0,10,9.246545596279487,-4929.0,10.0,23250.093037605286,-428.1930160522461,49.291128158569336,0.92864990234375,Closed,23250.093037605286,-428.1930160522461,50.219778060913086,0.01985791092042497,23678.28605365753,50.219778060913086,0.0021209211657934064,0,50.219778060913086,0.0
2022-04-15,4.7170000076293945,0.0,42.81930160522461,0.0,0.0,0.0,0.01271594879090805,0.01985791092042497,1,0,0.0,10,,0.0,0.0,0.0,0.0,0.0,0.0,,0.0,0.0,0.0,0.01985791092042497,0.0,0.0,0.0,0,0.0,0.0
2022-04-16,4.7170000076293945,0.0,42.81930160522461,0.0,0.0,0.0,0.007039812587135536,0.015397153774211797,1,0,0.0,10,,0.0,0.0,0.0,0.0,0.0,0.0,,0.0,0.0,0.0,0.015397153774211797,0.0,0.0,0.0,0,0.0,0.0
2022-04-17,4.7170000076293945,0.0,42.81930160522461,0.0,0.0,0.0,0.0009211883799765769,0.01568766500459488,1,0,0.0,10,,0.0,0.0,0.0,0.0,0.0,0.0,,0.0,0.0,0.0,0.01568766500459488,0.0,0.0,0.0,0,0.0,0.0
2022-04-18,4.796000003814697,0.01674793217246684,43.20933151245117,0.009108740511988511,0.007639191660478328,0.007639191660478328,0.007310486429846911,0.00441606930874557,1,1,1.0,10,4.899993562305271,-49.0,10.0,235.00400018692017,-432.0933151245117,0.0,0.0,Opened,235.00400018692017,-432.0933151245117,0.0,0.007310486429846911,667.0973153114319,0.0,0.0,0,0.0,667.0973153114319
2022-04-19,4.714000225067139,-0.017097535171463063,43.032894134521484,-0.004083316537281889,-0.013014218634181174,0.013014218634181174,0.011966562753581187,0.00486291194741533,0,0,-1.0,10,2.180170696224043,49.0,-10.0,-230.9860110282898,430.32894134521484,4.017989158630371,-1.764373779296875,Closed,-230.9860110282898,430.32894134521484,2.253615379333496,0.011966562753581187,661.3149523735046,2.253615379333496,0.0034077792604644977,0,2.253615379333496,0.0
2022-04-20,4.649499893188477,-0.013682717182675441,42.289981842041016,-0.017263823580122573,0.0035811063974471313,0.0035811063974471313,0.013422504316984402,0.009588098707298508,1,0,0.0,10,11.476141529976939,0.0,0.0,0.0,0.0,0.0,0.0,,0.0,0.0,0.0,0.013422504316984402,0.0,0.0,0.0,0,0.0,0.0
2022-04-21,4.703499794006348,0.01161413099438513,40.042686462402344,-0.053140135837197455,0.06475426683158259,0.06475426683158259,0.014947861063206376,0.024324296956621125,1,1,1.0,10,38.952740476631334,-390.0,10.0,1834.3649196624756,-400.42686462402344,0.0,0.0,Opened,1834.3649196624756,-400.42686462402344,0.0,0.024324296956621125,2234.791784286499,0.0,0.0,0,0.0,2234.791784286499
2022-04-22,4.582499980926514,-0.025725484932310083,38.07398986816406,-0.049164947913441504,0.02343946298113142,0.02343946298113142,0.018696998593766927,0.027453171294603708,1,1,0.0,10,15.878809245168165,390.0,-10.0,-1787.1749925613403,380.7398986816406,47.189927101135254,-19.686965942382812,Live,0.0,0.0,0.0,0.027453171294603708,2167.914891242981,27.50296115875244,0.012686365719358812,0,0.0,0.0
2022-04-23,4.582499980926514,0.0,38.07398986816406,0.0,0.0,0.0,0.014774808028375734,0.024989021215195143,1,1,0.0,10,,390.0,-10.0,-1787.1749925613403,380.7398986816406,47.189927101135254,-19.686965942382812,Live,0.0,0.0,0.0,0.024989021215195143,2167.914891242981,27.50296115875244,0.012686365719358812,0,0.0,0.0
2022-04-24,4.582499980926514,0.0,38.07398986816406,0.0,0.0,0.0,0.0143996812930611,0.025883204132595088,1,1,0.0,10,,390.0,-10.0,-1787.1749925613403,380.7398986816406,47.189927101135254,-19.686965942382812,Live,0.0,0.0,0.0,0.025883204132595088,2167.914891242981,27.50296115875244,0.012686365719358812,0,0.0,0.0
2022-04-25,4.448999881744385,-0.02913259132303092,37.35893249511719,-0.018780731295113817,-0.010351860027917104,0.010351860027917104,0.01782826919954289,0.02579451049665228,0,0,-1.0,10,5.413341762377452,390.0,-10.0,-1735.10995388031,373.5893249511719,99.25496578216553,-26.837539672851562,Closed,-1735.10995388031,373.5893249511719,72.41742610931396,0.02579451049665228,2108.699278831482,72.41742610931396,0.03434222548292589,0,72.41742610931396,0.0
2022-04-26,4.440000057220459,-0.002022887112417049,35.84526824951172,-0.040516795971172526,0.03849390885875548,0.03849390885875548,0.014726776002727036,0.022686433295351197,1,1,1.0,10,161.70085117115838,-1618.0,10.0,7183.920092582703,-358.4526824951172,0.0,0.0,Opened,7183.920092582703,-358.4526824951172,0.0,0.022686433295351197,7542.37277507782,0.0,0.0,0,0.0,7542.37277507782
2022-04-27,4.454500198364258,0.0032657975128216332,37.27536392211914,0.039896358499895035,-0.0366305609870734,0.0366305609870734,0.013303181221665475,0.029625854314266727,0,0,-1.0,10,102.22730538098926,1618.0,-10.0,-7207.381320953369,372.7536392211914,-23.461228370666504,14.300956726074219,Closed,-7207.381320953369,372.7536392211914,-9.160271644592285,0.029625854314266727,7580.134960174561,-9.160271644592285,-0.0012084575924729097,0,-9.160271644592285,0.0
2022-04-28,4.41349983215332,-0.009204257354392564,37.60966873168945,0.008968519000077002,-0.018172776354469566,0.018172776354469566,0.012971041640179724,0.030185726519857247,0,0,0.0,10,8.303254950363236,0.0,0.0,0.0,0.0,0.0,0.0,,0.0,0.0,0.0,0.030185726519857247,0.0,0.0,0.0,0,0.0,0.0
2022-04-29,4.394999980926514,-0.004191651054800349,37.182498931884766,-0.011357978259584067,0.007166327204783718,0.007166327204783718,0.012498536890122841,0.030415940535138554,1,0,0.0,10,22.924274924803765,0.0,0.0,0.0,0.0,0.0,0.0,,0.0,0.0,0.0,0.030415940535138554,0.0,0.0,0.0,0,0.0,0.0
2022-04-30,4.394999980926514,0.0,37.182498931884766,0.0,0.0,0.0,0.004677251478034734,0.029329832444354706,1,0,0.0,10,,0.0,0.0,0.0,0.0,0.0,0.0,,0.0,0.0,0.0,0.029329832444354706,0.0,0.0,0.0,0,0.0,0.0
2022-05-01,4.394999980926514,0.0,37.182498931884766,0.0,0.0,0.0,0.004807023404646996,0.01949233135508898,1,0,0.0,10,,0.0,0.0,0.0,0.0,0.0,0.0,,0.0,0.0,0.0,0.01949233135508898,0.0,0.0,0.0,0,0.0,0.0
2022-05-02,4.255499839782715,-0.0317406465868495,36.69032287597656,-0.013236766490865248,-0.01850388009598425,0.01850388009598425,0.013250426581625861,0.009162617040088618,0,1,1.0,10,3.595564576771152,36.0,-10.0,-153.19799423217773,366.9032287597656,0.0,0.0,Opened,-153.19799423217773,366.9032287597656,0.0,0.013250426581625861,520.1012229919434,0.0,0.0,0,0.0,520.1012229919434
2022-05-03,4.270999908447266,0.003642361472945721,37.08963394165039,0.010883280232327541,-0.00724091875938182,0.00724091875938182,0.01440292839894281,0.009811480444457602,0,1,0.0,10,25.947752886580183,-36.0,10.0,153.75599670410156,-370.8963394165039,0.5580024719238281,-3.9931106567382812,Live,0.0,0.0,0.0,0.01440292839894281,524.6523361206055,-3.435108184814453,-0.0065473990075302,0,0.0,0.0
2022-05-04,4.328499794006348,0.013462862746814297,37.88825988769531,0.021532322138884563,-0.008069459392070266,0.008069459392070266,0.01702310928280892,0.013074145510287629,0,1,0.0,10,13.999763812588965,-36.0,10.0,155.82599258422852,-378.8825988769531,2.6279983520507812,-11.9793701171875,Live,0.0,0.0,0.0,0.01702310928280892,534.7085914611816,-9.351371765136719,-0.017488725474903096,1,-9.351371765136719,0.0
2022-05-05,4.284999847412109,-0.010049658926742366,35.92884063720703,-0.051715736122382006,0.04166607719563964,0.04166607719563964,0.01718363402366971,0.02837290106620034,1,0,-1.0,10,43.14830907190049,-36.0,10.0,154.25999450683594,-359.2884063720703,1.0620002746582031,7.6148223876953125,Closed,154.25999450683594,-359.2884063720703,8.676822662353516,0.02837290106620034,513.5484008789062,8.676822662353516,0.016895822569992763,0,0.0,0.0
2022-05-06,4.261499881744385,-0.005484239557655313,35.269508361816406,-0.01835105902938139,0.012866819471726076,0.012866819471726076,0.01696333590521076,0.028507282064674146,1,0,0.0,10,27.693741900351753,0.0,0.0,0.0,0.0,0.0,0.0,,0.0,0.0,0.0,0.028507282064674146,0.0,0.0,0.0,0,0.0,0.0
2022-05-07,4.261499881744385,0.0,35.269508361816406,0.0,0.0,0.0,0.009015184213251584,0.028765617288388313,1,0,0.0,10,,0.0,0.0,0.0,0.0,0.0,0.0,,0.0,0.0,0.0,0.028765617288388313,0.0,0.0,0.0,0,0.0,0.0
2022-05-08,4.261499881744385,0.0,35.269508361816406,0.0,0.0,0.0,0.008824162334237396,0.027403469728963164,1,0,0.0,10,,0.0,0.0,0.0,0.0,0.0,0.0,,0.0,0.0,0.0,0.027403469728963164,0.0,0.0,0.0,0,0.0,0.0
2022-05-09,4.192999839782715,-0.0160741625865376,33.152225494384766,-0.06003153901980274,0.04395737643326514,0.04395737643326514,0.006885443449685281,0.028416320558890432,1,1,1.0,10,29.528335220633455,-296.0,10.0,1241.1279525756836,-331.52225494384766,0.0,0.0,Opened,1241.1279525756836,-331.52225494384766,0.0,0.028416320558890432,1572.6502075195312,0.0,0.0,0,0.0,1572.6502075195312
2022-05-10,4.1545000076293945,-0.009181930270551919,32.68791580200195,-0.014005385323572206,0.004823455053020287,0.004823455053020287,0.006778086427666612,0.02464543552217489,1,1,0.0,10,12.00133443200498,296.0,-10.0,-1229.7320022583008,326.87915802001953,11.395950317382812,-4.643096923828125,Live,0.0,0.0,0.0,0.02464543552217489,1556.6111602783203,6.7528533935546875,0.004338176139214681,0,0.0,0.0
2022-05-11,4.212500095367432,0.013960786528228297,32.97578048706055,0.00880645578024164,0.005154330747986657,0.005154330747986657,0.011314518525172894,0.027506759863549845,1,1,0.0,10,4.937947088329704,296.0,-10.0,-1246.9000282287598,329.75780487060547,-5.772075653076172,-1.7644500732421875,Live,0.0,0.0,0.0,0.027506759863549845,1576.6578330993652,-7.536525726318359,-0.00478006423974896,0,0.0,0.0
2022-05-12,4.105000019073486,-0.025519305367414757,31.90785789489746,-0.0323850588640997,0.006865753496684945,0.006865753496684945,0.015147292880283368,0.027479646819095933,1,1,0.0,10,9.864164990042786,296.0,-10.0,-1215.080005645752,319.0785789489746,26.04794692993164,-12.443675994873047,Live,0.0,0.0,0.0,0.027479646819095933,1534.1585845947266,13.604270935058594,0.008867578014206652,0,0.0,0.0
2022-05-13,4.180500030517578,0.0183922073308862,32.929351806640625,0.03201386677563578,-0.013621659444749579,0.013621659444749579,0.01909987792667643,0.03567370980872001,0,0,-1.0,10,13.71068743840273,296.0,-10.0,-1237.4280090332031,329.29351806640625,3.6999435424804688,-2.2287368774414062,Closed,-1237.4280090332031,329.29351806640625,1.4712066650390625,0.03567370980872001,1566.7215270996094,1.4712066650390625,0.0009390352015923541,0,1.4712066650390625,0.0
2022-05-14,4.180500030517578,0.0,32.929351806640625,0.0,0.0,0.0,0.017801803230482846,0.024192865343070847,1,0,0.0,10,,0.0,0.0,0.0,0.0,0.0,0.0,,0.0,0.0,0.0,0.024192865343070847,0.0,0.0,0.0,0,0.0,0.0
2022-05-15,4.180500030517578,0.0,32.929351806640625,0.0,0.0,0.0,0.017139661152894125,0.023113862897938195,1,0,0.0,10,,0.0,0.0,0.0,0.0,0.0,0.0,,0.0,0.0,0.0,0.023113862897938195,0.0,0.0,0.0,0,0.0,0.0
2022-05-16,4.196499824523926,0.00382724408313595,33.523681640625,0.018048634466728775,-0.014221390383592825,0.014221390383592825,0.015827019831500373,0.02417092528155244,0,0,0.0,10,37.67234784682812,0.0,0.0,0.0,0.0,0.0,0.0,,0.0,0.0,0.0,0.02417092528155244,0.0,0.0,0.0,0,0.0,0.0
2022-05-17,4.239500045776367,0.010246687251397546,35.11164855957031,0.04736851208552717,-0.037121824834129624,0.037121824834129624,0.007859797316625054,0.020590388155754296,0,1,1.0,10,38.28625070281999,383.0,-10.0,-1623.7285175323486,351.1164855957031,0.0,0.0,Opened,-1623.7285175323486,351.1164855957031,0.0,0.020590388155754296,1974.8450031280518,0.0,0.0,0,0.0,1974.8450031280518
2022-05-18,4.182000160217285,-0.013562893015266475,34.00657272338867,-0.031473197115959195,0.01791030410069272,0.01791030410069272,0.008711231712718155,0.028851572484630543,1,0,-1.0,10,18.869802093978517,-383.0,10.0,1601.7060613632202,-340.0657272338867,-22.022456169128418,11.050758361816406,Closed,1601.7060613632202,-340.0657272338867,-10.971697807312012,0.028851572484630543,1941.771788597107,-10.971697807312012,-0.005650353904481666,0,-10.971697807312012,0.0
2022-05-19,4.284999847412109,0.0246292881991359,35.501670837402344,0.0439649748351556,-0.0193356866360197,0.0193356866360197,0.013998116815746413,0.032707224721914355,0,0,0.0,10,14.789481568364312,0.0,0.0,0.0,0.0,0.0,0.0,,0.0,0.0,0.0,0.032707224721914355,0.0,0.0,0.0,0,0.0,0.0
2022-05-20,4.281000137329102,-0.0009334212894834826,35.45524215698242,-0.0013077886005018469,0.0003743673110183643,0.0003743673110183643,0.014087873545986245,0.03286781786974126,1,0,0.0,10,11.603661724769097,0.0,0.0,0.0,0.0,0.0,0.0,,0.0,0.0,0.0,0.03286781786974126,0.0,0.0,0.0,0,0.0,0.0
2022-05-21,4.281000137329102,0.0,35.45524215698242,0.0,0.0,0.0,0.014259677953830893,0.03347868096909635,1,0,0.0,10,,0.0,0.0,0.0,0.0,0.0,0.0,,0.0,0.0,0.0,0.03347868096909635,0.0,0.0,0.0,0,0.0,0.0
2022-05-22,4.281000137329102,0.0,35.45524215698242,0.0,0.0,0.0,0.013882450679315057,0.0269266370786349,1,0,0.0,10,,0.0,0.0,0.0,0.0,0.0,0.0,,0.0,0.0,0.0,0.0269266370786349,0.0,0.0,0.0,0,0.0,0.0
2022-05-23,4.347499847412109,0.015533685575748857,36.37458419799805,0.025929650598496057,-0.0103959650227472,0.0103959650227472,0.011629455516328083,0.020409221359988978,0,0,0.0,10,13.96627588396775,0.0,0.0,0.0,0.0,0.0,0.0,,0.0,0.0,0.0,0.020409221359988978,0.0,0.0,0.0,0,0.0,0.0
2022-05-24,4.325500011444092,-0.005060341975886007,36.049564361572266,-0.008935355374967258,0.0038750133990812508,0.0038750133990812508,0.007898919233749479,0.013272945875480896,1,0,0.0,10,14.716199474447851,0.0,0.0,0.0,0.0,0.0,0.0,,0.0,0.0,0.0,0.013272945875480896,0.0,0.0,0.0,0,0.0,0.0
2022-05-25,4.2769999504089355,-0.01121259066162028,35.947418212890625,-0.00283349190179194,-0.00837909875982834,0.00837909875982834,0.009905999956851083,0.01341743606330183,0,0,0.0,10,2.123950872427856,0.0,0.0,0.0,0.0,0.0,0.0,,0.0,0.0,0.0,0.01341743606330183,0.0,0.0,0.0,0,0.0,0.0
2022-05-26,4.255000114440918,-0.0051437540853640495,36.263153076171875,0.008783241717426726,-0.013926995802790776,0.013926995802790776,0.010150873157215232,0.013528447127344889,0,1,1.0,10,14.552601079320386,146.0,-10.0,-621.230016708374,362.63153076171875,0.0,0.0,Opened,-621.230016708374,362.63153076171875,0.0,0.013528447127344889,983.8615474700928,0.0,0.0,0,0.0,983.8615474700928
2022-05-27,4.303999900817871,0.01151581317487027,36.866764068603516,0.01664529808435944,-0.005129484909489168,0.005129484909489168,0.011676376607550635,0.014150654558960076,0,1,0.0,10,12.381114312458449,-146.0,10.0,628.3839855194092,-368.66764068603516,7.153968811035156,-6.036109924316406,Live,0.0,0.0,0.0,0.014150654558960076,997.0516262054443,1.11785888671875,0.0011211644987462396,0,0.0,0.0
2022-05-28,4.303999900817871,0.0,36.866764068603516,0.0,0.0,0.0,0.008526370124860983,0.010059362497727374,1,0,-1.0,10,,-146.0,10.0,628.3839855194092,-368.66764068603516,7.153968811035156,-6.036109924316406,Closed,628.3839855194092,-368.66764068603516,1.11785888671875,0.010059362497727374,997.0516262054443,1.11785888671875,0.0011211644987462396,0,1.11785888671875,0.0
2022-05-29,4.303999900817871,0.0,36.866764068603516,0.0,0.0,0.0,0.008368216645948893,0.008064315250237125,1,0,0.0,10,,0.0,0.0,0.0,0.0,0.0,0.0,,0.0,0.0,0.0,0.008368216645948893,0.0,0.0,0.0,0,0.0,0.0
2022-05-30,4.303999900817871,0.0,36.866764068603516,0.0,0.0,0.0,0.006143116712247638,0.007498152373980369,1,0,0.0,10,,0.0,0.0,0.0,0.0,0.0,0.0,,0.0,0.0,0.0,0.007498152373980369,0.0,0.0,0.0,0,0.0,0.0
2022-05-31,4.295000076293945,-0.0020910373446373365,36.71818542480469,-0.004030151480676314,0.0019391141360389774,0.0019391141360389774,0.005459420994142985,0.008085166734642569,1,0,0.0,10,16.476980050329043,0.0,0.0,0.0,0.0,0.0,0.0,,0.0,0.0,0.0,0.008085166734642569,0.0,0.0,0.0,0,0.0,0.0
2022-06-01,4.329999923706055,0.00814897480567911,36.69961166381836,-0.0005058463747987796,0.00865482118047789,0.00865482118047789,0.003982414666502092,0.001759470531375036,1,1,1.0,10,0.5261253733374495,-6.0,10.0,25.979999542236328,-366.9961166381836,0.0,0.0,Opened,25.979999542236328,-366.9961166381836,0.0,0.003982414666502092,392.9761161804199,0.0,0.0,0,0.0,392.9761161804199
2022-06-02,4.553999900817871,0.051732097242185304,38.39900588989258,0.046305509759647645,0.005426587482537659,0.005426587482537659,0.022798303064236716,0.021282385972150448,1,1,0.0,10,7.547437903444746,6.0,-10.0,-27.323999404907227,383.9900588989258,-1.3439998626708984,16.993942260742188,Live,0.0,0.0,0.0,0.022798303064236716,411.314058303833,15.649942398071289,0.038048644538453524,0,0.0,0.0
2022-06-03,4.477499961853027,-0.016798405935648963,37.832542419433594,-0.014752034781402745,-0.002046371154246218,0.002046371154246218,0.025947600220493597,0.02362378013670095,0,0,-1.0,10,7.420168930374764,6.0,-10.0,-26.864999771118164,378.32542419433594,-0.8850002288818359,11.329307556152344,Closed,-26.864999771118164,378.32542419433594,10.444307327270508,0.025947600220493597,405.1904239654541,10.444307327270508,0.025776293588224024,0,10.444307327270508,0.0
2022-06-04,4.477499961853027,0.0,37.832542419433594,0.0,0.0,0.0,0.025947600220493597,0.02362378013670095,1,0,0.0,10,,0.0,0.0,0.0,0.0,0.0,0.0,,0.0,0.0,0.0,0.025947600220493597,0.0,0.0,0.0,0,0.0,0.0
2022-06-05,4.477499961853027,0.0,37.832542419433594,0.0,0.0,0.0,0.025756450131811787,0.02328780580297294,1,0,0.0,10,,0.0,0.0,0.0,0.0,0.0,0.0,,0.0,0.0,0.0,0.025756450131811787,0.0,0.0,0.0,0,0.0,0.0
2022-06-06,4.439499855041504,-0.008486902766113524,38.306148529052734,0.012518484863334622,-0.021005387629448147,0.021005387629448147,0.026881858756393977,0.023076328232143582,0,0,0.0,10,12.727320602064783,0.0,0.0,0.0,0.0,0.0,0.0,,0.0,0.0,0.0,0.026881858756393977,0.0,0.0,0.0,0,0.0,0.0
2022-06-07,4.439499855041504,0.0,38.70545959472656,0.010424202928440485,-0.010424202928440485,0.010424202928440485,0.007522376507986505,0.010834916252690723,0,0,0.0,10,inf,0.0,0.0,0.0,0.0,0.0,0.0,,0.0,0.0,0.0,0.010834916252690723,0.0,0.0,0.0,0,0.0,0.0
2022-06-08,4.458499908447266,0.004279773403795817,37.841827392578125,-0.022312929782807744,0.02659270318660356,0.02659270318660356,0.004658432983714868,0.01381271141403247,1,1,1.0,10,44.25059978166855,-443.0,10.0,1975.1154594421387,-378.41827392578125,0.0,0.0,Opened,1975.1154594421387,-378.41827392578125,0.0,0.01381271141403247,2353.53373336792,0.0,0.0,0,0.0,2353.53373336792
2022-06-09,4.388999938964844,-0.015588195785480319,36.56959915161133,-0.033619630145459545,0.018031434359979226,0.018031434359979226,0.007983809354787399,0.020468613191056778,1,1,0.0,10,17.970150101555046,443.0,-10.0,-1944.3269729614258,365.6959915161133,30.78848648071289,-12.722282409667969,Live,0.0,0.0,0.0,0.020468613191056778,2310.022964477539,18.066204071044922,0.00782078981415277,0,0.0,0.0
2022-06-10,4.301000118255615,-0.02005008474207992,35.71525192260742,-0.023362225696320293,0.0033121409542403724,0.0033121409542403724,0.010220205319633772,0.02123796506277655,1,1,0.0,10,9.675697140769605,443.0,-10.0,-1905.3430523872375,357.1525192260742,69.77240705490112,-21.26575469970703,Live,0.0,0.0,0.0,0.02123796506277655,2262.4955716133118,48.50665235519409,0.021439446319271943,0,0.0,0.0
2022-06-11,4.301000118255615,0.0,35.71525192260742,0.0,0.0,0.0,0.01080096075116302,0.018261794343709337,1,1,0.0,10,,443.0,-10.0,-1905.3430523872375,357.1525192260742,69.77240705490112,-21.26575469970703,Live,0.0,0.0,0.0,0.018261794343709337,2262.4955716133118,48.50665235519409,0.021439446319271943,0,0.0,0.0
2022-06-12,4.301000118255615,0.0,35.71525192260742,0.0,0.0,0.0,0.01080096075116302,0.015136110387463625,1,1,0.0,10,,443.0,-10.0,-1905.3430523872375,357.1525192260742,69.77240705490112,-21.26575469970703,Live,0.0,0.0,0.0,0.015136110387463625,2262.4955716133118,48.50665235519409,0.021439446319271943,0,0.0,0.0
2022-06-13,4.2164998054504395,-0.019646666003684587,33.830135345458984,-0.05278183620917365,0.03313517020548906,0.03313517020548906,0.010243341355227685,0.022651609963113068,1,1,0.0,10,21.55496307386594,443.0,-10.0,-1867.9094138145447,338.30135345458984,107.206045627594,-40.116920471191406,Live,0.0,0.0,0.0,0.022651609963113068,2206.2107672691345,67.08912515640259,0.030409209379141072,0,0.0,0.0
2022-06-14,4.161499977111816,-0.013043953723780088,33.35652160644531,-0.013999758918411875,0.0009558051946317869,0.0009558051946317869,0.010022795647725647,0.021808985455111136,1,1,0.0,10,8.60284637289869,443.0,-10.0,-1843.5444898605347,333.5652160644531,131.570969581604,-44.853057861328125,Live,0.0,0.0,0.0,0.021808985455111136,2177.109705924988,86.71791172027588,0.03983166832809285,0,0.0,0.0
2022-06-15,4.167500019073486,0.0014417979081269294,33.904422760009766,0.01642560816229066,-0.014983810254163732,0.014983810254163732,0.009525193200100852,0.026194326686503108,0,0,-1.0,10,92.68251529401672,443.0,-10.0,-1846.2025084495544,339.04422760009766,128.91295099258423,-39.374046325683594,Closed,-1846.2025084495544,339.04422760009766,89.53890466690063,0.026194326686503108,2185.246736049652,89.53890466690063,0.0409742768126785,0,89.53890466690063,0.0
2022-06-16,4.111999988555908,-0.013317343794497893,32.50218200683594,-0.041358638166456796,0.028041294371958903,0.028041294371958903,0.00919698343552412,0.0286353738637159,1,0,0.0,10,24.547543135861833,0.0,0.0,0.0,0.0,0.0,0.0,,0.0,0.0,0.0,0.0286353738637159,0.0,0.0,0.0,0,0.0,0.0
2022-06-17,4.017499923706055,-0.022981533344566207,32.06572723388672,-0.013428476059158867,-0.00955305728540734,0.00955305728540734,0.009369887788944136,0.02707195348295757,0,0,0.0,10,4.663725109548359,0.0,0.0,0.0,0.0,0.0,0.0,,0.0,0.0,0.0,0.02707195348295757,0.0,0.0,0.0,0,0.0,0.0
2022-06-18,4.017499923706055,0.0,32.06572723388672,0.0,0.0,0.0,0.010232597897631819,0.021262139823125262,1,0,0.0,10,,0.0,0.0,0.0,0.0,0.0,0.0,,0.0,0.0,0.0,0.021262139823125262,0.0,0.0,0.0,0,0.0,0.0
2022-06-19,4.017499923706055,0.0,32.06572723388672,0.0,0.0,0.0,0.010777037015267409,0.021600581556216795,1,0,0.0,10,,0.0,0.0,0.0,0.0,0.0,0.0,,0.0,0.0,0.0,0.021600581556216795,0.0,0.0,0.0,0,0.0,0.0
2022-06-20,4.017499923706055,0.0,32.06572723388672,0.0,0.0,0.0,0.01051166999454521,0.01796201090650178,1,0,0.0,10,,0.0,0.0,0.0,0.0,0.0,0.0,,0.0,0.0,0.0,0.01796201090650178,0.0,0.0,0.0,0,0.0,0.0
2022-06-21,4.043000221252441,0.006347305048076679,32.29788589477539,0.007240087187023958,-0.000892782138947279,0.000892782138947279,0.011325851469501132,0.0075013932102734535,0,0,0.0,10,9.112231740905825,0.0,0.0,0.0,0.0,0.0,0.0,,0.0,0.0,0.0,0.011325851469501132,0.0,0.0,0.0,0,0.0,0.0
2022-06-22,3.9514999389648438,-0.022631777709686274,30.561338424682617,-0.05376659871021727,0.031134821000531,0.031134821000531,0.011174175961795265,0.0250515605523771,1,1,1.0,10,18.374024261723335,-184.0,10.0,727.0759887695312,-305.6133842468262,0.0,0.0,Opened,727.0759887695312,-305.6133842468262,0.0,0.0250515605523771,1032.6893730163574,0.0,0.0,0,0.0,1032.6893730163574
2022-06-23,3.758500099182129,-0.048842172026775765,28.71335792541504,-0.060467917785140934,0.011625745758365169,0.011625745758365169,0.022856877752077787,0.03282557501403657,1,1,0.0,10,9.458003352648582,184.0,-10.0,-691.5640182495117,287.1335792541504,35.51197052001953,-18.47980499267578,Live,0.0,0.0,0.0,0.03282557501403657,978.6975975036621,17.03216552734375,0.01740288887066571,0,0.0,0.0
2022-06-24,3.759999990463257,0.00039906644713250117,29.8648624420166,0.040103443128897576,-0.039704376681765075,0.039704376681765075,0.022914355702271433,0.0427581583589407,0,0,-1.0,10,798.1952177438028,184.0,-10.0,-691.8399982452393,298.648624420166,35.23599052429199,-6.964759826660156,Closed,-691.8399982452393,298.648624420166,28.271230697631836,0.0427581583589407,990.4886226654053,28.271230697631836,0.028542711193949855,0,28.271230697631836,0.0
2022-06-25,3.759999990463257,0.0,29.8648624420166,0.0,0.0,0.0,0.022914355702271433,0.0427581583589407,1,0,0.0,10,,0.0,0.0,0.0,0.0,0.0,0.0,,0.0,0.0,0.0,0.0427581583589407,0.0,0.0,0.0,0,0.0,0.0
2022-06-26,3.759999990463257,0.0,29.8648624420166,0.0,0.0,0.0,0.021723182189222857,0.04200124748515244,1,0,0.0,10,,0.0,0.0,0.0,0.0,0.0,0.0,,0.0,0.0,0.0,0.04200124748515244,0.0,0.0,0.0,0,0.0,0.0
2022-06-27,3.7790000438690186,0.005053205705838559,30.44990348815918,0.019589611279089203,-0.014536405573250644,0.014536405573250644,0.022553908907416396,0.03757754655202506,0,0,0.0,10,31.236895444795735,0.0,0.0,0.0,0.0,0.0,0.0,,0.0,0.0,0.0,0.03757754655202506,0.0,0.0,0.0,0,0.0,0.0
2022-06-28,3.7839999198913574,0.0013230685272023202,30.282752990722656,-0.005489360499993823,0.006812429027196143,0.006812429027196143,0.0021367969016695956,0.01893781938940664,1,0,0.0,10,33.20348352294854,0.0,0.0,0.0,0.0,0.0,0.0,,0.0,0.0,0.0,0.01893781938940664,0.0,0.0,0.0,0,0.0,0.0
2022-06-29,3.7790000438690186,-0.0013213203298594323,29.502227783203125,-0.025774578941308635,0.024453258611449202,0.024453258611449202,0.002445443408394305,0.016209232560169536,1,1,1.0,10,152.286490059038,-1523.0,10.0,5755.417066812515,-295.02227783203125,0.0,0.0,Opened,5755.417066812515,-295.02227783203125,0.0,0.016209232560169536,6050.4393446445465,0.0,0.0,0,0.0,6050.4393446445465
2022-06-30,3.7144999504089355,-0.017068031942663486,28.847042083740234,-0.022208007621577486,0.005139975678913999,0.005139975678913999,0.008536483339855743,0.01831534831264058,1,1,0.0,10,10.104785107871827,1523.0,-10.0,-5657.183424472809,288.47042083740234,98.23364233970642,-6.551856994628906,Live,0.0,0.0,0.0,0.01831534831264058,5945.653845310211,91.68178534507751,0.015419966875029884,0,0.0,0.0
2022-07-01,3.61899995803833,-0.025710053478420924,28.28681755065918,-0.019420519145594728,-0.0062895343328261966,0.0062895343328261966,0.013198000981237076,0.018576383972979525,0,0,-1.0,10,5.90409540114485,1523.0,-10.0,-5511.736936092377,282.8681755065918,243.68013072013855,-12.154102325439453,Closed,-5511.736936092377,282.8681755065918,231.5260283946991,0.018576383972979525,5794.6051115989685,231.5260283946991,0.039955445442046975,0,231.5260283946991,0.0
2022-07-02,3.61899995803833,0.0,28.28681755065918,0.0,0.0,0.0,0.012143495756422137,0.011204372346481094,1,0,0.0,10,,0.0,0.0,0.0,0.0,0.0,0.0,,0.0,0.0,0.0,0.012143495756422137,0.0,0.0,0.0,0,0.0,0.0
2022-07-03,3.61899995803833,0.0,28.28681755065918,0.0,0.0,0.0,0.011886115157568005,0.012510449174354857,1,0,0.0,10,,0.0,0.0,0.0,0.0,0.0,0.0,,0.0,0.0,0.0,0.012510449174354857,0.0,0.0,0.0,0,0.0,0.0
2022-07-04,3.61899995803833,0.0,28.28681755065918,0.0,0.0,0.0,0.012107142992881605,0.011442959825187364,1,0,0.0,10,,0.0,0.0,0.0,0.0,0.0,0.0,,0.0,0.0,0.0,0.012107142992881605,0.0,0.0,0.0,0,0.0,0.0
2022-07-05,3.424999952316284,-0.05360597070224982,26.815025329589844,-0.052031028885928476,-0.0015749418163213402,0.0015749418163213402,0.023855820078274314,0.022711889989565536,0,0,0.0,10,7.599182788198296,0.0,0.0,0.0,0.0,0.0,0.0,,0.0,0.0,0.0,0.023855820078274314,0.0,0.0,0.0,0,0.0,0.0
2022-07-06,3.4179999828338623,-0.002043786738650244,26.79603385925293,-0.0007082398805701162,-0.0013355468580801277,0.0013355468580801277,0.023761302881562224,0.023191827637401425,0,0,0.0,10,2.7167098839466446,0.0,0.0,0.0,0.0,0.0,0.0,,0.0,0.0,0.0,0.023761302881562224,0.0,0.0,0.0,0,0.0,0.0
2022-07-07,3.5820000171661377,0.04798128588529216,28.419750213623047,0.060595398666039246,-0.012614112780747089,0.012614112780747089,0.035945166097716995,0.03989733122263092,0,0,0.0,10,10.019878082695008,0.0,0.0,0.0,0.0,0.0,0.0,,0.0,0.0,0.0,0.03989733122263092,0.0,0.0,0.0,0,0.0,0.0
2022-07-08,3.5320000648498535,-0.013958668921459472,27.963970184326172,-0.016037439663294295,0.0020787707418348234,0.0020787707418348234,0.03633620354201043,0.040691966698651584,1,0,0.0,10,9.096391766498067,0.0,0.0,0.0,0.0,0.0,0.0,,0.0,0.0,0.0,0.040691966698651584,0.0,0.0,0.0,0,0.0,0.0
2022-07-09,3.5320000648498535,0.0,27.963970184326172,0.0,0.0,0.0,0.03633620354201043,0.040691966698651584,1,0,0.0,10,,0.0,0.0,0.0,0.0,0.0,0.0,,0.0,0.0,0.0,0.040691966698651584,0.0,0.0,0.0,0,0.0,0.0
2022-07-10,3.5320000648498535,0.0,27.963970184326172,0.0,0.0,0.0,0.023961929080230218,0.029769715487218417,1,0,0.0,10,,0.0,0.0,0.0,0.0,0.0,0.0,,0.0,0.0,0.0,0.029769715487218417,0.0,0.0,0.0,0,0.0,0.0
2022-07-11,3.4375,-0.026755397257862357,26.70108413696289,-0.04516118559127669,0.01840578833341433,0.01840578833341433,0.02829459762587249,0.038627909980985045,1,0,0.0,10,13.111129876620694,0.0,0.0,0.0,0.0,0.0,0.0,,0.0,0.0,0.0,0.038627909980985045,0.0,0.0,0.0,0,0.0,0.0
2022-07-12,3.2964999675750732,-0.04101819125088779,26.11236572265625,-0.022048483547964404,-0.01896970770292339,0.01896970770292339,0.017728193316379894,0.018687238673304258,0,1,1.0,10,4.257899074859023,43.0,-10.0,-141.74949860572815,261.1236572265625,0.0,0.0,Opened,-141.74949860572815,261.1236572265625,0.0,0.018687238673304258,402.87315583229065,0.0,0.0,0,0.0,402.87315583229065
2022-07-13,3.325500011444092,0.008797222555518847,26.15035057067871,0.0014546689651142586,0.007342553590404588,0.007342553590404588,0.02109556868397885,0.02039019594678263,1,0,-1.0,10,1.3002868068125448,-43.0,10.0,142.99650049209595,-261.5035057067871,1.2470018863677979,-0.3798484802246094,Closed,142.99650049209595,-261.5035057067871,0.8671534061431885,0.02109556868397885,404.50000619888306,0.8671534061431885,0.0021437661133602796,0,0.8671534061431885,0.0
2022-07-14,3.2105000019073486,-0.03458126872379852,25.18181610107422,-0.0370371504958128,0.002455881772014279,0.002455881772014279,0.021914563456108475,0.021132259945116017,1,0,0.0,10,8.400613754284647,0.0,0.0,0.0,0.0,0.0,0.0,,0.0,0.0,0.0,0.021914563456108475,0.0,0.0,0.0,0,0.0,0.0
2022-07-15,3.234499931335449,0.007475449124386246,25.55213737487793,0.014705900174845299,-0.0072304510504590525,0.0072304510504590525,0.023693102228637505,0.02531778467855031,0,0,0.0,10,15.540837196932452,0.0,0.0,0.0,0.0,0.0,0.0,,0.0,0.0,0.0,0.02531778467855031,0.0,0.0,0.0,0,0.0,0.0
2022-07-16,3.234499931335449,0.0,25.55213737487793,0.0,0.0,0.0,0.024019242611236908,0.020662486938686254,1,0,0.0,10,,0.0,0.0,0.0,0.0,0.0,0.0,,0.0,0.0,0.0,0.024019242611236908,0.0,0.0,0.0,0,0.0,0.0
2022-07-17,3.234499931335449,0.0,25.55213737487793,0.0,0.0,0.0,0.0177629999275675,0.01938403820659245,1,0,0.0,10,,0.0,0.0,0.0,0.0,0.0,0.0,,0.0,0.0,0.0,0.01938403820659245,0.0,0.0,0.0,0,0.0,0.0
2022-07-18,3.3480000495910645,0.03509046859331777,26.425716400146484,0.034188099901475644,0.0009023686918421259,0.0009023686918421259,0.024851240151883267,0.026118591153047998,1,0,0.0,10,7.6900136497709335,0.0,0.0,0.0,0.0,0.0,0.0,,0.0,0.0,0.0,0.026118591153047998,0.0,0.0,0.0,0,0.0,0.0
2022-07-19,3.2915000915527344,-0.016875733931136394,26.97644805908203,0.020840746589276815,-0.03771648052041321,0.03771648052041321,0.018973775407301607,0.014550252701596078,0,1,1.0,10,10.121421197371241,102.0,-10.0,-335.7330093383789,269.7644805908203,0.0,0.0,Opened,-335.7330093383789,269.7644805908203,0.0,0.018973775407301607,605.4974899291992,0.0,0.0,0,0.0,605.4974899291992
2022-07-20,3.3294999599456787,0.01154484804374345,26.815025329589844,-0.005983839278568159,0.01752868732231161,0.01752868732231161,0.019185204882930632,0.017013866986188158,1,0,-1.0,10,4.174369578120044,-102.0,10.0,339.60899591445923,-268.15025329589844,3.8759865760803223,1.614227294921875,Closed,339.60899591445923,-268.15025329589844,5.490213871002197,0.019185204882930632,607.7592492103577,5.490213871002197,0.009033534048450037,0,5.490213871002197,0.0
2022-07-21,3.302000045776367,-0.008259472743696983,26.83401870727539,0.0007083110104164625,-0.008967783754113445,0.008967783754113445,0.020156778279852617,0.016914434630213457,0,0,0.0,10,0.6969158016792627,0.0,0.0,0.0,0.0,0.0,0.0,,0.0,0.0,0.0,0.020156778279852617,0.0,0.0,0.0,0,0.0,0.0
2022-07-22,3.3485000133514404,0.014082364303583894,26.530166625976562,-0.011323390827645441,0.025405755131229335,0.025405755131229335,0.02038825812553364,0.01918539969736251,1,1,1.0,10,6.370750467982082,-64.0,10.0,214.3040008544922,-265.3016662597656,0.0,0.0,Opened,214.3040008544922,-265.3016662597656,0.0,0.02038825812553364,479.6056671142578,0.0,0.0,0,0.0,479.6056671142578
2022-07-23,3.3485000133514404,0.0,26.530166625976562,0.0,0.0,0.0,0.013082023663543142,0.01219902982962549,1,1,0.0,10,,64.0,-10.0,-214.3040008544922,265.3016662597656,0.0,0.0,Live,0.0,0.0,0.0,0.013082023663543142,479.6056671142578,0.0,0.0,0,0.0,0.0
2022-07-24,3.3485000133514404,0.0,26.530166625976562,0.0,0.0,0.0,0.009212596199605648,0.00523025797176967,1,1,0.0,10,,64.0,-10.0,-214.3040008544922,265.3016662597656,0.0,0.0,Live,0.0,0.0,0.0,0.009212596199605648,479.6056671142578,0.0,0.0,0,0.0,0.0
2022-07-25,3.3510000705718994,0.0007466200419563584,26.853008270263672,0.012168850985315949,-0.01142223094335959,0.01142223094335959,0.008038308580361126,0.008311422526519436,0,0,-1.0,10,130.60759660746785,64.0,-10.0,-214.46400451660156,268.5300827026367,-0.160003662109375,3.2284164428710938,Closed,-214.46400451660156,268.5300827026367,3.0684127807617188,0.008311422526519436,482.9940872192383,3.0684127807617188,0.0063528992630688666,0,3.0684127807617188,0.0
2022-07-26,3.382499933242798,0.009400137871534708,26.644107818603516,-0.007779405925684935,0.017179543797219643,0.017179543797219643,0.006515806649751363,0.00904438154204374,1,1,1.0,10,6.518919162725521,-66.0,10.0,223.24499559402466,-266.44107818603516,0.0,0.0,Opened,223.24499559402466,-266.44107818603516,0.0,0.00904438154204374,489.6860737800598,0.0,0.0,0,0.0,489.6860737800598
2022-07-27,3.429500102996826,0.01389509850158932,27.441722869873047,0.029935888891450047,-0.016040790389860726,0.016040790389860726,0.0064496438638717655,0.014740351288300334,0,0,-1.0,10,17.238960809089836,66.0,-10.0,-226.34700679779053,274.41722869873047,-3.102011203765869,7.9761505126953125,Closed,-226.34700679779053,274.41722869873047,4.874139308929443,0.014740351288300334,500.764235496521,4.874139308929443,0.00973340139616122,0,4.874139308929443,0.0
2022-07-28,3.4749999046325684,0.013267181883442003,27.736080169677734,0.010726633353179471,0.002540548530262532,0.002540548530262532,0.0067011014623715535,0.014264310762155206,1,0,0.0,10,6.453198737555367,0.0,0.0,0.0,0.0,0.0,0.0,,0.0,0.0,0.0,0.014264310762155206,0.0,0.0,0.0,0,0.0,0.0
2022-07-29,3.5840001106262207,0.03136696661439986,28.951492309570312,0.043820616772708876,-0.012453650158309015,0.012453650158309015,0.011164897843431503,0.019750932964743687,0,0,0.0,10,11.285190751666004,0.0,0.0,0.0,0.0,0.0,0.0,,0.0,0.0,0.0,0.019750932964743687,0.0,0.0,0.0,0,0.0,0.0
2022-07-30,3.5840001106262207,0.0,28.951492309570312,0.0,0.0,0.0,0.01138486713032235,0.021303117047000695,1,0,0.0,10,,0.0,0.0,0.0,0.0,0.0,0.0,,0.0,0.0,0.0,0.021303117047000695,0.0,0.0,0.0,0,0.0,0.0
2022-07-31,3.5840001106262207,0.0,28.951492309570312,0.0,0.0,0.0,0.012921338177816502,0.019390618901357962,1,0,0.0,10,,0.0,0.0,0.0,0.0,0.0,0.0,,0.0,0.0,0.0,0.019390618901357962,0.0,0.0,0.0,0,0.0,0.0
2022-08-01,3.552000045776367,-0.008928589247242602,28.3153018951416,-0.02197435654183566,0.013045767294593058,0.013045767294593058,0.015689542881992882,0.024010314364738418,1,0,0.0,10,19.61921183666966,0.0,0.0,0.0,0.0,0.0,0.0,,0.0,0.0,0.0,0.024010314364738418,0.0,0.0,0.0,0,0.0,0.0
2022-08-02,3.5244998931884766,-0.0077421599756426485,27.413236618041992,-0.03185787248323102,0.02411571250758837,0.02411571250758837,0.01643435107100038,0.029146167685254153,1,0,0.0,10,32.004971271914016,0.0,0.0,0.0,0.0,0.0,0.0,,0.0,0.0,0.0,0.029146167685254153,0.0,0.0,0.0,0,0.0,0.0
2022-08-03,3.4695000648498535,-0.015605002129498446,27.289796829223633,-0.00450292647082462,-0.011102075658673827,0.011102075658673827,0.006611202867555434,0.014469577205651174,0,0,0.0,10,2.2696789274411717,0.0,0.0,0.0,0.0,0.0,0.0,,0.0,0.0,0.0,0.014469577205651174,0.0,0.0,0.0,0,0.0,0.0
2022-08-04,3.4830000400543213,0.003891043364212088,27.53667640686035,0.009046589067029709,-0.005155545702817621,0.005155545702817621,0.00770030401093841,0.016688625984577078,0,0,0.0,10,18.381325854588898,0.0,0.0,0.0,0.0,0.0,0.0,,0.0,0.0,0.0,0.016688625984577078,0.0,0.0,0.0,0,0.0,0.0
2022-08-05,3.552999973297119,0.020097597599139316,28.087411880493164,0.020000070651068347,9.752694807096951e-05,9.752694807096951e-05,0.014040078761310245,0.02137962309184512,1,0,0.0,10,7.866904935159474,0.0,0.0,0.0,0.0,0.0,0.0,,0.0,0.0,0.0,0.02137962309184512,0.0,0.0,0.0,0,0.0,0.0
2022-08-06,3.552999973297119,0.0,28.087411880493164,0.0,0.0,0.0,0.013439014856418038,0.01940582811426944,1,0,0.0,10,,0.0,0.0,0.0,0.0,0.0,0.0,,0.0,0.0,0.0,0.01940582811426944,0.0,0.0,0.0,0,0.0,0.0
2022-08-07,3.552999973297119,0.0,28.087411880493164,0.0,0.0,0.0,0.012732955854410482,0.009767816775697692,1,0,0.0,10,,0.0,0.0,0.0,0.0,0.0,0.0,,0.0,0.0,0.0,0.012732955854410482,0.0,0.0,0.0,0,0.0,0.0
2022-08-08,3.5875000953674316,0.009710138567295523,29.169889450073242,0.03853959824371933,-0.028829459676423808,0.028829459676423808,0.008459002458093995,0.01622932361134041,0,1,1.0,10,32.27190611760344,323.0,-10.0,-1158.7625308036804,291.6988945007324,0.0,0.0,Opened,-1158.7625308036804,291.6988945007324,0.0,0.01622932361134041,1450.4614253044128,0.0,0.0,0,0.0,1450.4614253044128
2022-08-09,3.5924999713897705,0.0013936936277145762,28.875530242919922,-0.010091200642262987,0.011484894269977564,0.011484894269977564,0.008738374533359981,0.01947873824221065,1,0,-1.0,10,58.19808862509899,-323.0,10.0,1160.3774907588959,-288.7553024291992,1.614959955215454,2.943592071533203,Closed,1160.3774907588959,-288.7553024291992,4.558552026748657,0.01947873824221065,1449.132793188095,4.558552026748657,0.0031457103504778424,0,4.558552026748657,0.0
2022-08-10,3.6554999351501465,0.017536524498844797,30.062456130981445,0.041104903635580836,-0.02356837913673604,0.02356837913673604,0.007741202395499513,0.02402713946501992,0,0,0.0,10,19.276482463439134,0.0,0.0,0.0,0.0,0.0,0.0,,0.0,0.0,0.0,0.02402713946501992,0.0,0.0,0.0,0,0.0,0.0
2022-08-11,3.7105000019073486,0.015045839894110902,30.185897827148438,0.004106174679445962,0.01093966521466494,0.01093966521466494,0.007880980397091111,0.023497143752592622,1,0,0.0,10,2.2202028003093823,0.0,0.0,0.0,0.0,0.0,0.0,,0.0,0.0,0.0,0.023497143752592622,0.0,0.0,0.0,0,0.0,0.0
2022-08-12,3.6760001182556152,-0.009297906921977961,30.57520866394043,0.012897109737178614,-0.022195016659156575,0.022195016659156575,0.01095532225040876,0.022144602458314153,0,1,1.0,10,11.53721839525367,116.0,-10.0,-426.41601371765137,305.7520866394043,0.0,0.0,Opened,-426.41601371765137,305.7520866394043,0.0,0.022144602458314153,732.1681003570557,0.0,0.0,0,0.0,732.1681003570557
2022-08-13,3.6760001182556152,0.0,30.57520866394043,0.0,0.0,0.0,0.011185908728680971,0.01945196215924258,1,0,-1.0,10,,-116.0,10.0,426.41601371765137,-305.7520866394043,0.0,0.0,Closed,426.41601371765137,-305.7520866394043,0.0,0.01945196215924258,732.1681003570557,0.0,0.0,0,0.0,0.0
2022-08-14,3.6760001182556152,0.0,30.57520866394043,0.0,0.0,0.0,0.011312878400345509,0.017302434143923455,1,0,0.0,10,,0.0,0.0,0.0,0.0,0.0,0.0,,0.0,0.0,0.0,0.017302434143923455,0.0,0.0,0.0,0,0.0,0.0
2022-08-15,3.628999948501587,-0.012785682329175652,29.549705505371094,-0.03354034864785027,0.02075466631867462,0.02075466631867462,0.010798102387330264,0.017702091675934464,1,1,1.0,10,21.3604234489462,-214.0,10.0,776.6059889793396,-295.49705505371094,0.0,0.0,Opened,776.6059889793396,-295.49705505371094,0.0,0.017702091675934464,1072.1030440330505,0.0,0.0,0,0.0,1072.1030440330505
2022-08-16,3.6364998817443848,0.002066666671046491,29.958005905151367,0.013817410116187423,-0.011750743445140932,0.011750743445140932,0.006596597967247512,0.019189143164591554,0,0,-1.0,10,55.078935316002955,214.0,-10.0,-778.2109746932983,299.5800590515137,-1.6049857139587402,4.083003997802734,Closed,-778.2109746932983,299.5800590515137,2.478018283843994,0.019189143164591554,1077.791033744812,2.478018283843994,0.0022991639438992707,0,2.478018283843994,0.0
2022-08-17,3.5980000495910645,-0.010587057171813408,29.388280868530273,-0.019017455248018678,0.00843039807620527,0.00843039807620527,0.00687460572367778,0.018556506889819628,1,0,0.0,10,14.672028482618991,0.0,0.0,0.0,0.0,0.0,0.0,,0.0,0.0,0.0,0.018556506889819628,0.0,0.0,0.0,0,0.0,0.0
2022-08-18,3.6465001106262207,0.013479727728372026,29.796585083007812,0.013893436513149782,-0.0004137087847777554,0.0004137087847777554,0.010598151813079517,0.020899119209386575,0,0,0.0,10,8.422069541810298,0.0,0.0,0.0,0.0,0.0,0.0,,0.0,0.0,0.0,0.020899119209386575,0.0,0.0,0.0,0,0.0,0.0
2022-08-19,3.683500051498413,0.010146699506293988,29.084426879882812,-0.02390066516485223,0.03404736467114622,0.03404736467114622,0.011868154078250972,0.022172858683384745,1,1,1.0,10,18.59880404398952,-186.0,10.0,685.1310095787048,-290.8442687988281,0.0,0.0,Opened,685.1310095787048,-290.8442687988281,0.0,0.022172858683384745,975.975278377533,0.0,0.0,0,0.0,975.975278377533
2022-08-20,3.683500051498413,0.0,29.084426879882812,0.0,0.0,0.0,0.009425722678253218,0.0178227492598023,1,1,0.0,10,,186.0,-10.0,-685.1310095787048,290.8442687988281,0.0,0.0,Live,0.0,0.0,0.0,0.0178227492598023,975.975278377533,0.0,0.0,0,0.0,0.0
2022-08-21,3.683500051498413,0.0,29.084426879882812,0.0,0.0,0.0,0.00952285823340493,0.015471316382922456,1,1,0.0,10,,186.0,-10.0,-685.1310095787048,290.8442687988281,0.0,0.0,Live,0.0,0.0,0.0,0.015471316382922456,975.975278377533,0.0,0.0,0,0.0,0.0
2022-08-22,3.6705000400543213,-0.003529255127552755,28.704612731933594,-0.013059021225270584,0.009529766097717829,0.009529766097717829,0.007354164584044216,0.014390943611799474,1,1,0.0,10,28.9370351751645,186.0,-10.0,-682.7130074501038,287.04612731933594,2.418002128601074,-3.7981414794921875,Live,0.0,0.0,0.0,0.014390943611799474,969.7591347694397,-1.3801393508911133,-0.001423177468928139,0,0.0,0.0
2022-08-23,3.7044999599456787,0.009263021256050497,30.090940475463867,0.04829634025990526,-0.03903331900385476,0.03903331900385476,0.0061395618259951715,0.027607120317919485,0,0,-1.0,10,42.35139588682887,186.0,-10.0,-689.0369925498962,300.9094047546387,-3.9059829711914062,10.065135955810547,Closed,-689.0369925498962,300.9094047546387,6.159152984619141,0.027607120317919485,989.9463973045349,6.159152984619141,0.006221703519897163,0,6.159152984619141,0.0
2022-08-24,3.6605000495910645,-0.01187742227840638,29.986492156982422,-0.003471088534657496,-0.008406333743748884,0.008406333743748884,0.007612218177826431,0.024048411036087687,0,0,0.0,10,2.3940253312814135,0.0,0.0,0.0,0.0,0.0,0.0,,0.0,0.0,0.0,0.024048411036087687,0.0,0.0,0.0,0,0.0,0.0
2022-08-25,3.7105000019073486,0.01365932294465333,30.907543182373047,0.03071553086532508,-0.01705620792067175,0.01705620792067175,0.010181016874033185,0.025873600006351333,0,0,0.0,10,18.730997297894913,0.0,0.0,0.0,0.0,0.0,0.0,,0.0,0.0,0.0,0.025873600006351333,0.0,0.0,0.0,0,0.0,0.0
2022-08-26,3.7114999294281006,0.000269485923794166,30.252363204956055,-0.021198060730710178,0.021467546654504344,0.021467546654504344,0.010171779219048258,0.029862417019316786,1,0,0.0,10,641.1651311781925,0.0,0.0,0.0,0.0,0.0,0.0,,0.0,0.0,0.0,0.029862417019316786,0.0,0.0,0.0,0,0.0,0.0
2022-08-27,3.7114999294281006,0.0,30.252363204956055,0.0,0.0,0.0,0.00984788408438007,0.028047995781204673,1,0,0.0,10,,0.0,0.0,0.0,0.0,0.0,0.0,,0.0,0.0,0.0,0.028047995781204673,0.0,0.0,0.0,0,0.0,0.0
2022-08-28,3.7114999294281006,0.0,30.252363204956055,0.0,0.0,0.0,0.0090399287685341,0.018691831936748286,1,0,0.0,10,,0.0,0.0,0.0,0.0,0.0,0.0,,0.0,0.0,0.0,0.018691831936748286,0.0,0.0,0.0,0,0.0,0.0
2022-08-29,3.626499891281128,-0.022901802441922747,29.796585083007812,-0.015065868370692237,-0.00783593407123051,0.00783593407123051,0.013181799557765158,0.02008497610309386,0,0,0.0,10,5.405094973628154,0.0,0.0,0.0,0.0,0.0,0.0,,0.0,0.0,0.0,0.02008497610309386,0.0,0.0,0.0,0,0.0,0.0
2022-08-30,3.5450000762939453,-0.022473408915060333,28.56218147277832,-0.041427687326942686,0.018954278411882353,0.018954278411882353,0.012477118984812281,0.017214775580260952,1,1,1.0,10,14.852407660934668,-149.0,10.0,528.2050113677979,-285.6218147277832,0.0,0.0,Opened,528.2050113677979,-285.6218147277832,0.0,0.017214775580260952,813.826826095581,0.0,0.0,0,0.0,813.826826095581
2022-08-31,3.5185000896453857,-0.0074753134212237615,28.343788146972656,-0.007646241097298834,0.0001709276760750722,0.0001709276760750722,0.011475968153401385,0.017167672842881777,1,1,0.0,10,8.239842460552772,149.0,-10.0,-524.2565133571625,283.43788146972656,3.948498010635376,-2.1839332580566406,Live,0.0,0.0,0.0,0.017167672842881777,807.694394826889,1.7645647525787354,0.0021846935720742865,0,0.0,0.0
2022-09-01,3.4144999980926514,-0.029558075572826303,27.261308670043945,-0.03819106575718345,0.008632990184357148,0.008632990184357148,0.012256338393904127,0.01847927952787533,1,1,0.0,10,10.315854454762608,149.0,-10.0,-508.76049971580505,272.61308670043945,19.444511651992798,-13.00872802734375,Live,0.0,0.0,0.0,0.01847927952787533,781.3735864162445,6.435783624649048,0.008236500102552289,0,0.0,0.0
2022-09-02,3.4214999675750732,0.0020500716023816867,27.584156036376953,0.011842695089974375,-0.009792623487592689,0.009792623487592689,0.012959658277826396,0.0221522228595248,0,0,-1.0,10,46.57197745879251,149.0,-10.0,-509.8034951686859,275.84156036376953,18.40151619911194,-9.780254364013672,Closed,-509.8034951686859,275.84156036376953,8.621261835098267,0.0221522228595248,785.6450555324554,8.621261835098267,0.010973481948862234,0,8.621261835098267,0.0
2022-09-03,3.4214999675750732,0.0,27.584156036376953,0.0,0.0,0.0,0.013951361623293086,0.023642232185183486,1,0,0.0,10,,0.0,0.0,0.0,0.0,0.0,0.0,,0.0,0.0,0.0,0.023642232185183486,0.0,0.0,0.0,0,0.0,0.0
2022-09-04,3.4214999675750732,0.0,27.584156036376953,0.0,0.0,0.0,0.013124370811053112,0.018882168888780353,1,0,0.0,10,,0.0,0.0,0.0,0.0,0.0,0.0,,0.0,0.0,0.0,0.018882168888780353,0.0,0.0,0.0,0,0.0,0.0
2022-09-05,3.4214999675750732,0.0,27.584156036376953,0.0,0.0,0.0,0.013477245347772346,0.019104708865226607,1,0,0.0,10,,0.0,0.0,0.0,0.0,0.0,0.0,,0.0,0.0,0.0,0.019104708865226607,0.0,0.0,0.0,0,0.0,0.0
2022-09-06,3.4690001010894775,0.01388283909529564,27.802549362182617,0.007917346665152758,0.0059654924301428824,0.0059654924301428824,0.006044925273746779,0.005586634836317472,1,0,0.0,10,4.5706890748207325,0.0,0.0,0.0,0.0,0.0,0.0,,0.0,0.0,0.0,0.006044925273746779,0.0,0.0,0.0,0,0.0,0.0
2022-09-07,3.437999963760376,-0.008936332206898934,27.840530395507812,0.0013660989440362759,-0.01030243115093521,0.01030243115093521,0.00818073451131588,0.003439263440961478,0,1,1.0,10,1.2379254384729776,13.0,-10.0,-44.69399952888489,278.4053039550781,0.0,0.0,Opened,-44.69399952888489,278.4053039550781,0.0,0.00818073451131588,323.099303483963,0.0,0.0,0,0.0,323.099303483963
2022-09-08,3.5360000133514404,0.02850495946017273,28.69511604309082,0.030695738746446377,-0.0021907792862736475,0.0021907792862736475,0.014674159671937996,0.01310641012427511,0,1,0.0,10,8.738831985628142,-13.0,10.0,45.968000173568726,-286.9511604309082,1.274000644683838,-8.545856475830078,Live,0.0,0.0,0.0,0.014674159671937996,332.91916060447693,-7.27185583114624,-0.02184270745469509,1,-7.27185583114624,0.0
2022-09-09,3.5810000896453857,0.012726265872180731,29.815574645996094,0.03904701417560763,-0.0263207483034269,0.0263207483034269,0.014323103896530166,0.01790544810177476,0,1,0.0,10,25.54616366331253,-13.0,10.0,46.553001165390015,-298.15574645996094,1.859001636505127,-19.750442504882812,Live,0.0,0.0,0.0,0.01790544810177476,344.70874762535095,-17.891440868377686,-0.05190306596983468,1,0.0,0.0
2022-09-10,3.5810000896453857,0.0,29.815574645996094,0.0,0.0,0.0,0.014323103896530166,0.01790544810177476,1,0,-1.0,10,,-13.0,10.0,46.553001165390015,-298.15574645996094,1.859001636505127,-19.750442504882812,Closed,46.553001165390015,-298.15574645996094,-17.891440868377686,0.01790544810177476,344.70874762535095,-17.891440868377686,-0.05190306596983468,1,0.0,0.0
2022-09-11,3.5810000896453857,0.0,29.815574645996094,0.0,0.0,0.0,0.014540947061579908,0.01908841374238811,1,0,0.0,10,,0.0,0.0,0.0,0.0,0.0,0.0,,0.0,0.0,0.0,0.01908841374238811,0.0,0.0,0.0,0,0.0,0.0
2022-09-12,3.625499963760376,0.012426660988829275,30.4042911529541,0.019745267832262492,-0.0073186068434332174,0.0073186068434332174,0.011758812730410132,0.017714063080522823,0,0,0.0,10,13.325255840834478,0.0,0.0,0.0,0.0,0.0,0.0,,0.0,0.0,0.0,0.017714063080522823,0.0,0.0,0.0,0,0.0,0.0
2022-09-13,3.5810000896453857,-0.012274134480706134,29.198373794555664,-0.03966273551097965,0.02738860103027352,0.02738860103027352,0.010414670722065455,0.02921681705874401,1,0,0.0,10,26.347906813531534,0.0,0.0,0.0,0.0,0.0,0.0,,0.0,0.0,0.0,0.02921681705874401,0.0,0.0,0.0,0,0.0,0.0
2022-09-14,3.5455000400543213,-0.009913445602449,29.04644775390625,-0.005203236376052689,-0.004710209226396311,0.004710209226396311,0.009801754638600082,0.021586291392486263,0,0,0.0,10,4.299960450001437,0.0,0.0,0.0,0.0,0.0,0.0,,0.0,0.0,0.0,0.021586291392486263,0.0,0.0,0.0,0,0.0,0.0
2022-09-15,3.5234999656677246,-0.00620506956368827,28.533693313598633,-0.017652913865815467,0.011447844302127197,0.011447844302127197,0.009885254344465692,0.02199881104013026,1,0,0.0,10,23.038461036087355,0.0,0.0,0.0,0.0,0.0,0.0,,0.0,0.0,0.0,0.02199881104013026,0.0,0.0,0.0,0,0.0,0.0
2022-09-16,3.561000108718872,0.010642867437644865,28.38176727294922,-0.005324443596546602,0.015967311034191467,0.015967311034191467,0.011720271711596649,0.021606551217121142,1,0,0.0,10,3.9873377608163105,0.0,0.0,0.0,0.0,0.0,0.0,,0.0,0.0,0.0,0.021606551217121142,0.0,0.0,0.0,0,0.0,0.0
2022-09-17,3.561000108718872,0.0,28.38176727294922,0.0,0.0,0.0,0.00918821722171761,0.015965884387684395,1,0,0.0,10,,0.0,0.0,0.0,0.0,0.0,0.0,,0.0,0.0,0.0,0.015965884387684395,0.0,0.0,0.0,0,0.0,0.0
2022-09-18,3.561000108718872,0.0,28.38176727294922,0.0,0.0,0.0,0.007811103886277859,0.0072149075277274325,1,0,0.0,10,,0.0,0.0,0.0,0.0,0.0,0.0,,0.0,0.0,0.0,0.007811103886277859,0.0,0.0,0.0,0,0.0,0.0
2022-09-19,3.557499885559082,-0.0009829326180642584,28.9325008392334,0.019404484611114547,-0.020387417229178806,0.020387417229178806,0.006130914559221035,0.013359977605776886,0,1,1.0,10,160.553376995645,1606.0,-10.0,-5713.344816207886,289.325008392334,0.0,0.0,Opened,-5713.344816207886,289.325008392334,0.0,0.013359977605776886,6002.66982460022,0.0,0.0,0,0.0,6002.66982460022
2022-09-20,3.5480000972747803,-0.002670355190414475,28.210853576660156,-0.024942443329843966,0.02227208813942949,0.02227208813942949,0.00528196781492041,0.015838330444577095,1,0,-1.0,10,74.26814320233865,-1606.0,10.0,5698.088156223297,-282.10853576660156,-15.256659984588623,7.216472625732422,Closed,5698.088156223297,-282.10853576660156,-8.040187358856201,0.015838330444577095,5980.196691989899,-8.040187358856201,-0.0013444687144865204,0,-8.040187358856201,0.0
2022-09-21,3.51200008392334,-0.010146564927969393,27.660118103027344,-0.019522113080919112,0.00937554815294972,0.00937554815294972,0.004270905820273891,0.017707138120747607,1,0,0.0,10,15.153302668659025,0.0,0.0,0.0,0.0,0.0,0.0,,0.0,0.0,0.0,0.017707138120747607,0.0,0.0,0.0,0,0.0,0.0
2022-09-22,3.498500108718872,-0.003843956401443638,27.717090606689453,0.002059734649356937,-0.005903691050800575,0.005903691050800575,0.003986380998144104,0.017876044070557005,0,0,0.0,10,4.245204065226072,0.0,0.0,0.0,0.0,0.0,0.0,,0.0,0.0,0.0,0.017876044070557005,0.0,0.0,0.0,0,0.0,0.0
2022-09-23,3.371500015258789,-0.03630129755993905,26.121862411499023,-0.05755395534931884,0.021252657789379792,0.021252657789379792,0.014676469528087255,0.029149073212472076,1,0,0.0,10,12.283835682147531,0.0,0.0,0.0,0.0,0.0,0.0,,0.0,0.0,0.0,0.029149073212472076,0.0,0.0,0.0,0,0.0,0.0
2022-09-24,3.371500015258789,0.0,26.121862411499023,0.0,0.0,0.0,0.014846257149369426,0.02409142605414573,1,0,0.0,10,,0.0,0.0,0.0,0.0,0.0,0.0,,0.0,0.0,0.0,0.02409142605414573,0.0,0.0,0.0,0,0.0,0.0
2022-09-25,3.371500015258789,0.0,26.121862411499023,0.0,0.0,0.0,0.01524515968880827,0.025359037420298602,1,0,0.0,10,,0.0,0.0,0.0,0.0,0.0,0.0,,0.0,0.0,0.0,0.025359037420298602,0.0,0.0,0.0,0,0.0,0.0
2022-09-26,3.313499927520752,-0.017203051305217043,25.54264259338379,-0.022173756564166647,0.004970705258949604,0.004970705258949604,0.015578346800697003,0.025504474239257616,1,0,0.0,10,9.936024457494625,0.0,0.0,0.0,0.0,0.0,0.0,,0.0,0.0,0.0,0.025504474239257616,0.0,0.0,0.0,0,0.0,0.0
2022-09-27,3.322999954223633,0.0028670671225845545,25.84649658203125,0.011895949588480281,-0.009028882465895727,0.009028882465895727,0.016651744594600743,0.027501896648716623,0,0,0.0,10,32.272499539628036,0.0,0.0,0.0,0.0,0.0,0.0,,0.0,0.0,0.0,0.027501896648716623,0.0,0.0,0.0,0,0.0,0.0
2022-09-28,3.381999969482422,0.0177550454623987,26.95745849609375,0.042983075502575074,-0.025228030040176375,0.025228030040176375,0.012420433682647943,0.023805498096844496,0,1,1.0,10,19.296611084856444,193.0,-10.0,-652.7259941101074,269.5745849609375,0.0,0.0,Opened,-652.7259941101074,269.5745849609375,0.0,0.023805498096844496,922.3005790710449,0.0,0.0,0,0.0,922.3005790710449
2022-09-29,3.440000057220459,0.017149641709462538,26.90998077392578,-0.0017612091353066406,0.018910850844769178,0.018910850844769178,0.014395334224135758,0.02393913517512163,1,0,-1.0,10,0.8033611319383878,-193.0,10.0,663.9200110435486,-269.0998077392578,11.194016933441162,0.4747772216796875,Closed,663.9200110435486,-269.0998077392578,11.66879415512085,0.02393913517512163,933.0198187828064,11.66879415512085,0.012506480484352045,0,11.66879415512085,0.0
2022-09-30,3.441999912261963,0.0005813532000693566,26.83401870727539,-0.002822821290307087,0.0034041744903764437,0.0034041744903764437,0.014356095346674664,0.02415389848256501,1,0,0.0,10,37.85455805218144,0.0,0.0,0.0,0.0,0.0,0.0,,0.0,0.0,0.0,0.02415389848256501,0.0,0.0,0.0,0,0.0,0.0
2022-10-01,3.441999912261963,0.0,26.83401870727539,0.0,0.0,0.0,0.008996078654978685,0.019327514559868152,1,0,0.0,10,,0.0,0.0,0.0,0.0,0.0,0.0,,0.0,0.0,0.0,0.019327514559868152,0.0,0.0,0.0,0,0.0,0.0
2022-10-02,3.441999912261963,0.0,26.83401870727539,0.0,0.0,0.0,0.009458303355020344,0.019771934811436992,1,0,0.0,10,,0.0,0.0,0.0,0.0,0.0,0.0,,0.0,0.0,0.0,0.019771934811436992,0.0,0.0,0.0,0,0.0,0.0
2022-10-03,3.4579999446868896,0.004648469736424854,28.05892562866211,0.04564753922060194,-0.040999069484177086,0.040999069484177086,0.007346570043712603,0.020961426857685917,0,1,1.0,10,79.68075096990391,797.0,-10.0,-2756.025955915451,280.5892562866211,0.0,0.0,Opened,-2756.025955915451,280.5892562866211,0.0,0.020961426857685917,3036.615212202072,0.0,0.0,0,0.0,3036.615212202072
2022-10-04,3.5179998874664307,0.017351053712921338,28.91351318359375,0.0304568879878524,-0.01310583427493106,0.01310583427493106,0.007433473436610024,0.02205249095708609,0,1,0.0,10,14.426624073952024,-797.0,10.0,2803.8459103107452,-289.1351318359375,47.81995439529419,-8.545875549316406,Live,0.0,0.0,0.0,0.02205249095708609,3092.9810421466827,39.27407884597778,0.01269780781414671,0,0.0,0.0
2022-10-05,3.5325000286102295,0.004121700286420893,28.6666316986084,-0.008538619413618664,0.012660319700039557,0.012660319700039557,0.007127273026891531,0.023298069703828795,1,0,-1.0,10,16.811471967016868,-797.0,10.0,2815.402522802353,-286.666316986084,59.376566886901855,-6.077060699462891,Closed,2815.402522802353,-286.666316986084,53.299506187438965,0.023298069703828795,3102.068839788437,53.299506187438965,0.017181922433118547,0,53.299506187438965,0.0
2022-10-06,3.4749999046325684,-0.01627745888519727,28.106401443481445,-0.019542939715311847,0.0032654808301145755,0.0032654808301145755,0.012095778969984193,0.027408553433605536,1,0,0.0,10,9.710771460625448,0.0,0.0,0.0,0.0,0.0,0.0,,0.0,0.0,0.0,0.027408553433605536,0.0,0.0,0.0,0,0.0,0.0
2022-10-07,3.4124999046325684,-0.017985612004386087,27.308786392211914,-0.02837841240094141,0.010392800396555324,0.010392800396555324,0.015123125677307966,0.03238173767582685,1,0,0.0,10,12.626780411870994,0.0,0.0,0.0,0.0,0.0,0.0,,0.0,0.0,0.0,0.03238173767582685,0.0,0.0,0.0,0,0.0,0.0
2022-10-08,3.4124999046325684,0.0,27.308786392211914,0.0,0.0,0.0,0.014779774557658281,0.022652586826733333,1,0,0.0,10,,0.0,0.0,0.0,0.0,0.0,0.0,,0.0,0.0,0.0,0.022652586826733333,0.0,0.0,0.0,0,0.0,0.0
2022-10-09,3.4124999046325684,0.0,27.308786392211914,0.0,0.0,0.0,0.010292301441068115,0.01247620863457767,1,0,0.0,10,,0.0,0.0,0.0,0.0,0.0,0.0,,0.0,0.0,0.0,0.01247620863457767,0.0,0.0,0.0,0,0.0,0.0
2022-10-10,3.4535000324249268,0.012014689798730771,27.308786392211914,0.0,0.012014689798730771,0.012014689798730771,0.01258761877459921,0.013490455750124046,1,0,0.0,10,0.0,0.0,0.0,0.0,0.0,0.0,0.0,,0.0,0.0,0.0,0.013490455750124046,0.0,0.0,0.0,0,0.0,0.0
2022-10-11,3.4779999256134033,0.007094221212812224,26.815025329589844,-0.01808066662247887,0.025174887835291093,0.025174887835291093,0.011378824902164356,0.013234005357130473,1,1,1.0,10,19.649809989849082,-197.0,10.0,685.1659853458405,-268.15025329589844,0.0,0.0,Opened,685.1659853458405,-268.15025329589844,0.0,0.013234005357130473,953.3162386417389,0.0,0.0,0,0.0,953.3162386417389
2022-10-12,3.444499969482422,-0.009631959990646921,26.95745849609375,0.005311692409506463,-0.014943652400153384,0.014943652400153384,0.00820811913149066,0.008979354671635756,0,0,-1.0,10,4.315896367516788,197.0,-10.0,-678.5664939880371,269.5745849609375,6.599491357803345,1.4243316650390625,Closed,-678.5664939880371,269.5745849609375,8.023823022842407,0.008979354671635756,948.1410789489746,8.023823022842407,0.008462688940486482,0,8.023823022842407,0.0
2022-10-13,3.4674999713897705,0.0066773122691607956,27.51768684387207,0.020781942328113034,-0.014104630058952239,0.014104630058952239,0.008364356721954982,0.013911974851657322,0,1,1.0,10,24.699030494045218,247.0,-10.0,-856.4724929332733,275.1768684387207,0.0,0.0,Opened,-856.4724929332733,275.1768684387207,0.0,0.013911974851657322,1131.649361371994,0.0,0.0,0,0.0,1131.649361371994
2022-10-14,3.450500011444092,-0.004902656117071302,26.625120162963867,-0.03243610867339197,0.02753345255632067,0.02753345255632067,0.009093379489834491,0.02073533756430015,1,0,-1.0,10,51.05130616601008,-247.0,10.0,852.2735028266907,-266.2512016296387,-4.198990106582642,8.925666809082031,Closed,852.2735028266907,-266.2512016296387,4.72667670249939,0.02073533756430015,1118.5247044563293,4.72667670249939,0.004225813416250686,0,4.72667670249939,0.0
2022-10-15,3.450500011444092,0.0,26.625120162963867,0.0,0.0,0.0,0.007273388223536856,0.02073533756430015,1,0,0.0,10,,0.0,0.0,0.0,0.0,0.0,0.0,,0.0,0.0,0.0,0.02073533756430015,0.0,0.0,0.0,0,0.0,0.0
2022-10-16,3.450500011444092,0.0,26.625120162963867,0.0,0.0,0.0,0.006104296533616395,0.01939174408046577,1,0,0.0,10,,0.0,0.0,0.0,0.0,0.0,0.0,,0.0,0.0,0.0,0.01939174408046577,0.0,0.0,0.0,0,0.0,0.0
2022-10-17,3.4554998874664307,0.0014490294176947582,27.21383285522461,0.02211117503535842,-0.020662145617663663,0.020662145617663663,0.0041425774786031785,0.022085201652330896,0,0,0.0,10,120.17481160792234,0.0,0.0,0.0,0.0,0.0,0.0,,0.0,0.0,0.0,0.022085201652330896,0.0,0.0,0.0,0,0.0,0.0
2022-10-18,3.4065001010894775,-0.014180230928289683,26.919475555419922,-0.010816458724158595,-0.003363772204131088,0.003363772204131088,0.006423085035025339,0.01980283623906772,0,0,0.0,10,6.0278159371244575,0.0,0.0,0.0,0.0,0.0,0.0,,0.0,0.0,0.0,0.01980283623906772,0.0,0.0,0.0,0,0.0,0.0
2022-10-19,3.3605000972747803,-0.013503596785447103,26.587135314941406,-0.012345717500859776,-0.0011578792845873265,0.0011578792845873265,0.007871988840980802,0.013766768508682192,0,0,0.0,10,7.233267178535059,0.0,0.0,0.0,0.0,0.0,0.0,,0.0,0.0,0.0,0.013766768508682192,0.0,0.0,0.0,0,0.0,0.0
2022-10-20,3.4509999752044678,0.02693047918763014,26.5776424407959,-0.0003570476485359464,0.027287526836166087,0.027287526836166087,0.016663430592705863,0.013766331611070942,1,1,1.0,10,0.10210654810654317,-2.0,10.0,6.9019999504089355,-265.776424407959,0.0,0.0,Opened,6.9019999504089355,-265.776424407959,0.0,0.016663430592705863,272.6784243583679,0.0,0.0,0,0.0,272.6784243583679
2022-10-21,3.5230000019073486,0.020863525708549213,27.745574951171875,0.04394417273758022,-0.02308064702903101,0.02308064702903101,0.019059796024604378,0.024122966311813564,0,0,-1.0,10,16.588024847259895,2.0,-10.0,-7.046000003814697,277.45574951171875,-0.14400005340576172,11.679325103759766,Closed,-7.046000003814697,277.45574951171875,11.535325050354004,0.024122966311813564,284.50174951553345,11.535325050354004,0.04054570866434756,0,11.535325050354004,0.0
2022-10-22,3.5230000019073486,0.0,27.745574951171875,0.0,0.0,0.0,0.01912511205410565,0.02300649154769394,1,0,0.0,10,,0.0,0.0,0.0,0.0,0.0,0.0,,0.0,0.0,0.0,0.02300649154769394,0.0,0.0,0.0,0,0.0,0.0
2022-10-23,3.5230000019073486,0.0,27.745574951171875,0.0,0.0,0.0,0.0166411997969685,0.02172803161590129,1,0,0.0,10,,0.0,0.0,0.0,0.0,0.0,0.0,,0.0,0.0,0.0,0.02172803161590129,0.0,0.0,0.0,0,0.0,0.0
2022-10-24,3.4795000553131104,-0.012347416000762834,26.729570388793945,-0.03661861627181806,0.024271200271055227,0.024271200271055227,0.0162918995462349,0.02855883766563824,1,0,0.0,10,22.782479065403226,0.0,0.0,0.0,0.0,0.0,0.0,,0.0,0.0,0.0,0.02855883766563824,0.0,0.0,0.0,0,0.0,0.0
2022-10-25,3.450500011444092,-0.008334543298752384,27.39424705505371,0.024866717144785166,-0.03320126044353755,0.03320126044353755,0.012817989366645901,0.030344268407593966,0,1,1.0,10,23.687213918244797,237.0,-10.0,-817.7685027122498,273.9424705505371,0.0,0.0,Opened,-817.7685027122498,273.9424705505371,0.0,0.030344268407593966,1091.7109732627869,0.0,0.0,0,0.0,1091.7109732627869
2022-10-26,3.629499912261963,0.05187651071560406,28.61915397644043,0.04471402038993966,0.007162490325664406,0.007162490325664406,0.026069501579003455,0.03058316534886156,1,0,-1.0,10,6.79646311616078,-237.0,10.0,860.1914792060852,-286.1915397644043,42.42297649383545,-12.249069213867188,Closed,860.1914792060852,-286.1915397644043,30.17390727996826,0.03058316534886156,1146.3830189704895,30.17390727996826,0.02632096496602503,0,30.17390727996826,0.0
2022-10-27,3.625499963760376,-0.0011020660141286553,28.277318954467773,-0.011944274182739911,0.010842208168611256,0.010842208168611256,0.02614000130014781,0.03167386937693574,1,0,0.0,10,84.53225993692385,0.0,0.0,0.0,0.0,0.0,0.0,,0.0,0.0,0.0,0.03167386937693574,0.0,0.0,0.0,0,0.0,0.0
2022-10-28,3.4660000801086426,-0.04399390021957128,27.6886043548584,-0.020819321681709857,-0.023174578537861423,0.023174578537861423,0.034681131747550026,0.03367017321467754,0,0,0.0,10,3.7804770622091843,0.0,0.0,0.0,0.0,0.0,0.0,,0.0,0.0,0.0,0.034681131747550026,0.0,0.0,0.0,0,0.0,0.0
2022-10-29,3.4660000801086426,0.0,27.6886043548584,0.0,0.0,0.0,0.03426671781623351,0.0270310316944981,1,0,0.0,10,,0.0,0.0,0.0,0.0,0.0,0.0,,0.0,0.0,0.0,0.03426671781623351,0.0,0.0,0.0,0,0.0,0.0
2022-10-30,3.4660000801086426,0.0,27.6886043548584,0.0,0.0,0.0,0.03398034363187437,0.02523336546718959,1,0,0.0,10,,0.0,0.0,0.0,0.0,0.0,0.0,,0.0,0.0,0.0,0.03398034363187437,0.0,0.0,0.0,0,0.0,0.0
2022-10-31,3.4135000705718994,-0.015147146082898355,27.223329544067383,-0.016803837594269178,0.0016566915113708225,0.0016566915113708225,0.018975427031872695,0.009579831770399696,1,0,0.0,10,8.847467701660946,0.0,0.0,0.0,0.0,0.0,0.0,,0.0,0.0,0.0,0.018975427031872695,0.0,0.0,0.0,0,0.0,0.0
2022-11-01,3.509500026702881,0.02812361334297475,28.56218147277832,0.04918031523453781,-0.021056701891563057,0.021056701891563057,0.026284123958066653,0.027873836069778318,0,0,0.0,10,14.232012412085863,0.0,0.0,0.0,0.0,0.0,0.0,,0.0,0.0,0.0,0.027873836069778318,0.0,0.0,0.0,0,0.0,0.0
2022-11-02,3.505500078201294,-0.001139748816399,27.57465934753418,-0.03457446435543854,0.03343471553903954,0.03343471553903954,0.015761115986687904,0.031206969256916604,1,1,1.0,10,238.61980445472204,-2387.0,10.0,8367.628686666489,-275.7465934753418,0.0,0.0,Opened,8367.628686666489,-275.7465934753418,0.0,0.031206969256916604,8643.37528014183,0.0,0.0,0,0.0,8643.37528014183
2022-11-03,3.4565000534057617,-0.013978041278685294,27.717090606689453,0.005165295330040509,-0.019143336608725803,0.019143336608725803,0.01743660857634147,0.031310482436765194,0,0,-1.0,10,2.9631928198406294,2387.0,-10.0,-8250.665627479553,277.17090606689453,116.96305918693542,1.4243125915527344,Closed,-8250.665627479553,277.17090606689453,118.38737177848816,0.031310482436765194,8527.836533546448,118.38737177848816,0.013882462604997276,0,118.38737177848816,0.0
2022-11-04,3.7144999504089355,0.07464194792907963,30.432775497436523,0.09797871390194346,-0.023336765972863827,0.023336765972863827,0.03787218831186063,0.053583940484208906,0,0,0.0,10,10.754493840315758,0.0,0.0,0.0,0.0,0.0,0.0,,0.0,0.0,0.0,0.053583940484208906,0.0,0.0,0.0,0,0.0,0.0
2022-11-05,3.7144999504089355,0.0,30.432775497436523,0.0,0.0,0.0,0.03543520962618817,0.05115564420111306,1,0,0.0,10,,0.0,0.0,0.0,0.0,0.0,0.0,,0.0,0.0,0.0,0.05115564420111306,0.0,0.0,0.0,0,0.0,0.0
2022-11-06,3.7144999504089355,0.0,30.432775497436523,0.0,0.0,0.0,0.03556501083519894,0.0497029821597145,1,0,0.0,10,,0.0,0.0,0.0,0.0,0.0,0.0,,0.0,0.0,0.0,0.0497029821597145,0.0,0.0,0.0,0,0.0,0.0
2022-11-07,3.629499912261963,-0.02288330576976183,30.26186180114746,-0.005616106105848284,-0.017267199663913546,0.017267199663913546,0.03874589317272268,0.04403325710154026,0,0,0.0,10,2.046281575965276,0.0,0.0,0.0,0.0,0.0,0.0,,0.0,0.0,0.0,0.04403325710154026,0.0,0.0,0.0,0,0.0,0.0
2022-11-08,3.7054998874664307,0.02093951702484076,31.201906204223633,0.031063667174652476,-0.010124150149811717,0.010124150149811717,0.0370017735287121,0.04344396210458275,0,0,0.0,10,12.491666661767404,0.0,0.0,0.0,0.0,0.0,0.0,,0.0,0.0,0.0,0.04344396210458275,0.0,0.0,0.0,0,0.0,0.0
2022-11-09,3.741499900817871,0.009715291983466878,30.10993194580078,-0.03499703676037069,0.04471232874383757,0.04471232874383757,0.016158718250473048,0.02346830922190438,1,1,1.0,10,28.989415044763142,-290.0,10.0,1085.0349712371826,-301.0993194580078,0.0,0.0,Opened,1085.0349712371826,-301.0993194580078,0.0,0.02346830922190438,1386.1342906951904,0.0,0.0,0,0.0,1386.1342906951904
2022-11-10,3.7960000038146973,0.014566378308579653,32.15144348144531,0.06780193124711609,-0.053235552938536435,0.053235552938536435,0.017094437261401783,0.03917817253690139,0,0,-1.0,10,39.42436900523743,290.0,-10.0,-1100.8400011062622,321.5144348144531,-15.80502986907959,20.415115356445312,Closed,-1100.8400011062622,321.5144348144531,4.610085487365723,0.03917817253690139,1422.3544359207153,4.610085487365723,0.0032411650506658225,0,4.610085487365723,0.0
2022-11-11,3.9509999752044678,0.04083244763804195,33.53777313232422,0.04311873747376094,-0.002286289835718991,0.002286289835718991,0.02311853160226468,0.040689028911578495,0,0,0.0,10,8.963710422081272,0.0,0.0,0.0,0.0,0.0,0.0,,0.0,0.0,0.0,0.040689028911578495,0.0,0.0,0.0,0,0.0,0.0
2022-11-12,3.9509999752044678,0.0,33.53777313232422,0.0,0.0,0.0,0.015258381392766293,0.039864818346716735,1,0,0.0,10,,0.0,0.0,0.0,0.0,0.0,0.0,,0.0,0.0,0.0,0.039864818346716735,0.0,0.0,0.0,0,0.0,0.0
2022-11-13,3.9509999752044678,0.0,33.53777313232422,0.0,0.0,0.0,0.016777107801282533,0.040398763614006857,1,0,0.0,10,,0.0,0.0,0.0,0.0,0.0,0.0,,0.0,0.0,0.0,0.040398763614006857,0.0,0.0,0.0,0,0.0,0.0
2022-11-14,3.8550000190734863,-0.02429763521474415,33.0724983215332,-0.013873157557457994,-0.010424477657286157,0.010424477657286157,0.023855745750147647,0.03451502577929296,0,0,0.0,10,4.8983964255260215,0.0,0.0,0.0,0.0,0.0,0.0,,0.0,0.0,0.0,0.03451502577929296,0.0,0.0,0.0,0,0.0,0.0
2022-11-15,3.8394999504089355,-0.004020770061701873,33.35736083984375,0.00861327485879948,-0.012634044920501353,0.012634044920501353,0.02367757482189492,0.021443063848025124,0,0,0.0,10,18.61127324260549,0.0,0.0,0.0,0.0,0.0,0.0,,0.0,0.0,0.0,0.02367757482189492,0.0,0.0,0.0,0,0.0,0.0
2022-11-16,3.7880001068115234,-0.01341316428248085,32.84461212158203,-0.015371381468802126,0.001958217186321276,0.001958217186321276,0.010466014826766266,0.01022010959380077,1,0,0.0,10,9.936554332224102,0.0,0.0,0.0,0.0,0.0,0.0,,0.0,0.0,0.0,0.010466014826766266,0.0,0.0,0.0,0,0.0,0.0
2022-11-17,3.689500093460083,-0.026003170690074517,32.03750228881836,-0.024573583934435428,-0.0014295867556390895,0.0014295867556390895,0.011672837311509664,0.01321076967540448,0,0,0.0,10,8.206034122530415,0.0,0.0,0.0,0.0,0.0,0.0,,0.0,0.0,0.0,0.01321076967540448,0.0,0.0,0.0,0,0.0,0.0
2022-11-18,3.631999969482422,-0.015584800791734521,31.77162742614746,-0.008298863634063403,-0.0072859371576711185,0.0072859371576711185,0.0089033190832703,0.012279404543393949,0,0,0.0,10,4.658123490822258,0.0,0.0,0.0,0.0,0.0,0.0,,0.0,0.0,0.0,0.012279404543393949,0.0,0.0,0.0,0,0.0,0.0
2022-11-19,3.631999969482422,0.0,31.77162742614746,0.0,0.0,0.0,0.010227577867543374,0.012933327802166229,1,0,0.0,10,,0.0,0.0,0.0,0.0,0.0,0.0,,0.0,0.0,0.0,0.012933327802166229,0.0,0.0,0.0,0,0.0,0.0
2022-11-20,3.631999969482422,0.0,31.77162742614746,0.0,0.0,0.0,0.011112368004296526,0.01052993500956772,1,0,0.0,10,,0.0,0.0,0.0,0.0,0.0,0.0,,0.0,0.0,0.0,0.011112368004296526,0.0,0.0,0.0,0,0.0,0.0
2022-11-21,3.571500062942505,-0.016657463394345373,31.648191452026367,-0.003885100768225347,-0.012772362626120026,0.012772362626120026,0.011379980795312106,0.010217664863282776,0,1,1.0,10,2.0667676497080834,21.0,-10.0,-75.0015013217926,316.4819145202637,0.0,0.0,Opened,-75.0015013217926,316.4819145202637,0.0,0.011379980795312106,391.4834158420563,0.0,0.0,0,0.0,391.4834158420563
2022-11-22,3.614500045776367,0.012039754186210283,32.61671447753906,0.03060279216841888,-0.018563037982208597,0.018563037982208597,0.012079781674945632,0.015432477043914582,0,1,0.0,10,22.93693638580255,-21.0,10.0,75.90450096130371,-326.1671447753906,0.9029996395111084,-9.685230255126953,Live,0.0,0.0,0.0,0.015432477043914582,402.07164573669434,-8.782230615615845,-0.021842451982717243,1,-8.782230615615845,0.0
2022-11-23,3.617500066757202,0.000829996110897957,32.949058532714844,0.010189378682044836,-0.00935938257114688,0.00935938257114688,0.010249954963816131,0.013991264864172886,0,1,0.0,10,111.81655491256949,-21.0,10.0,75.96750140190125,-329.49058532714844,0.9660000801086426,-13.008670806884766,Live,0.0,0.0,0.0,0.013991264864172886,405.4580867290497,-12.042670726776123,-0.029701394844354714,1,0.0,0.0
2022-11-24,3.617500066757202,0.0,32.949058532714844,0.0,0.0,0.0,0.010249954963816131,0.013991264864172886,1,0,-1.0,10,,-21.0,10.0,75.96750140190125,-329.49058532714844,0.9660000801086426,-13.008670806884766,Closed,75.96750140190125,-329.49058532714844,-12.042670726776123,0.013991264864172886,405.4580867290497,-12.042670726776123,-0.029701394844354714,1,0.0,0.0
2022-11-25,3.626499891281128,0.0024878574589752844,32.9300651550293,-0.0005764467493566405,0.003064304208331925,0.003064304208331925,0.010355761330565547,0.01406945083249968,1,0,0.0,10,2.103965536849985,0.0,0.0,0.0,0.0,0.0,0.0,,0.0,0.0,0.0,0.01406945083249968,0.0,0.0,0.0,0,0.0,0.0
2022-11-26,3.626499891281128,0.0,32.9300651550293,0.0,0.0,0.0,0.005115241586345444,0.013390535130168545,1,0,0.0,10,,0.0,0.0,0.0,0.0,0.0,0.0,,0.0,0.0,0.0,0.013390535130168545,0.0,0.0,0.0,0,0.0,0.0
2022-11-27,3.626499891281128,0.0,32.9300651550293,0.0,0.0,0.0,0.0010812837067651047,0.004628013523976687,1,0,0.0,10,,0.0,0.0,0.0,0.0,0.0,0.0,,0.0,0.0,0.0,0.004628013523976687,0.0,0.0,0.0,0,0.0,0.0
2022-11-28,3.6105000972747803,-0.004411910791673912,32.08497619628906,-0.025663142625491187,0.021251231833817275,0.021251231833817275,0.002495696061445392,0.011415186925309306,1,1,1.0,10,51.69130250050527,-517.0,10.0,1866.6285502910614,-320.8497619628906,0.0,0.0,Opened,1866.6285502910614,-320.8497619628906,0.0,0.011415186925309306,2187.478312253952,0.0,0.0,0,0.0,2187.478312253952
2022-11-29,3.630000114440918,0.005400918609822503,33.11997985839844,0.03225820258607781,-0.02685728397625531,0.02685728397625531,0.003619619972066921,0.020568641626018326,0,0,-1.0,10,54.494912255260154,517.0,-10.0,-1876.7100591659546,331.1997985839844,-10.081508874893188,10.35003662109375,Closed,-1876.7100591659546,331.1997985839844,0.2685277462005615,0.020568641626018326,2207.909857749939,0.2685277462005615,0.0001216207922882394,0,0.2685277462005615,0.0
2022-11-30,3.7295000553131104,0.027410451166753447,34.36387252807617,0.03755716866362513,-0.010146717496871682,0.010146717496871682,0.012635880041587591,0.026076069407752884,0,0,0.0,10,12.624905673879965,0.0,0.0,0.0,0.0,0.0,0.0,,0.0,0.0,0.0,0.026076069407752884,0.0,0.0,0.0,0,0.0,0.0
2022-12-01,3.813999891281128,0.02265714833483856,34.933597564697266,0.01657918606686759,0.006077962267970971,0.006077962267970971,0.014070879967996252,0.02572420021153507,1,0,0.0,10,6.702249549638947,0.0,0.0,0.0,0.0,0.0,0.0,,0.0,0.0,0.0,0.02572420021153507,0.0,0.0,0.0,0,0.0,0.0
2022-12-02,3.8480000495910645,0.00891456719431516,35.07603073120117,0.004077254460841617,0.004837312733473542,0.004837312733473542,0.012975700715552556,0.02530410113330622,1,0,0.0,10,4.169105898061134,0.0,0.0,0.0,0.0,0.0,0.0,,0.0,0.0,0.0,0.02530410113330622,0.0,0.0,0.0,0,0.0,0.0
2022-12-03,3.8480000495910645,0.0,35.07603073120117,0.0,0.0,0.0,0.01166492926711055,0.016625253542677073,1,0,0.0,10,,0.0,0.0,0.0,0.0,0.0,0.0,,0.0,0.0,0.0,0.016625253542677073,0.0,0.0,0.0,0,0.0,0.0
2022-12-04,3.8480000495910645,0.0,35.07603073120117,0.0,0.0,0.0,0.012731550518937774,0.016002105123935767,1,0,0.0,10,,0.0,0.0,0.0,0.0,0.0,0.0,,0.0,0.0,0.0,0.016002105123935767,0.0,0.0,0.0,0,0.0,0.0
2022-12-05,3.7894999980926514,-0.015202715889941376,34.34488296508789,-0.02084465519249601,0.005641939302554633,0.005641939302554633,0.013877586421289268,0.013472063499333555,1,0,0.0,10,12.426638532178218,0.0,0.0,0.0,0.0,0.0,0.0,,0.0,0.0,0.0,0.013877586421289268,0.0,0.0,0.0,0,0.0,0.0
2022-12-06,3.811500072479248,0.005805534872059592,34.24993133544922,-0.0027646514252266385,0.00857018629728623,0.00857018629728623,0.009276984027990976,0.009778378434634194,1,0,0.0,10,4.2791934169320225,0.0,0.0,0.0,0.0,0.0,0.0,,0.0,0.0,0.0,0.009778378434634194,0.0,0.0,0.0,0,0.0,0.0
2022-12-07,3.8554999828338623,0.011543987804778943,34.126487731933594,-0.0036042000290920084,0.015148187833870952,0.015148187833870952,0.009964545952297697,0.008760967649802007,1,1,1.0,10,2.7635282875521807,-28.0,10.0,107.95399951934814,-341.26487731933594,0.0,0.0,Opened,107.95399951934814,-341.26487731933594,0.0,0.009964545952297697,449.2188768386841,0.0,0.0,0,0.0,449.2188768386841
2022-12-08,3.880500078201294,0.006484268053103648,34.857635498046875,0.0214246415235142,-0.01494037347041055,0.01494037347041055,0.010310638942660448,0.015061924495019642,0,0,-1.0,10,29.679927238025865,28.0,-10.0,-108.65400218963623,348.57635498046875,-0.7000026702880859,7.3114776611328125,Closed,-108.65400218963623,348.57635498046875,6.611474990844727,0.015061924495019642,457.230357170105,6.611474990844727,0.014459833839040212,0,6.611474990844727,0.0
2022-12-09,3.875999927520752,-0.001159683182541782,34.70570755004883,-0.00435852707239881,0.003198843889857028,0.003198843889857028,0.010372038355916404,0.015104232142217702,1,0,0.0,10,33.65251537276831,0.0,0.0,0.0,0.0,0.0,0.0,,0.0,0.0,0.0,0.015104232142217702,0.0,0.0,0.0,0,0.0,0.0
2022-12-10,3.875999927520752,0.0,34.70570755004883,0.0,0.0,0.0,0.0051849651937535155,0.010905953544739905,1,0,0.0,10,,0.0,0.0,0.0,0.0,0.0,0.0,,0.0,0.0,0.0,0.010905953544739905,0.0,0.0,0.0,0,0.0,0.0
2022-12-11,3.875999927520752,0.0,34.70570755004883,0.0,0.0,0.0,0.005471391570811919,0.010662523769263578,1,0,0.0,10,,0.0,0.0,0.0,0.0,0.0,0.0,,0.0,0.0,0.0,0.010662523769263578,0.0,0.0,0.0,0,0.0,0.0
2022-12-12,3.7985000610351562,-0.01999480596873171,34.4968147277832,-0.006018976042035273,-0.013975829926696437,0.013975829926696437,0.01000174716714241,0.01106607701311346,0,1,1.0,10,2.73383487307854,28.0,-10.0,-106.35800170898438,344.96814727783203,0.0,0.0,Opened,-106.35800170898438,344.96814727783203,0.0,0.01106607701311346,451.3261489868164,0.0,0.0,0,0.0,451.3261489868164
2022-12-13,3.8394999504089355,0.010793705071734605,35.066532135009766,0.01651507281823683,-0.005721367746502226,0.005721367746502226,0.011137459659165166,0.00895039815669219,0,1,0.0,10,13.974236801940297,-28.0,10.0,107.5059986114502,-350.66532135009766,1.1479969024658203,-5.697174072265625,Live,0.0,0.0,0.0,0.011137459659165166,458.17131996154785,-4.549177169799805,-0.009928987196714093,0,0.0,0.0
2022-12-14,3.875,0.00924600860778324,35.13300323486328,0.001895570956306658,0.007350437651476582,0.007350437651476582,0.01226564925653678,0.008394316621948245,1,0,-1.0,10,1.8587856939632934,-28.0,10.0,108.5,-351.3300323486328,2.141998291015625,-6.361885070800781,Closed,108.5,-351.3300323486328,-4.219886779785156,0.01226564925653678,459.8300323486328,-4.219886779785156,-0.009177057788573785,0,-4.219886779785156,0.0
2022-12-15,3.763000011444092,-0.028903222853137622,33.813140869140625,-0.0375675929808621,0.008664370127724474,0.008664370127724474,0.017822884382200213,0.01998203875978513,1,0,0.0,10,11.67934245354052,0.0,0.0,0.0,0.0,0.0,0.0,,0.0,0.0,0.0,0.01998203875978513,0.0,0.0,0.0,0,0.0,0.0
2022-12-16,3.7614998817443848,-0.0003986525897275994,33.9175910949707,0.003089042400240327,-0.0034876949899679266,0.0034876949899679266,0.01779147403314487,0.02022293894673562,0,0,0.0,10,69.87039964820603,0.0,0.0,0.0,0.0,0.0,0.0,,0.0,0.0,0.0,0.02022293894673562,0.0,0.0,0.0,0,0.0,0.0
2022-12-17,3.7614998817443848,0.0,33.9175910949707,0.0,0.0,0.0,0.015971775350834858,0.020282822282306316,1,0,0.0,10,,0.0,0.0,0.0,0.0,0.0,0.0,,0.0,0.0,0.0,0.020282822282306316,0.0,0.0,0.0,0,0.0,0.0
2022-12-18,3.7614998817443848,0.0,33.9175910949707,0.0,0.0,0.0,0.014496519681110783,0.01740782368891124,1,0,0.0,10,,0.0,0.0,0.0,0.0,0.0,0.0,,0.0,0.0,0.0,0.01740782368891124,0.0,0.0,0.0,0,0.0,0.0
2022-12-19,3.7829999923706055,0.00571583445491175,33.62322998046875,-0.008678715232981249,0.014394549687892999,0.014394549687892999,0.013756504941338732,0.01676064143253603,1,0,0.0,10,13.495186388606953,0.0,0.0,0.0,0.0,0.0,0.0,,0.0,0.0,0.0,0.01676064143253603,0.0,0.0,0.0,0,0.0,0.0
2022-12-20,3.797499895095825,0.003832911116696369,33.97456359863281,0.010449133482064221,-0.006616222365367852,0.006616222365367852,0.0027738085152159255,0.006879749268890274,0,0,0.0,10,24.38976665019057,0.0,0.0,0.0,0.0,0.0,0.0,,0.0,0.0,0.0,0.006879749268890274,0.0,0.0,0.0,0,0.0,0.0
2022-12-21,3.805999994277954,0.002238340860287069,34.88612747192383,0.02683077504865139,-0.02459243418836432,0.02459243418836432,0.002479166172359666,0.013608722632209358,0,1,1.0,10,109.87299815381662,1099.0,-10.0,-4182.793993711472,348.8612747192383,0.0,0.0,Opened,-4182.793993711472,348.8612747192383,0.0,0.013608722632209358,4531.65526843071,0.0,0.0,0,0.0,4531.65526843071
2022-12-22,3.751499891281128,-0.014319522616595637,33.64222717285156,-0.03565601541969221,0.021336492803096574,0.021336492803096574,0.008002159432187064,0.02326903688868179,1,0,-1.0,10,22.329760759482625,-1099.0,10.0,4122.89838051796,-336.4222717285156,-59.89561319351196,12.439002990722656,Closed,4122.89838051796,-336.4222717285156,-47.45661020278931,0.02326903688868179,4459.320652246475,-47.45661020278931,-0.010642116569680194,0,-47.45661020278931,0.0
2022-12-23,3.802999973297119,0.01372786445647578,34.21194839477539,0.016934705868212552,-0.0032068414117367716,0.0032068414117367716,0.010256797850890832,0.02471339847237122,0,0,0.0,10,11.097525749823841,0.0,0.0,0.0,0.0,0.0,0.0,,0.0,0.0,0.0,0.02471339847237122,0.0,0.0,0.0,0,0.0,0.0
2022-12-24,3.802999973297119,0.0,34.21194839477539,0.0,0.0,0.0,0.010089588423943892,0.02407450030361535,1,0,0.0,10,,0.0,0.0,0.0,0.0,0.0,0.0,,0.0,0.0,0.0,0.02407450030361535,0.0,0.0,0.0,0,0.0,0.0
2022-12-25,3.802999973297119,0.0,34.21194839477539,0.0,0.0,0.0,0.009974603344574557,0.02379534356777373,1,0,0.0,10,,0.0,0.0,0.0,0.0,0.0,0.0,,0.0,0.0,0.0,0.02379534356777373,0.0,0.0,0.0,0,0.0,0.0
2022-12-26,3.802999973297119,0.0,34.21194839477539,0.0,0.0,0.0,0.009917572518349434,0.019287549171601134,1,0,0.0,10,,0.0,0.0,0.0,0.0,0.0,0.0,,0.0,0.0,0.0,0.019287549171601134,0.0,0.0,0.0,0,0.0,0.0
2022-12-27,3.8334999084472656,0.00801996722700582,34.63924026489258,0.012489550878149958,-0.004469583651144138,0.004469583651144138,0.006288491477910481,0.00820999036183339,0,0,0.0,10,14.071718184165023,0.0,0.0,0.0,0.0,0.0,0.0,,0.0,0.0,0.0,0.00820999036183339,0.0,0.0,0.0,0,0.0,0.0
2022-12-28,3.8320000171661377,-0.00039125898446557006,34.230934143066406,-0.011787386752820761,0.011396127768355191,0.011396127768355191,0.003634333502349986,0.008585347411530319,1,1,1.0,10,269.12030017702153,-2692.0,10.0,10315.744046211243,-342.30934143066406,0.0,0.0,Opened,10315.744046211243,-342.30934143066406,0.0,0.008585347411530319,10658.053387641907,0.0,0.0,0,0.0,10658.053387641907
2022-12-29,3.821000099182129,-0.002870542258541886,34.58135986328125,0.010237106552519304,-0.01310764881106119,0.01310764881106119,0.004128708698461098,0.009692731678601343,0,0,-1.0,10,32.275895247808805,2692.0,-10.0,-10286.132266998291,345.8135986328125,29.61177921295166,3.5042572021484375,Closed,-10286.132266998291,345.8135986328125,33.1160364151001,0.009692731678601343,10631.945865631104,33.1160364151001,0.003114767215110755,0,33.1160364151001,0.0
2022-12-30,3.805500030517578,-0.004056547569278646,34.01492691040039,-0.016379718875147553,0.012323171305868907,0.012323171305868907,0.004718847721507205,0.01286570259719092,1,0,0.0,10,36.09172859984192,0.0,0.0,0.0,0.0,0.0,0.0,,0.0,0.0,0.0,0.01286570259719092,0.0,0.0,0.0,0,0.0,0.0
2022-12-31,3.805500030517578,0.0,34.01492691040039,0.0,0.0,0.0,0.004718847721507205,0.01286570259719092,1,0,0.0,10,,0.0,0.0,0.0,0.0,0.0,0.0,,0.0,0.0,0.0,0.01286570259719092,0.0,0.0,0.0,0,0.0,0.0
2023-01-01,3.805500030517578,0.0,34.01492691040039,0.0,0.0,0.0,0.00187996201857674,0.010579922661436878,1,0,0.0,10,,0.0,0.0,0.0,0.0,0.0,0.0,,0.0,0.0,0.0,0.010579922661436878,0.0,0.0,0.0,0,0.0,0.0
2023-01-02,3.805500030517578,0.0,34.01492691040039,0.0,0.0,0.0,0.001942850762626818,0.009559644394108863,1,0,0.0,10,,0.0,0.0,0.0,0.0,0.0,0.0,,0.0,0.0,0.0,0.009559644394108863,0.0,0.0,0.0,0,0.0,0.0
2023-01-03,3.7660000324249268,-0.0103797129880141,34.33174514770508,0.00931409431333563,-0.01969380730134973,0.01969380730134973,0.00454183047129024,0.00928793482450311,0,1,1.0,10,8.180330436199377,82.0,-10.0,-308.812002658844,343.3174514770508,0.0,0.0,Opened,-308.812002658844,343.3174514770508,0.0,0.00928793482450311,652.1294541358948,0.0,0.0,0,0.0,652.1294541358948
2023-01-04,3.739500045776367,-0.007036640047901499,34.773372650146484,0.012863532003438705,-0.019900172051340204,0.019900172051340204,0.00491393107051149,0.006201882510010525,0,1,0.0,10,16.999187629331278,-82.0,10.0,306.6390037536621,-347.73372650146484,-2.1729989051818848,-4.4162750244140625,Live,0.0,0.0,0.0,0.006201882510010525,654.372730255127,-6.589273929595947,-0.010069603491922593,1,-6.589273929595947,0.0
2023-01-05,3.818000078201294,0.020992119658773678,35.30140686035156,0.015185015716410621,0.005807103942363057,0.005807103942363057,0.0122000472463975,0.007134670750091562,1,0,-1.0,10,6.688289038310674,-82.0,10.0,313.0760064125061,-353.0140686035156,4.264003753662109,-9.696617126464844,Closed,313.0760064125061,-353.0140686035156,-5.432613372802734,0.0122000472463975,666.0900750160217,-5.432613372802734,-0.008155974059022065,0,0.0,0.0
2023-01-06,3.9084999561309814,0.023703477233118164,36.82789611816406,0.04324159838306496,-0.019538121149946797,0.019538121149946797,0.01589768250811845,0.01622678824425059,0,1,1.0,10,17.189232126709395,172.0,-10.0,-672.2619924545288,368.2789611816406,0.0,0.0,Opened,-672.2619924545288,368.2789611816406,0.0,0.01622678824425059,1040.5409536361694,0.0,0.0,0,0.0,1040.5409536361694
2023-01-07,3.9084999561309814,0.0,36.82789611816406,0.0,0.0,0.0,0.01589768250811845,0.01622678824425059,1,0,-1.0,10,,-172.0,10.0,672.2619924545288,-368.2789611816406,0.0,0.0,Closed,672.2619924545288,-368.2789611816406,0.0,0.01622678824425059,1040.5409536361694,0.0,0.0,0,0.0,0.0
2023-01-08,3.9084999561309814,0.0,36.82789611816406,0.0,0.0,0.0,0.013860003767653267,0.017673666868808204,1,0,0.0,10,,0.0,0.0,0.0,0.0,0.0,0.0,,0.0,0.0,0.0,0.017673666868808204,0.0,0.0,0.0,0,0.0,0.0
2023-01-09,4.018499851226807,0.028143762653310533,37.63435363769531,0.02189800679744769,0.0062457558558628445,0.0062457558558628445,0.01354142567461093,0.01795504309577182,1,0,0.0,10,7.286902046649238,0.0,0.0,0.0,0.0,0.0,0.0,,0.0,0.0,0.0,0.01795504309577182,0.0,0.0,0.0,0,0.0,0.0
2023-01-10,4.066999912261963,0.012069195677673061,38.43119812011719,0.021173327170517453,-0.009104131492844392,0.009104131492844392,0.01306263321930916,0.018080955849224464,0,0,0.0,10,16.577557418271898,0.0,0.0,0.0,0.0,0.0,0.0,,0.0,0.0,0.0,0.018080955849224464,0.0,0.0,0.0,0,0.0,0.0
2023-01-11,4.1545000076293945,0.021514653861589572,38.59440994262695,0.004246857514034419,0.017267796347555153,0.017267796347555153,0.012634848336807506,0.011158696551231972,1,1,1.0,10,1.8337451084083385,-19.0,10.0,78.9355001449585,-385.94409942626953,0.0,0.0,Opened,78.9355001449585,-385.94409942626953,0.0,0.012634848336807506,464.879599571228,0.0,0.0,0,0.0,464.879599571228
2023-01-12,4.185999870300293,0.007582106778926789,39.40085983276367,0.020895510291142116,-0.013313403512215327,0.013313403512215327,0.011150539289662613,0.010628603063473874,0,0,-1.0,10,25.939976248931174,19.0,-10.0,-79.53399753570557,394.0085983276367,-0.5984973907470703,8.064498901367188,Closed,-79.53399753570557,394.0085983276367,7.466001510620117,0.011150539289662613,473.5425958633423,7.466001510620117,0.01576627229702204,0,7.466001510620117,0.0
2023-01-13,4.207499980926514,0.0051361947664556595,39.429664611816406,0.0007310698085014611,0.0044051249579541985,0.0044051249579541985,0.009695968450934121,0.010396499310086064,1,0,0.0,10,1.333878662056191,0.0,0.0,0.0,0.0,0.0,0.0,,0.0,0.0,0.0,0.010396499310086064,0.0,0.0,0.0,0,0.0,0.0
2023-01-14,4.207499980926514,0.0,39.429664611816406,0.0,0.0,0.0,0.00811844837334895,0.010733391592065867,1,0,0.0,10,,0.0,0.0,0.0,0.0,0.0,0.0,,0.0,0.0,0.0,0.010733391592065867,0.0,0.0,0.0,0,0.0,0.0
2023-01-15,4.207499980926514,0.0,39.429664611816406,0.0,0.0,0.0,0.008836997842747272,0.008962500451141588,1,0,0.0,10,,0.0,0.0,0.0,0.0,0.0,0.0,,0.0,0.0,0.0,0.008962500451141588,0.0,0.0,0.0,0,0.0,0.0
2023-01-16,4.207499980926514,0.0,39.429664611816406,0.0,0.0,0.0,0.003588795098851443,0.009268427860630672,1,0,0.0,10,,0.0,0.0,0.0,0.0,0.0,0.0,,0.0,0.0,0.0,0.009268427860630672,0.0,0.0,0.0,0,0.0,0.0
2023-01-17,4.215000152587891,0.001782572001277849,38.50800704956055,-0.023374724876043085,0.025157296877320934,0.025157296877320934,0.002235184159160583,0.010539985805636058,1,1,1.0,10,119.79891232027059,-1198.0,10.0,5049.570182800293,-385.08007049560547,0.0,0.0,Opened,5049.570182800293,-385.08007049560547,0.0,0.010539985805636058,5434.650253295898,0.0,0.0,0,0.0,5434.650253295898
2023-01-18,4.228499889373779,0.003202784412142945,38.71921920776367,0.005484889361614842,-0.002282104949471897,0.002282104949471897,0.0014547023077455153,0.011318707207464031,0,0,-1.0,10,15.681241125819426,1198.0,-10.0,-5065.742867469788,387.1921920776367,-16.17268466949463,2.11212158203125,Closed,-5065.742867469788,387.1921920776367,-14.060563087463379,0.011318707207464031,5452.935059547424,-14.060563087463379,-0.0025785311825500374,0,-14.060563087463379,0.0
2023-01-19,4.226500034332275,-0.00047294669358499686,39.06483840942383,0.008926295744901225,-0.009399242438486222,0.009399242438486222,0.0015481199250580485,0.012649817400118035,0,0,0.0,10,174.4472925335993,0.0,0.0,0.0,0.0,0.0,0.0,,0.0,0.0,0.0,0.012649817400118035,0.0,0.0,0.0,0,0.0,0.0
2023-01-20,4.248499870300293,0.005205213720409496,39.63127899169922,0.014500010888019998,-0.009294797167610502,0.009294797167610502,0.0023381017041201875,0.014665097539130213,0,0,0.0,10,25.985569626327297,0.0,0.0,0.0,0.0,0.0,0.0,,0.0,0.0,0.0,0.014665097539130213,0.0,0.0,0.0,0,0.0,0.0
2023-01-21,4.248499870300293,0.0,39.63127899169922,0.0,0.0,0.0,0.0023381017041201875,0.014665097539130213,1,0,0.0,10,,0.0,0.0,0.0,0.0,0.0,0.0,,0.0,0.0,0.0,0.014665097539130213,0.0,0.0,0.0,0,0.0,0.0
2023-01-22,4.248499870300293,0.0,39.63127899169922,0.0,0.0,0.0,0.0024991372597842794,0.006181456786640012,1,0,0.0,10,,0.0,0.0,0.0,0.0,0.0,0.0,,0.0,0.0,0.0,0.006181456786640012,0.0,0.0,0.0,0,0.0,0.0
2023-01-23,4.254000186920166,0.0012946491203456034,39.62167739868164,-0.0002422731050286675,0.001536922225374271,0.001536922225374271,0.0023307349241131043,0.006754403852507307,1,0,0.0,10,1.7429642434653287,0.0,0.0,0.0,0.0,0.0,0.0,,0.0,0.0,0.0,0.006754403852507307,0.0,0.0,0.0,0,0.0,0.0
2023-01-24,4.245500087738037,-0.0019981426442491346,39.842491149902344,0.005573054088519047,-0.007571196732768182,0.007571196732768182,0.0026790783537064588,0.006378006793533463,0,1,1.0,10,26.17486196773411,262.0,-10.0,-1112.3210229873657,398.42491149902344,0.0,0.0,Opened,-1112.3210229873657,398.42491149902344,0.0,0.006378006793533463,1510.7459344863892,0.0,0.0,0,0.0,1510.7459344863892
2023-01-25,4.239999771118164,-0.0012955638926399615,40.03450012207031,0.004819200974295557,-0.006114764866935518,0.006114764866935518,0.0012794461751638605,0.002904216736615261,0,1,0.0,10,35.122448091191536,-262.0,10.0,1110.879940032959,-400.3450012207031,-1.4410829544067383,-1.9200897216796875,Live,0.0,0.0,0.0,0.002904216736615261,1511.224941253662,-3.361172676086426,-0.0022241379058355855,0,0.0,0.0
2023-01-26,4.267000198364258,0.006368025637645935,40.06330490112305,0.0007194989063159518,0.005648526731329984,0.005648526731329984,0.0033196893691205672,0.0027942298575276176,1,0,-1.0,10,1.060838918504276,-262.0,10.0,1117.9540519714355,-400.63304901123047,5.633028984069824,-2.2081375122070312,Closed,1117.9540519714355,-400.63304901123047,3.424891471862793,0.0033196893691205672,1518.587100982666,3.424891471862793,0.0022553144759668853,0,3.424891471862793,0.0
2023-01-27,4.223999977111816,-0.010077389091504019,39.77528381347656,-0.007189149481235391,-0.002888239610268628,0.002888239610268628,0.005977781441054159,0.005094970737987979,0,0,0.0,10,6.717673109671703,0.0,0.0,0.0,0.0,0.0,0.0,,0.0,0.0,0.0,0.005977781441054159,0.0,0.0,0.0,0,0.0,0.0
2023-01-28,4.223999977111816,0.0,39.77528381347656,0.0,0.0,0.0,0.005872988664021519,0.005084481626730649,1,0,0.0,10,,0.0,0.0,0.0,0.0,0.0,0.0,,0.0,0.0,0.0,0.005872988664021519,0.0,0.0,0.0,0,0.0,0.0
2023-01-29,4.223999977111816,0.0,39.77528381347656,0.0,0.0,0.0,0.005890121978245655,0.004326703427366448,1,0,0.0,10,,0.0,0.0,0.0,0.0,0.0,0.0,,0.0,0.0,0.0,0.005890121978245655,0.0,0.0,0.0,0,0.0,0.0
2023-01-30,4.203499794006348,-0.004853263072100211,39.007240295410156,-0.019309567259610083,0.014456304187509872,0.014456304187509872,0.006144020859048355,0.008546158819333786,1,1,1.0,10,36.92095307265659,-370.0,10.0,1555.2949237823486,-390.07240295410156,0.0,0.0,Opened,1555.2949237823486,-390.07240295410156,0.0,0.008546158819333786,1945.3673267364502,0.0,0.0,0,0.0,1945.3673267364502
2023-01-31,4.228499889373779,0.0059474477441578966,39.6408805847168,0.016244171197653312,-0.010296723453495416,0.010296723453495416,0.006007089055644068,0.012916899928544496,0,0,-1.0,10,25.604947681386708,370.0,-10.0,-1564.5449590682983,396.40880584716797,-9.250035285949707,6.336402893066406,Closed,-1564.5449590682983,396.40880584716797,-2.913632392883301,0.012916899928544496,1960.9537649154663,-2.913632392883301,-0.0014858241152916234,0,-2.913632392883301,0.0
2023-02-01,4.111000061035156,-0.027787591678528845,40.22651290893555,0.014773443868563607,-0.04256103554709245,0.04256103554709245,0.013120298709314165,0.014383770826015226,0,1,1.0,10,5.202304174027495,53.0,-10.0,-217.88300323486328,402.26512908935547,0.0,0.0,Opened,-217.88300323486328,402.26512908935547,0.0,0.014383770826015226,620.1481323242188,0.0,0.0,0,0.0,620.1481323242188
2023-02-02,4.093999862670898,-0.004135295089238489,38.86322784423828,-0.03389021235281964,0.02975491726358115,0.02975491726358115,0.012826685457504466,0.02182386273049423,1,0,-1.0,10,77.7962797602319,-53.0,10.0,216.98199272155762,-388.6322784423828,-0.9010105133056641,13.632850646972656,Closed,216.98199272155762,-388.6322784423828,12.731840133666992,0.02182386273049423,605.6142711639404,12.731840133666992,0.02102301867688397,0,12.731840133666992,0.0
2023-02-03,4.063000202178955,-0.007571973994087822,38.18158721923828,-0.017539475303800733,0.009967501309712912,0.009967501309712912,0.012355055839823858,0.022336097925592727,1,0,0.0,10,21.76780397064095,0.0,0.0,0.0,0.0,0.0,0.0,,0.0,0.0,0.0,0.022336097925592727,0.0,0.0,0.0,0,0.0,0.0
2023-02-04,4.063000202178955,0.0,38.18158721923828,0.0,0.0,0.0,0.012814757679803846,0.02153472130885911,1,0,0.0,10,,0.0,0.0,0.0,0.0,0.0,0.0,,0.0,0.0,0.0,0.02153472130885911,0.0,0.0,0.0,0,0.0,0.0
2023-02-05,4.063000202178955,0.0,38.18158721923828,0.0,0.0,0.0,0.011560892067820776,0.01874632156757388,1,0,0.0,10,,0.0,0.0,0.0,0.0,0.0,0.0,,0.0,0.0,0.0,0.01874632156757388,0.0,0.0,0.0,0,0.0,0.0
2023-02-06,4.043499946594238,-0.0047994719700626964,37.30792999267578,-0.02288163720240255,0.018082165232339853,0.018082165232339853,0.0032777998258326654,0.014792856450442187,1,1,1.0,10,43.98831710947382,-440.0,10.0,1779.1399765014648,-373.0792999267578,0.0,0.0,Opened,1779.1399765014648,-373.0792999267578,0.0,0.014792856450442187,2152.2192764282227,0.0,0.0,0,0.0,2152.2192764282227
2023-02-07,4.088500022888184,0.011128991440162661,38.26799392700195,0.025733508519895087,-0.014604517079732426,0.014604517079732426,0.007139948059771516,0.01904121079111559,0,0,-1.0,10,21.6428717360052,440.0,-10.0,-1798.9400100708008,382.67993927001953,-19.800033569335938,9.600639343261719,Closed,-1798.9400100708008,382.67993927001953,-10.199394226074219,0.01904121079111559,2181.6199493408203,-10.199394226074219,-0.00467514712136547,0,-10.199394226074219,0.0
2023-02-08,4.043499946594238,-0.011006500193720514,37.835968017578125,-0.011289484111655756,0.00028298391793524225,0.00028298391793524225,0.008118768355532439,0.01802079750857573,1,0,0.0,10,9.597812448757699,0.0,0.0,0.0,0.0,0.0,0.0,,0.0,0.0,0.0,0.01802079750857573,0.0,0.0,0.0,0,0.0,0.0
2023-02-09,4.105500221252441,0.015333319024877223,37.71115493774414,-0.0032987944110746126,0.018632113435951836,0.018632113435951836,0.010959374882965483,0.018003948365999525,1,1,1.0,10,1.9761633099725673,-20.0,10.0,82.11000442504883,-377.1115493774414,0.0,0.0,Opened,82.11000442504883,-377.1115493774414,0.0,0.018003948365999525,459.22155380249023,0.0,0.0,0,0.0,459.22155380249023
2023-02-10,4.027500152587891,-0.018998919610520915,36.914306640625,-0.021130307423218087,0.002131387812697172,0.002131387812697172,0.014578942985401619,0.019713973366534788,1,1,0.0,10,10.19379887009293,20.0,-10.0,-80.55000305175781,369.14306640625,1.5600013732910156,-7.968482971191406,Live,0.0,0.0,0.0,0.019713973366534788,449.6930694580078,-6.408481597900391,-0.01425079022370571,0,0.0,0.0
2023-02-11,4.027500152587891,0.0,36.914306640625,0.0,0.0,0.0,0.01447891908014352,0.017514975694931868,1,1,0.0,10,,20.0,-10.0,-80.55000305175781,369.14306640625,1.5600013732910156,-7.968482971191406,Live,0.0,0.0,0.0,0.017514975694931868,449.6930694580078,-6.408481597900391,-0.01425079022370571,0,0.0,0.0
2023-02-12,4.027500152587891,0.0,36.914306640625,0.0,0.0,0.0,0.012982281742283462,0.009078283310708264,1,1,0.0,10,,20.0,-10.0,-80.55000305175781,369.14306640625,1.5600013732910156,-7.968482971191406,Live,0.0,0.0,0.0,0.012982281742283462,449.6930694580078,-6.408481597900391,-0.01425079022370571,1,-6.408481597900391,0.0
2023-02-13,4.086999893188477,0.014773367683761363,37.35593032836914,0.011963483211089976,0.0028098844726713867,0.0028098844726713867,0.014050315952177901,0.011931246135425623,1,1,0.0,10,7.401727088374491,20.0,-10.0,-81.73999786376953,373.5593032836914,0.3700065612792969,-3.55224609375,Live,0.0,0.0,0.0,0.014050315952177901,455.29930114746094,-3.182239532470703,-0.006989335420569971,0,0.0,0.0
2023-02-14,4.110000133514404,0.00562765865598891,37.92237091064453,0.015163337582445813,-0.009535678926456903,0.009535678926456903,0.01235403476985292,0.014250877117399308,0,0,-1.0,10,24.86112069237064,20.0,-10.0,-82.20000267028809,379.2237091064453,-0.08999824523925781,2.1121597290039062,Closed,-82.20000267028809,379.2237091064453,2.0221614837646484,0.014250877117399308,461.4237117767334,2.0221614837646484,0.00438243946323916,0,0.0,0.0
2023-02-15,4.052000045776367,-0.014111943030143403,37.54794692993164,-0.00987343279762587,-0.004238510232517534,0.004238510232517534,0.010501896935541112,0.010136574038142623,0,0,0.0,10,6.483329792649063,0.0,0.0,0.0,0.0,0.0,0.0,,0.0,0.0,0.0,0.010501896935541112,0.0,0.0,0.0,0,0.0,0.0
2023-02-16,4.165500164031982,0.028010887703203036,37.787960052490234,0.006392176994563403,0.021618710708639632,0.021618710708639632,0.0157985924877778,0.009994670959773466,1,1,1.0,10,2.0701804883244024,-21.0,10.0,87.47550344467163,-377.87960052490234,0.0,0.0,Opened,87.47550344467163,-377.87960052490234,0.0,0.0157985924877778,465.355103969574,0.0,0.0,0,0.0,465.355103969574
2023-02-17,4.113999843597412,-0.012363538208271407,37.62474822998047,-0.004319148805149942,-0.008044389403121466,0.008044389403121466,0.0179603407600272,0.010669457729983959,0,0,-1.0,10,3.194954834423012,21.0,-10.0,-86.39399671554565,376.2474822998047,1.0815067291259766,-1.6321182250976562,Closed,-86.39399671554565,376.2474822998047,-0.5506114959716797,0.0179603407600272,462.64147901535034,-0.5506114959716797,-0.0011901472759069459,0,-0.5506114959716797,0.0
2023-02-18,4.113999843597412,0.0,37.62474822998047,0.0,0.0,0.0,0.01701486471146833,0.009696441339257934,1,0,0.0,10,,0.0,0.0,0.0,0.0,0.0,0.0,,0.0,0.0,0.0,0.01701486471146833,0.0,0.0,0.0,0,0.0,0.0
2023-02-19,4.113999843597412,0.0,37.62474822998047,0.0,0.0,0.0,0.01685335536645767,0.006017274838531828,1,0,0.0,10,,0.0,0.0,0.0,0.0,0.0,0.0,,0.0,0.0,0.0,0.01685335536645767,0.0,0.0,0.0,0,0.0,0.0
2023-02-20,4.113999843597412,0.0,37.62474822998047,0.0,0.0,0.0,0.014903850154452811,0.003829343414869672,1,0,0.0,10,,0.0,0.0,0.0,0.0,0.0,0.0,,0.0,0.0,0.0,0.014903850154452811,0.0,0.0,0.0,0,0.0,0.0
2023-02-21,4.234499931335449,0.02929025092831994,37.76875686645508,0.0038274976777081804,0.025462753250611758,0.025462753250611758,0.015439180319643957,0.002883419875237401,1,1,1.0,10,1.1655271754064347,-12.0,10.0,50.81399917602539,-377.6875686645508,0.0,0.0,Opened,50.81399917602539,-377.6875686645508,0.0,0.015439180319643957,428.5015678405762,0.0,0.0,0,0.0,428.5015678405762
2023-02-22,4.202499866485596,-0.007556987925079861,36.885501861572266,-0.023385863824056385,0.015828875898976524,0.015828875898976524,0.014322708558353677,0.011011839401381082,1,1,0.0,10,27.161432854885913,12.0,-10.0,-50.42999839782715,368.85501861572266,0.3840007781982422,-8.832550048828125,Live,0.0,0.0,0.0,0.014322708558353677,419.2850170135498,-8.448549270629883,-0.020149895483522265,1,-8.448549270629883,0.0
2023-02-23,4.072999954223633,-0.030814971178157124,36.347869873046875,-0.01457569943180037,-0.016239271746356754,0.016239271746356754,0.02149473092399353,0.011629407687170431,0,0,-1.0,10,4.221163727399764,12.0,-10.0,-48.875999450683594,363.47869873046875,1.9379997253417969,-14.208869934082031,Closed,-48.875999450683594,363.47869873046875,-12.270870208740234,0.02149473092399353,412.35469818115234,-12.270870208740234,-0.029758046319990017,1,0.0,0.0
2023-02-24,3.9549999237060547,-0.028971282063289472,35.2534065246582,-0.03011079747482681,0.0011395154115373396,0.0011395154115373396,0.024567857486110168,0.014621722008943298,1,0,0.0,10,9.26422625455255,0.0,0.0,0.0,0.0,0.0,0.0,,0.0,0.0,0.0,0.024567857486110168,0.0,0.0,0.0,0,0.0,0.0
2023-02-25,3.9549999237060547,0.0,35.2534065246582,0.0,0.0,0.0,0.024567857486110168,0.014621722008943298,1,0,0.0,10,,0.0,0.0,0.0,0.0,0.0,0.0,,0.0,0.0,0.0,0.024567857486110168,0.0,0.0,0.0,0,0.0,0.0
2023-02-26,3.9549999237060547,0.0,35.2534065246582,0.0,0.0,0.0,0.015321416982761016,0.013594488830072428,1,0,0.0,10,,0.0,0.0,0.0,0.0,0.0,0.0,,0.0,0.0,0.0,0.015321416982761016,0.0,0.0,0.0,0,0.0,0.0
2023-02-27,4.008999824523926,0.013653578219862572,36.03104782104492,0.02205861427441902,-0.008405036054556447,0.008405036054556447,0.01968294369738572,0.019386138009673405,0,0,0.0,10,14.520200009605395,0.0,0.0,0.0,0.0,0.0,0.0,,0.0,0.0,0.0,0.01968294369738572,0.0,0.0,0.0,0,0.0,0.0
2023-02-28,4.097499847412109,0.022075337181810095,36.35746765136719,0.009059404321059228,0.013015932860750867,0.013015932860750867,0.019390350516558408,0.019203596642640135,1,0,0.0,10,3.641388171899352,0.0,0.0,0.0,0.0,0.0,0.0,,0.0,0.0,0.0,0.019390350516558408,0.0,0.0,0.0,0,0.0,0.0
2023-03-01,4.168000221252441,0.017205705055695963,37.999176025390625,0.04515464030019434,-0.027948935244498374,0.027948935244498374,0.010116350475430627,0.019000612569051768,0,1,1.0,10,23.926344927797132,240.0,-10.0,-1000.3200531005859,379.99176025390625,0.0,0.0,Opened,-1000.3200531005859,379.99176025390625,0.0,0.019000612569051768,1380.3118133544922,0.0,0.0,0,0.0,1380.3118133544922
2023-03-02,4.084000110626221,-0.02015357633569881,37.672752380371094,-0.008590282189314236,-0.011563294146384573,0.011563294146384573,0.017036903069055587,0.021007194813728258,0,1,0.0,10,3.9318497337008425,-240.0,10.0,980.160026550293,-376.72752380371094,-20.16002655029297,3.2642364501953125,Live,0.0,0.0,0.0,0.021007194813728258,1356.887550354004,-16.895790100097656,-0.012451872003460894,0,0.0,0.0
2023-03-03,4.078000068664551,-0.0014691581290749989,38.75762176513672,0.028797189380059374,-0.030266347509134373,0.030266347509134373,0.017190224112882672,0.020303980772488447,0,1,0.0,10,186.29081872104044,-240.0,10.0,978.7200164794922,-387.5762176513672,-21.60003662109375,-7.5844573974609375,Live,0.0,0.0,0.0,0.020303980772488447,1366.2962341308594,-29.184494018554688,-0.02136029748857486,1,-29.184494018554688,0.0
2023-03-04,4.078000068664551,0.0,38.75762176513672,0.0,0.0,0.0,0.016802668658593863,0.021888294804841703,1,0,-1.0,10,,-240.0,10.0,978.7200164794922,-387.5762176513672,-21.60003662109375,-7.5844573974609375,Closed,978.7200164794922,-387.5762176513672,-29.184494018554688,0.021888294804841703,1366.2962341308594,-29.184494018554688,-0.02136029748857486,0,0.0,0.0
2023-03-05,4.078000068664551,0.0,38.75762176513672,0.0,0.0,0.0,0.01323309602313966,0.022845055410530928,1,0,0.0,10,,0.0,0.0,0.0,0.0,0.0,0.0,,0.0,0.0,0.0,0.022845055410530928,0.0,0.0,0.0,0,0.0,0.0
2023-03-06,4.100500106811523,0.005517419756773334,37.787960052490234,-0.025018607140614435,0.03053602689738777,0.03053602689738777,0.009834769355846056,0.01952159878351369,1,1,1.0,10,41.787243320193845,-418.0,10.0,1714.0090446472168,-377.87960052490234,0.0,0.0,Opened,1714.0090446472168,-377.87960052490234,0.0,0.01952159878351369,2091.888645172119,0.0,0.0,0,0.0,2091.888645172119
2023-03-07,3.9865000247955322,-0.02780150690073646,36.03104782104492,-0.04649396868750877,0.018692461786772308,0.018692461786772308,0.013159414881864414,0.028513054448274018,1,1,0.0,10,15.115182787955899,418.0,-10.0,-1666.3570103645325,360.3104782104492,47.652034282684326,-17.569122314453125,Live,0.0,0.0,0.0,0.028513054448274018,2026.6674885749817,30.0829119682312,0.014843536069838232,0,0.0,0.0
2023-03-08,4.041500091552734,0.013796580061484764,36.4534797668457,0.011724109381965997,0.0020724706795187675,0.0020724706795187675,0.015646914814285814,0.02350607593993033,1,1,0.0,10,7.664870373054919,418.0,-10.0,-1689.347038269043,364.53479766845703,24.662006378173828,-13.344802856445312,Live,0.0,0.0,0.0,0.02350607593993033,2053.8818359375,11.317203521728516,0.005510153176150344,0,0.0,0.0
2023-03-09,4.054500102996826,0.0032166302485712173,35.022987365722656,-0.03924158709325942,0.04245821734183064,0.04245821734183064,0.015799538045093844,0.02501792569921444,1,1,0.0,10,105.38075209380615,418.0,-10.0,-1694.7810430526733,350.22987365722656,19.228001594543457,-27.64972686767578,Live,0.0,0.0,0.0,0.02501792569921444,2045.0109167099,-8.421725273132324,-0.004118181083689055,0,0.0,0.0
2023-03-10,4.045499801635742,-0.0022198300980265095,34.600563049316406,-0.012061344510539418,0.009841514412512908,0.009841514412512908,0.015793697681901437,0.023141915506461243,1,1,0.0,10,46.47152974197237,418.0,-10.0,-1691.0189170837402,346.00563049316406,22.990127563476562,-31.87397003173828,Live,0.0,0.0,0.0,0.023141915506461243,2037.0245475769043,-8.883842468261719,-0.004361185769130416,0,0.0,0.0
2023-03-11,4.045499801635742,0.0,34.600563049316406,0.0,0.0,0.0,0.01536799833399666,0.02501408097017793,1,1,0.0,10,,418.0,-10.0,-1691.0189170837402,346.00563049316406,22.990127563476562,-31.87397003173828,Live,0.0,0.0,0.0,0.02501408097017793,2037.0245475769043,-8.883842468261719,-0.004361185769130416,0,0.0,0.0
2023-03-12,4.045499801635742,0.0,34.600563049316406,0.0,0.0,0.0,0.006361036817877175,0.019426375730605187,1,1,0.0,10,,418.0,-10.0,-1691.0189170837402,346.00563049316406,22.990127563476562,-31.87397003173828,Live,0.0,0.0,0.0,0.019426375730605187,2037.0245475769043,-8.883842468261719,-0.004361185769130416,0,0.0,0.0
2023-03-13,4.069499969482422,0.0059325593927790354,34.917381286621094,0.009156447450092697,-0.003223888057313662,0.003223888057313662,0.003196342129405525,0.018801286482594482,0,0,-1.0,10,13.242974056114257,418.0,-10.0,-1701.0509872436523,349.17381286621094,12.958057403564453,-28.705787658691406,Closed,-1701.0509872436523,349.17381286621094,-15.747730255126953,0.018801286482594482,2050.2248001098633,-15.747730255126953,-0.007680977351499745,0,-15.747730255126953,0.0
2023-03-14,4.010499954223633,-0.014498099447410207,35.34940719604492,0.012372803844524327,-0.026870903291934534,0.026870903291934534,0.007534138177887141,0.009545608735288936,0,1,1.0,10,7.522127194604806,76.0,-10.0,-304.7979965209961,353.4940719604492,0.0,0.0,Opened,-304.7979965209961,353.4940719604492,0.0,0.009545608735288936,658.2920684814453,0.0,0.0,0,0.0,658.2920684814453
2023-03-15,3.8564999103546143,-0.03839921347133646,33.22767639160156,-0.060021679930201244,0.021622466458864786,0.021622466458864786,0.017879821930056657,0.02976237328436606,1,0,-1.0,10,13.467669939962251,-76.0,10.0,293.0939931869507,-332.2767639160156,-11.70400333404541,21.217308044433594,Closed,293.0939931869507,-332.2767639160156,9.513304710388184,0.02976237328436606,625.3707571029663,9.513304710388184,0.0152122634490596,0,9.513304710388184,0.0
2023-03-16,3.885499954223633,0.0075197833639653044,33.60210037231445,0.011268437079383853,-0.0037486537154185484,0.0037486537154185484,0.01913932960802073,0.03089610573149355,0,0,0.0,10,12.959190419560635,0.0,0.0,0.0,0.0,0.0,0.0,,0.0,0.0,0.0,0.03089610573149355,0.0,0.0,0.0,0,0.0,0.0
2023-03-17,3.9135000705718994,0.007206309787194831,33.81331253051758,0.006285683212146731,0.0009206265750481002,0.0009206265750481002,0.020127726782914843,0.031298297888696196,1,0,0.0,10,7.536365180635894,0.0,0.0,0.0,0.0,0.0,0.0,,0.0,0.0,0.0,0.031298297888696196,0.0,0.0,0.0,0,0.0,0.0
2023-03-18,3.9135000705718994,0.0,33.81331253051758,0.0,0.0,0.0,0.019376300741403,0.030582008432296522,1,0,0.0,10,,0.0,0.0,0.0,0.0,0.0,0.0,,0.0,0.0,0.0,0.030582008432296522,0.0,0.0,0.0,0,0.0,0.0
2023-03-19,3.9135000705718994,0.0,33.81331253051758,0.0,0.0,0.0,0.01917611999772471,0.029190712671011462,1,0,0.0,10,,0.0,0.0,0.0,0.0,0.0,0.0,,0.0,0.0,0.0,0.029190712671011462,0.0,0.0,0.0,0,0.0,0.0
2023-03-20,3.9755001068115234,0.015842605116029418,34.9749870300293,0.034355536697662226,-0.018512931581632808,0.018512931581632808,0.0065684304956042765,0.014211508467548168,0,1,1.0,10,19.078135663758715,191.0,-10.0,-759.320520401001,349.74987030029297,0.0,0.0,Opened,-759.320520401001,349.74987030029297,0.0,0.014211508467548168,1109.070390701294,0.0,0.0,0,0.0,1109.070390701294
2023-03-21,4.018499851226807,0.010816184947802787,35.17659378051758,0.005764312373159219,0.005051872574643568,0.005051872574643568,0.006901809488325006,0.01433828203682459,1,0,-1.0,10,4.66512440754866,-191.0,10.0,767.5334715843201,-351.7659378051758,8.212951183319092,-2.0160675048828125,Closed,767.5334715843201,-351.7659378051758,6.196883678436279,0.01433828203682459,1119.2994093894958,6.196883678436279,0.005536395022147176,0,6.196883678436279,0.0
2023-03-22,4.06850004196167,0.012442501576701348,34.99418640136719,-0.005185475895946978,0.017627977472648326,0.017627977472648326,0.007365657431318032,0.015782405340781652,1,1,1.0,10,3.5846147822100436,-36.0,10.0,146.46600151062012,-349.9418640136719,0.0,0.0,Opened,146.46600151062012,-349.9418640136719,0.0,0.015782405340781652,496.407865524292,0.0,0.0,0,0.0,496.407865524292
2023-03-23,4.145999908447266,0.019048756467070938,35.13819122314453,0.004115107010223884,0.014933649456847053,0.014933649456847053,0.007234696661439359,0.01543033606526059,1,1,0.0,10,1.830899969614416,36.0,-10.0,-149.25599670410156,351.3819122314453,-2.7899951934814453,1.4400482177734375,Live,0.0,0.0,0.0,0.01543033606526059,500.6379089355469,-1.3499469757080078,-0.002696453767510847,0,0.0,0.0
2023-03-24,4.101500034332275,-0.010733206728809619,35.04218673706055,-0.0027321977239610495,-0.00800100900484857,0.00800100900484857,0.011738604256155373,0.015819524078043688,0,0,-1.0,10,2.1748590247592987,36.0,-10.0,-147.6540012359619,350.42186737060547,-1.1879997253417969,0.48000335693359375,Closed,-147.6540012359619,350.42186737060547,-0.7079963684082031,0.015819524078043688,498.0758686065674,-0.7079963684082031,-0.0014214628995958304,0,-0.7079963684082031,0.0
2023-03-25,4.101500034332275,0.0,35.04218673706055,0.0,0.0,0.0,0.011731113255154507,0.004575635972821219,1,0,0.0,10,,0.0,0.0,0.0,0.0,0.0,0.0,,0.0,0.0,0.0,0.011731113255154507,0.0,0.0,0.0,0,0.0,0.0
2023-03-26,4.101500034332275,0.0,35.04218673706055,0.0,0.0,0.0,0.011690737318839578,0.0034783713075098497,1,0,0.0,10,,0.0,0.0,0.0,0.0,0.0,0.0,,0.0,0.0,0.0,0.011690737318839578,0.0,0.0,0.0,0,0.0,0.0
2023-03-27,4.104499816894531,0.0007313866968536864,35.28220748901367,0.006849479849934115,-0.006118093153080428,0.006118093153080428,0.010749678650467595,0.0037999979652988056,0,0,0.0,10,80.5018840621213,0.0,0.0,0.0,0.0,0.0,0.0,,0.0,0.0,0.0,0.010749678650467595,0.0,0.0,0.0,0,0.0,0.0
2023-03-28,4.111999988555908,0.0018273046646282154,35.90624237060547,0.017686956854559455,-0.01585965218993124,0.01585965218993124,0.005140796514717776,0.008248086958326682,0,1,1.0,10,84.51990628801917,846.0,-10.0,-3478.7519903182983,359.0624237060547,0.0,0.0,Opened,-3478.7519903182983,359.0624237060547,0.0,0.008248086958326682,3837.814414024353,0.0,0.0,0,0.0,3837.814414024353
2023-03-29,4.114999771118164,0.0007295191076372998,36.51108169555664,0.01684496302086802,-0.01611544391323072,0.01611544391323072,0.0007489494889963662,0.008674856591294064,0,1,0.0,10,204.87467367709982,-846.0,10.0,3481.289806365967,-365.1108169555664,2.537816047668457,-6.048393249511719,Live,0.0,0.0,0.0,0.008674856591294064,3846.400623321533,-3.5105772018432617,-0.0009126915123083894,0,0.0,0.0
2023-03-30,4.0904998779296875,-0.005953801835041017,37.25992965698242,0.020510155455539802,-0.02646395729058082,0.02646395729058082,0.0030997115910613047,0.008632064533360503,0,1,0.0,10,31.379081207586086,-846.0,10.0,3460.5628967285156,-372.5992965698242,-18.189093589782715,-13.536872863769531,Live,0.0,0.0,0.0,0.008632064533360503,3833.16219329834,-31.725966453552246,-0.008276708590369573,0,0.0,0.0
2023-03-31,4.104499816894531,0.0034225496596100857,37.16392517089844,-0.0025766147968557807,0.005999164456465866,0.005999164456465866,0.003586543330906339,0.0095805739159159,1,0,-1.0,10,6.8164942794179195,-846.0,10.0,3472.4068450927734,-371.6392517089844,-6.345145225524902,-12.576828002929688,Closed,3472.4068450927734,-371.6392517089844,-18.92197322845459,0.0095805739159159,3844.046096801758,-18.92197322845459,-0.004922410593410326,0,-18.92197322845459,0.0
2023-04-01,4.104499816894531,0.0,37.16392517089844,0.0,0.0,0.0,0.003571859184931014,0.010878438913281096,1,0,0.0,10,,0.0,0.0,0.0,0.0,0.0,0.0,,0.0,0.0,0.0,0.010878438913281096,0.0,0.0,0.0,0,0.0,0.0
2023-04-02,4.104499816894531,0.0,37.16392517089844,0.0,0.0,0.0,0.00342945156629777,0.010829927702418704,1,0,0.0,10,,0.0,0.0,0.0,0.0,0.0,0.0,,0.0,0.0,0.0,0.010829927702418704,0.0,0.0,0.0,0,0.0,0.0
2023-04-03,4.059500217437744,-0.010963479465040837,37.74955749511719,0.015758085872945804,-0.02672156533798664,0.02672156533798664,0.005721405597275454,0.010590060804022158,0,1,1.0,10,13.36578132583265,134.0,-10.0,-543.9730291366577,377.4955749511719,0.0,0.0,Opened,-543.9730291366577,377.4955749511719,0.0,0.010590060804022158,921.4686040878296,0.0,0.0,0,0.0,921.4686040878296
2023-04-04,3.9835000038146973,-0.018721569048471776,37.15432357788086,-0.015767970718949975,-0.0029535983295218005,0.0029535983295218005,0.009279885594382644,0.011205435273826498,0,1,0.0,10,7.855577144979586,-134.0,10.0,533.7890005111694,-371.5432357788086,-10.184028625488281,5.952339172363281,Live,0.0,0.0,0.0,0.011205435273826498,905.332236289978,-4.231689453125,-0.004674183999529637,0,0.0,0.0
2023-04-05,3.997999906539917,0.0036399906392203807,36.85670471191406,-0.008010342735562004,0.011650333374782385,0.011650333374782385,0.009331071127363097,0.0117073369262819,1,0,-1.0,10,20.287314191982837,-134.0,10.0,535.7319874763489,-368.5670471191406,-8.241041660308838,8.92852783203125,Closed,535.7319874763489,-368.5670471191406,0.6874861717224121,0.0117073369262819,904.2990345954895,0.6874861717224121,0.0007602420719490628,0,0.6874861717224121,0.0
2023-04-06,4.026000022888184,0.007003531016212428,37.096717834472656,0.0065120613585676335,0.0004914696576447941,0.0004914696576447941,0.010729376253402824,0.01227867859116433,1,0,0.0,10,8.56767810507198,0.0,0.0,0.0,0.0,0.0,0.0,,0.0,0.0,0.0,0.01227867859116433,0.0,0.0,0.0,0,0.0,0.0
2023-04-07,4.026000022888184,0.0,37.096717834472656,0.0,0.0,0.0,0.010729376253402824,0.01227867859116433,1,0,0.0,10,,0.0,0.0,0.0,0.0,0.0,0.0,,0.0,0.0,0.0,0.01227867859116433,0.0,0.0,0.0,0,0.0,0.0
2023-04-08,4.026000022888184,0.0,37.096717834472656,0.0,0.0,0.0,0.009996813945559398,0.008596172726632947,1,0,0.0,10,,0.0,0.0,0.0,0.0,0.0,0.0,,0.0,0.0,0.0,0.009996813945559398,0.0,0.0,0.0,0,0.0,0.0
2023-04-09,4.026000022888184,0.0,37.096717834472656,0.0,0.0,0.0,0.0031480973580374715,0.005150814606981606,1,0,0.0,10,,0.0,0.0,0.0,0.0,0.0,0.0,,0.0,0.0,0.0,0.005150814606981606,0.0,0.0,0.0,0,0.0,0.0
2023-04-10,3.9865000247955322,-0.009811226494806258,37.06792068481445,-0.0007762721701336517,-0.009034954324672606,0.009034954324672606,0.005994434528113073,0.0030178504807657405,0,1,1.0,10,0.7356939235579326,8.0,-10.0,-31.892000198364258,370.67920684814453,0.0,0.0,Opened,-31.892000198364258,370.67920684814453,0.0,0.005994434528113073,402.5712070465088,0.0,0.0,0,0.0,402.5712070465088
2023-04-11,4.024499893188477,0.009532138004914037,38.373600006103516,0.035223969868478644,-0.025691831863564607,0.025691831863564607,0.006839339189572319,0.01584299432268324,0,1,0.0,10,35.234539811234896,-8.0,10.0,32.19599914550781,-383.73600006103516,0.3039989471435547,-13.056793212890625,Live,0.0,0.0,0.0,0.01584299432268324,415.93199920654297,-12.75279426574707,-0.030660767361191426,1,-12.75279426574707,0.0
2023-04-12,4.084499835968018,0.014908670486261322,38.73841857910156,0.009507019746388679,0.005401650739872643,0.005401650739872643,0.009573209259012084,0.01537295221408819,1,0,-1.0,10,6.0479540723113985,-8.0,10.0,32.67599868774414,-387.3841857910156,0.7839984893798828,-16.704978942871094,Closed,32.67599868774414,-387.3841857910156,-15.920980453491211,0.01537295221408819,420.06018447875977,-15.920980453491211,-0.03790166514650058,1,0.0,0.0
2023-04-13,4.124000072479248,0.00967076462175176,40.01530075073242,0.032961649402996285,-0.023290884781244525,0.023290884781244525,0.009808320385802528,0.017570991077561358,0,1,1.0,10,33.071625678413604,331.0,-10.0,-1365.044023990631,400.1530075073242,0.0,0.0,Opened,-1365.044023990631,400.1530075073242,0.0,0.017570991077561358,1765.1970314979553,0.0,0.0,0,0.0,1765.1970314979553
2023-04-14,4.107500076293945,-0.004000968936788474,39.92889404296875,-0.00215934170536225,-0.0018416272314262239,0.0018416272314262239,0.010446396147686924,0.018063254154325813,0,1,0.0,10,5.246454300048402,-331.0,10.0,1359.582525253296,-399.2889404296875,-5.461498737335205,0.8640670776367188,Live,0.0,0.0,0.0,0.018063254154325813,1758.8714656829834,-4.597431659698486,-0.002613853115135544,0,0.0,0.0
2023-04-15,4.107500076293945,0.0,39.92889404296875,0.0,0.0,0.0,0.007767429668891436,0.01789684864117511,1,0,-1.0,10,,-331.0,10.0,1359.582525253296,-399.2889404296875,-5.461498737335205,0.8640670776367188,Closed,1359.582525253296,-399.2889404296875,-4.597431659698486,0.01789684864117511,1758.8714656829834,-4.597431659698486,-0.002613853115135544,0,-4.597431659698486,0.0
2023-04-16,4.107500076293945,0.0,39.92889404296875,0.0,0.0,0.0,0.007859790749096726,0.014633421819817886,1,0,0.0,10,,0.0,0.0,0.0,0.0,0.0,0.0,,0.0,0.0,0.0,0.014633421819817886,0.0,0.0,0.0,0,0.0,0.0
2023-04-17,4.065999984741211,-0.010103491365039408,39.82328414916992,-0.0026449491359610278,-0.00745854222907838,0.00745854222907838,0.007205561169839495,0.015326133527933989,0,0,0.0,10,2.563985412506523,0.0,0.0,0.0,0.0,0.0,0.0,,0.0,0.0,0.0,0.015326133527933989,0.0,0.0,0.0,0,0.0,0.0
2023-04-18,4.0894999504089355,0.005779627583845315,40.64894104003906,0.020733018597270725,-0.01495339101342541,0.01495339101342541,0.005865829379722054,0.009883973127018345,0,1,1.0,10,35.65674629809859,357.0,-10.0,-1459.95148229599,406.4894104003906,0.0,0.0,Opened,-1459.95148229599,406.4894104003906,0.0,0.009883973127018345,1866.4408926963806,0.0,0.0,0,0.0,1866.4408926963806
2023-04-19,4.072000026702881,-0.004279233138101635,40.08250427246094,-0.013934846839433912,0.009655613701332277,0.009655613701332277,0.005894781881058917,0.012525812557432084,1,0,-1.0,10,32.054080772939194,-357.0,10.0,1453.7040095329285,-400.8250427246094,-6.247472763061523,5.66436767578125,Closed,1453.7040095329285,-400.8250427246094,-0.5831050872802734,0.012525812557432084,1854.5290522575378,-0.5831050872802734,-0.00031442219067447525,0,-0.5831050872802734,0.0
2023-04-20,4.021999835968018,-0.012279025149061429,39.583274841308594,-0.012455045916263896,0.00017602076720246718,0.00017602076720246718,0.007371538564257306,0.013895843688843237,1,0,0.0,10,9.982771198242984,0.0,0.0,0.0,0.0,0.0,0.0,,0.0,0.0,0.0,0.013895843688843237,0.0,0.0,0.0,0,0.0,0.0
2023-04-21,3.9800000190734863,-0.010442520787528276,38.57521057128906,-0.02546692445384857,0.015024403666320296,0.015024403666320296,0.007371745350001755,0.017368509705372882,1,0,0.0,10,23.637219208133228,0.0,0.0,0.0,0.0,0.0,0.0,,0.0,0.0,0.0,0.017368509705372882,0.0,0.0,0.0,0,0.0,0.0
2023-04-22,3.9800000190734863,0.0,38.57521057128906,0.0,0.0,0.0,0.007440920241272773,0.017564112975724227,1,0,0.0,10,,0.0,0.0,0.0,0.0,0.0,0.0,,0.0,0.0,0.0,0.017564112975724227,0.0,0.0,0.0,0,0.0,0.0
2023-04-23,3.9800000190734863,0.0,38.57521057128906,0.0,0.0,0.0,0.0057516111032347985,0.010724346928040411,1,0,0.0,10,,0.0,0.0,0.0,0.0,0.0,0.0,,0.0,0.0,0.0,0.010724346928040411,0.0,0.0,0.0,0,0.0,0.0
2023-04-24,3.953000068664551,-0.0067839071054127675,38.43119812011719,-0.0037332900855001627,-0.003050617019912605,0.003050617019912605,0.005738635351312918,0.010846632196813076,0,0,0.0,10,5.350186816182361,0.0,0.0,0.0,0.0,0.0,0.0,,0.0,0.0,0.0,0.010846632196813076,0.0,0.0,0.0,0,0.0,0.0
2023-04-25,3.8459999561309814,-0.027068077580306604,37.03911590576172,-0.03622271181878067,0.009154634238474069,0.009154634238474069,0.011128205345903905,0.01672240031256502,1,0,0.0,10,12.887684185229883,0.0,0.0,0.0,0.0,0.0,0.0,,0.0,0.0,0.0,0.01672240031256502,0.0,0.0,0.0,0,0.0,0.0
2023-04-26,3.8499999046325684,0.0010400282234039882,37.35593032836914,0.008553509306579832,-0.007513481083175844,0.007513481083175844,0.011879172749363386,0.017334658343596862,0,0,0.0,10,79.7991095541614,0.0,0.0,0.0,0.0,0.0,0.0,,0.0,0.0,0.0,0.017334658343596862,0.0,0.0,0.0,0,0.0,0.0
2023-04-27,3.864500045776367,0.0037662705202541336,37.92237091064453,0.015163337582445813,-0.01139706706219168,0.01139706706219168,0.012502382747666652,0.019851760648264796,0,0,0.0,10,39.50803754140593,0.0,0.0,0.0,0.0,0.0,0.0,,0.0,0.0,0.0,0.019851760648264796,0.0,0.0,0.0,0,0.0,0.0
2023-04-28,3.869999885559082,0.0014231698065900744,37.91276931762695,-0.00025319073641782985,0.0016763605430079043,0.0016763605430079043,0.012682600330897232,0.01984172526732705,1,0,0.0,10,1.7428726179301495,0.0,0.0,0.0,0.0,0.0,0.0,,0.0,0.0,0.0,0.01984172526732705,0.0,0.0,0.0,0,0.0,0.0
2023-04-29,3.869999885559082,0.0,37.91276931762695,0.0,0.0,0.0,0.01287558895029248,0.019891452843205617,1,0,0.0,10,,0.0,0.0,0.0,0.0,0.0,0.0,,0.0,0.0,0.0,0.019891452843205617,0.0,0.0,0.0,0,0.0,0.0
2023-04-30,3.869999885559082,0.0,37.91276931762695,0.0,0.0,0.0,0.0015435842179727056,0.006947028171031071,1,0,0.0,10,,0.0,0.0,0.0,0.0,0.0,0.0,,0.0,0.0,0.0,0.006947028171031071,0.0,0.0,0.0,0,0.0,0.0
2023-05-01,3.9170000553131104,0.01214474706560309,37.92237091064453,0.0002532548582019345,0.011891492207401155,0.011891492207401155,0.0050894566681107005,0.006783607078145178,1,1,1.0,10,0.20188832964316386,-3.0,10.0,11.751000165939331,-379.2237091064453,0.0,0.0,Opened,11.751000165939331,-379.2237091064453,0.0,0.006783607078145178,390.97470927238464,0.0,0.0,0,0.0,390.97470927238464
2023-05-02,3.8480000495910645,-0.017615523295296587,37.413536071777344,-0.013417801330674717,-0.00419772196462187,0.00419772196462187,0.010683519211871783,0.006003301211839317,0,0,-1.0,10,7.405928176528114,3.0,-10.0,-11.544000148773193,374.13536071777344,0.2070000171661377,-5.088348388671875,Closed,-11.544000148773193,374.13536071777344,-4.881348371505737,0.010683519211871783,385.67936086654663,-4.881348371505737,-0.012656493623455233,1,-4.881348371505737,0.0
2023-05-03,3.8315000534057617,-0.004287940741335539,37.37513732910156,-0.0010263328919809522,-0.0032616078493545864,0.0032616078493545864,0.010690433418151122,0.005934616212328173,0,0,0.0,10,2.334820155413732,0.0,0.0,0.0,0.0,0.0,0.0,,0.0,0.0,0.0,0.010690433418151122,0.0,0.0,0.0,0,0.0,0.0
2023-05-04,3.8499999046325684,0.004828357293212626,37.2119255065918,-0.004366855459891017,0.009195212753103643,0.009195212753103643,0.01112024418455156,0.005730323115306185,1,0,0.0,10,8.741598217054168,0.0,0.0,0.0,0.0,0.0,0.0,,0.0,0.0,0.0,0.01112024418455156,0.0,0.0,0.0,0,0.0,0.0
2023-05-05,3.871500015258789,0.005584444456829818,38.488807678222656,0.03431378930941564,-0.028729344852585825,0.028729344852585825,0.011517394092399205,0.018220934406398135,0,1,1.0,10,61.086310702677864,611.0,-10.0,-2365.48650932312,384.88807678222656,0.0,0.0,Opened,-2365.48650932312,384.88807678222656,0.0,0.018220934406398135,2750.3745861053467,0.0,0.0,0,0.0,2750.3745861053467
2023-05-06,3.871500015258789,0.0,38.488807678222656,0.0,0.0,0.0,0.009444377783287133,0.01823135318537125,1,0,-1.0,10,,-611.0,10.0,2365.48650932312,-384.88807678222656,0.0,0.0,Closed,2365.48650932312,-384.88807678222656,0.0,0.01823135318537125,2750.3745861053467,0.0,0.0,0,0.0,0.0
2023-05-07,3.871500015258789,0.0,38.488807678222656,0.0,0.0,0.0,0.0040429786472460025,0.016048977308808533,1,0,0.0,10,,0.0,0.0,0.0,0.0,0.0,0.0,,0.0,0.0,0.0,0.016048977308808533,0.0,0.0,0.0,0,0.0,0.0
2023-05-08,3.9179999828338623,0.012010840085703745,38.86322784423828,0.009728027148720342,0.0022828129369834027,0.0022828129369834027,0.004954679378403842,0.015623056435460433,1,0,0.0,10,8.033889021815757,0.0,0.0,0.0,0.0,0.0,0.0,,0.0,0.0,0.0,0.015623056435460433,0.0,0.0,0.0,0,0.0,0.0
2023-05-09,3.8889999389648438,-0.007401746808595733,38.65201187133789,-0.005434854092586816,-0.0019668927160089167,0.0019668927160089167,0.007236202612000328,0.01583910334714311,0,0,0.0,10,7.297730683451338,0.0,0.0,0.0,0.0,0.0,0.0,,0.0,0.0,0.0,0.01583910334714311,0.0,0.0,0.0,0,0.0,0.0
2023-05-10,3.828000068664551,-0.01568523303102176,37.60554504394531,-0.027074058418381508,0.011388825387359747,0.011388825387359747,0.010253493261453849,0.01372391200494864,1,0,0.0,10,16.956739062038523,0.0,0.0,0.0,0.0,0.0,0.0,,0.0,0.0,0.0,0.01372391200494864,0.0,0.0,0.0,0,0.0,0.0
2023-05-11,3.697499990463257,-0.03409092890816501,35.541419982910156,-0.054888848403155666,0.020797919494990658,0.020797919494990658,0.017315103855716097,0.02580428724477163,1,0,0.0,10,15.47646884238482,0.0,0.0,0.0,0.0,0.0,0.0,,0.0,0.0,0.0,0.02580428724477163,0.0,0.0,0.0,0,0.0,0.0
2023-05-12,3.7165000438690186,0.005138621624007467,35.637428283691406,0.002701307399294084,0.0024373142247133828,0.0024373142247133828,0.018119148863707052,0.02623550333414529,1,0,0.0,10,5.0408013409824015,0.0,0.0,0.0,0.0,0.0,0.0,,0.0,0.0,0.0,0.02623550333414529,0.0,0.0,0.0,0,0.0,0.0
2023-05-13,3.7165000438690186,0.0,35.637428283691406,0.0,0.0,0.0,0.015393113526851502,0.024227707131204985,1,0,0.0,10,,0.0,0.0,0.0,0.0,0.0,0.0,,0.0,0.0,0.0,0.024227707131204985,0.0,0.0,0.0,0,0.0,0.0
2023-05-14,3.7165000438690186,0.0,35.637428283691406,0.0,0.0,0.0,0.016094419841795212,0.02498302999706791,1,0,0.0,10,,0.0,0.0,0.0,0.0,0.0,0.0,,0.0,0.0,0.0,0.02498302999706791,0.0,0.0,0.0,0,0.0,0.0
2023-05-15,3.737499952316284,0.005650452899067959,36.731895446777344,0.030711171254374614,-0.025060718355306655,0.025060718355306655,0.016672801207536198,0.03110872823253252,0,0,0.0,10,53.416479821574704,0.0,0.0,0.0,0.0,0.0,0.0,,0.0,0.0,0.0,0.03110872823253252,0.0,0.0,0.0,0,0.0,0.0
2023-05-16,3.6545000076293945,-0.022207343343362718,35.954246520996094,-0.021170944660561353,-0.001036398682801365,0.001036398682801365,0.011461062079480597,0.01849804698069953,0,0,0.0,10,9.37920124695564,0.0,0.0,0.0,0.0,0.0,0.0,,0.0,0.0,0.0,0.01849804698069953,0.0,0.0,0.0,0,0.0,0.0
2023-05-17,3.743000030517578,0.02421672532587893,36.146263122558594,0.0053405819935725685,0.01887614333230636,0.01887614333230636,0.016581683326497818,0.018544669455285902,1,1,1.0,10,2.1296917389103363,-22.0,10.0,82.34600067138672,-361.46263122558594,0.0,0.0,Opened,82.34600067138672,-361.46263122558594,0.0,0.018544669455285902,443.80863189697266,0.0,0.0,0,0.0,443.80863189697266
2023-05-18,3.68149995803833,-0.01643068981507434,35.53181838989258,-0.016998845235610127,0.0005681554205357875,0.0005681554205357875,0.018480567431696814,0.02066379852036962,1,1,0.0,10,9.98518824497481,22.0,-10.0,-80.99299907684326,355.3181838989258,1.353001594543457,-6.144447326660156,Live,0.0,0.0,0.0,0.02066379852036962,436.31118297576904,-4.791445732116699,-0.010981716534143468,0,0.0,0.0
2023-05-19,3.7225000858306885,0.011136799744581483,35.541419982910156,0.00027022520807173933,0.010866574536509743,0.010866574536509743,0.019393425685164042,0.020665536729357944,1,1,0.0,10,0.23166771126250282,22.0,-10.0,-81.89500188827515,355.41419982910156,0.45099878311157227,-6.048431396484375,Live,0.0,0.0,0.0,0.020665536729357944,437.3092017173767,-5.597432613372803,-0.0127997137754954,0,0.0,0.0
2023-05-20,3.7225000858306885,0.0,35.541419982910156,0.0,0.0,0.0,0.019179769038971544,0.011765914796961277,1,1,0.0,10,,22.0,-10.0,-81.89500188827515,355.41419982910156,0.45099878311157227,-6.048431396484375,Live,0.0,0.0,0.0,0.019179769038971544,437.3092017173767,-5.597432613372803,-0.0127997137754954,0,0.0,0.0
2023-05-21,3.7225000858306885,0.0,35.541419982910156,0.0,0.0,0.0,0.015073411384277523,0.008538414592076694,1,1,0.0,10,,22.0,-10.0,-81.89500188827515,355.41419982910156,0.45099878311157227,-6.048431396484375,Live,0.0,0.0,0.0,0.015073411384277523,437.3092017173767,-5.597432613372803,-0.0127997137754954,0,0.0,0.0
2023-05-22,3.6740000247955322,-0.013028894537777669,35.46461486816406,-0.0021610029870225977,-0.010867891550755071,0.010867891550755071,0.01114229646511905,0.007455536925513238,0,0,-1.0,10,1.6010463008634777,22.0,-10.0,-80.82800054550171,354.6461486816406,1.5180001258850098,-6.8164825439453125,Closed,-80.82800054550171,354.6461486816406,-5.298482418060303,0.01114229646511905,435.47414922714233,-5.298482418060303,-0.012167157172162305,1,-5.298482418060303,0.0
2023-05-23,3.6414999961853027,-0.008845952202201746,34.53335952758789,-0.02625871855758244,0.017412766355380693,0.017412766355380693,0.009340371260501483,0.011573508835474339,1,1,1.0,10,28.15058706805162,-282.0,10.0,1026.9029989242554,-345.3335952758789,0.0,0.0,Opened,1026.9029989242554,-345.3335952758789,0.0,0.011573508835474339,1372.2365942001343,0.0,0.0,0,0.0,1372.2365942001343
2023-05-24,3.553499937057495,-0.02416588197720526,33.69810485839844,-0.024186892923701464,2.101094649620272e-05,2.101094649620272e-05,0.010100038054563325,0.013469454761936587,1,1,0.0,10,9.491319589726276,282.0,-10.0,-1002.0869822502136,336.9810485839844,24.816016674041748,-8.352546691894531,Live,0.0,0.0,0.0,0.013469454761936587,1339.068030834198,16.463469982147217,0.012294722600382732,0,0.0,0.0
2023-05-25,3.5804998874664307,0.007598128855264008,33.50609588623047,-0.0056979160393382244,0.013296044894602232,0.013296044894602232,0.01218767492437375,0.012567603342988714,1,1,0.0,10,7.017615248455965,282.0,-10.0,-1009.7009682655334,335.0609588623047,17.202030658721924,-10.272636413574219,Live,0.0,0.0,0.0,0.012567603342988714,1344.7619271278381,6.929394245147705,0.005152878071100366,0,0.0,0.0
2023-05-26,3.6735000610351562,0.025974075266493868,34.19733428955078,0.02063022817302862,0.005343847093465248,0.005343847093465248,0.019578586146027747,0.019061728501642974,1,1,0.0,10,7.393943694179346,282.0,-10.0,-1035.927017211914,341.9733428955078,-9.024018287658691,-3.3602523803710938,Live,0.0,0.0,0.0,0.019578586146027747,1377.9003601074219,-12.384270668029785,-0.008987783896844544,0,0.0,0.0
2023-05-27,3.6735000610351562,0.0,34.19733428955078,0.0,0.0,0.0,0.018671917866518693,0.01923772183199668,1,1,0.0,10,,282.0,-10.0,-1035.927017211914,341.9733428955078,-9.024018287658691,-3.3602523803710938,Live,0.0,0.0,0.0,0.01923772183199668,1377.9003601074219,-12.384270668029785,-0.008987783896844544,0,0.0,0.0
2023-05-28,3.6735000610351562,0.0,34.19733428955078,0.0,0.0,0.0,0.018018589154880298,0.016015218526805933,1,1,0.0,10,,282.0,-10.0,-1035.927017211914,341.9733428955078,-9.024018287658691,-3.3602523803710938,Live,0.0,0.0,0.0,0.018018589154880298,1377.9003601074219,-12.384270668029785,-0.008987783896844544,0,0.0,0.0
2023-05-29,3.6735000610351562,0.0,34.19733428955078,0.0,0.0,0.0,0.011257947971678606,0.010167076429964644,1,1,0.0,10,,282.0,-10.0,-1035.927017211914,341.9733428955078,-9.024018287658691,-3.3602523803710938,Live,0.0,0.0,0.0,0.011257947971678606,1377.9003601074219,-12.384270668029785,-0.008987783896844544,0,0.0,0.0
2023-05-30,3.6579999923706055,-0.004219427904455508,33.63090133666992,-0.01656365809348881,0.0123442301890333,0.0123442301890333,0.012225007376491221,0.013197098975407901,1,1,0.0,10,36.090881803371495,282.0,-10.0,-1031.5559978485107,336.3090133666992,-4.652998924255371,-9.024581909179688,Live,0.0,0.0,0.0,0.013197098975407901,1367.86501121521,-13.677580833435059,-0.009999218286374551,0,0.0,0.0
2023-05-31,3.63100004196167,-0.00738106901729052,33.21807861328125,-0.012275101379413345,0.004894032362122824,0.004894032362122824,0.0033678422585024024,0.008042046905571988,1,1,0.0,10,15.214373583524276,282.0,-10.0,-1023.9420118331909,332.1807861328125,2.960987091064453,-13.152809143066406,Live,0.0,0.0,0.0,0.008042046905571988,1356.1227979660034,-10.191822052001953,-0.007515412370685219,0,0.0,0.0
2023-06-01,3.7065000534057617,0.020793172837118012,34.370147705078125,0.03468199064759436,-0.01388881781047635,0.01388881781047635,0.0110424038394744,0.02013109962520991,0,0,-1.0,10,15.466806101401888,282.0,-10.0,-1045.2330150604248,343.70147705078125,-18.330016136169434,-1.6321182250976562,Closed,-1045.2330150604248,343.70147705078125,-19.96213436126709,0.02013109962520991,1388.934492111206,-19.96213436126709,-0.014372264836568553,0,-19.96213436126709,0.0
2023-06-02,3.7225000858306885,0.0043167495465770145,35.839046478271484,0.04273763341949022,-0.0384208838729132,0.0384208838729132,0.011031468620481245,0.027305487488542286,0,1,1.0,10,95.31809356709564,954.0,-10.0,-3551.265081882477,358.39046478271484,0.0,0.0,Opened,-3551.265081882477,358.39046478271484,0.0,0.027305487488542286,3909.6555466651917,0.0,0.0,0,0.0,3909.6555466651917
2023-06-03,3.7225000858306885,0.0,35.839046478271484,0.0,0.0,0.0,0.011031468620481245,0.027305487488542286,1,0,-1.0,10,,-954.0,10.0,3551.265081882477,-358.39046478271484,0.0,0.0,Closed,3551.265081882477,-358.39046478271484,0.0,0.027305487488542286,3909.6555466651917,0.0,0.0,0,0.0,0.0
2023-06-04,3.7225000858306885,0.0,35.839046478271484,0.0,0.0,0.0,0.010519126565245904,0.024141572712918457,1,0,0.0,10,,0.0,0.0,0.0,0.0,0.0,0.0,,0.0,0.0,0.0,0.024141572712918457,0.0,0.0,0.0,0,0.0,0.0
2023-06-05,3.762500047683716,0.01074545626077561,35.33980941772461,-0.013929976090450769,0.02467543235122638,0.02467543235122638,0.008793940498813742,0.02458252905733916,1,1,1.0,10,12.17623998847832,-122.0,10.0,459.02500581741333,-353.3980941772461,0.0,0.0,Opened,459.02500581741333,-353.3980941772461,0.0,0.02458252905733916,812.4230999946594,0.0,0.0,0,0.0,812.4230999946594
2023-06-06,3.7669999599456787,0.0011959899547997477,35.896644592285156,0.015756598117964593,-0.014560608163164845,0.014560608163164845,0.004545980724332328,0.021631142802225733,0,0,-1.0,10,125.54319176174535,122.0,-10.0,-459.5739951133728,358.96644592285156,-0.5489892959594727,5.568351745605469,Closed,-459.5739951133728,358.96644592285156,5.019362449645996,0.021631142802225733,818.5404410362244,5.019362449645996,0.006132088529788188,0,5.019362449645996,0.0
2023-06-07,3.754499912261963,-0.0033183031103339866,35.627830505371094,-0.007488557495199277,0.004170254384865291,0.004170254384865291,0.005315887469500821,0.01109032922011812,1,0,0.0,10,21.415064828814014,0.0,0.0,0.0,0.0,0.0,0.0,,0.0,0.0,0.0,0.01109032922011812,0.0,0.0,0.0,0,0.0,0.0
2023-06-08,3.7964999675750732,0.011186591102570143,36.17506408691406,0.015359722267132447,-0.004173131164562305,0.004173131164562305,0.006606077966076986,0.013374460417643112,0,0,0.0,10,13.083125510451309,0.0,0.0,0.0,0.0,0.0,0.0,,0.0,0.0,0.0,0.013374460417643112,0.0,0.0,0.0,0,0.0,0.0
2023-06-09,3.7890000343322754,-0.001975486186448827,36.0982551574707,-0.0021232562092722285,0.00014777002282340135,0.00014777002282340135,0.006952277386362927,0.013484692189774201,1,0,0.0,10,10.239765399723805,0.0,0.0,0.0,0.0,0.0,0.0,,0.0,0.0,0.0,0.013484692189774201,0.0,0.0,0.0,0,0.0,0.0
2023-06-10,3.7890000343322754,0.0,36.0982551574707,0.0,0.0,0.0,0.0057322268785349505,0.010633548339432435,1,0,0.0,10,,0.0,0.0,0.0,0.0,0.0,0.0,,0.0,0.0,0.0,0.010633548339432435,0.0,0.0,0.0,0,0.0,0.0
2023-06-11,3.7890000343322754,0.0,36.0982551574707,0.0,0.0,0.0,0.0057686324002433126,0.008513226295647413,1,0,0.0,10,,0.0,0.0,0.0,0.0,0.0,0.0,,0.0,0.0,0.0,0.008513226295647413,0.0,0.0,0.0,0,0.0,0.0
2023-06-12,3.750499963760376,-0.010161010879664478,35.877437591552734,-0.006117125743466012,-0.004043885136198466,0.004043885136198466,0.007617546258436811,0.008180946019755145,0,0,0.0,10,5.758942516815583,0.0,0.0,0.0,0.0,0.0,0.0,,0.0,0.0,0.0,0.008180946019755145,0.0,0.0,0.0,0,0.0,0.0
2023-06-13,3.8285000324249268,0.02079724554545659,36.79909896850586,0.025689163965548323,-0.004891918420091734,0.004891918420091734,0.011452864240038782,0.012658678750113415,0,0,0.0,10,11.872787128121583,0.0,0.0,0.0,0.0,0.0,0.0,,0.0,0.0,0.0,0.012658678750113415,0.0,0.0,0.0,0,0.0,0.0
2023-06-14,3.865999937057495,0.0097949338683474,37.70155334472656,0.024523817199792353,-0.014728883331444953,0.014728883331444953,0.011707110705954437,0.015082117636307325,0,0,0.0,10,24.416531124978487,0.0,0.0,0.0,0.0,0.0,0.0,,0.0,0.0,0.0,0.015082117636307325,0.0,0.0,0.0,0,0.0,0.0
2023-06-15,3.8965001106262207,0.007889336281764248,38.12397766113281,0.011204427375810955,-0.003315091094046707,0.003315091094046707,0.011549282685747309,0.014253814576965408,0,0,0.0,10,13.89545305340179,0.0,0.0,0.0,0.0,0.0,0.0,,0.0,0.0,0.0,0.014253814576965408,0.0,0.0,0.0,0,0.0,0.0
2023-06-16,3.884500026702881,-0.003079708349196242,37.97997283935547,-0.0037772769425409303,0.0006975685933446885,0.0006975685933446885,0.012000197530541884,0.01506363975031967,1,0,0.0,10,11.991920984327933,0.0,0.0,0.0,0.0,0.0,0.0,,0.0,0.0,0.0,0.01506363975031967,0.0,0.0,0.0,0,0.0,0.0
2023-06-17,3.884500026702881,0.0,37.97997283935547,0.0,0.0,0.0,0.009347924763928319,0.013570932310245783,1,0,0.0,10,,0.0,0.0,0.0,0.0,0.0,0.0,,0.0,0.0,0.0,0.013570932310245783,0.0,0.0,0.0,0,0.0,0.0
2023-06-18,3.884500026702881,0.0,37.97997283935547,0.0,0.0,0.0,0.005590355867223929,0.011587188587309434,1,0,0.0,10,,0.0,0.0,0.0,0.0,0.0,0.0,,0.0,0.0,0.0,0.011587188587309434,0.0,0.0,0.0,0,0.0,0.0
2023-06-19,3.884500026702881,0.0,37.97997283935547,0.0,0.0,0.0,0.0040957211304276184,0.005673942659403131,1,0,0.0,10,,0.0,0.0,0.0,0.0,0.0,0.0,,0.0,0.0,0.0,0.005673942659403131,0.0,0.0,0.0,0,0.0,0.0
2023-06-20,3.878499984741211,-0.0015446111263802687,36.92390060424805,-0.027806029234784035,0.026261418108403767,0.026261418108403767,0.0013778208270136074,0.012123758050705369,1,1,1.0,10,171.38136411583,-1714.0,10.0,6647.748973846436,-369.23900604248047,0.0,0.0,Opened,6647.748973846436,-369.23900604248047,0.0,0.012123758050705369,7016.987979888916,0.0,0.0,0,0.0,7016.987979888916
2023-06-21,3.9110000133514404,0.008379535577695219,37.096717834472656,0.004680362242247105,0.0036991733354481138,0.0036991733354481138,0.0039767826687714235,0.013116037489981136,1,1,0.0,10,5.297941849881843,1714.0,-10.0,-6703.454022884369,370.96717834472656,-55.70504903793335,1.7281723022460938,Live,0.0,0.0,0.0,0.013116037489981136,7074.4212012290955,-53.976876735687256,-0.007629864719718615,0,0.0,0.0
2023-06-22,3.8884999752044678,-0.005753014080839058,36.914306640625,-0.0049171787828126146,-0.0008358352980264439,0.0008358352980264439,0.005134819983066194,0.012864480750019018,0,0,-1.0,10,8.113965877856879,1714.0,-10.0,-6664.888957500458,369.14306640625,-17.139983654022217,-0.09593963623046875,Closed,-6664.888957500458,369.14306640625,-17.235923290252686,0.012864480750019018,7034.032023906708,-17.235923290252686,-0.0024503617884696293,0,-17.235923290252686,0.0
2023-06-23,3.805999994277954,-0.02121640258520907,35.896644592285156,-0.02756822871541853,0.006351826130209459,0.006351826130209459,0.010894445767827853,0.01549797255295448,1,0,0.0,10,12.255250349775727,0.0,0.0,0.0,0.0,0.0,0.0,,0.0,0.0,0.0,0.01549797255295448,0.0,0.0,0.0,0,0.0,0.0
2023-06-24,3.805999994277954,0.0,35.896644592285156,0.0,0.0,0.0,0.010894445767827853,0.01549797255295448,1,0,0.0,10,,0.0,0.0,0.0,0.0,0.0,0.0,,0.0,0.0,0.0,0.01549797255295448,0.0,0.0,0.0,0,0.0,0.0
2023-06-25,3.805999994277954,0.0,35.896644592285156,0.0,0.0,0.0,0.011003781059186441,0.01276193132003289,1,0,0.0,10,,0.0,0.0,0.0,0.0,0.0,0.0,,0.0,0.0,0.0,0.01276193132003289,0.0,0.0,0.0,0,0.0,0.0
2023-06-26,3.7864999771118164,-0.005123493745521457,36.472679138183594,0.01604703036846611,-0.021170524113987566,0.021170524113987566,0.008710512586745297,0.0157134418317738,0,1,1.0,10,30.168809425435793,302.0,-10.0,-1143.5229930877686,364.72679138183594,0.0,0.0,Opened,-1143.5229930877686,364.72679138183594,0.0,0.0157134418317738,1508.2497844696045,0.0,0.0,0,0.0,1508.2497844696045
2023-06-27,3.7815001010894775,-0.0013204479209194542,36.56868362426758,0.0026322301611092502,-0.003952678082028704,0.003952678082028704,0.009015411536723793,0.015879548975737286,0,1,0.0,10,19.277370522897222,-302.0,10.0,1142.0130305290222,-365.6868362426758,-1.509962558746338,-0.9600448608398438,Live,0.0,0.0,0.0,0.015879548975737286,1507.699866771698,-2.4700074195861816,-0.0016382620135630748,0,0.0,0.0
2023-06-28,3.7204999923706055,-0.016131193200628946,35.99264907836914,-0.01575212692414696,-0.00037906627648198743,0.00037906627648198743,0.006824254942757483,0.011301014331390195,0,1,0.0,10,9.446810724660928,-302.0,10.0,1123.5909976959229,-359.9264907836914,-19.931995391845703,4.800300598144531,Live,0.0,0.0,0.0,0.011301014331390195,1483.5174884796143,-15.131694793701172,-0.0101998762476396,0,0.0,0.0
2023-06-29,3.677500009536743,-0.011557581755688662,36.01697540283203,0.0006758692423534107,-0.012233450998042072,0.012233450998042072,0.006869832461163063,0.011296302439631372,0,1,0.0,10,0.5727304392315276,-302.0,10.0,1110.6050028800964,-360.1697540283203,-32.91799020767212,4.557037353515625,Live,0.0,0.0,0.0,0.011296302439631372,1470.7747569084167,-28.360952854156494,-0.01928300218707282,1,-28.360952854156494,0.0
2023-06-30,3.740999937057495,0.017267145440130527,36.63980484008789,0.017292663536841113,-2.5518096710586136e-05,2.5518096710586136e-05,0.012874894896416317,0.013460428657750972,0,1,0.0,10,9.808594831834274,-302.0,10.0,1129.7819809913635,-366.3980484008789,-13.74101209640503,-1.6712570190429688,Live,0.0,0.0,0.0,0.013460428657750972,1496.1800293922424,-15.412269115447998,-0.010301079290376946,0,0.0,0.0
2023-07-01,3.740999937057495,0.0,36.63980484008789,0.0,0.0,0.0,0.012904608750075756,0.011724432773520406,1,0,-1.0,10,,-302.0,10.0,1129.7819809913635,-366.3980484008789,-13.74101209640503,-1.6712570190429688,Closed,1129.7819809913635,-366.3980484008789,-15.412269115447998,0.012904608750075756,1496.1800293922424,-15.412269115447998,-0.010301079290376946,0,0.0,0.0
2023-07-02,3.740999937057495,0.0,36.63980484008789,0.0,0.0,0.0,0.012944355231253656,0.01169016705486625,1,0,0.0,10,,0.0,0.0,0.0,0.0,0.0,0.0,,0.0,0.0,0.0,0.012944355231253656,0.0,0.0,0.0,0,0.0,0.0
2023-07-03,3.7790000438690186,0.01015774056425478,37.18478012084961,0.014873858721142996,-0.004716118156888216,0.004716118156888216,0.011006332634404334,0.008732126728285872,0,0,0.0,10,14.408370132184553,0.0,0.0,0.0,0.0,0.0,0.0,,0.0,0.0,0.0,0.011006332634404334,0.0,0.0,0.0,0,0.0,0.0
2023-07-04,3.7790000438690186,0.0,37.18478012084961,0.0,0.0,0.0,0.00792005572187821,0.00885057702384751,1,0,0.0,10,,0.0,0.0,0.0,0.0,0.0,0.0,,0.0,0.0,0.0,0.00885057702384751,0.0,0.0,0.0,0,0.0,0.0
2023-07-05,3.753499984741211,-0.006747832450856528,36.67873001098633,-0.013609065542908416,0.006861233092051888,0.006861233092051888,0.006049533897069629,0.01007618972939358,1,0,0.0,10,19.707969737511245,0.0,0.0,0.0,0.0,0.0,0.0,,0.0,0.0,0.0,0.01007618972939358,0.0,0.0,0.0,0,0.0,0.0
2023-07-06,3.7200000286102295,-0.008924991679010508,35.4914665222168,-0.03236926383257854,0.023444272153568035,0.023444272153568035,0.007454615739238533,0.017753238861777976,1,1,1.0,10,34.602382636430654,-347.0,10.0,1290.8400099277496,-354.91466522216797,0.0,0.0,Opened,1290.8400099277496,-354.91466522216797,0.0,0.017753238861777976,1645.7546751499176,0.0,0.0,0,0.0,1645.7546751499176
2023-07-07,3.7669999599456787,0.012634390046767807,36.299198150634766,0.022758474291625808,-0.010124084244858,0.010124084244858,0.009719301923560264,0.02212591580192816,0,0,-1.0,10,17.357624130485586,347.0,-10.0,-1307.1489861011505,362.99198150634766,-16.30897617340088,8.077316284179688,Closed,-1307.1489861011505,362.99198150634766,-8.231659889221191,0.02212591580192816,1670.1409676074982,-8.231659889221191,-0.004928721616243668,0,-8.231659889221191,0.0
2023-07-08,3.7669999599456787,0.0,36.299198150634766,0.0,0.0,0.0,0.008410857785827185,0.02026753391556144,1,0,0.0,10,,0.0,0.0,0.0,0.0,0.0,0.0,,0.0,0.0,0.0,0.02026753391556144,0.0,0.0,0.0,0,0.0,0.0
2023-07-09,3.7669999599456787,0.0,36.299198150634766,0.0,0.0,0.0,0.008410857785827185,0.02026753391556144,1,0,0.0,10,,0.0,0.0,0.0,0.0,0.0,0.0,,0.0,0.0,0.0,0.02026753391556144,0.0,0.0,0.0,0,0.0,0.0
2023-07-10,3.7715001106262207,0.001194624562885993,36.717655181884766,0.01152799655555703,-0.010333371992671037,0.010333371992671037,0.007679526808171026,0.020602651292875057,0,0,0.0,10,93.94706398737424,0.0,0.0,0.0,0.0,0.0,0.0,,0.0,0.0,0.0,0.020602651292875057,0.0,0.0,0.0,0,0.0,0.0
2023-07-11,3.753499984741211,-0.004772670119853495,37.09719467163086,0.010336702816833077,-0.015109372936686571,0.015109372936686571,0.006469734242406581,0.00947951417823271,0,1,1.0,10,21.405494412949796,215.0,-10.0,-807.0024967193604,370.9719467163086,0.0,0.0,Opened,-807.0024967193604,370.9719467163086,0.0,0.00947951417823271,1177.974443435669,0.0,0.0,0,0.0,1177.974443435669
2023-07-12,3.8420000076293945,0.0235780000660597,38.449893951416016,0.03646365424013043,-0.012885654174070726,0.012885654174070726,0.011181770420657391,0.014907220089798659,0,1,0.0,10,15.477150656260676,-215.0,10.0,826.0300016403198,-384.49893951416016,19.027504920959473,-13.526992797851562,Live,0.0,0.0,0.0,0.014907220089798659,1210.52894115448,5.50051212310791,0.004543891464389177,0,0.0,0.0
2023-07-13,3.929500102996826,0.022774621341404178,39.4814567565918,0.026828755535170723,-0.004054134193766545,0.004054134193766545,0.013535860745078922,0.014480812184921027,0,1,0.0,10,11.836007379655344,-215.0,10.0,844.8425221443176,-394.81456756591797,37.840025424957275,-23.842620849609375,Live,0.0,0.0,0.0,0.014480812184921027,1239.6570897102356,13.9974045753479,0.011291352013014932,0,0.0,0.0
2023-07-14,3.921999931335449,-0.0019086834113216655,38.79050827026367,-0.017500582376884122,0.015591898965562456,0.015591898965562456,0.013860463661736419,0.020493362305942547,1,0,-1.0,10,90.68521576547943,-215.0,10.0,843.2299852371216,-387.9050827026367,36.22748851776123,-16.933135986328125,Closed,843.2299852371216,-387.9050827026367,19.294352531433105,0.020493362305942547,1231.1350679397583,19.294352531433105,0.015672003043273895,0,19.294352531433105,0.0
2023-07-15,3.921999931335449,0.0,38.79050827026367,0.0,0.0,0.0,0.014020208787805197,0.021403362071988313,1,0,0.0,10,,0.0,0.0,0.0,0.0,0.0,0.0,,0.0,0.0,0.0,0.021403362071988313,0.0,0.0,0.0,0,0.0,0.0
2023-07-16,3.921999931335449,0.0,38.79050827026367,0.0,0.0,0.0,0.013069007343741936,0.022001547083912935,1,0,0.0,10,,0.0,0.0,0.0,0.0,0.0,0.0,,0.0,0.0,0.0,0.022001547083912935,0.0,0.0,0.0,0,0.0,0.0
2023-07-17,3.8320000171661377,-0.02294745429499956,38.33312225341797,-0.011791183906613822,-0.011156270388385736,0.011156270388385736,0.016186765938217936,0.0170577785821188,0,0,0.0,10,5.140100274557535,0.0,0.0,0.0,0.0,0.0,0.0,,0.0,0.0,0.0,0.0170577785821188,0.0,0.0,0.0,0,0.0,0.0
2023-07-18,3.815999984741211,-0.004175373787382974,38.566680908203125,0.006092868022623099,-0.010268241810006074,0.010268241810006074,0.009735203456121248,0.009679716758344512,0,1,1.0,10,14.747904303124074,148.0,-10.0,-564.7679977416992,385.66680908203125,0.0,0.0,Opened,-564.7679977416992,385.66680908203125,0.0,0.009735203456121248,950.4348068237305,0.0,0.0,0,0.0,950.4348068237305
2023-07-19,3.799499988555908,-0.004323898388700287,38.40123748779297,-0.004289801883754163,-3.409650494612393e-05,3.409650494612393e-05,0.009551651441136325,0.006606908497059595,0,1,0.0,10,10.027219648520106,-148.0,10.0,562.3259983062744,-384.0123748779297,-2.4419994354248047,1.6544342041015625,Live,0.0,0.0,0.0,0.009551651441136325,946.3383731842041,-0.7875652313232422,-0.0008322237094468357,0,0.0,0.0
2023-07-20,3.817500114440918,0.004737498602243928,38.33312225341797,-0.0017737770663419639,0.006511275668585892,0.006511275668585892,0.01051763785858804,0.006519879406975218,1,0,-1.0,10,3.7596297377724794,-148.0,10.0,564.9900169372559,-383.3312225341797,0.22201919555664062,2.3355865478515625,Closed,564.9900169372559,-383.3312225341797,2.557605743408203,0.01051763785858804,948.3212394714355,2.557605743408203,0.0026969824537872128,0,2.557605743408203,0.0
2023-07-21,3.802999973297119,-0.0037983341739656895,37.934120178222656,-0.010408807103098328,0.006610472929132638,0.006610472929132638,0.010166666972335764,0.007206576933184542,1,0,0.0,10,27.334521932713642,0.0,0.0,0.0,0.0,0.0,0.0,,0.0,0.0,0.0,0.010166666972335764,0.0,0.0,0.0,0,0.0,0.0
2023-07-22,3.802999973297119,0.0,37.934120178222656,0.0,0.0,0.0,0.003923328727364901,0.006030508113421128,1,0,0.0,10,,0.0,0.0,0.0,0.0,0.0,0.0,,0.0,0.0,0.0,0.006030508113421128,0.0,0.0,0.0,0,0.0,0.0
2023-07-23,3.802999973297119,0.0,37.934120178222656,0.0,0.0,0.0,0.003649522159907351,0.004348104475956875,1,0,0.0,10,,0.0,0.0,0.0,0.0,0.0,0.0,,0.0,0.0,0.0,0.004348104475956875,0.0,0.0,0.0,0,0.0,0.0
2023-07-24,3.8405001163482666,0.009860674024311233,38.25526428222656,0.00846583768109288,0.001394836343218353,0.001394836343218353,0.005262528517659097,0.006715599696629175,1,0,0.0,10,8.55198162827757,0.0,0.0,0.0,0.0,0.0,0.0,,0.0,0.0,0.0,0.006715599696629175,0.0,0.0,0.0,0,0.0,0.0
2023-07-25,3.9019999504089355,0.016013496210786737,40.0069694519043,0.04578991159895285,-0.02977641538816611,0.02977641538816611,0.008225323520143858,0.021749820743734403,0,1,1.0,10,29.31784461822642,294.0,-10.0,-1147.187985420227,400.06969451904297,0.0,0.0,Opened,-1147.187985420227,400.06969451904297,0.0,0.021749820743734403,1547.25767993927,0.0,0.0,0,0.0,1547.25767993927
2023-07-26,3.890500068664551,-0.0029471762917833155,39.598236083984375,-0.010216554103436803,0.007269377811653488,0.007269377811653488,0.00801906152467515,0.021707569228671605,1,0,-1.0,10,35.283262647317855,-294.0,10.0,1143.807020187378,-395.98236083984375,-3.380965232849121,4.087333679199219,Closed,1143.807020187378,-395.98236083984375,0.7063684463500977,0.021707569228671605,1539.7893810272217,0.7063684463500977,0.00045874354963979967,0,0.7063684463500977,0.0
2023-07-27,3.8635001182556152,-0.006939969138261337,39.27709197998047,-0.008110060845205047,0.00117009170694371,0.00117009170694371,0.009478884169800798,0.022805465012706312,1,0,0.0,10,11.880233298560873,0.0,0.0,0.0,0.0,0.0,0.0,,0.0,0.0,0.0,0.022805465012706312,0.0,0.0,0.0,0,0.0,0.0
2023-07-28,3.9170000553131104,0.013847530845074951,39.890193939208984,0.015609657648305797,-0.0017621268032308457,0.0017621268032308457,0.010298639973057855,0.02264370482438582,0,0,0.0,10,11.479781105781452,0.0,0.0,0.0,0.0,0.0,0.0,,0.0,0.0,0.0,0.02264370482438582,0.0,0.0,0.0,0,0.0,0.0
2023-07-29,3.9170000553131104,0.0,39.890193939208984,0.0,0.0,0.0,0.010310722594617511,0.023127216663470625,1,0,0.0,10,,0.0,0.0,0.0,0.0,0.0,0.0,,0.0,0.0,0.0,0.023127216663470625,0.0,0.0,0.0,0,0.0,0.0
2023-07-30,3.9170000553131104,0.0,39.890193939208984,0.0,0.0,0.0,0.007833680484182655,0.010153030399396898,1,0,0.0,10,,0.0,0.0,0.0,0.0,0.0,0.0,,0.0,0.0,0.0,0.010153030399396898,0.0,0.0,0.0,0,0.0,0.0
2023-07-31,3.994499921798706,0.01978551580066301,40.62979507446289,0.01854092603262414,0.0012445897680388729,0.0012445897680388729,0.011055313657689435,0.011375177702412916,1,0,0.0,10,9.531609897669748,0.0,0.0,0.0,0.0,0.0,0.0,,0.0,0.0,0.0,0.011375177702412916,0.0,0.0,0.0,0,0.0,0.0
2023-08-01,3.8935000896453857,-0.025284725029570243,39.74421310424805,-0.02179636812324115,-0.003488356906329093,0.003488356906329093,0.017382456465235077,0.0160622514377594,0,0,0.0,10,8.799532768583465,0.0,0.0,0.0,0.0,0.0,0.0,,0.0,0.0,0.0,0.017382456465235077,0.0,0.0,0.0,0,0.0,0.0
2023-08-02,3.827500104904175,-0.016951324828972103,38.59587478637695,-0.028893220627089322,0.011941895798117219,0.011941895798117219,0.017445100120662752,0.019019453835542707,1,0,0.0,10,17.18770872635606,0.0,0.0,0.0,0.0,0.0,0.0,,0.0,0.0,0.0,0.019019453835542707,0.0,0.0,0.0,0,0.0,0.0
2023-08-03,3.875999927520752,0.012671409872578199,39.004608154296875,0.0105900791258704,0.002081330746707799,0.002081330746707799,0.01910215788182813,0.02045031216333684,1,0,0.0,10,8.410201963430458,0.0,0.0,0.0,0.0,0.0,0.0,,0.0,0.0,0.0,0.02045031216333684,0.0,0.0,0.0,0,0.0,0.0
2023-08-04,3.8450000286102295,-0.007997910085192239,38.96567916870117,-0.0009980611891217128,-0.006999848896070526,0.006999848896070526,0.019231861410010622,0.020402519801431977,0,0,0.0,10,1.2646389494229808,0.0,0.0,0.0,0.0,0.0,0.0,,0.0,0.0,0.0,0.020402519801431977,0.0,0.0,0.0,0,0.0,0.0
2023-08-05,3.8450000286102295,0.0,38.96567916870117,0.0,0.0,0.0,0.014739461435194732,0.016471518586968856,1,0,0.0,10,,0.0,0.0,0.0,0.0,0.0,0.0,,0.0,0.0,0.0,0.016471518586968856,0.0,0.0,0.0,0,0.0,0.0
2023-08-06,3.8450000286102295,0.0,38.96567916870117,0.0,0.0,0.0,0.010974169784050414,0.014777151410000775,1,0,0.0,10,,0.0,0.0,0.0,0.0,0.0,0.0,,0.0,0.0,0.0,0.014777151410000775,0.0,0.0,0.0,0,0.0,0.0
2023-08-07,3.812999963760376,-0.008322513553119526,38.90728759765625,-0.0014985385162187281,-0.006823975036900798,0.006823975036900798,0.008531300683938084,0.005056941711348341,0,0,0.0,10,1.837289330048878,0.0,0.0,0.0,0.0,0.0,0.0,,0.0,0.0,0.0,0.008531300683938084,0.0,0.0,0.0,0,0.0,0.0
2023-08-08,3.747999906539917,-0.017046959831690134,38.34285354614258,-0.014507154992415172,-0.0025398048392749617,0.0025398048392749617,0.00709142406624203,0.00624247056523851,0,0,0.0,10,8.706030264747133,0.0,0.0,0.0,0.0,0.0,0.0,,0.0,0.0,0.0,0.00709142406624203,0.0,0.0,0.0,0,0.0,0.0
2023-08-09,3.7674999237060547,0.005202779523049594,38.12875747680664,-0.0055837281145048046,0.010786507637554399,0.010786507637554399,0.008740607499593373,0.006137193131043625,1,1,1.0,10,10.86146086382693,-109.0,10.0,410.65749168395996,-381.2875747680664,0.0,0.0,Opened,410.65749168395996,-381.2875747680664,0.0,0.008740607499593373,791.9450664520264,0.0,0.0,0,0.0,791.9450664520264
2023-08-10,3.750999927520752,-0.004379561119956632,37.82707214355469,-0.00791227811279882,0.0035327169928421887,0.0035327169928421887,0.008449982470226304,0.005753591721430135,1,1,0.0,10,18.21908761921059,109.0,-10.0,-408.85899209976196,378.2707214355469,1.798499584197998,-3.0168533325195312,Live,0.0,0.0,0.0,0.008449982470226304,787.1297135353088,-1.2183537483215332,-0.001547843674773028,0,0.0,0.0
2023-08-11,3.7144999504089355,-0.00973073255587642,37.418338775634766,-0.010805313357818647,0.0010745808019422265,0.0010745808019422265,0.008151952570665946,0.00495754637149588,1,1,0.0,10,11.186029890882768,109.0,-10.0,-404.880494594574,374.18338775634766,5.776997089385986,-7.10418701171875,Live,0.0,0.0,0.0,0.008151952570665946,779.0638823509216,-1.3271899223327637,-0.0017035700825044076,0,0.0,0.0
2023-08-12,3.7144999504089355,0.0,37.418338775634766,0.0,0.0,0.0,0.008614065851617479,0.005472087524850759,1,1,0.0,10,,109.0,-10.0,-404.880494594574,374.18338775634766,5.776997089385986,-7.10418701171875,Live,0.0,0.0,0.0,0.008614065851617479,779.0638823509216,-1.3271899223327637,-0.0017035700825044076,0,0.0,0.0
2023-08-13,3.7144999504089355,0.0,37.418338775634766,0.0,0.0,0.0,0.005591687240146928,0.00480692559324508,1,1,0.0,10,,109.0,-10.0,-404.880494594574,374.18338775634766,5.776997089385986,-7.10418701171875,Live,0.0,0.0,0.0,0.005591687240146928,779.0638823509216,-1.3271899223327637,-0.0017035700825044076,0,0.0,0.0
2023-08-14,3.7244999408721924,0.002692149844329972,36.85390090942383,-0.015084524986407888,0.01777667483073786,0.01777667483073786,0.0048744379355567455,0.006678046502638679,1,1,0.0,10,55.44315065911826,109.0,-10.0,-405.97049355506897,368.5390090942383,4.686998128890991,-12.748565673828125,Live,0.0,0.0,0.0,0.006678046502638679,774.5095026493073,-8.061567544937134,-0.010408610246048017,1,-8.061567544937134,0.0
2023-08-15,3.6614999771118164,-0.016915012689092124,35.55958938598633,-0.03512006847303739,0.018205055783945268,0.018205055783945268,0.008265856498375874,0.014433252876662904,1,1,0.0,10,20.16418752743122,109.0,-10.0,-399.103497505188,355.5958938598633,11.553994178771973,-25.691680908203125,Live,0.0,0.0,0.0,0.014433252876662904,754.6993913650513,-14.137686729431152,-0.01873287151306671,1,0.0,0.0
2023-08-16,3.6514999866485596,-0.002731118537694144,35.170318603515625,-0.010946998803763153,0.008215880266069009,0.008215880266069009,0.007799628782513907,0.014429963956649689,1,1,0.0,10,38.60641899204494,109.0,-10.0,-398.013498544693,351.70318603515625,12.643993139266968,-29.584388732910156,Live,0.0,0.0,0.0,0.014429963956649689,749.7166845798492,-16.94039559364319,-0.0225957297497478,1,0.0,0.0
2023-08-17,3.685499906539917,0.009311220050849167,35.257904052734375,0.0024903228829435964,0.006820897167905571,0.006820897167905571,0.009693306868715727,0.0149897605836992,1,1,0.0,10,2.5586398281419607,109.0,-10.0,-401.71948981285095,352.57904052734375,8.938001871109009,-28.708534240722656,Live,0.0,0.0,0.0,0.0149897605836992,754.2985303401947,-19.770532369613647,-0.026210487723868397,1,0.0,0.0
2023-08-18,3.6989998817443848,0.003662997028031967,35.0048828125,-0.007176298394139913,0.01083929542217188,0.01083929542217188,0.009972123580307713,0.013888689526366002,1,1,0.0,10,18.53993609923449,109.0,-10.0,-403.19098711013794,350.048828125,7.4665045738220215,-31.238746643066406,Live,0.0,0.0,0.0,0.013888689526366002,753.2398152351379,-23.772242069244385,-0.03155999137117232,1,0.0,0.0
2023-08-19,3.6989998817443848,0.0,35.0048828125,0.0,0.0,0.0,0.009808034221014799,0.014964814471080251,1,1,0.0,10,,109.0,-10.0,-403.19098711013794,350.048828125,7.4665045738220215,-31.238746643066406,Live,0.0,0.0,0.0,0.014964814471080251,753.2398152351379,-23.772242069244385,-0.03155999137117232,1,0.0,0.0
2023-08-20,3.6989998817443848,0.0,35.0048828125,0.0,0.0,0.0,0.0046527185866101824,0.005671414557369933,1,1,0.0,10,,109.0,-10.0,-403.19098711013794,350.048828125,7.4665045738220215,-31.238746643066406,Live,0.0,0.0,0.0,0.005671414557369933,753.2398152351379,-23.772242069244385,-0.03155999137117232,1,0.0,0.0
2023-08-21,3.7119998931884766,0.0035144665746680293,35.4914665222168,0.013900452468963653,-0.010385985894295624,0.010385985894295624,0.0038109219239510473,0.0076475850505880166,0,0,-1.0,10,37.816863830359026,109.0,-10.0,-404.60798835754395,354.91466522216797,6.049503326416016,-26.372909545898438,Closed,-404.60798835754395,354.91466522216797,-20.323406219482422,0.0076475850505880166,759.5226535797119,-20.323406219482422,-0.026758130417435244,1,0.0,0.0
2023-08-22,3.750499963760376,0.010371786551650164,35.773685455322266,0.007951740538216567,0.0024200460134335966,0.0024200460134335966,0.004235201961206534,0.00813750020786706,1,0,0.0,10,7.312790785944428,0.0,0.0,0.0,0.0,0.0,0.0,,0.0,0.0,0.0,0.00813750020786706,0.0,0.0,0.0,0,0.0,0.0
2023-08-23,3.803499937057495,0.014131442156842366,36.308929443359375,0.014961947063172332,-0.0008305049063299652,0.0008305049063299652,0.006376222220359507,0.007232849274772164,0,0,0.0,10,10.107218612691543,0.0,0.0,0.0,0.0,0.0,0.0,,0.0,0.0,0.0,0.007232849274772164,0.0,0.0,0.0,0,0.0,0.0
2023-08-24,3.7674999237060547,-0.009464970145179219,35.43307876586914,-0.02412218401692423,0.014657213871745012,0.014657213871745012,0.009224532872314863,0.016046613571125516,1,0,0.0,10,23.969171079856608,0.0,0.0,0.0,0.0,0.0,0.0,,0.0,0.0,0.0,0.016046613571125516,0.0,0.0,0.0,0,0.0,0.0
2023-08-25,3.759999990463257,-0.00199069234098892,35.452537536621094,0.0005491696298967064,-0.0025398619708856263,0.0025398619708856263,0.00946455781827007,0.016026762644921685,0,0,0.0,10,2.601128742571136,0.0,0.0,0.0,0.0,0.0,0.0,,0.0,0.0,0.0,0.016026762644921685,0.0,0.0,0.0,0,0.0,0.0
2023-08-26,3.759999990463257,0.0,35.452537536621094,0.0,0.0,0.0,0.009575650535154153,0.014740967100015687,1,0,0.0,10,,0.0,0.0,0.0,0.0,0.0,0.0,,0.0,0.0,0.0,0.014740967100015687,0.0,0.0,0.0,0,0.0,0.0
2023-08-27,3.759999990463257,0.0,35.452537536621094,0.0,0.0,0.0,0.008541285235674292,0.014064237562508687,1,0,0.0,10,,0.0,0.0,0.0,0.0,0.0,0.0,,0.0,0.0,0.0,0.014064237562508687,0.0,0.0,0.0,0,0.0,0.0
2023-08-28,3.753999948501587,-0.0015957558449171128,35.939125061035156,0.013725040807345268,-0.01532079665226238,0.01532079665226238,0.0039378626331932134,0.013703663538145668,0,1,1.0,10,82.34181549277983,824.0,-10.0,-3093.2959575653076,359.39125061035156,0.0,0.0,Opened,-3093.2959575653076,359.39125061035156,0.0,0.013703663538145668,3452.687208175659,0.0,0.0,0,0.0,3452.687208175659
2023-08-29,3.7929999828338623,0.01038892777498357,36.912288665771484,0.02707811064080201,-0.01668918286581844,0.01668918286581844,0.005127971512082591,0.012040551447222752,0,1,0.0,10,25.365052420597152,-824.0,10.0,3125.4319858551025,-369.12288665771484,32.13602828979492,-9.731636047363281,Live,0.0,0.0,0.0,0.012040551447222752,3494.5548725128174,22.40439224243164,0.006411229200794146,0,0.0,0.0
2023-08-30,3.7850000858306885,-0.0021091212864169373,36.902557373046875,-0.00026363287339681296,-0.0018454884130201243,0.0018454884130201243,0.005147556289878153,0.012175588384922376,0,1,0.0,10,1.2186768987713408,-824.0,10.0,3118.8400707244873,-369.02557373046875,25.544113159179688,-9.634323120117188,Live,0.0,0.0,0.0,0.012175588384922376,3487.865644454956,15.9097900390625,0.004561468720664755,0,0.0,0.0
2023-08-31,3.7725000381469727,-0.0033025224307154932,36.84416961669922,-0.0015822143640998876,-0.0017203080666156056,0.0017203080666156056,0.005557525470603715,0.012456317828239447,0,1,0.0,10,4.679064878517411,-824.0,10.0,3108.5400314331055,-368.4416961669922,15.244073867797852,-9.050445556640625,Live,0.0,0.0,0.0,0.012456317828239447,3476.9817276000977,6.193628311157227,0.0017813232269794609,0,0.0,0.0
2023-09-01,3.8125,0.010603038157336986,37.27236557006836,0.011621810392900445,-0.0010187722355634588,0.0010187722355634588,0.007055885892105447,0.011700329435718873,0,1,0.0,10,10.71570048527098,-824.0,10.0,3141.5,-372.7236557006836,48.20404243469238,-13.332405090332031,Live,0.0,0.0,0.0,0.011700329435718873,3514.2236557006836,34.87163734436035,0.009922998864284712,0,0.0,0.0
2023-09-02,3.8125,0.0,37.27236557006836,0.0,0.0,0.0,0.0068403215827209035,0.012239474112423071,1,0,-1.0,10,,-824.0,10.0,3141.5,-372.7236557006836,48.20404243469238,-13.332405090332031,Closed,3141.5,-372.7236557006836,34.87163734436035,0.012239474112423071,3514.2236557006836,34.87163734436035,0.009922998864284712,0,34.87163734436035,0.0
2023-09-03,3.8125,0.0,37.27236557006836,0.0,0.0,0.0,0.005531486010227822,0.005443470636258975,1,0,0.0,10,,0.0,0.0,0.0,0.0,0.0,0.0,,0.0,0.0,0.0,0.005531486010227822,0.0,0.0,0.0,0,0.0,0.0
2023-09-04,3.8125,0.0,37.27236557006836,0.0,0.0,0.0,0.005307343181771722,0.005417822012076902,1,0,0.0,10,,0.0,0.0,0.0,0.0,0.0,0.0,,0.0,0.0,0.0,0.005417822012076902,0.0,0.0,0.0,0,0.0,0.0
2023-09-05,3.811000108718872,-0.00039341410652538045,36.89282989501953,-0.010182763268280826,0.009789349161755445,0.009789349161755445,0.004788838799056005,0.007719147836079301,1,1,1.0,10,250.56403105089998,-2506.0,10.0,9550.366272449493,-368.9282989501953,0.0,0.0,Opened,9550.366272449493,-368.9282989501953,0.0,0.007719147836079301,9919.294571399689,0.0,0.0,0,0.0,9919.294571399689
2023-09-06,3.748500108718872,-0.016399894572821316,36.78578186035156,-0.0029015945638374285,-0.013498300008983888,0.013498300008983888,0.007292260852762079,0.004412137656934123,0,0,-1.0,10,1.736273497061479,2506.0,-10.0,-9393.741272449493,367.8578186035156,156.625,-1.0704803466796875,Closed,-9393.741272449493,367.8578186035156,155.5545196533203,0.007292260852762079,9761.599091053009,155.5545196533203,0.01593535221046865,0,155.5545196533203,0.0
2023-09-07,3.7260000705718994,-0.006002410962891114,35.99751663208008,-0.021428529948444353,0.015426118985553239,0.015426118985553239,0.007092448223723663,0.009124992191111191,1,1,1.0,10,34.490249336012475,-345.0,10.0,1285.4700243473053,-359.9751663208008,0.0,0.0,Opened,1285.4700243473053,-359.9751663208008,0.0,0.009124992191111191,1645.445190668106,0.0,0.0,0,0.0,1645.445190668106
2023-09-08,3.680500030517578,-0.01221149736782945,35.68609619140625,-0.008651164574955628,-0.0035603327928738215,0.0035603327928738215,0.0072311802880446596,0.008268999030945119,0,0,-1.0,10,6.8690688561126585,345.0,-10.0,-1269.7725105285645,356.8609619140625,15.697513818740845,-3.1142044067382812,Closed,-1269.7725105285645,356.8609619140625,12.583309412002563,0.008268999030945119,1626.633472442627,12.583309412002563,0.00773579889088775,0,12.583309412002563,0.0
2023-09-09,3.680500030517578,0.0,35.68609619140625,0.0,0.0,0.0,0.0072311802880446596,0.008268999030945119,1,0,0.0,10,,0.0,0.0,0.0,0.0,0.0,0.0,,0.0,0.0,0.0,0.008268999030945119,0.0,0.0,0.0,0,0.0,0.0
2023-09-10,3.680500030517578,0.0,35.68609619140625,0.0,0.0,0.0,0.007322620382119864,0.009012362471849923,1,0,0.0,10,,0.0,0.0,0.0,0.0,0.0,0.0,,0.0,0.0,0.0,0.009012362471849923,0.0,0.0,0.0,0,0.0,0.0
2023-09-11,3.7699999809265137,0.024317334510753907,36.69819641113281,0.028361191829390675,-0.004043857318636768,0.004043857318636768,0.013865713115566959,0.018287913330503048,0,0,0.0,10,11.353032498820681,0.0,0.0,0.0,0.0,0.0,0.0,,0.0,0.0,0.0,0.018287913330503048,0.0,0.0,0.0,0,0.0,0.0
2023-09-12,3.752000093460083,-0.004774505983420996,36.201881408691406,-0.013524234185275708,0.008749728201854712,0.008749728201854712,0.013715863532275973,0.016236162982719623,1,0,0.0,10,27.33081240893164,0.0,0.0,0.0,0.0,0.0,0.0,,0.0,0.0,0.0,0.016236162982719623,0.0,0.0,0.0,0,0.0,0.0
2023-09-13,3.75600004196167,0.001066084328878114,35.958587646484375,-0.006720472879860329,0.007786557208738443,0.007786557208738443,0.011514336097523453,0.015962858476984376,1,0,0.0,10,60.35111671433744,0.0,0.0,0.0,0.0,0.0,0.0,,0.0,0.0,0.0,0.015962858476984376,0.0,0.0,0.0,0,0.0,0.0
2023-09-14,3.7825000286102295,0.007055374428249328,37.11665725708008,0.03220564784081348,-0.02515027341256415,0.02515027341256415,0.011313498033557854,0.020883341119735603,0,1,1.0,10,44.79214801707794,448.0,-10.0,-1694.5600128173828,371.1665725708008,0.0,0.0,Opened,-1694.5600128173828,371.1665725708008,0.0,0.020883341119735603,2065.7265853881836,0.0,0.0,0,0.0,2065.7265853881836
2023-09-15,3.7634999752044678,-0.005023146929821087,37.27236557006836,0.004195106038504592,-0.00921825296832568,0.00921825296832568,0.012121790987510643,0.020560110823154846,0,1,0.0,10,8.27107770002788,-448.0,10.0,1686.0479888916016,-372.7236557006836,-8.51202392578125,-1.5570831298828125,Live,0.0,0.0,0.0,0.020560110823154846,2058.771644592285,-10.069107055664062,-0.004890832396158306,0,0.0,0.0
2023-09-16,3.7634999752044678,0.0,37.27236557006836,0.0,0.0,0.0,0.0049593555834798525,0.01754044443433155,1,0,-1.0,10,,-448.0,10.0,1686.0479888916016,-372.7236557006836,-8.51202392578125,-1.5570831298828125,Closed,1686.0479888916016,-372.7236557006836,-10.069107055664062,0.01754044443433155,2058.771644592285,-10.069107055664062,-0.004890832396158306,0,-10.069107055664062,0.0
2023-09-17,3.7634999752044678,0.0,37.27236557006836,0.0,0.0,0.0,0.004307752951417984,0.015196904349310463,1,0,0.0,10,,0.0,0.0,0.0,0.0,0.0,0.0,,0.0,0.0,0.0,0.015196904349310463,0.0,0.0,0.0,0,0.0,0.0
2023-09-18,3.741499900817871,-0.005845642229717729,36.902557373046875,-0.009921779617831916,0.004076137388114187,0.004076137388114187,0.00515445002150238,0.01591396527203007,1,0,0.0,10,16.74048633026327,0.0,0.0,0.0,0.0,0.0,0.0,,0.0,0.0,0.0,0.01591396527203007,0.0,0.0,0.0,0,0.0,0.0
2023-09-19,3.7139999866485596,-0.0073499705728443665,36.51329040527344,-0.01054850924932782,0.0031985386764834534,0.0031985386764834534,0.003429320790654082,0.00660180576851958,1,0,0.0,10,14.109595427500649,0.0,0.0,0.0,0.0,0.0,0.0,,0.0,0.0,0.0,0.00660180576851958,0.0,0.0,0.0,0,0.0,0.0
2023-09-20,3.746500015258789,0.008750680863506721,36.396514892578125,-0.0031981645970324823,0.011948845460539204,0.011948845460539204,0.0063406729155097395,0.005193791415727799,1,1,1.0,10,3.5505286999716787,-36.0,10.0,134.8740005493164,-363.96514892578125,0.0,0.0,Opened,134.8740005493164,-363.96514892578125,0.0,0.0063406729155097395,498.83914947509766,0.0,0.0,0,0.0,498.83914947509766
2023-09-21,3.6665000915527344,-0.021353242594482902,35.520660400390625,-0.02406424062228285,0.002710998027799949,0.002710998027799949,0.011041057733758358,0.009264808075915574,1,1,0.0,10,10.917863463623783,36.0,-10.0,-131.99400329589844,355.20660400390625,2.8799972534179688,-8.758544921875,Live,0.0,0.0,0.0,0.011041057733758358,487.2006072998047,-5.878547668457031,-0.012065969500813034,1,-5.878547668457031,0.0
2023-09-22,3.6654999256134033,-0.0002727849214119171,35.47200393676758,-0.001369807404327239,0.001097022482915322,0.001097022482915322,0.011009818477231356,0.008926000412823556,1,1,0.0,10,48.595008000919506,36.0,-10.0,-131.95799732208252,354.7200393676758,2.9160032272338867,-9.245109558105469,Live,0.0,0.0,0.0,0.011009818477231356,486.6780366897583,-6.329106330871582,-0.013004709178824491,1,0.0,0.0
2023-09-23,3.6654999256134033,0.0,35.47200393676758,0.0,0.0,0.0,0.011234090667879565,0.009942805941075154,1,1,0.0,10,,36.0,-10.0,-131.95799732208252,354.7200393676758,2.9160032272338867,-9.245109558105469,Live,0.0,0.0,0.0,0.011234090667879565,486.6780366897583,-6.329106330871582,-0.013004709178824491,1,0.0,0.0
2023-09-24,3.6654999256134033,0.0,35.47200393676758,0.0,0.0,0.0,0.011174243667954682,0.01033479058685613,1,1,0.0,10,,36.0,-10.0,-131.95799732208252,354.7200393676758,2.9160032272338867,-9.245109558105469,Live,0.0,0.0,0.0,0.011174243667954682,486.6780366897583,-6.329106330871582,-0.013004709178824491,1,0.0,0.0
2023-09-25,3.6494998931884766,-0.004365034169861337,35.345489501953125,-0.0035665995933011896,-0.0007984345765601475,0.0007984345765601475,0.009219298328854694,0.010313548967694715,0,0,-1.0,10,7.913477161262694,36.0,-10.0,-131.38199615478516,353.45489501953125,3.49200439453125,-10.51025390625,Closed,-131.38199615478516,353.45489501953125,-7.01824951171875,0.010313548967694715,484.8368911743164,-7.01824951171875,-0.01447548575505455,1,0.0,0.0
2023-09-26,3.625,-0.006713219319228858,34.64480972290039,-0.019823739575427712,0.013110520256198854,0.013110520256198854,0.003099436801506746,0.008440448508142299,1,1,1.0,10,28.221813499752653,-283.0,10.0,1025.875,-346.4480972290039,0.0,0.0,Opened,1025.875,-346.4480972290039,0.0,0.008440448508142299,1372.323097229004,0.0,0.0,0,0.0,1372.323097229004
2023-09-27,3.627000093460083,0.000551749920022937,34.45017623901367,-0.0056179694864384455,0.0061697194064613825,0.0061697194064613825,0.0032505310884705743,0.00820009863290014,1,1,0.0,10,96.71213668719463,283.0,-10.0,-1026.4410264492035,344.5017623901367,-0.5660264492034912,-1.9463348388671875,Live,0.0,0.0,0.0,0.00820009863290014,1370.9427888393402,-2.5123612880706787,-0.0018325792356351208,0,0.0,0.0
2023-09-28,3.694499969482422,0.018610387174803122,35.180049896240234,0.021186354814638264,-0.0025759676398351417,0.0025759676398351417,0.009971232883553453,0.014780797530232665,0,0,-1.0,10,10.84030787288746,283.0,-10.0,-1045.5434913635254,351.80049896240234,-19.66849136352539,5.3524017333984375,Closed,-1045.5434913635254,351.80049896240234,-14.316089630126953,0.014780797530232665,1397.3439903259277,-14.316089630126953,-0.010245215014513179,0,-14.316089630126953,0.0
2023-09-29,3.7260000705718994,0.008526215008709315,35.43307876586914,0.007192396553591829,0.0013338184551174859,0.0013338184551174859,0.010347572697025,0.015311562580319935,1,0,0.0,10,8.022013248759055,0.0,0.0,0.0,0.0,0.0,0.0,,0.0,0.0,0.0,0.015311562580319935,0.0,0.0,0.0,0,0.0,0.0
2023-09-30,3.7260000705718994,0.0,35.43307876586914,0.0,0.0,0.0,0.00970081640519591,0.015193824295736999,1,0,0.0,10,,0.0,0.0,0.0,0.0,0.0,0.0,,0.0,0.0,0.0,0.015193824295736999,0.0,0.0,0.0,0,0.0,0.0
2023-10-01,3.7260000705718994,0.0,35.43307876586914,0.0,0.0,0.0,0.008155033916287417,0.010350641783149362,1,0,0.0,10,,0.0,0.0,0.0,0.0,0.0,0.0,,0.0,0.0,0.0,0.010350641783149362,0.0,0.0,0.0,0,0.0,0.0
2023-10-02,3.631999969482422,-0.025228153330402292,34.18741989135742,-0.03515525373176431,0.009927100401362021,0.009927100401362021,0.01623864324865319,0.020780398616268077,1,0,0.0,10,13.116720510749948,0.0,0.0,0.0,0.0,0.0,0.0,,0.0,0.0,0.0,0.020780398616268077,0.0,0.0,0.0,0,0.0,0.0
2023-10-03,3.615499973297119,-0.004542950529719869,33.438079833984375,-0.02191859051529299,0.01737563998557312,0.01737563998557312,0.012644419736495776,0.01782144269206858,1,0,0.0,10,44.62185116203049,0.0,0.0,0.0,0.0,0.0,0.0,,0.0,0.0,0.0,0.01782144269206858,0.0,0.0,0.0,0,0.0,0.0
2023-10-04,3.5840001106262207,-0.008712449980236792,33.087738037109375,-0.01047732999665052,0.001764880016413728,0.001764880016413728,0.010449977528673687,0.015111739564323505,1,0,0.0,10,11.102208760091834,0.0,0.0,0.0,0.0,0.0,0.0,,0.0,0.0,0.0,0.015111739564323505,0.0,0.0,0.0,0,0.0,0.0
2023-10-05,3.546999931335449,-0.010323710420953813,33.13639450073242,0.0014705285555778325,-0.011794238976531646,0.011794238976531646,0.009528301167533596,0.015450914425214872,0,0,0.0,10,1.3307047898847502,0.0,0.0,0.0,0.0,0.0,0.0,,0.0,0.0,0.0,0.015450914425214872,0.0,0.0,0.0,0,0.0,0.0
2023-10-06,3.624500036239624,0.02184948023807709,34.19715118408203,0.03201183168332222,-0.010162351445245132,0.010162351445245132,0.017114608265141863,0.025597235804847192,0,0,0.0,10,13.823284116539664,0.0,0.0,0.0,0.0,0.0,0.0,,0.0,0.0,0.0,0.025597235804847192,0.0,0.0,0.0,0,0.0,0.0
2023-10-07,3.624500036239624,0.0,34.19715118408203,0.0,0.0,0.0,0.01303769192799022,0.020105240645997335,1,0,0.0,10,,0.0,0.0,0.0,0.0,0.0,0.0,,0.0,0.0,0.0,0.020105240645997335,0.0,0.0,0.0,0,0.0,0.0
2023-10-08,3.624500036239624,0.0,34.19715118408203,0.0,0.0,0.0,0.012828704284601753,0.01605341071644482,1,0,0.0,10,,0.0,0.0,0.0,0.0,0.0,0.0,,0.0,0.0,0.0,0.01605341071644482,0.0,0.0,0.0,0,0.0,0.0
2023-10-09,3.6424999237060547,0.004966171137110953,34.32366180419922,0.003699449098440555,0.0012667220386703981,0.0012667220386703981,0.011771202317576964,0.01382125497618067,1,0,0.0,10,7.019552676491134,0.0,0.0,0.0,0.0,0.0,0.0,,0.0,0.0,0.0,0.01382125497618067,0.0,0.0,0.0,0,0.0,0.0
2023-10-10,3.631999969482422,-0.002882623045589394,34.9659538269043,0.01871280594620295,-0.021595428991792343,0.021595428991792343,0.00994753975934609,0.014108651197925677,0,1,1.0,10,62.49576709746319,625.0,-10.0,-2269.9999809265137,349.65953826904297,0.0,0.0,Opened,-2269.9999809265137,349.65953826904297,0.0,0.014108651197925677,2619.6595191955566,0.0,0.0,0,0.0,2619.6595191955566
2023-10-11,3.614000082015991,-0.004955916194293253,34.77132034301758,-0.0055663713579853225,0.0006104551636920696,0.0006104551636920696,0.0037377592554675328,0.009193513483297699,1,0,-1.0,10,10.806405176932115,-625.0,10.0,2258.7500512599945,-347.7132034301758,-11.249929666519165,1.9463348388671875,Closed,2258.7500512599945,-347.7132034301758,-9.303594827651978,0.009193513483297699,2606.4632546901703,-9.303594827651978,-0.0035694325676415084,0,-9.303594827651978,0.0
2023-10-12,3.5940001010894775,-0.005534028907757227,33.92466354370117,-0.0243492853007643,0.018815256393007074,0.018815256393007074,0.004301902210739563,0.015624236042193313,1,1,1.0,10,41.53194393498956,-416.0,10.0,1495.1040420532227,-339.2466354370117,0.0,0.0,Opened,1495.1040420532227,-339.2466354370117,0.0,0.015624236042193313,1834.3506774902344,0.0,0.0,0,0.0,1834.3506774902344
2023-10-13,3.5799999237060547,-0.003895430436737901,33.82734298706055,-0.002868725772777636,-0.001026704663960265,0.001026704663960265,0.004273942537101673,0.015608015545054517,0,0,-1.0,10,6.958545180782255,416.0,-10.0,-1489.2799682617188,338.27342987060547,5.824073791503906,-0.97320556640625,Closed,-1489.2799682617188,338.27342987060547,4.850868225097656,0.015608015545054517,1827.5533981323242,4.850868225097656,0.0026542963013037107,0,4.850868225097656,0.0
2023-10-14,3.5799999237060547,0.0,33.82734298706055,0.0,0.0,0.0,0.0021813825985579362,0.015351457795077503,1,0,0.0,10,,0.0,0.0,0.0,0.0,0.0,0.0,,0.0,0.0,0.0,0.015351457795077503,0.0,0.0,0.0,0,0.0,0.0
2023-10-15,3.5799999237060547,0.0,33.82734298706055,0.0,0.0,0.0,0.0026913358061482545,0.010211985923769595,1,0,0.0,10,,0.0,0.0,0.0,0.0,0.0,0.0,,0.0,0.0,0.0,0.010211985923769595,0.0,0.0,0.0,0,0.0,0.0
2023-10-16,3.5869998931884766,0.0019552987797764043,34.45017623901367,0.018412124540534203,-0.0164568257607578,0.0164568257607578,0.003100420629854698,0.015203740368632177,0,1,1.0,10,90.43798111170565,905.0,-10.0,-3246.2349033355713,344.5017623901367,0.0,0.0,Opened,-3246.2349033355713,344.5017623901367,0.0,0.015203740368632177,3590.736665725708,0.0,0.0,0,0.0,3590.736665725708
2023-10-17,3.575500011444092,-0.003205988872824417,34.44044494628906,-0.0002824743959826126,-0.002923514476841804,0.002923514476841804,0.0024484395518839215,0.008670878659393672,0,1,0.0,10,0.8486899273474209,-905.0,10.0,3235.827510356903,-344.4044494628906,-10.407392978668213,0.09731292724609375,Live,0.0,0.0,0.0,0.008670878659393672,3580.2319598197937,-10.31008005142212,-0.0028797240422212935,0,0.0,0.0
2023-10-18,3.5820000171661377,0.0018179291571085443,33.56459426879883,-0.025430875787352702,0.027248804944461247,0.027248804944461247,0.002082190694915868,0.015613727822135059,1,0,-1.0,10,131.0811309112299,-905.0,10.0,3241.7100155353546,-335.6459426879883,-4.524887800216675,8.855819702148438,Closed,3241.7100155353546,-335.6459426879883,4.330931901931763,0.015613727822135059,3577.355958223343,4.330931901931763,0.0012106516523680455,0,4.330931901931763,0.0
2023-10-19,3.5915000438690186,0.002652157079104933,33.28237533569336,-0.008408233117473296,0.01106039019657823,0.01106039019657823,0.0023647124168731785,0.015867864777923797,1,0,0.0,10,29.37946881576078,0.0,0.0,0.0,0.0,0.0,0.0,,0.0,0.0,0.0,0.015867864777923797,0.0,0.0,0.0,0,0.0,0.0
2023-10-20,3.5420000553131104,-0.013782538758535967,32.513572692871094,-0.023099392247937667,0.0093168534894017,0.0093168534894017,0.006929695877370769,0.01795042122248536,1,0,0.0,10,15.384644359210442,0.0,0.0,0.0,0.0,0.0,0.0,,0.0,0.0,0.0,0.01795042122248536,0.0,0.0,0.0,0,0.0,0.0
2023-10-21,3.5420000553131104,0.0,32.513572692871094,0.0,0.0,0.0,0.006693901476026304,0.012209028758750072,1,0,0.0,10,,0.0,0.0,0.0,0.0,0.0,0.0,,0.0,0.0,0.0,0.012209028758750072,0.0,0.0,0.0,0,0.0,0.0
2023-10-22,3.5420000553131104,0.0,32.513572692871094,0.0,0.0,0.0,0.006763002732273547,0.012274069893366152,1,0,0.0,10,,0.0,0.0,0.0,0.0,0.0,0.0,,0.0,0.0,0.0,0.012274069893366152,0.0,0.0,0.0,0,0.0,0.0
2023-10-23,3.572999954223633,0.008752088770868749,32.37732696533203,-0.004190426220645249,0.012942514991513998,0.012942514991513998,0.008253182934846679,0.009578227926975429,1,1,1.0,10,4.3386484826962395,-44.0,10.0,157.21199798583984,-323.7732696533203,0.0,0.0,Opened,157.21199798583984,-323.7732696533203,0.0,0.009578227926975429,480.98526763916016,0.0,0.0,0,0.0,480.98526763916016
2023-10-24,3.609999895095825,0.010355427188980082,32.737396240234375,0.011121031556678096,-0.000765604367698014,0.000765604367698014,0.009593242782175928,0.012475305637326628,0,0,-1.0,10,9.738991781857038,44.0,-10.0,-158.8399953842163,327.37396240234375,-1.6279973983764648,3.6006927490234375,Closed,-158.8399953842163,327.37396240234375,1.9726953506469727,0.012475305637326628,486.21395778656006,1.9726953506469727,0.004057257754646677,0,1.9726953506469727,0.0
2023-10-25,3.572000026702881,-0.010526279639112235,32.280006408691406,-0.013971478616886301,0.0034451989777740666,0.0034451989777740666,0.008365240131068553,0.009034993777335888,1,0,0.0,10,11.99470651026698,0.0,0.0,0.0,0.0,0.0,0.0,,0.0,0.0,0.0,0.009034993777335888,0.0,0.0,0.0,0,0.0,0.0
2023-10-26,3.56850004196167,-0.000979838945981637,32.44544982910156,0.005125259837792662,-0.006105098783774299,0.006105098783774299,0.008426748025046513,0.009512801939618577,0,0,0.0,10,47.5586243363912,0.0,0.0,0.0,0.0,0.0,0.0,,0.0,0.0,0.0,0.009512801939618577,0.0,0.0,0.0,0,0.0,0.0
2023-10-27,3.634000062942505,0.018355056805555936,32.81525421142578,0.011397727085679987,0.006957329719875949,0.006957329719875949,0.01115523627195494,0.010893043707288908,1,0,0.0,10,5.607294462514713,0.0,0.0,0.0,0.0,0.0,0.0,,0.0,0.0,0.0,0.01115523627195494,0.0,0.0,0.0,0,0.0,0.0
2023-10-28,3.634000062942505,0.0,32.81525421142578,0.0,0.0,0.0,0.011143468851461648,0.010460262418896967,1,0,0.0,10,,0.0,0.0,0.0,0.0,0.0,0.0,,0.0,0.0,0.0,0.011143468851461648,0.0,0.0,0.0,0,0.0,0.0
2023-10-29,3.634000062942505,0.0,32.81525421142578,0.0,0.0,0.0,0.010479613146324831,0.009355167648670403,1,0,0.0,10,,0.0,0.0,0.0,0.0,0.0,0.0,,0.0,0.0,0.0,0.010479613146324831,0.0,0.0,0.0,0,0.0,0.0
2023-10-30,3.6494998931884766,0.00426522564048093,32.43571853637695,-0.01156583071407924,0.01583105635456017,0.01583105635456017,0.008099360861877443,0.008441419188951513,1,1,1.0,10,24.10044090909095,-242.0,10.0,883.1789741516113,-324.35718536376953,0.0,0.0,Opened,883.1789741516113,-324.35718536376953,0.0,0.008441419188951513,1207.5361595153809,0.0,0.0,0,0.0,1207.5361595153809
2023-10-31,3.6414999961853027,-0.0021920529489821705,31.968591690063477,-0.014401618567185137,0.012209565618202967,0.012209565618202967,0.008313285213344915,0.010351665073911536,1,1,0.0,10,57.67710516686092,242.0,-10.0,-881.2429990768433,319.68591690063477,1.9359750747680664,-4.671268463134766,Live,0.0,0.0,0.0,0.010351665073911536,1200.928915977478,-2.735293388366699,-0.002277648037261513,0,0.0,0.0
2023-11-01,3.6449999809265137,0.0009611381971377231,31.783693313598633,-0.005783751072222398,0.0067448892693601215,0.0067448892693601215,0.0023494480211092516,0.0065764559062879415,1,1,0.0,10,52.47235873056907,242.0,-10.0,-882.0899953842163,317.8369331359863,1.0889787673950195,-6.520252227783203,Live,0.0,0.0,0.0,0.0065764559062879415,1199.9269285202026,-5.431273460388184,-0.004526336838765878,0,0.0,0.0
2023-11-02,3.6670000553131104,0.006035685734353535,32.68873977661133,0.02847518235476665,-0.022439496620413113,0.022439496620413113,0.00331276195436017,0.017199683029626434,0,0,-1.0,10,42.05592180036228,242.0,-10.0,-887.4140133857727,326.8873977661133,-4.235039234161377,2.53021240234375,Closed,-887.4140133857727,326.8873977661133,-1.704826831817627,0.017199683029626434,1214.301411151886,-1.704826831817627,-0.001403956889254068,0,-1.704826831817627,0.0
2023-11-03,3.674499988555908,0.0020452503762391494,33.12666320800781,0.013396767033210022,-0.011351516656970873,0.011351516656970873,0.0031553066706727037,0.018333373249366465,0,0,0.0,10,59.051776302870714,0.0,0.0,0.0,0.0,0.0,0.0,,0.0,0.0,0.0,0.018333373249366465,0.0,0.0,0.0,0,0.0,0.0
2023-11-04,3.674499988555908,0.0,33.12666320800781,0.0,0.0,0.0,0.003039608347610922,0.01686050282955124,1,0,0.0,10,,0.0,0.0,0.0,0.0,0.0,0.0,,0.0,0.0,0.0,0.01686050282955124,0.0,0.0,0.0,0,0.0,0.0
2023-11-05,3.674499988555908,0.0,33.12666320800781,0.0,0.0,0.0,0.0025092088624743976,0.013813847599504082,1,0,0.0,10,,0.0,0.0,0.0,0.0,0.0,0.0,,0.0,0.0,0.0,0.013813847599504082,0.0,0.0,0.0,0,0.0,0.0
2023-11-06,3.7095000743865967,0.009525128844657837,32.88337707519531,-0.007344118279733358,0.016869247124391196,0.016869247124391196,0.004163710071889587,0.01419340715066458,1,1,1.0,10,6.83486328793117,-69.0,10.0,255.95550513267517,-328.8337707519531,0.0,0.0,Opened,255.95550513267517,-328.8337707519531,0.0,0.01419340715066458,584.7892758846283,0.0,0.0,0,0.0,584.7892758846283
2023-11-07,3.6700000762939453,-0.010648334627458733,31.939401626586914,-0.02870676714407361,0.018058432516614875,0.018058432516614875,0.007213323188737628,0.015450292101622467,1,1,0.0,10,23.461906420154715,69.0,-10.0,-253.23000526428223,319.39401626586914,2.7254998683929443,-9.439754486083984,Live,0.0,0.0,0.0,0.015450292101622467,572.6240215301514,-6.71425461769104,-0.011725415569799847,0,0.0,0.0
2023-11-08,3.628000020980835,-0.011444156523158222,31.083011627197266,-0.02681296316699855,0.015368806643840327,0.015368806643840327,0.008710569862333465,0.014200148371020968,1,1,0.0,10,20.073210204124788,69.0,-10.0,-250.3320014476776,310.83011627197266,5.623503684997559,-18.00365447998047,Live,0.0,0.0,0.0,0.014200148371020968,561.1621177196503,-12.38015079498291,-0.02206162961479143,1,-12.38015079498291,0.0
2023-11-09,3.634999990463257,0.00192942928388673,31.190059661865234,0.003443940244654442,-0.001514510960767712,0.001514510960767712,0.008890632738131135,0.01502219333021425,0,0,-1.0,10,15.315759326074772,69.0,-10.0,-250.81499934196472,311.90059661865234,5.140505790710449,-16.93317413330078,Closed,-250.81499934196472,311.90059661865234,-11.792668342590332,0.01502219333021425,562.7155959606171,-11.792668342590332,-0.02095671139602761,1,0.0,0.0
2023-11-10,3.5834999084472656,-0.014167835529877881,31.23871612548828,0.0015599990558061716,-0.015727834585684053,0.015727834585684053,0.010203784330394552,0.015343484348503285,0,1,1.0,10,0.9598571576045384,10.0,-10.0,-35.834999084472656,312.3871612548828,0.0,0.0,Opened,-35.834999084472656,312.3871612548828,0.0,0.015343484348503285,348.22216033935547,0.0,0.0,0,0.0,348.22216033935547
2023-11-11,3.5834999084472656,0.0,31.23871612548828,0.0,0.0,0.0,0.007298696914805879,0.01617821657998943,1,0,-1.0,10,,-10.0,10.0,35.834999084472656,-312.3871612548828,0.0,0.0,Closed,35.834999084472656,-312.3871612548828,0.0,0.01617821657998943,348.22216033935547,0.0,0.0,0,0.0,0.0
2023-11-12,3.5834999084472656,0.0,31.23871612548828,0.0,0.0,0.0,0.007470713212719336,0.01263034650015024,1,0,0.0,10,,0.0,0.0,0.0,0.0,0.0,0.0,,0.0,0.0,0.0,0.01263034650015024,0.0,0.0,0.0,0,0.0,0.0
2023-11-13,3.6624999046325684,0.022045485755163075,31.404155731201172,0.00529597967625528,0.016749506078907794,0.016749506078907794,0.012953937060257445,0.002298045691929443,1,1,1.0,10,2.059852568942986,-21.0,10.0,76.91249799728394,-314.0415573120117,0.0,0.0,Opened,76.91249799728394,-314.0415573120117,0.0,0.012953937060257445,390.95405530929565,0.0,0.0,0,0.0,390.95405530929565
2023-11-14,3.682499885559082,0.005460745787656318,32.66927719116211,0.04028516068986354,-0.034824414902207224,0.034824414902207224,0.013047683594230098,0.017384747369418897,0,0,-1.0,10,65.44702724104309,21.0,-10.0,-77.33249759674072,326.6927719116211,-0.4199995994567871,12.651214599609375,Closed,-77.33249759674072,326.6927719116211,12.231215000152588,0.017384747369418897,404.0252695083618,12.231215000152588,0.030273391105056727,0,12.231215000152588,0.0
2023-11-15,3.7174999713897705,0.009504436366160274,33.19478988647461,0.01608583784200368,-0.006581401475843407,0.006581401475843407,0.009113171642780842,0.016949428540178387,0,0,0.0,10,15.112498445015813,0.0,0.0,0.0,0.0,0.0,0.0,,0.0,0.0,0.0,0.016949428540178387,0.0,0.0,0.0,0,0.0,0.0
2023-11-16,3.7044999599456787,-0.0034969768780473975,32.68873977661133,-0.015244865582639933,0.011747888704592535,0.011747888704592535,0.009921603289780527,0.02068271724247582,1,0,0.0,10,38.46798359291369,0.0,0.0,0.0,0.0,0.0,0.0,,0.0,0.0,0.0,0.02068271724247582,0.0,0.0,0.0,0,0.0,0.0
2023-11-17,3.737499952316284,0.00890808279859967,33.12666320800781,0.013396767033210022,-0.004488684234610352,0.004488684234610352,0.009189925255958397,0.020036936969440332,0,0,0.0,10,13.32945082075748,0.0,0.0,0.0,0.0,0.0,0.0,,0.0,0.0,0.0,0.020036936969440332,0.0,0.0,0.0,0,0.0,0.0
2023-11-18,3.737499952316284,0.0,33.12666320800781,0.0,0.0,0.0,0.0056722618612456855,0.020609332351893682,1,0,0.0,10,,0.0,0.0,0.0,0.0,0.0,0.0,,0.0,0.0,0.0,0.020609332351893682,0.0,0.0,0.0,0,0.0,0.0
2023-11-19,3.737499952316284,0.0,33.12666320800781,0.0,0.0,0.0,0.005861365385500095,0.012550805040130186,1,0,0.0,10,,0.0,0.0,0.0,0.0,0.0,0.0,,0.0,0.0,0.0,0.012550805040130186,0.0,0.0,0.0,0,0.0,0.0
2023-11-20,3.8125,0.02006690264630917,33.593788146972656,0.014101176929040227,0.005965725717268944,0.005965725717268944,0.009545124202205851,0.012048805940876182,1,0,0.0,10,6.191903007805629,0.0,0.0,0.0,0.0,0.0,0.0,,0.0,0.0,0.0,0.012048805940876182,0.0,0.0,0.0,0,0.0,0.0
2023-11-21,3.814500093460083,0.0005246146780546468,33.720298767089844,0.003765893252755559,-0.003241278574700912,0.003241278574700912,0.008778730831399252,0.007018066083973254,0,0,0.0,10,63.45726527482794,0.0,0.0,0.0,0.0,0.0,0.0,,0.0,0.0,0.0,0.008778730831399252,0.0,0.0,0.0,0,0.0,0.0
2023-11-22,3.7664999961853027,-0.012583587914200334,33.51593017578125,-0.006060699305192707,-0.006522888609007627,0.006522888609007627,0.011709793982855318,0.00744780404193105,0,0,0.0,10,4.285796595648285,0.0,0.0,0.0,0.0,0.0,0.0,,0.0,0.0,0.0,0.011709793982855318,0.0,0.0,0.0,0,0.0,0.0
2023-11-23,3.7790000438690186,0.003318743580612127,33.51593017578125,0.0,0.003318743580612127,0.003318743580612127,0.011690357585603954,0.00744780404193105,1,0,0.0,10,0.0,0.0,0.0,0.0,0.0,0.0,0.0,,0.0,0.0,0.0,0.011690357585603954,0.0,0.0,0.0,0,0.0,0.0
2023-11-24,3.7964999675750732,0.004630834480789714,33.56459426879883,0.0014519690416572306,0.0031788654391324833,0.0031788654391324833,0.011649385876223294,0.007360514884563144,1,0,0.0,10,2.772018341406935,0.0,0.0,0.0,0.0,0.0,0.0,,0.0,0.0,0.0,0.011649385876223294,0.0,0.0,0.0,0,0.0,0.0
2023-11-25,3.7964999675750732,0.0,33.56459426879883,0.0,0.0,0.0,0.006850240261420116,0.0036359375445572453,1,0,0.0,10,,0.0,0.0,0.0,0.0,0.0,0.0,,0.0,0.0,0.0,0.006850240261420116,0.0,0.0,0.0,0,0.0,0.0
2023-11-26,3.7964999675750732,0.0,33.56459426879883,0.0,0.0,0.0,0.006828443495291755,0.0029407571830005067,1,0,0.0,10,,0.0,0.0,0.0,0.0,0.0,0.0,,0.0,0.0,0.0,0.006828443495291755,0.0,0.0,0.0,0,0.0,0.0
2023-11-27,3.762500047683716,-0.008955595991503196,33.05854415893555,-0.015076902339728249,0.006121306348225053,0.006121306348225053,0.005302333733607731,0.006933495452948752,1,0,0.0,10,14.791929845491216,0.0,0.0,0.0,0.0,0.0,0.0,,0.0,0.0,0.0,0.006933495452948752,0.0,0.0,0.0,0,0.0,0.0
2023-11-28,3.8010001182556152,0.010232576766504131,33.768959045410156,0.021489599876484133,-0.011257023109980002,0.011257023109980002,0.007059966335163899,0.013027408654765996,0,0,0.0,10,18.657914906231337,0.0,0.0,0.0,0.0,0.0,0.0,,0.0,0.0,0.0,0.013027408654765996,0.0,0.0,0.0,0,0.0,0.0
2023-11-29,3.7860000133514404,-0.003946357389501665,33.47700881958008,-0.008645520444899857,0.004699163055398192,0.004699163055398192,0.00705437717288167,0.013809994670060817,1,0,0.0,10,19.371389095417257,0.0,0.0,0.0,0.0,0.0,0.0,,0.0,0.0,0.0,0.013809994670060817,0.0,0.0,0.0,0,0.0,0.0
2023-11-30,3.8289999961853027,0.0113576288119972,33.457542419433594,-0.0005814856474004593,0.01193911445939766,0.01193911445939766,0.008865391283986748,0.013807742119959636,1,0,0.0,10,0.44736293598942317,0.0,0.0,0.0,0.0,0.0,0.0,,0.0,0.0,0.0,0.013807742119959636,0.0,0.0,0.0,0,0.0,0.0
2023-12-01,3.9089999198913574,0.02089316369437344,34.91729736328125,0.043630070778891694,-0.022736907084518254,0.022736907084518254,0.01215514347558825,0.024158832873976594,0,0,0.0,10,18.653342759264877,0.0,0.0,0.0,0.0,0.0,0.0,,0.0,0.0,0.0,0.024158832873976594,0.0,0.0,0.0,0,0.0,0.0
2023-12-02,3.9089999198913574,0.0,34.91729736328125,0.0,0.0,0.0,0.009858741404702994,0.02130534638272572,1,0,0.0,10,,0.0,0.0,0.0,0.0,0.0,0.0,,0.0,0.0,0.0,0.02130534638272572,0.0,0.0,0.0,0,0.0,0.0
2023-12-03,3.9089999198913574,0.0,34.91729736328125,0.0,0.0,0.0,0.01025750394320738,0.02086834956055728,1,0,0.0,10,,0.0,0.0,0.0,0.0,0.0,0.0,,0.0,0.0,0.0,0.02086834956055728,0.0,0.0,0.0,0,0.0,0.0
2023-12-04,3.820499897003174,-0.022640067716001244,34.14849090576172,-0.022017925657900506,-0.0006221420581007386,0.0006221420581007386,0.01627589844967761,0.02398047395500779,0,0,0.0,10,8.69260615975785,0.0,0.0,0.0,0.0,0.0,0.0,,0.0,0.0,0.0,0.02398047395500779,0.0,0.0,0.0,0,0.0,0.0
2023-12-05,3.7725000381469727,-0.012563763944569817,33.40888977050781,-0.021658384181454937,0.00909462023688512,0.00909462023688512,0.016324721102304703,0.026727594842172363,1,0,0.0,10,15.266485719157563,0.0,0.0,0.0,0.0,0.0,0.0,,0.0,0.0,0.0,0.026727594842172363,0.0,0.0,0.0,0,0.0,0.0
2023-12-06,3.7165000438690186,-0.01484426606009015,33.47700881958008,0.0020389497986970095,-0.01688321585878716,0.01688321585878716,0.009871811490443017,0.012362220893500874,0,1,1.0,10,1.2372581057970358,13.0,-10.0,-48.31450057029724,334.7700881958008,0.0,0.0,Opened,-48.31450057029724,334.7700881958008,0.0,0.012362220893500874,383.084588766098,0.0,0.0,0,0.0,383.084588766098
2023-12-07,3.7844998836517334,0.018296741283480467,33.885738372802734,0.012209261449416031,0.006087479834064435,0.006087479834064435,0.015999328735740604,0.015279851436703686,1,0,-1.0,10,5.974810063445112,-13.0,10.0,49.198498487472534,-338.85738372802734,0.883997917175293,-4.0872955322265625,Closed,49.198498487472534,-338.85738372802734,-3.2032976150512695,0.015999328735740604,388.0558822154999,-3.2032976150512695,-0.008254732789419168,0,-3.2032976150512695,0.0
2023-12-08,3.819999933242798,0.009380380679734568,34.3723258972168,0.014359655352961243,-0.004979274673226675,0.004979274673226675,0.017417256080723854,0.017803694438099697,0,0,0.0,10,13.774286709735458,0.0,0.0,0.0,0.0,0.0,0.0,,0.0,0.0,0.0,0.017803694438099697,0.0,0.0,0.0,0,0.0,0.0
2023-12-09,3.819999933242798,0.0,34.3723258972168,0.0,0.0,0.0,0.014150514129463132,0.014307774350409964,1,0,0.0,10,,0.0,0.0,0.0,0.0,0.0,0.0,,0.0,0.0,0.0,0.014307774350409964,0.0,0.0,0.0,0,0.0,0.0
2023-12-10,3.819999933242798,0.0,34.3723258972168,0.0,0.0,0.0,0.012350891466084831,0.006995374846722805,1,0,0.0,10,,0.0,0.0,0.0,0.0,0.0,0.0,,0.0,0.0,0.0,0.012350891466084831,0.0,0.0,0.0,0,0.0,0.0
2023-12-11,3.7799999713897705,-0.01047119438535471,34.01224899291992,-0.010475779421317277,4.585035962567652e-06,4.585035962567652e-06,0.010876573522763574,0.010163782604510166,1,0,0.0,10,9.001889481390814,0.0,0.0,0.0,0.0,0.0,0.0,,0.0,0.0,0.0,0.010876573522763574,0.0,0.0,0.0,0,0.0,0.0
2023-12-12,3.7860000133514404,0.0015873127002865584,33.73003005981445,-0.008297567537042805,0.009884880237329363,0.009884880237329363,0.007072971668803247,0.009758267631272764,1,1,1.0,10,46.57194993722484,-466.0,10.0,1764.2760062217712,-337.30030059814453,0.0,0.0,Opened,1764.2760062217712,-337.30030059814453,0.0,0.009758267631272764,2101.5763068199158,0.0,0.0,0,0.0,2101.5763068199158
2023-12-13,3.7860000133514404,0.0,34.985416412353516,0.03721865501788324,-0.03721865501788324,0.03721865501788324,0.004908686247498391,0.01933761868078599,0,0,-1.0,10,inf,466.0,-10.0,-1764.2760062217712,349.85416412353516,0.0,12.553863525390625,Closed,-1764.2760062217712,349.85416412353516,12.553863525390625,0.01933761868078599,2114.1301703453064,12.553863525390625,0.005938075006677649,0,12.553863525390625,0.0
2023-12-14,3.8884999752044678,0.027073418249222936,36.1629524230957,0.03365791039509802,-0.006584492145875087,0.006584492145875087,0.01395495970146447,0.02320412528169576,0,0,0.0,10,11.561810229760692,0.0,0.0,0.0,0.0,0.0,0.0,,0.0,0.0,0.0,0.02320412528169576,0.0,0.0,0.0,0,0.0,0.0
2023-12-15,3.884999990463257,-0.000900086090659391,36.1629524230957,0.0,-0.000900086090659391,0.000900086090659391,0.014019277661467105,0.02320412528169576,0,0,0.0,10,0.0,0.0,0.0,0.0,0.0,0.0,0.0,,0.0,0.0,0.0,0.02320412528169576,0.0,0.0,0.0,0,0.0,0.0
2023-12-16,3.884999990463257,0.0,36.1629524230957,0.0,0.0,0.0,0.012064089394568992,0.021235033820935445,1,0,0.0,10,,0.0,0.0,0.0,0.0,0.0,0.0,,0.0,0.0,0.0,0.021235033820935445,0.0,0.0,0.0,0,0.0,0.0
2023-12-17,3.884999990463257,0.0,36.1629524230957,0.0,0.0,0.0,0.012214453195000769,0.01945112919958969,1,0,0.0,10,,0.0,0.0,0.0,0.0,0.0,0.0,,0.0,0.0,0.0,0.01945112919958969,0.0,0.0,0.0,0,0.0,0.0
2023-12-18,3.8480000495910645,-0.00952379432767525,36.1240234375,-0.0010764880350543349,-0.008447306292620915,0.008447306292620915,0.013865797552497483,0.015179788717677705,0,0,0.0,10,1.061109604552951,0.0,0.0,0.0,0.0,0.0,0.0,,0.0,0.0,0.0,0.015179788717677705,0.0,0.0,0.0,0,0.0,0.0
2023-12-19,3.8959999084472656,0.012473975633472856,37.02907180786133,0.02505391936552126,-0.012579943732048404,0.012579943732048404,0.007846532727783458,0.011334397419163866,0,1,1.0,10,19.08950521107908,191.0,-10.0,-744.1359825134277,370.2907180786133,0.0,0.0,Opened,-744.1359825134277,370.2907180786133,0.0,0.011334397419163866,1114.426700592041,0.0,0.0,0,0.0,1114.426700592041
2023-12-20,3.9014999866485596,0.0014117244174900456,36.299198150634766,-0.019710827779150786,0.02112255219664083,0.02112255219664083,0.007818095164800429,0.015919592116556927,1,0,-1.0,10,129.90335232325282,-191.0,10.0,745.1864974498749,-362.99198150634766,1.0505149364471436,7.298736572265625,Closed,745.1864974498749,-362.99198150634766,8.349251508712769,0.015919592116556927,1108.1784789562225,8.349251508712769,0.007534211922773314,0,8.349251508712769,0.0
2023-12-21,3.9084999561309814,0.0017941739091058562,37.145851135253906,0.023324288903178836,-0.02153011499407298,0.02153011499407298,0.007809213933862284,0.018769292856650445,0,1,1.0,10,123.55037780087851,1236.0,-10.0,-4830.905945777893,371.45851135253906,0.0,0.0,Opened,-4830.905945777893,371.45851135253906,0.0,0.018769292856650445,5202.364457130432,0.0,0.0,0,0.0,5202.364457130432
2023-12-22,3.8954999446868896,-0.003326087140847922,37.077728271484375,-0.0018339292730562562,-0.0014921578677916658,0.0014921578677916658,0.008077373281510867,0.018921389700247402,0,1,0.0,10,5.248061000204911,-1236.0,10.0,4814.837931632996,-370.77728271484375,-16.06801414489746,0.6812286376953125,Live,0.0,0.0,0.0,0.018921389700247402,5185.615214347839,-15.386785507202148,-0.002967205407880855,0,0.0,0.0
2023-12-23,3.8954999446868896,0.0,37.077728271484375,0.0,0.0,0.0,0.0059445718909163885,0.01883875351432065,1,0,-1.0,10,,-1236.0,10.0,4814.837931632996,-370.77728271484375,-16.06801414489746,0.6812286376953125,Closed,4814.837931632996,-370.77728271484375,-15.386785507202148,0.01883875351432065,5185.615214347839,-15.386785507202148,-0.002967205407880855,0,-15.386785507202148,0.0
2023-12-24,3.8954999446868896,0.0,37.077728271484375,0.0,0.0,0.0,0.0020169278894742034,0.015291085102398141,1,0,0.0,10,,0.0,0.0,0.0,0.0,0.0,0.0,,0.0,0.0,0.0,0.015291085102398141,0.0,0.0,0.0,0,0.0,0.0
2023-12-25,3.8954999446868896,0.0,37.077728271484375,0.0,0.0,0.0,0.0018582629021962197,0.010665582942473334,1,0,0.0,10,,0.0,0.0,0.0,0.0,0.0,0.0,,0.0,0.0,0.0,0.010665582942473334,0.0,0.0,0.0,0,0.0,0.0
2023-12-26,3.8954999446868896,0.0,37.43780517578125,0.009711406849426618,-0.009711406849426618,0.009711406849426618,0.0014874713892049514,0.004616919670635592,0,0,0.0,10,inf,0.0,0.0,0.0,0.0,0.0,0.0,,0.0,0.0,0.0,0.004616919670635592,0.0,0.0,0.0,0,0.0,0.0
2023-12-27,3.94350004196167,0.012321935042060028,37.79787826538086,0.009617900619680153,0.002704034422379875,0.002704034422379875,0.005510536873676629,0.005293652091847122,1,0,0.0,10,7.48147006322544,0.0,0.0,0.0,0.0,0.0,0.0,,0.0,0.0,0.0,0.005510536873676629,0.0,0.0,0.0,0,0.0,0.0
2023-12-28,3.9130001068115234,-0.0077342297009269645,37.15986633300781,-0.016879570009023626,0.009145340308096661,0.009145340308096661,0.0072013711227105455,0.010845910246378411,1,0,0.0,10,20.725670835188946,0.0,0.0,0.0,0.0,0.0,0.0,,0.0,0.0,0.0,0.010845910246378411,0.0,0.0,0.0,0,0.0,0.0
2023-12-29,3.880500078201294,-0.008305654925399919,36.86494827270508,-0.007936467199850195,-0.00036918772554972445,0.00036918772554972445,0.008334681550080958,0.01149676030433683,0,0,0.0,10,9.077772080250794,0.0,0.0,0.0,0.0,0.0,0.0,,0.0,0.0,0.0,0.01149676030433683,0.0,0.0,0.0,0,0.0,0.0
2023-12-30,3.880500078201294,0.0,36.86494827270508,0.0,0.0,0.0,0.008334681550080958,0.01149676030433683,1,0,0.0,10,,0.0,0.0,0.0,0.0,0.0,0.0,,0.0,0.0,0.0,0.01149676030433683,0.0,0.0,0.0,0,0.0,0.0
2023-12-31,3.880500078201294,0.0,36.86494827270508,0.0,0.0,0.0,0.008334681550080958,0.009927420819088673,1,0,0.0,10,,0.0,0.0,0.0,0.0,0.0,0.0,,0.0,0.0,0.0,0.009927420819088673,0.0,0.0,0.0,0,0.0,0.0
2024-01-01,3.880500078201294,0.0,36.86494827270508,0.0,0.0,0.0,0.00439734672960149,0.007495669662434635,1,0,0.0,10,,0.0,0.0,0.0,0.0,0.0,0.0,,0.0,0.0,0.0,0.007495669662434635,0.0,0.0,0.0,0,0.0,0.0
2024-01-02,3.86899995803833,-0.002963566532974915,36.579856872558594,-0.007733400248863709,0.004769833715888794,0.004769833715888794,0.0036182716827102704,0.004291970463882445,1,1,1.0,10,24.67170043466387,-247.0,10.0,955.6429896354675,-365.79856872558594,0.0,0.0,Opened,955.6429896354675,-365.79856872558594,0.0,0.004291970463882445,1321.4415583610535,0.0,0.0,0,0.0,1321.4415583610535
2024-01-03,3.8475000858306885,-0.0055569585011168154,36.33409118652344,-0.006718607098201157,0.0011616485970843415,0.0011616485970843415,0.0025071221054821435,0.003974074026650345,1,1,0.0,10,11.41767704291253,247.0,-10.0,-950.33252120018,363.3409118652344,5.310468435287476,-2.4576568603515625,Live,0.0,0.0,0.0,0.003974074026650345,1313.6734330654144,2.852811574935913,0.0021716291911902104,0,0.0,0.0
2024-01-04,3.8310000896453857,-0.004288497938198299,36.25544738769531,-0.0021644630775103924,-0.0021240348606879067,0.0021240348606879067,0.002511947205033681,0.003688110738876332,0,0,-1.0,10,4.776459313000173,247.0,-10.0,-946.2570221424103,362.5544738769531,9.385967493057251,-3.2440948486328125,Closed,-946.2570221424103,362.5544738769531,6.1418726444244385,0.003688110738876332,1308.8114960193634,6.1418726444244385,0.00469270988458186,0,6.1418726444244385,0.0
2024-01-05,3.7945001125335693,-0.00952753230428538,36.25544738769531,0.0,-0.00952753230428538,0.00952753230428538,0.0035015446744592897,0.003688110738876332,0,0,0.0,10,0.0,0.0,0.0,0.0,0.0,0.0,0.0,,0.0,0.0,0.0,0.003688110738876332,0.0,0.0,0.0,0,0.0,0.0
2024-01-06,3.7945001125335693,0.0,36.25544738769531,0.0,0.0,0.0,0.0035015446744592897,0.003688110738876332,1,0,0.0,10,,0.0,0.0,0.0,0.0,0.0,0.0,,0.0,0.0,0.0,0.003688110738876332,0.0,0.0,0.0,0,0.0,0.0
2024-01-07,3.7945001125335693,0.0,36.25544738769531,0.0,0.0,0.0,0.004030581086714894,0.0029173101739688474,1,0,0.0,10,,0.0,0.0,0.0,0.0,0.0,0.0,,0.0,0.0,0.0,0.004030581086714894,0.0,0.0,0.0,0,0.0,0.0
2024-01-08,3.799499988555908,0.0013176639541592206,36.50121307373047,0.00677872440538585,-0.005461060451226629,0.005461060451226629,0.004462608337502866,0.0034050595977780642,0,1,1.0,10,49.42243768354264,495.0,-10.0,-1880.7524943351746,365.0121307373047,0.0,0.0,Opened,-1880.7524943351746,365.0121307373047,0.0,0.004462608337502866,2245.7646250724792,0.0,0.0,0,0.0,2245.7646250724792
2024-01-09,3.748500108718872,-0.013422787206381792,35.83272933959961,-0.01831401418853007,0.004891226982148278,0.004891226982148278,0.006691168978732312,0.009417293111420328,1,0,-1.0,10,13.042570784350758,-495.0,10.0,1855.5075538158417,-358.3272933959961,-25.244940519332886,6.684837341308594,Closed,1855.5075538158417,-358.3272933959961,-18.560103178024292,0.009417293111420328,2213.8348472118378,-18.560103178024292,-0.00838368914528533,0,-18.560103178024292,0.0
2024-01-10,3.7809998989105225,0.008670078497812206,35.87205123901367,0.0010973738294226543,0.007572704668389552,0.007572704668389552,0.007979940622416378,0.009496952559794538,1,0,0.0,10,1.2008288539033245,0.0,0.0,0.0,0.0,0.0,0.0,,0.0,0.0,0.0,0.009496952559794538,0.0,0.0,0.0,0,0.0,0.0
2024-01-11,3.7764999866485596,-0.001190138159818388,35.94086456298828,0.0019182991102490998,-0.003108437270067488,0.003108437270067488,0.007972071269180396,0.009640040804216155,0,0,0.0,10,15.339739251176523,0.0,0.0,0.0,0.0,0.0,0.0,,0.0,0.0,0.0,0.009640040804216155,0.0,0.0,0.0,0,0.0,0.0
2024-01-12,3.740000009536743,-0.009665027734902298,36.23578643798828,0.008205753494970436,-0.017870781229872734,0.017870781229872734,0.008818515772491197,0.01064839200818179,0,1,1.0,10,8.22586257795652,83.0,-10.0,-310.4200007915497,362.3578643798828,0.0,0.0,Opened,-310.4200007915497,362.3578643798828,0.0,0.01064839200818179,672.7778651714325,0.0,0.0,0,0.0,672.7778651714325
2024-01-13,3.740000009536743,0.0,36.23578643798828,0.0,0.0,0.0,0.008681150810455873,0.009969461453690109,1,0,-1.0,10,,-83.0,10.0,310.4200007915497,-362.3578643798828,0.0,0.0,Closed,310.4200007915497,-362.3578643798828,0.0,0.009969461453690109,672.7778651714325,0.0,0.0,0,0.0,0.0
2024-01-14,3.740000009536743,0.0,36.23578643798828,0.0,0.0,0.0,0.006500856284515304,0.003429081836748537,1,0,0.0,10,,0.0,0.0,0.0,0.0,0.0,0.0,,0.0,0.0,0.0,0.006500856284515304,0.0,0.0,0.0,0,0.0,0.0
2024-01-15,3.740000009536743,0.0,36.23578643798828,0.0,0.0,0.0,0.004220848985556917,0.003553694333575268,1,0,0.0,10,,0.0,0.0,0.0,0.0,0.0,0.0,,0.0,0.0,0.0,0.004220848985556917,0.0,0.0,0.0,0,0.0,0.0
2024-01-16,3.7664999961853027,0.007085557909354723,35.13475036621094,-0.030385322908931145,0.03747088081828587,0.03747088081828587,0.005964209065061978,0.014934988942266423,1,1,1.0,10,40.00264472087913,-401.0,10.0,1510.3664984703064,-351.3475036621094,0.0,0.0,Opened,1510.3664984703064,-351.3475036621094,0.0,0.014934988942266423,1861.7140021324158,0.0,0.0,0,0.0,1861.7140021324158
2024-01-17,3.7325000762939453,-0.009026926835468574,34.29914474487305,-0.023782881979474424,0.01475595514400585,0.01475595514400585,0.005721379997829804,0.015017110568973915,1,1,0.0,10,24.210737777548815,401.0,-10.0,-1496.732530593872,342.99144744873047,13.633967876434326,-8.356056213378906,Live,0.0,0.0,0.0,0.015017110568973915,1839.7239780426025,5.27791166305542,0.0028688606149879724,0,0.0,0.0
2024-01-18,3.744999885559082,0.003348910652279935,34.30897903442383,0.0002867211303352324,0.0030621895219447026,0.0030621895219447026,0.005968867287737645,0.015069278965348262,1,1,0.0,10,0.7843540168030437,401.0,-10.0,-1501.744954109192,343.0897903442383,8.621544361114502,-8.257713317871094,Live,0.0,0.0,0.0,0.015069278965348262,1844.8347444534302,0.3638310432434082,0.00019721606194662196,0,0.0,0.0
2024-01-19,3.7869999408721924,0.011214968383594481,34.69237518310547,0.01117480494820211,4.016343539237077e-05,4.016343539237077e-05,0.007694408766882285,0.0176711609350709,1,1,0.0,10,9.128105144042804,401.0,-10.0,-1518.5869762897491,346.9237518310547,-8.220477819442749,-4.4237518310546875,Live,0.0,0.0,0.0,0.0176711609350709,1865.5107281208038,-12.644229650497437,-0.006777891683975693,0,0.0,0.0
2024-01-20,3.7869999408721924,0.0,34.69237518310547,0.0,0.0,0.0,0.007694408766882285,0.0176711609350709,1,1,0.0,10,,401.0,-10.0,-1518.5869762897491,346.9237518310547,-8.220477819442749,-4.4237518310546875,Live,0.0,0.0,0.0,0.0176711609350709,1865.5107281208038,-12.644229650497437,-0.006777891683975693,0,0.0,0.0
2024-01-21,3.7869999408721924,0.0,34.69237518310547,0.0,0.0,0.0,0.0072860235821908806,0.01284738093580777,1,1,0.0,10,,401.0,-10.0,-1518.5869762897491,346.9237518310547,-8.220477819442749,-4.4237518310546875,Live,0.0,0.0,0.0,0.01284738093580777,1865.5107281208038,-12.644229650497437,-0.006777891683975693,0,0.0,0.0
2024-01-22,3.7639999389648438,-0.006073409629378412,33.886260986328125,-0.023236062463947604,0.017162652834569192,0.017162652834569192,0.006313861908128754,0.012620866967517868,1,1,0.0,10,34.44324058957139,401.0,-10.0,-1509.3639755249023,338.86260986328125,1.0025229454040527,-12.484893798828125,Live,0.0,0.0,0.0,0.012620866967517868,1848.2265853881836,-11.482370853424072,-0.006212642402290965,0,0.0,0.0
2024-01-23,3.7904999256134033,0.007040379138754105,34.66287612915039,0.02291828960225506,-0.015877910463500955,0.015877910463500955,0.0067555317448558284,0.017076766626078238,0,0,-1.0,10,29.768315389301197,401.0,-10.0,-1519.9904701709747,346.6287612915039,-9.623971700668335,-4.718742370605469,Closed,-1519.9904701709747,346.6287612915039,-14.342714071273804,0.017076766626078238,1866.6192314624786,-14.342714071273804,-0.007683792082242944,0,-14.342714071273804,0.0
2024-01-24,3.882499933242798,0.024271206815683177,35.73442077636719,0.03091332188432161,-0.006642115068638432,0.006642115068638432,0.011706318960184973,0.021410152632838436,0,0,0.0,10,11.722752478422873,0.0,0.0,0.0,0.0,0.0,0.0,,0.0,0.0,0.0,0.021410152632838436,0.0,0.0,0.0,0,0.0,0.0
2024-01-25,3.865499973297119,-0.004378611780549324,36.058834075927734,0.009078454121050017,-0.013457065901599341,0.013457065901599341,0.012325711721445852,0.021144793042165568,0,0,0.0,10,19.341113233307347,0.0,0.0,0.0,0.0,0.0,0.0,,0.0,0.0,0.0,0.021144793042165568,0.0,0.0,0.0,0,0.0,0.0
2024-01-26,3.8505001068115234,-0.0038804466664635884,35.87205123901367,-0.005179946653870227,0.0012994999874066382,0.0012994999874066382,0.01276828827511753,0.02174901294878403,1,0,0.0,10,12.436055164300956,0.0,0.0,0.0,0.0,0.0,0.0,,0.0,0.0,0.0,0.02174901294878403,0.0,0.0,0.0,0,0.0,0.0
2024-01-27,3.8505001068115234,0.0,35.87205123901367,0.0,0.0,0.0,0.011901730139637188,0.015195215677134026,1,0,0.0,10,,0.0,0.0,0.0,0.0,0.0,0.0,,0.0,0.0,0.0,0.015195215677134026,0.0,0.0,0.0,0,0.0,0.0
2024-01-28,3.8505001068115234,0.0,35.87205123901367,0.0,0.0,0.0,0.011958718667458052,0.014339725885882615,1,0,0.0,10,,0.0,0.0,0.0,0.0,0.0,0.0,,0.0,0.0,0.0,0.014339725885882615,0.0,0.0,0.0,0,0.0,0.0
2024-01-29,3.872999906539917,0.00584334478749704,36.17679977416992,0.008495430972868645,-0.002652086185371605,0.002652086185371605,0.00409901363942139,0.0061380082675199605,0,0,0.0,10,13.580212399949634,0.0,0.0,0.0,0.0,0.0,0.0,,0.0,0.0,0.0,0.0061380082675199605,0.0,0.0,0.0,0,0.0,0.0
2024-01-30,3.9065001010894775,0.008649676054211186,36.09815979003906,-0.0021737683991331913,0.010823444453344377,0.010823444453344377,0.0050372138716412345,0.005085979766879733,1,1,1.0,10,2.322258982715593,-24.0,10.0,93.75600242614746,-360.9815979003906,0.0,0.0,Opened,93.75600242614746,-360.9815979003906,0.0,0.005085979766879733,454.7376003265381,0.0,0.0,0,0.0,454.7376003265381
2024-01-31,3.9024999141693115,-0.0010239822901964013,35.57712936401367,-0.014433711553605622,0.01340972926340922,0.01340972926340922,0.00429322471979334,0.008247250722970636,1,1,0.0,10,128.50309187083164,24.0,-10.0,-93.65999794006348,355.7712936401367,0.09600448608398438,-5.210304260253906,Live,0.0,0.0,0.0,0.008247250722970636,449.4312915802002,-5.114299774169922,-0.011379491971260048,1,-5.114299774169922,0.0
2024-02-01,3.8524999618530273,-0.012812287870844763,36.08832550048828,0.014368672954026662,-0.027180960824871425,0.027180960824871425,0.008277659241492815,0.010998401468275989,0,0,-1.0,10,10.505435485549695,24.0,-10.0,-92.45999908447266,360.8832550048828,1.2960033416748047,-0.0983428955078125,Closed,-92.45999908447266,360.8832550048828,1.1976604461669922,0.010998401468275989,453.34325408935547,1.1976604461669922,0.002641840228929334,0,0.0,0.0
2024-02-02,3.821500062942505,-0.008046696746912274,35.1937370300293,-0.024788860609420094,0.01674216386250782,0.01674216386250782,0.009055273357673461,0.016105024522741932,1,1,1.0,10,28.370725673274272,-284.0,10.0,1085.3060178756714,-351.93737030029297,0.0,0.0,Opened,1085.3060178756714,-351.93737030029297,0.0,0.016105024522741932,1437.2433881759644,0.0,0.0,0,0.0,1437.2433881759644
2024-02-03,3.821500062942505,0.0,35.1937370300293,0.0,0.0,0.0,0.008211965161148235,0.0148988649548518,1,1,0.0,10,,284.0,-10.0,-1085.3060178756714,351.93737030029297,0.0,0.0,Live,0.0,0.0,0.0,0.0148988649548518,1437.2433881759644,0.0,0.0,0,0.0,0.0
2024-02-04,3.821500062942505,0.0,35.1937370300293,0.0,0.0,0.0,0.005791798956582618,0.015047716943173589,1,1,0.0,10,,284.0,-10.0,-1085.3060178756714,351.93737030029297,0.0,0.0,Live,0.0,0.0,0.0,0.015047716943173589,1437.2433881759644,0.0,0.0,0,0.0,0.0
2024-02-05,3.7720000743865967,-0.012953025707343246,34.50558853149414,-0.01955315225399301,0.006600126546649765,0.006600126546649765,0.006481406397386391,0.015996811516487672,1,1,0.0,10,13.80903406935053,284.0,-10.0,-1071.2480211257935,345.0558853149414,14.05799674987793,-6.8814849853515625,Live,0.0,0.0,0.0,0.015996811516487672,1416.3039064407349,7.176511764526367,0.005067070514944363,0,0.0,0.0
2024-02-06,3.7825000286102295,0.0027836569503090214,35.05610656738281,0.015954460112633573,-0.013170803162324551,0.013170803162324551,0.006593821749184156,0.016508994068620855,0,0,-1.0,10,53.11915281575109,284.0,-10.0,-1074.2300081253052,350.5610656738281,11.076009750366211,-1.3763046264648438,Closed,-1074.2300081253052,350.5610656738281,9.699705123901367,0.016508994068620855,1424.7910737991333,9.699705123901367,0.006807808739310525,0,9.699705123901367,0.0
2024-02-07,3.737499952316284,-0.01189691366915313,34.65304946899414,-0.011497486111697541,-0.00039942755745558944,0.00039942755745558944,0.007410836859304945,0.013448827345464901,0,0,0.0,10,8.960429894318477,0.0,0.0,0.0,0.0,0.0,0.0,,0.0,0.0,0.0,0.013448827345464901,0.0,0.0,0.0,0,0.0,0.0
2024-02-08,3.7054998874664307,-0.008561890370064607,34.44660568237305,-0.005957449338067966,-0.0026044410319966405,0.0026044410319966405,0.007119605831522129,0.013378180959201841,0,0,0.0,10,6.468302532920765,0.0,0.0,0.0,0.0,0.0,0.0,,0.0,0.0,0.0,0.013378180959201841,0.0,0.0,0.0,0,0.0,0.0
2024-02-09,3.686000108718872,-0.005262388163474241,34.02389144897461,-0.012271578723785481,0.00700919056031124,0.00700919056031124,0.00633321400504315,0.013537279261778865,1,0,0.0,10,21.525150612449625,0.0,0.0,0.0,0.0,0.0,0.0,,0.0,0.0,0.0,0.013537279261778865,0.0,0.0,0.0,0,0.0,0.0
2024-02-10,3.686000108718872,0.0,34.02389144897461,0.0,0.0,0.0,0.0060219990881248435,0.011563800594448012,1,0,0.0,10,,0.0,0.0,0.0,0.0,0.0,0.0,,0.0,0.0,0.0,0.011563800594448012,0.0,0.0,0.0,0,0.0,0.0
2024-02-11,3.686000108718872,0.0,34.02389144897461,0.0,0.0,0.0,0.005249269117643898,0.005948569258576149,1,0,0.0,10,,0.0,0.0,0.0,0.0,0.0,0.0,,0.0,0.0,0.0,0.005948569258576149,0.0,0.0,0.0,0,0.0,0.0
2024-02-12,3.7284998893737793,0.011530054096954068,34.59406661987305,0.016758082236228766,-0.0052280281392746986,0.0052280281392746986,0.007630336660621269,0.010799113747219261,0,0,0.0,10,13.485295119868644,0.0,0.0,0.0,0.0,0.0,0.0,,0.0,0.0,0.0,0.010799113747219261,0.0,0.0,0.0,0,0.0,0.0
2024-02-13,3.7139999866485596,-0.0038889374159684076,33.56184387207031,-0.029838144186545512,0.025949206770577105,0.025949206770577105,0.0066073262560410505,0.017271354001160255,1,1,1.0,10,69.3337625820489,-694.0,10.0,2577.5159907341003,-335.6184387207031,0.0,0.0,Opened,2577.5159907341003,-335.6184387207031,0.0,0.017271354001160255,2913.1344294548035,0.0,0.0,0,0.0,2913.1344294548035
2024-02-14,3.700500011444092,-0.003634888328755692,34.22050476074219,0.019625289098612386,-0.02326017742736808,0.02326017742736808,0.006286263233123682,0.019670613496106513,0,0,-1.0,10,49.92878426190564,694.0,-10.0,-2568.1470079421997,342.2050476074219,9.368982791900635,6.58660888671875,Closed,-2568.1470079421997,342.2050476074219,15.955591678619385,0.019670613496106513,2910.3520555496216,15.955591678619385,0.005482357932674974,0,15.955591678619385,0.0
2024-02-15,3.756500005722046,0.015133088529866168,34.643218994140625,0.012352659212770511,0.002780429317095656,0.002780429317095656,0.008902613003728754,0.0202327847118302,1,0,0.0,10,7.5277941179328005,0.0,0.0,0.0,0.0,0.0,0.0,,0.0,0.0,0.0,0.0202327847118302,0.0,0.0,0.0,0,0.0,0.0
2024-02-16,3.8380000591278076,0.02169574158967591,35.42967224121094,0.022701506092817958,-0.0010057645031420481,0.0010057645031420481,0.011483614047488308,0.021668784108366763,0,0,0.0,10,9.65922602873944,0.0,0.0,0.0,0.0,0.0,0.0,,0.0,0.0,0.0,0.021668784108366763,0.0,0.0,0.0,0,0.0,0.0
2024-02-17,3.8380000591278076,0.0,35.42967224121094,0.0,0.0,0.0,0.011792955128857486,0.021330701175443816,1,0,0.0,10,,0.0,0.0,0.0,0.0,0.0,0.0,,0.0,0.0,0.0,0.021330701175443816,0.0,0.0,0.0,0,0.0,0.0
2024-02-18,3.8380000591278076,0.0,35.42967224121094,0.0,0.0,0.0,0.011096851247305048,0.010666887947346505,1,0,0.0,10,,0.0,0.0,0.0,0.0,0.0,0.0,,0.0,0.0,0.0,0.011096851247305048,0.0,0.0,0.0,0,0.0,0.0
2024-02-19,3.8380000591278076,0.0,35.42967224121094,0.0,0.0,0.0,0.01034943266541629,0.010273602915418482,1,0,0.0,10,,0.0,0.0,0.0,0.0,0.0,0.0,,0.0,0.0,0.0,0.01034943266541629,0.0,0.0,0.0,0,0.0,0.0
2024-02-20,3.866499900817871,0.007425701211828617,35.321533203125,-0.003052216722461032,0.010477917934289649,0.010477917934289649,0.009437088473743997,0.010576571883780517,1,0,0.0,10,3.7549092068230383,0.0,0.0,0.0,0.0,0.0,0.0,,0.0,0.0,0.0,0.010576571883780517,0.0,0.0,0.0,0,0.0,0.0
2024-02-21,3.874500036239624,0.002069089778085953,35.36085891723633,0.0011133637343876401,0.0009557260436983128,0.0009557260436983128,0.003216829176716644,0.0015655490685407662,1,0,0.0,10,4.910942757381007,0.0,0.0,0.0,0.0,0.0,0.0,,0.0,0.0,0.0,0.003216829176716644,0.0,0.0,0.0,0,0.0,0.0
2024-02-22,3.8975000381469727,0.005936250275447419,35.38051986694336,0.0005560088275300412,0.005380241447917378,0.005380241447917378,0.003429206592756661,0.001618819009936663,1,1,1.0,10,0.8502518114617069,-9.0,10.0,35.077500343322754,-353.8051986694336,0.0,0.0,Opened,35.077500343322754,-353.8051986694336,0.0,0.003429206592756661,388.88269901275635,0.0,0.0,0,0.0,388.88269901275635
2024-02-23,3.881999969482422,-0.003976925853198976,35.82289505004883,0.012503354523029087,-0.016480280376228063,0.016480280376228063,0.004589058334688511,0.005967945118010079,0,0,-1.0,10,29.01243660912721,9.0,-10.0,-34.9379997253418,358.2289505004883,0.13950061798095703,4.4237518310546875,Closed,-34.9379997253418,358.2289505004883,4.5632524490356445,0.005967945118010079,393.1669502258301,4.5632524490356445,0.011606398875629222,0,4.5632524490356445,0.0
2024-02-24,3.881999969482422,0.0,35.82289505004883,0.0,0.0,0.0,0.004589058334688511,0.005967945118010079,1,0,0.0,10,,0.0,0.0,0.0,0.0,0.0,0.0,,0.0,0.0,0.0,0.005967945118010079,0.0,0.0,0.0,0,0.0,0.0
2024-02-25,3.881999969482422,0.0,35.82289505004883,0.0,0.0,0.0,0.003608687950297257,0.00542469723452389,1,0,0.0,10,,0.0,0.0,0.0,0.0,0.0,0.0,,0.0,0.0,0.0,0.00542469723452389,0.0,0.0,0.0,0,0.0,0.0
2024-02-26,3.8239998817443848,-0.014940774908293042,35.29204559326172,-0.014818720152166676,-0.00012205475612636629,0.00012205475612636629,0.007755290937330265,0.009690438842255658,0,0,0.0,10,9.15369705339109,0.0,0.0,0.0,0.0,0.0,0.0,,0.0,0.0,0.0,0.009690438842255658,0.0,0.0,0.0,0,0.0,0.0
2024-02-27,3.8310000896453857,0.0018305983570814366,35.626285552978516,0.009470688198946808,-0.007640089841865372,0.007640089841865372,0.00678232944369614,0.010669847093829845,0,0,0.0,10,48.11127350556983,0.0,0.0,0.0,0.0,0.0,0.0,,0.0,0.0,0.0,0.010669847093829845,0.0,0.0,0.0,0,0.0,0.0
2024-02-28,3.827500104904175,-0.0009135955779983052,34.947967529296875,-0.019039818862759073,0.018126223284760767,0.018126223284760767,0.006857099699198047,0.01175637753255732,1,1,1.0,10,190.2898114499203,-1903.0,10.0,7283.732699632645,-349.47967529296875,0.0,0.0,Opened,7283.732699632645,-349.47967529296875,0.0,0.01175637753255732,7633.212374925613,0.0,0.0,0,0.0,7633.212374925613
2024-02-29,3.8345000743865967,0.0018288619962290031,35.37068557739258,0.012095640404305108,-0.010266778408076105,0.010266778408076105,0.007088971569563587,0.014034670762667088,0,0,-1.0,10,61.007419962651745,1903.0,-10.0,-7297.0536415576935,353.7068557739258,-13.320941925048828,4.227180480957031,Closed,-7297.0536415576935,353.7068557739258,-9.093761444091797,0.014034670762667088,7650.760497331619,-9.093761444091797,-0.0011886088248695614,0,-9.093761444091797,0.0
2024-03-01,3.8550000190734863,0.005346184454089187,35.83272933959961,0.013062900949320388,-0.007716716495231202,0.007716716495231202,0.007905028744710893,0.01572122935283382,0,0,0.0,10,22.71178141180209,0.0,0.0,0.0,0.0,0.0,0.0,,0.0,0.0,0.0,0.01572122935283382,0.0,0.0,0.0,0,0.0,0.0
2024-03-02,3.8550000190734863,0.0,35.83272933959961,0.0,0.0,0.0,0.002398745479270042,0.013421499451991349,1,0,0.0,10,,0.0,0.0,0.0,0.0,0.0,0.0,,0.0,0.0,0.0,0.013421499451991349,0.0,0.0,0.0,0,0.0,0.0
2024-03-03,3.8550000190734863,0.0,35.83272933959961,0.0,0.0,0.0,0.0024959931837467255,0.012961200246742497,1,0,0.0,10,,0.0,0.0,0.0,0.0,0.0,0.0,,0.0,0.0,0.0,0.012961200246742497,0.0,0.0,0.0,0,0.0,0.0
2024-03-04,3.8519999980926514,-0.0007782155553804904,35.96052932739258,0.0035665714040860053,-0.004344786959466496,0.004344786959466496,0.0024671924716845543,0.006415565232187251,0,0,0.0,10,42.784928767074426,0.0,0.0,0.0,0.0,0.0,0.0,,0.0,0.0,0.0,0.006415565232187251,0.0,0.0,0.0,0,0.0,0.0
2024-03-05,3.8440001010894775,-0.002076816460834685,35.37068557739258,-0.01640253247192036,0.014325716011085676,0.014325716011085676,0.002839863825345848,0.010634761209620872,1,1,1.0,10,72.672964443413,-727.0,10.0,2794.58807349205,-353.7068557739258,0.0,0.0,Opened,2794.58807349205,-353.7068557739258,0.0,0.010634761209620872,3148.294929265976,0.0,0.0,0,0.0,3148.294929265976
2024-03-06,3.870500087738037,0.0068938569073004885,36.687992095947266,0.03724288904924844,-0.03034903214194795,0.03034903214194795,0.0035064807079462374,0.019682839360147444,0,0,-1.0,10,51.20801727463606,727.0,-10.0,-2813.853563785553,366.87992095947266,-19.265490293502808,13.173065185546875,Closed,-2813.853563785553,366.87992095947266,-6.092425107955933,0.019682839360147444,3180.7334847450256,-6.092425107955933,-0.00191541515099443,0,-6.092425107955933,0.0
2024-03-07,3.9195001125335693,0.012659869186094852,37.37614059448242,0.018756777332907593,-0.006096908146812741,0.006096908146812741,0.006263925689081685,0.020297733201218686,0,0,0.0,10,14.128393366499086,0.0,0.0,0.0,0.0,0.0,0.0,,0.0,0.0,0.0,0.020297733201218686,0.0,0.0,0.0,0,0.0,0.0
2024-03-08,3.884999990463257,-0.008802174022138676,37.39580154418945,0.0005260294239670671,-0.009328203446105743,0.009328203446105743,0.008332520606786385,0.02024309207098939,0,0,0.0,10,0.5752437533900885,0.0,0.0,0.0,0.0,0.0,0.0,,0.0,0.0,0.0,0.02024309207098939,0.0,0.0,0.0,0,0.0,0.0
2024-03-09,3.884999990463257,0.0,37.39580154418945,0.0,0.0,0.0,0.00828460586590021,0.020531656118720393,1,0,0.0,10,,0.0,0.0,0.0,0.0,0.0,0.0,,0.0,0.0,0.0,0.020531656118720393,0.0,0.0,0.0,0,0.0,0.0
2024-03-10,3.884999990463257,0.0,37.39580154418945,0.0,0.0,0.0,0.008095626041190306,0.016583842515627247,1,0,0.0,10,,0.0,0.0,0.0,0.0,0.0,0.0,,0.0,0.0,0.0,0.016583842515627247,0.0,0.0,0.0,0,0.0,0.0
2024-03-11,3.922499895095825,0.009652485128602839,37.651397705078125,0.006834889221097207,0.0028175959075056323,0.0028175959075056323,0.00857927779850171,0.008099109594521205,1,0,0.0,10,6.796894062283734,0.0,0.0,0.0,0.0,0.0,0.0,,0.0,0.0,0.0,0.00857927779850171,0.0,0.0,0.0,0,0.0,0.0
2024-03-12,3.924999952316284,0.0006373632344987001,37.46461868286133,-0.00496074604400687,0.00559810927850557,0.00559810927850557,0.0065309328119659265,0.004196702670838563,1,0,0.0,10,74.29193113182927,0.0,0.0,0.0,0.0,0.0,0.0,,0.0,0.0,0.0,0.0065309328119659265,0.0,0.0,0.0,0,0.0,0.0
2024-03-13,4.052499771118164,0.03248403066263417,39.72566604614258,0.06035153813845162,-0.027867507475817455,0.027867507475817455,0.01398988923973214,0.027107313517840972,0,1,1.0,10,18.21237649910045,183.0,-10.0,-741.607458114624,397.2566604614258,0.0,0.0,Opened,-741.607458114624,397.2566604614258,0.0,0.027107313517840972,1138.8641185760498,0.0,0.0,0,0.0,1138.8641185760498
2024-03-14,4.0370001792907715,-0.003824699001306997,39.892791748046875,0.004206995590965601,-0.008031694592272598,0.008031694592272598,0.014662959683135893,0.026686473949195183,0,1,0.0,10,10.869522242333389,-183.0,10.0,738.7710328102112,-398.92791748046875,-2.836425304412842,-1.6712570190429688,Live,0.0,0.0,0.0,0.026686473949195183,1137.69895029068,-4.5076823234558105,-0.003962104669520972,0,0.0,0.0
2024-03-15,4.112500190734863,0.018702008444635654,40.885684967041016,0.024889038231894478,-0.006187029787258824,0.006187029787258824,0.014564086695329137,0.02589818899316125,0,1,0.0,10,13.230772836093642,-183.0,10.0,752.58753490448,-408.85684967041016,10.980076789855957,-11.600189208984375,Live,0.0,0.0,0.0,0.02589818899316125,1161.4443845748901,-0.620112419128418,-0.0005339148627038138,0,0.0,0.0
2024-03-16,4.112500190734863,0.0,40.885684967041016,0.0,0.0,0.0,0.015485774260788057,0.02681639163965306,1,0,-1.0,10,,-183.0,10.0,752.58753490448,-408.85684967041016,10.980076789855957,-11.600189208984375,Closed,752.58753490448,-408.85684967041016,-0.620112419128418,0.02681639163965306,1161.4443845748901,-0.620112419128418,-0.0005339148627038138,0,-0.620112419128418,0.0
2024-03-17,4.112500190734863,0.0,40.885684967041016,0.0,0.0,0.0,0.015580327203546166,0.025880965813379512,1,0,0.0,10,,0.0,0.0,0.0,0.0,0.0,0.0,,0.0,0.0,0.0,0.025880965813379512,0.0,0.0,0.0,0,0.0,0.0
2024-03-18,4.114500045776367,0.0004862869176296414,40.374488830566406,-0.012503059124157945,0.012989346041787586,0.012989346041787586,0.008908168984864271,0.01358698054759531,1,0,0.0,10,252.2979165576584,0.0,0.0,0.0,0.0,0.0,0.0,,0.0,0.0,0.0,0.01358698054759531,0.0,0.0,0.0,0,0.0,0.0
2024-03-19,4.058499813079834,-0.013610458639809364,39.80431365966797,-0.014122164451201069,0.000511705811391705,0.000511705811391705,0.011500257896183986,0.015609479271009306,1,0,0.0,10,10.176375270280783,0.0,0.0,0.0,0.0,0.0,0.0,,0.0,0.0,0.0,0.015609479271009306,0.0,0.0,0.0,0,0.0,0.0
2024-03-20,4.03849983215332,-0.004927924565145236,41.08229446411133,0.03210659064166421,-0.03703451520680945,0.03703451520680945,0.006012276270236858,0.018578119535472566,0,1,1.0,10,66.2772929444625,663.0,-10.0,-2677.5253887176514,410.8229446411133,0.0,0.0,Opened,-2677.5253887176514,410.8229446411133,0.0,0.018578119535472566,3088.3483333587646,0.0,0.0,0,0.0,3088.3483333587646
2024-03-21,4.046500205993652,0.001981026166358868,41.06263732910156,-0.00047848191699562115,0.002459508083354489,0.002459508083354489,0.00636463089222737,0.018586408689293635,1,0,-1.0,10,2.450995929157775,-663.0,10.0,2682.8296365737915,-410.6263732910156,5.304247856140137,0.19657135009765625,Closed,2682.8296365737915,-410.6263732910156,5.500819206237793,0.018586408689293635,3093.456009864807,5.500819206237793,0.001778211550025628,0,5.500819206237793,0.0
2024-03-22,3.996000051498413,-0.0124799584639681,40.59076690673828,-0.011491478703168023,-0.0009884797608000762,0.0009884797608000762,0.007183437219649886,0.019432304529758977,0,0,0.0,10,9.353293194705929,0.0,0.0,0.0,0.0,0.0,0.0,,0.0,0.0,0.0,0.019432304529758977,0.0,0.0,0.0,0,0.0,0.0
2024-03-23,3.996000051498413,0.0,40.59076690673828,0.0,0.0,0.0,0.007081131874933669,0.01840731484987115,1,0,0.0,10,,0.0,0.0,0.0,0.0,0.0,0.0,,0.0,0.0,0.0,0.01840731484987115,0.0,0.0,0.0,0,0.0,0.0
2024-03-24,3.996000051498413,0.0,40.59076690673828,0.0,0.0,0.0,0.005838678915669807,0.016447031773522885,1,0,0.0,10,,0.0,0.0,0.0,0.0,0.0,0.0,,0.0,0.0,0.0,0.016447031773522885,0.0,0.0,0.0,0,0.0,0.0
2024-03-25,4.006999969482422,0.0027527321927545145,40.40397644042969,-0.004601796924353918,0.007354529117108433,0.007354529117108433,0.006229980723210673,0.0049632381828898,1,1,1.0,10,16.856533099241457,-169.0,10.0,677.1829948425293,-404.0397644042969,0.0,0.0,Opened,677.1829948425293,-404.0397644042969,0.0,0.006229980723210673,1081.2227592468262,0.0,0.0,0,0.0,1081.2227592468262
2024-03-26,3.996000051498413,-0.0027451754598913913,40.0107536315918,-0.009732279925903975,0.006987104466012584,0.006987104466012584,0.005910810543076432,0.005351542449282247,1,1,0.0,10,35.497333476556896,169.0,-10.0,-675.3240087032318,400.10753631591797,1.8589861392974854,-3.9322280883789062,Live,0.0,0.0,0.0,0.005910810543076432,1075.4315450191498,-2.073241949081421,-0.0019278232619115738,0,0.0,0.0
2024-03-27,3.992500066757202,-0.0008758720460723124,40.7087287902832,0.017444689123283563,-0.018320561169355876,0.018320561169355876,0.001983045661040045,0.010225896101986891,0,0,-1.0,10,203.0790753930559,169.0,-10.0,-674.7325112819672,407.08728790283203,2.450483560562134,3.0475234985351562,Closed,-674.7325112819672,407.08728790283203,5.49800705909729,0.010225896101986891,1081.8197991847992,5.49800705909729,0.005082183801073239,0,5.49800705909729,0.0
2024-03-28,4.003499984741211,0.002755145347547394,41.71146011352539,0.024631850540160594,-0.0218767051926132,0.0218767051926132,0.00238534457899302,0.014773372994527597,0,1,1.0,10,93.14683165884101,932.0,-10.0,-3731.2619857788086,417.1146011352539,0.0,0.0,Opened,-3731.2619857788086,417.1146011352539,0.0,0.014773372994527597,4148.3765869140625,0.0,0.0,0,0.0,4148.3765869140625
2024-03-29,4.003499984741211,0.0,41.71146011352539,0.0,0.0,0.0,0.00238534457899302,0.014773372994527597,1,0,-1.0,10,,-932.0,10.0,3731.2619857788086,-417.1146011352539,0.0,0.0,Closed,3731.2619857788086,-417.1146011352539,0.0,0.014773372994527597,4148.3765869140625,0.0,0.0,0,0.0,0.0
2024-03-30,4.003499984741211,0.0,41.71146011352539,0.0,0.0,0.0,0.001983936032436825,0.014111451773321095,1,0,0.0,10,,0.0,0.0,0.0,0.0,0.0,0.0,,0.0,0.0,0.0,0.014111451773321095,0.0,0.0,0.0,0,0.0,0.0
2024-03-31,4.003499984741211,0.0,41.71146011352539,0.0,0.0,0.0,0.00138308026691126,0.011799980949464816,1,0,0.0,10,,0.0,0.0,0.0,0.0,0.0,0.0,,0.0,0.0,0.0,0.011799980949464816,0.0,0.0,0.0,0,0.0,0.0
2024-04-01,4.046000003814697,0.01061571605731726,42.006378173828125,0.0070704324303214605,0.003545283626995799,0.003545283626995799,0.004596962756921062,0.010673707494076715,1,0,0.0,10,6.914902190700966,0.0,0.0,0.0,0.0,0.0,0.0,,0.0,0.0,0.0,0.010673707494076715,0.0,0.0,0.0,0,0.0,0.0
2024-04-02,4.070000171661377,0.005931825957501635,42.537235260009766,0.01263753528059186,-0.006705709323090225,0.006705709323090225,0.004824825314279154,0.00574494374343766,0,1,1.0,10,22.266338780185922,223.0,-10.0,-907.6100382804871,425.37235260009766,0.0,0.0,Opened,-907.6100382804871,425.37235260009766,0.0,0.00574494374343766,1332.9823908805847,0.0,0.0,0,0.0,1332.9823908805847
2024-04-03,4.192999839782715,0.030221047403820922,43.61860656738281,0.025421758155252494,0.004799289248568428,0.004799289248568428,0.012487308572524785,0.010590392687160232,1,0,-1.0,10,8.750704378756819,-223.0,10.0,935.0389642715454,-436.1860656738281,27.42892599105835,-10.813713073730469,Closed,935.0389642715454,-436.1860656738281,16.61521291732788,0.012487308572524785,1371.2250299453735,16.61521291732788,0.012117057780071147,0,16.61521291732788,0.0
2024-04-04,4.246500015258789,0.012759403176806794,43.81521987915039,0.004507556000530322,0.008251847176276472,0.008251847176276472,0.011349864335348498,0.009791708371107053,1,0,0.0,10,3.6450596165967544,0.0,0.0,0.0,0.0,0.0,0.0,,0.0,0.0,0.0,0.011349864335348498,0.0,0.0,0.0,0,0.0,0.0
2024-04-05,4.239500045776367,-0.0016484091504225251,43.884033203125,0.001570534717488803,-0.003218943867911328,0.003218943867911328,0.01179726746947432,0.00941143778809769,0,0,0.0,10,9.862213844072055,0.0,0.0,0.0,0.0,0.0,0.0,,0.0,0.0,0.0,0.01179726746947432,0.0,0.0,0.0,0,0.0,0.0
2024-04-06,4.239500045776367,0.0,43.884033203125,0.0,0.0,0.0,0.012915526077564929,0.010477785907336912,1,0,0.0,10,,0.0,0.0,0.0,0.0,0.0,0.0,,0.0,0.0,0.0,0.012915526077564929,0.0,0.0,0.0,0,0.0,0.0
2024-04-07,4.239500045776367,0.0,43.884033203125,0.0,0.0,0.0,0.013575380276274552,0.010846685349602208,1,0,0.0,10,,0.0,0.0,0.0,0.0,0.0,0.0,,0.0,0.0,0.0,0.013575380276274552,0.0,0.0,0.0,0,0.0,0.0
2024-04-08,4.2769999504089355,0.008845360119745127,44.729469299316406,0.01926523235177946,-0.010419872232034333,0.010419872232034333,0.006405247919525358,0.008146732675139722,0,1,1.0,10,22.777876427044767,228.0,-10.0,-975.1559886932373,447.29469299316406,0.0,0.0,Opened,-975.1559886932373,447.29469299316406,0.0,0.008146732675139722,1422.4506816864014,0.0,0.0,0,0.0,1422.4506816864014
2024-04-09,4.285999774932861,0.0021042376965809684,45.93864059448242,0.02703298997523529,-0.02492875227865432,0.02492875227865432,0.004125622454222565,0.012709393412658494,0,1,0.0,10,137.69725492149553,-228.0,10.0,977.2079486846924,-459.3864059448242,2.051959991455078,-12.091712951660156,Live,0.0,0.0,0.0,0.012709393412658494,1436.5943546295166,-10.039752960205078,-0.006988578876042034,0,0.0,0.0
2024-04-10,4.2820000648498535,-0.0009332035214748569,45.53558349609375,-0.008773814226385346,0.007840610704910489,0.007840610704910489,0.003983511322005968,0.014977443873937716,1,0,-1.0,10,99.98072970586068,-228.0,10.0,976.2960147857666,-455.3558349609375,1.1400260925292969,-8.061141967773438,Closed,976.2960147857666,-455.3558349609375,-6.921115875244141,0.014977443873937716,1431.651849746704,-6.921115875244141,-0.004834356814101601,0,-6.921115875244141,0.0
2024-04-11,4.251999855041504,-0.007006120820645445,45.47659683227539,-0.0012953971221960625,-0.0057107236984493825,0.0057107236984493825,0.005718663751694206,0.015149928605916258,0,0,0.0,10,1.977516072235238,0.0,0.0,0.0,0.0,0.0,0.0,,0.0,0.0,0.0,0.015149928605916258,0.0,0.0,0.0,0,0.0,0.0
2024-04-12,4.257500171661377,0.0012935834448233319,44.70980453491211,-0.016861250638242065,0.018154834083065396,0.018154834083065396,0.005713876332020418,0.01864047571361262,1,0,0.0,10,136.8810828819902,0.0,0.0,0.0,0.0,0.0,0.0,,0.0,0.0,0.0,0.01864047571361262,0.0,0.0,0.0,0,0.0,0.0
2024-04-13,4.257500171661377,0.0,44.70980453491211,0.0,0.0,0.0,0.003603218072570246,0.016535870762318598,1,0,0.0,10,,0.0,0.0,0.0,0.0,0.0,0.0,,0.0,0.0,0.0,0.016535870762318598,0.0,0.0,0.0,0,0.0,0.0
2024-04-14,4.257500171661377,0.0,44.70980453491211,0.0,0.0,0.0,0.0032709624531587276,0.007380882167874167,1,0,0.0,10,,0.0,0.0,0.0,0.0,0.0,0.0,,0.0,0.0,0.0,0.007380882167874167,0.0,0.0,0.0,0,0.0,0.0
2024-04-15,4.379000186920166,0.028537876772739335,45.03422164916992,0.007256062012180875,0.02128181476055846,0.02128181476055846,0.013792844830394552,0.008872227859779527,1,1,1.0,10,2.614851468130974,-27.0,10.0,118.23300504684448,-450.3422164916992,0.0,0.0,Opened,118.23300504684448,-450.3422164916992,0.0,0.013792844830394552,568.5752215385437,0.0,0.0,0,0.0,568.5752215385437
2024-04-16,4.305500030517578,-0.01678468903064423,44.385398864746094,-0.014407327598073172,-0.002377361432571057,0.002377361432571057,0.016307712186259034,0.010358608864678173,0,0,-1.0,10,8.84884651475472,27.0,-10.0,-116.24850082397461,443.85398864746094,1.984504222869873,-6.488227844238281,Closed,-116.24850082397461,443.85398864746094,-4.503723621368408,0.016307712186259034,560.1024894714355,-4.503723621368408,-0.00804089199035437,0,-4.503723621368408,0.0
2024-04-17,4.34250020980835,0.008593700854375275,44.61149978637695,0.005094038296689529,0.0034996625576857454,0.0034996625576857454,0.01648627243962792,0.008445772815246905,1,0,0.0,10,6.089602566205964,0.0,0.0,0.0,0.0,0.0,0.0,,0.0,0.0,0.0,0.01648627243962792,0.0,0.0,0.0,0,0.0,0.0
2024-04-18,4.440499782562256,0.02256754588809362,45.42744445800781,0.018290007633413596,0.0042775382546800245,0.0042775382546800245,0.01810353750590751,0.011916317576128457,1,0,0.0,10,8.291173542427133,0.0,0.0,0.0,0.0,0.0,0.0,,0.0,0.0,0.0,0.01810353750590751,0.0,0.0,0.0,0,0.0,0.0
2024-04-19,4.501999855041504,0.013849808690624688,45.20133972167969,-0.0049772717577615255,0.018827080448386213,0.018827080448386213,0.017511877101368218,0.012451215495725254,1,1,1.0,10,3.6082233251421543,-37.0,10.0,166.57399463653564,-452.0133972167969,0.0,0.0,Opened,166.57399463653564,-452.0133972167969,0.0,0.017511877101368218,618.5873918533325,0.0,0.0,0,0.0,618.5873918533325
2024-04-20,4.501999855041504,0.0,45.20133972167969,0.0,0.0,0.0,0.014977844106804646,0.012141033867500548,1,1,0.0,10,,37.0,-10.0,-166.57399463653564,452.0133972167969,0.0,0.0,Live,0.0,0.0,0.0,0.014977844106804646,618.5873918533325,0.0,0.0,0,0.0,0.0
2024-04-21,4.501999855041504,0.0,45.20133972167969,0.0,0.0,0.0,0.009614624281691943,0.008909053996675943,1,1,0.0,10,,37.0,-10.0,-166.57399463653564,452.0133972167969,0.0,0.0,Live,0.0,0.0,0.0,0.009614624281691943,618.5873918533325,0.0,0.0,0,0.0,0.0
2024-04-22,4.500500202178955,-0.00033310815433929,44.46404266357422,-0.016311398348926476,0.015978290194587186,0.015978290194587186,0.010497710717312859,0.01248560104833326,1,1,0.0,10,483.7868844848134,37.0,-10.0,-166.51850748062134,444.6404266357422,0.05548715591430664,-7.3729705810546875,Live,0.0,0.0,0.0,0.01248560104833326,611.1589341163635,-7.317483425140381,-0.011973126819654976,0,0.0,0.0
2024-04-23,4.490499973297119,-0.0022220260932316327,43.64809799194336,-0.018350663204524498,0.016128637111292865,0.016128637111292865,0.006545067371950427,0.008850514691564077,1,1,0.0,10,80.27369157768976,37.0,-10.0,-166.1484990119934,436.4809799194336,0.42549562454223633,-15.532417297363281,Live,0.0,0.0,0.0,0.008850514691564077,602.629478931427,-15.106921672821045,-0.025068341660962883,1,-15.106921672821045,0.0
2024-04-24,4.4670000076293945,-0.005233262622752033,43.84470748901367,0.004504423013039549,-0.009737685635791582,0.009737685635791582,0.0022529743406358533,0.010502401515329902,0,0,-1.0,10,8.448271510500792,37.0,-10.0,-165.2790002822876,438.4470748901367,1.2949943542480469,-13.566322326660156,Closed,-165.2790002822876,438.4470748901367,-12.27132797241211,0.010502401515329902,603.7260751724243,-12.27132797241211,-0.020325986365434714,1,0.0,0.0
2024-04-25,4.570499897003174,0.02316988788829355,45.20133972167969,0.0309417558095455,-0.0077718679212519515,0.0077718679212519515,0.011423233454774256,0.0198769191993052,0,0,0.0,10,13.207135256685007,0.0,0.0,0.0,0.0,0.0,0.0,,0.0,0.0,0.0,0.0198769191993052,0.0,0.0,0.0,0,0.0,0.0
2024-04-26,4.568999767303467,-0.000328220048903316,46.71525955200195,0.033492808833631704,-0.03382102888253502,0.03382102888253502,0.011446250897817443,0.024835847812972326,0,1,1.0,10,1043.335764956156,10434.0,-10.0,-47672.94357204437,467.15259552001953,0.0,0.0,Opened,-47672.94357204437,467.15259552001953,0.0,0.024835847812972326,48140.09616756439,0.0,0.0,0,0.0,48140.09616756439
2024-04-27,4.568999767303467,0.0,46.71525955200195,0.0,0.0,0.0,0.011422868929131285,0.02193377218300631,1,0,-1.0,10,,-10434.0,10.0,47672.94357204437,-467.15259552001953,0.0,0.0,Closed,47672.94357204437,-467.15259552001953,0.0,0.02193377218300631,48140.09616756439,0.0,0.0,0,0.0,0.0
2024-04-28,4.568999767303467,0.0,46.71525955200195,0.0,0.0,0.0,0.011206329505915656,0.016947960932006928,1,0,0.0,10,,0.0,0.0,0.0,0.0,0.0,0.0,,0.0,0.0,0.0,0.016947960932006928,0.0,0.0,0.0,0,0.0,0.0
2024-04-29,4.658999919891357,0.019697998943214445,47.20679473876953,0.010521940613867686,0.009176058329346759,0.009176058329346759,0.011864210314307322,0.016326176790323665,1,0,0.0,10,5.41234593424216,0.0,0.0,0.0,0.0,0.0,0.0,,0.0,0.0,0.0,0.016326176790323665,0.0,0.0,0.0,0,0.0,0.0
2024-04-30,4.564499855041504,-0.020283336869440727,44.994895935058594,-0.04685551764213236,0.026572180772691634,0.026572180772691634,0.014136528283951214,0.029267324008922447,1,0,0.0,10,22.771486963494525,0.0,0.0,0.0,0.0,0.0,0.0,,0.0,0.0,0.0,0.029267324008922447,0.0,0.0,0.0,0,0.0,0.0
2024-05-01,4.552499771118164,-0.002629003024304133,44.798282623291016,-0.004369680331105852,0.001740677306801719,0.001740677306801719,0.014179828774342111,0.022326519220745897,1,0,0.0,10,16.355733057273433,0.0,0.0,0.0,0.0,0.0,0.0,,0.0,0.0,0.0,0.022326519220745897,0.0,0.0,0.0,0,0.0,0.0
2024-05-02,4.49399995803833,-0.012850041959577174,44.926082611083984,0.002852787658572442,-0.015702829618149616,0.015702829618149616,0.015164492016997112,0.022621072366825753,0,0,0.0,10,2.2193734615195133,0.0,0.0,0.0,0.0,0.0,0.0,,0.0,0.0,0.0,0.022621072366825753,0.0,0.0,0.0,0,0.0,0.0
2024-05-03,4.573500156402588,0.017690297976540315,45.850162506103516,0.020568895423602962,-0.0028785974470626474,0.0028785974470626474,0.017915622196346705,0.02596503499161108,0,0,0.0,10,11.656495567928902,0.0,0.0,0.0,0.0,0.0,0.0,,0.0,0.0,0.0,0.02596503499161108,0.0,0.0,0.0,0,0.0,0.0
2024-05-04,4.573500156402588,0.0,45.850162506103516,0.0,0.0,0.0,0.014414190830504587,0.02495568275974795,1,0,0.0,10,,0.0,0.0,0.0,0.0,0.0,0.0,,0.0,0.0,0.0,0.02495568275974795,0.0,0.0,0.0,0,0.0,0.0
2024-05-05,4.573500156402588,0.0,45.850162506103516,0.0,0.0,0.0,0.011000044884044498,0.00971746109849055,1,0,0.0,10,,0.0,0.0,0.0,0.0,0.0,0.0,,0.0,0.0,0.0,0.011000044884044498,0.0,0.0,0.0,0,0.0,0.0
2024-05-06,4.634500026702881,0.013337677536732429,46.54813766479492,0.015222959320994711,-0.0018852817842622827,0.0018852817842622827,0.01214368569750371,0.009542990484733938,0,0,0.0,10,11.4635279604034,0.0,0.0,0.0,0.0,0.0,0.0,,0.0,0.0,0.0,0.01214368569750371,0.0,0.0,0.0,0,0.0,0.0
2024-05-07,4.625500202178955,-0.0019419191869826102,46.60712432861328,0.0012672185564788219,-0.003209137743461432,0.003209137743461432,0.009019584250094229,0.009769196608712732,0,0,0.0,10,6.575275807174853,0.0,0.0,0.0,0.0,0.0,0.0,,0.0,0.0,0.0,0.009769196608712732,0.0,0.0,0.0,0,0.0,0.0
2024-05-08,4.561999797821045,-0.01372833241429694,46.00745391845703,-0.012866496673945127,-0.0008618357403518129,0.0008618357403518129,0.009605254066482922,0.009953201205218004,0,0,0.0,10,9.451820463458436,0.0,0.0,0.0,0.0,0.0,0.0,,0.0,0.0,0.0,0.009953201205218004,0.0,0.0,0.0,0,0.0,0.0
2024-05-09,4.607500076293945,0.009973757231342528,47.098655700683594,0.02371793457991811,-0.013744177348575581,0.013744177348575581,0.010699650699346686,0.014247093563482765,0,0,0.0,10,24.30867203919147,0.0,0.0,0.0,0.0,0.0,0.0,,0.0,0.0,0.0,0.014247093563482765,0.0,0.0,0.0,0,0.0,0.0
2024-05-10,4.69350004196167,0.018665211989947306,47.1674690246582,0.0014610464555915303,0.017204165534355775,0.017204165534355775,0.013034497399122802,0.014121326753271322,1,1,1.0,10,0.7866414833141679,-8.0,10.0,37.54800033569336,-471.67469024658203,0.0,0.0,Opened,37.54800033569336,-471.67469024658203,0.0,0.014121326753271322,509.2226905822754,0.0,0.0,0,0.0,509.2226905822754
2024-05-11,4.69350004196167,0.0,47.1674690246582,0.0,0.0,0.0,0.01231327135252982,0.013180914144556927,1,1,0.0,10,,8.0,-10.0,-37.54800033569336,471.67469024658203,0.0,0.0,Live,0.0,0.0,0.0,0.013180914144556927,509.2226905822754,0.0,0.0,0,0.0,0.0
2024-05-12,4.69350004196167,0.0,47.1674690246582,0.0,0.0,0.0,0.012164165248989117,0.013227833911042918,1,1,0.0,10,,8.0,-10.0,-37.54800033569336,471.67469024658203,0.0,0.0,Live,0.0,0.0,0.0,0.013227833911042918,509.2226905822754,0.0,0.0,0,0.0,0.0
2024-05-13,4.804500102996826,0.023649741140465252,47.47222137451172,0.006461070652194589,0.017188670488270663,0.017188670488270663,0.010727935282375436,0.010077226023256518,1,1,0.0,10,2.699413688123192,8.0,-10.0,-38.43600082397461,474.7222137451172,-0.88800048828125,3.0475234985351562,Live,0.0,0.0,0.0,0.010727935282375436,513.1582145690918,2.1595230102539062,0.004208298627875024,0,0.0,0.0
2024-05-14,4.953499794006348,0.03101252738377136,48.86817169189453,0.029405624530818963,0.0016069028529523965,0.0016069028529523965,0.0140898311705486,0.012548892237941258,1,1,0.0,10,9.3542115746962,8.0,-10.0,-39.62799835205078,488.6817169189453,-2.079998016357422,17.00702667236328,Live,0.0,0.0,0.0,0.0140898311705486,528.3097152709961,14.92702865600586,0.02825431413531559,0,0.0,0.0
2024-05-15,4.9695000648498535,0.0032300941776288727,48.838680267333984,-0.0006034894193809315,0.0038335835970098042,0.0038335835970098042,0.014673236583109968,0.012826745995709406,1,1,0.0,10,1.836139589018839,8.0,-10.0,-39.75600051879883,488.38680267333984,-2.2080001831054688,16.712112426757812,Live,0.0,0.0,0.0,0.014673236583109968,528.1428031921387,14.504112243652344,0.027462482033246107,0,0.0,0.0
2024-05-16,4.892000198364258,-0.015595103224520734,48.52410125732422,-0.006441185721805298,-0.009153917502715436,0.009153917502715436,0.018820973884613592,0.013983449977955517,0,0,-1.0,10,4.096836217754274,8.0,-10.0,-39.13600158691406,485.2410125732422,-1.5880012512207031,13.566322326660156,Closed,-39.13600158691406,485.2410125732422,11.978321075439453,0.018820973884613592,524.3770141601562,11.978321075439453,0.0228429560258738,0,11.978321075439453,0.0
2024-05-17,5.057000160217285,0.0337285272204606,50.794979095458984,0.04679896750879031,-0.01307044028832971,0.01307044028832971,0.020954458735417774,0.022331177024873302,0,0,0.0,10,13.936916958692866,0.0,0.0,0.0,0.0,0.0,0.0,,0.0,0.0,0.0,0.022331177024873302,0.0,0.0,0.0,0,0.0,0.0
2024-05-18,5.057000160217285,0.0,50.794979095458984,0.0,0.0,0.0,0.021239003781518433,0.023130436473611148,1,0,0.0,10,,0.0,0.0,0.0,0.0,0.0,0.0,,0.0,0.0,0.0,0.023130436473611148,0.0,0.0,0.0,0,0.0,0.0
2024-05-19,5.057000160217285,0.0,50.794979095458984,0.0,0.0,0.0,0.01802757831553286,0.021885587041139125,1,0,0.0,10,,0.0,0.0,0.0,0.0,0.0,0.0,,0.0,0.0,0.0,0.021885587041139125,0.0,0.0,0.0,0,0.0,0.0
2024-05-20,5.087500095367432,0.006031230805584098,51.82720184326172,0.020321353924821484,-0.014290123119237386,0.014290123119237386,0.018030601970952565,0.02184146375923031,0,0,0.0,10,34.324168295273566,0.0,0.0,0.0,0.0,0.0,0.0,,0.0,0.0,0.0,0.02184146375923031,0.0,0.0,0.0,0,0.0,0.0
2024-05-21,5.11899995803833,0.006191619082146271,50.83430480957031,-0.019157836008476203,0.025349455090622475,0.025349455090622475,0.01405364391111912,0.025050166986085438,1,1,1.0,10,30.726563014189466,-308.0,10.0,1576.6519870758057,-508.3430480957031,0.0,0.0,Opened,1576.6519870758057,-508.3430480957031,0.0,0.025050166986085438,2084.995035171509,0.0,0.0,0,0.0,2084.995035171509
2024-05-22,4.867499828338623,-0.04913071532746904,47.45256042480469,-0.0665248476876773,0.01739413236020826,0.01739413236020826,0.023537740833679526,0.032981490187068606,1,1,0.0,10,13.200321461349082,308.0,-10.0,-1499.189947128296,474.5256042480469,77.46203994750977,-33.81744384765625,Live,0.0,0.0,0.0,0.032981490187068606,1973.7155513763428,43.644596099853516,0.022112910884964438,0,0.0,0.0
2024-05-23,4.816500186920166,-0.010477584636271908,46.95119094848633,-0.01056569912835048,8.811449207857258e-05,8.811449207857258e-05,0.023179962707619118,0.03226525499782373,1,1,0.0,10,9.82996775426583,308.0,-10.0,-1483.4820575714111,469.5119094848633,93.16992950439453,-38.831138610839844,Live,0.0,0.0,0.0,0.03226525499782373,1952.9939670562744,54.33879089355469,0.027823327573028262,0,0.0,0.0
2024-05-24,4.778500080108643,-0.007889568221074228,47.83595275878906,0.018844288982434287,-0.026733857203508515,0.026733857203508515,0.02263569425406499,0.03542805686093458,0,0,-1.0,10,23.910538131396198,308.0,-10.0,-1471.778024673462,478.3595275878906,104.87396240234375,-29.9835205078125,Closed,-1471.778024673462,478.3595275878906,74.89044189453125,0.03542805686093458,1950.1375522613525,74.89044189453125,0.038402645909612544,0,74.89044189453125,0.0
2024-05-25,4.778500080108643,0.0,47.83595275878906,0.0,0.0,0.0,0.021636180151338696,0.031863146882481055,1,0,0.0,10,,0.0,0.0,0.0,0.0,0.0,0.0,,0.0,0.0,0.0,0.031863146882481055,0.0,0.0,0.0,0,0.0,0.0
2024-05-26,4.778500080108643,0.0,47.83595275878906,0.0,0.0,0.0,0.020461303802636173,0.03245678386281318,1,0,0.0,10,,0.0,0.0,0.0,0.0,0.0,0.0,,0.0,0.0,0.0,0.03245678386281318,0.0,0.0,0.0,0,0.0,0.0
2024-05-27,4.778500080108643,0.0,47.83595275878906,0.0,0.0,0.0,0.005112597326902555,0.010642300213415827,1,0,0.0,10,,0.0,0.0,0.0,0.0,0.0,0.0,,0.0,0.0,0.0,0.010642300213415827,0.0,0.0,0.0,0,0.0,0.0
2024-05-28,4.875500202178955,0.020299282294478305,49.222076416015625,0.02897660812184588,-0.008677325827367577,0.008677325827367577,0.010529790450303106,0.01357740223246775,0,0,0.0,10,14.411447892502155,0.0,0.0,0.0,0.0,0.0,0.0,,0.0,0.0,0.0,0.01357740223246775,0.0,0.0,0.0,0,0.0,0.0
2024-05-29,4.805500030517578,-0.0143575364082833,47.90476989746094,-0.02676251419019915,0.012404977781915849,0.012404977781915849,0.012360611276863293,0.01971608189803437,1,0,0.0,10,18.58177334712617,0.0,0.0,0.0,0.0,0.0,0.0,,0.0,0.0,0.0,0.01971608189803437,0.0,0.0,0.0,0,0.0,0.0
2024-05-30,4.671999931335449,-0.027780688447472612,47.56069564819336,-0.007182463249569171,-0.02059822519790344,0.02059822519790344,0.017990125635766734,0.02001578641737055,0,1,1.0,10,2.6319387546587065,27.0,-10.0,-126.14399814605713,475.6069564819336,0.0,0.0,Opened,-126.14399814605713,475.6069564819336,0.0,0.02001578641737055,601.7509546279907,0.0,0.0,0,0.0,601.7509546279907
2024-05-31,4.610000133514404,-0.013270504865637411,47.3739128112793,-0.0039272519959694385,-0.009343252869667973,0.009343252869667973,0.01816272283872855,0.02004408051574609,0,1,0.0,10,3.041162607446526,-27.0,10.0,124.47000360488892,-473.73912811279297,-1.673994541168213,1.867828369140625,Live,0.0,0.0,0.0,0.02004408051574609,598.2091317176819,0.1938338279724121,0.0003240235190256003,0,0.0,0.0
2024-06-01,4.610000133514404,0.0,47.3739128112793,0.0,0.0,0.0,0.01816272283872855,0.02004408051574609,1,0,-1.0,10,,-27.0,10.0,124.47000360488892,-473.73912811279297,-1.673994541168213,1.867828369140625,Closed,124.47000360488892,-473.73912811279297,0.1938338279724121,0.02004408051574609,598.2091317176819,0.1938338279724121,0.0003240235190256003,0,0.1938338279724121,0.0
2024-06-02,4.610000133514404,0.0,47.3739128112793,0.0,0.0,0.0,0.011618803034864924,0.01113981709752479,1,0,0.0,10,,0.0,0.0,0.0,0.0,0.0,0.0,,0.0,0.0,0.0,0.011618803034864924,0.0,0.0,0.0,0,0.0,0.0
2024-06-03,4.677000045776367,0.014533603106619886,46.941368103027344,-0.009130440839350884,0.02366404394597077,0.02366404394597077,0.0159566761199923,0.004136521873023089,1,1,1.0,10,6.305315460163922,-64.0,10.0,299.3280029296875,-469.41368103027344,0.0,0.0,Opened,299.3280029296875,-469.41368103027344,0.0,0.0159566761199923,768.7416839599609,0.0,0.0,0,0.0,768.7416839599609
2024-06-04,4.547999858856201,-0.027581822890222485,44.690147399902344,-0.04795813999677212,0.020376317106549635,0.020376317106549635,0.015886738330796214,0.020335837079352923,1,1,0.0,10,17.08561871017027,64.0,-10.0,-291.0719909667969,446.90147399902344,8.256011962890625,-22.51220703125,Live,0.0,0.0,0.0,0.020335837079352923,737.9734649658203,-14.256195068359375,-0.019318032077236896,0,0.0,0.0
2024-06-05,4.619500160217285,0.015721262880396436,45.73219680786133,0.0233172067801517,-0.007595943899755264,0.007595943899755264,0.017447862676295212,0.02597565751224381,0,0,-1.0,10,14.683046415193866,64.0,-10.0,-295.64801025390625,457.3219680786133,3.67999267578125,-12.091712951660156,Closed,-295.64801025390625,457.3219680786133,-8.411720275878906,0.02597565751224381,752.9699783325195,-8.411720275878906,-0.011171388658160022,0,-8.411720275878906,0.0
2024-06-06,4.690999984741211,0.015477827047106985,46.577632904052734,0.018486671430707924,-0.0030088443836009393,0.0030088443836009393,0.018660204932334556,0.028381652821927172,0,0,0.0,10,11.859345324573669,0.0,0.0,0.0,0.0,0.0,0.0,,0.0,0.0,0.0,0.028381652821927172,0.0,0.0,0.0,0,0.0,0.0
2024-06-07,4.494500160217285,-0.04188868581605121,44.690147399902344,-0.040523431236587415,-0.0013652545794637927,0.0013652545794637927,0.027841825688529727,0.032741549339654605,0,0,0.0,10,9.619220114357462,0.0,0.0,0.0,0.0,0.0,0.0,,0.0,0.0,0.0,0.032741549339654605,0.0,0.0,0.0,0,0.0,0.0
2024-06-08,4.494500160217285,0.0,44.690147399902344,0.0,0.0,0.0,0.026024987468441462,0.03313540183312693,1,0,0.0,10,,0.0,0.0,0.0,0.0,0.0,0.0,,0.0,0.0,0.0,0.03313540183312693,0.0,0.0,0.0,0,0.0,0.0
2024-06-09,4.494500160217285,0.0,44.690147399902344,0.0,0.0,0.0,0.023550635575279324,0.025135978809820287,1,0,0.0,10,,0.0,0.0,0.0,0.0,0.0,0.0,,0.0,0.0,0.0,0.025135978809820287,0.0,0.0,0.0,0,0.0,0.0
2024-06-10,4.55649995803833,0.013794592415377283,45.378292083740234,0.015398129652161252,-0.0016035372367839695,0.0016035372367839695,0.02319850142822573,0.02351698117581509,0,0,0.0,10,11.11669971433999,0.0,0.0,0.0,0.0,0.0,0.0,,0.0,0.0,0.0,0.02351698117581509,0.0,0.0,0.0,0,0.0,0.0
2024-06-11,4.5229997634887695,-0.0073521770784747975,44.29692077636719,-0.023830145598637942,0.016477968520163144,0.016477968520163144,0.020902868636381553,0.022179943380477265,1,0,0.0,10,31.74371199926787,0.0,0.0,0.0,0.0,0.0,0.0,,0.0,0.0,0.0,0.022179943380477265,0.0,0.0,0.0,0,0.0,0.0
2024-06-12,4.581500053405762,0.012933958208273033,44.42471694946289,0.002884989991536413,0.01004896821673662,0.01004896821673662,0.009172564966798476,0.014205170747824084,1,0,0.0,10,2.162867082314059,0.0,0.0,0.0,0.0,0.0,0.0,,0.0,0.0,0.0,0.014205170747824084,0.0,0.0,0.0,0,0.0,0.0
2024-06-13,4.507500171661377,-0.0161518893117496,43.657928466796875,-0.017260402211190407,0.0011085128994408056,0.0011085128994408056,0.012946395552987707,0.015868105840566856,1,0,0.0,10,10.350348071818054,0.0,0.0,0.0,0.0,0.0,0.0,,0.0,0.0,0.0,0.015868105840566856,0.0,0.0,0.0,0,0.0,0.0
2024-06-14,4.551000118255615,0.009650570147001325,43.56945037841797,-0.0020266213145270218,0.011677191461528347,0.011677191461528347,0.013532333409970388,0.0157478893745425,1,0,0.0,10,2.0104573701293122,0.0,0.0,0.0,0.0,0.0,0.0,,0.0,0.0,0.0,0.0157478893745425,0.0,0.0,0.0,0,0.0,0.0
2024-06-15,4.551000118255615,0.0,43.56945037841797,0.0,0.0,0.0,0.011991556458486393,0.011773933469671998,1,0,0.0,10,,0.0,0.0,0.0,0.0,0.0,0.0,,0.0,0.0,0.0,0.011991556458486393,0.0,0.0,0.0,0,0.0,0.0
2024-06-16,4.551000118255615,0.0,43.56945037841797,0.0,0.0,0.0,0.011325066649050069,0.008008534586373075,1,0,0.0,10,,0.0,0.0,0.0,0.0,0.0,0.0,,0.0,0.0,0.0,0.011325066649050069,0.0,0.0,0.0,0,0.0,0.0
2024-06-17,4.521500110626221,-0.006482093355932861,43.205718994140625,-0.008348312432637783,0.0018662190767049225,0.0018662190767049225,0.0095173626420322,0.007398997232923717,1,0,0.0,10,12.306713870098413,0.0,0.0,0.0,0.0,0.0,0.0,,0.0,0.0,0.0,0.0095173626420322,0.0,0.0,0.0,0,0.0,0.0
2024-06-18,4.561999797821045,0.008957135066665955,43.85454177856445,0.015017057915685195,-0.006059922849019239,0.006059922849019239,0.006818636492269472,0.008587835575819873,0,0,0.0,10,16.116660164393355,0.0,0.0,0.0,0.0,0.0,0.0,,0.0,0.0,0.0,0.008587835575819873,0.0,0.0,0.0,0,0.0,0.0
2024-06-19,4.561999797821045,0.0,43.85454177856445,0.0,0.0,0.0,0.005500514443748762,0.008460376995920954,1,0,0.0,10,,0.0,0.0,0.0,0.0,0.0,0.0,,0.0,0.0,0.0,0.008460376995920954,0.0,0.0,0.0,0,0.0,0.0
2024-06-20,4.618000030517578,0.012275369394641578,45.250492095947266,0.03183137391861046,-0.019556004523968884,0.019556004523968884,0.007573268302010028,0.01590590201524249,0,1,1.0,10,25.409153058519035,255.0,-10.0,-1177.5900077819824,452.50492095947266,0.0,0.0,Opened,-1177.5900077819824,452.50492095947266,0.0,0.01590590201524249,1630.094928741455,0.0,0.0,0,0.0,1630.094928741455
2024-06-21,4.49399995803833,-0.026851466362019516,44.4542121887207,-0.01759715464614542,-0.009254311715874097,0.009254311715874097,0.015529380499381032,0.019562181492542442,0,1,0.0,10,6.4826757143178915,-255.0,10.0,1145.9699892997742,-444.54212188720703,-31.620018482208252,7.962799072265625,Live,0.0,0.0,0.0,0.019562181492542442,1590.5121111869812,-23.657219409942627,-0.014873963702349623,0,0.0,0.0
2024-06-22,4.49399995803833,0.0,44.4542121887207,0.0,0.0,0.0,0.015375318383693215,0.018555867011555843,1,0,-1.0,10,,-255.0,10.0,1145.9699892997742,-444.54212188720703,-31.620018482208252,7.962799072265625,Closed,1145.9699892997742,-444.54212188720703,-23.657219409942627,0.018555867011555843,1590.5121111869812,-23.657219409942627,-0.014873963702349623,0,-23.657219409942627,0.0
2024-06-23,4.49399995803833,0.0,44.4542121887207,0.0,0.0,0.0,0.014397859380868839,0.017905122294523835,1,0,0.0,10,,0.0,0.0,0.0,0.0,0.0,0.0,,0.0,0.0,0.0,0.017905122294523835,0.0,0.0,0.0,0,0.0,0.0
2024-06-24,4.5269999504089355,0.00734312253643421,45.50608825683594,0.023662011231910363,-0.016318888695476153,0.016318888695476153,0.015125675227299133,0.01997224408671722,0,0,0.0,10,32.39141316867427,0.0,0.0,0.0,0.0,0.0,0.0,,0.0,0.0,0.0,0.01997224408671722,0.0,0.0,0.0,0,0.0,0.0
2024-06-25,4.38100004196167,-0.03225091894115817,44.699974060058594,-0.017714425204549356,-0.014536493736608813,0.014536493736608813,0.017883233841321552,0.017001536678387465,0,0,0.0,10,5.6042691568136345,0.0,0.0,0.0,0.0,0.0,0.0,,0.0,0.0,0.0,0.017883233841321552,0.0,0.0,0.0,0,0.0,0.0
2024-06-26,4.367499828338623,-0.0030815369764300993,45.02438735961914,0.007257572434486548,-0.010339109410916647,0.010339109410916647,0.015385533258934152,0.014928904443293325,0,0,0.0,10,24.27945373168575,0.0,0.0,0.0,0.0,0.0,0.0,,0.0,0.0,0.0,0.015385533258934152,0.0,0.0,0.0,0,0.0,0.0
2024-06-27,4.328499794006348,-0.00892960180083413,44.46110153198242,-0.012510682780370486,0.003581080979536355,0.003581080979536355,0.01508869878914716,0.016452847153646834,1,0,0.0,10,14.391025296370042,0.0,0.0,0.0,0.0,0.0,0.0,,0.0,0.0,0.0,0.016452847153646834,0.0,0.0,0.0,0,0.0,0.0
2024-06-28,4.390500068664551,0.014323732842509207,44.50056076049805,0.0008875000203771855,0.013436232822132022,0.013436232822132022,0.01793277424427123,0.01645576117960978,1,0,0.0,10,0.6280058001807406,0.0,0.0,0.0,0.0,0.0,0.0,,0.0,0.0,0.0,0.01793277424427123,0.0,0.0,0.0,0,0.0,0.0
2024-06-29,4.390500068664551,0.0,44.50056076049805,0.0,0.0,0.0,0.016994588067059446,0.010323183424759283,1,0,0.0,10,,0.0,0.0,0.0,0.0,0.0,0.0,,0.0,0.0,0.0,0.016994588067059446,0.0,0.0,0.0,0,0.0,0.0
2024-06-30,4.390500068664551,0.0,44.50056076049805,0.0,0.0,0.0,0.008563488815021962,0.007179231972436197,1,0,0.0,10,,0.0,0.0,0.0,0.0,0.0,0.0,,0.0,0.0,0.0,0.008563488815021962,0.0,0.0,0.0,0,0.0,0.0
2024-07-01,4.426499843597412,0.00819947030403112,44.85569763183594,0.007980503285098806,0.00021896701893231452,0.00021896701893231452,0.008876672020280616,0.0073881569056383255,1,0,0.0,10,9.86283223075671,0.0,0.0,0.0,0.0,0.0,0.0,,0.0,0.0,0.0,0.008876672020280616,0.0,0.0,0.0,0,0.0,0.0
2024-07-02,4.429500102996826,0.0006777949859759769,45.023399353027344,0.003738693857084918,-0.0030608988711089413,0.0030608988711089413,0.0064265616581551,0.0034157048341788595,0,0,0.0,10,56.06671594617389,0.0,0.0,0.0,0.0,0.0,0.0,,0.0,0.0,0.0,0.0064265616581551,0.0,0.0,0.0,0,0.0,0.0
2024-07-03,4.540999889373779,0.02517209251254271,46.58205795288086,0.03461885646688101,-0.0094467639543383,0.0094467639543383,0.01083343444407753,0.014548955676092922,0,0,0.0,10,14.107841733455077,0.0,0.0,0.0,0.0,0.0,0.0,,0.0,0.0,0.0,0.014548955676092922,0.0,0.0,0.0,0,0.0,0.0
2024-07-04,4.540999889373779,0.0,46.58205795288086,0.0,0.0,0.0,0.01083343444407753,0.014548955676092922,1,0,0.0,10,,0.0,0.0,0.0,0.0,0.0,0.0,,0.0,0.0,0.0,0.014548955676092922,0.0,0.0,0.0,0,0.0,0.0
2024-07-05,4.6585001945495605,0.025875425685593978,47.400840759277344,0.017577214111594408,0.00829821157399957,0.00829821157399957,0.01277367096766066,0.013856926552081322,1,0,0.0,10,6.911979902341096,0.0,0.0,0.0,0.0,0.0,0.0,,0.0,0.0,0.0,0.013856926552081322,0.0,0.0,0.0,0,0.0,0.0
2024-07-06,4.6585001945495605,0.0,47.400840759277344,0.0,0.0,0.0,0.013861184086458969,0.014963805801533359,1,0,0.0,10,,0.0,0.0,0.0,0.0,0.0,0.0,,0.0,0.0,0.0,0.014963805801533359,0.0,0.0,0.0,0,0.0,0.0
2024-07-07,4.6585001945495605,0.0,47.400840759277344,0.0,0.0,0.0,0.013982149986973462,0.015512396028923904,1,0,0.0,10,,0.0,0.0,0.0,0.0,0.0,0.0,,0.0,0.0,0.0,0.015512396028923904,0.0,0.0,0.0,0,0.0,0.0
2024-07-08,4.622000217437744,-0.00783513482612308,46.473541259765625,-0.019562933582148,0.01172779875602492,0.01172779875602492,0.012901904639387205,0.013142281098625998,1,0,0.0,10,25.105178378022377,0.0,0.0,0.0,0.0,0.0,0.0,,0.0,0.0,0.0,0.013142281098625998,0.0,0.0,0.0,0,0.0,0.0
2024-07-09,4.578000068664551,-0.009519720186769165,46.57218933105469,0.0021226717098588033,-0.011642391896627968,0.011642391896627968,0.014204154671001244,0.01319250554546994,0,0,0.0,10,2.2683470864263047,0.0,0.0,0.0,0.0,0.0,0.0,,0.0,0.0,0.0,0.014204154671001244,0.0,0.0,0.0,0,0.0,0.0
2024-07-10,4.607500076293945,0.006443863518333259,46.81881332397461,0.0052955207058620335,0.0011483428124712258,0.0011483428124712258,0.00651398188786915,0.009820357649720144,1,0,0.0,10,8.35059435916035,0.0,0.0,0.0,0.0,0.0,0.0,,0.0,0.0,0.0,0.009820357649720144,0.0,0.0,0.0,0,0.0,0.0
2024-07-11,4.508500099182129,-0.0214867011334805,46.63138198852539,-0.004003333748598847,-0.017483367384881654,0.017483367384881654,0.010550995394939582,0.009735646633428898,0,1,1.0,10,1.927073404011023,20.0,-10.0,-90.17000198364258,466.3138198852539,0.0,0.0,Opened,-90.17000198364258,466.3138198852539,0.0,0.010550995394939582,556.4838218688965,0.0,0.0,0,0.0,556.4838218688965
2024-07-12,4.598499774932861,0.019962221087021614,47.321922302246094,0.01480848913915156,0.005153731947870055,0.005153731947870055,0.015990451784252114,0.012749664493138886,1,0,-1.0,10,7.633928685209634,-20.0,10.0,91.96999549865723,-473.21922302246094,1.7999935150146484,-6.905403137207031,Closed,91.96999549865723,-473.21922302246094,-5.105409622192383,0.015990451784252114,565.1892185211182,-5.105409622192383,-0.00903309804024795,0,-5.105409622192383,0.0
2024-07-13,4.598499774932861,0.0,47.321922302246094,0.0,0.0,0.0,0.015716905120171168,0.007096622882882305,1,0,0.0,10,,0.0,0.0,0.0,0.0,0.0,0.0,,0.0,0.0,0.0,0.015716905120171168,0.0,0.0,0.0,0,0.0,0.0
2024-07-14,4.598499774932861,0.0,47.321922302246094,0.0,0.0,0.0,0.014973742907343523,0.007271764178672716,1,0,0.0,10,,0.0,0.0,0.0,0.0,0.0,0.0,,0.0,0.0,0.0,0.014973742907343523,0.0,0.0,0.0,0,0.0,0.0
2024-07-15,4.5289998054504395,-0.015113618111123328,46.45381164550781,-0.018344788514583987,0.003231170403460659,0.003231170403460659,0.016071907063843212,0.011837230290516051,1,0,0.0,10,12.449827032461803,0.0,0.0,0.0,0.0,0.0,0.0,,0.0,0.0,0.0,0.016071907063843212,0.0,0.0,0.0,0,0.0,0.0
2024-07-16,4.443999767303467,-0.01876794917162039,45.95070266723633,-0.010830305640164517,-0.007937643531455874,0.007937643531455874,0.01533295470173038,0.012568196654191425,0,0,0.0,10,5.966807455785034,0.0,0.0,0.0,0.0,0.0,0.0,,0.0,0.0,0.0,0.01533295470173038,0.0,0.0,0.0,0,0.0,0.0
2024-07-17,4.39900016784668,-0.010125923000237291,44.54002380371094,-0.03069983224720585,0.020573909246968558,0.020573909246968558,0.00860028843880842,0.013031741284100016,1,1,1.0,10,30.69713527447456,-307.0,10.0,1350.4930515289307,-445.4002380371094,0.0,0.0,Opened,1350.4930515289307,-445.4002380371094,0.0,0.013031741284100016,1795.89328956604,0.0,0.0,0,0.0,1795.89328956604
2024-07-18,4.265999794006348,-0.03023422795308417,42.81366729736328,-0.03875966734898384,0.00852543939589967,0.00852543939589967,0.011123552486891711,0.01543422886016755,1,1,0.0,10,12.865976614432299,307.0,-10.0,-1309.6619367599487,428.1366729736328,40.831114768981934,-17.263565063476562,Live,0.0,0.0,0.0,0.01543422886016755,1737.7986097335815,23.56754970550537,0.013561726642834905,0,0.0,0.0
2024-07-19,4.218999862670898,-0.01101733089661261,42.72488021850586,-0.0020738022333089967,-0.008943528663303613,0.008943528663303613,0.008137270938818796,0.014785827253433683,0,0,-1.0,10,1.90617288334842,307.0,-10.0,-1295.2329578399658,427.2488021850586,55.260093688964844,-18.15143585205078,Closed,-1295.2329578399658,427.2488021850586,37.10865783691406,0.014785827253433683,1722.4817600250244,37.10865783691406,0.021543715990568715,0,37.10865783691406,0.0
2024-07-20,4.218999862670898,0.0,42.72488021850586,0.0,0.0,0.0,0.01124926724369021,0.017389903118543763,1,0,0.0,10,,0.0,0.0,0.0,0.0,0.0,0.0,,0.0,0.0,0.0,0.017389903118543763,0.0,0.0,0.0,0,0.0,0.0
2024-07-21,4.218999862670898,0.0,42.72488021850586,0.0,0.0,0.0,0.012350053728255489,0.01887915195782966,1,0,0.0,10,,0.0,0.0,0.0,0.0,0.0,0.0,,0.0,0.0,0.0,0.01887915195782966,0.0,0.0,0.0,0,0.0,0.0
2024-07-22,4.180500030517578,-0.009125345675870089,42.340145111083984,-0.009004942915094016,-0.0001204027607760727,0.0001204027607760727,0.012361184730771364,0.016514599552811687,0,0,0.0,10,9.994377525245026,0.0,0.0,0.0,0.0,0.0,0.0,,0.0,0.0,0.0,0.016514599552811687,0.0,0.0,0.0,0,0.0,0.0
2024-07-23,4.145999908447266,-0.008252630503160385,42.024471282958984,-0.007455662404953878,-0.0007969680982065075,0.0007969680982065075,0.0052796953327644645,0.004250638241276932,0,0,0.0,10,9.157286543549809,0.0,0.0,0.0,0.0,0.0,0.0,,0.0,0.0,0.0,0.0052796953327644645,0.0,0.0,0.0,0,0.0,0.0
2024-07-24,4.098999977111816,-0.011336211378029537,41.49176788330078,-0.012676028594658773,0.0013398172166292355,0.0013398172166292355,0.00536159069028913,0.005647320438876561,1,0,0.0,10,11.318771658691308,0.0,0.0,0.0,0.0,0.0,0.0,,0.0,0.0,0.0,0.005647320438876561,0.0,0.0,0.0,0,0.0,0.0
2024-07-25,4.112500190734863,0.003293538350434222,41.38325500488281,-0.002615286934101513,0.005908825284535735,0.005908825284535735,0.006353995711001469,0.005063606174536699,1,0,0.0,10,7.990525381367781,0.0,0.0,0.0,0.0,0.0,0.0,,0.0,0.0,0.0,0.006353995711001469,0.0,0.0,0.0,0,0.0,0.0
2024-07-26,4.104499816894531,-0.001945379566998251,42.00474548339844,0.01501792158307258,-0.01696330115007083,0.01696330115007083,0.0060153869927647985,0.010882669110461953,0,1,1.0,10,79.0030029193093,791.0,-10.0,-3246.659355163574,420.0474548339844,0.0,0.0,Opened,-3246.659355163574,420.0474548339844,0.0,0.010882669110461953,3666.7068099975586,0.0,0.0,0,0.0,3666.7068099975586
2024-07-27,4.104499816894531,0.0,42.00474548339844,0.0,0.0,0.0,0.006014627818493862,0.010448667795919714,1,0,-1.0,10,,-791.0,10.0,3246.659355163574,-420.0474548339844,0.0,0.0,Closed,3246.659355163574,-420.0474548339844,0.0,0.010448667795919714,3666.7068099975586,0.0,0.0,0,0.0,0.0
2024-07-28,4.104499816894531,0.0,42.00474548339844,0.0,0.0,0.0,0.005549534800466867,0.009912674292360358,1,0,0.0,10,,0.0,0.0,0.0,0.0,0.0,0.0,,0.0,0.0,0.0,0.009912674292360358,0.0,0.0,0.0,0,0.0,0.0
2024-07-29,4.061999797821045,-0.010354494084407584,41.689064025878906,-0.007515376033984,-0.0028391180504235836,0.0028391180504235836,0.0051386921769747155,0.008427358898273184,0,0,0.0,10,7.449104699963744,0.0,0.0,0.0,0.0,0.0,0.0,,0.0,0.0,0.0,0.008427358898273184,0.0,0.0,0.0,0,0.0,0.0
2024-07-30,4.063000202178955,0.0002462837045060784,41.37338638305664,-0.007572193096642921,0.007818476801148999,0.007818476801148999,0.004527772602097908,0.009210808647238285,1,0,0.0,10,313.08353439915237,0.0,0.0,0.0,0.0,0.0,0.0,,0.0,0.0,0.0,0.009210808647238285,0.0,0.0,0.0,0,0.0,0.0
2024-07-31,4.159999847412109,0.02387389623587377,43.149070739746094,0.04291851627152843,-0.019044620035654658,0.019044620035654658,0.012642589761114454,0.02121853965534939,0,0,0.0,10,18.646594657390203,0.0,0.0,0.0,0.0,0.0,0.0,,0.0,0.0,0.0,0.02121853965534939,0.0,0.0,0.0,0,0.0,0.0
2024-08-01,4.066500186920166,-0.022475880750358335,41.13663101196289,-0.046639236796575445,0.02416335604621711,0.02416335604621711,0.01708238011353437,0.03186018707253285,1,0,0.0,10,20.99145974241231,0.0,0.0,0.0,0.0,0.0,0.0,,0.0,0.0,0.0,0.03186018707253285,0.0,0.0,0.0,0,0.0,0.0
2024-08-02,4.084000110626221,0.004303436100247415,40.6236572265625,-0.01246999991932285,0.016773436019570265,0.016773436019570265,0.017299132912141184,0.03197995876866457,1,0,0.0,10,28.823344057675964,0.0,0.0,0.0,0.0,0.0,0.0,,0.0,0.0,0.0,0.03197995876866457,0.0,0.0,0.0,0,0.0,0.0
2024-08-03,4.084000110626221,0.0,40.6236572265625,0.0,0.0,0.0,0.016482060277017818,0.03208239876554473,1,0,0.0,10,,0.0,0.0,0.0,0.0,0.0,0.0,,0.0,0.0,0.0,0.03208239876554473,0.0,0.0,0.0,0,0.0,0.0
2024-08-04,4.084000110626221,0.0,40.6236572265625,0.0,0.0,0.0,0.016485951513467094,0.03209474435247475,1,0,0.0,10,,0.0,0.0,0.0,0.0,0.0,0.0,,0.0,0.0,0.0,0.03209474435247475,0.0,0.0,0.0,0,0.0,0.0
2024-08-05,3.9839999675750732,-0.0244858326009727,39.08473205566406,-0.0378824871014366,0.0133966545004639,0.0133966545004639,0.013777654484073469,0.021704396087738817,1,0,0.0,10,15.177890689776909,0.0,0.0,0.0,0.0,0.0,0.0,,0.0,0.0,0.0,0.021704396087738817,0.0,0.0,0.0,0,0.0,0.0
2024-08-06,4.011499881744385,0.006902588954098343,39.16365051269531,0.0020191633121304786,0.0048834256419678645,0.0048834256419678645,0.012554388047670065,0.01678867707202416,1,0,0.0,10,2.8558527892137633,0.0,0.0,0.0,0.0,0.0,0.0,,0.0,0.0,0.0,0.01678867707202416,0.0,0.0,0.0,0,0.0,0.0
2024-08-07,3.9375,-0.018446936040343642,38.18702697753906,-0.024936989335038295,0.006490053294694653,0.006490053294694653,0.013489407066750447,0.01817744255501649,1,0,0.0,10,13.110373329783629,0.0,0.0,0.0,0.0,0.0,0.0,,0.0,0.0,0.0,0.01817744255501649,0.0,0.0,0.0,0,0.0,0.0
2024-08-08,3.944999933242798,0.0019047449505518177,39.2031135559082,0.026608161430498045,-0.024703416479946227,0.024703416479946227,0.013767808248246987,0.02517531972879296,0,0,0.0,10,138.81985810301418,0.0,0.0,0.0,0.0,0.0,0.0,,0.0,0.0,0.0,0.02517531972879296,0.0,0.0,0.0,0,0.0,0.0
2024-08-09,3.9800000190734863,0.008872011767543597,39.49905776977539,0.007548997694918791,0.0013230140726248063,0.0013230140726248063,0.015348328520617757,0.02590378049858063,1,0,0.0,10,8.444439825725786,0.0,0.0,0.0,0.0,0.0,0.0,,0.0,0.0,0.0,0.02590378049858063,0.0,0.0,0.0,0,0.0,0.0
2024-08-10,3.9800000190734863,0.0,39.49905776977539,0.0,0.0,0.0,0.010841563432932563,0.018477334472052232,1,0,0.0,10,,0.0,0.0,0.0,0.0,0.0,0.0,,0.0,0.0,0.0,0.018477334472052232,0.0,0.0,0.0,0,0.0,0.0
2024-08-11,3.9800000190734863,0.0,39.49905776977539,0.0,0.0,0.0,0.010134887335825793,0.01850562584602622,1,0,0.0,10,,0.0,0.0,0.0,0.0,0.0,0.0,,0.0,0.0,0.0,0.01850562584602622,0.0,0.0,0.0,0,0.0,0.0
2024-08-12,4.054999828338623,0.018844173091887573,40.110679626464844,0.015484467003095581,0.0033597060887919916,0.0033597060887919916,0.008092644949049703,0.011312516633608537,1,0,0.0,10,8.128087245985958,0.0,0.0,0.0,0.0,0.0,0.0,,0.0,0.0,0.0,0.011312516633608537,0.0,0.0,0.0,0,0.0,0.0
2024-08-13,4.035999774932861,-0.004685586734918812,40.150142669677734,0.0009838537661388536,-0.005669440501057665,0.005669440501057665,0.009349979750998699,0.006751994808189464,0,0,0.0,10,2.0888272784329307,0.0,0.0,0.0,0.0,0.0,0.0,,0.0,0.0,0.0,0.009349979750998699,0.0,0.0,0.0,0,0.0,0.0
2024-08-14,4.025000095367432,-0.002725391521017251,39.99230194091797,-0.003931261964829069,0.0012058704438118184,0.0012058704438118184,0.009464958434654329,0.007495931205430371,1,0,0.0,10,14.332224152173515,0.0,0.0,0.0,0.0,0.0,0.0,,0.0,0.0,0.0,0.009464958434654329,0.0,0.0,0.0,0,0.0,0.0
2024-08-15,4.138999938964844,0.028322941837596538,41.47203826904297,0.037000529009584504,-0.008677587171987966,0.008677587171987966,0.014752663278244128,0.016840695746780758,0,0,0.0,10,13.089695186891992,0.0,0.0,0.0,0.0,0.0,0.0,,0.0,0.0,0.0,0.016840695746780758,0.0,0.0,0.0,0,0.0,0.0
2024-08-16,4.127500057220459,-0.002778420370612711,41.72852325439453,0.006184528083419849,-0.00896294845403256,0.00896294845403256,0.015173362308713413,0.01614379293897539,0,0,0.0,10,22.50373158670356,0.0,0.0,0.0,0.0,0.0,0.0,,0.0,0.0,0.0,0.01614379293897539,0.0,0.0,0.0,0,0.0,0.0
2024-08-17,4.127500057220459,0.0,41.72852325439453,0.0,0.0,0.0,0.01390616821960319,0.01658234487161377,1,0,0.0,10,,0.0,0.0,0.0,0.0,0.0,0.0,,0.0,0.0,0.0,0.01658234487161377,0.0,0.0,0.0,0,0.0,0.0
2024-08-18,4.127500057220459,0.0,41.72852325439453,0.0,0.0,0.0,0.013352844965927348,0.0166925901888148,1,0,0.0,10,,0.0,0.0,0.0,0.0,0.0,0.0,,0.0,0.0,0.0,0.0166925901888148,0.0,0.0,0.0,0,0.0,0.0
2024-08-19,4.166500091552734,0.009448827084581168,42.44866180419922,0.017257705129281042,-0.007808878044699874,0.007808878044699874,0.012789469289182462,0.015608094213588128,0,0,0.0,10,18.60791659474153,0.0,0.0,0.0,0.0,0.0,0.0,,0.0,0.0,0.0,0.015608094213588128,0.0,0.0,0.0,0,0.0,0.0
2024-08-20,4.149499893188477,-0.004080210726197908,42.05406951904297,-0.009295753231900794,0.005215542505702886,0.005215542505702886,0.005298732149045682,0.009778333484326078,1,0,0.0,10,23.089485921375942,0.0,0.0,0.0,0.0,0.0,0.0,,0.0,0.0,0.0,0.009778333484326078,0.0,0.0,0.0,0,0.0,0.0
2024-08-21,4.18149995803833,0.007711788329572533,42.91231155395508,0.020408061448689896,-0.012696273119117363,0.012696273119117363,0.0057267079269963115,0.012646707626096416,0,1,1.0,10,27.157917523882894,272.0,-10.0,-1137.3679885864258,429.1231155395508,0.0,0.0,Opened,-1137.3679885864258,429.1231155395508,0.0,0.012646707626096416,1566.4911041259766,0.0,0.0,0,0.0,1566.4911041259766
2024-08-22,4.140999794006348,-0.009685558875619948,42.024471282958984,-0.02068963984566019,0.011004080970040242,0.011004080970040242,0.00801413106955181,0.017442705897402138,1,0,-1.0,10,21.67830362322201,-272.0,10.0,1126.3519439697266,-420.24471282958984,-11.016044616699219,8.878402709960938,Closed,1126.3519439697266,-420.24471282958984,-2.1376419067382812,0.017442705897402138,1546.5966567993164,-2.1376419067382812,-0.0013821586238018475,0,-2.1376419067382812,0.0
2024-08-23,4.194499969482422,0.012919627659366162,43.3759651184082,0.03215968682507264,-0.01924005916570648,0.01924005916570648,0.009655238898424711,0.022054415424430113,0,0,0.0,10,25.741317345743692,0.0,0.0,0.0,0.0,0.0,0.0,,0.0,0.0,0.0,0.022054415424430113,0.0,0.0,0.0,0,0.0,0.0
2024-08-24,4.194499969482422,0.0,43.3759651184082,0.0,0.0,0.0,0.00904736437225611,0.02158248190448845,1,0,0.0,10,,0.0,0.0,0.0,0.0,0.0,0.0,,0.0,0.0,0.0,0.02158248190448845,0.0,0.0,0.0,0,0.0,0.0
2024-08-25,4.194499969482422,0.0,43.3759651184082,0.0,0.0,0.0,0.008605756085912138,0.020466758819684936,1,0,0.0,10,,0.0,0.0,0.0,0.0,0.0,0.0,,0.0,0.0,0.0,0.020466758819684936,0.0,0.0,0.0,0,0.0,0.0
2024-08-26,4.21150016784668,0.004052973772307622,43.57326126098633,0.0045485130311115896,-0.0004955392588039675,0.0004955392588039675,0.008162922701857893,0.018918752413028657,0,0,0.0,10,11.611247803192251,0.0,0.0,0.0,0.0,0.0,0.0,,0.0,0.0,0.0,0.018918752413028657,0.0,0.0,0.0,0,0.0,0.0
2024-08-27,4.230500221252441,0.004511469226766485,43.731101989746094,0.003622421737367043,0.0008890474893994416,0.0008890474893994416,0.0052769231429964265,0.013626670164605866,1,0,0.0,10,8.300030938335041,0.0,0.0,0.0,0.0,0.0,0.0,,0.0,0.0,0.0,0.013626670164605866,0.0,0.0,0.0,0,0.0,0.0
2024-08-28,4.144999980926514,-0.020210432774924958,42.21190643310547,-0.034739475739642645,0.014529042964717687,0.014529042964717687,0.010223939166986887,0.016579087812930667,1,0,0.0,10,17.504837387361302,0.0,0.0,0.0,0.0,0.0,0.0,,0.0,0.0,0.0,0.016579087812930667,0.0,0.0,0.0,0,0.0,0.0
2024-08-29,4.147500038146973,0.0006031501162757635,42.192176818847656,-0.000467394532134624,0.0010705446484103875,0.0010705446484103875,0.010261779480750221,0.016542915255810517,1,0,0.0,10,7.883221790000165,0.0,0.0,0.0,0.0,0.0,0.0,,0.0,0.0,0.0,0.016542915255810517,0.0,0.0,0.0,0,0.0,0.0
2024-08-30,4.144999980926514,-0.000602786545500833,42.75447463989258,0.013327063532634353,-0.013929850078135186,0.013929850078135186,0.010232846178768748,0.01858012735836785,0,0,0.0,10,228.0488882551361,0.0,0.0,0.0,0.0,0.0,0.0,,0.0,0.0,0.0,0.01858012735836785,0.0,0.0,0.0,0,0.0,0.0
2024-08-31,4.144999980926514,0.0,42.75447463989258,0.0,0.0,0.0,0.009750036935392146,0.018242229664568725,1,0,0.0,10,,0.0,0.0,0.0,0.0,0.0,0.0,,0.0,0.0,0.0,0.018242229664568725,0.0,0.0,0.0,0,0.0,0.0
2024-09-01,4.144999980926514,0.0,42.75447463989258,0.0,0.0,0.0,0.009048471627637703,0.017950731643364155,1,0,0.0,10,,0.0,0.0,0.0,0.0,0.0,0.0,,0.0,0.0,0.0,0.017950731643364155,0.0,0.0,0.0,0,0.0,0.0
2024-09-02,4.144999980926514,0.0,42.75447463989258,0.0,0.0,0.0,0.00042636300723869545,0.00601570575018112,1,0,0.0,10,,0.0,0.0,0.0,0.0,0.0,0.0,,0.0,0.0,0.0,0.00601570575018112,0.0,0.0,0.0,0,0.0,0.0
2024-09-03,4.0320000648498535,-0.027261741036582965,39.53852081298828,-0.07521911692264394,0.04795737588606097,0.04795737588606097,0.012127236870889123,0.03559986277522316,1,1,1.0,10,27.056681526180068,-271.0,10.0,1092.6720175743103,-395.3852081298828,0.0,0.0,Opened,1092.6720175743103,-395.3852081298828,0.0,0.03559986277522316,1488.0572257041931,0.0,0.0,0,0.0,1488.0572257041931
2024-09-04,4.019499778747559,-0.0031002693207448084,39.5089225769043,-0.0007485923973732378,-0.0023516769233715706,0.0023516769233715706,0.011921030362548062,0.033556882190296095,0,0,-1.0,10,2.3733903205765534,271.0,-10.0,-1089.2844400405884,395.08922576904297,3.387577533721924,-0.29598236083984375,Closed,-1089.2844400405884,395.08922576904297,3.09159517288208,0.033556882190296095,1484.3736658096313,3.09159517288208,0.0020827607253432454,0,3.09159517288208,0.0
2024-09-05,4.077499866485596,0.014429678052155337,39.29189682006836,-0.005493082136408423,0.01992276018856376,0.01992276018856376,0.015085273948119336,0.03302074266130173,1,0,0.0,10,3.668330788960212,0.0,0.0,0.0,0.0,0.0,0.0,,0.0,0.0,0.0,0.03302074266130173,0.0,0.0,0.0,0,0.0,0.0
2024-09-06,4.014500141143799,-0.015450576923279336,38.05878448486328,-0.031383375072268516,0.01593279814898918,0.01593279814898918,0.01583329349685058,0.03212010639604363,1,0,0.0,10,19.256545620879425,0.0,0.0,0.0,0.0,0.0,0.0,,0.0,0.0,0.0,0.03212010639604363,0.0,0.0,0.0,0,0.0,0.0
2024-09-07,4.014500141143799,0.0,38.05878448486328,0.0,0.0,0.0,0.01583329349685058,0.03212010639604363,1,0,0.0,10,,0.0,0.0,0.0,0.0,0.0,0.0,,0.0,0.0,0.0,0.03212010639604363,0.0,0.0,0.0,0,0.0,0.0
2024-09-08,4.014500141143799,0.0,38.05878448486328,0.0,0.0,0.0,0.010643669484240923,0.013532569058477582,1,0,0.0,10,,0.0,0.0,0.0,0.0,0.0,0.0,,0.0,0.0,0.0,0.013532569058477582,0.0,0.0,0.0,0,0.0,0.0
2024-09-09,4.084499835968018,0.017436714998912528,38.6112174987793,0.014515256369675322,0.002921458629237206,0.002921458629237206,0.01320112838052165,0.01677630910815136,1,0,0.0,10,7.8692737748863975,0.0,0.0,0.0,0.0,0.0,0.0,,0.0,0.0,0.0,0.01677630910815136,0.0,0.0,0.0,0,0.0,0.0
2024-09-10,4.040500164031982,-0.010772352479629155,38.44351577758789,-0.004343341962648739,-0.006429010516980416,0.006429010516980416,0.012682304822569235,0.01676669544885006,0,0,0.0,10,3.836201740763653,0.0,0.0,0.0,0.0,0.0,0.0,,0.0,0.0,0.0,0.01676669544885006,0.0,0.0,0.0,0,0.0,0.0
2024-09-11,4.083000183105469,0.010518504479177126,39.18338394165039,0.019245590552720238,-0.008727086073543111,0.008727086073543111,0.010858998120450486,0.010330441943517048,0,0,0.0,10,17.559000291534637,0.0,0.0,0.0,0.0,0.0,0.0,,0.0,0.0,0.0,0.010858998120450486,0.0,0.0,0.0,0,0.0,0.0
2024-09-12,4.132999897003174,0.012245827003533494,40.34743881225586,0.029707869854704416,-0.017462042851170922,0.017462042851170922,0.011263572004974885,0.013994155784818166,0,1,1.0,10,23.682850310096725,237.0,-10.0,-979.5209755897522,403.4743881225586,0.0,0.0,Opened,-979.5209755897522,403.4743881225586,0.0,0.013994155784818166,1382.9953637123108,0.0,0.0,0,0.0,1382.9953637123108
2024-09-13,4.175000190734863,0.010162181170665807,40.791358947753906,0.011002436550277439,-0.0008402553796116319,0.0008402553796116319,0.010845094168973632,0.012449690745058648,0,1,0.0,10,10.57824481404048,-237.0,10.0,989.4750452041626,-407.91358947753906,9.9540696144104,-4.439201354980469,Live,0.0,0.0,0.0,0.012449690745058648,1397.3886346817017,5.514868259429932,0.003946552964978217,0,0.0,0.0
2024-09-14,4.175000190734863,0.0,40.791358947753906,0.0,0.0,0.0,0.009769229204099714,0.013913278386660186,1,0,-1.0,10,,-237.0,10.0,989.4750452041626,-407.91358947753906,9.9540696144104,-4.439201354980469,Closed,989.4750452041626,-407.91358947753906,5.514868259429932,0.013913278386660186,1397.3886346817017,5.514868259429932,0.003946552964978217,0,5.514868259429932,0.0
2024-09-15,4.175000190734863,0.0,40.791358947753906,0.0,0.0,0.0,0.006062963271408308,0.012797089327942558,1,0,0.0,10,,0.0,0.0,0.0,0.0,0.0,0.0,,0.0,0.0,0.0,0.012797089327942558,0.0,0.0,0.0,0,0.0,0.0
2024-09-16,4.2129998207092285,0.009101707362479505,41.23527908325195,0.010882700330396622,-0.0017809929679171166,0.0017809929679171166,0.005862995126589246,0.012141629205225936,0,0,0.0,10,11.702840879323084,0.0,0.0,0.0,0.0,0.0,0.0,,0.0,0.0,0.0,0.012141629205225936,0.0,0.0,0.0,0,0.0,0.0
2024-09-17,4.213500022888184,0.00011872826969905326,41.37338638305664,0.0033492510024208944,-0.003230522732721841,0.003230522732721841,0.005267540522732017,0.005553138581793316,0,0,0.0,10,276.99480618074614,0.0,0.0,0.0,0.0,0.0,0.0,,0.0,0.0,0.0,0.005553138581793316,0.0,0.0,0.0,0,0.0,0.0
2024-09-18,4.23799991607666,0.0058146180266738234,41.590415954589844,0.005245632289410107,0.0005689857372637164,0.0005689857372637164,0.004226534881124491,0.004508105314928616,1,0,0.0,10,8.853377319281838,0.0,0.0,0.0,0.0,0.0,0.0,,0.0,0.0,0.0,0.004508105314928616,0.0,0.0,0.0,0,0.0,0.0
2024-09-19,4.285999774932861,0.011326064135611658,43.080013275146484,0.035815879364684555,-0.024489815229072898,0.024489815229072898,0.0051469160338893415,0.01439158705392458,0,1,1.0,10,31.78485880766077,318.0,-10.0,-1362.94792842865,430.80013275146484,0.0,0.0,Opened,-1362.94792842865,430.80013275146484,0.0,0.01439158705392458,1793.7480611801147,0.0,0.0,0,0.0,1793.7480611801147
2024-09-20,4.281499862670898,-0.0010499095889554555,42.81366729736328,-0.006182588108366804,0.005132678519411349,0.005132678519411349,0.005429446170992261,0.01577809645513563,1,0,-1.0,10,58.88503092327092,-318.0,10.0,1361.5169563293457,-428.1366729736328,-1.4309720993041992,2.6634597778320312,Closed,1361.5169563293457,-428.1366729736328,1.232487678527832,0.01577809645513563,1789.6536293029785,1.232487678527832,0.0006886738631138655,0,1.232487678527832,0.0
2024-09-21,4.281499862670898,0.0,42.81366729736328,0.0,0.0,0.0,0.005259665736315513,0.016335980877494934,1,0,0.0,10,,0.0,0.0,0.0,0.0,0.0,0.0,,0.0,0.0,0.0,0.016335980877494934,0.0,0.0,0.0,0,0.0,0.0
2024-09-22,4.281499862670898,0.0,42.81366729736328,0.0,0.0,0.0,0.005277528525355548,0.016622352473080512,1,0,0.0,10,,0.0,0.0,0.0,0.0,0.0,0.0,,0.0,0.0,0.0,0.016622352473080512,0.0,0.0,0.0,0,0.0,0.0
2024-09-23,4.289000034332275,0.0017517626770862105,43.0997428894043,0.0066818754407107495,-0.004930112763624539,0.004930112763624539,0.005087154235856337,0.0165973702987998,0,0,0.0,10,38.33025744062688,0.0,0.0,0.0,0.0,0.0,0.0,,0.0,0.0,0.0,0.0165973702987998,0.0,0.0,0.0,0,0.0,0.0
2024-09-24,4.429500102996826,0.03275823444623138,46.167728424072266,0.07118338368144195,-0.038425149235210565,0.038425149235210565,0.014606140961036218,0.03210243332960965,0,1,1.0,10,22.648629738417927,227.0,-10.0,-1005.4965233802795,461.67728424072266,0.0,0.0,Opened,-1005.4965233802795,461.67728424072266,0.0,0.03210243332960965,1467.1738076210022,0.0,0.0,0,0.0,1467.1738076210022
2024-09-25,4.427999973297119,-0.0003386679455525954,45.34894561767578,-0.017734959772670256,0.01739629182711766,0.01739629182711766,0.014515072725734143,0.034289647817931514,1,0,-1.0,10,536.3097579916025,-227.0,10.0,1005.155993938446,-453.4894561767578,-0.3405294418334961,8.187828063964844,Closed,1005.155993938446,-453.4894561767578,7.847298622131348,0.034289647817931514,1458.6454501152039,7.847298622131348,0.005379853357449933,0,7.847298622131348,0.0
2024-09-26,4.580999851226807,0.03455281816900335,47.746116638183594,0.05286056793288396,-0.01830774976388061,0.01830774976388061,0.018204263581648814,0.03764008101155453,0,0,0.0,10,15.945058873239743,0.0,0.0,0.0,0.0,0.0,0.0,,0.0,0.0,0.0,0.03764008101155453,0.0,0.0,0.0,0,0.0,0.0
2024-09-27,4.540999889373779,-0.008731709921866782,47.410709381103516,-0.007024807056493554,-0.0017069028653732277,0.0017069028653732277,0.02016560676270446,0.03880746301387182,0,0,0.0,10,8.399628202826372,0.0,0.0,0.0,0.0,0.0,0.0,,0.0,0.0,0.0,0.03880746301387182,0.0,0.0,0.0,0,0.0,0.0
2024-09-28,4.540999889373779,0.0,47.410709381103516,0.0,0.0,0.0,0.02040196916093688,0.03954023456289417,1,0,0.0,10,,0.0,0.0,0.0,0.0,0.0,0.0,,0.0,0.0,0.0,0.03954023456289417,0.0,0.0,0.0,0,0.0,0.0
2024-09-29,4.540999889373779,0.0,47.410709381103516,0.0,0.0,0.0,0.01688478416217116,0.027386973865197565,1,0,0.0,10,,0.0,0.0,0.0,0.0,0.0,0.0,,0.0,0.0,0.0,0.027386973865197565,0.0,0.0,0.0,0,0.0,0.0
2024-09-30,4.495999813079834,-0.009909728559837294,46.63138198852539,-0.016437792278399033,0.0065280637185617385,0.0065280637185617385,0.018150126177239188,0.027115219249611883,1,0,0.0,10,17.204170239734935,0.0,0.0,0.0,0.0,0.0,0.0,,0.0,0.0,0.0,0.027115219249611883,0.0,0.0,0.0,0,0.0,0.0
2024-10-01,4.5355000495910645,0.008785640158684105,47.440303802490234,0.017347155058880626,-0.00856151490019652,0.00856151490019652,0.0076191469202654145,0.012379347580415865,0,0,0.0,10,20.65271416828401,0.0,0.0,0.0,0.0,0.0,0.0,,0.0,0.0,0.0,0.012379347580415865,0.0,0.0,0.0,0,0.0,0.0
2024-10-02,4.5960001945495605,0.013339244691211283,47.913818359375,0.009981271596745334,0.003357973094465949,0.003357973094465949,0.008992825382234443,0.012718386325365151,1,0,0.0,10,7.800732360550147,0.0,0.0,0.0,0.0,0.0,0.0,,0.0,0.0,0.0,0.012718386325365151,0.0,0.0,0.0,0,0.0,0.0
2024-10-03,4.501999855041504,-0.02045264045452666,46.07894515991211,-0.03829528228580159,0.01784264183127493,0.01784264183127493,0.01376648933597194,0.02228831692985849,1,0,0.0,10,19.16429923425401,0.0,0.0,0.0,0.0,0.0,0.0,,0.0,0.0,0.0,0.02228831692985849,0.0,0.0,0.0,0,0.0,0.0
2024-10-04,4.522500038146973,0.004553572582307375,47.1147575378418,0.022479081809164914,-0.01792550922685754,0.01792550922685754,0.01405041748467813,0.0256794475717696,0,0,0.0,10,51.428598066590816,0.0,0.0,0.0,0.0,0.0,0.0,,0.0,0.0,0.0,0.0256794475717696,0.0,0.0,0.0,0,0.0,0.0
2024-10-05,4.522500038146973,0.0,47.1147575378418,0.0,0.0,0.0,0.01309977373226798,0.024217148187482513,1,0,0.0,10,,0.0,0.0,0.0,0.0,0.0,0.0,,0.0,0.0,0.0,0.024217148187482513,0.0,0.0,0.0,0,0.0,0.0
2024-10-06,4.522500038146973,0.0,47.1147575378418,0.0,0.0,0.0,0.012406353561914243,0.0227192334158399,1,0,0.0,10,,0.0,0.0,0.0,0.0,0.0,0.0,,0.0,0.0,0.0,0.0227192334158399,0.0,0.0,0.0,0,0.0,0.0
2024-10-07,4.519000053405762,-0.0007739048560948536,47.262733459472656,0.0031407552402664685,-0.003914660096361322,0.003914660096361322,0.009798556649207982,0.02207696041931251,0,0,0.0,10,42.444655249089045,0.0,0.0,0.0,0.0,0.0,0.0,,0.0,0.0,0.0,0.02207696041931251,0.0,0.0,0.0,0,0.0,0.0
2024-10-08,4.4120001792907715,-0.023677776687422103,45.12205123901367,-0.04529323768999949,0.021615461002577385,0.021615461002577385,0.011211424004131106,0.024946153532921202,1,0,0.0,10,19.563464160517547,0.0,0.0,0.0,0.0,0.0,0.0,,0.0,0.0,0.0,0.024946153532921202,0.0,0.0,0.0,0,0.0,0.0
2024-10-09,4.355000019073486,-0.01291934675905837,44.98394012451172,-0.0030608341311960663,-0.009858512627862304,0.009858512627862304,0.010592766482228998,0.020382968566006708,0,0,0.0,10,2.4471949722103132,0.0,0.0,0.0,0.0,0.0,0.0,,0.0,0.0,0.0,0.020382968566006708,0.0,0.0,0.0,0,0.0,0.0
2024-10-10,4.385000228881836,0.006888681900564464,45.64488983154297,0.014693015000504461,-0.007804333099939997,0.007804333099939997,0.012142536886491645,0.022914500636026142,0,0,0.0,10,22.202267663299637,0.0,0.0,0.0,0.0,0.0,0.0,,0.0,0.0,0.0,0.022914500636026142,0.0,0.0,0.0,0,0.0,0.0
2024-10-11,4.451499938964844,0.015165269466808073,46.2170524597168,0.01253508619005217,0.002630183276755904,0.002630183276755904,0.015481136307025353,0.024387650104972205,1,0,0.0,10,8.581694808198838,0.0,0.0,0.0,0.0,0.0,0.0,,0.0,0.0,0.0,0.024387650104972205,0.0,0.0,0.0,0,0.0,0.0
2024-10-12,4.451499938964844,0.0,46.2170524597168,0.0,0.0,0.0,0.015513584329900862,0.024210523716977066,1,0,0.0,10,,0.0,0.0,0.0,0.0,0.0,0.0,,0.0,0.0,0.0,0.024210523716977066,0.0,0.0,0.0,0,0.0,0.0
2024-10-13,4.451499938964844,0.0,46.2170524597168,0.0,0.0,0.0,0.01033997892573788,0.008148165771388079,1,0,0.0,10,,0.0,0.0,0.0,0.0,0.0,0.0,,0.0,0.0,0.0,0.01033997892573788,0.0,0.0,0.0,0,0.0,0.0
2024-10-14,4.363500118255615,-0.019768577314569602,45.51664733886719,-0.015154690391822156,-0.0046138869227474455,0.0046138869227474455,0.012915024181722813,0.011974183341736335,0,0,0.0,10,7.996628601136579,0.0,0.0,0.0,0.0,0.0,0.0,,0.0,0.0,0.0,0.012915024181722813,0.0,0.0,0.0,0,0.0,0.0
2024-10-15,4.30049991607666,-0.014437997128814217,44.638671875,-0.019289106627971564,0.004851109499157347,0.004851109499157347,0.013754304318035092,0.01287307596424629,1,0,0.0,10,13.867477944777557,0.0,0.0,0.0,0.0,0.0,0.0,,0.0,0.0,0.0,0.013754304318035092,0.0,0.0,0.0,0,0.0,0.0
2024-10-16,4.331500053405762,0.0072084962060370295,45.25029373168945,0.013701614116167216,-0.006493117910130186,0.006493117910130186,0.011240947268627302,0.013261041384861958,0,0,0.0,10,19.85684000467315,0.0,0.0,0.0,0.0,0.0,0.0,,0.0,0.0,0.0,0.013261041384861958,0.0,0.0,0.0,0,0.0,0.0
2024-10-17,4.286499977111816,-0.010389028220965324,44.39204788208008,-0.018966635989112524,0.0085776077681472,0.0085776077681472,0.01094974416592917,0.014438176182761218,1,0,0.0,10,18.90678726879598,0.0,0.0,0.0,0.0,0.0,0.0,,0.0,0.0,0.0,0.014438176182761218,0.0,0.0,0.0,0,0.0,0.0
2024-10-18,4.3460001945495605,0.013880839322396143,45.191104888916016,0.01800000326541573,-0.004119163943019588,0.004119163943019588,0.014502719714103647,0.018567090293553253,0,0,0.0,10,13.48404133057005,0.0,0.0,0.0,0.0,0.0,0.0,,0.0,0.0,0.0,0.018567090293553253,0.0,0.0,0.0,0,0.0,0.0
2024-10-19,4.3460001945495605,0.0,45.191104888916016,0.0,0.0,0.0,0.011813485104682013,0.0175708988861665,1,0,0.0,10,,0.0,0.0,0.0,0.0,0.0,0.0,,0.0,0.0,0.0,0.0175708988861665,0.0,0.0,0.0,0,0.0,0.0
2024-10-20,4.3460001945495605,0.0,45.191104888916016,0.0,0.0,0.0,0.009078445763562676,0.014483021762338701,1,0,0.0,10,,0.0,0.0,0.0,0.0,0.0,0.0,,0.0,0.0,0.0,0.014483021762338701,0.0,0.0,0.0,0,0.0,0.0
2024-10-21,4.322999954223633,-0.005292277794826883,44.628807067871094,-0.012442665927887897,0.007150388133061014,0.007150388133061014,0.009054963774982876,0.014165022728767587,1,0,0.0,10,24.27173689807632,0.0,0.0,0.0,0.0,0.0,0.0,,0.0,0.0,0.0,0.014165022728767587,0.0,0.0,0.0,0,0.0,0.0
2024-10-22,4.3480000495910645,0.00578304317190792,45.23056411743164,0.013483601491866004,-0.007700558319958084,0.007700558319958084,0.0072941909858520925,0.012125552480593393,0,0,0.0,10,24.254478318681574,0.0,0.0,0.0,0.0,0.0,0.0,,0.0,0.0,0.0,0.012125552480593393,0.0,0.0,0.0,0,0.0,0.0
2024-10-23,4.304500102996826,-0.010004587419066291,44.36245346069336,-0.019193009719808418,0.009188422300742127,0.009188422300742127,0.005988342843437552,0.01264020873499891,1,0,0.0,10,19.77136865754843,0.0,0.0,0.0,0.0,0.0,0.0,,0.0,0.0,0.0,0.01264020873499891,0.0,0.0,0.0,0,0.0,0.0
2024-10-24,4.319499969482422,0.0034846941867077152,44.293399810791016,-0.001556578694718258,0.005041272881425973,0.005041272881425973,0.0064501274996570735,0.012547268671759674,1,0,0.0,10,4.580490136291858,0.0,0.0,0.0,0.0,0.0,0.0,,0.0,0.0,0.0,0.012547268671759674,0.0,0.0,0.0,0,0.0,0.0
2024-10-25,4.3394999504089355,0.004630161145460221,44.39204788208008,0.0022271505847475392,0.0024030105607126817,0.0024030105607126817,0.006977349537042706,0.012759913982422398,1,0,0.0,10,4.920610265858133,0.0,0.0,0.0,0.0,0.0,0.0,,0.0,0.0,0.0,0.012759913982422398,0.0,0.0,0.0,0,0.0,0.0
2024-10-26,4.3394999504089355,0.0,44.39204788208008,0.0,0.0,0.0,0.006404788624942398,0.011752492224290548,1,0,0.0,10,,0.0,0.0,0.0,0.0,0.0,0.0,,0.0,0.0,0.0,0.011752492224290548,0.0,0.0,0.0,0,0.0,0.0
2024-10-27,4.3394999504089355,0.0,44.39204788208008,0.0,0.0,0.0,0.005765393259819674,0.008762685353717709,1,0,0.0,10,,0.0,0.0,0.0,0.0,0.0,0.0,,0.0,0.0,0.0,0.008762685353717709,0.0,0.0,0.0,0,0.0,0.0
2024-10-28,4.331999778747559,-0.0017283492907218534,44.56961441040039,0.003999962533649981,-0.0057283118243718345,0.0057283118243718345,0.0026651071833540133,0.0021805996233852628,0,1,1.0,10,23.810847787534907,239.0,-10.0,-1035.3479471206665,445.6961441040039,0.0,0.0,Opened,-1035.3479471206665,445.6961441040039,0.0,0.0026651071833540133,1481.0440912246704,0.0,0.0,0,0.0,1481.0440912246704
2024-10-29,4.332499980926514,0.00011546680621021821,44.4216423034668,-0.0033200221471753055,0.0034354889533855237,0.0034354889533855237,0.002377925670802439,0.0027519180344115312,1,0,-1.0,10,294.8084100599348,-239.0,10.0,1035.4674954414368,-444.21642303466797,0.11954832077026367,1.4797210693359375,Closed,1035.4674954414368,-444.21642303466797,1.5992693901062012,0.0027519180344115312,1479.6839184761047,1.5992693901062012,0.0010808182545859219,0,1.5992693901062012,0.0
2024-10-30,4.327499866485596,-0.0011540945096204513,43.888938903808594,-0.011991978955191107,0.010837884445570656,0.010837884445570656,0.0008368431235906121,0.006025723261029518,1,1,1.0,10,105.38225820084105,-1054.0,10.0,4561.184859275818,-438.88938903808594,0.0,0.0,Opened,4561.184859275818,-438.88938903808594,0.0,0.006025723261029518,5000.074248313904,0.0,0.0,0,0.0,5000.074248313904
2024-10-31,4.313499927520752,-0.0032351102014506194,43.0997428894043,-0.0179816608493083,0.014746550647857681,0.014746550647857681,0.0013778049450184537,0.008979779623839662,1,1,0.0,10,55.53740807097471,1054.0,-10.0,-4546.428923606873,430.99742889404297,14.755935668945312,-7.891960144042969,Live,0.0,0.0,0.0,0.008979779623839662,4977.4263525009155,6.863975524902344,0.0013790210118234153,0,0.0,0.0
2024-11-01,4.347499847412109,0.007882211768321268,43.632450103759766,0.012359869888839414,-0.0044776581205181465,0.0044776581205181465,0.0043652229234485765,0.012140689855337283,0,0,-1.0,10,15.737502988181978,1054.0,-10.0,-4582.264839172363,436.32450103759766,-21.07997989654541,-2.5648880004882812,Closed,-4582.264839172363,436.32450103759766,-23.64486789703369,0.012140689855337283,5018.589340209961,-23.64486789703369,-0.004711457003980419,0,-23.64486789703369,0.0
2024-11-02,4.347499847412109,0.0,43.632450103759766,0.0,0.0,0.0,0.004223039496974088,0.011654311293058583,1,0,0.0,10,,0.0,0.0,0.0,0.0,0.0,0.0,,0.0,0.0,0.0,0.011654311293058583,0.0,0.0,0.0,0,0.0,0.0
2024-11-03,4.347499847412109,0.0,43.632450103759766,0.0,0.0,0.0,0.004227496743136879,0.011809583943792857,1,0,0.0,10,,0.0,0.0,0.0,0.0,0.0,0.0,,0.0,0.0,0.0,0.011809583943792857,0.0,0.0,0.0,0,0.0,0.0
2024-11-04,4.4070000648498535,0.013686076946767933,43.90866470336914,0.006330485658094576,0.007355591288673358,0.007355591288673358,0.00694051179104358,0.0113587093192958,1,0,0.0,10,4.608559776643542,0.0,0.0,0.0,0.0,0.0,0.0,,0.0,0.0,0.0,0.0113587093192958,0.0,0.0,0.0,0,0.0,0.0
2024-11-05,4.450500011444092,0.00987064804949589,45.033267974853516,0.025612331394766485,-0.015741683345270596,0.015741683345270596,0.006107092362430309,0.010680441678142928,0,1,1.0,10,26.255972153976085,263.0,-10.0,-1170.4815030097961,450.33267974853516,0.0,0.0,Opened,-1170.4815030097961,450.33267974853516,0.0,0.010680441678142928,1620.8141827583313,0.0,0.0,0,0.0,1620.8141827583313
2024-11-06,4.222499847412109,-0.051230235579305394,43.25758361816406,-0.03943050186100172,-0.011799733718303673,0.011799733718303673,0.026249337110787484,0.023662301031365907,0,1,0.0,10,7.884943126514414,-263.0,10.0,1110.5174598693848,-432.5758361816406,-59.96404314041138,17.75684356689453,Live,0.0,0.0,0.0,0.026249337110787484,1543.0932960510254,-42.207199573516846,-0.02735233163252702,1,-42.207199573516846,0.0
2024-11-07,4.409999847412109,0.044404974961672394,45.83232116699219,0.059521067370646774,-0.01511609240897438,0.01511609240897438,0.03473142976439739,0.03623566587602257,0,1,0.0,10,13.930681380416422,-263.0,10.0,1159.8299598693848,-458.3232116699219,-10.651543140411377,-7.990531921386719,Live,0.0,0.0,0.0,0.03623566587602257,1618.1531715393066,-18.642075061798096,-0.011520587413899995,0,0.0,0.0
2024-11-08,4.286499977111816,-0.028004506705995857,43.5239372253418,-0.05036585280592021,0.02236134609992435,0.02236134609992435,0.037549678204849536,0.04563373616049864,1,0,-1.0,10,18.261380865690214,-263.0,10.0,1127.3494939804077,-435.23937225341797,-43.13200902938843,15.093307495117188,Closed,1127.3494939804077,-435.23937225341797,-28.03870153427124,0.04563373616049864,1562.5888662338257,-28.03870153427124,-0.017943748442192937,0,0.0,0.0
2024-11-09,4.286499977111816,0.0,43.5239372253418,0.0,0.0,0.0,0.03658356666808538,0.04551341548034657,1,0,0.0,10,,0.0,0.0,0.0,0.0,0.0,0.0,,0.0,0.0,0.0,0.04551341548034657,0.0,0.0,0.0,0,0.0,0.0
2024-11-10,4.286499977111816,0.0,43.5239372253418,0.0,0.0,0.0,0.03583981269601038,0.043159363012690376,1,0,0.0,10,,0.0,0.0,0.0,0.0,0.0,0.0,,0.0,0.0,0.0,0.043159363012690376,0.0,0.0,0.0,0,0.0,0.0
2024-11-11,4.210999965667725,-0.017613440300298988,42.70515060424805,-0.01881232887674078,0.0011988885764417923,0.0011988885764417923,0.02768570577106945,0.040045999601109585,1,0,0.0,10,10.831619380966439,0.0,0.0,0.0,0.0,0.0,0.0,,0.0,0.0,0.0,0.040045999601109585,0.0,0.0,0.0,0,0.0,0.0
2024-11-12,4.119500160217285,-0.02172875948621167,41.363525390625,-0.031416004735728253,0.009687245249516585,0.009687245249516585,0.012840452569812713,0.021527599331753373,1,0,0.0,10,14.51740668682602,0.0,0.0,0.0,0.0,0.0,0.0,,0.0,0.0,0.0,0.021527599331753373,0.0,0.0,0.0,0,0.0,0.0
2024-11-13,4.065999984741211,-0.012987055078364729,40.31784439086914,-0.025280267817618385,0.012293212739253656,0.012293212739253656,0.010041982930274506,0.014488368043597035,1,0,0.0,10,19.301938156185845,0.0,0.0,0.0,0.0,0.0,0.0,,0.0,0.0,0.0,0.014488368043597035,0.0,0.0,0.0,0,0.0,0.0
2024-11-14,4.072999954223633,0.0017215862047936792,40.820953369140625,0.012478568382624733,-0.010756982177831054,0.010756982177831054,0.01050919241960494,0.018310643543711466,0,0,0.0,10,72.64483263282976,0.0,0.0,0.0,0.0,0.0,0.0,,0.0,0.0,0.0,0.018310643543711466,0.0,0.0,0.0,0,0.0,0.0
2024-11-15,4.051000118255615,-0.005401383799477855,40.544734954833984,-0.0067665841071573585,0.0013652003076795038,0.0013652003076795038,0.009430958092322512,0.01737202340234012,1,0,0.0,10,12.538242255782567,0.0,0.0,0.0,0.0,0.0,0.0,,0.0,0.0,0.0,0.01737202340234012,0.0,0.0,0.0,0,0.0,0.0
2024-11-16,4.051000118255615,0.0,40.544734954833984,0.0,0.0,0.0,0.00972235552491067,0.018080922913422434,1,0,0.0,10,,0.0,0.0,0.0,0.0,0.0,0.0,,0.0,0.0,0.0,0.018080922913422434,0.0,0.0,0.0,0,0.0,0.0
2024-11-17,4.051000118255615,0.0,40.544734954833984,0.0,0.0,0.0,0.0060258943322393675,0.01382036293058521,1,0,0.0,10,,0.0,0.0,0.0,0.0,0.0,0.0,,0.0,0.0,0.0,0.01382036293058521,0.0,0.0,0.0,0,0.0,0.0
2024-11-18,4.107999801635742,0.014070521282697701,41.610145568847656,0.02627740975987436,-0.012206888477176658,0.012206888477176658,0.007220196455508006,0.013108578554688326,0,0,0.0,10,18.916517525271875,0.0,0.0,0.0,0.0,0.0,0.0,,0.0,0.0,0.0,0.013108578554688326,0.0,0.0,0.0,0,0.0,0.0
2024-11-19,4.130000114440918,0.005355480493552056,42.32041931152344,0.017069725014553727,-0.011714244521001671,0.011714244521001671,0.007356930500454188,0.013784385176857707,0,0,0.0,10,32.660887478724796,0.0,0.0,0.0,0.0,0.0,0.0,,0.0,0.0,0.0,0.013784385176857707,0.0,0.0,0.0,0,0.0,0.0
2024-11-20,4.143499851226807,0.0032687013103669393,41.95541763305664,-0.008624717911701052,0.011893419222067991,0.011893419222067991,0.005795153990665945,0.01427527835332322,1,0,0.0,10,26.717165659993572,0.0,0.0,0.0,0.0,0.0,0.0,,0.0,0.0,0.0,0.01427527835332322,0.0,0.0,0.0,0,0.0,0.0
2024-11-21,4.11299991607666,-0.007360911366055989,42.21190643310547,0.00611336543690455,-0.013474276802960539,0.013474276802960539,0.007818297947333052,0.013785178168759652,0,0,0.0,10,8.523638749413832,0.0,0.0,0.0,0.0,0.0,0.0,,0.0,0.0,0.0,0.013785178168759652,0.0,0.0,0.0,0,0.0,0.0
2024-11-22,4.073999881744385,-0.009482138372975513,42.01460647583008,-0.0046740356915189185,-0.004808102681456594,0.004808102681456594,0.009677173446094553,0.014611202875517253,0,0,0.0,10,5.083525703348253,0.0,0.0,0.0,0.0,0.0,0.0,,0.0,0.0,0.0,0.014611202875517253,0.0,0.0,0.0,0,0.0,0.0
2024-11-23,4.073999881744385,0.0,42.01460647583008,0.0,0.0,0.0,0.006518235685548631,0.01006778395121953,1,0,0.0,10,,0.0,0.0,0.0,0.0,0.0,0.0,,0.0,0.0,0.0,0.01006778395121953,0.0,0.0,0.0,0,0.0,0.0
2024-11-24,4.073999881744385,0.0,42.01460647583008,0.0,0.0,0.0,0.005429681976576266,0.005551568360540451,1,0,0.0,10,,0.0,0.0,0.0,0.0,0.0,0.0,,0.0,0.0,0.0,0.005551568360540451,0.0,0.0,0.0,0,0.0,0.0
2024-11-25,4.0914998054504395,0.004295514043697324,41.8962287902832,-0.002817536458778358,0.007113050502475682,0.007113050502475682,0.0057240124641211145,0.004085904659873404,1,1,1.0,10,6.7165584565873315,-68.0,10.0,278.2219867706299,-418.96228790283203,0.0,0.0,Opened,278.2219867706299,-418.96228790283203,0.0,0.0057240124641211145,697.1842746734619,0.0,0.0,0,0.0,697.1842746734619
2024-11-26,4.039000034332275,-0.012831424566665528,41.294471740722656,-0.014363036171410992,0.0015316116047454642,0.0015316116047454642,0.007212451528963026,0.005927840003414673,1,1,0.0,10,11.444305351779775,68.0,-10.0,-274.6520023345947,412.94471740722656,3.5699844360351562,-6.017570495605469,Live,0.0,0.0,0.0,0.007212451528963026,687.5967197418213,-2.4475860595703125,-0.0035596243979891754,0,0.0,0.0
2024-11-27,4.066999912261963,0.0069323787303003925,41.610145568847656,0.00764445735271857,-0.0007120786224181774,0.0007120786224181774,0.007593426586988493,0.007976301603159947,0,0,-1.0,10,11.282087226928448,68.0,-10.0,-276.5559940338135,416.10145568847656,1.6659927368164062,-2.8608322143554688,Closed,-276.5559940338135,416.10145568847656,-1.1948394775390625,0.007976301603159947,692.65744972229,-1.1948394775390625,-0.001725007762521163,0,-1.1948394775390625,0.0
2024-11-28,4.066999912261963,0.0,41.610145568847656,0.0,0.0,0.0,0.007593426586988493,0.007976301603159947,1,0,0.0,10,,0.0,0.0,0.0,0.0,0.0,0.0,,0.0,0.0,0.0,0.007976301603159947,0.0,0.0,0.0,0,0.0,0.0
2024-11-29,4.08050012588501,0.003319452646739496,42.05406951904297,0.010668646891917266,-0.00734919424517777,0.00734919424517777,0.007771496978838959,0.009826450896791305,0,0,0.0,10,33.1235973142397,0.0,0.0,0.0,0.0,0.0,0.0,,0.0,0.0,0.0,0.009826450896791305,0.0,0.0,0.0,0,0.0,0.0
2024-11-30,4.08050012588501,0.0,42.05406951904297,0.0,0.0,0.0,0.007456393849232793,0.009688059083564926,1,0,0.0,10,,0.0,0.0,0.0,0.0,0.0,0.0,,0.0,0.0,0.0,0.009688059083564926,0.0,0.0,0.0,0,0.0,0.0
2024-12-01,4.08050012588501,0.0,42.05406951904297,0.0,0.0,0.0,0.0030845028536872496,0.0051279576174867595,1,0,0.0,10,,0.0,0.0,0.0,0.0,0.0,0.0,,0.0,0.0,0.0,0.0051279576174867595,0.0,0.0,0.0,0,0.0,0.0
2024-12-02,4.075500011444092,-0.0012253680398633948,41.76798629760742,-0.006802747622462579,0.0055773795825991845,0.0055773795825991845,0.0017061106821450365,0.006267143812914583,1,0,0.0,10,56.895831583329446,0.0,0.0,0.0,0.0,0.0,0.0,,0.0,0.0,0.0,0.006267143812914583,0.0,0.0,0.0,0,0.0,0.0
2024-12-03,4.145999908447266,0.01729846566193327,42.16258239746094,0.009447333588024076,0.007851132073909195,0.007851132073909195,0.0076899773370682455,0.007312678712675099,1,1,1.0,10,5.553919512224279,-56.0,10.0,232.17599487304688,-421.6258239746094,0.0,0.0,Opened,232.17599487304688,-421.6258239746094,0.0,0.0076899773370682455,653.8018188476562,0.0,0.0,0,0.0,653.8018188476562
2024-12-04,4.142000198364258,-0.0009647154296502647,41.92582321166992,-0.005615386257870059,0.004650670828219794,0.004650670828219794,0.008000257409233278,0.006428392471840055,1,1,0.0,10,58.91852874291485,56.0,-10.0,-231.95201110839844,419.2582321166992,0.2239837646484375,-2.3675918579101562,Live,0.0,0.0,0.0,0.008000257409233278,651.2102432250977,-2.1436080932617188,-0.0032917296918512353,0,0.0,0.0
2024-12-05,4.135000228881836,-0.001689997379813346,42.172447204589844,0.005882388800687366,-0.007572386180500712,0.007572386180500712,0.008193207520537236,0.007070521169571297,0,0,-1.0,10,35.49939569407495,56.0,-10.0,-231.5600128173828,421.72447204589844,0.6159820556640625,0.0986480712890625,Closed,-231.5600128173828,421.72447204589844,0.714630126953125,0.008193207520537236,653.2844848632812,0.714630126953125,0.0010939034119303815,0,0.714630126953125,0.0
2024-12-06,4.138500213623047,0.0008464291529572954,41.41284942626953,-0.01801170737461122,0.018858136527568514,0.018858136527568514,0.008132414569344347,0.0109599661559651,1,1,1.0,10,212.939583832788,-2130.0,10.0,8815.00545501709,-414.1284942626953,0.0,0.0,Opened,8815.00545501709,-414.1284942626953,0.0,0.0109599661559651,9229.133949279785,0.0,0.0,0,0.0,9229.133949279785
2024-12-07,4.138500213623047,0.0,41.41284942626953,0.0,0.0,0.0,0.007996108051105158,0.010793974029385141,1,1,0.0,10,,2130.0,-10.0,-8815.00545501709,414.1284942626953,0.0,0.0,Live,0.0,0.0,0.0,0.010793974029385141,9229.133949279785,0.0,0.0,0,0.0,0.0
2024-12-08,4.138500213623047,0.0,41.41284942626953,0.0,0.0,0.0,0.0009809729046314198,0.009049609846046473,1,1,0.0,10,,2130.0,-10.0,-8815.00545501709,414.1284942626953,0.0,0.0,Live,0.0,0.0,0.0,0.009049609846046473,9229.133949279785,0.0,0.0,0,0.0,0.0
2024-12-09,4.223499774932861,0.020538735513414785,42.97150421142578,0.03763698481871525,-0.01709824930530046,0.01709824930530046,0.009325130924759912,0.020282002609112205,0,0,-1.0,10,18.644433946631295,2130.0,-10.0,-8996.054520606995,429.7150421142578,-181.04906558990479,15.5865478515625,Closed,-8996.054520606995,429.7150421142578,-165.46251773834229,0.020282002609112205,9425.769562721252,-165.46251773834229,-0.017554271472192948,0,-165.46251773834229,0.0
2024-12-10,4.223499774932861,0.0,42.576904296875,-0.009182827592194465,0.009182827592194465,0.009182827592194465,0.009097953688047323,0.021233697273431076,1,0,0.0,10,inf,0.0,0.0,0.0,0.0,0.0,0.0,,0.0,0.0,0.0,0.021233697273431076,0.0,0.0,0.0,0,0.0,0.0
2024-12-11,4.214000225067139,-0.0022492128263161826,42.60649871826172,0.000695081567705591,-0.0029442943940217736,0.0029442943940217736,0.009486797230937528,0.01824427624462917,0,0,0.0,10,3.124543049041945,0.0,0.0,0.0,0.0,0.0,0.0,,0.0,0.0,0.0,0.01824427624462917,0.0,0.0,0.0,0,0.0,0.0
2024-12-12,4.195000171661377,-0.004508792688889596,41.284603118896484,-0.031025680098858976,0.02651688740996938,0.02651688740996938,0.010114916243879031,0.024815512821724606,1,1,1.0,10,67.72003502205442,-678.0,10.0,2844.2101163864136,-412.84603118896484,0.0,0.0,Opened,2844.2101163864136,-412.84603118896484,0.0,0.024815512821724606,3257.0561475753784,0.0,0.0,0,0.0,3257.0561475753784
2024-12-13,4.14900016784668,-0.010965435502349297,40.386898040771484,-0.021744306843393346,0.01077887134104405,0.01077887134104405,0.011894152192106402,0.026576163400215458,1,1,0.0,10,19.30264078923141,678.0,-10.0,-2813.022113800049,403.86898040771484,31.188002586364746,-8.97705078125,Live,0.0,0.0,0.0,0.026576163400215458,3216.8910942077637,22.210951805114746,0.006904477383492127,0,0.0,0.0
2024-12-14,4.14900016784668,0.0,40.386898040771484,0.0,0.0,0.0,0.004549859154553192,0.013871852769413892,1,1,0.0,10,,678.0,-10.0,-2813.022113800049,403.86898040771484,31.188002586364746,-8.97705078125,Live,0.0,0.0,0.0,0.013871852769413892,3216.8910942077637,22.210951805114746,0.006904477383492127,0,0.0,0.0
2024-12-15,4.14900016784668,0.0,40.386898040771484,0.0,0.0,0.0,0.004549859154553192,0.014946000218524444,1,1,0.0,10,,678.0,-10.0,-2813.022113800049,403.86898040771484,31.188002586364746,-8.97705078125,Live,0.0,0.0,0.0,0.014946000218524444,3216.8910942077637,22.210951805114746,0.006904477383492127,0,0.0,0.0
2024-12-16,4.143499851226807,-0.0013256968901805832,39.68648910522461,-0.017342479108937714,0.01601678221875713,0.01601678221875713,0.0046335721361586805,0.013720584063592658,1,1,0.0,10,125.2974681254044,678.0,-10.0,-2809.292899131775,396.8648910522461,34.91721725463867,-15.98114013671875,Live,0.0,0.0,0.0,0.013720584063592658,3206.157790184021,18.936077117919922,0.005906158822218499,0,0.0,0.0
2024-12-17,4.0914998054504395,-0.012549788257135042,39.22283935546875,-0.011682810956810563,-0.0008669773003244785,0.0008669773003244785,0.006246622398447753,0.009931693454955225,0,0,-1.0,10,8.924161997096746,678.0,-10.0,-2774.036868095398,392.2283935546875,70.17324829101562,-20.617637634277344,Closed,-2774.036868095398,392.2283935546875,49.55561065673828,0.009931693454955225,3166.2652616500854,49.55561065673828,0.015651124135730998,0,49.55561065673828,0.0
2024-12-18,4.099999904632568,0.002077502037469481,37.69377899169922,-0.03898392846861398,0.04106143050608346,0.04106143050608346,0.005825207961249334,0.016061954825079557,1,1,1.0,10,172.51623691329016,-1726.0,10.0,7076.599835395813,-376.9377899169922,0.0,0.0,Opened,7076.599835395813,-376.9377899169922,0.0,0.016061954825079557,7453.537625312805,0.0,0.0,0,0.0,7453.537625312805
2024-12-19,4.020500183105469,-0.0193901764332417,37.78256607055664,0.002355483616460319,-0.02174566004970202,0.02174566004970202,0.009287213726873035,0.016586606446738136,0,0,-1.0,10,1.1415887789627888,1726.0,-10.0,-6939.383316040039,377.8256607055664,137.21651935577393,0.8878707885742188,Closed,-6939.383316040039,377.8256607055664,138.10439014434814,0.016586606446738136,7317.2089767456055,138.10439014434814,0.018873916350243602,0,138.10439014434814,0.0
2024-12-20,4.040999889373779,0.005098795009250923,38.38432312011719,0.015926844366176862,-0.01082804935692594,0.01082804935692594,0.010361181599629121,0.02074642305365975,0,0,0.0,10,29.670661723732227,0.0,0.0,0.0,0.0,0.0,0.0,,0.0,0.0,0.0,0.02074642305365975,0.0,0.0,0.0,0,0.0,0.0
2024-12-21,4.040999889373779,0.0,38.38432312011719,0.0,0.0,0.0,0.01050169040726455,0.020650044820358503,1,0,0.0,10,,0.0,0.0,0.0,0.0,0.0,0.0,,0.0,0.0,0.0,0.020650044820358503,0.0,0.0,0.0,0,0.0,0.0
2024-12-22,4.040999889373779,0.0,38.38432312011719,0.0,0.0,0.0,0.009701248597997585,0.02057454799528799,1,0,0.0,10,,0.0,0.0,0.0,0.0,0.0,0.0,,0.0,0.0,0.0,0.02057454799528799,0.0,0.0,0.0,0,0.0,0.0
2024-12-23,4.0229997634887695,-0.004454374258297533,38.77892303466797,0.010280236369310192,-0.014734610627607725,0.014734610627607725,0.009374665746995779,0.007101618087958674,0,1,1.0,10,22.24652249907119,223.0,-10.0,-897.1289472579956,387.7892303466797,0.0,0.0,Opened,-897.1289472579956,387.7892303466797,0.0,0.009374665746995779,1284.9181776046753,0.0,0.0,0,0.0,1284.9181776046753
2024-12-24,4.049499988555908,0.006587180369147516,38.78878402709961,0.0002542874236817205,0.006332892945465796,0.006332892945465796,0.00443764844379834,0.007405597416753925,1,0,-1.0,10,0.3697686516128999,-223.0,10.0,903.0384974479675,-387.8878402709961,5.909550189971924,-0.09860992431640625,Closed,903.0384974479675,-387.8878402709961,5.810940265655518,0.007405597416753925,1290.9263377189636,5.810940265655518,0.004501372460897585,0,5.810940265655518,0.0
2024-12-25,4.049499988555908,0.0,38.78878402709961,0.0,0.0,0.0,0.003947233932368795,0.004570357852337736,1,0,0.0,10,,0.0,0.0,0.0,0.0,0.0,0.0,,0.0,0.0,0.0,0.004570357852337736,0.0,0.0,0.0,0,0.0,0.0
2024-12-26,4.072000026702881,0.005556250947168495,38.9268913269043,0.0035604957275330307,0.0019957552196354644,0.0019957552196354644,0.004535416192266376,0.004435401240916898,1,0,0.0,10,6.125909366823951,0.0,0.0,0.0,0.0,0.0,0.0,,0.0,0.0,0.0,0.004535416192266376,0.0,0.0,0.0,0,0.0,0.0
2024-12-27,4.0625,-0.0023330124362923588,38.70000076293945,-0.005828633015142137,0.0034956205788497785,0.0034956205788497785,0.004842773587173252,0.005889214408187948,1,0,0.0,10,23.79946846656143,0.0,0.0,0.0,0.0,0.0,0.0,,0.0,0.0,0.0,0.005889214408187948,0.0,0.0,0.0,0,0.0,0.0
2024-12-28,4.0625,0.0,38.70000076293945,0.0,0.0,0.0,0.0038877034709191437,0.00338761112326712,1,0,0.0,10,,0.0,0.0,0.0,0.0,0.0,0.0,,0.0,0.0,0.0,0.0038877034709191437,0.0,0.0,0.0,0,0.0,0.0
2024-12-29,4.0625,0.0,38.70000076293945,0.0,0.0,0.0,0.0029256203750747784,0.0033771734964274966,1,0,0.0,10,,0.0,0.0,0.0,0.0,0.0,0.0,,0.0,0.0,0.0,0.0033771734964274966,0.0,0.0,0.0,0,0.0,0.0
2024-12-30,4.045499801635742,-0.00418466421274033,38.16999816894531,-0.01369515719755987,0.00951049298481954,0.00951049298481954,0.0036620150980422833,0.006768346717493272,1,1,1.0,10,30.87851182650546,-309.0,10.0,1250.0594387054443,-381.6999816894531,0.0,0.0,Opened,1250.0594387054443,-381.6999816894531,0.0,0.006768346717493272,1631.7594203948975,0.0,0.0,0,0.0,1631.7594203948975
2024-12-31,3.9860000610351562,-0.014707636514165179,38.18000030517578,0.00026204183155043026,-0.014969678345715609,0.014969678345715609,0.006106679737364039,0.00607033708439645,0,0,-1.0,10,0.1706578872160437,309.0,-10.0,-1231.6740188598633,381.8000030517578,18.385419845581055,0.1000213623046875,Closed,-1231.6740188598633,381.8000030517578,18.485441207885742,0.006106679737364039,1613.474021911621,18.485441207885742,0.011456919018742214,0,18.485441207885742,0.0
2025-01-01,3.9860000610351562,0.0,38.18000030517578,0.0,0.0,0.0,0.006372640368305599,0.00615500363322488,1,0,0.0,10,,0.0,0.0,0.0,0.0,0.0,0.0,,0.0,0.0,0.0,0.006372640368305599,0.0,0.0,0.0,0,0.0,0.0
2025-01-02,3.9885001182556152,0.0006272095288955004,38.52000045776367,0.008905189886596165,-0.008277980357700665,0.008277980357700665,0.006471025168105362,0.008105985160272944,0,1,1.0,10,137.12202272146166,1372.0,-10.0,-5472.222162246704,385.2000045776367,0.0,0.0,Opened,-5472.222162246704,385.2000045776367,0.0,0.008105985160272944,5857.422166824341,0.0,0.0,0,0.0,5857.422166824341
2025-01-03,4.0395002365112305,0.012786791210606774,38.959999084472656,0.011422601803741772,0.0013641894068650018,0.0013641894068650018,0.009895946815648697,0.009847549481305983,1,0,-1.0,10,8.615783228221748,-1372.0,10.0,5542.194324493408,-389.59999084472656,69.9721622467041,-4.399986267089844,Closed,5542.194324493408,-389.59999084472656,65.57217597961426,0.009895946815648697,5931.794315338135,65.57217597961426,0.011054357668818866,0,65.57217597961426,0.0
2025-01-04,4.0395002365112305,0.0,38.959999084472656,0.0,0.0,0.0,0.009745194897821432,0.005591481376004917,1,0,0.0,10,,0.0,0.0,0.0,0.0,0.0,0.0,,0.0,0.0,0.0,0.009745194897821432,0.0,0.0,0.0,0,0.0,0.0
2025-01-05,4.0395002365112305,0.0,38.959999084472656,0.0,0.0,0.0,0.005654828425534196,0.005637694916409059,1,0,0.0,10,,0.0,0.0,0.0,0.0,0.0,0.0,,0.0,0.0,0.0,0.005654828425534196,0.0,0.0,0.0,0,0.0,0.0
2025-01-06,4.126999855041504,0.021661000967249322,39.560001373291016,0.015400469787420601,0.006260531179828721,0.006260531179828721,0.009836707213471406,0.006921903186837621,1,0,0.0,10,6.815179387419853,0.0,0.0,0.0,0.0,0.0,0.0,,0.0,0.0,0.0,0.009836707213471406,0.0,0.0,0.0,0,0.0,0.0
2025-01-07,4.1605000495910645,0.008117323897803619,39.18000030517578,-0.009605688951562885,0.017723012849366504,0.017723012849366504,0.009168343884282022,0.010007895743893836,1,1,1.0,10,11.143831771555183,-112.0,10.0,465.9760055541992,-391.8000030517578,0.0,0.0,Opened,465.9760055541992,-391.8000030517578,0.0,0.010007895743893836,857.776008605957,0.0,0.0,0,0.0,857.776008605957
2025-01-08,4.227499961853027,0.01610381239354819,39.439998626708984,0.006635995903727876,0.009467816489820313,0.009467816489820313,0.009661632624564622,0.00925439529996198,1,1,0.0,10,3.8444187401078667,112.0,-10.0,-473.47999572753906,394.39998626708984,-7.503990173339844,2.5999832153320312,Live,0.0,0.0,0.0,0.009661632624564622,867.8799819946289,-4.9040069580078125,-0.0056505589018622645,0,0.0,0.0
2025-01-09,4.2795000076293945,0.01230042489546812,39.439998626708984,0.0,0.01230042489546812,0.01230042489546812,0.008195746284174703,0.00925439529996198,1,1,0.0,10,0.0,112.0,-10.0,-479.3040008544922,394.39998626708984,-13.327995300292969,2.5999832153320312,Live,0.0,0.0,0.0,0.00925439529996198,873.703987121582,-10.728012084960938,-0.012278772036172543,1,-10.728012084960938,0.0
2025-01-10,4.274499893188477,-0.0011683875293851953,39.16999816894531,-0.00684585362994472,0.005677466100559525,0.005677466100559525,0.008616336869179234,0.010174817077424842,1,1,0.0,10,53.69192032541055,112.0,-10.0,-478.7439880371094,391.6999816894531,-12.767982482910156,-0.1000213623046875,Live,0.0,0.0,0.0,0.010174817077424842,870.4439697265625,-12.868003845214844,-0.014783264969090593,1,0.0,0.0
2025-01-11,4.274499893188477,0.0,39.16999816894531,0.0,0.0,0.0,0.0075485085507963155,0.006401219072847664,1,1,0.0,10,,112.0,-10.0,-478.7439880371094,391.6999816894531,-12.767982482910156,-0.1000213623046875,Live,0.0,0.0,0.0,0.0075485085507963155,870.4439697265625,-12.868003845214844,-0.014783264969090593,1,0.0,0.0
2025-01-12,4.274499893188477,0.0,39.16999816894531,0.0,0.0,0.0,0.008118498217167919,0.004766900080342098,1,1,0.0,10,,112.0,-10.0,-478.7439880371094,391.6999816894531,-12.767982482910156,-0.1000213623046875,Live,0.0,0.0,0.0,0.008118498217167919,870.4439697265625,-12.868003845214844,-0.014783264969090593,1,0.0,0.0
2025-01-13,4.295499801635742,0.0049128340091268985,39.06999969482422,-0.002552935379005805,0.007465769388132704,0.007465769388132704,0.0055971854654751916,0.002988132527392511,1,1,0.0,10,4.726475767502928,112.0,-10.0,-481.0959777832031,390.6999969482422,-15.119972229003906,-1.100006103515625,Live,0.0,0.0,0.0,0.0055971854654751916,871.7959747314453,-16.21997833251953,-0.018605245725659674,1,0.0,0.0
2025-01-14,4.310500144958496,0.0034921066268100986,39.27000045776367,0.0051190367161930705,-0.001626930089382972,0.001626930089382972,0.0026087514226293667,0.004356732489385219,0,0,-1.0,10,13.354695526330918,112.0,-10.0,-482.77601623535156,392.7000045776367,-16.800010681152344,0.9000015258789062,Closed,-482.77601623535156,392.7000045776367,-15.900009155273438,0.004356732489385219,875.4760208129883,-15.900009155273438,-0.018161558714661657,1,0.0,0.0
2025-01-15,4.359499931335449,0.011367540825688804,39.720001220703125,0.011459148400658759,-9.160757496995409e-05,9.160757496995409e-05,0.00467336940782245,0.005583291412277245,0,0,0.0,10,9.184560920601117,0.0,0.0,0.0,0.0,0.0,0.0,,0.0,0.0,0.0,0.005583291412277245,0.0,0.0,0.0,0,0.0,0.0
2025-01-16,4.4105000495910645,0.011698616597980438,39.630001068115234,-0.0022658647991425918,0.01396448139712303,0.01396448139712303,0.005106940346455567,0.0059479327181823785,1,1,1.0,10,1.7403465528682267,-18.0,10.0,79.38900089263916,-396.30001068115234,0.0,0.0,Opened,79.38900089263916,-396.30001068115234,0.0,0.0059479327181823785,475.6890115737915,0.0,0.0,0,0.0,475.6890115737915
2025-01-17,4.337500095367432,-0.01655140083954909,39.83000183105469,0.005046700922255676,-0.021598101761804767,0.021598101761804767,0.011530814782012198,0.005876830079067484,0,0,-1.0,10,2.799907222679735,18.0,-10.0,-78.07500171661377,398.3000183105469,1.3139991760253906,2.0000076293945312,Closed,-78.07500171661377,398.3000183105469,3.314006805419922,0.011530814782012198,476.37502002716064,3.314006805419922,0.006956718270473067,0,3.314006805419922,0.0
2025-01-18,4.337500095367432,0.0,39.83000183105469,0.0,0.0,0.0,0.011534674149171193,0.005318966341848135,1,0,0.0,10,,0.0,0.0,0.0,0.0,0.0,0.0,,0.0,0.0,0.0,0.011534674149171193,0.0,0.0,0.0,0,0.0,0.0
2025-01-19,4.337500095367432,0.0,39.83000183105469,0.0,0.0,0.0,0.011527565590917367,0.005508175371834818,1,0,0.0,10,,0.0,0.0,0.0,0.0,0.0,0.0,,0.0,0.0,0.0,0.011527565590917367,0.0,0.0,0.0,0,0.0,0.0
2025-01-20,4.337500095367432,0.0,39.83000183105469,0.0,0.0,0.0,0.010075919276658222,0.0026952144431362027,1,0,0.0,10,,0.0,0.0,0.0,0.0,0.0,0.0,,0.0,0.0,0.0,0.010075919276658222,0.0,0.0,0.0,0,0.0,0.0
2025-01-21,4.310999870300293,-0.006109561840803579,40.34000015258789,0.012804376050406407,-0.018913937891209986,0.018913937891209986,0.0072210070232268785,0.005605556315436704,0,1,1.0,10,19.611293578298206,197.0,-10.0,-849.2669744491577,403.4000015258789,0.0,0.0,Opened,-849.2669744491577,403.4000015258789,0.0,0.0072210070232268785,1252.6669759750366,0.0,0.0,0,0.0,1252.6669759750366
2025-01-22,4.271500110626221,-0.009162551812213482,39.209999084472656,-0.0280119252315556,0.01884937341934212,0.01884937341934212,0.004319479439468686,0.015019704481106308,1,0,-1.0,10,28.06357050847246,-197.0,10.0,841.4855217933655,-392.09999084472656,-7.781452655792236,11.300010681152344,Closed,841.4855217933655,-392.09999084472656,3.5185580253601074,0.015019704481106308,1233.585512638092,3.5185580253601074,0.00285230167614037,0,3.5185580253601074,0.0
2025-01-23,4.299499988555908,0.0065550455822376286,39.45000076293945,0.006120930478721753,0.00043411510351587523,0.00043411510351587523,0.006104307270960342,0.01556897927976621,1,0,0.0,10,8.56782908937895,0.0,0.0,0.0,0.0,0.0,0.0,,0.0,0.0,0.0,0.01556897927976621,0.0,0.0,0.0,0,0.0,0.0
2025-01-24,4.289999961853027,-0.0022095654676513865,39.939998626708984,0.012420731414277908,-0.014630296881929294,0.014630296881929294,0.006026019408418027,0.016868143781210675,0,0,0.0,10,52.334858477662365,0.0,0.0,0.0,0.0,0.0,0.0,,0.0,0.0,0.0,0.016868143781210675,0.0,0.0,0.0,0,0.0,0.0
2025-01-25,4.289999961853027,0.0,39.939998626708984,0.0,0.0,0.0,0.006026019408418027,0.016868143781210675,1,0,0.0,10,,0.0,0.0,0.0,0.0,0.0,0.0,,0.0,0.0,0.0,0.016868143781210675,0.0,0.0,0.0,0,0.0,0.0
2025-01-26,4.289999961853027,0.0,39.939998626708984,0.0,0.0,0.0,0.005638313619880848,0.015479592504559905,1,0,0.0,10,,0.0,0.0,0.0,0.0,0.0,0.0,,0.0,0.0,0.0,0.015479592504559905,0.0,0.0,0.0,0,0.0,0.0
2025-01-27,4.203499794006348,-0.020163209467563004,39.099998474121094,-0.021031551864555076,0.0008683423969920723,0.0008683423969920723,0.01005442322807571,0.012578022720288221,1,0,0.0,10,9.702359612545576,0.0,0.0,0.0,0.0,0.0,0.0,,0.0,0.0,0.0,0.012578022720288221,0.0,0.0,0.0,0,0.0,0.0
2025-01-28,4.2204999923706055,0.0040442962287039474,37.9900016784668,-0.028388665958362203,0.03243296218706615,0.03243296218706615,0.009494826238999488,0.016798249154985956,1,1,1.0,10,63.18404636792153,-632.0,10.0,2667.3559951782227,-379.90001678466797,0.0,0.0,Opened,2667.3559951782227,-379.90001678466797,0.0,0.016798249154985956,3047.2560119628906,0.0,0.0,0,0.0,3047.2560119628906
2025-01-29,4.257500171661377,0.008766776296092127,38.540000915527344,0.01447747335510896,-0.005710697059016834,0.005710697059016834,0.01105618527249588,0.017418673064317453,0,0,-1.0,10,14.948922697218581,632.0,-10.0,-2690.7401084899902,385.40000915527344,-23.384113311767578,5.499992370605469,Closed,-2690.7401084899902,385.40000915527344,-17.88412094116211,0.017418673064317453,3076.1401176452637,-17.88412094116211,-0.005813818700447273,0,-17.88412094116211,0.0
2025-01-30,4.288000106811523,0.007163813017121878,39.09000015258789,0.01427086725467519,-0.007107054237553312,0.007107054237553312,0.011737555520722249,0.01984963547632811,0,0,0.0,10,18.160048717295,0.0,0.0,0.0,0.0,0.0,0.0,,0.0,0.0,0.0,0.01984963547632811,0.0,0.0,0.0,0,0.0,0.0
2025-01-31,4.26200008392334,-0.006063438022513634,38.18000030517578,-0.023279607159373827,0.017216169136860193,0.017216169136860193,0.012041971461827988,0.021313674773844184,1,0,0.0,10,34.39372212603783,0.0,0.0,0.0,0.0,0.0,0.0,,0.0,0.0,0.0,0.021313674773844184,0.0,0.0,0.0,0,0.0,0.0
2025-02-01,4.26200008392334,0.0,38.18000030517578,0.0,0.0,0.0,0.005970605534436108,0.020347276784037156,1,0,0.0,10,,0.0,0.0,0.0,0.0,0.0,0.0,,0.0,0.0,0.0,0.020347276784037156,0.0,0.0,0.0,0,0.0,0.0
2025-02-02,4.26200008392334,0.0,38.18000030517578,0.0,0.0,0.0,0.006030541627917049,0.015404655037787153,1,0,0.0,10,,0.0,0.0,0.0,0.0,0.0,0.0,,0.0,0.0,0.0,0.015404655037787153,0.0,0.0,0.0,0,0.0,0.0
2025-02-03,4.294000148773193,0.007508227174973792,38.029998779296875,-0.003928798446305226,0.011437025621279018,0.011437025621279018,0.005692920310467671,0.013486634487616547,1,0,0.0,10,4.634326217370348,0.0,0.0,0.0,0.0,0.0,0.0,,0.0,0.0,0.0,0.013486634487616547,0.0,0.0,0.0,0,0.0,0.0
2025-02-04,4.34250020980835,0.011294843818068445,39.25,0.03207997002006957,-0.020785126202001125,0.020785126202001125,0.006860258799667944,0.01988563310059742,0,1,1.0,10,25.67163543805692,257.0,-10.0,-1116.0225539207458,392.5,0.0,0.0,Opened,-1116.0225539207458,392.5,0.0,0.01988563310059742,1508.5225539207458,0.0,0.0,0,0.0,1508.5225539207458
2025-02-05,4.434500217437744,0.021185953525481693,39.619998931884766,0.009426724379229645,0.011759229146252048,0.011759229146252048,0.008845439256769913,0.014585981398173046,1,0,-1.0,10,3.975415923688292,-257.0,10.0,1139.6665558815002,-396.19998931884766,23.644001960754395,-3.6999893188476562,Closed,1139.6665558815002,-396.19998931884766,19.94401264190674,0.014585981398173046,1535.866545200348,19.94401264190674,0.01298551147183502,0,19.94401264190674,0.0
2025-02-06,4.453499794006348,0.00428449106708606,40.45000076293945,0.020949062428841536,-0.016664571361755476,0.016664571361755476,0.00804859655796488,0.014892995932685005,0,1,1.0,10,44.41017114783505,445.0,-10.0,-1981.8074083328247,404.50000762939453,0.0,0.0,Opened,-1981.8074083328247,404.50000762939453,0.0,0.014892995932685005,2386.3074159622192,0.0,0.0,0,0.0,2386.3074159622192
2025-02-07,4.581500053405762,0.02874149889300104,41.16999816894531,0.017799688317077234,0.010941810575923805,0.010941810575923805,0.010136367118295016,0.013453287589049345,1,0,-1.0,10,5.565140537652455,-445.0,10.0,2038.767523765564,-411.6999816894531,56.96011543273926,-7.199974060058594,Closed,2038.767523765564,-411.6999816894531,49.760141372680664,0.013453287589049345,2450.467505455017,49.760141372680664,0.02030638694939189,0,49.760141372680664,0.0
2025-02-08,4.581500053405762,0.0,41.16999816894531,0.0,0.0,0.0,0.01185981565423718,0.012098475469575678,1,0,0.0,10,,0.0,0.0,0.0,0.0,0.0,0.0,,0.0,0.0,0.0,0.012098475469575678,0.0,0.0,0.0,0,0.0,0.0
2025-02-09,4.581500053405762,0.0,41.16999816894531,0.0,0.0,0.0,0.013280514728425357,0.009751666173631476,1,0,0.0,10,,0.0,0.0,0.0,0.0,0.0,0.0,,0.0,0.0,0.0,0.013280514728425357,0.0,0.0,0.0,0,0.0,0.0
2025-02-10,4.700500011444092,0.025974016512314346,41.77000045776367,0.014573774969728781,0.011400241542585565,0.011400241542585565,0.014342942544624671,0.009992856047718593,1,0,0.0,10,4.986012570136113,0.0,0.0,0.0,0.0,0.0,0.0,,0.0,0.0,0.0,0.014342942544624671,0.0,0.0,0.0,0,0.0,0.0
2025-02-11,4.5945000648498535,-0.022550781052263602,40.4900016784668,-0.0306439733126449,0.008093192260381299,0.008093192260381299,0.021227028709083464,0.019155147443476704,1,0,0.0,10,11.975482483490563,0.0,0.0,0.0,0.0,0.0,0.0,,0.0,0.0,0.0,0.021227028709083464,0.0,0.0,0.0,0,0.0,0.0
2025-02-12,4.697999954223633,0.02252690998213347,40.86000061035156,0.009138032021409837,0.013388877960723633,0.013388877960723633,0.019722873291550057,0.017502433120118496,1,0,0.0,10,3.528063657156354,0.0,0.0,0.0,0.0,0.0,0.0,,0.0,0.0,0.0,0.019722873291550057,0.0,0.0,0.0,0,0.0,0.0
2025-02-13,4.769000053405762,0.015112835222209409,42.08000183105469,0.029858081313734575,-0.014745246091525166,0.014745246091525166,0.019886006672010827,0.022479641626203143,0,0,0.0,10,17.432688582539598,0.0,0.0,0.0,0.0,0.0,0.0,,0.0,0.0,0.0,0.022479641626203143,0.0,0.0,0.0,0,0.0,0.0
2025-02-14,4.656499862670898,-0.02358989085238561,41.66999816894531,-0.009743432610946234,-0.013846458241439374,0.013846458241439374,0.02456861767864483,0.0233807376750273,0,0,0.0,10,3.6961530078298326,0.0,0.0,0.0,0.0,0.0,0.0,,0.0,0.0,0.0,0.02456861767864483,0.0,0.0,0.0,0,0.0,0.0
2025-02-15,4.656499862670898,0.0,41.66999816894531,0.0,0.0,0.0,0.02113307234726297,0.022408754368430987,1,0,0.0,10,,0.0,0.0,0.0,0.0,0.0,0.0,,0.0,0.0,0.0,0.022408754368430987,0.0,0.0,0.0,0,0.0,0.0
2025-02-16,4.656499862670898,0.0,41.66999816894531,0.0,0.0,0.0,0.017697900516459746,0.014989990511134138,1,0,0.0,10,,0.0,0.0,0.0,0.0,0.0,0.0,,0.0,0.0,0.0,0.017697900516459746,0.0,0.0,0.0,0,0.0,0.0
2025-02-17,4.656499862670898,0.0,41.66999816894531,0.0,0.0,0.0,0.0138790187373757,0.015045927026061839,1,0,0.0,10,,0.0,0.0,0.0,0.0,0.0,0.0,,0.0,0.0,0.0,0.015045927026061839,0.0,0.0,0.0,0,0.0,0.0
2025-02-18,4.585000038146973,-0.015354843043614896,41.369998931884766,-0.007199406053349011,-0.008155436990265885,0.008155436990265885,0.01105571905933149,0.004726361448412831,0,0,0.0,10,4.230556051426491,0.0,0.0,0.0,0.0,0.0,0.0,,0.0,0.0,0.0,0.01105571905933149,0.0,0.0,0.0,0,0.0,0.0
2025-02-19,4.557000160217285,-0.006106843554357644,40.130001068115234,-0.029973359820752554,0.02386651626639491,0.02386651626639491,0.00672577030468507,0.012979511180309697,1,1,1.0,10,43.22238827651838,-433.0,10.0,1973.1810693740845,-401.30001068115234,0.0,0.0,Opened,1973.1810693740845,-401.30001068115234,0.0,0.012979511180309697,2374.481080055237,0.0,0.0,0,0.0,2374.481080055237
2025-02-20,4.607999801635742,0.011191494322007056,41.119998931884766,0.02466976918563102,-0.013478274863623962,0.013478274863623962,0.009711062227865554,0.01954204616269252,0,0,-1.0,10,19.67060196232166,433.0,-10.0,-1995.2639141082764,411.19998931884766,-22.082844734191895,9.899978637695312,Closed,-1995.2639141082764,411.19998931884766,-12.182866096496582,0.01954204616269252,2406.463903427124,-12.182866096496582,-0.005062559251001672,0,-12.182866096496582,0.0
2025-02-21,4.559999942779541,-0.01041663648491531,39.27000045776367,-0.04499023643423761,0.0345735999493223,0.0345735999493223,0.010261964079471298,0.027027107973134068,1,1,1.0,10,37.19519466667158,-372.0,10.0,1696.3199787139893,-392.7000045776367,0.0,0.0,Opened,1696.3199787139893,-392.7000045776367,0.0,0.027027107973134068,2089.019983291626,0.0,0.0,0,0.0,2089.019983291626
2025-02-22,4.559999942779541,0.0,39.27000045776367,0.0,0.0,0.0,0.010261964079471298,0.027027107973134068,1,1,0.0,10,,372.0,-10.0,-1696.3199787139893,392.7000045776367,0.0,0.0,Live,0.0,0.0,0.0,0.027027107973134068,2089.019983291626,0.0,0.0,0,0.0,0.0
2025-02-23,4.559999942779541,0.0,39.27000045776367,0.0,0.0,0.0,0.008144989022060784,0.02750103351134591,1,1,0.0,10,,372.0,-10.0,-1696.3199787139893,392.7000045776367,0.0,0.0,Live,0.0,0.0,0.0,0.02750103351134591,2089.019983291626,0.0,0.0,0,0.0,0.0
2025-02-24,4.517000198364258,-0.00942976863045153,39.18000030517578,-0.0022918296801317517,-0.007137938950319778,0.007137938950319778,0.008770617154368807,0.025177907850360344,0,0,-1.0,10,2.1081214531246903,372.0,-10.0,-1680.324073791504,391.8000030517578,15.995904922485352,-0.9000015258789062,Closed,-1680.324073791504,391.8000030517578,15.095903396606445,0.025177907850360344,2072.1240768432617,15.095903396606445,0.007285231403519047,0,15.095903396606445,0.0
2025-02-25,4.486000061035156,-0.006862992244350052,39.130001068115234,-0.001276141824173016,-0.005586850420177036,0.005586850420177036,0.005046016576589893,0.01974476186236607,0,0,0.0,10,1.6219446104248454,0.0,0.0,0.0,0.0,0.0,0.0,,0.0,0.0,0.0,0.01974476186236607,0.0,0.0,0.0,0,0.0,0.0
2025-02-26,4.541999816894531,0.012483226727030505,39.400001525878906,0.0069000881777046,0.005583138549325906,0.005583138549325906,0.00849925935602189,0.0036149563549646452,1,0,0.0,10,4.794870790194951,0.0,0.0,0.0,0.0,0.0,0.0,,0.0,0.0,0.0,0.00849925935602189,0.0,0.0,0.0,0,0.0,0.0
2025-02-27,4.579999923706055,0.008366382286097318,38.689998626708984,-0.01802037745362961,0.026386759739726928,0.026386759739726928,0.009456420147897913,0.00916620478605924,1,1,1.0,10,18.19530844127441,-182.0,10.0,833.559986114502,-386.89998626708984,0.0,0.0,Opened,833.559986114502,-386.89998626708984,0.0,0.009456420147897913,1220.4599723815918,0.0,0.0,0,0.0,1220.4599723815918
2025-02-28,4.514500141143799,-0.014301262806409532,38.220001220703125,-0.012147775205176736,-0.0021534876012327953,0.0021534876012327953,0.011698118389924015,0.009782128073980219,0,0,-1.0,10,7.191233405152133,182.0,-10.0,-821.6390256881714,382.20001220703125,11.920960426330566,-4.699974060058594,Closed,-821.6390256881714,382.20001220703125,7.220986366271973,0.011698118389924015,1203.8390378952026,7.220986366271973,0.005998298891268036,0,7.220986366271973,0.0
2025-03-01,4.514500141143799,0.0,38.220001220703125,0.0,0.0,0.0,0.010925134805275603,0.01001322360919679,1,0,0.0,10,,0.0,0.0,0.0,0.0,0.0,0.0,,0.0,0.0,0.0,0.010925134805275603,0.0,0.0,0.0,0,0.0,0.0
2025-03-02,4.514500141143799,0.0,38.220001220703125,0.0,0.0,0.0,0.010268608137485811,0.010144371566631623,1,0,0.0,10,,0.0,0.0,0.0,0.0,0.0,0.0,,0.0,0.0,0.0,0.010268608137485811,0.0,0.0,0.0,0,0.0,0.0
2025-03-03,4.576499938964844,0.01373348009362041,37.75,-0.012297258129037814,0.026030738222658223,0.026030738222658223,0.01061799551276071,0.008106521769891434,1,1,1.0,10,7.386031951093468,-74.0,10.0,338.66099548339844,-377.5,0.0,0.0,Opened,338.66099548339844,-377.5,0.0,0.01061799551276071,716.1609954833984,0.0,0.0,0,0.0,716.1609954833984
2025-03-04,4.527500152587891,-0.01070682552833957,37.720001220703125,-0.0007946696502483253,-0.009912155878091244,0.009912155878091244,0.010981203805093312,0.00655770498024897,0,0,-1.0,10,0.6183567781039676,74.0,-10.0,-335.0350112915039,377.20001220703125,3.6259841918945312,-0.29998779296875,Closed,-335.0350112915039,377.20001220703125,3.3259963989257812,0.010981203805093312,712.2350234985352,3.3259963989257812,0.004669801805853797,0,3.3259963989257812,0.0
2025-03-05,4.766499996185303,0.052788478308675835,40.59000015258789,0.07608692574245013,-0.023298447433774294,0.023298447433774294,0.024833456359185206,0.03587269286172464,0,0,0.0,10,12.274119572702615,0.0,0.0,0.0,0.0,0.0,0.0,,0.0,0.0,0.0,0.03587269286172464,0.0,0.0,0.0,0,0.0,0.0
2025-03-06,4.7789998054504395,0.002622429303501539,40.119998931884766,-0.011579236731615539,0.014201666035117078,0.014201666035117078,0.024564992526585047,0.03723720232833423,1,0,0.0,10,37.068075913092706,0.0,0.0,0.0,0.0,0.0,0.0,,0.0,0.0,0.0,0.03723720232833423,0.0,0.0,0.0,0,0.0,0.0
2025-03-07,4.683000087738037,-0.02008782624408456,39.95000076293945,-0.0042372426089525295,-0.01585058363513203,0.01585058363513203,0.028311329357494905,0.03757640466639843,0,0,0.0,10,1.7994633830065945,0.0,0.0,0.0,0.0,0.0,0.0,,0.0,0.0,0.0,0.03757640466639843,0.0,0.0,0.0,0,0.0,0.0
2025-03-08,4.683000087738037,0.0,39.95000076293945,0.0,0.0,0.0,0.02824210262794984,0.03617461510839481,1,0,0.0,10,,0.0,0.0,0.0,0.0,0.0,0.0,,0.0,0.0,0.0,0.03617461510839481,0.0,0.0,0.0,0,0.0,0.0
2025-03-09,4.683000087738037,0.0,39.95000076293945,0.0,0.0,0.0,0.02714533719325732,0.03610660561190503,1,0,0.0,10,,0.0,0.0,0.0,0.0,0.0,0.0,,0.0,0.0,0.0,0.03610660561190503,0.0,0.0,0.0,0,0.0,0.0
2025-03-10,4.639500141143799,-0.009288905782457335,38.61000061035156,-0.0335419305881709,0.024253024805713563,0.024253024805713563,0.00940110534007243,0.014052077512390257,1,1,1.0,10,30.05052849214138,-301.0,10.0,1396.4895424842834,-386.1000061035156,0.0,0.0,Opened,1396.4895424842834,-386.1000061035156,0.0,0.014052077512390257,1782.589548587799,0.0,0.0,0,0.0,1782.589548587799
2025-03-11,4.739999771118164,0.02166173659164672,39.31999969482422,0.018388994386141055,0.003272742205505663,0.003272742205505663,0.01538774784610878,0.018748164177979823,1,1,0.0,10,7.042062817936171,301.0,-10.0,-1426.7399311065674,393.1999969482422,-30.250388622283936,7.0999908447265625,Live,0.0,0.0,0.0,0.018748164177979823,1819.9399280548096,-23.150397777557373,-0.012720418636180486,0,0.0,0.0
2025-03-12,4.821000099182129,0.01708867763190991,39.58000183105469,0.006612465367457521,0.01047621226445239,0.01047621226445239,0.012980190773671272,0.019315492434415077,1,1,0.0,10,3.1768274220126407,301.0,-10.0,-1451.1210298538208,395.8000183105469,-54.63148736953735,9.70001220703125,Live,0.0,0.0,0.0,0.019315492434415077,1846.9210481643677,-44.9314751625061,-0.024327772541854427,1,-44.9314751625061,0.0
2025-03-13,4.898499965667725,0.016075474982616855,40.189998626708984,0.015411742481924007,0.0006637325006928485,0.0006637325006928485,0.013145674479262905,0.020826784748670536,1,1,0.0,10,7.8657984094636415,301.0,-10.0,-1474.448489665985,401.89998626708984,-77.95894718170166,15.799980163574219,Live,0.0,0.0,0.0,0.020826784748670536,1876.348475933075,-62.15896701812744,-0.033127624114287664,1,0.0,0.0
2025-03-14,4.869500160217285,-0.005920139972173333,41.31999969482422,0.028116474414713544,-0.034036614386886876,0.034036614386886876,0.01437973923792301,0.023927862343368102,0,0,-1.0,10,40.29997834587818,301.0,-10.0,-1465.7195482254028,413.1999969482422,-69.23000574111938,27.099990844726562,Closed,-1465.7195482254028,413.1999969482422,-42.13001489639282,0.023927862343368102,1878.919545173645,-42.13001489639282,-0.0224224688090619,0,0.0,0.0
2025-03-15,4.869500160217285,0.0,41.31999969482422,0.0,0.0,0.0,0.012003835084591817,0.010847516262427869,1,0,0.0,10,,0.0,0.0,0.0,0.0,0.0,0.0,,0.0,0.0,0.0,0.012003835084591817,0.0,0.0,0.0,0,0.0,0.0
2025-03-16,4.869500160217285,0.0,41.31999969482422,0.0,0.0,0.0,0.010452805980248352,0.011926493978705733,1,0,0.0,10,,0.0,0.0,0.0,0.0,0.0,0.0,,0.0,0.0,0.0,0.011926493978705733,0.0,0.0,0.0,0,0.0,0.0
2025-03-17,4.933499813079834,0.013142961445080426,42.16999816894531,0.02057111520810495,-0.007428153763024525,0.007428153763024525,0.009455742504000443,0.012544758322629135,0,0,0.0,10,13.378673916047035,0.0,0.0,0.0,0.0,0.0,0.0,,0.0,0.0,0.0,0.012544758322629135,0.0,0.0,0.0,0,0.0,0.0
2025-03-18,4.993000030517578,0.012060447895426263,42.650001525878906,0.0113825795061826,0.0006778683892436632,0.0006778683892436632,0.008349715575529342,0.012465803090811817,1,0,0.0,10,8.061850459403328,0.0,0.0,0.0,0.0,0.0,0.0,,0.0,0.0,0.0,0.012465803090811817,0.0,0.0,0.0,0,0.0,0.0
2025-03-19,5.076000213623047,0.016623309152446586,43.13999938964844,0.01148881233854615,0.0051344968139004354,0.0051344968139004354,0.007820347981151908,0.008764650909518874,1,0,0.0,10,5.873759450366185,0.0,0.0,0.0,0.0,0.0,0.0,,0.0,0.0,0.0,0.008764650909518874,0.0,0.0,0.0,0,0.0,0.0
2025-03-20,5.085000038146973,0.00177301500101823,42.61000061035156,-0.012285553704111773,0.014058568705130003,0.014058568705130003,0.007373643539793375,0.012664027671832414,1,1,1.0,10,58.06345902096471,-581.0,10.0,2954.385022163391,-426.1000061035156,0.0,0.0,Opened,2954.385022163391,-426.1000061035156,0.0,0.012664027671832414,3380.4850282669067,0.0,0.0,0,0.0,3380.4850282669067
2025-03-21,5.087500095367432,0.000491653333668518,41.7400016784668,-0.02041771695430139,0.02090937028796991,0.02090937028796991,0.007230170690938149,0.01753195982944827,1,1,0.0,10,340.71889812420153,581.0,-10.0,-2955.837555408478,417.40001678466797,-1.45253324508667,-8.699989318847656,Live,0.0,0.0,0.0,0.01753195982944827,3373.2375721931458,-10.152522563934326,-0.0030097265154477564,0,0.0,0.0
2025-03-22,5.087500095367432,0.0,41.7400016784668,0.0,0.0,0.0,0.007642203691973932,0.014230607439653426,1,1,0.0,10,,581.0,-10.0,-2955.837555408478,417.40001678466797,-1.45253324508667,-8.699989318847656,Live,0.0,0.0,0.0,0.014230607439653426,3373.2375721931458,-10.152522563934326,-0.0030097265154477564,0,0.0,0.0
2025-03-23,5.087500095367432,0.0,41.7400016784668,0.0,0.0,0.0,0.007217488719445107,0.012347066008082948,1,1,0.0,10,,581.0,-10.0,-2955.837555408478,417.40001678466797,-1.45253324508667,-8.699989318847656,Live,0.0,0.0,0.0,0.012347066008082948,3373.2375721931458,-10.152522563934326,-0.0030097265154477564,0,0.0,0.0
2025-03-24,5.064000129699707,-0.00461915778421762,42.4900016784668,0.017968374936288445,-0.022587532720506065,0.022587532720506065,0.0024296707449907146,0.014553840239823607,0,0,-1.0,10,32.639165309955075,581.0,-10.0,-2942.18407535553,424.90001678466797,12.200946807861328,-1.1999893188476562,Closed,-2942.18407535553,424.90001678466797,11.000957489013672,0.014553840239823607,3367.0840921401978,11.000957489013672,0.0032672060417775917,0,11.000957489013672,0.0
2025-03-25,5.064000129699707,0.0,42.4900016784668,0.0,0.0,0.0,0.0021313776670354116,0.013588099648338969,1,0,0.0,10,,0.0,0.0,0.0,0.0,0.0,0.0,,0.0,0.0,0.0,0.013588099648338969,0.0,0.0,0.0,0,0.0,0.0
