index,HG=F_Close,HG=F_dailyReturns,COPX_Close,COPX_dailyReturns,spread,abs_sprd,HG=F_rolling avg,COPX_rolling avg,isSprdPos,signal,axe,leverage,ratio,HG=F_Size,COPX_Size,HG=F_Cashflow,COPX_Cashflow,HG=F_MTM,COPX_MTM,Live Trades,HG=F_PnL,COPX_PnL,Total PnL,riskThreshold,grossCashflow,totalMTM,totalMTM in %,isStoppedOut,Adjusted PnL,Gross Capital
2020-01-01,2.8329999446868896,0.0,18.669206619262695,0.0,0.0,0.0,,,1,0,,10,,0.0,0.0,0.0,0.0,0.0,0.0,,0.0,0.0,0.0,,0.0,0.0,0.0,0,0.0,0.0
2020-01-02,2.8329999446868896,0.0,18.669206619262695,0.0,0.0,0.0,,,1,0,0.0,10,,0.0,0.0,0.0,0.0,0.0,0.0,,0.0,0.0,0.0,,0.0,0.0,0.0,0,0.0,0.0
2020-01-03,2.7985000610351562,-0.012177862451580923,18.14635467529297,-0.02800611480887749,0.01582825235729657,0.01582825235729657,,,1,0,0.0,10,14.912342669312487,0.0,0.0,0.0,0.0,0.0,0.0,,0.0,0.0,0.0,,0.0,0.0,0.0,0,0.0,0.0
2020-01-04,2.7985000610351562,0.0,18.14635467529297,0.0,0.0,0.0,,,1,0,0.0,10,,0.0,0.0,0.0,0.0,0.0,0.0,,0.0,0.0,0.0,,0.0,0.0,0.0,0,0.0,0.0
2020-01-05,2.7985000610351562,0.0,18.14635467529297,0.0,0.0,0.0,,,1,0,0.0,10,,0.0,0.0,0.0,0.0,0.0,0.0,,0.0,0.0,0.0,,0.0,0.0,0.0,0,0.0,0.0
2020-01-06,2.80049991607666,0.0007146167582230412,18.047199249267578,-0.005464206326816434,0.006178823085039475,0.006178823085039475,,,1,0,0.0,10,49.275171275987034,0.0,0.0,0.0,0.0,0.0,0.0,,0.0,0.0,0.0,,0.0,0.0,0.0,0,0.0,0.0
2020-01-07,2.803999900817871,0.0012497714144246164,18.14635467529297,0.005494227921787553,-0.004244456507362937,0.004244456507362937,,,0,0,0.0,10,28.45034163228549,0.0,0.0,0.0,0.0,0.0,0.0,,0.0,0.0,0.0,,0.0,0.0,0.0,0,0.0,0.0
2020-01-08,2.819000005722046,0.005349538314819435,18.038185119628906,-0.0059609523565270495,0.011310490671346485,0.011310490671346485,,,1,0,0.0,10,7.130124466984489,0.0,0.0,0.0,0.0,0.0,0.0,,0.0,0.0,0.0,,0.0,0.0,0.0,0,0.0,0.0
2020-01-09,2.810499906539917,-0.0030152888133647693,17.939023971557617,-0.005497290742591532,0.0024820019292267625,0.0024820019292267625,,,1,0,0.0,10,11.636838986141617,0.0,0.0,0.0,0.0,0.0,0.0,,0.0,0.0,0.0,,0.0,0.0,0.0,0,0.0,0.0
2020-01-10,2.81850004196167,0.0028465168787719097,18.092269897460938,0.00854260109949645,-0.00569608422072454,0.00569608422072454,,,0,0,0.0,10,19.264217641619478,0.0,0.0,0.0,0.0,0.0,0.0,,0.0,0.0,0.0,,0.0,0.0,0.0,0,0.0,0.0
2020-01-11,2.81850004196167,0.0,18.092269897460938,0.0,0.0,0.0,,,1,0,0.0,10,,0.0,0.0,0.0,0.0,0.0,0.0,,0.0,0.0,0.0,,0.0,0.0,0.0,0,0.0,0.0
2020-01-12,2.81850004196167,0.0,18.092269897460938,0.0,0.0,0.0,,,1,0,0.0,10,,0.0,0.0,0.0,0.0,0.0,0.0,,0.0,0.0,0.0,,0.0,0.0,0.0,0,0.0,0.0
2020-01-13,2.8615000247955322,0.015256335708242252,18.479900360107422,0.021425197879724633,-0.006168862171482381,0.006168862171482381,,,0,0,0.0,10,9.069440090671671,0.0,0.0,0.0,0.0,0.0,0.0,,0.0,0.0,0.0,,0.0,0.0,0.0,0,0.0,0.0
2020-01-14,2.875999927520752,0.005067238371334826,18.524972915649414,0.0024390042513049437,0.002628234120029882,0.002628234120029882,,,1,0,0.0,10,3.1003443547487968,0.0,0.0,0.0,0.0,0.0,0.0,,0.0,0.0,0.0,,0.0,0.0,0.0,0,0.0,0.0
2020-01-15,2.869999885559082,-0.002086245519081875,18.209461212158203,-0.017031695804784364,0.014945450285702488,0.014945450285702488,,,1,0,0.0,10,51.797367887472994,0.0,0.0,0.0,0.0,0.0,0.0,,0.0,0.0,0.0,,0.0,0.0,0.0,0,0.0,0.0
2020-01-16,2.8519999980926514,-0.006271738043266195,18.182418823242188,-0.0014850735340791177,-0.004786664509187077,0.004786664509187077,,,0,0,0.0,10,1.5096010330784153,0.0,0.0,0.0,0.0,0.0,0.0,,0.0,0.0,0.0,,0.0,0.0,0.0,0,0.0,0.0
2020-01-17,2.8494999408721924,-0.0008765979039729865,18.35369110107422,0.00941966409953654,-0.010296262003509526,0.010296262003509526,,,0,0,0.0,10,69.21333154610755,0.0,0.0,0.0,0.0,0.0,0.0,,0.0,0.0,0.0,,0.0,0.0,0.0,0,0.0,0.0
2020-01-18,2.8494999408721924,0.0,18.35369110107422,0.0,0.0,0.0,,,1,0,0.0,10,,0.0,0.0,0.0,0.0,0.0,0.0,,0.0,0.0,0.0,,0.0,0.0,0.0,0,0.0,0.0
2020-01-19,2.8494999408721924,0.0,18.35369110107422,0.0,0.0,0.0,,,1,0,0.0,10,,0.0,0.0,0.0,0.0,0.0,0.0,,0.0,0.0,0.0,,0.0,0.0,0.0,0,0.0,0.0
2020-01-20,2.8494999408721924,0.0,18.35369110107422,0.0,0.0,0.0,,,1,0,0.0,10,,0.0,0.0,0.0,0.0,0.0,0.0,,0.0,0.0,0.0,,0.0,0.0,0.0,0,0.0,0.0
2020-01-21,2.7985000610351562,-0.017897835022037456,17.758729934692383,-0.03241643128378757,0.014518596261750116,0.014518596261750116,,,1,0,0.0,10,11.493473088832442,0.0,0.0,0.0,0.0,0.0,0.0,,0.0,0.0,0.0,,0.0,0.0,0.0,0,0.0,0.0
2020-01-22,2.7669999599456787,-0.011256065893322065,17.60548210144043,-0.008629436554050907,-0.002626629339271158,0.002626629339271158,,,0,0,0.0,10,4.877918978781251,0.0,0.0,0.0,0.0,0.0,0.0,,0.0,0.0,0.0,,0.0,0.0,0.0,0,0.0,0.0
2020-01-23,2.7260000705718994,-0.014817452102378836,17.14573860168457,-0.026113655798056468,0.011296203695677631,0.011296203695677631,,,1,0,0.0,10,11.08471366100325,0.0,0.0,0.0,0.0,0.0,0.0,,0.0,0.0,0.0,,0.0,0.0,0.0,0,0.0,0.0
2020-01-24,2.685499906539917,-0.014856993024026433,16.947418212890625,-0.011566745148818502,-0.00329024787520793,0.00329024787520793,,,0,0,0.0,10,4.9131344903098295,0.0,0.0,0.0,0.0,0.0,0.0,,0.0,0.0,0.0,,0.0,0.0,0.0,0,0.0,0.0
2020-01-25,2.685499906539917,0.0,16.947418212890625,0.0,0.0,0.0,,,1,0,0.0,10,,0.0,0.0,0.0,0.0,0.0,0.0,,0.0,0.0,0.0,,0.0,0.0,0.0,0,0.0,0.0
2020-01-26,2.685499906539917,0.0,16.947418212890625,0.0,0.0,0.0,,,1,0,0.0,10,,0.0,0.0,0.0,0.0,0.0,0.0,,0.0,0.0,0.0,,0.0,0.0,0.0,0,0.0,0.0
2020-01-27,2.5964999198913574,-0.033140938278128584,16.19019317626953,-0.04468084914816872,0.011539910870040138,0.011539910870040138,,,1,0,0.0,10,8.40659906976606,0.0,0.0,0.0,0.0,0.0,0.0,,0.0,0.0,0.0,,0.0,0.0,0.0,0,0.0,0.0
2020-01-28,2.5794999599456787,-0.006547259953849749,16.334428787231445,0.008908825817676158,-0.015456085771525907,0.015456085771525907,,,0,0,0.0,10,8.616468598850648,0.0,0.0,0.0,0.0,0.0,0.0,,0.0,0.0,0.0,,0.0,0.0,0.0,0,0.0,0.0
2020-01-29,2.553499937057495,-0.010079481795662093,16.334428787231445,0.0,-0.010079481795662093,0.010079481795662093,,,0,0,0.0,10,0.0,0.0,0.0,0.0,0.0,0.0,0.0,,0.0,0.0,0.0,,0.0,0.0,0.0,0,0.0,0.0
2020-01-30,2.5234999656677246,-0.011748569465147796,16.154132843017578,-0.011037786907786118,-0.0007107825573616777,0.0007107825573616777,,,0,0,0.0,10,6.014193032863193,0.0,0.0,0.0,0.0,0.0,0.0,,0.0,0.0,0.0,,0.0,0.0,0.0,0,0.0,0.0
2020-01-31,2.5199999809265137,-0.0013869565242038417,15.766509056091309,-0.0239953323829335,0.022608375858729657,0.022608375858729657,,,1,0,0.0,10,108.24277793630732,0.0,0.0,0.0,0.0,0.0,0.0,,0.0,0.0,0.0,,0.0,0.0,0.0,0,0.0,0.0
2020-02-01,2.5199999809265137,0.0,15.766509056091309,0.0,0.0,0.0,,,1,0,0.0,10,,0.0,0.0,0.0,0.0,0.0,0.0,,0.0,0.0,0.0,,0.0,0.0,0.0,0,0.0,0.0
2020-02-02,2.5199999809265137,0.0,15.766509056091309,0.0,0.0,0.0,,,1,0,0.0,10,,0.0,0.0,0.0,0.0,0.0,0.0,,0.0,0.0,0.0,,0.0,0.0,0.0,0,0.0,0.0
2020-02-03,2.513000011444092,-0.0027777656886521784,15.739462852478027,-0.0017154211827781207,-0.0010623445058740577,0.0010623445058740577,,,0,0,0.0,10,3.86787629592347,0.0,0.0,0.0,0.0,0.0,0.0,,0.0,0.0,0.0,,0.0,0.0,0.0,0,0.0,0.0
2020-02-04,2.547499895095825,0.013728564860574055,16.460634231567383,0.04581931326683186,-0.03209074840625781,0.03209074840625781,,,0,0,0.0,10,21.565315971389058,0.0,0.0,0.0,0.0,0.0,0.0,,0.0,0.0,0.0,,0.0,0.0,0.0,0,0.0,0.0
2020-02-05,2.5789999961853027,0.012365103979049552,16.74909782409668,0.017524451881452796,-0.005159347902403244,0.005159347902403244,,,0,0,0.0,10,9.204214860231632,0.0,0.0,0.0,0.0,0.0,0.0,,0.0,0.0,0.0,,0.0,0.0,0.0,0,0.0,0.0
2020-02-06,2.5985000133514404,0.007561076849546655,16.65894889831543,-0.005382315317996045,0.0129433921675427,0.0129433921675427,,,1,0,0.0,10,4.563629274236679,0.0,0.0,0.0,0.0,0.0,0.0,,0.0,0.0,0.0,,0.0,0.0,0.0,0,0.0,0.0
2020-02-07,2.559000015258789,-0.015201076732613061,16.063987731933594,-0.035714208021971894,0.020513131289358832,0.020513131289358832,,,1,0,0.0,10,14.748564368116883,0.0,0.0,0.0,0.0,0.0,0.0,,0.0,0.0,0.0,,0.0,0.0,0.0,0,0.0,0.0
2020-02-08,2.559000015258789,0.0,16.063987731933594,0.0,0.0,0.0,,,1,0,0.0,10,,0.0,0.0,0.0,0.0,0.0,0.0,,0.0,0.0,0.0,,0.0,0.0,0.0,0,0.0,0.0
2020-02-09,2.559000015258789,0.0,16.063987731933594,0.0,0.0,0.0,,,1,0,0.0,10,,0.0,0.0,0.0,0.0,0.0,0.0,,0.0,0.0,0.0,,0.0,0.0,0.0,0,0.0,0.0
2020-02-10,2.557499885559082,-0.000586217151528734,16.100048065185547,0.002244793375947962,-0.002831010527476696,0.002831010527476696,,,0,0,0.0,10,24.106235829100832,0.0,0.0,0.0,0.0,0.0,0.0,,0.0,0.0,0.0,,0.0,0.0,0.0,0,0.0,0.0
2020-02-11,2.5885000228881836,0.012121266360223037,16.44260025024414,0.021276469714355928,-0.00915520335413289,0.00915520335413289,,,0,0,0.0,10,11.149975164133123,0.0,0.0,0.0,0.0,0.0,0.0,,0.0,0.0,0.0,,0.0,0.0,0.0,0,0.0,0.0
2020-02-12,2.6059999465942383,0.006760642670007977,17.037565231323242,0.03618436086897314,-0.029423718198965165,0.029423718198965165,,,0,0,0.0,10,34.99178143326047,0.0,0.0,0.0,0.0,0.0,0.0,,0.0,0.0,0.0,,0.0,0.0,0.0,0,0.0,0.0
2020-02-13,2.619499921798706,0.005180343622842587,16.803184509277344,-0.01375670284243391,0.018937046465276497,0.018937046465276497,,,1,0,0.0,10,17.034484455445597,0.0,0.0,0.0,0.0,0.0,0.0,,0.0,0.0,0.0,,0.0,0.0,0.0,0,0.0,0.0
2020-02-14,2.6054999828338623,-0.0053445082583665204,16.758113861083984,-0.002682268243169972,-0.0026622400151965486,0.0026622400151965486,,,0,0,0.0,10,3.227962773073668,0.0,0.0,0.0,0.0,0.0,0.0,,0.0,0.0,0.0,,0.0,0.0,0.0,0,0.0,0.0
2020-02-15,2.6054999828338623,0.0,16.758113861083984,0.0,0.0,0.0,,,1,0,0.0,10,,0.0,0.0,0.0,0.0,0.0,0.0,,0.0,0.0,0.0,,0.0,0.0,0.0,0,0.0,0.0
2020-02-16,2.6054999828338623,0.0,16.758113861083984,0.0,0.0,0.0,,,1,0,0.0,10,,0.0,0.0,0.0,0.0,0.0,0.0,,0.0,0.0,0.0,,0.0,0.0,0.0,0,0.0,0.0
2020-02-17,2.6054999828338623,0.0,16.758113861083984,0.0,0.0,0.0,,,1,0,0.0,10,,0.0,0.0,0.0,0.0,0.0,0.0,,0.0,0.0,0.0,,0.0,0.0,0.0,0,0.0,0.0
2020-02-18,2.609999895095825,0.0017270820539667664,16.496686935424805,-0.015600020851169294,0.01732710290513606,0.01732710290513606,,,1,0,0.0,10,57.09110517245832,0.0,0.0,0.0,0.0,0.0,0.0,,0.0,0.0,0.0,,0.0,0.0,0.0,0,0.0,0.0
2020-02-19,2.612499952316284,0.0009578763681779012,16.586835861206055,0.005464668520057003,-0.004506792151879102,0.004506792151879102,0.008491692599055701,0.01580703852304569,0,0,0.0,10,36.221098747441665,0.0,0.0,0.0,0.0,0.0,0.0,,0.0,0.0,0.0,0.01580703852304569,0.0,0.0,0.0,0,0.0,0.0
2020-02-20,2.5950000286102295,-0.006698535512139947,16.39752960205078,-0.011413042290846498,0.004714506778706551,0.004714506778706551,0.00851899428069799,0.015856361666106614,1,0,0.0,10,10.76620435693987,0.0,0.0,0.0,0.0,0.0,0.0,,0.0,0.0,0.0,0.015856361666106614,0.0,0.0,0.0,0,0.0,0.0
2020-02-21,2.618000030517578,0.008863199095865415,16.11807632446289,-0.017042401164681587,0.025905600260547,0.025905600260547,0.008646719856109385,0.01598487503560221,1,1,1.0,10,11.838150030002755,-119.0,10.0,311.5420036315918,-161.1807632446289,0.0,0.0,Opened,311.5420036315918,-161.1807632446289,0.0,0.01598487503560221,472.7227668762207,0.0,0.0,0,0.0,472.7227668762207
2020-02-22,2.618000030517578,0.0,16.11807632446289,0.0,0.0,0.0,0.00851142425277029,0.01556920198924946,1,1,0.0,10,,119.0,-10.0,-311.5420036315918,161.1807632446289,0.0,0.0,Live,0.0,0.0,0.0,0.01556920198924946,472.7227668762207,0.0,0.0,0,0.0,0.0
2020-02-23,2.618000030517578,0.0,16.11807632446289,0.0,0.0,0.0,0.00851142425277029,0.01556920198924946,1,1,0.0,10,,119.0,-10.0,-311.5420036315918,161.1807632446289,0.0,0.0,Live,0.0,0.0,0.0,0.01556920198924946,472.7227668762207,0.0,0.0,0,0.0,0.0
2020-02-24,2.5924999713897705,-0.009740282211824991,15.333809852600098,-0.048657572781963365,0.038917290570138374,0.038917290570138374,0.008592219902867291,0.016890381266597573,1,1,0.0,10,29.546783773494138,119.0,-10.0,-308.5074965953827,153.33809852600098,3.0345070362091064,-7.84266471862793,Live,0.0,0.0,0.0,0.016890381266597573,461.84559512138367,-4.808157682418823,-0.010410747083460065,0,0.0,0.0
2020-02-25,2.5964999198913574,0.0015428923995099986,14.919136047363281,-0.02704310339197935,0.02858599579148935,0.02858599579148935,0.008597357154493855,0.017221290000980386,1,1,0.0,10,100.71084727388632,119.0,-10.0,-308.98349046707153,149.1913604736328,2.5585131645202637,-11.989402770996094,Live,0.0,0.0,0.0,0.017221290000980386,458.17485094070435,-9.43088960647583,-0.02058360380783176,1,-9.43088960647583,0.0
2020-02-26,2.5764999389648438,-0.007702669571948428,14.792933464050293,-0.00845910801485672,0.0007564384429082915,0.0007564384429082915,0.008632601556895428,0.01718303956503748,1,1,0.0,10,6.305324902626727,119.0,-10.0,-306.6034927368164,147.92933464050293,4.938510894775391,-13.251428604125977,Live,0.0,0.0,0.0,0.01718303956503748,454.53282737731934,-8.312917709350586,-0.01828892702275565,1,0.0,0.0
2020-02-27,2.571500062942505,-0.001940569043579199,14.243042945861816,-0.03717251345210315,0.03523194440852395,0.03523194440852395,0.008573258057457522,0.017813591126637288,1,1,0.0,10,106.09845814678904,119.0,-10.0,-306.0085074901581,142.43042945861816,5.533496141433716,-18.750333786010742,Live,0.0,0.0,0.0,0.017813591126637288,448.43893694877625,-13.216837644577026,-0.029472992988757225,1,0.0,0.0
2020-02-28,2.5460000038146973,-0.00991641396214027,14.062752723693848,-0.012658125293398048,0.002741711331257779,0.002741711331257779,0.008648445744784648,0.0178500544629065,1,1,0.0,10,7.050609832193908,119.0,-10.0,-302.974000453949,140.62752723693848,8.568003177642822,-20.55323600769043,Live,0.0,0.0,0.0,0.0178500544629065,443.60152769088745,-11.985232830047607,-0.02701801522739393,1,0.0,0.0
2020-02-29,2.5460000038146973,0.0,14.062752723693848,0.0,0.0,0.0,0.00862564723042444,0.017761377637792956,1,1,0.0,10,,119.0,-10.0,-302.974000453949,140.62752723693848,8.568003177642822,-20.55323600769043,Live,0.0,0.0,0.0,0.017761377637792956,443.60152769088745,-11.985232830047607,-0.02701801522739393,1,0.0,0.0
2020-03-01,2.5460000038146973,0.0,14.062752723693848,0.0,0.0,0.0,0.00862564723042444,0.017761377637792956,1,1,0.0,10,,119.0,-10.0,-302.974000453949,140.62752723693848,8.568003177642822,-20.55323600769043,Live,0.0,0.0,0.0,0.017761377637792956,443.60152769088745,-11.985232830047607,-0.02701801522739393,1,0.0,0.0
2020-03-02,2.6010000705718994,0.021602539935111853,14.477421760559082,0.02948704602951402,-0.007884506094402166,0.007884506094402166,0.009246302901814643,0.018404311686661522,0,0,-1.0,10,7.597615546562414,119.0,-10.0,-309.51900839805603,144.77421760559082,2.0229952335357666,-16.406545639038086,Closed,-309.51900839805603,144.77421760559082,-14.38355040550232,0.018404311686661522,454.29322600364685,-14.38355040550232,-0.031661379880198466,1,0.0,0.0
2020-03-03,2.5794999599456787,-0.008266093826553966,14.179940223693848,-0.02054796370412204,0.012281869877568075,0.012281869877568075,0.008967283471157711,0.018163525631479688,1,0,0.0,10,13.664927565934253,0.0,0.0,0.0,0.0,0.0,0.0,,0.0,0.0,0.0,0.018163525631479688,0.0,0.0,0.0,0,0.0,0.0
2020-03-04,2.5929999351501465,0.0052335628664836875,14.405303001403809,0.015893069657190395,-0.010659506790706708,0.010659506790706708,0.008970001649710582,0.01837621448005621,0,0,0.0,10,16.87058853200788,0.0,0.0,0.0,0.0,0.0,0.0,,0.0,0.0,0.0,0.01837621448005621,0.0,0.0,0.0,0,0.0,0.0
2020-03-05,2.5824999809265137,-0.004049346118870978,14.07176685333252,-0.023153705828942717,0.01910435971007174,0.01910435971007174,0.008974548337468007,0.018479133656492723,1,1,1.0,10,31.156159277991247,-312.0,10.0,805.7399940490723,-140.7176685333252,0.0,0.0,Opened,805.7399940490723,-140.7176685333252,0.0,0.018479133656492723,946.4576625823975,0.0,0.0,0,0.0,946.4576625823975
2020-03-06,2.572999954223633,-0.0036786163690396556,13.612022399902344,-0.03267140922828027,0.028992792859240613,0.028992792859240613,0.008957242769137204,0.018880916494742977,1,1,0.0,10,46.98575881432843,312.0,-10.0,-802.7759857177734,136.12022399902344,2.964008331298828,-4.597444534301758,Live,0.0,0.0,0.0,0.018880916494742977,938.8962097167969,-1.6334362030029297,-0.0017397409704056955,0,0.0,0.0
2020-03-07,2.572999954223633,0.0,13.612022399902344,0.0,0.0,0.0,0.00896037839843658,0.01877471099291695,1,1,0.0,10,,312.0,-10.0,-802.7759857177734,136.12022399902344,2.964008331298828,-4.597444534301758,Live,0.0,0.0,0.0,0.01877471099291695,938.8962097167969,-1.6334362030029297,-0.0017397409704056955,0,0.0,0.0
2020-03-08,2.572999954223633,0.0,13.612022399902344,0.0,0.0,0.0,0.00896037839843658,0.01877471099291695,1,1,0.0,10,,312.0,-10.0,-802.7759857177734,136.12022399902344,2.964008331298828,-4.597444534301758,Live,0.0,0.0,0.0,0.01877471099291695,938.8962097167969,-1.6334362030029297,-0.0017397409704056955,0,0.0,0.0
2020-03-09,2.5239999294281006,-0.019043927581536724,11.863191604614258,-0.12847692605182848,0.10943299847029175,0.10943299847029175,0.009272937051931345,0.02553965360652076,1,1,0.0,10,31.708874140775045,312.0,-10.0,-787.4879779815674,118.63191604614258,18.252016067504883,-22.085752487182617,Live,0.0,0.0,0.0,0.02553965360652076,906.11989402771,-3.8337364196777344,-0.004230937257802327,0,0.0,0.0
2020-03-10,2.5339999198913574,0.003961961467060293,12.746621131896973,0.07446811589379543,-0.07050615442673513,0.07050615442673513,0.00931054717499329,0.028081686718666267,0,0,-1.0,10,94.54718419430212,312.0,-10.0,-790.6079750061035,127.46621131896973,15.13201904296875,-13.251457214355469,Closed,-790.6079750061035,127.46621131896973,1.8805618286132812,0.028081686718666267,918.0741863250732,1.8805618286132812,0.002048376761513049,0,1.8805618286132812,0.0
2020-03-11,2.51200008392334,-0.008681861351029885,11.755017280578613,-0.07779346707316681,0.06911160572213693,0.06911160572213693,0.009083952550694151,0.02961561431255612,1,1,1.0,10,41.93087293659645,-420.0,10.0,1055.0400352478027,-117.55017280578613,0.0,0.0,Opened,1055.0400352478027,-117.55017280578613,0.0,0.02961561431255612,1172.5902080535889,0.0,0.0,0,0.0,1172.5902080535889
2020-03-12,2.4809999465942383,-0.012340818588144398,10.438888549804688,-0.111963147255292,0.0996223286671476,0.0996223286671476,0.009107489262266235,0.03307945429878219,1,1,0.0,10,38.17320597389897,420.0,-10.0,-1042.01997756958,104.38888549804688,13.020057678222656,-13.161287307739258,Live,0.0,0.0,0.0,0.03307945429878219,1146.408863067627,-0.14122962951660156,-0.00012319307191911548,0,0.0,0.0
2020-03-13,2.4739999771118164,-0.00282143072676444,11.475564956665039,0.09930907892294227,-0.10213050964970671,0.10213050964970671,0.00892281124238349,0.03640824942413925,0,0,-1.0,10,163.26532098915504,420.0,-10.0,-1039.079990386963,114.75564956665039,15.960044860839844,-2.794523239135742,Closed,-1039.079990386963,114.75564956665039,13.165521621704102,0.03640824942413925,1153.8356399536133,13.165521621704102,0.01141022270921826,0,13.165521621704102,0.0
2020-03-14,2.4739999771118164,0.0,11.475564956665039,0.0,0.0,0.0,0.008727729723784525,0.03641753946952816,1,0,0.0,10,,0.0,0.0,0.0,0.0,0.0,0.0,,0.0,0.0,0.0,0.03641753946952816,0.0,0.0,0.0,0,0.0,0.0
2020-03-15,2.4739999771118164,0.0,11.475564956665039,0.0,0.0,0.0,0.008727729723784525,0.03641753946952816,1,0,0.0,10,,0.0,0.0,0.0,0.0,0.0,0.0,,0.0,0.0,0.0,0.03641753946952816,0.0,0.0,0.0,0,0.0,0.0
2020-03-16,2.3984999656677246,-0.03051738566797868,9.47432804107666,-0.17439114528527466,0.14387375961729598,0.14387375961729598,0.009633500795372375,0.04340437160810293,1,1,1.0,10,22.572819292215772,-226.0,10.0,542.0609922409058,-94.7432804107666,0.0,0.0,Opened,542.0609922409058,-94.7432804107666,0.0,0.04340437160810293,636.8042726516724,0.0,0.0,0,0.0,636.8042726516724
2020-03-17,2.315500020980835,-0.03460493886802418,10.583121299743652,0.11703133497803075,-0.15163627384605494,0.15163627384605494,0.009731154126045923,0.046711134292056415,0,0,-1.0,10,15.457279405854335,226.0,-10.0,-523.3030047416687,105.83121299743652,18.75798749923706,11.087932586669922,Closed,-523.3030047416687,105.83121299743652,29.845920085906982,0.046711134292056415,629.1342177391052,29.845920085906982,0.04743967065273144,0,29.845920085906982,0.0
2020-03-18,2.1605000495910645,-0.06694017274252206,9.447284698486328,-0.10732529365271826,0.04038512091019619,0.04038512091019619,0.01335123682164229,0.04873377716326787,1,0,0.0,10,7.010806478266291,0.0,0.0,0.0,0.0,0.0,0.0,,0.0,0.0,0.0,0.04873377716326787,0.0,0.0,0.0,0,0.0,0.0
2020-03-19,2.200000047683716,0.018282803603789644,9.672646522521973,0.02385466631187194,-0.005571862708082298,0.005571862708082298,0.013662665797754263,0.04894676697980427,0,0,0.0,10,5.736581642179097,0.0,0.0,0.0,0.0,0.0,0.0,,0.0,0.0,0.0,0.04894676697980427,0.0,0.0,0.0,0,0.0,0.0
2020-03-20,2.190500020980835,-0.004318193862260622,9.429254531860352,-0.025162915867431135,0.020844722005170513,0.020844722005170513,0.013604542729843662,0.04899831457061847,1,0,0.0,10,25.083776775234995,0.0,0.0,0.0,0.0,0.0,0.0,,0.0,0.0,0.0,0.04899831457061847,0.0,0.0,0.0,0,0.0,0.0
2020-03-21,2.190500020980835,0.0,9.429254531860352,0.0,0.0,0.0,0.013608757377832462,0.04897079066565429,1,0,0.0,10,,0.0,0.0,0.0,0.0,0.0,0.0,,0.0,0.0,0.0,0.04897079066565429,0.0,0.0,0.0,0,0.0,0.0
2020-03-22,2.190500020980835,0.0,9.429254531860352,0.0,0.0,0.0,0.013608757377832462,0.04897079066565429,1,0,0.0,10,,0.0,0.0,0.0,0.0,0.0,0.0,,0.0,0.0,0.0,0.04897079066565429,0.0,0.0,0.0,0,0.0,0.0
2020-03-23,2.119499921798706,-0.03241273613425366,8.726118087768555,-0.0745696748047241,0.042156938670470434,0.042156938670470434,0.014234834446594926,0.04981911684679736,1,0,0.0,10,9.47183745147533,0.0,0.0,0.0,0.0,0.0,0.0,,0.0,0.0,0.0,0.04981911684679736,0.0,0.0,0.0,0,0.0,0.0
2020-03-24,2.197499990463257,0.03680116609693296,10.051261901855469,0.15185948674524297,-0.11505832064831001,0.11505832064831001,0.01532615616452684,0.054851514968235156,0,1,1.0,10,18.874352212148235,189.0,-10.0,-415.32749819755554,100.51261901855469,0.0,0.0,Opened,-415.32749819755554,100.51261901855469,0.0,0.054851514968235156,515.8401172161102,0.0,0.0,0,0.0,515.8401172161102
2020-03-25,2.2339999675750732,0.01660977350180648,10.736369132995605,0.06816131524875146,-0.051551541746944984,0.051551541746944984,0.015393924229134945,0.05538254167985353,0,1,0.0,10,19.72188963350041,-189.0,10.0,422.22599387168884,-107.36369132995605,6.898495674133301,-6.851072311401367,Live,0.0,0.0,0.0,0.05538254167985353,529.5896852016449,0.047423362731933594,8.954736857058843e-05,0,0.0,0.0
2020-03-26,2.2079999446868896,-0.011638327334626442,10.835532188415527,0.00923618163566764,-0.02087450897029408,0.02087450897029408,0.0152946979714492,0.05532007663922526,0,1,0.0,10,3.894512352273597,-189.0,10.0,417.31198954582214,-108.35532188415527,1.9844913482666016,-7.842702865600586,Live,0.0,0.0,0.0,0.05532007663922526,525.6673114299774,-5.858211517333984,-0.011144332907819281,0,0.0,0.0
2020-03-27,2.197000026702881,-0.004981847037848874,10.384799003601074,-0.04159769700064575,0.036615849962796876,0.036615849962796876,0.015220883030775692,0.055533223063589085,1,0,-1.0,10,39.46816465542399,-189.0,10.0,415.2330050468445,-103.84799003601074,-0.09449315071105957,-3.3353710174560547,Closed,415.2330050468445,-103.84799003601074,-3.4298641681671143,0.055533223063589085,519.0809950828552,-3.4298641681671143,-0.006607570303396761,0,-3.4298641681671143,0.0
2020-03-28,2.197000026702881,0.0,10.384799003601074,0.0,0.0,0.0,0.015128540586039557,0.055397259637524385,1,0,0.0,10,,0.0,0.0,0.0,0.0,0.0,0.0,,0.0,0.0,0.0,0.055397259637524385,0.0,0.0,0.0,0,0.0,0.0
2020-03-29,2.197000026702881,0.0,10.384799003601074,0.0,0.0,0.0,0.015128540586039557,0.055397259637524385,1,0,0.0,10,,0.0,0.0,0.0,0.0,0.0,0.0,,0.0,0.0,0.0,0.055397259637524385,0.0,0.0,0.0,0,0.0,0.0
2020-03-30,2.1619999408721924,-0.015930853620978014,10.26761245727539,-0.011284430857549377,-0.004646422763428637,0.004646422763428637,0.015232936178372104,0.055390508098817126,0,0,0.0,10,3.3639877307680144,0.0,0.0,0.0,0.0,0.0,0.0,,0.0,0.0,0.0,0.055390508098817126,0.0,0.0,0.0,0,0.0,0.0
2020-03-31,2.240000009536743,0.03607773857435159,10.664255142211914,0.038630469019647506,-0.0025527304452959143,0.0025527304452959143,0.016214619790770574,0.05575732576683993,0,0,0.0,10,5.097687170197856,0.0,0.0,0.0,0.0,0.0,0.0,,0.0,0.0,0.0,0.05575732576683993,0.0,0.0,0.0,0,0.0,0.0
2020-04-01,2.191999912261963,-0.021428614763580822,10.096333503723145,-0.053254693451658563,0.03182607868807774,0.03182607868807774,0.016290502898236484,0.05599123536416983,1,0,0.0,10,11.44687518046428,0.0,0.0,0.0,0.0,0.0,0.0,,0.0,0.0,0.0,0.05599123536416983,0.0,0.0,0.0,0,0.0,0.0
2020-04-02,2.2330000400543213,0.018704438610150254,10.366772651672363,0.026785877056209717,-0.008081438446059463,0.008081438446059463,0.016525238828279634,0.05585499960582195,0,0,0.0,10,6.648383097550956,0.0,0.0,0.0,0.0,0.0,0.0,,0.0,0.0,0.0,0.05585499960582195,0.0,0.0,0.0,0,0.0,0.0
2020-04-03,2.2100000381469727,-0.010300045452211082,10.258596420288086,-0.010434899560262556,0.00013485410805147424,0.00013485410805147424,0.01651483530890424,0.0558503884022053,1,0,0.0,10,4.7026731558488954,0.0,0.0,0.0,0.0,0.0,0.0,,0.0,0.0,0.0,0.0558503884022053,0.0,0.0,0.0,0,0.0,0.0
2020-04-04,2.2100000381469727,0.0,10.258596420288086,0.0,0.0,0.0,0.016518354873321796,0.055857146448307575,1,0,0.0,10,,0.0,0.0,0.0,0.0,0.0,0.0,,0.0,0.0,0.0,0.055857146448307575,0.0,0.0,0.0,0,0.0,0.0
2020-04-05,2.2100000381469727,0.0,10.258596420288086,0.0,0.0,0.0,0.016518354873321796,0.055857146448307575,1,0,0.0,10,,0.0,0.0,0.0,0.0,0.0,0.0,,0.0,0.0,0.0,0.055857146448307575,0.0,0.0,0.0,0,0.0,0.0
2020-04-06,2.234999895095825,0.011312152270284148,10.853560447692871,0.0579966306334212,-0.04668447836313705,0.04668447836313705,0.016639428525936615,0.0566279736584302,0,0,0.0,10,24.89729948585062,0.0,0.0,0.0,0.0,0.0,0.0,,0.0,0.0,0.0,0.0566279736584302,0.0,0.0,0.0,0,0.0,0.0
2020-04-07,2.2885000705718994,0.02393743981530716,11.430493354797363,0.05315609655328646,-0.0292186567379793,0.0292186567379793,0.01706425964036597,0.05725848886777291,0,0,0.0,10,11.091478139317312,0.0,0.0,0.0,0.0,0.0,0.0,,0.0,0.0,0.0,0.05725848886777291,0.0,0.0,0.0,0,0.0,0.0
2020-04-08,2.2780001163482666,-0.004588138037945888,11.655858993530273,0.01971617774820933,-0.024304315786155217,0.024304315786155217,0.01705610521656003,0.057355226100973294,0,0,0.0,10,21.987547581185282,0.0,0.0,0.0,0.0,0.0,0.0,,0.0,0.0,0.0,0.057355226100973294,0.0,0.0,0.0,0,0.0,0.0
2020-04-09,2.2774999141693115,-0.00021957952300588612,12.079543113708496,0.03634945484613317,-0.03656903436913905,0.03656903436913905,0.01705194291607388,0.057638916619119546,0,0,0.0,10,878.0074551029792,0.0,0.0,0.0,0.0,0.0,0.0,,0.0,0.0,0.0,0.057638916619119546,0.0,0.0,0.0,0,0.0,0.0
2020-04-10,2.2774999141693115,0.0,12.079543113708496,0.0,0.0,0.0,0.01704537079771249,0.05763423740092979,1,0,0.0,10,,0.0,0.0,0.0,0.0,0.0,0.0,,0.0,0.0,0.0,0.05763423740092979,0.0,0.0,0.0,0,0.0,0.0
2020-04-11,2.2774999141693115,0.0,12.079543113708496,0.0,0.0,0.0,0.016971108120568193,0.057608541316735436,1,0,0.0,10,,0.0,0.0,0.0,0.0,0.0,0.0,,0.0,0.0,0.0,0.057608541316735436,0.0,0.0,0.0,0,0.0,0.0
2020-04-12,2.2774999141693115,0.0,12.079543113708496,0.0,0.0,0.0,0.016971108120568193,0.057608541316735436,1,0,0.0,10,,0.0,0.0,0.0,0.0,0.0,0.0,,0.0,0.0,0.0,0.057608541316735436,0.0,0.0,0.0,0,0.0,0.0
2020-04-13,2.320499897003174,0.018880344436608132,12.106586456298828,0.0022387719747150037,0.016641572461893128,0.016641572461893128,0.017238974935105903,0.057612657867493644,1,0,0.0,10,0.6186429998251425,0.0,0.0,0.0,0.0,0.0,0.0,,0.0,0.0,0.0,0.057612657867493644,0.0,0.0,0.0,0,0.0,0.0
2020-04-14,2.3469998836517334,0.01141994734961349,12.665491104125977,0.04616533734299333,-0.03474538999337984,0.03474538999337984,0.017311232663317078,0.057674916473398063,0,0,0.0,10,21.815284338358268,0.0,0.0,0.0,0.0,0.0,0.0,,0.0,0.0,0.0,0.057674916473398063,0.0,0.0,0.0,0,0.0,0.0
2020-04-15,2.3125,-0.014699567687261439,11.899251937866211,-0.0604981804464062,0.04579861275914476,0.04579861275914476,0.01739864932239032,0.058161580027434115,1,0,0.0,10,21.17754771392433,0.0,0.0,0.0,0.0,0.0,0.0,,0.0,0.0,0.0,0.058161580027434115,0.0,0.0,0.0,0,0.0,0.0
2020-04-16,2.304500102996826,-0.003459414920291337,11.836149215698242,-0.005303083126356967,0.0018436682060656295,0.0018436682060656295,0.01738142202965316,0.058157049293476065,1,0,0.0,10,7.873348593520441,0.0,0.0,0.0,0.0,0.0,0.0,,0.0,0.0,0.0,0.058157049293476065,0.0,0.0,0.0,0,0.0,0.0
2020-04-17,2.3534998893737793,0.021262653151211675,12.205745697021484,0.0312260748481481,-0.009963421696936425,0.009963421696936425,0.017692168357740304,0.05813547218342009,0,0,0.0,10,7.616405828041073,0.0,0.0,0.0,0.0,0.0,0.0,,0.0,0.0,0.0,0.05813547218342009,0.0,0.0,0.0,0,0.0,0.0
2020-04-18,2.3534998893737793,0.0,12.205745697021484,0.0,0.0,0.0,0.017652748528329345,0.05811296019455024,1,0,0.0,10,,0.0,0.0,0.0,0.0,0.0,0.0,,0.0,0.0,0.0,0.05811296019455024,0.0,0.0,0.0,0,0.0,0.0
2020-04-19,2.3534998893737793,0.0,12.205745697021484,0.0,0.0,0.0,0.017652748528329345,0.05811296019455024,1,0,0.0,10,,0.0,0.0,0.0,0.0,0.0,0.0,,0.0,0.0,0.0,0.05811296019455024,0.0,0.0,0.0,0,0.0,0.0
2020-04-20,2.3345000743865967,-0.008073004410566686,12.0254545211792,-0.014771008696853438,0.006698004286286752,0.006698004286286752,0.017676430032305738,0.058144596816867955,1,0,0.0,10,9.425026331211097,0.0,0.0,0.0,0.0,0.0,0.0,,0.0,0.0,0.0,0.058144596816867955,0.0,0.0,0.0,0,0.0,0.0
2020-04-21,2.2669999599456787,-0.028914162471660676,11.60176944732666,-0.03523235426206517,0.006318191790404493,0.006318191790404493,0.017767905828422165,0.058162602497736256,1,0,0.0,10,6.2359663855336995,0.0,0.0,0.0,0.0,0.0,0.0,,0.0,0.0,0.0,0.058162602497736256,0.0,0.0,0.0,0,0.0,0.0
2020-04-22,2.317500114440918,0.022276204405601074,12.061513900756836,0.03962709787653229,-0.017350893470931217,0.017350893470931217,0.018090806848603917,0.058408379242005135,0,0,0.0,10,9.258340108470732,0.0,0.0,0.0,0.0,0.0,0.0,,0.0,0.0,0.0,0.058408379242005135,0.0,0.0,0.0,0,0.0,0.0
2020-04-23,2.3239998817443848,0.002804645947141582,12.304906845092773,0.020179303057526132,-0.01737465711038455,0.01737465711038455,0.018074301336397543,0.05843760103034178,0,0,0.0,10,38.095207784752276,0.0,0.0,0.0,0.0,0.0,0.0,,0.0,0.0,0.0,0.05843760103034178,0.0,0.0,0.0,0,0.0,0.0
2020-04-24,2.3480000495910645,0.010327095123888519,12.494214057922363,0.015384692888194218,-0.005057597764305699,0.005057597764305699,0.018155628910560922,0.05839947284173182,0,0,0.0,10,7.927230645898162,0.0,0.0,0.0,0.0,0.0,0.0,,0.0,0.0,0.0,0.05839947284173182,0.0,0.0,0.0,0,0.0,0.0
2020-04-25,2.3480000495910645,0.0,12.494214057922363,0.0,0.0,0.0,0.01815506079649994,0.058216563089764195,1,0,0.0,10,,0.0,0.0,0.0,0.0,0.0,0.0,,0.0,0.0,0.0,0.058216563089764195,0.0,0.0,0.0,0,0.0,0.0
2020-04-26,2.3480000495910645,0.0,12.494214057922363,0.0,0.0,0.0,0.01815506079649994,0.058216563089764195,1,0,0.0,10,,0.0,0.0,0.0,0.0,0.0,0.0,,0.0,0.0,0.0,0.058216563089764195,0.0,0.0,0.0,0,0.0,0.0
2020-04-27,2.381999969482422,0.014480374434949095,12.611403465270996,0.009379494124668541,0.005100880310280553,0.005100880310280553,0.018297103883122053,0.05823171767899952,1,0,0.0,10,3.4294248618754932,0.0,0.0,0.0,0.0,0.0,0.0,,0.0,0.0,0.0,0.05823171767899952,0.0,0.0,0.0,0,0.0,0.0
2020-04-28,2.378999948501587,-0.0012594546680396723,12.665491104125977,0.004288788238670405,-0.005548242906710077,0.005548242906710077,0.018118618122477566,0.05519336465035138,0,0,0.0,10,18.129242758341288,0.0,0.0,0.0,0.0,0.0,0.0,,0.0,0.0,0.0,0.05519336465035138,0.0,0.0,0.0,0,0.0,0.0
2020-04-29,2.374500036239624,-0.0018915142326073608,13.521876335144043,0.06761563558629691,-0.06950714981890427,0.06950714981890427,0.018104677522784815,0.05502008484450374,0,1,1.0,10,203.5646207768302,2036.0,-10.0,-4834.4820737838745,135.21876335144043,0.0,0.0,Opened,-4834.4820737838745,135.21876335144043,0.0,0.05502008484450374,4969.700837135315,0.0,0.0,0,0.0,4969.700837135315
2020-04-30,2.3540000915527344,-0.008633373078129947,12.990015983581543,-0.03933332463484873,0.030699951556718785,0.030699951556718785,0.018104266428251237,0.054133601844363416,1,0,-1.0,10,25.14104688207657,-2036.0,10.0,4792.744186401367,-129.90015983581543,-41.737887382507324,5.318603515625,Closed,4792.744186401367,-129.90015983581543,-36.419283866882324,0.054133601844363416,4922.644346237183,-36.419283866882324,-0.007398317104651454,0,-36.419283866882324,0.0
2020-05-01,2.31850004196167,-0.015080734159040765,12.54830265045166,-0.03400406386629373,0.018923329707252967,0.018923329707252967,0.018142978932025718,0.05181426360224572,1,0,0.0,10,12.203550863527777,0.0,0.0,0.0,0.0,0.0,0.0,,0.0,0.0,0.0,0.05181426360224572,0.0,0.0,0.0,0,0.0,0.0
2020-05-02,2.31850004196167,0.0,12.54830265045166,0.0,0.0,0.0,0.01814219121918982,0.04999771787562052,1,0,0.0,10,,0.0,0.0,0.0,0.0,0.0,0.0,,0.0,0.0,0.0,0.04999771787562052,0.0,0.0,0.0,0,0.0,0.0
2020-05-03,2.31850004196167,0.0,12.54830265045166,0.0,0.0,0.0,0.01814219121918982,0.04999771787562052,1,0,0.0,10,,0.0,0.0,0.0,0.0,0.0,0.0,,0.0,0.0,0.0,0.04999771787562052,0.0,0.0,0.0,0,0.0,0.0
2020-05-04,2.3239998817443848,0.0023721542735282153,12.476184844970703,-0.0057472159773227505,0.008119370250850966,0.008119370250850966,0.018148318682405625,0.05001144082568389,1,0,0.0,10,13.006495256812697,0.0,0.0,0.0,0.0,0.0,0.0,,0.0,0.0,0.0,0.05001144082568389,0.0,0.0,0.0,0,0.0,0.0
2020-05-05,2.3410000801086426,0.00731505990933945,12.665491104125977,0.015173409300005991,-0.007858349390666541,0.007858349390666541,0.017678837117494437,0.04298753528354463,0,0,0.0,10,11.22240380270677,0.0,0.0,0.0,0.0,0.0,0.0,,0.0,0.0,0.0,0.04298753528354463,0.0,0.0,0.0,0,0.0,0.0
2020-05-06,2.3524999618530273,0.004912379902119124,12.57534408569336,-0.0071175304369563985,0.012029910339075522,0.012029910339075522,0.016984998445004795,0.03996447712264417,1,0,0.0,10,7.7451108719031465,0.0,0.0,0.0,0.0,0.0,0.0,,0.0,0.0,0.0,0.03996447712264417,0.0,0.0,0.0,0,0.0,0.0
2020-05-07,2.385499954223633,0.01402762716502326,12.87282657623291,0.02365601199556755,-0.00962838483054429,0.00962838483054429,0.01403070864516403,0.036659230590315145,0,0,0.0,10,9.100218566445092,0.0,0.0,0.0,0.0,0.0,0.0,,0.0,0.0,0.0,0.036659230590315145,0.0,0.0,0.0,0,0.0,0.0
2020-05-08,2.4084999561309814,0.00964158555804051,13.152277946472168,0.021708625419937677,-0.012067039861897166,0.012067039861897166,0.013879454020884042,0.03664016336001746,0,0,0.0,10,12.29527370493549,0.0,0.0,0.0,0.0,0.0,0.0,,0.0,0.0,0.0,0.03664016336001746,0.0,0.0,0.0,0,0.0,0.0
2020-05-09,2.4084999561309814,0.0,13.152277946472168,0.0,0.0,0.0,0.01385334007092066,0.036363892223923555,1,0,0.0,10,,0.0,0.0,0.0,0.0,0.0,0.0,,0.0,0.0,0.0,0.036363892223923555,0.0,0.0,0.0,0,0.0,0.0
2020-05-10,2.4084999561309814,0.0,13.152277946472168,0.0,0.0,0.0,0.01385334007092066,0.036363892223923555,1,0,0.0,10,,0.0,0.0,0.0,0.0,0.0,0.0,,0.0,0.0,0.0,0.036363892223923555,0.0,0.0,0.0,0,0.0,0.0
2020-05-11,2.381999969482422,-0.011002693432110022,13.06213092803955,-0.006854099251818013,-0.004148594180292009,0.004148594180292009,0.013972518187356148,0.036404898531641604,0,0,0.0,10,3.416045586425496,0.0,0.0,0.0,0.0,0.0,0.0,,0.0,0.0,0.0,0.036404898531641604,0.0,0.0,0.0,0,0.0,0.0
2020-05-12,2.3605000972747803,-0.009025975013892684,12.755637168884277,-0.023464300032190355,0.01443832501829767,0.01443832501829767,0.013173371140073473,0.0347425808072403,1,0,0.0,10,14.0479065955104,0.0,0.0,0.0,0.0,0.0,0.0,,0.0,0.0,0.0,0.0347425808072403,0.0,0.0,0.0,0,0.0,0.0
2020-05-13,2.3489999771118164,-0.004871899889451803,12.485199928283691,-0.021201390179103163,0.01632949028965136,0.01632949028965136,0.012226417388345524,0.028128780320891084,1,0,0.0,10,23.130151198198206,0.0,0.0,0.0,0.0,0.0,0.0,,0.0,0.0,0.0,0.028128780320891084,0.0,0.0,0.0,0,0.0,0.0
2020-05-14,2.3510000705718994,0.0008514659342577779,12.4401273727417,-0.003610078797367633,0.004461544731625411,0.004461544731625411,0.012028032276460066,0.026616478664777413,1,0,0.0,10,22.434768321162647,0.0,0.0,0.0,0.0,0.0,0.0,,0.0,0.0,0.0,0.026616478664777413,0.0,0.0,0.0,0,0.0,0.0
2020-05-15,2.3334999084472656,-0.007443709740245441,12.656476020812988,0.017391192355903362,-0.024834902096148803,0.024834902096148803,0.011951815661749106,0.026678534752128415,0,0,0.0,10,12.671993491449507,0.0,0.0,0.0,0.0,0.0,0.0,,0.0,0.0,0.0,0.026678534752128415,0.0,0.0,0.0,0,0.0,0.0
2020-05-16,2.3334999084472656,0.0,12.656476020812988,0.0,0.0,0.0,0.011920156789989669,0.02588148026865285,1,0,0.0,10,,0.0,0.0,0.0,0.0,0.0,0.0,,0.0,0.0,0.0,0.02588148026865285,0.0,0.0,0.0,0,0.0,0.0
2020-05-17,2.3334999084472656,0.0,12.656476020812988,0.0,0.0,0.0,0.011920156789989669,0.02588148026865285,1,0,0.0,10,,0.0,0.0,0.0,0.0,0.0,0.0,,0.0,0.0,0.0,0.02588148026865285,0.0,0.0,0.0,0,0.0,0.0
2020-05-18,2.4049999713897705,0.030640696699269165,13.521876335144043,0.06837608769676051,-0.03773539099749135,0.03773539099749135,0.012620295251200748,0.02741132523565171,0,1,1.0,10,12.546641711981772,126.0,-10.0,-303.0299963951111,135.21876335144043,0.0,0.0,Opened,-303.0299963951111,135.21876335144043,0.0,0.02741132523565171,438.2487597465515,0.0,0.0,0,0.0,438.2487597465515
2020-05-19,2.4230000972747803,0.007484459916483166,13.575963973999023,0.004000009873955435,0.0034844500425277314,0.0034844500425277314,0.012377682450899754,0.027303534328485313,1,0,-1.0,10,2.9944553504080647,-126.0,10.0,305.2980122566223,-135.75963973999023,2.2680158615112305,-0.5408763885498047,Closed,305.2980122566223,-135.75963973999023,1.7271394729614258,0.027303534328485313,441.05765199661255,1.7271394729614258,0.003915904111725264,0,1.7271394729614258,0.0
2020-05-20,2.4674999713897705,0.018365609710474518,13.819356918334961,0.01792822556115281,0.00043738414932170677,0.00043738414932170677,0.011623382132878605,0.02695277613909892,1,0,0.0,10,5.467170701764679,0.0,0.0,0.0,0.0,0.0,0.0,,0.0,0.0,0.0,0.02695277613909892,0.0,0.0,0.0,0,0.0,0.0
2020-05-21,2.4519999027252197,-0.00628168950122443,13.575963973999023,-0.017612465310380188,0.011330775809155758,0.011330775809155758,0.01118952680803885,0.02581299762987678,1,0,0.0,10,15.52365252756827,0.0,0.0,0.0,0.0,0.0,0.0,,0.0,0.0,0.0,0.02581299762987678,0.0,0.0,0.0,0,0.0,0.0
2020-05-22,2.4089999198913574,-0.017536698425669184,13.368629455566406,-0.015272176534182669,-0.002264521891486515,0.002264521891486515,0.01127900704823437,0.025815848784676697,0,0,0.0,10,4.832848735745008,0.0,0.0,0.0,0.0,0.0,0.0,,0.0,0.0,0.0,0.025815848784676697,0.0,0.0,0.0,0,0.0,0.0
2020-05-23,2.4089999198913574,0.0,13.368629455566406,0.0,0.0,0.0,0.011150922576953855,0.025727069464272615,1,0,0.0,10,,0.0,0.0,0.0,0.0,0.0,0.0,,0.0,0.0,0.0,0.025727069464272615,0.0,0.0,0.0,0,0.0,0.0
2020-05-24,2.4089999198913574,0.0,13.368629455566406,0.0,0.0,0.0,0.011150922576953855,0.025727069464272615,1,0,0.0,10,,0.0,0.0,0.0,0.0,0.0,0.0,,0.0,0.0,0.0,0.025727069464272615,0.0,0.0,0.0,0,0.0,0.0
2020-05-25,2.4089999198913574,0.0,13.368629455566406,0.0,0.0,0.0,0.011150922576953855,0.025727069464272615,1,0,0.0,10,,0.0,0.0,0.0,0.0,0.0,0.0,,0.0,0.0,0.0,0.025727069464272615,0.0,0.0,0.0,0,0.0,0.0
2020-05-26,2.438499927520752,0.012245748696714243,13.873445510864258,0.037761242240703874,-0.02551549354398963,0.02551549354398963,0.011167966986707637,0.025036387958138288,0,1,1.0,10,17.543753473651552,176.0,-10.0,-429.17598724365234,138.73445510864258,0.0,0.0,Opened,-429.17598724365234,138.73445510864258,0.0,0.025036387958138288,567.9104423522949,0.0,0.0,0,0.0,567.9104423522949
2020-05-27,2.4024999141693115,-0.014763179996499787,13.954574584960938,0.005847795634700059,-0.020610975631199846,0.020610975631199846,0.010941567690284247,0.024063074943743684,0,1,0.0,10,2.3007291360666873,-176.0,10.0,422.8399848937988,-139.54574584960938,-6.336002349853516,-0.8112907409667969,Live,0.0,0.0,0.0,0.024063074943743684,562.3857307434082,-7.1472930908203125,-0.012708880578055255,0,0.0,0.0
2020-05-28,2.4130001068115234,0.0043705277907750695,13.963589668273926,0.0006460306803408589,0.0037244971104342106,0.0037244971104342106,0.010921001205630275,0.023964343397154052,1,0,-1.0,10,0.8553798083902412,-176.0,10.0,424.6880187988281,-139.63589668273926,-4.487968444824219,-0.9014415740966797,Closed,424.6880187988281,-139.63589668273926,-5.389410018920898,0.023964343397154052,564.3239154815674,-5.389410018920898,-0.00955020666512393,0,-5.389410018920898,0.0
2020-05-29,2.426500082015991,0.005594684876457201,14.017679214477539,0.0038736132676906454,0.0017210716087665556,0.0017210716087665556,0.010936407694428574,0.023502512513301068,1,0,0.0,10,3.999783060796427,0.0,0.0,0.0,0.0,0.0,0.0,,0.0,0.0,0.0,0.023502512513301068,0.0,0.0,0.0,0,0.0,0.0
2020-05-30,2.426500082015991,0.0,14.017679214477539,0.0,0.0,0.0,0.010936407694428574,0.023502512513301068,1,0,0.0,10,,0.0,0.0,0.0,0.0,0.0,0.0,,0.0,0.0,0.0,0.023502512513301068,0.0,0.0,0.0,0,0.0,0.0
2020-05-31,2.426500082015991,0.0,14.017679214477539,0.0,0.0,0.0,0.010936407694428574,0.023502512513301068,1,0,0.0,10,,0.0,0.0,0.0,0.0,0.0,0.0,,0.0,0.0,0.0,0.023502512513301068,0.0,0.0,0.0,0,0.0,0.0
2020-06-01,2.4744999408721924,0.01978151956884422,14.531509399414062,0.03665586700014045,-0.016874347431296233,0.016874347431296233,0.011240995278113909,0.023966231326392185,0,0,0.0,10,10.88196000684878,0.0,0.0,0.0,0.0,0.0,0.0,,0.0,0.0,0.0,0.023966231326392185,0.0,0.0,0.0,0,0.0,0.0
2020-06-02,2.494499921798706,0.00808243338226311,14.874064445495605,0.023573259780938827,-0.015490826398675717,0.015490826398675717,0.011005899020535595,0.02412395947930346,0,0,0.0,10,17.39096466461584,0.0,0.0,0.0,0.0,0.0,0.0,,0.0,0.0,0.0,0.02412395947930346,0.0,0.0,0.0,0,0.0,0.0
2020-06-03,2.496500015258789,0.0008018013721327044,15.126474380493164,0.016969802431775705,-0.016168001059643,0.016168001059643,0.01091275597257413,0.02343615920367251,0,0,0.0,10,128.23782223770843,0.0,0.0,0.0,0.0,0.0,0.0,,0.0,0.0,0.0,0.02343615920367251,0.0,0.0,0.0,0,0.0,0.0
2020-06-04,2.493000030517578,-0.0014019566272055473,15.2166166305542,0.005959237281178975,-0.007361193908384522,0.007361193908384522,0.010674459760325442,0.021519900598709236,0,0,0.0,10,25.944894889009205,0.0,0.0,0.0,0.0,0.0,0.0,,0.0,0.0,0.0,0.021519900598709236,0.0,0.0,0.0,0,0.0,0.0
2020-06-05,2.556999921798706,0.025671837343636428,15.622276306152344,0.02665899295797458,-0.0009871556143381532,0.0009871556143381532,0.011178035037952512,0.021677075567809536,0,0,0.0,10,6.344543619319286,0.0,0.0,0.0,0.0,0.0,0.0,,0.0,0.0,0.0,0.021677075567809536,0.0,0.0,0.0,0,0.0,0.0
2020-06-06,2.556999921798706,0.0,15.622276306152344,0.0,0.0,0.0,0.010834984563337797,0.021377135383887434,1,0,0.0,10,,0.0,0.0,0.0,0.0,0.0,0.0,,0.0,0.0,0.0,0.021377135383887434,0.0,0.0,0.0,0,0.0,0.0
2020-06-07,2.556999921798706,0.0,15.622276306152344,0.0,0.0,0.0,0.010834984563337797,0.021377135383887434,1,0,0.0,10,,0.0,0.0,0.0,0.0,0.0,0.0,,0.0,0.0,0.0,0.021377135383887434,0.0,0.0,0.0,0,0.0,0.0
2020-06-08,2.569999933242798,0.005084087540740745,15.766509056091309,0.009232505373251154,-0.004148417832510409,0.004148417832510409,0.010842392452981235,0.02137145169691202,0,0,0.0,10,11.140610272533866,0.0,0.0,0.0,0.0,0.0,0.0,,0.0,0.0,0.0,0.02137145169691202,0.0,0.0,0.0,0,0.0,0.0
2020-06-09,2.6005001068115234,0.011867772124896758,15.595231056213379,-0.010863406684928578,0.022731178809825336,0.022731178809825336,0.010837847564001243,0.021303394633774217,1,1,1.0,10,5.489487203608794,-55.0,10.0,143.0275058746338,-155.9523105621338,0.0,0.0,Opened,143.0275058746338,-155.9523105621338,0.0,0.021303394633774217,298.9798164367676,0.0,0.0,0,0.0,298.9798164367676
2020-06-10,2.6570000648498535,0.02172657401179845,15.775520324707031,0.01156053846485472,0.01016603554694373,0.01016603554694373,0.010217617850715087,0.02049296644121679,1,1,0.0,10,3.159213242896978,55.0,-10.0,-146.13500356674194,157.7552032470703,-3.1074976921081543,1.8028926849365234,Live,0.0,0.0,0.0,0.02049296644121679,303.89020681381226,-1.3046050071716309,-0.004293014312142469,0,0.0,0.0
2020-06-11,2.5864999294281006,-0.02653373492700195,14.423334121704102,-0.08571420626203918,0.05918047133503723,0.05918047133503723,0.010681975247625096,0.02374899132745225,1,1,0.0,10,18.01389449951431,55.0,-10.0,-142.25749611854553,144.23334121704102,0.7700097560882568,-11.718969345092773,Live,0.0,0.0,0.0,0.02374899132745225,286.49083733558655,-10.948959589004517,-0.03821748608378439,1,-10.948959589004517,0.0
2020-06-12,2.6015000343322754,0.005799383457741447,14.856034278869629,0.03000000925683355,-0.0242006257990921,0.0242006257990921,0.01069351272906073,0.02392665498366755,0,0,-1.0,10,29.54055293840514,55.0,-10.0,-143.08250188827515,148.5603427886963,-0.05499601364135742,-7.3919677734375,Closed,-143.08250188827515,148.5603427886963,-7.446963787078857,0.02392665498366755,291.64284467697144,-7.446963787078857,-0.025534532812993376,1,0.0,0.0
2020-06-13,2.6015000343322754,0.0,14.856034278869629,0.0,0.0,0.0,0.010635164026370164,0.023876879347151148,1,0,0.0,10,,0.0,0.0,0.0,0.0,0.0,0.0,,0.0,0.0,0.0,0.023876879347151148,0.0,0.0,0.0,0,0.0,0.0
2020-06-14,2.6015000343322754,0.0,14.856034278869629,0.0,0.0,0.0,0.010635164026370164,0.023876879347151148,1,0,0.0,10,,0.0,0.0,0.0,0.0,0.0,0.0,,0.0,0.0,0.0,0.023876879347151148,0.0,0.0,0.0,0,0.0,0.0
2020-06-15,2.56850004196167,-0.012684986329079773,14.838003158569336,-0.001213723660151933,-0.01147126266892784,0.01147126266892784,0.010835876825358677,0.023881385352524508,0,0,0.0,10,0.5527461122282428,0.0,0.0,0.0,0.0,0.0,0.0,,0.0,0.0,0.0,0.023881385352524508,0.0,0.0,0.0,0,0.0,0.0
2020-06-16,2.565999984741211,-0.0009733529996556189,15.018298149108887,0.01215089312307005,-0.013124246122725669,0.013124246122725669,0.010687768294129325,0.02389798757117822,0,0,0.0,10,73.06374042242544,0.0,0.0,0.0,0.0,0.0,0.0,,0.0,0.0,0.0,0.02389798757117822,0.0,0.0,0.0,0,0.0,0.0
2020-06-17,2.5920000076293945,0.010132510928602345,14.928152084350586,-0.00600241544436575,0.016134926372968095,0.016134926372968095,0.010748018218330787,0.02393780352562646,1,0,0.0,10,3.411772171434649,0.0,0.0,0.0,0.0,0.0,0.0,,0.0,0.0,0.0,0.02393780352562646,0.0,0.0,0.0,0,0.0,0.0
2020-06-18,2.5910000801086426,-0.00038577450532739643,14.847018241882324,-0.005434955512900741,0.0050491810075733445,0.0050491810075733445,0.010739647620098337,0.022108770719220714,1,0,0.0,10,80.72987615536368,0.0,0.0,0.0,0.0,0.0,0.0,,0.0,0.0,0.0,0.022108770719220714,0.0,0.0,0.0,0,0.0,0.0
2020-06-19,2.615000009536743,0.009262805359347759,14.955194473266602,0.007286057686594516,0.001976747672753243,0.001976747672753243,0.010682798258036504,0.02129315907613929,1,0,0.0,10,4.498528095547015,0.0,0.0,0.0,0.0,0.0,0.0,,0.0,0.0,0.0,0.02129315907613929,0.0,0.0,0.0,0,0.0,0.0
2020-06-20,2.615000009536743,0.0,14.955194473266602,0.0,0.0,0.0,0.010395086077762841,0.020617993661847217,1,0,0.0,10,,0.0,0.0,0.0,0.0,0.0,0.0,,0.0,0.0,0.0,0.020617993661847217,0.0,0.0,0.0,0,0.0,0.0
2020-06-21,2.615000009536743,0.0,14.955194473266602,0.0,0.0,0.0,0.010395086077762841,0.020617993661847217,1,0,0.0,10,,0.0,0.0,0.0,0.0,0.0,0.0,,0.0,0.0,0.0,0.020617993661847217,0.0,0.0,0.0,0,0.0,0.0
2020-06-22,2.6554999351501465,0.01548754319912149,15.297750473022461,0.022905486141835185,-0.007417942942713696,0.007417942942713696,0.010549806258896793,0.0207872883712945,0,0,0.0,10,8.519973822516375,0.0,0.0,0.0,0.0,0.0,0.0,,0.0,0.0,0.0,0.0207872883712945,0.0,0.0,0.0,0,0.0,0.0
2020-06-23,2.6600000858306885,0.0016946529054566728,15.730450630187988,0.028285214739813824,-0.02659056183435715,0.02659056183435715,0.010550765722321368,0.02101142666529529,0,1,1.0,10,98.70479095768748,988.0,-10.0,-2628.08008480072,157.30450630187988,0.0,0.0,Opened,-2628.08008480072,157.30450630187988,0.0,0.02101142666529529,2785.3845911026,0.0,0.0,0,0.0,2785.3845911026
2020-06-24,2.6505000591278076,-0.0035714384948652977,15.288734436035156,-0.028080326783845866,0.024508888288980568,0.024508888288980568,0.010567137209337609,0.021463884050161957,1,0,-1.0,10,45.352653407380096,-988.0,10.0,2618.694058418274,-152.88734436035156,-9.386026382446289,4.41716194152832,Closed,2618.694058418274,-152.88734436035156,-4.968864440917969,0.021463884050161957,2771.5814027786255,-4.968864440917969,-0.0017927903672381679,0,-4.968864440917969,0.0
2020-06-25,2.6624999046325684,0.004527389261296477,15.577204704284668,0.018868158738475804,-0.014340769477179327,0.014340769477179327,0.010565514171846502,0.021503768103863195,0,0,0.0,10,24.38268966650592,0.0,0.0,0.0,0.0,0.0,0.0,,0.0,0.0,0.0,0.021503768103863195,0.0,0.0,0.0,0,0.0,0.0
2020-06-26,2.671999931335449,0.0035680852744262026,15.369864463806152,-0.01331049083674718,0.016878576111173382,0.016878576111173382,0.010436042178878915,0.021467848135259905,1,0,0.0,10,21.45815810084404,0.0,0.0,0.0,0.0,0.0,0.0,,0.0,0.0,0.0,0.021467848135259905,0.0,0.0,0.0,0,0.0,0.0
2020-06-27,2.671999931335449,0.0,15.369864463806152,0.0,0.0,0.0,0.01038703558360687,0.021316846051542028,1,0,0.0,10,,0.0,0.0,0.0,0.0,0.0,0.0,,0.0,0.0,0.0,0.021316846051542028,0.0,0.0,0.0,0,0.0,0.0
2020-06-28,2.671999931335449,0.0,15.369864463806152,0.0,0.0,0.0,0.01038703558360687,0.021316846051542028,1,0,0.0,10,,0.0,0.0,0.0,0.0,0.0,0.0,,0.0,0.0,0.0,0.021316846051542028,0.0,0.0,0.0,0,0.0,0.0
2020-06-29,2.679500102996826,0.002806950544204767,15.515607833862305,0.009482410882630576,-0.006675460338425809,0.006675460338425809,0.010382866030422743,0.021328648598504647,0,0,0.0,10,19.561359061745037,0.0,0.0,0.0,0.0,0.0,0.0,,0.0,0.0,0.0,0.021328648598504647,0.0,0.0,0.0,0,0.0,0.0
2020-06-30,2.7135000228881836,0.012688904118096866,15.968221664428711,0.029171517829845506,-0.01648261371174864,0.01648261371174864,0.010308969006880308,0.02157755393400511,0,0,0.0,10,13.528873437608752,0.0,0.0,0.0,0.0,0.0,0.0,,0.0,0.0,0.0,0.02157755393400511,0.0,0.0,0.0,0,0.0,0.0
2020-07-01,2.7170000076293945,0.001289841426824756,16.022537231445312,0.0034014787719034434,-0.0021116373450786874,0.0021116373450786874,0.010172620559052653,0.021204459532318656,0,0,0.0,10,15.551528956092628,0.0,0.0,0.0,0.0,0.0,0.0,,0.0,0.0,0.0,0.021204459532318656,0.0,0.0,0.0,0,0.0,0.0
2020-07-02,2.7335000038146973,0.006072873072863638,16.158321380615234,0.008474572235877664,-0.002401699163014026,0.002401699163014026,0.010120303794787358,0.02087476494613964,0,0,0.0,10,8.248989383527414,0.0,0.0,0.0,0.0,0.0,0.0,,0.0,0.0,0.0,0.02087476494613964,0.0,0.0,0.0,0,0.0,0.0
2020-07-03,2.7335000038146973,0.0,16.158321380615234,0.0,0.0,0.0,0.010124856718268491,0.020849238736769114,1,0,0.0,10,,0.0,0.0,0.0,0.0,0.0,0.0,,0.0,0.0,0.0,0.020849238736769114,0.0,0.0,0.0,0,0.0,0.0
2020-07-04,2.7335000038146973,0.0,16.158321380615234,0.0,0.0,0.0,0.010021314399045278,0.020791101722639056,1,0,0.0,10,,0.0,0.0,0.0,0.0,0.0,0.0,,0.0,0.0,0.0,0.020791101722639056,0.0,0.0,0.0,0,0.0,0.0
2020-07-05,2.7335000038146973,0.0,16.158321380615234,0.0,0.0,0.0,0.010021314399045278,0.020791101722639056,1,0,0.0,10,,0.0,0.0,0.0,0.0,0.0,0.0,,0.0,0.0,0.0,0.020791101722639056,0.0,0.0,0.0,0,0.0,0.0
2020-07-06,2.7660000324249268,0.011889529381699182,16.973024368286133,0.05042002621932484,-0.03853049683762566,0.03853049683762566,0.010084252725931431,0.021739242075900667,0,1,1.0,10,26.0222866525678,261.0,-10.0,-721.9260084629059,169.73024368286133,0.0,0.0,Opened,-721.9260084629059,169.73024368286133,0.0,0.021739242075900667,891.6562521457672,0.0,0.0,0,0.0,891.6562521457672
2020-07-07,2.7874999046325684,0.007772911046856734,16.828189849853516,-0.008533218081230087,0.01630612912808682,0.01630612912808682,0.009315435645117165,0.019886251336648522,1,0,-1.0,10,6.627529797265156,-261.0,10.0,727.5374751091003,-168.28189849853516,5.611466646194458,1.4483451843261719,Closed,727.5374751091003,-168.28189849853516,7.05981183052063,0.019886251336648522,895.8193736076355,7.05981183052063,0.00788084298968599,0,7.05981183052063,0.0
2020-07-08,2.814500093460083,0.009686166726909251,17.262697219848633,0.025820208464007788,-0.016134041737098537,0.016134041737098537,0.00934223753893412,0.020111377790213752,0,0,0.0,10,16.34990335647984,0.0,0.0,0.0,0.0,0.0,0.0,,0.0,0.0,0.0,0.020111377790213752,0.0,0.0,0.0,0,0.0,0.0
2020-07-09,2.828000068664551,0.0047965801229983285,17.479951858520508,0.012585208203853337,-0.007788628080855009,0.007788628080855009,0.00908148736193156,0.020055497066907384,0,0,0.0,10,16.21770953741373,0.0,0.0,0.0,0.0,0.0,0.0,,0.0,0.0,0.0,0.020055497066907384,0.0,0.0,0.0,0,0.0,0.0
2020-07-10,2.88700008392334,0.020862805454828104,17.507112503051758,0.0015538168955546716,0.019308988559273432,0.019308988559273432,0.009337002255253976,0.019797722156332357,1,0,0.0,10,0.45164255673462855,0.0,0.0,0.0,0.0,0.0,0.0,,0.0,0.0,0.0,0.019797722156332357,0.0,0.0,0.0,0,0.0,0.0
2020-07-11,2.88700008392334,0.0,17.507112503051758,0.0,0.0,0.0,0.008854689545653141,0.019590669757491616,1,0,0.0,10,,0.0,0.0,0.0,0.0,0.0,0.0,,0.0,0.0,0.0,0.019590669757491616,0.0,0.0,0.0,0,0.0,0.0
2020-07-12,2.88700008392334,0.0,17.507112503051758,0.0,0.0,0.0,0.008854689545653141,0.019590669757491616,1,0,0.0,10,,0.0,0.0,0.0,0.0,0.0,0.0,,0.0,0.0,0.0,0.019590669757491616,0.0,0.0,0.0,0,0.0,0.0
2020-07-13,2.941999912261963,0.01905085789394234,17.823942184448242,0.018097198001169934,0.0009536598927724071,0.0009536598927724071,0.009100239260840599,0.019652179030472474,1,0,0.0,10,5.755166729825274,0.0,0.0,0.0,0.0,0.0,0.0,,0.0,0.0,0.0,0.019652179030472474,0.0,0.0,0.0,0,0.0,0.0
2020-07-14,2.9159998893737793,-0.008837533536224185,17.896358489990234,0.004062866945628629,-0.012900400481852814,0.012900400481852814,0.009264764816129803,0.019635417760879993,0,0,0.0,10,2.8214911514426957,0.0,0.0,0.0,0.0,0.0,0.0,,0.0,0.0,0.0,0.019635417760879993,0.0,0.0,0.0,0,0.0,0.0
2020-07-15,2.870500087738037,-0.015603499095301232,17.932567596435547,0.002023266714598071,-0.017626765809899303,0.017626765809899303,0.009582584848428936,0.019100433277631484,0,0,0.0,10,0.810057875891977,0.0,0.0,0.0,0.0,0.0,0.0,,0.0,0.0,0.0,0.019100433277631484,0.0,0.0,0.0,0,0.0,0.0
2020-07-16,2.885999917984009,0.0053996968375589205,17.552371978759766,-0.021201404407439783,0.026601101244998704,0.026601101244998704,0.009223941388110661,0.01946499806003047,1,1,1.0,10,23.88002364414619,-239.0,10.0,689.7539803981781,-175.52371978759766,0.0,0.0,Opened,689.7539803981781,-175.52371978759766,0.0,0.01946499806003047,865.2777001857758,0.0,0.0,0,0.0,865.2777001857758
2020-07-17,2.887500047683716,0.0005197954755158385,17.823942184448242,0.015471994669273403,-0.014952199193757565,0.014952199193757565,0.009234430997154394,0.01951348997971048,0,0,-1.0,10,183.73655823393977,239.0,-10.0,-690.1125113964081,178.23942184448242,-0.35853099822998047,2.7157020568847656,Closed,-690.1125113964081,178.23942184448242,2.357171058654785,0.01951348997971048,868.3519332408905,2.357171058654785,0.0027145342440331502,0,2.357171058654785,0.0
2020-07-18,2.887500047683716,0.0,17.823942184448242,0.0,0.0,0.0,0.009244135147979006,0.01952607814033057,1,0,0.0,10,,0.0,0.0,0.0,0.0,0.0,0.0,,0.0,0.0,0.0,0.01952607814033057,0.0,0.0,0.0,0,0.0,0.0
2020-07-19,2.887500047683716,0.0,17.823942184448242,0.0,0.0,0.0,0.009244135147979006,0.01952607814033057,1,0,0.0,10,,0.0,0.0,0.0,0.0,0.0,0.0,,0.0,0.0,0.0,0.01952607814033057,0.0,0.0,0.0,0,0.0,0.0
2020-07-20,2.8984999656677246,0.0038094953428078338,18.176979064941406,0.01980689102555533,-0.015997395682747495,0.015997395682747495,0.009230163631201427,0.019623115120282284,0,0,0.0,10,32.60598111337927,0.0,0.0,0.0,0.0,0.0,0.0,,0.0,0.0,0.0,0.019623115120282284,0.0,0.0,0.0,0,0.0,0.0
2020-07-21,2.940999984741211,0.014662763352386587,18.24939727783203,0.003984062072795114,0.010678701279591474,0.010678701279591474,0.00907412605425628,0.019098110604851358,1,0,0.0,10,1.6860240846890275,0.0,0.0,0.0,0.0,0.0,0.0,,0.0,0.0,0.0,0.019098110604851358,0.0,0.0,0.0,0,0.0,0.0
2020-07-22,2.9084999561309814,-0.011050672825178354,18.403284072875977,0.008432431641502758,-0.01948310446668111,0.01948310446668111,0.009278094103828223,0.01891268041787672,0,1,1.0,10,4.828256974686376,49.0,-10.0,-142.5164978504181,184.03284072875977,0.0,0.0,Opened,-142.5164978504181,184.03284072875977,0.0,0.01891268041787672,326.54933857917786,0.0,0.0,0,0.0,326.54933857917786
2020-07-23,2.924499988555908,0.005501128645781561,18.367074966430664,-0.0019675350498272737,0.007468663695608835,0.007468663695608835,0.00927795619555967,0.018846267428213236,1,0,-1.0,10,2.246254970183556,-49.0,10.0,143.3004994392395,-183.67074966430664,0.7840015888214111,0.362091064453125,Closed,143.3004994392395,-183.67074966430664,1.1460926532745361,0.018846267428213236,326.97124910354614,1.1460926532745361,0.0035051786859449175,0,1.1460926532745361,0.0
2020-07-24,2.881999969482422,-0.014532405279465421,18.131715774536133,-0.012814190192215968,-0.0017182150872494528,0.0017182150872494528,0.009591732175137866,0.01899423689970784,0,0,0.0,10,5.547516407870368,0.0,0.0,0.0,0.0,0.0,0.0,,0.0,0.0,0.0,0.01899423689970784,0.0,0.0,0.0,0,0.0,0.0
2020-07-25,2.881999969482422,0.0,18.131715774536133,0.0,0.0,0.0,0.009020682786241888,0.018708398596830572,1,0,0.0,10,,0.0,0.0,0.0,0.0,0.0,0.0,,0.0,0.0,0.0,0.018708398596830572,0.0,0.0,0.0,0,0.0,0.0
2020-07-26,2.881999969482422,0.0,18.131715774536133,0.0,0.0,0.0,0.009020682786241888,0.018708398596830572,1,0,0.0,10,,0.0,0.0,0.0,0.0,0.0,0.0,,0.0,0.0,0.0,0.018708398596830572,0.0,0.0,0.0,0,0.0,0.0
2020-07-27,2.888000011444092,0.0020819021600293475,18.647695541381836,0.0284573050483361,-0.026375402888306754,0.026375402888306754,0.009014012680215105,0.019040260046631566,0,1,1.0,10,88.25949390956784,883.0,-10.0,-2550.104010105133,186.47695541381836,0.0,0.0,Opened,-2550.104010105133,186.47695541381836,0.0,0.019040260046631566,2736.5809655189514,0.0,0.0,0,0.0,2736.5809655189514
2020-07-28,2.9049999713897705,0.005886412700247146,18.4757080078125,-0.009222991290675608,0.015109403990922754,0.015109403990922754,0.009019460243463957,0.019110131314343914,1,0,-1.0,10,9.964971215981693,-883.0,10.0,2565.1149747371674,-184.757080078125,15.010964632034302,1.7198753356933594,Closed,2565.1149747371674,-184.757080078125,16.73083996772766,0.019110131314343914,2749.8720548152924,16.73083996772766,0.006084224878183092,0,16.73083996772766,0.0
2020-07-29,2.9054999351501465,0.00017210456636829186,18.55717658996582,0.00440949716887018,-0.004237392602501888,0.004237392602501888,0.00892252044362764,0.018999905861032278,0,0,0.0,10,163.63933469179963,0.0,0.0,0.0,0.0,0.0,0.0,,0.0,0.0,0.0,0.018999905861032278,0.0,0.0,0.0,0,0.0,0.0
2020-07-30,2.9045000076293945,-0.00034414990296682824,18.032142639160156,-0.028292771169163622,0.027948621266196794,0.027948621266196794,0.00847448509597907,0.01949147581629163,1,1,1.0,10,510.3919167993319,-5104.0,10.0,14824.56803894043,-180.32142639160156,0.0,0.0,Opened,14824.56803894043,-180.32142639160156,0.0,0.01949147581629163,15004.889465332031,0.0,0.0,0,0.0,15004.889465332031
2020-07-31,2.8589999675750732,-0.01566536062482493,17.95067024230957,-0.004518176152491948,-0.011147184472332983,0.011147184472332983,0.007848709980576032,0.014771717717916199,0,0,-1.0,10,1.8108783662329677,5104.0,-10.0,-14592.335834503174,179.5067024230957,232.23220443725586,-0.8147239685058594,Closed,-14592.335834503174,179.5067024230957,231.41748046875,0.014771717717916199,14771.84253692627,231.41748046875,0.015666121534281086,0,231.41748046875,0.0
2020-08-01,2.8589999675750732,0.0,17.95067024230957,0.0,0.0,0.0,0.007834791197949397,0.014316715033275916,1,0,0.0,10,,0.0,0.0,0.0,0.0,0.0,0.0,,0.0,0.0,0.0,0.014316715033275916,0.0,0.0,0.0,0,0.0,0.0
2020-08-02,2.8589999675750732,0.0,17.95067024230957,0.0,0.0,0.0,0.007834791197949397,0.014316715033275916,1,0,0.0,10,,0.0,0.0,0.0,0.0,0.0,0.0,,0.0,0.0,0.0,0.014316715033275916,0.0,0.0,0.0,0,0.0,0.0
2020-08-03,2.9079999923706055,0.017138868608345126,18.22223663330078,0.015128481963371465,0.0020103866449736607,0.0020103866449736607,0.008118866799885526,0.01439246314712931,1,0,0.0,10,5.531214280692296,0.0,0.0,0.0,0.0,0.0,0.0,,0.0,0.0,0.0,0.01439246314712931,0.0,0.0,0.0,0,0.0,0.0
2020-08-04,2.8894999027252197,-0.0063617915040998785,18.466651916503906,0.013413023226603205,-0.019774814730703083,0.019774814730703083,0.00792829889092755,0.014428912691768363,0,1,1.0,10,13.474502017391927,135.0,-10.0,-390.08248686790466,184.66651916503906,0.0,0.0,Opened,-390.08248686790466,184.66651916503906,0.0,0.014428912691768363,574.7490060329437,0.0,0.0,0,0.0,574.7490060329437
2020-08-05,2.9114999771118164,0.0076138000094228,19.21799087524414,0.04068625770049583,-0.03307245769107303,0.03307245769107303,0.007946968591102489,0.015277627878714112,0,1,0.0,10,35.27259990804011,-135.0,10.0,393.0524969100952,-192.1799087524414,2.9700100421905518,-7.513389587402344,Live,0.0,0.0,0.0,0.015277627878714112,585.2324056625366,-4.543379545211792,-0.007763376568439116,0,0.0,0.0
2020-08-06,2.9054999351501465,-0.002060807834050493,19.571029663085938,0.01837022351262374,-0.020431031346674233,0.020431031346674233,0.007896793673061404,0.015306355570674753,0,1,0.0,10,60.04401833806328,-135.0,10.0,392.2424912452698,-195.71029663085938,2.1600043773651123,-11.043777465820312,Live,0.0,0.0,0.0,0.015306355570674753,587.9527878761292,-8.8837730884552,-0.01510967083011238,0,0.0,0.0
2020-08-07,2.7904999256134033,-0.03958011085992341,19.064102172851562,-0.02590193254831763,-0.013678178311605782,0.013678178311605782,0.009869471040413014,0.01586929423071671,0,1,0.0,10,4.470843866533374,-135.0,10.0,376.71748995780945,-190.64102172851562,-13.364996910095215,-5.9745025634765625,Live,0.0,0.0,0.0,0.01586929423071671,567.3585116863251,-19.339499473571777,-0.03408691167087661,1,-19.339499473571777,0.0
2020-08-08,2.7904999256134033,0.0,19.064102172851562,0.0,0.0,0.0,0.009808155214201223,0.015882586574950248,1,0,-1.0,10,,-135.0,10.0,376.71748995780945,-190.64102172851562,-13.364996910095215,-5.9745025634765625,Closed,376.71748995780945,-190.64102172851562,-19.339499473571777,0.015882586574950248,567.3585116863251,-19.339499473571777,-0.03408691167087661,1,0.0,0.0
2020-08-09,2.7904999256134033,0.0,19.064102172851562,0.0,0.0,0.0,0.009808155214201223,0.015882586574950248,1,0,0.0,10,,0.0,0.0,0.0,0.0,0.0,0.0,,0.0,0.0,0.0,0.015882586574950248,0.0,0.0,0.0,0,0.0,0.0
2020-08-10,2.8585000038146973,0.024368421434860288,19.1727294921875,0.005698003417681452,0.018670418017178836,0.018670418017178836,0.010331315445972664,0.015866490326325478,1,1,1.0,10,1.5683430229909299,-16.0,10.0,45.736000061035156,-191.727294921875,0.0,0.0,Opened,45.736000061035156,-191.727294921875,0.0,0.015866490326325478,237.46329498291016,0.0,0.0,0,0.0,237.46329498291016
2020-08-11,2.871999979019165,0.004722748009953426,18.982629776000977,-0.009915109701202685,0.01463785771115611,0.01463785771115611,0.010151599682975004,0.015793710497266935,1,1,0.0,10,13.876332418859342,16.0,-10.0,-45.95199966430664,189.82629776000977,-0.21599960327148438,-1.9009971618652344,Live,0.0,0.0,0.0,0.015793710497266935,235.7782974243164,-2.1169967651367188,-0.008978760082090522,0,0.0,0.0
2020-08-12,2.88700008392334,0.005222877790304725,19.00978660583496,0.0014306147332820984,0.0037922630570226268,0.0037922630570226268,0.010164386884336896,0.01541866987200645,1,1,0.0,10,1.8036126581823437,16.0,-10.0,-46.19200134277344,190.0978660583496,-0.45600128173828125,-1.6294288635253906,Live,0.0,0.0,0.0,0.01541866987200645,236.28986740112305,-2.085430145263672,-0.008825728196476021,0,0.0,0.0
2020-08-13,2.803999900817871,-0.028749629612990546,18.93737030029297,-0.0038094223277479466,-0.0249402072852426,0.0249402072852426,0.011018201954968807,0.014758926020181907,0,0,-1.0,10,0.8948877157068859,16.0,-10.0,-44.86399841308594,189.3737030029297,0.8720016479492188,-2.3535919189453125,Closed,-44.86399841308594,189.3737030029297,-1.4815902709960938,0.014758926020181907,234.23770141601562,-1.4815902709960938,-0.006325157146093786,0,-1.4815902709960938,0.0
2020-08-14,2.8559999465942383,0.01854495278733781,18.846847534179688,-0.00478011279696422,0.02332506558430203,0.02332506558430203,0.011280162603511999,0.014664274325296881,1,1,1.0,10,1.7009554343351405,-18.0,10.0,51.40799903869629,-188.46847534179688,0.0,0.0,Opened,51.40799903869629,-188.46847534179688,0.0,0.014664274325296881,239.87647438049316,0.0,0.0,0,0.0,239.87647438049316
2020-08-15,2.8559999465942383,0.0,18.846847534179688,0.0,0.0,0.0,0.011277884690423007,0.014464508737444566,1,1,0.0,10,,18.0,-10.0,-51.40799903869629,188.46847534179688,0.0,0.0,Live,0.0,0.0,0.0,0.014464508737444566,239.87647438049316,0.0,0.0,0,0.0,0.0
2020-08-16,2.8559999465942383,0.0,18.846847534179688,0.0,0.0,0.0,0.011277884690423007,0.014464508737444566,1,1,0.0,10,,18.0,-10.0,-51.40799903869629,188.46847534179688,0.0,0.0,Live,0.0,0.0,0.0,0.014464508737444566,239.87647438049316,0.0,0.0,0,0.0,0.0
2020-08-17,2.8980000019073486,0.014705901995269777,19.480506896972656,0.03362150416104326,-0.018915602165773482,0.018915602165773482,0.011431461011762263,0.015036031153510829,0,0,-1.0,10,15.36835357289244,18.0,-10.0,-52.164000034332275,194.80506896972656,-0.7560009956359863,6.3365936279296875,Closed,-52.164000034332275,194.80506896972656,5.580592632293701,0.015036031153510829,246.96906900405884,5.580592632293701,0.022596322101380177,0,5.580592632293701,0.0
2020-08-18,2.9709999561309814,0.02518977024692437,19.552928924560547,0.003717666484291726,0.021472103762632644,0.021472103762632644,0.011904573272035635,0.01502196596699993,1,1,1.0,10,0.9713044893124376,-10.0,10.0,29.709999561309814,-195.52928924560547,0.0,0.0,Opened,29.709999561309814,-195.52928924560547,0.0,0.01502196596699993,225.23928880691528,0.0,0.0,0,0.0,225.23928880691528
2020-08-19,3.0190000534057617,0.01615620935157769,19.896909713745117,0.017592289651935156,-0.0014360803003574674,0.0014360803003574674,0.01197716993245999,0.014724022158296289,0,0,-1.0,10,7.176379606678079,10.0,-10.0,-30.190000534057617,198.96909713745117,-0.48000097274780273,3.439807891845703,Closed,-30.190000534057617,198.96909713745117,2.9598069190979004,0.014724022158296289,229.1590976715088,2.9598069190979004,0.012915947693862348,0,2.9598069190979004,0.0
2020-08-20,2.9700000286102295,-0.01623054783992295,19.652496337890625,-0.012283986778391376,-0.003946561061531573,0.003946561061531573,0.012257548938250077,0.014914080354204233,0,0,0.0,10,5.008035880546901,0.0,0.0,0.0,0.0,0.0,0.0,,0.0,0.0,0.0,0.014914080354204233,0.0,0.0,0.0,0,0.0,0.0
2020-08-21,2.9135000705718994,-0.01902355471180528,19.272306442260742,-0.019345628621075694,0.000322073909270415,0.000322073909270415,0.012590664727745475,0.015266158160002114,1,0,0.0,10,6.726820425830418,0.0,0.0,0.0,0.0,0.0,0.0,,0.0,0.0,0.0,0.015266158160002114,0.0,0.0,0.0,0,0.0,0.0
2020-08-22,2.9135000705718994,0.0,19.272306442260742,0.0,0.0,0.0,0.012590664727745475,0.015266158160002114,1,0,0.0,10,,0.0,0.0,0.0,0.0,0.0,0.0,,0.0,0.0,0.0,0.015266158160002114,0.0,0.0,0.0,0,0.0,0.0
2020-08-23,2.9135000705718994,0.0,19.272306442260742,0.0,0.0,0.0,0.012590664727745475,0.015266158160002114,1,0,0.0,10,,0.0,0.0,0.0,0.0,0.0,0.0,,0.0,0.0,0.0,0.015266158160002114,0.0,0.0,0.0,0,0.0,0.0
2020-08-24,2.922499895095825,0.003089007827674184,19.208934783935547,-0.0032882238830652666,0.0063772317107394505,0.0063772317107394505,0.01259146231703565,0.015289241200629317,1,0,0.0,10,6.9966660953084086,0.0,0.0,0.0,0.0,0.0,0.0,,0.0,0.0,0.0,0.015289241200629317,0.0,0.0,0.0,0,0.0,0.0
2020-08-25,2.930999994277954,0.0029085028185604767,18.90116310119629,-0.01602231910312113,0.018930821921681606,0.018930821921681606,0.012502752741258632,0.013964978741856858,1,1,1.0,10,35.524551210800865,-356.0,10.0,1043.4359979629517,-189.0116310119629,0.0,0.0,Opened,1043.4359979629517,-189.0116310119629,0.0,0.013964978741856858,1232.4476289749146,0.0,0.0,0,0.0,1232.4476289749146
2020-08-26,2.9595000743865967,0.00972367115806283,19.326618194580078,0.022509466274954315,-0.012785795116891485,0.012785795116891485,0.012526587139496722,0.014164448617743144,0,0,-1.0,10,15.117237850771295,356.0,-10.0,-1053.5820264816284,193.26618194580078,-10.146028518676758,4.254550933837891,Closed,-1053.5820264816284,193.26618194580078,-5.891477584838867,0.014164448617743144,1246.8482084274292,-5.891477584838867,-0.004725096082280469,0,-5.891477584838867,0.0
2020-08-27,2.9649999141693115,0.0018583678474326515,19.091259002685547,-0.01217798114108426,0.014036348988516911,0.014036348988516911,0.012468105120409006,0.013925321179020067,1,1,1.0,10,42.19427205038879,-422.0,10.0,1251.2299637794495,-190.91259002685547,0.0,0.0,Opened,1251.2299637794495,-190.91259002685547,0.0,0.013925321179020067,1442.142553806305,0.0,0.0,0,0.0,1442.142553806305
2020-08-28,2.994999885559082,0.010118034488434624,19.77922821044922,0.03603582182122689,-0.025917787332792264,0.025917787332792264,0.01252273118173063,0.014660816202034471,0,0,-1.0,10,23.520730546978783,422.0,-10.0,-1263.8899517059326,197.7922821044922,-12.659987926483154,6.879692077636719,Closed,-1263.8899517059326,197.7922821044922,-5.7802958488464355,0.014660816202034471,1461.6822338104248,-5.7802958488464355,-0.0039545502539070475,0,-5.7802958488464355,0.0
2020-08-29,2.994999885559082,0.0,19.77922821044922,0.0,0.0,0.0,0.01219843428731936,0.01466468038212438,1,0,0.0,10,,0.0,0.0,0.0,0.0,0.0,0.0,,0.0,0.0,0.0,0.01466468038212438,0.0,0.0,0.0,0,0.0,0.0
2020-08-30,2.994999885559082,0.0,19.77922821044922,0.0,0.0,0.0,0.01219843428731936,0.01466468038212438,1,0,0.0,10,,0.0,0.0,0.0,0.0,0.0,0.0,,0.0,0.0,0.0,0.01466468038212438,0.0,0.0,0.0,0,0.0,0.0
2020-08-31,3.0409998893737793,0.015358933413151199,20.105112075805664,0.016476065794330808,-0.0011171323811796086,0.0011171323811796086,0.012369847972960138,0.0147908234898898,0,0,0.0,10,7.0922257999514775,0.0,0.0,0.0,0.0,0.0,0.0,,0.0,0.0,0.0,0.0147908234898898,0.0,0.0,0.0,0,0.0,0.0
2020-09-01,3.009500026702881,-0.010358389943047719,20.503416061401367,0.019811080092163147,-0.030169470035210866,0.030169470035210866,0.012197612734644168,0.014828751813579693,0,1,1.0,10,13.030100661488692,131.0,-10.0,-394.2445034980774,205.03416061401367,0.0,0.0,Opened,-394.2445034980774,205.03416061401367,0.0,0.014828751813579693,599.2786641120911,0.0,0.0,0,0.0,599.2786641120911
2020-09-02,3.003000020980835,-0.002159829095986776,20.458154678344727,-0.0022075044919879216,4.7675396001145565e-05,4.7675396001145565e-05,0.012129351716377034,0.014845324882350703,1,0,-1.0,10,6.962950875272504,-131.0,10.0,393.3930027484894,-204.58154678344727,-0.8515007495880127,0.45261383056640625,Closed,393.3930027484894,-204.58154678344727,-0.39888691902160645,0.014845324882350703,597.9745495319366,-0.39888691902160645,-0.0006670633713990576,0,-0.39888691902160645,0.0
2020-09-03,2.9579999446868896,-0.014985040286229268,19.643447875976562,-0.03982308351742714,0.02483804323119787,0.02483804323119787,0.012112731458515248,0.016022162194933527,1,1,1.0,10,17.648041932056874,-177.0,10.0,523.5659902095795,-196.43447875976562,0.0,0.0,Opened,523.5659902095795,-196.43447875976562,0.0,0.016022162194933527,720.0004689693451,0.0,0.0,0,0.0,720.0004689693451
2020-09-04,3.0464999675750732,0.029918872394553597,20.13226890563965,0.024884685863162614,0.005034186531390983,0.005034186531390983,0.012785634029916728,0.015988736102948996,1,1,0.0,10,5.496401962501392,177.0,-10.0,-539.230494260788,201.32268905639648,-15.664504051208496,4.888210296630859,Live,0.0,0.0,0.0,0.015988736102948996,740.5531833171844,-10.776293754577637,-0.014551681091028501,0,0.0,0.0
2020-09-05,3.0464999675750732,0.0,20.13226890563965,0.0,0.0,0.0,0.012786379323544154,0.015889301044464343,1,1,0.0,10,,177.0,-10.0,-539.230494260788,201.32268905639648,-15.664504051208496,4.888210296630859,Live,0.0,0.0,0.0,0.015889301044464343,740.5531833171844,-10.776293754577637,-0.014551681091028501,0,0.0,0.0
2020-09-06,3.0464999675750732,0.0,20.13226890563965,0.0,0.0,0.0,0.012786379323544154,0.015889301044464343,1,1,0.0,10,,177.0,-10.0,-539.230494260788,201.32268905639648,-15.664504051208496,4.888210296630859,Live,0.0,0.0,0.0,0.015889301044464343,740.5531833171844,-10.776293754577637,-0.014551681091028501,0,0.0,0.0
2020-09-07,3.0464999675750732,0.0,20.13226890563965,0.0,0.0,0.0,0.012786379323544154,0.015889301044464343,1,1,0.0,10,,177.0,-10.0,-539.230494260788,201.32268905639648,-15.664504051208496,4.888210296630859,Live,0.0,0.0,0.0,0.015889301044464343,740.5531833171844,-10.776293754577637,-0.014551681091028501,0,0.0,0.0
2020-09-08,3.012500047683716,-0.011160321763738712,19.417139053344727,-0.03552157263777622,0.02436125087403751,0.02436125087403751,0.012897684180966205,0.016575590345484545,1,1,0.0,10,20.515100427573923,177.0,-10.0,-533.2125084400177,194.17139053344727,-9.646518230438232,-2.2630882263183594,Live,0.0,0.0,0.0,0.016575590345484545,727.383898973465,-11.909606456756592,-0.016373206051940745,0,0.0,0.0
2020-09-09,3.0399999618530273,0.00912860206938615,20.150373458862305,0.03776222663406603,-0.028633624564679883,0.028633624564679883,0.012800137813246857,0.017350961448817606,0,0,-1.0,10,27.41970890674481,177.0,-10.0,-538.0799932479858,201.50373458862305,-14.514003038406372,5.069255828857422,Closed,-538.0799932479858,201.50373458862305,-9.44474720954895,0.017350961448817606,739.5837278366089,-9.44474720954895,-0.0127703556123067,0,-9.44474720954895,0.0
2020-09-10,2.986999988555908,-0.01743420196124379,19.571029663085938,-0.028751020270622707,0.011316818309378918,0.011316818309378918,0.01295111447270073,0.017864608428226087,1,0,0.0,10,10.80512119451626,0.0,0.0,0.0,0.0,0.0,0.0,,0.0,0.0,0.0,0.017864608428226087,0.0,0.0,0.0,0,0.0,0.0
2020-09-11,3.0339999198913574,0.015734828093578956,19.996484756469727,0.02173902450243914,-0.006004196408860185,0.006004196408860185,0.01310979693940105,0.018086960776418363,0,0,0.0,10,9.10575877368275,0.0,0.0,0.0,0.0,0.0,0.0,,0.0,0.0,0.0,0.018086960776418363,0.0,0.0,0.0,0,0.0,0.0
2020-09-12,3.0339999198913574,0.0,19.996484756469727,0.0,0.0,0.0,0.012922236962850985,0.01796514685732276,1,0,0.0,10,,0.0,0.0,0.0,0.0,0.0,0.0,,0.0,0.0,0.0,0.01796514685732276,0.0,0.0,0.0,0,0.0,0.0
2020-09-13,3.0339999198913574,0.0,19.996484756469727,0.0,0.0,0.0,0.012922236962850985,0.01796514685732276,1,0,0.0,10,,0.0,0.0,0.0,0.0,0.0,0.0,,0.0,0.0,0.0,0.01796514685732276,0.0,0.0,0.0,0,0.0,0.0
2020-09-14,3.066499948501587,0.010711941156344329,20.177532196044922,0.009053963323059522,0.0016579778332848072,0.0016579778332848072,0.012992057235618472,0.017988980466168467,1,0,0.0,10,5.56154735906662,0.0,0.0,0.0,0.0,0.0,0.0,,0.0,0.0,0.0,0.017988980466168467,0.0,0.0,0.0,0,0.0,0.0
2020-09-15,3.062999963760376,-0.0011413614218128698,20.249950408935547,0.0035890520301000706,-0.00473041345191294,0.00473041345191294,0.012996220092282483,0.017590345012650666,0,0,0.0,10,20.788997038498263,0.0,0.0,0.0,0.0,0.0,0.0,,0.0,0.0,0.0,0.017590345012650666,0.0,0.0,0.0,0,0.0,0.0
2020-09-16,3.058000087738037,-0.0016323460925544708,20.440048217773438,0.009387569105058446,-0.011019915197612917,0.011019915197612917,0.012985094883201901,0.01754916097458558,0,0,0.0,10,38.44017228471099,0.0,0.0,0.0,0.0,0.0,0.0,,0.0,0.0,0.0,0.01754916097458558,0.0,0.0,0.0,0,0.0,0.0
2020-09-17,3.066499948501587,0.0027795488945969726,20.485309600830078,0.0022143481548777544,0.0005652007397192182,0.0005652007397192182,0.012986487203671317,0.017546198693488963,1,0,0.0,10,5.3219544950806705,0.0,0.0,0.0,0.0,0.0,0.0,,0.0,0.0,0.0,0.017546198693488963,0.0,0.0,0.0,0,0.0,0.0
2020-09-18,3.1135001182556152,0.015326975556283484,20.494359970092773,0.0004417980220483564,0.014885177534235128,0.014885177534235128,0.013137620061980214,0.01699123239657335,1,0,0.0,10,0.1897373260793016,0.0,0.0,0.0,0.0,0.0,0.0,,0.0,0.0,0.0,0.01699123239657335,0.0,0.0,0.0,0,0.0,0.0
2020-09-19,3.1135001182556152,0.0,20.494359970092773,0.0,0.0,0.0,0.01290523886460267,0.01696402998880621,1,0,0.0,10,,0.0,0.0,0.0,0.0,0.0,0.0,,0.0,0.0,0.0,0.01696402998880621,0.0,0.0,0.0,0,0.0,0.0
2020-09-20,3.1135001182556152,0.0,20.494359970092773,0.0,0.0,0.0,0.01290523886460267,0.01696402998880621,1,0,0.0,10,,0.0,0.0,0.0,0.0,0.0,0.0,,0.0,0.0,0.0,0.01696402998880621,0.0,0.0,0.0,0,0.0,0.0
2020-09-21,3.0295000076293945,-0.026979318270680896,19.625343322753906,-0.04240272194921013,0.015423403678529235,0.015423403678529235,0.013530437796621558,0.01812663763267283,1,0,0.0,10,10.181436796724583,0.0,0.0,0.0,0.0,0.0,0.0,,0.0,0.0,0.0,0.01812663763267283,0.0,0.0,0.0,0,0.0,0.0
2020-09-22,3.059000015258789,0.009737582952666246,19.353771209716797,-0.01383782737305006,0.023575410325716306,0.023575410325716306,0.013392840882882694,0.01815960011812138,1,1,1.0,10,8.990893672957736,-90.0,10.0,275.310001373291,-193.53771209716797,0.0,0.0,Opened,275.310001373291,-193.53771209716797,0.0,0.01815960011812138,468.847713470459,0.0,0.0,0,0.0,468.847713470459
2020-09-23,2.993499994277954,-0.021412232969633904,18.43044090270996,-0.04770803049192118,0.02629579752228728,0.02629579752228728,0.013728913812451267,0.019350346050747542,1,1,0.0,10,13.717848156240226,90.0,-10.0,-269.41499948501587,184.3044090270996,5.8950018882751465,-9.23330307006836,Live,0.0,0.0,0.0,0.019350346050747542,453.7194085121155,-3.338301181793213,-0.00735763363692226,0,0.0,0.0
2020-09-24,2.9690001010894775,-0.008184363866814093,18.493806838989258,0.003438112881498201,-0.011622476748312294,0.011622476748312294,0.013750678963611257,0.01845394381639432,0,0,-1.0,10,2.6166841698862413,90.0,-10.0,-267.210009098053,184.93806838989258,8.099992275238037,-8.59964370727539,Closed,-267.210009098053,184.93806838989258,-0.4996514320373535,0.01845394381639432,452.14807748794556,-0.4996514320373535,-0.0011050614984660072,0,-0.4996514320373535,0.0
2020-09-25,2.9730000495910645,0.0013472375767582534,18.511913299560547,0.0009790553523634227,0.0003681822243948307,0.0003681822243948307,0.013746251731058815,0.018251881087125686,1,0,0.0,10,4.525009023596903,0.0,0.0,0.0,0.0,0.0,0.0,,0.0,0.0,0.0,0.018251881087125686,0.0,0.0,0.0,0,0.0,0.0
2020-09-26,2.9730000495910645,0.0,18.511913299560547,0.0,0.0,0.0,0.01246821645502239,0.017893222218930326,1,0,0.0,10,,0.0,0.0,0.0,0.0,0.0,0.0,,0.0,0.0,0.0,0.017893222218930326,0.0,0.0,0.0,0,0.0,0.0
2020-09-27,2.9730000495910645,0.0,18.511913299560547,0.0,0.0,0.0,0.01246821645502239,0.017893222218930326,1,0,0.0,10,,0.0,0.0,0.0,0.0,0.0,0.0,,0.0,0.0,0.0,0.017893222218930326,0.0,0.0,0.0,0,0.0,0.0
2020-09-28,2.989500045776367,0.005549948170223695,18.629592895507812,0.006356965595234243,-0.0008070174250105477,0.0008070174250105477,0.012480705003397563,0.017918904886929023,0,0,0.0,10,7.1378223329560235,0.0,0.0,0.0,0.0,0.0,0.0,,0.0,0.0,0.0,0.017918904886929023,0.0,0.0,0.0,0,0.0,0.0
2020-09-29,2.9835000038146973,-0.0020070385916691746,18.493806838989258,-0.007288729135422889,0.005281690543753714,0.005281690543753714,0.012042171900829889,0.0179242700600095,1,0,0.0,10,22.51108161378932,0.0,0.0,0.0,0.0,0.0,0.0,,0.0,0.0,0.0,0.0179242700600095,0.0,0.0,0.0,0,0.0,0.0
2020-09-30,3.0285000801086426,0.01508298181210277,18.756322860717773,0.014194807159717326,0.0008881746523854428,0.0008881746523854428,0.012196944929294726,0.017991705298825607,1,0,0.0,10,5.828575143588026,0.0,0.0,0.0,0.0,0.0,0.0,,0.0,0.0,0.0,0.017991705298825607,0.0,0.0,0.0,0,0.0,0.0
2020-10-01,2.8635001182556152,-0.05448240300099583,18.647695541381836,-0.005791504024674321,-0.048690898976321506,0.048690898976321506,0.014494732404551947,0.01800831110826647,0,1,1.0,10,0.6922501725597097,7.0,-10.0,-20.044500827789307,186.47695541381836,0.0,0.0,Opened,-20.044500827789307,186.47695541381836,0.0,0.01800831110826647,206.52145624160767,0.0,0.0,0,0.0,206.52145624160767
2020-10-02,2.9784998893737793,0.040160560980950555,18.747272491455078,0.0053399064700658805,0.034820654510884674,0.034820654510884674,0.014979105342473306,0.01801762418421159,1,0,-1.0,10,0.8369015713863789,-7.0,10.0,20.849499225616455,-187.47272491455078,0.8049983978271484,-0.9957695007324219,Closed,20.849499225616455,-187.47272491455078,-0.19077110290527344,0.01801762418421159,208.32222414016724,-0.19077110290527344,-0.0009157501255214868,0,-0.19077110290527344,0.0
2020-10-03,2.9784998893737793,0.0,18.747272491455078,0.0,0.0,0.0,0.014772028126456827,0.018004645910194586,1,0,0.0,10,,0.0,0.0,0.0,0.0,0.0,0.0,,0.0,0.0,0.0,0.018004645910194586,0.0,0.0,0.0,0,0.0,0.0
2020-10-04,2.9784998893737793,0.0,18.747272491455078,0.0,0.0,0.0,0.014772028126456827,0.018004645910194586,1,0,0.0,10,,0.0,0.0,0.0,0.0,0.0,0.0,,0.0,0.0,0.0,0.018004645910194586,0.0,0.0,0.0,0,0.0,0.0
2020-10-05,2.9649999141693115,-0.004532474636856909,19.00978660583496,0.014002789712452168,-0.018535264349309077,0.018535264349309077,0.01479185747874273,0.01811237222051117,0,1,1.0,10,19.807594697165058,199.0,-10.0,-590.034982919693,190.0978660583496,0.0,0.0,Opened,-590.034982919693,190.0978660583496,0.0,0.01811237222051117,780.1328489780426,0.0,0.0,0,0.0,780.1328489780426
2020-10-06,2.9655001163482666,0.0001687022574823338,18.55717658996582,-0.023809315972553535,0.02397801823003587,0.02397801823003587,0.014656346798293448,0.01777622506040192,1,0,-1.0,10,883.1611972280261,-199.0,10.0,590.134523153305,-185.5717658996582,0.09954023361206055,4.526100158691406,Closed,590.134523153305,-185.5717658996582,4.625640392303467,0.01777622506040192,775.7062890529633,4.625640392303467,0.005963133801520126,0,4.625640392303467,0.0
2020-10-07,3.0344998836517334,0.023267497756308764,18.982629776000977,0.022926611921406437,0.00034088583490232693,0.00034088583490232693,0.01459282230159585,0.018081132821448992,1,0,0.0,10,6.1639548866403855,0.0,0.0,0.0,0.0,0.0,0.0,,0.0,0.0,0.0,0.018081132821448992,0.0,0.0,0.0,0,0.0,0.0
2020-10-08,3.0420000553131104,0.002471633530712447,19.15462303161621,0.009060559977452698,-0.006588926446740251,0.006588926446740251,0.01442104939231595,0.01794734060915585,0,0,0.0,10,23.082633340557983,0.0,0.0,0.0,0.0,0.0,0.0,,0.0,0.0,0.0,0.01794734060915585,0.0,0.0,0.0,0,0.0,0.0
2020-10-09,3.0794999599456787,0.012327384599178925,19.46240234375,0.01606814770647147,-0.003740763107292544,0.003740763107292544,0.014320000960373006,0.01801843864448798,0,0,0.0,10,8.237797525239008,0.0,0.0,0.0,0.0,0.0,0.0,,0.0,0.0,0.0,0.01801843864448798,0.0,0.0,0.0,0,0.0,0.0
2020-10-10,3.0794999599456787,0.0,19.46240234375,0.0,0.0,0.0,0.01403168082805297,0.01780169801085291,1,0,0.0,10,,0.0,0.0,0.0,0.0,0.0,0.0,,0.0,0.0,0.0,0.01780169801085291,0.0,0.0,0.0,0,0.0,0.0
2020-10-11,3.0794999599456787,0.0,19.46240234375,0.0,0.0,0.0,0.01403168082805297,0.01780169801085291,1,0,0.0,10,,0.0,0.0,0.0,0.0,0.0,0.0,,0.0,0.0,0.0,0.01780169801085291,0.0,0.0,0.0,0,0.0,0.0
2020-10-12,3.061000108718872,-0.006007420512235684,19.29945945739746,-0.008372187743044268,0.0023647672308085843,0.0023647672308085843,0.014067891399146838,0.0178444080128129,1,0,0.0,10,8.78684015240137,0.0,0.0,0.0,0.0,0.0,0.0,,0.0,0.0,0.0,0.0178444080128129,0.0,0.0,0.0,0,0.0,0.0
2020-10-13,3.0425000190734863,-0.006043805615259745,19.064102172851562,-0.012195019506397897,0.006151213891138152,0.006151213891138152,0.014100603988647408,0.017924071197425097,1,0,0.0,10,12.64322243895656,0.0,0.0,0.0,0.0,0.0,0.0,,0.0,0.0,0.0,0.017924071197425097,0.0,0.0,0.0,0,0.0,0.0
2020-10-14,3.047499895095825,0.0016433446149530795,19.245149612426758,0.009496772412026733,-0.007853427797073653,0.007853427797073653,0.014098067051816501,0.017821348582212022,0,0,0.0,10,36.49429486050677,0.0,0.0,0.0,0.0,0.0,0.0,,0.0,0.0,0.0,0.017821348582212022,0.0,0.0,0.0,0,0.0,0.0
2020-10-15,3.0829999446868896,0.011648909208558988,19.1727294921875,-0.003763032332702476,0.015411941541261465,0.015411941541261465,0.014125322457310529,0.01754487075325636,1,0,0.0,10,2.0089221970199187,0.0,0.0,0.0,0.0,0.0,0.0,,0.0,0.0,0.0,0.01754487075325636,0.0,0.0,0.0,0,0.0,0.0
2020-10-16,3.065000057220459,-0.0058384326271074816,19.19083595275879,0.0009443861698807954,-0.006782818796988277,0.006782818796988277,0.01415675222873049,0.0174570326766781,0,0,0.0,10,1.0127838127786915,0.0,0.0,0.0,0.0,0.0,0.0,,0.0,0.0,0.0,0.0174570326766781,0.0,0.0,0.0,0,0.0,0.0
2020-10-17,3.065000057220459,0.0,19.19083595275879,0.0,0.0,0.0,0.01409246125809616,0.016676056435567632,1,0,0.0,10,,0.0,0.0,0.0,0.0,0.0,0.0,,0.0,0.0,0.0,0.016676056435567632,0.0,0.0,0.0,0,0.0,0.0
2020-10-18,3.065000057220459,0.0,19.19083595275879,0.0,0.0,0.0,0.01409246125809616,0.016676056435567632,1,0,0.0,10,,0.0,0.0,0.0,0.0,0.0,0.0,,0.0,0.0,0.0,0.016676056435567632,0.0,0.0,0.0,0,0.0,0.0
2020-10-19,3.0810000896453857,0.005220238866630478,19.1727294921875,-0.0009434951461135821,0.00616373401274406,0.00616373401274406,0.014107555944387106,0.0166760520943271,1,0,0.0,10,1.1247125166649128,0.0,0.0,0.0,0.0,0.0,0.0,,0.0,0.0,0.0,0.0166760520943271,0.0,0.0,0.0,0,0.0,0.0
2020-10-20,3.1435000896453857,0.020285620961209894,19.77018165588379,0.031161560170122726,-0.010875939208912833,0.010875939208912833,0.014228965734192163,0.01710469383467233,0,0,0.0,10,9.661133197798957,0.0,0.0,0.0,0.0,0.0,0.0,,0.0,0.0,0.0,0.01710469383467233,0.0,0.0,0.0,0,0.0,0.0
2020-10-21,3.194499969482422,0.016223915502667996,20.249950408935547,0.024267291085257936,-0.00804337558258994,0.00804337558258994,0.014301368847068887,0.0172222487318305,0,0,0.0,10,9.481710681414604,0.0,0.0,0.0,0.0,0.0,0.0,,0.0,0.0,0.0,0.0172222487318305,0.0,0.0,0.0,0,0.0,0.0
2020-10-22,3.1500000953674316,-0.013930153244672061,20.18658447265625,-0.003129189701686186,-0.010800963542985875,0.010800963542985875,0.01445543490416824,0.017225041249592003,0,0,0.0,10,1.4395550411601834,0.0,0.0,0.0,0.0,0.0,0.0,,0.0,0.0,0.0,0.017225041249592003,0.0,0.0,0.0,0,0.0,0.0
2020-10-23,3.125499963760376,-0.007777819322319024,20.313318252563477,0.006278119019039297,-0.01405593834135832,0.01405593834135832,0.014327549556481169,0.016263484132731973,0,0,0.0,10,5.246057771663601,0.0,0.0,0.0,0.0,0.0,0.0,,0.0,0.0,0.0,0.016263484132731973,0.0,0.0,0.0,0,0.0,0.0
2020-10-24,3.125499963760376,0.0,20.313318252563477,0.0,0.0,0.0,0.013715494982186433,0.015887873447090584,1,0,0.0,10,,0.0,0.0,0.0,0.0,0.0,0.0,,0.0,0.0,0.0,0.015887873447090584,0.0,0.0,0.0,0,0.0,0.0
2020-10-25,3.125499963760376,0.0,20.313318252563477,0.0,0.0,0.0,0.013715494982186433,0.015887873447090584,1,0,0.0,10,,0.0,0.0,0.0,0.0,0.0,0.0,,0.0,0.0,0.0,0.015887873447090584,0.0,0.0,0.0,0,0.0,0.0
2020-10-26,3.0885000228881836,-0.011838087122444496,19.833545684814453,-0.023618621132393214,0.011780534009948718,0.011780534009948718,0.01382786944386877,0.016244204126260174,1,0,0.0,10,12.812260489270843,0.0,0.0,0.0,0.0,0.0,0.0,,0.0,0.0,0.0,0.016244204126260174,0.0,0.0,0.0,0,0.0,0.0
2020-10-27,3.0899999141693115,0.0004856374518416029,19.824493408203125,-0.0004564124214189169,0.0009420498732605198,0.0009420498732605198,0.01382777601586848,0.016244235696917676,1,0,0.0,10,6.0296057243899055,0.0,0.0,0.0,0.0,0.0,0.0,,0.0,0.0,0.0,0.016244235696917676,0.0,0.0,0.0,0,0.0,0.0
2020-10-28,3.056999921798706,-0.01067960947807245,19.181779861450195,-0.03242017505915096,0.021740565581078508,0.021740565581078508,0.013819754641386383,0.016111904613223878,1,1,1.0,10,19.04817877201894,-191.0,10.0,583.8869850635529,-191.81779861450195,0.0,0.0,Opened,583.8869850635529,-191.81779861450195,0.0,0.016111904613223878,775.7047836780548,0.0,0.0,0,0.0,775.7047836780548
2020-10-29,3.052000045776367,-0.0016355499346552005,19.435245513916016,0.013213875578627299,-0.0148494255132825,0.0148494255132825,0.0137645409935009,0.015287028409596917,0,0,-1.0,10,51.448403248849495,191.0,-10.0,-582.9320087432861,194.35245513916016,0.9549763202667236,2.534656524658203,Closed,-582.9320087432861,194.35245513916016,3.4896328449249268,0.015287028409596917,777.2844638824463,3.4896328449249268,0.004489518325755043,0,3.4896328449249268,0.0
2020-10-30,3.0434999465942383,-0.0027850914333674703,19.46240234375,0.0013972980076089048,-0.004182389440976375,0.004182389440976375,0.013536142466545243,0.014739022569887458,0,0,0.0,10,3.2082834450976847,0.0,0.0,0.0,0.0,0.0,0.0,,0.0,0.0,0.0,0.014739022569887458,0.0,0.0,0.0,0,0.0,0.0
2020-10-31,3.0434999465942383,0.0,19.46240234375,0.0,0.0,0.0,0.01335560576165363,0.014401320393595624,1,0,0.0,10,,0.0,0.0,0.0,0.0,0.0,0.0,,0.0,0.0,0.0,0.014401320393595624,0.0,0.0,0.0,0,0.0,0.0
2020-11-01,3.0434999465942383,0.0,19.46240234375,0.0,0.0,0.0,0.01335560576165363,0.014401320393595624,1,0,0.0,10,,0.0,0.0,0.0,0.0,0.0,0.0,,0.0,0.0,0.0,0.014401320393595624,0.0,0.0,0.0,0,0.0,0.0
2020-11-02,3.073499917984009,0.009857063222012297,19.66155242919922,0.010232554128302374,-0.00037549090629007686,0.00037549090629007686,0.013425901499484028,0.014480167808484254,0,0,0.0,10,6.640810819445696,0.0,0.0,0.0,0.0,0.0,0.0,,0.0,0.0,0.0,0.014480167808484254,0.0,0.0,0.0,0,0.0,0.0
2020-11-03,3.0869998931884766,0.004392378579701761,20.349525451660156,0.03499077831917452,-0.03059839973947276,0.03059839973947276,0.01335590596353123,0.015263095732758119,0,1,1.0,10,52.51356585674727,526.0,-10.0,-1623.7619438171387,203.49525451660156,0.0,0.0,Opened,-1623.7619438171387,203.49525451660156,0.0,0.015263095732758119,1827.2571983337402,0.0,0.0,0,0.0,1827.2571983337402
2020-11-04,3.1010000705718994,0.004535205010636645,20.087011337280273,-0.012900257305924812,0.017435462316561456,0.017435462316561456,0.013368206561258226,0.015368026844559301,1,0,-1.0,10,18.425318232238023,-526.0,10.0,1631.126037120819,-200.87011337280273,7.36409330368042,2.625141143798828,Closed,1631.126037120819,-200.87011337280273,9.989234447479248,0.015368026844559301,1831.9961504936218,9.989234447479248,0.005452650347975731,0,9.989234447479248,0.0
2020-11-05,3.1045000553131104,0.0011286632252689444,20.6754093170166,0.029292460180190938,-0.028163796954921994,0.028163796954921994,0.013365616709436536,0.015867062481299876,0,1,1.0,10,172.84384450680534,1729.0,-10.0,-5367.680595636368,206.75409317016602,0.0,0.0,Opened,-5367.680595636368,206.75409317016602,0.0,0.015867062481299876,5574.434688806534,0.0,0.0,0,0.0,5574.434688806534
2020-11-06,3.1489999294281006,0.014333990440371203,21.18233299255371,0.02451819297816238,-0.010184202537791176,0.010184202537791176,0.013506912268678525,0.01622982402302949,0,1,0.0,10,11.505950162553864,-1729.0,10.0,5444.620877981186,-211.8233299255371,76.94028234481812,-5.069236755371094,Live,0.0,0.0,0.0,0.01622982402302949,5656.444207906723,71.87104558944702,0.012706046934748128,0,0.0,0.0
2020-11-07,3.1489999294281006,0.0,21.18233299255371,0.0,0.0,0.0,0.013339236300266238,0.01623014289516409,1,0,-1.0,10,,-1729.0,10.0,5444.620877981186,-211.8233299255371,76.94028234481812,-5.069236755371094,Closed,5444.620877981186,-211.8233299255371,71.87104558944702,0.01623014289516409,5656.444207906723,71.87104558944702,0.012706046934748128,0,71.87104558944702,0.0
2020-11-08,3.1489999294281006,0.0,21.18233299255371,0.0,0.0,0.0,0.013339236300266238,0.01623014289516409,1,0,0.0,10,,0.0,0.0,0.0,0.0,0.0,0.0,,0.0,0.0,0.0,0.01623014289516409,0.0,0.0,0.0,0,0.0,0.0
2020-11-09,3.1514999866485596,0.0007939210150802456,21.562528610229492,0.017948713100178093,-0.017154792085097847,0.017154792085097847,0.01333932658151975,0.016409800802793775,0,1,1.0,10,154.68150780652212,1547.0,-10.0,-4875.370479345322,215.62528610229492,0.0,0.0,Opened,-4875.370479345322,215.62528610229492,0.0,0.016409800802793775,5090.995765447617,0.0,0.0,0,0.0,5090.995765447617
2020-11-10,3.1505000591278076,-0.00031728622084348235,21.372434616088867,-0.008815941654006343,0.00849865543316286,0.00849865543316286,0.012745000112204667,0.015236069282946673,1,0,-1.0,10,188.4915997615793,-1547.0,10.0,4873.823591470718,-213.72434616088867,-1.5468878746032715,1.90093994140625,Closed,4873.823591470718,-213.72434616088867,0.3540520668029785,0.015236069282946673,5087.547937631607,0.3540520668029785,6.959188810470442e-05,0,0.3540520668029785,0.0
2020-11-11,3.128999948501587,-0.006824348586799589,21.28190803527832,-0.004235670031826899,-0.00258867855497269,0.00258867855497269,0.012724870753100675,0.015094524862457135,0,0,0.0,10,4.22149154682484,0.0,0.0,0.0,0.0,0.0,0.0,,0.0,0.0,0.0,0.015094524862457135,0.0,0.0,0.0,0,0.0,0.0
2020-11-12,3.1429998874664307,0.004474253498006009,21.29096031188965,0.0004253508001408335,0.004048902697865175,0.004048902697865175,0.012334417179655114,0.013285230994380722,1,0,0.0,10,0.6439876706392222,0.0,0.0,0.0,0.0,0.0,0.0,,0.0,0.0,0.0,0.013285230994380722,0.0,0.0,0.0,0,0.0,0.0
2020-11-13,3.17549991607666,0.010340448544027048,21.671154022216797,0.01785704847304781,-0.007516599929020762,0.007516599929020762,0.01232958846114608,0.01345092951117555,0,0,0.0,10,11.785288893549016,0.0,0.0,0.0,0.0,0.0,0.0,,0.0,0.0,0.0,0.01345092951117555,0.0,0.0,0.0,0,0.0,0.0
2020-11-14,3.17549991607666,0.0,21.671154022216797,0.0,0.0,0.0,0.012331224503936122,0.013455036095507963,1,0,0.0,10,,0.0,0.0,0.0,0.0,0.0,0.0,,0.0,0.0,0.0,0.013455036095507963,0.0,0.0,0.0,0,0.0,0.0
2020-11-15,3.17549991607666,0.0,21.671154022216797,0.0,0.0,0.0,0.012331224503936122,0.013455036095507963,1,0,0.0,10,,0.0,0.0,0.0,0.0,0.0,0.0,,0.0,0.0,0.0,0.013455036095507963,0.0,0.0,0.0,0,0.0,0.0
2020-11-16,3.2200000286102295,0.014013576983037401,22.503969192504883,0.03842966412560678,-0.024416087142569376,0.024416087142569376,0.01245750549825772,0.014334758112995904,0,1,1.0,10,19.16553002289488,192.0,-10.0,-618.2400054931641,225.03969192504883,0.0,0.0,Opened,-618.2400054931641,225.03969192504883,0.0,0.014334758112995904,843.2796974182129,0.0,0.0,0,0.0,843.2796974182129
2020-11-17,3.196500062942505,-0.007298125918920317,22.5311222076416,0.001206587820328231,-0.008504713739248548,0.008504713739248548,0.012508332401857449,0.01433607794466877,0,1,0.0,10,1.1653481490687267,-192.0,10.0,613.7280120849609,-225.31122207641602,-4.511993408203125,-0.2715301513671875,Live,0.0,0.0,0.0,0.01433607794466877,839.039234161377,-4.7835235595703125,-0.005701191749813063,0,0.0,0.0
2020-11-18,3.197999954223633,0.0004692292355994443,22.513019561767578,-0.0008034506984248013,0.0012726799340242456,0.0012726799340242456,0.012499397018167064,0.014261832685117529,1,0,-1.0,10,12.053952198263831,-192.0,10.0,614.0159912109375,-225.13019561767578,-4.2240142822265625,-0.09050369262695312,Closed,614.0159912109375,-225.13019561767578,-4.314517974853516,0.014261832685117529,839.1461868286133,-4.314517974853516,-0.005141557028530847,0,-4.314517974853516,0.0
2020-11-19,3.2035000324249268,0.0017198493683623362,22.368181228637695,-0.0064335365024003055,0.008153385870762642,0.008153385870762642,0.0123442133947197,0.014260447179762624,1,0,0.0,10,26.119526409555892,0.0,0.0,0.0,0.0,0.0,0.0,,0.0,0.0,0.0,0.014260447179762624,0.0,0.0,0.0,0,0.0,0.0
2020-11-20,3.2934999465942383,0.028094244812972624,22.929424285888672,0.025091135104557516,0.003003109708415108,0.003003109708415108,0.010054024849530892,0.014510768483539941,1,0,0.0,10,6.21782416244755,0.0,0.0,0.0,0.0,0.0,0.0,,0.0,0.0,0.0,0.014510768483539941,0.0,0.0,0.0,0,0.0,0.0
2020-11-21,3.2934999465942383,0.0,22.929424285888672,0.0,0.0,0.0,0.008496039541815787,0.014522192276405978,1,0,0.0,10,,0.0,0.0,0.0,0.0,0.0,0.0,,0.0,0.0,0.0,0.014522192276405978,0.0,0.0,0.0,0,0.0,0.0
2020-11-22,3.2934999465942383,0.0,22.929424285888672,0.0,0.0,0.0,0.008496039541815787,0.014522192276405978,1,0,0.0,10,,0.0,0.0,0.0,0.0,0.0,0.0,,0.0,0.0,0.0,0.014522192276405978,0.0,0.0,0.0,0,0.0,0.0
2020-11-23,3.259500026702881,-0.010323340046358931,23.2281494140625,0.01302802566908201,-0.02335136571544094,0.02335136571544094,0.008670464609225428,0.014563245039267312,0,1,1.0,10,8.993360335139087,90.0,-10.0,-293.3550024032593,232.281494140625,0.0,0.0,Opened,-293.3550024032593,232.281494140625,0.0,0.014563245039267312,525.6364965438843,0.0,0.0,0,0.0,525.6364965438843
2020-11-24,3.299999952316284,0.01242519566854261,23.99759292602539,0.03312547625929518,-0.020700280590752573,0.020700280590752573,0.008747377484877316,0.015063124136114749,0,1,0.0,10,19.3870907352779,-90.0,10.0,296.9999957084656,-239.9759292602539,3.644993305206299,-7.694435119628906,Live,0.0,0.0,0.0,0.015063124136114749,536.9759249687195,-4.049441814422607,-0.00754119808007873,0,0.0,0.0
2020-11-25,3.312000036239624,0.003636389120223127,23.8074951171875,-0.007921536523428974,0.0115579256436521,0.0115579256436521,0.008744848343887073,0.01460841138329725,1,0,-1.0,10,15.658943253500352,-90.0,10.0,298.08000326156616,-238.074951171875,4.725000858306885,-5.79345703125,Closed,298.08000326156616,-238.074951171875,-1.0684561729431152,0.01460841138329725,536.1549544334412,-1.0684561729431152,-0.0019928122721017483,0,-1.0684561729431152,0.0
2020-11-26,3.312000036239624,0.0,23.8074951171875,0.0,0.0,0.0,0.00820606577749766,0.01439567951625855,1,0,0.0,10,,0.0,0.0,0.0,0.0,0.0,0.0,,0.0,0.0,0.0,0.01439567951625855,0.0,0.0,0.0,0,0.0,0.0
2020-11-27,3.3994998931884766,0.026419038644757364,24.386844635009766,0.024334753193082204,0.0020842854516751608,0.0020842854516751608,0.008915199003674183,0.014651185240835763,1,0,0.0,10,6.607703016514445,0.0,0.0,0.0,0.0,0.0,0.0,,0.0,0.0,0.0,0.014651185240835763,0.0,0.0,0.0,0,0.0,0.0
2020-11-28,3.3994998931884766,0.0,24.386844635009766,0.0,0.0,0.0,0.008800924712556293,0.014578290430886084,1,0,0.0,10,,0.0,0.0,0.0,0.0,0.0,0.0,,0.0,0.0,0.0,0.014578290430886084,0.0,0.0,0.0,0,0.0,0.0
2020-11-29,3.3994998931884766,0.0,24.386844635009766,0.0,0.0,0.0,0.008800924712556293,0.014578290430886084,1,0,0.0,10,,0.0,0.0,0.0,0.0,0.0,0.0,,0.0,0.0,0.0,0.014578290430886084,0.0,0.0,0.0,0,0.0,0.0
2020-11-30,3.4205000400543213,0.006177422422610546,24.386844635009766,0.0,0.006177422422610546,0.006177422422610546,0.008815382074338357,0.014578290430886084,1,0,0.0,10,0.0,0.0,0.0,0.0,0.0,0.0,0.0,,0.0,0.0,0.0,0.014578290430886084,0.0,0.0,0.0,0,0.0,0.0
2020-12-01,3.4679999351501465,0.013886827814529434,24.893770217895508,0.020786845960301115,-0.00690001814577168,0.00690001814577168,0.008888783902910825,0.014630898246318224,0,0,0.0,10,10.744770479593507,0.0,0.0,0.0,0.0,0.0,0.0,,0.0,0.0,0.0,0.014630898246318224,0.0,0.0,0.0,0,0.0,0.0
2020-12-02,3.4749999046325684,0.0020184456785807825,25.15628433227539,0.010545373886000187,-0.008526928207419404,0.008526928207419404,0.008802633665121651,0.01443096482894423,0,0,0.0,10,37.82131407647063,0.0,0.0,0.0,0.0,0.0,0.0,,0.0,0.0,0.0,0.01443096482894423,0.0,0.0,0.0,0,0.0,0.0
2020-12-03,3.4790000915527344,0.0011511329582580831,25.581743240356445,0.01691262916499925,-0.015761496206741166,0.015761496206741166,0.008804114022739798,0.01450907291677857,0,1,1.0,10,108.03421820046724,1081.0,-10.0,-3760.799098968506,255.81743240356445,0.0,0.0,Opened,-3760.799098968506,255.81743240356445,0.0,0.01450907291677857,4016.6165313720703,0.0,0.0,0,0.0,4016.6165313720703
2020-12-04,3.5139999389648438,0.010060318048594308,26.369293212890625,0.030785625714973897,-0.02072530766637959,0.02072530766637959,0.008773937277035597,0.014862189190129308,0,1,0.0,10,22.963232021923,-1081.0,10.0,3798.633934020996,-263.69293212890625,37.834835052490234,-7.875499725341797,Live,0.0,0.0,0.0,0.014862189190129308,4062.3268661499023,29.959335327148438,0.007374919920105444,0,0.0,0.0
2020-12-05,3.5139999389648438,0.0,26.369293212890625,0.0,0.0,0.0,0.008697069377407248,0.014869994189298425,1,0,-1.0,10,,-1081.0,10.0,3798.633934020996,-263.69293212890625,37.834835052490234,-7.875499725341797,Closed,3798.633934020996,-263.69293212890625,29.959335327148438,0.014869994189298425,4062.3268661499023,29.959335327148438,0.007374919920105444,0,29.959335327148438,0.0
2020-12-06,3.5139999389648438,0.0,26.369293212890625,0.0,0.0,0.0,0.008697069377407248,0.014869994189298425,1,0,0.0,10,,0.0,0.0,0.0,0.0,0.0,0.0,,0.0,0.0,0.0,0.014869994189298425,0.0,0.0,0.0,0,0.0,0.0
2020-12-07,3.508500099182129,-0.0015651223330228614,25.92572593688965,-0.016821356280574795,0.015256233947551934,0.015256233947551934,0.008710066648141395,0.015206151364098405,1,1,1.0,10,79.41858655480328,-795.0,10.0,2789.2575788497925,-259.2572593688965,0.0,0.0,Opened,2789.2575788497925,-259.2572593688965,0.0,0.015206151364098405,3048.514838218689,0.0,0.0,0,0.0,3048.514838218689
2020-12-08,3.49399995803833,-0.004132860405840932,25.80805015563965,-0.004538958003970861,0.00040609759812992863,0.00040609759812992863,0.008756100888476998,0.015248805934446195,1,1,0.0,10,8.112182765064349,795.0,-10.0,-2777.7299666404724,258.0805015563965,11.527612209320068,-1.1767578125,Live,0.0,0.0,0.0,0.015248805934446195,3035.810468196869,10.350854396820068,0.0034095851849960837,0,0.0,0.0
2020-12-09,3.507999897003174,0.004006851497704078,25.717529296875,-0.003507466012300342,0.00751431751000442,0.00751431751000442,0.008377900217325256,0.01486826886175953,1,1,0.0,10,6.41741161226157,795.0,-10.0,-2788.859918117523,257.17529296875,0.3976607322692871,-2.0819664001464844,Live,0.0,0.0,0.0,0.01486826886175953,3046.035211086273,-1.6843056678771973,-0.0005529501634606983,0,0.0,0.0
2020-12-10,3.570499897003174,0.017816420135414734,26.20635223388672,0.019007383305328585,-0.00119096316991385,0.00119096316991385,0.008435015888492943,0.014750054811740174,0,0,-1.0,10,7.8303186639911555,795.0,-10.0,-2838.547418117523,262.0635223388672,-49.28983926773071,2.806262969970703,Closed,-2838.547418117523,262.0635223388672,-46.48357629776001,0.014750054811740174,3100.6109404563904,-46.48357629776001,-0.014991747494420542,1,-46.48357629776001,0.0
2020-12-11,3.5239999294281006,-0.01302337737472059,25.70847511291504,-0.018998337369818596,0.005974959995098006,0.005974959995098006,0.008400394297148785,0.01510115872767141,1,0,0.0,10,10.642224022956384,0.0,0.0,0.0,0.0,0.0,0.0,,0.0,0.0,0.0,0.01510115872767141,0.0,0.0,0.0,0,0.0,0.0
2020-12-12,3.5239999294281006,0.0,25.70847511291504,0.0,0.0,0.0,0.008281504114713236,0.015116057544563992,1,0,0.0,10,,0.0,0.0,0.0,0.0,0.0,0.0,,0.0,0.0,0.0,0.015116057544563992,0.0,0.0,0.0,0,0.0,0.0
2020-12-13,3.5239999294281006,0.0,25.70847511291504,0.0,0.0,0.0,0.008281504114713236,0.015116057544563992,1,0,0.0,10,,0.0,0.0,0.0,0.0,0.0,0.0,,0.0,0.0,0.0,0.015116057544563992,0.0,0.0,0.0,0,0.0,0.0
2020-12-14,3.5220000743865967,-0.0005674957666155223,25.59984588623047,-0.0042254247366853015,0.0036579289700697792,0.0036579289700697792,0.008285299214455862,0.015155389716384743,1,0,0.0,10,54.1197440894884,0.0,0.0,0.0,0.0,0.0,0.0,,0.0,0.0,0.0,0.015155389716384743,0.0,0.0,0.0,0,0.0,0.0
2020-12-15,3.5380001068115234,0.004542882477852617,26.115827560424805,0.020155655486655544,-0.015612773008802927,0.015612773008802927,0.008029726027015823,0.014741968281501995,0,1,1.0,10,32.75000534433095,328.0,-10.0,-1160.4640350341797,261.15827560424805,0.0,0.0,Opened,-1160.4640350341797,261.15827560424805,0.0,0.014741968281501995,1421.6223106384277,0.0,0.0,0,0.0,1421.6223106384277
2020-12-16,3.553999900817871,0.004522270639716552,26.269718170166016,0.005892618542726602,-0.0013703479030100496,0.0013703479030100496,0.008026760962369787,0.014715844990291506,0,1,0.0,10,9.631408002798436,-328.0,10.0,1165.7119674682617,-262.69718170166016,5.247932434082031,-1.5389060974121094,Live,0.0,0.0,0.0,0.014715844990291506,1428.4091491699219,3.709026336669922,0.0025966133994768333,0,0.0,0.0
2020-12-17,3.5969998836517334,0.012099038839018306,27.066316604614258,0.030323828725080215,-0.01822478988606191,0.01822478988606191,0.007889407295124058,0.014054763738924359,0,1,0.0,10,18.85914058587498,-328.0,10.0,1179.8159618377686,-270.6631660461426,19.351926803588867,-9.504890441894531,Live,0.0,0.0,0.0,0.014054763738924359,1450.4791278839111,9.847036361694336,0.0067888163106904365,0,0.0,0.0
2020-12-18,3.628499984741211,0.008757326135217403,26.948637008666992,-0.004347824555011814,0.013105150690229217,0.013105150690229217,0.00789392548904268,0.014115764893659243,1,0,-1.0,10,3.6873143726948614,-328.0,10.0,1190.1479949951172,-269.4863700866699,29.6839599609375,-8.328094482421875,Closed,1190.1479949951172,-269.4863700866699,21.355865478515625,0.014115764893659243,1459.634365081787,21.355865478515625,0.01463096922722767,0,21.355865478515625,0.0
2020-12-19,3.628499984741211,0.0,26.948637008666992,0.0,0.0,0.0,0.007858441135426712,0.014127763949708216,1,0,0.0,10,,0.0,0.0,0.0,0.0,0.0,0.0,,0.0,0.0,0.0,0.014127763949708216,0.0,0.0,0.0,0,0.0,0.0
2020-12-20,3.628499984741211,0.0,26.948637008666992,0.0,0.0,0.0,0.007858441135426712,0.014127763949708216,1,0,0.0,10,,0.0,0.0,0.0,0.0,0.0,0.0,,0.0,0.0,0.0,0.014127763949708216,0.0,0.0,0.0,0,0.0,0.0
2020-12-21,3.572999954223633,-0.015295585159424085,26.885269165039062,-0.002351430375033381,-0.012944154784390705,0.012944154784390705,0.00828565014586323,0.014154162612056698,0,0,0.0,10,1.1567710357198373,0.0,0.0,0.0,0.0,0.0,0.0,,0.0,0.0,0.0,0.014154162612056698,0.0,0.0,0.0,0,0.0,0.0
2020-12-22,3.5179998874664307,-0.015393245861138771,26.188247680664062,-0.02592577668076279,0.01053253081962402,0.01053253081962402,0.008636581873878214,0.014869360594962796,1,0,0.0,10,12.537535861874398,0.0,0.0,0.0,0.0,0.0,0.0,,0.0,0.0,0.0,0.014869360594962796,0.0,0.0,0.0,0,0.0,0.0
2020-12-23,3.552000045776367,0.009664627458081831,26.984844207763672,0.030418091993523078,-0.020753464535441246,0.020753464535441246,0.008689173696368348,0.014699607734529937,0,1,1.0,10,23.91078329441662,240.0,-10.0,-852.4800109863281,269.8484420776367,0.0,0.0,Opened,-852.4800109863281,269.8484420776367,0.0,0.014699607734529937,1122.3284530639648,0.0,0.0,0,0.0,1122.3284530639648
2020-12-24,3.559999942779541,0.0022522232263726405,27.093473434448242,0.004025564344496635,-0.0017733411181239944,0.0017733411181239944,0.008686118912130347,0.014453827469006112,0,1,0.0,10,13.602853940477578,-240.0,10.0,854.3999862670898,-270.9347343444824,1.9199752807617188,-1.0862922668457031,Live,0.0,0.0,0.0,0.014453827469006112,1125.3347206115723,0.8336830139160156,0.000740831148854044,0,0.0,0.0
2020-12-25,3.559999942779541,0.0,27.093473434448242,0.0,0.0,0.0,0.008692018931483253,0.014083655373338099,1,0,-1.0,10,,-240.0,10.0,854.3999862670898,-270.9347343444824,1.9199752807617188,-1.0862922668457031,Closed,854.3999862670898,-270.9347343444824,0.8336830139160156,0.014083655373338099,1125.3347206115723,0.8336830139160156,0.000740831148854044,0,0.8336830139160156,0.0
2020-12-26,3.559999942779541,0.0,27.093473434448242,0.0,0.0,0.0,0.008538144557306629,0.013833210742090157,1,0,0.0,10,,0.0,0.0,0.0,0.0,0.0,0.0,,0.0,0.0,0.0,0.013833210742090157,0.0,0.0,0.0,0,0.0,0.0
2020-12-27,3.559999942779541,0.0,27.093473434448242,0.0,0.0,0.0,0.008538144557306629,0.013833210742090157,1,0,0.0,10,,0.0,0.0,0.0,0.0,0.0,0.0,,0.0,0.0,0.0,0.013833210742090157,0.0,0.0,0.0,0,0.0,0.0
2020-12-28,3.569999933242798,0.002808986130333757,27.419357299804688,0.012028131651148799,-0.009219145520815042,0.009219145520815042,0.008530650848332202,0.01384857501266659,0,0,0.0,10,32.88801341820437,0.0,0.0,0.0,0.0,0.0,0.0,,0.0,0.0,0.0,0.01384857501266659,0.0,0.0,0.0,0,0.0,0.0
2020-12-29,3.552999973297119,-0.004761893631251901,27.328834533691406,-0.003301418232509956,-0.001460475398741945,0.001460475398741945,0.008589945300495925,0.013777364659805799,0,0,0.0,10,5.332695208712712,0.0,0.0,0.0,0.0,0.0,0.0,,0.0,0.0,0.0,0.013777364659805799,0.0,0.0,0.0,0,0.0,0.0
2020-12-30,3.5429999828338623,-0.002814520275376431,27.880586624145508,0.020189375063685677,-0.023003895339062108,0.023003895339062108,0.008613514456581917,0.0138011309172041,0,1,1.0,10,56.44809001046622,565.0,-10.0,-2001.7949903011322,278.8058662414551,0.0,0.0,Opened,-2001.7949903011322,278.8058662414551,0.0,0.0138011309172041,2280.6008565425873,0.0,0.0,0,0.0,2280.6008565425873
2020-12-31,3.5139999389648438,-0.00818516624598542,27.77993392944336,-0.0036101354702120503,-0.00457503077577337,0.00457503077577337,0.008645305484203598,0.013792477352346828,0,1,0.0,10,3.4867872828473634,-565.0,10.0,1985.4099655151367,-277.7993392944336,-16.385024785995483,1.0065269470214844,Live,0.0,0.0,0.0,0.013792477352346828,2263.2093048095703,-15.378497838973999,-0.006794995852258555,0,0.0,0.0
2021-01-01,3.5139999389648438,0.0,27.77993392944336,0.0,0.0,0.0,0.008646129869020363,0.013795761489626827,1,0,-1.0,10,,-565.0,10.0,1985.4099655151367,-277.7993392944336,-16.385024785995483,1.0065269470214844,Closed,1985.4099655151367,-277.7993392944336,-15.378497838973999,0.013795761489626827,2263.2093048095703,-15.378497838973999,-0.006794995852258555,0,-15.378497838973999,0.0
2021-01-02,3.5139999389648438,0.0,27.77993392944336,0.0,0.0,0.0,0.008572516468533343,0.013698206776459386,1,0,0.0,10,,0.0,0.0,0.0,0.0,0.0,0.0,,0.0,0.0,0.0,0.013698206776459386,0.0,0.0,0.0,0,0.0,0.0
2021-01-03,3.5139999389648438,0.0,27.77993392944336,0.0,0.0,0.0,0.008572516468533343,0.013698206776459386,1,0,0.0,10,,0.0,0.0,0.0,0.0,0.0,0.0,,0.0,0.0,0.0,0.013698206776459386,0.0,0.0,0.0,0,0.0,0.0
2021-01-04,3.552999973297119,0.011098473252610264,29.106712341308594,0.047760315601723224,-0.03666184234911296,0.03666184234911296,0.008661220355967818,0.01494584752105795,0,1,1.0,10,35.25347217393183,353.0,-10.0,-1254.208990573883,291.06712341308594,0.0,0.0,Opened,-1254.208990573883,291.06712341308594,0.0,0.01494584752105795,1545.276113986969,0.0,0.0,0,0.0,1545.276113986969
2021-01-05,3.640500068664551,0.02462710273713653,29.756376266479492,0.022320072344580444,0.0023070303925560864,0.0023070303925560864,0.00907470639386087,0.014396586199455916,1,0,-1.0,10,7.408005120805185,-353.0,10.0,1285.0965242385864,-297.5637626647949,30.88753366470337,-6.496639251708984,Closed,1285.0965242385864,-297.5637626647949,24.390894412994385,0.014396586199455916,1582.6602869033813,24.390894412994385,0.015411326495540863,0,24.390894412994385,0.0
2021-01-06,3.6500000953674316,0.0026095389434688254,30.28708839416504,0.017835240518967233,-0.015225701575498407,0.015225701575498407,0.008963932472235736,0.014482407169528743,0,1,1.0,10,56.71263645988753,568.0,-10.0,-2073.200054168701,302.8708839416504,0.0,0.0,Opened,-2073.200054168701,302.8708839416504,0.0,0.014482407169528743,2376.0709381103516,0.0,0.0,0,0.0,2376.0709381103516
2021-01-07,3.695499897003174,0.012465698752580856,31.47661018371582,0.03927488090205289,-0.026809182149472033,0.026809182149472033,0.009063114067807158,0.01518808494919975,0,1,0.0,10,26.83570508066193,-568.0,10.0,2099.0439414978027,-314.7661018371582,25.843887329101562,-11.895217895507812,Live,0.0,0.0,0.0,0.01518808494919975,2413.810043334961,13.94866943359375,0.00577869392502901,0,0.0,0.0
2021-01-08,3.6735000610351562,-0.005953142086638441,31.019102096557617,-0.014534858883720969,0.008581716797082528,0.008581716797082528,0.009148682759858346,0.01537461293114506,1,0,-1.0,10,20.616443220228177,-568.0,10.0,2086.5480346679688,-310.1910209655762,13.347980499267578,-7.320137023925781,Closed,2086.5480346679688,-310.1910209655762,6.027843475341797,0.01537461293114506,2396.739055633545,6.027843475341797,0.0025150186713790664,0,6.027843475341797,0.0
2021-01-09,3.6735000610351562,0.0,31.019102096557617,0.0,0.0,0.0,0.008393988658767459,0.015169366440392613,1,0,0.0,10,,0.0,0.0,0.0,0.0,0.0,0.0,,0.0,0.0,0.0,0.015169366440392613,0.0,0.0,0.0,0,0.0,0.0
2021-01-10,3.6735000610351562,0.0,31.019102096557617,0.0,0.0,0.0,0.008393988658767459,0.015169366440392613,1,0,0.0,10,,0.0,0.0,0.0,0.0,0.0,0.0,,0.0,0.0,0.0,0.015169366440392613,0.0,0.0,0.0,0,0.0,0.0
2021-01-11,3.563999891281128,-0.029808130647797526,29.838727951049805,-0.038053137122844194,0.008245006475046668,0.008245006475046668,0.009535788457924837,0.016390815042815452,1,0,0.0,10,10.688046824287076,0.0,0.0,0.0,0.0,0.0,0.0,,0.0,0.0,0.0,0.016390815042815452,0.0,0.0,0.0,0,0.0,0.0
2021-01-12,3.6050000190734863,0.011503964377961973,30.415189743041992,0.01931924822458475,-0.007815283846622778,0.007815283846622778,0.009477102862826664,0.016474405077364522,0,0,0.0,10,14.168633061465862,0.0,0.0,0.0,0.0,0.0,0.0,,0.0,0.0,0.0,0.016474405077364522,0.0,0.0,0.0,0,0.0,0.0
2021-01-13,3.617000102996826,0.003328733386920746,29.93938446044922,-0.01564367300064673,0.018972406387567475,0.018972406387567475,0.009360679817645235,0.016249915332742643,1,1,1.0,10,38.90039967594208,-390.0,10.0,1410.6300401687622,-299.3938446044922,0.0,0.0,Opened,1410.6300401687622,-299.3938446044922,0.0,0.016249915332742643,1710.0238847732544,0.0,0.0,0,0.0,1710.0238847732544
2021-01-14,3.6679999828338623,0.014100049318434005,30.195585250854492,0.008557316558853278,0.005542732759580726,0.005542732759580726,0.009516439636070973,0.016158398256233695,1,1,0.0,10,4.996099659817471,390.0,-10.0,-1430.5199933052063,301.9558525085449,-19.889953136444092,2.5620079040527344,Live,0.0,0.0,0.0,0.016158398256233695,1732.4758458137512,-17.327945232391357,-0.010001839433583761,0,0.0,0.0
2021-01-15,3.6029999256134033,-0.01772084447237121,29.29886817932129,-0.029696959475485785,0.011976115003114574,0.011976115003114574,0.00991734255531958,0.016871930419291827,1,1,0.0,10,13.627436373593405,390.0,-10.0,-1405.1699709892273,292.9886817932129,5.460069179534912,-6.405162811279297,Live,0.0,0.0,0.0,0.016871930419291827,1698.1586527824402,-0.9450936317443848,-0.0005565402444558668,0,0.0,0.0
2021-01-16,3.6029999256134033,0.0,29.29886817932129,0.0,0.0,0.0,0.009257123629378475,0.01663142664052233,1,1,0.0,10,,390.0,-10.0,-1405.1699709892273,292.9886817932129,5.460069179534912,-6.405162811279297,Live,0.0,0.0,0.0,0.01663142664052233,1698.1586527824402,-0.9450936317443848,-0.0005565402444558668,0,0.0,0.0
2021-01-17,3.6029999256134033,0.0,29.29886817932129,0.0,0.0,0.0,0.009257123629378475,0.01663142664052233,1,1,0.0,10,,390.0,-10.0,-1405.1699709892273,292.9886817932129,5.460069179534912,-6.405162811279297,Live,0.0,0.0,0.0,0.01663142664052233,1698.1586527824402,-0.9450936317443848,-0.0005565402444558668,0,0.0,0.0
2021-01-18,3.6029999256134033,0.0,29.29886817932129,0.0,0.0,0.0,0.009257123629378475,0.01663142664052233,1,1,0.0,10,,390.0,-10.0,-1405.1699709892273,292.9886817932129,5.460069179534912,-6.405162811279297,Live,0.0,0.0,0.0,0.01663142664052233,1698.1586527824402,-0.9450936317443848,-0.0005565402444558668,0,0.0,0.0
2021-01-19,3.635999917984009,0.00915903220980141,29.674020767211914,0.012804337204923133,-0.003645304995121723,0.003645304995121723,0.009299312226187139,0.0166700724881568,0,0,-1.0,10,11.409327540137296,390.0,-10.0,-1418.0399680137634,296.74020767211914,-7.409927845001221,-2.653636932373047,Closed,-1418.0399680137634,296.74020767211914,-10.063564777374268,0.0166700724881568,1714.7801756858826,-10.063564777374268,-0.005868720037744205,0,-10.063564777374268,0.0
2021-01-20,3.6475000381469727,0.00316284940109135,30.195585250854492,0.017576468242513243,-0.014413618841421894,0.014413618841421894,0.009124287032388795,0.016610437749076116,0,0,0.0,10,46.004598703623216,0.0,0.0,0.0,0.0,0.0,0.0,,0.0,0.0,0.0,0.016610437749076116,0.0,0.0,0.0,0,0.0,0.0
2021-01-21,3.6554999351501465,0.002193254810008982,30.241334915161133,0.0015151110311844018,0.0006781437788245803,0.0006781437788245803,0.009124698899342781,0.016586932812566714,1,0,0.0,10,5.714911996336397,0.0,0.0,0.0,0.0,0.0,0.0,,0.0,0.0,0.0,0.016586932812566714,0.0,0.0,0.0,0,0.0,0.0
2021-01-22,3.635499954223633,-0.00547120264842571,29.646575927734375,-0.019667087749111967,0.014195885100686256,0.014195885100686256,0.009171206701665284,0.016803102161286977,1,0,0.0,10,29.313498404257555,0.0,0.0,0.0,0.0,0.0,0.0,,0.0,0.0,0.0,0.016803102161286977,0.0,0.0,0.0,0,0.0,0.0
2021-01-23,3.635499954223633,0.0,29.646575927734375,0.0,0.0,0.0,0.009076491729694795,0.0163248238124163,1,0,0.0,10,,0.0,0.0,0.0,0.0,0.0,0.0,,0.0,0.0,0.0,0.0163248238124163,0.0,0.0,0.0,0,0.0,0.0
2021-01-24,3.635499954223633,0.0,29.646575927734375,0.0,0.0,0.0,0.009076491729694795,0.0163248238124163,1,0,0.0,10,,0.0,0.0,0.0,0.0,0.0,0.0,,0.0,0.0,0.0,0.0163248238124163,0.0,0.0,0.0,0,0.0,0.0
2021-01-25,3.640500068664551,0.00137535813612355,29.09756088256836,-0.01851866625354237,0.01989402438966592,0.01989402438966592,0.00907634759210189,0.01659005443503777,1,1,1.0,10,107.61912232576228,-1077.0,10.0,3920.818573951721,-290.9756088256836,0.0,0.0,Opened,3920.818573951721,-290.9756088256836,0.0,0.01659005443503777,4211.794182777405,0.0,0.0,0,0.0,4211.794182777405
2021-01-26,3.628000020980835,-0.003433607319859533,28.630903244018555,-0.01603768922189519,0.012604081902035658,0.012604081902035658,0.009089902260001833,0.016572169306293273,1,1,0.0,10,36.860305957821225,1077.0,-10.0,-3907.3560225963593,286.30903244018555,13.462551355361938,-4.666576385498047,Live,0.0,0.0,0.0,0.016572169306293273,4193.665055036545,8.795974969863892,0.0020974433709959796,0,0.0,0.0
2021-01-27,3.571500062942505,-0.015573306976733536,27.230928421020508,-0.0488973334535131,0.03332402647677957,0.03332402647677957,0.009354449257972368,0.01805680139032766,1,1,0.0,10,23.939557478403152,1077.0,-10.0,-3846.5055677890778,272.3092842102051,74.31300616264343,-18.666324615478516,Live,0.0,0.0,0.0,0.01805680139032766,4118.814851999283,55.64668154716492,0.013510362457820575,0,0.0,0.0
2021-01-28,3.5829999446868896,0.003219902433631905,28.14594268798828,0.03360202240704524,-0.030382119973413335,0.030382119973413335,0.009349057854699484,0.018612065975635014,0,0,-1.0,10,81.97693984468462,1077.0,-10.0,-3858.89094042778,281.4594268798828,61.92763352394104,-9.516181945800781,Closed,-3858.89094042778,281.4594268798828,52.41145157814026,0.018612065975635014,4140.350367307663,52.41145157814026,0.012658699609574768,0,52.41145157814026,0.0
2021-01-29,3.573499917984009,-0.002651416927027306,27.176027297973633,-0.03446022045758568,0.03180880353055837,0.03180880353055837,0.009016025308550592,0.0191419971538503,1,1,1.0,10,98.83988253106662,-989.0,10.0,3534.1914188861847,-271.7602729797363,0.0,0.0,Opened,3534.1914188861847,-271.7602729797363,0.0,0.0191419971538503,3805.951691865921,0.0,0.0,0,0.0,3805.951691865921
2021-01-30,3.573499917984009,0.0,27.176027297973633,0.0,0.0,0.0,0.00881634355477258,0.01892616407319272,1,1,0.0,10,,989.0,-10.0,-3534.1914188861847,271.7602729797363,0.0,0.0,Live,0.0,0.0,0.0,0.01892616407319272,3805.951691865921,0.0,0.0,0,0.0,0.0
2021-01-31,3.573499917984009,0.0,27.176027297973633,0.0,0.0,0.0,0.00881634355477258,0.01892616407319272,1,1,0.0,10,,989.0,-10.0,-3534.1914188861847,271.7602729797363,0.0,0.0,Live,0.0,0.0,0.0,0.01892616407319272,3805.951691865921,0.0,0.0,0,0.0,0.0
2021-02-01,3.562000036239624,-0.0032181004640605693,28.83220863342285,0.060942731521789195,-0.06416083198584976,0.06416083198584976,0.008830442018771959,0.020719068994914998,0,0,-1.0,10,153.28734788377162,989.0,-10.0,-3522.818035840988,288.3220863342285,11.373383045196533,16.561813354492188,Closed,-3522.818035840988,288.3220863342285,27.93519639968872,0.020719068994914998,3811.1401221752167,27.93519639968872,0.0073298791186257005,0,27.93519639968872,0.0
2021-02-02,3.5390000343322754,-0.006457047072809585,28.50279998779297,-0.011425022960191322,0.004967975887381737,0.004967975887381737,0.008880746076929298,0.020791691334364735,1,0,0.0,10,14.250499506345733,0.0,0.0,0.0,0.0,0.0,0.0,,0.0,0.0,0.0,0.020791691334364735,0.0,0.0,0.0,0,0.0,0.0
2021-02-03,3.5785000324249268,0.011161344365486547,28.740707397460938,0.008346808375663484,0.0028145359898230637,0.0028145359898230637,0.008996358184315939,0.02065203824538087,1,0,0.0,10,6.006207931312895,0.0,0.0,0.0,0.0,0.0,0.0,,0.0,0.0,0.0,0.02065203824538087,0.0,0.0,0.0,0,0.0,0.0
2021-02-04,3.565999984741211,-0.003493096987691069,28.61260414123535,-0.004457206096357358,0.000964109108666289,0.000964109108666289,0.008990405182369881,0.020665370884367464,1,0,0.0,10,10.238306366392589,0.0,0.0,0.0,0.0,0.0,0.0,,0.0,0.0,0.0,0.020665370884367464,0.0,0.0,0.0,0,0.0,0.0
2021-02-05,3.6389999389648438,0.020471103347166952,29.24396514892578,0.02206583520234484,-0.0015947318551778888,0.0015947318551778888,0.00929123500935588,0.020465752414348837,0,0,0.0,10,8.662302162218518,0.0,0.0,0.0,0.0,0.0,0.0,,0.0,0.0,0.0,0.020465752414348837,0.0,0.0,0.0,0,0.0,0.0
2021-02-06,3.6389999389648438,0.0,29.24396514892578,0.0,0.0,0.0,0.009210253869364162,0.020448530912996747,1,0,0.0,10,,0.0,0.0,0.0,0.0,0.0,0.0,,0.0,0.0,0.0,0.020448530912996747,0.0,0.0,0.0,0,0.0,0.0
2021-02-07,3.6389999389648438,0.0,29.24396514892578,0.0,0.0,0.0,0.009210253869364162,0.020448530912996747,1,0,0.0,10,,0.0,0.0,0.0,0.0,0.0,0.0,,0.0,0.0,0.0,0.020448530912996747,0.0,0.0,0.0,0,0.0,0.0
2021-02-08,3.678999900817871,0.010992020479232423,30.23218536376953,0.033792278502973394,-0.02280025802374097,0.02280025802374097,0.00933812899126984,0.02093902775525902,0,1,1.0,10,25.262696963971187,253.0,-10.0,-930.7869749069214,302.3218536376953,0.0,0.0,Opened,-930.7869749069214,302.3218536376953,0.0,0.02093902775525902,1233.1088285446167,0.0,0.0,0,0.0,1233.1088285446167
2021-02-09,3.7335000038146973,0.014813836495268795,30.58904266357422,0.011803887000254587,0.003009949495014208,0.003009949495014208,0.009281283186076161,0.020967550552245025,1,0,-1.0,10,6.528407055953409,-253.0,10.0,944.5755009651184,-305.8904266357422,13.788526058197021,-3.568572998046875,Closed,944.5755009651184,-305.8904266357422,10.219953060150146,0.020967550552245025,1250.4659276008606,10.219953060150146,0.008172916058383222,0,10.219953060150146,0.0
2021-02-10,3.7855000495910645,0.013927961891853746,31.165504455566406,0.018845368857477895,-0.004917406965624149,0.004917406965624149,0.009154872705177874,0.020669684648620876,0,0,0.0,10,11.139558463151216,0.0,0.0,0.0,0.0,0.0,0.0,,0.0,0.0,0.0,0.020669684648620876,0.0,0.0,0.0,0,0.0,0.0
2021-02-11,3.7874999046325684,0.0005282934923538374,31.257003784179688,0.002935916816098283,-0.0024076233237444455,0.0024076233237444455,0.009079614799831229,0.020306765304386194,0,0,0.0,10,45.86307822717424,0.0,0.0,0.0,0.0,0.0,0.0,,0.0,0.0,0.0,0.020306765304386194,0.0,0.0,0.0,0,0.0,0.0
2021-02-12,3.802000045776367,0.0038284202003711076,31.257003784179688,0.0,0.0038284202003711076,0.0038284202003711076,0.00908563342547937,0.020311181526365765,1,0,0.0,10,0.0,0.0,0.0,0.0,0.0,0.0,0.0,,0.0,0.0,0.0,0.020311181526365765,0.0,0.0,0.0,0,0.0,0.0
2021-02-13,3.802000045776367,0.0,31.257003784179688,0.0,0.0,0.0,0.00908563342547937,0.020311181526365765,1,0,0.0,10,,0.0,0.0,0.0,0.0,0.0,0.0,,0.0,0.0,0.0,0.020311181526365765,0.0,0.0,0.0,0,0.0,0.0
2021-02-14,3.802000045776367,0.0,31.257003784179688,0.0,0.0,0.0,0.00908563342547937,0.020311181526365765,1,0,0.0,10,,0.0,0.0,0.0,0.0,0.0,0.0,,0.0,0.0,0.0,0.020311181526365765,0.0,0.0,0.0,0,0.0,0.0
2021-02-15,3.802000045776367,0.0,31.257003784179688,0.0,0.0,0.0,0.00908563342547937,0.020311181526365765,1,0,0.0,10,,0.0,0.0,0.0,0.0,0.0,0.0,,0.0,0.0,0.0,0.020311181526365765,0.0,0.0,0.0,0,0.0,0.0
2021-02-16,3.8480000495910645,0.012098896175921636,33.16024398803711,0.06089003978112317,-0.04879114360520154,0.04879114360520154,0.009210074123261022,0.021867123221945752,0,1,1.0,10,43.369374272605185,434.0,-10.0,-1670.032021522522,331.6024398803711,0.0,0.0,Opened,-1670.032021522522,331.6024398803711,0.0,0.021867123221945752,2001.634461402893,0.0,0.0,0,0.0,2001.634461402893
2021-02-17,3.8359999656677246,-0.0031185248879128658,33.69095230102539,0.01600435488893681,-0.019122879776849677,0.019122879776849677,0.009190027431445846,0.021905232300552146,0,1,0.0,10,45.073745783779955,-434.0,10.0,1664.8239850997925,-336.9095230102539,-5.208036422729492,-5.3070831298828125,Live,0.0,0.0,0.0,0.021905232300552146,2001.7335081100464,-10.515119552612305,-0.0052530067114379495,0,0.0,0.0
2021-02-18,3.9165000915527344,0.0209854344644127,34.00205612182617,0.009234046518516337,0.011751387945896363,0.011751387945896363,0.009566656646303979,0.02179889003372564,1,0,-1.0,10,3.820156297783103,-434.0,10.0,1699.7610397338867,-340.0205612182617,29.729018211364746,-8.418121337890625,Closed,1699.7610397338867,-340.0205612182617,21.31089687347412,0.02179889003372564,2039.7816009521484,21.31089687347412,0.010447636582037224,0,21.31089687347412,0.0
2021-02-19,4.090000152587891,0.04429977198503532,35.99679183959961,0.05866514985524662,-0.014365377870211304,0.014365377870211304,0.01116625216994882,0.02308423878141166,0,0,0.0,10,11.655184854322233,0.0,0.0,0.0,0.0,0.0,0.0,,0.0,0.0,0.0,0.02308423878141166,0.0,0.0,0.0,0,0.0,0.0
2021-02-20,4.090000152587891,0.0,35.99679183959961,0.0,0.0,0.0,0.01116625216994882,0.02308423878141166,1,0,0.0,10,,0.0,0.0,0.0,0.0,0.0,0.0,,0.0,0.0,0.0,0.02308423878141166,0.0,0.0,0.0,0,0.0,0.0
2021-02-21,4.090000152587891,0.0,35.99679183959961,0.0,0.0,0.0,0.01116625216994882,0.02308423878141166,1,0,0.0,10,,0.0,0.0,0.0,0.0,0.0,0.0,,0.0,0.0,0.0,0.02308423878141166,0.0,0.0,0.0,0,0.0,0.0
2021-02-22,4.152500152587891,0.01528117302402876,36.91181564331055,0.025419593162308685,-0.010138420138279924,0.010138420138279924,0.011288103468596069,0.02324105183838746,0,0,0.0,10,14.786577140839313,0.0,0.0,0.0,0.0,0.0,0.0,,0.0,0.0,0.0,0.02324105183838746,0.0,0.0,0.0,0,0.0,0.0
2021-02-23,4.1875,0.008428620379531404,37.04906463623047,0.0037182942786180284,0.004710326100913376,0.004710326100913376,0.011257248307455751,0.022445559008928084,1,0,0.0,10,3.903100126463819,0.0,0.0,0.0,0.0,0.0,0.0,,0.0,0.0,0.0,0.022445559008928084,0.0,0.0,0.0,0,0.0,0.0
2021-02-24,4.301000118255615,0.027104505852087124,36.783714294433594,-0.007162133360241074,0.0342666392123282,0.0342666392123282,0.011357797631031993,0.022370584524673734,1,1,1.0,10,2.2598886221677263,-23.0,10.0,98.92300271987915,-367.83714294433594,0.0,0.0,Opened,98.92300271987915,-367.83714294433594,0.0,0.022370584524673734,466.7601456642151,0.0,0.0,0,0.0,466.7601456642151
2021-02-25,4.265999794006348,-0.008137717574270398,35.18243408203125,-0.04353231431673721,0.03539459674246681,0.03539459674246681,0.011474215614291676,0.02328819894403207,1,1,0.0,10,44.11783534466724,23.0,-10.0,-98.117995262146,351.8243408203125,0.8050074577331543,-16.012802124023438,Live,0.0,0.0,0.0,0.02328819894403207,449.9423360824585,-15.207794666290283,-0.03379943038634896,1,-15.207794666290283,0.0
2021-02-26,4.0945000648498535,-0.04020153245141933,33.83734893798828,-0.038231724982608406,-0.0019698074688109246,0.0019698074688109246,0.012930197375673165,0.023421480359388486,0,0,-1.0,10,7.859170899192504,23.0,-10.0,-94.17350149154663,338.3734893798828,4.7495012283325195,-29.463653564453125,Closed,-94.17350149154663,338.3734893798828,-24.714152336120605,0.023421480359388486,432.54699087142944,-24.714152336120605,-0.057136340924093164,1,0.0,0.0
2021-02-27,4.0945000648498535,0.0,33.83734893798828,0.0,0.0,0.0,0.012881522204020996,0.023305599058168643,1,0,0.0,10,,0.0,0.0,0.0,0.0,0.0,0.0,,0.0,0.0,0.0,0.023305599058168643,0.0,0.0,0.0,0,0.0,0.0
2021-02-28,4.0945000648498535,0.0,33.83734893798828,0.0,0.0,0.0,0.012881522204020996,0.023305599058168643,1,0,0.0,10,,0.0,0.0,0.0,0.0,0.0,0.0,,0.0,0.0,0.0,0.023305599058168643,0.0,0.0,0.0,0,0.0,0.0
2021-03-01,4.119500160217285,0.0061057748129131895,34.67917251586914,0.024878532281699117,-0.018772757468785928,0.018772757468785928,0.012888661390087068,0.02352644644738449,0,0,0.0,10,34.301110016670606,0.0,0.0,0.0,0.0,0.0,0.0,,0.0,0.0,0.0,0.02352644644738449,0.0,0.0,0.0,0,0.0,0.0
2021-03-02,4.231500148773193,0.02718776167009551,34.66086959838867,-0.0005277783797204005,0.027715540049815912,0.027715540049815912,0.012498676731507664,0.022793409585277,1,1,1.0,10,0.15900955978469822,-2.0,10.0,8.463000297546387,-346.6086959838867,0.0,0.0,Opened,8.463000297546387,-346.6086959838867,0.0,0.022793409585277,355.0716962814331,0.0,0.0,0,0.0,355.0716962814331
2021-03-03,4.1529998779296875,-0.018551404486247036,34.77982711791992,0.003432040826141902,-0.02198344531238894,0.02198344531238894,0.012825121474626602,0.022675304475085832,0,0,-1.0,10,1.5493200859650695,2.0,-10.0,-8.305999755859375,347.7982711791992,0.15700054168701172,1.1895751953125,Closed,-8.305999755859375,347.7982711791992,1.3465757369995117,0.022675304475085832,356.1042709350586,1.3465757369995117,0.003781408556161579,0,1.3465757369995117,0.0
2021-03-04,3.990999937057495,-0.039007932972285775,32.35503005981445,-0.06971849083332904,0.030710557861043264,0.030710557861043264,0.014128547180822473,0.024772117071492475,1,1,1.0,10,14.489557630847003,-145.0,10.0,578.6949908733368,-323.55030059814453,0.0,0.0,Opened,578.6949908733368,-323.55030059814453,0.0,0.024772117071492475,902.2452914714813,0.0,0.0,0,0.0,902.2452914714813
2021-03-05,4.086999893188477,0.02405411116136502,33.297489166259766,0.02912867349228221,-0.005074562330917187,0.005074562330917187,0.014369623404033511,0.02505493687352039,0,0,-1.0,10,9.86593508875291,145.0,-10.0,-592.6149845123291,332.97489166259766,-13.91999363899231,9.424591064453125,Closed,-592.6149845123291,332.97489166259766,-4.495402574539185,0.02505493687352039,925.5898761749268,-4.495402574539185,-0.004856797476131427,0,-4.495402574539185,0.0
2021-03-06,4.086999893188477,0.0,33.297489166259766,0.0,0.0,0.0,0.014082241696932556,0.024630181419829717,1,0,0.0,10,,0.0,0.0,0.0,0.0,0.0,0.0,,0.0,0.0,0.0,0.024630181419829717,0.0,0.0,0.0,0,0.0,0.0
2021-03-07,4.086999893188477,0.0,33.297489166259766,0.0,0.0,0.0,0.014082241696932556,0.024630181419829717,1,0,0.0,10,,0.0,0.0,0.0,0.0,0.0,0.0,,0.0,0.0,0.0,0.024630181419829717,0.0,0.0,0.0,0,0.0,0.0
2021-03-08,4.103499889373779,0.004037190265848034,33.132781982421875,-0.0049465346475670025,0.008983724913415037,0.008983724913415037,0.014078478768780902,0.0246518253902699,1,0,0.0,10,9.892938623715569,0.0,0.0,0.0,0.0,0.0,0.0,,0.0,0.0,0.0,0.0246518253902699,0.0,0.0,0.0,0,0.0,0.0
2021-03-09,4.019499778747559,-0.02047035771677319,33.22429275512695,0.002761940508153815,-0.023232298224927006,0.023232298224927006,0.014451362988092957,0.02464860801019104,0,0,0.0,10,1.1152510056570983,0.0,0.0,0.0,0.0,0.0,0.0,,0.0,0.0,0.0,0.02464860801019104,0.0,0.0,0.0,0,0.0,0.0
2021-03-10,4.041999816894531,0.005597720956706631,33.3066520690918,0.0024788884016841983,0.0031188325550224327,0.0031188325550224327,0.01442558327467406,0.024606431330479298,1,0,0.0,10,3.649055098177722,0.0,0.0,0.0,0.0,0.0,0.0,,0.0,0.0,0.0,0.024606431330479298,0.0,0.0,0.0,0,0.0,0.0
2021-03-11,4.14300012588501,0.024987707463103526,35.09092712402344,0.05357113201381858,-0.028583424550715053,0.028583424550715053,0.014780480148657984,0.025561266869529326,0,1,1.0,10,18.158681315899198,182.0,-10.0,-754.0260229110718,350.9092712402344,0.0,0.0,Opened,-754.0260229110718,350.9092712402344,0.0,0.025561266869529326,1104.9352941513062,0.0,0.0,0,0.0,1104.9352941513062
2021-03-12,4.145500183105469,0.0006034412610413931,34.834720611572266,-0.007301218105342455,0.007904659366383848,0.007904659366383848,0.014783209883038552,0.02560440682000272,1,0,-1.0,10,101.67067638699508,-182.0,10.0,754.4810333251953,-348.34720611572266,0.45501041412353516,2.5620651245117188,Closed,754.4810333251953,-348.34720611572266,3.017075538635254,0.02560440682000272,1102.828239440918,3.017075538635254,0.0027357619534341716,0,3.017075538635254,0.0
2021-03-13,4.145500183105469,0.0,34.834720611572266,0.0,0.0,0.0,0.014742243076517293,0.02539691383961763,1,0,0.0,10,,0.0,0.0,0.0,0.0,0.0,0.0,,0.0,0.0,0.0,0.02539691383961763,0.0,0.0,0.0,0,0.0,0.0
2021-03-14,4.145500183105469,0.0,34.834720611572266,0.0,0.0,0.0,0.014742243076517293,0.02539691383961763,1,0,0.0,10,,0.0,0.0,0.0,0.0,0.0,0.0,,0.0,0.0,0.0,0.02539691383961763,0.0,0.0,0.0,0,0.0,0.0
2021-03-15,4.146500110626221,0.00024120793066839674,34.67917251586914,-0.004465317733923557,0.004706525664591954,0.004706525664591954,0.014741369091496573,0.02541748029608072,1,0,0.0,10,154.82740291589965,0.0,0.0,0.0,0.0,0.0,0.0,,0.0,0.0,0.0,0.02541748029608072,0.0,0.0,0.0,0,0.0,0.0
2021-03-16,4.078999996185303,-0.01627881650549956,33.974609375,-0.02031660762801457,0.004037791122515011,0.004037791122515011,0.014984156445505794,0.025450454376595533,1,0,0.0,10,10.395111034365641,0.0,0.0,0.0,0.0,0.0,0.0,,0.0,0.0,0.0,0.025450454376595533,0.0,0.0,0.0,0,0.0,0.0
2021-03-17,4.127999782562256,0.012012695862411826,34.358917236328125,0.011311619718309851,0.0007010761441019753,0.0007010761441019753,0.015020881261439611,0.025317264642787125,1,0,0.0,10,7.837618463297848,0.0,0.0,0.0,0.0,0.0,0.0,,0.0,0.0,0.0,0.025317264642787125,0.0,0.0,0.0,0,0.0,0.0
2021-03-18,4.117000102996826,-0.0026646511978744014,33.63604736328125,-0.021038785013940298,0.018374133816065896,0.018374133816065896,0.014809916822067169,0.024420766759950006,1,0,0.0,10,64.50663169804677,0.0,0.0,0.0,0.0,0.0,0.0,,0.0,0.0,0.0,0.024420766759950006,0.0,0.0,0.0,0,0.0,0.0
2021-03-19,4.123499870300293,0.0015787629683894355,33.132781982421875,-0.014962084439468448,0.016540847407857884,0.016540847407857884,0.014811134865821479,0.024205503770959664,1,0,0.0,10,76.14950558616411,0.0,0.0,0.0,0.0,0.0,0.0,,0.0,0.0,0.0,0.024205503770959664,0.0,0.0,0.0,0,0.0,0.0
2021-03-20,4.123499870300293,0.0,33.132781982421875,0.0,0.0,0.0,0.014795512981438701,0.02358365020174585,1,0,0.0,10,,0.0,0.0,0.0,0.0,0.0,0.0,,0.0,0.0,0.0,0.02358365020174585,0.0,0.0,0.0,0,0.0,0.0
2021-03-21,4.123499870300293,0.0,33.132781982421875,0.0,0.0,0.0,0.014795512981438701,0.02358365020174585,1,0,0.0,10,,0.0,0.0,0.0,0.0,0.0,0.0,,0.0,0.0,0.0,0.02358365020174585,0.0,0.0,0.0,0,0.0,0.0
2021-03-22,4.14900016784668,0.006184139286641965,33.36154556274414,0.006904448302700095,-0.0007203090160581294,0.0007203090160581294,0.014795987730550186,0.023578513371776404,0,0,0.0,10,8.977438306865558,0.0,0.0,0.0,0.0,0.0,0.0,,0.0,0.0,0.0,0.023578513371776404,0.0,0.0,0.0,0,0.0,0.0
2021-03-23,4.0879998207092285,-0.014702420985707065,31.57726287841797,-0.05348321410860335,0.038780793122896284,0.038780793122896284,0.014983985535088496,0.02352962681178202,1,1,1.0,10,28.099090238502736,-281.0,10.0,1148.7279496192932,-315.7726287841797,0.0,0.0,Opened,1148.7279496192932,-315.7726287841797,0.0,0.02352962681178202,1464.500578403473,0.0,0.0,0,0.0,1464.500578403473
2021-03-24,4.071499824523926,-0.004036202766378838,31.073999404907227,-0.01593752680365168,0.011901324037272842,0.011901324037272842,0.014957124339639631,0.023591106035765863,1,1,0.0,10,30.136352362678977,281.0,-10.0,-1144.0914506912231,310.73999404907227,4.636498928070068,-5.032634735107422,Live,0.0,0.0,0.0,0.023591106035765863,1454.8314447402954,-0.3961358070373535,-0.00027228983018583874,0,0.0,0.0
2021-03-25,3.984999895095825,-0.021245224894051118,30.863548278808594,-0.006772579330918016,-0.014472645563133102,0.014472645563133102,0.015290988443604223,0.023605016516363223,0,0,-1.0,10,2.468938703530107,281.0,-10.0,-1119.7849705219269,308.63548278808594,28.942979097366333,-7.13714599609375,Closed,-1119.7849705219269,308.63548278808594,21.805833101272583,0.023605016516363223,1428.4204533100128,21.805833101272583,0.015265696490653667,0,21.805833101272583,0.0
2021-03-26,4.078499794006348,0.023462961448402764,32.2452278137207,0.04476735864686021,-0.021304397198457448,0.021304397198457448,0.01555658507176927,0.024357495207078386,0,0,0.0,10,15.084942144387224,0.0,0.0,0.0,0.0,0.0,0.0,,0.0,0.0,0.0,0.024357495207078386,0.0,0.0,0.0,0,0.0,0.0
2021-03-27,4.078499794006348,0.0,32.2452278137207,0.0,0.0,0.0,0.015350248881527362,0.024198546472211688,1,0,0.0,10,,0.0,0.0,0.0,0.0,0.0,0.0,,0.0,0.0,0.0,0.024198546472211688,0.0,0.0,0.0,0,0.0,0.0
2021-03-28,4.078499794006348,0.0,32.2452278137207,0.0,0.0,0.0,0.015350248881527362,0.024198546472211688,1,0,0.0,10,,0.0,0.0,0.0,0.0,0.0,0.0,,0.0,0.0,0.0,0.024198546472211688,0.0,0.0,0.0,0,0.0,0.0
2021-03-29,4.043000221252441,-0.00870407614242752,32.08967208862305,-0.004824147188424166,-0.0038799289540033532,0.0038799289540033532,0.015427167254024108,0.024217281929937967,0,0,0.0,10,4.399054906144586,0.0,0.0,0.0,0.0,0.0,0.0,,0.0,0.0,0.0,0.024217281929937967,0.0,0.0,0.0,0,0.0,0.0
2021-03-30,3.9830000400543213,-0.01484050900683187,32.336727142333984,0.007698896175337699,-0.02253940518216957,0.02253940518216957,0.015559546061733443,0.02379895169961192,0,0,0.0,10,4.211777472831457,0.0,0.0,0.0,0.0,0.0,0.0,,0.0,0.0,0.0,0.02379895169961192,0.0,0.0,0.0,0,0.0,0.0
2021-03-31,4.002999782562256,0.00502127599970148,32.538028717041016,0.00622516848476895,-0.0012038924850674704,0.0012038924850674704,0.015452473319642546,0.023763305549421545,0,0,0.0,10,10.077265208612737,0.0,0.0,0.0,0.0,0.0,0.0,,0.0,0.0,0.0,0.023763305549421545,0.0,0.0,0.0,0,0.0,0.0
2021-04-01,4.003499984741211,0.00012495683390589818,33.315792083740234,0.023903211023103,-0.0237782541891971,0.0237782541891971,0.015349083680122232,0.023849202503103482,0,0,0.0,10,1591.8661385088933,0.0,0.0,0.0,0.0,0.0,0.0,,0.0,0.0,0.0,0.023849202503103482,0.0,0.0,0.0,0,0.0,0.0
2021-04-02,4.003499984741211,0.0,33.315792083740234,0.0,0.0,0.0,0.015349762539318614,0.02384949608870107,1,0,0.0,10,,0.0,0.0,0.0,0.0,0.0,0.0,,0.0,0.0,0.0,0.02384949608870107,0.0,0.0,0.0,0,0.0,0.0
2021-04-03,4.003499984741211,0.0,33.315792083740234,0.0,0.0,0.0,0.015346060858974797,0.02384949608870107,1,0,0.0,10,,0.0,0.0,0.0,0.0,0.0,0.0,,0.0,0.0,0.0,0.02384949608870107,0.0,0.0,0.0,0,0.0,0.0
2021-04-04,4.003499984741211,0.0,33.315792083740234,0.0,0.0,0.0,0.015346060858974797,0.02384949608870107,1,0,0.0,10,,0.0,0.0,0.0,0.0,0.0,0.0,,0.0,0.0,0.0,0.02384949608870107,0.0,0.0,0.0,0,0.0,0.0
2021-04-05,4.14900016784668,0.03634324557512736,34.267417907714844,0.028563806064783703,0.007779439510343655,0.007779439510343655,0.016131153831409735,0.024151662924894454,1,0,0.0,10,6.4912792971887185,0.0,0.0,0.0,0.0,0.0,0.0,,0.0,0.0,0.0,0.024151662924894454,0.0,0.0,0.0,0,0.0,0.0
2021-04-06,4.126500129699707,-0.005423002467278781,34.50531768798828,0.006942448389724687,-0.012365450857003468,0.012365450857003468,0.016162223557950703,0.02415914177131739,0,0,0.0,10,10.70476222217126,0.0,0.0,0.0,0.0,0.0,0.0,,0.0,0.0,0.0,0.02415914177131739,0.0,0.0,0.0,0,0.0,0.0
2021-04-07,4.064000129699707,-0.015146007036366704,34.148460388183594,-0.010342095761341596,-0.004803911275025108,0.004803911275025108,0.016265728255077466,0.02268695067510629,0,0,0.0,10,5.737567598205663,0.0,0.0,0.0,0.0,0.0,0.0,,0.0,0.0,0.0,0.02268695067510629,0.0,0.0,0.0,0,0.0,0.0
2021-04-08,4.103499889373779,0.00971942874347076,34.65171813964844,0.01473734820674344,-0.00501791946327268,0.00501791946327268,0.016297104110006535,0.022670369820534643,0,0,0.0,10,12.804096891388882,0.0,0.0,0.0,0.0,0.0,0.0,,0.0,0.0,0.0,0.022670369820534643,0.0,0.0,0.0,0,0.0,0.0
2021-04-09,4.05049991607666,-0.012915797423161957,34.29486083984375,-0.010298401319280392,-0.002617396103881564,0.002617396103881564,0.01617374453901862,0.022690624787683175,0,0,0.0,10,6.75101393710608,0.0,0.0,0.0,0.0,0.0,0.0,,0.0,0.0,0.0,0.022690624787683175,0.0,0.0,0.0,0,0.0,0.0
2021-04-10,4.05049991607666,0.0,34.29486083984375,0.0,0.0,0.0,0.014905937090278383,0.02107701434035791,1,0,0.0,10,,0.0,0.0,0.0,0.0,0.0,0.0,,0.0,0.0,0.0,0.02107701434035791,0.0,0.0,0.0,0,0.0,0.0
2021-04-11,4.05049991607666,0.0,34.29486083984375,0.0,0.0,0.0,0.014905937090278383,0.02107701434035791,1,0,0.0,10,,0.0,0.0,0.0,0.0,0.0,0.0,,0.0,0.0,0.0,0.02107701434035791,0.0,0.0,0.0,0,0.0,0.0
2021-04-12,4.03000020980835,-0.005061031154931284,33.01383590698242,-0.03735326231074931,0.03229223115581803,0.03229223115581803,0.01492252280391745,0.02170264740480244,1,1,1.0,10,60.46171286405268,-605.0,10.0,2438.1501269340515,-330.1383590698242,0.0,0.0,Opened,2438.1501269340515,-330.1383590698242,0.0,0.02170264740480244,2768.2884860038757,0.0,0.0,0,0.0,2768.2884860038757
2021-04-13,4.043000221252441,0.0032258091233969832,33.66350173950195,0.01967859276789241,-0.016452783644495428,0.016452783644495428,0.014764061574960444,0.021572139088642278,0,0,-1.0,10,50.793822570556166,605.0,-10.0,-2446.015133857727,336.63501739501953,-7.865006923675537,6.4966583251953125,Closed,-2446.015133857727,336.63501739501953,-1.3683485984802246,0.021572139088642278,2782.6501512527466,-1.3683485984802246,-0.0004917429515399898,0,-1.3683485984802246,0.0
2021-04-14,4.139999866485596,0.023991996023959183,35.06348419189453,0.04158754675096055,-0.017595550727001363,0.017595550727001363,0.015114480651704468,0.02241149289593726,0,0,0.0,10,14.680865610273717,0.0,0.0,0.0,0.0,0.0,0.0,,0.0,0.0,0.0,0.02241149289593726,0.0,0.0,0.0,0,0.0,0.0
2021-04-15,4.230500221252441,0.021859989779098754,36.4085578918457,0.03836109647831587,-0.016501106699217116,0.016501106699217116,0.014938900332675102,0.023065105302039007,0,0,0.0,10,15.102638000232513,0.0,0.0,0.0,0.0,0.0,0.0,,0.0,0.0,0.0,0.023065105302039007,0.0,0.0,0.0,0,0.0,0.0
2021-04-16,4.179999828338623,-0.01193721552362137,36.36280822753906,-0.0012565634827543803,-0.01068065204086699,0.01068065204086699,0.014989570190604986,0.02219296428998958,0,0,0.0,10,0.9157196867291097,0.0,0.0,0.0,0.0,0.0,0.0,,0.0,0.0,0.0,0.02219296428998958,0.0,0.0,0.0,0,0.0,0.0
2021-04-17,4.179999828338623,0.0,36.36280822753906,0.0,0.0,0.0,0.013839503000515363,0.021463733596889842,1,0,0.0,10,,0.0,0.0,0.0,0.0,0.0,0.0,,0.0,0.0,0.0,0.021463733596889842,0.0,0.0,0.0,0,0.0,0.0
2021-04-18,4.179999828338623,0.0,36.36280822753906,0.0,0.0,0.0,0.013839503000515363,0.021463733596889842,1,0,0.0,10,,0.0,0.0,0.0,0.0,0.0,0.0,,0.0,0.0,0.0,0.021463733596889842,0.0,0.0,0.0,0,0.0,0.0
2021-04-19,4.25,0.016746453238300596,36.17980194091797,-0.005032787497487479,0.021779240735788075,0.021779240735788075,0.014028331783005516,0.02148350601247669,1,1,1.0,10,2.558367958365555,-26.0,10.0,110.5,-361.7980194091797,0.0,0.0,Opened,110.5,-361.7980194091797,0.0,0.02148350601247669,472.2980194091797,0.0,0.0,0,0.0,472.2980194091797
2021-04-20,4.223999977111816,-0.006117652444278532,35.08177947998047,-0.03034904565620844,0.024231393211929908,0.024231393211929908,0.014041231340004366,0.021679354917333363,1,1,0.0,10,41.20196661445881,26.0,-10.0,-109.82399940490723,350.8177947998047,0.6760005950927734,-10.980224609375,Live,0.0,0.0,0.0,0.021679354917333363,460.6417942047119,-10.304224014282227,-0.02236927726471769,1,-10.304224014282227,0.0
2021-04-21,4.286499977111816,0.014796401595327247,35.658241271972656,0.016431942750257278,-0.0016355411549300314,0.0016355411549300314,0.013666695953038191,0.021795906270003017,0,0,-1.0,10,9.238253950996167,26.0,-10.0,-111.44899940490723,356.58241271972656,-0.9489994049072266,-5.215606689453125,Closed,-111.44899940490723,356.58241271972656,-6.164606094360352,0.021795906270003017,468.0314121246338,-6.164606094360352,-0.013171351184263581,0,0.0,0.0
2021-04-22,4.2804999351501465,-0.0013997531771160476,35.0451774597168,-0.01719276639528844,0.01579301321817239,0.01579301321817239,0.013395151486320383,0.0219398023873768,1,0,0.0,10,100.56064934843016,0.0,0.0,0.0,0.0,0.0,0.0,,0.0,0.0,0.0,0.0219398023873768,0.0,0.0,0.0,0,0.0,0.0
2021-04-23,4.3429999351501465,0.01460109822377742,35.886993408203125,0.024020878463348216,-0.009419780239570796,0.009419780239570796,0.012249023750206929,0.0197194651327145,0,0,0.0,10,13.594104852952489,0.0,0.0,0.0,0.0,0.0,0.0,,0.0,0.0,0.0,0.0197194651327145,0.0,0.0,0.0,0,0.0,0.0
2021-04-24,4.3429999351501465,0.0,35.886993408203125,0.0,0.0,0.0,0.011820621256742428,0.01933615402526551,1,0,0.0,10,,0.0,0.0,0.0,0.0,0.0,0.0,,0.0,0.0,0.0,0.01933615402526551,0.0,0.0,0.0,0,0.0,0.0
2021-04-25,4.3429999351501465,0.0,35.886993408203125,0.0,0.0,0.0,0.011820621256742428,0.01933615402526551,1,0,0.0,10,,0.0,0.0,0.0,0.0,0.0,0.0,,0.0,0.0,0.0,0.01933615402526551,0.0,0.0,0.0,0,0.0,0.0
2021-04-26,4.447999954223633,0.02417684104106632,37.15886688232422,0.035441070798379215,-0.011264229757312894,0.011264229757312894,0.01225359290124944,0.019914212875800353,0,0,0.0,10,12.246302079726208,0.0,0.0,0.0,0.0,0.0,0.0,,0.0,0.0,0.0,0.019914212875800353,0.0,0.0,0.0,0,0.0,0.0
2021-04-27,4.743000030517578,0.06632196028100812,37.06736755371094,-0.002462382098545768,0.06878434237955389,0.06878434237955389,0.015280991497682172,0.019898627715632358,1,1,1.0,10,0.29015944240551667,-3.0,10.0,14.229000091552734,-370.6736755371094,0.0,0.0,Opened,14.229000091552734,-370.6736755371094,0.0,0.019898627715632358,384.9026756286621,0.0,0.0,0,0.0,384.9026756286621
2021-04-28,4.5370001792907715,-0.04343239508778307,37.18631362915039,0.0032089161785524567,-0.04664131126633553,0.04664131126633553,0.016311441349165966,0.01989887571371481,0,0,-1.0,10,0.6055624326701031,3.0,-10.0,-13.611000537872314,371.8631362915039,0.6179995536804199,1.1894607543945312,Closed,-13.611000537872314,371.8631362915039,1.8074603080749512,0.01989887571371481,385.4741368293762,1.8074603080749512,0.00468892757096955,0,1.8074603080749512,0.0
2021-04-29,4.493000030517578,-0.009698070759184163,37.12226104736328,-0.001722477318561011,-0.007975593440623152,0.007975593440623152,0.01639640237113186,0.019907615216623264,0,0,0.0,10,1.4674596288256692,0.0,0.0,0.0,0.0,0.0,0.0,,0.0,0.0,0.0,0.019907615216623264,0.0,0.0,0.0,0,0.0,0.0
2021-04-30,4.479000091552734,-0.003115944551469574,36.106597900390625,-0.027359948406073586,0.024244003854604013,0.024244003854604013,0.01607960875441916,0.01892511188276203,1,1,1.0,10,70.78333999717124,-708.0,10.0,3171.132064819336,-361.06597900390625,0.0,0.0,Opened,3171.132064819336,-361.06597900390625,0.0,0.01892511188276203,3532.198043823242,0.0,0.0,0,0.0,3532.198043823242
2021-05-01,4.479000091552734,0.0,36.106597900390625,0.0,0.0,0.0,0.016080664203100992,0.018889886038546695,1,1,0.0,10,,708.0,-10.0,-3171.132064819336,361.06597900390625,0.0,0.0,Live,0.0,0.0,0.0,0.018889886038546695,3532.198043823242,0.0,0.0,0,0.0,0.0
2021-05-02,4.479000091552734,0.0,36.106597900390625,0.0,0.0,0.0,0.016080664203100992,0.018889886038546695,1,1,0.0,10,,708.0,-10.0,-3171.132064819336,361.06597900390625,0.0,0.0,Live,0.0,0.0,0.0,0.018889886038546695,3532.198043823242,0.0,0.0,0,0.0,0.0
2021-05-03,4.543000221252441,0.014288932438382806,36.600711822509766,0.013684865117513434,0.0006040673208693725,0.0006040673208693725,0.016176990795575424,0.01897563975280323,1,1,0.0,10,7.715916377251641,708.0,-10.0,-3216.4441566467285,366.00711822509766,-45.31209182739258,4.941139221191406,Live,0.0,0.0,0.0,0.01897563975280323,3582.451274871826,-40.37095260620117,-0.011269086306734366,0,0.0,0.0
2021-05-04,4.535999774932861,-0.001540930217619474,37.06736755371094,0.012749908621016992,-0.014290838838636466,0.014290838838636466,0.016182816412603846,0.019027487502584574,0,0,-1.0,10,67.61496390550153,708.0,-10.0,-3211.487840652466,370.6736755371094,-40.35577583312988,9.607696533203125,Closed,-3211.487840652466,370.6736755371094,-30.748079299926758,0.019027487502584574,3582.161516189575,-30.748079299926758,-0.008583666359252883,0,-30.748079299926758,0.0
2021-05-05,4.539000034332275,0.0006614328810143899,38.47649383544922,0.03801527798531801,-0.03735384510430362,0.03735384510430362,0.01596987455802133,0.019445563674043067,0,1,1.0,10,487.20046490889206,4873.0,-10.0,-22118.547167301178,384.7649383544922,0.0,0.0,Opened,-22118.547167301178,384.7649383544922,0.0,0.019445563674043067,22503.31210565567,0.0,0.0,0,0.0,22503.31210565567
2021-05-06,4.61899995803833,0.01762501059725663,39.16275405883789,0.017835830528726726,-0.00021081993147009648,0.00021081993147009648,0.01605927503773061,0.019526408344520567,0,1,0.0,10,8.58003811939599,-4873.0,10.0,22508.386795520782,-391.6275405883789,389.8396282196045,-6.862602233886719,Live,0.0,0.0,0.0,0.019526408344520567,22900.01433610916,382.9770259857178,0.016723877127964613,0,0.0,0.0
2021-05-07,4.765999794006348,0.031825035138222324,40.56273651123047,0.03574780390289334,-0.003922768764671014,0.003922768764671014,0.016570955288019426,0.019761168176820085,0,1,0.0,10,9.559907766782462,-4873.0,10.0,23224.716996192932,-405.6273651123047,1106.1698288917542,-20.8624267578125,Live,0.0,0.0,0.0,0.019761168176820085,23630.344361305237,1085.3074021339417,0.04592854786793272,0,0.0,0.0
2021-05-08,4.765999794006348,0.0,40.56273651123047,0.0,0.0,0.0,0.01657534818800208,0.019581513616707527,1,0,-1.0,10,,-4873.0,10.0,23224.716996192932,-405.6273651123047,1106.1698288917542,-20.8624267578125,Closed,23224.716996192932,-405.6273651123047,1085.3074021339417,0.019581513616707527,23630.344361305237,1085.3074021339417,0.04592854786793272,0,1085.3074021339417,0.0
2021-05-09,4.765999794006348,0.0,40.56273651123047,0.0,0.0,0.0,0.01657534818800208,0.019581513616707527,1,0,0.0,10,,0.0,0.0,0.0,0.0,0.0,0.0,,0.0,0.0,0.0,0.019581513616707527,0.0,0.0,0.0,0,0.0,0.0
2021-05-10,4.733500003814697,-0.006819091816269385,41.1757926940918,0.01511377770805944,-0.021932869524328824,0.021932869524328824,0.01662878237594814,0.01963127915577509,0,1,1.0,10,19.279957810024687,193.0,-10.0,-913.5655007362366,411.75792694091797,0.0,0.0,Opened,-913.5655007362366,411.75792694091797,0.0,0.01963127915577509,1325.3234276771545,0.0,0.0,0,0.0,1325.3234276771545
2021-05-11,4.778500080108643,0.009506723620509083,41.1757926940918,0.0,0.009506723620509083,0.009506723620509083,0.01664881392051886,0.019638623360698187,1,0,-1.0,10,0.0,-193.0,10.0,922.250515460968,-411.75792694091797,8.685014724731445,0.0,Closed,922.250515460968,-411.75792694091797,8.685014724731445,0.019638623360698187,1334.008442401886,8.685014724731445,0.006510464588285552,0,8.685014724731445,0.0
2021-05-12,4.752500057220459,-0.005441042681240793,39.501312255859375,-0.04066662300037971,0.035225580319138916,0.035225580319138916,0.016499107795763256,0.01893877414860339,1,1,1.0,10,62.12199146106639,-622.0,10.0,2956.0550355911255,-395.01312255859375,0.0,0.0,Opened,2956.0550355911255,-395.01312255859375,0.0,0.01893877414860339,3351.0681581497192,0.0,0.0,0,0.0,3351.0681581497192
2021-05-13,4.70550012588501,-0.00988951725819387,38.339237213134766,-0.02941864399839611,0.01952912674020224,0.01952912674020224,0.016571731648015973,0.01932996007439894,1,1,0.0,10,24.2373557164125,622.0,-10.0,-2926.821078300476,383.39237213134766,29.233957290649414,-11.620750427246094,Live,0.0,0.0,0.0,0.01932996007439894,3310.2134504318237,17.61320686340332,0.0053208674084463175,0,0.0,0.0
2021-05-14,4.664000034332275,-0.008819485802251226,38.42158889770508,0.002147973996261543,-0.010967459798512769,0.010967459798512769,0.01629103425665629,0.019265859578084896,0,0,-1.0,10,2.0063307521437173,622.0,-10.0,-2901.0080213546753,384.2158889770508,55.047014236450195,-10.797233581542969,Closed,-2901.0080213546753,384.2158889770508,44.24978065490723,0.019265859578084896,3285.223910331726,44.24978065490723,0.013469334773726001,0,44.24978065490723,0.0
2021-05-15,4.664000034332275,0.0,38.42158889770508,0.0,0.0,0.0,0.01603369313864552,0.018379569566988496,1,0,0.0,10,,0.0,0.0,0.0,0.0,0.0,0.0,,0.0,0.0,0.0,0.018379569566988496,0.0,0.0,0.0,0,0.0,0.0
2021-05-16,4.664000034332275,0.0,38.42158889770508,0.0,0.0,0.0,0.01603369313864552,0.018379569566988496,1,0,0.0,10,,0.0,0.0,0.0,0.0,0.0,0.0,,0.0,0.0,0.0,0.018379569566988496,0.0,0.0,0.0,0,0.0,0.0
2021-05-17,4.721499919891357,0.012328448785552837,38.851654052734375,0.011193320405731289,0.0011351283798215484,0.0011351283798215484,0.01608430222690382,0.01840203178080132,1,0,0.0,10,7.471022192244228,0.0,0.0,0.0,0.0,0.0,0.0,,0.0,0.0,0.0,0.01840203178080132,0.0,0.0,0.0,0,0.0,0.0
2021-05-18,4.735499858856201,0.0029651465005564592,39.226810455322266,0.009656124346177908,-0.006690977845621449,0.006690977845621449,0.015994571737732933,0.018375852869110112,0,0,0.0,10,26.97577080281586,0.0,0.0,0.0,0.0,0.0,0.0,,0.0,0.0,0.0,0.018375852869110112,0.0,0.0,0.0,0,0.0,0.0
2021-05-19,4.5894999504089355,-0.03083093924587932,37.2320671081543,-0.050851530471484496,0.020020591225605178,0.020020591225605178,0.016515867528460713,0.019946151800968988,1,1,1.0,10,13.380398629212433,-134.0,10.0,614.9929933547974,-372.32067108154297,0.0,0.0,Opened,614.9929933547974,-372.32067108154297,0.0,0.019946151800968988,987.3136644363403,0.0,0.0,0,0.0,987.3136644363403
2021-05-20,4.581999778747559,-0.0016342023624400515,37.039913177490234,-0.005160979381184538,0.003526777018744487,0.003526777018744487,0.016525821744772264,0.019973776118894095,1,1,0.0,10,25.52943398584658,134.0,-10.0,-613.9879703521729,370.39913177490234,1.0050230026245117,-1.921539306640625,Live,0.0,0.0,0.0,0.019973776118894095,984.3871021270752,-0.9165163040161133,-0.0009310527352864479,0,0.0,0.0
2021-05-21,4.495999813079834,-0.018769089877876843,36.58240509033203,-0.012351759167627763,-0.006417330710249081,0.006417330710249081,0.01680281348531292,0.01984939739631397,0,0,-1.0,10,5.354655947054445,134.0,-10.0,-602.4639749526978,365.8240509033203,12.52901840209961,-6.496620178222656,Closed,-602.4639749526978,365.8240509033203,6.032398223876953,0.01984939739631397,968.2880258560181,6.032398223876953,0.006229962637970239,0,6.032398223876953,0.0
2021-05-22,4.495999813079834,0.0,36.58240509033203,0.0,0.0,0.0,0.01680281348531292,0.01984939739631397,1,0,0.0,10,,0.0,0.0,0.0,0.0,0.0,0.0,,0.0,0.0,0.0,0.01984939739631397,0.0,0.0,0.0,0,0.0,0.0
2021-05-23,4.495999813079834,0.0,36.58240509033203,0.0,0.0,0.0,0.01680281348531292,0.01984939739631397,1,0,0.0,10,,0.0,0.0,0.0,0.0,0.0,0.0,,0.0,0.0,0.0,0.01984939739631397,0.0,0.0,0.0,0,0.0,0.0
2021-05-24,4.541500091552734,0.01012016912023217,36.56410598754883,-0.0005002159573165299,0.0106203850775487,0.0106203850775487,0.016833502591486298,0.019850585948335272,1,0,0.0,10,0.3979471545498697,0.0,0.0,0.0,0.0,0.0,0.0,,0.0,0.0,0.0,0.019850585948335272,0.0,0.0,0.0,0,0.0,0.0
2021-05-25,4.521999835968018,-0.0042937917409684445,36.01509475708008,-0.015015032246534443,0.010721240505565999,0.010721240505565999,0.01614091270260954,0.019618304009335265,1,0,0.0,10,27.850905034128502,0.0,0.0,0.0,0.0,0.0,0.0,,0.0,0.0,0.0,0.019618304009335265,0.0,0.0,0.0,0,0.0,0.0
2021-05-26,4.5329999923706055,0.0024325866434342647,36.50004959106445,0.013465321617376569,-0.011032734973942304,0.011032734973942304,0.0161068753763629,0.01967896922617432,0,0,0.0,10,44.57138703520509,0.0,0.0,0.0,0.0,0.0,0.0,,0.0,0.0,0.0,0.01967896922617432,0.0,0.0,0.0,0,0.0,0.0
2021-05-27,4.666500091552734,0.029450716833624435,37.854278564453125,0.03710211324535284,-0.007651396411728406,0.007651396411728406,0.01637028658714116,0.02024122552270084,0,0,0.0,10,10.219425257354779,0.0,0.0,0.0,0.0,0.0,0.0,,0.0,0.0,0.0,0.02024122552270084,0.0,0.0,0.0,0,0.0,0.0
2021-05-28,4.682499885559082,0.003428649671583628,37.735328674316406,-0.0031423103186126733,0.006570959990196301,0.006570959990196301,0.01634094218842971,0.02017418757193221,1,0,0.0,10,7.385779207396863,0.0,0.0,0.0,0.0,0.0,0.0,,0.0,0.0,0.0,0.02017418757193221,0.0,0.0,0.0,0,0.0,0.0
2021-05-29,4.682499885559082,0.0,37.735328674316406,0.0,0.0,0.0,0.01618925978072702,0.020099474814985297,1,0,0.0,10,,0.0,0.0,0.0,0.0,0.0,0.0,,0.0,0.0,0.0,0.020099474814985297,0.0,0.0,0.0,0,0.0,0.0
2021-05-30,4.682499885559082,0.0,37.735328674316406,0.0,0.0,0.0,0.01618925978072702,0.020099474814985297,1,0,0.0,10,,0.0,0.0,0.0,0.0,0.0,0.0,,0.0,0.0,0.0,0.020099474814985297,0.0,0.0,0.0,0,0.0,0.0
2021-05-31,4.682499885559082,0.0,37.735328674316406,0.0,0.0,0.0,0.01618925978072702,0.020099474814985297,1,0,0.0,10,,0.0,0.0,0.0,0.0,0.0,0.0,,0.0,0.0,0.0,0.020099474814985297,0.0,0.0,0.0,0,0.0,0.0
2021-06-01,4.6620001792907715,-0.004377940580742368,38.366695404052734,0.01673144906688062,-0.02110938964762299,0.02110938964762299,0.016182578495548418,0.019374483899354814,0,1,1.0,10,31.451821423343667,315.0,-10.0,-1468.530056476593,383.66695404052734,0.0,0.0,Opened,-1468.530056476593,383.66695404052734,0.0,0.019374483899354814,1852.1970105171204,0.0,0.0,0,0.0,1852.1970105171204
2021-06-02,4.599999904632568,-0.013299071701802334,37.90003204345703,-0.012163240948460996,-0.001135830753341338,0.001135830753341338,0.016346716586836393,0.019344869017478065,0,1,0.0,10,7.535459446909406,-315.0,10.0,1448.999969959259,-379.0003204345703,-19.530086517333984,4.666633605957031,Live,0.0,0.0,0.0,0.019344869017478065,1828.0002903938293,-14.863452911376953,-0.008130990454150711,0,0.0,0.0
2021-06-03,4.471499919891357,-0.02793477987071291,36.88436508178711,-0.026798577914270205,-0.0011362019564427062,0.0011362019564427062,0.016614618965602006,0.01894234219549973,0,1,0.0,10,7.913262633671828,-315.0,10.0,1408.5224747657776,-368.8436508178711,-60.00758171081543,14.82330322265625,Live,0.0,0.0,0.0,0.01894234219549973,1777.3661255836487,-45.18427848815918,-0.025422043234520204,1,-45.18427848815918,0.0
2021-06-04,4.537499904632568,0.014760144453455526,37.52487564086914,0.017365367620176375,-0.002605223166720849,0.002605223166720849,0.01646828832135755,0.018324127344401038,0,1,0.0,10,9.729622861968766,-315.0,10.0,1429.312469959259,-375.2487564086914,-39.217586517333984,8.418197631835938,Live,0.0,0.0,0.0,0.018324127344401038,1804.5612263679504,-30.799388885498047,-0.017067522251649026,0,0.0,0.0
2021-06-05,4.537499904632568,0.0,37.52487564086914,0.0,0.0,0.0,0.016355151655486025,0.01832215371492631,1,0,-1.0,10,,-315.0,10.0,1429.312469959259,-375.2487564086914,-39.217586517333984,8.418197631835938,Closed,1429.312469959259,-375.2487564086914,-30.799388885498047,0.01832215371492631,1804.5612263679504,-30.799388885498047,-0.017067522251649026,0,0.0,0.0
2021-06-06,4.537499904632568,0.0,37.52487564086914,0.0,0.0,0.0,0.016355151655486025,0.01832215371492631,1,0,0.0,10,,0.0,0.0,0.0,0.0,0.0,0.0,,0.0,0.0,0.0,0.01832215371492631,0.0,0.0,0.0,0,0.0,0.0
2021-06-07,4.534999847412109,-0.0005509768094774659,36.68305969238281,-0.022433543992068206,0.02188256718259074,0.02188256718259074,0.01635655579094657,0.01861435084054214,1,1,1.0,10,329.34634155941734,-3294.0,10.0,14938.289497375488,-366.8305969238281,0.0,0.0,Opened,14938.289497375488,-366.8305969238281,0.0,0.01861435084054214,15305.120094299316,0.0,0.0,0,0.0,15305.120094299316
2021-06-08,4.563000202178955,0.006174279097897584,36.536659240722656,-0.003990955304378763,0.010165234402276346,0.010165234402276346,0.0162267074309724,0.018608789526867377,1,1,0.0,10,5.175698311877261,3294.0,-10.0,-15030.522665977478,365.36659240722656,-92.23316860198975,-1.4640045166015625,Live,0.0,0.0,0.0,0.018608789526867377,15395.889258384705,-93.69717311859131,-0.006085856526121945,0,0.0,0.0
2021-06-09,4.536499977111816,-0.005807631797711488,36.36280822753906,-0.004758262435494487,-0.0010493693622170008,0.0010493693622170008,0.016223776713424735,0.018091478963577056,0,0,-1.0,10,6.567284329388095,3294.0,-10.0,-14943.230924606323,363.6280822753906,-4.941427230834961,-3.2025146484375,Closed,-14943.230924606323,363.6280822753906,-8.143941879272461,0.018091478963577056,15306.859006881714,-8.143941879272461,-0.0005320452664789737,0,-8.143941879272461,0.0
2021-06-10,4.489999771118164,-0.01025023833974692,36.28960418701172,-0.0020131569616205214,-0.008237081378126399,0.008237081378126399,0.01619326951117941,0.01795540104394876,0,0,0.0,10,1.587375181820116,0.0,0.0,0.0,0.0,0.0,0.0,,0.0,0.0,0.0,0.01795540104394876,0.0,0.0,0.0,0,0.0,0.0
2021-06-11,4.541500091552734,0.011470005135823191,36.63731002807617,0.009581417291646854,0.001888587844176337,0.001888587844176337,0.01625561408728784,0.017815388004649015,1,0,0.0,10,6.738921461870862,0.0,0.0,0.0,0.0,0.0,0.0,,0.0,0.0,0.0,0.017815388004649015,0.0,0.0,0.0,0,0.0,0.0
2021-06-12,4.541500091552734,0.0,36.63731002807617,0.0,0.0,0.0,0.01614278164466796,0.01750433015070864,1,0,0.0,10,,0.0,0.0,0.0,0.0,0.0,0.0,,0.0,0.0,0.0,0.01750433015070864,0.0,0.0,0.0,0,0.0,0.0
2021-06-13,4.541500091552734,0.0,36.63731002807617,0.0,0.0,0.0,0.01614278164466796,0.01750433015070864,1,0,0.0,10,,0.0,0.0,0.0,0.0,0.0,0.0,,0.0,0.0,0.0,0.01750433015070864,0.0,0.0,0.0,0,0.0,0.0
2021-06-14,4.5320000648498535,-0.002091825720878182,36.15234375,-0.013236951012629672,0.01114512529175149,0.01114512529175149,0.016148190456375305,0.01761280685642114,1,0,0.0,10,50.47879896590842,0.0,0.0,0.0,0.0,0.0,0.0,,0.0,0.0,0.0,0.01761280685642114,0.0,0.0,0.0,0,0.0,0.0
2021-06-15,4.340000152587891,-0.042365381622809783,34.54191589355469,-0.04454560035116151,0.002180218728351724,0.002180218728351724,0.01692085295248027,0.017984456781582232,1,0,0.0,10,8.368553003562909,0.0,0.0,0.0,0.0,0.0,0.0,,0.0,0.0,0.0,0.017984456781582232,0.0,0.0,0.0,0,0.0,0.0
2021-06-16,4.392499923706055,0.012096721030495639,33.56285095214844,-0.02834425700135923,0.04044097803185487,0.04044097803185487,0.01405542046162023,0.018386576963535222,1,1,1.0,10,17.903770144394084,-180.0,10.0,790.6499862670898,-335.6285095214844,0.0,0.0,Opened,790.6499862670898,-335.6285095214844,0.0,0.018386576963535222,1126.2784957885742,0.0,0.0,0,0.0,1126.2784957885742
2021-06-17,4.184500217437744,-0.0473533773206799,31.93412208557129,-0.04852772694725116,0.0011743496265712583,0.0011743496265712583,0.014303263353308261,0.019518851210949525,1,1,0.0,10,7.820785537847436,180.0,-10.0,-753.210039138794,319.3412208557129,37.4399471282959,-16.287288665771484,Live,0.0,0.0,0.0,0.019518851210949525,1072.5512599945068,21.152658462524414,0.0197218158716561,0,0.0,0.0
2021-06-18,4.162499904632568,-0.005257572389050336,31.723661422729492,-0.006590463400805047,0.001332891011754711,0.001332891011754711,0.014265151991961865,0.01952524071791378,1,1,0.0,10,9.553439577060374,180.0,-10.0,-749.2499828338623,317.2366142272949,41.40000343322754,-18.391895294189453,Live,0.0,0.0,0.0,0.01952524071791378,1066.4865970611572,23.008108139038086,0.02157374335733794,0,0.0,0.0
2021-06-19,4.162499904632568,0.0,31.723661422729492,0.0,0.0,0.0,0.014264425557695347,0.019207980420412402,1,1,0.0,10,,180.0,-10.0,-749.2499828338623,317.2366142272949,41.40000343322754,-18.391895294189453,Live,0.0,0.0,0.0,0.019207980420412402,1066.4865970611572,23.008108139038086,0.02157374335733794,0,0.0,0.0
2021-06-20,4.162499904632568,0.0,31.723661422729492,0.0,0.0,0.0,0.014264425557695347,0.019207980420412402,1,1,0.0,10,,180.0,-10.0,-749.2499828338623,317.2366142272949,41.40000343322754,-18.391895294189453,Live,0.0,0.0,0.0,0.019207980420412402,1066.4865970611572,23.008108139038086,0.02157374335733794,0,0.0,0.0
2021-06-21,4.1875,0.006006029054705486,32.8948860168457,0.03691959066481054,-0.030913561610105056,0.030913561610105056,0.014301385449770056,0.019995695616434717,0,0,-1.0,10,48.28842209016502,180.0,-10.0,-753.75,328.94886016845703,36.899986267089844,-6.679649353027344,Closed,-753.75,328.94886016845703,30.2203369140625,0.019995695616434717,1082.698860168457,30.2203369140625,0.027912042790329085,0,30.2203369140625,0.0
2021-06-22,4.234499931335449,0.011223864199510158,33.35239791870117,0.013908298743493752,-0.0026844345439835937,0.0026844345439835937,0.014239884364877583,0.019999220465725123,0,0,0.0,10,9.760151086732368,0.0,0.0,0.0,0.0,0.0,0.0,,0.0,0.0,0.0,0.019999220465725123,0.0,0.0,0.0,0,0.0,0.0
2021-06-23,4.330999851226807,0.02278897661026158,33.99290466308594,0.019204218717528088,0.003584757892733492,0.003584757892733492,0.014641685012908287,0.02011462205794337,1,0,0.0,10,6.614117841013028,0.0,0.0,0.0,0.0,0.0,0.0,,0.0,0.0,0.0,0.02011462205794337,0.0,0.0,0.0,0,0.0,0.0
2021-06-24,4.311500072479248,-0.0045023734512562585,34.16675567626953,0.005114332385145692,-0.009616705836401951,0.009616705836401951,0.014649243277265217,0.01931687578957858,0,0,0.0,10,9.0016636062868,0.0,0.0,0.0,0.0,0.0,0.0,,0.0,0.0,0.0,0.01931687578957858,0.0,0.0,0.0,0,0.0,0.0
2021-06-25,4.298999786376953,-0.00289928931744321,34.53276824951172,0.01071253521142479,-0.013611824528868,0.013611824528868,0.014404450044133226,0.01919204315034633,0,0,0.0,10,29.680053374401144,0.0,0.0,0.0,0.0,0.0,0.0,,0.0,0.0,0.0,0.01919204315034633,0.0,0.0,0.0,0,0.0,0.0
2021-06-26,4.298999786376953,0.0,34.53276824951172,0.0,0.0,0.0,0.013589489165068287,0.018393808348466358,1,0,0.0,10,,0.0,0.0,0.0,0.0,0.0,0.0,,0.0,0.0,0.0,0.018393808348466358,0.0,0.0,0.0,0,0.0,0.0
2021-06-27,4.298999786376953,0.0,34.53276824951172,0.0,0.0,0.0,0.013589489165068287,0.018393808348466358,1,0,0.0,10,,0.0,0.0,0.0,0.0,0.0,0.0,,0.0,0.0,0.0,0.018393808348466358,0.0,0.0,0.0,0,0.0,0.0
2021-06-28,4.2779998779296875,-0.004884835889923056,34.066104888916016,-0.013513638907367453,0.008628803017444397,0.008628803017444397,0.013592605566289306,0.018447344436288343,1,0,0.0,10,22.02946974709877,0.0,0.0,0.0,0.0,0.0,0.0,,0.0,0.0,0.0,0.018447344436288343,0.0,0.0,0.0,0,0.0,0.0
2021-06-29,4.276500225067139,-0.0003505500012483953,33.88323211669922,-0.00536817381420962,0.005017623812961225,0.005017623812961225,0.013577221769306496,0.018256158913240318,1,0,0.0,10,121.33132154202478,0.0,0.0,0.0,0.0,0.0,0.0,,0.0,0.0,0.0,0.018256158913240318,0.0,0.0,0.0,0,0.0,0.0
2021-06-30,4.296500205993652,0.004676716911946377,34.14054870605469,0.007594216173629098,-0.002917499261682721,0.002917499261682721,0.013511161054311382,0.018319270095988018,0,0,0.0,10,12.90320309288417,0.0,0.0,0.0,0.0,0.0,0.0,,0.0,0.0,0.0,0.018319270095988018,0.0,0.0,0.0,0,0.0,0.0
2021-07-01,4.242000102996826,-0.012684766759884725,33.98431396484375,-0.004576222326011736,-0.008108544433872988,0.008108544433872988,0.013587065437344713,0.017521573828078767,0,0,0.0,10,2.890230382534569,0.0,0.0,0.0,0.0,0.0,0.0,,0.0,0.0,0.0,0.017521573828078767,0.0,0.0,0.0,0,0.0,0.0
2021-07-02,4.2820000648498535,0.009429505158373042,34.195682525634766,0.006219591809611735,0.0032099133487613063,0.0032099133487613063,0.01363790535328763,0.01713951427183909,1,0,0.0,10,5.267415622001206,0.0,0.0,0.0,0.0,0.0,0.0,,0.0,0.0,0.0,0.01713951427183909,0.0,0.0,0.0,0,0.0,0.0
2021-07-03,4.2820000648498535,0.0,34.195682525634766,0.0,0.0,0.0,0.013602147844465909,0.017131238911885487,1,0,0.0,10,,0.0,0.0,0.0,0.0,0.0,0.0,,0.0,0.0,0.0,0.017131238911885487,0.0,0.0,0.0,0,0.0,0.0
2021-07-04,4.2820000648498535,0.0,34.195682525634766,0.0,0.0,0.0,0.013602147844465909,0.017131238911885487,1,0,0.0,10,,0.0,0.0,0.0,0.0,0.0,0.0,,0.0,0.0,0.0,0.017131238911885487,0.0,0.0,0.0,0,0.0,0.0
2021-07-05,4.2820000648498535,0.0,34.195682525634766,0.0,0.0,0.0,0.013602147844465909,0.017131238911885487,1,0,0.0,10,,0.0,0.0,0.0,0.0,0.0,0.0,,0.0,0.0,0.0,0.017131238911885487,0.0,0.0,0.0,0,0.0,0.0
2021-07-06,4.257999897003174,-0.005604896656516312,33.295074462890625,-0.026336893906679593,0.02073199725016328,0.02073199725016328,0.013462680069649362,0.017353971068223364,1,1,1.0,10,36.742718773563766,-368.0,10.0,1566.943962097168,-332.95074462890625,0.0,0.0,Opened,1566.943962097168,-332.95074462890625,0.0,0.017353971068223364,1899.8947067260742,0.0,0.0,0,0.0,1899.8947067260742
2021-07-07,4.328999996185303,0.016674518764572932,34.00270080566406,0.021253183967560485,-0.004578665202987553,0.004578665202987553,0.013702798837793817,0.017601396355110422,0,0,-1.0,10,10.011439363705612,368.0,-10.0,-1593.0719985961914,340.0270080566406,-26.128036499023438,7.076263427734375,Closed,-1593.0719985961914,340.0270080566406,-19.051773071289062,0.017601396355110422,1933.099006652832,-19.051773071289062,-0.0098555599096175,0,-19.051773071289062,0.0
2021-07-08,4.271500110626221,-0.013282486858339215,33.24913024902344,-0.022162079446203853,0.008879592587864638,0.008879592587864638,0.013155241831869738,0.016428226335034064,1,0,0.0,10,12.987662062385638,0.0,0.0,0.0,0.0,0.0,0.0,,0.0,0.0,0.0,0.016428226335034064,0.0,0.0,0.0,0,0.0,0.0
2021-07-09,4.352499961853027,0.01896285827672184,34.55409622192383,0.03924812357877294,-0.020285265302051103,0.020285265302051103,0.013464976876240228,0.017430744470936045,0,1,1.0,10,16.43144893037839,165.0,-10.0,-718.1624937057495,345.5409622192383,0.0,0.0,Opened,-718.1624937057495,345.5409622192383,0.0,0.017430744470936045,1063.7034559249878,0.0,0.0,0,0.0,1063.7034559249878
2021-07-10,4.352499961853027,0.0,34.55409622192383,0.0,0.0,0.0,0.013217053640504637,0.017357408480392304,1,0,-1.0,10,,-165.0,10.0,718.1624937057495,-345.5409622192383,0.0,0.0,Closed,718.1624937057495,-345.5409622192383,0.0,0.017357408480392304,1063.7034559249878,0.0,0.0,0,0.0,0.0
2021-07-11,4.352499961853027,0.0,34.55409622192383,0.0,0.0,0.0,0.013217053640504637,0.017357408480392304,1,0,0.0,10,,0.0,0.0,0.0,0.0,0.0,0.0,,0.0,0.0,0.0,0.017357408480392304,0.0,0.0,0.0,0,0.0,0.0
2021-07-12,4.322999954223633,-0.006777715769774595,34.55409622192383,0.0,-0.006777715769774595,0.006777715769774595,0.013245897664338346,0.017357408480392304,0,0,0.0,10,0.0,0.0,0.0,0.0,0.0,0.0,0.0,,0.0,0.0,0.0,0.017357408480392304,0.0,0.0,0.0,0,0.0,0.0
2021-07-13,4.314499855041504,-0.00196625012078111,34.04865264892578,-0.014627602173468368,0.012661352052687258,0.012661352052687258,0.013154422839315802,0.017463898243583992,1,0,0.0,10,58.70888742379701,0.0,0.0,0.0,0.0,0.0,0.0,,0.0,0.0,0.0,0.017463898243583992,0.0,0.0,0.0,0,0.0,0.0
2021-07-14,4.2769999504089355,-0.008691599465173172,33.56158447265625,-0.01430506461714276,0.005613465151969588,0.005613465151969588,0.013191960087983906,0.017452783332194615,1,0,0.0,10,12.914967874462363,0.0,0.0,0.0,0.0,0.0,0.0,,0.0,0.0,0.0,0.017452783332194615,0.0,0.0,0.0,0,0.0,0.0
2021-07-15,4.333000183105469,0.013093344247333771,33.71781539916992,0.004655052166591123,0.008438292080742649,0.008438292080742649,0.013334402713552672,0.017345220897852145,1,0,0.0,10,2.766589262638242,0.0,0.0,0.0,0.0,0.0,0.0,,0.0,0.0,0.0,0.017345220897852145,0.0,0.0,0.0,0,0.0,0.0
2021-07-16,4.332499980926514,-0.00011544014719999662,32.3485107421875,-0.04061071693915652,0.040495276791956525,0.040495276791956525,0.012600261993922864,0.017303170569258283,1,1,1.0,10,2626.6336677928634,-26267.0,10.0,113801.77699899673,-323.485107421875,0.0,0.0,Opened,113801.77699899673,-323.485107421875,0.0,0.017303170569258283,114125.26210641861,0.0,0.0,0,0.0,114125.26210641861
2021-07-17,4.332499980926514,0.0,32.3485107421875,0.0,0.0,0.0,0.012582735516176823,0.017308314669956186,1,1,0.0,10,,26267.0,-10.0,-113801.77699899673,323.485107421875,0.0,0.0,Live,0.0,0.0,0.0,0.017308314669956186,114125.26210641861,0.0,0.0,0,0.0,0.0
2021-07-18,4.332499980926514,0.0,32.3485107421875,0.0,0.0,0.0,0.012582735516176823,0.017308314669956186,1,1,0.0,10,,26267.0,-10.0,-113801.77699899673,323.485107421875,0.0,0.0,Live,0.0,0.0,0.0,0.017308314669956186,114125.26210641861,0.0,0.0,0,0.0,0.0
2021-07-19,4.2104997634887695,-0.028159311707983914,30.979217529296875,-0.042329405016622745,0.014170093308638831,0.014170093308638831,0.013133552325184423,0.01817566170145492,1,1,0.0,10,11.06004580810164,26267.0,-10.0,-110597.19728755951,309.79217529296875,3204.5797114372253,-13.69293212890625,Live,0.0,0.0,0.0,0.01817566170145492,110906.98946285248,3190.886779308319,0.028770835767542715,0,0.0,0.0
2021-07-20,4.273499965667725,0.014962642374489521,31.32843589782715,0.011272665883184985,0.0036899764913045363,0.0036899764913045363,0.01334960161704902,0.01829297188411322,1,1,0.0,10,5.522978429570915,26267.0,-10.0,-112252.02359819412,313.2843589782715,1549.7534008026123,-10.200748443603516,Live,0.0,0.0,0.0,0.01829297188411322,112565.3079571724,1539.5526523590088,0.013676972775171199,0,0.0,0.0
2021-07-21,4.28249979019165,0.002105961061478423,32.63340377807617,0.04165442170509159,-0.03954846064361317,0.03954846064361317,0.013354922890548142,0.0191751541557542,0,0,-1.0,10,150.7217044477696,26267.0,-10.0,-112488.42198896408,326.3340377807617,1313.3550100326538,2.8489303588867188,Closed,-112488.42198896408,326.3340377807617,1316.2039403915405,0.0191751541557542,112814.75602674484,1316.2039403915405,0.011666948427203174,0,1316.2039403915405,0.0
2021-07-22,4.3480000495910645,0.015294865757946141,32.84477233886719,0.006477061425416375,0.008817804332529766,0.008817804332529766,0.013455916875806771,0.019175572704067737,1,0,0.0,10,3.198961856571985,0.0,0.0,0.0,0.0,0.0,0.0,,0.0,0.0,0.0,0.019175572704067737,0.0,0.0,0.0,0,0.0,0.0
2021-07-23,4.406499862670898,0.013454418678154223,33.148033142089844,0.009233152846786163,0.0042212658313680596,0.0042212658313680596,0.013033870947386816,0.018926020779522296,1,0,0.0,10,5.162369549564852,0.0,0.0,0.0,0.0,0.0,0.0,,0.0,0.0,0.0,0.018926020779522296,0.0,0.0,0.0,0,0.0,0.0
2021-07-24,4.406499862670898,0.0,33.148033142089844,0.0,0.0,0.0,0.012853837421468043,0.018722440156214826,1,0,0.0,10,,0.0,0.0,0.0,0.0,0.0,0.0,,0.0,0.0,0.0,0.018722440156214826,0.0,0.0,0.0,0,0.0,0.0
2021-07-25,4.406499862670898,0.0,33.148033142089844,0.0,0.0,0.0,0.012853837421468043,0.018722440156214826,1,0,0.0,10,,0.0,0.0,0.0,0.0,0.0,0.0,,0.0,0.0,0.0,0.018722440156214826,0.0,0.0,0.0,0,0.0,0.0
2021-07-26,4.589000225067139,0.04141617339927062,34.06703186035156,0.02772407986689318,0.013692093532377436,0.013692093532377436,0.014155511288229037,0.01919661349766631,1,0,0.0,10,4.969393512745308,0.0,0.0,0.0,0.0,0.0,0.0,,0.0,0.0,0.0,0.01919661349766631,0.0,0.0,0.0,0,0.0,0.0
2021-07-27,4.546000003814697,-0.009370280920352858,33.99351119995117,-0.0021581175812958042,-0.007212163339057054,0.007212163339057054,0.014221438622719044,0.018963511274416502,0,0,0.0,10,1.7222218113731147,0.0,0.0,0.0,0.0,0.0,0.0,,0.0,0.0,0.0,0.018963511274416502,0.0,0.0,0.0,0,0.0,0.0
2021-07-28,4.479000091552734,-0.014738212099811077,34.34272384643555,0.010272920747441905,-0.02501113284725298,0.02501113284725298,0.014347555951694858,0.019030058857014066,0,1,1.0,10,5.344447334584106,54.0,-10.0,-241.86600494384766,343.42723846435547,0.0,0.0,Opened,-241.86600494384766,343.42723846435547,0.0,0.019030058857014066,585.2932434082031,0.0,0.0,0,0.0,585.2932434082031
2021-07-29,4.519999980926514,0.00915380409370914,35.34442901611328,0.029167901013236186,-0.020014096919527047,0.020014096919527047,0.014385671740132524,0.019494629311004496,0,1,0.0,10,24.916446282150915,-54.0,10.0,244.07999897003174,-353.4442901611328,2.213994026184082,-10.017051696777344,Live,0.0,0.0,0.0,0.019494629311004496,597.5242891311646,-7.803057670593262,-0.013058979881703832,0,0.0,0.0
2021-07-30,4.480500221252441,-0.008738884920520662,34.78384017944336,-0.015860741063728923,0.0071218561432082605,0.0071218561432082605,0.01436520495340183,0.019616278438360515,1,0,-1.0,10,14.090242857591932,-54.0,10.0,241.94701194763184,-347.8384017944336,0.08100700378417969,-4.411163330078125,Closed,241.94701194763184,-347.8384017944336,-4.330156326293945,0.019616278438360515,589.7854137420654,-4.330156326293945,-0.0073419183068974304,0,-4.330156326293945,0.0
2021-07-31,4.480500221252441,0.0,34.78384017944336,0.0,0.0,0.0,0.014270541520399265,0.019560935226114483,1,0,0.0,10,,0.0,0.0,0.0,0.0,0.0,0.0,,0.0,0.0,0.0,0.019560935226114483,0.0,0.0,0.0,0,0.0,0.0
2021-08-01,4.480500221252441,0.0,34.78384017944336,0.0,0.0,0.0,0.014270541520399265,0.019560935226114483,1,0,0.0,10,,0.0,0.0,0.0,0.0,0.0,0.0,,0.0,0.0,0.0,0.019560935226114483,0.0,0.0,0.0,0,0.0,0.0
2021-08-02,4.432000160217285,-0.010824697832868102,34.84817123413086,0.001849452342111313,-0.012674150174979415,0.012674150174979415,0.014349800488593663,0.019564322226090208,0,0,0.0,10,1.343406939126509,0.0,0.0,0.0,0.0,0.0,0.0,,0.0,0.0,0.0,0.019564322226090208,0.0,0.0,0.0,0,0.0,0.0
2021-08-03,4.382999897003174,-0.011056015668489683,34.77465057373047,-0.0021097422847941028,-0.00894627338369558,0.00894627338369558,0.014427331806689887,0.019483224944553203,0,0,0.0,10,1.5139867563513774,0.0,0.0,0.0,0.0,0.0,0.0,,0.0,0.0,0.0,0.019483224944553203,0.0,0.0,0.0,0,0.0,0.0
2021-08-04,4.329999923706055,-0.012092168501613987,34.25082778930664,-0.015063351486830912,0.0029711829852169247,0.0029711829852169247,0.013222246424384935,0.018549541372803773,1,0,0.0,10,9.85372875310189,0.0,0.0,0.0,0.0,0.0,0.0,,0.0,0.0,0.0,0.018549541372803773,0.0,0.0,0.0,0,0.0,0.0
2021-08-05,4.3454999923706055,0.0035796925953024417,34.18649673461914,-0.00187823357389294,0.005457926169195382,0.005457926169195382,0.013118201106385292,0.01809629244771647,1,0,0.0,10,4.1278006131980165,0.0,0.0,0.0,0.0,0.0,0.0,,0.0,0.0,0.0,0.01809629244771647,0.0,0.0,0.0,0,0.0,0.0
2021-08-06,4.3454999923706055,0.0,34.21406555175781,0.0008064241666141392,-0.0008064241666141392,0.0008064241666141392,0.011209914811526634,0.016654426780599266,0,0,0.0,10,inf,0.0,0.0,0.0,0.0,0.0,0.0,,0.0,0.0,0.0,0.016654426780599266,0.0,0.0,0.0,0,0.0,0.0
2021-08-07,4.3454999923706055,0.0,34.21406555175781,0.0,0.0,0.0,0.011176384153367573,0.01661499341987154,1,0,0.0,10,,0.0,0.0,0.0,0.0,0.0,0.0,,0.0,0.0,0.0,0.01661499341987154,0.0,0.0,0.0,0,0.0,0.0
2021-08-08,4.3454999923706055,0.0,34.21406555175781,0.0,0.0,0.0,0.011176384153367573,0.01661499341987154,1,0,0.0,10,,0.0,0.0,0.0,0.0,0.0,0.0,,0.0,0.0,0.0,0.01661499341987154,0.0,0.0,0.0,0,0.0,0.0
2021-08-09,4.2870001792907715,-0.01346215928720329,33.87404251098633,-0.009938106895163057,-0.0035240523920402334,0.0035240523920402334,0.011359691628078511,0.016694361682970612,0,0,0.0,10,5.8331408784698695,0.0,0.0,0.0,0.0,0.0,0.0,,0.0,0.0,0.0,0.016694361682970612,0.0,0.0,0.0,0,0.0,0.0
2021-08-10,4.351500034332275,0.01504545191135831,34.46220016479492,0.017363078339936555,-0.0023176264285782455,0.0023176264285782455,0.011517467618811365,0.016063540384146677,0,0,0.0,10,9.13956439500878,0.0,0.0,0.0,0.0,0.0,0.0,,0.0,0.0,0.0,0.016063540384146677,0.0,0.0,0.0,0,0.0,0.0
2021-08-11,4.363999843597412,0.00287252882144462,35.105491638183594,0.018666581655045755,-0.015794052833601135,0.015794052833601135,0.01142388234830763,0.016155058412596762,0,0,0.0,10,52.274601734647646,0.0,0.0,0.0,0.0,0.0,0.0,,0.0,0.0,0.0,0.016155058412596762,0.0,0.0,0.0,0,0.0,0.0
2021-08-12,4.355999946594238,-0.0018331570325124114,34.78384017944336,-0.009162425698387877,0.007329268665875466,0.007329268665875466,0.010972557037676448,0.016005597814739186,1,0,0.0,10,39.91172125170035,0.0,0.0,0.0,0.0,0.0,0.0,,0.0,0.0,0.0,0.016005597814739186,0.0,0.0,0.0,0,0.0,0.0
2021-08-13,4.38700008392334,0.007116652366660148,35.26171875,0.013738522488930371,-0.006621870122270224,0.006621870122270224,0.010994517342488798,0.016101577980363522,0,0,0.0,10,15.516726720456074,0.0,0.0,0.0,0.0,0.0,0.0,,0.0,0.0,0.0,0.016101577980363522,0.0,0.0,0.0,0,0.0,0.0
2021-08-14,4.38700008392334,0.0,35.26171875,0.0,0.0,0.0,0.010984369418949798,0.01603756438874255,1,0,0.0,10,,0.0,0.0,0.0,0.0,0.0,0.0,,0.0,0.0,0.0,0.01603756438874255,0.0,0.0,0.0,0,0.0,0.0
2021-08-15,4.38700008392334,0.0,35.26171875,0.0,0.0,0.0,0.010984369418949798,0.01603756438874255,1,0,0.0,10,,0.0,0.0,0.0,0.0,0.0,0.0,,0.0,0.0,0.0,0.01603756438874255,0.0,0.0,0.0,0,0.0,0.0
2021-08-16,4.322000026702881,-0.014816516064966367,34.26920700073242,-0.028147004299601153,0.013330488234634785,0.013330488234634785,0.011194982365755609,0.016543078100846494,1,0,0.0,10,15.062788316836937,0.0,0.0,0.0,0.0,0.0,0.0,,0.0,0.0,0.0,0.016543078100846494,0.0,0.0,0.0,0,0.0,0.0
2021-08-17,4.199999809265137,-0.028227722509019615,32.75287628173828,-0.04424761620430062,0.016019893695281007,0.016019893695281007,0.011876002112654192,0.017592420993700664,1,0,0.0,10,12.224024539574874,0.0,0.0,0.0,0.0,0.0,0.0,,0.0,0.0,0.0,0.017592420993700664,0.0,0.0,0.0,0,0.0,0.0
2021-08-18,4.116000175476074,-0.019999913715176953,32.10956954956055,-0.01964122865558582,-0.00035868505959113506,0.00035868505959113506,0.012198469601462094,0.0177855519256089,0,0,0.0,10,7.661249897330767,0.0,0.0,0.0,0.0,0.0,0.0,,0.0,0.0,0.0,0.0177855519256089,0.0,0.0,0.0,0,0.0,0.0
2021-08-19,4.03849983215332,-0.018829042764506143,30.538103103637695,-0.048940750933995636,0.030111708169489493,0.030111708169489493,0.012437932661612782,0.0189895988198462,1,1,1.0,10,19.654607472672296,-197.0,10.0,795.5844669342041,-305.38103103637695,0.0,0.0,Opened,795.5844669342041,-305.38103103637695,0.0,0.0189895988198462,1100.965497970581,0.0,0.0,0,0.0,1100.965497970581
2021-08-20,4.134500026702881,0.023771251340717114,30.528907775878906,-0.000301109984715886,0.024072361325433,0.024072361325433,0.012811610791778234,0.018987615946434822,1,1,0.0,10,0.09353224976337232,197.0,-10.0,-814.4965052604675,305.28907775878906,-18.912038326263428,-0.09195327758789062,Live,0.0,0.0,0.0,0.018987615946434822,1119.7855830192566,-19.00399160385132,-0.0169710986567725,0,0.0,0.0
2021-08-21,4.134500026702881,0.0,30.528907775878906,0.0,0.0,0.0,0.012732627456424835,0.018953248813890114,1,1,0.0,10,,197.0,-10.0,-814.4965052604675,305.28907775878906,-18.912038326263428,-0.09195327758789062,Live,0.0,0.0,0.0,0.018953248813890114,1119.7855830192566,-19.00399160385132,-0.0169710986567725,0,0.0,0.0
2021-08-22,4.134500026702881,0.0,30.528907775878906,0.0,0.0,0.0,0.012732627456424835,0.018953248813890114,1,1,0.0,10,,197.0,-10.0,-814.4965052604675,305.28907775878906,-18.912038326263428,-0.09195327758789062,Live,0.0,0.0,0.0,0.018953248813890114,1119.7855830192566,-19.00399160385132,-0.0169710986567725,0,0.0,0.0
2021-08-23,4.234499931335449,0.024186698267435913,31.778738021850586,0.04093923880759265,-0.016752540540156735,0.016752540540156735,0.013207324712820184,0.01990568630712516,0,0,-1.0,10,12.702748315421745,197.0,-10.0,-834.1964864730835,317.78738021850586,-38.612019538879395,12.406349182128906,Closed,-834.1964864730835,317.78738021850586,-26.20567035675049,0.01990568630712516,1151.9838666915894,-26.20567035675049,-0.02274829632120734,1,-26.20567035675049,0.0
2021-08-24,4.255000114440918,0.004841228819905341,32.54150390625,0.024002396944615922,-0.01916116812471058,0.01916116812471058,0.013226088900838918,0.0202238181779681,0,0,0.0,10,37.91726882351387,0.0,0.0,0.0,0.0,0.0,0.0,,0.0,0.0,0.0,0.0202238181779681,0.0,0.0,0.0,0,0.0,0.0
2021-08-25,4.264999866485596,0.0023501179261404825,32.688541412353516,0.00451846068722328,-0.0021683427610827977,0.0021683427610827977,0.013205625116334784,0.019896481153224354,0,0,0.0,10,14.735924014032614,0.0,0.0,0.0,0.0,0.0,0.0,,0.0,0.0,0.0,0.019896481153224354,0.0,0.0,0.0,0,0.0,0.0
2021-08-26,4.245999813079834,-0.004454877843036775,32.3485107421875,-0.01040213651250621,0.005947258669469435,0.005947258669469435,0.013001493325811377,0.019703492267798255,1,0,0.0,10,17.789390556195297,0.0,0.0,0.0,0.0,0.0,0.0,,0.0,0.0,0.0,0.019703492267798255,0.0,0.0,0.0,0,0.0,0.0
2021-08-27,4.316500186920166,0.016603951235031778,33.69942855834961,0.041761360420228044,-0.025157409185196267,0.025157409185196267,0.013079436034340372,0.020352664271060535,0,1,1.0,10,19.636042398237272,197.0,-10.0,-850.3505368232727,336.9942855834961,0.0,0.0,Opened,-850.3505368232727,336.9942855834961,0.0,0.020352664271060535,1187.3448224067688,0.0,0.0,0,0.0,1187.3448224067688
2021-08-28,4.316500186920166,0.0,33.69942855834961,0.0,0.0,0.0,0.012798953213205795,0.019568397138154687,1,0,-1.0,10,,-197.0,10.0,850.3505368232727,-336.9942855834961,0.0,0.0,Closed,850.3505368232727,-336.9942855834961,0.0,0.019568397138154687,1187.3448224067688,0.0,0.0,0,0.0,0.0
2021-08-29,4.316500186920166,0.0,33.69942855834961,0.0,0.0,0.0,0.012798953213205795,0.019568397138154687,1,0,0.0,10,,0.0,0.0,0.0,0.0,0.0,0.0,,0.0,0.0,0.0,0.019568397138154687,0.0,0.0,0.0,0,0.0,0.0
2021-08-30,4.361000061035156,0.010309248740410837,33.956756591796875,0.007635976170981884,0.0026732725694289527,0.0026732725694289527,0.012883130315855203,0.019600655583848697,1,0,0.0,10,5.7673678864815185,0.0,0.0,0.0,0.0,0.0,0.0,,0.0,0.0,0.0,0.019600655583848697,0.0,0.0,0.0,0,0.0,0.0
2021-08-31,4.360000133514404,-0.00022928858215021108,33.92918014526367,-0.0008121048445440815,0.0005828162623938704,0.0005828162623938704,0.012844805276434588,0.019600857028853783,1,0,0.0,10,27.562368545484826,0.0,0.0,0.0,0.0,0.0,0.0,,0.0,0.0,0.0,0.019600857028853783,0.0,0.0,0.0,0,0.0,0.0
2021-09-01,4.263000011444092,-0.02224773373851363,33.708621978759766,-0.00650054512250553,-0.0157471886160081,0.0157471886160081,0.013230695740492166,0.01951206598562714,0,0,0.0,10,2.3104132361547984,0.0,0.0,0.0,0.0,0.0,0.0,,0.0,0.0,0.0,0.01951206598562714,0.0,0.0,0.0,0,0.0,0.0
2021-09-02,4.289999961853027,0.006333556260017303,34.11298370361328,0.011995795173955992,-0.005662238913938689,0.005662238913938689,0.013203442870794658,0.019473398524739522,0,0,0.0,10,15.06065386753832,0.0,0.0,0.0,0.0,0.0,0.0,,0.0,0.0,0.0,0.019473398524739522,0.0,0.0,0.0,0,0.0,0.0
2021-09-03,4.325500011444092,0.00827506990832938,34.673561096191406,0.016432962811129048,-0.008157892902799668,0.008157892902799668,0.013124363757896744,0.01959538280972044,0,0,0.0,10,15.918653552042043,0.0,0.0,0.0,0.0,0.0,0.0,,0.0,0.0,0.0,0.01959538280972044,0.0,0.0,0.0,0,0.0,0.0
2021-09-04,4.325500011444092,0.0,34.673561096191406,0.0,0.0,0.0,0.013124344293477835,0.018665688792659188,1,0,0.0,10,,0.0,0.0,0.0,0.0,0.0,0.0,,0.0,0.0,0.0,0.018665688792659188,0.0,0.0,0.0,0,0.0,0.0
2021-09-05,4.325500011444092,0.0,34.673561096191406,0.0,0.0,0.0,0.013124344293477835,0.018665688792659188,1,0,0.0,10,,0.0,0.0,0.0,0.0,0.0,0.0,,0.0,0.0,0.0,0.018665688792659188,0.0,0.0,0.0,0,0.0,0.0
2021-09-06,4.325500011444092,0.0,34.673561096191406,0.0,0.0,0.0,0.013124344293477835,0.018665688792659188,1,0,0.0,10,,0.0,0.0,0.0,0.0,0.0,0.0,,0.0,0.0,0.0,0.018665688792659188,0.0,0.0,0.0,0,0.0,0.0
2021-09-07,4.277500152587891,-0.011096950347753265,34.3519172668457,-0.009276342526612691,-0.001820607821140574,0.001820607821140574,0.012586659035083885,0.01763649919728446,0,0,0.0,10,6.71326948554204,0.0,0.0,0.0,0.0,0.0,0.0,,0.0,0.0,0.0,0.01763649919728446,0.0,0.0,0.0,0,0.0,0.0
2021-09-08,4.23199987411499,-0.010637119076517765,33.24913024902344,-0.03210263372654909,0.021465514650031325,0.021465514650031325,0.012502296293635423,0.018238694939661487,1,1,1.0,10,23.71107727668879,-238.0,10.0,1007.2159700393677,-332.4913024902344,0.0,0.0,Opened,1007.2159700393677,-332.4913024902344,0.0,0.018238694939661487,1339.707272529602,0.0,0.0,0,0.0,1339.707272529602
2021-09-09,4.2835001945495605,0.01216926322459777,33.56158447265625,0.009397365323322804,0.0027718979012749667,0.0027718979012749667,0.012619297169289237,0.01733205591090055,1,1,0.0,10,6.050419546333055,238.0,-10.0,-1019.4730463027954,335.6158447265625,-12.257076263427734,3.124542236328125,Live,0.0,0.0,0.0,0.01733205591090055,1355.088891029358,-9.13253402709961,-0.0067394353887458396,0,0.0,0.0
2021-09-10,4.447999954223633,0.03840311712449229,34.195682525634766,0.018893567241890397,0.019509549882601895,0.019509549882601895,0.013574785691281241,0.017504481759725295,1,1,0.0,10,3.782282724175982,238.0,-10.0,-1058.6239891052246,341.95682525634766,-51.408019065856934,9.465522766113281,Live,0.0,0.0,0.0,0.017504481759725295,1400.5808143615723,-41.94249629974365,-0.029946502100889002,1,-41.94249629974365,0.0
2021-09-11,4.447999954223633,0.0,34.195682525634766,0.0,0.0,0.0,0.013446399192309607,0.0174640481579646,1,1,0.0,10,,238.0,-10.0,-1058.6239891052246,341.95682525634766,-51.408019065856934,9.465522766113281,Live,0.0,0.0,0.0,0.0174640481579646,1400.5808143615723,-41.94249629974365,-0.029946502100889002,1,0.0,0.0
2021-09-12,4.447999954223633,0.0,34.195682525634766,0.0,0.0,0.0,0.013446399192309607,0.0174640481579646,1,1,0.0,10,,238.0,-10.0,-1058.6239891052246,341.95682525634766,-51.408019065856934,9.465522766113281,Live,0.0,0.0,0.0,0.0174640481579646,1400.5808143615723,-41.94249629974365,-0.029946502100889002,1,0.0,0.0
2021-09-13,4.363500118255615,-0.01899726547608893,34.53571319580078,0.009943672564836525,-0.028940938040925457,0.028940938040925457,0.013719955009262758,0.017511624409195025,0,0,-1.0,10,4.142754141613109,238.0,-10.0,-1038.5130281448364,345.3571319580078,-31.29705810546875,12.865829467773438,Closed,-1038.5130281448364,345.3571319580078,-18.431228637695312,0.017511624409195025,1383.8701601028442,-18.431228637695312,-0.013318611217345398,0,0.0,0.0
2021-09-14,4.317999839782715,-0.010427472725975329,34.085411071777344,-0.013038738232230562,0.0026112655062552337,0.0026112655062552337,0.012414988422601584,0.01718657191764068,1,0,0.0,10,9.870574208787259,0.0,0.0,0.0,0.0,0.0,0.0,,0.0,0.0,0.0,0.01718657191764068,0.0,0.0,0.0,0,0.0,0.0
2021-09-15,4.403500080108643,0.019800890110785785,34.793033599853516,0.02076027560841376,-0.0009593854976279736,0.0009593854976279736,0.012702489162936747,0.017427521095972207,0,0,0.0,10,8.284049573297832,0.0,0.0,0.0,0.0,0.0,0.0,,0.0,0.0,0.0,0.017427521095972207,0.0,0.0,0.0,0,0.0,0.0
2021-09-16,4.278500080108643,-0.02838651021369254,33.350215911865234,-0.04146857973299445,0.013082069519301909,0.013082069519301909,0.013152117991507969,0.01835386801717635,1,0,0.0,10,11.387129571104929,0.0,0.0,0.0,0.0,0.0,0.0,,0.0,0.0,0.0,0.01835386801717635,0.0,0.0,0.0,0,0.0,0.0
2021-09-17,4.245500087738037,-0.007712981594654389,32.284183502197266,-0.03196478285133675,0.02425180125668236,0.02425180125668236,0.013107025032833142,0.018378780760872446,1,1,1.0,10,31.514499657719227,-316.0,10.0,1341.5780277252197,-322.84183502197266,0.0,0.0,Opened,1341.5780277252197,-322.84183502197266,0.0,0.018378780760872446,1664.4198627471924,0.0,0.0,0,0.0,1664.4198627471924
2021-09-18,4.245500087738037,0.0,32.284183502197266,0.0,0.0,0.0,0.0130622011374371,0.018264901223623863,1,1,0.0,10,,316.0,-10.0,-1341.5780277252197,322.84183502197266,0.0,0.0,Live,0.0,0.0,0.0,0.018264901223623863,1664.4198627471924,0.0,0.0,0,0.0,0.0
2021-09-19,4.245500087738037,0.0,32.284183502197266,0.0,0.0,0.0,0.0130622011374371,0.018264901223623863,1,1,0.0,10,,316.0,-10.0,-1341.5780277252197,322.84183502197266,0.0,0.0,Live,0.0,0.0,0.0,0.018264901223623863,1664.4198627471924,0.0,0.0,0,0.0,0.0
2021-09-20,4.117000102996826,-0.030267337671797012,30.740278244018555,-0.047822341800084045,0.017555004128287033,0.017555004128287033,0.01370094939204286,0.019410261732502473,1,1,0.0,10,11.797324722112696,316.0,-10.0,-1300.972032546997,307.40278244018555,40.605995178222656,-15.43905258178711,Live,0.0,0.0,0.0,0.019410261732502473,1608.3748149871826,25.166942596435547,0.015647436382318698,0,0.0,0.0
2021-09-21,4.127999782562256,0.002671770534429463,30.777040481567383,0.0011958980090227556,0.0014758725254067073,0.0014758725254067073,0.01364832523258668,0.019407642492422824,1,1,0.0,10,3.3371995546253785,316.0,-10.0,-1304.4479312896729,307.7704048156738,37.130096435546875,-15.071430206298828,Live,0.0,0.0,0.0,0.019407642492422824,1612.2183361053467,22.058666229248047,0.013682182949572082,0,0.0,0.0
2021-09-22,4.252500057220459,0.030159951844989097,31.5398006439209,0.024783414857914687,0.0053765369870744095,0.0053765369870744095,0.014278938479873724,0.019781939602280176,1,1,0.0,10,6.094598757037309,316.0,-10.0,-1343.790018081665,315.398006439209,-2.2119903564453125,-7.443828582763672,Live,0.0,0.0,0.0,0.019781939602280176,1659.188024520874,-9.655818939208984,-0.005819605009502952,0,0.0,0.0
2021-09-23,4.230999946594238,-0.005055875446659863,32.072818756103516,0.016899856730240748,-0.02195573217690061,0.02195573217690061,0.01419684333380444,0.01985947952652711,0,0,-1.0,10,25.338492119868498,316.0,-10.0,-1336.9959831237793,320.72818756103516,4.58204460144043,-2.1136474609375,Closed,-1336.9959831237793,320.72818756103516,2.4683971405029297,0.01985947952652711,1657.7241706848145,2.4683971405029297,0.0014890276586141723,0,2.4683971405029297,0.0
2021-09-24,4.287499904632568,0.013353807315410249,31.73278045654297,-0.010602070935715191,0.02395587825112544,0.02395587825112544,0.014319017753371736,0.019904563897922105,1,1,1.0,10,5.876105761936457,-59.0,10.0,252.96249437332153,-317.3278045654297,0.0,0.0,Opened,252.96249437332153,-317.3278045654297,0.0,0.019904563897922105,570.2902989387512,0.0,0.0,0,0.0,570.2902989387512
2021-09-25,4.287499904632568,0.0,31.73278045654297,0.0,0.0,0.0,0.014319017753371736,0.019903154975957498,1,1,0.0,10,,59.0,-10.0,-252.96249437332153,317.3278045654297,0.0,0.0,Live,0.0,0.0,0.0,0.019903154975957498,570.2902989387512,0.0,0.0,0,0.0,0.0
2021-09-26,4.287499904632568,0.0,31.73278045654297,0.0,0.0,0.0,0.014319017753371736,0.019903154975957498,1,1,0.0,10,,59.0,-10.0,-252.96249437332153,317.3278045654297,0.0,0.0,Live,0.0,0.0,0.0,0.019903154975957498,570.2902989387512,0.0,0.0,0,0.0,0.0
2021-09-27,4.293499946594238,0.0013994267277270822,31.916584014892578,0.0057922298552224305,-0.004392803127495348,0.004392803127495348,0.01432072111435356,0.019927769575737917,0,0,-1.0,10,30.76809196315853,59.0,-10.0,-253.31649684906006,319.1658401489258,-0.3540024757385254,1.8380355834960938,Closed,-253.31649684906006,319.1658401489258,1.4840331077575684,0.019927769575737917,572.4823369979858,1.4840331077575684,0.002592277546132903,0,1.4840331077575684,0.0
2021-09-28,4.244999885559082,-0.01129615969219433,31.392763137817383,-0.01641218486385554,0.005116025171661209,0.005116025171661209,0.014282826353022813,0.020006627975901633,1,0,0.0,10,10.744530355850372,0.0,0.0,0.0,0.0,0.0,0.0,,0.0,0.0,0.0,0.020006627975901633,0.0,0.0,0.0,0,0.0,0.0
2021-09-29,4.199999809265137,-0.010600724972226638,30.795419692993164,-0.01902806204735219,0.008427337075125552,0.008427337075125552,0.014188120333516081,0.019974906309937306,1,0,0.0,10,13.161210892893209,0.0,0.0,0.0,0.0,0.0,0.0,,0.0,0.0,0.0,0.019974906309937306,0.0,0.0,0.0,0,0.0,0.0
2021-09-30,4.090000152587891,-0.026190395636349395,31.42951774597168,0.020590661185981185,-0.04678105682233058,0.04678105682233058,0.014630951899291306,0.020017439830609992,0,1,1.0,10,6.041470045225792,61.0,-10.0,-249.49000930786133,314.2951774597168,0.0,0.0,Opened,-249.49000930786133,314.2951774597168,0.0,0.020017439830609992,563.7851867675781,0.0,0.0,0,0.0,563.7851867675781
2021-10-01,4.19350004196167,0.025305595479817145,31.778738021850586,0.011111219672585104,0.01419437580723204,0.01419437580723204,0.015102447346755478,0.020074889354472113,1,0,-1.0,10,3.3274011893870097,-61.0,10.0,255.80350255966187,-317.78738021850586,6.313493251800537,-3.4922027587890625,Closed,255.80350255966187,-317.78738021850586,2.8212904930114746,0.020074889354472113,573.5908827781677,2.8212904930114746,0.004918645985700907,0,2.8212904930114746,0.0
2021-10-02,4.19350004196167,0.0,31.778738021850586,0.0,0.0,0.0,0.015061250913285149,0.019954233059402537,1,0,0.0,10,,0.0,0.0,0.0,0.0,0.0,0.0,,0.0,0.0,0.0,0.019954233059402537,0.0,0.0,0.0,0,0.0,0.0
2021-10-03,4.19350004196167,0.0,31.778738021850586,0.0,0.0,0.0,0.015061250913285149,0.019954233059402537,1,0,0.0,10,,0.0,0.0,0.0,0.0,0.0,0.0,,0.0,0.0,0.0,0.019954233059402537,0.0,0.0,0.0,0,0.0,0.0
2021-10-04,4.246500015258789,0.01263860087439661,31.6684627532959,-0.003470095901192294,0.016108696775588904,0.016108696775588904,0.015180378647965238,0.01995359162964222,1,0,0.0,10,2.047567985920586,0.0,0.0,0.0,0.0,0.0,0.0,,0.0,0.0,0.0,0.01995359162964222,0.0,0.0,0.0,0,0.0,0.0
2021-10-05,4.202000141143799,-0.010479188497607539,31.962533950805664,0.009285932184351475,-0.019765120681959014,0.019765120681959014,0.015109346963694783,0.019650580129387193,0,1,1.0,10,6.740358483167683,68.0,-10.0,-285.7360095977783,319.62533950805664,0.0,0.0,Opened,-285.7360095977783,319.62533950805664,0.0,0.019650580129387193,605.361349105835,0.0,0.0,0,0.0,605.361349105835
2021-10-06,4.1570000648498535,-0.010709203898716657,31.45709228515625,-0.015813566797530876,0.005104362898814219,0.005104362898814219,0.01464817429717049,0.01877118524965077,1,0,-1.0,10,11.174065045924264,-68.0,10.0,282.67600440979004,-314.5709228515625,-3.0600051879882812,5.054416656494141,Closed,282.67600440979004,-314.5709228515625,1.9944114685058594,0.01877118524965077,597.2469272613525,1.9944114685058594,0.0033393415310667878,0,1.9944114685058594,0.0
2021-10-07,4.250999927520752,0.022612427520925182,32.54150390625,0.03447272275719704,-0.011860295236271856,0.011860295236271856,0.014706300822841682,0.019207810985559386,0,0,0.0,10,11.670109236345926,0.0,0.0,0.0,0.0,0.0,0.0,,0.0,0.0,0.0,0.019207810985559386,0.0,0.0,0.0,0,0.0,0.0
2021-10-08,4.2829999923706055,0.007527655938709188,32.54150390625,0.0,0.007527655938709188,0.007527655938709188,0.014460446811153702,0.017837701803642098,1,0,0.0,10,0.0,0.0,0.0,0.0,0.0,0.0,0.0,,0.0,0.0,0.0,0.017837701803642098,0.0,0.0,0.0,0,0.0,0.0
2021-10-09,4.2829999923706055,0.0,32.54150390625,0.0,0.0,0.0,0.014091921549353948,0.017837156960379522,1,0,0.0,10,,0.0,0.0,0.0,0.0,0.0,0.0,,0.0,0.0,0.0,0.017837156960379522,0.0,0.0,0.0,0,0.0,0.0
2021-10-10,4.2829999923706055,0.0,32.54150390625,0.0,0.0,0.0,0.014091921549353948,0.017837156960379522,1,0,0.0,10,,0.0,0.0,0.0,0.0,0.0,0.0,,0.0,0.0,0.0,0.017837156960379522,0.0,0.0,0.0,0,0.0,0.0
2021-10-11,4.374499797821045,0.02136348485020534,33.33184051513672,0.02428703391102105,-0.002923549060815711,0.002923549060815711,0.014387840912297448,0.018125668461094317,0,0,0.0,10,8.662301117670806,0.0,0.0,0.0,0.0,0.0,0.0,,0.0,0.0,0.0,0.018125668461094317,0.0,0.0,0.0,0,0.0,0.0
2021-10-12,4.328999996185303,-0.010401143842412752,33.61672592163086,0.008546944965873271,-0.018948088808286023,0.018948088808286023,0.014089986809770605,0.017260823201355247,0,1,1.0,10,6.381130595833351,64.0,-10.0,-277.0559997558594,336.1672592163086,0.0,0.0,Opened,-277.0559997558594,336.1672592163086,0.0,0.017260823201355247,613.223258972168,0.0,0.0,0,0.0,613.223258972168
2021-10-13,4.520500183105469,0.04423658745412684,34.434627532958984,0.02433019840286832,0.019906389051258522,0.019906389051258522,0.01537810660287196,0.017269692909072758,1,0,-1.0,10,4.189603582213775,-64.0,10.0,289.31201171875,-344.34627532958984,12.256011962890625,-8.17901611328125,Closed,289.31201171875,-344.34627532958984,4.076995849609375,0.017269692909072758,633.6582870483398,4.076995849609375,0.006434060648998272,0,4.076995849609375,0.0
2021-10-14,4.631499767303467,0.024554712908283483,35.53740692138672,0.032025303232108726,-0.007470590323825244,0.007470590323825244,0.015724972859056826,0.01780484479103306,0,0,0.0,10,10.007428097940089,0.0,0.0,0.0,0.0,0.0,0.0,,0.0,0.0,0.0,0.01780484479103306,0.0,0.0,0.0,0,0.0,0.0
2021-10-15,4.734000205993652,0.02213115488287354,36.52992630004883,0.027928863263931625,-0.0057977083810580865,0.0057977083810580865,0.015957932106858263,0.018090398102263462,0,0,0.0,10,9.737998554689769,0.0,0.0,0.0,0.0,0.0,0.0,,0.0,0.0,0.0,0.018090398102263462,0.0,0.0,0.0,0,0.0,0.0
2021-10-16,4.734000205993652,0.0,36.52992630004883,0.0,0.0,0.0,0.015826465654419426,0.017186686862301397,1,0,0.0,10,,0.0,0.0,0.0,0.0,0.0,0.0,,0.0,0.0,0.0,0.017186686862301397,0.0,0.0,0.0,0,0.0,0.0
2021-10-17,4.734000205993652,0.0,36.52992630004883,0.0,0.0,0.0,0.015826465654419426,0.017186686862301397,1,0,0.0,10,,0.0,0.0,0.0,0.0,0.0,0.0,,0.0,0.0,0.0,0.017186686862301397,0.0,0.0,0.0,0,0.0,0.0
2021-10-18,4.730500221252441,-0.0007393292329771484,36.85157012939453,0.008804940549394846,-0.009544269782371995,0.009544269782371995,0.01582868920635649,0.017213373933629057,0,0,0.0,10,92.7763919415302,0.0,0.0,0.0,0.0,0.0,0.0,,0.0,0.0,0.0,0.017213373933629057,0.0,0.0,0.0,0,0.0,0.0
2021-10-19,4.714000225067139,-0.003488002412762592,36.72291946411133,-0.0034910497661695405,3.0473534069486163e-06,3.0473534069486163e-06,0.015800323014990143,0.01721010621049494,1,0,0.0,10,7.796987976368105,0.0,0.0,0.0,0.0,0.0,0.0,,0.0,0.0,0.0,0.01721010621049494,0.0,0.0,0.0,0,0.0,0.0
2021-10-20,4.75600004196167,0.008909591618429191,36.75967788696289,0.00100096679098427,0.007908624827444921,0.007908624827444921,0.01583062180691257,0.017206585863701357,1,0,0.0,10,0.8683438213399187,0.0,0.0,0.0,0.0,0.0,0.0,,0.0,0.0,0.0,0.017206585863701357,0.0,0.0,0.0,0,0.0,0.0
2021-10-21,4.58650016784668,-0.035639165815708806,35.546607971191406,-0.03300001483967596,-0.0026391509760328447,0.0026391509760328447,0.016351558266030165,0.017861541753430285,0,0,0.0,10,7.1763457718861945,0.0,0.0,0.0,0.0,0.0,0.0,,0.0,0.0,0.0,0.017861541753430285,0.0,0.0,0.0,0,0.0,0.0
2021-10-22,4.526000022888184,-0.013190917419479864,35.15143966674805,-0.011116906140907212,-0.0020740112785726517,0.0020740112785726517,0.01646878480318589,0.01787603956340502,0,0,0.0,10,6.54541974747264,0.0,0.0,0.0,0.0,0.0,0.0,,0.0,0.0,0.0,0.01787603956340502,0.0,0.0,0.0,0,0.0,0.0
2021-10-23,4.526000022888184,0.0,35.15143966674805,0.0,0.0,0.0,0.016437824692279304,0.01773244498416698,1,0,0.0,10,,0.0,0.0,0.0,0.0,0.0,0.0,,0.0,0.0,0.0,0.01773244498416698,0.0,0.0,0.0,0,0.0,0.0
2021-10-24,4.526000022888184,0.0,35.15143966674805,0.0,0.0,0.0,0.016437824692279304,0.01773244498416698,1,0,0.0,10,,0.0,0.0,0.0,0.0,0.0,0.0,,0.0,0.0,0.0,0.01773244498416698,0.0,0.0,0.0,0,0.0,0.0
2021-10-25,4.551499843597412,0.005634074365946651,35.93258285522461,0.022222224633817733,-0.016588150267871082,0.016588150267871082,0.016449867269143062,0.017997976250753493,0,0,0.0,10,31.138584163802502,0.0,0.0,0.0,0.0,0.0,0.0,,0.0,0.0,0.0,0.017997976250753493,0.0,0.0,0.0,0,0.0,0.0
2021-10-26,4.486499786376953,-0.014281019324189237,35.50065994262695,-0.012020369210248849,-0.002260650113940388,0.002260650113940388,0.01659361546310464,0.01808992560843372,0,0,0.0,10,6.66020160724949,0.0,0.0,0.0,0.0,0.0,0.0,,0.0,0.0,0.0,0.01808992560843372,0.0,0.0,0.0,0,0.0,0.0
2021-10-27,4.38700008392334,-0.022177578778837637,34.25082778930664,-0.035205885055099806,0.01302830627626217,0.01302830627626217,0.01682896157829709,0.01873978861727147,1,0,0.0,10,12.393802338161162,0.0,0.0,0.0,0.0,0.0,0.0,,0.0,0.0,0.0,0.01873978861727147,0.0,0.0,0.0,0,0.0,0.0
2021-10-28,4.4375,0.011511263986915043,34.44381332397461,0.005634477971017793,0.005876786015897251,0.005876786015897251,0.016817453810467443,0.018166948247841805,1,0,0.0,10,3.7992995163818573,0.0,0.0,0.0,0.0,0.0,0.0,,0.0,0.0,0.0,0.018166948247841805,0.0,0.0,0.0,0,0.0,0.0
2021-10-29,4.375500202178955,-0.01397178542446087,34.29677963256836,-0.004268798289645437,-0.009702987134815433,0.009702987134815433,0.016872140448180473,0.018138803149627115,0,0,0.0,10,2.3948557601631806,0.0,0.0,0.0,0.0,0.0,0.0,,0.0,0.0,0.0,0.018138803149627115,0.0,0.0,0.0,0,0.0,0.0
2021-10-30,4.375500202178955,0.0,34.29677963256836,0.0,0.0,0.0,0.01596412657155581,0.017945608217360087,1,0,0.0,10,,0.0,0.0,0.0,0.0,0.0,0.0,,0.0,0.0,0.0,0.017945608217360087,0.0,0.0,0.0,0,0.0,0.0
2021-10-31,4.375500202178955,0.0,34.29677963256836,0.0,0.0,0.0,0.01596412657155581,0.017945608217360087,1,0,0.0,10,,0.0,0.0,0.0,0.0,0.0,0.0,,0.0,0.0,0.0,0.017945608217360087,0.0,0.0,0.0,0,0.0,0.0
2021-11-01,4.4019999504089355,0.0060563928706445225,34.4805793762207,0.0053590962656391294,0.000697296605005393,0.000697296605005393,0.01598866376762668,0.017960278295201765,1,0,0.0,10,6.931098010949984,0.0,0.0,0.0,0.0,0.0,0.0,,0.0,0.0,0.0,0.017960278295201765,0.0,0.0,0.0,0,0.0,0.0
2021-11-02,4.374000072479248,-0.006360717456865617,33.589149475097656,-0.025853100999161716,0.0194923835422961,0.0194923835422961,0.015782123082757192,0.018279662903081133,1,1,1.0,10,31.212370919884243,-313.0,10.0,1369.0620226860046,-335.89149475097656,0.0,0.0,Opened,1369.0620226860046,-335.89149475097656,0.0,0.018279662903081133,1704.9535174369812,0.0,0.0,0,0.0,1704.9535174369812
2021-11-03,4.326000213623047,-0.010973904449204541,33.341026306152344,-0.007387003625360267,-0.0035869008238442746,0.0035869008238442746,0.015789798482584202,0.018217224618529638,0,0,-1.0,10,5.187995197211555,313.0,-10.0,-1354.0380668640137,333.41026306152344,15.023955821990967,-2.481231689453125,Closed,-1354.0380668640137,333.41026306152344,12.542724132537842,0.018217224618529638,1687.448329925537,12.542724132537842,0.007432953003717347,0,12.542724132537842,0.0
2021-11-04,4.326000213623047,0.0,33.16641616821289,-0.005237095473189846,0.005237095473189846,0.005237095473189846,0.015533338335928886,0.017973887200487967,1,0,0.0,10,inf,0.0,0.0,0.0,0.0,0.0,0.0,,0.0,0.0,0.0,0.017973887200487967,0.0,0.0,0.0,0,0.0,0.0
2021-11-05,4.348999977111816,0.00531663484813083,33.16641616821289,0.0,0.00531663484813083,0.00531663484813083,0.015009305022318502,0.01698865263829807,1,0,0.0,10,0.0,0.0,0.0,0.0,0.0,0.0,0.0,,0.0,0.0,0.0,0.01698865263829807,0.0,0.0,0.0,0,0.0,0.0
2021-11-06,4.348999977111816,0.0,33.16641616821289,0.0,0.0,0.0,0.014963399088318952,0.01634943727329308,1,0,0.0,10,,0.0,0.0,0.0,0.0,0.0,0.0,,0.0,0.0,0.0,0.01634943727329308,0.0,0.0,0.0,0,0.0,0.0
2021-11-07,4.348999977111816,0.0,33.16641616821289,0.0,0.0,0.0,0.014963399088318952,0.01634943727329308,1,0,0.0,10,,0.0,0.0,0.0,0.0,0.0,0.0,,0.0,0.0,0.0,0.01634943727329308,0.0,0.0,0.0,0,0.0,0.0
2021-11-08,4.40500020980835,0.012876576912222326,34.10378646850586,0.028262634574047096,-0.01538605766182477,0.01538605766182477,0.015063489305633705,0.016807906790001596,0,0,0.0,10,16.992954088157692,0.0,0.0,0.0,0.0,0.0,0.0,,0.0,0.0,0.0,0.016807906790001596,0.0,0.0,0.0,0,0.0,0.0
2021-11-09,4.380000114440918,-0.005675390278476189,33.47886657714844,-0.018324061814500303,0.012648671536024114,0.012648671536024114,0.014414268189827328,0.015519076991670454,1,0,0.0,10,24.678720588922186,0.0,0.0,0.0,0.0,0.0,0.0,,0.0,0.0,0.0,0.015519076991670454,0.0,0.0,0.0,0,0.0,0.0
2021-11-10,4.328000068664551,-0.011872156259750355,32.63340377807617,-0.025253626705790233,0.013381470446039878,0.013381470446039878,0.0145331143208459,0.015984793792185197,1,0,0.0,10,16.038703838048555,0.0,0.0,0.0,0.0,0.0,0.0,,0.0,0.0,0.0,0.015984793792185197,0.0,0.0,0.0,0,0.0,0.0
2021-11-11,4.4045000076293945,0.017675586356552087,34.11298370361328,0.04533942997791485,-0.02766384362136276,0.02766384362136276,0.014124270231399064,0.01684250998418801,0,1,1.0,10,19.86668097354667,199.0,-10.0,-876.4955015182495,341.1298370361328,0.0,0.0,Opened,-876.4955015182495,341.1298370361328,0.0,0.01684250998418801,1217.6253385543823,0.0,0.0,0,0.0,1217.6253385543823
2021-11-12,4.45550012588501,0.01157909369219512,34.70112609863281,0.017241012985833803,-0.005661919293638684,0.005661919293638684,0.014179331033246912,0.016848857825743677,0,1,0.0,10,11.596723945589007,-199.0,10.0,886.644525051117,-347.0112609863281,10.149023532867432,-5.8814239501953125,Live,0.0,0.0,0.0,0.016848857825743677,1233.655786037445,4.267599582672119,0.003459311447303977,0,0.0,0.0
2021-11-13,4.45550012588501,0.0,34.70112609863281,0.0,0.0,0.0,0.014069782016562777,0.016757148065708286,1,0,-1.0,10,,-199.0,10.0,886.644525051117,-347.0112609863281,10.149023532867432,-5.8814239501953125,Closed,886.644525051117,-347.0112609863281,4.267599582672119,0.016757148065708286,1233.655786037445,4.267599582672119,0.003459311447303977,0,4.267599582672119,0.0
2021-11-14,4.45550012588501,0.0,34.70112609863281,0.0,0.0,0.0,0.014069782016562777,0.016757148065708286,1,0,0.0,10,,0.0,0.0,0.0,0.0,0.0,0.0,,0.0,0.0,0.0,0.016757148065708286,0.0,0.0,0.0,0,0.0,0.0
2021-11-15,4.4070000648498535,-0.01088543590278157,33.745384216308594,-0.027542099919399265,0.016656664016617695,0.016656664016617695,0.014167329595544497,0.017266722870047106,1,0,0.0,10,19.374144967278305,0.0,0.0,0.0,0.0,0.0,0.0,,0.0,0.0,0.0,0.017266722870047106,0.0,0.0,0.0,0,0.0,0.0
2021-11-16,4.358500003814697,-0.011005232657469555,33.368595123291016,-0.011165648332890576,0.00016041567542102175,0.00016041567542102175,0.014262196482757472,0.017344582639276743,1,0,0.0,10,7.767577390835077,0.0,0.0,0.0,0.0,0.0,0.0,,0.0,0.0,0.0,0.017344582639276743,0.0,0.0,0.0,0,0.0,0.0
2021-11-17,4.2729997634887695,-0.019616895778615362,33.01937484741211,-0.010465537269057967,-0.009151358509557395,0.009151358509557395,0.01444877706906705,0.017242578341189512,0,0,0.0,10,4.122562245174612,0.0,0.0,0.0,0.0,0.0,0.0,,0.0,0.0,0.0,0.017242578341189512,0.0,0.0,0.0,0,0.0,0.0
2021-11-18,4.309999942779541,0.008659064202840572,33.102088928222656,0.0025050165605127184,0.006154047642327853,0.006154047642327853,0.014410727710556678,0.016995298426602478,1,0,0.0,10,2.2218655651334727,0.0,0.0,0.0,0.0,0.0,0.0,,0.0,0.0,0.0,0.016995298426602478,0.0,0.0,0.0,0,0.0,0.0
2021-11-19,4.4085001945495605,0.022853887024995245,33.083709716796875,-0.000555228144834996,0.02340911516983024,0.02340911516983024,0.014216519179347875,0.016774410544259377,1,1,1.0,10,0.18232017698355898,-2.0,10.0,8.817000389099121,-330.83709716796875,0.0,0.0,Opened,8.817000389099121,-330.83709716796875,0.0,0.016774410544259377,339.65409755706787,0.0,0.0,0,0.0,339.65409755706787
2021-11-20,4.4085001945495605,0.0,33.083709716796875,0.0,0.0,0.0,0.0137996848216086,0.016713427801353088,1,1,0.0,10,,2.0,-10.0,-8.817000389099121,330.83709716796875,0.0,0.0,Live,0.0,0.0,0.0,0.016713427801353088,339.65409755706787,0.0,0.0,0,0.0,0.0
2021-11-21,4.4085001945495605,0.0,33.083709716796875,0.0,0.0,0.0,0.0137996848216086,0.016713427801353088,1,1,0.0,10,,2.0,-10.0,-8.817000389099121,330.83709716796875,0.0,0.0,Live,0.0,0.0,0.0,0.016713427801353088,339.65409755706787,0.0,0.0,0,0.0,0.0
2021-11-22,4.395500183105469,-0.0029488512805703193,33.239933013916016,0.004722061052295556,-0.007670912332865876,0.007670912332865876,0.013810750088468961,0.016721338386258583,0,0,-1.0,10,12.109621387224756,2.0,-10.0,-8.791000366210938,332.39933013916016,0.026000022888183594,1.5622329711914062,Closed,-8.791000366210938,332.39933013916016,1.5882329940795898,0.016721338386258583,341.1903305053711,1.5882329940795898,0.004654976569022631,0,1.5882329940795898,0.0
2021-11-23,4.423500061035156,0.006370123254074267,33.49725341796875,0.00774130332768741,-0.001371180073613143,0.001371180073613143,0.013731485411957957,0.016734845442814082,0,0,0.0,10,9.20257595229246,0.0,0.0,0.0,0.0,0.0,0.0,,0.0,0.0,0.0,0.016734845442814082,0.0,0.0,0.0,0,0.0,0.0
2021-11-24,4.458000183105469,0.007799281472653297,33.49725341796875,0.0,0.007799281472653297,0.007799281472653297,0.013665263747552583,0.016695440393973655,1,0,0.0,10,0.0,0.0,0.0,0.0,0.0,0.0,0.0,,0.0,0.0,0.0,0.016695440393973655,0.0,0.0,0.0,0,0.0,0.0
2021-11-25,4.458000183105469,0.0,33.49725341796875,0.0,0.0,0.0,0.01355709857696006,0.01651782934122731,1,0,0.0,10,,0.0,0.0,0.0,0.0,0.0,0.0,,0.0,0.0,0.0,0.01651782934122731,0.0,0.0,0.0,0,0.0,0.0
2021-11-26,4.281499862670898,-0.039591815429585564,31.971725463867188,-0.045541881749720736,0.005950066320135172,0.005950066320135172,0.014406612219045614,0.017112654860361596,1,0,0.0,10,8.589654502706912,0.0,0.0,0.0,0.0,0.0,0.0,,0.0,0.0,0.0,0.017112654860361596,0.0,0.0,0.0,0,0.0,0.0
2021-11-27,4.281499862670898,0.0,31.971725463867188,0.0,0.0,0.0,0.014368232158775592,0.017112654860361596,1,0,0.0,10,,0.0,0.0,0.0,0.0,0.0,0.0,,0.0,0.0,0.0,0.017112654860361596,0.0,0.0,0.0,0,0.0,0.0
2021-11-28,4.281499862670898,0.0,31.971725463867188,0.0,0.0,0.0,0.014368232158775592,0.017112654860361596,1,0,0.0,10,,0.0,0.0,0.0,0.0,0.0,0.0,,0.0,0.0,0.0,0.017112654860361596,0.0,0.0,0.0,0,0.0,0.0
2021-11-29,4.336999893188477,0.012962754244480124,32.64259338378906,0.02098316278488177,-0.008020408540401647,0.008020408540401647,0.014482987752152312,0.017373205721606312,0,0,0.0,10,12.183411308392841,0.0,0.0,0.0,0.0,0.0,0.0,,0.0,0.0,0.0,0.017373205721606312,0.0,0.0,0.0,0,0.0,0.0
2021-11-30,4.2779998779296875,-0.01360387749869496,32.63340377807617,-0.0002815219245863032,-0.013322355574108657,0.013322355574108657,0.014290726741825934,0.017022228913764637,0,0,0.0,10,0.1578596432732675,0.0,0.0,0.0,0.0,0.0,0.0,,0.0,0.0,0.0,0.017022228913764637,0.0,0.0,0.0,0,0.0,0.0
2021-12-01,4.247499942779541,-0.0071294848107631426,32.1830940246582,-0.013799043350804174,0.006669558540041032,0.006669558540041032,0.014251182462290592,0.017078967077124148,1,0,0.0,10,14.665107244890677,0.0,0.0,0.0,0.0,0.0,0.0,,0.0,0.0,0.0,0.017078967077124148,0.0,0.0,0.0,0,0.0,0.0
2021-12-02,4.298999786376953,0.012124742623000673,32.697731018066406,0.01599091103589645,-0.0038661684128957763,0.0038661684128957763,0.01285968999936201,0.01686868840740006,0,0,0.0,10,10.031153404168702,0.0,0.0,0.0,0.0,0.0,0.0,,0.0,0.0,0.0,0.01686868840740006,0.0,0.0,0.0,0,0.0,0.0
2021-12-03,4.266499996185303,-0.007559849222286252,32.29337692260742,-0.012366426747946746,0.004806577525660494,0.004806577525660494,0.012353247865922842,0.016257820115402454,1,0,0.0,10,12.381487044685542,0.0,0.0,0.0,0.0,0.0,0.0,,0.0,0.0,0.0,0.016257820115402454,0.0,0.0,0.0,0,0.0,0.0
2021-12-04,4.266499996185303,0.0,32.29337692260742,0.0,0.0,0.0,0.011874065863659309,0.015685893142762673,1,0,0.0,10,,0.0,0.0,0.0,0.0,0.0,0.0,,0.0,0.0,0.0,0.015685893142762673,0.0,0.0,0.0,0,0.0,0.0
2021-12-05,4.266499996185303,0.0,32.29337692260742,0.0,0.0,0.0,0.011874065863659309,0.015685893142762673,1,0,0.0,10,,0.0,0.0,0.0,0.0,0.0,0.0,,0.0,0.0,0.0,0.015685893142762673,0.0,0.0,0.0,0,0.0,0.0
2021-12-06,4.336999893188477,0.016524058845941214,32.85395812988281,0.017359014779372517,-0.0008349559334313028,0.0008349559334313028,0.0121576474177204,0.015928994917361695,0,0,0.0,10,7.958049347479854,0.0,0.0,0.0,0.0,0.0,0.0,,0.0,0.0,0.0,0.015928994917361695,0.0,0.0,0.0,0,0.0,0.0
2021-12-07,4.3379998207092285,0.00023055742342137364,33.75457000732422,0.027412583710035188,-0.027182026286613814,0.027182026286613814,0.012159947806805663,0.01639694033719615,0,1,1.0,10,925.1537447656773,9252.0,-10.0,-40135.17434120178,337.5457000732422,0.0,0.0,Opened,-40135.17434120178,337.5457000732422,0.0,0.01639694033719615,40472.720041275024,0.0,0.0,0,0.0,40472.720041275024
2021-12-08,4.390999794006348,0.012217606152056915,34.085411071777344,0.009801371025651928,0.0024162351264049864,0.0024162351264049864,0.012313585601053062,0.016473596688015513,1,0,-1.0,10,6.227386597854467,-9252.0,10.0,40625.53009414673,-340.85411071777344,490.3557529449463,-3.30841064453125,Closed,40625.53009414673,-340.85411071777344,487.04734230041504,0.016473596688015513,40966.3842048645,487.04734230041504,0.011888951191415649,0,487.04734230041504,0.0
2021-12-09,4.329999923706055,-0.013892023038479029,33.85566329956055,-0.006740355037320622,-0.007151668001158407,0.007151668001158407,0.012348286912831824,0.01648736352745308,0,0,0.0,10,3.7936801854352598,0.0,0.0,0.0,0.0,0.0,0.0,,0.0,0.0,0.0,0.01648736352745308,0.0,0.0,0.0,0,0.0,0.0
2021-12-10,4.2829999923706055,-0.010854487797593793,33.589149475097656,-0.007872060343486198,-0.0029824274541075946,0.0029824274541075946,0.011425109147134316,0.015879714761813414,0,0,0.0,10,5.6876126724060585,0.0,0.0,0.0,0.0,0.0,0.0,,0.0,0.0,0.0,0.015879714761813414,0.0,0.0,0.0,0,0.0,0.0
2021-12-11,4.2829999923706055,0.0,33.589149475097656,0.0,0.0,0.0,0.011296598992473388,0.01581297969298809,1,0,0.0,10,,0.0,0.0,0.0,0.0,0.0,0.0,,0.0,0.0,0.0,0.01581297969298809,0.0,0.0,0.0,0,0.0,0.0
2021-12-12,4.2829999923706055,0.0,33.589149475097656,0.0,0.0,0.0,0.011296598992473388,0.01581297969298809,1,0,0.0,10,,0.0,0.0,0.0,0.0,0.0,0.0,,0.0,0.0,0.0,0.01581297969298809,0.0,0.0,0.0,0,0.0,0.0
2021-12-13,4.28000020980835,-0.0007003928479102361,33.570770263671875,-0.0005471770411872301,-0.00015321580672300605,0.00015321580672300605,0.011295717055699097,0.015812613890844218,0,0,0.0,10,6.127787265800884,0.0,0.0,0.0,0.0,0.0,0.0,,0.0,0.0,0.0,0.015812613890844218,0.0,0.0,0.0,0,0.0,0.0
2021-12-14,4.254000186920166,-0.006074771405057411,33.19398498535156,-0.011223611354787555,0.005148839949730144,0.005148839949730144,0.011275582724317163,0.015523749206635825,1,0,0.0,10,14.416657081798796,0.0,0.0,0.0,0.0,0.0,0.0,,0.0,0.0,0.0,0.015523749206635825,0.0,0.0,0.0,0,0.0,0.0
2021-12-15,4.179500102996826,-0.017512947966576542,32.808006286621094,-0.011627971118887914,-0.005884976847688628,0.005884976847688628,0.01136052839752424,0.01551840285145101,0,0,0.0,10,5.21194934705039,0.0,0.0,0.0,0.0,0.0,0.0,,0.0,0.0,0.0,0.01551840285145101,0.0,0.0,0.0,0,0.0,0.0
2021-12-16,4.30049991607666,0.02895078600263057,33.102088928222656,0.008963746197570233,0.019987039805060336,0.019987039805060336,0.011742468525669444,0.014798583185887402,1,1,1.0,10,2.383228312840427,-24.0,10.0,103.21199798583984,-331.02088928222656,0.0,0.0,Opened,103.21199798583984,-331.02088928222656,0.0,0.014798583185887402,434.2328872680664,0.0,0.0,0,0.0,434.2328872680664
2021-12-17,4.290999889373779,-0.002209051712189658,32.872344970703125,-0.006940467050816634,0.004731415338626976,0.004731415338626976,0.011619767892931917,0.014797759722626203,1,1,0.0,10,24.068830962236607,24.0,-10.0,-102.9839973449707,328.72344970703125,0.22800064086914062,-2.2974395751953125,Live,0.0,0.0,0.0,0.014797759722626203,431.70744705200195,-2.069438934326172,-0.00479361416732034,0,0.0,0.0
2021-12-18,4.290999889373779,0.0,32.872344970703125,0.0,0.0,0.0,0.01145863691035901,0.014789804715476145,1,1,0.0,10,,24.0,-10.0,-102.9839973449707,328.72344970703125,0.22800064086914062,-2.2974395751953125,Live,0.0,0.0,0.0,0.014789804715476145,431.70744705200195,-2.069438934326172,-0.00479361416732034,0,0.0,0.0
2021-12-19,4.290999889373779,0.0,32.872344970703125,0.0,0.0,0.0,0.01145863691035901,0.014789804715476145,1,1,0.0,10,,24.0,-10.0,-102.9839973449707,328.72344970703125,0.22800064086914062,-2.2974395751953125,Live,0.0,0.0,0.0,0.014789804715476145,431.70744705200195,-2.069438934326172,-0.00479361416732034,0,0.0,0.0
2021-12-20,4.288000106811523,-0.0006990870751790723,31.944154739379883,-0.028236203780122038,0.027537116704942965,0.027537116704942965,0.011458658263543368,0.0152915060629558,1,1,0.0,10,300.89269769469774,24.0,-10.0,-102.91200256347656,319.4415473937988,0.29999542236328125,-11.579341888427734,Live,0.0,0.0,0.0,0.0152915060629558,422.3535499572754,-11.279346466064453,-0.02670593503287815,1,-11.279346466064453,0.0
2021-12-21,4.3379998207092285,0.011660380749123567,32.86314392089844,0.028768617890072123,-0.017108237140948557,0.017108237140948557,0.011549540069934945,0.015847974745142074,0,0,-1.0,10,18.690711980549327,24.0,-10.0,-104.11199569702148,328.6314392089844,-0.8999977111816406,-2.3894500732421875,Closed,-104.11199569702148,328.6314392089844,-3.289447784423828,0.015847974745142074,432.74343490600586,-3.289447784423828,-0.0076013811397007405,0,0.0,0.0
2021-12-22,4.389500141143799,0.01187190469412025,33.49725341796875,0.019295460549867416,-0.007423555855747166,0.007423555855747166,0.011639417076534816,0.015678878587305746,0,0,0.0,10,12.40306098004164,0.0,0.0,0.0,0.0,0.0,0.0,,0.0,0.0,0.0,0.015678878587305746,0.0,0.0,0.0,0,0.0,0.0
2021-12-23,4.38700008392334,-0.0005695539674381855,33.80052185058594,0.00905353130995823,-0.009623085277396415,0.009623085277396415,0.011529200054074139,0.015691783040998823,0,0,0.0,10,122.47258631584295,0.0,0.0,0.0,0.0,0.0,0.0,,0.0,0.0,0.0,0.015691783040998823,0.0,0.0,0.0,0,0.0,0.0
2021-12-24,4.38700008392334,0.0,33.80052185058594,0.0,0.0,0.0,0.011529200054074139,0.015670890728750785,1,0,0.0,10,,0.0,0.0,0.0,0.0,0.0,0.0,,0.0,0.0,0.0,0.015670890728750785,0.0,0.0,0.0,0,0.0,0.0
2021-12-25,4.38700008392334,0.0,33.80052185058594,0.0,0.0,0.0,0.011506911323598665,0.015670890728750785,1,0,0.0,10,,0.0,0.0,0.0,0.0,0.0,0.0,,0.0,0.0,0.0,0.015670890728750785,0.0,0.0,0.0,0,0.0,0.0
2021-12-26,4.38700008392334,0.0,33.80052185058594,0.0,0.0,0.0,0.011506911323598665,0.015670890728750785,1,0,0.0,10,,0.0,0.0,0.0,0.0,0.0,0.0,,0.0,0.0,0.0,0.015670890728750785,0.0,0.0,0.0,0,0.0,0.0
2021-12-27,4.465000152587891,0.017779819277959685,34.06703186035156,0.007884789795368441,0.009895029482591244,0.009895029482591244,0.011771063236829455,0.01570539963009542,1,0,0.0,10,3.383573353021277,0.0,0.0,0.0,0.0,0.0,0.0,,0.0,0.0,0.0,0.01570539963009542,0.0,0.0,0.0,0,0.0,0.0
2021-12-28,4.420000076293945,-0.010078404200694946,33.92918014526367,-0.004046484461956545,-0.0060319197387384005,0.0060319197387384005,0.011729842032173176,0.01520303590030118,0,0,0.0,10,3.0820323566087637,0.0,0.0,0.0,0.0,0.0,0.0,,0.0,0.0,0.0,0.01520303590030118,0.0,0.0,0.0,0,0.0,0.0
2021-12-29,4.4019999504089355,-0.004072426600522205,34.07621765136719,0.004333659271281931,-0.008406085871804136,0.008406085871804136,0.011715817848355983,0.014981445624657516,0,0,0.0,10,8.237640730719193,0.0,0.0,0.0,0.0,0.0,0.0,,0.0,0.0,0.0,0.014981445624657516,0.0,0.0,0.0,0,0.0,0.0
2021-12-30,4.384500026702881,-0.003975448410540983,34.03443145751953,-0.0012262568068782675,-0.002749191603662715,0.002749191603662715,0.011602884975677668,0.014517874688176877,0,0,0.0,10,2.3943836167586108,0.0,0.0,0.0,0.0,0.0,0.0,,0.0,0.0,0.0,0.014517874688176877,0.0,0.0,0.0,0,0.0,0.0
2021-12-31,4.454999923706055,0.0160793469206999,34.27587127685547,0.007093987147612335,0.008985359773087565,0.008985359773087565,0.011556275421306066,0.013066007090454577,1,0,0.0,10,3.3943982440401252,0.0,0.0,0.0,0.0,0.0,0.0,,0.0,0.0,0.0,0.013066007090454577,0.0,0.0,0.0,0,0.0,0.0
2022-01-01,4.454999923706055,0.0,34.27587127685547,0.0,0.0,0.0,0.011440949960824084,0.012831956739408621,1,0,0.0,10,,0.0,0.0,0.0,0.0,0.0,0.0,,0.0,0.0,0.0,0.012831956739408621,0.0,0.0,0.0,0,0.0,0.0
2022-01-02,4.454999923706055,0.0,34.27587127685547,0.0,0.0,0.0,0.011440949960824084,0.012831956739408621,1,0,0.0,10,,0.0,0.0,0.0,0.0,0.0,0.0,,0.0,0.0,0.0,0.012831956739408621,0.0,0.0,0.0,0,0.0,0.0
2022-01-03,4.4145002365112305,-0.009090839032188547,34.14586639404297,-0.0037928979766090887,-0.005297941055579458,0.005297941055579458,0.011513958494285248,0.012842166218250411,0,0,0.0,10,3.227184427951886,0.0,0.0,0.0,0.0,0.0,0.0,,0.0,0.0,0.0,0.012842166218250411,0.0,0.0,0.0,0,0.0,0.0
2022-01-04,4.466000080108643,0.01166606429680761,34.74019241333008,0.01740550415176445,-0.00573943985495684,0.00573943985495684,0.011525326103756154,0.0124595711032242,0,0,0.0,10,11.605817431111161,0.0,0.0,0.0,0.0,0.0,0.0,,0.0,0.0,0.0,0.0124595711032242,0.0,0.0,0.0,0,0.0,0.0
2022-01-05,4.4045000076293945,-0.013770728028681956,34.27587127685547,-0.013365531513188866,-0.0004051965154930892,0.0004051965154930892,0.011587309387819551,0.012505971995221821,0,0,0.0,10,7.553030201007361,0.0,0.0,0.0,0.0,0.0,0.0,,0.0,0.0,0.0,0.012505971995221821,0.0,0.0,0.0,0,0.0,0.0
2022-01-06,4.3480000495910645,-0.012827780211252526,34.09014892578125,-0.005418457479142935,-0.007409322732109591,0.007409322732109591,0.011387498755078036,0.012434887715067391,0,0,0.0,10,3.3117955446040757,0.0,0.0,0.0,0.0,0.0,0.0,,0.0,0.0,0.0,0.012434887715067391,0.0,0.0,0.0,0,0.0,0.0
2022-01-07,4.4029998779296875,0.012649454395428528,34.879486083984375,0.023154406275009753,-0.010504951879581226,0.010504951879581226,0.011460229234558122,0.012832121655317759,0,0,0.0,10,14.50050941501287,0.0,0.0,0.0,0.0,0.0,0.0,,0.0,0.0,0.0,0.012832121655317759,0.0,0.0,0.0,0,0.0,0.0
2022-01-08,4.4029998779296875,0.0,34.879486083984375,0.0,0.0,0.0,0.01099650099739543,0.012830875796860583,1,0,0.0,10,,0.0,0.0,0.0,0.0,0.0,0.0,,0.0,0.0,0.0,0.012830875796860583,0.0,0.0,0.0,0,0.0,0.0
2022-01-09,4.4029998779296875,0.0,34.879486083984375,0.0,0.0,0.0,0.01099650099739543,0.012830875796860583,1,0,0.0,10,,0.0,0.0,0.0,0.0,0.0,0.0,,0.0,0.0,0.0,0.012830875796860583,0.0,0.0,0.0,0,0.0,0.0
2022-01-10,4.3445000648498535,-0.013286353554781583,34.805198669433594,-0.0021298311096645817,-0.011156522445117,0.011156522445117,0.011156714928918105,0.012838266684515619,0,0,0.0,10,1.2842325413308562,0.0,0.0,0.0,0.0,0.0,0.0,,0.0,0.0,0.0,0.012838266684515619,0.0,0.0,0.0,0,0.0,0.0
2022-01-11,4.420499801635742,0.017493321590850375,35.7802619934082,0.028014875973999986,-0.010521554383149612,0.010521554383149612,0.011426391362277723,0.013383551092357103,0,0,0.0,10,12.962493894881712,0.0,0.0,0.0,0.0,0.0,0.0,,0.0,0.0,0.0,0.013383551092357103,0.0,0.0,0.0,0,0.0,0.0
2022-01-12,4.564000129699707,0.03246246680315745,37.71181869506836,0.05398386132600175,-0.021521394522844295,0.021521394522844295,0.012278990447013905,0.015282343716189802,0,1,1.0,10,13.74087079385667,138.0,-10.0,-629.8320178985596,377.1181869506836,0.0,0.0,Opened,-629.8320178985596,377.1181869506836,0.0,0.015282343716189802,1006.9502048492432,0.0,0.0,0,0.0,1006.9502048492432
2022-01-13,4.533999919891357,-0.006573227203287457,37.266075134277344,-0.011819731219945284,0.005246504016657827,0.005246504016657827,0.012277621899307584,0.01541245954109432,1,0,-1.0,10,14.779546356830075,-138.0,10.0,625.6919889450073,-372.66075134277344,-4.140028953552246,4.457435607910156,Closed,625.6919889450073,-372.66075134277344,0.31740665435791016,0.01541245954109432,998.3527402877808,0.31740665435791016,0.00031793036824481085,0,0.31740665435791016,0.0
2022-01-14,4.411499977111816,-0.02701807343271334,36.885337829589844,-0.010216726696214318,-0.016801346736499023,0.016801346736499023,0.012876097461402985,0.015510319358965708,0,1,1.0,10,3.1617307447012997,32.0,-10.0,-141.16799926757812,368.85337829589844,0.0,0.0,Opened,-141.16799926757812,368.85337829589844,0.0,0.015510319358965708,510.02137756347656,0.0,0.0,0,0.0,510.02137756347656
2022-01-15,4.411499977111816,0.0,36.885337829589844,0.0,0.0,0.0,0.011548656001271973,0.013913740249588451,1,0,-1.0,10,,-32.0,10.0,141.16799926757812,-368.85337829589844,0.0,0.0,Closed,141.16799926757812,-368.85337829589844,0.0,0.013913740249588451,510.02137756347656,0.0,0.0,0,0.0,0.0
2022-01-16,4.411499977111816,0.0,36.885337829589844,0.0,0.0,0.0,0.011548656001271973,0.013913740249588451,1,0,0.0,10,,0.0,0.0,0.0,0.0,0.0,0.0,,0.0,0.0,0.0,0.013913740249588451,0.0,0.0,0.0,0,0.0,0.0
2022-01-17,4.411499977111816,0.0,36.885337829589844,0.0,0.0,0.0,0.011548656001271973,0.013913740249588451,1,0,0.0,10,,0.0,0.0,0.0,0.0,0.0,0.0,,0.0,0.0,0.0,0.013913740249588451,0.0,0.0,0.0,0,0.0,0.0
2022-01-18,4.375999927520752,-0.008047160778703266,37.1917839050293,0.00830807289485147,-0.016355233673554737,0.016355233673554737,0.011473995874276091,0.01369231413516112,0,1,1.0,10,8.774599915796896,88.0,-10.0,-385.0879936218262,371.91783905029297,0.0,0.0,Opened,-385.0879936218262,371.91783905029297,0.0,0.01369231413516112,757.0058326721191,0.0,0.0,0,0.0,757.0058326721191
2022-01-19,4.462500095367432,0.019766949104061515,37.87897491455078,0.018476957472011835,0.0012899916320496807,0.0012899916320496807,0.011621701556046606,0.0138647614313672,1,0,-1.0,10,7.934339772006599,-88.0,10.0,392.700008392334,-378.7897491455078,7.6120147705078125,-6.871910095214844,Closed,392.700008392334,-378.7897491455078,0.7401046752929688,0.0138647614313672,771.4897575378418,0.7401046752929688,0.0009593188607648707,0,0.7401046752929688,0.0
2022-01-20,4.576499938964844,0.025546182893252167,37.563236236572266,-0.0083354599402643,0.03388164283351647,0.03388164283351647,0.012070406876279114,0.013750085201549715,1,1,1.0,10,2.678138866329653,-27.0,10.0,123.56549835205078,-375.63236236572266,0.0,0.0,Opened,123.56549835205078,-375.63236236572266,0.0,0.013750085201549715,499.19786071777344,0.0,0.0,0,0.0,499.19786071777344
2022-01-21,4.512499809265137,-0.013984514487764499,36.37458419799805,-0.03164402638495045,0.017659511897185953,0.017659511897185953,0.012168582885482523,0.014475977922773645,1,1,0.0,10,18.240014773703425,27.0,-10.0,-121.83749485015869,363.74584197998047,1.7280035018920898,-11.886520385742188,Live,0.0,0.0,0.0,0.014475977922773645,485.58333683013916,-10.158516883850098,-0.020920233692869956,1,-10.158516883850098,0.0
2022-01-22,4.512499809265137,0.0,36.37458419799805,0.0,0.0,0.0,0.012106328630391011,0.014326279956053057,1,1,0.0,10,,27.0,-10.0,-121.83749485015869,363.74584197998047,1.7280035018920898,-11.886520385742188,Live,0.0,0.0,0.0,0.014326279956053057,485.58333683013916,-10.158516883850098,-0.020920233692869956,1,0.0,0.0
2022-01-23,4.512499809265137,0.0,36.37458419799805,0.0,0.0,0.0,0.012106328630391011,0.014326279956053057,1,1,0.0,10,,27.0,-10.0,-121.83749485015869,363.74584197998047,1.7280035018920898,-11.886520385742188,Live,0.0,0.0,0.0,0.014326279956053057,485.58333683013916,-10.158516883850098,-0.020920233692869956,1,0.0,0.0
2022-01-24,4.4029998779296875,-0.024265913786992832,35.501670837402344,-0.023997892480204563,-0.00026802130678826863,0.00026802130678826863,0.012630190659925069,0.01480513222998464,0,0,-1.0,10,7.9740062642418215,27.0,-10.0,-118.88099670410156,355.01670837402344,4.684501647949219,-20.61565399169922,Closed,-118.88099670410156,355.01670837402344,-15.93115234375,0.01480513222998464,473.897705078125,-15.93115234375,-0.03361728105672858,1,0.0,0.0
2022-01-25,4.442999839782715,0.009084706555076094,35.59453582763672,0.0026157921034111187,0.0064689144516649755,0.0064689144516649755,0.012483031282276156,0.014638929048313798,1,0,0.0,10,2.3067437731536486,0.0,0.0,0.0,0.0,0.0,0.0,,0.0,0.0,0.0,0.014638929048313798,0.0,0.0,0.0,0,0.0,0.0
2022-01-26,4.504499912261963,0.01384201546184527,35.501670837402344,-0.0026089675866000084,0.016450983048445278,0.016450983048445278,0.012623349886652133,0.014171314755694971,1,1,1.0,10,1.4854962633948037,-15.0,10.0,67.56749868392944,-355.01670837402344,0.0,0.0,Opened,67.56749868392944,-355.01670837402344,0.0,0.014171314755694971,422.5842070579529,0.0,0.0,0,0.0,422.5842070579529
2022-01-27,4.413000106811523,-0.02031297751862804,35.018775939941406,-0.013602032976774425,-0.006710944541853614,0.006710944541853614,0.012860611080486911,0.014264487592097235,0,0,-1.0,10,5.313702785560154,15.0,-10.0,-66.19500160217285,350.18775939941406,1.3724970817565918,-4.828948974609375,Closed,-66.19500160217285,350.18775939941406,-3.456451892852783,0.014264487592097235,416.3827610015869,-3.456451892852783,-0.008301140720952206,0,-3.456451892852783,0.0
2022-01-28,4.302999973297119,-0.02492638360570576,34.322303771972656,-0.01988853548631242,-0.00503784811939334,0.00503784811939334,0.013197294488344743,0.014522170169169039,0,0,0.0,10,6.364270315990438,0.0,0.0,0.0,0.0,0.0,0.0,,0.0,0.0,0.0,0.014522170169169039,0.0,0.0,0.0,0,0.0,0.0
2022-01-29,4.302999973297119,0.0,34.322303771972656,0.0,0.0,0.0,0.013104720536028463,0.014473512267238349,1,0,0.0,10,,0.0,0.0,0.0,0.0,0.0,0.0,,0.0,0.0,0.0,0.014473512267238349,0.0,0.0,0.0,0,0.0,0.0
2022-01-30,4.302999973297119,0.0,34.322303771972656,0.0,0.0,0.0,0.013104720536028463,0.014473512267238349,1,0,0.0,10,,0.0,0.0,0.0,0.0,0.0,0.0,,0.0,0.0,0.0,0.014473512267238349,0.0,0.0,0.0,0,0.0,0.0
2022-01-31,4.317999839782715,0.0034859090352497013,34.74019241333008,0.012175425173489351,-0.00868951613823965,0.00868951613823965,0.013113028891029617,0.014566473541242722,0,0,0.0,10,28.100735271199124,0.0,0.0,0.0,0.0,0.0,0.0,,0.0,0.0,0.0,0.014566473541242722,0.0,0.0,0.0,0,0.0,0.0
2022-02-01,4.428999900817871,0.025706360619212498,35.408809661865234,0.019246216042217545,0.006460144576994953,0.006460144576994953,0.013596943738331249,0.014796883355131173,1,0,0.0,10,5.985637580770263,0.0,0.0,0.0,0.0,0.0,0.0,,0.0,0.0,0.0,0.014796883355131173,0.0,0.0,0.0,0,0.0,0.0
2022-02-02,4.491000175476074,0.013998707619468309,35.696685791015625,0.0081300707902765,0.005868636829191809,0.005868636829191809,0.013686620336421087,0.014718910992241603,1,0,0.0,10,4.616270069104596,0.0,0.0,0.0,0.0,0.0,0.0,,0.0,0.0,0.0,0.014718910992241603,0.0,0.0,0.0,0,0.0,0.0
2022-02-03,4.4664998054504395,-0.005455437334298874,35.30665588378906,-0.010926221820982795,0.005470784486683922,0.005470784486683922,0.013454864390824163,0.014706408288485781,1,0,0.0,10,15.83177857132777,0.0,0.0,0.0,0.0,0.0,0.0,,0.0,0.0,0.0,0.014706408288485781,0.0,0.0,0.0,0,0.0,0.0
2022-02-04,4.483500003814697,0.0038061567457168266,35.538814544677734,0.006575492781101033,-0.0027693360353842067,0.0027693360353842067,0.012861602606056951,0.014685781810806953,0,0,0.0,10,13.693907768019827,0.0,0.0,0.0,0.0,0.0,0.0,,0.0,0.0,0.0,0.014685781810806953,0.0,0.0,0.0,0,0.0,0.0
2022-02-05,4.483500003814697,0.0,35.538814544677734,0.0,0.0,0.0,0.01285444526374937,0.014636838877121104,1,0,0.0,10,,0.0,0.0,0.0,0.0,0.0,0.0,,0.0,0.0,0.0,0.014636838877121104,0.0,0.0,0.0,0,0.0,0.0
2022-02-06,4.483500003814697,0.0,35.538814544677734,0.0,0.0,0.0,0.01285444526374937,0.014636838877121104,1,0,0.0,10,,0.0,0.0,0.0,0.0,0.0,0.0,,0.0,0.0,0.0,0.014636838877121104,0.0,0.0,0.0,0,0.0,0.0
2022-02-07,4.46150016784668,-0.0049068441952268005,35.956703186035156,0.011758654494006038,-0.01666549868923284,0.01666549868923284,0.012880619358705114,0.014703848232013221,0,1,1.0,10,19.31320333176633,194.0,-10.0,-865.5310325622559,359.56703186035156,0.0,0.0,Opened,-865.5310325622559,359.56703186035156,0.0,0.014703848232013221,1225.0980644226074,0.0,0.0,0,0.0,1225.0980644226074
2022-02-08,4.459499835968018,-0.00044835409691967865,36.78318405151367,0.022985446168477086,-0.023433800265396765,0.023433800265396765,0.012880048478532568,0.014341210337683152,0,1,0.0,10,422.85840137757805,-194.0,10.0,865.1429681777954,-367.8318405151367,-0.3880643844604492,-8.264808654785156,Live,0.0,0.0,0.0,0.014341210337683152,1232.9748086929321,-8.652873039245605,-0.00701788307290597,0,0.0,0.0
2022-02-09,4.600500106811523,0.03161795627982111,38.06470489501953,0.03483985621557739,-0.0032218999357562783,0.0032218999357562783,0.013514990449270865,0.014588068682000823,0,1,0.0,10,9.11716850268729,-194.0,10.0,892.4970207214355,-380.6470489501953,26.965988159179688,-21.08001708984375,Live,0.0,0.0,0.0,0.014588068682000823,1273.1440696716309,5.8859710693359375,0.004623177540978568,0,0.0,0.0
2022-02-10,4.65749979019165,0.012389888502715829,38.25971984863281,0.005123248798358571,0.007266639704357258,0.007266639704357258,0.013523482819129448,0.0144024062482964,1,0,-1.0,10,3.39677664161884,-194.0,10.0,903.5549592971802,-382.5971984863281,38.023926734924316,-23.030166625976562,Closed,903.5549592971802,-382.5971984863281,14.993760108947754,0.0144024062482964,1286.1521577835083,14.993760108947754,0.01165784313948302,0,14.993760108947754,0.0
2022-02-11,4.505000114440918,-0.03274281967159409,37.869686126708984,-0.01019436952144237,-0.022548450150151722,0.022548450150151722,0.014353035121363343,0.014487814655190457,0,1,1.0,10,2.6172258110233444,27.0,-10.0,-121.63500308990479,378.69686126708984,0.0,0.0,Opened,-121.63500308990479,378.69686126708984,0.0,0.014487814655190457,500.33186435699463,0.0,0.0,0,0.0,500.33186435699463
2022-02-12,4.505000114440918,0.0,37.869686126708984,0.0,0.0,0.0,0.014353035121363343,0.014487814655190457,1,0,-1.0,10,,-27.0,10.0,121.63500308990479,-378.69686126708984,0.0,0.0,Closed,121.63500308990479,-378.69686126708984,0.0,0.014487814655190457,500.33186435699463,0.0,0.0,0,0.0,0.0
2022-02-13,4.505000114440918,0.0,37.869686126708984,0.0,0.0,0.0,0.014353035121363343,0.014487814655190457,1,0,0.0,10,,0.0,0.0,0.0,0.0,0.0,0.0,,0.0,0.0,0.0,0.014487814655190457,0.0,0.0,0.0,0,0.0,0.0
2022-02-14,4.507500171661377,0.0005549516441620828,38.12041473388672,0.006620826123005408,-0.006065874478843325,0.006065874478843325,0.014352751127594692,0.014495892286192838,0,0,0.0,10,100.89715140178583,0.0,0.0,0.0,0.0,0.0,0.0,,0.0,0.0,0.0,0.014495892286192838,0.0,0.0,0.0,0,0.0,0.0
2022-02-15,4.531499862670898,0.005324390481537211,38.287574768066406,0.004385052873810746,0.0009393376077264648,0.0009393376077264648,0.014155991131801006,0.014477849499816774,1,0,0.0,10,6.958583175643955,0.0,0.0,0.0,0.0,0.0,0.0,,0.0,0.0,0.0,0.014477849499816774,0.0,0.0,0.0,0,0.0,0.0
2022-02-16,4.540500164031982,0.0019861638825646732,38.64045333862305,0.009216529714777266,-0.007230365832212593,0.007230365832212593,0.014076445150455768,0.014478075956115895,0,0,0.0,10,39.49033925883245,0.0,0.0,0.0,0.0,0.0,0.0,,0.0,0.0,0.0,0.014478075956115895,0.0,0.0,0.0,0,0.0,0.0
2022-02-17,4.525000095367432,-0.0034137359552007807,38.12041473388672,-0.013458398124344018,0.010044662169143237,0.010044662169143237,0.014072257165825932,0.014654810773172778,1,0,0.0,10,33.212568967476905,0.0,0.0,0.0,0.0,0.0,0.0,,0.0,0.0,0.0,0.014654810773172778,0.0,0.0,0.0,0,0.0,0.0
2022-02-18,4.519499778747559,-0.0012155395588839824,37.94397735595703,-0.0046284223076105135,0.003412882748726531,0.003412882748726531,0.014059157258385692,0.01467963025870606,1,0,0.0,10,31.968066051111,0.0,0.0,0.0,0.0,0.0,0.0,,0.0,0.0,0.0,0.01467963025870606,0.0,0.0,0.0,0,0.0,0.0
2022-02-19,4.519499778747559,0.0,37.94397735595703,0.0,0.0,0.0,0.013883070096720195,0.014666445533404179,1,0,0.0,10,,0.0,0.0,0.0,0.0,0.0,0.0,,0.0,0.0,0.0,0.014666445533404179,0.0,0.0,0.0,0,0.0,0.0
2022-02-20,4.519499778747559,0.0,37.94397735595703,0.0,0.0,0.0,0.013883070096720195,0.014666445533404179,1,0,0.0,10,,0.0,0.0,0.0,0.0,0.0,0.0,,0.0,0.0,0.0,0.014666445533404179,0.0,0.0,0.0,0,0.0,0.0
2022-02-21,4.519499778747559,0.0,37.94397735595703,0.0,0.0,0.0,0.013883070096720195,0.014666445533404179,1,0,0.0,10,,0.0,0.0,0.0,0.0,0.0,0.0,,0.0,0.0,0.0,0.014666445533404179,0.0,0.0,0.0,0,0.0,0.0
2022-02-22,4.510000228881836,-0.0021019029385493937,37.89754867553711,-0.0012236113253064618,-0.0008782916132429319,0.0008782916132429319,0.01382079306633381,0.014649726845055718,0,0,0.0,10,4.891762756042879,0.0,0.0,0.0,0.0,0.0,0.0,,0.0,0.0,0.0,0.014649726845055718,0.0,0.0,0.0,0,0.0,0.0
2022-02-23,4.481500148773193,-0.006319307907376448,37.656097412109375,-0.006371157815375783,5.184990799933509e-05,5.184990799933509e-05,0.01375873303211538,0.01453120556976469,1,0,0.0,10,8.471508278770113,0.0,0.0,0.0,0.0,0.0,0.0,,0.0,0.0,0.0,0.01453120556976469,0.0,0.0,0.0,0,0.0,0.0
2022-02-24,4.453999996185303,-0.00613637212428042,37.368228912353516,-0.007644671634593925,0.0015082995103135044,0.0015082995103135044,0.013642832730573094,0.014432220259871861,1,0,0.0,10,10.452001170043108,0.0,0.0,0.0,0.0,0.0,0.0,,0.0,0.0,0.0,0.014432220259871861,0.0,0.0,0.0,0,0.0,0.0
2022-02-25,4.4720001220703125,0.0040413394477831766,38.90046691894531,0.04100376312149101,-0.036962423673707834,0.036962423673707834,0.013519215727631463,0.015416065706992919,0,1,1.0,10,88.25745365260171,883.0,-10.0,-3948.776107788086,389.0046691894531,0.0,0.0,Opened,-3948.776107788086,389.0046691894531,0.0,0.015416065706992919,4337.780776977539,0.0,0.0,0,0.0,4337.780776977539
2022-02-26,4.4720001220703125,0.0,38.90046691894531,0.0,0.0,0.0,0.013408021915127542,0.015136111934725326,1,0,-1.0,10,,-883.0,10.0,3948.776107788086,-389.0046691894531,0.0,0.0,Closed,3948.776107788086,-389.0046691894531,0.0,0.015136111934725326,4337.780776977539,0.0,0.0,0,0.0,0.0
2022-02-27,4.4720001220703125,0.0,38.90046691894531,0.0,0.0,0.0,0.013408021915127542,0.015136111934725326,1,0,0.0,10,,0.0,0.0,0.0,0.0,0.0,0.0,,0.0,0.0,0.0,0.015136111934725326,0.0,0.0,0.0,0,0.0,0.0
2022-02-28,4.444499969482422,-0.006149407834801113,39.55979919433594,0.016949212377435963,-0.023098620212237075,0.023098620212237075,0.013439922481297837,0.015272833105594802,0,1,1.0,10,24.5328156620303,246.0,-10.0,-1093.3469924926758,395.5979919433594,0.0,0.0,Opened,-1093.3469924926758,395.5979919433594,0.0,0.015272833105594802,1488.9449844360352,0.0,0.0,0,0.0,1488.9449844360352
2022-03-01,4.58650016784668,0.031949645480770394,39.56908416748047,0.00023470728703456345,0.03171493819373583,0.03171493819373583,0.014018424529306983,0.015261436658443846,1,0,-1.0,10,0.06337750158784657,-246.0,10.0,1128.2790412902832,-395.6908416748047,34.93204879760742,-0.0928497314453125,Closed,1128.2790412902832,-395.6908416748047,34.83919906616211,0.015261436658443846,1523.969882965088,34.83919906616211,0.022860818613014696,0,34.83919906616211,0.0
2022-03-02,4.6554999351501465,0.015044100027987506,40.729881286621094,0.02933596123244664,-0.014291861204459133,0.014291861204459133,0.013964435700266982,0.01530726517395679,0,0,0.0,10,17.060074760257876,0.0,0.0,0.0,0.0,0.0,0.0,,0.0,0.0,0.0,0.01530726517395679,0.0,0.0,0.0,0,0.0,0.0
2022-03-03,4.771500110626221,0.02491680315582112,41.677085876464844,0.023255766035215286,0.001661037120605835,0.001661037120605835,0.013656309511491174,0.013743588082014657,1,0,0.0,10,8.152310921712045,0.0,0.0,0.0,0.0,0.0,0.0,,0.0,0.0,0.0,0.013743588082014657,0.0,0.0,0.0,0,0.0,0.0
2022-03-04,4.928999900817871,0.03300844316044249,41.32420349121094,-0.008467059964314294,0.041475503124756785,0.041475503124756785,0.014339619992573448,0.01368236376060334,1,1,1.0,10,2.1505684796466578,-22.0,10.0,108.43799781799316,-413.2420349121094,0.0,0.0,Opened,108.43799781799316,-413.2420349121094,0.0,0.014339619992573448,521.6800327301025,0.0,0.0,0,0.0,521.6800327301025
2022-03-05,4.928999900817871,0.0,41.32420349121094,0.0,0.0,0.0,0.013728604494784295,0.013569570833170506,1,1,0.0,10,,22.0,-10.0,-108.43799781799316,413.2420349121094,0.0,0.0,Live,0.0,0.0,0.0,0.013728604494784295,521.6800327301025,0.0,0.0,0,0.0,0.0
2022-03-06,4.928999900817871,0.0,41.32420349121094,0.0,0.0,0.0,0.013728604494784295,0.013569570833170506,1,1,0.0,10,,22.0,-10.0,-108.43799781799316,413.2420349121094,0.0,0.0,Live,0.0,0.0,0.0,0.013728604494784295,521.6800327301025,0.0,0.0,0,0.0,0.0
2022-03-07,4.7220001220703125,-0.041996304100799686,40.04269027709961,-0.03101120181019068,-0.010985102290609006,0.010985102290609006,0.015090161056677296,0.014365256004184944,0,0,-1.0,10,6.261880557419265,22.0,-10.0,-103.88400268554688,400.4269027709961,4.553995132446289,-12.815132141113281,Closed,-103.88400268554688,400.4269027709961,-8.261137008666992,0.015090161056677296,504.31090545654297,-8.261137008666992,-0.01638103978970739,1,-8.261137008666992,0.0
2022-03-08,4.700500011444092,-0.0045531787527346435,39.56908416748047,-0.011827529727441832,0.007274350974707189,0.007274350974707189,0.01511295236340096,0.014491399325660764,1,0,0.0,10,21.86710489403046,0.0,0.0,0.0,0.0,0.0,0.0,,0.0,0.0,0.0,0.01511295236340096,0.0,0.0,0.0,0,0.0,0.0
2022-03-09,4.564000129699707,-0.029039438658026717,39.81053161621094,0.006101921583742342,-0.03514136024176906,0.03514136024176906,0.01566186181811479,0.014473620275191841,0,1,1.0,10,1.8328660803634367,19.0,-10.0,-86.71600246429443,398.1053161621094,0.0,0.0,Opened,-86.71600246429443,398.1053161621094,0.0,0.01566186181811479,484.8213186264038,0.0,0.0,0,0.0,484.8213186264038
2022-03-10,4.643499851226807,0.01741886925238334,40.683448791503906,0.021926790219940484,-0.004507920967557144,0.004507920967557144,0.015607752024881849,0.014564315742460027,0,1,0.0,10,11.028778838841037,-19.0,10.0,88.22649717330933,-406.83448791503906,1.5104947090148926,-8.729171752929688,Live,0.0,0.0,0.0,0.015607752024881849,495.0609850883484,-7.218677043914795,-0.014581389488057825,0,0.0,0.0
2022-03-11,4.616000175476074,-0.0059221872793787655,39.856964111328125,-0.02031501027386795,0.014392822994489185,0.014392822994489185,0.015224005122449721,0.014826152280467781,1,0,-1.0,10,29.619198898712572,-19.0,10.0,87.70400333404541,-398.56964111328125,0.9880008697509766,-0.464324951171875,Closed,87.70400333404541,-398.56964111328125,0.5236759185791016,0.015224005122449721,486.27364444732666,0.5236759185791016,0.0010769161038416638,0,0.5236759185791016,0.0
2022-03-12,4.616000175476074,0.0,39.856964111328125,0.0,0.0,0.0,0.015084305329203232,0.014046347963048378,1,0,0.0,10,,0.0,0.0,0.0,0.0,0.0,0.0,,0.0,0.0,0.0,0.015084305329203232,0.0,0.0,0.0,0,0.0,0.0
2022-03-13,4.616000175476074,0.0,39.856964111328125,0.0,0.0,0.0,0.015084305329203232,0.014046347963048378,1,0,0.0,10,,0.0,0.0,0.0,0.0,0.0,0.0,,0.0,0.0,0.0,0.015084305329203232,0.0,0.0,0.0,0,0.0,0.0
2022-03-14,4.512499809265137,-0.02242208888136854,38.11113739013672,-0.04380230055442702,0.02138021167305848,0.02138021167305848,0.015430771888962358,0.01546339802764208,1,1,1.0,10,16.498921816284803,-165.0,10.0,744.5624685287476,-381.1113739013672,0.0,0.0,Opened,744.5624685287476,-381.1113739013672,0.0,0.01546339802764208,1125.6738424301147,0.0,0.0,0,0.0,1125.6738424301147
2022-03-15,4.501500129699707,-0.002437602222795654,37.50752258300781,-0.015838278478803036,0.013400676256007382,0.013400676256007382,0.015030444544855907,0.015235028340745884,1,1,0.0,10,54.13850389021716,165.0,-10.0,-742.7475214004517,375.0752258300781,1.8149471282958984,-6.0361480712890625,Live,0.0,0.0,0.0,0.015235028340745884,1117.8227472305298,-4.221200942993164,-0.0037762703912149155,0,0.0,0.0
2022-03-16,4.5879998207092285,0.01921574775458068,39.318359375,0.04827929618610849,-0.029063548431527808,0.029063548431527808,0.015214952048290568,0.01662597039877343,0,0,-1.0,10,21.531566964268418,165.0,-10.0,-757.0199704170227,393.18359375,-12.457501888275146,12.072219848632812,Closed,-757.0199704170227,393.18359375,-0.385282039642334,0.01662597039877343,1150.2035641670227,-0.385282039642334,-0.000334968566995665,0,-0.385282039642334,0.0
2022-03-17,4.690499782562256,0.022340881834904458,40.228416442871094,0.02314585558342852,-0.0008049737485240627,0.0008049737485240627,0.015410346155017513,0.01687337736224975,0,0,0.0,10,8.885599709473784,0.0,0.0,0.0,0.0,0.0,0.0,,0.0,0.0,0.0,0.01687337736224975,0.0,0.0,0.0,0,0.0,0.0
2022-03-18,4.730500221252441,0.008527969415731418,40.776309967041016,0.013619564790674499,-0.005091595374943081,0.005091595374943081,0.01513646226850203,0.016777450740080347,0,0,0.0,10,13.766338706080566,0.0,0.0,0.0,0.0,0.0,0.0,,0.0,0.0,0.0,0.016777450740080347,0.0,0.0,0.0,0,0.0,0.0
2022-03-19,4.730500221252441,0.0,40.776309967041016,0.0,0.0,0.0,0.014650927965715451,0.016451818887803834,1,0,0.0,10,,0.0,0.0,0.0,0.0,0.0,0.0,,0.0,0.0,0.0,0.016451818887803834,0.0,0.0,0.0,0,0.0,0.0
2022-03-20,4.730500221252441,0.0,40.776309967041016,0.0,0.0,0.0,0.014650927965715451,0.016451818887803834,1,0,0.0,10,,0.0,0.0,0.0,0.0,0.0,0.0,,0.0,0.0,0.0,0.016451818887803834,0.0,0.0,0.0,0,0.0,0.0
2022-03-21,4.701499938964844,-0.00613048957429696,41.76066589355469,0.024140387575759314,-0.030270877150056275,0.030270877150056275,0.014693609685104737,0.016696888604079023,0,1,1.0,10,34.976798939348605,350.0,-10.0,-1645.5249786376953,417.6066589355469,0.0,0.0,Opened,-1645.5249786376953,417.6066589355469,0.0,0.016696888604079023,2063.131637573242,0.0,0.0,0,0.0,2063.131637573242
2022-03-22,4.689000129699707,-0.002658685404107186,41.95567321777344,0.004669641157442506,-0.007328326561549692,0.007328326561549692,0.014705585341360369,0.016656190726977622,0,1,0.0,10,15.71545669228961,-350.0,10.0,1641.1500453948975,-419.5567321777344,-4.374933242797852,-1.9500732421875,Live,0.0,0.0,0.0,0.016656190726977622,2060.706777572632,-6.325006484985352,-0.0030693384201102916,0,0.0,0.0
2022-03-23,4.762499809265137,0.015674915234036524,42.41070556640625,0.010845549927680498,0.004829365306356026,0.004829365306356026,0.014438158816706435,0.016540370901199867,1,0,-1.0,10,6.161506392524602,-350.0,10.0,1666.8749332427979,-424.1070556640625,21.34995460510254,-6.500396728515625,Closed,1666.8749332427979,-424.1070556640625,14.849557876586914,0.016540370901199867,2090.9819889068604,14.849557876586914,0.0071017148666833235,0,14.849557876586914,0.0
2022-03-24,4.729000091552734,-0.0070340617436310815,42.88431167602539,0.011167135827947261,-0.018201197571578343,0.018201197571578343,0.014374477200112448,0.01656235088116259,0,1,1.0,10,14.396759300219516,144.0,-10.0,-680.9760131835938,428.8431167602539,0.0,0.0,Opened,-680.9760131835938,428.8431167602539,0.0,0.01656235088116259,1109.8191299438477,0.0,0.0,0,0.0,1109.8191299438477
2022-03-25,4.685999870300293,-0.009092878075695365,43.15361404418945,0.006279740950456247,-0.015372619026151613,0.015372619026151613,0.01441764996119986,0.01642813870829455,0,1,0.0,10,6.3599728509329365,-144.0,10.0,674.7839813232422,-431.53614044189453,-6.1920318603515625,-2.693023681640625,Live,0.0,0.0,0.0,0.01642813870829455,1106.3201217651367,-8.885055541992188,-0.008031179553903492,0,0.0,0.0
2022-03-26,4.685999870300293,0.0,43.15361404418945,0.0,0.0,0.0,0.014412912399370516,0.016434672775185365,1,0,-1.0,10,,-144.0,10.0,674.7839813232422,-431.53614044189453,-6.1920318603515625,-2.693023681640625,Closed,674.7839813232422,-431.53614044189453,-8.885055541992188,0.016434672775185365,1106.3201217651367,-8.885055541992188,-0.008031179553903492,0,-8.885055541992188,0.0
2022-03-27,4.685999870300293,0.0,43.15361404418945,0.0,0.0,0.0,0.014412912399370516,0.016434672775185365,1,0,0.0,10,,0.0,0.0,0.0,0.0,0.0,0.0,,0.0,0.0,0.0,0.016434672775185365,0.0,0.0,0.0,0,0.0,0.0
2022-03-28,4.714000225067139,0.005975321285071056,42.73573303222656,-0.009683569295841132,0.015658890580912188,0.015658890580912188,0.014429334755173343,0.016539758425301365,1,0,0.0,10,14.691825511914066,0.0,0.0,0.0,0.0,0.0,0.0,,0.0,0.0,0.0,0.016539758425301365,0.0,0.0,0.0,0,0.0,0.0
2022-03-29,4.7164998054504395,0.0005302461315146445,42.27141189575195,-0.01086493909264341,0.011395185224158055,0.011395185224158055,0.014403565802930257,0.016627604880206016,1,0,0.0,10,183.6439901059168,0.0,0.0,0.0,0.0,0.0,0.0,,0.0,0.0,0.0,0.016627604880206016,0.0,0.0,0.0,0,0.0,0.0
2022-03-30,4.739500045776367,0.004876548558180538,42.64286804199219,0.008787408075138448,-0.00391085951695791,0.00391085951695791,0.014410707282644795,0.01640563853313527,0,0,0.0,10,16.212952730711265,0.0,0.0,0.0,0.0,0.0,0.0,,0.0,0.0,0.0,0.01640563853313527,0.0,0.0,0.0,0,0.0,0.0
2022-03-31,4.743000030517578,0.0007384712960030182,42.26211929321289,-0.008928779096292416,0.009667250392295434,0.009667250392295434,0.013731456298914441,0.01583483544257784,1,0,0.0,10,107.73494724219312,0.0,0.0,0.0,0.0,0.0,0.0,,0.0,0.0,0.0,0.01583483544257784,0.0,0.0,0.0,0,0.0,0.0
2022-04-01,4.682499885559082,-0.012755670370909522,43.36719512939453,0.02614814057275905,-0.03890381094366857,0.03890381094366857,0.01375514513257132,0.01618880222519142,0,1,1.0,10,18.985458155010537,190.0,-10.0,-889.6749782562256,433.6719512939453,0.0,0.0,Opened,-889.6749782562256,433.6719512939453,0.0,0.01618880222519142,1323.346929550171,0.0,0.0,0,0.0,1323.346929550171
2022-04-02,4.682499885559082,0.0,43.36719512939453,0.0,0.0,0.0,0.012908122377265113,0.016087780993237436,1,0,-1.0,10,,-190.0,10.0,889.6749782562256,-433.6719512939453,0.0,0.0,Closed,889.6749782562256,-433.6719512939453,0.0,0.016087780993237436,1323.346929550171,0.0,0.0,0,0.0,0.0
2022-04-03,4.682499885559082,0.0,43.36719512939453,0.0,0.0,0.0,0.012908122377265113,0.016087780993237436,1,0,0.0,10,,0.0,0.0,0.0,0.0,0.0,0.0,,0.0,0.0,0.0,0.016087780993237436,0.0,0.0,0.0,0,0.0,0.0
2022-04-04,4.776500225067139,0.02007481939251199,43.50649642944336,0.00321213533947029,0.0168626840530417,0.0168626840530417,0.013190113222113428,0.01608261736671168,1,1,1.0,10,1.4574259472931477,-15.0,10.0,71.64750337600708,-435.0649642944336,0.0,0.0,Opened,71.64750337600708,-435.0649642944336,0.0,0.01608261736671168,506.7124676704407,0.0,0.0,0,0.0,506.7124676704407
2022-04-05,4.790999889373779,0.0030356251697731818,42.26211929321289,-0.028602099418612914,0.031637724588386096,0.031637724588386096,0.013192086151481241,0.016676985290308335,1,1,0.0,10,83.11413273117978,15.0,-10.0,-71.86499834060669,422.6211929321289,-0.21749496459960938,-12.443771362304688,Live,0.0,0.0,0.0,0.016676985290308335,494.4861912727356,-12.661266326904297,-0.025604893625676455,1,-12.661266326904297,0.0
2022-04-06,4.733500003814697,-0.012001646188014803,41.435638427734375,-0.01955606768663032,0.007554421498615516,0.007554421498615516,0.013311395205140953,0.016954377258042955,1,1,0.0,10,14.263705555972164,15.0,-10.0,-71.00250005722046,414.35638427734375,0.6450033187866211,-20.708580017089844,Live,0.0,0.0,0.0,0.016954377258042955,485.3588843345642,-20.063576698303223,-0.04133761088109214,1,0.0,0.0
2022-04-07,4.695000171661377,-0.008133480959605643,41.844242095947266,0.009861165019226403,-0.017994645978832047,0.017994645978832047,0.01337225971163405,0.016960436745441645,0,0,-1.0,10,10.80567411761221,15.0,-10.0,-70.42500257492065,418.44242095947266,1.2225008010864258,-16.622543334960938,Closed,-70.42500257492065,418.44242095947266,-15.400042533874512,0.016960436745441645,488.8674235343933,-15.400042533874512,-0.0315014701174726,1,0.0,0.0
2022-04-08,4.71999979019165,0.005324732186628767,42.19712448120117,0.008433236392351384,-0.0031085042057226175,0.0031085042057226175,0.013373739930132965,0.016842375072865914,0,0,0.0,10,14.159156518647267,0.0,0.0,0.0,0.0,0.0,0.0,,0.0,0.0,0.0,0.016842375072865914,0.0,0.0,0.0,0,0.0,0.0
2022-04-09,4.71999979019165,0.0,42.19712448120117,0.0,0.0,0.0,0.013370861170487525,0.01681693245998415,1,0,0.0,10,,0.0,0.0,0.0,0.0,0.0,0.0,,0.0,0.0,0.0,0.01681693245998415,0.0,0.0,0.0,0,0.0,0.0
2022-04-10,4.71999979019165,0.0,42.19712448120117,0.0,0.0,0.0,0.013370861170487525,0.01681693245998415,1,0,0.0,10,,0.0,0.0,0.0,0.0,0.0,0.0,,0.0,0.0,0.0,0.01681693245998415,0.0,0.0,0.0,0,0.0,0.0
2022-04-11,4.628499984741211,-0.01938555286391741,41.333492279052734,-0.02046661266061356,0.0010810597966961488,0.0010810597966961488,0.013676714098182186,0.01711955504678465,1,0,0.0,10,9.428217939502046,0.0,0.0,0.0,0.0,0.0,0.0,,0.0,0.0,0.0,0.01711955504678465,0.0,0.0,0.0,0,0.0,0.0
2022-04-12,4.703999996185303,0.016311982649452883,41.48207473754883,0.0035947230757318316,0.012717259573721051,0.012717259573721051,0.013856248765567332,0.01711915019018135,1,0,0.0,10,1.9433536735698742,0.0,0.0,0.0,0.0,0.0,0.0,,0.0,0.0,0.0,0.01711915019018135,0.0,0.0,0.0,0,0.0,0.0
2022-04-13,4.706999778747559,0.0006377088785476381,42.91217041015625,0.03447502762712418,-0.03383731874857654,0.03383731874857654,0.013849572332974331,0.01771895316272479,0,1,1.0,10,492.85420045916754,4929.0,-10.0,-23200.801909446716,429.1217041015625,0.0,0.0,Opened,-23200.801909446716,429.1217041015625,0.0,0.01771895316272479,23629.92361354828,0.0,0.0,0,0.0,23629.92361354828
2022-04-14,4.7170000076293945,0.00212454415804042,42.819305419921875,-0.002164071156195768,0.004288615314236188,0.004288615314236188,0.013810555670198456,0.017685237194569645,1,0,-1.0,10,9.246545598062202,-4929.0,10.0,23250.093037605286,-428.19305419921875,49.291128158569336,0.92864990234375,Closed,23250.093037605286,-428.19305419921875,50.219778060913086,0.017685237194569645,23678.286091804504,50.219778060913086,0.00212092116237649,0,50.219778060913086,0.0
2022-04-15,4.7170000076293945,0.0,42.819305419921875,0.0,0.0,0.0,0.013771982078332225,0.01762669942022379,1,0,0.0,10,,0.0,0.0,0.0,0.0,0.0,0.0,,0.0,0.0,0.0,0.01762669942022379,0.0,0.0,0.0,0,0.0,0.0
2022-04-16,4.7170000076293945,0.0,42.819305419921875,0.0,0.0,0.0,0.01376707069167973,0.016748727613126704,1,0,0.0,10,,0.0,0.0,0.0,0.0,0.0,0.0,,0.0,0.0,0.0,0.016748727613126704,0.0,0.0,0.0,0,0.0,0.0
2022-04-17,4.7170000076293945,0.0,42.819305419921875,0.0,0.0,0.0,0.01376707069167973,0.016748727613126704,1,0,0.0,10,,0.0,0.0,0.0,0.0,0.0,0.0,,0.0,0.0,0.0,0.016748727613126704,0.0,0.0,0.0,0,0.0,0.0
2022-04-18,4.796000003814697,0.01674793217246684,43.209327697753906,0.009108561523993641,0.007639370648473198,0.007639370648473198,0.013940908713119345,0.016775392955286357,1,0,0.0,10,4.899896844179614,0.0,0.0,0.0,0.0,0.0,0.0,,0.0,0.0,0.0,0.016775392955286357,0.0,0.0,0.0,0,0.0,0.0
2022-04-19,4.714000225067139,-0.017097535171463063,43.03289031982422,-0.004083316897773859,-0.013014218273689204,0.013014218273689204,0.014147871800447426,0.016662367506367966,0,0,0.0,10,2.1801706954348767,0.0,0.0,0.0,0.0,0.0,0.0,,0.0,0.0,0.0,0.016662367506367966,0.0,0.0,0.0,0,0.0,0.0
2022-04-20,4.649499893188477,-0.013682717182675441,42.289981842041016,-0.017263736464407597,0.0035810192817321562,0.0035810192817321562,0.013589628750535657,0.016878709148763032,1,0,0.0,10,11.4760836197307,0.0,0.0,0.0,0.0,0.0,0.0,,0.0,0.0,0.0,0.016878709148763032,0.0,0.0,0.0,0,0.0,0.0
2022-04-21,4.703499794006348,0.01161413099438513,40.04269027709961,-0.05314004563386554,0.06475417662825067,0.06475417662825067,0.013522501909189409,0.018086749059061172,1,1,1.0,10,38.95267806671251,-390.0,10.0,1834.3649196624756,-400.4269027709961,0.0,0.0,Opened,1834.3649196624756,-400.4269027709961,0.0,0.018086749059061172,2234.7918224334717,0.0,0.0,0,0.0,2234.7918224334717
2022-04-22,4.582499980926514,-0.025725484932310083,38.07398223876953,-0.04916522902698128,0.0234397440946712,0.0234397440946712,0.013537241799461808,0.01904609019492479,1,1,0.0,10,15.878896854574958,390.0,-10.0,-1787.1749925613403,380.7398223876953,47.189927101135254,-19.68708038330078,Live,0.0,0.0,0.0,0.01904609019492479,2167.9148149490356,27.502846717834473,0.012686313377345973,0,0.0,0.0
2022-04-23,4.582499980926514,0.0,38.07398223876953,0.0,0.0,0.0,0.012633655509464926,0.019021664495448082,1,1,0.0,10,,390.0,-10.0,-1787.1749925613403,380.7398223876953,47.189927101135254,-19.68708038330078,Live,0.0,0.0,0.0,0.019021664495448082,2167.9148149490356,27.502846717834473,0.012686313377345973,0,0.0,0.0
2022-04-24,4.582499980926514,0.0,38.07398223876953,0.0,0.0,0.0,0.012633655509464926,0.019021664495448082,1,1,0.0,10,,390.0,-10.0,-1787.1749925613403,380.7398223876953,47.189927101135254,-19.68708038330078,Live,0.0,0.0,0.0,0.019021664495448082,2167.9148149490356,27.502846717834473,0.012686313377345973,0,0.0,0.0
2022-04-25,4.448999881744385,-0.02913259132303092,37.35893630981445,-0.018780434483340436,-0.010352156839690485,0.010352156839690485,0.013226673194356997,0.019177067920452085,0,0,-1.0,10,5.413256762352542,390.0,-10.0,-1735.10995388031,373.58936309814453,99.25496578216553,-26.837539672851562,Closed,-1735.10995388031,373.58936309814453,72.41742610931396,0.019177067920452085,2108.6993169784546,72.41742610931396,0.03434222486166522,0,72.41742610931396,0.0
2022-04-26,4.440000057220459,-0.002022887112417049,35.84526062011719,-0.040517098162123344,0.038494211049706295,0.038494211049706295,0.011898799404143059,0.019516347761421013,1,1,1.0,10,161.70202278564022,-1618.0,10.0,7183.920092582703,-358.4526062011719,0.0,0.0,Opened,7183.920092582703,-358.4526062011719,0.0,0.019516347761421013,7542.3726987838745,0.0,0.0,0,0.0,7542.3726987838745
2022-04-27,4.454500198364258,0.0032657975128216332,37.275360107421875,0.03989647341278024,-0.03663067589995861,0.03663067589995861,0.011904688910904543,0.020339575870143498,0,0,-1.0,10,102.22758936297087,1618.0,-10.0,-7207.381320953369,372.75360107421875,-23.461228370666504,14.300994873046875,Closed,-7207.381320953369,372.75360107421875,-9.160233497619629,0.020339575870143498,7580.134922027588,-9.160233497619629,-0.001208452566061896,0,-9.160233497619629,0.0
2022-04-28,4.41349983215332,-0.009204257354392564,37.60967254638672,0.008968724594515143,-0.018172981948907707,0.018172981948907707,0.011264699914973772,0.020364000362632473,0,0,0.0,10,8.303446136487349,0.0,0.0,0.0,0.0,0.0,0.0,,0.0,0.0,0.0,0.020364000362632473,0.0,0.0,0.0,0,0.0,0.0
2022-04-29,4.394999980926514,-0.004191651054800349,37.18250274658203,-0.011357977107560036,0.007166326052759686,0.007166326052759686,0.01096963425083407,0.020144344526628135,1,0,0.0,10,22.924274951516594,0.0,0.0,0.0,0.0,0.0,0.0,,0.0,0.0,0.0,0.020144344526628135,0.0,0.0,0.0,0,0.0,0.0
2022-04-30,4.394999980926514,0.0,37.18250274658203,0.0,0.0,0.0,0.010947796949246101,0.01996318383847265,1,0,0.0,10,,0.0,0.0,0.0,0.0,0.0,0.0,,0.0,0.0,0.0,0.01996318383847265,0.0,0.0,0.0,0,0.0,0.0
2022-05-01,4.394999980926514,0.0,37.18250274658203,0.0,0.0,0.0,0.010947796949246101,0.01996318383847265,1,0,0.0,10,,0.0,0.0,0.0,0.0,0.0,0.0,,0.0,0.0,0.0,0.01996318383847265,0.0,0.0,0.0,0,0.0,0.0
2022-05-02,4.255499839782715,-0.0317406465868495,36.6903190612793,-0.013236970320616104,-0.018503676266233393,0.018503676266233393,0.011781738239448841,0.020034700754049835,0,0,0.0,10,3.5956195701593647,0.0,0.0,0.0,0.0,0.0,0.0,,0.0,0.0,0.0,0.020034700754049835,0.0,0.0,0.0,0,0.0,0.0
2022-05-03,4.270999908447266,0.003642361472945721,37.08963394165039,0.010883385333994244,-0.007241023861048523,0.007241023861048523,0.011410462943753372,0.01914890857838248,0,0,0.0,10,25.948003468391672,0.0,0.0,0.0,0.0,0.0,0.0,,0.0,0.0,0.0,0.01914890857838248,0.0,0.0,0.0,0,0.0,0.0
2022-05-04,4.328499794006348,0.013462862746814297,37.88825988769531,0.021532322138884563,-0.008069459392070266,0.008069459392070266,0.011590733731838231,0.019261529086534945,0,0,0.0,10,13.999763812588965,0.0,0.0,0.0,0.0,0.0,0.0,,0.0,0.0,0.0,0.019261529086534945,0.0,0.0,0.0,0,0.0,0.0
2022-05-05,4.284999847412109,-0.010049658926742366,35.92884063720703,-0.051715736122382006,0.04166607719563964,0.04166607719563964,0.011298857154132423,0.01937803917931067,1,1,1.0,10,43.14830907190049,-432.0,10.0,1851.1199340820312,-359.2884063720703,0.0,0.0,Opened,1851.1199340820312,-359.2884063720703,0.0,0.01937803917931067,2210.4083404541016,0.0,0.0,0,0.0,2210.4083404541016
2022-05-06,4.261499881744385,-0.005484239557655313,35.26951217651367,-0.01835095285570043,0.012866713298045118,0.012866713298045118,0.010784085229194097,0.019183566367728593,1,1,0.0,10,27.69358466802789,432.0,-10.0,-1840.9679489135742,352.6951217651367,10.151985168457031,-6.593284606933594,Live,0.0,0.0,0.0,0.019183566367728593,2193.663070678711,3.5587005615234375,0.0016222639698367121,0,0.0,0.0
2022-05-07,4.261499881744385,0.0,35.26951217651367,0.0,0.0,0.0,0.010683419973450379,0.019047013421504642,1,1,0.0,10,,432.0,-10.0,-1840.9679489135742,352.6951217651367,10.151985168457031,-6.593284606933594,Live,0.0,0.0,0.0,0.019047013421504642,2193.663070678711,3.5587005615234375,0.0016222639698367121,0,0.0,0.0
2022-05-08,4.261499881744385,0.0,35.26951217651367,0.0,0.0,0.0,0.010683419973450379,0.019047013421504642,1,1,0.0,10,,432.0,-10.0,-1840.9679489135742,352.6951217651367,10.151985168457031,-6.593284606933594,Live,0.0,0.0,0.0,0.019047013421504642,2193.663070678711,3.5587005615234375,0.0016222639698367121,0,0.0,0.0
2022-05-09,4.192999839782715,-0.0160741625865376,33.15222930908203,-0.06003153252688198,0.04395736994034438,0.04395736994034438,0.010861462108750143,0.020693135907551383,1,1,0.0,10,29.528335424603217,432.0,-10.0,-1811.3759307861328,331.5222930908203,39.74400329589844,-27.76611328125,Live,0.0,0.0,0.0,0.020693135907551383,2142.898223876953,11.977890014648438,0.005589574848299569,0,0.0,0.0
2022-05-10,4.1545000076293945,-0.009181930270551919,32.68791198730469,-0.014005613844199183,0.004823683573647264,0.004823683573647264,0.010891661463294925,0.020337691984712598,1,1,0.0,10,12.00152885269912,432.0,-10.0,-1794.7440032958984,326.8791198730469,56.37593078613281,-32.40928649902344,Live,0.0,0.0,0.0,0.020337691984712598,2121.6231231689453,23.966644287109375,0.011296372115002116,0,0.0,0.0
2022-05-11,4.212500095367432,0.013960786528228297,32.97578811645508,0.008806806909606113,0.005153979618622184,0.005153979618622184,0.011134866304415495,0.02038487254435772,1,1,0.0,10,4.938145115742862,432.0,-10.0,-1819.8000411987305,329.7578811645508,31.31989288330078,-29.53052520751953,Live,0.0,0.0,0.0,0.02038487254435772,2149.5579223632812,1.78936767578125,0.000832435198496057,0,0.0,0.0
2022-05-12,4.105000019073486,-0.025519305367414757,31.907861709594727,-0.03238516705314021,0.0068658616857254495,0.0068658616857254495,0.011316877969798446,0.0206317712651834,1,1,0.0,10,9.864199122642088,432.0,-10.0,-1773.360008239746,319.07861709594727,77.75992584228516,-40.20978927612305,Live,0.0,0.0,0.0,0.0206317712651834,2092.4386253356934,37.55013656616211,0.017945633440090928,0,0.0,0.0
2022-05-13,4.180500030517578,0.0183922073308862,32.929359436035156,0.032013982501787774,-0.013621775170901573,0.013621775170901573,0.01169252509499274,0.021178105786207848,0,0,-1.0,10,13.71074017747258,432.0,-10.0,-1805.9760131835938,329.29359436035156,45.1439208984375,-29.99481201171875,Closed,-1805.9760131835938,329.29359436035156,15.14910888671875,0.021178105786207848,2135.2696075439453,15.14910888671875,0.0070947054335418255,0,15.14910888671875,0.0
2022-05-14,4.180500030517578,0.0,32.929359436035156,0.0,0.0,0.0,0.011656886003502766,0.021128130753772192,1,0,0.0,10,,0.0,0.0,0.0,0.0,0.0,0.0,,0.0,0.0,0.0,0.021128130753772192,0.0,0.0,0.0,0,0.0,0.0
2022-05-15,4.180500030517578,0.0,32.929359436035156,0.0,0.0,0.0,0.011656886003502766,0.021128130753772192,1,0,0.0,10,,0.0,0.0,0.0,0.0,0.0,0.0,,0.0,0.0,0.0,0.021128130753772192,0.0,0.0,0.0,0,0.0,0.0
2022-05-16,4.196499824523926,0.00382724408313595,33.523677825927734,0.018048282750444455,-0.014221038667308505,0.014221038667308505,0.011684250215436023,0.021371065074694967,0,0,0.0,10,37.67160943377954,0.0,0.0,0.0,0.0,0.0,0.0,,0.0,0.0,0.0,0.021371065074694967,0.0,0.0,0.0,0,0.0,0.0
2022-05-17,4.239500045776367,0.010246687251397546,35.11164855957031,0.04736863126677626,-0.037121944015378716,0.037121944015378716,0.011760139195901805,0.02259367122871532,0,1,1.0,10,38.28634703270204,383.0,-10.0,-1623.7285175323486,351.1164855957031,0.0,0.0,Opened,-1623.7285175323486,351.1164855957031,0.0,0.02259367122871532,1974.8450031280518,0.0,0.0,0,0.0,1974.8450031280518
2022-05-18,4.182000160217285,-0.013562893015266475,34.00656509399414,-0.03147341440551532,0.017910521390248846,0.017910521390248846,0.011865419470248663,0.022913329233329602,1,0,-1.0,10,18.869928136774348,-383.0,10.0,1601.7060613632202,-340.0656509399414,-22.022456169128418,11.050834655761719,Closed,1601.7060613632202,-340.0656509399414,-10.9716215133667,0.022913329233329602,1941.7717123031616,-10.9716215133667,-0.005650314835595741,0,-10.9716215133667,0.0
2022-05-19,4.284999847412109,0.0246292881991359,35.501670837402344,0.04396520904936252,-0.019335920850226618,0.019335920850226618,0.012425955503412791,0.023837954361065002,0,0,0.0,10,14.789560356233732,0.0,0.0,0.0,0.0,0.0,0.0,,0.0,0.0,0.0,0.023837954361065002,0.0,0.0,0.0,0,0.0,0.0
2022-05-20,4.281000137329102,-0.0009334212894834826,35.455238342285156,-0.0013078960517055593,0.00037447476222207676,0.00037447476222207676,0.012420854174892165,0.023826100598019383,1,0,0.0,10,11.604613862265348,0.0,0.0,0.0,0.0,0.0,0.0,,0.0,0.0,0.0,0.023826100598019383,0.0,0.0,0.0,0,0.0,0.0
2022-05-21,4.281000137329102,0.0,35.455238342285156,0.0,0.0,0.0,0.012325467838672105,0.02345224251809886,1,0,0.0,10,,0.0,0.0,0.0,0.0,0.0,0.0,,0.0,0.0,0.0,0.02345224251809886,0.0,0.0,0.0,0,0.0,0.0
2022-05-22,4.281000137329102,0.0,35.455238342285156,0.0,0.0,0.0,0.012325467838672105,0.02345224251809886,1,0,0.0,10,,0.0,0.0,0.0,0.0,0.0,0.0,,0.0,0.0,0.0,0.02345224251809886,0.0,0.0,0.0,0,0.0,0.0
2022-05-23,4.347499847412109,0.015533685575748857,36.37458419799805,0.025929760980239802,-0.010396075404490945,0.010396075404490945,0.012563095903352016,0.023820625532798755,0,0,0.0,10,13.966335337984681,0.0,0.0,0.0,0.0,0.0,0.0,,0.0,0.0,0.0,0.023820625532798755,0.0,0.0,0.0,0,0.0,0.0
2022-05-24,4.325500011444092,-0.005060341975886007,36.04956817626953,-0.008935250502365988,0.003874908526479981,0.003874908526479981,0.012183159187447052,0.023815525179861595,1,0,0.0,10,14.71602831037877,0.0,0.0,0.0,0.0,0.0,0.0,,0.0,0.0,0.0,0.023815525179861595,0.0,0.0,0.0,0,0.0,0.0
2022-05-25,4.2769999504089355,-0.01121259066162028,35.94741439819336,-0.002833703238182439,-0.008378887423437842,0.008378887423437842,0.01223169142162116,0.023537830001509105,0,0,0.0,10,2.1241090621933134,0.0,0.0,0.0,0.0,0.0,0.0,,0.0,0.0,0.0,0.023537830001509105,0.0,0.0,0.0,0,0.0,0.0
2022-05-26,4.255000114440918,-0.0051437540853640495,36.263145446777344,0.008783136530672309,-0.013926890616036358,0.013926890616036358,0.012157691058810031,0.023471094385853895,0,0,0.0,10,14.552423737922991,0.0,0.0,0.0,0.0,0.0,0.0,,0.0,0.0,0.0,0.023471094385853895,0.0,0.0,0.0,0,0.0,0.0
2022-05-27,4.303999900817871,0.01151581317487027,36.866764068603516,0.01664551197612152,-0.005129698801251248,0.005129698801251248,0.012274258001489787,0.023562800471801402,0,0,0.0,10,12.3812734095406,0.0,0.0,0.0,0.0,0.0,0.0,,0.0,0.0,0.0,0.023562800471801402,0.0,0.0,0.0,0,0.0,0.0
2022-05-28,4.303999900817871,0.0,36.866764068603516,0.0,0.0,0.0,0.012235428129485049,0.02351486428346491,1,0,0.0,10,,0.0,0.0,0.0,0.0,0.0,0.0,,0.0,0.0,0.0,0.02351486428346491,0.0,0.0,0.0,0,0.0,0.0
2022-05-29,4.303999900817871,0.0,36.866764068603516,0.0,0.0,0.0,0.012235428129485049,0.02351486428346491,1,0,0.0,10,,0.0,0.0,0.0,0.0,0.0,0.0,,0.0,0.0,0.0,0.02351486428346491,0.0,0.0,0.0,0,0.0,0.0
2022-05-30,4.303999900817871,0.0,36.866764068603516,0.0,0.0,0.0,0.012235428129485049,0.02351486428346491,1,0,0.0,10,,0.0,0.0,0.0,0.0,0.0,0.0,,0.0,0.0,0.0,0.02351486428346491,0.0,0.0,0.0,0,0.0,0.0
2022-05-31,4.295000076293945,-0.0020910373446373365,36.71818542480469,-0.004030151480676314,0.0019391141360389774,0.0019391141360389774,0.011968826519075056,0.02337193947056982,1,0,0.0,10,16.476980050329043,0.0,0.0,0.0,0.0,0.0,0.0,,0.0,0.0,0.0,0.02337193947056982,0.0,0.0,0.0,0,0.0,0.0
2022-06-01,4.329999923706055,0.00814897480567911,36.699607849121094,-0.0005059502660238469,0.008654925071702957,0.008654925071702957,0.01177608464199062,0.023358756922675316,1,0,0.0,10,0.5262333747844405,0.0,0.0,0.0,0.0,0.0,0.0,,0.0,0.0,0.0,0.023358756922675316,0.0,0.0,0.0,0,0.0,0.0
2022-06-02,4.553999900817871,0.051732097242185304,38.39900588989258,0.046305618516634395,0.0054264787255509095,0.0054264787255509095,0.013983167010734219,0.023793474763542412,1,0,0.0,10,7.54745562998762,0.0,0.0,0.0,0.0,0.0,0.0,,0.0,0.0,0.0,0.023793474763542412,0.0,0.0,0.0,0,0.0,0.0
2022-06-03,4.477499961853027,-0.016798405935648963,37.832542419433594,-0.014752034781402745,-0.002046371154246218,0.002046371154246218,0.014163790170461953,0.023862385009022297,0,0,0.0,10,7.420168930374764,0.0,0.0,0.0,0.0,0.0,0.0,,0.0,0.0,0.0,0.023862385009022297,0.0,0.0,0.0,0,0.0,0.0
2022-06-04,4.477499961853027,0.0,37.832542419433594,0.0,0.0,0.0,0.014163790170461953,0.023862385009022297,1,0,0.0,10,,0.0,0.0,0.0,0.0,0.0,0.0,,0.0,0.0,0.0,0.023862385009022297,0.0,0.0,0.0,0,0.0,0.0
2022-06-05,4.477499961853027,0.0,37.832542419433594,0.0,0.0,0.0,0.014163790170461953,0.023862385009022297,1,0,0.0,10,,0.0,0.0,0.0,0.0,0.0,0.0,,0.0,0.0,0.0,0.023862385009022297,0.0,0.0,0.0,0,0.0,0.0
2022-06-06,4.439499855041504,-0.008486902766113524,38.306148529052734,0.012518484863334622,-0.021005387629448147,0.021005387629448147,0.01420304786167721,0.023951364267234203,0,0,0.0,10,12.727320602064783,0.0,0.0,0.0,0.0,0.0,0.0,,0.0,0.0,0.0,0.023951364267234203,0.0,0.0,0.0,0,0.0,0.0
2022-06-07,4.439499855041504,0.0,38.70545196533203,0.01042400375951269,-0.01042400375951269,0.01042400375951269,0.013968769892049133,0.0239644690446341,0,0,0.0,10,inf,0.0,0.0,0.0,0.0,0.0,0.0,,0.0,0.0,0.0,0.0239644690446341,0.0,0.0,0.0,0,0.0,0.0
2022-06-08,4.458499908447266,0.004279773403795817,37.84183120727539,-0.022312638509690452,0.02659241191348627,0.02659241191348627,0.01380622505543986,0.02413617223793471,1,1,1.0,10,44.25002659476152,-443.0,10.0,1975.1154594421387,-378.4183120727539,0.0,0.0,Opened,1975.1154594421387,-378.4183120727539,0.0,0.02413617223793471,2353.5337715148926,0.0,0.0,0,0.0,2353.5337715148926
2022-06-09,4.388999938964844,-0.015588195785480319,36.56959915161133,-0.033619727562747226,0.018031531777266907,0.018031531777266907,0.013844465757656682,0.02445215827655327,1,1,0.0,10,17.970202172421814,443.0,-10.0,-1944.3269729614258,365.6959915161133,30.78848648071289,-12.722320556640625,Live,0.0,0.0,0.0,0.02445215827655327,2310.022964477539,18.066165924072266,0.00782077330047596,0,0.0,0.0
2022-06-10,4.301000118255615,-0.02005008474207992,35.71525573730469,-0.023362121382973777,0.003312036640893856,0.003312036640893856,0.013976503328704721,0.023541958424403077,1,1,0.0,10,9.675654971807454,443.0,-10.0,-1905.3430523872375,357.1525573730469,69.77240705490112,-21.26575469970703,Live,0.0,0.0,0.0,0.023541958424403077,2262.4956097602844,48.50665235519409,0.02143944595779059,0,0.0,0.0
2022-06-11,4.301000118255615,0.0,35.71525573730469,0.0,0.0,0.0,0.013540434854792107,0.022537597678342115,1,1,0.0,10,,443.0,-10.0,-1905.3430523872375,357.1525573730469,69.77240705490112,-21.26575469970703,Live,0.0,0.0,0.0,0.022537597678342115,2262.4956097602844,48.50665235519409,0.02143944595779059,0,0.0,0.0
2022-06-12,4.301000118255615,0.0,35.71525573730469,0.0,0.0,0.0,0.013540434854792107,0.022537597678342115,1,1,0.0,10,,443.0,-10.0,-1905.3430523872375,357.1525573730469,69.77240705490112,-21.26575469970703,Live,0.0,0.0,0.0,0.022537597678342115,2262.4956097602844,48.50665235519409,0.02143944595779059,0,0.0,0.0
2022-06-13,4.2164998054504395,-0.019646666003684587,33.83012771606445,-0.05278215099748573,0.033135484993801145,0.033135484993801145,0.013788353790581258,0.02369486625341648,1,1,0.0,10,21.555086765502104,443.0,-10.0,-1867.9094138145447,338.30127716064453,107.206045627594,-40.117034912109375,Live,0.0,0.0,0.0,0.02369486625341648,2206.210690975189,67.08901071548462,0.03040915855857354,0,0.0,0.0
2022-06-14,4.161499977111816,-0.013043953723780088,33.356529235839844,-0.01399931103422103,0.0009553573104409407,0.0009553573104409407,0.013311510351595276,0.023635685301799922,1,1,0.0,10,8.602573115842329,443.0,-10.0,-1843.5444898605347,333.56529235839844,131.570969581604,-44.85301971435547,Live,0.0,0.0,0.0,0.023635685301799922,2177.109782218933,86.71794986724854,0.039831684454086046,0,0.0,0.0
2022-06-15,4.167500019073486,0.0014417979081269294,33.9044189453125,0.01642526132137201,-0.01498346341324508,0.01498346341324508,0.013316416455237833,0.023107292158095927,0,0,-1.0,10,92.6805477947768,443.0,-10.0,-1846.2025084495544,339.044189453125,128.91295099258423,-39.374122619628906,Closed,-1846.2025084495544,339.044189453125,89.53882837295532,0.023107292158095927,2185.2466979026794,89.53882837295532,0.04097424261475441,0,89.53882837295532,0.0
2022-06-16,4.111999988555908,-0.013317343794497893,32.50218200683594,-0.04135853030657621,0.02804118651207832,0.02804118651207832,0.013409622295300763,0.02304037061579545,1,1,1.0,10,24.547479117915675,-246.0,10.0,1011.5519971847534,-325.0218200683594,0.0,0.0,Opened,1011.5519971847534,-325.0218200683594,0.0,0.02304037061579545,1336.5738172531128,0.0,0.0,0,0.0,1336.5738172531128
2022-06-17,4.017499923706055,-0.022981533344566207,32.06572341918945,-0.013428593426579427,-0.00955293991798678,0.00955293991798678,0.013709129996314285,0.023031068554462793,0,0,-1.0,10,4.663765316563273,246.0,-10.0,-988.3049812316895,320.65723419189453,23.247015953063965,-4.364585876464844,Closed,-988.3049812316895,320.65723419189453,18.88243007659912,0.023031068554462793,1308.962215423584,18.88243007659912,0.01442549666759381,0,18.88243007659912,0.0
2022-06-18,4.017499923706055,0.0,32.06572341918945,0.0,0.0,0.0,0.01370694061196819,0.02300216672737497,1,0,0.0,10,,0.0,0.0,0.0,0.0,0.0,0.0,,0.0,0.0,0.0,0.02300216672737497,0.0,0.0,0.0,0,0.0,0.0
2022-06-19,4.017499923706055,0.0,32.06572341918945,0.0,0.0,0.0,0.01370694061196819,0.02300216672737497,1,0,0.0,10,,0.0,0.0,0.0,0.0,0.0,0.0,,0.0,0.0,0.0,0.02300216672737497,0.0,0.0,0.0,0,0.0,0.0
2022-06-20,4.017499923706055,0.0,32.06572341918945,0.0,0.0,0.0,0.01370694061196819,0.02300216672737497,1,0,0.0,10,,0.0,0.0,0.0,0.0,0.0,0.0,,0.0,0.0,0.0,0.02300216672737497,0.0,0.0,0.0,0,0.0,0.0
2022-06-21,4.043000221252441,0.006347305048076679,32.297882080078125,0.007240088048340754,-0.0008927830002640746,0.0008927830002640746,0.01304597013222168,0.022992941608424456,0,0,0.0,10,9.112231748698136,0.0,0.0,0.0,0.0,0.0,0.0,,0.0,0.0,0.0,0.022992941608424456,0.0,0.0,0.0,0,0.0,0.0
2022-06-22,3.9514999389648438,-0.022631777709686274,30.56134033203125,-0.05376642789584041,0.031134650186154134,0.031134650186154134,0.013382389583364379,0.024031570490046224,1,1,1.0,10,18.373967034896904,-184.0,10.0,727.0759887695312,-305.6134033203125,0.0,0.0,Opened,727.0759887695312,-305.6134033203125,0.0,0.024031570490046224,1032.6893920898438,0.0,0.0,0,0.0,1032.6893920898438
2022-06-23,3.758500099182129,-0.048842172026775765,28.71335792541504,-0.06046797642181112,0.011625804395035355,0.011625804395035355,0.014790525582528151,0.02505895067360842,1,1,0.0,10,9.458012524219946,184.0,-10.0,-691.5640182495117,287.1335792541504,35.51197052001953,-18.47982406616211,Live,0.0,0.0,0.0,0.02505895067360842,978.6975975036621,17.032146453857422,0.017402869382024504,0,0.0,0.0
2022-06-24,3.759999990463257,0.00039906644713250117,29.864864349365234,0.04010350955612063,-0.03970444310898813,0.03970444310898813,0.014758529438861894,0.02494613287869456,0,0,-1.0,10,798.1965908495723,184.0,-10.0,-691.8399982452393,298.64864349365234,35.23599052429199,-6.964759826660156,Closed,-691.8399982452393,298.64864349365234,28.271230697631836,0.02494613287869456,990.4886417388916,28.271230697631836,0.02854271064431305,0,28.271230697631836,0.0
2022-06-25,3.759999990463257,0.0,29.864864349365234,0.0,0.0,0.0,0.014756306945227669,0.024856249413056405,1,0,0.0,10,,0.0,0.0,0.0,0.0,0.0,0.0,,0.0,0.0,0.0,0.024856249413056405,0.0,0.0,0.0,0,0.0,0.0
2022-06-26,3.759999990463257,0.0,29.864864349365234,0.0,0.0,0.0,0.014756306945227669,0.024856249413056405,1,0,0.0,10,,0.0,0.0,0.0,0.0,0.0,0.0,,0.0,0.0,0.0,0.024856249413056405,0.0,0.0,0.0,0,0.0,0.0
2022-06-27,3.7790000438690186,0.005053205705838559,30.449905395507812,0.019589610027979765,-0.014536404322141205,0.014536404322141205,0.014790304637047658,0.025058319794177067,0,0,0.0,10,31.236895406466065,0.0,0.0,0.0,0.0,0.0,0.0,,0.0,0.0,0.0,0.025058319794177067,0.0,0.0,0.0,0,0.0,0.0
2022-06-28,3.7839999198913574,0.0013230685272023202,30.28274917602539,-0.005489548072851513,0.0068126166000538335,0.0068126166000538335,0.014663581592327888,0.023656176218966197,1,0,0.0,10,33.20461391174301,0.0,0.0,0.0,0.0,0.0,0.0,,0.0,0.0,0.0,0.023656176218966197,0.0,0.0,0.0,0,0.0,0.0
2022-06-29,3.7790000438690186,-0.0013213203298594323,29.50222396850586,-0.025774582188114792,0.02445326185825536,0.02445326185825536,0.014626502517724155,0.0238406434932182,1,1,1.0,10,152.28648955151215,-1523.0,10.0,5755.417066812515,-295.0222396850586,0.0,0.0,Opened,5755.417066812515,-295.0222396850586,0.0,0.0238406434932182,6050.439306497574,0.0,0.0,0,0.0,6050.439306497574
2022-06-30,3.7144999504089355,-0.017068031942663486,28.847043991088867,-0.022207816540082193,0.005139784597418706,0.005139784597418706,0.014602902073564074,0.023963040339706355,1,1,0.0,10,10.104698832689184,1523.0,-10.0,-5657.183424472809,288.4704399108887,98.23364233970642,-6.551799774169922,Live,0.0,0.0,0.0,0.023963040339706355,5945.6538643836975,91.6818425655365,0.015419976449476657,0,0.0,0.0
2022-07-01,3.61899995803833,-0.025710053478420924,28.286813735961914,-0.019420716219658907,-0.006289337258762018,0.006289337258762018,0.014609086498107318,0.02370054516200529,0,0,-1.0,10,5.904154518052973,1523.0,-10.0,-5511.736936092377,282.86813735961914,243.68013072013855,-12.154102325439453,Closed,-5511.736936092377,282.86813735961914,231.5260283946991,0.02370054516200529,5794.605073451996,231.5260283946991,0.039955445705081166,0,231.5260283946991,0.0
2022-07-02,3.61899995803833,0.0,28.286813735961914,0.0,0.0,0.0,0.014302894907321635,0.02318617874161718,1,0,0.0,10,,0.0,0.0,0.0,0.0,0.0,0.0,,0.0,0.0,0.0,0.02318617874161718,0.0,0.0,0.0,0,0.0,0.0
2022-07-03,3.61899995803833,0.0,28.286813735961914,0.0,0.0,0.0,0.014302894907321635,0.02318617874161718,1,0,0.0,10,,0.0,0.0,0.0,0.0,0.0,0.0,,0.0,0.0,0.0,0.02318617874161718,0.0,0.0,0.0,0,0.0,0.0
2022-07-04,3.61899995803833,0.0,28.286813735961914,0.0,0.0,0.0,0.014302894907321635,0.02318617874161718,1,0,0.0,10,,0.0,0.0,0.0,0.0,0.0,0.0,,0.0,0.0,0.0,0.02318617874161718,0.0,0.0,0.0,0,0.0,0.0
2022-07-05,3.424999952316284,-0.05360597070224982,26.81502914428711,-0.05203076618713254,-0.0015752045151172789,0.0015752045151172789,0.015970438776116532,0.024005695804249834,0,0,0.0,10,7.599145501833508,0.0,0.0,0.0,0.0,0.0,0.0,,0.0,0.0,0.0,0.024005695804249834,0.0,0.0,0.0,0,0.0,0.0
2022-07-06,3.4179999828338623,-0.002043786738650244,26.79603385925293,-0.000708382039488753,-0.001335404699161491,0.001335404699161491,0.015841868928040376,0.022833383236940934,0,0,0.0,10,2.7172551858280367,0.0,0.0,0.0,0.0,0.0,0.0,,0.0,0.0,0.0,0.022833383236940934,0.0,0.0,0.0,0,0.0,0.0
2022-07-07,3.5820000171661377,0.04798128588529216,28.41975212097168,0.06059546984629827,-0.012614183961006109,0.012614183961006109,0.017410783417278648,0.02432922186331557,0,0,0.0,10,10.019890525324456,0.0,0.0,0.0,0.0,0.0,0.0,,0.0,0.0,0.0,0.02432922186331557,0.0,0.0,0.0,0,0.0,0.0
2022-07-08,3.5320000648498535,-0.013958668921459472,27.963972091674805,-0.016037438586965824,0.0020787696655063526,0.0020787696655063526,0.01701434092400206,0.023413284284446854,1,0,0.0,10,9.096391776448357,0.0,0.0,0.0,0.0,0.0,0.0,,0.0,0.0,0.0,0.023413284284446854,0.0,0.0,0.0,0,0.0,0.0
2022-07-09,3.5320000648498535,0.0,27.963972091674805,0.0,0.0,0.0,0.017017967572150256,0.023417643792482786,1,0,0.0,10,,0.0,0.0,0.0,0.0,0.0,0.0,,0.0,0.0,0.0,0.023417643792482786,0.0,0.0,0.0,0,0.0,0.0
2022-07-10,3.5320000648498535,0.0,27.963972091674805,0.0,0.0,0.0,0.017017967572150256,0.023417643792482786,1,0,0.0,10,,0.0,0.0,0.0,0.0,0.0,0.0,,0.0,0.0,0.0,0.023417643792482786,0.0,0.0,0.0,0,0.0,0.0
2022-07-11,3.4375,-0.026755397257862357,26.70108413696289,-0.045161250718308676,0.01840585346044632,0.01840585346044632,0.01731736085945125,0.024102819585596572,1,0,0.0,10,13.11114878420613,0.0,0.0,0.0,0.0,0.0,0.0,,0.0,0.0,0.0,0.024102819585596572,0.0,0.0,0.0,0,0.0,0.0
2022-07-12,3.2964999675750732,-0.04101819125088779,26.112367630004883,-0.022048412114586524,-0.018969779136301268,0.018969779136301268,0.017838981210952027,0.023784298823408954,0,0,0.0,10,4.257885590994731,0.0,0.0,0.0,0.0,0.0,0.0,,0.0,0.0,0.0,0.023784298823408954,0.0,0.0,0.0,0,0.0,0.0
2022-07-13,3.325500011444092,0.008797222555518847,26.150348663330078,0.001454522771100697,0.00734269978441815,0.00734269978441815,0.0179510758263018,0.023806431462996127,1,0,0.0,10,1.3001560333523094,0.0,0.0,0.0,0.0,0.0,0.0,,0.0,0.0,0.0,0.023806431462996127,0.0,0.0,0.0,0,0.0,0.0
2022-07-14,3.2105000019073486,-0.03458126872379852,25.18181800842285,-0.03703700732164117,0.0024557385978426494,0.0024557385978426494,0.01841213687475468,0.024198249744036036,1,0,0.0,10,8.400581916395419,0.0,0.0,0.0,0.0,0.0,0.0,,0.0,0.0,0.0,0.024198249744036036,0.0,0.0,0.0,0,0.0,0.0
2022-07-15,3.234499931335449,0.007475449124386246,25.552139282226562,0.01470589906097497,-0.007230449936588723,0.007230449936588723,0.01850412423584346,0.02429043166736525,0,0,0.0,10,15.540837179872797,0.0,0.0,0.0,0.0,0.0,0.0,,0.0,0.0,0.0,0.02429043166736525,0.0,0.0,0.0,0,0.0,0.0
2022-07-16,3.234499931335449,0.0,25.552139282226562,0.0,0.0,0.0,0.018361657682212814,0.024077271200205325,1,0,0.0,10,,0.0,0.0,0.0,0.0,0.0,0.0,,0.0,0.0,0.0,0.024077271200205325,0.0,0.0,0.0,0,0.0,0.0
2022-07-17,3.234499931335449,0.0,25.552139282226562,0.0,0.0,0.0,0.018361657682212814,0.024077271200205325,1,0,0.0,10,,0.0,0.0,0.0,0.0,0.0,0.0,,0.0,0.0,0.0,0.024077271200205325,0.0,0.0,0.0,0,0.0,0.0
2022-07-18,3.3480000495910645,0.03509046859331777,26.425716400146484,0.03418802270413268,0.0009024458891850884,0.0009024458891850884,0.019227570692991757,0.02475652683393498,1,0,0.0,10,7.689996285582141,0.0,0.0,0.0,0.0,0.0,0.0,,0.0,0.0,0.0,0.02475652683393498,0.0,0.0,0.0,0,0.0,0.0
2022-07-19,3.2915000915527344,-0.016875733931136394,26.97644805908203,0.020840746589276815,-0.03771648052041321,0.03771648052041321,0.01928908372942081,0.025039193170301132,0,1,1.0,10,10.121421197371241,102.0,-10.0,-335.7330093383789,269.7644805908203,0.0,0.0,Opened,-335.7330093383789,269.7644805908203,0.0,0.025039193170301132,605.4974899291992,0.0,0.0,0,0.0,605.4974899291992
2022-07-20,3.3294999599456787,0.01154484804374345,26.81502914428711,-0.005983697870134419,0.01752854591387787,0.01752854591387787,0.019429344848387077,0.025037711046945098,1,0,-1.0,10,4.1742715244039745,-102.0,10.0,339.60899591445923,-268.1502914428711,3.8759865760803223,1.6141891479492188,Closed,339.60899591445923,-268.1502914428711,5.490175724029541,0.025037711046945098,607.7592873573303,5.490175724029541,0.009033470714864794,0,5.490175724029541,0.0
2022-07-21,3.302000045776367,-0.008259472743696983,26.83401870727539,0.0007081686499799122,-0.008967641393676895,0.008967641393676895,0.01934292463656093,0.02504369384535813,0,0,0.0,10,0.6967757315175586,0.0,0.0,0.0,0.0,0.0,0.0,,0.0,0.0,0.0,0.02504369384535813,0.0,0.0,0.0,0,0.0,0.0
2022-07-22,3.3485000133514404,0.014082364303583894,26.530166625976562,-0.011323390827645441,0.025405755131229335,0.025405755131229335,0.017747548293495726,0.023890013753135892,1,1,1.0,10,6.370750467982082,-64.0,10.0,214.3040008544922,-265.3016662597656,0.0,0.0,Opened,214.3040008544922,-265.3016662597656,0.0,0.023890013753135892,479.6056671142578,0.0,0.0,0,0.0,479.6056671142578
2022-07-23,3.3485000133514404,0.0,26.530166625976562,0.0,0.0,0.0,0.017697412268604506,0.023884493905284958,1,1,0.0,10,,64.0,-10.0,-214.3040008544922,265.3016662597656,0.0,0.0,Live,0.0,0.0,0.0,0.023884493905284958,479.6056671142578,0.0,0.0,0,0.0,0.0
2022-07-24,3.3485000133514404,0.0,26.530166625976562,0.0,0.0,0.0,0.017697412268604506,0.023884493905284958,1,1,0.0,10,,64.0,-10.0,-214.3040008544922,265.3016662597656,0.0,0.0,Live,0.0,0.0,0.0,0.023884493905284958,479.6056671142578,0.0,0.0,0,0.0,0.0
2022-07-25,3.3510000705718994,0.0007466200419563584,26.853008270263672,0.012168850985315949,-0.01142223094335959,0.01142223094335959,0.017702581928628114,0.024016732566056426,0,0,-1.0,10,130.60759660746785,64.0,-10.0,-214.46400451660156,268.5300827026367,-0.160003662109375,3.2284164428710938,Closed,-214.46400451660156,268.5300827026367,3.0684127807617188,0.024016732566056426,482.9940872192383,3.0684127807617188,0.0063528992630688666,0,3.0684127807617188,0.0
2022-07-26,3.382499933242798,0.009400137871534708,26.64410972595215,-0.007779334896449996,0.017179472767984705,0.017179472767984705,0.017823875142512404,0.023858917063575673,1,0,0.0,10,6.518860108922704,0.0,0.0,0.0,0.0,0.0,0.0,,0.0,0.0,0.0,0.023858917063575673,0.0,0.0,0.0,0,0.0,0.0
2022-07-27,3.429500102996826,0.01389509850158932,27.441722869873047,0.02993581516232835,-0.01604071666073903,0.01604071666073903,0.018014966433479593,0.02430434700397118,0,0,0.0,10,17.238918351241193,0.0,0.0,0.0,0.0,0.0,0.0,,0.0,0.0,0.0,0.02430434700397118,0.0,0.0,0.0,0,0.0,0.0
2022-07-28,3.4749999046325684,0.013267181883442003,27.7360782623291,0.010726563847753612,0.002540618035688391,0.002540618035688391,0.01815363650689535,0.024316535437721918,1,0,0.0,10,6.453156478958309,0.0,0.0,0.0,0.0,0.0,0.0,,0.0,0.0,0.0,0.024316535437721918,0.0,0.0,0.0,0,0.0,0.0
2022-07-29,3.5840001106262207,0.03136696661439986,28.951494216918945,0.04382075732172308,-0.01245379070732322,0.01245379070732322,0.018788073514542203,0.02497245621696372,0,0,0.0,10,11.285227690949766,0.0,0.0,0.0,0.0,0.0,0.0,,0.0,0.0,0.0,0.02497245621696372,0.0,0.0,0.0,0,0.0,0.0
2022-07-30,3.5840001106262207,0.0,28.951494216918945,0.0,0.0,0.0,0.01864914219382351,0.02482767312434589,1,0,0.0,10,,0.0,0.0,0.0,0.0,0.0,0.0,,0.0,0.0,0.0,0.02482767312434589,0.0,0.0,0.0,0,0.0,0.0
2022-07-31,3.5840001106262207,0.0,28.951494216918945,0.0,0.0,0.0,0.01864914219382351,0.02482767312434589,1,0,0.0,10,,0.0,0.0,0.0,0.0,0.0,0.0,,0.0,0.0,0.0,0.02482767312434589,0.0,0.0,0.0,0,0.0,0.0
2022-08-01,3.552000045776367,-0.008928589247242602,28.31529998779297,-0.021974486855818043,0.01304589760857544,0.01304589760857544,0.01865799262405517,0.02495166236539232,1,0,0.0,10,19.619326862417065,0.0,0.0,0.0,0.0,0.0,0.0,,0.0,0.0,0.0,0.02495166236539232,0.0,0.0,0.0,0,0.0,0.0
2022-08-02,3.5244998931884766,-0.0077421599756426485,27.413240432739258,-0.03185767254602978,0.024115512570387132,0.024115512570387132,0.018525147654856685,0.02428903565217776,1,0,0.0,10,32.004774865167285,0.0,0.0,0.0,0.0,0.0,0.0,,0.0,0.0,0.0,0.02428903565217776,0.0,0.0,0.0,0,0.0,0.0
2022-08-03,3.4695000648498535,-0.015605002129498446,27.289796829223633,-0.004503064999502815,-0.011101937129995632,0.011101937129995632,0.018555845247996368,0.024245598443993276,0,0,0.0,10,2.2697487521704414,0.0,0.0,0.0,0.0,0.0,0.0,,0.0,0.0,0.0,0.024245598443993276,0.0,0.0,0.0,0,0.0,0.0
2022-08-04,3.4830000400543213,0.003891043364212088,27.536678314208984,0.009046658959401821,-0.005155615595189733,0.005155615595189733,0.018572276826321985,0.024142735781634526,0,0,0.0,10,18.38146913871846,0.0,0.0,0.0,0.0,0.0,0.0,,0.0,0.0,0.0,0.024142735781634526,0.0,0.0,0.0,0,0.0,0.0
2022-08-05,3.552999973297119,0.020097597599139316,28.08740997314453,0.019999930734251548,9.766686488776877e-05,9.766686488776877e-05,0.018808258160768566,0.023754332576826718,1,0,0.0,10,7.866849365520191,0.0,0.0,0.0,0.0,0.0,0.0,,0.0,0.0,0.0,0.023754332576826718,0.0,0.0,0.0,0,0.0,0.0
2022-08-06,3.552999973297119,0.0,28.08740997314453,0.0,0.0,0.0,0.0185830510587878,0.023705699895787274,1,0,0.0,10,,0.0,0.0,0.0,0.0,0.0,0.0,,0.0,0.0,0.0,0.023705699895787274,0.0,0.0,0.0,0,0.0,0.0
2022-08-07,3.552999973297119,0.0,28.08740997314453,0.0,0.0,0.0,0.0185830510587878,0.023705699895787274,1,0,0.0,10,,0.0,0.0,0.0,0.0,0.0,0.0,,0.0,0.0,0.0,0.023705699895787274,0.0,0.0,0.0,0,0.0,0.0
2022-08-08,3.5875000953674316,0.009710138567295523,29.169883728027344,0.03853946504564876,-0.028829326478353234,0.028829326478353234,0.018657991728869425,0.024400665197182547,0,1,1.0,10,32.27178825100147,323.0,-10.0,-1158.7625308036804,291.69883728027344,0.0,0.0,Opened,-1158.7625308036804,291.69883728027344,0.0,0.024400665197182547,1450.4613680839539,0.0,0.0,0,0.0,1450.4613680839539
2022-08-09,3.5924999713897705,0.0013936936277145762,28.875526428222656,-0.01009113723418309,0.011484830861897666,0.011484830861897666,0.018662217691474466,0.024428893318798005,1,0,-1.0,10,58.197715248887604,-323.0,10.0,1160.3774907588959,-288.75526428222656,1.614959955215454,2.943572998046875,Closed,1160.3774907588959,-288.75526428222656,4.558532953262329,0.024428893318798005,1449.1327550411224,4.558532953262329,0.0031456972712848317,0,4.558532953262329,0.0
2022-08-10,3.6554999351501465,0.017536524498844797,30.062456130981445,0.041105041174199775,-0.023568516675354978,0.023568516675354978,0.018831430023662537,0.025143649322690222,0,0,0.0,10,19.276546963305123,0.0,0.0,0.0,0.0,0.0,0.0,,0.0,0.0,0.0,0.025143649322690222,0.0,0.0,0.0,0,0.0,0.0
2022-08-11,3.7105000019073486,0.015045839894110902,30.185895919799805,0.004106111233245002,0.0109397286608659,0.0109397286608659,0.018735973949897945,0.023975729049744803,1,0,0.0,10,2.220168354753676,0.0,0.0,0.0,0.0,0.0,0.0,,0.0,0.0,0.0,0.023975729049744803,0.0,0.0,0.0,0,0.0,0.0
2022-08-12,3.6760001182556152,-0.009297906921977961,30.575206756591797,0.012897110552104962,-0.022195017474082923,0.022195017474082923,0.01747077912269919,0.02238993599605452,0,0,0.0,10,11.537218404535862,0.0,0.0,0.0,0.0,0.0,0.0,,0.0,0.0,0.0,0.02238993599605452,0.0,0.0,0.0,0,0.0,0.0
2022-08-13,3.6760001182556152,0.0,30.575206756591797,0.0,0.0,0.0,0.017470547439332868,0.021686152728946865,1,0,0.0,10,,0.0,0.0,0.0,0.0,0.0,0.0,,0.0,0.0,0.0,0.021686152728946865,0.0,0.0,0.0,0,0.0,0.0
2022-08-14,3.6760001182556152,0.0,30.575206756591797,0.0,0.0,0.0,0.017470547439332868,0.021686152728946865,1,0,0.0,10,,0.0,0.0,0.0,0.0,0.0,0.0,,0.0,0.0,0.0,0.021686152728946865,0.0,0.0,0.0,0,0.0,0.0
2022-08-15,3.628999948501587,-0.012785682329175652,29.54970359802246,-0.03354035074017103,0.02075466841099538,0.02075466841099538,0.017559390139797425,0.02222040997718481,1,0,0.0,10,21.360423402702345,0.0,0.0,0.0,0.0,0.0,0.0,,0.0,0.0,0.0,0.02222040997718481,0.0,0.0,0.0,0,0.0,0.0
2022-08-16,3.6364998817443848,0.002066666671046491,29.958003997802734,0.013817411008061553,-0.011750744337015062,0.011750744337015062,0.017544989830361037,0.022131528458237182,0,0,0.0,10,55.07893536445665,0.0,0.0,0.0,0.0,0.0,0.0,,0.0,0.0,0.0,0.022131528458237182,0.0,0.0,0.0,0,0.0,0.0
2022-08-17,3.5980000495910645,-0.010587057171813408,29.388282775878906,-0.019017329123983462,0.008430271952170054,0.008430271952170054,0.017598881147032633,0.02228111360338524,1,0,0.0,10,14.671932129749134,0.0,0.0,0.0,0.0,0.0,0.0,,0.0,0.0,0.0,0.02228111360338524,0.0,0.0,0.0,0,0.0,0.0
2022-08-18,3.6465001106262207,0.013479727728372026,29.79658317565918,0.01389330580810233,-0.00041357807973030347,0.00041357807973030347,0.017714976285159938,0.02206275125158246,0,0,0.0,10,8.4219897705381,0.0,0.0,0.0,0.0,0.0,0.0,,0.0,0.0,0.0,0.02206275125158246,0.0,0.0,0.0,0,0.0,0.0
2022-08-19,3.683500051498413,0.010146699506293988,29.084426879882812,-0.02390060268246219,0.03404730218875618,0.03404730218875618,0.017615191929896586,0.02209947686489687,1,1,1.0,10,18.598755422006803,-186.0,10.0,685.1310095787048,-290.8442687988281,0.0,0.0,Opened,685.1310095787048,-290.8442687988281,0.0,0.02209947686489687,975.975278377533,0.0,0.0,0,0.0,975.975278377533
2022-08-20,3.683500051498413,0.0,29.084426879882812,0.0,0.0,0.0,0.0172206495225871,0.021913842520626906,1,1,0.0,10,,186.0,-10.0,-685.1310095787048,290.8442687988281,0.0,0.0,Live,0.0,0.0,0.0,0.021913842520626906,975.975278377533,0.0,0.0,0,0.0,0.0
2022-08-21,3.683500051498413,0.0,29.084426879882812,0.0,0.0,0.0,0.0172206495225871,0.021913842520626906,1,1,0.0,10,,186.0,-10.0,-685.1310095787048,290.8442687988281,0.0,0.0,Live,0.0,0.0,0.0,0.021913842520626906,975.975278377533,0.0,0.0,0,0.0,0.0
2022-08-22,3.6705000400543213,-0.003529255127552755,28.70461082458496,-0.013059086804992681,0.009529831677439926,0.009529831677439926,0.01722996877471845,0.022001112922878024,1,1,0.0,10,28.93717856820893,186.0,-10.0,-682.7130074501038,287.0461082458496,2.418002128601074,-3.7981605529785156,Live,0.0,0.0,0.0,0.022001112922878024,969.7591156959534,-1.3801584243774414,-0.0014231971651918554,0,0.0,0.0
2022-08-23,3.7044999599456787,0.009263021256050497,30.0909423828125,0.04829647636400525,-0.03903345510795475,0.03903345510795475,0.01727500398354309,0.02301424171835322,0,0,-1.0,10,42.3515179219577,186.0,-10.0,-689.0369925498962,300.909423828125,-3.9059829711914062,10.065155029296875,Closed,-689.0369925498962,300.909423828125,6.159172058105469,0.02301424171835322,989.9464163780212,6.159172058105469,0.006221722667213056,0,6.159172058105469,0.0
2022-08-24,3.6605000495910645,-0.01187742227840638,29.986492156982422,-0.003471151700776831,-0.008406270577629549,0.008406270577629549,0.015521058708914213,0.021696196274069778,0,0,0.0,10,2.394068897237239,0.0,0.0,0.0,0.0,0.0,0.0,,0.0,0.0,0.0,0.021696196274069778,0.0,0.0,0.0,0,0.0,0.0
2022-08-25,3.7105000019073486,0.01365932294465333,30.907548904418945,0.03071572168610781,-0.01705639874145448,0.01705639874145448,0.015607580092087193,0.02205451328895425,0,0,0.0,10,18.731117132320666,0.0,0.0,0.0,0.0,0.0,0.0,,0.0,0.0,0.0,0.02205451328895425,0.0,0.0,0.0,0,0.0,0.0
2022-08-26,3.7114999294281006,0.000269485923794166,30.252365112304688,-0.02119818022905673,0.021467666152850895,0.021467666152850895,0.014110914194327397,0.020693987076363548,1,1,1.0,10,641.1687859979423,-6412.0,10.0,23798.13754749298,-302.5236511230469,0.0,0.0,Opened,23798.13754749298,-302.5236511230469,0.0,0.020693987076363548,24100.661198616028,0.0,0.0,0,0.0,24100.661198616028
2022-08-27,3.7114999294281006,0.0,30.252365112304688,0.0,0.0,0.0,0.013949957911398818,0.02054097553688948,1,1,0.0,10,,6412.0,-10.0,-23798.13754749298,302.5236511230469,0.0,0.0,Live,0.0,0.0,0.0,0.02054097553688948,24100.661198616028,0.0,0.0,0,0.0,0.0
2022-08-28,3.7114999294281006,0.0,30.252365112304688,0.0,0.0,0.0,0.013949957911398818,0.02054097553688948,1,1,0.0,10,,6412.0,-10.0,-23798.13754749298,302.5236511230469,0.0,0.0,Live,0.0,0.0,0.0,0.02054097553688948,24100.661198616028,0.0,0.0,0,0.0,0.0
2022-08-29,3.626499891281128,-0.022901802441922747,29.79658317565918,-0.015065993516656495,-0.007835808925266252,0.007835808925266252,0.014356457976086558,0.02067767397332276,0,0,-1.0,10,5.40513952553066,6412.0,-10.0,-23253.117302894592,297.9658317565918,545.0202445983887,-4.557819366455078,Closed,-23253.117302894592,297.9658317565918,540.4624252319336,0.02067767397332276,23551.083134651184,540.4624252319336,0.022948516726041375,0,540.4624252319336,0.0
2022-08-30,3.5450000762939453,-0.022473408915060333,28.562183380126953,-0.041427561954170855,0.018954153039110522,0.018954153039110522,0.014201703283355174,0.02051188030460805,1,0,0.0,10,14.852363704858584,0.0,0.0,0.0,0.0,0.0,0.0,,0.0,0.0,0.0,0.02051188030460805,0.0,0.0,0.0,0,0.0,0.0
2022-08-31,3.5185000896453857,-0.0074753134212237615,28.343788146972656,-0.007646307365502425,0.00017099394427866343,0.00017099394427866343,0.012924926285854527,0.020273414117177025,1,0,0.0,10,8.239913873362124,0.0,0.0,0.0,0.0,0.0,0.0,,0.0,0.0,0.0,0.020273414117177025,0.0,0.0,0.0,0,0.0,0.0
2022-09-01,3.4144999980926514,-0.029558075572826303,27.261310577392578,-0.03819099846382723,0.008632922891000927,0.008632922891000927,0.013596839776172777,0.02104930783393231,1,0,0.0,10,10.315836999790138,0.0,0.0,0.0,0.0,0.0,0.0,,0.0,0.0,0.0,0.02104930783393231,0.0,0.0,0.0,0,0.0,0.0
2022-09-02,3.4214999675750732,0.0020500716023816867,27.584152221679688,0.011842484365180761,-0.009792412762799074,0.009792412762799074,0.012612740073833022,0.020368431090835814,0,0,0.0,10,46.57114233277225,0.0,0.0,0.0,0.0,0.0,0.0,,0.0,0.0,0.0,0.020368431090835814,0.0,0.0,0.0,0,0.0,0.0
2022-09-03,3.4214999675750732,0.0,27.584152221679688,0.0,0.0,0.0,0.012582939265773474,0.02028762066893111,1,0,0.0,10,,0.0,0.0,0.0,0.0,0.0,0.0,,0.0,0.0,0.0,0.02028762066893111,0.0,0.0,0.0,0,0.0,0.0
2022-09-04,3.4214999675750732,0.0,27.584152221679688,0.0,0.0,0.0,0.012582939265773474,0.02028762066893111,1,0,0.0,10,,0.0,0.0,0.0,0.0,0.0,0.0,,0.0,0.0,0.0,0.02028762066893111,0.0,0.0,0.0,0,0.0,0.0
2022-09-05,3.4214999675750732,0.0,27.584152221679688,0.0,0.0,0.0,0.012582939265773474,0.02028762066893111,1,0,0.0,10,,0.0,0.0,0.0,0.0,0.0,0.0,,0.0,0.0,0.0,0.02028762066893111,0.0,0.0,0.0,0,0.0,0.0
2022-09-06,3.4690001010894775,0.01388283909529564,27.802549362182617,0.007917486053143241,0.005965353042152399,0.005965353042152399,0.011746969564383062,0.019763330968764863,1,0,0.0,10,4.570769543592937,0.0,0.0,0.0,0.0,0.0,0.0,,0.0,0.0,0.0,0.019763330968764863,0.0,0.0,0.0,0,0.0,0.0
2022-09-07,3.437999963760376,-0.008936332206898934,27.840532302856445,0.001366167547408148,-0.010302499754307082,0.010302499754307082,0.011555568465204965,0.019559343346920458,0,0,0.0,10,1.2379876899842954,0.0,0.0,0.0,0.0,0.0,0.0,,0.0,0.0,0.0,0.019559343346920458,0.0,0.0,0.0,0,0.0,0.0
2022-09-08,3.5360000133514404,0.02850495946017273,28.69511604309082,0.030695668133712273,-0.002190708673539543,0.002190708673539543,0.01210898457933753,0.019982324581789248,0,0,0.0,10,8.738811882745964,0.0,0.0,0.0,0.0,0.0,0.0,,0.0,0.0,0.0,0.019982324581789248,0.0,0.0,0.0,0,0.0,0.0
2022-09-09,3.5810000896453857,0.012726265872180731,29.815576553344727,0.03904708064505935,-0.02632081477287862,0.02632081477287862,0.012135396392994888,0.020672971529974334,0,1,1.0,10,25.546208784593976,256.0,-10.0,-916.7360229492188,298.15576553344727,0.0,0.0,Opened,-916.7360229492188,298.15576553344727,0.0,0.020672971529974334,1214.891788482666,0.0,0.0,0,0.0,1214.891788482666
2022-09-10,3.5810000896453857,0.0,29.815576553344727,0.0,0.0,0.0,0.012004764108743349,0.02058230908107668,1,0,-1.0,10,,-256.0,10.0,916.7360229492188,-298.15576553344727,0.0,0.0,Closed,916.7360229492188,-298.15576553344727,0.0,0.02058230908107668,1214.891788482666,0.0,0.0,0,0.0,0.0
2022-09-11,3.5810000896453857,0.0,29.815576553344727,0.0,0.0,0.0,0.012004764108743349,0.02058230908107668,1,0,0.0,10,,0.0,0.0,0.0,0.0,0.0,0.0,,0.0,0.0,0.0,0.02058230908107668,0.0,0.0,0.0,0,0.0,0.0
2022-09-12,3.625499963760376,0.012426660988829275,30.4042911529541,0.019745202597577505,-0.00731854160874823,0.00731854160874823,0.012103122914740201,0.020721447607192665,0,0,0.0,10,13.32521181667261,0.0,0.0,0.0,0.0,0.0,0.0,,0.0,0.0,0.0,0.020721447607192665,0.0,0.0,0.0,0,0.0,0.0
2022-09-13,3.5810000896453857,-0.012274134480706134,29.19837188720703,-0.03966279824385588,0.027388663763149745,0.027388663763149745,0.012262266349863781,0.021530971834924476,1,1,1.0,10,26.34794676575665,-264.0,10.0,945.3840236663818,-291.9837188720703,0.0,0.0,Opened,945.3840236663818,-291.9837188720703,0.0,0.021530971834924476,1237.3677425384521,0.0,0.0,0,0.0,1237.3677425384521
2022-09-14,3.5455000400543213,-0.009913445602449,29.04644775390625,-0.005203171392146877,-0.004710274210302123,0.004710274210302123,0.012309288397805963,0.02151040290128894,0,0,-1.0,10,4.299906747227878,264.0,-10.0,-936.0120105743408,290.4644775390625,9.372013092041016,-1.5192413330078125,Closed,-936.0120105743408,290.4644775390625,7.852771759033203,0.02151040290128894,1226.4764881134033,7.852771759033203,0.0064027087637958165,0,7.852771759033203,0.0
2022-09-15,3.5234999656677246,-0.00620506956368827,28.533695220947266,-0.01765284820034585,0.01144777863665758,0.01144777863665758,0.012207891513878556,0.021298814666306468,1,0,0.0,10,23.0383768774218,0.0,0.0,0.0,0.0,0.0,0.0,,0.0,0.0,0.0,0.021298814666306468,0.0,0.0,0.0,0,0.0,0.0
2022-09-16,3.561000108718872,0.010642867437644865,28.38176727294922,-0.005324510086114342,0.015967377523759207,0.015967377523759207,0.012157919188474127,0.02127020089558367,1,0,0.0,10,3.987387553129693,0.0,0.0,0.0,0.0,0.0,0.0,,0.0,0.0,0.0,0.02127020089558367,0.0,0.0,0.0,0,0.0,0.0
2022-09-17,3.561000108718872,0.0,28.38176727294922,0.0,0.0,0.0,0.011316043444054066,0.02033881218509864,1,0,0.0,10,,0.0,0.0,0.0,0.0,0.0,0.0,,0.0,0.0,0.0,0.02033881218509864,0.0,0.0,0.0,0,0.0,0.0
2022-09-18,3.561000108718872,0.0,28.38176727294922,0.0,0.0,0.0,0.011316043444054066,0.02033881218509864,1,0,0.0,10,,0.0,0.0,0.0,0.0,0.0,0.0,,0.0,0.0,0.0,0.02033881218509864,0.0,0.0,0.0,0,0.0,0.0
2022-09-19,3.557499885559082,-0.0009829326180642584,28.93250274658203,0.019404551814422133,-0.02038748443248639,0.02038748443248639,0.011316780314196603,0.02052687389868787,0,0,0.0,10,160.55394362250803,0.0,0.0,0.0,0.0,0.0,0.0,,0.0,0.0,0.0,0.02052687389868787,0.0,0.0,0.0,0,0.0,0.0
2022-09-20,3.5480000972747803,-0.002670355190414475,28.210851669311523,-0.024942573533696777,0.022272218343282302,0.022272218343282302,0.011251399503927898,0.02059646208945869,1,1,1.0,10,74.26852587351655,-743.0,10.0,2636.1640722751617,-282.10851669311523,0.0,0.0,Opened,2636.1640722751617,-282.10851669311523,0.0,0.02059646208945869,2918.272588968277,0.0,0.0,0,0.0,2918.272588968277
2022-09-21,3.51200008392334,-0.010146564927969393,27.660118103027344,-0.01952204679035907,0.009375481862389679,0.009375481862389679,0.01129040762066605,0.02027683789398339,1,1,0.0,10,15.153251213116471,743.0,-10.0,-2609.4160623550415,276.60118103027344,26.74800992012024,-5.507335662841797,Live,0.0,0.0,0.0,0.02027683789398339,2886.017243385315,21.240674257278442,0.0073598570160873355,0,0.0,0.0
2022-09-22,3.498500108718872,-0.003843956401443638,27.717090606689453,0.002059734649356937,-0.005903691050800575,0.005903691050800575,0.0110793851031887,0.020265819786596,0,0,-1.0,10,4.245204065226072,743.0,-10.0,-2599.385580778122,277.17090606689453,36.778491497039795,-4.937610626220703,Closed,-2599.385580778122,277.17090606689453,31.840880870819092,0.020265819786596,2876.5564868450165,31.840880870819092,0.01106909633669037,0,31.840880870819092,0.0
2022-09-23,3.371500015258789,-0.03630129755993905,26.121862411499023,-0.05755395534931884,0.021252657789379792,0.021252657789379792,0.012208598661167715,0.021822341580063603,1,0,0.0,10,12.283835682147531,0.0,0.0,0.0,0.0,0.0,0.0,,0.0,0.0,0.0,0.021822341580063603,0.0,0.0,0.0,0,0.0,0.0
2022-09-24,3.371500015258789,0.0,26.121862411499023,0.0,0.0,0.0,0.011839275456060356,0.02161523490801513,1,0,0.0,10,,0.0,0.0,0.0,0.0,0.0,0.0,,0.0,0.0,0.0,0.02161523490801513,0.0,0.0,0.0,0,0.0,0.0
2022-09-25,3.371500015258789,0.0,26.121862411499023,0.0,0.0,0.0,0.011839275456060356,0.02161523490801513,1,0,0.0,10,,0.0,0.0,0.0,0.0,0.0,0.0,,0.0,0.0,0.0,0.02161523490801513,0.0,0.0,0.0,0,0.0,0.0
2022-09-26,3.313499927520752,-0.017203051305217043,25.54264259338379,-0.022173756564166647,0.004970705258949604,0.004970705258949604,0.01205818599575539,0.02181621728105989,1,0,0.0,10,9.936024457494625,0.0,0.0,0.0,0.0,0.0,0.0,,0.0,0.0,0.0,0.02181621728105989,0.0,0.0,0.0,0,0.0,0.0
2022-09-27,3.322999954223633,0.0028670671225845545,25.846494674682617,0.011895874915367255,-0.0090288077927827,0.0090288077927827,0.011968905566962862,0.021128749366289695,0,0,0.0,10,32.272294577536265,0.0,0.0,0.0,0.0,0.0,0.0,,0.0,0.0,0.0,0.021128749366289695,0.0,0.0,0.0,0,0.0,0.0
2022-09-28,3.381999969482422,0.0177550454623987,26.957456588745117,0.042983078674522224,-0.025228033212123524,0.025228033212123524,0.012268427817856743,0.022037694793906194,0,1,1.0,10,19.296611143541877,193.0,-10.0,-652.7259941101074,269.5745658874512,0.0,0.0,Opened,-652.7259941101074,269.5745658874512,0.0,0.022037694793906194,922.3005599975586,0.0,0.0,0,0.0,922.3005599975586
2022-09-29,3.440000057220459,0.017149641709462538,26.90998077392578,-0.0017611385058914353,0.018910780215353973,0.018910780215353973,0.012256529071419543,0.021177931887012825,1,0,-1.0,10,0.8033289149087289,-193.0,10.0,663.9200110435486,-269.0998077392578,11.194016933441162,0.4747581481933594,Closed,663.9200110435486,-269.0998077392578,11.668775081634521,0.021177931887012825,933.0198187828064,11.668775081634521,0.012506460041606946,0,11.668775081634521,0.0
2022-09-30,3.441999912261963,0.0005813532000693566,26.83401870727539,-0.002822821290307087,0.0034041744903764437,0.0034041744903764437,0.012035393723836515,0.02115987234732124,1,0,0.0,10,37.85455805218144,0.0,0.0,0.0,0.0,0.0,0.0,,0.0,0.0,0.0,0.02115987234732124,0.0,0.0,0.0,0,0.0,0.0
2022-10-01,3.441999912261963,0.0,26.83401870727539,0.0,0.0,0.0,0.011983060417194245,0.02105126636602037,1,0,0.0,10,,0.0,0.0,0.0,0.0,0.0,0.0,,0.0,0.0,0.0,0.02105126636602037,0.0,0.0,0.0,0,0.0,0.0
2022-10-02,3.441999912261963,0.0,26.83401870727539,0.0,0.0,0.0,0.011983060417194245,0.02105126636602037,1,0,0.0,10,,0.0,0.0,0.0,0.0,0.0,0.0,,0.0,0.0,0.0,0.02105126636602037,0.0,0.0,0.0,0,0.0,0.0
2022-10-03,3.4579999446868896,0.004648469736424854,28.058923721313477,0.04564746814110188,-0.04099899840467702,0.04099899840467702,0.01201090779207121,0.02211969699258735,0,1,1.0,10,79.68062147959671,797.0,-10.0,-2756.025955915451,280.58923721313477,0.0,0.0,Opened,-2756.025955915451,280.58923721313477,0.0,0.02211969699258735,3036.615193128586,0.0,0.0,0,0.0,3036.615193128586
2022-10-04,3.5179998874664307,0.017351053712921338,28.91351318359375,0.030456958034749126,-0.013105904321827788,0.013105904321827788,0.012170240600378582,0.02207800230792439,0,1,0.0,10,14.426657253318444,-797.0,10.0,2803.8459103107452,-289.1351318359375,47.81995439529419,-8.545894622802734,Live,0.0,0.0,0.0,0.02207800230792439,3092.9810421466827,39.274059772491455,0.012697801647446666,0,0.0,0.0
2022-10-05,3.5325000286102295,0.004121700286420893,28.6666316986084,-0.008538619413618664,0.012660319700039557,0.012660319700039557,0.012182715165671683,0.02201469268327507,1,0,-1.0,10,16.811471967016868,-797.0,10.0,2815.402522802353,-286.666316986084,59.376566886901855,-6.077079772949219,Closed,2815.402522802353,-286.666316986084,53.29948711395264,0.02201469268327507,3102.068839788437,53.29948711395264,0.01718191628448442,0,53.29948711395264,0.0
2022-10-06,3.4749999046325684,-0.01627745888519727,28.106401443481445,-0.019542939715311847,0.0032654808301145755,0.0032654808301145755,0.012304769579393336,0.022023769091920574,1,0,0.0,10,9.710771460625448,0.0,0.0,0.0,0.0,0.0,0.0,,0.0,0.0,0.0,0.022023769091920574,0.0,0.0,0.0,0,0.0,0.0
2022-10-07,3.4124999046325684,-0.017985612004386087,27.308786392211914,-0.02837841240094141,0.010392800396555324,0.010392800396555324,0.012373330657810478,0.022263984506220354,1,0,0.0,10,12.626780411870994,0.0,0.0,0.0,0.0,0.0,0.0,,0.0,0.0,0.0,0.022263984506220354,0.0,0.0,0.0,0,0.0,0.0
2022-10-08,3.4124999046325684,0.0,27.308786392211914,0.0,0.0,0.0,0.012265332977238209,0.022028539261929242,1,0,0.0,10,,0.0,0.0,0.0,0.0,0.0,0.0,,0.0,0.0,0.0,0.022028539261929242,0.0,0.0,0.0,0,0.0,0.0
2022-10-09,3.4124999046325684,0.0,27.308786392211914,0.0,0.0,0.0,0.012265332977238209,0.022028539261929242,1,0,0.0,10,,0.0,0.0,0.0,0.0,0.0,0.0,,0.0,0.0,0.0,0.022028539261929242,0.0,0.0,0.0,0,0.0,0.0
2022-10-10,3.4535000324249268,0.012014689798730771,27.308786392211914,0.0,0.012014689798730771,0.012014689798730771,0.012411206575723657,0.022028539261929242,1,0,0.0,10,0.0,0.0,0.0,0.0,0.0,0.0,0.0,,0.0,0.0,0.0,0.022028539261929242,0.0,0.0,0.0,0,0.0,0.0
2022-10-11,3.4779999256134033,0.007094221212812224,26.81502914428711,-0.018080526934936114,0.025174748147748338,0.025174748147748338,0.012461572172982766,0.02209588344264176,1,1,1.0,10,19.64966097477904,-197.0,10.0,685.1659853458405,-268.1502914428711,0.0,0.0,Opened,685.1659853458405,-268.1502914428711,0.0,0.02209588344264176,953.3162767887115,0.0,0.0,0,0.0,953.3162767887115
2022-10-12,3.444499969482422,-0.009631959990646921,26.957456588745117,0.0053114782643579606,-0.014943438255004882,0.014943438255004882,0.01243043973467385,0.020939879091340895,0,0,-1.0,10,4.3157220633313225,197.0,-10.0,-678.5664939880371,269.5745658874512,6.599491357803345,1.4242744445800781,Closed,-678.5664939880371,269.5745658874512,8.023765802383423,0.020939879091340895,948.1410598754883,8.023765802383423,0.008462628760574001,0,8.023765802383423,0.0
2022-10-13,3.4674999713897705,0.0066773122691607956,27.51768684387207,0.020782014552547023,-0.014104702283386228,0.014104702283386228,0.012387493407277456,0.021184148366052126,0,0,0.0,10,24.699116331714734,0.0,0.0,0.0,0.0,0.0,0.0,,0.0,0.0,0.0,0.021184148366052126,0.0,0.0,0.0,0,0.0,0.0
2022-10-14,3.450500011444092,-0.004902656117071302,26.625118255615234,-0.03243617798694454,0.027533521869873234,0.027533521869873234,0.012215938125637081,0.021106885113232592,1,1,1.0,10,51.05141160167598,-511.0,10.0,1763.205505847931,-266.25118255615234,0.0,0.0,Opened,1763.205505847931,-266.25118255615234,0.0,0.021106885113232592,2029.4566884040833,0.0,0.0,0,0.0,2029.4566884040833
2022-10-15,3.450500011444092,0.0,26.625118255615234,0.0,0.0,0.0,0.012215255666802757,0.020941204305773706,1,1,0.0,10,,511.0,-10.0,-1763.205505847931,266.25118255615234,0.0,0.0,Live,0.0,0.0,0.0,0.020941204305773706,2029.4566884040833,0.0,0.0,0,0.0,0.0
2022-10-16,3.450500011444092,0.0,26.625118255615234,0.0,0.0,0.0,0.012215255666802757,0.020941204305773706,1,1,0.0,10,,511.0,-10.0,-1763.205505847931,266.25118255615234,0.0,0.0,Live,0.0,0.0,0.0,0.020941204305773706,2029.4566884040833,0.0,0.0,0,0.0,0.0
2022-10-17,3.4554998874664307,0.0014490294176947582,27.213834762573242,0.02211131989371906,-0.020662290476024303,0.020662290476024303,0.012220323536680061,0.02122310030958651,0,0,-1.0,10,120.17560733968476,511.0,-10.0,-1765.760442495346,272.1383476257324,-2.554936647415161,5.887165069580078,Closed,-1765.760442495346,272.1383476257324,3.332228422164917,0.02122310030958651,2037.8987901210785,3.332228422164917,0.0016351294962822652,0,3.332228422164917,0.0
2022-10-18,3.4065001010894775,-0.014180230928289683,26.919477462768555,-0.010816457966060455,-0.003363772962229228,0.003363772962229228,0.011966088282265907,0.021177732011130452,0,0,0.0,10,6.027815941744106,0.0,0.0,0.0,0.0,0.0,0.0,,0.0,0.0,0.0,0.021177732011130452,0.0,0.0,0.0,0,0.0,0.0
2022-10-19,3.3605000972747803,-0.013503596785447103,26.587135314941406,-0.012345787479968728,-0.0011578093054783745,0.0011578093054783745,0.011704730833409045,0.020454405974982846,0,0,0.0,10,7.2333081787921865,0.0,0.0,0.0,0.0,0.0,0.0,,0.0,0.0,0.0,0.020454405974982846,0.0,0.0,0.0,0,0.0,0.0
2022-10-20,3.4509999752044678,0.02693047918763014,26.577640533447266,-0.0003571193880674839,0.027287598575697625,0.027287598575697625,0.01231193997890279,0.020433682659399165,1,1,1.0,10,0.10212705645913174,-2.0,10.0,6.9019999504089355,-265.77640533447266,0.0,0.0,Opened,6.9019999504089355,-265.77640533447266,0.0,0.020433682659399165,272.6784052848816,0.0,0.0,0,0.0,272.6784052848816
2022-10-21,3.5230000019073486,0.020863525708549213,27.745574951171875,0.04394424765640115,-0.023080721947851934,0.023080721947851934,0.011926577559281868,0.020689343790662288,0,0,-1.0,10,16.5880531275798,2.0,-10.0,-7.046000003814697,277.45574951171875,-0.14400005340576172,11.679344177246094,Closed,-7.046000003814697,277.45574951171875,11.535344123840332,0.020689343790662288,284.50174951553345,11.535344123840332,0.040545775706066496,0,11.535344123840332,0.0
2022-10-22,3.5230000019073486,0.0,27.745574951171875,0.0,0.0,0.0,0.011925349827460303,0.020625255823013822,1,0,0.0,10,,0.0,0.0,0.0,0.0,0.0,0.0,,0.0,0.0,0.0,0.020625255823013822,0.0,0.0,0.0,0,0.0,0.0
2022-10-23,3.5230000019073486,0.0,27.745574951171875,0.0,0.0,0.0,0.011925349827460303,0.020625255823013822,1,0,0.0,10,,0.0,0.0,0.0,0.0,0.0,0.0,,0.0,0.0,0.0,0.020625255823013822,0.0,0.0,0.0,0,0.0,0.0
2022-10-24,3.4795000553131104,-0.012347416000762834,26.729568481445312,-0.036618685016064134,0.0242712690153013,0.0242712690153013,0.012066193687145165,0.02127687894173186,1,1,1.0,10,22.782520209326332,-228.0,10.0,793.3260126113892,-267.2956848144531,0.0,0.0,Opened,793.3260126113892,-267.2956848144531,0.0,0.02127687894173186,1060.6216974258423,0.0,0.0,0,0.0,1060.6216974258423
2022-10-25,3.450500011444092,-0.008334543298752384,27.39424705505371,0.02486679027646077,-0.033201333575213154,0.033201333575213154,0.012129344148840239,0.021575127832133504,0,0,-1.0,10,23.68728358106495,228.0,-10.0,-786.7140026092529,273.9424705505371,6.6120100021362305,6.646785736083984,Closed,-786.7140026092529,273.9424705505371,13.258795738220215,0.021575127832133504,1060.65647315979,13.258795738220215,0.01250055609307798,0,13.258795738220215,0.0
2022-10-26,3.629499912261963,0.05187651071560406,28.61915397644043,0.04471402038993966,0.007162490325664406,0.007162490325664406,0.01404089472694339,0.022457112743152385,1,0,0.0,10,6.79646311616078,0.0,0.0,0.0,0.0,0.0,0.0,,0.0,0.0,0.0,0.022457112743152385,0.0,0.0,0.0,0,0.0,0.0
2022-10-27,3.625499963760376,-0.0011020660141286553,28.277320861816406,-0.011944207536862317,0.010842141522733661,0.010842141522733661,0.013971280580089483,0.02252935291279656,1,0,0.0,10,84.53179397116386,0.0,0.0,0.0,0.0,0.0,0.0,,0.0,0.0,0.0,0.02252935291279656,0.0,0.0,0.0,0,0.0,0.0
2022-10-28,3.4660000801086426,-0.04399390021957128,27.688602447509766,-0.020819455180480118,-0.023174445039091163,0.023174445039091163,0.014811936476790086,0.022299828369441364,0,1,1.0,10,3.780501043164367,38.0,-10.0,-131.70800304412842,276.88602447509766,0.0,0.0,Opened,-131.70800304412842,276.88602447509766,0.0,0.022299828369441364,408.5940275192261,0.0,0.0,0,0.0,408.5940275192261
2022-10-29,3.4660000801086426,0.0,27.688602447509766,0.0,0.0,0.0,0.014692520734258252,0.021559087595738772,1,0,-1.0,10,,-38.0,10.0,131.70800304412842,-276.88602447509766,0.0,0.0,Closed,131.70800304412842,-276.88602447509766,0.0,0.021559087595738772,408.5940275192261,0.0,0.0,0,0.0,0.0
2022-10-30,3.4660000801086426,0.0,27.688602447509766,0.0,0.0,0.0,0.014692520734258252,0.021559087595738772,1,0,0.0,10,,0.0,0.0,0.0,0.0,0.0,0.0,,0.0,0.0,0.0,0.021559087595738772,0.0,0.0,0.0,0,0.0,0.0
2022-10-31,3.4135000705718994,-0.015147146082898355,27.223329544067383,-0.016803769866117868,0.001656623783219513,0.001656623783219513,0.014836465055046748,0.021669869032921528,1,0,0.0,10,8.847432041792905,0.0,0.0,0.0,0.0,0.0,0.0,,0.0,0.0,0.0,0.021669869032921528,0.0,0.0,0.0,0,0.0,0.0
2022-11-01,3.509500026702881,0.02812361334297475,28.562183380126953,0.04918038529755586,-0.02105677195458111,0.02105677195458111,0.015282499879213561,0.022639385991114043,0,0,0.0,10,14.23203363762345,0.0,0.0,0.0,0.0,0.0,0.0,,0.0,0.0,0.0,0.022639385991114043,0.0,0.0,0.0,0,0.0,0.0
2022-11-02,3.505500078201294,-0.001139748816399,27.57465934753418,-0.03457452882540746,0.03343478000900846,0.03343478000900846,0.015188802876606485,0.022472866126841778,1,1,1.0,10,238.62024940192987,-2387.0,10.0,8367.628686666489,-275.7465934753418,0.0,0.0,Opened,8367.628686666489,-275.7465934753418,0.0,0.022472866126841778,8643.37528014183,0.0,0.0,0,0.0,8643.37528014183
2022-11-03,3.4565000534057617,-0.013978041278685294,27.717090606689453,0.005165295330040509,-0.019143336608725803,0.019143336608725803,0.015251977868455308,0.02248015742439221,0,0,-1.0,10,2.9631928198406294,2387.0,-10.0,-8250.665627479553,277.17090606689453,116.96305918693542,1.4243125915527344,Closed,-8250.665627479553,277.17090606689453,118.38737177848816,0.02248015742439221,8527.836533546448,118.38737177848816,0.013882462604997276,0,118.38737177848816,0.0
2022-11-04,3.7144999504089355,0.07464194792907963,30.432775497436523,0.09797871390194346,-0.023336765972863827,0.023336765972863827,0.018551923323101426,0.026319396340088837,0,0,0.0,10,10.754493840315758,0.0,0.0,0.0,0.0,0.0,0.0,,0.0,0.0,0.0,0.026319396340088837,0.0,0.0,0.0,0,0.0,0.0
2022-11-05,3.7144999504089355,0.0,30.432775497436523,0.0,0.0,0.0,0.018502620347966514,0.026301478568599643,1,0,0.0,10,,0.0,0.0,0.0,0.0,0.0,0.0,,0.0,0.0,0.0,0.026301478568599643,0.0,0.0,0.0,0,0.0,0.0
2022-11-06,3.7144999504089355,0.0,30.432775497436523,0.0,0.0,0.0,0.018502620347966514,0.026301478568599643,1,0,0.0,10,,0.0,0.0,0.0,0.0,0.0,0.0,,0.0,0.0,0.0,0.026301478568599643,0.0,0.0,0.0,0,0.0,0.0
2022-11-07,3.629499912261963,-0.02288330576976183,30.261859893798828,-0.005616168780008035,-0.017267136989753795,0.017267136989753795,0.018808581126694295,0.026320999788606095,0,0,0.0,10,2.0463042829156306,0.0,0.0,0.0,0.0,0.0,0.0,,0.0,0.0,0.0,0.026320999788606095,0.0,0.0,0.0,0,0.0,0.0
2022-11-08,3.7054998874664307,0.02093951702484076,31.201908111572266,0.031063795188810195,-0.010124278163969436,0.010124278163969436,0.019026332643171412,0.026532595722883988,0,0,0.0,10,12.491718903850671,0.0,0.0,0.0,0.0,0.0,0.0,,0.0,0.0,0.0,0.026532595722883988,0.0,0.0,0.0,0,0.0,0.0
2022-11-09,3.741499900817871,0.009715291983466878,30.109933853149414,-0.034997034621028766,0.044712326604495645,0.044712326604495645,0.01905830137543887,0.026776778742270132,1,1,1.0,10,28.989415109030585,-290.0,10.0,1085.0349712371826,-301.09933853149414,0.0,0.0,Opened,1085.0349712371826,-301.09933853149414,0.0,0.026776778742270132,1386.1343097686768,0.0,0.0,0,0.0,1386.1343097686768
2022-11-10,3.7960000038146973,0.014566378308579653,32.15144729614258,0.06780199029828249,-0.053235611989702836,0.053235611989702836,0.019077472841910643,0.028178826484000736,0,0,-1.0,10,39.424408018971185,290.0,-10.0,-1100.8400011062622,321.5144729614258,-15.80502986907959,20.41513442993164,Closed,-1100.8400011062622,321.5144729614258,4.610104560852051,0.028178826484000736,1422.354474067688,4.610104560852051,0.0032411783735371877,0,4.610104560852051,0.0
2022-11-11,3.9509999752044678,0.04083244763804195,33.53776931762695,0.04311849506229537,-0.0022860474242534234,0.0022860474242534234,0.019841907422081327,0.0287319319006427,0,0,0.0,10,8.963659008976608,0.0,0.0,0.0,0.0,0.0,0.0,,0.0,0.0,0.0,0.0287319319006427,0.0,0.0,0.0,0,0.0,0.0
2022-11-12,3.9509999752044678,0.0,33.53776931762695,0.0,0.0,0.0,0.019036263677982845,0.027325168491326286,1,0,0.0,10,,0.0,0.0,0.0,0.0,0.0,0.0,,0.0,0.0,0.0,0.027325168491326286,0.0,0.0,0.0,0,0.0,0.0
2022-11-13,3.9509999752044678,0.0,33.53776931762695,0.0,0.0,0.0,0.019036263677982845,0.027325168491326286,1,0,0.0,10,,0.0,0.0,0.0,0.0,0.0,0.0,,0.0,0.0,0.0,0.027325168491326286,0.0,0.0,0.0,0,0.0,0.0
2022-11-14,3.8550000190734863,-0.02429763521474415,33.072505950927734,-0.013872817905473567,-0.010424817309270584,0.010424817309270584,0.019429640312846646,0.027450927725387955,0,0,0.0,10,4.898277629655112,0.0,0.0,0.0,0.0,0.0,0.0,,0.0,0.0,0.0,0.027450927725387955,0.0,0.0,0.0,0,0.0,0.0
2022-11-15,3.8394999504089355,-0.004020770061701873,33.35736083984375,0.008613042184909547,-0.01263381224661142,0.01263381224661142,0.019240277336105813,0.027170750556238788,0,0,0.0,10,18.610770488726974,0.0,0.0,0.0,0.0,0.0,0.0,,0.0,0.0,0.0,0.027170750556238788,0.0,0.0,0.0,0,0.0,0.0
2022-11-16,3.7880001068115234,-0.01341316428248085,32.844608306884766,-0.015371495827287585,0.001958331544806735,0.001958331544806735,0.019382042031181844,0.02731722927368546,1,0,0.0,10,9.936627103141962,0.0,0.0,0.0,0.0,0.0,0.0,,0.0,0.0,0.0,0.02731722927368546,0.0,0.0,0.0,0,0.0,0.0
2022-11-17,3.689500093460083,-0.026003170690074517,32.037498474121094,-0.02457358678850463,-0.0014295839015698864,0.0014295839015698864,0.01967881151630269,0.027077987590654534,0,0,0.0,10,8.206034098519815,0.0,0.0,0.0,0.0,0.0,0.0,,0.0,0.0,0.0,0.027077987590654534,0.0,0.0,0.0,0,0.0,0.0
2022-11-18,3.631999969482422,-0.015584800791734521,31.771629333496094,-0.008298686017566559,-0.007286114774167962,0.007286114774167962,0.01970659268515745,0.027121185699296037,0,0,0.0,10,4.658024074931637,0.0,0.0,0.0,0.0,0.0,0.0,,0.0,0.0,0.0,0.027121185699296037,0.0,0.0,0.0,0,0.0,0.0
2022-11-19,3.631999969482422,0.0,31.771629333496094,0.0,0.0,0.0,0.01970718118986405,0.027110311065904877,1,0,0.0,10,,0.0,0.0,0.0,0.0,0.0,0.0,,0.0,0.0,0.0,0.027110311065904877,0.0,0.0,0.0,0,0.0,0.0
2022-11-20,3.631999969482422,0.0,31.771629333496094,0.0,0.0,0.0,0.01970718118986405,0.027110311065904877,1,0,0.0,10,,0.0,0.0,0.0,0.0,0.0,0.0,,0.0,0.0,0.0,0.027110311065904877,0.0,0.0,0.0,0,0.0,0.0
2022-11-21,3.571500062942505,-0.016657463394345373,31.648189544677734,-0.0038852206011423807,-0.012772242793202992,0.012772242793202992,0.019869089043260423,0.02712679901410787,0,0,0.0,10,2.0668312729895324,0.0,0.0,0.0,0.0,0.0,0.0,,0.0,0.0,0.0,0.02712679901410787,0.0,0.0,0.0,0,0.0,0.0
2022-11-22,3.614500045776367,0.012039754186210283,32.61671829223633,0.030602974814446293,-0.01856322062823601,0.01856322062823601,0.01992474241367515,0.02673210943677562,0,0,0.0,10,22.937075962469507,0.0,0.0,0.0,0.0,0.0,0.0,,0.0,0.0,0.0,0.02673210943677562,0.0,0.0,0.0,0,0.0,0.0
2022-11-23,3.617500066757202,0.000829996110897957,32.949058532714844,0.010189260535067968,-0.00935926442417001,0.00935926442417001,0.019785859604039953,0.026465120013331938,0,0,0.0,10,111.81525838720331,0.0,0.0,0.0,0.0,0.0,0.0,,0.0,0.0,0.0,0.026465120013331938,0.0,0.0,0.0,0,0.0,0.0
2022-11-24,3.617500066757202,0.0,32.949058532714844,0.0,0.0,0.0,0.019780096365705453,0.026416969506774322,1,0,0.0,10,,0.0,0.0,0.0,0.0,0.0,0.0,,0.0,0.0,0.0,0.026416969506774322,0.0,0.0,0.0,0,0.0,0.0
2022-11-25,3.626499891281128,0.0024878574589752844,32.93006896972656,-0.0005763309737493172,0.0030641884327246016,0.0030641884327246016,0.01962953915124138,0.02622031187302524,1,0,0.0,10,2.1035432126372613,0.0,0.0,0.0,0.0,0.0,0.0,,0.0,0.0,0.0,0.02622031187302524,0.0,0.0,0.0,0,0.0,0.0
2022-11-26,3.626499891281128,0.0,32.93006896972656,0.0,0.0,0.0,0.01943764354262857,0.02582024016683003,1,0,0.0,10,,0.0,0.0,0.0,0.0,0.0,0.0,,0.0,0.0,0.0,0.02582024016683003,0.0,0.0,0.0,0,0.0,0.0
2022-11-27,3.626499891281128,0.0,32.93006896972656,0.0,0.0,0.0,0.01943764354262857,0.02582024016683003,1,0,0.0,10,,0.0,0.0,0.0,0.0,0.0,0.0,,0.0,0.0,0.0,0.02582024016683003,0.0,0.0,0.0,0,0.0,0.0
2022-11-28,3.6105000972747803,-0.004411910791673912,32.08497619628906,-0.02566325549498283,0.021251344703308916,0.021251344703308916,0.019454132059738855,0.026155671891407144,1,0,0.0,10,51.69152984487696,0.0,0.0,0.0,0.0,0.0,0.0,,0.0,0.0,0.0,0.026155671891407144,0.0,0.0,0.0,0,0.0,0.0
2022-11-29,3.630000114440918,0.005400918609822503,33.11997985839844,0.03225820258607781,-0.02685728397625531,0.02685728397625531,0.019402284119053346,0.026462221265548633,0,1,1.0,10,54.494912255260154,545.0,-10.0,-1978.3500623703003,331.1997985839844,0.0,0.0,Opened,-1978.3500623703003,331.1997985839844,0.0,0.026462221265548633,2309.5498609542847,0.0,0.0,0,0.0,2309.5498609542847
2022-11-30,3.7295000553131104,0.027410451166753447,34.363868713378906,0.03755705348549743,-0.01014660231874398,0.01014660231874398,0.019738514611172545,0.026675088136966806,0,1,0.0,10,12.62486555508465,-545.0,10.0,2032.5775301456451,-343.63868713378906,54.22746777534485,-12.438888549804688,Live,0.0,0.0,0.0,0.026675088136966806,2376.216217279434,41.78857922554016,0.017586185516983186,0,0.0,0.0
2022-12-01,3.813999891281128,0.02265714833483856,34.933597564697266,0.016579298916263863,0.006077849418574699,0.006077849418574699,0.019891645546179122,0.026722622451119112,1,0,-1.0,10,6.702295169780508,-545.0,10.0,2078.6299407482147,-349.33597564697266,100.27987837791443,-18.13617706298828,Closed,2078.6299407482147,-349.33597564697266,82.14370131492615,0.026722622451119112,2427.9659163951874,82.14370131492615,0.03383231237318409,0,82.14370131492615,0.0
2022-12-02,3.8480000495910645,0.00891456719431516,35.076026916503906,0.0040771452623182824,0.004837421931996877,0.004837421931996877,0.019904364035751455,0.026632433633720542,1,0,0.0,10,4.168993786139554,0.0,0.0,0.0,0.0,0.0,0.0,,0.0,0.0,0.0,0.026632433633720542,0.0,0.0,0.0,0,0.0,0.0
2022-12-03,3.8480000495910645,0.0,35.076026916503906,0.0,0.0,0.0,0.019880342238049856,0.02608628913397484,1,0,0.0,10,,0.0,0.0,0.0,0.0,0.0,0.0,,0.0,0.0,0.0,0.02608628913397484,0.0,0.0,0.0,0,0.0,0.0
2022-12-04,3.8480000495910645,0.0,35.076026916503906,0.0,0.0,0.0,0.019880342238049856,0.02608628913397484,1,0,0.0,10,,0.0,0.0,0.0,0.0,0.0,0.0,,0.0,0.0,0.0,0.02608628913397484,0.0,0.0,0.0,0,0.0,0.0
2022-12-05,3.7894999980926514,-0.015202715889941376,34.34488296508789,-0.020844548704345933,0.005641832814404557,0.005641832814404557,0.02003305591637311,0.02634700631809339,1,0,0.0,10,12.426575048770278,0.0,0.0,0.0,0.0,0.0,0.0,,0.0,0.0,0.0,0.02634700631809339,0.0,0.0,0.0,0,0.0,0.0
2022-12-06,3.811500072479248,0.005805534872059592,34.24993133544922,-0.0027646514252266385,0.00857018629728623,0.00857018629728623,0.020039774754722385,0.026260439372973083,1,0,0.0,10,4.2791934169320225,0.0,0.0,0.0,0.0,0.0,0.0,,0.0,0.0,0.0,0.026260439372973083,0.0,0.0,0.0,0,0.0,0.0
2022-12-07,3.8554999828338623,0.011543987804778943,34.126487731933594,-0.0036042000290920084,0.015148187833870952,0.015148187833870952,0.01994176618833092,0.026191847044473346,1,0,0.0,10,2.7635282875521807,0.0,0.0,0.0,0.0,0.0,0.0,,0.0,0.0,0.0,0.026191847044473346,0.0,0.0,0.0,0,0.0,0.0
2022-12-08,3.880500078201294,0.006484268053103648,34.85763931274414,0.021424753304641442,-0.014940485251537794,0.014940485251537794,0.019810816573655386,0.02616863351304592,0,0,0.0,10,29.68008533844284,0.0,0.0,0.0,0.0,0.0,0.0,,0.0,0.0,0.0,0.02616863351304592,0.0,0.0,0.0,0,0.0,0.0
2022-12-09,3.875999927520752,-0.001159683182541782,34.70570755004883,-0.004358636031894569,0.0031989528493527875,0.0031989528493527875,0.019516499013140134,0.026193826570195533,1,0,0.0,10,33.653356657230965,0.0,0.0,0.0,0.0,0.0,0.0,,0.0,0.0,0.0,0.026193826570195533,0.0,0.0,0.0,0,0.0,0.0
2022-12-10,3.875999927520752,0.0,34.70570755004883,0.0,0.0,0.0,0.019338287542509054,0.025614531790407777,1,0,0.0,10,,0.0,0.0,0.0,0.0,0.0,0.0,,0.0,0.0,0.0,0.025614531790407777,0.0,0.0,0.0,0,0.0,0.0
2022-12-11,3.875999927520752,0.0,34.70570755004883,0.0,0.0,0.0,0.019338287542509054,0.025614531790407777,1,0,0.0,10,,0.0,0.0,0.0,0.0,0.0,0.0,,0.0,0.0,0.0,0.025614531790407777,0.0,0.0,0.0,0,0.0,0.0
2022-12-12,3.7985000610351562,-0.01999480596873171,34.49681091308594,-0.006019085957594816,-0.013975720011136894,0.013975720011136894,0.019587557351035564,0.025651668475880383,0,0,0.0,10,2.733884494700932,0.0,0.0,0.0,0.0,0.0,0.0,,0.0,0.0,0.0,0.025651668475880383,0.0,0.0,0.0,0,0.0,0.0
2022-12-13,3.8394999504089355,0.010793705071734605,35.06653594970703,0.016515295806806662,-0.005721590735072057,0.005721590735072057,0.01952234475451693,0.024998145778247906,0,0,0.0,10,13.974427004027552,0.0,0.0,0.0,0.0,0.0,0.0,,0.0,0.0,0.0,0.024998145778247906,0.0,0.0,0.0,0,0.0,0.0
2022-12-14,3.875,0.00924600860778324,35.13300323486328,0.001895461965549572,0.0073505466422336685,0.0073505466422336685,0.019487857746516027,0.02485014648761135,1,0,0.0,10,1.8586788182700507,0.0,0.0,0.0,0.0,0.0,0.0,,0.0,0.0,0.0,0.02485014648761135,0.0,0.0,0.0,0,0.0,0.0
2022-12-15,3.763000011444092,-0.028903222853137622,33.81313705444336,-0.03756770155960332,0.008664478706465695,0.008664478706465695,0.018641462058546516,0.02491001054668633,1,0,0.0,10,11.679374891818663,0.0,0.0,0.0,0.0,0.0,0.0,,0.0,0.0,0.0,0.02491001054668633,0.0,0.0,0.0,0,0.0,0.0
2022-12-16,3.7614998817443848,-0.0003986525897275994,33.91759490966797,0.0030892683827714595,-0.003487920972499059,0.003487920972499059,0.018640192780593957,0.0248086221967684,0,0,0.0,10,69.8755189583662,0.0,0.0,0.0,0.0,0.0,0.0,,0.0,0.0,0.0,0.0248086221967684,0.0,0.0,0.0,0,0.0,0.0
2022-12-17,3.7614998817443848,0.0,33.91759490966797,0.0,0.0,0.0,0.017479780123448484,0.02455806401939186,1,0,0.0,10,,0.0,0.0,0.0,0.0,0.0,0.0,,0.0,0.0,0.0,0.02455806401939186,0.0,0.0,0.0,0,0.0,0.0
2022-12-18,3.7614998817443848,0.0,33.91759490966797,0.0,0.0,0.0,0.017479780123448484,0.02455806401939186,1,0,0.0,10,,0.0,0.0,0.0,0.0,0.0,0.0,,0.0,0.0,0.0,0.02455806401939186,0.0,0.0,0.0,0,0.0,0.0
2022-12-19,3.7829999923706055,0.00571583445491175,33.623233795166016,-0.00867871425688993,0.01439454871180168,0.01439454871180168,0.017486559095395253,0.0246200603996702,1,0,0.0,10,13.495186401894868,0.0,0.0,0.0,0.0,0.0,0.0,,0.0,0.0,0.0,0.0246200603996702,0.0,0.0,0.0,0,0.0,0.0
2022-12-20,3.797499895095825,0.003832911116696369,33.97455978393555,0.010448905388155794,-0.006615994271459424,0.006615994271459424,0.017314126292849404,0.02444707074730848,0,0,0.0,10,24.389231508055598,0.0,0.0,0.0,0.0,0.0,0.0,,0.0,0.0,0.0,0.02444707074730848,0.0,0.0,0.0,0,0.0,0.0
2022-12-21,3.805999994277954,0.002238340860287069,34.88612365722656,0.026830778061237348,-0.02459243720095028,0.02459243720095028,0.016907798351731385,0.023813791378340096,0,1,1.0,10,109.87299847616922,1099.0,-10.0,-4182.793993711472,348.8612365722656,0.0,0.0,Opened,-4182.793993711472,348.8612365722656,0.0,0.023813791378340096,4531.655230283737,0.0,0.0,0,0.0,4531.655230283737
2022-12-22,3.751499891281128,-0.014319522616595637,33.6422233581543,-0.03565601931857498,0.021336496701979346,0.021336496701979346,0.017056031414093016,0.023850264921373647,1,0,-1.0,10,22.329760669202514,-1099.0,10.0,4122.89838051796,-336.42223358154297,-59.89561319351196,12.439002990722656,Closed,4122.89838051796,-336.42223358154297,-47.45661020278931,0.023850264921373647,4459.320614099503,-47.45661020278931,-0.0106421166607175,0,-47.45661020278931,0.0
2022-12-23,3.802999973297119,0.01372786445647578,34.211944580078125,0.01693470778844164,-0.0032068433319658585,0.0032068433319658585,0.016992943926419382,0.023917394040757108,0,0,0.0,10,11.097525770778761,0.0,0.0,0.0,0.0,0.0,0.0,,0.0,0.0,0.0,0.023917394040757108,0.0,0.0,0.0,0,0.0,0.0
2022-12-24,3.802999973297119,0.0,34.211944580078125,0.0,0.0,0.0,0.01338034720273348,0.019752851727305974,1,0,0.0,10,,0.0,0.0,0.0,0.0,0.0,0.0,,0.0,0.0,0.0,0.019752851727305974,0.0,0.0,0.0,0,0.0,0.0
2022-12-25,3.802999973297119,0.0,34.211944580078125,0.0,0.0,0.0,0.01338034720273348,0.019752851727305974,1,0,0.0,10,,0.0,0.0,0.0,0.0,0.0,0.0,,0.0,0.0,0.0,0.019752851727305974,0.0,0.0,0.0,0,0.0,0.0
2022-12-26,3.802999973297119,0.0,34.211944580078125,0.0,0.0,0.0,0.01338034720273348,0.019752851727305974,1,0,0.0,10,,0.0,0.0,0.0,0.0,0.0,0.0,,0.0,0.0,0.0,0.019752851727305974,0.0,0.0,0.0,0,0.0,0.0
2022-12-27,3.8334999084472656,0.00801996722700582,34.63923645019531,0.012489552270758653,-0.004469585043752833,0.004469585043752833,0.012983268085886221,0.01976636413661123,0,0,0.0,10,14.071718203519556,0.0,0.0,0.0,0.0,0.0,0.0,,0.0,0.0,0.0,0.01976636413661123,0.0,0.0,0.0,0,0.0,0.0
2022-12-28,3.8320000171661377,-0.00039125898446557006,34.230934143066406,-0.011787277924441786,0.011396018939976216,0.011396018939976216,0.012667237973477137,0.019446486533468855,1,0,0.0,10,269.1178154934669,0.0,0.0,0.0,0.0,0.0,0.0,,0.0,0.0,0.0,0.019446486533468855,0.0,0.0,0.0,0,0.0,0.0
2022-12-29,3.821000099182129,-0.002870542258541886,34.58135986328125,0.010237106552519304,-0.01310764881106119,0.01310764881106119,0.012610372326784353,0.01872727061462428,0,0,0.0,10,32.275895247808805,0.0,0.0,0.0,0.0,0.0,0.0,,0.0,0.0,0.0,0.01872727061462428,0.0,0.0,0.0,0,0.0,0.0
2022-12-30,3.805500030517578,-0.004056547569278646,34.014923095703125,-0.016379829185941608,0.012323281616662962,0.012323281616662962,0.012460513355106109,0.016419092923528836,1,0,0.0,10,36.0919676154305,0.0,0.0,0.0,0.0,0.0,0.0,,0.0,0.0,0.0,0.016419092923528836,0.0,0.0,0.0,0,0.0,0.0
2022-12-31,3.805500030517578,0.0,34.014923095703125,0.0,0.0,0.0,0.010989422977999505,0.0152676419300242,1,0,0.0,10,,0.0,0.0,0.0,0.0,0.0,0.0,,0.0,0.0,0.0,0.0152676419300242,0.0,0.0,0.0,0,0.0,0.0
2023-01-01,3.805500030517578,0.0,34.014923095703125,0.0,0.0,0.0,0.010989422977999505,0.0152676419300242,1,0,0.0,10,,0.0,0.0,0.0,0.0,0.0,0.0,,0.0,0.0,0.0,0.0152676419300242,0.0,0.0,0.0,0,0.0,0.0
2023-01-02,3.805500030517578,0.0,34.014923095703125,0.0,0.0,0.0,0.010989422977999505,0.0152676419300242,1,0,0.0,10,,0.0,0.0,0.0,0.0,0.0,0.0,,0.0,0.0,0.0,0.0152676419300242,0.0,0.0,0.0,0,0.0,0.0
2023-01-03,3.7660000324249268,-0.0103797129880141,34.33174133300781,0.009314095357890295,-0.019693808345904396,0.019693808345904396,0.0105466116412591,0.015177242914973207,0,1,1.0,10,8.180330444665236,82.0,-10.0,-308.812002658844,343.3174133300781,0.0,0.0,Opened,-308.812002658844,343.3174133300781,0.0,0.015177242914973207,652.1294159889221,0.0,0.0,0,0.0,652.1294159889221
2023-01-04,3.739500045776367,-0.007036640047901499,34.773372650146484,0.012863644545581865,-0.019900284593483364,0.019900284593483364,0.0105762520771428,0.015233353702366942,0,1,0.0,10,16.999336354036693,-82.0,10.0,306.6390037536621,-347.73372650146484,-2.1729989051818848,-4.416313171386719,Live,0.0,0.0,0.0,0.015233353702366942,654.372730255127,-6.5893120765686035,-0.01006966178740297,0,0.0,0.0
2023-01-05,3.818000078201294,0.020992119658773678,35.3014030456543,0.015184906014734434,0.005807213644039244,0.005807213644039244,0.010833250283959525,0.015178217913480854,1,0,-1.0,10,6.68823999711792,-82.0,10.0,313.0760064125061,-353.01403045654297,4.264003753662109,-9.696617126464844,Closed,313.0760064125061,-353.01403045654297,-5.432613372802734,0.015178217913480854,666.0900368690491,-5.432613372802734,-0.008155974526114653,0,-5.432613372802734,0.0
2023-01-06,3.9084999561309814,0.023703477233118164,36.82789993286133,0.0432418191773527,-0.01953834194423454,0.01953834194423454,0.01065743624429218,0.015812302265478532,0,1,1.0,10,17.189321676496046,172.0,-10.0,-672.2619924545288,368.2789993286133,0.0,0.0,Opened,-672.2619924545288,368.2789993286133,0.0,0.015812302265478532,1040.540991783142,0.0,0.0,0,0.0,1040.540991783142
2023-01-07,3.9084999561309814,0.0,36.82789993286133,0.0,0.0,0.0,0.01038053678850108,0.01573558460585624,1,0,-1.0,10,,-172.0,10.0,672.2619924545288,-368.2789993286133,0.0,0.0,Closed,672.2619924545288,-368.2789993286133,0.0,0.01573558460585624,1040.540991783142,0.0,0.0,0,0.0,0.0
2023-01-08,3.9084999561309814,0.0,36.82789993286133,0.0,0.0,0.0,0.01038053678850108,0.01573558460585624,1,0,0.0,10,,0.0,0.0,0.0,0.0,0.0,0.0,,0.0,0.0,0.0,0.01573558460585624,0.0,0.0,0.0,0,0.0,0.0
2023-01-09,4.018499851226807,0.028143762653310533,37.63434982299805,0.02189779736577191,0.006245965287538624,0.006245965287538624,0.011038545390972897,0.015951393152287132,1,0,0.0,10,7.286831616395993,0.0,0.0,0.0,0.0,0.0,0.0,,0.0,0.0,0.0,0.015951393152287132,0.0,0.0,0.0,0,0.0,0.0
2023-01-10,4.066999912261963,0.012069195677673061,38.43120193481445,0.021173532040918985,-0.009104336363245924,0.009104336363245924,0.010787914001633883,0.016106979800012414,0,0,0.0,10,16.5777194661054,0.0,0.0,0.0,0.0,0.0,0.0,,0.0,0.0,0.0,0.016106979800012414,0.0,0.0,0.0,0,0.0,0.0
2023-01-11,4.1545000076293945,0.021514653861589572,38.59441375732422,0.00424685709248962,0.017267796769099952,0.017267796769099952,0.01103641804991596,0.01564380904032111,1,1,1.0,10,1.8337451076386293,-19.0,10.0,78.9355001449585,-385.9441375732422,0.0,0.0,Opened,78.9355001449585,-385.9441375732422,0.0,0.01564380904032111,464.8796377182007,0.0,0.0,0,0.0,464.8796377182007
2023-01-12,4.185999870300293,0.007582106778926789,39.40086364746094,0.020895508225816206,-0.013313401446889417,0.013313401446889417,0.011052517735311605,0.01580975376232609,0,0,-1.0,10,25.939976196453323,19.0,-10.0,-79.53399753570557,394.0086364746094,-0.5984973907470703,8.064498901367188,Closed,-79.53399753570557,394.0086364746094,7.466001510620117,0.01580975376232609,473.54263401031494,7.466001510620117,0.015766271026945146,0,7.466001510620117,0.0
2023-01-13,4.207499980926514,0.0051361947664556595,39.42966079711914,0.000730876102510436,0.0044053186639452235,0.0044053186639452235,0.011048093076109128,0.01580659571230611,1,0,0.0,10,1.3335251053866666,0.0,0.0,0.0,0.0,0.0,0.0,,0.0,0.0,0.0,0.01580659571230611,0.0,0.0,0.0,0,0.0,0.0
2023-01-14,4.207499980926514,0.0,39.42966079711914,0.0,0.0,0.0,0.011056440611911699,0.015803608826497173,1,0,0.0,10,,0.0,0.0,0.0,0.0,0.0,0.0,,0.0,0.0,0.0,0.015803608826497173,0.0,0.0,0.0,0,0.0,0.0
2023-01-15,4.207499980926514,0.0,39.42966079711914,0.0,0.0,0.0,0.011056440611911699,0.015803608826497173,1,0,0.0,10,,0.0,0.0,0.0,0.0,0.0,0.0,,0.0,0.0,0.0,0.015803608826497173,0.0,0.0,0.0,0,0.0,0.0
2023-01-16,4.207499980926514,0.0,39.42966079711914,0.0,0.0,0.0,0.011056440611911699,0.015803608826497173,1,0,0.0,10,,0.0,0.0,0.0,0.0,0.0,0.0,,0.0,0.0,0.0,0.015803608826497173,0.0,0.0,0.0,0,0.0,0.0
2023-01-17,4.215000152587891,0.001782572001277849,38.50800323486328,-0.023374727137475126,0.025157299138752975,0.025157299138752975,0.01100586987366383,0.015719830728044813,1,1,1.0,10,119.7989120428692,-1198.0,10.0,5049.570182800293,-385.0800323486328,0.0,0.0,Opened,5049.570182800293,-385.0800323486328,0.0,0.015719830728044813,5434.650215148926,0.0,0.0,0,0.0,5434.650215148926
2023-01-18,4.228499889373779,0.003202784412142945,38.71922302246094,0.005485088029867802,-0.002282303617724857,0.002282303617724857,0.011001125259226748,0.015176475321451393,0,0,-1.0,10,15.681810661273945,1198.0,-10.0,-5065.742867469788,387.1922302246094,-16.17268466949463,2.1121978759765625,Closed,-5065.742867469788,387.1922302246094,-14.060486793518066,0.015176475321451393,5452.935097694397,-14.060486793518066,-0.002578517173157462,0,-14.060486793518066,0.0
2023-01-19,4.226500034332275,-0.00047294669358499686,39.06483840942383,0.008926196343413295,-0.009399143036998292,0.009399143036998292,0.010436717195332762,0.014374234532806441,0,0,0.0,10,174.44534992258363,0.0,0.0,0.0,0.0,0.0,0.0,,0.0,0.0,0.0,0.014374234532806441,0.0,0.0,0.0,0,0.0,0.0
2023-01-20,4.248499870300293,0.005205213720409496,39.63127517700195,0.014499913237615791,-0.009294699517206295,0.009294699517206295,0.010034921970482322,0.014336125116410992,0,0,0.0,10,25.985392125147076,0.0,0.0,0.0,0.0,0.0,0.0,,0.0,0.0,0.0,0.014336125116410992,0.0,0.0,0.0,0,0.0,0.0
2023-01-21,4.248499870300293,0.0,39.63127517700195,0.0,0.0,0.0,0.009992462116811502,0.014339305433489012,1,0,0.0,10,,0.0,0.0,0.0,0.0,0.0,0.0,,0.0,0.0,0.0,0.014339305433489012,0.0,0.0,0.0,0,0.0,0.0
2023-01-22,4.248499870300293,0.0,39.63127517700195,0.0,0.0,0.0,0.009992462116811502,0.014339305433489012,1,0,0.0,10,,0.0,0.0,0.0,0.0,0.0,0.0,,0.0,0.0,0.0,0.014339305433489012,0.0,0.0,0.0,0,0.0,0.0
2023-01-23,4.254000186920166,0.0012946491203456034,39.62167739868164,-0.0002421768736293739,0.0015368259939749773,0.0015368259939749773,0.009988768353480532,0.014340223780986466,1,0,0.0,10,1.7422719343126165,0.0,0.0,0.0,0.0,0.0,0.0,,0.0,0.0,0.0,0.014340223780986466,0.0,0.0,0.0,0,0.0,0.0
2023-01-24,4.245500087738037,-0.0019981426442491346,39.84249496459961,0.005573150366554591,-0.007571293010803726,0.007571293010803726,0.009693316572460926,0.013942163791471666,0,0,0.0,10,26.175316661176844,0.0,0.0,0.0,0.0,0.0,0.0,,0.0,0.0,0.0,0.013942163791471666,0.0,0.0,0.0,0,0.0,0.0
2023-01-25,4.239999771118164,-0.0012955638926399615,40.03450012207031,0.004819104768446492,-0.006114668661086453,0.006114668661086453,0.009693242910880147,0.013918632957183586,0,0,0.0,10,35.12174694073986,0.0,0.0,0.0,0.0,0.0,0.0,,0.0,0.0,0.0,0.013918632957183586,0.0,0.0,0.0,0,0.0,0.0
2023-01-26,4.267000198364258,0.006368025637645935,40.06330108642578,0.0007194036210680377,0.005648622016577898,0.005648622016577898,0.009618539249725291,0.013888763328633183,1,0,0.0,10,1.0606983276497977,0.0,0.0,0.0,0.0,0.0,0.0,,0.0,0.0,0.0,0.013888763328633183,0.0,0.0,0.0,0,0.0,0.0
2023-01-27,4.223999977111816,-0.010077389091504019,39.77528381347656,-0.00718905494901434,-0.002888334142489679,0.002888334142489679,0.009747913655921394,0.013715443206851,0,0,0.0,10,6.717584777030823,0.0,0.0,0.0,0.0,0.0,0.0,,0.0,0.0,0.0,0.013715443206851,0.0,0.0,0.0,0,0.0,0.0
2023-01-28,4.223999977111816,0.0,39.77528381347656,0.0,0.0,0.0,0.009742241067353444,0.013683249580695563,1,0,0.0,10,,0.0,0.0,0.0,0.0,0.0,0.0,,0.0,0.0,0.0,0.013683249580695563,0.0,0.0,0.0,0,0.0,0.0
2023-01-29,4.223999977111816,0.0,39.77528381347656,0.0,0.0,0.0,0.009742241067353444,0.013683249580695563,1,0,0.0,10,,0.0,0.0,0.0,0.0,0.0,0.0,,0.0,0.0,0.0,0.013683249580695563,0.0,0.0,0.0,0,0.0,0.0
2023-01-30,4.203499794006348,-0.004853263072100211,39.007240295410156,-0.019309567259610083,0.014456304187509872,0.014456304187509872,0.009784297128855363,0.014032567244671742,1,1,1.0,10,36.92095307265659,-370.0,10.0,1555.2949237823486,-390.07240295410156,0.0,0.0,Opened,1555.2949237823486,-390.07240295410156,0.0,0.014032567244671742,1945.3673267364502,0.0,0.0,0,0.0,1945.3673267364502
2023-01-31,4.228499889373779,0.0059474477441578966,39.640872955322266,0.016243975608463357,-0.01029652786430546,0.01029652786430546,0.009287188676127281,0.014111787817458732,0,0,-1.0,10,25.604634455108744,370.0,-10.0,-1564.5449590682983,396.40872955322266,-9.250035285949707,6.336326599121094,Closed,-1564.5449590682983,396.40872955322266,-2.9137086868286133,0.014111787817458732,1960.953688621521,-2.9137086868286133,-0.0014858630796512305,0,-2.9137086868286133,0.0
2023-02-01,4.111000061035156,-0.027787591678528845,40.22651290893555,0.014773639174730846,-0.04256123085325969,0.04256123085325969,0.010122864902022233,0.014079560315980287,0,1,1.0,10,5.202372948925081,53.0,-10.0,-217.88300323486328,402.26512908935547,0.0,0.0,Opened,-217.88300323486328,402.26512908935547,0.0,0.014079560315980287,620.1481323242188,0.0,0.0,0,0.0,620.1481323242188
2023-02-02,4.093999862670898,-0.004135295089238489,38.86322784423828,-0.03389021235281964,0.02975491726358115,0.02975491726358115,0.010088504183001622,0.01500785077404207,1,0,-1.0,10,77.7962797602319,-53.0,10.0,216.98199272155762,-388.6322784423828,-0.9010105133056641,13.632850646972656,Closed,216.98199272155762,-388.6322784423828,12.731840133666992,0.01500785077404207,605.6142711639404,12.731840133666992,0.02102301867688397,0,12.731840133666992,0.0
2023-02-03,4.063000202178955,-0.007571973994087822,38.18158721923828,-0.017539475303800733,0.009967501309712912,0.009967501309712912,0.009203918188707824,0.014170583301807474,1,0,0.0,10,21.76780397064095,0.0,0.0,0.0,0.0,0.0,0.0,,0.0,0.0,0.0,0.014170583301807474,0.0,0.0,0.0,0,0.0,0.0
2023-02-04,4.063000202178955,0.0,38.18158721923828,0.0,0.0,0.0,0.009202344670553118,0.014174835682172827,1,0,0.0,10,,0.0,0.0,0.0,0.0,0.0,0.0,,0.0,0.0,0.0,0.014174835682172827,0.0,0.0,0.0,0,0.0,0.0
2023-02-05,4.063000202178955,0.0,38.18158721923828,0.0,0.0,0.0,0.009202344670553118,0.014174835682172827,1,0,0.0,10,,0.0,0.0,0.0,0.0,0.0,0.0,,0.0,0.0,0.0,0.014174835682172827,0.0,0.0,0.0,0,0.0,0.0
2023-02-06,4.043499946594238,-0.0047994719700626964,37.30793380737305,-0.022881537293060306,0.01808206532299761,0.01808206532299761,0.009244147717111267,0.014618610945554302,1,1,1.0,10,43.98812953862261,-440.0,10.0,1779.1399765014648,-373.07933807373047,0.0,0.0,Opened,1779.1399765014648,-373.07933807373047,0.0,0.014618610945554302,2152.2193145751953,0.0,0.0,0,0.0,2152.2193145751953
2023-02-07,4.088500022888184,0.011128991440162661,38.26799011230469,0.02573330139075969,-0.014604309950597028,0.014604309950597028,0.009326000960474206,0.014912128907853832,0,0,-1.0,10,21.642695374999878,440.0,-10.0,-1798.9400100708008,382.6799011230469,-19.800033569335938,9.600563049316406,Closed,-1798.9400100708008,382.6799011230469,-10.199470520019531,0.014912128907853832,2181.6199111938477,-10.199470520019531,-0.004675182174349553,0,-10.199470520019531,0.0
2023-02-08,4.043499946594238,-0.011006500193720514,37.83596420288086,-0.011289485237033992,0.0002829850433134773,0.0002829850433134773,0.009488104091396962,0.014998250922864472,1,0,0.0,10,9.597812437833175,0.0,0.0,0.0,0.0,0.0,0.0,,0.0,0.0,0.0,0.014998250922864472,0.0,0.0,0.0,0,0.0,0.0
2023-02-09,4.105500221252441,0.015333319024877223,37.71115493774414,-0.003298693921674034,0.018632012946551257,0.018632012946551257,0.009693047384275564,0.014590870352176193,1,1,1.0,10,1.9761031111721215,-20.0,10.0,82.11000442504883,-377.1115493774414,0.0,0.0,Opened,82.11000442504883,-377.1115493774414,0.0,0.014590870352176193,459.22155380249023,0.0,0.0,0,0.0,459.22155380249023
2023-02-10,4.027500152587891,-0.018998919610520915,36.914306640625,-0.021130307423218087,0.002131387812697172,0.002131387812697172,0.009870481584026605,0.013963793834012833,1,1,0.0,10,10.19379887009293,20.0,-10.0,-80.55000305175781,369.14306640625,1.5600013732910156,-7.968482971191406,Live,0.0,0.0,0.0,0.013963793834012833,449.6930694580078,-6.408481597900391,-0.01425079022370571,1,-6.408481597900391,0.0
2023-02-11,4.027500152587891,0.0,36.914306640625,0.0,0.0,0.0,0.009712170877422807,0.013797390403525712,1,1,0.0,10,,20.0,-10.0,-80.55000305175781,369.14306640625,1.5600013732910156,-7.968482971191406,Live,0.0,0.0,0.0,0.013797390403525712,449.6930694580078,-6.408481597900391,-0.01425079022370571,1,0.0,0.0
2023-02-12,4.027500152587891,0.0,36.914306640625,0.0,0.0,0.0,0.009712170877422807,0.013797390403525712,1,1,0.0,10,,20.0,-10.0,-80.55000305175781,369.14306640625,1.5600013732910156,-7.968482971191406,Live,0.0,0.0,0.0,0.013797390403525712,449.6930694580078,-6.408481597900391,-0.01425079022370571,1,0.0,0.0
2023-02-13,4.086999893188477,0.014773367683761363,37.355934143066406,0.011963586550353567,0.002809781133407796,0.002809781133407796,0.009898051486875233,0.01387234787922092,1,1,0.0,10,7.401791779539065,20.0,-10.0,-81.73999786376953,373.55934143066406,0.3700065612792969,-3.5522079467773438,Live,0.0,0.0,0.0,0.01387234787922092,455.2993392944336,-3.182201385498047,-0.0069892510505932814,0,0.0,0.0
2023-02-14,4.110000133514404,0.00562765865598891,37.922367095947266,0.015163131798860308,-0.009535473142871398,0.009535473142871398,0.009912756243213902,0.013996177743775718,0,0,-1.0,10,24.8607807981329,20.0,-10.0,-82.20000267028809,379.22367095947266,-0.08999824523925781,2.11212158203125,Closed,-82.20000267028809,379.22367095947266,2.022123336791992,0.013996177743775718,461.42367362976074,2.022123336791992,0.004382357153210377,0,0.0,0.0
2023-02-15,4.052000045776367,-0.014111943030143403,37.547950744628906,-0.009873232606262383,-0.00423871042388102,0.00423871042388102,0.010112439115684352,0.01401655867561956,0,0,0.0,10,6.4831989968666965,0.0,0.0,0.0,0.0,0.0,0.0,,0.0,0.0,0.0,0.01401655867561956,0.0,0.0,0.0,0,0.0,0.0
2023-02-16,4.165500164031982,0.028010887703203036,37.787960052490234,0.006392074749796084,0.021618812953406952,0.021618812953406952,0.010798037710983973,0.013894549442097486,1,1,1.0,10,2.0701473751733555,-21.0,10.0,87.47550344467163,-377.87960052490234,0.0,0.0,Opened,87.47550344467163,-377.87960052490234,0.0,0.013894549442097486,465.355103969574,0.0,0.0,0,0.0,465.355103969574
2023-02-17,4.113999843597412,-0.012363538208271407,37.624752044677734,-0.004319047855078528,-0.008044490353192879,0.008044490353192879,0.010962731062144541,0.013872489600717259,0,0,-1.0,10,3.1948804836969953,21.0,-10.0,-86.39399671554565,376.24752044677734,1.0815067291259766,-1.632080078125,Closed,-86.39399671554565,376.24752044677734,-0.5505733489990234,0.013872489600717259,462.641517162323,-0.5505733489990234,-0.001190064723062562,0,-0.5505733489990234,0.0
2023-02-18,4.113999843597412,0.0,37.624752044677734,0.0,0.0,0.0,0.010935463953632226,0.013626051006648168,1,0,0.0,10,,0.0,0.0,0.0,0.0,0.0,0.0,,0.0,0.0,0.0,0.013626051006648168,0.0,0.0,0.0,0,0.0,0.0
2023-02-19,4.113999843597412,0.0,37.624752044677734,0.0,0.0,0.0,0.010935463953632226,0.013626051006648168,1,0,0.0,10,,0.0,0.0,0.0,0.0,0.0,0.0,,0.0,0.0,0.0,0.013626051006648168,0.0,0.0,0.0,0,0.0,0.0
2023-02-20,4.113999843597412,0.0,37.624752044677734,0.0,0.0,0.0,0.010935463953632226,0.013626051006648168,1,0,0.0,10,,0.0,0.0,0.0,0.0,0.0,0.0,,0.0,0.0,0.0,0.013626051006648168,0.0,0.0,0.0,0,0.0,0.0
2023-02-21,4.234499931335449,0.02929025092831994,37.76875686645508,0.0038273959016752457,0.025462855026644693,0.025462855026644693,0.011610673425845411,0.013624705786079737,1,1,1.0,10,1.1654961831649813,-12.0,10.0,50.81399917602539,-377.6875686645508,0.0,0.0,Opened,50.81399917602539,-377.6875686645508,0.0,0.013624705786079737,428.5015678405762,0.0,0.0,0,0.0,428.5015678405762
2023-02-22,4.202499866485596,-0.007556987925079861,36.88550567626953,-0.023385762822657807,0.015828774897577946,0.015828774897577946,0.011554966086367042,0.014053657124962215,1,1,0.0,10,27.161318356173634,12.0,-10.0,-50.42999839782715,368.8550567626953,0.3840007781982422,-8.832511901855469,Live,0.0,0.0,0.0,0.014053657124962215,419.28505516052246,-8.448511123657227,-0.020149802669266928,1,-8.448511123657227,0.0
2023-02-23,4.072999954223633,-0.030814971178157124,36.34787368774414,-0.01457569792438218,-0.016239273253774944,0.016239273253774944,0.012403588499119034,0.014137651835148826,0,0,-1.0,10,4.221163733856929,12.0,-10.0,-48.875999450683594,363.4787368774414,1.9379997253417969,-14.208831787109375,Closed,-48.875999450683594,363.4787368774414,-12.270832061767578,0.014137651835148826,412.354736328125,-12.270832061767578,-0.029757951056983253,1,0.0,0.0
2023-02-24,3.9549999237060547,-0.028971282063289472,35.2534065246582,-0.030110899264376267,0.0011396172010867955,0.0011396172010867955,0.012829919057982685,0.014651019056574005,1,0,0.0,10,9.26425757226897,0.0,0.0,0.0,0.0,0.0,0.0,,0.0,0.0,0.0,0.014651019056574005,0.0,0.0,0.0,0,0.0,0.0
2023-02-25,3.9549999237060547,0.0,35.2534065246582,0.0,0.0,0.0,0.012396430614759812,0.013261462665904564,1,0,0.0,10,,0.0,0.0,0.0,0.0,0.0,0.0,,0.0,0.0,0.0,0.013261462665904564,0.0,0.0,0.0,0,0.0,0.0
2023-02-26,3.9549999237060547,0.0,35.2534065246582,0.0,0.0,0.0,0.012396430614759812,0.013261462665904564,1,0,0.0,10,,0.0,0.0,0.0,0.0,0.0,0.0,,0.0,0.0,0.0,0.013261462665904564,0.0,0.0,0.0,0,0.0,0.0
2023-02-27,4.008999824523926,0.013653578219862572,36.03105163574219,0.022058722482323878,-0.008405144262461306,0.008405144262461306,0.012538982182794015,0.0136494187850607,0,0,0.0,10,14.52027277533099,0.0,0.0,0.0,0.0,0.0,0.0,,0.0,0.0,0.0,0.0136494187850607,0.0,0.0,0.0,0,0.0,0.0
2023-02-28,4.097499847412109,0.022075337181810095,36.35747146606445,0.009059403361917573,0.013015933819892522,0.013015933819892522,0.012293759857577715,0.01333968339330237,1,0,0.0,10,3.6413881684381284,0.0,0.0,0.0,0.0,0.0,0.0,,0.0,0.0,0.0,0.01333968339330237,0.0,0.0,0.0,0,0.0,0.0
2023-03-01,4.168000221252441,0.017205705055695963,37.99917221069336,0.045154425718555435,-0.027948720662859472,0.027948720662859472,0.012413595659860844,0.014517694713445018,0,1,1.0,10,23.926228824279978,240.0,-10.0,-1000.3200531005859,379.9917221069336,0.0,0.0,Opened,-1000.3200531005859,379.9917221069336,0.0,0.014517694713445018,1380.3117752075195,0.0,0.0,0,0.0,1380.3117752075195
2023-03-02,4.084000110626221,-0.02015357633569881,37.672752380371094,-0.008590182662726709,-0.0115633936729721,0.0115633936729721,0.012377175087027662,0.014552308384569366,0,1,0.0,10,3.9318041794829433,-240.0,10.0,980.160026550293,-376.72752380371094,-20.16002655029297,3.2641983032226562,Live,0.0,0.0,0.0,0.014552308384569366,1356.887550354004,-16.895828247070312,-0.012451900117045285,0,0.0,0.0
2023-03-03,4.078000068664551,-0.0014691581290749989,38.75762176513672,0.028797189380059374,-0.030266347509134373,0.030266347509134373,0.01232611830754798,0.014828351726694347,0,1,0.0,10,186.29081872104044,-240.0,10.0,978.7200164794922,-387.5762176513672,-21.60003662109375,-7.584495544433594,Live,0.0,0.0,0.0,0.014828351726694347,1366.2962341308594,-29.184532165527344,-0.02136032540856154,1,-29.184532165527344,0.0
2023-03-04,4.078000068664551,0.0,38.75762176513672,0.0,0.0,0.0,0.012300004792463513,0.014827753871605712,1,0,-1.0,10,,-240.0,10.0,978.7200164794922,-387.5762176513672,-21.60003662109375,-7.584495544433594,Closed,978.7200164794922,-387.5762176513672,-29.184532165527344,0.014827753871605712,1366.2962341308594,-29.184532165527344,-0.02136032540856154,1,0.0,0.0
2023-03-05,4.078000068664551,0.0,38.75762176513672,0.0,0.0,0.0,0.012300004792463513,0.014827753871605712,1,0,0.0,10,,0.0,0.0,0.0,0.0,0.0,0.0,,0.0,0.0,0.0,0.014827753871605712,0.0,0.0,0.0,0,0.0,0.0
2023-03-06,4.100500106811523,0.005517419756773334,37.787960052490234,-0.025018607140614435,0.03053602689738777,0.03053602689738777,0.012329760386047226,0.015236131130509483,1,1,1.0,10,41.787243320193845,-418.0,10.0,1714.0090446472168,-377.87960052490234,0.0,0.0,Opened,1714.0090446472168,-377.87960052490234,0.0,0.015236131130509483,2091.888645172119,0.0,0.0,0,0.0,2091.888645172119
2023-03-07,3.9865000247955322,-0.02780150690073646,36.03105163574219,-0.046493867737437355,0.018692360836700894,0.018692360836700894,0.01292213956641567,0.016552204489596836,1,1,0.0,10,15.115151569380428,418.0,-10.0,-1666.3570103645325,360.3105163574219,47.652034282684326,-17.56908416748047,Live,0.0,0.0,0.0,0.016552204489596836,2026.6675267219543,30.082950115203857,0.014843554612957019,0,0.0,0.0
2023-03-08,4.041500091552734,0.013796580061484764,36.45347595214844,0.011723896395719136,0.002072683665765629,0.002072683665765629,0.013085532637276184,0.01635587174134984,1,1,0.0,10,7.66473032696693,418.0,-10.0,-1689.347038269043,364.5347595214844,24.662006378173828,-13.344841003417969,Live,0.0,0.0,0.0,0.01635587174134984,2053.8817977905273,11.31716537475586,0.0055101347053809775,0,0.0,0.0
2023-03-09,4.054500102996826,0.0032166302485712173,35.02298355102539,-0.03924159119972037,0.04245822144829159,0.04245822144829159,0.013085618273019867,0.017197379310688238,1,1,0.0,10,105.38075164338916,418.0,-10.0,-1694.7810430526733,350.2298355102539,19.228001594543457,-27.649765014648438,Live,0.0,0.0,0.0,0.017197379310688238,2045.0108785629272,-8.42176342010498,-0.004118199814185406,0,0.0,0.0
2023-03-10,4.045499801635742,-0.0022198300980265095,34.600563049316406,-0.01206123690443317,0.00984140680640666,0.00984140680640666,0.013087179326384873,0.017184887693538254,1,1,0.0,10,46.47111514305576,418.0,-10.0,-1691.0189170837402,346.00563049316406,22.990127563476562,-31.87397003173828,Live,0.0,0.0,0.0,0.017184887693538254,2037.0245475769043,-8.883842468261719,-0.004361185769130416,0,0.0,0.0
2023-03-11,4.045499801635742,0.0,34.600563049316406,0.0,0.0,0.0,0.013059182232672929,0.017017494972546947,1,1,0.0,10,,418.0,-10.0,-1691.0189170837402,346.00563049316406,22.990127563476562,-31.87397003173828,Live,0.0,0.0,0.0,0.017017494972546947,2037.0245475769043,-8.883842468261719,-0.004361185769130416,0,0.0,0.0
2023-03-12,4.045499801635742,0.0,34.600563049316406,0.0,0.0,0.0,0.013059182232672929,0.017017494972546947,1,1,0.0,10,,418.0,-10.0,-1691.0189170837402,346.00563049316406,22.990127563476562,-31.87397003173828,Live,0.0,0.0,0.0,0.017017494972546947,2037.0245475769043,-8.883842468261719,-0.004361185769130416,0,0.0,0.0
2023-03-13,4.069499969482422,0.0059325593927790354,34.917381286621094,0.009156447450092697,-0.003223888057313662,0.003223888057313662,0.013094382443534022,0.017094793848458998,0,0,-1.0,10,13.242974056114257,418.0,-10.0,-1701.0509872436523,349.17381286621094,12.958057403564453,-28.705787658691406,Closed,-1701.0509872436523,349.17381286621094,-15.747730255126953,0.017094793848458998,2050.2248001098633,-15.747730255126953,-0.007680977351499745,0,-15.747730255126953,0.0
2023-03-14,4.010499954223633,-0.014498099447410207,35.34940719604492,0.012372803844524327,-0.026870903291934534,0.026870903291934534,0.01323314544230358,0.017219709417149835,0,1,1.0,10,7.522127194604806,76.0,-10.0,-304.7979965209961,353.4940719604492,0.0,0.0,Opened,-304.7979965209961,353.4940719604492,0.0,0.017219709417149835,658.2920684814453,0.0,0.0,0,0.0,658.2920684814453
2023-03-15,3.8564999103546143,-0.03839921347133646,33.22767639160156,-0.060021679930201244,0.021622466458864786,0.021622466458864786,0.014246508021622275,0.01902469823549733,1,0,-1.0,10,13.467669939962251,-76.0,10.0,293.0939931869507,-332.2767639160156,-11.70400333404541,21.217308044433594,Closed,293.0939931869507,-332.2767639160156,9.513304710388184,0.01902469823549733,625.3707571029663,9.513304710388184,0.0152122634490596,0,9.513304710388184,0.0
2023-03-16,3.885499954223633,0.0075197833639653044,33.60209655761719,0.011268322274568199,-0.0037485389106028943,0.0037485389106028943,0.014307548881886947,0.01910357140633593,0,0,0.0,10,12.9590569178687,0.0,0.0,0.0,0.0,0.0,0.0,,0.0,0.0,0.0,0.01910357140633593,0.0,0.0,0.0,0,0.0,0.0
2023-03-17,3.9135000705718994,0.007206309787194831,33.813316345214844,0.006285910976878473,0.0009203988103163585,0.0009203988103163585,0.014317616474284416,0.019143747762209326,1,0,0.0,10,7.536639114682429,0.0,0.0,0.0,0.0,0.0,0.0,,0.0,0.0,0.0,0.019143747762209326,0.0,0.0,0.0,0,0.0,0.0
2023-03-18,3.9135000705718994,0.0,33.813316345214844,0.0,0.0,0.0,0.014267074840068231,0.01914021055605135,1,0,0.0,10,,0.0,0.0,0.0,0.0,0.0,0.0,,0.0,0.0,0.0,0.01914021055605135,0.0,0.0,0.0,0,0.0,0.0
2023-03-19,3.9135000705718994,0.0,33.813316345214844,0.0,0.0,0.0,0.014267074840068231,0.01914021055605135,1,0,0.0,10,,0.0,0.0,0.0,0.0,0.0,0.0,,0.0,0.0,0.0,0.01914021055605135,0.0,0.0,0.0,0,0.0,0.0
2023-03-20,3.9755001068115234,0.015842605116029418,34.9749870300293,0.034355420005374615,-0.018512814889345197,0.018512814889345197,0.014473803849983605,0.01985563079432609,0,0,0.0,10,19.07807086281226,0.0,0.0,0.0,0.0,0.0,0.0,,0.0,0.0,0.0,0.01985563079432609,0.0,0.0,0.0,0,0.0,0.0
2023-03-21,4.018499851226807,0.010816184947802787,35.176597595214844,0.005764421442456813,0.005051763505345974,0.005051763505345974,0.014560450485882245,0.019735446948605656,1,0,0.0,10,4.66521318450288,0.0,0.0,0.0,0.0,0.0,0.0,,0.0,0.0,0.0,0.019735446948605656,0.0,0.0,0.0,0,0.0,0.0
2023-03-22,4.06850004196167,0.012442501576701348,34.99418640136719,-0.005185583777791769,0.017628085354493117,0.017628085354493117,0.014650527810601633,0.019565947440426633,1,0,0.0,10,3.584689358751007,0.0,0.0,0.0,0.0,0.0,0.0,,0.0,0.0,0.0,0.019565947440426633,0.0,0.0,0.0,0,0.0,0.0
2023-03-23,4.145999908447266,0.019048756467070938,35.13819122314453,0.004115107010223884,0.014933649456847053,0.014933649456847053,0.014375732428089642,0.01943373708371101,1,0,0.0,10,1.830899969614416,0.0,0.0,0.0,0.0,0.0,0.0,,0.0,0.0,0.0,0.01943373708371101,0.0,0.0,0.0,0,0.0,0.0
2023-03-24,4.101500034332275,-0.010733206728809619,35.04218673706055,-0.0027321977239610495,-0.00800100900484857,0.00800100900484857,0.014447111994805186,0.018899314615920208,0,0,0.0,10,2.1748590247592987,0.0,0.0,0.0,0.0,0.0,0.0,,0.0,0.0,0.0,0.018899314615920208,0.0,0.0,0.0,0,0.0,0.0
2023-03-25,4.101500034332275,0.0,35.04218673706055,0.0,0.0,0.0,0.014404251911281583,0.01876523830987442,1,0,0.0,10,,0.0,0.0,0.0,0.0,0.0,0.0,,0.0,0.0,0.0,0.01876523830987442,0.0,0.0,0.0,0,0.0,0.0
2023-03-26,4.101500034332275,0.0,35.04218673706055,0.0,0.0,0.0,0.014404251911281583,0.01876523830987442,1,0,0.0,10,,0.0,0.0,0.0,0.0,0.0,0.0,,0.0,0.0,0.0,0.01876523830987442,0.0,0.0,0.0,0,0.0,0.0
2023-03-27,4.104499816894531,0.0007313866968536864,35.282203674316406,0.006849370989796544,-0.006117984292942857,0.006117984292942857,0.014404321935072881,0.018801677566204794,0,0,0.0,10,80.50059592606951,0.0,0.0,0.0,0.0,0.0,0.0,,0.0,0.0,0.0,0.018801677566204794,0.0,0.0,0.0,0,0.0,0.0
2023-03-28,4.111999988555908,0.0018273046646282154,35.906246185302734,0.017687175006038558,-0.015859870341410343,0.015859870341410343,0.01438686886870393,0.018731111306195244,0,0,0.0,10,84.5209577387353,0.0,0.0,0.0,0.0,0.0,0.0,,0.0,0.0,0.0,0.018731111306195244,0.0,0.0,0.0,0,0.0,0.0
2023-03-29,4.114999771118164,0.0007295191076372998,36.51108169555664,0.016844854990758718,-0.016115335883121418,0.016115335883121418,0.01430408948902324,0.018517126296719817,0,0,0.0,10,204.87335977493439,0.0,0.0,0.0,0.0,0.0,0.0,,0.0,0.0,0.0,0.018517126296719817,0.0,0.0,0.0,0,0.0,0.0
2023-03-30,4.0904998779296875,-0.005953801835041017,37.259925842285156,0.020510050975007132,-0.02646385281004815,0.02646385281004815,0.01424079503809561,0.018693694451740274,0,1,1.0,10,31.378918147195765,314.0,-10.0,-1284.4169616699219,372.59925842285156,0.0,0.0,Opened,-1284.4169616699219,372.59925842285156,0.0,0.018693694451740274,1657.0162200927734,0.0,0.0,0,0.0,1657.0162200927734
2023-03-31,4.104499816894531,0.0034225496596100857,37.16392135620117,-0.0025766150606513216,0.005999164720261407,0.005999164720261407,0.01408347089100307,0.018691478322424147,1,0,-1.0,10,6.816494277614891,-314.0,10.0,1288.8129425048828,-371.6392135620117,4.3959808349609375,0.9600448608398438,Closed,1288.8129425048828,-371.6392135620117,5.356025695800781,0.018691478322424147,1660.4521560668945,5.356025695800781,0.0032256428926489365,0,5.356025695800781,0.0
2023-04-01,4.104499816894531,0.0,37.16392135620117,0.0,0.0,0.0,0.013811529124000308,0.018443969344591818,1,0,0.0,10,,0.0,0.0,0.0,0.0,0.0,0.0,,0.0,0.0,0.0,0.018443969344591818,0.0,0.0,0.0,0,0.0,0.0
2023-04-02,4.104499816894531,0.0,37.16392135620117,0.0,0.0,0.0,0.013811529124000308,0.018443969344591818,1,0,0.0,10,,0.0,0.0,0.0,0.0,0.0,0.0,,0.0,0.0,0.0,0.018443969344591818,0.0,0.0,0.0,0,0.0,0.0
2023-04-03,4.059500217437744,-0.010963479465040837,37.74955749511719,0.01575819013561386,-0.026721669600654696,0.026721669600654696,0.013905893175998158,0.018572866109816694,0,1,1.0,10,13.365869759925019,134.0,-10.0,-543.9730291366577,377.4955749511719,0.0,0.0,Opened,-543.9730291366577,377.4955749511719,0.0,0.018572866109816694,921.4686040878296,0.0,0.0,0,0.0,921.4686040878296
2023-04-04,3.9835000038146973,-0.018721569048471776,37.154319763183594,-0.015768071771717795,-0.00295349727675398,0.00295349727675398,0.013998622071471171,0.018641100413880323,0,1,0.0,10,7.855626682752171,-134.0,10.0,533.7890005111694,-371.54319763183594,-10.184028625488281,5.9523773193359375,Live,0.0,0.0,0.0,0.018641100413880323,905.3321981430054,-4.231651306152344,-0.0046741420605963205,0,0.0,0.0
2023-04-05,3.997999906539917,0.0036399906392203807,36.85670471191406,-0.008010240886294984,0.011650231525515364,0.011650231525515364,0.013983922492478748,0.018545861993137153,1,0,-1.0,10,20.287056244458185,-134.0,10.0,535.7319874763489,-368.5670471191406,-8.241041660308838,8.92852783203125,Closed,535.7319874763489,-368.5670471191406,0.6874861717224121,0.018545861993137153,904.2990345954895,0.6874861717224121,0.0007602420719490628,0,0.6874861717224121,0.0
2023-04-06,4.026000022888184,0.007003531016212428,37.09671401977539,0.006511957857799011,0.0004915731584134164,0.0004915731584134164,0.013881570681238187,0.018519792759134096,1,0,0.0,10,8.56754105193149,0.0,0.0,0.0,0.0,0.0,0.0,,0.0,0.0,0.0,0.018519792759134096,0.0,0.0,0.0,0,0.0,0.0
2023-04-07,4.026000022888184,0.0,37.09671401977539,0.0,0.0,0.0,0.013278804432199707,0.01849630834241775,1,0,0.0,10,,0.0,0.0,0.0,0.0,0.0,0.0,,0.0,0.0,0.0,0.01849630834241775,0.0,0.0,0.0,0,0.0,0.0
2023-04-08,4.026000022888184,0.0,37.09671401977539,0.0,0.0,0.0,0.013169832746599833,0.0184867610454624,1,0,0.0,10,,0.0,0.0,0.0,0.0,0.0,0.0,,0.0,0.0,0.0,0.0184867610454624,0.0,0.0,0.0,0,0.0,0.0
2023-04-09,4.026000022888184,0.0,37.09671401977539,0.0,0.0,0.0,0.013169832746599833,0.0184867610454624,1,0,0.0,10,,0.0,0.0,0.0,0.0,0.0,0.0,,0.0,0.0,0.0,0.0184867610454624,0.0,0.0,0.0,0,0.0,0.0
2023-04-10,3.9865000247955322,-0.009811226494806258,37.06791687011719,-0.0007762722499586872,-0.00903495424484757,0.00903495424484757,0.01323747836238026,0.018486989807755434,0,0,0.0,10,0.7356939234992417,0.0,0.0,0.0,0.0,0.0,0.0,,0.0,0.0,0.0,0.018486989807755434,0.0,0.0,0.0,0,0.0,0.0
2023-04-11,4.024499893188477,0.009532138004914037,38.37359619140625,0.03522397349341344,-0.025691835488499404,0.025691835488499404,0.013313877170999433,0.019151207527004166,0,1,1.0,10,35.23453993461198,353.0,-10.0,-1420.6484622955322,383.7359619140625,0.0,0.0,Opened,-1420.6484622955322,383.7359619140625,0.0,0.019151207527004166,1804.3844242095947,0.0,0.0,0,0.0,1804.3844242095947
2023-04-12,4.084499835968018,0.014908670486261322,38.73841857910156,0.009507120100904487,0.005401550385356835,0.005401550385356835,0.012806077497450549,0.01918769919235071,1,0,-1.0,10,6.04801791350651,-353.0,10.0,1441.8284420967102,-387.3841857910156,21.17997980117798,-3.648223876953125,Closed,1441.8284420967102,-387.3841857910156,17.531755924224854,0.01918769919235071,1829.2126278877258,17.531755924224854,0.009584318223556964,0,17.531755924224854,0.0
2023-04-13,4.124000072479248,0.00967076462175176,40.01530075073242,0.032961649402996285,-0.023290884781244525,0.023290884781244525,0.012847866398219046,0.019398420506647265,0,1,1.0,10,33.071625678413604,331.0,-10.0,-1365.044023990631,400.1530075073242,0.0,0.0,Opened,-1365.044023990631,400.1530075073242,0.0,0.019398420506647265,1765.1970314979553,0.0,0.0,0,0.0,1765.1970314979553
2023-04-14,4.107500076293945,-0.004000968936788474,39.92889404296875,-0.00215934170536225,-0.0018416272314262239,0.0018416272314262239,0.012084924219614138,0.019263303184872363,0,1,0.0,10,5.246454300048402,-331.0,10.0,1359.582525253296,-399.2889404296875,-5.461498737335205,0.8640670776367188,Live,0.0,0.0,0.0,0.019263303184872363,1758.8714656829834,-4.597431659698486,-0.002613853115135544,0,0.0,0.0
2023-04-15,4.107500076293945,0.0,39.92889404296875,0.0,0.0,0.0,0.011326460326657604,0.018699310332744044,1,0,-1.0,10,,-331.0,10.0,1359.582525253296,-399.2889404296875,-5.461498737335205,0.8640670776367188,Closed,1359.582525253296,-399.2889404296875,-4.597431659698486,0.018699310332744044,1758.8714656829834,-4.597431659698486,-0.002613853115135544,0,-4.597431659698486,0.0
2023-04-16,4.107500076293945,0.0,39.92889404296875,0.0,0.0,0.0,0.011326460326657604,0.018699310332744044,1,0,0.0,10,,0.0,0.0,0.0,0.0,0.0,0.0,,0.0,0.0,0.0,0.018699310332744044,0.0,0.0,0.0,0,0.0,0.0
2023-04-17,4.065999984741211,-0.010103491365039408,39.82328414916992,-0.0026449491359610278,-0.00745854222907838,0.00745854222907838,0.011431036209400875,0.01871074564142827,0,0,0.0,10,2.563985412506523,0.0,0.0,0.0,0.0,0.0,0.0,,0.0,0.0,0.0,0.01871074564142827,0.0,0.0,0.0,0,0.0,0.0
2023-04-18,4.0894999504089355,0.005779627583845315,40.64894104003906,0.020733018597270725,-0.01495339101342541,0.01495339101342541,0.01130129153996313,0.01868354827411753,0,0,0.0,10,35.65674629809859,0.0,0.0,0.0,0.0,0.0,0.0,,0.0,0.0,0.0,0.01868354827411753,0.0,0.0,0.0,0,0.0,0.0
2023-04-19,4.072000026702881,-0.004279233138101635,40.08250427246094,-0.013934846839433912,0.009655613701332277,0.009655613701332277,0.010879324438784492,0.018803597128595403,1,0,0.0,10,32.054080772939194,0.0,0.0,0.0,0.0,0.0,0.0,,0.0,0.0,0.0,0.018803597128595403,0.0,0.0,0.0,0,0.0,0.0
2023-04-20,4.021999835968018,-0.012279025149061429,39.583274841308594,-0.012455045916263896,0.00017602076720246718,0.00017602076720246718,0.0107219624587944,0.017854356684153708,1,0,0.0,10,9.982771198242984,0.0,0.0,0.0,0.0,0.0,0.0,,0.0,0.0,0.0,0.017854356684153708,0.0,0.0,0.0,0,0.0,0.0
2023-04-21,3.9800000190734863,-0.010442520787528276,38.57521057128906,-0.02546692445384857,0.015024403666320296,0.015024403666320296,0.010445972647612413,0.018195152505555822,1,0,0.0,10,23.637219208133228,0.0,0.0,0.0,0.0,0.0,0.0,,0.0,0.0,0.0,0.018195152505555822,0.0,0.0,0.0,0,0.0,0.0
2023-04-22,3.9800000190734863,0.0,38.57521057128906,0.0,0.0,0.0,0.010445147582218164,0.017735570988674617,1,0,0.0,10,,0.0,0.0,0.0,0.0,0.0,0.0,,0.0,0.0,0.0,0.017735570988674617,0.0,0.0,0.0,0,0.0,0.0
2023-04-23,3.9800000190734863,0.0,38.57521057128906,0.0,0.0,0.0,0.010445147582218164,0.017735570988674617,1,0,0.0,10,,0.0,0.0,0.0,0.0,0.0,0.0,,0.0,0.0,0.0,0.017735570988674617,0.0,0.0,0.0,0,0.0,0.0
2023-04-24,3.953000068664551,-0.0067839071054127675,38.43120193481445,-0.003733191195637753,-0.0030507159097750147,0.0030507159097750147,0.01048340564039182,0.01774369203163781,0,0,0.0,10,5.350045627935362,0.0,0.0,0.0,0.0,0.0,0.0,,0.0,0.0,0.0,0.01774369203163781,0.0,0.0,0.0,0,0.0,0.0
2023-04-25,3.8459999561309814,-0.027068077580306604,37.03911590576172,-0.03622280748371953,0.009154729903412928,0.009154729903412928,0.011092528478624155,0.01813242139100098,1,0,0.0,10,12.88771822187313,0.0,0.0,0.0,0.0,0.0,0.0,,0.0,0.0,0.0,0.01813242139100098,0.0,0.0,0.0,0,0.0,0.0
2023-04-26,3.8499999046325684,0.0010400282234039882,37.355934143066406,0.00855361229762508,-0.007513584074221091,0.007513584074221091,0.010410993256214758,0.016895497304879468,0,0,0.0,10,79.80007854780709,0.0,0.0,0.0,0.0,0.0,0.0,,0.0,0.0,0.0,0.016895497304879468,0.0,0.0,0.0,0,0.0,0.0
2023-04-27,3.864500045776367,0.0037662705202541336,37.922367095947266,0.015163131798860308,-0.011396861278606174,0.011396861278606174,0.010222003286801538,0.016947533615480733,0,0,0.0,10,39.50749739864766,0.0,0.0,0.0,0.0,0.0,0.0,,0.0,0.0,0.0,0.016947533615480733,0.0,0.0,0.0,0,0.0,0.0
2023-04-28,3.869999885559082,0.0014231698065900744,37.91276931762695,-0.0002530901696096155,0.00167625997619969,0.00167625997619969,0.010210605346561387,0.015927617534439206,1,0,0.0,10,1.742180352728076,0.0,0.0,0.0,0.0,0.0,0.0,,0.0,0.0,0.0,0.015927617534439206,0.0,0.0,0.0,0,0.0,0.0
2023-04-29,3.869999885559082,0.0,37.91276931762695,0.0,0.0,0.0,0.010209484395322566,0.015805624530641337,1,0,0.0,10,,0.0,0.0,0.0,0.0,0.0,0.0,,0.0,0.0,0.0,0.015805624530641337,0.0,0.0,0.0,0,0.0,0.0
2023-04-30,3.869999885559082,0.0,37.91276931762695,0.0,0.0,0.0,0.010209484395322566,0.015805624530641337,1,0,0.0,10,,0.0,0.0,0.0,0.0,0.0,0.0,,0.0,0.0,0.0,0.015805624530641337,0.0,0.0,0.0,0,0.0,0.0
2023-05-01,3.9170000553131104,0.01214474706560309,37.922367095947266,0.0002531542404593523,0.011891592825143737,0.011891592825143737,0.010372917785403992,0.015805026478579395,1,0,0.0,10,0.20180809943835976,0.0,0.0,0.0,0.0,0.0,0.0,,0.0,0.0,0.0,0.015805026478579395,0.0,0.0,0.0,0,0.0,0.0
2023-05-02,3.8480000495910645,-0.017615523295296587,37.41353988647461,-0.013417601495847364,-0.004197921799449222,0.004197921799449222,0.010602661484593389,0.015917244796518258,0,0,0.0,10,7.405818633201056,0.0,0.0,0.0,0.0,0.0,0.0,,0.0,0.0,0.0,0.015917244796518258,0.0,0.0,0.0,0,0.0,0.0
2023-05-03,3.8315000534057617,-0.004287940741335539,37.3751335144043,-0.0010265367080166676,-0.003261404033318871,0.003261404033318871,0.010435635142925597,0.01584320073248527,0,0,0.0,10,2.3352835812324355,0.0,0.0,0.0,0.0,0.0,0.0,,0.0,0.0,0.0,0.01584320073248527,0.0,0.0,0.0,0,0.0,0.0
2023-05-04,3.8499999046325684,0.004828357293212626,37.21192169189453,-0.004366855905594713,0.00919521319880734,0.00919521319880734,0.008946465405789559,0.013183108789348483,1,0,0.0,10,8.74159821314111,0.0,0.0,0.0,0.0,0.0,0.0,,0.0,0.0,0.0,0.013183108789348483,0.0,0.0,0.0,0,0.0,0.0
2023-05-05,3.871500015258789,0.005584444456829818,38.48880386352539,0.03431379282701719,-0.02872934837018737,0.02872934837018737,0.008917431427702804,0.013885348346599236,0,1,1.0,10,61.086310910426285,611.0,-10.0,-2365.48650932312,384.8880386352539,0.0,0.0,Opened,-2365.48650932312,384.8880386352539,0.0,0.013885348346599236,2750.374547958374,0.0,0.0,0,0.0,2750.374547958374
2023-05-06,3.871500015258789,0.0,38.48880386352539,0.0,0.0,0.0,0.008856062112415339,0.013881720908141357,1,0,-1.0,10,,-611.0,10.0,2365.48650932312,-384.8880386352539,0.0,0.0,Closed,2365.48650932312,-384.8880386352539,0.0,0.013881720908141357,2750.374547958374,0.0,0.0,0,0.0,0.0
2023-05-07,3.871500015258789,0.0,38.48880386352539,0.0,0.0,0.0,0.008856062112415339,0.013881720908141357,1,0,0.0,10,,0.0,0.0,0.0,0.0,0.0,0.0,,0.0,0.0,0.0,0.013881720908141357,0.0,0.0,0.0,0,0.0,0.0
2023-05-08,3.9179999828338623,0.012010840085703745,38.86322784423828,0.009728127224751804,0.002282712860951941,0.002282712860951941,0.009022301587110095,0.013911426310053206,1,0,0.0,10,8.033971669583716,0.0,0.0,0.0,0.0,0.0,0.0,,0.0,0.0,0.0,0.013911426310053206,0.0,0.0,0.0,0,0.0,0.0
2023-05-09,3.8889999389648438,-0.007401746808595733,38.652015686035156,-0.005434755935601943,-0.00196699087299379,0.00196699087299379,0.008788459892980154,0.013193841106253544,0,0,0.0,10,7.2975996019333325,0.0,0.0,0.0,0.0,0.0,0.0,,0.0,0.0,0.0,0.013193841106253544,0.0,0.0,0.0,0,0.0,0.0
2023-05-10,3.828000068664551,-0.01568523303102176,37.60554504394531,-0.02707415443971084,0.011388921408689079,0.011388921408689079,0.008896574370650836,0.013809955884919296,1,0,0.0,10,16.956799201105994,0.0,0.0,0.0,0.0,0.0,0.0,,0.0,0.0,0.0,0.013809955884919296,0.0,0.0,0.0,0,0.0,0.0
2023-05-11,3.697499990463257,-0.03409092890816501,35.54142379760742,-0.05488874696340096,0.02079781805523595,0.02079781805523595,0.009851592225245672,0.015923033707732417,1,1,1.0,10,15.476441901516974,-155.0,10.0,573.1124985218048,-355.4142379760742,0.0,0.0,Opened,573.1124985218048,-355.4142379760742,0.0,0.015923033707732417,928.526736497879,0.0,0.0,0,0.0,928.526736497879
2023-05-12,3.7165000438690186,0.005138621624007467,35.63742446899414,0.002701092447320086,0.0024375291766873808,0.0024375291766873808,0.009436687153625813,0.015917619787773347,1,1,0.0,10,5.040399688195311,155.0,-10.0,-576.0575067996979,356.3742446899414,-2.9450082778930664,0.9600067138671875,Live,0.0,0.0,0.0,0.015917619787773347,932.4317514896393,-1.985001564025879,-0.002128843811737073,0,0.0,0.0
2023-05-13,3.7165000438690186,0.0,35.63742446899414,0.0,0.0,0.0,0.009358998353885168,0.015911311133315245,1,1,0.0,10,,155.0,-10.0,-576.0575067996979,356.3742446899414,-2.9450082778930664,0.9600067138671875,Live,0.0,0.0,0.0,0.015911311133315245,932.4317514896393,-1.985001564025879,-0.002128843811737073,0,0.0,0.0
2023-05-14,3.7165000438690186,0.0,35.63742446899414,0.0,0.0,0.0,0.009358998353885168,0.015911311133315245,1,1,0.0,10,,155.0,-10.0,-576.0575067996979,356.3742446899414,-2.9450082778930664,0.9600067138671875,Live,0.0,0.0,0.0,0.015911311133315245,932.4317514896393,-1.985001564025879,-0.002128843811737073,0,0.0,0.0
2023-05-15,3.737499952316284,0.005650452899067959,36.73189163208008,0.030711174541756314,-0.025060721642688355,0.025060721642688355,0.009416667579079547,0.016475875299849164,0,0,-1.0,10,53.41647999194267,155.0,-10.0,-579.312492609024,367.3189163208008,-6.199994087219238,11.904678344726562,Closed,-579.312492609024,367.3189163208008,5.704684257507324,0.016475875299849164,946.6314089298248,5.704684257507324,0.006026299363927213,0,5.704684257507324,0.0
2023-05-16,3.6545000076293945,-0.022207343343362718,35.954246520996094,-0.0211708430067572,-0.001036500336605517,0.001036500336605517,0.009839459991529579,0.01674975358260468,0,0,0.0,10,9.379156212050399,0.0,0.0,0.0,0.0,0.0,0.0,,0.0,0.0,0.0,0.01674975358260468,0.0,0.0,0.0,0,0.0,0.0
2023-05-17,3.743000030517578,0.02421672532587893,36.146263122558594,0.0053405819935725685,0.01887614333230636,0.01887614333230636,0.010516024442159405,0.016581602350951477,1,1,1.0,10,2.1296917389103363,-22.0,10.0,82.34600067138672,-361.46263122558594,0.0,0.0,Opened,82.34600067138672,-361.46263122558594,0.0,0.016581602350951477,443.80863189697266,0.0,0.0,0,0.0,443.80863189697266
2023-05-18,3.68149995803833,-0.01643068981507434,35.53181838989258,-0.016998845235610127,0.0005681554205357875,0.0005681554205357875,0.010709230600909302,0.016581904336702747,1,1,0.0,10,9.98518824497481,22.0,-10.0,-80.99299907684326,355.3181838989258,1.353001594543457,-6.144447326660156,Live,0.0,0.0,0.0,0.016581904336702747,436.31118297576904,-4.791445732116699,-0.010981716534143468,0,0.0,0.0
2023-05-19,3.7225000858306885,0.011136799744581483,35.54142379760742,0.0002703325681068236,0.010866467176474659,0.010866467176474659,0.010857625567531969,0.01630557247952227,1,1,0.0,10,0.23175977734191192,22.0,-10.0,-81.89500188827515,355.4142379760742,0.45099878311157227,-6.048393249511719,Live,0.0,0.0,0.0,0.01630557247952227,437.30923986434937,-5.5973944664001465,-0.012799625427846949,0,0.0,0.0
2023-05-20,3.7225000858306885,0.0,35.54142379760742,0.0,0.0,0.0,0.010834628667039901,0.016303956406961938,1,1,0.0,10,,22.0,-10.0,-81.89500188827515,355.4142379760742,0.45099878311157227,-6.048393249511719,Live,0.0,0.0,0.0,0.016303956406961938,437.30923986434937,-5.5973944664001465,-0.012799625427846949,0,0.0,0.0
2023-05-21,3.7225000858306885,0.0,35.54142379760742,0.0,0.0,0.0,0.010834628667039901,0.016303956406961938,1,1,0.0,10,,22.0,-10.0,-81.89500188827515,355.4142379760742,0.45099878311157227,-6.048393249511719,Live,0.0,0.0,0.0,0.016303956406961938,437.30923986434937,-5.5973944664001465,-0.012799625427846949,0,0.0,0.0
2023-05-22,3.6740000247955322,-0.013028894537777669,35.46461486816406,-0.002161110086099871,-0.010867784451677798,0.010867784451677798,0.010944269326164595,0.016304761161849094,0,0,-1.0,10,1.60112564854718,22.0,-10.0,-80.82800054550171,354.6461486816406,1.5180001258850098,-6.8164825439453125,Closed,-80.82800054550171,354.6461486816406,-5.298482418060303,0.016304761161849094,435.47414922714233,-5.298482418060303,-0.012167157172162305,0,-5.298482418060303,0.0
2023-05-23,3.6414999961853027,-0.008845952202201746,34.533355712890625,-0.026258826121058787,0.01741287391885704,0.01741287391885704,0.010913539985042726,0.01651510997981795,1,1,1.0,10,28.150699271538205,-282.0,10.0,1026.9029989242554,-345.33355712890625,0.0,0.0,Opened,1026.9029989242554,-345.33355712890625,0.0,0.01651510997981795,1372.2365560531616,0.0,0.0,0,0.0,1372.2365560531616
2023-05-24,3.553499937057495,-0.02416588197720526,33.6981086730957,-0.0241866746672158,2.0792690010540404e-05,2.0792690010540404e-05,0.011108062461235411,0.016703868789156678,1,1,0.0,10,9.491235016854857,282.0,-10.0,-1002.0869822502136,336.98108673095703,24.816016674041748,-8.352470397949219,Live,0.0,0.0,0.0,0.016703868789156678,1339.0680689811707,16.46354627609253,0.012294779225539156,0,0.0,0.0
2023-05-25,3.5804998874664307,0.007598128855264008,33.50609588623047,-0.005698028596439753,0.01329615745170376,0.01329615745170376,0.011164644279738126,0.016689557331203902,1,1,0.0,10,7.017753875004085,282.0,-10.0,-1009.7009682655334,335.0609588623047,17.202030658721924,-10.272598266601562,Live,0.0,0.0,0.0,0.016689557331203902,1344.7619271278381,6.929432392120361,0.00515290643818296,0,0.0,0.0
2023-05-26,3.6735000610351562,0.025974075266493868,34.19733428955078,0.02063022817302862,0.005343847093465248,0.005343847093465248,0.011786784835842288,0.01694988823464641,1,1,0.0,10,7.393943694179346,282.0,-10.0,-1035.927017211914,341.9733428955078,-9.024018287658691,-3.3602142333984375,Live,0.0,0.0,0.0,0.01694988823464641,1377.9003601074219,-12.384232521057129,-0.008987756211988832,0,0.0,0.0
2023-05-27,3.6735000610351562,0.0,34.19733428955078,0.0,0.0,0.0,0.011786784835842288,0.01694988823464641,1,1,0.0,10,,282.0,-10.0,-1035.927017211914,341.9733428955078,-9.024018287658691,-3.3602142333984375,Live,0.0,0.0,0.0,0.01694988823464641,1377.9003601074219,-12.384232521057129,-0.008987756211988832,0,0.0,0.0
2023-05-28,3.6735000610351562,0.0,34.19733428955078,0.0,0.0,0.0,0.011786784835842288,0.01694988823464641,1,1,0.0,10,,282.0,-10.0,-1035.927017211914,341.9733428955078,-9.024018287658691,-3.3602142333984375,Live,0.0,0.0,0.0,0.01694988823464641,1377.9003601074219,-12.384232521057129,-0.008987756211988832,0,0.0,0.0
2023-05-29,3.6735000610351562,0.0,34.19733428955078,0.0,0.0,0.0,0.011786784835842288,0.01694988823464641,1,1,0.0,10,,282.0,-10.0,-1035.927017211914,341.9733428955078,-9.024018287658691,-3.3602142333984375,Live,0.0,0.0,0.0,0.01694988823464641,1377.9003601074219,-12.384232521057129,-0.008987756211988832,0,0.0,0.0
2023-05-30,3.6579999923706055,-0.004219427904455508,33.63090133666992,-0.01656365809348881,0.0123442301890333,0.0123442301890333,0.011735273543578064,0.017082944674806966,1,1,0.0,10,36.090881803371495,282.0,-10.0,-1031.5559978485107,336.3090133666992,-4.652998924255371,-9.024543762207031,Live,0.0,0.0,0.0,0.017082944674806966,1367.86501121521,-13.677542686462402,-0.009999190398408749,0,0.0,0.0
2023-05-31,3.63100004196167,-0.00738106901729052,33.218074798583984,-0.012275214807751955,0.004894145790461435,0.004894145790461435,0.011649802615248851,0.016284026159370534,1,1,0.0,10,15.214512425066804,282.0,-10.0,-1023.9420118331909,332.18074798583984,2.960987091064453,-13.152809143066406,Live,0.0,0.0,0.0,0.016284026159370534,1356.1227598190308,-10.191822052001953,-0.007515412582089554,0,0.0,0.0
2023-06-01,3.7065000534057617,0.020793172837118012,34.370147705078125,0.034682109468404665,-0.013888936631286652,0.013888936631286652,0.011851960848011992,0.017042313080918976,0,0,-1.0,10,15.46685909081799,282.0,-10.0,-1045.2330150604248,343.70147705078125,-18.330016136169434,-1.632080078125,Closed,-1045.2330150604248,343.70147705078125,-19.962096214294434,0.017042313080918976,1388.934492111206,-19.962096214294434,-0.014372237371650033,0,-19.962096214294434,0.0
2023-06-02,3.7225000858306885,0.0043167495465770145,35.83904266357422,0.04273752243081197,-0.038420772884234955,0.038420772884234955,0.011769451927445171,0.01750430165841728,0,1,1.0,10,95.31783588253555,954.0,-10.0,-3551.265081882477,358.3904266357422,0.0,0.0,Opened,-3551.265081882477,358.3904266357422,0.0,0.01750430165841728,3909.655508518219,0.0,0.0,0,0.0,3909.655508518219
2023-06-03,3.7225000858306885,0.0,35.83904266357422,0.0,0.0,0.0,0.01176902052719706,0.017506693732374918,1,0,-1.0,10,,-954.0,10.0,3551.265081882477,-358.3904266357422,0.0,0.0,Closed,3551.265081882477,-358.3904266357422,0.0,0.017506693732374918,3909.655508518219,0.0,0.0,0,0.0,0.0
2023-06-04,3.7225000858306885,0.0,35.83904266357422,0.0,0.0,0.0,0.01176902052719706,0.017506693732374918,1,0,0.0,10,,0.0,0.0,0.0,0.0,0.0,0.0,,0.0,0.0,0.0,0.017506693732374918,0.0,0.0,0.0,0,0.0,0.0
2023-06-05,3.762500047683716,0.01074545626077561,35.33980941772461,-0.013929871133444571,0.02467532739422018,0.02467532739422018,0.01190175253580357,0.017584746291798934,1,1,1.0,10,12.176148245198387,-122.0,10.0,459.02500581741333,-353.3980941772461,0.0,0.0,Opened,459.02500581741333,-353.3980941772461,0.0,0.017584746291798934,812.4230999946594,0.0,0.0,0,0.0,812.4230999946594
2023-06-06,3.7669999599456787,0.0011959899547997477,35.896636962890625,0.01575638223127318,-0.014560392276473433,0.014560392276473433,0.011845754416625652,0.017768695953664555,0,0,-1.0,10,125.54144496801891,122.0,-10.0,-459.5739951133728,358.96636962890625,-0.5489892959594727,5.568275451660156,Closed,-459.5739951133728,358.96636962890625,5.019286155700684,0.017768695953664555,818.540364742279,5.019286155700684,0.006131995894033922,0,5.019286155700684,0.0
2023-06-07,3.754499912261963,-0.0033183031103339866,35.62782287597656,-0.00748855908680135,0.004170255976467363,0.004170255976467363,0.011802115019618437,0.017480359601388055,1,0,0.0,10,21.415064794472755,0.0,0.0,0.0,0.0,0.0,0.0,,0.0,0.0,0.0,0.017480359601388055,0.0,0.0,0.0,0,0.0,0.0
2023-06-08,3.7964999675750732,0.011186591102570143,36.1750602722168,0.015359832627023451,-0.004173241524453308,0.004173241524453308,0.011933453303871754,0.017579360257894878,0,0,0.0,10,13.083218133313357,0.0,0.0,0.0,0.0,0.0,0.0,,0.0,0.0,0.0,0.017579360257894878,0.0,0.0,0.0,0,0.0,0.0
2023-06-09,3.7890000343322754,-0.001975486186448827,36.09825897216797,-0.002123045531117307,0.00014755934466847975,0.00014755934466847975,0.011829029565489882,0.017513326459942052,1,0,0.0,10,10.238750450353635,0.0,0.0,0.0,0.0,0.0,0.0,,0.0,0.0,0.0,0.017513326459942052,0.0,0.0,0.0,0,0.0,0.0
2023-06-10,3.7890000343322754,0.0,36.09825897216797,0.0,0.0,0.0,0.011753087302894705,0.01717478885624344,1,0,0.0,10,,0.0,0.0,0.0,0.0,0.0,0.0,,0.0,0.0,0.0,0.01717478885624344,0.0,0.0,0.0,0,0.0,0.0
2023-06-11,3.7890000343322754,0.0,36.09825897216797,0.0,0.0,0.0,0.011753087302894705,0.01717478885624344,1,0,0.0,10,,0.0,0.0,0.0,0.0,0.0,0.0,,0.0,0.0,0.0,0.01717478885624344,0.0,0.0,0.0,0,0.0,0.0
2023-06-12,3.750499963760376,-0.010161010879664478,35.87744140625,-0.0061171250970364355,-0.004043885782628043,0.004043885782628043,0.011824569901600973,0.017187983583780153,0,0,0.0,10,5.758942520561261,0.0,0.0,0.0,0.0,0.0,0.0,,0.0,0.0,0.0,0.017187983583780153,0.0,0.0,0.0,0,0.0,0.0
2023-06-13,3.8285000324249268,0.02079724554545659,36.79909896850586,0.025689054908338615,-0.004891809362882027,0.004891809362882027,0.012192488343695991,0.01760177942247861,0,0,0.0,10,11.872736725039669,0.0,0.0,0.0,0.0,0.0,0.0,,0.0,0.0,0.0,0.01760177942247861,0.0,0.0,0.0,0,0.0,0.0
2023-06-14,3.865999937057495,0.0097949338683474,37.70155715942383,0.02452392086258226,-0.01472898699423486,0.01472898699423486,0.01166019356707264,0.017192632588800254,0,0,0.0,10,24.416636804777564,0.0,0.0,0.0,0.0,0.0,0.0,,0.0,0.0,0.0,0.017192632588800254,0.0,0.0,0.0,0,0.0,0.0
2023-06-15,3.8965001106262207,0.007889336281764248,38.123985290527344,0.01120452742355571,-0.0033151911417914626,0.0033151911417914626,0.011710740780647256,0.017222038507628427,0,0,0.0,10,13.895579910926157,0.0,0.0,0.0,0.0,0.0,0.0,,0.0,0.0,0.0,0.017222038507628427,0.0,0.0,0.0,0,0.0,0.0
2023-06-16,3.884500026702881,-0.003079708349196242,37.97997283935547,-0.0037774763072226936,0.0006977679580264518,0.0006977679580264518,0.011709497479077562,0.017101998912937462,1,0,0.0,10,11.992553917932524,0.0,0.0,0.0,0.0,0.0,0.0,,0.0,0.0,0.0,0.017101998912937462,0.0,0.0,0.0,0,0.0,0.0
2023-06-17,3.884500026702881,0.0,37.97997283935547,0.0,0.0,0.0,0.011708120271345162,0.017101907433879116,1,0,0.0,10,,0.0,0.0,0.0,0.0,0.0,0.0,,0.0,0.0,0.0,0.017101907433879116,0.0,0.0,0.0,0,0.0,0.0
2023-06-18,3.884500026702881,0.0,37.97997283935547,0.0,0.0,0.0,0.011708120271345162,0.017101907433879116,1,0,0.0,10,,0.0,0.0,0.0,0.0,0.0,0.0,,0.0,0.0,0.0,0.017101907433879116,0.0,0.0,0.0,0,0.0,0.0
2023-06-19,3.884500026702881,0.0,37.97997283935547,0.0,0.0,0.0,0.011708120271345162,0.017101907433879116,1,0,0.0,10,,0.0,0.0,0.0,0.0,0.0,0.0,,0.0,0.0,0.0,0.017101907433879116,0.0,0.0,0.0,0,0.0,0.0
2023-06-20,3.878499984741211,-0.0015446111263802687,36.92390441894531,-0.02780592879507915,0.02626131766869888,0.02626131766869888,0.011581088389187866,0.017553814814696703,1,1,1.0,10,171.38076276543003,-1714.0,10.0,6647.748973846436,-369.2390441894531,0.0,0.0,Opened,6647.748973846436,-369.2390441894531,0.0,0.017553814814696703,7016.988018035889,0.0,0.0,0,0.0,7016.988018035889
2023-06-21,3.9110000133514404,0.008379535577695219,37.09671401977539,0.0046801551339032965,0.003699380443791922,0.003699380443791922,0.011361587362217599,0.017465910373126347,1,1,0.0,10,5.297706868565766,1714.0,-10.0,-6703.454022884369,370.9671401977539,-55.70504903793335,1.7280960083007812,Live,0.0,0.0,0.0,0.017465910373126347,7074.421163082123,-53.97695302963257,-0.007629875545339508,0,0.0,0.0
2023-06-22,3.8884999752044678,-0.005753014080839058,36.914306640625,-0.004917076457315206,-0.0008359376235238525,0.0008359376235238525,0.011375773739674074,0.01747914561345957,0,0,-1.0,10,8.113797027865637,1714.0,-10.0,-6664.888957500458,369.14306640625,-17.139983654022217,-0.095977783203125,Closed,-6664.888957500458,369.14306640625,-17.235961437225342,0.01747914561345957,7034.032023906708,-17.235961437225342,-0.002450367211671077,0,-17.235961437225342,0.0
2023-06-23,3.805999994277954,-0.02121640258520907,35.896636962890625,-0.027568435393945823,0.006352032808736752,0.006352032808736752,0.011756854284385,0.017897744740459503,1,0,0.0,10,12.255339622449013,0.0,0.0,0.0,0.0,0.0,0.0,,0.0,0.0,0.0,0.017897744740459503,0.0,0.0,0.0,0,0.0,0.0
2023-06-24,3.805999994277954,0.0,35.896636962890625,0.0,0.0,0.0,0.011727639747844354,0.01717649507421447,1,0,0.0,10,,0.0,0.0,0.0,0.0,0.0,0.0,,0.0,0.0,0.0,0.01717649507421447,0.0,0.0,0.0,0,0.0,0.0
2023-06-25,3.805999994277954,0.0,35.896636962890625,0.0,0.0,0.0,0.011727639747844354,0.01717649507421447,1,0,0.0,10,,0.0,0.0,0.0,0.0,0.0,0.0,,0.0,0.0,0.0,0.01717649507421447,0.0,0.0,0.0,0,0.0,0.0
2023-06-26,3.7864999771118164,-0.005123493745521457,36.47267532348633,0.016047140047999564,-0.02117063379352102,0.02117063379352102,0.011747566454312307,0.017349349395244955,0,1,1.0,10,30.16901247024655,302.0,-10.0,-1143.5229930877686,364.7267532348633,0.0,0.0,Opened,-1143.5229930877686,364.7267532348633,0.0,0.017349349395244955,1508.2497463226318,0.0,0.0,0,0.0,1508.2497463226318
2023-06-27,3.7815001010894775,-0.0013204479209194542,36.56868362426758,0.0026323350269681356,-0.00395278294788759,0.00395278294788759,0.011611185537407994,0.017289326061393582,0,1,0.0,10,19.278138517294824,-302.0,10.0,1142.0130305290222,-365.6868362426758,-1.509962558746338,-0.9600830078125,Live,0.0,0.0,0.0,0.017289326061393582,1507.699866771698,-2.470045566558838,-0.0016382873149997181,0,0.0,0.0
2023-06-28,3.7204999923706055,-0.016131193200628946,35.992652893066406,-0.015752022608188976,-0.0003791705924399702,0.0003791705924399702,0.011779302327396098,0.01740367796105292,0,1,0.0,10,9.446749165875636,-302.0,10.0,1123.5909976959229,-359.92652893066406,-19.931995391845703,4.800224304199219,Live,0.0,0.0,0.0,0.01740367796105292,1483.517526626587,-15.131771087646484,-0.01019992741309572,0,0.0,0.0
2023-06-29,3.677500009536743,-0.011557581755688662,36.01697540283203,0.0006757631852780666,-0.012233344940966728,0.012233344940966728,0.011687079659963186,0.017002018992269094,0,1,0.0,10,0.5726405666473958,-302.0,10.0,1110.6050028800964,-360.1697540283203,-32.91799020767212,4.556999206542969,Live,0.0,0.0,0.0,0.017002018992269094,1470.7747569084167,-28.36099100112915,-0.01928302812372456,1,-28.36099100112915,0.0
2023-06-30,3.740999937057495,0.017267145440130527,36.639808654785156,0.017292769450711676,-2.5624010581148937e-05,2.5624010581148937e-05,0.010927856660809518,0.015286702705349,0,1,0.0,10,9.808655928595675,-302.0,10.0,1129.7819809913635,-366.39808654785156,-13.74101209640503,-1.6713333129882812,Live,0.0,0.0,0.0,0.015286702705349,1496.180067539215,-15.41234540939331,-0.010301130020226893,0,0.0,0.0
2023-07-01,3.740999937057495,0.0,36.639808654785156,0.0,0.0,0.0,0.010905490216280971,0.015284341605258857,1,0,-1.0,10,,-302.0,10.0,1129.7819809913635,-366.39808654785156,-13.74101209640503,-1.6713333129882812,Closed,1129.7819809913635,-366.39808654785156,-15.41234540939331,0.015284341605258857,1496.180067539215,-15.41234540939331,-0.010301130020226893,0,0.0,0.0
2023-07-02,3.740999937057495,0.0,36.639808654785156,0.0,0.0,0.0,0.010905490216280971,0.015284341605258857,1,0,0.0,10,,0.0,0.0,0.0,0.0,0.0,0.0,,0.0,0.0,0.0,0.015284341605258857,0.0,0.0,0.0,0,0.0,0.0
2023-07-03,3.7790000438690186,0.01015774056425478,37.18478012084961,0.014873753059113648,-0.004716012494858868,0.004716012494858868,0.010996121457280881,0.015415240269958372,0,0,0.0,10,14.408267776927836,0.0,0.0,0.0,0.0,0.0,0.0,,0.0,0.0,0.0,0.015415240269958372,0.0,0.0,0.0,0,0.0,0.0
2023-07-04,3.7790000438690186,0.0,37.18478012084961,0.0,0.0,0.0,0.010969989112921628,0.01480565560157853,1,0,0.0,10,,0.0,0.0,0.0,0.0,0.0,0.0,,0.0,0.0,0.0,0.01480565560157853,0.0,0.0,0.0,0,0.0,0.0
2023-07-05,3.753499984741211,-0.006747832450856528,36.67873001098633,-0.013609065542908416,0.006861233092051888,0.006861233092051888,0.010532388352454463,0.01461875948346465,1,0,0.0,10,19.707969737511245,0.0,0.0,0.0,0.0,0.0,0.0,,0.0,0.0,0.0,0.01461875948346465,0.0,0.0,0.0,0,0.0,0.0
2023-07-06,3.7200000286102295,-0.008924991679010508,35.4914665222168,-0.03236926383257854,0.023444272153568035,0.023444272153568035,0.010046734020087928,0.015320031232058662,1,1,1.0,10,34.602382636430654,-347.0,10.0,1290.8400099277496,-354.91466522216797,0.0,0.0,Opened,1290.8400099277496,-354.91466522216797,0.0,0.015320031232058662,1645.7546751499176,0.0,0.0,0,0.0,1645.7546751499176
2023-07-07,3.7669999599456787,0.012634390046767807,36.2991943359375,0.022758366809528363,-0.010123976762760556,0.010123976762760556,0.009921081065537874,0.015464101621477336,0,0,-1.0,10,17.35754033102661,347.0,-10.0,-1307.1489861011505,362.991943359375,-16.30897617340088,8.077278137207031,Closed,-1307.1489861011505,362.991943359375,-8.231698036193848,0.015464101621477336,1670.1409294605255,-8.231698036193848,-0.00492874456938959,0,-8.231698036193848,0.0
2023-07-08,3.7669999599456787,0.0,36.2991943359375,0.0,0.0,0.0,0.009801872229822413,0.01546424660376724,1,0,0.0,10,,0.0,0.0,0.0,0.0,0.0,0.0,,0.0,0.0,0.0,0.01546424660376724,0.0,0.0,0.0,0,0.0,0.0
2023-07-09,3.7669999599456787,0.0,36.2991943359375,0.0,0.0,0.0,0.009801872229822413,0.01546424660376724,1,0,0.0,10,,0.0,0.0,0.0,0.0,0.0,0.0,,0.0,0.0,0.0,0.01546424660376724,0.0,0.0,0.0,0,0.0,0.0
2023-07-10,3.7715001106262207,0.001194624562885993,36.717655181884766,0.011528102857450317,-0.010333478294564324,0.010333478294564324,0.009802620035373216,0.015541792645957918,0,0,0.0,10,93.94793029148202,0.0,0.0,0.0,0.0,0.0,0.0,,0.0,0.0,0.0,0.015541792645957918,0.0,0.0,0.0,0,0.0,0.0
2023-07-11,3.753499984741211,-0.004772670119853495,37.09719467163086,0.010336702816833077,-0.015109372936686571,0.015109372936686571,0.009641580784043008,0.015594111794563893,0,0,0.0,10,21.405494412949796,0.0,0.0,0.0,0.0,0.0,0.0,,0.0,0.0,0.0,0.015594111794563893,0.0,0.0,0.0,0,0.0,0.0
2023-07-12,3.8420000076293945,0.0235780000660597,38.449893951416016,0.03646365424013043,-0.012885654174070726,0.012885654174070726,0.01008228299180538,0.015875250398838876,0,0,0.0,10,15.477150656260676,0.0,0.0,0.0,0.0,0.0,0.0,,0.0,0.0,0.0,0.015875250398838876,0.0,0.0,0.0,0,0.0,0.0
2023-07-13,3.929500102996826,0.022774621341404178,39.4814567565918,0.026828755535170723,-0.004054134193766545,0.004054134193766545,0.009862566984022644,0.015779016704752572,0,0,0.0,10,11.836007379655344,0.0,0.0,0.0,0.0,0.0,0.0,,0.0,0.0,0.0,0.015779016704752572,0.0,0.0,0.0,0,0.0,0.0
2023-07-14,3.921999931335449,-0.0019086834113216655,38.79050827026367,-0.017500582376884122,0.015591898965562456,0.015591898965562456,0.009845264412775655,0.01600297554558407,1,0,0.0,10,90.68521576547943,0.0,0.0,0.0,0.0,0.0,0.0,,0.0,0.0,0.0,0.01600297554558407,0.0,0.0,0.0,0,0.0,0.0
2023-07-15,3.921999931335449,0.0,38.79050827026367,0.0,0.0,0.0,0.009212430735781135,0.015805401569319994,1,0,0.0,10,,0.0,0.0,0.0,0.0,0.0,0.0,,0.0,0.0,0.0,0.015805401569319994,0.0,0.0,0.0,0,0.0,0.0
2023-07-16,3.921999931335449,0.0,38.79050827026367,0.0,0.0,0.0,0.009212430735781135,0.015805401569319994,1,0,0.0,10,,0.0,0.0,0.0,0.0,0.0,0.0,,0.0,0.0,0.0,0.015805401569319994,0.0,0.0,0.0,0,0.0,0.0
2023-07-17,3.8320000171661377,-0.02294745429499956,38.3331184387207,-0.011791282247611057,-0.011156172047388502,0.011156172047388502,0.009831904631848314,0.015933129295158086,0,0,0.0,10,5.14014263257566,0.0,0.0,0.0,0.0,0.0,0.0,,0.0,0.0,0.0,0.015933129295158086,0.0,0.0,0.0,0,0.0,0.0
2023-07-18,3.815999984741211,-0.004175373787382974,38.566680908203125,0.006092968143350808,-0.010268341930733782,0.010268341930733782,0.009857338221202643,0.015937623209641535,0,0,0.0,10,14.748146647272268,0.0,0.0,0.0,0.0,0.0,0.0,,0.0,0.0,0.0,0.015937623209641535,0.0,0.0,0.0,0,0.0,0.0
2023-07-19,3.799499988555908,-0.004323898388700287,38.401241302490234,-0.0042897029720206925,-3.419541667959436e-05,3.419541667959436e-05,0.009858436820330557,0.01573068915959368,0,0,0.0,10,10.026989442835722,0.0,0.0,0.0,0.0,0.0,0.0,,0.0,0.0,0.0,0.01573068915959368,0.0,0.0,0.0,0,0.0,0.0
2023-07-20,3.817500114440918,0.004737498602243928,38.3331184387207,-0.0017739755658656708,0.006511474168109599,0.006511474168109599,0.009801833367721524,0.015595140222200632,1,0,0.0,10,3.760050095559292,0.0,0.0,0.0,0.0,0.0,0.0,,0.0,0.0,0.0,0.015595140222200632,0.0,0.0,0.0,0,0.0,0.0
2023-07-21,3.802999973297119,-0.0037983341739656895,37.93411636352539,-0.01040880813892453,0.006610473964958841,0.006610473964958841,0.009399632071750937,0.015017959419286627,1,0,0.0,10,27.33452190410205,0.0,0.0,0.0,0.0,0.0,0.0,,0.0,0.0,0.0,0.015017959419286627,0.0,0.0,0.0,0,0.0,0.0
2023-07-22,3.802999973297119,0.0,37.93411636352539,0.0,0.0,0.0,0.009384209774101364,0.01382590152443655,1,0,0.0,10,,0.0,0.0,0.0,0.0,0.0,0.0,,0.0,0.0,0.0,0.01382590152443655,0.0,0.0,0.0,0,0.0,0.0
2023-07-23,3.802999973297119,0.0,37.93411636352539,0.0,0.0,0.0,0.009384209774101364,0.01382590152443655,1,0,0.0,10,,0.0,0.0,0.0,0.0,0.0,0.0,,0.0,0.0,0.0,0.01382590152443655,0.0,0.0,0.0,0,0.0,0.0
2023-07-24,3.8405001163482666,0.009860674024311233,38.25526809692383,0.008466039654669189,0.001394634369642045,0.001394634369642045,0.009477260333452885,0.013862317554321262,1,0,0.0,10,8.552186509829255,0.0,0.0,0.0,0.0,0.0,0.0,,0.0,0.0,0.0,0.013862317554321262,0.0,0.0,0.0,0,0.0,0.0
2023-07-25,3.9019999504089355,0.016013496210786737,40.0069694519043,0.04578980731601057,-0.02977631110522383,0.02977631110522383,0.00961978826979984,0.01503748951449008,0,1,1.0,10,29.31777784912835,294.0,-10.0,-1147.187985420227,400.06969451904297,0.0,0.0,Opened,-1147.187985420227,400.06969451904297,0.0,0.01503748951449008,1547.25767993927,0.0,0.0,0,0.0,1547.25767993927
2023-07-26,3.890500068664551,-0.0029471762917833155,39.598236083984375,-0.010216554103436803,0.007269377811653488,0.007269377811653488,0.009633909773401677,0.015022130991209347,1,0,-1.0,10,35.283262647317855,-294.0,10.0,1143.807020187378,-395.98236083984375,-3.380965232849121,4.087333679199219,Closed,1143.807020187378,-395.98236083984375,0.7063684463500977,0.015022130991209347,1539.7893810272217,0.7063684463500977,0.00045874354963979967,0,0.7063684463500977,0.0
2023-07-27,3.8635001182556152,-0.006939969138261337,39.277095794677734,-0.008109964510174872,0.0011699953719135348,0.0011699953719135348,0.009678180586147994,0.015030459070702974,1,0,0.0,10,11.880093333516134,0.0,0.0,0.0,0.0,0.0,0.0,,0.0,0.0,0.0,0.015030459070702974,0.0,0.0,0.0,0,0.0,0.0
2023-07-28,3.9170000553131104,0.013847530845074951,39.89019012451172,0.015609461886870513,-0.0017619310417955614,0.0017619310417955614,0.009744568129761703,0.015035006963636943,0,0,0.0,10,11.47963603952091,0.0,0.0,0.0,0.0,0.0,0.0,,0.0,0.0,0.0,0.015035006963636943,0.0,0.0,0.0,0,0.0,0.0
2023-07-29,3.9170000553131104,0.0,39.89019012451172,0.0,0.0,0.0,0.009737618958899496,0.015025926603974785,1,0,0.0,10,,0.0,0.0,0.0,0.0,0.0,0.0,,0.0,0.0,0.0,0.015025926603974785,0.0,0.0,0.0,0,0.0,0.0
2023-07-30,3.9170000553131104,0.0,39.89019012451172,0.0,0.0,0.0,0.009737618958899496,0.015025926603974785,1,0,0.0,10,,0.0,0.0,0.0,0.0,0.0,0.0,,0.0,0.0,0.0,0.015025926603974785,0.0,0.0,0.0,0,0.0,0.0
2023-07-31,3.994499921798706,0.01978551580066301,40.629798889160156,0.018541119065611067,0.0012443967350519447,0.0012443967350519447,0.010103282867554481,0.01520057029626844,1,0,0.0,10,9.531710027935516,0.0,0.0,0.0,0.0,0.0,0.0,,0.0,0.0,0.0,0.01520057029626844,0.0,0.0,0.0,0,0.0,0.0
2023-08-01,3.8935000896453857,-0.025284725029570243,39.74421310424805,-0.021796459965948256,-0.003488265063621987,0.003488265063621987,0.01065863017607617,0.0155395122873834,0,0,0.0,10,8.799569846912577,0.0,0.0,0.0,0.0,0.0,0.0,,0.0,0.0,0.0,0.0155395122873834,0.0,0.0,0.0,0,0.0,0.0
2023-08-02,3.827500104904175,-0.016951324828972103,38.59587478637695,-0.028893220627089322,0.011941895798117219,0.011941895798117219,0.01054993790737582,0.01576887052256496,1,0,0.0,10,17.18770872635606,0.0,0.0,0.0,0.0,0.0,0.0,,0.0,0.0,0.0,0.01576887052256496,0.0,0.0,0.0,0,0.0,0.0
2023-08-03,3.875999927520752,0.012671409872578199,39.004608154296875,0.0105900791258704,0.002081330746707799,0.002081330746707799,0.010611827215155608,0.015466235148914813,1,0,0.0,10,8.410201963430458,0.0,0.0,0.0,0.0,0.0,0.0,,0.0,0.0,0.0,0.015466235148914813,0.0,0.0,0.0,0,0.0,0.0
2023-08-04,3.8450000286102295,-0.007997910085192239,38.96567916870117,-0.0009980611891217128,-0.006999848896070526,0.006999848896070526,0.01061189648286018,0.01539476167681629,0,0,0.0,10,1.2646389494229808,0.0,0.0,0.0,0.0,0.0,0.0,,0.0,0.0,0.0,0.01539476167681629,0.0,0.0,0.0,0,0.0,0.0
2023-08-05,3.8450000286102295,0.0,38.96567916870117,0.0,0.0,0.0,0.010603839965772252,0.015382342264580434,1,0,0.0,10,,0.0,0.0,0.0,0.0,0.0,0.0,,0.0,0.0,0.0,0.015382342264580434,0.0,0.0,0.0,0,0.0,0.0
2023-08-06,3.8450000286102295,0.0,38.96567916870117,0.0,0.0,0.0,0.010603839965772252,0.015382342264580434,1,0,0.0,10,,0.0,0.0,0.0,0.0,0.0,0.0,,0.0,0.0,0.0,0.015382342264580434,0.0,0.0,0.0,0,0.0,0.0
2023-08-07,3.812999963760376,-0.008322513553119526,38.907291412353516,-0.0014984406173151887,-0.006824072935804337,0.006824072935804337,0.01066658290749683,0.015385050441067537,0,0,0.0,10,1.8371694808210974,0.0,0.0,0.0,0.0,0.0,0.0,,0.0,0.0,0.0,0.015385050441067537,0.0,0.0,0.0,0,0.0,0.0
2023-08-08,3.747999906539917,-0.017046959831690134,38.34285354614258,-0.014507251615868633,-0.002539708215821501,0.002539708215821501,0.010925578785605732,0.015532648701720154,0,0,0.0,10,8.706088250390117,0.0,0.0,0.0,0.0,0.0,0.0,,0.0,0.0,0.0,0.015532648701720154,0.0,0.0,0.0,0,0.0,0.0
2023-08-09,3.7674999237060547,0.005202779523049594,38.128753662109375,-0.00558382760363807,0.010786607126687664,0.010786607126687664,0.010956015698209472,0.015021303942205012,1,0,0.0,10,10.861653303278752,0.0,0.0,0.0,0.0,0.0,0.0,,0.0,0.0,0.0,0.015021303942205012,0.0,0.0,0.0,0,0.0,0.0
2023-08-10,3.750999927520752,-0.004379561119956632,37.82707214355469,-0.007912178856621876,0.0035326177366652445,0.0035326177366652445,0.010892867832399235,0.015059620874254165,1,0,0.0,10,18.218859068474796,0.0,0.0,0.0,0.0,0.0,0.0,,0.0,0.0,0.0,0.015059620874254165,0.0,0.0,0.0,0,0.0,0.0
2023-08-11,3.7144999504089355,-0.00973073255587642,37.418338775634766,-0.010805313357818647,0.0010745808019422265,0.0010745808019422265,0.01094435526833262,0.015125728888896703,1,0,0.0,10,11.186029890882768,0.0,0.0,0.0,0.0,0.0,0.0,,0.0,0.0,0.0,0.015125728888896703,0.0,0.0,0.0,0,0.0,0.0
2023-08-12,3.7144999504089355,0.0,37.418338775634766,0.0,0.0,0.0,0.010542790290275626,0.014578617271150887,1,0,0.0,10,,0.0,0.0,0.0,0.0,0.0,0.0,,0.0,0.0,0.0,0.014578617271150887,0.0,0.0,0.0,0,0.0,0.0
2023-08-13,3.7144999504089355,0.0,37.418338775634766,0.0,0.0,0.0,0.010542790290275626,0.014578617271150887,1,0,0.0,10,,0.0,0.0,0.0,0.0,0.0,0.0,,0.0,0.0,0.0,0.014578617271150887,0.0,0.0,0.0,0,0.0,0.0
2023-08-14,3.7244999408721924,0.002692149844329972,36.85390090942383,-0.015084524986407888,0.01777667483073786,0.01777667483073786,0.010551912932184894,0.014753376968256989,1,1,1.0,10,55.44315065911826,-555.0,10.0,2067.0974671840668,-368.5390090942383,0.0,0.0,Opened,2067.0974671840668,-368.5390090942383,0.0,0.014753376968256989,2435.636476278305,0.0,0.0,0,0.0,2435.636476278305
2023-08-15,3.6614999771118164,-0.016915012689092124,35.55958938598633,-0.03512006847303739,0.018205055783945268,0.018205055783945268,0.010789228893957557,0.015421771334097743,1,1,0.0,10,20.16418752743122,555.0,-10.0,-2032.132487297058,355.5958938598633,34.96497988700867,-12.943115234375,Live,0.0,0.0,0.0,0.015421771334097743,2387.7283811569214,22.021864652633667,0.009222935416952013,0,0.0,0.0
2023-08-16,3.6514999866485596,-0.002731118537694144,35.170318603515625,-0.010946998803763153,0.008215880266069009,0.008215880266069009,0.010792957347180871,0.015486877961449794,1,1,0.0,10,38.60641899204494,555.0,-10.0,-2026.5824925899506,351.70318603515625,40.51497459411621,-16.83582305908203,Live,0.0,0.0,0.0,0.015486877961449794,2378.285678625107,23.67915153503418,0.009956394956186743,0,0.0,0.0
2023-08-17,3.685499906539917,0.009311220050849167,35.257904052734375,0.0024903228829435964,0.006820897167905571,0.006820897167905571,0.010646577864432688,0.015338303070111161,1,1,0.0,10,2.5586398281419607,555.0,-10.0,-2045.452448129654,352.57904052734375,21.645019054412842,-15.959968566894531,Live,0.0,0.0,0.0,0.015338303070111161,2398.0314886569977,5.6850504875183105,0.002370715528302836,0,0.0,0.0
2023-08-18,3.6989998817443848,0.003662997028031967,35.004878997802734,-0.007176406588241813,0.01083940361627378,0.01083940361627378,0.01053023037201252,0.015368302650366098,1,1,0.0,10,18.54021359779109,555.0,-10.0,-2052.9449343681335,350.04878997802734,14.152532815933228,-18.490219116210938,Live,0.0,0.0,0.0,0.015368302650366098,2402.993724346161,-4.33768630027771,-0.0018051176148859759,0,0.0,0.0
2023-08-19,3.6989998817443848,0.0,35.004878997802734,0.0,0.0,0.0,0.010237173882854477,0.015153842577661794,1,1,0.0,10,,555.0,-10.0,-2052.9449343681335,350.04878997802734,14.152532815933228,-18.490219116210938,Live,0.0,0.0,0.0,0.015153842577661794,2402.993724346161,-4.33768630027771,-0.0018051176148859759,0,0.0,0.0
2023-08-20,3.6989998817443848,0.0,35.004878997802734,0.0,0.0,0.0,0.010237173882854477,0.015153842577661794,1,1,0.0,10,,555.0,-10.0,-2052.9449343681335,350.04878997802734,14.152532815933228,-18.490219116210938,Live,0.0,0.0,0.0,0.015153842577661794,2402.993724346161,-4.33768630027771,-0.0018051176148859759,0,0.0,0.0
2023-08-21,3.7119998931884766,0.0035144665746680293,35.4914665222168,0.013900562959940688,-0.010386096385272658,0.010386096385272658,0.010250452694876969,0.015295673007277025,0,0,-1.0,10,37.817164426490145,555.0,-10.0,-2060.1599407196045,354.91466522216797,6.93752646446228,-13.624343872070312,Closed,-2060.1599407196045,354.91466522216797,-6.686817407608032,0.015295673007277025,2415.0746059417725,-6.686817407608032,-0.0027687829565002067,0,-6.686817407608032,0.0
2023-08-22,3.750499963760376,0.010371786551650164,35.773685455322266,0.007951740538216567,0.0024200460134335966,0.0024200460134335966,0.01025486959610209,0.015184399649915215,1,0,0.0,10,7.312790785944428,0.0,0.0,0.0,0.0,0.0,0.0,,0.0,0.0,0.0,0.015184399649915215,0.0,0.0,0.0,0,0.0,0.0
2023-08-23,3.803499937057495,0.014131442156842366,36.308929443359375,0.014961947063172332,-0.0008305049063299652,0.0008305049063299652,0.010450545589633374,0.015344275386725182,0,0,0.0,10,10.107218612691543,0.0,0.0,0.0,0.0,0.0,0.0,,0.0,0.0,0.0,0.015344275386725182,0.0,0.0,0.0,0,0.0,0.0
2023-08-24,3.7674999237060547,-0.009464970145179219,35.433074951171875,-0.02412228907915892,0.014657318933979702,0.014657318933979702,0.010494293124213414,0.015599421783359045,1,0,0.0,10,23.969272895142485,0.0,0.0,0.0,0.0,0.0,0.0,,0.0,0.0,0.0,0.015599421783359045,0.0,0.0,0.0,0,0.0,0.0
2023-08-25,3.759999990463257,-0.00199069234098892,35.45254135131836,0.0005493850074629325,-0.0025400773484518524,0.0025400773484518524,0.0104177476536981,0.014909433351610596,0,0,0.0,10,2.602149153224518,0.0,0.0,0.0,0.0,0.0,0.0,,0.0,0.0,0.0,0.014909433351610596,0.0,0.0,0.0,0,0.0,0.0
2023-08-26,3.759999990463257,0.0,35.45254135131836,0.0,0.0,0.0,0.010263739452510565,0.014546128096278432,1,0,0.0,10,,0.0,0.0,0.0,0.0,0.0,0.0,,0.0,0.0,0.0,0.014546128096278432,0.0,0.0,0.0,0,0.0,0.0
2023-08-27,3.759999990463257,0.0,35.45254135131836,0.0,0.0,0.0,0.010263739452510565,0.014546128096278432,1,0,0.0,10,,0.0,0.0,0.0,0.0,0.0,0.0,,0.0,0.0,0.0,0.014546128096278432,0.0,0.0,0.0,0,0.0,0.0
2023-08-28,3.753999948501587,-0.0015957558449171128,35.939125061035156,0.013724931730421774,-0.015320687575338887,0.015320687575338887,0.010266265906967102,0.014682093405674747,0,1,1.0,10,82.34116109822939,824.0,-10.0,-3093.2959575653076,359.39125061035156,0.0,0.0,Opened,-3093.2959575653076,359.39125061035156,0.0,0.014682093405674747,3452.687208175659,0.0,0.0,0,0.0,3452.687208175659
2023-08-29,3.7929999828338623,0.01038892777498357,36.91229248046875,0.027078216784100162,-0.016689289009116592,0.016689289009116592,0.01037023627365058,0.015092271212332935,0,1,0.0,10,25.36515447024968,-824.0,10.0,3125.4319858551025,-369.1229248046875,32.13602828979492,-9.731674194335938,Live,0.0,0.0,0.0,0.015092271212332935,3494.55491065979,22.404354095458984,0.00641121821469073,0,0.0,0.0
2023-08-30,3.7850000858306885,-0.0021091212864169373,36.902557373046875,-0.0002637361910541314,-0.001845385095362806,0.001845385095362806,0.010351170638625111,0.015021499470567192,0,1,0.0,10,1.2191544979439584,-824.0,10.0,3118.8400707244873,-369.02557373046875,25.544113159179688,-9.634323120117188,Live,0.0,0.0,0.0,0.015021499470567192,3487.865644454956,15.9097900390625,0.004561468720664755,0,0.0,0.0
2023-08-31,3.7725000381469727,-0.0033025224307154932,36.844173431396484,-0.0015821109919345044,-0.0017204114387809888,0.0017204114387809888,0.009796430691838012,0.014070483290653985,0,1,0.0,10,4.678759661586472,-824.0,10.0,3108.5400314331055,-368.44173431396484,15.244073867797852,-9.050483703613281,Live,0.0,0.0,0.0,0.014070483290653985,3476.9817657470703,6.19359016418457,0.0017813122361468022,0,0.0,0.0
2023-09-01,3.8125,0.010603038157336986,37.27236557006836,0.011621705653654057,-0.0010186674963170717,0.0010186674963170717,0.009352038895490926,0.013619168939632668,0,1,0.0,10,10.715603912159272,-824.0,10.0,3141.5,-372.7236557006836,48.20404243469238,-13.332405090332031,Live,0.0,0.0,0.0,0.013619168939632668,3514.2236557006836,34.87163734436035,0.009922998864284712,0,0.0,0.0
2023-09-02,3.8125,0.0,37.27236557006836,0.0,0.0,0.0,0.00935032248030701,0.01341132725720554,1,0,-1.0,10,,-824.0,10.0,3141.5,-372.7236557006836,48.20404243469238,-13.332405090332031,Closed,3141.5,-372.7236557006836,34.87163734436035,0.01341132725720554,3514.2236557006836,34.87163734436035,0.009922998864284712,0,34.87163734436035,0.0
2023-09-03,3.8125,0.0,37.27236557006836,0.0,0.0,0.0,0.00935032248030701,0.01341132725720554,1,0,0.0,10,,0.0,0.0,0.0,0.0,0.0,0.0,,0.0,0.0,0.0,0.01341132725720554,0.0,0.0,0.0,0,0.0,0.0
2023-09-04,3.8125,0.0,37.27236557006836,0.0,0.0,0.0,0.00935032248030701,0.01341132725720554,1,0,0.0,10,,0.0,0.0,0.0,0.0,0.0,0.0,,0.0,0.0,0.0,0.01341132725720554,0.0,0.0,0.0,0,0.0,0.0
2023-09-05,3.811000108718872,-0.00039341410652538045,36.89282989501953,-0.010182763268280826,0.009789349161755445,0.009789349161755445,0.008772631533769608,0.013386109730002621,1,0,0.0,10,250.56403105089998,0.0,0.0,0.0,0.0,0.0,0.0,,0.0,0.0,0.0,0.013386109730002621,0.0,0.0,0.0,0,0.0,0.0
2023-09-06,3.748500108718872,-0.016399894572821316,36.7857780456543,-0.002901697963258898,-0.013498196609562418,0.013498196609562418,0.009055120115656016,0.013353657239619352,0,1,1.0,10,1.7363351897667556,18.0,-10.0,-67.4730019569397,367.85778045654297,0.0,0.0,Opened,-67.4730019569397,367.85778045654297,0.0,0.013353657239619352,435.33078241348267,0.0,0.0,0,0.0,435.33078241348267
2023-09-07,3.7260000705718994,-0.006002410962891114,35.99751663208008,-0.021428428470261496,0.015426017507370382,0.015426017507370382,0.009073372601291055,0.013659996568950257,1,0,-1.0,10,34.490086001997625,-18.0,10.0,67.06800127029419,-359.9751663208008,-0.4050006866455078,7.8826141357421875,Closed,67.06800127029419,-359.9751663208008,7.47761344909668,0.013659996568950257,427.04316759109497,7.47761344909668,0.017510205095370338,0,7.47761344909668,0.0
2023-09-08,3.680500030517578,-0.01221149736782945,35.68609619140625,-0.008651164574955628,-0.0035603327928738215,0.0035603327928738215,0.009195206502035569,0.013700449799154902,0,0,0.0,10,6.8690688561126585,0.0,0.0,0.0,0.0,0.0,0.0,,0.0,0.0,0.0,0.013700449799154902,0.0,0.0,0.0,0,0.0,0.0
2023-09-09,3.680500030517578,0.0,35.68609619140625,0.0,0.0,0.0,0.009184679753424053,0.013638753274179844,1,0,0.0,10,,0.0,0.0,0.0,0.0,0.0,0.0,,0.0,0.0,0.0,0.013638753274179844,0.0,0.0,0.0,0,0.0,0.0
2023-09-10,3.680500030517578,0.0,35.68609619140625,0.0,0.0,0.0,0.009184679753424053,0.013638753274179844,1,0,0.0,10,,0.0,0.0,0.0,0.0,0.0,0.0,,0.0,0.0,0.0,0.013638753274179844,0.0,0.0,0.0,0,0.0,0.0
2023-09-11,3.7699999809265137,0.024317334510753907,36.69819259643555,0.028361084933493652,-0.004043750422739745,0.004043750422739745,0.00983837499079891,0.014262217167811111,0,0,0.0,10,11.352988528095958,0.0,0.0,0.0,0.0,0.0,0.0,,0.0,0.0,0.0,0.014262217167811111,0.0,0.0,0.0,0,0.0,0.0
2023-09-12,3.752000093460083,-0.004774505983420996,36.20187759399414,-0.013524235591090505,0.00874972960766951,0.00874972960766951,0.00975250233987206,0.01431706136698416,1,0,0.0,10,27.330812369982993,0.0,0.0,0.0,0.0,0.0,0.0,,0.0,0.0,0.0,0.01431706136698416,0.0,0.0,0.0,0,0.0,0.0
2023-09-13,3.75600004196167,0.001066084328878114,35.958587646484375,-0.006720368215104022,0.007786452543982136,0.007786452543982136,0.00946329889825943,0.0126426069248699,1,0,0.0,10,60.350176805042864,0.0,0.0,0.0,0.0,0.0,0.0,,0.0,0.0,0.0,0.0126426069248699,0.0,0.0,0.0,0,0.0,0.0
2023-09-14,3.7825000286102295,0.007055374428249328,37.11665725708008,0.03220564784081348,-0.02515027341256415,0.02515027341256415,0.009520774731950359,0.013479349915065188,0,1,1.0,10,44.79214801707794,448.0,-10.0,-1694.5600128173828,371.1665725708008,0.0,0.0,Opened,-1694.5600128173828,371.1665725708008,0.0,0.013479349915065188,2065.7265853881836,0.0,0.0,0,0.0,2065.7265853881836
2023-09-15,3.7634999752044678,-0.005023146929821087,37.27236557006836,0.004195106038504592,-0.00921825296832568,0.00921825296832568,0.009498222529509243,0.013463019651572636,0,1,0.0,10,8.27107770002788,-448.0,10.0,1686.0479888916016,-372.7236557006836,-8.51202392578125,-1.5570831298828125,Live,0.0,0.0,0.0,0.013463019651572636,2058.771644592285,-10.069107055664062,-0.004890832396158306,0,0.0,0.0
2023-09-16,3.7634999752044678,0.0,37.27236557006836,0.0,0.0,0.0,0.00927109765211456,0.01325029417274257,1,0,-1.0,10,,-448.0,10.0,1686.0479888916016,-372.7236557006836,-8.51202392578125,-1.5570831298828125,Closed,1686.0479888916016,-372.7236557006836,-10.069107055664062,0.01325029417274257,2058.771644592285,-10.069107055664062,-0.004890832396158306,0,-10.069107055664062,0.0
2023-09-17,3.7634999752044678,0.0,37.27236557006836,0.0,0.0,0.0,0.00927109765211456,0.01325029417274257,1,0,0.0,10,,0.0,0.0,0.0,0.0,0.0,0.0,,0.0,0.0,0.0,0.01325029417274257,0.0,0.0,0.0,0,0.0,0.0
2023-09-18,3.741499900817871,-0.005845642229717729,36.902557373046875,-0.009921779617831916,0.004076137388114187,0.004076137388114187,0.009298174463185805,0.013305058920932021,1,0,0.0,10,16.74048633026327,0.0,0.0,0.0,0.0,0.0,0.0,,0.0,0.0,0.0,0.013305058920932021,0.0,0.0,0.0,0,0.0,0.0
2023-09-19,3.7139999866485596,-0.0073499705728443665,36.5132942199707,-0.010548405877162437,0.00319843530431807,0.00319843530431807,0.008848778845770082,0.01304569081793769,1,0,0.0,10,14.109458631853967,0.0,0.0,0.0,0.0,0.0,0.0,,0.0,0.0,0.0,0.01304569081793769,0.0,0.0,0.0,0,0.0,0.0
2023-09-20,3.746500015258789,0.008750680863506721,36.396514892578125,-0.0031982687371084895,0.01194894960061521,0.01194894960061521,0.008265082041232264,0.012732586665998722,1,0,0.0,10,3.5506443138863046,0.0,0.0,0.0,0.0,0.0,0.0,,0.0,0.0,0.0,0.012732586665998722,0.0,0.0,0.0,0,0.0,0.0
2023-09-21,3.6665000915527344,-0.021353242594482902,35.52065658569336,-0.024064345431693224,0.002711102837210322,0.002711102837210322,0.00846241878150433,0.012538789730388956,1,0,0.0,10,10.917909842778409,0.0,0.0,0.0,0.0,0.0,0.0,,0.0,0.0,0.0,0.012538789730388956,0.0,0.0,0.0,0,0.0,0.0
2023-09-22,3.6654999256134033,-0.0002727849214119171,35.47200393676758,-0.0013697001576647994,0.0010969152362528822,0.0010969152362528822,0.008236108017846114,0.012415313348845365,1,0,0.0,10,48.591203340203805,0.0,0.0,0.0,0.0,0.0,0.0,,0.0,0.0,0.0,0.012415313348845365,0.0,0.0,0.0,0,0.0,0.0
2023-09-23,3.6654999256134033,0.0,35.47200393676758,0.0,0.0,0.0,0.0081765172679821,0.01241746632693747,1,0,0.0,10,,0.0,0.0,0.0,0.0,0.0,0.0,,0.0,0.0,0.0,0.01241746632693747,0.0,0.0,0.0,0,0.0,0.0
2023-09-24,3.6654999256134033,0.0,35.47200393676758,0.0,0.0,0.0,0.0081765172679821,0.01241746632693747,1,0,0.0,10,,0.0,0.0,0.0,0.0,0.0,0.0,,0.0,0.0,0.0,0.01241746632693747,0.0,0.0,0.0,0,0.0,0.0
2023-09-25,3.6494998931884766,-0.004365034169861337,35.345489501953125,-0.0035665995933011896,-0.0007984345765601475,0.0007984345765601475,0.008189753911791347,0.012417150732032986,0,0,0.0,10,7.913477161262694,0.0,0.0,0.0,0.0,0.0,0.0,,0.0,0.0,0.0,0.012417150732032986,0.0,0.0,0.0,0,0.0,0.0
2023-09-26,3.625,-0.006713219319228858,34.644805908203125,-0.01982384750142674,0.013110628182197881,0.013110628182197881,0.008163550440634758,0.012673674585839097,1,1,1.0,10,28.221964039735887,-283.0,10.0,1025.875,-346.44805908203125,0.0,0.0,Opened,1025.875,-346.44805908203125,0.0,0.012673674585839097,1372.3230590820312,0.0,0.0,0,0.0,1372.3230590820312
2023-09-27,3.627000093460083,0.000551749920022937,34.45017623901367,-0.005617859996247532,0.006169609916270469,0.006169609916270469,0.007829132759799025,0.01255990639810722,1,1,0.0,10,96.71025183710154,283.0,-10.0,-1026.4410264492035,344.5017623901367,-0.5660264492034912,-1.9462966918945312,Live,0.0,0.0,0.0,0.01255990639810722,1370.9427888393402,-2.5123231410980225,-0.0018325514102780257,0,0.0,0.0
2023-09-28,3.694499969482422,0.018610387174803122,35.1800537109375,0.0211864655454872,-0.002576078370684076,0.002576078370684076,0.008251087217612897,0.012970563756886275,0,0,-1.0,10,10.840365705402643,283.0,-10.0,-1045.5434913635254,351.800537109375,-19.66849136352539,5.35247802734375,Closed,-1045.5434913635254,351.800537109375,-14.31601333618164,0.012970563756886275,1397.3440284729004,-14.31601333618164,-0.010245160135565914,0,-14.31601333618164,0.0
2023-09-29,3.7260000705718994,0.008526215008709315,35.433074951171875,0.007192178906643143,0.0013340361020661717,0.0013340361020661717,0.008324251471338993,0.012994665173142364,1,0,0.0,10,8.021769633411628,0.0,0.0,0.0,0.0,0.0,0.0,,0.0,0.0,0.0,0.012994665173142364,0.0,0.0,0.0,0,0.0,0.0
2023-09-30,3.7260000705718994,0.0,35.433074951171875,0.0,0.0,0.0,0.00820742153629654,0.012921716445253452,1,0,0.0,10,,0.0,0.0,0.0,0.0,0.0,0.0,,0.0,0.0,0.0,0.012921716445253452,0.0,0.0,0.0,0,0.0,0.0
2023-10-01,3.7260000705718994,0.0,35.433074951171875,0.0,0.0,0.0,0.00820742153629654,0.012921716445253452,1,0,0.0,10,,0.0,0.0,0.0,0.0,0.0,0.0,,0.0,0.0,0.0,0.012921716445253452,0.0,0.0,0.0,0,0.0,0.0
2023-10-02,3.631999969482422,-0.025228153330402292,34.18741989135742,-0.03515514985733004,0.009926996526927745,0.009926996526927745,0.008954807539955279,0.013792830379389918,1,0,0.0,10,13.116681754325857,0.0,0.0,0.0,0.0,0.0,0.0,,0.0,0.0,0.0,0.013792830379389918,0.0,0.0,0.0,0,0.0,0.0
2023-10-03,3.615499973297119,-0.004542950529719869,33.438079833984375,-0.02191859051529299,0.01737563998557312,0.01737563998557312,0.008962113837582846,0.013960898296637365,1,1,1.0,10,44.62185116203049,-447.0,10.0,1616.1284880638123,-334.38079833984375,0.0,0.0,Opened,1616.1284880638123,-334.38079833984375,0.0,0.013960898296637365,1950.509286403656,0.0,0.0,0,0.0,1950.509286403656
2023-10-04,3.5840001106262207,-0.008712449980236792,33.087738037109375,-0.01047732999665052,0.001764880016413728,0.001764880016413728,0.008728553109510933,0.013175195163538923,1,1,0.0,10,11.102208760091834,447.0,-10.0,-1602.0480494499207,330.87738037109375,14.080438613891602,-3.50341796875,Live,0.0,0.0,0.0,0.013175195163538923,1932.9254298210144,10.577020645141602,0.005472027260834897,0,0.0,0.0
2023-10-05,3.546999931335449,-0.010323710420953813,33.13639831542969,0.0014706438459388682,-0.011794354266892682,0.011794354266892682,0.008835495242094454,0.013107555767517794,0,0,-1.0,10,1.3308092711790342,447.0,-10.0,-1585.5089693069458,331.3639831542969,30.619518756866455,-3.016815185546875,Closed,-1585.5089693069458,331.3639831542969,27.60270357131958,0.013107555767517794,1916.8729524612427,27.60270357131958,0.01439986073979396,0,27.60270357131958,0.0
2023-10-06,3.624500036239624,0.02184948023807709,34.19715118408203,0.0320117128770272,-0.010162232638950108,0.010162232638950108,0.009287239246464813,0.013913025533454979,0,0,0.0,10,13.823232813846735,0.0,0.0,0.0,0.0,0.0,0.0,,0.0,0.0,0.0,0.013913025533454979,0.0,0.0,0.0,0,0.0,0.0
2023-10-07,3.624500036239624,0.0,34.19715118408203,0.0,0.0,0.0,0.009269839600169916,0.013879891485718285,1,0,0.0,10,,0.0,0.0,0.0,0.0,0.0,0.0,,0.0,0.0,0.0,0.013879891485718285,0.0,0.0,0.0,0,0.0,0.0
2023-10-08,3.624500036239624,0.0,34.19715118408203,0.0,0.0,0.0,0.009269839600169916,0.013879891485718285,1,0,0.0,10,,0.0,0.0,0.0,0.0,0.0,0.0,,0.0,0.0,0.0,0.013879891485718285,0.0,0.0,0.0,0,0.0,0.0
2023-10-09,3.6424999237060547,0.004966171137110953,34.323665618896484,0.0036995606485883403,0.0012666104885226126,0.0012666104885226126,0.009300382841090431,0.013891773757513203,1,0,0.0,10,7.0197651184831935,0.0,0.0,0.0,0.0,0.0,0.0,,0.0,0.0,0.0,0.013891773757513203,0.0,0.0,0.0,0,0.0,0.0
2023-10-10,3.631999969482422,-0.002882623045589394,34.9659538269043,0.018712692727498537,-0.02159531577308793,0.02159531577308793,0.009291319670008064,0.014008333519614141,0,1,1.0,10,62.495388977270935,625.0,-10.0,-2269.9999809265137,349.65953826904297,0.0,0.0,Opened,-2269.9999809265137,349.65953826904297,0.0,0.014008333519614141,2619.6595191955566,0.0,0.0,0,0.0,2619.6595191955566
2023-10-11,3.614000082015991,-0.004955916194293253,34.77132034301758,-0.0055663713579853225,0.0006104551636920696,0.0006104551636920696,0.00918109367287756,0.013978165726659617,1,0,-1.0,10,10.806405176932115,-625.0,10.0,2258.7500512599945,-347.7132034301758,-11.249929666519165,1.9463348388671875,Closed,2258.7500512599945,-347.7132034301758,-9.303594827651978,0.013978165726659617,2606.4632546901703,-9.303594827651978,-0.0035694325676415084,0,-9.303594827651978,0.0
2023-10-12,3.5940001010894775,-0.005534028907757227,33.92466735839844,-0.024349175592613292,0.018815146684856066,0.018815146684856066,0.008951109469511147,0.014196161561550541,1,1,1.0,10,41.531761478729436,-416.0,10.0,1495.1040420532227,-339.2466735839844,0.0,0.0,Opened,1495.1040420532227,-339.2466735839844,0.0,0.014196161561550541,1834.350715637207,0.0,0.0,0,0.0,1834.350715637207
2023-10-13,3.5799999237060547,-0.003895430436737901,33.82734680175781,-0.00286872545020056,-0.0010267049865373412,0.0010267049865373412,0.00887916816062857,0.013810556264619614,0,0,-1.0,10,6.958545183033405,416.0,-10.0,-1489.2799682617188,338.2734680175781,5.824073791503906,-0.97320556640625,Closed,-1489.2799682617188,338.2734680175781,4.850868225097656,0.013810556264619614,1827.5534362792969,4.850868225097656,0.002654296245899931,0,4.850868225097656,0.0
2023-10-14,3.5799999237060547,0.0,33.82734680175781,0.0,0.0,0.0,0.008879015340442359,0.013809651836712714,1,0,0.0,10,,0.0,0.0,0.0,0.0,0.0,0.0,,0.0,0.0,0.0,0.013809651836712714,0.0,0.0,0.0,0,0.0,0.0
2023-10-15,3.5799999237060547,0.0,33.82734680175781,0.0,0.0,0.0,0.008879015340442359,0.013809651836712714,1,0,0.0,10,,0.0,0.0,0.0,0.0,0.0,0.0,,0.0,0.0,0.0,0.013809651836712714,0.0,0.0,0.0,0,0.0,0.0
2023-10-16,3.5869998931884766,0.0019552987797764043,34.45017623901367,0.018412009694579234,-0.01645671091480283,0.01645671091480283,0.008887550826273762,0.014075560829267093,0,1,1.0,10,90.43741700318665,905.0,-10.0,-3246.2349033355713,344.5017623901367,0.0,0.0,Opened,-3246.2349033355713,344.5017623901367,0.0,0.014075560829267093,3590.736665725708,0.0,0.0,0,0.0,3590.736665725708
2023-10-17,3.575500011444092,-0.003205988872824417,34.44044494628906,-0.0002824743959826126,-0.002923514476841804,0.002923514476841804,0.008893028258208108,0.013925735962418874,0,1,0.0,10,0.8486899273474209,-905.0,10.0,3235.827510356903,-344.4044494628906,-10.407392978668213,0.09731292724609375,Live,0.0,0.0,0.0,0.013925735962418874,3580.2319598197937,-10.31008005142212,-0.0028797240422212935,0,0.0,0.0
2023-10-18,3.5820000171661377,0.0018179291571085443,33.56459426879883,-0.025430875787352702,0.027248804944461247,0.027248804944461247,0.008751778006452963,0.013762760999787762,1,0,-1.0,10,131.0811309112299,-905.0,10.0,3241.7100155353546,-335.6459426879883,-4.524887800216675,8.855819702148438,Closed,3241.7100155353546,-335.6459426879883,4.330931901931763,0.013762760999787762,3577.355958223343,4.330931901931763,0.0012106516523680455,0,4.330931901931763,0.0
2023-10-19,3.5915000438690186,0.002652157079104933,33.282371520996094,-0.00840834676989033,0.011060503848995262,0.011060503848995262,0.008766537385516637,0.013792290743583251,1,0,0.0,10,29.379862564798792,0.0,0.0,0.0,0.0,0.0,0.0,,0.0,0.0,0.0,0.013792290743583251,0.0,0.0,0.0,0,0.0,0.0
2023-10-20,3.5420000553131104,-0.013782538758535967,32.513572692871094,-0.023099280279351597,0.00931674152081563,0.00931674152081563,0.008945885209544823,0.014111930068432891,1,0,0.0,10,15.384569785955113,0.0,0.0,0.0,0.0,0.0,0.0,,0.0,0.0,0.0,0.014111930068432891,0.0,0.0,0.0,0,0.0,0.0
2023-10-21,3.5420000553131104,0.0,32.513572692871094,0.0,0.0,0.0,0.008784088282264875,0.013971274604193515,1,0,0.0,10,,0.0,0.0,0.0,0.0,0.0,0.0,,0.0,0.0,0.0,0.013971274604193515,0.0,0.0,0.0,0,0.0,0.0
2023-10-22,3.5420000553131104,0.0,32.513572692871094,0.0,0.0,0.0,0.008784088282264875,0.013971274604193515,1,0,0.0,10,,0.0,0.0,0.0,0.0,0.0,0.0,,0.0,0.0,0.0,0.013971274604193515,0.0,0.0,0.0,0,0.0,0.0
2023-10-23,3.572999954223633,0.008752088770868749,32.37732696533203,-0.004190426220645249,0.012942514991513998,0.012942514991513998,0.008899668184277489,0.013967728444078372,1,0,0.0,10,4.3386484826962395,0.0,0.0,0.0,0.0,0.0,0.0,,0.0,0.0,0.0,0.013967728444078372,0.0,0.0,0.0,0,0.0,0.0
2023-10-24,3.609999895095825,0.010355427188980082,32.737396240234375,0.011121031556678096,-0.000765604367698014,0.000765604367698014,0.009048783921445537,0.014099787374304448,0,0,0.0,10,9.738991781857038,0.0,0.0,0.0,0.0,0.0,0.0,,0.0,0.0,0.0,0.014099787374304448,0.0,0.0,0.0,0,0.0,0.0
2023-10-25,3.572000026702881,-0.010526279639112235,32.280006408691406,-0.013971478616886301,0.0034451989777740666,0.0034451989777740666,0.009146698087714745,0.014152035142492508,1,0,0.0,10,11.99470651026698,0.0,0.0,0.0,0.0,0.0,0.0,,0.0,0.0,0.0,0.014152035142492508,0.0,0.0,0.0,0,0.0,0.0
2023-10-26,3.56850004196167,-0.000979838945981637,32.44544982910156,0.005125259837792662,-0.006105098783774299,0.006105098783774299,0.008881703612980643,0.014193659804484548,0,0,0.0,10,47.5586243363912,0.0,0.0,0.0,0.0,0.0,0.0,,0.0,0.0,0.0,0.014193659804484548,0.0,0.0,0.0,0,0.0,0.0
2023-10-27,3.634000062942505,0.018355056805555936,32.81525421142578,0.011397727085679987,0.006957329719875949,0.006957329719875949,0.009258644294128097,0.014054476946708716,1,0,0.0,10,5.607294462514713,0.0,0.0,0.0,0.0,0.0,0.0,,0.0,0.0,0.0,0.014054476946708716,0.0,0.0,0.0,0,0.0,0.0
2023-10-28,3.634000062942505,0.0,32.81525421142578,0.0,0.0,0.0,0.009102011049240634,0.014021029121442888,1,0,0.0,10,,0.0,0.0,0.0,0.0,0.0,0.0,,0.0,0.0,0.0,0.014021029121442888,0.0,0.0,0.0,0,0.0,0.0
2023-10-29,3.634000062942505,0.0,32.81525421142578,0.0,0.0,0.0,0.009102011049240634,0.014021029121442888,1,0,0.0,10,,0.0,0.0,0.0,0.0,0.0,0.0,,0.0,0.0,0.0,0.014021029121442888,0.0,0.0,0.0,0,0.0,0.0
2023-10-30,3.6494998931884766,0.00426522564048093,32.43571853637695,-0.01156583071407924,0.01583105635456017,0.01583105635456017,0.009124015283943496,0.014089674001121865,1,1,1.0,10,24.10044090909095,-242.0,10.0,883.1789741516113,-324.35718536376953,0.0,0.0,Opened,883.1789741516113,-324.35718536376953,0.0,0.014089674001121865,1207.5361595153809,0.0,0.0,0,0.0,1207.5361595153809
2023-10-31,3.6414999961853027,-0.0021920529489821705,31.96859359741211,-0.01440155976322699,0.01220950681424482,0.01220950681424482,0.008417358185951256,0.013506630420941069,1,1,0.0,10,57.67687310381872,242.0,-10.0,-881.2429990768433,319.6859359741211,1.9359750747680664,-4.6712493896484375,Live,0.0,0.0,0.0,0.013506630420941069,1200.9289350509644,-2.735274314880371,-0.002277632118810005,0,0.0,0.0
2023-11-01,3.6449999809265137,0.0009611381971377231,31.78369140625,-0.005783870053547746,0.006745008250685469,0.006745008250685469,0.008399184826800271,0.01342374470390193,1,1,0.0,10,52.4734350248264,242.0,-10.0,-882.0899953842163,317.8369140625,1.0889787673950195,-6.520271301269531,Live,0.0,0.0,0.0,0.01342374470390193,1199.9269094467163,-5.431292533874512,-0.004526352806254565,0,0.0,0.0
2023-11-02,3.6670000553131104,0.006035685734353535,32.68873977661133,0.028475244073863593,-0.022439558339510057,0.022439558339510057,0.008447888095323704,0.01410408257965322,0,0,-1.0,10,42.05601295530142,242.0,-10.0,-887.4140133857727,326.8873977661133,-4.235039234161377,2.53021240234375,Closed,-887.4140133857727,326.8873977661133,-1.704826831817627,0.01410408257965322,1214.301411151886,-1.704826831817627,-0.001403956889254068,0,-1.704826831817627,0.0
2023-11-03,3.674499988555908,0.0020452503762391494,33.126670837402344,0.013397000428396755,-0.011351750052157605,0.011351750052157605,0.008386605667665902,0.013412254082745526,0,0,0.0,10,59.052818688860526,0.0,0.0,0.0,0.0,0.0,0.0,,0.0,0.0,0.0,0.013412254082745526,0.0,0.0,0.0,0,0.0,0.0
2023-11-04,3.674499988555908,0.0,33.126670837402344,0.0,0.0,0.0,0.008361913363576595,0.013384629507324237,1,0,0.0,10,,0.0,0.0,0.0,0.0,0.0,0.0,,0.0,0.0,0.0,0.013384629507324237,0.0,0.0,0.0,0,0.0,0.0
2023-11-05,3.674499988555908,0.0,33.126670837402344,0.0,0.0,0.0,0.008361913363576595,0.013384629507324237,1,0,0.0,10,,0.0,0.0,0.0,0.0,0.0,0.0,,0.0,0.0,0.0,0.013384629507324237,0.0,0.0,0.0,0,0.0,0.0
2023-11-06,3.7095000743865967,0.009525128844657837,32.88337326049805,-0.007344462052902623,0.01686959089756046,0.01686959089756046,0.008479909668642233,0.013399528703451073,1,1,1.0,10,6.83518243029336,-69.0,10.0,255.95550513267517,-328.83373260498047,0.0,0.0,Opened,255.95550513267517,-328.83373260498047,0.0,0.013399528703451073,584.7892377376556,0.0,0.0,0,0.0,584.7892377376556
2023-11-07,3.6700000762939453,-0.010648334627458733,31.93939971923828,-0.028706712470819906,0.018058377843361173,0.018058377843361173,0.008571251763161362,0.013869424713071662,1,1,0.0,10,23.461860334871197,69.0,-10.0,-253.23000526428223,319.3939971923828,2.7254998683929443,-9.439735412597656,Live,0.0,0.0,0.0,0.013869424713071662,572.624002456665,-6.714235544204712,-0.011725382651442089,0,0.0,0.0
2023-11-08,3.628000020980835,-0.011444156523158222,31.083011627197266,-0.02681290505047229,0.015368748527314069,0.015368748527314069,0.008658602752472044,0.014240856192473873,1,1,0.0,10,20.073166695869446,69.0,-10.0,-250.3320014476776,310.83011627197266,5.623503684997559,-18.003616333007812,Live,0.0,0.0,0.0,0.014240856192473873,561.1621177196503,-12.380112648010254,-0.022061561636267126,1,-12.380112648010254,0.0
2023-11-09,3.634999990463257,0.00192942928388673,31.1900577545166,0.003443878881596918,-0.001514449597710188,0.001514449597710188,0.008564196077302208,0.014271015928436772,0,0,-1.0,10,15.315485498052924,69.0,-10.0,-250.81499934196472,311.900577545166,5.140505790710449,-16.933155059814453,Closed,-250.81499934196472,311.900577545166,-11.792649269104004,0.014271015928436772,562.7155768871307,-11.792649269104004,-0.02095667821093456,1,0.0,0.0
2023-11-10,3.5834999084472656,-0.014167835529877881,31.238718032836914,0.0015601214561158372,-0.01572795698599372,0.01572795698599372,0.008263301331557794,0.013955101087579332,0,1,1.0,10,0.9599325283207369,10.0,-10.0,-35.834999084472656,312.38718032836914,0.0,0.0,Opened,-35.834999084472656,312.38718032836914,0.0,0.013955101087579332,348.2221794128418,0.0,0.0,0,0.0,348.2221794128418
2023-11-11,3.5834999084472656,0.0,31.238718032836914,0.0,0.0,0.0,0.008263493517451054,0.013958649225423926,1,0,-1.0,10,,-10.0,10.0,35.834999084472656,-312.38718032836914,0.0,0.0,Closed,35.834999084472656,-312.38718032836914,0.0,0.013958649225423926,348.2221794128418,0.0,0.0,0,0.0,0.0
2023-11-12,3.5834999084472656,0.0,31.238718032836914,0.0,0.0,0.0,0.008263493517451054,0.013958649225423926,1,0,0.0,10,,0.0,0.0,0.0,0.0,0.0,0.0,,0.0,0.0,0.0,0.013958649225423926,0.0,0.0,0.0,0,0.0,0.0
2023-11-13,3.6624999046325684,0.022045485755163075,31.404157638549805,0.005295979352897495,0.01674950640226558,0.01674950640226558,0.008853381149427818,0.01399760200558076,1,1,1.0,10,2.059852568280387,-21.0,10.0,76.91249799728394,-314.04157638549805,0.0,0.0,Opened,76.91249799728394,-314.04157638549805,0.0,0.01399760200558076,390.954074382782,0.0,0.0,0,0.0,390.954074382782
2023-11-14,3.682499885559082,0.005460745787656318,32.669273376464844,0.04028497603648695,-0.034824230248830634,0.034824230248830634,0.008863061369560676,0.015237812155899014,0,0,-1.0,10,65.44671961226406,21.0,-10.0,-77.33249759674072,326.69273376464844,-0.4199995994567871,12.65115737915039,Closed,-77.33249759674072,326.69273376464844,12.231157779693604,0.015237812155899014,404.02523136138916,12.231157779693604,0.03027325233743429,0,12.231157779693604,0.0
2023-11-15,3.7174999713897705,0.009504436366160274,33.194786071777344,0.016085839720300754,-0.00658140335414048,0.00658140335414048,0.00890088153865165,0.01520081524847323,0,0,0.0,10,15.112498472952167,0.0,0.0,0.0,0.0,0.0,0.0,,0.0,0.0,0.0,0.01520081524847323,0.0,0.0,0.0,0,0.0,0.0
2023-11-16,3.7044999599456787,-0.0034969768780473975,32.68873977661133,-0.015244752415990548,0.01174777553794315,0.01174777553794315,0.008919196387217379,0.015324306922227865,1,0,0.0,10,38.46769803494742,0.0,0.0,0.0,0.0,0.0,0.0,,0.0,0.0,0.0,0.015324306922227865,0.0,0.0,0.0,0,0.0,0.0
2023-11-17,3.737499952316284,0.00890808279859967,33.126670837402344,0.013397000428396755,-0.0044889176297970845,0.0044889176297970845,0.008616711664234925,0.015133239495556054,0,0,0.0,10,13.32968611313406,0.0,0.0,0.0,0.0,0.0,0.0,,0.0,0.0,0.0,0.015133239495556054,0.0,0.0,0.0,0,0.0,0.0
2023-11-18,3.737499952316284,0.0,33.126670837402344,0.0,0.0,0.0,0.0085339119974051,0.01508702125955659,1,0,0.0,10,,0.0,0.0,0.0,0.0,0.0,0.0,,0.0,0.0,0.0,0.01508702125955659,0.0,0.0,0.0,0,0.0,0.0
2023-11-19,3.737499952316284,0.0,33.126670837402344,0.0,0.0,0.0,0.0085339119974051,0.01508702125955659,1,0,0.0,10,,0.0,0.0,0.0,0.0,0.0,0.0,,0.0,0.0,0.0,0.01508702125955659,0.0,0.0,0.0,0,0.0,0.0
2023-11-20,3.8125,0.02006690264630917,33.593788146972656,0.014100943371674557,0.0059659592746346135,0.0059659592746346135,0.008988969469604818,0.015241555937049341,1,0,0.0,10,6.191800451503962,0.0,0.0,0.0,0.0,0.0,0.0,,0.0,0.0,0.0,0.015241555937049341,0.0,0.0,0.0,0,0.0,0.0
2023-11-21,3.814500093460083,0.0005246146780546468,33.72030258178711,0.0037660068064058194,-0.0032413921283511726,0.0032413921283511726,0.008186781109631048,0.014431423075879002,0,0,0.0,10,63.45918589204072,0.0,0.0,0.0,0.0,0.0,0.0,,0.0,0.0,0.0,0.014431423075879002,0.0,0.0,0.0,0,0.0,0.0
2023-11-22,3.7664999961853027,-0.012583587914200334,33.51593017578125,-0.006060811747171102,-0.006522776167029232,0.006522776167029232,0.008374965826540551,0.014114552283104443,0,0,0.0,10,4.285876108493906,0.0,0.0,0.0,0.0,0.0,0.0,,0.0,0.0,0.0,0.014114552283104443,0.0,0.0,0.0,0,0.0,0.0
2023-11-23,3.7790000438690186,0.003318743580612127,33.51593017578125,0.0,0.003318743580612127,0.003318743580612127,0.008266668427100953,0.014031178525436467,1,0,0.0,10,0.0,0.0,0.0,0.0,0.0,0.0,0.0,,0.0,0.0,0.0,0.014031178525436467,0.0,0.0,0.0,0,0.0,0.0
2023-11-24,3.7964999675750732,0.004630834480789714,33.56459426879883,0.0014519690416572306,0.0031788654391324833,0.0031788654391324833,0.008114285341134848,0.014031148426860351,1,0,0.0,10,2.772018341406935,0.0,0.0,0.0,0.0,0.0,0.0,,0.0,0.0,0.0,0.014031148426860351,0.0,0.0,0.0,0,0.0,0.0
2023-11-25,3.7964999675750732,0.0,33.56459426879883,0.0,0.0,0.0,0.00755948768928034,0.01326660672191375,1,0,0.0,10,,0.0,0.0,0.0,0.0,0.0,0.0,,0.0,0.0,0.0,0.01326660672191375,0.0,0.0,0.0,0,0.0,0.0
2023-11-26,3.7964999675750732,0.0,33.56459426879883,0.0,0.0,0.0,0.00755948768928034,0.01326660672191375,1,0,0.0,10,,0.0,0.0,0.0,0.0,0.0,0.0,,0.0,0.0,0.0,0.01326660672191375,0.0,0.0,0.0,0,0.0,0.0
2023-11-27,3.762500047683716,-0.008955595991503196,33.05854797363281,-0.015076788687311216,0.00612119269580802,0.00612119269580802,0.007687601361646718,0.01343027542932899,1,0,0.0,10,14.79182004810846,0.0,0.0,0.0,0.0,0.0,0.0,,0.0,0.0,0.0,0.01343027542932899,0.0,0.0,0.0,0,0.0,0.0
2023-11-28,3.8010001182556152,0.010232576766504131,33.76895523071289,0.02148936661243228,-0.01125678984592815,0.01125678984592815,0.0077816777705032305,0.01377735998814905,0,0,0.0,10,18.65771027172669,0.0,0.0,0.0,0.0,0.0,0.0,,0.0,0.0,0.0,0.01377735998814905,0.0,0.0,0.0,0,0.0,0.0
2023-11-29,3.7860000133514404,-0.003946357389501665,33.47700881958008,-0.008645408456915638,0.004699051067413973,0.004699051067413973,0.007793624519498839,0.013550983999357754,1,0,0.0,10,19.37113817208301,0.0,0.0,0.0,0.0,0.0,0.0,,0.0,0.0,0.0,0.013550983999357754,0.0,0.0,0.0,0,0.0,0.0
2023-11-30,3.8289999961853027,0.0113576288119972,33.457542419433594,-0.0005814856474004593,0.01193911445939766,0.01193911445939766,0.007886081049938636,0.013533377825021302,1,0,0.0,10,0.44736293598942317,0.0,0.0,0.0,0.0,0.0,0.0,,0.0,0.0,0.0,0.013533377825021302,0.0,0.0,0.0,0,0.0,0.0
2023-12-01,3.9089999198913574,0.02089316369437344,34.917293548583984,0.04362995676282866,-0.02273679306845522,0.02273679306845522,0.008301125848347744,0.014488024431288335,0,1,1.0,10,18.653291975647683,187.0,-10.0,-730.9829850196838,349.17293548583984,0.0,0.0,Opened,-730.9829850196838,349.17293548583984,0.0,0.014488024431288335,1080.1559205055237,0.0,0.0,0,0.0,1080.1559205055237
2023-12-02,3.9089999198913574,0.0,34.917293548583984,0.0,0.0,0.0,0.008265596045458925,0.01447936526557739,1,0,-1.0,10,,-187.0,10.0,730.9829850196838,-349.17293548583984,0.0,0.0,Closed,730.9829850196838,-349.17293548583984,0.0,0.01447936526557739,1080.1559205055237,0.0,0.0,0,0.0,0.0
2023-12-03,3.9089999198913574,0.0,34.917293548583984,0.0,0.0,0.0,0.008265596045458925,0.01447936526557739,1,0,0.0,10,,0.0,0.0,0.0,0.0,0.0,0.0,,0.0,0.0,0.0,0.01447936526557739,0.0,0.0,0.0,0,0.0,0.0
2023-12-04,3.820499897003174,-0.022640067716001244,34.14849090576172,-0.022017818813836576,-0.0006222489021646682,0.0006222489021646682,0.008957045489433367,0.014832721297943162,0,0,0.0,10,8.692563978065412,0.0,0.0,0.0,0.0,0.0,0.0,,0.0,0.0,0.0,0.014832721297943162,0.0,0.0,0.0,0,0.0,0.0
2023-12-05,3.7725000381469727,-0.012563763944569817,33.40888977050781,-0.021658384181454937,0.00909462023688512,0.00909462023688512,0.009169534882202516,0.014916213849624755,1,0,0.0,10,15.266485719157563,0.0,0.0,0.0,0.0,0.0,0.0,,0.0,0.0,0.0,0.014916213849624755,0.0,0.0,0.0,0,0.0,0.0
2023-12-06,3.7165000438690186,-0.01484426606009015,33.47700881958008,0.0020389497986970095,-0.01688321585878716,0.01688321585878716,0.009423965778189177,0.014920533573208784,0,1,1.0,10,1.2372581057970358,13.0,-10.0,-48.31450057029724,334.7700881958008,0.0,0.0,Opened,-48.31450057029724,334.7700881958008,0.0,0.014920533573208784,383.084588766098,0.0,0.0,0,0.0,383.084588766098
2023-12-07,3.7844998836517334,0.018296741283480467,33.88573455810547,0.012209147499651518,0.0060875937838289484,0.0060875937838289484,0.009742441644596433,0.014580550786349997,1,0,-1.0,10,5.974753627577046,-13.0,10.0,49.198498487472534,-338.8573455810547,0.883997917175293,-4.087257385253906,Closed,49.198498487472534,-338.8573455810547,-3.2032594680786133,0.014580550786349997,388.0558440685272,-3.2032594680786133,-0.008254635298091133,0,-3.2032594680786133,0.0
2023-12-08,3.819999933242798,0.009380380679734568,34.372318267822266,0.014359544394188406,-0.004979163714453838,0.004979163714453838,0.009809889164156317,0.014658543300487981,0,0,0.0,10,13.77417721681371,0.0,0.0,0.0,0.0,0.0,0.0,,0.0,0.0,0.0,0.014658543300487981,0.0,0.0,0.0,0,0.0,0.0
2023-12-09,3.819999933242798,0.0,34.372318267822266,0.0,0.0,0.0,0.009568636261471235,0.014249886562212526,1,0,0.0,10,,0.0,0.0,0.0,0.0,0.0,0.0,,0.0,0.0,0.0,0.014249886562212526,0.0,0.0,0.0,0,0.0,0.0
2023-12-10,3.819999933242798,0.0,34.372318267822266,0.0,0.0,0.0,0.009568636261471235,0.014249886562212526,1,0,0.0,10,,0.0,0.0,0.0,0.0,0.0,0.0,,0.0,0.0,0.0,0.014249886562212526,0.0,0.0,0.0,0,0.0,0.0
2023-12-11,3.7799999713897705,-0.01047119438535471,34.01225280761719,-0.010475448801547826,4.254416193116839e-06,4.254416193116839e-06,0.009716852451282022,0.014344751707632275,1,0,0.0,10,9.001606387763898,0.0,0.0,0.0,0.0,0.0,0.0,,0.0,0.0,0.0,0.014344751707632275,0.0,0.0,0.0,0,0.0,0.0
2023-12-12,3.7860000133514404,0.0015873127002865584,33.73003387451172,-0.008297566606416118,0.009884879306702676,0.009884879306702676,0.009658082649158567,0.014386788941178327,1,0,0.0,10,46.57194998092825,0.0,0.0,0.0,0.0,0.0,0.0,,0.0,0.0,0.0,0.014386788941178327,0.0,0.0,0.0,0,0.0,0.0
2023-12-13,3.7860000133514404,0.0,34.985416412353516,0.037218537713667565,-0.037218537713667565,0.037218537713667565,0.009568457870211725,0.015214065940093063,0,0,0.0,10,inf,0.0,0.0,0.0,0.0,0.0,0.0,,0.0,0.0,0.0,0.015214065940093063,0.0,0.0,0.0,0,0.0,0.0
2023-12-14,3.8884999752044678,0.027073418249222936,36.1629524230957,0.03365791039509802,-0.006584492145875087,0.006584492145875087,0.010106687362424215,0.015712256156590772,0,0,0.0,10,11.561810229760692,0.0,0.0,0.0,0.0,0.0,0.0,,0.0,0.0,0.0,0.015712256156590772,0.0,0.0,0.0,0,0.0,0.0
2023-12-15,3.884999990463257,-0.000900086090659391,36.1629524230957,0.0,-0.000900086090659391,0.000900086090659391,0.010106254141689013,0.015710793859866987,0,0,0.0,10,0.0,0.0,0.0,0.0,0.0,0.0,0.0,,0.0,0.0,0.0,0.015710793859866987,0.0,0.0,0.0,0,0.0,0.0
2023-12-16,3.884999990463257,0.0,36.1629524230957,0.0,0.0,0.0,0.00982012799931024,0.015658575095945114,1,0,0.0,10,,0.0,0.0,0.0,0.0,0.0,0.0,,0.0,0.0,0.0,0.015658575095945114,0.0,0.0,0.0,0,0.0,0.0
2023-12-17,3.884999990463257,0.0,36.1629524230957,0.0,0.0,0.0,0.00982012799931024,0.015658575095945114,1,0,0.0,10,,0.0,0.0,0.0,0.0,0.0,0.0,,0.0,0.0,0.0,0.015658575095945114,0.0,0.0,0.0,0,0.0,0.0
2023-12-18,3.8480000495910645,-0.00952379432767525,36.1240234375,-0.0010764880350543349,-0.008447306292620915,0.008447306292620915,0.009939158719458763,0.01566221022535316,0,0,0.0,10,1.061109604552951,0.0,0.0,0.0,0.0,0.0,0.0,,0.0,0.0,0.0,0.01566221022535316,0.0,0.0,0.0,0,0.0,0.0
2023-12-19,3.8959999084472656,0.012473975633472856,37.02907180786133,0.02505391936552126,-0.012579943732048404,0.012579943732048404,0.010058021692354797,0.015867740466846064,0,0,0.0,10,19.08950521107908,0.0,0.0,0.0,0.0,0.0,0.0,,0.0,0.0,0.0,0.015867740466846064,0.0,0.0,0.0,0,0.0,0.0
2023-12-20,3.9014999866485596,0.0014117244174900456,36.2991943359375,-0.019710930798132353,0.0211226552156224,0.0211226552156224,0.010044970605393035,0.016002225240534587,1,1,1.0,10,129.904017613699,-1300.0,10.0,5071.949982643127,-362.991943359375,0.0,0.0,Opened,5071.949982643127,-362.991943359375,0.0,0.016002225240534587,5434.941926002502,0.0,0.0,0,0.0,5434.941926002502
2023-12-21,3.9084999561309814,0.0017941739091058562,37.145851135253906,0.023324396444749373,-0.021530222535643517,0.021530222535643517,0.010044868681490507,0.016216500826658382,0,0,-1.0,10,123.55094745604461,1300.0,-10.0,-5081.049942970276,371.45851135253906,-9.099960327148438,8.466567993164062,Closed,-5081.049942970276,371.45851135253906,-0.633392333984375,0.016216500826658382,5452.508454322815,-0.633392333984375,-0.00011616530983683553,0,-0.633392333984375,0.0
2023-12-22,3.8954999446868896,-0.003326087140847922,37.077728271484375,-0.0018339292730562562,-0.0014921578677916658,0.0014921578677916658,0.010044826672302477,0.015815884408954064,0,0,0.0,10,5.248061000204911,0.0,0.0,0.0,0.0,0.0,0.0,,0.0,0.0,0.0,0.015815884408954064,0.0,0.0,0.0,0,0.0,0.0
2023-12-23,3.8954999446868896,0.0,37.077728271484375,0.0,0.0,0.0,0.010045723753210264,0.01574331957877533,1,0,0.0,10,,0.0,0.0,0.0,0.0,0.0,0.0,,0.0,0.0,0.0,0.01574331957877533,0.0,0.0,0.0,0,0.0,0.0
2023-12-24,3.8954999446868896,0.0,37.077728271484375,0.0,0.0,0.0,0.010045723753210264,0.01574331957877533,1,0,0.0,10,,0.0,0.0,0.0,0.0,0.0,0.0,,0.0,0.0,0.0,0.01574331957877533,0.0,0.0,0.0,0,0.0,0.0
2023-12-25,3.8954999446868896,0.0,37.077728271484375,0.0,0.0,0.0,0.010045723753210264,0.01574331957877533,1,0,0.0,10,,0.0,0.0,0.0,0.0,0.0,0.0,,0.0,0.0,0.0,0.01574331957877533,0.0,0.0,0.0,0,0.0,0.0
2023-12-26,3.8954999446868896,0.0,37.43780517578125,0.009711406849426618,-0.009711406849426618,0.009711406849426618,0.009975043948722949,0.015713142468076938,0,0,0.0,10,inf,0.0,0.0,0.0,0.0,0.0,0.0,,0.0,0.0,0.0,0.015713142468076938,0.0,0.0,0.0,0,0.0,0.0
2023-12-27,3.94350004196167,0.012321935042060028,37.79787826538086,0.009617900619680153,0.002704034422379875,0.002704034422379875,0.009955264291234419,0.015070575491170596,1,0,0.0,10,7.48147006322544,0.0,0.0,0.0,0.0,0.0,0.0,,0.0,0.0,0.0,0.015070575491170596,0.0,0.0,0.0,0,0.0,0.0
2023-12-28,3.9130001068115234,-0.0077342297009269645,37.15986251831055,-0.01687967093260556,0.009145441231678597,0.009145441231678597,0.009870382705079318,0.014724539625358269,1,0,0.0,10,20.72579262711691,0.0,0.0,0.0,0.0,0.0,0.0,,0.0,0.0,0.0,0.014724539625358269,0.0,0.0,0.0,0,0.0,0.0
2023-12-29,3.880500078201294,-0.008305654925399919,36.86494827270508,-0.0079363653581912,-0.0003692895672087193,0.0003692895672087193,0.00996823705349579,0.014815978842556775,0,0,0.0,10,9.077655593236438,0.0,0.0,0.0,0.0,0.0,0.0,,0.0,0.0,0.0,0.014815978842556775,0.0,0.0,0.0,0,0.0,0.0
2023-12-30,3.880500078201294,0.0,36.86494827270508,0.0,0.0,0.0,0.00971611664845571,0.01482169294461981,1,0,0.0,10,,0.0,0.0,0.0,0.0,0.0,0.0,,0.0,0.0,0.0,0.01482169294461981,0.0,0.0,0.0,0,0.0,0.0
2023-12-31,3.880500078201294,0.0,36.86494827270508,0.0,0.0,0.0,0.00971611664845571,0.01482169294461981,1,0,0.0,10,,0.0,0.0,0.0,0.0,0.0,0.0,,0.0,0.0,0.0,0.01482169294461981,0.0,0.0,0.0,0,0.0,0.0
2024-01-01,3.880500078201294,0.0,36.86494827270508,0.0,0.0,0.0,0.00971611664845571,0.01482169294461981,1,0,0.0,10,,0.0,0.0,0.0,0.0,0.0,0.0,,0.0,0.0,0.0,0.01482169294461981,0.0,0.0,0.0,0,0.0,0.0
2024-01-02,3.86899995803833,-0.002963566532974915,36.579856872558594,-0.007733400248863709,0.004769833715888794,0.004769833715888794,0.009278056564645283,0.014902426449966855,1,0,0.0,10,24.67170043466387,0.0,0.0,0.0,0.0,0.0,0.0,,0.0,0.0,0.0,0.014902426449966855,0.0,0.0,0.0,0,0.0,0.0
2024-01-03,3.8475000858306885,-0.0055569585011168154,36.33409118652344,-0.006718607098201157,0.0011616485970843415,0.0011616485970843415,0.009304134585587718,0.013966056907711438,1,0,0.0,10,11.41767704291253,0.0,0.0,0.0,0.0,0.0,0.0,,0.0,0.0,0.0,0.013966056907711438,0.0,0.0,0.0,0,0.0,0.0
2024-01-04,3.8310000896453857,-0.004288497938198299,36.25544738769531,-0.0021644630775103924,-0.0021240348606879067,0.0021240348606879067,0.009248707016367926,0.013834228088532826,0,0,0.0,10,4.776459313000173,0.0,0.0,0.0,0.0,0.0,0.0,,0.0,0.0,0.0,0.013834228088532826,0.0,0.0,0.0,0,0.0,0.0
2024-01-05,3.7945001125335693,-0.00952753230428538,36.25544738769531,0.0,-0.00952753230428538,0.00952753230428538,0.009342648153117066,0.013615865987510972,0,0,0.0,10,0.0,0.0,0.0,0.0,0.0,0.0,0.0,,0.0,0.0,0.0,0.013615865987510972,0.0,0.0,0.0,0,0.0,0.0
2024-01-06,3.7945001125335693,0.0,36.25544738769531,0.0,0.0,0.0,0.009264087198755332,0.013521781192966209,1,0,0.0,10,,0.0,0.0,0.0,0.0,0.0,0.0,,0.0,0.0,0.0,0.013521781192966209,0.0,0.0,0.0,0,0.0,0.0
2024-01-07,3.7945001125335693,0.0,36.25544738769531,0.0,0.0,0.0,0.009264087198755332,0.013521781192966209,1,0,0.0,10,,0.0,0.0,0.0,0.0,0.0,0.0,,0.0,0.0,0.0,0.013521781192966209,0.0,0.0,0.0,0,0.0,0.0
2024-01-08,3.799499988555908,0.0013176639541592206,36.50121307373047,0.00677872440538585,-0.005461060451226629,0.005461060451226629,0.009264960871001317,0.01353636607770998,0,0,0.0,10,49.42243768354264,0.0,0.0,0.0,0.0,0.0,0.0,,0.0,0.0,0.0,0.01353636607770998,0.0,0.0,0.0,0,0.0,0.0
2024-01-09,3.748500108718872,-0.013422787206381792,35.832725524902344,-0.01831411869731059,0.004891331490928796,0.004891331490928796,0.009019304728345584,0.013721457348033534,1,0,0.0,10,13.042643823180251,0.0,0.0,0.0,0.0,0.0,0.0,,0.0,0.0,0.0,0.013721457348033534,0.0,0.0,0.0,0,0.0,0.0
2024-01-10,3.7809998989105225,0.008670078497812206,35.87205123901367,0.0010974804047210185,0.007572598093091187,0.007572598093091187,0.009107611247755864,0.013717186463209376,1,0,0.0,10,1.2009454765983059,0.0,0.0,0.0,0.0,0.0,0.0,,0.0,0.0,0.0,0.013717186463209376,0.0,0.0,0.0,0,0.0,0.0
2024-01-11,3.7764999866485596,-0.001190138159818388,35.94086837768555,0.0019184054520147154,-0.0031085436118331033,0.0031085436118331033,0.008930628581169485,0.013675810120738353,0,0,0.0,10,15.340591244676428,0.0,0.0,0.0,0.0,0.0,0.0,,0.0,0.0,0.0,0.013675810120738353,0.0,0.0,0.0,0,0.0,0.0
2024-01-12,3.740000009536743,-0.009665027734902298,36.235782623291016,0.008205540347727691,-0.01787056808262999,0.01787056808262999,0.009023174526135741,0.013706779097187706,0,1,1.0,10,8.225648042424016,83.0,-10.0,-310.4200007915497,362.35782623291016,0.0,0.0,Opened,-310.4200007915497,362.35782623291016,0.0,0.013706779097187706,672.7778270244598,0.0,0.0,0,0.0,672.7778270244598
2024-01-13,3.740000009536743,0.0,36.235782623291016,0.0,0.0,0.0,0.00899664306000754,0.013708751301982488,1,0,-1.0,10,,-83.0,10.0,310.4200007915497,-362.35782623291016,0.0,0.0,Closed,310.4200007915497,-362.35782623291016,0.0,0.013708751301982488,672.7778270244598,0.0,0.0,0,0.0,0.0
2024-01-14,3.740000009536743,0.0,36.235782623291016,0.0,0.0,0.0,0.00899664306000754,0.013708751301982488,1,0,0.0,10,,0.0,0.0,0.0,0.0,0.0,0.0,,0.0,0.0,0.0,0.013708751301982488,0.0,0.0,0.0,0,0.0,0.0
2024-01-15,3.740000009536743,0.0,36.235782623291016,0.0,0.0,0.0,0.00899664306000754,0.013708751301982488,1,0,0.0,10,,0.0,0.0,0.0,0.0,0.0,0.0,,0.0,0.0,0.0,0.013708751301982488,0.0,0.0,0.0,0,0.0,0.0
2024-01-16,3.7664999961853027,0.007085557909354723,35.1347541809082,-0.030385115559091402,0.037470673468446125,0.037470673468446125,0.00896620264905476,0.014249624096236537,1,1,1.0,10,40.002376085501126,-401.0,10.0,1510.3664984703064,-351.34754180908203,0.0,0.0,Opened,1510.3664984703064,-351.34754180908203,0.0,0.014249624096236537,1861.7140402793884,0.0,0.0,0,0.0,1861.7140402793884
2024-01-17,3.7325000762939453,-0.009026926835468574,34.29914474487305,-0.02378298797061784,0.014756061135149268,0.014756061135149268,0.008933929062811777,0.0143794700444675,1,1,0.0,10,24.210845675480705,401.0,-10.0,-1496.732530593872,342.99144744873047,13.633967876434326,-8.356094360351562,Live,0.0,0.0,0.0,0.0143794700444675,1839.7239780426025,5.277873516082764,0.002868839879827094,0,0.0,0.0
2024-01-18,3.744999885559082,0.003348910652279935,34.30897903442383,0.0002867211303352324,0.0030621895219447026,0.0030621895219447026,0.008933145571467634,0.01432000792833467,1,1,0.0,10,0.7843540168030437,401.0,-10.0,-1501.744954109192,343.0897903442383,8.621544361114502,-8.25775146484375,Live,0.0,0.0,0.0,0.01432000792833467,1844.8347444534302,0.36379289627075195,0.0001971953842285928,0,0.0,0.0
2024-01-19,3.7869999408721924,0.011214968383594481,34.69237518310547,0.01117480494820211,4.016343539237077e-05,4.016343539237077e-05,0.008929407701817386,0.014396676627677081,1,1,0.0,10,9.128105144042804,401.0,-10.0,-1518.5869762897491,346.9237518310547,-8.220477819442749,-4.423789978027344,Live,0.0,0.0,0.0,0.014396676627677081,1865.5107281208038,-12.644267797470093,-0.006777912132516718,0,0.0,0.0
2024-01-20,3.7869999408721924,0.0,34.69237518310547,0.0,0.0,0.0,0.008395988013280318,0.013004221681724965,1,1,0.0,10,,401.0,-10.0,-1518.5869762897491,346.9237518310547,-8.220477819442749,-4.423789978027344,Live,0.0,0.0,0.0,0.013004221681724965,1865.5107281208038,-12.644267797470093,-0.006777912132516718,0,0.0,0.0
2024-01-21,3.7869999408721924,0.0,34.69237518310547,0.0,0.0,0.0,0.008395988013280318,0.013004221681724965,1,1,0.0,10,,401.0,-10.0,-1518.5869762897491,346.9237518310547,-8.220477819442749,-4.423789978027344,Live,0.0,0.0,0.0,0.013004221681724965,1865.5107281208038,-12.644267797470093,-0.006777912132516718,0,0.0,0.0
2024-01-22,3.7639999389648438,-0.006073409629378412,33.886260986328125,-0.023236062463947604,0.017162652834569192,0.017162652834569192,0.008430998425474347,0.013411332575005288,1,1,0.0,10,34.44324058957139,401.0,-10.0,-1509.3639755249023,338.86260986328125,1.0025229454040527,-12.484931945800781,Live,0.0,0.0,0.0,0.013411332575005288,1848.2265853881836,-11.482409000396729,-0.00621266304206152,0,0.0,0.0
2024-01-23,3.7904999256134033,0.007040379138754105,34.662879943847656,0.022918402175821972,-0.015878023037067868,0.015878023037067868,0.007883302555631095,0.013446317209894126,0,0,-1.0,10,29.768464885934687,401.0,-10.0,-1519.9904701709747,346.62879943847656,-9.623971700668335,-4.718742370605469,Closed,-1519.9904701709747,346.62879943847656,-14.342714071273804,0.013446317209894126,1866.6192696094513,-14.342714071273804,-0.007683791925213918,0,-14.342714071273804,0.0
2024-01-24,3.882499933242798,0.024271206815683177,35.73442077636719,0.03091320843090295,-0.0066420016152197725,0.0066420016152197725,0.008401486996873014,0.013739489850440732,0,0,0.0,10,11.72270945534209,0.0,0.0,0.0,0.0,0.0,0.0,,0.0,0.0,0.0,0.013739489850440732,0.0,0.0,0.0,0,0.0,0.0
2024-01-25,3.865499973297119,-0.004378611780549324,36.058834075927734,0.009078454121050017,-0.013457065901599341,0.013457065901599341,0.008134756367685961,0.013781767438392522,0,0,0.0,10,19.341113233307347,0.0,0.0,0.0,0.0,0.0,0.0,,0.0,0.0,0.0,0.013781767438392522,0.0,0.0,0.0,0,0.0,0.0
2024-01-26,3.8505001068115234,-0.0038804466664635884,35.87205123901367,-0.005179946653870227,0.0012994999874066382,0.0012994999874066382,0.007758210057417244,0.01372735589929432,1,0,0.0,10,12.436055164300956,0.0,0.0,0.0,0.0,0.0,0.0,,0.0,0.0,0.0,0.01372735589929432,0.0,0.0,0.0,0,0.0,0.0
2024-01-27,3.8505001068115234,0.0,35.87205123901367,0.0,0.0,0.0,0.007648646381417257,0.013596691204781637,1,0,0.0,10,,0.0,0.0,0.0,0.0,0.0,0.0,,0.0,0.0,0.0,0.013596691204781637,0.0,0.0,0.0,0,0.0,0.0
2024-01-28,3.8505001068115234,0.0,35.87205123901367,0.0,0.0,0.0,0.007648646381417257,0.013596691204781637,1,0,0.0,10,,0.0,0.0,0.0,0.0,0.0,0.0,,0.0,0.0,0.0,0.013596691204781637,0.0,0.0,0.0,0,0.0,0.0
2024-01-29,3.872999906539917,0.00584334478749704,36.17679977416992,0.008495430972868645,-0.002652086185371605,0.002652086185371605,0.007690250912232758,0.013637665178689144,0,0,0.0,10,13.580212399949634,0.0,0.0,0.0,0.0,0.0,0.0,,0.0,0.0,0.0,0.013637665178689144,0.0,0.0,0.0,0,0.0,0.0
2024-01-30,3.9065001010894775,0.008649676054211186,36.0981559753418,-0.0021738738450899353,0.010823549899301121,0.010823549899301121,0.007618554511207759,0.013543894966171527,1,0,0.0,10,2.3223713862899804,0.0,0.0,0.0,0.0,0.0,0.0,,0.0,0.0,0.0,0.013543894966171527,0.0,0.0,0.0,0,0.0,0.0
2024-01-31,3.9024999141693115,-0.0010239822901964013,35.57712936401367,-0.014433607403215643,0.013409625113019241,0.013409625113019241,0.007621205384963436,0.01365975685564619,1,0,0.0,10,128.5021646216565,0.0,0.0,0.0,0.0,0.0,0.0,,0.0,0.0,0.0,0.01365975685564619,0.0,0.0,0.0,0,0.0,0.0
2024-02-01,3.8524999618530273,-0.012812287870844763,36.08832550048828,0.014368672954026662,-0.027180960824871425,0.027180960824871425,0.007854789797137066,0.012782775780412158,0,1,1.0,10,10.505435485549695,106.0,-10.0,-408.3649959564209,360.8832550048828,0.0,0.0,Opened,-408.3649959564209,360.8832550048828,0.0,0.012782775780412158,769.2482509613037,0.0,0.0,0,0.0,769.2482509613037
2024-02-02,3.821500062942505,-0.008046696746912274,35.1937370300293,-0.024788860609420094,0.01674216386250782,0.01674216386250782,0.006935378084958117,0.012373279210663833,1,0,-1.0,10,28.370725673274272,-106.0,10.0,405.0790066719055,-351.93737030029297,-3.285989284515381,8.945884704589844,Closed,405.0790066719055,-351.93737030029297,5.659895420074463,0.012373279210663833,757.0163769721985,5.659895420074463,0.007476582531426956,0,5.659895420074463,0.0
2024-02-03,3.821500062942505,0.0,35.1937370300293,0.0,0.0,0.0,0.006935020562909357,0.012373279210663833,1,0,0.0,10,,0.0,0.0,0.0,0.0,0.0,0.0,,0.0,0.0,0.0,0.012373279210663833,0.0,0.0,0.0,0,0.0,0.0
2024-02-04,3.821500062942505,0.0,35.1937370300293,0.0,0.0,0.0,0.006935020562909357,0.012373279210663833,1,0,0.0,10,,0.0,0.0,0.0,0.0,0.0,0.0,,0.0,0.0,0.0,0.012373279210663833,0.0,0.0,0.0,0,0.0,0.0
2024-02-05,3.7720000743865967,-0.012953025707343246,34.50558853149414,-0.01955315225399301,0.006600126546649765,0.006600126546649765,0.007161586060616581,0.012663766004360377,1,0,0.0,10,13.80903406935053,0.0,0.0,0.0,0.0,0.0,0.0,,0.0,0.0,0.0,0.012663766004360377,0.0,0.0,0.0,0,0.0,0.0
2024-02-06,3.7825000286102295,0.0027836569503090214,35.05610656738281,0.015954460112633573,-0.013170803162324551,0.013170803162324551,0.007058146917265074,0.012884912156877128,0,1,1.0,10,53.11915281575109,532.0,-10.0,-2012.290015220642,350.5610656738281,0.0,0.0,Opened,-2012.290015220642,350.5610656738281,0.0,0.012884912156877128,2362.85108089447,0.0,0.0,0,0.0,2362.85108089447
2024-02-07,3.737499952316284,-0.01189691366915313,34.65304946899414,-0.011497486111697541,-0.00039942755745558944,0.00039942755745558944,0.006997907648627472,0.012433409024904881,0,1,0.0,10,8.960429894318477,-532.0,10.0,1988.3499746322632,-346.5304946899414,-23.940040588378906,4.030570983886719,Live,0.0,0.0,0.0,0.012433409024904881,2334.8804693222046,-19.909469604492188,-0.008526975948482594,0,0.0,0.0
2024-02-08,3.7054998874664307,-0.008561890370064607,34.44660568237305,-0.005957449338067966,-0.0026044410319966405,0.0026044410319966405,0.007075111817293594,0.012165904595989974,0,1,0.0,10,6.468302532920765,-532.0,10.0,1971.325940132141,-344.46605682373047,-40.96407508850098,6.095008850097656,Live,0.0,0.0,0.0,0.012165904595989974,2315.7919969558716,-34.86906623840332,-0.015057080378651885,1,-34.86906623840332,0.0
2024-02-09,3.686000108718872,-0.005262388163474241,34.023887634277344,-0.012271689466112345,0.007009301302638105,0.007009301302638105,0.007088486009041626,0.011749338554923777,1,0,-1.0,10,21.5253424483414,-532.0,10.0,1960.95205783844,-340.23887634277344,-51.33795738220215,10.322189331054688,Closed,1960.95205783844,-340.23887634277344,-41.01576805114746,0.011749338554923777,2301.1909341812134,-41.01576805114746,-0.01782371355714613,1,0.0,0.0
2024-02-10,3.686000108718872,0.0,34.023887634277344,0.0,0.0,0.0,0.007083223856536494,0.011751730977713211,1,0,0.0,10,,0.0,0.0,0.0,0.0,0.0,0.0,,0.0,0.0,0.0,0.011751730977713211,0.0,0.0,0.0,0,0.0,0.0
2024-02-11,3.686000108718872,0.0,34.023887634277344,0.0,0.0,0.0,0.007083223856536494,0.011751730977713211,1,0,0.0,10,,0.0,0.0,0.0,0.0,0.0,0.0,,0.0,0.0,0.0,0.011751730977713211,0.0,0.0,0.0,0,0.0,0.0
2024-02-12,3.7284998893737793,0.011530054096954068,34.59406661987305,0.016758196233321643,-0.005228142136367575,0.005228142136367575,0.007303382013783793,0.01203529652755821,0,0,0.0,10,13.485386853780588,0.0,0.0,0.0,0.0,0.0,0.0,,0.0,0.0,0.0,0.01203529652755821,0.0,0.0,0.0,0,0.0,0.0
2024-02-13,3.7139999866485596,-0.0038889374159684076,33.56184768676758,-0.029838033916269824,0.025949096500301416,0.025949096500301416,0.007314845433227819,0.012690686640514376,1,1,1.0,10,69.333514231763,-694.0,10.0,2577.5159907341003,-335.6184768676758,0.0,0.0,Opened,2577.5159907341003,-335.6184768676758,0.0,0.012690686640514376,2913.134467601776,0.0,0.0,0,0.0,2913.134467601776
2024-02-14,3.700500011444092,-0.003634888328755692,34.22050476074219,0.019625173206250457,-0.02326006153500615,0.02326006153500615,0.0073234952925354145,0.012950762625818393,0,0,-1.0,10,49.92848941963823,694.0,-10.0,-2568.1470079421997,342.2050476074219,9.368982791900635,6.586570739746094,Closed,-2568.1470079421997,342.2050476074219,15.955553531646729,0.012950762625818393,2910.3520555496216,15.955553531646729,0.005482344825335405,0,15.955553531646729,0.0
2024-02-15,3.756500005722046,0.015133088529866168,34.64322280883789,0.012352770686791414,0.0027803178430747533,0.0027803178430747533,0.00743775815881277,0.013005256194462269,1,0,0.0,10,7.527862879877178,0.0,0.0,0.0,0.0,0.0,0.0,,0.0,0.0,0.0,0.013005256194462269,0.0,0.0,0.0,0,0.0,0.0
2024-02-16,3.8380000591278076,0.02169574158967591,35.42967224121094,0.02270139347925837,-0.0010056518895824595,0.0010056518895824595,0.008030334839723518,0.013261940727072733,0,0,0.0,10,9.659178112983474,0.0,0.0,0.0,0.0,0.0,0.0,,0.0,0.0,0.0,0.013261940727072733,0.0,0.0,0.0,0,0.0,0.0
2024-02-17,3.8380000591278076,0.0,35.42967224121094,0.0,0.0,0.0,0.007948006752478243,0.013223036916256179,1,0,0.0,10,,0.0,0.0,0.0,0.0,0.0,0.0,,0.0,0.0,0.0,0.013223036916256179,0.0,0.0,0.0,0,0.0,0.0
2024-02-18,3.8380000591278076,0.0,35.42967224121094,0.0,0.0,0.0,0.007948006752478243,0.013223036916256179,1,0,0.0,10,,0.0,0.0,0.0,0.0,0.0,0.0,,0.0,0.0,0.0,0.013223036916256179,0.0,0.0,0.0,0,0.0,0.0
2024-02-19,3.8380000591278076,0.0,35.42967224121094,0.0,0.0,0.0,0.007948006752478243,0.013223036916256179,1,0,0.0,10,,0.0,0.0,0.0,0.0,0.0,0.0,,0.0,0.0,0.0,0.013223036916256179,0.0,0.0,0.0,0,0.0,0.0
2024-02-20,3.866499900817871,0.007425701211828617,35.321533203125,-0.003052216722461032,0.010477917934289649,0.010477917934289649,0.008020663369017422,0.01322674640500156,1,0,0.0,10,3.7549092068230383,0.0,0.0,0.0,0.0,0.0,0.0,,0.0,0.0,0.0,0.01322674640500156,0.0,0.0,0.0,0,0.0,0.0
2024-02-21,3.874500036239624,0.002069089778085953,35.36085510253906,0.001113255735189389,0.0009558340428965639,0.0009558340428965639,0.008014813459313118,0.013190805468019345,1,0,0.0,10,4.910465853334628,0.0,0.0,0.0,0.0,0.0,0.0,,0.0,0.0,0.0,0.013190805468019345,0.0,0.0,0.0,0,0.0,0.0
2024-02-22,3.8975000381469727,0.005936250275447419,35.38051986694336,0.0005561167666130462,0.005380133508834373,0.005380133508834373,0.008015251207608482,0.013161939900245575,1,0,0.0,10,0.850416872511655,0.0,0.0,0.0,0.0,0.0,0.0,,0.0,0.0,0.0,0.013161939900245575,0.0,0.0,0.0,0,0.0,0.0
2024-02-23,3.881999969482422,-0.003976925853198976,35.82289505004883,0.012503354523029087,-0.016480280376228063,0.016480280376228063,0.008011739667515675,0.013285748765683846,0,1,1.0,10,29.01243660912721,291.0,-10.0,-1129.6619911193848,358.2289505004883,0.0,0.0,Opened,-1129.6619911193848,358.2289505004883,0.0,0.013285748765683846,1487.890941619873,0.0,0.0,0,0.0,1487.890941619873
2024-02-24,3.881999969482422,0.0,35.82289505004883,0.0,0.0,0.0,0.00788564161795722,0.013285748765683846,1,0,-1.0,10,,-291.0,10.0,1129.6619911193848,-358.2289505004883,0.0,0.0,Closed,1129.6619911193848,-358.2289505004883,0.0,0.013285748765683846,1487.890941619873,0.0,0.0,0,0.0,0.0
2024-02-25,3.881999969482422,0.0,35.82289505004883,0.0,0.0,0.0,0.00788564161795722,0.013285748765683846,1,0,0.0,10,,0.0,0.0,0.0,0.0,0.0,0.0,,0.0,0.0,0.0,0.013285748765683846,0.0,0.0,0.0,0,0.0,0.0
2024-02-26,3.8239998817443848,-0.014940774908293042,35.29204177856445,-0.014818826639854454,-0.00012194826843858753,0.00012194826843858753,0.00818196186558999,0.0134465743177868,0,0,0.0,10,9.153761842658382,0.0,0.0,0.0,0.0,0.0,0.0,,0.0,0.0,0.0,0.0134465743177868,0.0,0.0,0.0,0,0.0,0.0
2024-02-27,3.8310000896453857,0.0018305983570814366,35.626285552978516,0.009470797312074897,-0.00764019895499346,0.00764019895499346,0.008183729065835341,0.013481452607068668,0,0,0.0,10,48.111827802305,0.0,0.0,0.0,0.0,0.0,0.0,,0.0,0.0,0.0,0.013481452607068668,0.0,0.0,0.0,0,0.0,0.0
2024-02-28,3.827500104904175,-0.0009135955779983052,34.947967529296875,-0.019039818862759073,0.018126223284760767,0.018126223284760767,0.00794660976851081,0.013501512684823497,1,1,1.0,10,190.2898114499203,-1903.0,10.0,7283.732699632645,-349.47967529296875,0.0,0.0,Opened,7283.732699632645,-349.47967529296875,0.0,0.013501512684823497,7633.212374925613,0.0,0.0,0,0.0,7633.212374925613
2024-02-29,3.8345000743865967,0.0018288619962290031,35.37068557739258,0.012095640404305108,-0.010266778408076105,0.010266778408076105,0.007860584034455234,0.013615685733963274,0,0,-1.0,10,61.007419962651745,1903.0,-10.0,-7297.0536415576935,353.7068557739258,-13.320941925048828,4.227180480957031,Closed,-7297.0536415576935,353.7068557739258,-9.093761444091797,0.013615685733963274,7650.760497331619,-9.093761444091797,-0.0011886088248695614,0,-9.093761444091797,0.0
2024-03-01,3.8550000190734863,0.005346184454089187,35.832725524902344,0.013062793100201642,-0.007716608646112455,0.007716608646112455,0.007889404948306518,0.013741545361156172,0,0,0.0,10,22.71159148234903,0.0,0.0,0.0,0.0,0.0,0.0,,0.0,0.0,0.0,0.013741545361156172,0.0,0.0,0.0,0,0.0,0.0
2024-03-02,3.8550000190734863,0.0,35.832725524902344,0.0,0.0,0.0,0.007753957840880723,0.013690850195069831,1,0,0.0,10,,0.0,0.0,0.0,0.0,0.0,0.0,,0.0,0.0,0.0,0.013690850195069831,0.0,0.0,0.0,0,0.0,0.0
2024-03-03,3.8550000190734863,0.0,35.832725524902344,0.0,0.0,0.0,0.007753957840880723,0.013690850195069831,1,0,0.0,10,,0.0,0.0,0.0,0.0,0.0,0.0,,0.0,0.0,0.0,0.013690850195069831,0.0,0.0,0.0,0,0.0,0.0
2024-03-04,3.8519999980926514,-0.0007782155553804904,35.96052932739258,0.003566678242251431,-0.004344893797631921,0.004344893797631921,0.007756039711956423,0.013700837915447059,0,0,0.0,10,42.786210407837906,0.0,0.0,0.0,0.0,0.0,0.0,,0.0,0.0,0.0,0.013700837915447059,0.0,0.0,0.0,0,0.0,0.0
2024-03-05,3.8440001010894775,-0.002076816460834685,35.37068557739258,-0.01640253247192036,0.014325716011085676,0.014325716011085676,0.00776498186061754,0.013894368647558547,1,1,1.0,10,72.672964443413,-727.0,10.0,2794.58807349205,-353.7068557739258,0.0,0.0,Opened,2794.58807349205,-353.7068557739258,0.0,0.013894368647558547,3148.294929265976,0.0,0.0,0,0.0,3148.294929265976
2024-03-06,3.870500087738037,0.0068938569073004885,36.687992095947266,0.03724288904924844,-0.03034903214194795,0.03034903214194795,0.007761749848944346,0.01420293727833212,0,0,-1.0,10,51.20801727463606,727.0,-10.0,-2813.853563785553,366.87992095947266,-19.265490293502808,13.173065185546875,Closed,-2813.853563785553,366.87992095947266,-6.092425107955933,0.01420293727833212,3180.7334847450256,-6.092425107955933,-0.00191541515099443,0,-6.092425107955933,0.0
2024-03-07,3.9195001125335693,0.012659869186094852,37.37614059448242,0.018756777332907593,-0.006096908146812741,0.006096908146812741,0.007819995955777445,0.013962342401159534,0,0,0.0,10,14.128393366499086,0.0,0.0,0.0,0.0,0.0,0.0,,0.0,0.0,0.0,0.013962342401159534,0.0,0.0,0.0,0,0.0,0.0
2024-03-08,3.884999990463257,-0.008802174022138676,37.39580154418945,0.0005260294239670671,-0.009328203446105743,0.009328203446105743,0.007933746018559352,0.013961848820038055,0,0,0.0,10,0.5752437533900885,0.0,0.0,0.0,0.0,0.0,0.0,,0.0,0.0,0.0,0.013961848820038055,0.0,0.0,0.0,0,0.0,0.0
2024-03-09,3.884999990463257,0.0,37.39580154418945,0.0,0.0,0.0,0.007789501162323594,0.013898338404001764,1,0,0.0,10,,0.0,0.0,0.0,0.0,0.0,0.0,,0.0,0.0,0.0,0.013898338404001764,0.0,0.0,0.0,0,0.0,0.0
2024-03-10,3.884999990463257,0.0,37.39580154418945,0.0,0.0,0.0,0.007789501162323594,0.013898338404001764,1,0,0.0,10,,0.0,0.0,0.0,0.0,0.0,0.0,,0.0,0.0,0.0,0.013898338404001764,0.0,0.0,0.0,0,0.0,0.0
2024-03-11,3.922499895095825,0.009652485128602839,37.65140151977539,0.006834991229801579,0.00281749389880126,0.00281749389880126,0.007894726641292572,0.013915919198273823,1,0,0.0,10,6.796996192567462,0.0,0.0,0.0,0.0,0.0,0.0,,0.0,0.0,0.0,0.013915919198273823,0.0,0.0,0.0,0,0.0,0.0
2024-03-12,3.924999952316284,0.0006373632344987001,37.46461486816406,-0.004960948173820978,0.005598311408319678,0.005598311408319678,0.007833444462981877,0.01347988781926396,1,0,0.0,10,74.29495065489867,0.0,0.0,0.0,0.0,0.0,0.0,,0.0,0.0,0.0,0.01347988781926396,0.0,0.0,0.0,0,0.0,0.0
2024-03-13,4.052499771118164,0.03248403066263417,39.72566604614258,0.06035164610486543,-0.027867615442231264,0.027867615442231264,0.008984463326140418,0.015541645236221334,0,1,1.0,10,18.212409080291224,183.0,-10.0,-741.607458114624,397.2566604614258,0.0,0.0,Opened,-741.607458114624,397.2566604614258,0.0,0.015541645236221334,1138.8641185760498,0.0,0.0,0,0.0,1138.8641185760498
2024-03-14,4.0370001792907715,-0.003824699001306997,39.892791748046875,0.004206995590965601,-0.008031694592272598,0.008031694592272598,0.008381740855215324,0.015007126321495805,0,1,0.0,10,10.869522242333389,-183.0,10.0,738.7710328102112,-398.92791748046875,-2.836425304412842,-1.6712570190429688,Live,0.0,0.0,0.0,0.015007126321495805,1137.69895029068,-4.5076823234558105,-0.003962104669520972,0,0.0,0.0
2024-03-15,4.112500190734863,0.018702008444635654,40.885684967041016,0.024889038231894478,-0.006187029787258824,0.006187029787258824,0.008718670712246072,0.015315979547757111,0,1,0.0,10,13.230772836093642,-183.0,10.0,752.58753490448,-408.85684967041016,10.980076789855957,-11.600189208984375,Live,0.0,0.0,0.0,0.015315979547757111,1161.4443845748901,-0.620112419128418,-0.0005339148627038138,0,0.0,0.0
2024-03-16,4.112500190734863,0.0,40.885684967041016,0.0,0.0,0.0,0.008689049623346901,0.015279554543215614,1,0,-1.0,10,,-183.0,10.0,752.58753490448,-408.85684967041016,10.980076789855957,-11.600189208984375,Closed,752.58753490448,-408.85684967041016,-0.620112419128418,0.015279554543215614,1161.4443845748901,-0.620112419128418,-0.0005339148627038138,0,-0.620112419128418,0.0
2024-03-17,4.112500190734863,0.0,40.885684967041016,0.0,0.0,0.0,0.008689049623346901,0.015279554543215614,1,0,0.0,10,,0.0,0.0,0.0,0.0,0.0,0.0,,0.0,0.0,0.0,0.015279554543215614,0.0,0.0,0.0,0,0.0,0.0
2024-03-18,4.114500045776367,0.0004862869176296414,40.374488830566406,-0.012503059124157945,0.012989346041787586,0.012989346041787586,0.008687775033013318,0.015426794570685373,1,0,0.0,10,252.2979165576584,0.0,0.0,0.0,0.0,0.0,0.0,,0.0,0.0,0.0,0.015426794570685373,0.0,0.0,0.0,0,0.0,0.0
2024-03-19,4.058499813079834,-0.013610458639809364,39.8043098449707,-0.01412225893406327,0.0005118002942539057,0.0005118002942539057,0.008915694108557606,0.015577757558545725,1,0,0.0,10,10.176442378981271,0.0,0.0,0.0,0.0,0.0,0.0,,0.0,0.0,0.0,0.015577757558545725,0.0,0.0,0.0,0,0.0,0.0
2024-03-20,4.03849983215332,-0.004927924565145236,41.08229446411133,0.03210668955492757,-0.037034614120072806,0.037034614120072806,0.008883878947849217,0.01613340990574427,0,1,1.0,10,66.27749713005807,663.0,-10.0,-2677.5253887176514,410.8229446411133,0.0,0.0,Opened,-2677.5253887176514,410.8229446411133,0.0,0.01613340990574427,3088.3483333587646,0.0,0.0,0,0.0,3088.3483333587646
2024-03-21,4.046500205993652,0.001981026166358868,41.0626335144043,-0.00047857477201540544,0.0024596009383742734,0.0024596009383742734,0.008882119998772357,0.015950342452018894,1,0,-1.0,10,2.4514713458825135,-663.0,10.0,2682.8296365737915,-410.62633514404297,5.304247856140137,0.1966094970703125,Closed,2682.8296365737915,-410.62633514404297,5.500857353210449,0.015950342452018894,3093.4559717178345,5.500857353210449,0.0017782239034602309,0,5.500857353210449,0.0
2024-03-22,3.996000051498413,-0.0124799584639681,40.590763092041016,-0.011491479770720403,-0.0009884786932476963,0.0009884786932476963,0.008871872307773383,0.015993232165117926,0,0,0.0,10,9.353293184604716,0.0,0.0,0.0,0.0,0.0,0.0,,0.0,0.0,0.0,0.015993232165117926,0.0,0.0,0.0,0,0.0,0.0
2024-03-23,3.996000051498413,0.0,40.590763092041016,0.0,0.0,0.0,0.008781194665167342,0.015507575514467535,1,0,0.0,10,,0.0,0.0,0.0,0.0,0.0,0.0,,0.0,0.0,0.0,0.015507575514467535,0.0,0.0,0.0,0,0.0,0.0
2024-03-24,3.996000051498413,0.0,40.590763092041016,0.0,0.0,0.0,0.008781194665167342,0.015507575514467535,1,0,0.0,10,,0.0,0.0,0.0,0.0,0.0,0.0,,0.0,0.0,0.0,0.015507575514467535,0.0,0.0,0.0,0,0.0,0.0
2024-03-25,4.006999969482422,0.0027527321927545145,40.40398025512695,-0.004601609397944184,0.007354341590698699,0.007354341590698699,0.008783867845585805,0.015539206191944157,1,0,0.0,10,16.85584777527695,0.0,0.0,0.0,0.0,0.0,0.0,,0.0,0.0,0.0,0.015539206191944157,0.0,0.0,0.0,0,0.0,0.0
2024-03-26,3.996000051498413,-0.0027451754598913913,40.01075744628906,-0.009732279007041433,0.006987103547150042,0.006987103547150042,0.008569287704890531,0.015310220539460889,1,0,0.0,10,35.49733350949442,0.0,0.0,0.0,0.0,0.0,0.0,,0.0,0.0,0.0,0.015310220539460889,0.0,0.0,0.0,0,0.0,0.0
2024-03-27,3.992500066757202,-0.0008758720460723124,40.7087287902832,0.017444592118284863,-0.018320464164357175,0.018320464164357175,0.008571027591866775,0.01533722341838417,0,1,1.0,10,203.07794612756393,2031.0,-10.0,-8108.767635583878,407.08728790283203,0.0,0.0,Opened,-8108.767635583878,407.08728790283203,0.0,0.01533722341838417,8515.85492348671,0.0,0.0,0,0.0,8515.85492348671
2024-03-28,4.003499984741211,0.002755145347547394,41.71146011352539,0.024631850540160594,-0.0218767051926132,0.0218767051926132,0.008365005451621551,0.015485439874889043,0,1,0.0,10,93.14683165884101,-2031.0,10.0,8131.108469009399,-417.1146011352539,22.34083342552185,-10.027313232421875,Live,0.0,0.0,0.0,0.015485439874889043,8548.223070144653,12.313520193099976,0.0014404771719289733,0,0.0,0.0
2024-03-29,4.003499984741211,0.0,41.71146011352539,0.0,0.0,0.0,0.008243458738759958,0.015431416444602442,1,0,-1.0,10,,-2031.0,10.0,8131.108469009399,-417.1146011352539,22.34083342552185,-10.027313232421875,Closed,8131.108469009399,-417.1146011352539,12.313520193099976,0.015431416444602442,8548.223070144653,12.313520193099976,0.0014404771719289733,0,12.313520193099976,0.0
2024-03-30,4.003499984741211,0.0,41.71146011352539,0.0,0.0,0.0,0.008187705188366026,0.015264843662953336,1,0,0.0,10,,0.0,0.0,0.0,0.0,0.0,0.0,,0.0,0.0,0.0,0.015264843662953336,0.0,0.0,0.0,0,0.0,0.0
2024-03-31,4.003499984741211,0.0,41.71146011352539,0.0,0.0,0.0,0.008187705188366026,0.015264843662953336,1,0,0.0,10,,0.0,0.0,0.0,0.0,0.0,0.0,,0.0,0.0,0.0,0.015264843662953336,0.0,0.0,0.0,0,0.0,0.0
2024-04-01,4.046000003814697,0.01061571605731726,42.00637435913086,0.007070340975904532,0.003545375081412727,0.003545375081412727,0.008280195806759358,0.015257935513982484,1,0,0.0,10,6.914812120081619,0.0,0.0,0.0,0.0,0.0,0.0,,0.0,0.0,0.0,0.015257935513982484,0.0,0.0,0.0,0,0.0,0.0
2024-04-02,4.070000171661377,0.005931825957501635,42.537235260009766,0.01263762724057882,-0.006705801283077184,0.006705801283077184,0.008184602086116632,0.01520049410569984,0,0,0.0,10,22.266500806417966,0.0,0.0,0.0,0.0,0.0,0.0,,0.0,0.0,0.0,0.01520049410569984,0.0,0.0,0.0,0,0.0,0.0
2024-04-03,4.192999839782715,0.030221047403820922,43.61860275268555,0.02542166847623961,0.00479937892758131,0.00479937892758131,0.009074991977238985,0.014670819240934278,1,0,0.0,10,8.750672744055933,0.0,0.0,0.0,0.0,0.0,0.0,,0.0,0.0,0.0,0.014670819240934278,0.0,0.0,0.0,0,0.0,0.0
2024-04-04,4.246500015258789,0.012759403176806794,43.81521987915039,0.004507643850483856,0.008251759326322938,0.008251759326322938,0.009145844423292299,0.014525876709245275,1,0,0.0,10,3.6451306569383295,0.0,0.0,0.0,0.0,0.0,0.0,,0.0,0.0,0.0,0.014525876709245275,0.0,0.0,0.0,0,0.0,0.0
2024-04-05,4.239500045776367,-0.0016484091504225251,43.884033203125,0.001570534717488803,-0.003218943867911328,0.003218943867911328,0.008990498814998072,0.014495358004005372,0,0,0.0,10,9.862213844072055,0.0,0.0,0.0,0.0,0.0,0.0,,0.0,0.0,0.0,0.014495358004005372,0.0,0.0,0.0,0,0.0,0.0
2024-04-06,4.239500045776367,0.0,43.884033203125,0.0,0.0,0.0,0.008556300764373002,0.01427842930888161,1,0,0.0,10,,0.0,0.0,0.0,0.0,0.0,0.0,,0.0,0.0,0.0,0.01427842930888161,0.0,0.0,0.0,0,0.0,0.0
2024-04-07,4.239500045776367,0.0,43.884033203125,0.0,0.0,0.0,0.008556300764373002,0.01427842930888161,1,0,0.0,10,,0.0,0.0,0.0,0.0,0.0,0.0,,0.0,0.0,0.0,0.01427842930888161,0.0,0.0,0.0,0,0.0,0.0
2024-04-08,4.2769999504089355,0.008845360119745127,44.729469299316406,0.01926523235177946,-0.010419872232034333,0.010419872232034333,0.008604832308667728,0.014416887505957491,0,0,0.0,10,22.777876427044767,0.0,0.0,0.0,0.0,0.0,0.0,,0.0,0.0,0.0,0.014416887505957491,0.0,0.0,0.0,0,0.0,0.0
2024-04-09,4.285999774932861,0.0021042376965809684,45.938636779785156,0.027032904691476567,-0.0249286669948956,0.0249286669948956,0.008598975293679798,0.014737577939989806,0,1,1.0,10,137.69680907957655,1377.0,-10.0,-5901.82169008255,459.38636779785156,0.0,0.0,Opened,-5901.82169008255,459.38636779785156,0.0,0.014737577939989806,6361.208057880402,0.0,0.0,0,0.0,6361.208057880402
2024-04-10,4.2820000648498535,-0.0009332035214748569,45.535579681396484,-0.008773814954953885,0.007840611433479028,0.007840611433479028,0.008577453928722382,0.014825807340392235,1,0,-1.0,10,99.98072963237318,-1377.0,10.0,5896.314089298248,-455.35579681396484,-5.507600784301758,4.030570983886719,Closed,5896.314089298248,-455.35579681396484,-1.477029800415039,0.014825807340392235,6351.669886112213,-1.477029800415039,-0.00023254196564033222,0,-1.477029800415039,0.0
2024-04-11,4.251999855041504,-0.007006120820645445,45.47659683227539,-0.0012953134567251778,-0.005710807363920267,0.005710807363920267,0.008673156503862281,0.014843255529008245,0,0,0.0,10,1.9773883509283656,0.0,0.0,0.0,0.0,0.0,0.0,,0.0,0.0,0.0,0.014843255529008245,0.0,0.0,0.0,0,0.0,0.0
2024-04-12,4.257500171661377,0.0012935834448233319,44.709808349609375,-0.016861166755596235,0.018154750200419567,0.018154750200419567,0.00865386823095111,0.015154397542013595,1,1,1.0,10,136.8804135942664,-1369.0,10.0,5828.517735004425,-447.09808349609375,0.0,0.0,Opened,5828.517735004425,-447.09808349609375,0.0,0.015154397542013595,6275.615818500519,0.0,0.0,0,0.0,6275.615818500519
2024-04-13,4.257500171661377,0.0,44.709808349609375,0.0,0.0,0.0,0.00861784427371968,0.015127864317495946,1,1,0.0,10,,1369.0,-10.0,-5828.517735004425,447.09808349609375,0.0,0.0,Live,0.0,0.0,0.0,0.015127864317495946,6275.615818500519,0.0,0.0,0,0.0,0.0
2024-04-14,4.257500171661377,0.0,44.709808349609375,0.0,0.0,0.0,0.00861784427371968,0.015127864317495946,1,1,0.0,10,,1369.0,-10.0,-5828.517735004425,447.09808349609375,0.0,0.0,Live,0.0,0.0,0.0,0.015127864317495946,6275.615818500519,0.0,0.0,0,0.0,0.0
2024-04-15,4.379000186920166,0.028537876772739335,45.034217834472656,0.007255890750560878,0.021281986022178456,0.021281986022178456,0.009400027611181753,0.0151181035107758,1,1,0.0,10,2.6147895294591215,1369.0,-10.0,-5994.851255893707,450.34217834472656,-166.33352088928223,3.2440948486328125,Live,0.0,0.0,0.0,0.0151181035107758,6445.193434238434,-163.0894260406494,-0.025304039002813902,1,-163.0894260406494,0.0
2024-04-16,4.305500030517578,-0.01678468903064423,44.385398864746094,-0.014407244111829698,-0.002377444918814531,0.002377444918814531,0.009473001953380395,0.015107368529732742,0,0,-1.0,10,8.848795238281026,1369.0,-10.0,-5894.229541778564,443.85398864746094,-65.7118067741394,-3.2440948486328125,Closed,-5894.229541778564,443.85398864746094,-68.95590162277222,0.015107368529732742,6338.083530426025,-68.95590162277222,-0.01087961389144665,0,0.0,0.0
2024-04-17,4.34250020980835,0.008593700854375275,44.61149978637695,0.005094038296689529,0.0034996625576857454,0.0034996625576857454,0.009512641091997412,0.015091866386732818,1,0,0.0,10,6.089602566205964,0.0,0.0,0.0,0.0,0.0,0.0,,0.0,0.0,0.0,0.015091866386732818,0.0,0.0,0.0,0,0.0,0.0
2024-04-18,4.440499782562256,0.02256754588809362,45.42744445800781,0.018290007633413596,0.0042775382546800245,0.0042775382546800245,0.00990932401109476,0.014818503758737696,1,0,0.0,10,8.291173542427133,0.0,0.0,0.0,0.0,0.0,0.0,,0.0,0.0,0.0,0.014818503758737696,0.0,0.0,0.0,0,0.0,0.0
2024-04-19,4.501999855041504,0.013849808690624688,45.20133972167969,-0.0049772717577615255,0.018827080448386213,0.018827080448386213,0.010024908855761063,0.014856891388016453,1,1,1.0,10,3.6082233251421543,-37.0,10.0,166.57399463653564,-452.0133972167969,0.0,0.0,Opened,166.57399463653564,-452.0133972167969,0.0,0.014856891388016453,618.5873918533325,0.0,0.0,0,0.0,618.5873918533325
2024-04-20,4.501999855041504,0.0,45.20133972167969,0.0,0.0,0.0,0.01003075150624506,0.01482745540226737,1,1,0.0,10,,37.0,-10.0,-166.57399463653564,452.0133972167969,0.0,0.0,Live,0.0,0.0,0.0,0.01482745540226737,618.5873918533325,0.0,0.0,0,0.0,0.0
2024-04-21,4.501999855041504,0.0,45.20133972167969,0.0,0.0,0.0,0.01003075150624506,0.01482745540226737,1,1,0.0,10,,37.0,-10.0,-166.57399463653564,452.0133972167969,0.0,0.0,Live,0.0,0.0,0.0,0.01482745540226737,618.5873918533325,0.0,0.0,0,0.0,0.0
2024-04-22,4.500500202178955,-0.00033310815433929,44.46403884887695,-0.016311482742382255,0.015978374588042965,0.015978374588042965,0.010033001208609685,0.015111091830009938,1,1,0.0,10,483.789346041487,37.0,-10.0,-166.51850748062134,444.64038848876953,0.05548715591430664,-7.373008728027344,Live,0.0,0.0,0.0,0.015111091830009938,611.1588959693909,-7.317521572113037,-0.01197318998442514,0,0.0,0.0
2024-04-23,4.490499973297119,-0.0022220260932316327,43.64809799194336,-0.018350578986015886,0.016128552892784254,0.016128552892784254,0.010046606223497036,0.01545088448266303,1,1,0.0,10,80.27332316971945,37.0,-10.0,-166.1484990119934,436.4809799194336,0.42549562454223633,-15.532417297363281,Live,0.0,0.0,0.0,0.01545088448266303,602.629478931427,-15.106921672821045,-0.025068341660962883,1,-15.106921672821045,0.0
2024-04-24,4.4670000076293945,-0.005233262622752033,43.84471130371094,0.004504510409683027,-0.00973777303243506,0.00973777303243506,0.0100897586170658,0.015167850951983336,0,0,-1.0,10,8.448436162347384,37.0,-10.0,-165.2790002822876,438.4471130371094,1.2949943542480469,-13.5662841796875,Closed,-165.2790002822876,438.4471130371094,-12.271289825439453,0.015167850951983336,603.726113319397,-12.271289825439453,-0.020325921895227705,1,0.0,0.0
2024-04-25,4.570499897003174,0.02316988788829355,45.20133972167969,0.030941666112736632,-0.007771778224443082,0.007771778224443082,0.010471375642765193,0.014913579132823356,0,0,0.0,10,13.207096970626061,0.0,0.0,0.0,0.0,0.0,0.0,,0.0,0.0,0.0,0.014913579132823356,0.0,0.0,0.0,0,0.0,0.0
2024-04-26,4.568999767303467,-0.000328220048903316,46.71525955200195,0.033492808833631704,-0.03382102888253502,0.03382102888253502,0.01039739677339222,0.015344690123850594,0,1,1.0,10,1043.335764956156,10434.0,-10.0,-47672.94357204437,467.15259552001953,0.0,0.0,Opened,-47672.94357204437,467.15259552001953,0.0,0.015344690123850594,48140.09616756439,0.0,0.0,0,0.0,48140.09616756439
2024-04-27,4.568999767303467,0.0,46.71525955200195,0.0,0.0,0.0,0.010265027130397788,0.015347709284665112,1,0,-1.0,10,,-10434.0,10.0,47672.94357204437,-467.15259552001953,0.0,0.0,Closed,47672.94357204437,-467.15259552001953,0.0,0.015347709284665112,48140.09616756439,0.0,0.0,0,0.0,0.0
2024-04-28,4.568999767303467,0.0,46.71525955200195,0.0,0.0,0.0,0.010265027130397788,0.015347709284665112,1,0,0.0,10,,0.0,0.0,0.0,0.0,0.0,0.0,,0.0,0.0,0.0,0.015347709284665112,0.0,0.0,0.0,0,0.0,0.0
2024-04-29,4.658999919891357,0.019697998943214445,47.206790924072266,0.010521858955383934,0.009176139987830512,0.009176139987830512,0.010510851498860106,0.015355850509077746,1,0,0.0,10,5.412303492848421,0.0,0.0,0.0,0.0,0.0,0.0,,0.0,0.0,0.0,0.015355850509077746,0.0,0.0,0.0,0,0.0,0.0
2024-04-30,4.564499855041504,-0.020283336869440727,44.994895935058594,-0.04685544062021285,0.026572103750772125,0.026572103750772125,0.011005463578216768,0.016998852797879008,1,1,1.0,10,22.77144953132593,-228.0,10.0,1040.705966949463,-449.94895935058594,0.0,0.0,Opened,1040.705966949463,-449.94895935058594,0.0,0.016998852797879008,1490.6549263000488,0.0,0.0,0,0.0,1490.6549263000488
2024-05-01,4.552499771118164,-0.002629003024304133,44.798282623291016,-0.004369680331105852,0.001740677306801719,0.001740677306801719,0.011030016619817914,0.016992902101975522,1,1,0.0,10,16.355733057273433,228.0,-10.0,-1037.9699478149414,447.98282623291016,2.7360191345214844,-1.9661331176757812,Live,0.0,0.0,0.0,0.016992902101975522,1485.9527740478516,0.7698860168457031,0.0005181093439117001,0,0.0,0.0
2024-05-02,4.49399995803833,-0.012850041959577174,44.926082611083984,0.002852787658572442,-0.015702829618149616,0.015702829618149616,0.010404968254731473,0.014898916668297598,0,0,-1.0,10,2.2193734615195133,228.0,-10.0,-1024.6319904327393,449.26082611083984,16.073976516723633,-0.6881332397460938,Closed,-1024.6319904327393,449.26082611083984,15.385843276977539,0.014898916668297598,1473.892816543579,15.385843276977539,0.010438915981054054,0,15.385843276977539,0.0
2024-05-03,4.573500156402588,0.017690297976540315,45.850162506103516,0.020568895423602962,-0.0028785974470626474,0.0028785974470626474,0.010597085534014637,0.015113694365488596,0,0,0.0,10,11.656495567928902,0.0,0.0,0.0,0.0,0.0,0.0,,0.0,0.0,0.0,0.015113694365488596,0.0,0.0,0.0,0,0.0,0.0
2024-05-04,4.573500156402588,0.0,45.850162506103516,0.0,0.0,0.0,0.010342458440643715,0.014780873253503302,1,0,0.0,10,,0.0,0.0,0.0,0.0,0.0,0.0,,0.0,0.0,0.0,0.014780873253503302,0.0,0.0,0.0,0,0.0,0.0
2024-05-05,4.573500156402588,0.0,45.850162506103516,0.0,0.0,0.0,0.010342458440643715,0.014780873253503302,1,0,0.0,10,,0.0,0.0,0.0,0.0,0.0,0.0,,0.0,0.0,0.0,0.014780873253503302,0.0,0.0,0.0,0,0.0,0.0
2024-05-06,4.634500026702881,0.013337677536732429,46.54813766479492,0.015222959320994711,-0.0018852817842622827,0.0018852817842622827,0.010456478602704088,0.01488679809339116,0,0,0.0,10,11.4635279604034,0.0,0.0,0.0,0.0,0.0,0.0,,0.0,0.0,0.0,0.01488679809339116,0.0,0.0,0.0,0,0.0,0.0
2024-05-07,4.625500202178955,-0.0019419191869826102,46.60712432861328,0.0012672185564788219,-0.003209137743461432,0.003209137743461432,0.010471394234259884,0.014726195960548428,0,0,0.0,10,6.575275807174853,0.0,0.0,0.0,0.0,0.0,0.0,,0.0,0.0,0.0,0.014726195960548428,0.0,0.0,0.0,0,0.0,0.0
2024-05-08,4.561999797821045,-0.01372833241429694,46.007450103759766,-0.012866578521888328,-0.0008617538924086121,0.0008617538924086121,0.010475084338599347,0.014697475201919491,0,0,0.0,10,9.451879805842331,0.0,0.0,0.0,0.0,0.0,0.0,,0.0,0.0,0.0,0.014697475201919491,0.0,0.0,0.0,0,0.0,0.0
2024-05-09,4.607500076293945,0.009973757231342528,47.098655700683594,0.023718019461257844,-0.013744262229915316,0.013744262229915316,0.010474469246008911,0.014403452754897695,0,0,0.0,10,24.30875903465235,0.0,0.0,0.0,0.0,0.0,0.0,,0.0,0.0,0.0,0.014403452754897695,0.0,0.0,0.0,0,0.0,0.0
2024-05-10,4.69350004196167,0.018665211989947306,47.1674690246582,0.0014610464555915303,0.017204165534355775,0.017204165534355775,0.01071432783812523,0.014396946286696258,1,1,1.0,10,0.7866414833141679,-8.0,10.0,37.54800033569336,-471.67469024658203,0.0,0.0,Opened,37.54800033569336,-471.67469024658203,0.0,0.014396946286696258,509.2226905822754,0.0,0.0,0,0.0,509.2226905822754
2024-05-11,4.69350004196167,0.0,47.1674690246582,0.0,0.0,0.0,0.010488702508220583,0.014253893151123563,1,1,0.0,10,,8.0,-10.0,-37.54800033569336,471.67469024658203,0.0,0.0,Live,0.0,0.0,0.0,0.014253893151123563,509.2226905822754,0.0,0.0,0,0.0,0.0
2024-05-12,4.69350004196167,0.0,47.1674690246582,0.0,0.0,0.0,0.010488702508220583,0.014253893151123563,1,1,0.0,10,,8.0,-10.0,-37.54800033569336,471.67469024658203,0.0,0.0,Live,0.0,0.0,0.0,0.014253893151123563,509.2226905822754,0.0,0.0,0,0.0,0.0
2024-05-13,4.804500102996826,0.023649741140465252,47.47222137451172,0.006461070652194589,0.017188670488270663,0.017188670488270663,0.010864455312370002,0.014254434231115783,1,1,0.0,10,2.699413688123192,8.0,-10.0,-38.43600082397461,474.7222137451172,-0.88800048828125,3.0475234985351562,Live,0.0,0.0,0.0,0.014254434231115783,513.1582145690918,2.1595230102539062,0.004208298627875024,0,0.0,0.0
2024-05-14,4.953499794006348,0.03101252738377136,48.86817169189453,0.029405624530818963,0.0016069028529523965,0.0016069028529523965,0.011526452013999763,0.014677834639904694,1,1,0.0,10,9.3542115746962,8.0,-10.0,-39.62799835205078,488.6817169189453,-2.079998016357422,17.00702667236328,Live,0.0,0.0,0.0,0.014677834639904694,528.3097152709961,14.92702865600586,0.02825431413531559,0,0.0,0.0
2024-05-15,4.9695000648498535,0.0032300941776288727,48.838680267333984,-0.0006034894193809315,0.0038335835970098042,0.0038335835970098042,0.011482655456305137,0.014560900705382403,1,1,0.0,10,1.836139589018839,8.0,-10.0,-39.75600051879883,488.38680267333984,-2.2080001831054688,16.712112426757812,Live,0.0,0.0,0.0,0.014560900705382403,528.1428031921387,14.504112243652344,0.027462482033246107,0,0.0,0.0
2024-05-16,4.892000198364258,-0.015595103224520734,48.52410125732422,-0.006441185721805298,-0.009153917502715436,0.009153917502715436,0.0118057037797177,0.0145058535812749,0,0,-1.0,10,4.096836217754274,8.0,-10.0,-39.13600158691406,485.2410125732422,-1.5880012512207031,13.566322326660156,Closed,-39.13600158691406,485.2410125732422,11.978321075439453,0.0145058535812749,524.3770141601562,11.978321075439453,0.0228429560258738,0,11.978321075439453,0.0
2024-05-17,5.057000160217285,0.0337285272204606,50.794979095458984,0.04679896750879031,-0.01307044028832971,0.01307044028832971,0.012522429926918257,0.01546793510908994,0,0,0.0,10,13.936916958692866,0.0,0.0,0.0,0.0,0.0,0.0,,0.0,0.0,0.0,0.01546793510908994,0.0,0.0,0.0,0,0.0,0.0
2024-05-18,5.057000160217285,0.0,50.794979095458984,0.0,0.0,0.0,0.012522429926918257,0.01546793510908994,1,0,0.0,10,,0.0,0.0,0.0,0.0,0.0,0.0,,0.0,0.0,0.0,0.01546793510908994,0.0,0.0,0.0,0,0.0,0.0
2024-05-19,5.057000160217285,0.0,50.794979095458984,0.0,0.0,0.0,0.012522429926918257,0.01546793510908994,1,0,0.0,10,,0.0,0.0,0.0,0.0,0.0,0.0,,0.0,0.0,0.0,0.01546793510908994,0.0,0.0,0.0,0,0.0,0.0
2024-05-20,5.087500095367432,0.006031230805584098,51.82720184326172,0.020321353924821484,-0.014290123119237386,0.014290123119237386,0.012504686553388308,0.015625123293212237,0,0,0.0,10,34.324168295273566,0.0,0.0,0.0,0.0,0.0,0.0,,0.0,0.0,0.0,0.015625123293212237,0.0,0.0,0.0,0,0.0,0.0
2024-05-21,5.11899995803833,0.006191619082146271,50.83430099487305,-0.019157909612628754,0.025349528694775025,0.025349528694775025,0.01247889715633278,0.015972496944912727,1,1,1.0,10,30.726678759452984,-308.0,10.0,1576.6519870758057,-508.34300994873047,0.0,0.0,Opened,1576.6519870758057,-508.34300994873047,0.0,0.015972496944912727,2084.994997024536,0.0,0.0,0,0.0,2084.994997024536
2024-05-22,4.867499828338623,-0.04913071532746904,47.45256042480469,-0.06652477763802489,0.017394062310555847,0.017394062310555847,0.014621809763106623,0.018771614148666786,1,1,0.0,10,13.200307561611432,308.0,-10.0,-1499.189947128296,474.5256042480469,77.46203994750977,-33.817405700683594,Live,0.0,0.0,0.0,0.018771614148666786,1973.7155513763428,43.64463424682617,0.022112930212457006,0,0.0,0.0
2024-05-23,4.816500186920166,-0.010477584636271908,46.951194763183594,-0.01056561873864692,8.803410237501197e-05,8.803410237501197e-05,0.01424262863690493,0.018558177130626373,1,1,0.0,10,9.829893761075526,308.0,-10.0,-1483.4820575714111,469.51194763183594,93.16992950439453,-38.83106231689453,Live,0.0,0.0,0.0,0.018558177130626373,1952.994005203247,54.3388671875,0.027823366094687517,0,0.0,0.0
2024-05-24,4.778500080108643,-0.007889568221074228,47.83595657348633,0.01884428745137101,-0.02673385567244524,0.02673385567244524,0.014249570988152674,0.01871343147593692,0,0,-1.0,10,23.910538095464954,308.0,-10.0,-1471.778024673462,478.3595657348633,104.87396240234375,-29.983444213867188,Closed,-1471.778024673462,478.3595657348633,74.89051818847656,0.01871343147593692,1950.1375904083252,74.89051818847656,0.03840268428075159,0,74.89051818847656,0.0
2024-05-25,4.778500080108643,0.0,47.83595657348633,0.0,0.0,0.0,0.014241769076096415,0.018715366167599196,1,0,0.0,10,,0.0,0.0,0.0,0.0,0.0,0.0,,0.0,0.0,0.0,0.018715366167599196,0.0,0.0,0.0,0,0.0,0.0
2024-05-26,4.778500080108643,0.0,47.83595657348633,0.0,0.0,0.0,0.014241769076096415,0.018715366167599196,1,0,0.0,10,,0.0,0.0,0.0,0.0,0.0,0.0,,0.0,0.0,0.0,0.018715366167599196,0.0,0.0,0.0,0,0.0,0.0
2024-05-27,4.778500080108643,0.0,47.83595657348633,0.0,0.0,0.0,0.014241769076096415,0.018715366167599196,1,0,0.0,10,,0.0,0.0,0.0,0.0,0.0,0.0,,0.0,0.0,0.0,0.018715366167599196,0.0,0.0,0.0,0,0.0,0.0
2024-05-28,4.875500202178955,0.020299282294478305,49.222076416015625,0.02897652606569956,-0.008677243771221255,0.008677243771221255,0.014436764247978712,0.018948209806333795,0,0,0.0,10,14.411407082070788,0.0,0.0,0.0,0.0,0.0,0.0,,0.0,0.0,0.0,0.018948209806333795,0.0,0.0,0.0,0,0.0,0.0
2024-05-29,4.805500030517578,-0.0143575364082833,47.90476989746094,-0.02676251419019915,0.012404977781915849,0.012404977781915849,0.014637526104427112,0.019030322715251506,1,0,0.0,10,18.58177334712617,0.0,0.0,0.0,0.0,0.0,0.0,,0.0,0.0,0.0,0.019030322715251506,0.0,0.0,0.0,0,0.0,0.0
2024-05-30,4.671999931335449,-0.027780688447472612,47.56069564819336,-0.007182463249569171,-0.02059822519790344,0.02059822519790344,0.015242081168758574,0.019014937640686604,0,1,1.0,10,2.6319387546587065,27.0,-10.0,-126.14399814605713,475.6069564819336,0.0,0.0,Opened,-126.14399814605713,475.6069564819336,0.0,0.019014937640686604,601.7509546279907,0.0,0.0,0,0.0,601.7509546279907
2024-05-31,4.610000133514404,-0.013270504865637411,47.3739128112793,-0.0039272519959694385,-0.009343252869667973,0.009343252869667973,0.015341857746952754,0.01902520097124122,0,1,0.0,10,3.041162607446526,-27.0,10.0,124.47000360488892,-473.73912811279297,-1.673994541168213,1.867828369140625,Live,0.0,0.0,0.0,0.01902520097124122,598.2091317176819,0.1938338279724121,0.0003240235190256003,0,0.0,0.0
2024-06-01,4.610000133514404,0.0,47.3739128112793,0.0,0.0,0.0,0.015343705675638707,0.01885084279675541,1,0,-1.0,10,,-27.0,10.0,124.47000360488892,-473.73912811279297,-1.673994541168213,1.867828369140625,Closed,124.47000360488892,-473.73912811279297,0.1938338279724121,0.01885084279675541,598.2091317176819,0.1938338279724121,0.0003240235190256003,0,0.1938338279724121,0.0
2024-06-02,4.610000133514404,0.0,47.3739128112793,0.0,0.0,0.0,0.015343705675638707,0.01885084279675541,1,0,0.0,10,,0.0,0.0,0.0,0.0,0.0,0.0,,0.0,0.0,0.0,0.01885084279675541,0.0,0.0,0.0,0,0.0,0.0
2024-06-03,4.677000045776367,0.014533603106619886,46.941368103027344,-0.009130440839350884,0.02366404394597077,0.02366404394597077,0.015448000567696431,0.018908164556482882,1,1,1.0,10,6.305315460163922,-64.0,10.0,299.3280029296875,-469.41368103027344,0.0,0.0,Opened,299.3280029296875,-469.41368103027344,0.0,0.018908164556482882,768.7416839599609,0.0,0.0,0,0.0,768.7416839599609
2024-06-04,4.547999858856201,-0.027581822890222485,44.69014358520508,-0.04795822126192095,0.020376398371698468,0.020376398371698468,0.015518957044534914,0.020117980632153698,1,1,0.0,10,17.085646203369546,64.0,-10.0,-291.0719909667969,446.9014358520508,8.256011962890625,-22.512245178222656,Live,0.0,0.0,0.0,0.020117980632153698,737.9734268188477,-14.256233215332031,-0.019318084767341558,0,0.0,0.0
2024-06-05,4.619500160217285,0.015721262880396436,45.73219680786133,0.02331729412928607,-0.007596031248889634,0.007596031248889634,0.0154447044949576,0.020271645237772615,0,0,-1.0,10,14.683101419697893,64.0,-10.0,-295.64801025390625,457.3219680786133,3.67999267578125,-12.091712951660156,Closed,-295.64801025390625,457.3219680786133,-8.411720275878906,0.020271645237772615,752.9699783325195,-8.411720275878906,-0.011171388658160022,0,-8.411720275878906,0.0
2024-06-06,4.690999984741211,0.015477827047106985,46.577632904052734,0.018486671430707924,-0.0030088443836009393,0.0030088443836009393,0.015539387860846365,0.020417475521989043,0,0,0.0,10,11.859345324573669,0.0,0.0,0.0,0.0,0.0,0.0,,0.0,0.0,0.0,0.020417475521989043,0.0,0.0,0.0,0,0.0,0.0
2024-06-07,4.494500160217285,-0.04188868581605121,44.69014358520508,-0.04052351313635405,-0.0013651726796971575,0.0013651726796971575,0.01641858684806891,0.021088264164329545,0,0,0.0,10,9.619238734168473,0.0,0.0,0.0,0.0,0.0,0.0,,0.0,0.0,0.0,0.021088264164329545,0.0,0.0,0.0,0,0.0,0.0
2024-06-08,4.494500160217285,0.0,44.69014358520508,0.0,0.0,0.0,0.016303034254986828,0.02107654891789949,1,0,0.0,10,,0.0,0.0,0.0,0.0,0.0,0.0,,0.0,0.0,0.0,0.02107654891789949,0.0,0.0,0.0,0,0.0,0.0
2024-06-09,4.494500160217285,0.0,44.69014358520508,0.0,0.0,0.0,0.016303034254986828,0.02107654891789949,1,0,0.0,10,,0.0,0.0,0.0,0.0,0.0,0.0,,0.0,0.0,0.0,0.02107654891789949,0.0,0.0,0.0,0,0.0,0.0
2024-06-10,4.55649995803833,0.013794592415377283,45.378292083740234,0.015398216325332559,-0.0016036239099552763,0.0016036239099552763,0.016417663842445765,0.02118885641276322,0,0,0.0,10,11.116762288148658,0.0,0.0,0.0,0.0,0.0,0.0,,0.0,0.0,0.0,0.02118885641276322,0.0,0.0,0.0,0,0.0,0.0
2024-06-11,4.5229997634887695,-0.0073521770784747975,44.29692077636719,-0.023830145598637942,0.016477968520163144,0.016477968520163144,0.016453799572057386,0.021335328249208887,1,0,0.0,10,31.74371199926787,0.0,0.0,0.0,0.0,0.0,0.0,,0.0,0.0,0.0,0.021335328249208887,0.0,0.0,0.0,0,0.0,0.0
2024-06-12,4.581500053405762,0.012933958208273033,44.42471694946289,0.002884989991536413,0.01004896821673662,0.01004896821673662,0.016546984896726985,0.021170250079394517,1,0,0.0,10,2.162867082314059,0.0,0.0,0.0,0.0,0.0,0.0,,0.0,0.0,0.0,0.021170250079394517,0.0,0.0,0.0,0,0.0,0.0
2024-06-13,4.507500171661377,-0.0161518893117496,43.657928466796875,-0.017260402211190407,0.0011085128994408056,0.0011085128994408056,0.01669605762717141,0.02131109660395075,1,0,0.0,10,10.350348071818054,0.0,0.0,0.0,0.0,0.0,0.0,,0.0,0.0,0.0,0.02131109660395075,0.0,0.0,0.0,0,0.0,0.0
2024-06-14,4.551000118255615,0.009650570147001325,43.56945037841797,-0.0020266213145270218,0.011677191461528347,0.011677191461528347,0.016425709306382014,0.020843522769654548,1,0,0.0,10,2.0104573701293122,0.0,0.0,0.0,0.0,0.0,0.0,,0.0,0.0,0.0,0.020843522769654548,0.0,0.0,0.0,0,0.0,0.0
2024-06-15,4.551000118255615,0.0,43.56945037841797,0.0,0.0,0.0,0.016425621611176493,0.020258106321992417,1,0,0.0,10,,0.0,0.0,0.0,0.0,0.0,0.0,,0.0,0.0,0.0,0.020258106321992417,0.0,0.0,0.0,0,0.0,0.0
2024-06-16,4.551000118255615,0.0,43.56945037841797,0.0,0.0,0.0,0.016425621611176493,0.020258106321992417,1,0,0.0,10,,0.0,0.0,0.0,0.0,0.0,0.0,,0.0,0.0,0.0,0.020258106321992417,0.0,0.0,0.0,0,0.0,0.0
2024-06-17,4.521500110626221,-0.006482093355932861,43.205718994140625,-0.008348312432637783,0.0018662190767049225,0.0018662190767049225,0.01645161817512525,0.020282490366098905,1,0,0.0,10,12.306713870098413,0.0,0.0,0.0,0.0,0.0,0.0,,0.0,0.0,0.0,0.020282490366098905,0.0,0.0,0.0,0,0.0,0.0
2024-06-18,4.561999797821045,0.008957135066665955,43.85454177856445,0.015017057915685195,-0.006059922849019239,0.006059922849019239,0.016257132076079477,0.02034607996543916,0,0,0.0,10,16.116660164393355,0.0,0.0,0.0,0.0,0.0,0.0,,0.0,0.0,0.0,0.02034607996543916,0.0,0.0,0.0,0,0.0,0.0
2024-06-19,4.561999797821045,0.0,43.85454177856445,0.0,0.0,0.0,0.015999078376647,0.019253169222030644,1,0,0.0,10,,0.0,0.0,0.0,0.0,0.0,0.0,,0.0,0.0,0.0,0.019253169222030644,0.0,0.0,0.0,0,0.0,0.0
2024-06-20,4.618000030517578,0.012275369394641578,45.250492095947266,0.03183137391861046,-0.019556004523968884,0.019556004523968884,0.016085514140236484,0.01977182689883417,0,0,0.0,10,25.409153058519035,0.0,0.0,0.0,0.0,0.0,0.0,,0.0,0.0,0.0,0.01977182689883417,0.0,0.0,0.0,0,0.0,0.0
2024-06-21,4.49399995803833,-0.026851466362019516,44.4542121887207,-0.01759715464614542,-0.009254311715874097,0.009254311715874097,0.016439115180933543,0.01993081103297841,0,0,0.0,10,6.4826757143178915,0.0,0.0,0.0,0.0,0.0,0.0,,0.0,0.0,0.0,0.01993081103297841,0.0,0.0,0.0,0,0.0,0.0
2024-06-22,4.49399995803833,0.0,44.4542121887207,0.0,0.0,0.0,0.01624273655883243,0.019708325509219974,1,0,0.0,10,,0.0,0.0,0.0,0.0,0.0,0.0,,0.0,0.0,0.0,0.019708325509219974,0.0,0.0,0.0,0,0.0,0.0
2024-06-23,4.49399995803833,0.0,44.4542121887207,0.0,0.0,0.0,0.01624273655883243,0.019708325509219974,1,0,0.0,10,,0.0,0.0,0.0,0.0,0.0,0.0,,0.0,0.0,0.0,0.019708325509219974,0.0,0.0,0.0,0,0.0,0.0
2024-06-24,4.5269999504089355,0.00734312253643421,45.50608825683594,0.023662011231910363,-0.016318888695476153,0.016318888695476153,0.016277928450716097,0.020000680532413186,0,0,0.0,10,32.39141316867427,0.0,0.0,0.0,0.0,0.0,0.0,,0.0,0.0,0.0,0.020000680532413186,0.0,0.0,0.0,0,0.0,0.0
2024-06-25,4.38100004196167,-0.03225091894115817,44.69997787475586,-0.01771434137626593,-0.014536577564892239,0.014536577564892239,0.01678041902454334,0.0200330420362577,0,0,0.0,10,5.604243114531924,0.0,0.0,0.0,0.0,0.0,0.0,,0.0,0.0,0.0,0.0200330420362577,0.0,0.0,0.0,0,0.0,0.0
2024-06-26,4.367499828338623,-0.0030815369764300993,45.02438735961914,0.007257486475099384,-0.010339023451529483,0.010339023451529483,0.01678251880836232,0.02006239664598022,0,0,0.0,10,24.279166163496484,0.0,0.0,0.0,0.0,0.0,0.0,,0.0,0.0,0.0,0.02006239664598022,0.0,0.0,0.0,0,0.0,0.0
2024-06-27,4.328499794006348,-0.00892960180083413,44.46110153198242,-0.012510682780370486,0.003581080979536355,0.003581080979536355,0.01672190212973264,0.0200579791792739,1,0,0.0,10,14.391025296370042,0.0,0.0,0.0,0.0,0.0,0.0,,0.0,0.0,0.0,0.0200579791792739,0.0,0.0,0.0,0,0.0,0.0
2024-06-28,4.390500068664551,0.014323732842509207,44.50056076049805,0.0008875000203771855,0.013436232822132022,0.013436232822132022,0.0167908675118828,0.0197533264956016,1,0,0.0,10,0.6280058001807406,0.0,0.0,0.0,0.0,0.0,0.0,,0.0,0.0,0.0,0.0197533264956016,0.0,0.0,0.0,0,0.0,0.0
2024-06-29,4.390500068664551,0.0,44.50056076049805,0.0,0.0,0.0,0.01655453015320837,0.019750781036797133,1,0,0.0,10,,0.0,0.0,0.0,0.0,0.0,0.0,,0.0,0.0,0.0,0.019750781036797133,0.0,0.0,0.0,0,0.0,0.0
2024-06-30,4.390500068664551,0.0,44.50056076049805,0.0,0.0,0.0,0.01655453015320837,0.019750781036797133,1,0,0.0,10,,0.0,0.0,0.0,0.0,0.0,0.0,,0.0,0.0,0.0,0.019750781036797133,0.0,0.0,0.0,0,0.0,0.0
2024-07-01,4.426499843597412,0.00819947030403112,44.85569763183594,0.007980503285098806,0.00021896701893231452,0.00021896701893231452,0.016607171664166358,0.019790987297503056,1,0,0.0,10,9.86283223075671,0.0,0.0,0.0,0.0,0.0,0.0,,0.0,0.0,0.0,0.019790987297503056,0.0,0.0,0.0,0,0.0,0.0
2024-07-02,4.429500102996826,0.0006777949859759769,45.023399353027344,0.003738693857084918,-0.0030608988711089413,0.0030608988711089413,0.01622367984233729,0.019774311277462618,0,0,0.0,10,56.06671594617389,0.0,0.0,0.0,0.0,0.0,0.0,,0.0,0.0,0.0,0.019774311277462618,0.0,0.0,0.0,0,0.0,0.0
2024-07-03,4.540999889373779,0.02517209251254271,46.58205795288086,0.03461885646688101,-0.0094467639543383,0.0094467639543383,0.016004404905787816,0.019950140450578382,0,0,0.0,10,14.107841733455077,0.0,0.0,0.0,0.0,0.0,0.0,,0.0,0.0,0.0,0.019950140450578382,0.0,0.0,0.0,0,0.0,0.0
2024-07-04,4.540999889373779,0.0,46.58205795288086,0.0,0.0,0.0,0.015990980114736215,0.01995042015849642,1,0,0.0,10,,0.0,0.0,0.0,0.0,0.0,0.0,,0.0,0.0,0.0,0.01995042015849642,0.0,0.0,0.0,0,0.0,0.0
2024-07-05,4.6585001945495605,0.025875425685593978,47.400840759277344,0.017577214111594408,0.00829821157399957,0.00829821157399957,0.016326227270074586,0.02009916517904505,1,0,0.0,10,6.911979902341096,0.0,0.0,0.0,0.0,0.0,0.0,,0.0,0.0,0.0,0.02009916517904505,0.0,0.0,0.0,0,0.0,0.0
2024-07-06,4.6585001945495605,0.0,47.400840759277344,0.0,0.0,0.0,0.015546715589970072,0.01891753054395021,1,0,0.0,10,,0.0,0.0,0.0,0.0,0.0,0.0,,0.0,0.0,0.0,0.01891753054395021,0.0,0.0,0.0,0,0.0,0.0
2024-07-07,4.6585001945495605,0.0,47.400840759277344,0.0,0.0,0.0,0.015546715589970072,0.01891753054395021,1,0,0.0,10,,0.0,0.0,0.0,0.0,0.0,0.0,,0.0,0.0,0.0,0.01891753054395021,0.0,0.0,0.0,0,0.0,0.0
2024-07-08,4.622000217437744,-0.00783513482612308,46.473541259765625,-0.019562933582148,0.01172779875602492,0.01172779875602492,0.015570547023683178,0.019093596468510082,1,0,0.0,10,25.105178378022377,0.0,0.0,0.0,0.0,0.0,0.0,,0.0,0.0,0.0,0.019093596468510082,0.0,0.0,0.0,0,0.0,0.0
2024-07-09,4.578000068664551,-0.009519720186769165,46.57218933105469,0.0021226717098588033,-0.011642391896627968,0.011642391896627968,0.015568746300012494,0.018839034776694002,0,0,0.0,10,2.2683470864263047,0.0,0.0,0.0,0.0,0.0,0.0,,0.0,0.0,0.0,0.018839034776694002,0.0,0.0,0.0,0,0.0,0.0
2024-07-10,4.607500076293945,0.006443863518333259,46.81881332397461,0.0052955207058620335,0.0011483428124712258,0.0011483428124712258,0.015571491570102142,0.018700349096368262,1,0,0.0,10,8.35059435916035,0.0,0.0,0.0,0.0,0.0,0.0,,0.0,0.0,0.0,0.018700349096368262,0.0,0.0,0.0,0,0.0,0.0
2024-07-11,4.508500099182129,-0.0214867011334805,46.63138198852539,-0.004003333748598847,-0.017483367384881654,0.017483367384881654,0.014302349182280518,0.016182401723576635,0,1,1.0,10,1.927073404011023,20.0,-10.0,-90.17000198364258,466.3138198852539,0.0,0.0,Opened,-90.17000198364258,466.3138198852539,0.0,0.016182401723576635,556.4838218688965,0.0,0.0,0,0.0,556.4838218688965
2024-07-12,4.598499774932861,0.019962221087021614,47.321922302246094,0.01480848913915156,0.005153731947870055,0.005153731947870055,0.014554997387323446,0.01624907538042882,1,0,-1.0,10,7.633928685209634,-20.0,10.0,91.96999549865723,-473.21922302246094,1.7999935150146484,-6.905403137207031,Closed,91.96999549865723,-473.21922302246094,-5.105409622192383,0.01624907538042882,565.1892185211182,-5.105409622192383,-0.00903309804024795,0,-5.105409622192383,0.0
2024-07-13,4.598499774932861,0.0,47.321922302246094,0.0,0.0,0.0,0.014519529343442977,0.016026897182368487,1,0,0.0,10,,0.0,0.0,0.0,0.0,0.0,0.0,,0.0,0.0,0.0,0.016026897182368487,0.0,0.0,0.0,0,0.0,0.0
2024-07-14,4.598499774932861,0.0,47.321922302246094,0.0,0.0,0.0,0.014519529343442977,0.016026897182368487,1,0,0.0,10,,0.0,0.0,0.0,0.0,0.0,0.0,,0.0,0.0,0.0,0.016026897182368487,0.0,0.0,0.0,0,0.0,0.0
2024-07-15,4.5289998054504395,-0.015113618111123328,46.45381164550781,-0.018344788514583987,0.003231170403460659,0.003231170403460659,0.014662053358735666,0.016233453427825506,1,0,0.0,10,12.449827032461803,0.0,0.0,0.0,0.0,0.0,0.0,,0.0,0.0,0.0,0.016233453427825506,0.0,0.0,0.0,0,0.0,0.0
2024-07-16,4.443999767303467,-0.01876794917162039,45.95070266723633,-0.010830305640164517,-0.007937643531455874,0.007937643531455874,0.014875504842637336,0.01629936039862746,0,0,0.0,10,5.966807455785034,0.0,0.0,0.0,0.0,0.0,0.0,,0.0,0.0,0.0,0.01629936039862746,0.0,0.0,0.0,0,0.0,0.0
2024-07-17,4.39900016784668,-0.010125923000237291,44.54002380371094,-0.03069983224720585,0.020573909246968558,0.020573909246968558,0.014591790895594753,0.016268834369839343,1,1,1.0,10,30.69713527447456,-307.0,10.0,1350.4930515289307,-445.4002380371094,0.0,0.0,Opened,1350.4930515289307,-445.4002380371094,0.0,0.016268834369839343,1795.89328956604,0.0,0.0,0,0.0,1795.89328956604
2024-07-18,4.265999794006348,-0.03023422795308417,42.81366729736328,-0.03875966734898384,0.00852543939589967,0.00852543939589967,0.01503337501811599,0.016725568522273873,1,1,0.0,10,12.865976614432299,307.0,-10.0,-1309.6619367599487,428.1366729736328,40.831114768981934,-17.263565063476562,Live,0.0,0.0,0.0,0.016725568522273873,1737.7986097335815,23.56754970550537,0.013561726642834905,0,0.0,0.0
2024-07-19,4.218999862670898,-0.01101733089661261,42.72488021850586,-0.0020738022333089967,-0.008943528663303613,0.008943528663303613,0.014634404604260368,0.01670952395610418,0,0,-1.0,10,1.90617288334842,307.0,-10.0,-1295.2329578399658,427.2488021850586,55.260093688964844,-18.15143585205078,Closed,-1295.2329578399658,427.2488021850586,37.10865783691406,0.01670952395610418,1722.4817600250244,37.10865783691406,0.021543715990568715,0,37.10865783691406,0.0
2024-07-20,4.218999862670898,0.0,42.72488021850586,0.0,0.0,0.0,0.014544633992668919,0.016709530889442516,1,0,0.0,10,,0.0,0.0,0.0,0.0,0.0,0.0,,0.0,0.0,0.0,0.016709530889442516,0.0,0.0,0.0,0,0.0,0.0
2024-07-21,4.218999862670898,0.0,42.72488021850586,0.0,0.0,0.0,0.014544633992668919,0.016709530889442516,1,0,0.0,10,,0.0,0.0,0.0,0.0,0.0,0.0,,0.0,0.0,0.0,0.016709530889442516,0.0,0.0,0.0,0,0.0,0.0
2024-07-22,4.180500030517578,-0.009125345675870089,42.340145111083984,-0.009004942915094016,-0.0001204027607760727,0.0001204027607760727,0.014580503384221857,0.016736856861313983,0,0,0.0,10,9.994377525245026,0.0,0.0,0.0,0.0,0.0,0.0,,0.0,0.0,0.0,0.016736856861313983,0.0,0.0,0.0,0,0.0,0.0
2024-07-23,4.145999908447266,-0.008252630503160385,42.024471282958984,-0.007455662404953878,-0.0007969680982065075,0.0007969680982065075,0.014413140036319218,0.01672418277253262,0,0,0.0,10,9.157286543549809,0.0,0.0,0.0,0.0,0.0,0.0,,0.0,0.0,0.0,0.01672418277253262,0.0,0.0,0.0,0,0.0,0.0
2024-07-24,4.098999977111816,-0.011336211378029537,41.49176788330078,-0.012676028594658773,0.0013398172166292355,0.0013398172166292355,0.014009145704382003,0.015443939452076989,1,0,0.0,10,11.318771658691308,0.0,0.0,0.0,0.0,0.0,0.0,,0.0,0.0,0.0,0.015443939452076989,0.0,0.0,0.0,0,0.0,0.0
2024-07-25,4.112500190734863,0.003293538350434222,41.38325500488281,-0.002615286934101513,0.005908825284535735,0.005908825284535735,0.013797323875553854,0.015027902227889377,1,0,0.0,10,7.990525381367781,0.0,0.0,0.0,0.0,0.0,0.0,,0.0,0.0,0.0,0.015027902227889377,0.0,0.0,0.0,0,0.0,0.0
2024-07-26,4.104499816894531,-0.001945379566998251,42.00474548339844,0.01501792158307258,-0.01696330115007083,0.01696330115007083,0.013558970007555677,0.01493968465046234,0,1,1.0,10,79.0030029193093,791.0,-10.0,-3246.659355163574,420.0474548339844,0.0,0.0,Opened,-3246.659355163574,420.0474548339844,0.0,0.01493968465046234,3666.7068099975586,0.0,0.0,0,0.0,3666.7068099975586
2024-07-27,4.104499816894531,0.0,42.00474548339844,0.0,0.0,0.0,0.012317707084093873,0.013865200888912793,1,0,-1.0,10,,-791.0,10.0,3246.659355163574,-420.0474548339844,0.0,0.0,Closed,3246.659355163574,-420.0474548339844,0.0,0.013865200888912793,3666.7068099975586,0.0,0.0,0,0.0,0.0
2024-07-28,4.104499816894531,0.0,42.00474548339844,0.0,0.0,0.0,0.012317707084093873,0.013865200888912793,1,0,0.0,10,,0.0,0.0,0.0,0.0,0.0,0.0,,0.0,0.0,0.0,0.013865200888912793,0.0,0.0,0.0,0,0.0,0.0
2024-07-29,4.061999797821045,-0.010354494084407584,41.689064025878906,-0.007515376033984,-0.0028391180504235836,0.0028391180504235836,0.012374780890692418,0.013893249966402317,0,0,0.0,10,7.449104699963744,0.0,0.0,0.0,0.0,0.0,0.0,,0.0,0.0,0.0,0.013893249966402317,0.0,0.0,0.0,0,0.0,0.0
2024-07-30,4.063000202178955,0.0002462837045060784,41.37338638305664,-0.007572193096642921,0.007818476801148999,0.007818476801148999,0.012169707637479108,0.013708556524627907,1,0,0.0,10,313.08353439915237,0.0,0.0,0.0,0.0,0.0,0.0,,0.0,0.0,0.0,0.013708556524627907,0.0,0.0,0.0,0,0.0,0.0
2024-07-31,4.159999847412109,0.02387389623587377,43.149070739746094,0.04291851627152843,-0.019044620035654658,0.019044620035654658,0.012690879812528063,0.014727092535383159,0,1,1.0,10,18.646594657390203,187.0,-10.0,-777.9199714660645,431.49070739746094,0.0,0.0,Opened,-777.9199714660645,431.49070739746094,0.0,0.014727092535383159,1209.4106788635254,0.0,0.0,0,0.0,1209.4106788635254
2024-08-01,4.066500186920166,-0.022475880750358335,41.13663101196289,-0.046639236796575445,0.02416335604621711,0.02416335604621711,0.012850689840334825,0.016101597565141932,1,0,-1.0,10,20.99145974241231,-187.0,10.0,760.435534954071,-411.3663101196289,-17.484436511993408,20.12439727783203,Closed,760.435534954071,-411.3663101196289,2.639960765838623,0.016101597565141932,1171.8018450737,2.639960765838623,0.0022529071591217576,0,2.639960765838623,0.0
2024-08-02,4.084000110626221,0.004303436100247415,40.6236572265625,-0.01246999991932285,0.016773436019570265,0.016773436019570265,0.012725732396521095,0.016019398802662715,1,1,1.0,10,28.823344057675964,-289.0,10.0,1180.2760319709778,-406.236572265625,0.0,0.0,Opened,1180.2760319709778,-406.236572265625,0.0,0.016019398802662715,1586.5126042366028,0.0,0.0,0,0.0,1586.5126042366028
2024-08-03,4.084000110626221,0.0,40.6236572265625,0.0,0.0,0.0,0.012619841524476738,0.016020122108132143,1,1,0.0,10,,289.0,-10.0,-1180.2760319709778,406.236572265625,0.0,0.0,Live,0.0,0.0,0.0,0.016020122108132143,1586.5126042366028,0.0,0.0,0,0.0,0.0
2024-08-04,4.084000110626221,0.0,40.6236572265625,0.0,0.0,0.0,0.012619841524476738,0.016020122108132143,1,1,0.0,10,,289.0,-10.0,-1180.2760319709778,406.236572265625,0.0,0.0,Live,0.0,0.0,0.0,0.016020122108132143,1586.5126042366028,0.0,0.0,0,0.0,0.0
2024-08-05,3.9839999675750732,-0.0244858326009727,39.08473205566406,-0.0378824871014366,0.0133966545004639,0.0133966545004639,0.01300645800992766,0.016833814617990592,1,1,0.0,10,15.177890689776909,289.0,-10.0,-1151.3759906291962,390.8473205566406,28.900041341781616,-15.389251708984375,Live,0.0,0.0,0.0,0.016833814617990592,1542.2233111858368,13.510789632797241,0.008760592279213188,0,0.0,0.0
2024-08-06,4.011499881744385,0.006902588954098343,39.16365051269531,0.0020191633121304786,0.0048834256419678645,0.0048834256419678645,0.01306201243744596,0.01681825479410146,1,1,0.0,10,2.8558527892137633,289.0,-10.0,-1159.3234658241272,391.6365051269531,20.952566146850586,-14.600067138671875,Live,0.0,0.0,0.0,0.01681825479410146,1550.9599709510803,6.352499008178711,0.004095849749289938,0,0.0,0.0
2024-08-07,3.9375,-0.018446936040343642,38.18702697753906,-0.024936989335038295,0.006490053294694653,0.006490053294694653,0.013154343153863931,0.01695042795247137,1,1,0.0,10,13.110373329783629,289.0,-10.0,-1137.9375,381.8702697753906,42.33853197097778,-24.366302490234375,Live,0.0,0.0,0.0,0.01695042795247137,1519.8077697753906,17.972229480743408,0.011825330701789667,0,0.0,0.0
2024-08-08,3.944999933242798,0.0019047449505518177,39.2031135559082,0.026608161430498045,-0.024703416479946227,0.024703416479946227,0.013165532904059063,0.017444917361386193,0,0,-1.0,10,138.81985810301418,289.0,-10.0,-1140.1049807071686,392.03113555908203,40.171051263809204,-14.205436706542969,Closed,-1140.1049807071686,392.03113555908203,25.965614557266235,0.017444917361386193,1532.1361162662506,25.965614557266235,0.016947328818632194,0,25.965614557266235,0.0
2024-08-09,3.9800000190734863,0.008872011767543597,39.49905776977539,0.007548997694918791,0.0013230140726248063,0.0013230140726248063,0.013094518843414366,0.016807657133558532,1,0,0.0,10,8.444439825725786,0.0,0.0,0.0,0.0,0.0,0.0,,0.0,0.0,0.0,0.016807657133558532,0.0,0.0,0.0,0,0.0,0.0
2024-08-10,3.9800000190734863,0.0,39.49905776977539,0.0,0.0,0.0,0.012634063546452957,0.01667038154335324,1,0,0.0,10,,0.0,0.0,0.0,0.0,0.0,0.0,,0.0,0.0,0.0,0.01667038154335324,0.0,0.0,0.0,0,0.0,0.0
2024-08-11,3.9800000190734863,0.0,39.49905776977539,0.0,0.0,0.0,0.012634063546452957,0.01667038154335324,1,0,0.0,10,,0.0,0.0,0.0,0.0,0.0,0.0,,0.0,0.0,0.0,0.01667038154335324,0.0,0.0,0.0,0,0.0,0.0
2024-08-12,4.054999828338623,0.018844173091887573,40.110679626464844,0.015484467003095581,0.0033597060887919916,0.0033597060887919916,0.012981812152573338,0.01685534584991334,1,0,0.0,10,8.128087245985958,0.0,0.0,0.0,0.0,0.0,0.0,,0.0,0.0,0.0,0.01685534584991334,0.0,0.0,0.0,0,0.0,0.0
2024-08-13,4.035999774932861,-0.004685586734918812,40.150142669677734,0.0009838537661388536,-0.005669440501057665,0.005669440501057665,0.012916978742265873,0.01645339182962043,0,0,0.0,10,2.0888272784329307,0.0,0.0,0.0,0.0,0.0,0.0,,0.0,0.0,0.0,0.01645339182962043,0.0,0.0,0.0,0,0.0,0.0
2024-08-14,4.025000095367432,-0.002725391521017251,39.99230194091797,-0.003931261964829069,0.0012058704438118184,0.0012058704438118184,0.012168906278582274,0.01630583036544804,1,0,0.0,10,14.332224152173515,0.0,0.0,0.0,0.0,0.0,0.0,,0.0,0.0,0.0,0.01630583036544804,0.0,0.0,0.0,0,0.0,0.0
2024-08-15,4.138999938964844,0.028322941837596538,41.47203826904297,0.037000529009584504,-0.008677587171987966,0.008677587171987966,0.012881574864945984,0.017173344929599276,0,0,0.0,10,13.089695186891992,0.0,0.0,0.0,0.0,0.0,0.0,,0.0,0.0,0.0,0.017173344929599276,0.0,0.0,0.0,0,0.0,0.0
2024-08-16,4.127500057220459,-0.002778420370612711,41.72852325439453,0.006184528083419849,-0.00896294845403256,0.00896294845403256,0.012833513089922874,0.017132137860816292,0,0,0.0,10,22.50373158670356,0.0,0.0,0.0,0.0,0.0,0.0,,0.0,0.0,0.0,0.017132137860816292,0.0,0.0,0.0,0,0.0,0.0
2024-08-17,4.127500057220459,0.0,41.72852325439453,0.0,0.0,0.0,0.012645932637331188,0.017130471411813442,1,0,0.0,10,,0.0,0.0,0.0,0.0,0.0,0.0,,0.0,0.0,0.0,0.017130471411813442,0.0,0.0,0.0,0,0.0,0.0
2024-08-18,4.127500057220459,0.0,41.72852325439453,0.0,0.0,0.0,0.012645932637331188,0.017130471411813442,1,0,0.0,10,,0.0,0.0,0.0,0.0,0.0,0.0,,0.0,0.0,0.0,0.017130471411813442,0.0,0.0,0.0,0,0.0,0.0
2024-08-19,4.166500091552734,0.009448827084581168,42.44866180419922,0.017257705129281042,-0.007808878044699874,0.007808878044699874,0.01273385997764051,0.01732667193904776,0,0,0.0,10,18.60791659474153,0.0,0.0,0.0,0.0,0.0,0.0,,0.0,0.0,0.0,0.01732667193904776,0.0,0.0,0.0,0,0.0,0.0
2024-08-20,4.149499893188477,-0.004080210726197908,42.05406951904297,-0.009295753231900794,0.005215542505702886,0.005215542505702886,0.012671719168259713,0.017320336117242152,1,0,0.0,10,23.089485921375942,0.0,0.0,0.0,0.0,0.0,0.0,,0.0,0.0,0.0,0.017320336117242152,0.0,0.0,0.0,0,0.0,0.0
2024-08-21,4.18149995803833,0.007711788329572533,42.91231155395508,0.020408061448689896,-0.012696273119117363,0.012696273119117363,0.012732040420139234,0.01757475256810598,0,0,0.0,10,27.157917523882894,0.0,0.0,0.0,0.0,0.0,0.0,,0.0,0.0,0.0,0.01757475256810598,0.0,0.0,0.0,0,0.0,0.0
2024-08-22,4.140999794006348,-0.009685558875619948,42.024471282958984,-0.02068963984566019,0.011004080970040242,0.011004080970040242,0.012209277715467171,0.01703161983130979,1,0,0.0,10,21.67830362322201,0.0,0.0,0.0,0.0,0.0,0.0,,0.0,0.0,0.0,0.01703161983130979,0.0,0.0,0.0,0,0.0,0.0
2024-08-23,4.194499969482422,0.012919627659366162,43.3759651184082,0.03215968682507264,-0.01924005916570648,0.01924005916570648,0.012382967642175025,0.017699548001301184,0,1,1.0,10,25.741317345743692,258.0,-10.0,-1082.1809921264648,433.75965118408203,0.0,0.0,Opened,-1082.1809921264648,433.75965118408203,0.0,0.017699548001301184,1515.9406433105469,0.0,0.0,0,0.0,1515.9406433105469
2024-08-24,4.194499969482422,0.0,43.3759651184082,0.0,0.0,0.0,0.011739023813806848,0.017490870623026677,1,0,-1.0,10,,-258.0,10.0,1082.1809921264648,-433.75965118408203,0.0,0.0,Closed,1082.1809921264648,-433.75965118408203,0.0,0.017490870623026677,1515.9406433105469,0.0,0.0,0,0.0,0.0
2024-08-25,4.194499969482422,0.0,43.3759651184082,0.0,0.0,0.0,0.011739023813806848,0.017490870623026677,1,0,0.0,10,,0.0,0.0,0.0,0.0,0.0,0.0,,0.0,0.0,0.0,0.017490870623026677,0.0,0.0,0.0,0,0.0,0.0
2024-08-26,4.21150016784668,0.004052973772307622,43.57326126098633,0.0045485130311115896,-0.0004955392588039675,0.0004955392588039675,0.011767276381207314,0.017511299719139867,0,0,0.0,10,11.611247803192251,0.0,0.0,0.0,0.0,0.0,0.0,,0.0,0.0,0.0,0.017511299719139867,0.0,0.0,0.0,0,0.0,0.0
2024-08-27,4.230500221252441,0.004511469226766485,43.731101989746094,0.003622421737367043,0.0008890474893994416,0.0008890474893994416,0.011770749309022426,0.01733012642949822,1,0,0.0,10,8.300030938335041,0.0,0.0,0.0,0.0,0.0,0.0,,0.0,0.0,0.0,0.01733012642949822,0.0,0.0,0.0,0,0.0,0.0
2024-08-28,4.144999980926514,-0.020210432774924958,42.21190643310547,-0.034739475739642645,0.014529042964717687,0.014529042964717687,0.012010341046691271,0.017964097683506753,1,0,0.0,10,17.504837387361302,0.0,0.0,0.0,0.0,0.0,0.0,,0.0,0.0,0.0,0.017964097683506753,0.0,0.0,0.0,0,0.0,0.0
2024-08-29,4.147500038146973,0.0006031501162757635,42.192176818847656,-0.000467394532134624,0.0010705446484103875,0.0010705446484103875,0.011955667768177055,0.017936073867016785,1,0,0.0,10,7.883221790000165,0.0,0.0,0.0,0.0,0.0,0.0,,0.0,0.0,0.0,0.017936073867016785,0.0,0.0,0.0,0,0.0,0.0
2024-08-30,4.144999980926514,-0.000602786545500833,42.75447463989258,0.013327063532634353,-0.013929850078135186,0.013929850078135186,0.011622254343913204,0.01806201496525936,0,0,0.0,10,228.0488882551361,0.0,0.0,0.0,0.0,0.0,0.0,,0.0,0.0,0.0,0.01806201496525936,0.0,0.0,0.0,0,0.0,0.0
2024-08-31,4.144999980926514,0.0,42.75447463989258,0.0,0.0,0.0,0.011201205897476047,0.017908661302457433,1,0,0.0,10,,0.0,0.0,0.0,0.0,0.0,0.0,,0.0,0.0,0.0,0.017908661302457433,0.0,0.0,0.0,0,0.0,0.0
2024-09-01,4.144999980926514,0.0,42.75447463989258,0.0,0.0,0.0,0.011201205897476047,0.017908661302457433,1,0,0.0,10,,0.0,0.0,0.0,0.0,0.0,0.0,,0.0,0.0,0.0,0.017908661302457433,0.0,0.0,0.0,0,0.0,0.0
2024-09-02,4.144999980926514,0.0,42.75447463989258,0.0,0.0,0.0,0.011201205897476047,0.017908661302457433,1,0,0.0,10,,0.0,0.0,0.0,0.0,0.0,0.0,,0.0,0.0,0.0,0.017908661302457433,0.0,0.0,0.0,0,0.0,0.0
2024-09-03,4.0320000648498535,-0.027261741036582965,39.53852081298828,-0.07521911692264394,0.04795737588606097,0.04795737588606097,0.01161526998851461,0.02058295504403185,1,1,1.0,10,27.056681526180068,-271.0,10.0,1092.6720175743103,-395.3852081298828,0.0,0.0,Opened,1092.6720175743103,-395.3852081298828,0.0,0.02058295504403185,1488.0572257041931,0.0,0.0,0,0.0,1488.0572257041931
2024-09-04,4.019499778747559,-0.0031002693207448084,39.5089225769043,-0.0007485923973732378,-0.0023516769233715706,0.0023516769233715706,0.011369455041584849,0.020554120403715737,0,0,-1.0,10,2.3733903205765534,271.0,-10.0,-1089.2844400405884,395.08922576904297,3.387577533721924,-0.29598236083984375,Closed,-1089.2844400405884,395.08922576904297,3.09159517288208,0.020554120403715737,1484.3736658096313,3.09159517288208,0.0020827607253432454,0,3.09159517288208,0.0
2024-09-05,4.077499866485596,0.014429678052155337,39.29189682006836,-0.005493082136408423,0.01992276018856376,0.01992276018856376,0.011537848439344108,0.020161375234863096,1,0,0.0,10,3.668330788960212,0.0,0.0,0.0,0.0,0.0,0.0,,0.0,0.0,0.0,0.020161375234863096,0.0,0.0,0.0,0,0.0,0.0
2024-09-06,4.014500141143799,-0.015450576923279336,38.05878448486328,-0.031383375072268516,0.01593279814898918,0.01593279814898918,0.010960156230680812,0.01991463779571934,1,0,0.0,10,19.256545620879425,0.0,0.0,0.0,0.0,0.0,0.0,,0.0,0.0,0.0,0.01991463779571934,0.0,0.0,0.0,0,0.0,0.0
2024-09-07,4.014500141143799,0.0,38.05878448486328,0.0,0.0,0.0,0.010868208833489955,0.01991696849491827,1,0,0.0,10,,0.0,0.0,0.0,0.0,0.0,0.0,,0.0,0.0,0.0,0.01991696849491827,0.0,0.0,0.0,0,0.0,0.0
2024-09-08,4.014500141143799,0.0,38.05878448486328,0.0,0.0,0.0,0.010868208833489955,0.01991696849491827,1,0,0.0,10,,0.0,0.0,0.0,0.0,0.0,0.0,,0.0,0.0,0.0,0.01991696849491827,0.0,0.0,0.0,0,0.0,0.0
2024-09-09,4.084499835968018,0.017436714998912528,38.6112174987793,0.014515256369675322,0.002921458629237206,0.002921458629237206,0.011174272439561457,0.02005371063918576,1,0,0.0,10,7.8692737748863975,0.0,0.0,0.0,0.0,0.0,0.0,,0.0,0.0,0.0,0.02005371063918576,0.0,0.0,0.0,0,0.0,0.0
2024-09-10,4.040500164031982,-0.010772352479629155,38.44351577758789,-0.004343341962648739,-0.006429010516980416,0.006429010516980416,0.011202349662730225,0.020030460418861036,0,0,0.0,10,3.836201740763653,0.0,0.0,0.0,0.0,0.0,0.0,,0.0,0.0,0.0,0.020030460418861036,0.0,0.0,0.0,0,0.0,0.0
2024-09-11,4.083000183105469,0.010518504479177126,39.18338394165039,0.019245590552720238,-0.008727086073543111,0.008727086073543111,0.011255729603862516,0.020229624823545404,0,0,0.0,10,17.559000291534637,0.0,0.0,0.0,0.0,0.0,0.0,,0.0,0.0,0.0,0.020229624823545404,0.0,0.0,0.0,0,0.0,0.0
2024-09-12,4.132999897003174,0.012245827003533494,40.34743881225586,0.029707869854704416,-0.017462042851170922,0.017462042851170922,0.01127550984171983,0.020622914045166883,0,0,0.0,10,23.682850310096725,0.0,0.0,0.0,0.0,0.0,0.0,,0.0,0.0,0.0,0.020622914045166883,0.0,0.0,0.0,0,0.0,0.0
2024-09-13,4.175000190734863,0.010162181170665807,40.791358947753906,0.011002436550277439,-0.0008402553796116319,0.0008402553796116319,0.011355185148372544,0.020682191402901666,0,0,0.0,10,10.57824481404048,0.0,0.0,0.0,0.0,0.0,0.0,,0.0,0.0,0.0,0.020682191402901666,0.0,0.0,0.0,0,0.0,0.0
2024-09-14,4.175000190734863,0.0,40.791358947753906,0.0,0.0,0.0,0.01135043918906763,0.02056725535456705,1,0,0.0,10,,0.0,0.0,0.0,0.0,0.0,0.0,,0.0,0.0,0.0,0.02056725535456705,0.0,0.0,0.0,0,0.0,0.0
2024-09-15,4.175000190734863,0.0,40.791358947753906,0.0,0.0,0.0,0.01135043918906763,0.02056725535456705,1,0,0.0,10,,0.0,0.0,0.0,0.0,0.0,0.0,,0.0,0.0,0.0,0.02056725535456705,0.0,0.0,0.0,0,0.0,0.0
2024-09-16,4.2129998207092285,0.009101707362479505,41.23527908325195,0.010882700330396622,-0.0017809929679171166,0.0017809929679171166,0.01141662156778736,0.02062880351685022,0,0,0.0,10,11.702840879323084,0.0,0.0,0.0,0.0,0.0,0.0,,0.0,0.0,0.0,0.02062880351685022,0.0,0.0,0.0,0,0.0,0.0
2024-09-17,4.213500022888184,0.00011872826969905326,41.37338638305664,0.0033492510024208944,-0.003230522732721841,0.003230522732721841,0.011307352646765906,0.02060693314926355,0,0,0.0,10,276.99480618074614,0.0,0.0,0.0,0.0,0.0,0.0,,0.0,0.0,0.0,0.02060693314926355,0.0,0.0,0.0,0,0.0,0.0
2024-09-18,4.23799991607666,0.0058146180266738234,41.590415954589844,0.005245632289410107,0.0005689857372637164,0.0005689857372637164,0.011329234375234632,0.020589779776494326,1,0,0.0,10,8.853377319281838,0.0,0.0,0.0,0.0,0.0,0.0,,0.0,0.0,0.0,0.020589779776494326,0.0,0.0,0.0,0,0.0,0.0
2024-09-19,4.285999774932861,0.011326064135611658,43.080013275146484,0.035815879364684555,-0.024489815229072898,0.024489815229072898,0.01094247427534022,0.020312489939268187,0,1,1.0,10,31.78485880766077,318.0,-10.0,-1362.94792842865,430.80013275146484,0.0,0.0,Opened,-1362.94792842865,430.80013275146484,0.0,0.020312489939268187,1793.7480611801147,0.0,0.0,0,0.0,1793.7480611801147
2024-09-20,4.281499862670898,-0.0010499095889554555,42.81366729736328,-0.006182588108366804,0.005132678519411349,0.005132678519411349,0.010425442735113973,0.01918412021935382,1,0,-1.0,10,58.88503092327092,-318.0,10.0,1361.5169563293457,-428.1366729736328,-1.4309720993041992,2.6634597778320312,Closed,1361.5169563293457,-428.1366729736328,1.232487678527832,0.01918412021935382,1789.6536293029785,1.232487678527832,0.0006886738631138655,0,1.232487678527832,0.0
2024-09-21,4.281499862670898,0.0,42.81366729736328,0.0,0.0,0.0,0.010416084071845645,0.01908647008326603,1,0,0.0,10,,0.0,0.0,0.0,0.0,0.0,0.0,,0.0,0.0,0.0,0.01908647008326603,0.0,0.0,0.0,0,0.0,0.0
2024-09-22,4.281499862670898,0.0,42.81366729736328,0.0,0.0,0.0,0.010416084071845645,0.01908647008326603,1,0,0.0,10,,0.0,0.0,0.0,0.0,0.0,0.0,,0.0,0.0,0.0,0.01908647008326603,0.0,0.0,0.0,0,0.0,0.0
2024-09-23,4.289000034332275,0.0017517626770862105,43.0997428894043,0.0066818754407107495,-0.004930112763624539,0.004930112763624539,0.010415603953428521,0.019101053925776924,0,0,0.0,10,38.33025744062688,0.0,0.0,0.0,0.0,0.0,0.0,,0.0,0.0,0.0,0.019101053925776924,0.0,0.0,0.0,0,0.0,0.0
2024-09-24,4.429500102996826,0.03275823444623138,46.167728424072266,0.07118338368144195,-0.038425149235210565,0.038425149235210565,0.01069566502417756,0.020689067176544545,0,1,1.0,10,22.648629738417927,227.0,-10.0,-1005.4965233802795,461.67728424072266,0.0,0.0,Opened,-1005.4965233802795,461.67728424072266,0.0,0.020689067176544545,1467.1738076210022,0.0,0.0,0,0.0,1467.1738076210022
2024-09-25,4.427999973297119,-0.0003386679455525954,45.34894561767578,-0.017734959772670256,0.01739629182711766,0.01739629182711766,0.010679401100061615,0.020906313107443425,1,0,-1.0,10,536.3097579916025,-227.0,10.0,1005.155993938446,-453.4894561767578,-0.3405294418334961,8.187828063964844,Closed,1005.155993938446,-453.4894561767578,7.847298622131348,0.020906313107443425,1458.6454501152039,7.847298622131348,0.005379853357449933,0,7.847298622131348,0.0
2024-09-26,4.580999851226807,0.03455281816900335,47.746116638183594,0.05286056793288396,-0.01830774976388061,0.01830774976388061,0.011221632077862555,0.021654772286863178,0,0,0.0,10,15.945058873239743,0.0,0.0,0.0,0.0,0.0,0.0,,0.0,0.0,0.0,0.021654772286863178,0.0,0.0,0.0,0,0.0,0.0
2024-09-27,4.540999889373779,-0.008731709921866782,47.410709381103516,-0.007024807056493554,-0.0017069028653732277,0.0017069028653732277,0.011344766400727692,0.0214822857987351,0,0,0.0,10,8.399628202826372,0.0,0.0,0.0,0.0,0.0,0.0,,0.0,0.0,0.0,0.0214822857987351,0.0,0.0,0.0,0,0.0,0.0
2024-09-28,4.540999889373779,0.0,47.410709381103516,0.0,0.0,0.0,0.011318495938817072,0.021483614421265142,1,0,0.0,10,,0.0,0.0,0.0,0.0,0.0,0.0,,0.0,0.0,0.0,0.021483614421265142,0.0,0.0,0.0,0,0.0,0.0
2024-09-29,4.540999889373779,0.0,47.410709381103516,0.0,0.0,0.0,0.011318495938817072,0.021483614421265142,1,0,0.0,10,,0.0,0.0,0.0,0.0,0.0,0.0,,0.0,0.0,0.0,0.021483614421265142,0.0,0.0,0.0,0,0.0,0.0
2024-09-30,4.495999813079834,-0.009909728559837294,46.63138198852539,-0.016437792278399033,0.0065280637185617385,0.0065280637185617385,0.011452762846770386,0.021669235992108883,1,0,0.0,10,17.204170239734935,0.0,0.0,0.0,0.0,0.0,0.0,,0.0,0.0,0.0,0.021669235992108883,0.0,0.0,0.0,0,0.0,0.0
2024-10-01,4.5355000495910645,0.008785640158684105,47.440303802490234,0.017347155058880626,-0.00856151490019652,0.00856151490019652,0.01124638429077286,0.021691752245070323,0,0,0.0,10,20.65271416828401,0.0,0.0,0.0,0.0,0.0,0.0,,0.0,0.0,0.0,0.021691752245070323,0.0,0.0,0.0,0,0.0,0.0
2024-10-02,4.5960001945495605,0.013339244691211283,47.913818359375,0.009981271596745334,0.003357973094465949,0.003357973094465949,0.011306498497181898,0.021706982322086676,1,0,0.0,10,7.800732360550147,0.0,0.0,0.0,0.0,0.0,0.0,,0.0,0.0,0.0,0.021706982322086676,0.0,0.0,0.0,0,0.0,0.0
2024-10-03,4.501999855041504,-0.02045264045452666,46.07894515991211,-0.03829528228580159,0.01784264183127493,0.01784264183127493,0.0117482672439258,0.022485918054657685,1,0,0.0,10,19.16429923425401,0.0,0.0,0.0,0.0,0.0,0.0,,0.0,0.0,0.0,0.022485918054657685,0.0,0.0,0.0,0,0.0,0.0
2024-10-04,4.522500038146973,0.004553572582307375,47.1147575378418,0.022479081809164914,-0.01792550922685754,0.01792550922685754,0.011139300079447766,0.02212989102488315,0,0,0.0,10,51.428598066590816,0.0,0.0,0.0,0.0,0.0,0.0,,0.0,0.0,0.0,0.02212989102488315,0.0,0.0,0.0,0,0.0,0.0
2024-10-05,4.522500038146973,0.0,47.1147575378418,0.0,0.0,0.0,0.011122737361382359,0.022127842881654276,1,0,0.0,10,,0.0,0.0,0.0,0.0,0.0,0.0,,0.0,0.0,0.0,0.022127842881654276,0.0,0.0,0.0,0,0.0,0.0
2024-10-06,4.522500038146973,0.0,47.1147575378418,0.0,0.0,0.0,0.011122737361382359,0.022127842881654276,1,0,0.0,10,,0.0,0.0,0.0,0.0,0.0,0.0,,0.0,0.0,0.0,0.022127842881654276,0.0,0.0,0.0,0,0.0,0.0
2024-10-07,4.519000053405762,-0.0007739048560948536,47.262733459472656,0.0031407552402664685,-0.003914660096361322,0.003914660096361322,0.011125959016429652,0.022124562583382586,0,0,0.0,10,42.444655249089045,0.0,0.0,0.0,0.0,0.0,0.0,,0.0,0.0,0.0,0.022124562583382586,0.0,0.0,0.0,0,0.0,0.0
2024-10-08,4.4120001792907715,-0.023677776687422103,45.12205123901367,-0.04529323768999949,0.021615461002577385,0.021615461002577385,0.011640147878766506,0.023036244624707984,1,0,0.0,10,19.563464160517547,0.0,0.0,0.0,0.0,0.0,0.0,,0.0,0.0,0.0,0.023036244624707984,0.0,0.0,0.0,0,0.0,0.0
2024-10-09,4.355000019073486,-0.01291934675905837,44.98394012451172,-0.0030608341311960663,-0.009858512627862304,0.009858512627862304,0.011788339576932861,0.022993541984691945,0,0,0.0,10,2.4471949722103132,0.0,0.0,0.0,0.0,0.0,0.0,,0.0,0.0,0.0,0.022993541984691945,0.0,0.0,0.0,0,0.0,0.0
2024-10-10,4.385000228881836,0.006888681900564464,45.64488983154297,0.014693015000504461,-0.007804333099939997,0.007804333099939997,0.011779396848533777,0.022912239700466294,0,0,0.0,10,22.202267663299637,0.0,0.0,0.0,0.0,0.0,0.0,,0.0,0.0,0.0,0.022912239700466294,0.0,0.0,0.0,0,0.0,0.0
2024-10-11,4.451499938964844,0.015165269466808073,46.2170524597168,0.01253508619005217,0.002630183276755904,0.002630183276755904,0.011842632695194978,0.022736876358747497,1,0,0.0,10,8.581694808198838,0.0,0.0,0.0,0.0,0.0,0.0,,0.0,0.0,0.0,0.022736876358747497,0.0,0.0,0.0,0,0.0,0.0
2024-10-12,4.451499938964844,0.0,46.2170524597168,0.0,0.0,0.0,0.011729135848014466,0.022321940982717427,1,0,0.0,10,,0.0,0.0,0.0,0.0,0.0,0.0,,0.0,0.0,0.0,0.022321940982717427,0.0,0.0,0.0,0,0.0,0.0
2024-10-13,4.451499938964844,0.0,46.2170524597168,0.0,0.0,0.0,0.011729135848014466,0.022321940982717427,1,0,0.0,10,,0.0,0.0,0.0,0.0,0.0,0.0,,0.0,0.0,0.0,0.022321940982717427,0.0,0.0,0.0,0,0.0,0.0
2024-10-14,4.363500118255615,-0.019768577314569602,45.51664733886719,-0.015154690391822156,-0.0046138869227474455,0.0046138869227474455,0.012099712880220647,0.022445474964285683,0,0,0.0,10,7.996628601136579,0.0,0.0,0.0,0.0,0.0,0.0,,0.0,0.0,0.0,0.022445474964285683,0.0,0.0,0.0,0,0.0,0.0
2024-10-15,4.30049991607666,-0.014437997128814217,44.638671875,-0.019289106627971564,0.004851109499157347,0.004851109499157347,0.012281408022370108,0.02262559200255369,1,0,0.0,10,13.867477944777557,0.0,0.0,0.0,0.0,0.0,0.0,,0.0,0.0,0.0,0.02262559200255369,0.0,0.0,0.0,0,0.0,0.0
2024-10-16,4.331500053405762,0.0072084962060370295,45.25029373168945,0.013701614116167216,-0.006493117910130186,0.006493117910130186,0.012305320973772222,0.02269663190540103,0,0,0.0,10,19.85684000467315,0.0,0.0,0.0,0.0,0.0,0.0,,0.0,0.0,0.0,0.02269663190540103,0.0,0.0,0.0,0,0.0,0.0
2024-10-17,4.286499977111816,-0.010389028220965324,44.39204788208008,-0.018966635989112524,0.0085776077681472,0.0085776077681472,0.012042815164690855,0.02229674637573497,1,0,0.0,10,18.90678726879598,0.0,0.0,0.0,0.0,0.0,0.0,,0.0,0.0,0.0,0.02229674637573497,0.0,0.0,0.0,0,0.0,0.0
2024-10-18,4.3460001945495605,0.013880839322396143,45.191104888916016,0.01800000326541573,-0.004119163943019588,0.004119163943019588,0.012185229979784804,0.022420297823102533,0,0,0.0,10,13.48404133057005,0.0,0.0,0.0,0.0,0.0,0.0,,0.0,0.0,0.0,0.022420297823102533,0.0,0.0,0.0,0,0.0,0.0
2024-10-19,4.3460001945495605,0.0,45.191104888916016,0.0,0.0,0.0,0.012183901874248568,0.022357426330778578,1,0,0.0,10,,0.0,0.0,0.0,0.0,0.0,0.0,,0.0,0.0,0.0,0.022357426330778578,0.0,0.0,0.0,0,0.0,0.0
2024-10-20,4.3460001945495605,0.0,45.191104888916016,0.0,0.0,0.0,0.012183901874248568,0.022357426330778578,1,0,0.0,10,,0.0,0.0,0.0,0.0,0.0,0.0,,0.0,0.0,0.0,0.022357426330778578,0.0,0.0,0.0,0,0.0,0.0
2024-10-21,4.322999954223633,-0.005292277794826883,44.628807067871094,-0.012442665927887897,0.007150388133061014,0.007150388133061014,0.012215890444432357,0.022441902211253802,1,0,0.0,10,24.27173689807632,0.0,0.0,0.0,0.0,0.0,0.0,,0.0,0.0,0.0,0.022441902211253802,0.0,0.0,0.0,0,0.0,0.0
2024-10-22,4.3480000495910645,0.00578304317190792,45.23056411743164,0.013483601491866004,-0.007700558319958084,0.007700558319958084,0.012234420753807486,0.022509252659147903,0,0,0.0,10,24.254478318681574,0.0,0.0,0.0,0.0,0.0,0.0,,0.0,0.0,0.0,0.022509252659147903,0.0,0.0,0.0,0,0.0,0.0
2024-10-23,4.304500102996826,-0.010004587419066291,44.36245346069336,-0.019193009719808418,0.009188422300742127,0.009188422300742127,0.011649435649978973,0.019856726902520765,1,0,0.0,10,19.77136865754843,0.0,0.0,0.0,0.0,0.0,0.0,,0.0,0.0,0.0,0.019856726902520765,0.0,0.0,0.0,0,0.0,0.0
2024-10-24,4.319499969482422,0.0034846941867077152,44.293399810791016,-0.001556578694718258,0.005041272881425973,0.005041272881425973,0.011635022023744406,0.01985974997149302,1,0,0.0,10,4.580490136291858,0.0,0.0,0.0,0.0,0.0,0.0,,0.0,0.0,0.0,0.01985974997149302,0.0,0.0,0.0,0,0.0,0.0
2024-10-25,4.3394999504089355,0.004630161145460221,44.39204788208008,0.0022271505847475392,0.0024030105607126817,0.0024030105607126817,0.011494582620837029,0.019826479726877608,1,0,0.0,10,4.920610265858133,0.0,0.0,0.0,0.0,0.0,0.0,,0.0,0.0,0.0,0.019826479726877608,0.0,0.0,0.0,0,0.0,0.0
2024-10-26,4.3394999504089355,0.0,44.39204788208008,0.0,0.0,0.0,0.011239641483879374,0.01921490067845387,1,0,0.0,10,,0.0,0.0,0.0,0.0,0.0,0.0,,0.0,0.0,0.0,0.01921490067845387,0.0,0.0,0.0,0,0.0,0.0
2024-10-27,4.3394999504089355,0.0,44.39204788208008,0.0,0.0,0.0,0.011239641483879374,0.01921490067845387,1,0,0.0,10,,0.0,0.0,0.0,0.0,0.0,0.0,,0.0,0.0,0.0,0.01921490067845387,0.0,0.0,0.0,0,0.0,0.0
2024-10-28,4.331999778747559,-0.0017283492907218534,44.56961441040039,0.003999962533649981,-0.0057283118243718345,0.0057283118243718345,0.011247379725502788,0.019209368124415833,0,0,0.0,10,23.810847787534907,0.0,0.0,0.0,0.0,0.0,0.0,,0.0,0.0,0.0,0.019209368124415833,0.0,0.0,0.0,0,0.0,0.0
2024-10-29,4.332499980926514,0.00011546680621021821,44.4216423034668,-0.0033200221471753055,0.0034354889533855237,0.0034354889533855237,0.011013501013072116,0.019163194354932734,1,0,0.0,10,294.8084100599348,0.0,0.0,0.0,0.0,0.0,0.0,,0.0,0.0,0.0,0.019163194354932734,0.0,0.0,0.0,0,0.0,0.0
2024-10-30,4.327499866485596,-0.0011540945096204513,43.888938903808594,-0.011991978955191107,0.010837884445570656,0.010837884445570656,0.010882649986759212,0.01925320739482832,1,0,0.0,10,105.38225820084105,0.0,0.0,0.0,0.0,0.0,0.0,,0.0,0.0,0.0,0.01925320739482832,0.0,0.0,0.0,0,0.0,0.0
2024-10-31,4.313499927520752,-0.0032351102014506194,43.0997428894043,-0.0179816608493083,0.014746550647857681,0.014746550647857681,0.010821918331976363,0.019325212589008423,1,0,0.0,10,55.53740807097471,0.0,0.0,0.0,0.0,0.0,0.0,,0.0,0.0,0.0,0.019325212589008423,0.0,0.0,0.0,0,0.0,0.0
2024-11-01,4.347499847412109,0.007882211768321268,43.632450103759766,0.012359869888839414,-0.0044776581205181465,0.0044776581205181465,0.010748003445880238,0.018971707201546048,0,0,0.0,10,15.737502988181978,0.0,0.0,0.0,0.0,0.0,0.0,,0.0,0.0,0.0,0.018971707201546048,0.0,0.0,0.0,0,0.0,0.0
2024-11-02,4.347499847412109,0.0,43.632450103759766,0.0,0.0,0.0,0.010668326733371425,0.018925844218092607,1,0,0.0,10,,0.0,0.0,0.0,0.0,0.0,0.0,,0.0,0.0,0.0,0.018925844218092607,0.0,0.0,0.0,0,0.0,0.0
2024-11-03,4.347499847412109,0.0,43.632450103759766,0.0,0.0,0.0,0.010668326733371425,0.018925844218092607,1,0,0.0,10,,0.0,0.0,0.0,0.0,0.0,0.0,,0.0,0.0,0.0,0.018925844218092607,0.0,0.0,0.0,0,0.0,0.0
2024-11-04,4.4070000648498535,0.013686076946767933,43.90866470336914,0.006330485658094576,0.007355591288673358,0.007355591288673358,0.010820159853363992,0.018936634198443547,1,0,0.0,10,4.608559776643542,0.0,0.0,0.0,0.0,0.0,0.0,,0.0,0.0,0.0,0.018936634198443547,0.0,0.0,0.0,0,0.0,0.0
2024-11-05,4.450500011444092,0.00987064804949589,45.033267974853516,0.025612331394766485,-0.015741683345270596,0.015741683345270596,0.010832247611968819,0.01919603279554447,0,0,0.0,10,26.255972153976085,0.0,0.0,0.0,0.0,0.0,0.0,,0.0,0.0,0.0,0.01919603279554447,0.0,0.0,0.0,0,0.0,0.0
2024-11-06,4.222499847412109,-0.051230235579305394,43.25758361816406,-0.03943050186100172,-0.011799733718303673,0.011799733718303673,0.013124140977962297,0.020065708957179677,0,0,0.0,10,7.884943126514414,0.0,0.0,0.0,0.0,0.0,0.0,,0.0,0.0,0.0,0.020065708957179677,0.0,0.0,0.0,0,0.0,0.0
2024-11-07,4.409999847412109,0.044404974961672394,45.83232116699219,0.059521067370646774,-0.01511609240897438,0.01511609240897438,0.014525322456665839,0.02169707525514824,0,0,0.0,10,13.930681380416422,0.0,0.0,0.0,0.0,0.0,0.0,,0.0,0.0,0.0,0.02169707525514824,0.0,0.0,0.0,0,0.0,0.0
2024-11-08,4.286499977111816,-0.028004506705995857,43.5239372253418,-0.05036585280592021,0.02236134609992435,0.02236134609992435,0.015006157566452082,0.022382187081952408,1,0,0.0,10,18.261380865690214,0.0,0.0,0.0,0.0,0.0,0.0,,0.0,0.0,0.0,0.022382187081952408,0.0,0.0,0.0,0,0.0,0.0
2024-11-09,4.286499977111816,0.0,43.5239372253418,0.0,0.0,0.0,0.015005231823877573,0.02236187543361949,1,0,0.0,10,,0.0,0.0,0.0,0.0,0.0,0.0,,0.0,0.0,0.0,0.02236187543361949,0.0,0.0,0.0,0,0.0,0.0
2024-11-10,4.286499977111816,0.0,43.5239372253418,0.0,0.0,0.0,0.015005231823877573,0.02236187543361949,1,0,0.0,10,,0.0,0.0,0.0,0.0,0.0,0.0,,0.0,0.0,0.0,0.02236187543361949,0.0,0.0,0.0,0,0.0,0.0
2024-11-11,4.210999965667725,-0.017613440300298988,42.70515060424805,-0.01881232887674078,0.0011988885764417923,0.0011988885764417923,0.015213740040956493,0.02252933059353099,1,0,0.0,10,10.831619380966439,0.0,0.0,0.0,0.0,0.0,0.0,,0.0,0.0,0.0,0.02252933059353099,0.0,0.0,0.0,0,0.0,0.0
2024-11-12,4.119500160217285,-0.02172875948621167,41.363525390625,-0.031416004735728253,0.009687245249516585,0.009687245249516585,0.015511170173350235,0.02294588513097919,1,0,0.0,10,14.51740668682602,0.0,0.0,0.0,0.0,0.0,0.0,,0.0,0.0,0.0,0.02294588513097919,0.0,0.0,0.0,0,0.0,0.0
2024-11-13,4.065999984741211,-0.012987055078364729,40.31784439086914,-0.025280267817618385,0.012293212739253656,0.012293212739253656,0.014832387285653071,0.020739315062204864,1,0,0.0,10,19.301938156185845,0.0,0.0,0.0,0.0,0.0,0.0,,0.0,0.0,0.0,0.020739315062204864,0.0,0.0,0.0,0,0.0,0.0
2024-11-14,4.072999954223633,0.0017215862047936792,40.820953369140625,0.012478568382624733,-0.010756982177831054,0.010756982177831054,0.014838831455009683,0.020726383146477824,0,0,0.0,10,72.64483263282976,0.0,0.0,0.0,0.0,0.0,0.0,,0.0,0.0,0.0,0.020726383146477824,0.0,0.0,0.0,0,0.0,0.0
2024-11-15,4.051000118255615,-0.005401383799477855,40.544734954833984,-0.0067665841071573585,0.0013652003076795038,0.0013652003076795038,0.013900456528250442,0.019168674650694894,1,0,0.0,10,12.538242255782567,0.0,0.0,0.0,0.0,0.0,0.0,,0.0,0.0,0.0,0.019168674650694894,0.0,0.0,0.0,0,0.0,0.0
2024-11-16,4.051000118255615,0.0,40.544734954833984,0.0,0.0,0.0,0.013873607219807717,0.019164943177188108,1,0,0.0,10,,0.0,0.0,0.0,0.0,0.0,0.0,,0.0,0.0,0.0,0.019164943177188108,0.0,0.0,0.0,0,0.0,0.0
2024-11-17,4.051000118255615,0.0,40.544734954833984,0.0,0.0,0.0,0.013873607219807717,0.019164943177188108,1,0,0.0,10,,0.0,0.0,0.0,0.0,0.0,0.0,,0.0,0.0,0.0,0.019164943177188108,0.0,0.0,0.0,0,0.0,0.0
2024-11-18,4.107999801635742,0.014070521282697701,41.610145568847656,0.02627740975987436,-0.012206888477176658,0.012206888477176658,0.014060302196487004,0.019602599310676486,0,0,0.0,10,18.916517525271875,0.0,0.0,0.0,0.0,0.0,0.0,,0.0,0.0,0.0,0.019602599310676486,0.0,0.0,0.0,0,0.0,0.0
2024-11-19,4.130000114440918,0.005355480493552056,42.32041931152344,0.017069725014553727,-0.011714244521001671,0.011714244521001671,0.014048664423768596,0.019686096260119818,0,0,0.0,10,32.660887478724796,0.0,0.0,0.0,0.0,0.0,0.0,,0.0,0.0,0.0,0.019686096260119818,0.0,0.0,0.0,0,0.0,0.0
2024-11-20,4.143499851226807,0.0032687013103669393,41.95541763305664,-0.008624717911701052,0.011893419222067991,0.011893419222067991,0.013986964564073277,0.019513873753558432,1,0,0.0,10,26.717165659993572,0.0,0.0,0.0,0.0,0.0,0.0,,0.0,0.0,0.0,0.019513873753558432,0.0,0.0,0.0,0,0.0,0.0
2024-11-21,4.11299991607666,-0.007360911366055989,42.21190643310547,0.00611336543690455,-0.013474276802960539,0.013474276802960539,0.01383799530452493,0.019471949044262773,0,0,0.0,10,8.523638749413832,0.0,0.0,0.0,0.0,0.0,0.0,,0.0,0.0,0.0,0.019471949044262773,0.0,0.0,0.0,0,0.0,0.0
2024-11-22,4.073999881744385,-0.009482138372975513,42.01460647583008,-0.0046740356915189185,-0.004808102681456594,0.004808102681456594,0.013626809639724428,0.01877310014223232,0,0,0.0,10,5.083525703348253,0.0,0.0,0.0,0.0,0.0,0.0,,0.0,0.0,0.0,0.01877310014223232,0.0,0.0,0.0,0,0.0,0.0
2024-11-23,4.073999881744385,0.0,42.01460647583008,0.0,0.0,0.0,0.01359795445904372,0.018449297285454705,1,0,0.0,10,,0.0,0.0,0.0,0.0,0.0,0.0,,0.0,0.0,0.0,0.018449297285454705,0.0,0.0,0.0,0,0.0,0.0
2024-11-24,4.073999881744385,0.0,42.01460647583008,0.0,0.0,0.0,0.01359795445904372,0.018449297285454705,1,0,0.0,10,,0.0,0.0,0.0,0.0,0.0,0.0,,0.0,0.0,0.0,0.018449297285454705,0.0,0.0,0.0,0,0.0,0.0
2024-11-25,4.0914998054504395,0.004295514043697324,41.8962287902832,-0.002817536458778358,0.007113050502475682,0.007113050502475682,0.013624362414628688,0.018446987856711134,1,0,0.0,10,6.7165584565873315,0.0,0.0,0.0,0.0,0.0,0.0,,0.0,0.0,0.0,0.018446987856711134,0.0,0.0,0.0,0,0.0,0.0
2024-11-26,4.039000034332275,-0.012831424566665528,41.294471740722656,-0.014363036171410992,0.0015316116047454642,0.0015316116047454642,0.013710289204839847,0.01850997470535123,1,0,0.0,10,11.444305351779775,0.0,0.0,0.0,0.0,0.0,0.0,,0.0,0.0,0.0,0.01850997470535123,0.0,0.0,0.0,0,0.0,0.0
2024-11-27,4.066999912261963,0.0069323787303003925,41.610145568847656,0.00764445735271857,-0.0007120786224181774,0.0007120786224181774,0.013409543267257185,0.017500379115692435,0,0,0.0,10,11.282087226928448,0.0,0.0,0.0,0.0,0.0,0.0,,0.0,0.0,0.0,0.017500379115692435,0.0,0.0,0.0,0,0.0,0.0
2024-11-28,4.066999912261963,0.0,41.610145568847656,0.0,0.0,0.0,0.013309871685745552,0.017500051374249002,1,0,0.0,10,,0.0,0.0,0.0,0.0,0.0,0.0,,0.0,0.0,0.0,0.017500051374249002,0.0,0.0,0.0,0,0.0,0.0
2024-11-29,4.08050012588501,0.003319452646739496,42.05406951904297,0.010668646891917266,-0.00734919424517777,0.00734919424517777,0.013274690980221973,0.01743361577610602,0,0,0.0,10,33.1235973142397,0.0,0.0,0.0,0.0,0.0,0.0,,0.0,0.0,0.0,0.01743361577610602,0.0,0.0,0.0,0,0.0,0.0
2024-11-30,4.08050012588501,0.0,42.05406951904297,0.0,0.0,0.0,0.013061141282963146,0.017317579633460787,1,0,0.0,10,,0.0,0.0,0.0,0.0,0.0,0.0,,0.0,0.0,0.0,0.017317579633460787,0.0,0.0,0.0,0,0.0,0.0
2024-12-01,4.08050012588501,0.0,42.05406951904297,0.0,0.0,0.0,0.013061141282963146,0.017317579633460787,1,0,0.0,10,,0.0,0.0,0.0,0.0,0.0,0.0,,0.0,0.0,0.0,0.017317579633460787,0.0,0.0,0.0,0,0.0,0.0
2024-12-02,4.075500011444092,-0.0012253680398633948,41.76798629760742,-0.006802747622462579,0.0055773795825991845,0.0055773795825991845,0.01305912239248777,0.01733035504187947,1,0,0.0,10,56.895831583329446,0.0,0.0,0.0,0.0,0.0,0.0,,0.0,0.0,0.0,0.01733035504187947,0.0,0.0,0.0,0,0.0,0.0
2024-12-03,4.145999908447266,0.01729846566193327,42.16258239746094,0.009447333588024076,0.007851132073909195,0.007851132073909195,0.013063383570019882,0.0172948443864357,1,0,0.0,10,5.553919512224279,0.0,0.0,0.0,0.0,0.0,0.0,,0.0,0.0,0.0,0.0172948443864357,0.0,0.0,0.0,0,0.0,0.0
2024-12-04,4.142000198364258,-0.0009647154296502647,41.92582321166992,-0.005615386257870059,0.004650670828219794,0.004650670828219794,0.012917372124280976,0.01711308175832259,1,0,0.0,10,58.91852874291485,0.0,0.0,0.0,0.0,0.0,0.0,,0.0,0.0,0.0,0.01711308175832259,0.0,0.0,0.0,0,0.0,0.0
2024-12-05,4.135000228881836,-0.001689997379813346,42.172447204589844,0.005882388800687366,-0.007572386180500712,0.007572386180500712,0.012867836400188364,0.017010388164670404,0,0,0.0,10,35.49939569407495,0.0,0.0,0.0,0.0,0.0,0.0,,0.0,0.0,0.0,0.017010388164670404,0.0,0.0,0.0,0,0.0,0.0
2024-12-06,4.138500213623047,0.0008464291529572954,41.41284942626953,-0.01801170737461122,0.018858136527568514,0.018858136527568514,0.01279569450693835,0.016990633753220883,1,1,1.0,10,212.939583832788,-2130.0,10.0,8815.00545501709,-414.1284942626953,0.0,0.0,Opened,8815.00545501709,-414.1284942626953,0.0,0.016990633753220883,9229.133949279785,0.0,0.0,0,0.0,9229.133949279785
2024-12-07,4.138500213623047,0.0,41.41284942626953,0.0,0.0,0.0,0.012624052119233653,0.016763680260956152,1,1,0.0,10,,2130.0,-10.0,-8815.00545501709,414.1284942626953,0.0,0.0,Live,0.0,0.0,0.0,0.016763680260956152,9229.133949279785,0.0,0.0,0,0.0,0.0
2024-12-08,4.138500213623047,0.0,41.41284942626953,0.0,0.0,0.0,0.012624052119233653,0.016763680260956152,1,1,0.0,10,,2130.0,-10.0,-8815.00545501709,414.1284942626953,0.0,0.0,Live,0.0,0.0,0.0,0.016763680260956152,9229.133949279785,0.0,0.0,0,0.0,0.0
2024-12-09,4.223499774932861,0.020538735513414785,42.97150421142578,0.03763698481871525,-0.01709824930530046,0.01709824930530046,0.012982967375727456,0.01765844034344797,0,0,-1.0,10,18.644433946631295,2130.0,-10.0,-8996.054520606995,429.7150421142578,-181.04906558990479,15.5865478515625,Closed,-8996.054520606995,429.7150421142578,-165.46251773834229,0.01765844034344797,9425.769562721252,-165.46251773834229,-0.017554271472192948,0,-165.46251773834229,0.0
2024-12-10,4.223499774932861,0.0,42.576904296875,-0.009182827592194465,0.009182827592194465,0.009182827592194465,0.012964565410650384,0.017620759234448523,1,0,0.0,10,inf,0.0,0.0,0.0,0.0,0.0,0.0,,0.0,0.0,0.0,0.017620759234448523,0.0,0.0,0.0,0,0.0,0.0
2024-12-11,4.214000225067139,-0.0022492128263161826,42.60649871826172,0.000695081567705591,-0.0029442943940217736,0.0029442943940217736,0.012936338773275158,0.017501772100267578,0,0,0.0,10,3.124543049041945,0.0,0.0,0.0,0.0,0.0,0.0,,0.0,0.0,0.0,0.017501772100267578,0.0,0.0,0.0,0,0.0,0.0
2024-12-12,4.195000171661377,-0.004508792688889596,41.284603118896484,-0.031025680098858976,0.02651688740996938,0.02651688740996938,0.01287752379285962,0.017829111595218158,1,1,1.0,10,67.72003502205442,-678.0,10.0,2844.2101163864136,-412.84603118896484,0.0,0.0,Opened,2844.2101163864136,-412.84603118896484,0.0,0.017829111595218158,3257.0561475753784,0.0,0.0,0,0.0,3257.0561475753784
2024-12-13,4.14900016784668,-0.010965435502349297,40.386898040771484,-0.021744306843393346,0.01077887134104405,0.01077887134104405,0.012949741316012895,0.018062524064211435,1,1,0.0,10,19.30264078923141,678.0,-10.0,-2813.022113800049,403.86898040771484,31.188002586364746,-8.97705078125,Live,0.0,0.0,0.0,0.018062524064211435,3216.8910942077637,22.210951805114746,0.006904477383492127,0,0.0,0.0
2024-12-14,4.14900016784668,0.0,40.386898040771484,0.0,0.0,0.0,0.012927219050257314,0.018055423743369308,1,1,0.0,10,,678.0,-10.0,-2813.022113800049,403.86898040771484,31.188002586364746,-8.97705078125,Live,0.0,0.0,0.0,0.018055423743369308,3216.8910942077637,22.210951805114746,0.006904477383492127,0,0.0,0.0
2024-12-15,4.14900016784668,0.0,40.386898040771484,0.0,0.0,0.0,0.012927219050257314,0.018055423743369308,1,1,0.0,10,,678.0,-10.0,-2813.022113800049,403.86898040771484,31.188002586364746,-8.97705078125,Live,0.0,0.0,0.0,0.018055423743369308,3216.8910942077637,22.210951805114746,0.006904477383492127,0,0.0,0.0
2024-12-16,4.143499851226807,-0.0013256968901805832,39.68648910522461,-0.017342479108937714,0.01601678221875713,0.01601678221875713,0.012926872686978721,0.01818760884152676,1,1,0.0,10,125.2974681254044,678.0,-10.0,-2809.292899131775,396.8648910522461,34.91721725463867,-15.98114013671875,Live,0.0,0.0,0.0,0.01818760884152676,3206.157790184021,18.936077117919922,0.005906158822218499,0,0.0,0.0
2024-12-17,4.0914998054504395,-0.012549788257135042,39.22283935546875,-0.011682810956810563,-0.0008669773003244785,0.0008669773003244785,0.0130321823940762,0.018215882897578774,0,0,-1.0,10,8.924161997096746,678.0,-10.0,-2774.036868095398,392.2283935546875,70.17324829101562,-20.617637634277344,Closed,-2774.036868095398,392.2283935546875,49.55561065673828,0.018215882897578774,3166.2652616500854,49.55561065673828,0.015651124135730998,0,49.55561065673828,0.0
2024-12-18,4.099999904632568,0.002077502037469481,37.69377899169922,-0.03898392846861398,0.04106143050608346,0.04106143050608346,0.013038740226817318,0.018937002121909626,1,1,1.0,10,172.51623691329016,-1726.0,10.0,7076.599835395813,-376.9377899169922,0.0,0.0,Opened,7076.599835395813,-376.9377899169922,0.0,0.018937002121909626,7453.537625312805,0.0,0.0,0,0.0,7453.537625312805
2024-12-19,4.020500183105469,-0.0193901764332417,37.78256607055664,0.002355483616460319,-0.02174566004970202,0.02174566004970202,0.013295132689606864,0.018908249453487146,0,0,-1.0,10,1.1415887789627888,1726.0,-10.0,-6939.383316040039,377.8256607055664,137.21651935577393,0.8878707885742188,Closed,-6939.383316040039,377.8256607055664,138.10439014434814,0.018908249453487146,7317.2089767456055,138.10439014434814,0.018873916350243602,0,138.10439014434814,0.0
2024-12-20,4.040999889373779,0.005098795009250923,38.38432312011719,0.015926844366176862,-0.01082804935692594,0.01082804935692594,0.013323655404776901,0.018961247539474754,0,0,0.0,10,29.670661723732227,0.0,0.0,0.0,0.0,0.0,0.0,,0.0,0.0,0.0,0.018961247539474754,0.0,0.0,0.0,0,0.0,0.0
2024-12-21,4.040999889373779,0.0,38.38432312011719,0.0,0.0,0.0,0.01326027932598796,0.01884860887424317,1,0,0.0,10,,0.0,0.0,0.0,0.0,0.0,0.0,,0.0,0.0,0.0,0.01884860887424317,0.0,0.0,0.0,0,0.0,0.0
2024-12-22,4.040999889373779,0.0,38.38432312011719,0.0,0.0,0.0,0.01326027932598796,0.01884860887424317,1,0,0.0,10,,0.0,0.0,0.0,0.0,0.0,0.0,,0.0,0.0,0.0,0.01884860887424317,0.0,0.0,0.0,0,0.0,0.0
2024-12-23,4.0229997634887695,-0.004454374258297533,38.77892303466797,0.010280236369310192,-0.014734610627607725,0.014734610627607725,0.013265818548652763,0.018931052388387666,0,0,0.0,10,22.24652249907119,0.0,0.0,0.0,0.0,0.0,0.0,,0.0,0.0,0.0,0.018931052388387666,0.0,0.0,0.0,0,0.0,0.0
2024-12-24,4.049499988555908,0.006587180369147516,38.78878402709961,0.0002542874236817205,0.006332892945465796,0.006332892945465796,0.013137739794032755,0.01889477354638789,1,0,0.0,10,0.3697686516128999,0.0,0.0,0.0,0.0,0.0,0.0,,0.0,0.0,0.0,0.01889477354638789,0.0,0.0,0.0,0,0.0,0.0
2024-12-25,4.049499988555908,0.0,38.78878402709961,0.0,0.0,0.0,0.013035537291811372,0.018464860380549487,1,0,0.0,10,,0.0,0.0,0.0,0.0,0.0,0.0,,0.0,0.0,0.0,0.018464860380549487,0.0,0.0,0.0,0,0.0,0.0
2024-12-26,4.072000026702881,0.005556250947168495,38.9268913269043,0.0035604957275330307,0.0019957552196354644,0.0019957552196354644,0.01094787651928532,0.01771053423815959,1,0,0.0,10,6.125909366823951,0.0,0.0,0.0,0.0,0.0,0.0,,0.0,0.0,0.0,0.01771053423815959,0.0,0.0,0.0,0,0.0,0.0
2024-12-27,4.0625,-0.0023330124362923588,38.70000076293945,-0.005828633015142137,0.0034956205788497785,0.0034956205788497785,0.008806916275026876,0.015332974798677883,1,0,0.0,10,23.79946846656143,0.0,0.0,0.0,0.0,0.0,0.0,,0.0,0.0,0.0,0.015332974798677883,0.0,0.0,0.0,0,0.0,0.0
2024-12-28,4.0625,0.0,38.70000076293945,0.0,0.0,0.0,0.007941514576993904,0.013747680615082922,1,0,0.0,10,,0.0,0.0,0.0,0.0,0.0,0.0,,0.0,0.0,0.0,0.013747680615082922,0.0,0.0,0.0,0,0.0,0.0
2024-12-29,4.0625,0.0,38.70000076293945,0.0,0.0,0.0,0.007941514576993904,0.013747680615082922,1,0,0.0,10,,0.0,0.0,0.0,0.0,0.0,0.0,,0.0,0.0,0.0,0.013747680615082922,0.0,0.0,0.0,0,0.0,0.0
2024-12-30,4.045499801635742,-0.00418466421274033,38.16999816894531,-0.01369515719755987,0.00951049298481954,0.00951049298481954,0.007952353354655533,0.013837994672754872,1,0,0.0,10,30.87851182650546,0.0,0.0,0.0,0.0,0.0,0.0,,0.0,0.0,0.0,0.013837994672754872,0.0,0.0,0.0,0,0.0,0.0
2024-12-31,3.9860000610351562,-0.014707636514165179,38.18000030517578,0.00026204183155043026,-0.014969678345715609,0.014969678345715609,0.007839213516209968,0.013641418728877638,0,1,1.0,10,0.1706578872160437,2.0,-10.0,-7.9720001220703125,381.8000030517578,0.0,0.0,Opened,-7.9720001220703125,381.8000030517578,0.0,0.013641418728877638,389.7720031738281,0.0,0.0,0,0.0,389.7720031738281
2025-01-01,3.9860000610351562,0.0,38.18000030517578,0.0,0.0,0.0,0.007250641114299881,0.012972864476889513,1,0,-1.0,10,,-2.0,10.0,7.9720001220703125,-381.8000030517578,0.0,0.0,Closed,7.9720001220703125,-381.8000030517578,0.0,0.012972864476889513,389.7720031738281,0.0,0.0,0,0.0,0.0
2025-01-02,3.9885001182556152,0.0006272095288955004,38.52000045776367,0.008905189886596165,-0.008277980357700665,0.008277980357700665,0.007029491348266911,0.012590143774333706,0,0,0.0,10,137.12202272146166,0.0,0.0,0.0,0.0,0.0,0.0,,0.0,0.0,0.0,0.012590143774333706,0.0,0.0,0.0,0,0.0,0.0
2025-01-03,4.0395002365112305,0.012786791210606774,38.959999084472656,0.011422601803741772,0.0013641894068650018,0.0013641894068650018,0.0072665624132818175,0.01256822335278785,1,0,0.0,10,8.615783228221748,0.0,0.0,0.0,0.0,0.0,0.0,,0.0,0.0,0.0,0.01256822335278785,0.0,0.0,0.0,0,0.0,0.0
2025-01-04,4.0395002365112305,0.0,38.959999084472656,0.0,0.0,0.0,0.007226778412576631,0.012539669766918624,1,0,0.0,10,,0.0,0.0,0.0,0.0,0.0,0.0,,0.0,0.0,0.0,0.012539669766918624,0.0,0.0,0.0,0,0.0,0.0
2025-01-05,4.0395002365112305,0.0,38.959999084472656,0.0,0.0,0.0,0.007226778412576631,0.012539669766918624,1,0,0.0,10,,0.0,0.0,0.0,0.0,0.0,0.0,,0.0,0.0,0.0,0.012539669766918624,0.0,0.0,0.0,0,0.0,0.0
2025-01-06,4.126999855041504,0.021661000967249322,39.560001373291016,0.015400469787420601,0.006260531179828721,0.006260531179828721,0.007850984634055307,0.012745167600045229,1,0,0.0,10,6.815179387419853,0.0,0.0,0.0,0.0,0.0,0.0,,0.0,0.0,0.0,0.012745167600045229,0.0,0.0,0.0,0,0.0,0.0
2025-01-07,4.1605000495910645,0.008117323897803619,39.18000030517578,-0.009605688951562885,0.017723012849366504,0.017723012849366504,0.007682803836726355,0.01221072170835894,1,1,1.0,10,11.143831771555183,-112.0,10.0,465.9760055541992,-391.8000030517578,0.0,0.0,Opened,465.9760055541992,-391.8000030517578,0.0,0.01221072170835894,857.776008605957,0.0,0.0,0,0.0,857.776008605957
2025-01-08,4.227499961853027,0.01610381239354819,39.439998626708984,0.006635995903727876,0.009467816489820313,0.009467816489820313,0.007972540137055348,0.011980339651231249,1,1,0.0,10,3.8444187401078667,112.0,-10.0,-473.47999572753906,394.39998626708984,-7.503990173339844,2.5999832153320312,Live,0.0,0.0,0.0,0.011980339651231249,867.8799819946289,-4.9040069580078125,-0.0056505589018622645,0,0.0,0.0
2025-01-09,4.2795000076293945,0.01230042489546812,39.439998626708984,0.0,0.01230042489546812,0.01230042489546812,0.008137216393610792,0.011935291236239343,1,1,0.0,10,0.0,112.0,-10.0,-479.3040008544922,394.39998626708984,-13.327995300292969,2.5999832153320312,Live,0.0,0.0,0.0,0.011935291236239343,873.703987121582,-10.728012084960938,-0.012278772036172543,1,-10.728012084960938,0.0
2025-01-10,4.274499893188477,-0.0011683875293851953,39.16999816894531,-0.00684585362994472,0.005677466100559525,0.005677466100559525,0.008059108700976526,0.011914687113191477,1,1,0.0,10,53.69192032541055,112.0,-10.0,-478.7439880371094,391.6999816894531,-12.767982482910156,-0.1000213623046875,Live,0.0,0.0,0.0,0.011914687113191477,870.4439697265625,-12.868003845214844,-0.014783264969090593,1,0.0,0.0
2025-01-11,4.274499893188477,0.0,39.16999816894531,0.0,0.0,0.0,0.007922568725125843,0.011907007783924584,1,1,0.0,10,,112.0,-10.0,-478.7439880371094,391.6999816894531,-12.767982482910156,-0.1000213623046875,Live,0.0,0.0,0.0,0.011907007783924584,870.4439697265625,-12.868003845214844,-0.014783264969090593,1,0.0,0.0
2025-01-12,4.274499893188477,0.0,39.16999816894531,0.0,0.0,0.0,0.007922568725125843,0.011907007783924584,1,1,0.0,10,,112.0,-10.0,-478.7439880371094,391.6999816894531,-12.767982482910156,-0.1000213623046875,Live,0.0,0.0,0.0,0.011907007783924584,870.4439697265625,-12.868003845214844,-0.014783264969090593,1,0.0,0.0
2025-01-13,4.295499801635742,0.0049128340091268985,39.06999969482422,-0.002552935379005805,0.007465769388132704,0.007465769388132704,0.007940459684214031,0.011906655774341867,1,1,0.0,10,4.726475767502928,112.0,-10.0,-481.0959777832031,390.6999969482422,-15.119972229003906,-1.100006103515625,Live,0.0,0.0,0.0,0.011906655774341867,871.7959747314453,-16.21997833251953,-0.018605245725659674,1,0.0,0.0
2025-01-14,4.310500144958496,0.0034921066268100986,39.27000045776367,0.0051190367161930705,-0.001626930089382972,0.001626930089382972,0.007934651919967691,0.011939989491803846,0,0,-1.0,10,13.354695526330918,112.0,-10.0,-482.77601623535156,392.7000045776367,-16.800010681152344,0.9000015258789062,Closed,-482.77601623535156,392.7000045776367,-15.900009155273438,0.011939989491803846,875.4760208129883,-15.900009155273438,-0.018161558714661657,1,0.0,0.0
2025-01-15,4.359499931335449,0.011367540825688804,39.720001220703125,0.011459148400658759,-9.160757496995409e-05,9.160757496995409e-05,0.007806136977848634,0.011918500034360683,0,0,0.0,10,9.184560920601117,0.0,0.0,0.0,0.0,0.0,0.0,,0.0,0.0,0.0,0.011918500034360683,0.0,0.0,0.0,0,0.0,0.0
2025-01-16,4.4105000495910645,0.011698616597980438,39.630001068115234,-0.0022658647991425918,0.01396448139712303,0.01396448139712303,0.007901621428976704,0.0118590317955809,1,1,1.0,10,1.7403465528682267,-18.0,10.0,79.38900089263916,-396.30001068115234,0.0,0.0,Opened,79.38900089263916,-396.30001068115234,0.0,0.0118590317955809,475.6890115737915,0.0,0.0,0,0.0,475.6890115737915
2025-01-17,4.337500095367432,-0.01655140083954909,39.83000183105469,0.005046700922255676,-0.021598101761804767,0.021598101761804767,0.008308527254213183,0.011888336119372239,0,0,-1.0,10,2.799907222679735,18.0,-10.0,-78.07500171661377,398.3000183105469,1.3139991760253906,2.0000076293945312,Closed,-78.07500171661377,398.3000183105469,3.314006805419922,0.011888336119372239,476.37502002716064,3.314006805419922,0.006956718270473067,0,3.314006805419922,0.0
2025-01-18,4.337500095367432,0.0,39.83000183105469,0.0,0.0,0.0,0.008305505942972257,0.011773397112365011,1,0,0.0,10,,0.0,0.0,0.0,0.0,0.0,0.0,,0.0,0.0,0.0,0.011773397112365011,0.0,0.0,0.0,0,0.0,0.0
2025-01-19,4.337500095367432,0.0,39.83000183105469,0.0,0.0,0.0,0.008305505942972257,0.011773397112365011,1,0,0.0,10,,0.0,0.0,0.0,0.0,0.0,0.0,,0.0,0.0,0.0,0.011773397112365011,0.0,0.0,0.0,0,0.0,0.0
2025-01-20,4.337500095367432,0.0,39.83000183105469,0.0,0.0,0.0,0.008305505942972257,0.011773397112365011,1,0,0.0,10,,0.0,0.0,0.0,0.0,0.0,0.0,,0.0,0.0,0.0,0.011773397112365011,0.0,0.0,0.0,0,0.0,0.0
2025-01-21,4.310999870300293,-0.006109561840803579,40.34000015258789,0.012804376050406407,-0.018913937891209986,0.018913937891209986,0.008363804045562374,0.011902609646770703,0,1,1.0,10,19.611293578298206,197.0,-10.0,-849.2669744491577,403.4000015258789,0.0,0.0,Opened,-849.2669744491577,403.4000015258789,0.0,0.011902609646770703,1252.6669759750366,0.0,0.0,0,0.0,1252.6669759750366
2025-01-22,4.271500110626221,-0.009162551812213482,39.209999084472656,-0.0280119252315556,0.01884937341934212,0.01884937341934212,0.008156282622641462,0.01242315462563887,1,0,-1.0,10,28.06357050847246,-197.0,10.0,841.4855217933655,-392.09999084472656,-7.781452655792236,11.300010681152344,Closed,841.4855217933655,-392.09999084472656,3.5185580253601074,0.01242315462563887,1233.585512638092,3.5185580253601074,0.00285230167614037,0,3.5185580253601074,0.0
2025-01-23,4.299499988555908,0.0065550455822376286,39.45000076293945,0.006120930478721753,0.00043411510351587523,0.00043411510351587523,0.008195528105741387,0.012452240208509532,1,0,0.0,10,8.56782908937895,0.0,0.0,0.0,0.0,0.0,0.0,,0.0,0.0,0.0,0.012452240208509532,0.0,0.0,0.0,0,0.0,0.0
2025-01-24,4.289999961853027,-0.0022095654676513865,39.939998626708984,0.012420731414277908,-0.014630296881929294,0.014630296881929294,0.008199051838421317,0.012561346222033424,0,1,1.0,10,52.334858477662365,524.0,-10.0,-2247.9599800109863,399.39998626708984,0.0,0.0,Opened,-2247.9599800109863,399.39998626708984,0.0,0.012561346222033424,2647.359966278076,0.0,0.0,0,0.0,2647.359966278076
2025-01-25,4.289999961853027,0.0,39.939998626708984,0.0,0.0,0.0,0.008199762797549954,0.012319751690972255,1,0,-1.0,10,,-524.0,10.0,2247.9599800109863,-399.39998626708984,0.0,0.0,Closed,2247.9599800109863,-399.39998626708984,0.0,0.012319751690972255,2647.359966278076,0.0,0.0,0,0.0,0.0
2025-01-26,4.289999961853027,0.0,39.939998626708984,0.0,0.0,0.0,0.008199762797549954,0.012319751690972255,1,0,0.0,10,,0.0,0.0,0.0,0.0,0.0,0.0,,0.0,0.0,0.0,0.012319751690972255,0.0,0.0,0.0,0,0.0,0.0
2025-01-27,4.203499794006348,-0.020163209467563004,39.099998474121094,-0.021031551864555076,0.0008683423969920723,0.0008683423969920723,0.008717010781395374,0.012651698978183988,1,0,0.0,10,9.702359612545576,0.0,0.0,0.0,0.0,0.0,0.0,,0.0,0.0,0.0,0.012651698978183988,0.0,0.0,0.0,0,0.0,0.0
2025-01-28,4.2204999923706055,0.0040442962287039474,37.9900016784668,-0.028388665958362203,0.03243296218706615,0.03243296218706615,0.008236199985099467,0.011955801632125881,1,1,1.0,10,63.18404636792153,-632.0,10.0,2667.3559951782227,-379.90001678466797,0.0,0.0,Opened,2667.3559951782227,-379.90001678466797,0.0,0.011955801632125881,3047.2560119628906,0.0,0.0,0,0.0,3047.2560119628906
2025-01-29,4.257500171661377,0.008766776296092127,38.540000915527344,0.01447747335510896,-0.005710697059016834,0.005710697059016834,0.008328583039300874,0.012148157709985986,0,0,-1.0,10,14.948922697218581,632.0,-10.0,-2690.7401084899902,385.40000915527344,-23.384113311767578,5.499992370605469,Closed,-2690.7401084899902,385.40000915527344,-17.88412094116211,0.012148157709985986,3076.1401176452637,-17.88412094116211,-0.005813818700447273,0,-17.88412094116211,0.0
2025-01-30,4.288000106811523,0.007163813017121878,39.09000015258789,0.01427086725467519,-0.007107054237553312,0.007107054237553312,0.00837845735460371,0.012357639648224106,0,0,0.0,10,18.160048717295,0.0,0.0,0.0,0.0,0.0,0.0,,0.0,0.0,0.0,0.012357639648224106,0.0,0.0,0.0,0,0.0,0.0
2025-01-31,4.26200008392334,-0.006063438022513634,38.18000030517578,-0.023279607159373827,0.017216169136860193,0.017216169136860193,0.008399837669095914,0.01202590193374807,1,1,1.0,10,34.39372212603783,-344.0,10.0,1466.128028869629,-381.8000030517578,0.0,0.0,Opened,1466.128028869629,-381.8000030517578,0.0,0.01202590193374807,1847.9280319213867,0.0,0.0,0,0.0,1847.9280319213867
2025-02-01,4.26200008392334,0.0,38.18000030517578,0.0,0.0,0.0,0.008239960592300371,0.011666323546665577,1,1,0.0,10,,344.0,-10.0,-1466.128028869629,381.8000030517578,0.0,0.0,Live,0.0,0.0,0.0,0.011666323546665577,1847.9280319213867,0.0,0.0,0,0.0,0.0
2025-02-02,4.26200008392334,0.0,38.18000030517578,0.0,0.0,0.0,0.008239960592300371,0.011666323546665577,1,1,0.0,10,,344.0,-10.0,-1466.128028869629,381.8000030517578,0.0,0.0,Live,0.0,0.0,0.0,0.011666323546665577,1847.9280319213867,0.0,0.0,0,0.0,0.0
2025-02-03,4.294000148773193,0.007508227174973792,38.029998779296875,-0.003928798446305226,0.011437025621279018,0.011437025621279018,0.008297558078238901,0.0116722962631994,1,1,0.0,10,4.634326217370348,344.0,-10.0,-1477.1360511779785,380.29998779296875,-11.00802230834961,-1.5000152587890625,Live,0.0,0.0,0.0,0.0116722962631994,1857.4360389709473,-12.508037567138672,-0.006734034068849201,0,0.0,0.0
2025-02-04,4.34250020980835,0.011294843818068445,39.25,0.03207997002006957,-0.020785126202001125,0.020785126202001125,0.008425004844830653,0.012344977856405093,0,0,-1.0,10,25.67163543805692,344.0,-10.0,-1493.8200721740723,392.5,-27.69204330444336,10.699996948242188,Closed,-1493.8200721740723,392.5,-16.992046356201172,0.012344977856405093,1886.3200721740723,-16.992046356201172,-0.009008039837384036,0,-16.992046356201172,0.0
2025-02-05,4.434500217437744,0.021185953525481693,39.619998931884766,0.009426724379229645,0.011759229146252048,0.011759229146252048,0.00866727339570735,0.012303269017889593,1,0,0.0,10,3.975415923688292,0.0,0.0,0.0,0.0,0.0,0.0,,0.0,0.0,0.0,0.012303269017889593,0.0,0.0,0.0,0,0.0,0.0
2025-02-06,4.453499794006348,0.00428449106708606,40.45000076293945,0.020949062428841536,-0.016664571361755476,0.016664571361755476,0.008675120696988017,0.011276957630573327,0,1,1.0,10,44.41017114783505,445.0,-10.0,-1981.8074083328247,404.50000762939453,0.0,0.0,Opened,-1981.8074083328247,404.50000762939453,0.0,0.011276957630573327,2386.3074159622192,0.0,0.0,0,0.0,2386.3074159622192
2025-02-07,4.581500053405762,0.02874149889300104,41.16999816894531,0.017799688317077234,0.010941810575923805,0.010941810575923805,0.008953944219594005,0.01151066261652884,1,0,-1.0,10,5.565140537652455,-445.0,10.0,2038.767523765564,-411.6999816894531,56.96011543273926,-7.199974060058594,Closed,2038.767523765564,-411.6999816894531,49.760141372680664,0.01151066261652884,2450.467505455017,49.760141372680664,0.02030638694939189,0,49.760141372680664,0.0
2025-02-08,4.581500053405762,0.0,41.16999816894531,0.0,0.0,0.0,0.008954578202438095,0.011330250405609789,1,0,0.0,10,,0.0,0.0,0.0,0.0,0.0,0.0,,0.0,0.0,0.0,0.011330250405609789,0.0,0.0,0.0,0,0.0,0.0
2025-02-09,4.581500053405762,0.0,41.16999816894531,0.0,0.0,0.0,0.008954578202438095,0.011330250405609789,1,0,0.0,10,,0.0,0.0,0.0,0.0,0.0,0.0,,0.0,0.0,0.0,0.011330250405609789,0.0,0.0,0.0,0,0.0,0.0
2025-02-10,4.700500011444092,0.025974016512314346,41.77000045776367,0.014573774969728781,0.011400241542585565,0.011400241542585565,0.009537866655392099,0.011478278849196758,1,0,0.0,10,4.986012570136113,0.0,0.0,0.0,0.0,0.0,0.0,,0.0,0.0,0.0,0.011478278849196758,0.0,0.0,0.0,0,0.0,0.0
2025-02-11,4.5945000648498535,-0.022550781052263602,40.4900016784668,-0.0306439733126449,0.008093192260381299,0.008093192260381299,0.010152833347680558,0.012288579998970863,1,0,0.0,10,11.975482483490563,0.0,0.0,0.0,0.0,0.0,0.0,,0.0,0.0,0.0,0.012288579998970863,0.0,0.0,0.0,0,0.0,0.0
2025-02-12,4.697999954223633,0.02252690998213347,40.86000061035156,0.009138032021409837,0.013388877960723633,0.013388877960723633,0.010520631469866058,0.012342593819484497,1,1,1.0,10,3.528063657156354,-36.0,10.0,169.12799835205078,-408.6000061035156,0.0,0.0,Opened,169.12799835205078,-408.6000061035156,0.0,0.012342593819484497,577.7280044555664,0.0,0.0,0,0.0,577.7280044555664
2025-02-13,4.769000053405762,0.015112835222209409,42.08000183105469,0.029858081313734575,-0.014745246091525166,0.014745246091525166,0.010648145858953231,0.012992682046173761,0,0,-1.0,10,17.432688582539598,36.0,-10.0,-171.68400192260742,420.8000183105469,-2.5560035705566406,12.20001220703125,Closed,-171.68400192260742,420.8000183105469,9.64400863647461,0.012992682046173761,592.4840202331543,9.64400863647461,0.01627724682377003,0,9.64400863647461,0.0
2025-02-14,4.656499862670898,-0.02358989085238561,41.66999816894531,-0.009743432610946234,-0.013846458241439374,0.013846458241439374,0.011301610228436967,0.013089938280737923,0,1,1.0,10,3.6961530078298326,37.0,-10.0,-172.29049491882324,416.6999816894531,0.0,0.0,Opened,-172.29049491882324,416.6999816894531,0.0,0.013089938280737923,588.9904766082764,0.0,0.0,0,0.0,588.9904766082764
2025-02-15,4.656499862670898,0.0,41.66999816894531,0.0,0.0,0.0,0.011285005620078455,0.013049714608630397,1,0,-1.0,10,,-37.0,10.0,172.29049491882324,-416.6999816894531,0.0,0.0,Closed,172.29049491882324,-416.6999816894531,0.0,0.013049714608630397,588.9904766082764,0.0,0.0,0,0.0,0.0
2025-02-16,4.656499862670898,0.0,41.66999816894531,0.0,0.0,0.0,0.011285005620078455,0.013049714608630397,1,0,0.0,10,,0.0,0.0,0.0,0.0,0.0,0.0,,0.0,0.0,0.0,0.013049714608630397,0.0,0.0,0.0,0,0.0,0.0
2025-02-17,4.656499862670898,0.0,41.66999816894531,0.0,0.0,0.0,0.011285005620078455,0.013049714608630397,1,0,0.0,10,,0.0,0.0,0.0,0.0,0.0,0.0,,0.0,0.0,0.0,0.013049714608630397,0.0,0.0,0.0,0,0.0,0.0
2025-02-18,4.585000038146973,-0.015354843043614896,41.369998931884766,-0.007199406053349011,-0.008155436990265885,0.008155436990265885,0.011533826647864693,0.012926459882536451,0,0,0.0,10,4.230556051426491,0.0,0.0,0.0,0.0,0.0,0.0,,0.0,0.0,0.0,0.012926459882536451,0.0,0.0,0.0,0,0.0,0.0
2025-02-19,4.557000160217285,-0.006106843554357644,40.130001068115234,-0.029973359820752554,0.02386651626639491,0.02386651626639491,0.011333251960240948,0.0136800391256062,1,1,1.0,10,43.22238827651838,-433.0,10.0,1973.1810693740845,-401.30001068115234,0.0,0.0,Opened,1973.1810693740845,-401.30001068115234,0.0,0.0136800391256062,2374.481080055237,0.0,0.0,0,0.0,2374.481080055237
2025-02-20,4.607999801635742,0.011191494322007056,41.119998931884766,0.02466976918563102,-0.013478274863623962,0.013478274863623962,0.011388335305841345,0.014079031234151385,0,0,-1.0,10,19.67060196232166,433.0,-10.0,-1995.2639141082764,411.19998931884766,-22.082844734191895,9.899978637695312,Closed,-1995.2639141082764,411.19998931884766,-12.182866096496582,0.014079031234151385,2406.463903427124,-12.182866096496582,-0.005062559251001672,0,-12.182866096496582,0.0
2025-02-21,4.559999942779541,-0.01041663648491531,39.27000045776367,-0.04499023643423761,0.0345735999493223,0.0345735999493223,0.011540734567109613,0.015498520641649029,1,1,1.0,10,37.19519466667158,-372.0,10.0,1696.3199787139893,-392.7000045776367,0.0,0.0,Opened,1696.3199787139893,-392.7000045776367,0.0,0.015498520641649029,2089.019983291626,0.0,0.0,0,0.0,2089.019983291626
2025-02-22,4.559999942779541,0.0,39.27000045776367,0.0,0.0,0.0,0.011455071438514047,0.015418275096407743,1,1,0.0,10,,372.0,-10.0,-1696.3199787139893,392.7000045776367,0.0,0.0,Live,0.0,0.0,0.0,0.015418275096407743,2089.019983291626,0.0,0.0,0,0.0,0.0
2025-02-23,4.559999942779541,0.0,39.27000045776367,0.0,0.0,0.0,0.011455071438514047,0.015418275096407743,1,1,0.0,10,,372.0,-10.0,-1696.3199787139893,392.7000045776367,0.0,0.0,Live,0.0,0.0,0.0,0.015418275096407743,2089.019983291626,0.0,0.0,0,0.0,0.0
2025-02-24,4.517000198364258,-0.00942976863045153,39.18000030517578,-0.0022918296801317517,-0.007137938950319778,0.007137938950319778,0.011573931123719424,0.015422517796879798,0,0,-1.0,10,2.1081214531246903,372.0,-10.0,-1680.324073791504,391.8000030517578,15.995904922485352,-0.9000015258789062,Closed,-1680.324073791504,391.8000030517578,15.095903396606445,0.015422517796879798,2072.1240768432617,15.095903396606445,0.007285231403519047,0,15.095903396606445,0.0
2025-02-25,4.486000061035156,-0.006862992244350052,39.130001068115234,-0.001276141824173016,-0.005586850420177036,0.005586850420177036,0.011300011548303533,0.015267285482918606,0,0,0.0,10,1.6219446104248454,0.0,0.0,0.0,0.0,0.0,0.0,,0.0,0.0,0.0,0.015267285482918606,0.0,0.0,0.0,0,0.0,0.0
2025-02-26,4.541999816894531,0.012483226727030505,39.400001525878906,0.0069000881777046,0.005583138549325906,0.005583138549325906,0.011367028544941071,0.015236049299074702,1,0,0.0,10,4.794870790194951,0.0,0.0,0.0,0.0,0.0,0.0,,0.0,0.0,0.0,0.015236049299074702,0.0,0.0,0.0,0,0.0,0.0
2025-02-27,4.579999923706055,0.008366382286097318,38.689998626708984,-0.01802037745362961,0.026386759739726928,0.026386759739726928,0.011220315394102775,0.015422242565354535,1,1,1.0,10,18.19530844127441,-182.0,10.0,833.559986114502,-386.89998626708984,0.0,0.0,Opened,833.559986114502,-386.89998626708984,0.0,0.015422242565354535,1220.4599723815918,0.0,0.0,0,0.0,1220.4599723815918
2025-02-28,4.514500141143799,-0.014301262806409532,38.220001220703125,-0.012147775205176736,-0.0021534876012327953,0.0021534876012327953,0.011335797519067551,0.015513373323752487,0,0,-1.0,10,7.191233405152133,182.0,-10.0,-821.6390256881714,382.20001220703125,11.920960426330566,-4.699974060058594,Closed,-821.6390256881714,382.20001220703125,7.220986366271973,0.015513373323752487,1203.8390378952026,7.220986366271973,0.005998298891268036,0,7.220986366271973,0.0
2025-03-01,4.514500141143799,0.0,38.220001220703125,0.0,0.0,0.0,0.011332161124063668,0.015486496003664819,1,0,0.0,10,,0.0,0.0,0.0,0.0,0.0,0.0,,0.0,0.0,0.0,0.015486496003664819,0.0,0.0,0.0,0,0.0,0.0
2025-03-02,4.514500141143799,0.0,38.220001220703125,0.0,0.0,0.0,0.011332161124063668,0.015486496003664819,1,0,0.0,10,,0.0,0.0,0.0,0.0,0.0,0.0,,0.0,0.0,0.0,0.015486496003664819,0.0,0.0,0.0,0,0.0,0.0
2025-03-03,4.576499938964844,0.01373348009362041,37.75,-0.012297258129037814,0.026030738222658223,0.026030738222658223,0.01146917912538623,0.015577836069196077,1,1,1.0,10,7.386031951093468,-74.0,10.0,338.66099548339844,-377.5,0.0,0.0,Opened,338.66099548339844,-377.5,0.0,0.015577836069196077,716.1609954833984,0.0,0.0,0,0.0,716.1609954833984
2025-03-04,4.527500152587891,-0.01070682552833957,37.720001220703125,-0.0007946696502483253,-0.009912155878091244,0.009912155878091244,0.011584537650757832,0.015575364691230211,0,0,-1.0,10,0.6183567781039676,74.0,-10.0,-335.0350112915039,377.20001220703125,3.6259841918945312,-0.29998779296875,Closed,-335.0350112915039,377.20001220703125,3.3259963989257812,0.015575364691230211,712.2350234985352,3.3259963989257812,0.004669801805853797,0,3.3259963989257812,0.0
2025-03-05,4.766499996185303,0.052788478308675835,40.59000015258789,0.07608692574245013,-0.023298447433774294,0.023298447433774294,0.01369600700683041,0.018969417225941587,0,1,1.0,10,12.274119572702615,123.0,-10.0,-586.2794995307922,405.9000015258789,0.0,0.0,Opened,-586.2794995307922,405.9000015258789,0.0,0.018969417225941587,992.1795010566711,0.0,0.0,0,0.0,992.1795010566711
2025-03-06,4.7789998054504395,0.002622429303501539,40.119998931884766,-0.011579236731615539,0.014201666035117078,0.014201666035117078,0.013630981182575736,0.018985907690792468,1,0,-1.0,10,37.068075913092706,-123.0,10.0,587.816976070404,-401.19998931884766,1.5374765396118164,4.70001220703125,Closed,587.816976070404,-401.19998931884766,6.237488746643066,0.018985907690792468,989.0169653892517,6.237488746643066,0.006306756066806347,0,6.237488746643066,0.0
2025-03-07,4.683000087738037,-0.02008782624408456,39.95000076293945,-0.0042372426089525295,-0.01585058363513203,0.01585058363513203,0.013904545770209331,0.01899354963340786,0,0,0.0,10,1.7994633830065945,0.0,0.0,0.0,0.0,0.0,0.0,,0.0,0.0,0.0,0.01899354963340786,0.0,0.0,0.0,0,0.0,0.0
2025-03-08,4.683000087738037,0.0,39.95000076293945,0.0,0.0,0.0,0.013666013069511429,0.018981409693561033,1,0,0.0,10,,0.0,0.0,0.0,0.0,0.0,0.0,,0.0,0.0,0.0,0.018981409693561033,0.0,0.0,0.0,0,0.0,0.0
2025-03-09,4.683000087738037,0.0,39.95000076293945,0.0,0.0,0.0,0.013666013069511429,0.018981409693561033,1,0,0.0,10,,0.0,0.0,0.0,0.0,0.0,0.0,,0.0,0.0,0.0,0.018981409693561033,0.0,0.0,0.0,0,0.0,0.0
2025-03-10,4.639500141143799,-0.009288905782457335,38.61000061035156,-0.0335419305881709,0.024253024805713563,0.024253024805713563,0.013751418989610185,0.01957336502974809,1,1,1.0,10,30.05052849214138,-301.0,10.0,1396.4895424842834,-386.1000061035156,0.0,0.0,Opened,1396.4895424842834,-386.1000061035156,0.0,0.01957336502974809,1782.589548587799,0.0,0.0,0,0.0,1782.589548587799
2025-03-11,4.739999771118164,0.02166173659164672,39.31999969482422,0.018388994386141055,0.003272742205505663,0.003272742205505663,0.014043291447923278,0.019753657478724127,1,1,0.0,10,7.042062817936171,301.0,-10.0,-1426.7399311065674,393.1999969482422,-30.250388622283936,7.0999908447265625,Live,0.0,0.0,0.0,0.019753657478724127,1819.9399280548096,-23.150397777557373,-0.012720418636180486,0,0.0,0.0
2025-03-12,4.821000099182129,0.01708867763190991,39.58000183105469,0.006612465367457521,0.01047621226445239,0.01047621226445239,0.014156966644848425,0.019690618820997412,1,1,0.0,10,3.1768274220126407,301.0,-10.0,-1451.1210298538208,395.8000183105469,-54.63148736953735,9.70001220703125,Live,0.0,0.0,0.0,0.019690618820997412,1846.9210481643677,-44.9314751625061,-0.024327772541854427,1,-44.9314751625061,0.0
2025-03-13,4.898499965667725,0.016075474982616855,40.189998626708984,0.015411742481924007,0.0006637325006928485,0.0006637325006928485,0.014188514742291512,0.019393942836815805,1,1,0.0,10,7.8657984094636415,301.0,-10.0,-1474.448489665985,401.89998626708984,-77.95894718170166,15.799980163574219,Live,0.0,0.0,0.0,0.019393942836815805,1876.348475933075,-62.15896701812744,-0.033127624114287664,1,0.0,0.0
2025-03-14,4.869500160217285,-0.005920139972173333,41.31999969482422,0.028116474414713544,-0.034036614386886876,0.034036614386886876,0.014231488566965355,0.019765856338726236,0,0,-1.0,10,40.29997834587818,301.0,-10.0,-1465.7195482254028,413.1999969482422,-69.23000574111938,27.099990844726562,Closed,-1465.7195482254028,413.1999969482422,-42.13001489639282,0.019765856338726236,1878.919545173645,-42.13001489639282,-0.0224224688090619,1,0.0,0.0
2025-03-15,4.869500160217285,0.0,41.31999969482422,0.0,0.0,0.0,0.014219702638174755,0.019698821788416747,1,0,0.0,10,,0.0,0.0,0.0,0.0,0.0,0.0,,0.0,0.0,0.0,0.019698821788416747,0.0,0.0,0.0,0,0.0,0.0
2025-03-16,4.869500160217285,0.0,41.31999969482422,0.0,0.0,0.0,0.014219702638174755,0.019698821788416747,1,0,0.0,10,,0.0,0.0,0.0,0.0,0.0,0.0,,0.0,0.0,0.0,0.019698821788416747,0.0,0.0,0.0,0,0.0,0.0
2025-03-17,4.933499813079834,0.013142961445080426,42.16999816894531,0.02057111520810495,-0.007428153763024525,0.007428153763024525,0.014291288266951618,0.019894177043792,0,0,0.0,10,13.378673916047035,0.0,0.0,0.0,0.0,0.0,0.0,,0.0,0.0,0.0,0.019894177043792,0.0,0.0,0.0,0,0.0,0.0
2025-03-18,4.993000030517578,0.012060447895426263,42.650001525878906,0.0113825795061826,0.0006778683892436632,0.0006778683892436632,0.013952653184701767,0.01967927708369209,1,0,0.0,10,8.061850459403328,0.0,0.0,0.0,0.0,0.0,0.0,,0.0,0.0,0.0,0.01967927708369209,0.0,0.0,0.0,0,0.0,0.0
2025-03-19,5.076000213623047,0.016623309152446586,43.13999938964844,0.01148881233854615,0.0051344968139004354,0.0051344968139004354,0.014074752660647472,0.019228465344104797,1,0,0.0,10,5.873759450366185,0.0,0.0,0.0,0.0,0.0,0.0,,0.0,0.0,0.0,0.019228465344104797,0.0,0.0,0.0,0,0.0,0.0
2025-03-20,5.085000038146973,0.00177301500101823,42.61000061035156,-0.012285553704111773,0.014058568705130003,0.014058568705130003,0.014059071387225919,0.0192671015367454,1,0,0.0,10,58.06345902096471,0.0,0.0,0.0,0.0,0.0,0.0,,0.0,0.0,0.0,0.0192671015367454,0.0,0.0,0.0,0,0.0,0.0
2025-03-21,5.087500095367432,0.000491653333668518,41.7400016784668,-0.02041771695430139,0.02090937028796991,0.02090937028796991,0.014056746876571068,0.01944690656811311,1,1,1.0,10,340.71889812420153,-3408.0,10.0,17338.200325012207,-417.40001678466797,0.0,0.0,Opened,17338.200325012207,-417.40001678466797,0.0,0.01944690656811311,17755.600341796875,0.0,0.0,0,0.0,17755.600341796875
2025-03-22,5.087500095367432,0.0,41.7400016784668,0.0,0.0,0.0,0.013998407235292889,0.019117515061463006,1,1,0.0,10,,3408.0,-10.0,-17338.200325012207,417.40001678466797,0.0,0.0,Live,0.0,0.0,0.0,0.019117515061463006,17755.600341796875,0.0,0.0,0,0.0,0.0
2025-03-23,5.087500095367432,0.0,41.7400016784668,0.0,0.0,0.0,0.013998407235292889,0.019117515061463006,1,1,0.0,10,,3408.0,-10.0,-17338.200325012207,417.40001678466797,0.0,0.0,Live,0.0,0.0,0.0,0.019117515061463006,17755.600341796875,0.0,0.0,0,0.0,0.0
2025-03-24,5.064000129699707,-0.00461915778421762,42.4900016784668,0.017968374936288445,-0.022587532720506065,0.022587532720506065,0.014038121147495862,0.019248322264713423,0,0,-1.0,10,32.639165309955075,3408.0,-10.0,-17258.1124420166,424.90001678466797,80.08788299560547,7.5,Closed,-17258.1124420166,424.90001678466797,87.58788299560547,0.019248322264713423,17683.01245880127,87.58788299560547,0.0049532218110275,0,87.58788299560547,0.0
2025-03-25,5.064000129699707,0.0,42.4900016784668,0.0,0.0,0.0,0.01403507238788371,0.019230298879327586,1,0,0.0,10,,0.0,0.0,0.0,0.0,0.0,0.0,,0.0,0.0,0.0,0.019230298879327586,0.0,0.0,0.0,0,0.0,0.0
