index,HG=F_Close,HG=F_dailyReturns,COPX_Close,COPX_dailyReturns,spread,abs_sprd,HG=F_rolling avg,COPX_rolling avg,isSprdPos,signal,axe,leverage,ratio,HG=F_Size,COPX_Size,HG=F_Cashflow,COPX_Cashflow,HG=F_MTM,COPX_MTM,Live Trades,HG=F_PnL,COPX_PnL,Total PnL,riskThreshold,grossCashflow,totalMTM,totalMTM in %,isStoppedOut,Adjusted PnL,Gross Capital
2020-01-01,2.8329999446868896,0.0,18.66920280456543,0.0,0.0,0.0,,,1,0,,10,,0.0,0.0,0.0,0.0,0.0,0.0,,0.0,0.0,0.0,,0.0,0.0,0.0,0,0.0,0.0
2020-01-02,2.8329999446868896,0.0,18.66920280456543,0.0,0.0,0.0,,,1,0,0.0,10,,0.0,0.0,0.0,0.0,0.0,0.0,,0.0,0.0,0.0,,0.0,0.0,0.0,0,0.0,0.0
2020-01-03,2.7985000610351562,-0.012177862451580923,18.146358489990234,-0.028005711869353966,0.015827849417773043,0.015827849417773043,,,1,0,0.0,10,14.91213125196216,0.0,0.0,0.0,0.0,0.0,0.0,,0.0,0.0,0.0,,0.0,0.0,0.0,0,0.0,0.0
2020-01-04,2.7985000610351562,0.0,18.146358489990234,0.0,0.0,0.0,,,1,0,0.0,10,,0.0,0.0,0.0,0.0,0.0,0.0,,0.0,0.0,0.0,,0.0,0.0,0.0,0,0.0,0.0
2020-01-05,2.7985000610351562,0.0,18.146358489990234,0.0,0.0,0.0,,,1,0,0.0,10,,0.0,0.0,0.0,0.0,0.0,0.0,,0.0,0.0,0.0,,0.0,0.0,0.0,0,0.0,0.0
2020-01-06,2.80049991607666,0.0007146167582230412,18.047199249267578,-0.005464415396474909,0.00617903215469795,0.00617903215469795,,,1,0,0.0,10,49.27705662632225,0.0,0.0,0.0,0.0,0.0,0.0,,0.0,0.0,0.0,,0.0,0.0,0.0,0,0.0,0.0
2020-01-07,2.803999900817871,0.0012497714144246164,18.146358489990234,0.005494439295154363,-0.004244667880729747,0.004244667880729747,,,0,0,0.0,10,28.451442151893023,0.0,0.0,0.0,0.0,0.0,0.0,,0.0,0.0,0.0,,0.0,0.0,0.0,0,0.0,0.0
2020-01-08,2.819000005722046,0.005349538314819435,18.03818130493164,-0.005961371540095239,0.011310909854914675,0.011310909854914675,,,1,0,0.0,10,7.130624360601295,0.0,0.0,0.0,0.0,0.0,0.0,,0.0,0.0,0.0,,0.0,0.0,0.0,0,0.0,0.0
2020-01-09,2.810499906539917,-0.0030152888133647693,17.939023971557617,-0.005497080426113299,0.0024817916127485296,0.0024817916127485296,,,1,0,0.0,10,11.636393781565777,0.0,0.0,0.0,0.0,0.0,0.0,,0.0,0.0,0.0,,0.0,0.0,0.0,0,0.0,0.0
2020-01-10,2.81850004196167,0.0028465168787719097,18.09227180480957,0.008542707423487839,-0.005696190544715929,0.005696190544715929,,,0,0,0.0,10,19.264459441261714,0.0,0.0,0.0,0.0,0.0,0.0,,0.0,0.0,0.0,,0.0,0.0,0.0,0,0.0,0.0
2020-01-11,2.81850004196167,0.0,18.09227180480957,0.0,0.0,0.0,,,1,0,0.0,10,,0.0,0.0,0.0,0.0,0.0,0.0,,0.0,0.0,0.0,,0.0,0.0,0.0,0,0.0,0.0
2020-01-12,2.81850004196167,0.0,18.09227180480957,0.0,0.0,0.0,,,1,0,0.0,10,,0.0,0.0,0.0,0.0,0.0,0.0,,0.0,0.0,0.0,,0.0,0.0,0.0,0,0.0,0.0
2020-01-13,2.8615000247955322,0.015256335708242252,18.47989845275879,0.02142498477422694,-0.006168649065984688,0.006168649065984688,,,0,0,0.0,10,9.069348945518142,0.0,0.0,0.0,0.0,0.0,0.0,,0.0,0.0,0.0,,0.0,0.0,0.0,0,0.0,0.0
2020-01-14,2.875999927520752,0.005067238371334826,18.524972915649414,0.002439107715112687,0.0026281306562221385,0.0026281306562221385,,,1,0,0.0,10,3.100475872941964,0.0,0.0,0.0,0.0,0.0,0.0,,0.0,0.0,0.0,,0.0,0.0,0.0,0,0.0,0.0
2020-01-15,2.869999885559082,-0.002086245519081875,18.209461212158203,-0.017031695804784364,0.014945450285702488,0.014945450285702488,,,1,0,0.0,10,51.797367887472994,0.0,0.0,0.0,0.0,0.0,0.0,,0.0,0.0,0.0,,0.0,0.0,0.0,0,0.0,0.0
2020-01-16,2.8519999980926514,-0.006271738043266195,18.182416915893555,-0.0014851782790031853,-0.00478655976426301,0.00478655976426301,,,0,0,0.0,10,1.509707349601989,0.0,0.0,0.0,0.0,0.0,0.0,,0.0,0.0,0.0,,0.0,0.0,0.0,0,0.0,0.0
2020-01-17,2.8494999408721924,-0.0008765979039729865,18.35369300842285,0.009419874889106783,-0.01029647279307977,0.01029647279307977,,,0,0,0.0,10,69.21488756798782,0.0,0.0,0.0,0.0,0.0,0.0,,0.0,0.0,0.0,,0.0,0.0,0.0,0,0.0,0.0
2020-01-18,2.8494999408721924,0.0,18.35369300842285,0.0,0.0,0.0,,,1,0,0.0,10,,0.0,0.0,0.0,0.0,0.0,0.0,,0.0,0.0,0.0,,0.0,0.0,0.0,0,0.0,0.0
2020-01-19,2.8494999408721924,0.0,18.35369300842285,0.0,0.0,0.0,,,1,0,0.0,10,,0.0,0.0,0.0,0.0,0.0,0.0,,0.0,0.0,0.0,,0.0,0.0,0.0,0,0.0,0.0
2020-01-20,2.8494999408721924,0.0,18.35369300842285,0.0,0.0,0.0,,,1,0,0.0,10,,0.0,0.0,0.0,0.0,0.0,0.0,,0.0,0.0,0.0,,0.0,0.0,0.0,0,0.0,0.0
2020-01-21,2.7985000610351562,-0.017897835022037456,17.75873374938965,-0.03241632399322392,0.01451848897118646,0.01451848897118646,,,1,0,0.0,10,11.49343751707939,0.0,0.0,0.0,0.0,0.0,0.0,,0.0,0.0,0.0,,0.0,0.0,0.0,0,0.0,0.0
2020-01-22,2.7669999599456787,-0.011256065893322065,17.60548210144043,-0.008629649507217008,-0.002626416386105057,0.002626416386105057,,,0,0,0.0,10,4.878039353765644,0.0,0.0,0.0,0.0,0.0,0.0,,0.0,0.0,0.0,,0.0,0.0,0.0,0,0.0,0.0
2020-01-23,2.7260000705718994,-0.014817452102378836,17.145740509033203,-0.02611354745972061,0.011296095357341773,0.011296095357341773,,,1,0,0.0,10,11.08466890668695,0.0,0.0,0.0,0.0,0.0,0.0,,0.0,0.0,0.0,,0.0,0.0,0.0,0,0.0,0.0
2020-01-24,2.685499906539917,-0.014856993024026433,16.947418212890625,-0.011566855105388574,-0.0032901379186378588,0.0032901379186378588,,,0,0,0.0,10,4.9131811958791065,0.0,0.0,0.0,0.0,0.0,0.0,,0.0,0.0,0.0,,0.0,0.0,0.0,0,0.0,0.0
2020-01-25,2.685499906539917,0.0,16.947418212890625,0.0,0.0,0.0,,,1,0,0.0,10,,0.0,0.0,0.0,0.0,0.0,0.0,,0.0,0.0,0.0,,0.0,0.0,0.0,0,0.0,0.0
2020-01-26,2.685499906539917,0.0,16.947418212890625,0.0,0.0,0.0,,,1,0,0.0,10,,0.0,0.0,0.0,0.0,0.0,0.0,,0.0,0.0,0.0,,0.0,0.0,0.0,0,0.0,0.0
2020-01-27,2.5964999198913574,-0.033140938278128584,16.19019317626953,-0.04468084914816872,0.011539910870040138,0.011539910870040138,,,1,0,0.0,10,8.40659906976606,0.0,0.0,0.0,0.0,0.0,0.0,,0.0,0.0,0.0,,0.0,0.0,0.0,0,0.0,0.0
2020-01-28,2.5794999599456787,-0.006547259953849749,16.334426879882812,0.008908708008789512,-0.015455967962639261,0.015455967962639261,,,0,0,0.0,10,8.616353649929266,0.0,0.0,0.0,0.0,0.0,0.0,,0.0,0.0,0.0,,0.0,0.0,0.0,0,0.0,0.0
2020-01-29,2.553499937057495,-0.010079481795662093,16.334426879882812,0.0,-0.010079481795662093,0.010079481795662093,,,0,0,0.0,10,0.0,0.0,0.0,0.0,0.0,0.0,0.0,,0.0,0.0,0.0,,0.0,0.0,0.0,0,0.0,0.0
2020-01-30,2.5234999656677246,-0.011748569465147796,16.154132843017578,-0.011037671428024254,-0.0007108980371235418,0.0007108980371235418,,,0,0,0.0,10,6.014130111048789,0.0,0.0,0.0,0.0,0.0,0.0,,0.0,0.0,0.0,,0.0,0.0,0.0,0,0.0,0.0
2020-01-31,2.5199999809265137,-0.0013869565242038417,15.76650619506836,-0.023995509490734812,0.02260855296653097,0.02260855296653097,,,1,0,0.0,10,108.24355722626991,0.0,0.0,0.0,0.0,0.0,0.0,,0.0,0.0,0.0,,0.0,0.0,0.0,0,0.0,0.0
2020-02-01,2.5199999809265137,0.0,15.76650619506836,0.0,0.0,0.0,,,1,0,0.0,10,,0.0,0.0,0.0,0.0,0.0,0.0,,0.0,0.0,0.0,,0.0,0.0,0.0,0,0.0,0.0
2020-02-02,2.5199999809265137,0.0,15.76650619506836,0.0,0.0,0.0,,,1,0,0.0,10,,0.0,0.0,0.0,0.0,0.0,0.0,,0.0,0.0,0.0,,0.0,0.0,0.0,0,0.0,0.0
2020-02-03,2.513000011444092,-0.0027777656886521784,15.739460945129395,-0.00171536100670322,-0.0010624046819489585,0.0010624046819489585,,,0,0,0.0,10,3.867740144149965,0.0,0.0,0.0,0.0,0.0,0.0,,0.0,0.0,0.0,,0.0,0.0,0.0,0,0.0,0.0
2020-02-04,2.547499895095825,0.013728564860574055,16.46063232421875,0.045819318819334987,-0.03209075395876093,0.03209075395876093,,,0,0,0.0,10,21.565316085884486,0.0,0.0,0.0,0.0,0.0,0.0,,0.0,0.0,0.0,,0.0,0.0,0.0,0,0.0,0.0
2020-02-05,2.5789999961853027,0.012365103979049552,16.749099731445312,0.01752468565877252,-0.005159581679722969,0.005159581679722969,,,0,0,0.0,10,9.204338693220965,0.0,0.0,0.0,0.0,0.0,0.0,,0.0,0.0,0.0,,0.0,0.0,0.0,0,0.0,0.0
2020-02-06,2.5985000133514404,0.007561076849546655,16.658952713012695,-0.005382200827389716,0.012943277676936371,0.012943277676936371,,,1,0,0.0,10,4.56353324340841,0.0,0.0,0.0,0.0,0.0,0.0,,0.0,0.0,0.0,,0.0,0.0,0.0,0,0.0,0.0
2020-02-07,2.559000015258789,-0.015201076732613061,16.063987731933594,-0.035714428831673195,0.020513352099060134,0.020513352099060134,,,1,0,0.0,10,14.748655553845843,0.0,0.0,0.0,0.0,0.0,0.0,,0.0,0.0,0.0,,0.0,0.0,0.0,0,0.0,0.0
2020-02-08,2.559000015258789,0.0,16.063987731933594,0.0,0.0,0.0,,,1,0,0.0,10,,0.0,0.0,0.0,0.0,0.0,0.0,,0.0,0.0,0.0,,0.0,0.0,0.0,0,0.0,0.0
2020-02-09,2.559000015258789,0.0,16.063987731933594,0.0,0.0,0.0,,,1,0,0.0,10,,0.0,0.0,0.0,0.0,0.0,0.0,,0.0,0.0,0.0,,0.0,0.0,0.0,0,0.0,0.0
2020-02-10,2.557499885559082,-0.000586217151528734,16.100046157836914,0.002244674641505018,-0.002830891793033752,0.002830891793033752,,,0,0,0.0,10,24.104957915987775,0.0,0.0,0.0,0.0,0.0,0.0,,0.0,0.0,0.0,,0.0,0.0,0.0,0,0.0,0.0
2020-02-11,2.5885000228881836,0.012121266360223037,16.442598342895508,0.021276472234947663,-0.009155205874724626,0.009155205874724626,,,0,0,0.0,10,11.149975191652082,0.0,0.0,0.0,0.0,0.0,0.0,,0.0,0.0,0.0,,0.0,0.0,0.0,0,0.0,0.0
2020-02-12,2.6059999465942383,0.006760642670007977,17.03756332397461,0.0361843650663749,-0.029423722396366925,0.029423722396366925,,,0,0,0.0,10,34.99178157500606,0.0,0.0,0.0,0.0,0.0,0.0,,0.0,0.0,0.0,,0.0,0.0,0.0,0,0.0,0.0
2020-02-13,2.619499921798706,0.005180343622842587,16.803184509277344,-0.013756592432877857,0.018936936055720444,0.018936936055720444,,,1,0,0.0,10,17.034347738829133,0.0,0.0,0.0,0.0,0.0,0.0,,0.0,0.0,0.0,,0.0,0.0,0.0,0,0.0,0.0
2020-02-14,2.6054999828338623,-0.0053445082583665204,16.758115768432617,-0.0026821547320297068,-0.0026623535263368137,0.0026623535263368137,,,0,0,0.0,10,3.2278265360193408,0.0,0.0,0.0,0.0,0.0,0.0,,0.0,0.0,0.0,,0.0,0.0,0.0,0,0.0,0.0
2020-02-15,2.6054999828338623,0.0,16.758115768432617,0.0,0.0,0.0,,,1,0,0.0,10,,0.0,0.0,0.0,0.0,0.0,0.0,,0.0,0.0,0.0,,0.0,0.0,0.0,0,0.0,0.0
2020-02-16,2.6054999828338623,0.0,16.758115768432617,0.0,0.0,0.0,,,1,0,0.0,10,,0.0,0.0,0.0,0.0,0.0,0.0,,0.0,0.0,0.0,,0.0,0.0,0.0,0,0.0,0.0
2020-02-17,2.6054999828338623,0.0,16.758115768432617,0.0,0.0,0.0,,,1,0,0.0,10,,0.0,0.0,0.0,0.0,0.0,0.0,,0.0,0.0,0.0,,0.0,0.0,0.0,0,0.0,0.0
2020-02-18,2.609999895095825,0.0017270820539667664,16.49669075012207,-0.015599905259217506,0.017326987313184272,0.017326987313184272,,,1,0,0.0,10,57.09069534441064,0.0,0.0,0.0,0.0,0.0,0.0,,0.0,0.0,0.0,,0.0,0.0,0.0,0,0.0,0.0
2020-02-19,2.612499952316284,0.0009578763681779012,16.586833953857422,0.0054643203961790565,-0.004506444028001155,0.004506444028001155,,,0,0,0.0,10,36.218787136243904,0.0,0.0,0.0,0.0,0.0,0.0,,0.0,0.0,0.0,,0.0,0.0,0.0,0,0.0,0.0
2020-02-20,2.5950000286102295,-0.006698535512139947,16.397531509399414,-0.01141281361980373,0.004714278107663783,0.004714278107663783,,,1,0,0.0,10,10.765989898195743,0.0,0.0,0.0,0.0,0.0,0.0,,0.0,0.0,0.0,,0.0,0.0,0.0,0,0.0,0.0
2020-02-21,2.618000030517578,0.008863199095865415,16.11807632446289,-0.017042515501576205,0.02590571459744162,0.02590571459744162,,,1,0,0.0,10,11.838229451752037,0.0,0.0,0.0,0.0,0.0,0.0,,0.0,0.0,0.0,,0.0,0.0,0.0,0,0.0,0.0
2020-02-22,2.618000030517578,0.0,16.11807632446289,0.0,0.0,0.0,,,1,0,0.0,10,,0.0,0.0,0.0,0.0,0.0,0.0,,0.0,0.0,0.0,,0.0,0.0,0.0,0,0.0,0.0
2020-02-23,2.618000030517578,0.0,16.11807632446289,0.0,0.0,0.0,,,1,0,0.0,10,,0.0,0.0,0.0,0.0,0.0,0.0,,0.0,0.0,0.0,,0.0,0.0,0.0,0,0.0,0.0
2020-02-24,2.5924999713897705,-0.009740282211824991,15.333806037902832,-0.04865780945395748,0.03891752724213249,0.03891752724213249,,,1,0,0.0,10,29.546920139405536,0.0,0.0,0.0,0.0,0.0,0.0,,0.0,0.0,0.0,,0.0,0.0,0.0,0,0.0,0.0
2020-02-25,2.5964999198913574,0.0015428923995099986,14.919136047363281,-0.027042861342744917,0.028585753742254916,0.028585753742254916,,,1,0,0.0,10,100.70994586168045,0.0,0.0,0.0,0.0,0.0,0.0,,0.0,0.0,0.0,,0.0,0.0,0.0,0,0.0,0.0
2020-02-26,2.5764999389648438,-0.007702669571948428,14.79293155670166,-0.008459235860639902,0.0007565662886914737,0.0007565662886914737,,,1,0,0.0,10,6.305419384451027,0.0,0.0,0.0,0.0,0.0,0.0,,0.0,0.0,0.0,,0.0,0.0,0.0,0,0.0,0.0
2020-02-27,2.571500062942505,-0.001940569043579199,14.2430419921875,-0.03717245377675282,0.035231884733173624,0.035231884733173624,,,1,0,0.0,10,106.09828071628357,0.0,0.0,0.0,0.0,0.0,0.0,,0.0,0.0,0.0,,0.0,0.0,0.0,0,0.0,0.0
2020-02-28,2.5460000038146973,-0.00991641396214027,14.062750816345215,-0.012658193098158188,0.002741779136017919,0.002741779136017919,,,1,0,0.0,10,7.050646643339567,0.0,0.0,0.0,0.0,0.0,0.0,,0.0,0.0,0.0,,0.0,0.0,0.0,0,0.0,0.0
2020-02-29,2.5460000038146973,0.0,14.062750816345215,0.0,0.0,0.0,,,1,0,0.0,10,,0.0,0.0,0.0,0.0,0.0,0.0,,0.0,0.0,0.0,,0.0,0.0,0.0,0,0.0,0.0
2020-03-01,2.5460000038146973,0.0,14.062750816345215,0.0,0.0,0.0,,,1,0,0.0,10,,0.0,0.0,0.0,0.0,0.0,0.0,,0.0,0.0,0.0,,0.0,0.0,0.0,0,0.0,0.0
2020-03-02,2.6010000705718994,0.021602539935111853,14.477420806884766,0.02948711784450997,-0.007884577909398116,0.007884577909398116,,,0,0,0.0,10,7.597633549892936,0.0,0.0,0.0,0.0,0.0,0.0,,0.0,0.0,0.0,,0.0,0.0,0.0,0,0.0,0.0
2020-03-03,2.5794999599456787,-0.008266093826553966,14.179939270019531,-0.020547965057682527,0.01228187123112856,0.01228187123112856,,,1,0,0.0,10,13.664927547049889,0.0,0.0,0.0,0.0,0.0,0.0,,0.0,0.0,0.0,,0.0,0.0,0.0,0,0.0,0.0
2020-03-04,2.5929999351501465,0.0052335628664836875,14.405304908752441,0.015893272491610544,-0.010659709625126856,0.010659709625126856,,,0,0,0.0,10,16.87080607575421,0.0,0.0,0.0,0.0,0.0,0.0,,0.0,0.0,0.0,,0.0,0.0,0.0,0,0.0,0.0
2020-03-05,2.5824999809265137,-0.004049346118870978,14.07176685333252,-0.023153835169241632,0.019104489050370654,0.019104489050370654,,,1,0,0.0,10,31.156333321273298,0.0,0.0,0.0,0.0,0.0,0.0,,0.0,0.0,0.0,,0.0,0.0,0.0,0,0.0,0.0
2020-03-06,2.572999954223633,-0.0036786163690396556,13.61202335357666,-0.03267134145610018,0.028992725087060522,0.028992725087060522,,,1,0,0.0,10,46.98566464094184,0.0,0.0,0.0,0.0,0.0,0.0,,0.0,0.0,0.0,,0.0,0.0,0.0,0,0.0,0.0
2020-03-07,2.572999954223633,0.0,13.61202335357666,0.0,0.0,0.0,,,1,0,0.0,10,,0.0,0.0,0.0,0.0,0.0,0.0,,0.0,0.0,0.0,,0.0,0.0,0.0,0,0.0,0.0
2020-03-08,2.572999954223633,0.0,13.61202335357666,0.0,0.0,0.0,,,1,0,0.0,10,,0.0,0.0,0.0,0.0,0.0,0.0,,0.0,0.0,0.0,,0.0,0.0,0.0,0,0.0,0.0
2020-03-09,2.5239999294281006,-0.019043927581536724,11.863194465637207,-0.12847677692823933,0.10943284934670261,0.10943284934670261,,,1,0,0.0,10,31.70884498333981,0.0,0.0,0.0,0.0,0.0,0.0,,0.0,0.0,0.0,,0.0,0.0,0.0,0,0.0,0.0
2020-03-10,2.5339999198913574,0.003961961467060293,12.746622085571289,0.07446793715579791,-0.07050597568873762,0.07050597568873762,,,0,0,0.0,10,94.54696433642236,0.0,0.0,0.0,0.0,0.0,0.0,,0.0,0.0,0.0,,0.0,0.0,0.0,0,0.0,0.0
2020-03-11,2.51200008392334,-0.008681861351029885,11.755016326904297,-0.07779361088844505,0.06911174953741517,0.06911174953741517,,,1,0,0.0,10,41.93094705156891,0.0,0.0,0.0,0.0,0.0,0.0,,0.0,0.0,0.0,,0.0,0.0,0.0,0,0.0,0.0
2020-03-12,2.4809999465942383,-0.012340818588144398,10.438888549804688,-0.11196307520962956,0.09962225662148516,0.09962225662148516,,,1,0,0.0,10,38.17318141033517,0.0,0.0,0.0,0.0,0.0,0.0,,0.0,0.0,0.0,,0.0,0.0,0.0,0,0.0,0.0
2020-03-13,2.4739999771118164,-0.00282143072676444,11.475564956665039,0.09930907892294227,-0.10213050964970671,0.10213050964970671,,,0,0,0.0,10,163.26532098915504,0.0,0.0,0.0,0.0,0.0,0.0,,0.0,0.0,0.0,,0.0,0.0,0.0,0,0.0,0.0
2020-03-14,2.4739999771118164,0.0,11.475564956665039,0.0,0.0,0.0,,,1,0,0.0,10,,0.0,0.0,0.0,0.0,0.0,0.0,,0.0,0.0,0.0,,0.0,0.0,0.0,0,0.0,0.0
2020-03-15,2.4739999771118164,0.0,11.475564956665039,0.0,0.0,0.0,,,1,0,0.0,10,,0.0,0.0,0.0,0.0,0.0,0.0,,0.0,0.0,0.0,,0.0,0.0,0.0,0,0.0,0.0
2020-03-16,2.3984999656677246,-0.03051738566797868,9.47432804107666,-0.17439114528527466,0.14387375961729598,0.14387375961729598,,,1,0,0.0,10,22.572819292215772,0.0,0.0,0.0,0.0,0.0,0.0,,0.0,0.0,0.0,,0.0,0.0,0.0,0,0.0,0.0
2020-03-17,2.315500020980835,-0.03460493886802418,10.583121299743652,0.11703133497803075,-0.15163627384605494,0.15163627384605494,,,0,0,0.0,10,15.457279405854335,0.0,0.0,0.0,0.0,0.0,0.0,,0.0,0.0,0.0,,0.0,0.0,0.0,0,0.0,0.0
2020-03-18,2.1605000495910645,-0.06694017274252206,9.447283744812012,-0.10732538376548262,0.040385211022960554,0.040385211022960554,,,1,0,0.0,10,7.010811656979377,0.0,0.0,0.0,0.0,0.0,0.0,,0.0,0.0,0.0,,0.0,0.0,0.0,0,0.0,0.0
2020-03-19,2.200000047683716,0.018282803603789644,9.672648429870605,0.02385497156072547,-0.005572167956935825,0.005572167956935825,,,0,0,0.0,10,5.7366561797810816,0.0,0.0,0.0,0.0,0.0,0.0,,0.0,0.0,0.0,,0.0,0.0,0.0,0,0.0,0.0
2020-03-20,2.190500020980835,-0.004318193862260622,9.429254531860352,-0.02516310809546396,0.020844914233203338,0.020844914233203338,,,1,0,0.0,10,25.083968398697504,0.0,0.0,0.0,0.0,0.0,0.0,,0.0,0.0,0.0,,0.0,0.0,0.0,0,0.0,0.0
2020-03-21,2.190500020980835,0.0,9.429254531860352,0.0,0.0,0.0,,,1,0,0.0,10,,0.0,0.0,0.0,0.0,0.0,0.0,,0.0,0.0,0.0,,0.0,0.0,0.0,0,0.0,0.0
2020-03-22,2.190500020980835,0.0,9.429254531860352,0.0,0.0,0.0,,,1,0,0.0,10,,0.0,0.0,0.0,0.0,0.0,0.0,,0.0,0.0,0.0,,0.0,0.0,0.0,0,0.0,0.0
2020-03-23,2.119499921798706,-0.03241273613425366,8.726118087768555,-0.0745696748047241,0.042156938670470434,0.042156938670470434,,,1,0,0.0,10,9.47183745147533,0.0,0.0,0.0,0.0,0.0,0.0,,0.0,0.0,0.0,,0.0,0.0,0.0,0,0.0,0.0
2020-03-24,2.197499990463257,0.03680116609693296,10.051260948181152,0.15185937745560163,-0.11505821135866867,0.11505821135866867,,,0,0,0.0,10,18.87433683791114,0.0,0.0,0.0,0.0,0.0,0.0,,0.0,0.0,0.0,,0.0,0.0,0.0,0,0.0,0.0
2020-03-25,2.2339999675750732,0.01660977350180648,10.736370086669922,0.06816151147809424,-0.05155173797628776,0.05155173797628776,,,0,0,0.0,10,19.721948162602903,0.0,0.0,0.0,0.0,0.0,0.0,,0.0,0.0,0.0,,0.0,0.0,0.0,0,0.0,0.0
2020-03-26,2.2079999446868896,-0.011638327334626442,10.835531234741211,0.009236003162223838,-0.02087433049685028,0.02087433049685028,,,0,0,0.0,10,3.8944367547069114,0.0,0.0,0.0,0.0,0.0,0.0,,0.0,0.0,0.0,,0.0,0.0,0.0,0,0.0,0.0
2020-03-27,2.197000026702881,-0.004981847037848874,10.384800910949707,-0.04159743662095294,0.03661558958310407,0.03661558958310407,,,1,0,0.0,10,39.46792485445131,0.0,0.0,0.0,0.0,0.0,0.0,,0.0,0.0,0.0,,0.0,0.0,0.0,0,0.0,0.0
2020-03-28,2.197000026702881,0.0,10.384800910949707,0.0,0.0,0.0,,,1,0,0.0,10,,0.0,0.0,0.0,0.0,0.0,0.0,,0.0,0.0,0.0,,0.0,0.0,0.0,0,0.0,0.0
2020-03-29,2.197000026702881,0.0,10.384800910949707,0.0,0.0,0.0,,,1,0,0.0,10,,0.0,0.0,0.0,0.0,0.0,0.0,,0.0,0.0,0.0,,0.0,0.0,0.0,0,0.0,0.0
2020-03-30,2.1619999408721924,-0.015930853620978014,10.26761245727539,-0.011284612452295839,-0.004646241168682175,0.004646241168682175,,,0,0,0.0,10,3.364041865753357,0.0,0.0,0.0,0.0,0.0,0.0,,0.0,0.0,0.0,,0.0,0.0,0.0,0,0.0,0.0
2020-03-31,2.240000009536743,0.03607773857435159,10.664252281188965,0.03863019037425053,-0.002552451799898936,0.002552451799898936,,,0,0,0.0,10,5.097649032470114,0.0,0.0,0.0,0.0,0.0,0.0,,0.0,0.0,0.0,,0.0,0.0,0.0,0,0.0,0.0
2020-04-01,2.191999912261963,-0.021428614763580822,10.096334457397461,-0.053254350030078834,0.03182573526649801,0.03182573526649801,,,1,0,0.0,10,11.446802444658132,0.0,0.0,0.0,0.0,0.0,0.0,,0.0,0.0,0.0,,0.0,0.0,0.0,0,0.0,0.0
2020-04-02,2.2330000400543213,0.018704438610150254,10.366772651672363,0.02678578006860266,-0.008081341458452407,0.008081341458452407,,,0,0,0.0,10,6.6483590247619215,0.0,0.0,0.0,0.0,0.0,0.0,,0.0,0.0,0.0,,0.0,0.0,0.0,0,0.0,0.0
2020-04-03,2.2100000381469727,-0.010300045452211082,10.258596420288086,-0.010434899560262556,0.00013485410805147424,0.00013485410805147424,,,1,0,0.0,10,4.7026731558488954,0.0,0.0,0.0,0.0,0.0,0.0,,0.0,0.0,0.0,,0.0,0.0,0.0,0,0.0,0.0
2020-04-04,2.2100000381469727,0.0,10.258596420288086,0.0,0.0,0.0,,,1,0,0.0,10,,0.0,0.0,0.0,0.0,0.0,0.0,,0.0,0.0,0.0,,0.0,0.0,0.0,0,0.0,0.0
2020-04-05,2.2100000381469727,0.0,10.258596420288086,0.0,0.0,0.0,,,1,0,0.0,10,,0.0,0.0,0.0,0.0,0.0,0.0,,0.0,0.0,0.0,,0.0,0.0,0.0,0,0.0,0.0
2020-04-06,2.234999895095825,0.011312152270284148,10.853560447692871,0.0579966306334212,-0.04668447836313705,0.04668447836313705,,,0,0,0.0,10,24.89729948585062,0.0,0.0,0.0,0.0,0.0,0.0,,0.0,0.0,0.0,,0.0,0.0,0.0,0,0.0,0.0
2020-04-07,2.2885000705718994,0.02393743981530716,11.43049430847168,0.05315618442070291,-0.029218744605395752,0.029218744605395752,,,0,0,0.0,10,11.091497399002783,0.0,0.0,0.0,0.0,0.0,0.0,,0.0,0.0,0.0,,0.0,0.0,0.0,0,0.0,0.0
2020-04-08,2.2780001163482666,-0.004588138037945888,11.655858039855957,0.01971600923830996,-0.02430414727625585,0.02430414727625585,,,0,0,0.0,10,21.987357859389533,0.0,0.0,0.0,0.0,0.0,0.0,,0.0,0.0,0.0,,0.0,0.0,0.0,0,0.0,0.0
2020-04-09,2.2774999141693115,-0.00021957952300588612,12.07954216003418,0.03634945782022059,-0.036569037343226474,0.036569037343226474,0.013411383481322469,0.042065355965563614,0,0,0.0,10,878.0074576226596,0.0,0.0,0.0,0.0,0.0,0.0,,0.0,0.0,0.0,0.042065355965563614,0.0,0.0,0.0,0,0.0,0.0
2020-04-10,2.2774999141693115,0.0,12.07954216003418,0.0,0.0,0.0,0.013411383481322469,0.042065355965563614,1,0,0.0,10,,0.0,0.0,0.0,0.0,0.0,0.0,,0.0,0.0,0.0,0.042065355965563614,0.0,0.0,0.0,0,0.0,0.0
2020-04-11,2.2774999141693115,0.0,12.07954216003418,0.0,0.0,0.0,0.013411383481322469,0.042065355965563614,1,0,0.0,10,,0.0,0.0,0.0,0.0,0.0,0.0,,0.0,0.0,0.0,0.042065355965563614,0.0,0.0,0.0,0,0.0,0.0
2020-04-12,2.2774999141693115,0.0,12.07954216003418,0.0,0.0,0.0,0.013374096464203962,0.04199339448008848,1,0,0.0,10,,0.0,0.0,0.0,0.0,0.0,0.0,,0.0,0.0,0.0,0.04199339448008848,0.0,0.0,0.0,0,0.0,0.0
2020-04-13,2.320499897003174,0.018880344436608132,12.106588363647461,0.0022390090000898866,0.016641335436518245,0.016641335436518245,0.013534471071088893,0.04199569924793866,1,0,0.0,10,0.6187085948547023,0.0,0.0,0.0,0.0,0.0,0.0,,0.0,0.0,0.0,0.04199569924793866,0.0,0.0,0.0,0,0.0,0.0
2020-04-14,2.3469998836517334,0.01141994734961349,12.665492057800293,0.046165251296645726,-0.034745303947032236,0.034745303947032236,0.013597669478860385,0.04228342214747815,0,0,0.0,10,21.81524532005234,0.0,0.0,0.0,0.0,0.0,0.0,,0.0,0.0,0.0,0.04228342214747815,0.0,0.0,0.0,0,0.0,0.0
2020-04-15,2.3125,-0.014699567687261439,11.899250030517578,-0.0604984017822513,0.04579883409498986,0.04579883409498986,0.013657652267415919,0.042676256565204615,1,1,1.0,10,21.177621798528232,-212.0,10.0,490.25,-118.99250030517578,0.0,0.0,Opened,490.25,-118.99250030517578,0.0,0.042676256565204615,609.2425003051758,0.0,0.0,0,0.0,609.2425003051758
2020-04-16,2.304500102996826,-0.003459414920291337,11.836148262023926,-0.005303003830646302,0.0018435889103549652,0.0018435889103549652,0.013655080879876866,0.042667599085572244,1,1,0.0,10,7.873230230886109,212.0,-10.0,-488.55402183532715,118.36148262023926,1.6959781646728516,-0.6310176849365234,Live,0.0,0.0,0.0,0.042667599085572244,606.9155044555664,1.0649604797363281,0.00175470962912976,0,0.0,0.0
2020-04-17,2.3534998893737793,0.021262653151211675,12.205747604370117,0.03122631908321427,-0.009963665932002597,0.009963665932002597,0.013831606142945459,0.04280640206279223,0,0,-1.0,10,7.616466590035796,212.0,-10.0,-498.9419765472412,122.05747604370117,-8.691976547241211,3.0649757385253906,Closed,-498.9419765472412,122.05747604370117,-5.62700080871582,0.04280640206279223,620.9994525909424,-5.62700080871582,-0.009061200916101892,0,-5.62700080871582,0.0
2020-04-18,2.3534998893737793,0.0,12.205747604370117,0.0,0.0,0.0,0.013832012951752603,0.042806658407360774,1,0,0.0,10,,0.0,0.0,0.0,0.0,0.0,0.0,,0.0,0.0,0.0,0.042806658407360774,0.0,0.0,0.0,0,0.0,0.0
2020-04-19,2.3534998893737793,0.0,12.205747604370117,0.0,0.0,0.0,0.01382553666962267,0.04279207610361031,1,0,0.0,10,,0.0,0.0,0.0,0.0,0.0,0.0,,0.0,0.0,0.0,0.04279207610361031,0.0,0.0,0.0,0,0.0,0.0
2020-04-20,2.3345000743865967,-0.008073004410566686,12.0254545211792,-0.014771162655072945,0.006698158244506258,0.006698158244506258,0.013839039018070109,0.04280709290344716,1,0,0.0,10,9.425124568257905,0.0,0.0,0.0,0.0,0.0,0.0,,0.0,0.0,0.0,0.04280709290344716,0.0,0.0,0.0,0,0.0,0.0
2020-04-21,2.2669999599456787,-0.028914162471660676,11.601770401000977,-0.03523227495742731,0.006318112485766636,0.006318112485766636,0.014100912911752805,0.042925714765406735,1,0,0.0,10,6.235952861573711,0.0,0.0,0.0,0.0,0.0,0.0,,0.0,0.0,0.0,0.042925714765406735,0.0,0.0,0.0,0,0.0,0.0
2020-04-22,2.317500114440918,0.022276204405601074,12.061513900756836,0.03962701241839728,-0.017350808012796204,0.017350808012796204,0.0142051566476628,0.043070837083701415,0,0,0.0,10,9.258320142323287,0.0,0.0,0.0,0.0,0.0,0.0,,0.0,0.0,0.0,0.043070837083701415,0.0,0.0,0.0,0,0.0,0.0
2020-04-23,2.3239998817443848,0.002804645947141582,12.304905891418457,0.0201792239899794,-0.017374578042837818,0.017374578042837818,0.014195576192893392,0.04313129801406453,0,0,0.0,10,38.095055565715114,0.0,0.0,0.0,0.0,0.0,0.0,,0.0,0.0,0.0,0.04313129801406453,0.0,0.0,0.0,0,0.0,0.0
2020-04-24,2.3480000495910645,0.010327095123888519,12.494213104248047,0.015384694080562866,-0.005057598956674347,0.005057598956674347,0.014249235307373227,0.04314768632525694,0,0,0.0,10,7.927230655207025,0.0,0.0,0.0,0.0,0.0,0.0,,0.0,0.0,0.0,0.04314768632525694,0.0,0.0,0.0,0,0.0,0.0
2020-04-25,2.3480000495910645,0.0,12.494213104248047,0.0,0.0,0.0,0.014243617751924153,0.04314840621440769,1,0,0.0,10,,0.0,0.0,0.0,0.0,0.0,0.0,,0.0,0.0,0.0,0.04314840621440769,0.0,0.0,0.0,0,0.0,0.0
2020-04-26,2.3480000495910645,0.0,12.494213104248047,0.0,0.0,0.0,0.014244487129205648,0.043131725746108275,1,0,0.0,10,,0.0,0.0,0.0,0.0,0.0,0.0,,0.0,0.0,0.0,0.043131725746108275,0.0,0.0,0.0,0,0.0,0.0
2020-04-27,2.381999969482422,0.014480374434949095,12.61140251159668,0.009379494840598523,0.005100879594350571,0.005100879594350571,0.014336606332802246,0.043148290835559724,1,0,0.0,10,3.4294248643078804,0.0,0.0,0.0,0.0,0.0,0.0,,0.0,0.0,0.0,0.043148290835559724,0.0,0.0,0.0,0,0.0,0.0
2020-04-28,2.378999948501587,-0.0012594546680396723,12.665492057800293,0.0042889398029977155,-0.005548394471037388,0.005548394471037388,0.014335661946119705,0.04315323959813117,0,0,0.0,10,18.129884804782105,0.0,0.0,0.0,0.0,0.0,0.0,,0.0,0.0,0.0,0.04315323959813117,0.0,0.0,0.0,0,0.0,0.0
2020-04-29,2.374500036239624,-0.0018915142326073608,13.52187728881836,0.06761563049503816,-0.06950714472764552,0.06950714472764552,0.014334643733197322,0.043722937914632734,0,1,1.0,10,203.56461980606824,2036.0,-10.0,-4834.4820737838745,135.2187728881836,0.0,0.0,Opened,-4834.4820737838745,135.2187728881836,0.0,0.043722937914632734,4969.700846672058,0.0,0.0,0,0.0,4969.700846672058
2020-04-30,2.3540000915527344,-0.008633373078129947,12.99001693725586,-0.039333321860738346,0.0306999487826084,0.0306999487826084,0.014258762231676955,0.043776841809966986,1,0,-1.0,10,25.141046954676256,-2036.0,10.0,4792.744186401367,-129.9001693725586,-41.737887382507324,5.318603515625,Closed,4792.744186401367,-129.9001693725586,-36.419283866882324,0.043776841809966986,4922.644355773926,-36.419283866882324,-0.007398317090318538,0,-36.419283866882324,0.0
2020-05-01,2.31850004196167,-0.015080734159040765,12.54830265045166,-0.03400413478579434,0.018923400626753573,0.018923400626753573,0.014289948137498816,0.043888140782743,1,0,0.0,10,12.203576315477765,0.0,0.0,0.0,0.0,0.0,0.0,,0.0,0.0,0.0,0.043888140782743,0.0,0.0,0.0,0,0.0,0.0
2020-05-02,2.31850004196167,0.0,12.54830265045166,0.0,0.0,0.0,0.014228880145476037,0.04382331959494398,1,0,0.0,10,,0.0,0.0,0.0,0.0,0.0,0.0,,0.0,0.0,0.0,0.04382331959494398,0.0,0.0,0.0,0,0.0,0.0
2020-05-03,2.31850004196167,0.0,12.54830265045166,0.0,0.0,0.0,0.014165603713398991,0.043813474158200125,1,0,0.0,10,,0.0,0.0,0.0,0.0,0.0,0.0,,0.0,0.0,0.0,0.043813474158200125,0.0,0.0,0.0,0,0.0,0.0
2020-05-04,2.3239998817443848,0.0023721542735282153,12.47618579864502,-0.005747139977058557,0.008119294250586773,0.008119294250586773,0.014169903268682208,0.0438145495816361,1,0,0.0,10,13.006324255199095,0.0,0.0,0.0,0.0,0.0,0.0,,0.0,0.0,0.0,0.0438145495816361,0.0,0.0,0.0,0,0.0,0.0
2020-05-05,2.3410000801086426,0.00731505990933945,12.665492057800293,0.015173408140157107,-0.007858348230817658,0.007858348230817658,0.014195771182795514,0.04384812345010012,0,0,0.0,10,11.22240378988506,0.0,0.0,0.0,0.0,0.0,0.0,,0.0,0.0,0.0,0.04384812345010012,0.0,0.0,0.0,0,0.0,0.0
2020-05-06,2.3524999618530273,0.004912379902119124,12.57534408569336,-0.007117605198087351,0.012029985100206475,0.012029985100206475,0.013838368684923373,0.04363866445394866,1,0,0.0,10,7.745192225014772,0.0,0.0,0.0,0.0,0.0,0.0,,0.0,0.0,0.0,0.04363866445394866,0.0,0.0,0.0,0,0.0,0.0
2020-05-07,2.385499954223633,0.01402762716502326,12.872825622558594,0.02365593615873074,-0.00962830899370748,0.00962830899370748,0.013906203684665015,0.04369928713297436,0,0,0.0,10,9.100188718631875,0.0,0.0,0.0,0.0,0.0,0.0,,0.0,0.0,0.0,0.04369928713297436,0.0,0.0,0.0,0,0.0,0.0
2020-05-08,2.4084999561309814,0.00964158555804051,13.152277946472168,0.02170870111250922,-0.01206711555446871,0.01206711555446871,0.013911464414841517,0.04376027064846939,0,0,0.0,10,12.295316575493462,0.0,0.0,0.0,0.0,0.0,0.0,,0.0,0.0,0.0,0.04376027064846939,0.0,0.0,0.0,0,0.0,0.0
2020-05-09,2.4084999561309814,0.0,13.152277946472168,0.0,0.0,0.0,0.013864934631298178,0.0437491218984031,1,0,0.0,10,,0.0,0.0,0.0,0.0,0.0,0.0,,0.0,0.0,0.0,0.0437491218984031,0.0,0.0,0.0,0,0.0,0.0
2020-05-10,2.4084999561309814,0.0,13.152277946472168,0.0,0.0,0.0,0.013864600941600424,0.043687974125649856,1,0,0.0,10,,0.0,0.0,0.0,0.0,0.0,0.0,,0.0,0.0,0.0,0.043687974125649856,0.0,0.0,0.0,0,0.0,0.0
2020-05-11,2.381999969482422,-0.011002693432110022,13.062132835388184,-0.006853954231416215,-0.004148739200693807,0.004148739200693807,0.01390534262910361,0.04369200590021739,0,0,0.0,10,3.4159738078549426,0.0,0.0,0.0,0.0,0.0,0.0,,0.0,0.0,0.0,0.04369200590021739,0.0,0.0,0.0,0,0.0,0.0
2020-05-12,2.3605000972747803,-0.009025975013892684,12.755637168884277,-0.02346444262712921,0.014438467613236527,0.014438467613236527,0.013931554240674993,0.0437500003593478,1,0,0.0,10,14.047991966068196,0.0,0.0,0.0,0.0,0.0,0.0,,0.0,0.0,0.0,0.0437500003593478,0.0,0.0,0.0,0,0.0,0.0
2020-05-13,2.3489999771118164,-0.004871899889451803,12.485199928283691,-0.021201390179103163,0.01632949028965136,0.01632949028965136,0.013936499774215554,0.043795907635929054,1,0,0.0,10,23.130151198198206,0.0,0.0,0.0,0.0,0.0,0.0,,0.0,0.0,0.0,0.043795907635929054,0.0,0.0,0.0,0,0.0,0.0
2020-05-14,2.3510000705718994,0.0008514659342577779,12.440126419067383,-0.00361015518175245,0.004461621116010228,0.004461621116010228,0.013862272022001793,0.0435363722316704,1,0,0.0,10,22.435241290606644,0.0,0.0,0.0,0.0,0.0,0.0,,0.0,0.0,0.0,0.0435363722316704,0.0,0.0,0.0,0,0.0,0.0
2020-05-15,2.3334999084472656,-0.007443709740245441,12.656476974487305,0.01739134701141909,-0.02483505675166453,0.02483505675166453,0.013815049258550838,0.04353577517500648,0,0,0.0,10,12.672107135164332,0.0,0.0,0.0,0.0,0.0,0.0,,0.0,0.0,0.0,0.04353577517500648,0.0,0.0,0.0,0,0.0,0.0
2020-05-16,2.3334999084472656,0.0,12.656476974487305,0.0,0.0,0.0,0.013788915573751894,0.043534681305951894,1,0,0.0,10,,0.0,0.0,0.0,0.0,0.0,0.0,,0.0,0.0,0.0,0.043534681305951894,0.0,0.0,0.0,0,0.0,0.0
2020-05-17,2.3334999084472656,0.0,12.656476974487305,0.0,0.0,0.0,0.013714143629565015,0.04339983651268261,1,0,0.0,10,,0.0,0.0,0.0,0.0,0.0,0.0,,0.0,0.0,0.0,0.04339983651268261,0.0,0.0,0.0,0,0.0,0.0
2020-05-18,2.4049999713897705,0.030640696699269165,13.52187728881836,0.06837608254457472,-0.03773538584530556,0.03773538584530556,0.014070493553367312,0.043957655895015234,0,0,0.0,10,12.546641651476243,0.0,0.0,0.0,0.0,0.0,0.0,,0.0,0.0,0.0,0.043957655895015234,0.0,0.0,0.0,0,0.0,0.0
2020-05-19,2.4230000972747803,0.007484459916483166,13.57596492767334,0.004000009591841769,0.003484450324641397,0.003484450324641397,0.014093183619800043,0.04396016268165919,1,0,0.0,10,2.9944553495666706,0.0,0.0,0.0,0.0,0.0,0.0,,0.0,0.0,0.0,0.04396016268165919,0.0,0.0,0.0,0,0.0,0.0
2020-05-20,2.4674999713897705,0.018365609710474518,13.819357872009277,0.01792822430174401,0.00043738540873050624,0.00043738540873050624,0.014218162371217976,0.043998760796198896,1,0,0.0,10,5.467170695000513,0.0,0.0,0.0,0.0,0.0,0.0,,0.0,0.0,0.0,0.043998760796198896,0.0,0.0,0.0,0,0.0,0.0
2020-05-21,2.4519999027252197,-0.00628168950122443,13.57596492767334,-0.017612464094943436,0.011330774593719006,0.011330774593719006,0.014175358658693408,0.04397574802866469,1,0,0.0,10,15.523652546774581,0.0,0.0,0.0,0.0,0.0,0.0,,0.0,0.0,0.0,0.04397574802866469,0.0,0.0,0.0,0,0.0,0.0
2020-05-22,2.4089999198913574,-0.017536698425669184,13.368629455566406,-0.01527224570861252,-0.002264452717056664,0.002264452717056664,0.014258657451453629,0.04383780429224785,0,0,0.0,10,4.8328706258505285,0.0,0.0,0.0,0.0,0.0,0.0,,0.0,0.0,0.0,0.04383780429224785,0.0,0.0,0.0,0,0.0,0.0
2020-05-23,2.4089999198913574,0.0,13.368629455566406,0.0,0.0,0.0,0.014246540801525896,0.04382038891123228,1,0,0.0,10,,0.0,0.0,0.0,0.0,0.0,0.0,,0.0,0.0,0.0,0.04382038891123228,0.0,0.0,0.0,0,0.0,0.0
2020-05-24,2.4089999198913574,0.0,13.368629455566406,0.0,0.0,0.0,0.014239100588924584,0.04382036535285016,1,0,0.0,10,,0.0,0.0,0.0,0.0,0.0,0.0,,0.0,0.0,0.0,0.04382036535285016,0.0,0.0,0.0,0,0.0,0.0
2020-05-25,2.4089999198913574,0.0,13.368629455566406,0.0,0.0,0.0,0.014239100588924584,0.04382036535285016,1,0,0.0,10,,0.0,0.0,0.0,0.0,0.0,0.0,,0.0,0.0,0.0,0.04382036535285016,0.0,0.0,0.0,0,0.0,0.0
2020-05-26,2.438499927520752,0.012245748696714243,13.87344741821289,0.0377613849141647,-0.025515636217450455,0.025515636217450455,0.014297567372486235,0.043993947223480136,0,0,0.0,10,17.543822171248216,0.0,0.0,0.0,0.0,0.0,0.0,,0.0,0.0,0.0,0.043993947223480136,0.0,0.0,0.0,0,0.0,0.0
2020-05-27,2.4024999141693115,-0.014763179996499787,13.95457649230957,0.00584779483073361,-0.020610974827233397,0.020610974827233397,0.014367772694588133,0.043999057881457866,0,0,0.0,10,2.300729134227697,0.0,0.0,0.0,0.0,0.0,0.0,,0.0,0.0,0.0,0.043999057881457866,0.0,0.0,0.0,0,0.0,0.0
2020-05-28,2.4130001068115234,0.0043705277907750695,13.963590621948242,0.0006459622507095641,0.0037245655400655053,0.0037245655400655053,0.014374727749744371,0.04397404468987336,1,0,0.0,10,0.8552892622450945,0.0,0.0,0.0,0.0,0.0,0.0,,0.0,0.0,0.0,0.04397404468987336,0.0,0.0,0.0,0,0.0,0.0
2020-05-29,2.426500082015991,0.005594684876457201,14.017679214477539,0.0038735447059210504,0.0017211401705361506,0.0017211401705361506,0.014387541360827349,0.04397208317635186,1,0,0.0,10,3.9997122658600994,0.0,0.0,0.0,0.0,0.0,0.0,,0.0,0.0,0.0,0.04397208317635186,0.0,0.0,0.0,0,0.0,0.0
2020-05-30,2.426500082015991,0.0,14.017679214477539,0.0,0.0,0.0,0.014374613127797954,0.043958824493583695,1,0,0.0,10,,0.0,0.0,0.0,0.0,0.0,0.0,,0.0,0.0,0.0,0.043958824493583695,0.0,0.0,0.0,0,0.0,0.0
2020-05-31,2.426500082015991,0.0,14.017679214477539,0.0,0.0,0.0,0.014343164644937484,0.04392743101299115,1,0,0.0,10,,0.0,0.0,0.0,0.0,0.0,0.0,,0.0,0.0,0.0,0.04392743101299115,0.0,0.0,0.0,0,0.0,0.0
2020-06-01,2.4744999408721924,0.01978151956884422,14.531510353088379,0.036655935033821585,-0.016874415464977366,0.016874415464977366,0.014487989952287502,0.044083653926905435,0,0,0.0,10,10.88198091804583,0.0,0.0,0.0,0.0,0.0,0.0,,0.0,0.0,0.0,0.044083653926905435,0.0,0.0,0.0,0,0.0,0.0
2020-06-02,2.494499921798706,0.00808243338226311,14.874063491821289,0.023573126977823655,-0.015490693595560545,0.015490693595560545,0.014513098275015748,0.04414693696500294,0,0,0.0,10,17.390865575244845,0.0,0.0,0.0,0.0,0.0,0.0,,0.0,0.0,0.0,0.04414693696500294,0.0,0.0,0.0,0,0.0,0.0
2020-06-03,2.496500015258789,0.0008018013721327044,15.126474380493164,0.01696986763641739,-0.016168066264284686,0.016168066264284686,0.014482661032945487,0.043900709865449895,0,0,0.0,10,128.23831497775552,0.0,0.0,0.0,0.0,0.0,0.0,,0.0,0.0,0.0,0.043900709865449895,0.0,0.0,0.0,0,0.0,0.0
2020-06-04,2.493000030517578,-0.0014019566272055473,15.216617584228516,0.005959300327880612,-0.0073612569550861595,0.0073612569550861595,0.014481926264629772,0.043812971759367034,0,0,0.0,10,25.94517100323153,0.0,0.0,0.0,0.0,0.0,0.0,,0.0,0.0,0.0,0.043812971759367034,0.0,0.0,0.0,0,0.0,0.0
2020-06-05,2.556999921798706,0.025671837343636428,15.622275352478027,0.026658865940743626,-0.000987028597107198,0.000987028597107198,0.014692684816569714,0.04387573885479695,0,0,0.0,10,6.344513003326093,0.0,0.0,0.0,0.0,0.0,0.0,,0.0,0.0,0.0,0.04387573885479695,0.0,0.0,0.0,0,0.0,0.0
2020-06-06,2.556999921798706,0.0,15.622275352478027,0.0,0.0,0.0,0.014691334975596292,0.043701760716031705,1,0,0.0,10,,0.0,0.0,0.0,0.0,0.0,0.0,,0.0,0.0,0.0,0.043701760716031705,0.0,0.0,0.0,0,0.0,0.0
2020-06-07,2.556999921798706,0.0,15.622275352478027,0.0,0.0,0.0,0.014656802376502942,0.0436775243300584,1,0,0.0,10,,0.0,0.0,0.0,0.0,0.0,0.0,,0.0,0.0,0.0,0.0436775243300584,0.0,0.0,0.0,0,0.0,0.0
2020-06-08,2.569999933242798,0.005084087540740745,15.76650619506836,0.009232383845254155,-0.00414829630451341,0.00414829630451341,0.014665091056028248,0.04368297774842749,0,0,0.0,10,11.1404616064715,0.0,0.0,0.0,0.0,0.0,0.0,,0.0,0.0,0.0,0.04368297774842749,0.0,0.0,0.0,0,0.0,0.0
2020-06-09,2.6005001068115234,0.011867772124896758,15.595231056213379,-0.010863227194148672,0.02273099931904543,0.02273099931904543,0.014711393739897757,0.04370177650083843,1,0,0.0,10,5.489396503484236,0.0,0.0,0.0,0.0,0.0,0.0,,0.0,0.0,0.0,0.04370177650083843,0.0,0.0,0.0,0,0.0,0.0
2020-06-10,2.6570000648498535,0.02172657401179845,15.77552318572998,0.011560721919844141,0.010165852091954308,0.010165852091954308,0.014713211359046708,0.04362458212723357,1,0,0.0,10,3.1592639496307022,0.0,0.0,0.0,0.0,0.0,0.0,,0.0,0.0,0.0,0.04362458212723357,0.0,0.0,0.0,0,0.0,0.0
2020-06-11,2.5864999294281006,-0.02653373492700195,14.423335075378418,-0.08571431162262233,0.05918057669562038,0.05918057669562038,0.014932672083634694,0.04444117592987147,1,1,1.0,10,18.013917833421004,-181.0,10.0,468.1564872264862,-144.23335075378418,0.0,0.0,Opened,468.1564872264862,-144.23335075378418,0.0,0.04444117592987147,612.3898379802704,0.0,0.0,0,0.0,612.3898379802704
2020-06-12,2.6015000343322754,0.005799383457741447,14.856035232543945,0.030000007273226048,-0.0242006238154846,0.0242006238154846,0.01493472927033978,0.0445107229502977,0,0,-1.0,10,29.540552881515158,181.0,-10.0,-470.87150621414185,148.56035232543945,-2.7150189876556396,4.327001571655273,Closed,-470.87150621414185,148.56035232543945,1.6119825839996338,0.0445107229502977,619.4318585395813,1.6119825839996338,0.00260235659786722,0,1.6119825839996338,0.0
2020-06-13,2.6015000343322754,0.0,14.856035232543945,0.0,0.0,0.0,0.01492873298364267,0.044442351535828165,1,0,0.0,10,,0.0,0.0,0.0,0.0,0.0,0.0,,0.0,0.0,0.0,0.044442351535828165,0.0,0.0,0.0,0,0.0,0.0
2020-06-14,2.6015000343322754,0.0,14.856035232543945,0.0,0.0,0.0,0.014923648915145292,0.04430818942662101,1,0,0.0,10,,0.0,0.0,0.0,0.0,0.0,0.0,,0.0,0.0,0.0,0.04430818942662101,0.0,0.0,0.0,0,0.0,0.0
2020-06-15,2.56850004196167,-0.012684986329079773,14.838006019592285,-0.0012135951934312272,-0.011471391135648545,0.011471391135648545,0.014979356065893094,0.04430887237594461,0,0,0.0,10,0.5526877133199869,0.0,0.0,0.0,0.0,0.0,0.0,,0.0,0.0,0.0,0.04430887237594461,0.0,0.0,0.0,0,0.0,0.0
2020-06-16,2.565999984741211,-0.0009733529996556189,15.01829719543457,0.012150633690553025,-0.013123986690208644,0.013123986690208644,0.014979734324607518,0.044320390870501505,0,0,0.0,10,73.06217580622291,0.0,0.0,0.0,0.0,0.0,0.0,,0.0,0.0,0.0,0.044320390870501505,0.0,0.0,0.0,0,0.0,0.0
2020-06-17,2.5920000076293945,0.010132510928602345,14.92815113067627,-0.006002415825524077,0.016134926754126422,0.016134926754126422,0.01488724946475996,0.04232639539939236,1,0,0.0,10,3.4117721701263553,0.0,0.0,0.0,0.0,0.0,0.0,,0.0,0.0,0.0,0.04232639539939236,0.0,0.0,0.0,0,0.0,0.0
2020-06-18,2.5910000801086426,-0.00038577450532739643,14.847020149230957,-0.005434764207242981,0.005048989701915585,0.005048989701915585,0.014883020694253329,0.041717272502592745,1,0,0.0,10,80.72704490541149,0.0,0.0,0.0,0.0,0.0,0.0,,0.0,0.0,0.0,0.041717272502592745,0.0,0.0,0.0,0,0.0,0.0
2020-06-19,2.615000009536743,0.009262805359347759,14.955195426940918,0.007285992517196416,0.001976812842151343,0.001976812842151343,0.014881409333470375,0.04092525014800102,1,0,0.0,10,4.498488145785389,0.0,0.0,0.0,0.0,0.0,0.0,,0.0,0.0,0.0,0.04092525014800102,0.0,0.0,0.0,0,0.0,0.0
2020-06-20,2.615000009536743,0.0,14.955195426940918,0.0,0.0,0.0,0.01482480519007587,0.03923807972202793,1,0,0.0,10,,0.0,0.0,0.0,0.0,0.0,0.0,,0.0,0.0,0.0,0.03923807972202793,0.0,0.0,0.0,0,0.0,0.0
2020-06-21,2.615000009536743,0.0,14.955195426940918,0.0,0.0,0.0,0.014820843107521256,0.038049776708212406,1,0,0.0,10,,0.0,0.0,0.0,0.0,0.0,0.0,,0.0,0.0,0.0,0.038049776708212406,0.0,0.0,0.0,0,0.0,0.0
2020-06-22,2.6554999351501465,0.01548754319912149,15.297748565673828,0.022905293374891,-0.007417750175769511,0.007417750175769511,0.014894570868922472,0.03809813504442447,0,0,0.0,10,8.519901058234407,0.0,0.0,0.0,0.0,0.0,0.0,,0.0,0.0,0.0,0.03809813504442447,0.0,0.0,0.0,0,0.0,0.0
2020-06-23,2.6600000858306885,0.0016946529054566728,15.730450630187988,0.028285342948117798,-0.026590690042661125,0.026590690042661125,0.014894593692973468,0.03817598836447076,0,0,0.0,10,98.70523835658331,0.0,0.0,0.0,0.0,0.0,0.0,,0.0,0.0,0.0,0.03817598836447076,0.0,0.0,0.0,0,0.0,0.0
2020-06-24,2.6505000591278076,-0.0035714384948652977,15.28873348236084,-0.028080387409846863,0.024508948914981565,0.024508948914981565,0.014561668349391741,0.033830601777908524,1,0,0.0,10,45.352748495693184,0.0,0.0,0.0,0.0,0.0,0.0,,0.0,0.0,0.0,0.033830601777908524,0.0,0.0,0.0,0,0.0,0.0
2020-06-25,2.6624999046325684,0.004527389261296477,15.577203750610352,0.018868159915425897,-0.01434077065412942,0.01434077065412942,0.014111154944921368,0.03192812933952885,0,0,0.0,10,24.382689694671516,0.0,0.0,0.0,0.0,0.0,0.0,,0.0,0.0,0.0,0.03192812933952885,0.0,0.0,0.0,0,0.0,0.0
2020-06-26,2.671999931335449,0.0035680852744262026,15.369864463806152,-0.013310430429214537,0.01687851570364074,0.01687851570364074,0.01230271073147318,0.029927321557740416,1,0,0.0,10,21.458060716427358,0.0,0.0,0.0,0.0,0.0,0.0,,0.0,0.0,0.0,0.029927321557740416,0.0,0.0,0.0,0,0.0,0.0
2020-06-27,2.671999931335449,0.0,15.369864463806152,0.0,0.0,0.0,0.012196712287216008,0.02987306163612799,1,0,0.0,10,,0.0,0.0,0.0,0.0,0.0,0.0,,0.0,0.0,0.0,0.02987306163612799,0.0,0.0,0.0,0,0.0,0.0
2020-06-28,2.671999931335449,0.0,15.369864463806152,0.0,0.0,0.0,0.012181684104721603,0.0297213748171328,1,0,0.0,10,,0.0,0.0,0.0,0.0,0.0,0.0,,0.0,0.0,0.0,0.0297213748171328,0.0,0.0,0.0,0,0.0,0.0
2020-06-29,2.679500102996826,0.002806950544204767,15.515606880187988,0.00948234883430743,-0.006675398290102663,0.006675398290102663,0.012180118242358286,0.029719334600601794,0,0,0.0,10,19.561229859305907,0.0,0.0,0.0,0.0,0.0,0.0,,0.0,0.0,0.0,0.029719334600601794,0.0,0.0,0.0,0,0.0,0.0
2020-06-30,2.7135000228881836,0.012688904118096866,15.968221664428711,0.029171581088373033,-0.016482676970276167,0.016482676970276167,0.012224138044794703,0.02980861529195124,0,0,0.0,10,13.528902775013057,0.0,0.0,0.0,0.0,0.0,0.0,,0.0,0.0,0.0,0.02980861529195124,0.0,0.0,0.0,0,0.0,0.0
2020-07-01,2.7170000076293945,0.001289841426824756,16.022533416748047,0.0034012398788478837,-0.0021113984520231277,0.0021113984520231277,0.011713671530697994,0.028686037366641888,0,0,0.0,10,15.550433036991206,0.0,0.0,0.0,0.0,0.0,0.0,,0.0,0.0,0.0,0.028686037366641888,0.0,0.0,0.0,0,0.0,0.0
2020-07-02,2.7335000038146973,0.006072873072863638,16.1583194732666,0.008474693295170255,-0.0024018202223066165,0.0024018202223066165,0.011197889677648662,0.024645560034784374,0,0,0.0,10,8.24910624663319,0.0,0.0,0.0,0.0,0.0,0.0,,0.0,0.0,0.0,0.024645560034784374,0.0,0.0,0.0,0,0.0,0.0
2020-07-03,2.7335000038146973,0.0,16.1583194732666,0.0,0.0,0.0,0.01110549816375471,0.023811167361375053,1,0,0.0,10,,0.0,0.0,0.0,0.0,0.0,0.0,,0.0,0.0,0.0,0.023811167361375053,0.0,0.0,0.0,0,0.0,0.0
2020-07-04,2.7335000038146973,0.0,16.1583194732666,0.0,0.0,0.0,0.011020934391152424,0.02381004456090788,1,0,0.0,10,,0.0,0.0,0.0,0.0,0.0,0.0,,0.0,0.0,0.0,0.02381004456090788,0.0,0.0,0.0,0,0.0,0.0
2020-07-05,2.7335000038146973,0.0,16.1583194732666,0.0,0.0,0.0,0.010999393836152161,0.023359453444005814,1,0,0.0,10,,0.0,0.0,0.0,0.0,0.0,0.0,,0.0,0.0,0.0,0.023359453444005814,0.0,0.0,0.0,0,0.0,0.0
2020-07-06,2.7660000324249268,0.011889529381699182,16.973024368286133,0.05042015021224411,-0.038530620830544926,0.038530620830544926,0.011039047504043628,0.02379700316727763,0,1,1.0,10,26.02235064657038,261.0,-10.0,-721.9260084629059,169.73024368286133,0.0,0.0,Opened,-721.9260084629059,169.73024368286133,0.0,0.02379700316727763,891.6562521457672,0.0,0.0,0,0.0,891.6562521457672
2020-07-07,2.7874999046325684,0.007772911046856734,16.82819175720215,-0.008533105705934352,0.016306016752791086,0.016306016752791086,0.011049581160621014,0.023831131783825395,1,0,-1.0,10,6.6274432694499295,-261.0,10.0,727.5374751091003,-168.28191757202148,5.611466646194458,1.4483261108398438,Closed,727.5374751091003,-168.28191757202148,7.059792757034302,0.023831131783825395,895.8193926811218,7.059792757034302,0.007880821530224813,0,7.059792757034302,0.0
2020-07-08,2.814500093460083,0.009686166726909251,17.262697219848633,0.025820092195022903,-0.016133925468113652,0.016133925468113652,0.010915424919188633,0.023861970252773437,0,0,0.0,10,16.34982973249385,0.0,0.0,0.0,0.0,0.0,0.0,,0.0,0.0,0.0,0.023861970252773437,0.0,0.0,0.0,0,0.0,0.0
2020-07-09,2.828000068664551,0.0047965801229983285,17.479949951171875,0.012585097714246318,-0.00778851759124799,0.00778851759124799,0.01038453864954339,0.02363769317438159,0,0,0.0,10,16.217565387302628,0.0,0.0,0.0,0.0,0.0,0.0,,0.0,0.0,0.0,0.02363769317438159,0.0,0.0,0.0,0,0.0,0.0
2020-07-10,2.88700008392334,0.020862805454828104,17.507110595703125,0.0015538170651014926,0.01930898838972661,0.01930898838972661,0.010265326717116701,0.022891552124600496,1,0,0.0,10,0.4516425568110746,0.0,0.0,0.0,0.0,0.0,0.0,,0.0,0.0,0.0,0.022891552124600496,0.0,0.0,0.0,0,0.0,0.0
2020-07-11,2.88700008392334,0.0,17.507110595703125,0.0,0.0,0.0,0.010142457772779737,0.022799791354415552,1,0,0.0,10,,0.0,0.0,0.0,0.0,0.0,0.0,,0.0,0.0,0.0,0.022799791354415552,0.0,0.0,0.0,0,0.0,0.0
2020-07-12,2.88700008392334,0.0,17.507110595703125,0.0,0.0,0.0,0.010061875940003519,0.022749898498286836,1,0,0.0,10,,0.0,0.0,0.0,0.0,0.0,0.0,,0.0,0.0,0.0,0.022749898498286836,0.0,0.0,0.0,0,0.0,0.0
2020-07-13,2.941999912261963,0.01905085789394234,17.82394027709961,0.018097199972806788,0.0009536579211355534,0.0009536579211355534,0.010189289729790078,0.022776743084838517,1,0,0.0,10,5.755166740970647,0.0,0.0,0.0,0.0,0.0,0.0,,0.0,0.0,0.0,0.022776743084838517,0.0,0.0,0.0,0,0.0,0.0
2020-07-14,2.9159998893737793,-0.008837533536224185,17.8963565826416,0.004062867380398183,-0.012900400916622368,0.012900400916622368,0.010252966133172085,0.02276992204187658,0,0,0.0,10,2.821491152664541,0.0,0.0,0.0,0.0,0.0,0.0,,0.0,0.0,0.0,0.02276992204187658,0.0,0.0,0.0,0,0.0,0.0
2020-07-15,2.870500087738037,-0.015603499095301232,17.932567596435547,0.002023373507715309,-0.01762687260301654,0.01762687260301654,0.010380488836597764,0.022154425360430767,0,0,0.0,10,0.8101006327885766,0.0,0.0,0.0,0.0,0.0,0.0,,0.0,0.0,0.0,0.022154425360430767,0.0,0.0,0.0,0,0.0,0.0
2020-07-16,2.885999917984009,0.0053996968375589205,17.5523681640625,-0.021201617131983874,0.026601313969542795,0.026601313969542795,0.010157988384246901,0.021775824857184777,1,1,1.0,10,23.880258054695965,-239.0,10.0,689.7539803981781,-175.523681640625,0.0,0.0,Opened,689.7539803981781,-175.523681640625,0.0,0.021775824857184777,865.2776620388031,0.0,0.0,0,0.0,865.2776620388031
2020-07-17,2.887500047683716,0.0005197954755158385,17.82394027709961,0.015472106698008803,-0.014952311222492964,0.014952311222492964,0.010135446264251535,0.021750057053898483,0,0,-1.0,10,183.73786896123755,239.0,-10.0,-690.1125113964081,178.2394027709961,-0.35853099822998047,2.7157211303710938,Closed,-690.1125113964081,178.2394027709961,2.3571901321411133,0.021750057053898483,868.3519141674042,2.3571901321411133,0.0027145562688155544,0,2.3571901321411133,0.0
2020-07-18,2.887500047683716,0.0,17.82394027709961,0.0,0.0,0.0,0.010134891422135401,0.021514720564861294,1,0,0.0,10,,0.0,0.0,0.0,0.0,0.0,0.0,,0.0,0.0,0.0,0.021514720564861294,0.0,0.0,0.0,0,0.0,0.0
2020-07-19,2.887500047683716,0.0,17.82394027709961,0.0,0.0,0.0,0.010134891422135401,0.021514720564861294,1,0,0.0,10,,0.0,0.0,0.0,0.0,0.0,0.0,,0.0,0.0,0.0,0.021514720564861294,0.0,0.0,0.0,0,0.0,0.0
2020-07-20,2.8984999656677246,0.0038094953428078338,18.176977157592773,0.019806893145100535,-0.0159973978022927,0.0159973978022927,0.010132837196925636,0.02156744551118926,0,0,0.0,10,32.605981181146916,0.0,0.0,0.0,0.0,0.0,0.0,,0.0,0.0,0.0,0.02156744551118926,0.0,0.0,0.0,0,0.0,0.0
2020-07-21,2.940999984741211,0.014662763352386587,18.24939727783203,0.003984167422964813,0.010678595929421775,0.010678595929421775,0.010202658623692788,0.02156305345335588,1,0,0.0,10,1.6860686680615236,0.0,0.0,0.0,0.0,0.0,0.0,,0.0,0.0,0.0,0.02156305345335588,0.0,0.0,0.0,0,0.0,0.0
2020-07-22,2.9084999561309814,-0.011050672825178354,18.403284072875977,0.008432431641502758,-0.01948310446668111,0.01948310446668111,0.010159508641174216,0.021565778183538838,0,0,0.0,10,4.828256974686376,0.0,0.0,0.0,0.0,0.0,0.0,,0.0,0.0,0.0,0.021565778183538838,0.0,0.0,0.0,0,0.0,0.0
2020-07-23,2.924499988555908,0.005501128645781561,18.367076873779297,-0.001967431408073761,0.007468560053855322,0.007468560053855322,0.01012308728340791,0.02115810635775459,1,0,0.0,10,2.246136879849384,0.0,0.0,0.0,0.0,0.0,0.0,,0.0,0.0,0.0,0.02115810635775459,0.0,0.0,0.0,0,0.0,0.0
2020-07-24,2.881999969482422,-0.014532405279465421,18.131715774536133,-0.012814292707576391,-0.00171811257188903,0.00171811257188903,0.010120273056112716,0.02020699848693665,0,0,0.0,10,5.547560788797719,0.0,0.0,0.0,0.0,0.0,0.0,,0.0,0.0,0.0,0.02020699848693665,0.0,0.0,0.0,0,0.0,0.0
2020-07-25,2.881999969482422,0.0,18.131715774536133,0.0,0.0,0.0,0.010106446791283323,0.020188166028893673,1,0,0.0,10,,0.0,0.0,0.0,0.0,0.0,0.0,,0.0,0.0,0.0,0.020188166028893673,0.0,0.0,0.0,0,0.0,0.0
2020-07-26,2.881999969482422,0.0,18.131715774536133,0.0,0.0,0.0,0.009925283071512846,0.020010943431471955,1,0,0.0,10,,0.0,0.0,0.0,0.0,0.0,0.0,,0.0,0.0,0.0,0.020010943431471955,0.0,0.0,0.0,0,0.0,0.0
2020-07-27,2.888000011444092,0.0020819021600293475,18.6476993560791,0.02845751543643793,-0.026375613276408583,0.026375613276408583,0.009923066568762668,0.02015297547949868,0,1,1.0,10,88.26016447715807,883.0,-10.0,-2550.104010105133,186.47699356079102,0.0,0.0,Opened,-2550.104010105133,186.47699356079102,0.0,0.02015297547949868,2736.581003665924,0.0,0.0,0,0.0,2736.581003665924
2020-07-28,2.9049999713897705,0.005886412700247146,18.475706100463867,-0.009223296253924484,0.01510970895417163,0.01510970895417163,0.009927957204913221,0.020194602396554212,1,0,-1.0,10,9.965299684429784,-883.0,10.0,2565.1149747371674,-184.75706100463867,15.010964632034302,1.7199325561523438,Closed,2565.1149747371674,-184.75706100463867,16.730897188186646,0.020194602396554212,2749.872035741806,16.730897188186646,0.006084245728792,0,16.730897188186646,0.0
2020-07-29,2.9054999351501465,0.00017210456636829186,18.557174682617188,0.004409497624086711,-0.004237393057718419,0.004237393057718419,0.009876248748386518,0.020101974008537186,0,0,0.0,10,163.63933476596083,0.0,0.0,0.0,0.0,0.0,0.0,,0.0,0.0,0.0,0.020101974008537186,0.0,0.0,0.0,0,0.0,0.0
2020-07-30,2.9045000076293945,-0.00034414990296682824,18.032142639160156,-0.028292671294883998,0.02794852139191717,0.02794852139191717,0.00936601261372753,0.019974834104960513,1,1,1.0,10,510.3901151014808,-5104.0,10.0,14824.56803894043,-180.32142639160156,0.0,0.0,Opened,14824.56803894043,-180.32142639160156,0.0,0.019974834104960513,15004.889465332031,0.0,0.0,0,0.0,15004.889465332031
2020-07-31,2.8589999675750732,-0.01566536062482493,17.950668334960938,-0.0045182819274223185,-0.011147078697402613,0.011147078697402613,0.009326206301571239,0.01967891152166806,0,0,-1.0,10,1.8109205682503098,5104.0,-10.0,-14592.335834503174,179.50668334960938,232.23220443725586,-0.8147430419921875,Closed,-14592.335834503174,179.50668334960938,231.41746139526367,0.01967891152166806,14771.842517852783,231.41746139526367,0.015666120263303634,0,231.41746139526367,0.0
2020-08-01,2.8589999675750732,0.0,17.950668334960938,0.0,0.0,0.0,0.009328419357044551,0.019616513812319224,1,0,0.0,10,,0.0,0.0,0.0,0.0,0.0,0.0,,0.0,0.0,0.0,0.019616513812319224,0.0,0.0,0.0,0,0.0,0.0
2020-08-02,2.8589999675750732,0.0,17.950668334960938,0.0,0.0,0.0,0.009293708859880213,0.01958642522134855,1,0,0.0,10,,0.0,0.0,0.0,0.0,0.0,0.0,,0.0,0.0,0.0,0.01958642522134855,0.0,0.0,0.0,0,0.0,0.0
2020-08-03,2.9079999923706055,0.017138868608345126,18.222240447998047,0.015128802335910407,0.0020100662724347185,0.0020100662724347185,0.009413459746561216,0.01961502692567102,1,0,0.0,10,5.5313325719473445,0.0,0.0,0.0,0.0,0.0,0.0,,0.0,0.0,0.0,0.01961502692567102,0.0,0.0,0.0,0,0.0,0.0
2020-08-04,2.8894999027252197,-0.0063617915040998785,18.466651916503906,0.013412811075748543,-0.01977460257984842,0.01977460257984842,0.00944980278415576,0.019633445373825525,0,1,1.0,10,13.474288894140678,135.0,-10.0,-390.08248686790466,184.66651916503906,0.0,0.0,Opened,-390.08248686790466,184.66651916503906,0.0,0.019633445373825525,574.7490060329437,0.0,0.0,0,0.0,574.7490060329437
2020-08-05,2.9114999771118164,0.0076138000094228,19.217988967895508,0.04068615441438639,-0.03307235440496359,0.03307235440496359,0.00938380809677046,0.01996518843111939,0,1,0.0,10,35.27250686431028,-135.0,10.0,393.0524969100952,-192.17988967895508,2.9700100421905518,-7.513370513916016,Live,0.0,0.0,0.0,0.01996518843111939,585.2323865890503,-4.543360471725464,-0.00776334423015418,0,0.0,0.0
2020-08-06,2.9054999351501465,-0.002060807834050493,19.571029663085938,0.01837032458391974,-0.020431132417970232,0.020431132417970232,0.00938700683850994,0.020013862530882512,0,1,0.0,10,60.044348694781384,-135.0,10.0,392.2424912452698,-195.71029663085938,2.1600043773651123,-11.043777465820312,Live,0.0,0.0,0.0,0.020013862530882512,587.9527878761292,-8.8837730884552,-0.01510967083011238,0,0.0,0.0
2020-08-07,2.7904999256134033,-0.03958011085992341,19.064104080200195,-0.025901835090561653,-0.013678275769361758,0.013678275769361758,0.010262417603498795,0.019206290291477305,0,1,0.0,10,4.470827491986673,-135.0,10.0,376.71748995780945,-190.64104080200195,-13.364996910095215,-5.974521636962891,Live,0.0,0.0,0.0,0.019206290291477305,567.3585307598114,-19.339518547058105,-0.03408694414298919,1,-19.339518547058105,0.0
2020-08-08,2.7904999256134033,0.0,19.064104080200195,0.0,0.0,0.0,0.010211068094040498,0.018714112364424457,1,0,-1.0,10,,-135.0,10.0,376.71748995780945,-190.64104080200195,-13.364996910095215,-5.974521636962891,Closed,376.71748995780945,-190.64104080200195,-19.339518547058105,0.018714112364424457,567.3585307598114,-19.339518547058105,-0.03408694414298919,1,0.0,0.0
2020-08-09,2.7904999256134033,0.0,19.064104080200195,0.0,0.0,0.0,0.010070315055668194,0.01832107139817672,1,0,0.0,10,,0.0,0.0,0.0,0.0,0.0,0.0,,0.0,0.0,0.0,0.01832107139817672,0.0,0.0,0.0,0,0.0,0.0
2020-08-10,2.8585000038146973,0.024368421434860288,19.172727584838867,0.005697802749172309,0.01867061868568798,0.01867061868568798,0.010315601202176703,0.01831624154303831,1,1,1.0,10,1.568287634108463,-16.0,10.0,45.736000061035156,-191.72727584838867,0.0,0.0,Opened,45.736000061035156,-191.72727584838867,0.0,0.01831624154303831,237.46327590942383,0.0,0.0,0,0.0,237.46327590942383
2020-08-11,2.871999979019165,0.004722748009953426,18.98263168334961,-0.009914911722815,0.014637659732768427,0.014637659732768427,0.01031647553107036,0.018367145254107518,1,1,0.0,10,13.876056739629423,16.0,-10.0,-45.95199966430664,189.8263168334961,-0.21599960327148438,-1.9009590148925781,Live,0.0,0.0,0.0,0.018367145254107518,235.77831649780273,-2.1169586181640625,-0.008978597564054584,0,0.0,0.0
2020-08-12,2.88700008392334,0.005222877790304725,19.009784698486328,0.0014304136322960126,0.0037924641580087126,0.0037924641580087126,0.010320905158767248,0.018341431227297793,1,1,0.0,10,1.803358944075151,16.0,-10.0,-46.19200134277344,190.09784698486328,-0.45600128173828125,-1.6294288635253906,Live,0.0,0.0,0.0,0.018341431227297793,236.28984832763672,-2.085430145263672,-0.008825728908895143,0,0.0,0.0
2020-08-13,2.803999900817871,-0.028749629612990546,18.93737030029297,-0.0038093223748675298,-0.024940307238123016,0.024940307238123016,0.01076191280118548,0.018326897800208564,0,0,-1.0,10,0.8948642353476243,16.0,-10.0,-44.86399841308594,189.3737030029297,0.8720016479492188,-2.3535728454589844,Closed,-44.86399841308594,189.3737030029297,-1.4815711975097656,0.018326897800208564,234.23770141601562,-1.4815711975097656,-0.00632507571818439,0,-1.4815711975097656,0.0
2020-08-14,2.8559999465942383,0.01854495278733781,18.846847534179688,-0.00478011279696422,0.02332506558430203,0.02332506558430203,0.01088654398743943,0.018313806268184202,1,1,1.0,10,1.7009554343351405,-18.0,10.0,51.40799903869629,-188.46847534179688,0.0,0.0,Opened,51.40799903869629,-188.46847534179688,0.0,0.018313806268184202,239.87647438049316,0.0,0.0,0,0.0,239.87647438049316
2020-08-15,2.8559999465942383,0.0,18.846847534179688,0.0,0.0,0.0,0.01082017309978133,0.018212730487856457,1,1,0.0,10,,18.0,-10.0,-51.40799903869629,188.46847534179688,0.0,0.0,Live,0.0,0.0,0.0,0.018212730487856457,239.87647438049316,0.0,0.0,0,0.0,0.0
2020-08-16,2.8559999465942383,0.0,18.846847534179688,0.0,0.0,0.0,0.010793054256013604,0.01812851399461191,1,1,0.0,10,,18.0,-10.0,-51.40799903869629,188.46847534179688,0.0,0.0,Live,0.0,0.0,0.0,0.01812851399461191,239.87647438049316,0.0,0.0,0,0.0,0.0
2020-08-17,2.8980000019073486,0.014705901995269777,19.48050880432129,0.03362160536357206,-0.018915703368302283,0.018915703368302283,0.01086870582634761,0.01836813448308061,0,0,-1.0,10,15.368401337189711,18.0,-10.0,-52.164000034332275,194.8050880432129,-0.7560009956359863,6.336612701416016,Closed,-52.164000034332275,194.8050880432129,5.580611705780029,0.01836813448308061,246.96908807754517,5.580611705780029,0.022596397586518147,0,5.580611705780029,0.0
2020-08-18,2.9709999561309814,0.02518977024692437,19.55292510986328,0.003717372388442275,0.021472397858482095,0.021472397858482095,0.011113136567964577,0.0183635070812984,1,1,1.0,10,0.9712274622167805,-10.0,10.0,29.709999561309814,-195.5292510986328,0.0,0.0,Opened,29.709999561309814,-195.5292510986328,0.0,0.0183635070812984,225.23925065994263,0.0,0.0,0,0.0,225.23925065994263
2020-08-19,3.0190000534057617,0.01615620935157769,19.89691162109375,0.01759258572810407,-0.0014363763765263826,0.0014363763765263826,0.011120011734398678,0.01837838001931131,0,0,-1.0,10,7.176501072254572,10.0,-10.0,-30.190000534057617,198.9691162109375,-0.48000097274780273,3.4398651123046875,Closed,-30.190000534057617,198.9691162109375,2.9598641395568848,0.01837838001931131,229.15911674499512,2.9598641395568848,0.012916196316337603,0,2.9598641395568848,0.0
2020-08-20,2.9700000286102295,-0.01623054783992295,19.652498245239258,-0.012283985600829439,-0.0039465622390935096,0.0039465622390935096,0.011217917687955117,0.01824073933321917,0,0,0.0,10,5.008035886517508,0.0,0.0,0.0,0.0,0.0,0.0,,0.0,0.0,0.0,0.01824073933321917,0.0,0.0,0.0,0,0.0,0.0
2020-08-21,2.9135000705718994,-0.01902355471180528,19.272302627563477,-0.019345917904757037,0.00032236319295175786,0.00032236319295175786,0.011397914672754994,0.018215260588923154,1,0,0.0,10,6.7269196834259235,0.0,0.0,0.0,0.0,0.0,0.0,,0.0,0.0,0.0,0.018215260588923154,0.0,0.0,0.0,0,0.0,0.0
2020-08-22,2.9135000705718994,0.0,19.272302627563477,0.0,0.0,0.0,0.011399265598894037,0.018202566645736742,1,0,0.0,10,,0.0,0.0,0.0,0.0,0.0,0.0,,0.0,0.0,0.0,0.018202566645736742,0.0,0.0,0.0,0,0.0,0.0
2020-08-23,2.9135000705718994,0.0,19.272302627563477,0.0,0.0,0.0,0.011359813229211705,0.01816168697649348,1,0,0.0,10,,0.0,0.0,0.0,0.0,0.0,0.0,,0.0,0.0,0.0,0.01816168697649348,0.0,0.0,0.0,0,0.0,0.0
2020-08-24,2.922499895095825,0.003089007827674184,19.20893669128418,-0.003287927628775944,0.006376935456450128,0.006376935456450128,0.011357733076204935,0.01817266495348592,1,0,0.0,10,6.996036421605099,0.0,0.0,0.0,0.0,0.0,0.0,,0.0,0.0,0.0,0.01817266495348592,0.0,0.0,0.0,0,0.0,0.0
2020-08-25,2.930999994277954,0.0029085028185604767,18.901159286499023,-0.016022615396759865,0.01893111821532034,0.01893111821532034,0.011355463047443608,0.018281666658805422,1,1,1.0,10,35.525200980746845,-356.0,10.0,1043.4359979629517,-189.01159286499023,0.0,0.0,Opened,1043.4359979629517,-189.01159286499023,0.0,0.018281666658805422,1232.447590827942,0.0,0.0,0,0.0,1232.447590827942
2020-08-26,2.9595000743865967,0.00972367115806283,19.326616287231445,0.02250957172961998,-0.012785900571557152,0.012785900571557152,0.011016601180514257,0.01719816945915803,0,0,-1.0,10,15.117307181633118,356.0,-10.0,-1053.5820264816284,193.26616287231445,-10.146028518676758,4.254570007324219,Closed,-1053.5820264816284,193.26616287231445,-5.891458511352539,0.01719816945915803,1246.8481893539429,-5.891458511352539,-0.004725080857201398,0,-5.891458511352539,0.0
2020-08-27,2.9649999141693115,0.0018583678474326515,19.091259002685547,-0.012177883652680133,0.014036251500112784,0.014036251500112784,0.011003374957550213,0.017271498746197163,1,0,0.0,10,42.193934272542215,0.0,0.0,0.0,0.0,0.0,0.0,,0.0,0.0,0.0,0.017271498746197163,0.0,0.0,0.0,0,0.0,0.0
2020-08-28,2.994999885559082,0.010118034488434624,19.779232025146484,0.03603602163504038,-0.02591798714660576,0.02591798714660576,0.010910598427244077,0.017516797818268218,0,1,1.0,10,23.520865502607414,236.0,-10.0,-706.8199729919434,197.79232025146484,0.0,0.0,Opened,-706.8199729919434,197.79232025146484,0.0,0.017516797818268218,904.6122932434082,0.0,0.0,0,0.0,904.6122932434082
2020-08-29,2.994999885559082,0.0,19.779232025146484,0.0,0.0,0.0,0.010880486647702086,0.01738795568137467,1,0,-1.0,10,,-236.0,10.0,706.8199729919434,-197.79232025146484,0.0,0.0,Closed,706.8199729919434,-197.79232025146484,0.0,0.01738795568137467,904.6122932434082,0.0,0.0,0,0.0,0.0
2020-08-30,2.994999885559082,0.0,19.779232025146484,0.0,0.0,0.0,0.01070127413147085,0.017284433469561607,1,0,0.0,10,,0.0,0.0,0.0,0.0,0.0,0.0,,0.0,0.0,0.0,0.017284433469561607,0.0,0.0,0.0,0,0.0,0.0
2020-08-31,3.0409998893737793,0.015358933413151199,20.105112075805664,0.016475869752924144,-0.0011169363397729448,0.0011169363397729448,0.010778788011466828,0.017323688237079034,0,0,0.0,10,7.09214141269911,0.0,0.0,0.0,0.0,0.0,0.0,,0.0,0.0,0.0,0.017323688237079034,0.0,0.0,0.0,0,0.0,0.0
2020-09-01,3.009500026702881,-0.010358389943047719,20.503414154052734,0.019810985223324584,-0.030169375166372303,0.030169375166372303,0.01085151595600779,0.017387883346413068,0,1,1.0,10,13.030037052430828,131.0,-10.0,-394.2445034980774,205.03414154052734,0.0,0.0,Opened,-394.2445034980774,205.03414154052734,0.0,0.017387883346413068,599.2786450386047,0.0,0.0,0,0.0,599.2786450386047
2020-09-02,3.003000020980835,-0.002159829095986776,20.458154678344727,-0.00220741167143923,4.7582575452453924e-05,4.7582575452453924e-05,0.010858260311039685,0.0173949726002397,1,0,-1.0,10,6.962658099007223,-131.0,10.0,393.3930027484894,-204.58154678344727,-0.8515007495880127,0.4525947570800781,Closed,393.3930027484894,-204.58154678344727,-0.39890599250793457,0.0173949726002397,597.9745495319366,-0.39890599250793457,-0.0006670952682186514,0,-0.39890599250793457,0.0
2020-09-03,2.9579999446868896,-0.014985040286229268,19.643447875976562,-0.03982308351742714,0.02483804323119787,0.02483804323119787,0.01094652376542429,0.017621360159680802,1,1,1.0,10,17.648041932056874,-177.0,10.0,523.5659902095795,-196.43447875976562,0.0,0.0,Opened,523.5659902095795,-196.43447875976562,0.0,0.017621360159680802,720.0004689693451,0.0,0.0,0,0.0,720.0004689693451
2020-09-04,3.0464999675750732,0.029918872394553597,20.13226890563965,0.024884685863162614,0.005034186531390983,0.005034186531390983,0.011165405446429565,0.017747840925156466,1,1,0.0,10,5.496401962501392,177.0,-10.0,-539.230494260788,201.32268905639648,-15.664504051208496,4.888210296630859,Live,0.0,0.0,0.0,0.017747840925156466,740.5531833171844,-10.776293754577637,-0.014551681091028501,0,0.0,0.0
2020-09-05,3.0464999675750732,0.0,20.13226890563965,0.0,0.0,0.0,0.011166324175092498,0.017749128766352488,1,1,0.0,10,,177.0,-10.0,-539.230494260788,201.32268905639648,-15.664504051208496,4.888210296630859,Live,0.0,0.0,0.0,0.017749128766352488,740.5531833171844,-10.776293754577637,-0.014551681091028501,0,0.0,0.0
2020-09-06,3.0464999675750732,0.0,20.13226890563965,0.0,0.0,0.0,0.01116415012190161,0.017753243308253813,1,1,0.0,10,,177.0,-10.0,-539.230494260788,201.32268905639648,-15.664504051208496,4.888210296630859,Live,0.0,0.0,0.0,0.017753243308253813,740.5531833171844,-10.776293754577637,-0.014551681091028501,0,0.0,0.0
2020-09-07,3.0464999675750732,0.0,20.13226890563965,0.0,0.0,0.0,0.01116415012190161,0.017753243308253813,1,1,0.0,10,,177.0,-10.0,-539.230494260788,201.32268905639648,-15.664504051208496,4.888210296630859,Live,0.0,0.0,0.0,0.017753243308253813,740.5531833171844,-10.776293754577637,-0.014551681091028501,0,0.0,0.0
2020-09-08,3.012500047683716,-0.011160321763738712,19.41714096069336,-0.03552147789690807,0.02436115613316936,0.02436115613316936,0.011243278764747545,0.01817995873393121,1,1,0.0,10,20.51504772620548,177.0,-10.0,-533.2125084400177,194.1714096069336,-9.646518230438232,-2.2630691528320312,Live,0.0,0.0,0.0,0.01817995873393121,727.3839180469513,-11.909587383270264,-0.016373179400567282,0,0.0,0.0
2020-09-09,3.0399999618530273,0.00912860206938615,20.150375366210938,0.037762222924677014,-0.028633620855290864,0.028633620855290864,0.01112512978914325,0.01820070706743176,0,0,-1.0,10,27.419708808735557,177.0,-10.0,-538.0799932479858,201.50375366210938,-14.514003038406372,5.06927490234375,Closed,-538.0799932479858,201.50375366210938,-9.444728136062622,0.01820070706743176,739.5837469100952,-9.444728136062622,-0.012770329493477546,0,-9.444728136062622,0.0
2020-09-10,2.986999988555908,-0.01743420196124379,19.571029663085938,-0.028751112204910778,0.011316910243666989,0.011316910243666989,0.011278599951121,0.01836742014773567,1,0,0.0,10,10.805155744981434,0.0,0.0,0.0,0.0,0.0,0.0,,0.0,0.0,0.0,0.01836742014773567,0.0,0.0,0.0,0,0.0,0.0
2020-09-11,3.0339999198913574,0.015734828093578956,19.996488571166992,0.021739219417951094,-0.006004391324372138,0.006004391324372138,0.011362902948281975,0.0184104214769614,0,0,0.0,10,9.105842154454258,0.0,0.0,0.0,0.0,0.0,0.0,,0.0,0.0,0.0,0.0184104214769614,0.0,0.0,0.0,0,0.0,0.0
2020-09-12,3.0339999198913574,0.0,19.996488571166992,0.0,0.0,0.0,0.011359507798977138,0.01841027421729915,1,0,0.0,10,,0.0,0.0,0.0,0.0,0.0,0.0,,0.0,0.0,0.0,0.01841027421729915,0.0,0.0,0.0,0,0.0,0.0
2020-09-13,3.0339999198913574,0.0,19.996488571166992,0.0,0.0,0.0,0.011107096405651547,0.018255193681989274,1,0,0.0,10,,0.0,0.0,0.0,0.0,0.0,0.0,,0.0,0.0,0.0,0.018255193681989274,0.0,0.0,0.0,0,0.0,0.0
2020-09-14,3.066499948501587,0.010711941156344329,20.177532196044922,0.009053770827493146,0.0016581703288511829,0.0016581703288511829,0.01114142400567103,0.018264426097364218,1,0,0.0,10,5.56142911546759,0.0,0.0,0.0,0.0,0.0,0.0,,0.0,0.0,0.0,0.018264426097364218,0.0,0.0,0.0,0,0.0,0.0
2020-09-15,3.062999963760376,-0.0011413614218128698,20.24995231628418,0.003589146558440559,-0.004730507980253429,0.004730507980253429,0.011143954021218108,0.018262536054545385,0,0,0.0,10,20.789546536627377,0.0,0.0,0.0,0.0,0.0,0.0,,0.0,0.0,0.0,0.018262536054545385,0.0,0.0,0.0,0,0.0,0.0
2020-09-16,3.058000087738037,-0.0016323460925544708,20.440052032470703,0.009387662411118436,-0.011020008503672907,0.011020008503672907,0.011144620137318968,0.018263098125410493,0,0,0.0,10,38.44056152801758,0.0,0.0,0.0,0.0,0.0,0.0,,0.0,0.0,0.0,0.018263098125410493,0.0,0.0,0.0,0,0.0,0.0
2020-09-17,3.066499948501587,0.0027795488945969726,20.485305786132812,0.0022139744845179887,0.0005655744100789839,0.0005655744100789839,0.011098665780905764,0.018211265211453602,1,0,0.0,10,5.321055426534837,0.0,0.0,0.0,0.0,0.0,0.0,,0.0,0.0,0.0,0.018211265211453602,0.0,0.0,0.0,0,0.0,0.0
2020-09-18,3.1135001182556152,0.015326975556283484,20.49436378479004,0.0004421705368615747,0.01488480501942191,0.01488480501942191,0.011000099931453776,0.018191766738490118,1,0,0.0,10,0.18989734395399255,0.0,0.0,0.0,0.0,0.0,0.0,,0.0,0.0,0.0,0.018191766738490118,0.0,0.0,0.0,0,0.0,0.0
2020-09-19,3.1135001182556152,0.0,20.49436378479004,0.0,0.0,0.0,0.010627173586725616,0.015848117409464842,1,0,0.0,10,,0.0,0.0,0.0,0.0,0.0,0.0,,0.0,0.0,0.0,0.015848117409464842,0.0,0.0,0.0,0,0.0,0.0
2020-09-20,3.1135001182556152,0.0,20.49436378479004,0.0,0.0,0.0,0.010621568794477223,0.015626542946989477,1,0,0.0,10,,0.0,0.0,0.0,0.0,0.0,0.0,,0.0,0.0,0.0,0.015626542946989477,0.0,0.0,0.0,0,0.0,0.0
2020-09-21,3.0295000076293945,-0.026979318270680896,19.625343322753906,-0.0424029001905919,0.015423581919911,0.015423581919911,0.011004869509913725,0.01627982019287374,1,0,0.0,10,10.181479594763944,0.0,0.0,0.0,0.0,0.0,0.0,,0.0,0.0,0.0,0.01627982019287374,0.0,0.0,0.0,0,0.0,0.0
2020-09-22,3.059000015258789,0.009737582952666246,19.353775024414062,-0.013837632996972049,0.023575215949638295,0.023575215949638295,0.011033751878218987,0.016363475239613304,1,1,1.0,10,8.990769152509573,-90.0,10.0,275.310001373291,-193.53775024414062,0.0,0.0,Opened,275.310001373291,-193.53775024414062,0.0,0.016363475239613304,468.84775161743164,0.0,0.0,0,0.0,468.84775161743164
2020-09-23,2.993499994277954,-0.021412232969633904,18.430442810058594,-0.04770811964026245,0.026295886670628543,0.026295886670628543,0.011182052620962415,0.017121108243128468,1,1,0.0,10,13.717875209381624,90.0,-10.0,-269.41499948501587,184.30442810058594,5.8950018882751465,-9.233322143554688,Live,0.0,0.0,0.0,0.017121108243128468,453.7194275856018,-3.338320255279541,-0.007357675365685571,0,0.0,0.0
2020-09-24,2.9690001010894775,-0.008184363866814093,18.49380874633789,0.0034381125256912615,-0.011622476392505354,0.011622476392505354,0.01122195893908943,0.01709269890918544,0,0,-1.0,10,2.6166841689584155,90.0,-10.0,-267.210009098053,184.9380874633789,8.099992275238037,-8.599662780761719,Closed,-267.210009098053,184.9380874633789,-0.49967050552368164,0.01709269890918544,452.1480965614319,-0.49967050552368164,-0.001105103636006998,0,-0.49967050552368164,0.0
2020-09-25,2.9730000495910645,0.0013472375767582534,18.511913299560547,0.0009789521169478732,0.0003682854598103802,0.0003682854598103802,0.011188210015905024,0.01707298704395782,1,0,0.0,10,4.5245318889938515,0.0,0.0,0.0,0.0,0.0,0.0,,0.0,0.0,0.0,0.01707298704395782,0.0,0.0,0.0,0,0.0,0.0
2020-09-26,2.9730000495910645,0.0,18.511913299560547,0.0,0.0,0.0,0.011187642523739758,0.01705676457884853,1,0,0.0,10,,0.0,0.0,0.0,0.0,0.0,0.0,,0.0,0.0,0.0,0.01705676457884853,0.0,0.0,0.0,0,0.0,0.0
2020-09-27,2.9730000495910645,0.0,18.511913299560547,0.0,0.0,0.0,0.011160518650104126,0.017051038778875104,1,0,0.0,10,,0.0,0.0,0.0,0.0,0.0,0.0,,0.0,0.0,0.0,0.017051038778875104,0.0,0.0,0.0,0,0.0,0.0
2020-09-28,2.989500045776367,0.005549948170223695,18.629592895507812,0.006356965595234243,-0.0008070174250105477,0.0008070174250105477,0.011167556130110683,0.017054303217884145,0,0,0.0,10,7.1378223329560235,0.0,0.0,0.0,0.0,0.0,0.0,,0.0,0.0,0.0,0.017054303217884145,0.0,0.0,0.0,0,0.0,0.0
2020-09-29,2.9835000038146973,-0.0020070385916691746,18.49380874633789,-0.007288626752690042,0.005281588161020867,0.005281588161020867,0.011171902586574693,0.017079974914850013,1,0,0.0,10,22.510767728578262,0.0,0.0,0.0,0.0,0.0,0.0,,0.0,0.0,0.0,0.017079974914850013,0.0,0.0,0.0,0,0.0,0.0
2020-09-30,3.0285000801086426,0.01508298181210277,18.756322860717773,0.014194702561302508,0.0008882792508002613,0.0008882792508002613,0.011166814827993813,0.01699568008238081,1,0,0.0,10,5.828532194098552,0.0,0.0,0.0,0.0,0.0,0.0,,0.0,0.0,0.0,0.01699568008238081,0.0,0.0,0.0,0,0.0,0.0
2020-10-01,2.8635001182556152,-0.05448240300099583,18.6476993560791,-0.005791300642737807,-0.04869110235825802,0.04869110235825802,0.012485832829646217,0.01680762490085717,0,1,1.0,10,0.6922260042147851,7.0,-10.0,-20.044500827789307,186.47699356079102,0.0,0.0,Opened,-20.044500827789307,186.47699356079102,0.0,0.01680762490085717,206.52149438858032,0.0,0.0,0,0.0,206.52149438858032
2020-10-02,2.9784998893737793,0.040160560980950555,18.747270584106445,0.005339598527733802,0.03482096245321675,0.03482096245321675,0.013082250180384381,0.016536707195053447,1,0,-1.0,10,0.8368532237101155,-7.0,10.0,20.849499225616455,-187.47270584106445,0.8049983978271484,-0.9957122802734375,Closed,20.849499225616455,-187.47270584106445,-0.19071388244628906,0.016536707195053447,208.3222050666809,-0.19071388244628906,-0.0009154755364904299,0,-0.19071388244628906,0.0
2020-10-03,2.9784998893737793,0.0,18.747270584106445,0.0,0.0,0.0,0.013078636393439242,0.01645176043508959,1,0,0.0,10,,0.0,0.0,0.0,0.0,0.0,0.0,,0.0,0.0,0.0,0.01645176043508959,0.0,0.0,0.0,0,0.0,0.0
2020-10-04,2.9784998893737793,0.0,18.747270584106445,0.0,0.0,0.0,0.013076998081295876,0.016380426156587486,1,0,0.0,10,,0.0,0.0,0.0,0.0,0.0,0.0,,0.0,0.0,0.0,0.016380426156587486,0.0,0.0,0.0,0,0.0,0.0
2020-10-05,2.9649999141693115,-0.004532474636856909,19.009784698486328,0.014002791137096793,-0.018535265773953702,0.018535265773953702,0.013088949601367016,0.016421908797223956,0,1,1.0,10,19.807594724993894,199.0,-10.0,-590.034982919693,190.09784698486328,0.0,0.0,Opened,-590.034982919693,190.09784698486328,0.0,0.016421908797223956,780.1328299045563,0.0,0.0,0,0.0,780.1328299045563
2020-10-06,2.9655001163482666,0.0001687022574823338,18.557174682617188,-0.023809318361463605,0.02397802061894594,0.02397802061894594,0.013088813824853048,0.016626351549773703,1,0,-1.0,10,883.1611950667752,-199.0,10.0,590.134523153305,-185.57174682617188,0.09954023361206055,4.526100158691406,Closed,590.134523153305,-185.57174682617188,4.625640392303467,0.016626351549773703,775.7062699794769,4.625640392303467,0.005963133948144893,0,4.625640392303467,0.0
2020-10-07,3.0344998836517334,0.023267497756308764,18.98263168334961,0.022926819842405965,0.0003406779139027982,0.0003406779139027982,0.013273934386293977,0.01674123854610118,1,0,0.0,10,6.1640114067792435,0.0,0.0,0.0,0.0,0.0,0.0,,0.0,0.0,0.0,0.01674123854610118,0.0,0.0,0.0,0,0.0,0.0
2020-10-08,3.0420000553131104,0.002471633530712447,19.154624938964844,0.009060559067060048,-0.006588925536347601,0.006588925536347601,0.013224871690345533,0.016532944744069713,0,0,0.0,10,23.082633319732192,0.0,0.0,0.0,0.0,0.0,0.0,,0.0,0.0,0.0,0.016532944744069713,0.0,0.0,0.0,0,0.0,0.0
2020-10-09,3.0794999599456787,0.012327384599178925,19.46240234375,0.01606804653006111,-0.003740661930882183,0.003740661930882183,0.01327135001894884,0.01659254206819783,0,0,0.0,10,8.237745654245655,0.0,0.0,0.0,0.0,0.0,0.0,,0.0,0.0,0.0,0.01659254206819783,0.0,0.0,0.0,0,0.0,0.0
2020-10-10,3.0794999599456787,0.0,19.46240234375,0.0,0.0,0.0,0.013263370249569388,0.016581205739707394,1,0,0.0,10,,0.0,0.0,0.0,0.0,0.0,0.0,,0.0,0.0,0.0,0.016581205739707394,0.0,0.0,0.0,0,0.0,0.0
2020-10-11,3.0794999599456787,0.0,19.46240234375,0.0,0.0,0.0,0.013263370249569388,0.016581205739707394,1,0,0.0,10,,0.0,0.0,0.0,0.0,0.0,0.0,,0.0,0.0,0.0,0.016581205739707394,0.0,0.0,0.0,0,0.0,0.0
2020-10-12,3.061000108718872,-0.006007420512235684,19.299461364746094,-0.008372089741338185,0.0023646692291025007,0.0023646692291025007,0.013282817682156509,0.016612504210847277,1,0,0.0,10,8.78673816531442,0.0,0.0,0.0,0.0,0.0,0.0,,0.0,0.0,0.0,0.016612504210847277,0.0,0.0,0.0,0,0.0,0.0
2020-10-13,3.0425000190734863,-0.006043805615259745,19.064104080200195,-0.012195018301174976,0.0061512126859152305,0.0061512126859152305,0.013302161167896938,0.016671358246307007,1,0,0.0,10,12.643222454382613,0.0,0.0,0.0,0.0,0.0,0.0,,0.0,0.0,0.0,0.016671358246307007,0.0,0.0,0.0,0,0.0,0.0
2020-10-14,3.047499895095825,0.0016433446149530795,19.245147705078125,0.00949657136345361,-0.00785322674850053,0.00785322674850053,0.013258066221343422,0.015952409986586952,0,0,0.0,10,36.49351865217812,0.0,0.0,0.0,0.0,0.0,0.0,,0.0,0.0,0.0,0.015952409986586952,0.0,0.0,0.0,0,0.0,0.0
2020-10-15,3.0829999446868896,0.011648909208558988,19.172727584838867,-0.0037630327056491497,0.015411941914208138,0.015411941914208138,0.013283539213754648,0.015929573359343117,1,0,0.0,10,2.008922196267847,0.0,0.0,0.0,0.0,0.0,0.0,,0.0,0.0,0.0,0.015929573359343117,0.0,0.0,0.0,0,0.0,0.0
2020-10-16,3.065000057220459,-0.0058384326271074816,19.19083595275879,0.0009444857462139744,-0.006782918373321456,0.006782918373321456,0.013272844960072888,0.015737945321471398,0,0,0.0,10,1.0128906009778371,0.0,0.0,0.0,0.0,0.0,0.0,,0.0,0.0,0.0,0.015737945321471398,0.0,0.0,0.0,0,0.0,0.0
2020-10-17,3.065000057220459,0.0,19.19083595275879,0.0,0.0,0.0,0.013267435663892983,0.015696104745164287,1,0,0.0,10,,0.0,0.0,0.0,0.0,0.0,0.0,,0.0,0.0,0.0,0.015696104745164287,0.0,0.0,0.0,0,0.0,0.0
2020-10-18,3.065000057220459,0.0,19.19083595275879,0.0,0.0,0.0,0.013113375540549659,0.015696376622376138,1,0,0.0,10,,0.0,0.0,0.0,0.0,0.0,0.0,,0.0,0.0,0.0,0.015696376622376138,0.0,0.0,0.0,0,0.0,0.0
2020-10-19,3.0810000896453857,0.005220238866630478,19.172727584838867,-0.0009435945346256691,0.006163833401256147,0.006163833401256147,0.013121012934348336,0.015697292363460034,1,0,0.0,10,1.1248308828548201,0.0,0.0,0.0,0.0,0.0,0.0,,0.0,0.0,0.0,0.015697292363460034,0.0,0.0,0.0,0,0.0,0.0
2020-10-20,3.1435000896453857,0.020285620961209894,19.770179748535156,0.031161563270149184,-0.01087594230893929,0.01087594230893929,0.013265530258332825,0.015983303731391223,0,0,0.0,10,9.661133226843704,0.0,0.0,0.0,0.0,0.0,0.0,,0.0,0.0,0.0,0.015983303731391223,0.0,0.0,0.0,0,0.0,0.0
2020-10-21,3.194499969482422,0.016223915502667996,20.24995231628418,0.024267486378548142,-0.008043570875880146,0.008043570875880146,0.013229506863996182,0.01606035940931289,0,0,0.0,10,9.481787879458604,0.0,0.0,0.0,0.0,0.0,0.0,,0.0,0.0,0.0,0.01606035940931289,0.0,0.0,0.0,0,0.0,0.0
2020-10-22,3.1500000953674316,-0.013930153244672061,20.186582565307617,-0.003129377787502441,-0.01080077545716962,0.01080077545716962,0.013277128111485483,0.01606444004414161,0,0,0.0,10,1.4396414322901177,0.0,0.0,0.0,0.0,0.0,0.0,,0.0,0.0,0.0,0.01606444004414161,0.0,0.0,0.0,0,0.0,0.0
2020-10-23,3.125499963760376,-0.007777819322319024,20.313318252563477,0.006278214098193402,-0.014056033420512426,0.014056033420512426,0.013201960358676317,0.01607192001450606,0,0,0.0,10,5.246137220736453,0.0,0.0,0.0,0.0,0.0,0.0,,0.0,0.0,0.0,0.01607192001450606,0.0,0.0,0.0,0,0.0,0.0
2020-10-24,3.125499963760376,0.0,20.313318252563477,0.0,0.0,0.0,0.01319456885224163,0.015910108434710607,1,0,0.0,10,,0.0,0.0,0.0,0.0,0.0,0.0,,0.0,0.0,0.0,0.015910108434710607,0.0,0.0,0.0,0,0.0,0.0
2020-10-25,3.125499963760376,0.0,20.313318252563477,0.0,0.0,0.0,0.013194816257666138,0.01584883431365989,1,0,0.0,10,,0.0,0.0,0.0,0.0,0.0,0.0,,0.0,0.0,0.0,0.01584883431365989,0.0,0.0,0.0,0,0.0,0.0
2020-10-26,3.0885000228881836,-0.011838087122444496,19.83354377746582,-0.023618715028851045,0.011780627906406549,0.011780627906406549,0.013255746110855098,0.01604517558205311,1,0,0.0,10,12.812310192621991,0.0,0.0,0.0,0.0,0.0,0.0,,0.0,0.0,0.0,0.01604517558205311,0.0,0.0,0.0,0,0.0,0.0
2020-10-27,3.0899999141693115,0.0004856374518416029,19.824493408203125,-0.00045631629749287583,0.0009419537493344787,0.0009419537493344787,0.01325555357776784,0.01604558422304552,1,0,0.0,10,6.0283358435814325,0.0,0.0,0.0,0.0,0.0,0.0,,0.0,0.0,0.0,0.01604558422304552,0.0,0.0,0.0,0,0.0,0.0
2020-10-28,3.056999921798706,-0.01067960947807245,19.181781768798828,-0.03242007884742981,0.021740469369357363,0.021740469369357363,0.013301054168981662,0.016281800863331832,1,1,1.0,10,19.048124137756215,-191.0,10.0,583.8869850635529,-191.81781768798828,0.0,0.0,Opened,583.8869850635529,-191.81781768798828,0.0,0.016281800863331832,775.7048027515411,0.0,0.0,0,0.0,775.7048027515411
2020-10-29,3.052000045776367,-0.0016355499346552005,19.435245513916016,0.013213774829274438,-0.014849324763929639,0.014849324763929639,0.013226900404729958,0.016326875950016917,0,0,-1.0,10,51.44801097988175,191.0,-10.0,-582.9320087432861,194.35245513916016,0.9549763202667236,2.534637451171875,Closed,-582.9320087432861,194.35245513916016,3.4896137714385986,0.016326875950016917,777.2844638824463,3.4896137714385986,0.004489493787137312,0,3.4896137714385986,0.0
2020-10-30,3.0434999465942383,-0.0027850914333674703,19.46240234375,0.0013972980076089048,-0.004182389440976375,0.004182389440976375,0.013180000660734263,0.01630863801891619,0,0,0.0,10,3.2082834450976847,0.0,0.0,0.0,0.0,0.0,0.0,,0.0,0.0,0.0,0.01630863801891619,0.0,0.0,0.0,0,0.0,0.0
2020-10-31,3.0434999465942383,0.0,19.46240234375,0.0,0.0,0.0,0.013170562828125319,0.016306584230424276,1,0,0.0,10,,0.0,0.0,0.0,0.0,0.0,0.0,,0.0,0.0,0.0,0.016306584230424276,0.0,0.0,0.0,0,0.0,0.0
2020-11-01,3.0434999465942383,0.0,19.46240234375,0.0,0.0,0.0,0.013083068432009652,0.016249470204846354,1,0,0.0,10,,0.0,0.0,0.0,0.0,0.0,0.0,,0.0,0.0,0.0,0.016249470204846354,0.0,0.0,0.0,0,0.0,0.0
2020-11-02,3.073499917984009,0.009857063222012297,19.66155433654785,0.010232652130008235,-0.00037558890799593847,0.00037558890799593847,0.013115362028331534,0.01627632621696947,0,0,0.0,10,6.640875065659016,0.0,0.0,0.0,0.0,0.0,0.0,,0.0,0.0,0.0,0.01627632621696947,0.0,0.0,0.0,0,0.0,0.0
2020-11-03,3.0869998931884766,0.004392378579701761,20.34952735900879,0.034990774924752444,-0.030598396345050682,0.030598396345050682,0.013120249504497422,0.01662818445653078,0,1,1.0,10,52.51356568452035,526.0,-10.0,-1623.7619438171387,203.4952735900879,0.0,0.0,Opened,-1623.7619438171387,203.4952735900879,0.0,0.01662818445653078,1827.2572174072266,0.0,0.0,0,0.0,1827.2572174072266
2020-11-04,3.1010000705718994,0.004535205010636645,20.08700942993164,-0.01290044355555664,0.017435648566193285,0.017435648566193285,0.013125014290006199,0.016459161429209612,1,0,-1.0,10,18.425582501276125,-526.0,10.0,1631.126037120819,-200.8700942993164,7.36409330368042,2.6251792907714844,Closed,1631.126037120819,-200.8700942993164,9.989272594451904,0.016459161429209612,1831.9961314201355,9.989272594451904,0.0054526712273722825,0,9.989272594451904,0.0
2020-11-05,3.1045000553131104,0.0011286632252689444,20.67540740966797,0.029292462961637122,-0.028163799736368178,0.028163799736368178,0.013115000900582157,0.016669693113685668,0,1,1.0,10,172.84384497387998,1729.0,-10.0,-5367.680595636368,206.7540740966797,0.0,0.0,Opened,-5367.680595636368,206.7540740966797,0.0,0.016669693113685668,5574.4346697330475,0.0,0.0,0,0.0,5574.4346697330475
2020-11-06,3.1489999294281006,0.014333990440371203,21.18233299255371,0.024518287492061752,-0.01018429705169055,0.01018429705169055,0.013184971970260289,0.016828558175472557,0,1,0.0,10,11.50599451623918,-1729.0,10.0,5444.620877981186,-211.8233299255371,76.94028234481812,-5.069255828857422,Live,0.0,0.0,0.0,0.016828558175472557,5656.444207906723,71.8710265159607,0.012706043562755827,0,0.0,0.0
2020-11-07,3.1489999294281006,0.0,21.18233299255371,0.0,0.0,0.0,0.013184691050827157,0.016558890453570764,1,0,-1.0,10,,-1729.0,10.0,5444.620877981186,-211.8233299255371,76.94028234481812,-5.069255828857422,Closed,5444.620877981186,-211.8233299255371,71.8710265159607,0.016558890453570764,5656.444207906723,71.8710265159607,0.012706043562755827,0,71.8710265159607,0.0
2020-11-08,3.1489999294281006,0.0,21.18233299255371,0.0,0.0,0.0,0.013078577342010034,0.016547781707260553,1,0,0.0,10,,0.0,0.0,0.0,0.0,0.0,0.0,,0.0,0.0,0.0,0.016547781707260553,0.0,0.0,0.0,0,0.0,0.0
2020-11-09,3.1514999866485596,0.0007939210150802456,21.562530517578125,0.017948803144491432,-0.017154882129411186,0.017154882129411186,0.013078173387867785,0.01662530232609508,0,1,1.0,10,154.6822974885713,1547.0,-10.0,-4875.370479345322,215.62530517578125,0.0,0.0,Opened,-4875.370479345322,215.62530517578125,0.0,0.01662530232609508,5090.995784521103,0.0,0.0,0,0.0,5090.995784521103
2020-11-10,3.1505000591278076,-0.00031728622084348235,21.372432708740234,-0.00881611778742386,0.008498831566580378,0.008498831566580378,0.013078471564180788,0.01665920618684688,1,0,-1.0,10,188.49534880728103,-1547.0,10.0,4873.823591470718,-213.72432708740234,-1.5468878746032715,1.9009780883789062,Closed,4873.823591470718,-213.72432708740234,0.35409021377563477,0.01665920618684688,5087.547918558121,0.35409021377563477,6.959938647142781e-05,0,0.35409021377563477,0.0
2020-11-11,3.128999948501587,-0.006824348586799589,21.281911849975586,-0.004235402679622413,-0.002588945907177176,0.002588945907177176,0.01300012443329206,0.01661618273295174,0,0,0.0,10,4.221225846193109,0.0,0.0,0.0,0.0,0.0,0.0,,0.0,0.0,0.0,0.01661618273295174,0.0,0.0,0.0,0,0.0,0.0
2020-11-12,3.1429998874664307,0.004474253498006009,21.29096221923828,0.00042526110090546076,0.004048992397100548,0.004048992397100548,0.012984835170720894,0.016574335462120178,1,0,0.0,10,0.6438519222930464,0.0,0.0,0.0,0.0,0.0,0.0,,0.0,0.0,0.0,0.016574335462120178,0.0,0.0,0.0,0,0.0,0.0
2020-11-13,3.17549991607666,0.010340448544027048,21.671157836914062,0.017857136458221623,-0.007516687914194575,0.007516687914194575,0.013001873719089996,0.016182575225722216,0,0,0.0,10,11.78534903650798,0.0,0.0,0.0,0.0,0.0,0.0,,0.0,0.0,0.0,0.016182575225722216,0.0,0.0,0.0,0,0.0,0.0
2020-11-14,3.17549991607666,0.0,21.671157836914062,0.0,0.0,0.0,0.012998682105088132,0.016091216451123977,1,0,0.0,10,,0.0,0.0,0.0,0.0,0.0,0.0,,0.0,0.0,0.0,0.016091216451123977,0.0,0.0,0.0,0,0.0,0.0
2020-11-15,3.17549991607666,0.0,21.671157836914062,0.0,0.0,0.0,0.012337150308091597,0.01585817560631204,1,0,0.0,10,,0.0,0.0,0.0,0.0,0.0,0.0,,0.0,0.0,0.0,0.01585817560631204,0.0,0.0,0.0,0,0.0,0.0
2020-11-16,3.2200000286102295,0.014013576983037401,22.50396728515625,0.03842939332127426,-0.024415816338236862,0.024415816338236862,0.01240086807109532,0.016283650067466238,0,1,1.0,10,19.16539334376379,192.0,-10.0,-618.2400054931641,225.0396728515625,0.0,0.0,Opened,-618.2400054931641,225.0396728515625,0.0,0.016283650067466238,843.2796783447266,0.0,0.0,0,0.0,843.2796783447266
2020-11-17,3.196500062942505,-0.007298125918920317,22.531124114990234,0.0012067574348055832,-0.0085048833537259,0.0085048833537259,0.01243127707427625,0.01628275596872219,0,1,0.0,10,1.1655120649993642,-192.0,10.0,613.7280120849609,-225.31124114990234,-4.511993408203125,-0.27156829833984375,Live,0.0,0.0,0.0,0.01628275596872219,839.0392532348633,-4.783561706542969,-0.005701237085273717,0,0.0,0.0
2020-11-18,3.197999954223633,0.0004692292355994443,22.51302146911621,-0.0008034506304095412,0.0012726798660089855,0.0012726798660089855,0.012213777663734639,0.016280029818636844,1,0,-1.0,10,12.05395219908456,-192.0,10.0,614.0159912109375,-225.1302146911621,-4.2240142822265625,-0.09054183959960938,Closed,614.0159912109375,-225.1302146911621,-4.314556121826172,0.016280029818636844,839.1462059020996,-4.314556121826172,-0.005141602370933602,0,-4.314556121826172,0.0
2020-11-19,3.2035000324249268,0.0017198493683623362,22.36818504333496,-0.006433451235319021,0.008153300603681357,0.008153300603681357,0.012208712350895913,0.016258565227950116,1,0,0.0,10,26.1191846879766,0.0,0.0,0.0,0.0,0.0,0.0,,0.0,0.0,0.0,0.016258565227950116,0.0,0.0,0.0,0,0.0,0.0
2020-11-20,3.2934999465942383,0.028094244812972624,22.929426193237305,0.02509104555488184,0.003003199258090783,0.003003199258090783,0.012496304419053776,0.016424833727507904,1,0,0.0,10,6.2178024883964325,0.0,0.0,0.0,0.0,0.0,0.0,,0.0,0.0,0.0,0.016424833727507904,0.0,0.0,0.0,0,0.0,0.0
2020-11-21,3.2934999465942383,0.0,22.929426193237305,0.0,0.0,0.0,0.012120831503995117,0.01641561529428249,1,0,0.0,10,,0.0,0.0,0.0,0.0,0.0,0.0,,0.0,0.0,0.0,0.01641561529428249,0.0,0.0,0.0,0,0.0,0.0
2020-11-22,3.2934999465942383,0.0,22.929426193237305,0.0,0.0,0.0,0.0120015233518533,0.016402485044783338,1,0,0.0,10,,0.0,0.0,0.0,0.0,0.0,0.0,,0.0,0.0,0.0,0.016402485044783338,0.0,0.0,0.0,0,0.0,0.0
2020-11-23,3.259500026702881,-0.010323340046358931,23.228151321411133,0.013028024585365783,-0.023351364631724714,0.023351364631724714,0.012058799871641606,0.01643737007424958,0,1,1.0,10,8.99336032551805,90.0,-10.0,-293.3550024032593,232.28151321411133,0.0,0.0,Opened,-293.3550024032593,232.28151321411133,0.0,0.01643737007424958,525.6365156173706,0.0,0.0,0,0.0,525.6365156173706
2020-11-24,3.299999952316284,0.01242519566854261,23.997594833374023,0.033125473539241,-0.02070027787069839,0.02070027787069839,0.012108197358784527,0.016723343409810472,0,1,0.0,10,19.387090684234835,-90.0,10.0,296.9999957084656,-239.97594833374023,3.644993305206299,-7.694435119628906,Live,0.0,0.0,0.0,0.016723343409810472,536.9759440422058,-4.049441814422607,-0.007541197812213959,0,0.0,0.0
2020-11-25,3.312000036239624,0.003636389120223127,23.8074951171875,-0.007921615374643642,0.01155800449486677,0.01155800449486677,0.012036810700375948,0.016457762423953273,1,0,-1.0,10,15.659099123096146,-90.0,10.0,298.08000326156616,-238.074951171875,4.725000858306885,-5.793437957763672,Closed,298.08000326156616,-238.074951171875,-1.068437099456787,0.016457762423953273,536.1549544334412,-1.068437099456787,-0.001992776697523596,0,-1.068437099456787,0.0
2020-11-26,3.312000036239624,0.0,23.8074951171875,0.0,0.0,0.0,0.011795252102734563,0.016458366840061186,1,0,0.0,10,,0.0,0.0,0.0,0.0,0.0,0.0,,0.0,0.0,0.0,0.016458366840061186,0.0,0.0,0.0,0,0.0,0.0
2020-11-27,3.3994998931884766,0.026419038644757364,24.386844635009766,0.024334753193082204,0.0020842854516751608,0.0020842854516751608,0.011970428786487946,0.0165360786633227,1,0,0.0,10,6.607703016514445,0.0,0.0,0.0,0.0,0.0,0.0,,0.0,0.0,0.0,0.0165360786633227,0.0,0.0,0.0,0,0.0,0.0
2020-11-28,3.3994998931884766,0.0,24.386844635009766,0.0,0.0,0.0,0.011840222189426706,0.016473109443016026,1,0,0.0,10,,0.0,0.0,0.0,0.0,0.0,0.0,,0.0,0.0,0.0,0.016473109443016026,0.0,0.0,0.0,0,0.0,0.0
2020-11-29,3.3994998931884766,0.0,24.386844635009766,0.0,0.0,0.0,0.011659871680289011,0.016329360785209548,1,0,0.0,10,,0.0,0.0,0.0,0.0,0.0,0.0,,0.0,0.0,0.0,0.016329360785209548,0.0,0.0,0.0,0,0.0,0.0
2020-11-30,3.4205000400543213,0.006177422422610546,24.386844635009766,0.0,0.006177422422610546,0.006177422422610546,0.01166760951201861,0.016329360785209548,1,0,0.0,10,0.0,0.0,0.0,0.0,0.0,0.0,0.0,,0.0,0.0,0.0,0.016329360785209548,0.0,0.0,0.0,0,0.0,0.0
2020-12-01,3.4679999351501465,0.013886827814529434,24.893768310546875,0.020786767748106616,-0.006899939933577182,0.006899939933577182,0.011729967862936213,0.01642935825562638,0,0,0.0,10,10.744729228266767,0.0,0.0,0.0,0.0,0.0,0.0,,0.0,0.0,0.0,0.01642935825562638,0.0,0.0,0.0,0,0.0,0.0
2020-12-02,3.4749999046325684,0.0020184456785807825,25.156282424926758,0.010545374693981646,-0.008526929015400864,0.008526929015400864,0.011729279188123371,0.01643669593342959,0,0,0.0,10,37.82131410671048,0.0,0.0,0.0,0.0,0.0,0.0,,0.0,0.0,0.0,0.01643669593342959,0.0,0.0,0.0,0,0.0,0.0
2020-12-03,3.4790000915527344,0.0011511329582580831,25.581745147705078,0.01691278208725855,-0.015761649129000466,0.015761649129000466,0.011728920152569523,0.016384910269718465,0,0,0.0,10,108.03520308978801,0.0,0.0,0.0,0.0,0.0,0.0,,0.0,0.0,0.0,0.016384910269718465,0.0,0.0,0.0,0,0.0,0.0
2020-12-04,3.5139999389648438,0.010060318048594308,26.369293212890625,0.030785548860656986,-0.020725230812062678,0.020725230812062678,0.011731270174693153,0.016504077304086564,0,1,1.0,10,22.96317469570435,230.0,-10.0,-808.2199859619141,263.69293212890625,0.0,0.0,Opened,-808.2199859619141,263.69293212890625,0.0,0.016504077304086564,1071.9129180908203,0.0,0.0,0,0.0,1071.9129180908203
2020-12-05,3.5139999389648438,0.0,26.369293212890625,0.0,0.0,0.0,0.01173262809731745,0.016433890779234597,1,0,-1.0,10,,-230.0,10.0,808.2199859619141,-263.69293212890625,0.0,0.0,Closed,808.2199859619141,-263.69293212890625,0.0,0.016433890779234597,1071.9129180908203,0.0,0.0,0,0.0,0.0
2020-12-06,3.5139999389648438,0.0,26.369293212890625,0.0,0.0,0.0,0.01170348839082963,0.01610208020604678,1,0,0.0,10,,0.0,0.0,0.0,0.0,0.0,0.0,,0.0,0.0,0.0,0.01610208020604678,0.0,0.0,0.0,0,0.0,0.0
2020-12-07,3.508500099182129,-0.0015651223330228614,25.92572593688965,-0.016821356280574795,0.015256233947551934,0.015256233947551934,0.011706786815081688,0.016221249106569594,1,0,0.0,10,79.41858655480328,0.0,0.0,0.0,0.0,0.0,0.0,,0.0,0.0,0.0,0.016221249106569594,0.0,0.0,0.0,0,0.0,0.0
2020-12-08,3.49399995803833,-0.004132860405840932,25.80805015563965,-0.004538958003970861,0.00040609759812992863,0.00040609759812992863,0.011719964632683115,0.01623562086008995,1,0,0.0,10,8.112182765064349,0.0,0.0,0.0,0.0,0.0,0.0,,0.0,0.0,0.0,0.01623562086008995,0.0,0.0,0.0,0,0.0,0.0
2020-12-09,3.507999897003174,0.004006851497704078,25.717529296875,-0.003507466012300342,0.00751431751000442,0.00751431751000442,0.01164015694642922,0.01618844188412014,1,0,0.0,10,6.41741161226157,0.0,0.0,0.0,0.0,0.0,0.0,,0.0,0.0,0.0,0.01618844188412014,0.0,0.0,0.0,0,0.0,0.0
2020-12-10,3.570499897003174,0.017816420135414734,26.206350326538086,0.019007309140014694,-0.0011908890045999598,0.0011908890045999598,0.011691174578123454,0.01618000597947692,0,0,0.0,10,7.830287540800525,0.0,0.0,0.0,0.0,0.0,0.0,,0.0,0.0,0.0,0.01618000597947692,0.0,0.0,0.0,0,0.0,0.0
2020-12-11,3.5239999294281006,-0.01302337737472059,25.70847511291504,-0.018998265970628814,0.005974888595908223,0.005974888595908223,0.011778288935707239,0.016316808192626892,1,0,0.0,10,10.642184027552686,0.0,0.0,0.0,0.0,0.0,0.0,,0.0,0.0,0.0,0.016316808192626892,0.0,0.0,0.0,0,0.0,0.0
2020-12-12,3.5239999294281006,0.0,25.70847511291504,0.0,0.0,0.0,0.011658973032458582,0.015751599777440693,1,0,0.0,10,,0.0,0.0,0.0,0.0,0.0,0.0,,0.0,0.0,0.0,0.015751599777440693,0.0,0.0,0.0,0,0.0,0.0
2020-12-13,3.5239999294281006,0.0,25.70847511291504,0.0,0.0,0.0,0.011309261320805382,0.01559524432841894,1,0,0.0,10,,0.0,0.0,0.0,0.0,0.0,0.0,,0.0,0.0,0.0,0.01559524432841894,0.0,0.0,0.0,0,0.0,0.0
2020-12-14,3.5220000743865967,-0.0005674957666155223,25.5998477935791,-0.004225350545251416,0.003657854778635894,0.003657854778635894,0.011310174446220294,0.01560799244384961,1,0,0.0,10,54.11879786894133,0.0,0.0,0.0,0.0,0.0,0.0,,0.0,0.0,0.0,0.01560799244384961,0.0,0.0,0.0,0,0.0,0.0
2020-12-15,3.5380001068115234,0.004542882477852617,26.115829467773438,0.02015565398493324,-0.015612771507080625,0.015612771507080625,0.011313150936305685,0.015704881176689528,0,0,0.0,10,32.75000529612121,0.0,0.0,0.0,0.0,0.0,0.0,,0.0,0.0,0.0,0.015704881176689528,0.0,0.0,0.0,0,0.0,0.0
2020-12-16,3.553999900817871,0.004522270639716552,26.26971435546875,0.00589239900977323,-0.001370128370056678,0.001370128370056678,0.011315888574546639,0.01570559728973427,0,0,0.0,10,9.631047780504167,0.0,0.0,0.0,0.0,0.0,0.0,,0.0,0.0,0.0,0.01570559728973427,0.0,0.0,0.0,0,0.0,0.0
2020-12-17,3.5969998836517334,0.012099038839018306,27.066316604614258,0.03032397834122902,-0.018224939502210713,0.018224939502210713,0.011289852074980853,0.01546169642021389,0,1,1.0,10,18.859233635865788,189.0,-10.0,-679.8329780101776,270.6631660461426,0.0,0.0,Opened,-679.8329780101776,270.6631660461426,0.0,0.01546169642021389,950.4961440563202,0.0,0.0,0,0.0,950.4961440563202
2020-12-18,3.628499984741211,0.008757326135217403,26.948637008666992,-0.004347824555011814,0.013105150690229217,0.013105150690229217,0.011287491166520327,0.015086510964844094,1,0,-1.0,10,3.6873143726948614,-189.0,10.0,685.7864971160889,-269.4863700866699,5.953519105911255,1.1767959594726562,Closed,685.7864971160889,-269.4863700866699,7.130315065383911,0.015086510964844094,955.2728672027588,7.130315065383911,0.00746416580035711,0,7.130315065383911,0.0
2020-12-19,3.628499984741211,0.0,26.948637008666992,0.0,0.0,0.0,0.011120270012205329,0.014744934359815352,1,0,0.0,10,,0.0,0.0,0.0,0.0,0.0,0.0,,0.0,0.0,0.0,0.014744934359815352,0.0,0.0,0.0,0,0.0,0.0
2020-12-20,3.628499984741211,0.0,26.948637008666992,0.0,0.0,0.0,0.011035085470596033,0.014630312383855556,1,0,0.0,10,,0.0,0.0,0.0,0.0,0.0,0.0,,0.0,0.0,0.0,0.014630312383855556,0.0,0.0,0.0,0,0.0,0.0
2020-12-21,3.572999954223633,-0.015295585159424085,26.885271072387695,-0.0023513595978497115,-0.012944225561574374,0.012944225561574374,0.01116623415740118,0.014637223422609126,0,0,0.0,10,1.1567362994034558,0.0,0.0,0.0,0.0,0.0,0.0,,0.0,0.0,0.0,0.014637223422609126,0.0,0.0,0.0,0,0.0,0.0
2020-12-22,3.5179998874664307,-0.015393245861138771,26.18824577331543,-0.025925916729481635,0.010532670868342864,0.010532670868342864,0.011295243143085033,0.014919052182271828,1,0,0.0,10,12.537602675376204,0.0,0.0,0.0,0.0,0.0,0.0,,0.0,0.0,0.0,0.014919052182271828,0.0,0.0,0.0,0,0.0,0.0
2020-12-23,3.552000045776367,0.009664627458081831,26.984844207763672,0.030418167041182276,-0.020753539583100444,0.020753539583100444,0.011287139844209981,0.01516036686166367,0,1,1.0,10,23.910842287213285,240.0,-10.0,-852.4800109863281,269.8484420776367,0.0,0.0,Opened,-852.4800109863281,269.8484420776367,0.0,0.01516036686166367,1122.3284530639648,0.0,0.0,0,0.0,1122.3284530639648
2020-12-24,3.559999942779541,0.0022522232263726405,27.093475341796875,0.004025635026714269,-0.0017734118003416288,0.0017734118003416288,0.011284115530180388,0.01516059374865627,0,1,0.0,10,13.603093741620576,-240.0,10.0,854.3999862670898,-270.93475341796875,1.9199752807617188,-1.0863113403320312,Live,0.0,0.0,0.0,0.01516059374865627,1125.3347396850586,0.8336639404296875,0.0007408141871306671,0,0.0,0.0
2020-12-25,3.559999942779541,0.0,27.093475341796875,0.0,0.0,0.0,0.01128061916361745,0.01514988594297765,1,0,-1.0,10,,-240.0,10.0,854.3999862670898,-270.93475341796875,1.9199752807617188,-1.0863113403320312,Closed,854.3999862670898,-270.93475341796875,0.8336639404296875,0.01514988594297765,1125.3347396850586,0.8336639404296875,0.0007408141871306671,0,0.8336639404296875,0.0
2020-12-26,3.559999942779541,0.0,27.093475341796875,0.0,0.0,0.0,0.01128106902569676,0.015152568559325504,1,0,0.0,10,,0.0,0.0,0.0,0.0,0.0,0.0,,0.0,0.0,0.0,0.015152568559325504,0.0,0.0,0.0,0,0.0,0.0
2020-12-27,3.559999942779541,0.0,27.093475341796875,0.0,0.0,0.0,0.011195887042684292,0.015153361471623054,1,0,0.0,10,,0.0,0.0,0.0,0.0,0.0,0.0,,0.0,0.0,0.0,0.015153361471623054,0.0,0.0,0.0,0,0.0,0.0
2020-12-28,3.569999933242798,0.002808986130333757,27.419357299804688,0.0120280604055647,-0.009219074275230943,0.009219074275230943,0.01119585432424428,0.015177755160032416,0,0,0.0,10,32.8878186144066,0.0,0.0,0.0,0.0,0.0,0.0,,0.0,0.0,0.0,0.015177755160032416,0.0,0.0,0.0,0,0.0,0.0
2020-12-29,3.552999973297119,-0.004761893631251901,27.328832626342773,-0.0033014877946303534,-0.0014604058366215478,0.0014604058366215478,0.011212119135130516,0.01518799826151418,0,0,0.0,10,5.332807198410696,0.0,0.0,0.0,0.0,0.0,0.0,,0.0,0.0,0.0,0.01518799826151418,0.0,0.0,0.0,0,0.0,0.0
2020-12-30,3.5429999828338623,-0.002814520275376431,27.88058853149414,0.0201895160578327,-0.023004036333209132,0.023004036333209132,0.010849181208443219,0.014575544314764514,0,1,1.0,10,56.4484880820228,565.0,-10.0,-2001.7949903011322,278.8058853149414,0.0,0.0,Opened,-2001.7949903011322,278.8058853149414,0.0,0.014575544314764514,2280.6008756160736,0.0,0.0,0,0.0,2280.6008756160736
2020-12-31,3.5139999389648438,-0.00818516624598542,27.779937744140625,-0.0036100668118902446,-0.004575099434095176,0.004575099434095176,0.010861850009320438,0.014487409149149538,0,1,0.0,10,3.4867214491786314,-565.0,10.0,1985.4099655151367,-277.79937744140625,-16.385024785995483,1.0065078735351562,Live,0.0,0.0,0.0,0.014487409149149538,2263.209342956543,-15.378516912460327,-0.006795004165355117,0,0.0,0.0
2021-01-01,3.5139999389648438,0.0,27.779937744140625,0.0,0.0,0.0,0.010614929138980858,0.01353051923717466,1,0,-1.0,10,,-565.0,10.0,1985.4099655151367,-277.79937744140625,-16.385024785995483,1.0065078735351562,Closed,1985.4099655151367,-277.79937744140625,-15.378516912460327,0.01353051923717466,2263.209342956543,-15.378516912460327,-0.006795004165355117,0,-15.378516912460327,0.0
2021-01-02,3.5139999389648438,0.0,27.779937744140625,0.0,0.0,0.0,0.010569712548262718,0.01353684530567611,1,0,0.0,10,,0.0,0.0,0.0,0.0,0.0,0.0,,0.0,0.0,0.0,0.01353684530567611,0.0,0.0,0.0,0,0.0,0.0
2021-01-03,3.5139999389648438,0.0,27.779937744140625,0.0,0.0,0.0,0.010571079601204054,0.013539527926002234,1,0,0.0,10,,0.0,0.0,0.0,0.0,0.0,0.0,,0.0,0.0,0.0,0.013539527926002234,0.0,0.0,0.0,0,0.0,0.0
2021-01-04,3.552999973297119,0.011098473252610264,29.106712341308594,0.04776017172492808,-0.036661698472317816,0.036661698472317816,0.010610932132597733,0.014216818570123529,0,1,1.0,10,35.25336597369989,353.0,-10.0,-1254.208990573883,291.06712341308594,0.0,0.0,Opened,-1254.208990573883,291.06712341308594,0.0,0.014216818570123529,1545.276113986969,0.0,0.0,0,0.0,1545.276113986969
2021-01-05,3.640500068664551,0.02462710273713653,29.756378173828125,0.022320137874091595,0.0023069648630449358,0.0023069648630449358,0.010850876746143077,0.014318165438072919,1,0,-1.0,10,7.408027344816776,-353.0,10.0,1285.0965242385864,-297.56378173828125,30.88753366470337,-6.4966583251953125,Closed,1285.0965242385864,-297.56378173828125,24.390875339508057,0.014318165438072919,1582.6603059768677,24.390875339508057,0.015411314258275558,0,24.390875339508057,0.0
2021-01-06,3.6500000953674316,0.0026095389434688254,30.287084579467773,0.01783504707929895,-0.015225508135830124,0.015225508135830124,0.010845377817823076,0.014376191101936326,0,1,1.0,10,56.71201421597531,568.0,-10.0,-2073.200054168701,302.87084579467773,0.0,0.0,Opened,-2073.200054168701,302.87084579467773,0.0,0.014376191101936326,2376.070899963379,0.0,0.0,0,0.0,2376.070899963379
2021-01-07,3.695499897003174,0.012465698752580856,31.476613998413086,0.03927513775134761,-0.026809438998766755,0.026809438998766755,0.010887088776142256,0.014724893292850396,0,1,0.0,10,26.835883832695927,-568.0,10.0,2099.0439414978027,-314.76613998413086,25.843887329101562,-11.895294189453125,Live,0.0,0.0,0.0,0.014724893292850396,2413.8100814819336,13.948593139648438,0.005778662226435331,0,0.0,0.0
2021-01-08,3.6735000610351562,-0.005953142086638441,31.019100189208984,-0.014535038909431863,0.008581896822793422,0.008581896822793422,0.010838797903725043,0.01483220867673353,1,0,-1.0,10,20.61669730345579,-568.0,10.0,2086.5480346679688,-310.19100189208984,13.347980499267578,-7.320156097412109,Closed,2086.5480346679688,-310.19100189208984,6.027824401855469,0.01483220867673353,2396.7390365600586,6.027824401855469,0.002515010733294918,0,6.027824401855469,0.0
2021-01-09,3.6735000610351562,0.0,31.019100189208984,0.0,0.0,0.0,0.009219826131724621,0.014800323267001954,1,0,0.0,10,,0.0,0.0,0.0,0.0,0.0,0.0,,0.0,0.0,0.0,0.014800323267001954,0.0,0.0,0.0,0,0.0,0.0
2021-01-10,3.6735000610351562,0.0,31.019100189208984,0.0,0.0,0.0,0.008402856626220555,0.01480947717687568,1,0,0.0,10,,0.0,0.0,0.0,0.0,0.0,0.0,,0.0,0.0,0.0,0.01480947717687568,0.0,0.0,0.0,0,0.0,0.0
2021-01-11,3.563999891281128,-0.029808130647797526,29.838726043701172,-0.03805313946271227,0.008245008814914745,0.008245008814914745,0.00898768133755069,0.015419615547058346,1,0,0.0,10,10.688046798289182,0.0,0.0,0.0,0.0,0.0,0.0,,0.0,0.0,0.0,0.015419615547058346,0.0,0.0,0.0,0,0.0,0.0
2021-01-12,3.6050000190734863,0.011503964377961973,30.415184020996094,0.019319121615670065,-0.007815157237708092,0.007815157237708092,0.009037428419421713,0.01548008769413103,0,0,0.0,10,14.16853754162233,0.0,0.0,0.0,0.0,0.0,0.0,,0.0,0.0,0.0,0.01548008769413103,0.0,0.0,0.0,0,0.0,0.0
2021-01-13,3.617000102996826,0.003328733386920746,29.939382553100586,-0.015643550522891903,0.01897228390981265,0.01897228390981265,0.009014622622522474,0.015588821613834375,1,1,1.0,10,38.90009263795295,-390.0,10.0,1410.6300401687622,-299.39382553100586,0.0,0.0,Opened,1410.6300401687622,-299.39382553100586,0.0,0.015588821613834375,1710.023865699768,0.0,0.0,0,0.0,1710.023865699768
2021-01-14,3.6679999828338623,0.014100049318434005,30.195587158203125,0.008557444518040302,0.005542604800393702,0.005542604800393702,0.009092880155246355,0.015325281336390504,1,1,0.0,10,4.996174683039529,390.0,-10.0,-1430.5199933052063,301.95587158203125,-19.889953136444092,2.5620460510253906,Live,0.0,0.0,0.0,0.015325281336390504,1732.4758648872375,-17.3279070854187,-0.01000181730470833,0,0.0,0.0
2021-01-15,3.6029999256134033,-0.01772084447237121,29.29886817932129,-0.029697020766103144,0.011976176293731933,0.011976176293731933,0.009055959896369977,0.015604299736614206,1,1,0.0,10,13.627464498829225,390.0,-10.0,-1405.1699709892273,292.9886817932129,5.460069179534912,-6.405143737792969,Live,0.0,0.0,0.0,0.015604299736614206,1698.1586527824402,-0.9450745582580566,-0.0005565290125922851,0,0.0,0.0
2021-01-16,3.6029999256134033,0.0,29.29886817932129,0.0,0.0,0.0,0.009057368555536412,0.01560367704625222,1,1,0.0,10,,390.0,-10.0,-1405.1699709892273,292.9886817932129,5.460069179534912,-6.405143737792969,Live,0.0,0.0,0.0,0.01560367704625222,1698.1586527824402,-0.9450745582580566,-0.0005565290125922851,0,0.0,0.0
2021-01-17,3.6029999256134033,0.0,29.29886817932129,0.0,0.0,0.0,0.00899541709301993,0.015564772744502338,1,1,0.0,10,,390.0,-10.0,-1405.1699709892273,292.9886817932129,5.460069179534912,-6.405143737792969,Live,0.0,0.0,0.0,0.015564772744502338,1698.1586527824402,-0.9450745582580566,-0.0005565290125922851,0,0.0,0.0
2021-01-18,3.6029999256134033,0.0,29.29886817932129,0.0,0.0,0.0,0.00899541709301993,0.015564772744502338,1,1,0.0,10,,390.0,-10.0,-1405.1699709892273,292.9886817932129,5.460069179534912,-6.405143737792969,Live,0.0,0.0,0.0,0.015564772744502338,1698.1586527824402,-0.9450745582580566,-0.0005565290125922851,0,0.0,0.0
2021-01-19,3.635999917984009,0.00915903220980141,29.674022674560547,0.012804402304660956,-0.0036453700948595458,0.0036453700948595458,0.009025424498413929,0.0155823795984672,0,0,-1.0,10,11.409386280732823,390.0,-10.0,-1418.0399680137634,296.74022674560547,-7.409927845001221,-2.6535987854003906,Closed,-1418.0399680137634,296.74022674560547,-10.063526630401611,0.0155823795984672,1714.780194759369,-10.063526630401611,-0.0058686977264825494,0,-10.063526630401611,0.0
2021-01-20,3.6475000381469727,0.00316284940109135,30.195587158203125,0.017576467112755623,-0.014413617711664273,0.014413617711664273,0.008992822119547952,0.015584503441658994,0,0,0.0,10,46.00459865254686,0.0,0.0,0.0,0.0,0.0,0.0,,0.0,0.0,0.0,0.015584503441658994,0.0,0.0,0.0,0,0.0,0.0
2021-01-21,3.6554999351501465,0.002193254810008982,30.241336822509766,0.0015151109354802905,0.0006781438745286916,0.0006781438745286916,0.008957957851053093,0.015495260614952202,1,0,0.0,10,5.714911995790675,0.0,0.0,0.0,0.0,0.0,0.0,,0.0,0.0,0.0,0.015495260614952202,0.0,0.0,0.0,0,0.0,0.0
2021-01-22,3.635499954223633,-0.00547120264842571,29.646574020385742,-0.019667212650510857,0.014196010002085147,0.014196010002085147,0.008988033072718346,0.015678251636087957,1,0,0.0,10,29.313682681981838,0.0,0.0,0.0,0.0,0.0,0.0,,0.0,0.0,0.0,0.015678251636087957,0.0,0.0,0.0,0,0.0,0.0
2021-01-23,3.635499954223633,0.0,29.646574020385742,0.0,0.0,0.0,0.008934500215365954,0.01566284556953182,1,0,0.0,10,,0.0,0.0,0.0,0.0,0.0,0.0,,0.0,0.0,0.0,0.01566284556953182,0.0,0.0,0.0,0,0.0,0.0
2021-01-24,3.635499954223633,0.0,29.646574020385742,0.0,0.0,0.0,0.008903835948169308,0.015665288964188003,1,0,0.0,10,,0.0,0.0,0.0,0.0,0.0,0.0,,0.0,0.0,0.0,0.015665288964188003,0.0,0.0,0.0,0,0.0,0.0
2021-01-25,3.640500068664551,0.00137535813612355,29.09756088256836,-0.018518603108739207,0.019893961244862757,0.019893961244862757,0.008902171280708462,0.01582739502352733,1,1,1.0,10,107.61875536692179,-1077.0,10.0,3920.818573951721,-290.9756088256836,0.0,0.0,Opened,3920.818573951721,-290.9756088256836,0.0,0.01582739502352733,4211.794182777405,0.0,0.0,0,0.0,4211.794182777405
2021-01-26,3.628000020980835,-0.003433607319859533,28.630905151367188,-0.016037623671774304,0.01260401635191477,0.01260401635191477,0.008915645127646052,0.015952108007686434,1,1,0.0,10,36.8601577559312,1077.0,-10.0,-3907.3560225963593,286.3090515136719,13.462551355361938,-4.666557312011719,Live,0.0,0.0,0.0,0.015952108007686434,4193.665074110031,8.79599404335022,0.0020974479096227978,0,0.0,0.0
2021-01-27,3.571500062942505,-0.015573306976733536,27.230926513671875,-0.048897463433092314,0.03332415645635878,0.03332415645635878,0.009074416880739039,0.016804292165023566,1,1,0.0,10,23.93961943805734,1077.0,-10.0,-3846.5055677890778,272.30926513671875,74.31300616264343,-18.666343688964844,Live,0.0,0.0,0.0,0.016804292165023566,4118.8148329257965,55.64666247367859,0.013510357889565536,0,0.0,0.0
2021-01-28,3.5829999446868896,0.003219902433631905,28.14594268798828,0.03360209480411913,-0.030382192370487227,0.030382192370487227,0.008876228988236118,0.016846364908839086,0,0,-1.0,10,81.9771164677015,1077.0,-10.0,-3858.89094042778,281.4594268798828,61.92763352394104,-9.516181945800781,Closed,-3858.89094042778,281.4594268798828,52.41145157814026,0.016846364908839086,4140.350367307663,52.41145157814026,0.012658699609574768,0,52.41145157814026,0.0
2021-01-29,3.573499917984009,-0.002651416927027306,27.176025390625,-0.034460288223965185,0.03180887129693788,0.03180887129693788,0.008756592045308561,0.017142417578480854,1,1,1.0,10,98.84006996362892,-989.0,10.0,3534.1914188861847,-271.76025390625,0.0,0.0,Opened,3534.1914188861847,-271.76025390625,0.0,0.017142417578480854,3805.9516727924347,0.0,0.0,0,0.0,3805.9516727924347
2021-01-30,3.573499917984009,0.0,27.176025390625,0.0,0.0,0.0,0.008623912001199387,0.017133801054472018,1,1,0.0,10,,989.0,-10.0,-3534.1914188861847,271.76025390625,0.0,0.0,Live,0.0,0.0,0.0,0.017133801054472018,3805.9516727924347,0.0,0.0,0,0.0,0.0
2021-01-31,3.573499917984009,0.0,27.176025390625,0.0,0.0,0.0,0.008576163899943947,0.017133623876858413,1,1,0.0,10,,989.0,-10.0,-3534.1914188861847,271.76025390625,0.0,0.0,Live,0.0,0.0,0.0,0.017133623876858413,3805.9516727924347,0.0,0.0,0,0.0,0.0
2021-02-01,3.562000036239624,-0.0032181004640605693,28.83220863342285,0.060942805984027126,-0.0641609064480877,0.0641609064480877,0.008587412572711924,0.018081320161532778,0,0,-1.0,10,153.2875351763114,989.0,-10.0,-3522.818035840988,288.3220863342285,11.373383045196533,16.561832427978516,Closed,-3522.818035840988,288.3220863342285,27.93521547317505,0.018081320161532778,3811.1401221752167,27.93521547317505,0.007329884123292471,0,27.93521547317505,0.0
2021-02-02,3.5390000343322754,-0.006457047072809585,28.5028018951416,-0.011424956806791231,0.004967909733981646,0.004967909733981646,0.008621831748311737,0.018140736759123373,1,0,0.0,10,14.250417946422466,0.0,0.0,0.0,0.0,0.0,0.0,,0.0,0.0,0.0,0.018140736759123373,0.0,0.0,0.0,0,0.0,0.0
2021-02-03,3.5785000324249268,0.011161344365486547,28.740707397460938,0.00834674089917753,0.002814603466309018,0.002814603466309018,0.008574998401982293,0.017937567705017598,1,0,0.0,10,6.006159376489676,0.0,0.0,0.0,0.0,0.0,0.0,,0.0,0.0,0.0,0.017937567705017598,0.0,0.0,0.0,0,0.0,0.0
2021-02-04,3.565999984741211,-0.003493096987691069,28.61260223388672,-0.004457272460368755,0.0009641754726776863,0.0009641754726776863,0.008589018416727483,0.01795178193912505,1,0,0.0,10,10.238458123567415,0.0,0.0,0.0,0.0,0.0,0.0,,0.0,0.0,0.0,0.01795178193912505,0.0,0.0,0.0,0,0.0,0.0
2021-02-05,3.6389999389648438,0.020471103347166952,29.24396514892578,0.022065903334416825,-0.001594799987249873,0.001594799987249873,0.008707981163859464,0.017664855494951764,0,0,0.0,10,8.66232890857047,0.0,0.0,0.0,0.0,0.0,0.0,,0.0,0.0,0.0,0.017664855494951764,0.0,0.0,0.0,0,0.0,0.0
2021-02-06,3.6389999389648438,0.0,29.24396514892578,0.0,0.0,0.0,0.008703032508924945,0.017647518268291598,1,0,0.0,10,,0.0,0.0,0.0,0.0,0.0,0.0,,0.0,0.0,0.0,0.017647518268291598,0.0,0.0,0.0,0,0.0,0.0
2021-02-07,3.6389999389648438,0.0,29.24396514892578,0.0,0.0,0.0,0.008692667765251374,0.017650350664819642,1,0,0.0,10,,0.0,0.0,0.0,0.0,0.0,0.0,,0.0,0.0,0.0,0.017650350664819642,0.0,0.0,0.0,0,0.0,0.0
2021-02-08,3.678999900817871,0.010992020479232423,30.23219108581543,0.03379247416884401,-0.02280045368961159,0.02280045368961159,0.008738721391379689,0.017890336416668897,0,1,1.0,10,25.26284802289797,253.0,-10.0,-930.7869749069214,302.3219108581543,0.0,0.0,Opened,-930.7869749069214,302.3219108581543,0.0,0.017890336416668897,1233.1088857650757,0.0,0.0,0,0.0,1233.1088857650757
2021-02-09,3.7335000038146973,0.014813836495268795,30.589038848876953,0.011803569316183316,0.0030102671790854796,0.0030102671790854796,0.008830651742875171,0.017898807655561115,1,0,-1.0,10,6.5282305394600035,-253.0,10.0,944.5755009651184,-305.89038848876953,13.788526058197021,-3.5684776306152344,Closed,944.5755009651184,-305.89038848876953,10.220048427581787,0.017898807655561115,1250.465889453888,10.220048427581787,0.008172992573228172,0,10.220048427581787,0.0
2021-02-10,3.7855000495910645,0.013927961891853746,31.165502548217773,0.01884543356163615,-0.004917471669782403,0.004917471669782403,0.008876113647249122,0.017946409682778868,0,0,0.0,10,11.139596028237982,0.0,0.0,0.0,0.0,0.0,0.0,,0.0,0.0,0.0,0.017946409682778868,0.0,0.0,0.0,0,0.0,0.0
2021-02-11,3.7874999046325684,0.0005282934923538374,31.25700569152832,0.002936039397053669,-0.0024077459046998317,0.0024077459046998317,0.00887455261205443,0.017685648639066624,0,0,0.0,10,45.86499590985913,0.0,0.0,0.0,0.0,0.0,0.0,,0.0,0.0,0.0,0.017685648639066624,0.0,0.0,0.0,0,0.0,0.0
2021-02-12,3.802000045776367,0.0038284202003711076,31.25700569152832,0.0,0.0038284202003711076,0.0038284202003711076,0.00887286364728166,0.01760463868933977,1,0,0.0,10,0.0,0.0,0.0,0.0,0.0,0.0,0.0,,0.0,0.0,0.0,0.01760463868933977,0.0,0.0,0.0,0,0.0,0.0
2021-02-13,3.802000045776367,0.0,31.25700569152832,0.0,0.0,0.0,0.00887480234162905,0.017432214859433307,1,0,0.0,10,,0.0,0.0,0.0,0.0,0.0,0.0,,0.0,0.0,0.0,0.017432214859433307,0.0,0.0,0.0,0,0.0,0.0
2021-02-14,3.802000045776367,0.0,31.25700569152832,0.0,0.0,0.0,0.008790035849974358,0.017316888871958647,1,0,0.0,10,,0.0,0.0,0.0,0.0,0.0,0.0,,0.0,0.0,0.0,0.017316888871958647,0.0,0.0,0.0,0,0.0,0.0
2021-02-15,3.802000045776367,0.0,31.25700569152832,0.0,0.0,0.0,0.008790035849974358,0.017316888871958647,1,0,0.0,10,,0.0,0.0,0.0,0.0,0.0,0.0,,0.0,0.0,0.0,0.017316888871958647,0.0,0.0,0.0,0,0.0,0.0
2021-02-16,3.8480000495910645,0.012098896175921636,33.160247802734375,0.06089009708699944,-0.0487912009110778,0.0487912009110778,0.008846366933477345,0.018220149805275712,0,1,1.0,10,43.36942007827559,434.0,-10.0,-1670.032021522522,331.60247802734375,0.0,0.0,Opened,-1670.032021522522,331.60247802734375,0.0,0.018220149805275712,2001.6344995498657,0.0,0.0,0,0.0,2001.6344995498657
2021-02-17,3.8359999656677246,-0.0031185248879128658,33.690948486328125,0.01600412297130016,-0.019122647859213027,0.019122647859213027,0.008860597718771639,0.018206850376920446,0,1,0.0,10,45.07308752081661,-434.0,10.0,1664.8239850997925,-336.90948486328125,-5.208036422729492,-5.3070068359375,Live,0.0,0.0,0.0,0.018206850376920446,2001.7334699630737,-10.515043258666992,-0.005252968697606363,0,0.0,0.0
2021-02-18,3.9165000915527344,0.0209854344644127,34.00205993652344,0.009234274016404198,0.011751160448008502,0.011751160448008502,0.00905805229338985,0.018161565039042517,1,0,-1.0,10,3.820250843023923,-434.0,10.0,1699.7610397338867,-340.0205993652344,29.729018211364746,-8.418121337890625,Closed,1699.7610397338867,-340.0205993652344,21.31089687347412,0.018161565039042517,2039.781639099121,21.31089687347412,0.010447636386650767,0,21.31089687347412,0.0
2021-02-19,4.090000152587891,0.04429977198503532,35.99679946899414,0.0586652554637741,-0.014365483478738783,0.014365483478738783,0.009942069557266063,0.018918398612800934,0,0,0.0,10,11.655208306171824,0.0,0.0,0.0,0.0,0.0,0.0,,0.0,0.0,0.0,0.018918398612800934,0.0,0.0,0.0,0,0.0,0.0
2021-02-20,4.090000152587891,0.0,35.99679946899414,0.0,0.0,0.0,0.009944210348451986,0.01891958610159372,1,0,0.0,10,,0.0,0.0,0.0,0.0,0.0,0.0,,0.0,0.0,0.0,0.01891958610159372,0.0,0.0,0.0,0,0.0,0.0
2021-02-21,4.090000152587891,0.0,35.99679946899414,0.0,0.0,0.0,0.009917535813488925,0.018885450268805476,1,0,0.0,10,,0.0,0.0,0.0,0.0,0.0,0.0,,0.0,0.0,0.0,0.018885450268805476,0.0,0.0,0.0,0,0.0,0.0
2021-02-22,4.152500152587891,0.01528117302402876,36.91181564331055,0.02541937582824705,-0.010138202804218288,0.010138202804218288,0.009994771777733264,0.01898471814705429,0,0,0.0,10,14.786450717617384,0.0,0.0,0.0,0.0,0.0,0.0,,0.0,0.0,0.0,0.01898471814705429,0.0,0.0,0.0,0,0.0,0.0
2021-02-23,4.1875,0.008428620379531404,37.049068450927734,0.003718397624855374,0.00471022275467603,0.00471022275467603,0.010007005076129472,0.018977444937745228,1,0,0.0,10,3.9032090110808055,0.0,0.0,0.0,0.0,0.0,0.0,,0.0,0.0,0.0,0.018977444937745228,0.0,0.0,0.0,0,0.0,0.0
2021-02-24,4.301000118255615,0.027104505852087124,36.783714294433594,-0.007162235586182342,0.034266741438269466,0.034266741438269466,0.0102378861212977,0.01872562832201396,1,1,1.0,10,2.2599208778141855,-23.0,10.0,98.92300271987915,-367.83714294433594,0.0,0.0,Opened,98.92300271987915,-367.83714294433594,0.0,0.01872562832201396,466.7601456642151,0.0,0.0,0,0.0,466.7601456642151
2021-02-25,4.265999794006348,-0.008137717574270398,35.182430267333984,-0.04353241802288377,0.03539470044861337,0.03539470044861337,0.010246716076159113,0.019343774058814503,1,1,0.0,10,44.11793566214846,23.0,-10.0,-98.117995262146,351.82430267333984,0.8050074577331543,-16.012840270996094,Live,0.0,0.0,0.0,0.019343774058814503,449.94229793548584,-15.20783281326294,-0.033799518033851284,1,-15.20783281326294,0.0
2021-02-26,4.0945000648498535,-0.04020153245141933,33.83735275268555,-0.03823151227552657,-0.0019700201758927616,0.0019700201758927616,0.011116112939717121,0.01980691091863026,0,0,-1.0,10,7.859128059700922,23.0,-10.0,-94.17350149154663,338.37352752685547,4.7495012283325195,-29.46361541748047,Closed,-94.17350149154663,338.37352752685547,-24.71411418914795,0.01980691091863026,432.5470290184021,-24.71411418914795,-0.05713624769365026,1,0.0,0.0
2021-02-27,4.0945000648498535,0.0,33.83735275268555,0.0,0.0,0.0,0.01111871738031901,0.01978220784545211,1,0,0.0,10,,0.0,0.0,0.0,0.0,0.0,0.0,,0.0,0.0,0.0,0.01978220784545211,0.0,0.0,0.0,0,0.0,0.0
2021-02-28,4.0945000648498535,0.0,33.83735275268555,0.0,0.0,0.0,0.010816778747431309,0.019675185406470765,1,0,0.0,10,,0.0,0.0,0.0,0.0,0.0,0.0,,0.0,0.0,0.0,0.019675185406470765,0.0,0.0,0.0,0,0.0,0.0
2021-03-01,4.119500160217285,0.0061057748129131895,34.67917251586914,0.024878416740706122,-0.018772641927792932,0.018772641927792932,0.010821255137380584,0.019779966205712384,0,0,0.0,10,34.30095071529915,0.0,0.0,0.0,0.0,0.0,0.0,,0.0,0.0,0.0,0.019779966205712384,0.0,0.0,0.0,0,0.0,0.0
2021-03-02,4.231500148773193,0.02718776167009551,34.66086959838867,-0.0005277783797204005,0.027715540049815912,0.027715540049815912,0.011100857903375838,0.019781205755011657,1,1,1.0,10,0.15900955978469822,-2.0,10.0,8.463000297546387,-346.6086959838867,0.0,0.0,Opened,8.463000297546387,-346.6086959838867,0.0,0.019781205755011657,355.0716962814331,0.0,0.0,0,0.0,355.0716962814331
2021-03-03,4.1529998779296875,-0.018551404486247036,34.77981948852539,0.0034318207106451837,-0.02198322519689222,0.02198322519689222,0.011227165256470144,0.019761864197801793,0,0,-1.0,10,1.5492203797767405,2.0,-10.0,-8.305999755859375,347.7981948852539,0.15700054168701172,1.1894989013671875,Closed,-8.305999755859375,347.7981948852539,1.3464994430541992,0.019761864197801793,356.1041946411133,1.3464994430541992,0.003781195120184473,0,1.3464994430541992,0.0
2021-03-04,3.990999937057495,-0.039007932972285775,32.35502624511719,-0.06971839644562261,0.030710463473336835,0.030710463473336835,0.01192381578286341,0.020887295962825743,1,1,1.0,10,14.489536305965046,-145.0,10.0,578.6949908733368,-323.5502624511719,0.0,0.0,Opened,578.6949908733368,-323.5502624511719,0.0,0.020887295962825743,902.2452533245087,0.0,0.0,0,0.0,902.2452533245087
2021-03-05,4.086999893188477,0.02405411116136502,33.29749298095703,0.029128912729040835,-0.005074801567675813,0.005074801567675813,0.012125681567404444,0.021016085387161803,0,0,-1.0,10,9.866017248972819,145.0,-10.0,-592.6149845123291,332.9749298095703,-13.91999363899231,9.424667358398438,Closed,-592.6149845123291,332.9749298095703,-4.495326280593872,0.021016085387161803,925.5899143218994,-4.495326280593872,-0.004856714848591683,0,-4.495326280593872,0.0
2021-03-06,4.086999893188477,0.0,33.29749298095703,0.0,0.0,0.0,0.012125681567404444,0.021016085387161803,1,0,0.0,10,,0.0,0.0,0.0,0.0,0.0,0.0,,0.0,0.0,0.0,0.021016085387161803,0.0,0.0,0.0,0,0.0,0.0
2021-03-07,4.086999893188477,0.0,33.29749298095703,0.0,0.0,0.0,0.011877445908364138,0.020913961824326314,1,0,0.0,10,,0.0,0.0,0.0,0.0,0.0,0.0,,0.0,0.0,0.0,0.020913961824326314,0.0,0.0,0.0,0,0.0,0.0
2021-03-08,4.103499889373779,0.004037190265848034,33.13278579711914,-0.004946534080871756,0.00898372434671979,0.00898372434671979,0.011877737721971217,0.020927775683127828,1,0,0.0,10,9.892938629349795,0.0,0.0,0.0,0.0,0.0,0.0,,0.0,0.0,0.0,0.020927775683127828,0.0,0.0,0.0,0,0.0,0.0
2021-03-09,4.019499778747559,-0.02047035771677319,33.22428894042969,0.0027617099229400033,-0.023232067639713194,0.023232067639713194,0.012086313865744642,0.020925217611036984,0,1,1.0,10,1.115157769026675,12.0,-10.0,-48.2339973449707,332.2428894042969,0.0,0.0,Opened,-48.2339973449707,332.2428894042969,0.0,0.020925217611036984,380.4768867492676,0.0,0.0,0,0.0,380.4768867492676
2021-03-10,4.041999816894531,0.005597720956706631,33.306644439697266,0.0024787738697806816,0.0031189470869259495,0.0031189470869259495,0.012084307282389023,0.020922720696594344,1,0,-1.0,10,3.648885665313151,-12.0,10.0,48.503997802734375,-333.06644439697266,0.2700004577636719,-0.8235549926757812,Closed,48.503997802734375,-333.06644439697266,-0.5535545349121094,0.020922720696594344,381.57044219970703,-0.5535545349121094,-0.0014507269790629879,0,-0.5535545349121094,0.0
2021-03-11,4.14300012588501,0.024987707463103526,35.0909309387207,0.053571487882964064,-0.02858378041986054,0.02858378041986054,0.012246880860079705,0.021449125198811966,0,1,1.0,10,18.158803916726473,182.0,-10.0,-754.0260229110718,350.90930938720703,0.0,0.0,Opened,-754.0260229110718,350.90930938720703,0.0,0.021449125198811966,1104.9353322982788,0.0,0.0,0,0.0,1104.9353322982788
2021-03-12,4.145500183105469,0.0006034412610413931,34.834720611572266,-0.007301326020556664,0.007904767281598057,0.007904767281598057,0.012247506716566115,0.021465549780658295,1,0,-1.0,10,101.6721791243004,-182.0,10.0,754.4810333251953,-348.34720611572266,0.45501041412353516,2.562103271484375,Closed,754.4810333251953,-348.34720611572266,3.01711368560791,0.021465549780658295,1102.828239440918,3.01711368560791,0.0027357965435646126,0,3.01711368560791,0.0
2021-03-13,4.145500183105469,0.0,34.834720611572266,0.0,0.0,0.0,0.012248701766392311,0.021425295840229484,1,0,0.0,10,,0.0,0.0,0.0,0.0,0.0,0.0,,0.0,0.0,0.0,0.021425295840229484,0.0,0.0,0.0,0,0.0,0.0
2021-03-14,4.145500183105469,0.0,34.834720611572266,0.0,0.0,0.0,0.012221693733196776,0.021247077818591902,1,0,0.0,10,,0.0,0.0,0.0,0.0,0.0,0.0,,0.0,0.0,0.0,0.021247077818591902,0.0,0.0,0.0,0,0.0,0.0
2021-03-15,4.146500110626221,0.00024120793066839674,34.67917251586914,-0.004465317733923557,0.004706525664591954,0.004706525664591954,0.01222137304164065,0.02125815859766008,1,0,0.0,10,154.82740291589965,0.0,0.0,0.0,0.0,0.0,0.0,,0.0,0.0,0.0,0.02125815859766008,0.0,0.0,0.0,0,0.0,0.0
2021-03-16,4.078999996185303,-0.01627881650549956,33.974613189697266,-0.020316497628352304,0.004037681122852743,0.004037681122852743,0.012352369798002182,0.02138350580201811,1,0,0.0,10,10.395055919560896,0.0,0.0,0.0,0.0,0.0,0.0,,0.0,0.0,0.0,0.02138350580201811,0.0,0.0,0.0,0,0.0,0.0
2021-03-17,4.127999782562256,0.012012695862411826,34.35891342163086,0.011311393886601628,0.0007013019758101979,0.0007013019758101979,0.012392146402905072,0.021308174479070047,1,0,0.0,10,7.837461118402955,0.0,0.0,0.0,0.0,0.0,0.0,,0.0,0.0,0.0,0.021308174479070047,0.0,0.0,0.0,0,0.0,0.0
2021-03-18,4.117000102996826,-0.0026646511978744014,33.63604736328125,-0.021038676324802608,0.018374025126928206,0.018374025126928206,0.012386030025118842,0.02143101543990946,1,0,0.0,10,64.50629844828117,0.0,0.0,0.0,0.0,0.0,0.0,,0.0,0.0,0.0,0.02143101543990946,0.0,0.0,0.0,0,0.0,0.0
2021-03-19,4.123499870300293,0.0015787629683894355,33.13278579711914,-0.0149619710284834,0.016540733996872836,0.016540733996872836,0.012383877750049439,0.021496009140620984,1,0,0.0,10,76.14893714843342,0.0,0.0,0.0,0.0,0.0,0.0,,0.0,0.0,0.0,0.021496009140620984,0.0,0.0,0.0,0,0.0,0.0
2021-03-20,4.123499870300293,0.0,33.13278579711914,0.0,0.0,0.0,0.012277284360763276,0.021434884686933584,1,0,0.0,10,,0.0,0.0,0.0,0.0,0.0,0.0,,0.0,0.0,0.0,0.021434884686933584,0.0,0.0,0.0,0,0.0,0.0
2021-03-21,4.123499870300293,0.0,33.13278579711914,0.0,0.0,0.0,0.01219026631998919,0.021325661637075208,1,0,0.0,10,,0.0,0.0,0.0,0.0,0.0,0.0,,0.0,0.0,0.0,0.021325661637075208,0.0,0.0,0.0,0,0.0,0.0
2021-03-22,4.14900016784668,0.006184139286641965,33.361541748046875,0.0069042172405444635,-0.0007200779539024982,0.0007200779539024982,0.012197516246106137,0.02132779665707668,0,0,0.0,10,8.977136844177217,0.0,0.0,0.0,0.0,0.0,0.0,,0.0,0.0,0.0,0.02132779665707668,0.0,0.0,0.0,0,0.0,0.0
2021-03-23,4.0879998207092285,-0.014702420985707065,31.5772647857666,-0.053483048707865355,0.03878062772215829,0.03878062772215829,0.01230643109705919,0.02205767490776277,1,1,1.0,10,28.09900503727078,-281.0,10.0,1148.7279496192932,-315.772647857666,0.0,0.0,Opened,1148.7279496192932,-315.772647857666,0.0,0.02205767490776277,1464.5005974769592,0.0,0.0,0,0.0,1464.5005974769592
2021-03-24,4.071499824523926,-0.004036202766378838,31.074003219604492,-0.01593746543839203,0.011901262672013191,0.011901262672013191,0.012317373914336033,0.02212366268881257,1,1,0.0,10,30.136240026366057,281.0,-10.0,-1144.0914506912231,310.7400321960449,4.636498928070068,-5.032615661621094,Live,0.0,0.0,0.0,0.02212366268881257,1454.831482887268,-0.3961167335510254,-0.00027227671260240363,0,0.0,0.0
2021-03-25,3.984999895095825,-0.021245224894051118,30.863548278808594,-0.006772701261198444,-0.014472523632852674,0.014472523632852674,0.012521831793739346,0.022066488080618736,0,0,-1.0,10,2.468983153122171,281.0,-10.0,-1119.7849705219269,308.63548278808594,28.942979097366333,-7.137165069580078,Closed,-1119.7849705219269,308.63548278808594,21.805814027786255,0.022066488080618736,1428.4204533100128,21.805814027786255,0.015265683137802072,0,21.805814027786255,0.0
2021-03-26,4.078499794006348,0.023462961448402764,32.24523162841797,0.044767482245651635,-0.02130452079724887,0.02130452079724887,0.012713336528830345,0.02247594839518975,0,0,0.0,10,15.08498557719731,0.0,0.0,0.0,0.0,0.0,0.0,,0.0,0.0,0.0,0.02247594839518975,0.0,0.0,0.0,0,0.0,0.0
2021-03-27,4.078499794006348,0.0,32.24523162841797,0.0,0.0,0.0,0.012668533820599777,0.0222979104139098,1,0,0.0,10,,0.0,0.0,0.0,0.0,0.0,0.0,,0.0,0.0,0.0,0.0222979104139098,0.0,0.0,0.0,0,0.0,0.0
2021-03-28,4.078499794006348,0.0,32.24523162841797,0.0,0.0,0.0,0.012646968350402535,0.02228964916002547,1,0,0.0,10,,0.0,0.0,0.0,0.0,0.0,0.0,,0.0,0.0,0.0,0.02228964916002547,0.0,0.0,0.0,0,0.0,0.0
2021-03-29,4.043000221252441,-0.00870407614242752,32.089664459228516,-0.004824501525749647,-0.003879574616677872,0.003879574616677872,0.012685544574732376,0.022299331612108494,0,0,0.0,10,4.399376974152215,0.0,0.0,0.0,0.0,0.0,0.0,,0.0,0.0,0.0,0.022299331612108494,0.0,0.0,0.0,0,0.0,0.0
2021-03-30,3.9830000400543213,-0.01484050900683187,32.33671951293945,0.007698898005768617,-0.022539407012600488,0.022539407012600488,0.012785687775427136,0.022305669811130472,0,1,1.0,10,4.211777480481884,43.0,-10.0,-171.26900172233582,323.36719512939453,0.0,0.0,Opened,-171.26900172233582,323.36719512939453,0.0,0.022305669811130472,494.63619685173035,0.0,0.0,0,0.0,494.63619685173035
2021-03-31,4.002999782562256,0.00502127599970148,32.53803253173828,0.0062255238574300265,-0.0012042478577285465,0.0012042478577285465,0.012684936432569552,0.02230498610178893,0,1,0.0,10,10.077841665240832,-43.0,10.0,172.128990650177,-325.3803253173828,0.8599889278411865,-2.0131301879882812,Live,0.0,0.0,0.0,0.02230498610178893,497.5093159675598,-1.1531412601470947,-0.0023178284770496347,0,0.0,0.0
2021-04-01,4.003499984741211,0.00012495683390589818,33.315792083740234,0.023903090982631214,-0.023778134148725316,0.023778134148725316,0.012574122257303413,0.022227756125142415,0,1,0.0,10,1591.8581442539748,-43.0,10.0,172.15049934387207,-333.15792083740234,0.8814976215362549,-9.790725708007812,Live,0.0,0.0,0.0,0.022227756125142415,505.3084201812744,-8.909228086471558,-0.017631267817139203,0,0.0,0.0
2021-04-02,4.003499984741211,0.0,33.315792083740234,0.0,0.0,0.0,0.012546851688290304,0.02205140931035858,1,0,-1.0,10,,-43.0,10.0,172.15049934387207,-333.15792083740234,0.8814976215362549,-9.790725708007812,Closed,172.15049934387207,-333.15792083740234,-8.909228086471558,0.02205140931035858,505.3084201812744,-8.909228086471558,-0.017631267817139203,0,-8.909228086471558,0.0
2021-04-03,4.003499984741211,0.0,33.315792083740234,0.0,0.0,0.0,0.012547101689859378,0.022051994146240955,1,0,0.0,10,,0.0,0.0,0.0,0.0,0.0,0.0,,0.0,0.0,0.0,0.022051994146240955,0.0,0.0,0.0,0,0.0,0.0
2021-04-04,4.003499984741211,0.0,33.315792083740234,0.0,0.0,0.0,0.012547101689859378,0.022051994146240955,1,0,0.0,10,,0.0,0.0,0.0,0.0,0.0,0.0,,0.0,0.0,0.0,0.022051994146240955,0.0,0.0,0.0,0,0.0,0.0
2021-04-05,4.14900016784668,0.03634324557512736,34.26741409301758,0.028563691563610938,0.007779554011516421,0.007779554011516421,0.01302759806422999,0.02220622448498949,1,0,0.0,10,6.491252553562937,0.0,0.0,0.0,0.0,0.0,0.0,,0.0,0.0,0.0,0.02220622448498949,0.0,0.0,0.0,0,0.0,0.0
2021-04-06,4.126500129699707,-0.005423002467278781,34.505313873291016,0.00694244916256781,-0.012365451629846591,0.012365451629846591,0.013045668275004047,0.02220888023288459,0,0,0.0,10,10.704762230387162,0.0,0.0,0.0,0.0,0.0,0.0,,0.0,0.0,0.0,0.02220888023288459,0.0,0.0,0.0,0,0.0,0.0
2021-04-07,4.064000129699707,-0.015146007036366704,34.14846420288086,-0.01034187579688639,-0.004804131239480314,0.004804131239480314,0.013151461477699288,0.022226271081818027,0,0,0.0,10,5.737446207682178,0.0,0.0,0.0,0.0,0.0,0.0,,0.0,0.0,0.0,0.022226271081818027,0.0,0.0,0.0,0,0.0,0.0
2021-04-08,4.103499889373779,0.00971942874347076,34.65171813964844,0.014737234851256442,-0.005017806107785683,0.005017806107785683,0.013162845640734982,0.02225237819034531,0,0,0.0,10,12.803998405920648,0.0,0.0,0.0,0.0,0.0,0.0,,0.0,0.0,0.0,0.02225237819034531,0.0,0.0,0.0,0,0.0,0.0
2021-04-09,4.05049991607666,-0.012915797423161957,34.29486083984375,-0.010298401319280392,-0.002617396103881564,0.002617396103881564,0.013235061815112258,0.022218079964750184,0,0,0.0,10,6.75101393710608,0.0,0.0,0.0,0.0,0.0,0.0,,0.0,0.0,0.0,0.022218079964750184,0.0,0.0,0.0,0,0.0,0.0
2021-04-10,4.05049991607666,0.0,34.29486083984375,0.0,0.0,0.0,0.013200285131650896,0.022211284494449715,1,0,0.0,10,,0.0,0.0,0.0,0.0,0.0,0.0,,0.0,0.0,0.0,0.022211284494449715,0.0,0.0,0.0,0,0.0,0.0
2021-04-11,4.05049991607666,0.0,34.29486083984375,0.0,0.0,0.0,0.013200285131650896,0.022211284494449715,1,0,0.0,10,,0.0,0.0,0.0,0.0,0.0,0.0,,0.0,0.0,0.0,0.022211284494449715,0.0,0.0,0.0,0,0.0,0.0
2021-04-12,4.03000020980835,-0.005061031154931284,33.01383972167969,-0.03735315107841963,0.03229211992348835,0.03229211992348835,0.01321581833164859,0.02256256183408678,1,1,1.0,10,60.4615398045104,-605.0,10.0,2438.1501269340515,-330.1383972167969,0.0,0.0,Opened,2438.1501269340515,-330.1383972167969,0.0,0.02256256183408678,2768.2885241508484,0.0,0.0,0,0.0,2768.2885241508484
2021-04-13,4.043000221252441,0.0032258091233969832,33.66349792480469,0.019678359397206968,-0.016452550273809985,0.016452550273809985,0.013216161896482817,0.022630835682193918,0,0,-1.0,10,50.7932144449857,605.0,-10.0,-2446.015133857727,336.6349792480469,-7.865006923675537,6.49658203125,Closed,-2446.015133857727,336.6349792480469,-1.368424892425537,0.022630835682193918,2782.650113105774,-1.368424892425537,-0.0004917703760097275,0,-1.368424892425537,0.0
2021-04-14,4.139999866485596,0.023991996023959183,35.0634765625,0.041587438145094024,-0.01759544212113484,0.01759544212113484,0.013372816303056092,0.02251335905094548,0,0,0.0,10,14.68082407682503,0.0,0.0,0.0,0.0,0.0,0.0,,0.0,0.0,0.0,0.02251335905094548,0.0,0.0,0.0,0,0.0,0.0
2021-04-15,4.230500221252441,0.021859989779098754,36.40855407714844,0.03836121361927303,-0.016501223840174273,0.016501223840174273,0.013327512203665308,0.02271502651709718,0,0,0.0,10,15.102682535863721,0.0,0.0,0.0,0.0,0.0,0.0,,0.0,0.0,0.0,0.02271502651709718,0.0,0.0,0.0,0,0.0,0.0
2021-04-16,4.179999828338623,-0.01193721552362137,36.36280822753906,-0.001256458839657304,-0.010680756683964066,0.010680756683964066,0.013395496447688155,0.022663095183160124,0,0,0.0,10,0.9156434281513394,0.0,0.0,0.0,0.0,0.0,0.0,,0.0,0.0,0.0,0.022663095183160124,0.0,0.0,0.0,0,0.0,0.0
2021-04-17,4.179999828338623,0.0,36.36280822753906,0.0,0.0,0.0,0.013349832011134566,0.022350219034621498,1,0,0.0,10,,0.0,0.0,0.0,0.0,0.0,0.0,,0.0,0.0,0.0,0.022350219034621498,0.0,0.0,0.0,0,0.0,0.0
2021-04-18,4.179999828338623,0.0,36.36280822753906,0.0,0.0,0.0,0.013330326575485454,0.022290813596102955,1,0,0.0,10,,0.0,0.0,0.0,0.0,0.0,0.0,,0.0,0.0,0.0,0.022290813596102955,0.0,0.0,0.0,0,0.0,0.0
2021-04-19,4.25,0.016746453238300596,36.17980194091797,-0.005032787497487479,0.021779240735788075,0.021779240735788075,0.013417714133481704,0.022300681055075176,1,0,0.0,10,2.558367958365555,0.0,0.0,0.0,0.0,0.0,0.0,,0.0,0.0,0.0,0.022300681055075176,0.0,0.0,0.0,0,0.0,0.0
2021-04-20,4.223999977111816,-0.006117652444278532,35.08177947998047,-0.03034904565620844,0.024231393211929908,0.024231393211929908,0.013438772365259718,0.02253055940589292,1,1,1.0,10,41.20196661445881,-413.0,10.0,1744.5119905471802,-350.8177947998047,0.0,0.0,Opened,1744.5119905471802,-350.8177947998047,0.0,0.02253055940589292,2095.329785346985,0.0,0.0,0,0.0,2095.329785346985
2021-04-21,4.286499977111816,0.014796401595327247,35.658241271972656,0.016431942750257278,-0.0016355411549300314,0.0016355411549300314,0.01312617510520057,0.02222149844578046,0,0,-1.0,10,9.238253950996167,413.0,-10.0,-1770.3244905471802,356.58241271972656,-25.8125,5.764617919921875,Closed,-1770.3244905471802,356.58241271972656,-20.047882080078125,0.02222149844578046,2126.9069032669067,-20.047882080078125,-0.009425839019697941,0,-20.047882080078125,0.0
2021-04-22,4.2804999351501465,-0.0013997531771160476,35.0451774597168,-0.01719276639528844,0.01579301321817239,0.01579301321817239,0.013094521024278022,0.022234468983421466,1,0,0.0,10,100.56064934843016,0.0,0.0,0.0,0.0,0.0,0.0,,0.0,0.0,0.0,0.022234468983421466,0.0,0.0,0.0,0,0.0,0.0
2021-04-23,4.3429999351501465,0.01460109822377742,35.887001037597656,0.02402109616504311,-0.00941999794126569,0.00941999794126569,0.013156156032149396,0.022276380528709557,0,0,0.0,10,13.59423094665727,0.0,0.0,0.0,0.0,0.0,0.0,,0.0,0.0,0.0,0.022276380528709557,0.0,0.0,0.0,0,0.0,0.0
2021-04-24,4.3429999351501465,0.0,35.887001037597656,0.0,0.0,0.0,0.013099696261969364,0.02226759959780566,1,0,0.0,10,,0.0,0.0,0.0,0.0,0.0,0.0,,0.0,0.0,0.0,0.02226759959780566,0.0,0.0,0.0,0,0.0,0.0
2021-04-25,4.3429999351501465,0.0,35.887001037597656,0.0,0.0,0.0,0.01295232567101822,0.02203780300948157,1,0,0.0,10,,0.0,0.0,0.0,0.0,0.0,0.0,,0.0,0.0,0.0,0.02203780300948157,0.0,0.0,0.0,0,0.0,0.0
2021-04-26,4.447999954223633,0.02417684104106632,37.158870697021484,0.035440956966321435,-0.011264115925255114,0.011264115925255114,0.013139796578043868,0.02228451976832785,0,0,0.0,10,12.24626400340549,0.0,0.0,0.0,0.0,0.0,0.0,,0.0,0.0,0.0,0.02228451976832785,0.0,0.0,0.0,0,0.0,0.0
2021-04-27,4.743000030517578,0.06632196028100812,37.06736755371094,-0.0024624845048878408,0.06878444478589596,0.06878444478589596,0.01461848842318853,0.022288809661969482,1,1,1.0,10,0.29017150965013,-3.0,10.0,14.229000091552734,-370.6736755371094,0.0,0.0,Opened,14.229000091552734,-370.6736755371094,0.0,0.022288809661969482,384.9026756286621,0.0,0.0,0,0.0,384.9026756286621
2021-04-28,4.5370001792907715,-0.04343239508778307,37.18632125854492,0.003209122003649645,-0.046641517091432716,0.046641517091432716,0.015332032782246485,0.022287338316568497,0,0,-1.0,10,0.605601398677622,3.0,-10.0,-13.611000537872314,371.8632125854492,0.6179995536804199,1.1895370483398438,Closed,-13.611000537872314,371.8632125854492,1.8075366020202637,0.022287338316568497,385.47421312332153,1.8075366020202637,0.004689124565232574,0,1.8075366020202637,0.0
2021-04-29,4.493000030517578,-0.009698070759184163,37.12226104736328,-0.001722682131858333,-0.00797538862732583,0.00797538862732583,0.01536428080316928,0.02226770149395064,0,0,0.0,10,1.46763411892898,0.0,0.0,0.0,0.0,0.0,0.0,,0.0,0.0,0.0,0.02226770149395064,0.0,0.0,0.0,0,0.0,0.0
2021-04-30,4.479000091552734,-0.003115944551469574,36.106597900390625,-0.027359948406073586,0.024244003854604013,0.024244003854604013,0.015373276280999729,0.02241305488458519,1,1,1.0,10,70.78333999717124,-708.0,10.0,3171.132064819336,-361.06597900390625,0.0,0.0,Opened,3171.132064819336,-361.06597900390625,0.0,0.02241305488458519,3532.198043823242,0.0,0.0,0,0.0,3532.198043823242
2021-05-01,4.479000091552734,0.0,36.106597900390625,0.0,0.0,0.0,0.0153748099356818,0.022413923762986565,1,1,0.0,10,,708.0,-10.0,-3171.132064819336,361.06597900390625,0.0,0.0,Live,0.0,0.0,0.0,0.022413923762986565,3532.198043823242,0.0,0.0,0,0.0,0.0
2021-05-02,4.479000091552734,0.0,36.106597900390625,0.0,0.0,0.0,0.015357140342791202,0.022307717867527006,1,1,0.0,10,,708.0,-10.0,-3171.132064819336,361.06597900390625,0.0,0.0,Live,0.0,0.0,0.0,0.022307717867527006,3532.198043823242,0.0,0.0,0,0.0,0.0
2021-05-03,4.543000221252441,0.014288932438382806,36.6007080078125,0.013684759466538576,0.0006041729718442301,0.0006041729718442301,0.015402827155433325,0.0223359238761814,1,1,0.0,10,7.715856004042893,708.0,-10.0,-3216.4441566467285,366.007080078125,-45.31209182739258,4.94110107421875,Live,0.0,0.0,0.0,0.0223359238761814,3582.4512367248535,-40.37099075317383,-0.011269097075018884,0,0.0,0.0
2021-05-04,4.535999774932861,-0.001540930217619474,37.06736755371094,0.012750014174557123,-0.014290944392176597,0.014290944392176597,0.015405969890238054,0.02235871807285021,0,0,-1.0,10,67.6155236741256,708.0,-10.0,-3211.487840652466,370.6736755371094,-40.35577583312988,9.607696533203125,Closed,-3211.487840652466,370.6736755371094,-30.748079299926758,0.02235871807285021,3582.161516189575,-30.748079299926758,-0.008583666359252883,0,-30.748079299926758,0.0
2021-05-05,4.539000034332275,0.0006614328810143899,38.47649002075195,0.038015175072769525,-0.037353742191755135,0.037353742191755135,0.01540658316012925,0.022536337789791472,0,1,1.0,10,487.1990976880399,4872.0,-10.0,-22114.008167266846,384.76490020751953,0.0,0.0,Opened,-22114.008167266846,384.76490020751953,0.0,0.022536337789791472,22498.773067474365,0.0,0.0,0,0.0,22498.773067474365
2021-05-06,4.61899995803833,0.01762501059725663,39.16275405883789,0.017835931440622677,-0.000210920843366047,0.000210920843366047,0.015470862617583205,0.022501101264992687,0,1,0.0,10,8.580086663696328,-4872.0,10.0,22503.767795562744,-391.6275405883789,389.75962829589844,-6.862640380859375,Live,0.0,0.0,0.0,0.022501101264992687,22895.395336151123,382.89698791503906,0.01672375524830779,0,0.0,0.0
2021-05-07,4.765999794006348,0.031825035138222324,40.56273651123047,0.03574780390289334,-0.003922768764671014,0.003922768764671014,0.01563565092753945,0.022102942538424833,0,1,0.0,10,9.559907766782462,-4872.0,10.0,23219.950996398926,-405.6273651123047,1105.94282913208,-20.862464904785156,Live,0.0,0.0,0.0,0.022102942538424833,23625.57836151123,1085.080364227295,0.04592820322210672,0,0.0,0.0
2021-05-08,4.765999794006348,0.0,40.56273651123047,0.0,0.0,0.0,0.015638528586312296,0.021906509246627105,1,0,-1.0,10,,-4872.0,10.0,23219.950996398926,-405.6273651123047,1105.94282913208,-20.862464904785156,Closed,23219.950996398926,-405.6273651123047,1085.080364227295,0.021906509246627105,23625.57836151123,1085.080364227295,0.04592820322210672,0,1085.080364227295,0.0
2021-05-09,4.765999794006348,0.0,40.56273651123047,0.0,0.0,0.0,0.015631134820077715,0.021565399704898576,1,0,0.0,10,,0.0,0.0,0.0,0.0,0.0,0.0,,0.0,0.0,0.0,0.021565399704898576,0.0,0.0,0.0,0,0.0,0.0
2021-05-10,4.733500003814697,-0.006819091816269385,41.17579650878906,0.01511387175243617,-0.021932963568705555,0.021932963568705555,0.015659220622269557,0.021588315260080843,0,1,1.0,10,19.28007956433935,193.0,-10.0,-913.5655007362366,411.7579650878906,0.0,0.0,Opened,-913.5655007362366,411.7579650878906,0.0,0.021588315260080843,1325.3234658241272,0.0,0.0,0,0.0,1325.3234658241272
2021-05-11,4.778500080108643,0.009506723620509083,41.17579650878906,0.0,0.009506723620509083,0.009506723620509083,0.015670071859765055,0.021588315260080843,1,0,-1.0,10,0.0,-193.0,10.0,922.250515460968,-411.7579650878906,8.685014724731445,0.0,Closed,922.250515460968,-411.7579650878906,8.685014724731445,0.021588315260080843,1334.0084805488586,8.685014724731445,0.006510464402113936,0,8.685014724731445,0.0
2021-05-12,4.752500057220459,-0.005441042681240793,39.501312255859375,-0.04066671187701898,0.035225669195778186,0.035225669195778186,0.015680599178022288,0.02128898916511091,1,1,1.0,10,62.12212722827348,-622.0,10.0,2956.0550355911255,-395.01312255859375,0.0,0.0,Opened,2956.0550355911255,-395.01312255859375,0.0,0.02128898916511091,3351.0681581497192,0.0,0.0,0,0.0,3351.0681581497192
2021-05-13,4.70550012588501,-0.00988951725819387,38.33924102783203,-0.029418547426990127,0.019529030168796258,0.019529030168796258,0.015705265986631523,0.021490453790833492,1,1,0.0,10,24.237278564987374,622.0,-10.0,-2926.821078300476,383.3924102783203,29.233957290649414,-11.620712280273438,Live,0.0,0.0,0.0,0.021490453790833492,3310.2134885787964,17.613245010375977,0.005320878871150401,0,0.0,0.0
2021-05-14,4.664000034332275,-0.008819485802251226,38.421592712402344,0.0021479737825411682,-0.010967459584792394,0.010967459584792394,0.015727140717053667,0.021484390882604138,0,0,-1.0,10,2.006330751715686,622.0,-10.0,-2901.0080213546753,384.21592712402344,55.047014236450195,-10.797195434570312,Closed,-2901.0080213546753,384.21592712402344,44.24981880187988,0.021484390882604138,3285.2239484786987,44.24981880187988,0.013469346229005428,0,44.24981880187988,0.0
2021-05-15,4.664000034332275,0.0,38.421592712402344,0.0,0.0,0.0,0.015716955480846596,0.0214730995759581,1,0,0.0,10,,0.0,0.0,0.0,0.0,0.0,0.0,,0.0,0.0,0.0,0.0214730995759581,0.0,0.0,0.0,0,0.0,0.0
2021-05-16,4.664000034332275,0.0,38.421592712402344,0.0,0.0,0.0,0.015617592395563679,0.02139028524727374,1,0,0.0,10,,0.0,0.0,0.0,0.0,0.0,0.0,,0.0,0.0,0.0,0.02139028524727374,0.0,0.0,0.0,0,0.0,0.0
2021-05-17,4.721499919891357,0.012328448785552837,38.851654052734375,0.011193220009154015,0.0011352287763988222,0.0011352287763988222,0.015645459132443043,0.021403923306152546,1,0,0.0,10,7.470955182185581,0.0,0.0,0.0,0.0,0.0,0.0,,0.0,0.0,0.0,0.021403923306152546,0.0,0.0,0.0,0,0.0,0.0
2021-05-18,4.735499858856201,0.0029651465005564592,39.226806640625,0.009656026159952535,-0.006690879659396076,0.006690879659396076,0.01564304654443719,0.021411705789835027,0,0,0.0,10,26.975493882196027,0.0,0.0,0.0,0.0,0.0,0.0,,0.0,0.0,0.0,0.021411705789835027,0.0,0.0,0.0,0,0.0,0.0
2021-05-19,4.5894999504089355,-0.03083093924587932,37.23207092285156,-0.05085134092224586,0.02002040167636654,0.02002040167636654,0.015976205538232587,0.02185726463893444,1,0,0.0,10,13.380350124649233,0.0,0.0,0.0,0.0,0.0,0.0,,0.0,0.0,0.0,0.02185726463893444,0.0,0.0,0.0,0,0.0,0.0
2021-05-20,4.581999778747559,-0.0016342023624400515,37.0399169921875,-0.005160978852404519,0.003526776489964467,0.003526776489964467,0.015931084401810947,0.021848761240655396,1,0,0.0,10,25.529433999415897,0.0,0.0,0.0,0.0,0.0,0.0,,0.0,0.0,0.0,0.021848761240655396,0.0,0.0,0.0,0,0.0,0.0
2021-05-21,4.495999813079834,-0.018769089877876843,36.5824089050293,-0.012351757895534776,-0.006417331982342067,0.006417331982342067,0.016022700993835255,0.021830714028660075,0,0,0.0,10,5.3546559539512915,0.0,0.0,0.0,0.0,0.0,0.0,,0.0,0.0,0.0,0.021830714028660075,0.0,0.0,0.0,0,0.0,0.0
2021-05-22,4.495999813079834,0.0,36.5824089050293,0.0,0.0,0.0,0.016023227562406643,0.02183119952654885,1,0,0.0,10,,0.0,0.0,0.0,0.0,0.0,0.0,,0.0,0.0,0.0,0.02183119952654885,0.0,0.0,0.0,0,0.0,0.0
2021-05-23,4.495999813079834,0.0,36.5824089050293,0.0,0.0,0.0,0.01602300853560467,0.02183119952654885,1,0,0.0,10,,0.0,0.0,0.0,0.0,0.0,0.0,,0.0,0.0,0.0,0.02183119952654885,0.0,0.0,0.0,0,0.0,0.0
2021-05-24,4.541500091552734,0.01012016912023217,36.56410598754883,-0.0005003201819755443,0.010620489302207714,0.010620489302207714,0.016043443906253042,0.02183167601916148,1,0,0.0,10,0.3980300705502133,0.0,0.0,0.0,0.0,0.0,0.0,,0.0,0.0,0.0,0.02183167601916148,0.0,0.0,0.0,0,0.0,0.0
2021-05-25,4.521999835968018,-0.0042937917409684445,36.015098571777344,-0.015014927917516685,0.01072113617654824,0.01072113617654824,0.0160543374080705,0.021895759647007136,1,0,0.0,10,27.850714467487382,0.0,0.0,0.0,0.0,0.0,0.0,,0.0,0.0,0.0,0.021895759647007136,0.0,0.0,0.0,0,0.0,0.0
2021-05-26,4.5329999923706055,0.0024325866434342647,36.500057220458984,0.013465426110527812,-0.011032839467093547,0.011032839467093547,0.016053329603655093,0.021926858071382036,0,0,0.0,10,44.57174223320623,0.0,0.0,0.0,0.0,0.0,0.0,,0.0,0.0,0.0,0.021926858071382036,0.0,0.0,0.0,0,0.0,0.0
2021-05-27,4.666500091552734,0.029450716833624435,37.854278564453125,0.0371018964659342,-0.007651179632309768,0.007651179632309768,0.016257305382519693,0.021401969088904196,0,0,0.0,10,10.219365547519613,0.0,0.0,0.0,0.0,0.0,0.0,,0.0,0.0,0.0,0.021401969088904196,0.0,0.0,0.0,0,0.0,0.0
2021-05-28,4.682499885559082,0.003428649671583628,37.73533248901367,-0.003142209545399899,0.006570859216983527,0.006570859216983527,0.016249419488871843,0.021356971474081263,1,0,0.0,10,7.385543093664873,0.0,0.0,0.0,0.0,0.0,0.0,,0.0,0.0,0.0,0.021356971474081263,0.0,0.0,0.0,0,0.0,0.0
2021-05-29,4.682499885559082,0.0,37.73533248901367,0.0,0.0,0.0,0.01613852691494682,0.021342543405000098,1,0,0.0,10,,0.0,0.0,0.0,0.0,0.0,0.0,,0.0,0.0,0.0,0.021342543405000098,0.0,0.0,0.0,0,0.0,0.0
2021-05-30,4.682499885559082,0.0,37.73533248901367,0.0,0.0,0.0,0.01556102969251343,0.02054011138058975,1,0,0.0,10,,0.0,0.0,0.0,0.0,0.0,0.0,,0.0,0.0,0.0,0.02054011138058975,0.0,0.0,0.0,0,0.0,0.0
2021-05-31,4.682499885559082,0.0,37.73533248901367,0.0,0.0,0.0,0.01556102969251343,0.02054011138058975,1,0,0.0,10,,0.0,0.0,0.0,0.0,0.0,0.0,,0.0,0.0,0.0,0.02054011138058975,0.0,0.0,0.0,0,0.0,0.0
2021-06-01,4.6620001792907715,-0.004377940580742368,38.3666877746582,0.016731144102899886,-0.021109084683642254,0.021109084683642254,0.015571370826251449,0.020602548600208718,0,1,1.0,10,31.451241897034485,315.0,-10.0,-1468.530056476593,383.66687774658203,0.0,0.0,Opened,-1468.530056476593,383.66687774658203,0.0,0.020602548600208718,1852.196934223175,0.0,0.0,0,0.0,1852.196934223175
2021-06-02,4.599999904632568,-0.013299071701802334,37.90003204345703,-0.01216304451252126,-0.0011360271892810747,0.0011360271892810747,0.01557684486517532,0.020492308500541064,0,1,0.0,10,7.535337749488129,-315.0,10.0,1448.999969959259,-379.0003204345703,-19.530086517333984,4.666557312011719,Live,0.0,0.0,0.0,0.020492308500541064,1828.0002903938293,-14.863529205322266,-0.008131032190438014,0,0.0,0.0
2021-06-03,4.471499919891357,-0.02793477987071291,36.88436508178711,-0.026798577914270205,-0.0011362019564427062,0.0011362019564427062,0.01582748506621638,0.020669953837478702,0,1,0.0,10,7.913262633671828,-315.0,10.0,1408.5224747657776,-368.8436508178711,-60.00758171081543,14.823226928710938,Live,0.0,0.0,0.0,0.020669953837478702,1777.3661255836487,-45.18435478210449,-0.025422086159803976,1,-45.18435478210449,0.0
2021-06-04,4.537499904632568,0.014760144453455526,37.524871826171875,0.01736526419702522,-0.002605119743569695,0.002605119743569695,0.015667426091531596,0.02072753496920896,0,1,0.0,10,9.729563926037923,-315.0,10.0,1429.312469959259,-375.24871826171875,-39.217586517333984,8.418159484863281,Live,0.0,0.0,0.0,0.02072753496920896,1804.5611882209778,-30.799427032470703,-0.017067543751638724,0,0.0,0.0
2021-06-05,4.537499904632568,0.0,37.524871826171875,0.0,0.0,0.0,0.01564240164644669,0.020246815076111327,1,0,-1.0,10,,-315.0,10.0,1429.312469959259,-375.24871826171875,-39.217586517333984,8.418159484863281,Closed,1429.312469959259,-375.24871826171875,-30.799427032470703,0.020246815076111327,1804.5611882209778,-30.799427032470703,-0.017067543751638724,0,0.0,0.0
2021-06-06,4.537499904632568,0.0,37.524871826171875,0.0,0.0,0.0,0.015086332416268892,0.019858655015949557,1,0,0.0,10,,0.0,0.0,0.0,0.0,0.0,0.0,,0.0,0.0,0.0,0.019858655015949557,0.0,0.0,0.0,0,0.0,0.0
2021-06-07,4.534999847412109,-0.0005509768094774659,36.68305587768555,-0.022433546272613736,0.02188256946313627,0.02188256946313627,0.015086853488909624,0.019998919071032274,1,1,1.0,10,329.3463407910917,-3294.0,10.0,14938.289497375488,-366.83055877685547,0.0,0.0,Opened,14938.289497375488,-366.83055877685547,0.0,0.019998919071032274,15305.120056152344,0.0,0.0,0,0.0,15305.120056152344
2021-06-08,4.563000202178955,0.006174279097897584,36.53665542602539,-0.0039909557194010015,0.010165234817298585,0.010165234817298585,0.015094796623905036,0.020004929723968213,1,1,0.0,10,5.175698309720541,3294.0,-10.0,-15030.522665977478,365.3665542602539,-92.23316860198975,-1.4640045166015625,Live,0.0,0.0,0.0,0.020004929723968213,15395.889220237732,-93.69717311859131,-0.0060858565412011,0,0.0,0.0
2021-06-09,4.536499977111816,-0.005807631797711488,36.36280822753906,-0.004758158524890477,-0.001049473272821011,0.001049473272821011,0.01510266600105114,0.019866156881145333,0,0,-1.0,10,6.567140913489829,3294.0,-10.0,-14943.230924606323,363.6280822753906,-4.941427230834961,-3.2024765014648438,Closed,-14943.230924606323,363.6280822753906,-8.143903732299805,0.019866156881145333,15306.859006881714,-8.143903732299805,-0.0005320427743300202,0,-8.143903732299805,0.0
2021-06-10,4.489999771118164,-0.01025023833974692,36.28960418701172,-0.0020131569616205214,-0.008237081378126399,0.008237081378126399,0.014911682949389273,0.019867617128539686,0,0,0.0,10,1.587375181820116,0.0,0.0,0.0,0.0,0.0,0.0,,0.0,0.0,0.0,0.019867617128539686,0.0,0.0,0.0,0,0.0,0.0
2021-06-11,4.541500091552734,0.011470005135823191,36.63731384277344,0.009581522409830123,0.001888482725993068,0.001888482725993068,0.014822070747796151,0.01988580649767382,1,0,0.0,10,6.738996096565627,0.0,0.0,0.0,0.0,0.0,0.0,,0.0,0.0,0.0,0.01988580649767382,0.0,0.0,0.0,0,0.0,0.0
2021-06-12,4.541500091552734,0.0,36.63731384277344,0.0,0.0,0.0,0.014261136751269898,0.018570049364093903,1,0,0.0,10,,0.0,0.0,0.0,0.0,0.0,0.0,,0.0,0.0,0.0,0.018570049364093903,0.0,0.0,0.0,0,0.0,0.0
2021-06-13,4.541500091552734,0.0,36.63731384277344,0.0,0.0,0.0,0.014076716365181525,0.018358177103419575,1,0,0.0,10,,0.0,0.0,0.0,0.0,0.0,0.0,,0.0,0.0,0.0,0.018358177103419575,0.0,0.0,0.0,0,0.0,0.0
2021-06-14,4.5320000648498535,-0.002091825720878182,36.152347564697266,-0.013236949634391149,0.011145123913512966,0.011145123913512966,0.014079999783530557,0.018413993352384177,1,0,0.0,10,50.47879903641389,0.0,0.0,0.0,0.0,0.0,0.0,,0.0,0.0,0.0,0.018413993352384177,0.0,0.0,0.0,0,0.0,0.0
2021-06-15,4.340000152587891,-0.042365381622809783,34.54191970825195,-0.04454559565083105,0.0021802140280212656,0.0021802140280212656,0.014736448544169374,0.01896865228549332,1,0,0.0,10,8.368553044731762,0.0,0.0,0.0,0.0,0.0,0.0,,0.0,0.0,0.0,0.01896865228549332,0.0,0.0,0.0,0,0.0,0.0
2021-06-16,4.392499923706055,0.012096721030495639,33.56284713745117,-0.028344474744606774,0.04044119577510241,0.04044119577510241,0.014776825902407031,0.019180205363721,1,1,1.0,10,17.90390564791178,-180.0,10.0,790.6499862670898,-335.6284713745117,0.0,0.0,Opened,790.6499862670898,-335.6284713745117,0.0,0.019180205363721,1126.2784576416016,0.0,0.0,0,0.0,1126.2784576416016
2021-06-17,4.184500217437744,-0.0473533773206799,31.934118270874023,-0.04852773246283171,0.0011743551421518061,0.0011743551421518061,0.015398926170722287,0.01979008056912116,1,1,0.0,10,7.820785492511196,180.0,-10.0,-753.210039138794,319.34118270874023,37.4399471282959,-16.287288665771484,Live,0.0,0.0,0.0,0.01979008056912116,1072.5512218475342,21.152658462524414,0.01972181657309353,0,0.0,0.0
2021-06-18,4.162499904632568,-0.005257572389050336,31.723661422729492,-0.00659034473284581,0.0013327723437954742,0.0013327723437954742,0.015401027237404497,0.01979845156117675,1,1,0.0,10,9.553267557718279,180.0,-10.0,-749.2499828338623,317.2366142272949,41.40000343322754,-18.391857147216797,Live,0.0,0.0,0.0,0.01979845156117675,1066.4865970611572,23.008146286010742,0.02157377912616313,0,0.0,0.0
2021-06-19,4.162499904632568,0.0,31.723661422729492,0.0,0.0,0.0,0.015199640224921466,0.01903637223893636,1,1,0.0,10,,180.0,-10.0,-749.2499828338623,317.2366142272949,41.40000343322754,-18.391857147216797,Live,0.0,0.0,0.0,0.01903637223893636,1066.4865970611572,23.008146286010742,0.02157377912616313,0,0.0,0.0
2021-06-20,4.162499904632568,0.0,31.723661422729492,0.0,0.0,0.0,0.015199582587048744,0.019025292255251087,1,1,0.0,10,,180.0,-10.0,-749.2499828338623,317.2366142272949,41.40000343322754,-18.391857147216797,Live,0.0,0.0,0.0,0.019025292255251087,1066.4865970611572,23.008146286010742,0.02157377912616313,0,0.0,0.0
2021-06-21,4.1875,0.006006029054705486,32.89488983154297,0.036919710912508785,-0.0309136818578033,0.0309136818578033,0.015210826107224688,0.019394730002029306,0,0,-1.0,10,48.288584966175826,180.0,-10.0,-753.75,328.9488983154297,36.899986267089844,-6.679573059082031,Closed,-753.75,328.9488983154297,30.220413208007812,0.019394730002029306,1082.6988983154297,30.220413208007812,0.02791211227334555,0,30.220413208007812,0.0
2021-06-22,4.234499931335449,0.011223864199510158,33.352394104003906,0.013908065198085406,-0.002684200998575248,0.002684200998575248,0.015250581099335612,0.019447321358729997,0,0,0.0,10,9.759986079897594,0.0,0.0,0.0,0.0,0.0,0.0,,0.0,0.0,0.0,0.019447321358729997,0.0,0.0,0.0,0,0.0,0.0
2021-06-23,4.330999851226807,0.02278897661026158,33.99290466308594,0.019204335289535912,0.0035846413207256678,0.0035846413207256678,0.0154150912523405,0.019539284287283774,1,0,0.0,10,6.614157989534979,0.0,0.0,0.0,0.0,0.0,0.0,,0.0,0.0,0.0,0.019539284287283774,0.0,0.0,0.0,0,0.0,0.0
2021-06-24,4.311500072479248,-0.0045023734512562585,34.1667594909668,0.005114444605543111,-0.00961681805679937,0.00961681805679937,0.01532995500839486,0.019437551392857255,0,0,0.0,10,9.001862128862612,0.0,0.0,0.0,0.0,0.0,0.0,,0.0,0.0,0.0,0.019437551392857255,0.0,0.0,0.0,0,0.0,0.0
2021-06-25,4.298999786376953,-0.00289928931744321,34.532772064208984,0.010712534015377084,-0.013611823332820294,0.013611823332820294,0.015290988747251977,0.01943419918590626,0,0,0.0,10,29.680053339278995,0.0,0.0,0.0,0.0,0.0,0.0,,0.0,0.0,0.0,0.01943419918590626,0.0,0.0,0.0,0,0.0,0.0
2021-06-26,4.298999786376953,0.0,34.532772064208984,0.0,0.0,0.0,0.015287701962692898,0.019315050081703228,1,0,0.0,10,,0.0,0.0,0.0,0.0,0.0,0.0,,0.0,0.0,0.0,0.019315050081703228,0.0,0.0,0.0,0,0.0,0.0
2021-06-27,4.298999786376953,0.0,34.532772064208984,0.0,0.0,0.0,0.015287441978542659,0.019252317394557142,1,0,0.0,10,,0.0,0.0,0.0,0.0,0.0,0.0,,0.0,0.0,0.0,0.019252317394557142,0.0,0.0,0.0,0,0.0,0.0
2021-06-28,4.2779998779296875,-0.004884835889923056,34.06610870361328,-0.01351363741456979,0.008628801524646734,0.008628801524646734,0.015296961245730007,0.019303917567174665,1,0,0.0,10,22.0294697804348,0.0,0.0,0.0,0.0,0.0,0.0,,0.0,0.0,0.0,0.019303917567174665,0.0,0.0,0.0,0,0.0,0.0
2021-06-29,4.276500225067139,-0.0003505500012483953,33.88323211669922,-0.005368285192334454,0.005017735191086059,0.005017735191086059,0.015297113309697026,0.019312680892844162,1,0,0.0,10,121.33383890743521,0.0,0.0,0.0,0.0,0.0,0.0,,0.0,0.0,0.0,0.019312680892844162,0.0,0.0,0.0,0,0.0,0.0
2021-06-30,4.296500205993652,0.004676716911946377,34.14054489135742,0.007594103589999346,-0.002917386678052969,0.002917386678052969,0.015292177340730073,0.01931514745348758,0,0,0.0,10,12.903010362241103,0.0,0.0,0.0,0.0,0.0,0.0,,0.0,0.0,0.0,0.01931514745348758,0.0,0.0,0.0,0,0.0,0.0
2021-07-01,4.242000102996826,-0.012684766759884725,33.984317779541016,-0.004575999367132377,-0.008108767392752347,0.008108767392752347,0.01527328286792393,0.0185402315427772,0,0,0.0,10,2.8900898915545112,0.0,0.0,0.0,0.0,0.0,0.0,,0.0,0.0,0.0,0.0185402315427772,0.0,0.0,0.0,0,0.0,0.0
2021-07-02,4.2820000648498535,0.009429505158373042,34.195682525634766,0.00621947886271812,0.003210026295654922,0.003210026295654922,0.01529236731725674,0.01846917341819902,1,0,0.0,10,5.267319966490345,0.0,0.0,0.0,0.0,0.0,0.0,,0.0,0.0,0.0,0.01846917341819902,0.0,0.0,0.0,0,0.0,0.0
2021-07-03,4.2820000648498535,0.0,34.195682525634766,0.0,0.0,0.0,0.015132275511906965,0.018452322634329655,1,0,0.0,10,,0.0,0.0,0.0,0.0,0.0,0.0,,0.0,0.0,0.0,0.018452322634329655,0.0,0.0,0.0,0,0.0,0.0
2021-07-04,4.2820000648498535,0.0,34.195682525634766,0.0,0.0,0.0,0.01495873869971693,0.01791989227933218,1,0,0.0,10,,0.0,0.0,0.0,0.0,0.0,0.0,,0.0,0.0,0.0,0.01791989227933218,0.0,0.0,0.0,0,0.0,0.0
2021-07-05,4.2820000648498535,0.0,34.195682525634766,0.0,0.0,0.0,0.01495873869971693,0.01791989227933218,1,0,0.0,10,,0.0,0.0,0.0,0.0,0.0,0.0,,0.0,0.0,0.0,0.01791989227933218,0.0,0.0,0.0,0,0.0,0.0
2021-07-06,4.257999897003174,-0.005604896656516312,33.295074462890625,-0.026336893906679593,0.02073199725016328,0.02073199725016328,0.01497149509560728,0.01812336390819612,1,1,1.0,10,36.742718773563766,-368.0,10.0,1566.943962097168,-332.95074462890625,0.0,0.0,Opened,1566.943962097168,-332.95074462890625,0.0,0.01812336390819612,1899.8947067260742,0.0,0.0,0,0.0,1899.8947067260742
2021-07-07,4.328999996185303,0.016674518764572932,34.00270080566406,0.021253183967560485,-0.004578665202987553,0.004578665202987553,0.015028181291778558,0.01823349453785807,0,0,-1.0,10,10.011439363705612,368.0,-10.0,-1593.0719985961914,340.0270080566406,-26.128036499023438,7.076263427734375,Closed,-1593.0719985961914,340.0270080566406,-19.051773071289062,0.01823349453785807,1933.099006652832,-19.051773071289062,-0.0098555599096175,0,-19.051773071289062,0.0
2021-07-08,4.271500110626221,-0.013282486858339215,33.24912643432617,-0.022162191634270467,0.008879704775931252,0.008879704775931252,0.015012607022826027,0.018362512294183456,1,0,0.0,10,12.987726317961096,0.0,0.0,0.0,0.0,0.0,0.0,,0.0,0.0,0.0,0.018362512294183456,0.0,0.0,0.0,0,0.0,0.0
2021-07-09,4.352499961853027,0.01896285827672184,34.55409622192383,0.039248242812491396,-0.020285384535769557,0.020285384535769557,0.015116478397583332,0.018760134477320407,0,1,1.0,10,16.431498848249028,165.0,-10.0,-718.1624937057495,345.5409622192383,0.0,0.0,Opened,-718.1624937057495,345.5409622192383,0.0,0.018760134477320407,1063.7034559249878,0.0,0.0,0,0.0,1063.7034559249878
2021-07-10,4.352499961853027,0.0,34.55409622192383,0.0,0.0,0.0,0.015116552469305102,0.01861419857294272,1,0,-1.0,10,,-165.0,10.0,718.1624937057495,-345.5409622192383,0.0,0.0,Closed,718.1624937057495,-345.5409622192383,0.0,0.01861419857294272,1063.7034559249878,0.0,0.0,0,0.0,0.0
2021-07-11,4.352499961853027,0.0,34.55409622192383,0.0,0.0,0.0,0.015116552469305102,0.01861419857294272,1,0,0.0,10,,0.0,0.0,0.0,0.0,0.0,0.0,,0.0,0.0,0.0,0.01861419857294272,0.0,0.0,0.0,0,0.0,0.0
2021-07-12,4.322999954223633,-0.006777715769774595,34.55409622192383,0.0,-0.006777715769774595,0.006777715769774595,0.015136032137000594,0.01861419857294272,0,0,0.0,10,0.0,0.0,0.0,0.0,0.0,0.0,0.0,,0.0,0.0,0.0,0.01861419857294272,0.0,0.0,0.0,0,0.0,0.0
2021-07-13,4.314499855041504,-0.00196625012078111,34.048648834228516,-0.014627712571299023,0.012661462450517913,0.012661462450517913,0.015138465347716084,0.01867583416562556,1,0,0.0,10,58.7093239354864,0.0,0.0,0.0,0.0,0.0,0.0,,0.0,0.0,0.0,0.01867583416562556,0.0,0.0,0.0,0,0.0,0.0
2021-07-14,4.2769999504089355,-0.008691599465173172,33.56158447265625,-0.014304954183163576,0.005613354717990404,0.005613354717990404,0.01473680500046513,0.018513921160952695,1,0,0.0,10,12.91486817192123,0.0,0.0,0.0,0.0,0.0,0.0,,0.0,0.0,0.0,0.018513921160952695,0.0,0.0,0.0,0,0.0,0.0
2021-07-15,4.333000183105469,0.013093344247333771,33.717811584472656,0.004654938503981798,0.008438405743351973,0.008438405743351973,0.014779025480519261,0.018506621069310784,1,0,0.0,10,2.7665213977159344,0.0,0.0,0.0,0.0,0.0,0.0,,0.0,0.0,0.0,0.018506621069310784,0.0,0.0,0.0,0,0.0,0.0
2021-07-16,4.332499980926514,-0.00011544014719999662,32.3485107421875,-0.040610608397720904,0.04049516825052091,0.04049516825052091,0.01469348983171332,0.01891940121173657,1,1,1.0,10,2626.626647513227,-26267.0,10.0,113801.77699899673,-323.485107421875,0.0,0.0,Opened,113801.77699899673,-323.485107421875,0.0,0.01891940121173657,114125.26210641861,0.0,0.0,0,0.0,114125.26210641861
2021-07-17,4.332499980926514,0.0,32.3485107421875,0.0,0.0,0.0,0.014665656895031012,0.018857883780997658,1,1,0.0,10,,26267.0,-10.0,-113801.77699899673,323.485107421875,0.0,0.0,Live,0.0,0.0,0.0,0.018857883780997658,114125.26210641861,0.0,0.0,0,0.0,0.0
2021-07-18,4.332499980926514,0.0,32.3485107421875,0.0,0.0,0.0,0.014601717515869386,0.01883199597635887,1,1,0.0,10,,26267.0,-10.0,-113801.77699899673,323.485107421875,0.0,0.0,Live,0.0,0.0,0.0,0.01883199597635887,114125.26210641861,0.0,0.0,0,0.0,0.0
2021-07-19,4.2104997634887695,-0.028159311707983914,30.979217529296875,-0.042329405016622745,0.014170093308638831,0.014170093308638831,0.01488564932137337,0.019292823757582844,1,1,0.0,10,11.06004580810164,26267.0,-10.0,-110597.19728755951,309.79217529296875,3204.5797114372253,-13.69293212890625,Live,0.0,0.0,0.0,0.019292823757582844,110906.98946285248,3190.886779308319,0.028770835767542715,0,0.0,0.0
2021-07-20,4.273499965667725,0.014962642374489521,31.328432083129883,0.011272542745883074,0.003690099628606447,0.003690099628606447,0.01495563859130017,0.019330624315514775,1,1,0.0,10,5.522917426654945,26267.0,-10.0,-112252.02359819412,313.2843208312988,1549.7534008026123,-10.200786590576172,Live,0.0,0.0,0.0,0.019330624315514775,112565.30791902542,1539.5526142120361,0.013676972440918683,0,0.0,0.0
2021-07-21,4.28249979019165,0.002105961061478423,32.63339614868164,0.04165430501242584,-0.03954834395094742,0.03954834395094742,0.014945179221506785,0.01943249398002135,0,0,-1.0,10,150.7212469715909,26267.0,-10.0,-112488.42198896408,326.3339614868164,1313.3550100326538,2.8488540649414062,Closed,-112488.42198896408,326.3339614868164,1316.2038640975952,0.01943249398002135,112814.7559504509,1316.2038640975952,0.011666947758816958,0,1316.2038640975952,0.0
2021-07-22,4.3480000495910645,0.015294865757946141,32.84477233886719,0.006477296730701632,0.00881756902724451,0.00881756902724451,0.015014205896077317,0.019342585530816553,1,0,0.0,10,3.1990780717169014,0.0,0.0,0.0,0.0,0.0,0.0,,0.0,0.0,0.0,0.019342585530816553,0.0,0.0,0.0,0,0.0,0.0
2021-07-23,4.406499862670898,0.013454418678154223,33.148033142089844,0.009233152846786163,0.0042212658313680596,0.0042212658313680596,0.014886502860023632,0.01890454102203638,1,0,0.0,10,5.162369549564852,0.0,0.0,0.0,0.0,0.0,0.0,,0.0,0.0,0.0,0.01890454102203638,0.0,0.0,0.0,0,0.0,0.0
2021-07-24,4.406499862670898,0.0,33.148033142089844,0.0,0.0,0.0,0.01473284838159776,0.018495161727822344,1,0,0.0,10,,0.0,0.0,0.0,0.0,0.0,0.0,,0.0,0.0,0.0,0.018495161727822344,0.0,0.0,0.0,0,0.0,0.0
2021-07-25,4.406499862670898,0.0,33.148033142089844,0.0,0.0,0.0,0.014679198221734758,0.018495253024234687,1,0,0.0,10,,0.0,0.0,0.0,0.0,0.0,0.0,,0.0,0.0,0.0,0.018495253024234687,0.0,0.0,0.0,0,0.0,0.0
2021-07-26,4.589000225067139,0.04141617339927062,34.06703186035156,0.02772407986689318,0.013692093532377436,0.013692093532377436,0.015234863184793838,0.018713190228124427,1,0,0.0,10,4.969393512745308,0.0,0.0,0.0,0.0,0.0,0.0,,0.0,0.0,0.0,0.018713190228124427,0.0,0.0,0.0,0,0.0,0.0
2021-07-27,4.546000003814697,-0.009370280920352858,33.99351119995117,-0.0021581175812958042,-0.007212163339057054,0.007212163339057054,0.015270152901274385,0.0187138781135642,0,0,0.0,10,1.7222218113731147,0.0,0.0,0.0,0.0,0.0,0.0,,0.0,0.0,0.0,0.0187138781135642,0.0,0.0,0.0,0,0.0,0.0
2021-07-28,4.479000091552734,-0.014738212099811077,34.34272766113281,0.010273032965836704,-0.02501124506564778,0.02501124506564778,0.015265847777706468,0.01873900031430049,0,1,1.0,10,5.3445063094238,54.0,-10.0,-241.86600494384766,343.4272766113281,0.0,0.0,Opened,-241.86600494384766,343.4272766113281,0.0,0.01873900031430049,585.2932815551758,0.0,0.0,0,0.0,585.2932815551758
2021-07-29,4.519999980926514,0.00915380409370914,35.344425201416016,0.029167675618755995,-0.020013871525046856,0.020013871525046856,0.01527394662375002,0.018721604152303006,0,1,0.0,10,24.916251051525677,-54.0,10.0,244.07999897003174,-353.44425201416016,2.213994026184082,-10.016975402832031,Live,0.0,0.0,0.0,0.018721604152303006,597.5242509841919,-7.802981376647949,-0.013058853031982438,0,0.0,0.0
2021-07-30,4.480500221252441,-0.008738884920520662,34.78384017944336,-0.015860634846317945,0.007121749925797283,0.007121749925797283,0.015237268516305746,0.01871815015925741,1,0,-1.0,10,14.090148496987318,-54.0,10.0,241.94701194763184,-347.8384017944336,0.08100700378417969,-4.411125183105469,Closed,241.94701194763184,-347.8384017944336,-4.330118179321289,0.01871815015925741,589.7854137420654,-4.330118179321289,-0.007341853627487314,0,-4.330118179321289,0.0
2021-07-31,4.480500221252441,0.0,34.78384017944336,0.0,0.0,0.0,0.015236095350450824,0.0186381123425132,1,0,0.0,10,,0.0,0.0,0.0,0.0,0.0,0.0,,0.0,0.0,0.0,0.0186381123425132,0.0,0.0,0.0,0,0.0,0.0
2021-08-01,4.480500221252441,0.0,34.78384017944336,0.0,0.0,0.0,0.015170107146788313,0.01848080188909417,1,0,0.0,10,,0.0,0.0,0.0,0.0,0.0,0.0,,0.0,0.0,0.0,0.01848080188909417,0.0,0.0,0.0,0,0.0,0.0
2021-08-02,4.432000160217285,-0.010824697832868102,34.84817123413086,0.001849452342111313,-0.012674150174979415,0.012674150174979415,0.015211735941743128,0.018481871131747835,0,0,0.0,10,1.343406939126509,0.0,0.0,0.0,0.0,0.0,0.0,,0.0,0.0,0.0,0.018481871131747835,0.0,0.0,0.0,0,0.0,0.0
2021-08-03,4.382999897003174,-0.011056015668489683,34.774658203125,-0.0021095233523720225,-0.00894649231611766,0.00894649231611766,0.015254182844355351,0.018482932249516564,0,0,0.0,10,1.5138299788684706,0.0,0.0,0.0,0.0,0.0,0.0,,0.0,0.0,0.0,0.018482932249516564,0.0,0.0,0.0,0,0.0,0.0
2021-08-04,4.329999923706055,-0.012092168501613987,34.25082778930664,-0.015063567577244696,0.0029713990756307096,0.0029713990756307096,0.015108980860832897,0.01818839797865646,1,0,0.0,10,9.853870109182273,0.0,0.0,0.0,0.0,0.0,0.0,,0.0,0.0,0.0,0.01818839797865646,0.0,0.0,0.0,0,0.0,0.0
2021-08-05,4.3454999923706055,0.0035796925953024417,34.186492919921875,-0.0018783449492234539,0.0054580375445258955,0.0054580375445258955,0.013541967085163111,0.01818790378279622,1,0,0.0,10,4.128044922530877,0.0,0.0,0.0,0.0,0.0,0.0,,0.0,0.0,0.0,0.01818790378279622,0.0,0.0,0.0,0,0.0,0.0
2021-08-06,4.3454999923706055,0.0,34.21406173706055,0.0008064242565988256,-0.0008064242565988256,0.0008064242565988256,0.012838518914302361,0.018184348755637753,0,0,0.0,10,inf,0.0,0.0,0.0,0.0,0.0,0.0,,0.0,0.0,0.0,0.018184348755637753,0.0,0.0,0.0,0,0.0,0.0
2021-08-07,4.3454999923706055,0.0,34.21406173706055,0.0,0.0,0.0,0.01280376755431397,0.018184155643570534,1,0,0.0,10,,0.0,0.0,0.0,0.0,0.0,0.0,,0.0,0.0,0.0,0.018184155643570534,0.0,0.0,0.0,0,0.0,0.0
2021-08-08,4.3454999923706055,0.0,34.21406173706055,0.0,0.0,0.0,0.012800519126942708,0.017982947599042752,1,0,0.0,10,,0.0,0.0,0.0,0.0,0.0,0.0,,0.0,0.0,0.0,0.017982947599042752,0.0,0.0,0.0,0,0.0,0.0
2021-08-09,4.2870001792907715,-0.01346215928720329,33.87404251098633,-0.009937996508199154,-0.0035241627790041363,0.0035241627790041363,0.012868778426814399,0.018008283874490598,0,0,0.0,10,5.833076087185334,0.0,0.0,0.0,0.0,0.0,0.0,,0.0,0.0,0.0,0.018008283874490598,0.0,0.0,0.0,0,0.0,0.0
2021-08-10,4.351500034332275,0.01504545191135831,34.46220016479492,0.017363078339936555,-0.0023176264285782455,0.0023176264285782455,0.01296060312353718,0.01809641581415016,0,0,0.0,10,9.13956439500878,0.0,0.0,0.0,0.0,0.0,0.0,,0.0,0.0,0.0,0.01809641581415016,0.0,0.0,0.0,0,0.0,0.0
2021-08-11,4.363999843597412,0.00287252882144462,35.10548782348633,0.018666470962830806,-0.015793942141386186,0.015793942141386186,0.012881681428732812,0.01814211079141824,0,0,0.0,10,52.27428606765468,0.0,0.0,0.0,0.0,0.0,0.0,,0.0,0.0,0.0,0.01814211079141824,0.0,0.0,0.0,0,0.0,0.0
2021-08-12,4.355999946594238,-0.0018331570325124114,34.78384017944336,-0.00916231803016787,0.0073291609976554595,0.0073291609976554595,0.012881994474705154,0.018115780038789334,1,0,0.0,10,39.911252246643606,0.0,0.0,0.0,0.0,0.0,0.0,,0.0,0.0,0.0,0.018115780038789334,0.0,0.0,0.0,0,0.0,0.0
2021-08-13,4.38700008392334,0.007116652366660148,35.261714935302734,0.013738412820266666,-0.006621760453606518,0.006621760453606518,0.012903130371034046,0.017753852453581992,0,0,0.0,10,15.516601178536279,0.0,0.0,0.0,0.0,0.0,0.0,,0.0,0.0,0.0,0.017753852453581992,0.0,0.0,0.0,0,0.0,0.0
2021-08-14,4.38700008392334,0.0,35.261714935302734,0.0,0.0,0.0,0.012776142502961461,0.017654917824450906,1,0,0.0,10,,0.0,0.0,0.0,0.0,0.0,0.0,,0.0,0.0,0.0,0.017654917824450906,0.0,0.0,0.0,0,0.0,0.0
2021-08-15,4.38700008392334,0.0,35.261714935302734,0.0,0.0,0.0,0.012353858340967156,0.017263071480515875,1,0,0.0,10,,0.0,0.0,0.0,0.0,0.0,0.0,,0.0,0.0,0.0,0.017263071480515875,0.0,0.0,0.0,0,0.0,0.0
2021-08-16,4.322000026702881,-0.014816516064966367,34.269203186035156,-0.028147007344611952,0.013330491279645584,0.013330491279645584,0.012433339370968691,0.017470685037389716,1,0,0.0,10,15.062788269642231,0.0,0.0,0.0,0.0,0.0,0.0,,0.0,0.0,0.0,0.017470685037389716,0.0,0.0,0.0,0,0.0,0.0
2021-08-17,4.199999809265137,-0.028227722509019615,32.752872467041016,-0.044247621129751,0.016019898620731388,0.016019898620731388,0.012729590630782174,0.017984257273143053,1,0,0.0,10,12.224024476578606,0.0,0.0,0.0,0.0,0.0,0.0,,0.0,0.0,0.0,0.017984257273143053,0.0,0.0,0.0,0,0.0,0.0
2021-08-18,4.116000175476074,-0.019999913715176953,32.10956954956055,-0.019641114474091448,-0.00035879924108550565,0.00035879924108550565,0.012856152710978081,0.017986500382130545,0,0,0.0,10,7.66120535974214,0.0,0.0,0.0,0.0,0.0,0.0,,0.0,0.0,0.0,0.017986500382130545,0.0,0.0,0.0,0,0.0,0.0
2021-08-19,4.03849983215332,-0.018829042764506143,30.538103103637695,-0.048940750933995636,0.030111708169489493,0.030111708169489493,0.012927308110263706,0.018578749365553503,1,1,1.0,10,19.654607472672296,-197.0,10.0,795.5844669342041,-305.38103103637695,0.0,0.0,Opened,795.5844669342041,-305.38103103637695,0.0,0.018578749365553503,1100.965497970581,0.0,0.0,0,0.0,1100.965497970581
2021-08-20,4.134500026702881,0.023771251340717114,30.528911590576172,-0.00030098506872966446,0.02407223640944678,0.02407223640944678,0.01316741650332863,0.018182255118298015,1,1,0.0,10,0.09349345943377452,197.0,-10.0,-814.4965052604675,305.2891159057617,-18.912038326263428,-0.09191513061523438,Live,0.0,0.0,0.0,0.018182255118298015,1119.7856211662292,-19.003953456878662,-0.016971064012312027,0,0.0,0.0
2021-08-21,4.134500026702881,0.0,30.528911590576172,0.0,0.0,0.0,0.013139404598784675,0.017977661066959298,1,1,0.0,10,,197.0,-10.0,-814.4965052604675,305.2891159057617,-18.912038326263428,-0.09191513061523438,Live,0.0,0.0,0.0,0.017977661066959298,1119.7856211662292,-19.003953456878662,-0.016971064012312027,0,0.0,0.0
2021-08-22,4.134500026702881,0.0,30.528911590576172,0.0,0.0,0.0,0.013117371630064347,0.017973800152132093,1,1,0.0,10,,197.0,-10.0,-814.4965052604675,305.2891159057617,-18.912038326263428,-0.09191513061523438,Live,0.0,0.0,0.0,0.017973800152132093,1119.7856211662292,-19.003953456878662,-0.016971064012312027,0,0.0,0.0
2021-08-23,4.234499931335449,0.024186698267435913,31.778738021850586,0.04093910873849227,-0.016752410471056356,0.016752410471056356,0.01335896764829602,0.01848198550088592,0,0,-1.0,10,12.7027079571959,197.0,-10.0,-834.1964864730835,317.78738021850586,-38.612019538879395,12.406349182128906,Closed,-834.1964864730835,317.78738021850586,-26.20567035675049,0.01848198550088592,1151.9838666915894,-26.20567035675049,-0.02274829632120734,1,-26.20567035675049,0.0
2021-08-24,4.255000114440918,0.004841228819905341,32.54150390625,0.024002396944615922,-0.01916116812471058,0.01916116812471058,0.013370944138330109,0.018659633827516897,0,1,1.0,10,37.91726882351387,380.0,-10.0,-1616.9000434875488,325.4150390625,0.0,0.0,Opened,-1616.9000434875488,325.4150390625,0.0,0.018659633827516897,1942.3150825500488,0.0,0.0,0,0.0,1942.3150825500488
2021-08-25,4.264999866485596,0.0023501179261404825,32.688541412353516,0.00451846068722328,-0.0021683427610827977,0.0021683427610827977,0.013308855179364233,0.018625727696111954,0,1,0.0,10,14.735924014032614,-380.0,10.0,1620.6999492645264,-326.88541412353516,3.799905776977539,-1.4703750610351562,Live,0.0,0.0,0.0,0.018625727696111954,1947.5853633880615,2.329530715942383,0.001196112252502186,0,0.0,0.0
2021-08-26,4.245999813079834,-0.004454877843036775,32.3485107421875,-0.01040213651250621,0.005947258669469435,0.005947258669469435,0.013307613764053402,0.018611797861125687,1,0,-1.0,10,17.789390556195297,-380.0,10.0,1613.479928970337,-323.485107421875,-3.420114517211914,1.929931640625,Closed,1613.479928970337,-323.485107421875,-1.490182876586914,0.018611797861125687,1936.965036392212,-1.490182876586914,-0.0007693390683822184,0,-1.490182876586914,0.0
2021-08-27,4.316500186920166,0.016603951235031778,33.69942855834961,0.041761360420228044,-0.025157409185196267,0.025157409185196267,0.013077046908696644,0.01844748627498968,0,1,1.0,10,19.636042398237272,197.0,-10.0,-850.3505368232727,336.9942855834961,0.0,0.0,Opened,-850.3505368232727,336.9942855834961,0.0,0.01844748627498968,1187.3448224067688,0.0,0.0,0,0.0,1187.3448224067688
2021-08-28,4.316500186920166,0.0,33.69942855834961,0.0,0.0,0.0,0.013076671715104307,0.018442458324301365,1,0,-1.0,10,,-197.0,10.0,850.3505368232727,-336.9942855834961,0.0,0.0,Closed,850.3505368232727,-336.9942855834961,0.0,0.018442458324301365,1187.3448224067688,0.0,0.0,0,0.0,0.0
2021-08-29,4.316500186920166,0.0,33.69942855834961,0.0,0.0,0.0,0.012946019182828455,0.01840547063333068,1,0,0.0,10,,0.0,0.0,0.0,0.0,0.0,0.0,,0.0,0.0,0.0,0.01840547063333068,0.0,0.0,0.0,0,0.0,0.0
2021-08-30,4.361000061035156,0.010309248740410837,33.95675277709961,0.007635862973297991,0.002673385767112846,0.002673385767112846,0.01298959968811307,0.018424033729363767,1,0,0.0,10,5.76728174163399,0.0,0.0,0.0,0.0,0.0,0.0,,0.0,0.0,0.0,0.018424033729363767,0.0,0.0,0.0,0,0.0,0.0
2021-08-31,4.360000133514404,-0.00022928858215021108,33.929176330566406,-0.0008121049357758814,0.0005828163536256703,0.0005828163536256703,0.012989580534758407,0.01842395633258198,1,0,0.0,10,27.562368542969764,0.0,0.0,0.0,0.0,0.0,0.0,,0.0,0.0,0.0,0.01842395633258198,0.0,0.0,0.0,0,0.0,0.0
2021-09-01,4.263000011444092,-0.02224773373851363,33.708621978759766,-0.006500433422191421,-0.01574730031632221,0.01574730031632221,0.01313173664078843,0.01843344905329676,0,0,0.0,10,2.3103735358097754,0.0,0.0,0.0,0.0,0.0,0.0,,0.0,0.0,0.0,0.01843344905329676,0.0,0.0,0.0,0,0.0,0.0
2021-09-02,4.289999961853027,0.006333556260017303,34.112979888916016,0.011995682007144737,-0.005662125747127433,0.005662125747127433,0.013144104225231698,0.018418631242482903,0,0,0.0,10,15.060510103091199,0.0,0.0,0.0,0.0,0.0,0.0,,0.0,0.0,0.0,0.018418631242482903,0.0,0.0,0.0,0,0.0,0.0
2021-09-03,4.325500011444092,0.00827506990832938,34.673561096191406,0.01643307647414094,-0.00815800656581156,0.00815800656581156,0.013169963791236706,0.01844352855036749,0,0,0.0,10,15.918763657695466,0.0,0.0,0.0,0.0,0.0,0.0,,0.0,0.0,0.0,0.01844352855036749,0.0,0.0,0.0,0,0.0,0.0
2021-09-04,4.325500011444092,0.0,34.673561096191406,0.0,0.0,0.0,0.012820759984366475,0.01805165325126452,1,0,0.0,10,,0.0,0.0,0.0,0.0,0.0,0.0,,0.0,0.0,0.0,0.01805165325126452,0.0,0.0,0.0,0,0.0,0.0
2021-09-05,4.325500011444092,0.0,34.673561096191406,0.0,0.0,0.0,0.012814253127253941,0.018050120628655835,1,0,0.0,10,,0.0,0.0,0.0,0.0,0.0,0.0,,0.0,0.0,0.0,0.018050120628655835,0.0,0.0,0.0,0,0.0,0.0
2021-09-06,4.325500011444092,0.0,34.673561096191406,0.0,0.0,0.0,0.012814253127253941,0.018050120628655835,1,0,0.0,10,,0.0,0.0,0.0,0.0,0.0,0.0,,0.0,0.0,0.0,0.018050120628655835,0.0,0.0,0.0,0,0.0,0.0
2021-09-07,4.277500152587891,-0.011096950347753265,34.35192108154297,-0.009276232509148552,-0.001820717838604713,0.001820717838604713,0.01285601480311959,0.018070395785302902,0,0,0.0,10,6.713190611619195,0.0,0.0,0.0,0.0,0.0,0.0,,0.0,0.0,0.0,0.018070395785302902,0.0,0.0,0.0,0,0.0,0.0
2021-09-08,4.23199987411499,-0.010637119076517765,33.24912643432617,-0.032102852256764236,0.02146573318024647,0.02146573318024647,0.012893097701011557,0.01833961632913825,1,1,1.0,10,23.711235963187935,-238.0,10.0,1007.2159700393677,-332.4912643432617,0.0,0.0,Opened,1007.2159700393677,-332.4912643432617,0.0,0.01833961632913825,1339.7072343826294,0.0,0.0,0,0.0,1339.7072343826294
2021-09-09,4.2835001945495605,0.01216926322459777,33.56158447265625,0.009397481132241037,0.002771782092356734,0.002771782092356734,0.012954416518497573,0.01828217564454124,1,1,0.0,10,6.050494108991674,238.0,-10.0,-1019.4730463027954,335.6158447265625,-12.257076263427734,3.1245803833007812,Live,0.0,0.0,0.0,0.01828217564454124,1355.088891029358,-9.132495880126953,-0.006739407237845254,0,0.0,0.0
2021-09-10,4.447999954223633,0.03840311712449229,34.195682525634766,0.018893567241890397,0.019509549882601895,0.019509549882601895,0.013470491274134529,0.018357192850048453,1,1,0.0,10,3.782282724175982,238.0,-10.0,-1058.6239891052246,341.95682525634766,-51.408019065856934,9.465560913085938,Live,0.0,0.0,0.0,0.018357192850048453,1400.5808143615723,-41.942458152770996,-0.029946474864350942,1,-41.942458152770996,0.0
2021-09-11,4.447999954223633,0.0,34.195682525634766,0.0,0.0,0.0,0.013176938288888707,0.018169358095766263,1,1,0.0,10,,238.0,-10.0,-1058.6239891052246,341.95682525634766,-51.408019065856934,9.465560913085938,Live,0.0,0.0,0.0,0.018169358095766263,1400.5808143615723,-41.942458152770996,-0.029946474864350942,1,0.0,0.0
2021-09-12,4.447999954223633,0.0,34.195682525634766,0.0,0.0,0.0,0.013092710371775633,0.018078753566493414,1,1,0.0,10,,238.0,-10.0,-1058.6239891052246,341.95682525634766,-51.408019065856934,9.465560913085938,Live,0.0,0.0,0.0,0.018078753566493414,1400.5808143615723,-41.942458152770996,-0.029946474864350942,1,0.0,0.0
2021-09-13,4.363500118255615,-0.01899726547608893,34.53571701049805,0.009943784119775145,-0.028941049595864077,0.028941049595864077,0.013228160906980114,0.01811032838485789,0,0,-1.0,10,4.1428010754699915,238.0,-10.0,-1038.5130281448364,345.35717010498047,-31.29705810546875,12.86590576171875,Closed,-1038.5130281448364,345.35717010498047,-18.43115234375,0.01811032838485789,1383.870198249817,-18.43115234375,-0.013318555719358586,0,0.0,0.0
2021-09-14,4.317999839782715,-0.010427472725975329,34.085411071777344,-0.013038847248598384,0.0026113745226230556,0.0026113745226230556,0.013266782230739913,0.018152369893144102,1,0,0.0,10,9.870656736262648,0.0,0.0,0.0,0.0,0.0,0.0,,0.0,0.0,0.0,0.018152369893144102,0.0,0.0,0.0,0,0.0,0.0
2021-09-15,4.403500080108643,0.019800890110785785,34.793033599853516,0.02076027560841376,-0.0009593854976279736,0.0009593854976279736,0.013419793163929347,0.018146223812893037,0,0,0.0,10,8.284049573297832,0.0,0.0,0.0,0.0,0.0,0.0,,0.0,0.0,0.0,0.018146223812893037,0.0,0.0,0.0,0,0.0,0.0
2021-09-16,4.278500080108643,-0.02838651021369254,33.3502197265625,-0.041468470093308896,0.013081959879616356,0.013081959879616356,0.013696038115782568,0.018603127902604797,1,0,0.0,10,11.387100766914266,0.0,0.0,0.0,0.0,0.0,0.0,,0.0,0.0,0.0,0.018603127902604797,0.0,0.0,0.0,0,0.0,0.0
2021-09-17,4.245500087738037,-0.007712981594654389,32.28418731689453,-0.03196477919510987,0.024251797600455482,0.024251797600455482,0.013704748215128008,0.018859665641489234,1,1,1.0,10,31.51449977674812,-316.0,10.0,1341.5780277252197,-322.8418731689453,0.0,0.0,Opened,1341.5780277252197,-322.8418731689453,0.0,0.018859665641489234,1664.419900894165,0.0,0.0,0,0.0,1664.419900894165
2021-09-18,4.245500087738037,0.0,32.28418731689453,0.0,0.0,0.0,0.01366989937470683,0.01885966046399545,1,1,0.0,10,,316.0,-10.0,-1341.5780277252197,322.8418731689453,0.0,0.0,Live,0.0,0.0,0.0,0.01885966046399545,1664.419900894165,0.0,0.0,0,0.0,0.0
2021-09-19,4.245500087738037,0.0,32.28418731689453,0.0,0.0,0.0,0.013616745372164386,0.0188297166445878,1,1,0.0,10,,316.0,-10.0,-1341.5780277252197,322.8418731689453,0.0,0.0,Live,0.0,0.0,0.0,0.0188297166445878,1664.419900894165,0.0,0.0,0,0.0,0.0
2021-09-20,4.117000102996826,-0.030267337671797012,30.740278244018555,-0.04782245430932808,0.017555116637531065,0.017555116637531065,0.013936326627882096,0.019400449229014197,1,1,0.0,10,11.797352477091563,316.0,-10.0,-1300.972032546997,307.40278244018555,40.605995178222656,-15.439090728759766,Live,0.0,0.0,0.0,0.019400449229014197,1608.3748149871826,25.16690444946289,0.01564741266460545,0,0.0,0.0
2021-09-21,4.127999782562256,0.002671770534429463,30.77703857421875,0.0011958359618085002,0.0014759345726209627,0.0014759345726209627,0.013940599568096923,0.019401792607899537,1,1,0.0,10,3.337026202673166,316.0,-10.0,-1304.4479312896729,307.7703857421875,37.130096435546875,-15.071487426757812,Live,0.0,0.0,0.0,0.019401792607899537,1612.2183170318604,22.058609008789062,0.013682147619684403,0,0.0,0.0
2021-09-22,4.252500057220459,0.030159951844989097,31.5398006439209,0.024783478366924516,0.005376473478064581,0.005376473478064581,0.014280684400715641,0.019542552951254313,1,1,0.0,10,6.0946143748177715,316.0,-10.0,-1343.790018081665,315.398006439209,-2.2119903564453125,-7.443866729736328,Live,0.0,0.0,0.0,0.019542552951254313,1659.188024520874,-9.65585708618164,-0.0058196280008529925,0,0.0,0.0
2021-09-23,4.230999946594238,-0.005055875446659863,32.072818756103516,0.016899856730240748,-0.02195573217690061,0.02195573217690061,0.01365024981728886,0.019126635170963958,0,0,-1.0,10,25.338492119868498,316.0,-10.0,-1336.9959831237793,320.72818756103516,4.58204460144043,-2.1136856079101562,Closed,-1336.9959831237793,320.72818756103516,2.4683589935302734,0.019126635170963958,1657.7241706848145,2.4683589935302734,0.0014890046469616123,0,2.4683589935302734,0.0
2021-09-24,4.287499904632568,0.013353807315410249,31.7327880859375,-0.010601833058446308,0.023955640373856557,0.023955640373856557,0.013662226823639516,0.018947740925977143,1,1,1.0,10,5.8759753332641695,-59.0,10.0,252.96249437332153,-317.327880859375,0.0,0.0,Opened,252.96249437332153,-317.327880859375,0.0,0.018947740925977143,570.2903752326965,0.0,0.0,0,0.0,570.2903752326965
2021-09-25,4.287499904632568,0.0,31.7327880859375,0.0,0.0,0.0,0.012803241237061424,0.018312999262904438,1,1,0.0,10,,59.0,-10.0,-252.96249437332153,317.327880859375,0.0,0.0,Live,0.0,0.0,0.0,0.018312999262904438,570.2903752326965,0.0,0.0,0,0.0,0.0
2021-09-26,4.287499904632568,0.0,31.7327880859375,0.0,0.0,0.0,0.012790877954654936,0.018300520542345683,1,1,0.0,10,,59.0,-10.0,-252.96249437332153,317.327880859375,0.0,0.0,Live,0.0,0.0,0.0,0.018300520542345683,570.2903752326965,0.0,0.0,0,0.0,0.0
2021-09-27,4.293499946594238,0.0013994267277270822,31.916587829589844,0.005792108249504713,-0.0043926815217776305,0.0043926815217776305,0.012791227231604054,0.01830914271033468,0,0,-1.0,10,30.767449675829656,59.0,-10.0,-253.31649684906006,319.16587829589844,-0.3540024757385254,1.8379974365234375,Closed,-253.31649684906006,319.16587829589844,1.483994960784912,0.01830914271033468,572.4823751449585,1.483994960784912,0.002592210739080219,0,1.483994960784912,0.0
2021-09-28,4.244999885559082,-0.01129615969219433,31.392763137817383,-0.016412302423093772,0.005116142730899442,0.005116142730899442,0.012844480378715203,0.01838460603087406,1,0,0.0,10,10.744607318108248,0.0,0.0,0.0,0.0,0.0,0.0,,0.0,0.0,0.0,0.01838460603087406,0.0,0.0,0.0,0,0.0,0.0
2021-09-29,4.199999809265137,-0.010600724972226638,30.79541778564453,-0.01902812280494215,0.00842739783271551,0.00842739783271551,0.012876984130303073,0.018100773686751066,1,0,0.0,10,13.161252102165989,0.0,0.0,0.0,0.0,0.0,0.0,,0.0,0.0,0.0,0.018100773686751066,0.0,0.0,0.0,0,0.0,0.0
2021-09-30,4.090000152587891,-0.026190395636349395,31.429527282714844,0.02059103407799534,-0.046781429714344736,0.046781429714344736,0.013092588561744629,0.018166709716189212,0,1,1.0,10,6.041581288035086,61.0,-10.0,-249.49000930786133,314.29527282714844,0.0,0.0,Opened,-249.49000930786133,314.29527282714844,0.0,0.018166709716189212,563.7852821350098,0.0,0.0,0,0.0,563.7852821350098
2021-10-01,4.19350004196167,0.025305595479817145,31.778738021850586,0.011110912868479428,0.014194682611337717,0.014194682611337717,0.01313967902565269,0.018096248132069934,1,0,-1.0,10,3.3273093128535405,-61.0,10.0,255.80350255966187,-317.78738021850586,6.313493251800537,-3.492107391357422,Closed,255.80350255966187,-317.78738021850586,2.8213858604431152,0.018096248132069934,573.5908827781677,2.8213858604431152,0.004918812249556391,0,2.8213858604431152,0.0
2021-10-02,4.19350004196167,0.0,31.778738021850586,0.0,0.0,0.0,0.013132629004433127,0.018087415798092765,1,0,0.0,10,,0.0,0.0,0.0,0.0,0.0,0.0,,0.0,0.0,0.0,0.018087415798092765,0.0,0.0,0.0,0,0.0,0.0
2021-10-03,4.19350004196167,0.0,31.778738021850586,0.0,0.0,0.0,0.013129792549982915,0.018051657419644238,1,0,0.0,10,,0.0,0.0,0.0,0.0,0.0,0.0,,0.0,0.0,0.0,0.018051657419644238,0.0,0.0,0.0,0,0.0,0.0
2021-10-04,4.246500015258789,0.01263860087439661,31.668458938598633,-0.00347021594048591,0.01610881681488252,0.01610881681488252,0.013192061916598495,0.018053694593475736,1,0,0.0,10,2.047638569763793,0.0,0.0,0.0,0.0,0.0,0.0,,0.0,0.0,0.0,0.018053694593475736,0.0,0.0,0.0,0,0.0,0.0
2021-10-05,4.202000141143799,-0.010479188497607539,31.962533950805664,0.009286053760216406,-0.019765242257823945,0.019765242257823945,0.013233321954468103,0.01808120931328154,0,1,1.0,10,6.7404467311643605,68.0,-10.0,-285.7360095977783,319.62533950805664,0.0,0.0,Opened,-285.7360095977783,319.62533950805664,0.0,0.01808120931328154,605.361349105835,0.0,0.0,0,0.0,605.361349105835
2021-10-06,4.1570000648498535,-0.010709203898716657,31.457090377807617,-0.01581362647204343,0.005104422573326772,0.005104422573326772,0.013267182610408679,0.01809924225475367,1,0,-1.0,10,11.174106535161368,-68.0,10.0,282.67600440979004,-314.5709037780762,-3.0600051879882812,5.054435729980469,Closed,282.67600440979004,-314.5709037780762,1.9944305419921875,0.01809924225475367,597.2469081878662,1.9944305419921875,0.0033393735733912447,0,1.9944305419921875,0.0
2021-10-07,4.250999927520752,0.022612427520925182,32.54150390625,0.034472785480738954,-0.011860357959813772,0.011860357959813772,0.01346184495089423,0.01842945277859761,0,0,0.0,10,11.670130470252833,0.0,0.0,0.0,0.0,0.0,0.0,,0.0,0.0,0.0,0.01842945277859761,0.0,0.0,0.0,0,0.0,0.0
2021-10-08,4.2829999923706055,0.007527655938709188,32.54150390625,0.0,0.007527655938709188,0.007527655938709188,0.013474798502905368,0.01841250445856628,1,0,0.0,10,0.0,0.0,0.0,0.0,0.0,0.0,0.0,,0.0,0.0,0.0,0.01841250445856628,0.0,0.0,0.0,0,0.0,0.0
2021-10-09,4.2829999923706055,0.0,32.54150390625,0.0,0.0,0.0,0.013413193230863915,0.01840748321529589,1,0,0.0,10,,0.0,0.0,0.0,0.0,0.0,0.0,,0.0,0.0,0.0,0.01840748321529589,0.0,0.0,0.0,0,0.0,0.0
2021-10-10,4.2829999923706055,0.0,32.54150390625,0.0,0.0,0.0,0.013380653076333075,0.018395855082320105,1,0,0.0,10,,0.0,0.0,0.0,0.0,0.0,0.0,,0.0,0.0,0.0,0.018395855082320105,0.0,0.0,0.0,0,0.0,0.0
2021-10-11,4.374499797821045,0.02136348485020534,33.33183670043945,0.02428691668542271,-0.0029234318352173716,0.0029234318352173716,0.013548679365231287,0.018559812994330287,0,0,0.0,10,8.662258316204767,0.0,0.0,0.0,0.0,0.0,0.0,,0.0,0.0,0.0,0.018559812994330287,0.0,0.0,0.0,0,0.0,0.0
2021-10-12,4.328999996185303,-0.010401143842412752,33.61672592163086,0.008547060390093897,-0.01894820423250665,0.01894820423250665,0.013590897712571399,0.018579875521501955,0,1,1.0,10,6.381216771306422,64.0,-10.0,-277.0559997558594,336.1672592163086,0.0,0.0,Opened,-277.0559997558594,336.1672592163086,0.0,0.018579875521501955,613.223258972168,0.0,0.0,0,0.0,613.223258972168
2021-10-13,4.520500183105469,0.04423658745412684,34.434627532958984,0.02433019840286832,0.019906389051258522,0.019906389051258522,0.01428643502861781,0.018738486915007867,1,0,-1.0,10,4.189603582213775,-64.0,10.0,289.31201171875,-344.34627532958984,12.256011962890625,-8.17901611328125,Closed,289.31201171875,-344.34627532958984,4.076995849609375,0.018738486915007867,633.6582870483398,4.076995849609375,0.006434060648998272,0,4.076995849609375,0.0
2021-10-14,4.631499767303467,0.024554712908283483,35.53741455078125,0.03202552479380638,-0.007470811885522899,0.007470811885522899,0.014470372478318928,0.018810965073168675,0,0,0.0,10,10.007499481128216,0.0,0.0,0.0,0.0,0.0,0.0,,0.0,0.0,0.0,0.018810965073168675,0.0,0.0,0.0,0,0.0,0.0
2021-10-15,4.734000205993652,0.02213115488287354,36.52992630004883,0.02792864258173111,-0.005797487698857573,0.005797487698857573,0.014540407517697328,0.018895833805336288,0,0,0.0,10,9.737921609096626,0.0,0.0,0.0,0.0,0.0,0.0,,0.0,0.0,0.0,0.018895833805336288,0.0,0.0,0.0,0,0.0,0.0
2021-10-16,4.734000205993652,0.0,36.52992630004883,0.0,0.0,0.0,0.014469123584795395,0.018752096868812063,1,0,0.0,10,,0.0,0.0,0.0,0.0,0.0,0.0,,0.0,0.0,0.0,0.018752096868812063,0.0,0.0,0.0,0,0.0,0.0
2021-10-17,4.734000205993652,0.0,36.52992630004883,0.0,0.0,0.0,0.014356898288967782,0.018352404913211533,1,0,0.0,10,,0.0,0.0,0.0,0.0,0.0,0.0,,0.0,0.0,0.0,0.018352404913211533,0.0,0.0,0.0,0,0.0,0.0
2021-10-18,4.730500221252441,-0.0007393292329771484,36.85157012939453,0.008804940549394846,-0.009544269782371995,0.009544269782371995,0.014357578663568979,0.018370010695843476,0,0,0.0,10,92.7763919415302,0.0,0.0,0.0,0.0,0.0,0.0,,0.0,0.0,0.0,0.018370010695843476,0.0,0.0,0.0,0,0.0,0.0
2021-10-19,4.714000225067139,-0.003488002412762592,36.7229118347168,-0.003491256796548603,3.2543837860110614e-06,3.2543837860110614e-06,0.014364107613887477,0.018374886118430352,1,0,0.0,10,7.7974487426439865,0.0,0.0,0.0,0.0,0.0,0.0,,0.0,0.0,0.0,0.018374886118430352,0.0,0.0,0.0,0,0.0,0.0
2021-10-20,4.75600004196167,0.008909591618429191,36.75967788696289,0.0010011747546483374,0.007908416863780854,0.007908416863780854,0.014365075229552902,0.018374731285033436,1,0,0.0,10,0.8685242308843536,0.0,0.0,0.0,0.0,0.0,0.0,,0.0,0.0,0.0,0.018374731285033436,0.0,0.0,0.0,0,0.0,0.0
2021-10-21,4.58650016784668,-0.035639165815708806,35.546607971191406,-0.03300001483967596,-0.0026391509760328447,0.0026391509760328447,0.01482398073658852,0.018620618235869885,0,0,0.0,10,7.1763457718861945,0.0,0.0,0.0,0.0,0.0,0.0,,0.0,0.0,0.0,0.018620618235869885,0.0,0.0,0.0,0,0.0,0.0
2021-10-22,4.526000022888184,-0.013190917419479864,35.15143966674805,-0.011116906140907212,-0.0020740112785726517,0.0020740112785726517,0.014859620024387697,0.018597550921494455,0,0,0.0,10,6.54541974747264,0.0,0.0,0.0,0.0,0.0,0.0,,0.0,0.0,0.0,0.018597550921494455,0.0,0.0,0.0,0,0.0,0.0
2021-10-23,4.526000022888184,0.0,35.15143966674805,0.0,0.0,0.0,0.01480668246612164,0.01859321275481307,1,0,0.0,10,,0.0,0.0,0.0,0.0,0.0,0.0,,0.0,0.0,0.0,0.01859321275481307,0.0,0.0,0.0,0,0.0,0.0
2021-10-24,4.526000022888184,0.0,35.15143966674805,0.0,0.0,0.0,0.014806635033531655,0.018121791588250453,1,0,0.0,10,,0.0,0.0,0.0,0.0,0.0,0.0,,0.0,0.0,0.0,0.018121791588250453,0.0,0.0,0.0,0,0.0,0.0
2021-10-25,4.551499843597412,0.005634074365946651,35.932586669921875,0.02222233315561084,-0.01658825878966419,0.01658825878966419,0.014815256307058785,0.0182453041538412,0,0,0.0,10,31.138739534230403,0.0,0.0,0.0,0.0,0.0,0.0,,0.0,0.0,0.0,0.0182453041538412,0.0,0.0,0.0,0,0.0,0.0
2021-10-26,4.486499786376953,-0.014281019324189237,35.50065612792969,-0.012020580259359481,-0.0022604390648297557,0.0022604390648297557,0.014889755865292575,0.01829293768417999,0,0,0.0,10,6.660317828878634,0.0,0.0,0.0,0.0,0.0,0.0,,0.0,0.0,0.0,0.01829293768417999,0.0,0.0,0.0,0,0.0,0.0
2021-10-27,4.38700008392334,-0.022177578778837637,34.25082778930664,-0.03520578138384778,0.013028202605010142,0.013028202605010142,0.014785274893020495,0.018135311309351546,1,0,0.0,10,12.393765841961626,0.0,0.0,0.0,0.0,0.0,0.0,,0.0,0.0,0.0,0.018135311309351546,0.0,0.0,0.0,0,0.0,0.0
2021-10-28,4.4375,0.011511263986915043,34.443817138671875,0.0056345893463483065,0.005876674640566737,0.005876674640566737,0.014755214634483782,0.018112329533670455,1,0,0.0,10,3.7993750369800883,0.0,0.0,0.0,0.0,0.0,0.0,,0.0,0.0,0.0,0.018112329533670455,0.0,0.0,0.0,0,0.0,0.0
2021-10-29,4.375500202178955,-0.01397178542446087,34.296775817871094,-0.004269019319455447,-0.009702766105005423,0.009702766105005423,0.014824792657617705,0.01765028798787701,0,0,0.0,10,2.3949794946048426,0.0,0.0,0.0,0.0,0.0,0.0,,0.0,0.0,0.0,0.01765028798787701,0.0,0.0,0.0,0,0.0,0.0
2021-10-30,4.375500202178955,0.0,34.296775817871094,0.0,0.0,0.0,0.014747466142312647,0.017640577931721694,1,0,0.0,10,,0.0,0.0,0.0,0.0,0.0,0.0,,0.0,0.0,0.0,0.017640577931721694,0.0,0.0,0.0,0,0.0,0.0
2021-10-31,4.375500202178955,0.0,34.296775817871094,0.0,0.0,0.0,0.014686294724482891,0.01761901933197347,1,0,0.0,10,,0.0,0.0,0.0,0.0,0.0,0.0,,0.0,0.0,0.0,0.01761901933197347,0.0,0.0,0.0,0,0.0,0.0
2021-11-01,4.4019999504089355,0.0060563928706445225,34.4805793762207,0.005359208087829526,0.0006971847828149969,0.0006971847828149969,0.014698628551167332,0.017625647297470567,1,0,0.0,10,6.931242634319861,0.0,0.0,0.0,0.0,0.0,0.0,,0.0,0.0,0.0,0.017625647297470567,0.0,0.0,0.0,0,0.0,0.0
2021-11-02,4.374000072479248,-0.006360717456865617,33.58915328979492,-0.025852990365949235,0.01949227290908362,0.01949227290908362,0.014712805340139775,0.0178222844663009,1,1,1.0,10,31.21224089749319,-313.0,10.0,1369.0620226860046,-335.8915328979492,0.0,0.0,Opened,1369.0620226860046,-335.8915328979492,0.0,0.0178222844663009,1704.9535555839539,0.0,0.0,0,0.0,1704.9535555839539
2021-11-03,4.326000213623047,-0.010973904449204541,33.341026306152344,-0.007387116355742296,-0.0035867880934622454,0.0035867880934622454,0.014146171018142438,0.017621080804048776,0,0,-1.0,10,5.188074369323851,313.0,-10.0,-1354.0380668640137,333.41026306152344,15.023955821990967,-2.4812698364257812,Closed,-1354.0380668640137,333.41026306152344,12.542685985565186,0.017621080804048776,1687.448329925537,12.542685985565186,0.007432930397411732,0,12.542685985565186,0.0
2021-11-04,4.326000213623047,0.0,33.166419982910156,-0.005236981058677537,0.005236981058677537,0.005236981058677537,0.014117768344677333,0.01762747087531708,1,0,0.0,10,inf,0.0,0.0,0.0,0.0,0.0,0.0,,0.0,0.0,0.0,0.01762747087531708,0.0,0.0,0.0,0,0.0,0.0
2021-11-05,4.348999977111816,0.00531663484813083,33.166419982910156,0.0,0.00531663484813083,0.00531663484813083,0.014054296267746446,0.017596364198994414,1,0,0.0,10,0.0,0.0,0.0,0.0,0.0,0.0,0.0,,0.0,0.0,0.0,0.017596364198994414,0.0,0.0,0.0,0,0.0,0.0
2021-11-06,4.348999977111816,0.0,33.166419982910156,0.0,0.0,0.0,0.014022552169281251,0.017344684575639688,1,0,0.0,10,,0.0,0.0,0.0,0.0,0.0,0.0,,0.0,0.0,0.0,0.017344684575639688,0.0,0.0,0.0,0,0.0,0.0
2021-11-07,4.348999977111816,0.0,33.166419982910156,0.0,0.0,0.0,0.013996563683055682,0.017275051714013875,1,0,0.0,10,,0.0,0.0,0.0,0.0,0.0,0.0,,0.0,0.0,0.0,0.017275051714013875,0.0,0.0,0.0,0,0.0,0.0
2021-11-08,4.40500020980835,0.012876576912222326,34.10379409790039,0.02826274634022119,-0.015386169427998864,0.015386169427998864,0.01405753092405463,0.017510060316858554,0,0,0.0,10,16.993025089274983,0.0,0.0,0.0,0.0,0.0,0.0,,0.0,0.0,0.0,0.017510060316858554,0.0,0.0,0.0,0,0.0,0.0
2021-11-09,4.380000114440918,-0.005675390278476189,33.47886657714844,-0.018324281426224887,0.012648891147748698,0.012648891147748698,0.014068687937525788,0.017605209627323735,1,0,0.0,10,24.679016360484404,0.0,0.0,0.0,0.0,0.0,0.0,,0.0,0.0,0.0,0.017605209627323735,0.0,0.0,0.0,0,0.0,0.0
2021-11-10,4.328000068664551,-0.011872156259750355,32.63339614868164,-0.02525385459267271,0.013381698332922354,0.013381698332922354,0.014077118984927611,0.017780656953794282,1,0,0.0,10,16.038844820402602,0.0,0.0,0.0,0.0,0.0,0.0,,0.0,0.0,0.0,0.017780656953794282,0.0,0.0,0.0,0,0.0,0.0
2021-11-11,4.4045000076293945,0.017675586356552087,34.112979888916016,0.04533955747336926,-0.027663971116817176,0.027663971116817176,0.014145106379139813,0.018360888606386766,0,1,1.0,10,19.86673461747647,199.0,-10.0,-876.4955015182495,341.12979888916016,0.0,0.0,Opened,-876.4955015182495,341.12979888916016,0.0,0.018360888606386766,1217.6253004074097,0.0,0.0,0,0.0,1217.6253004074097
2021-11-12,4.45550012588501,0.01157909369219512,34.70112991333008,0.017241238564595918,-0.005662144872400798,0.005662144872400798,0.014136269356622584,0.018377798709782855,0,1,0.0,10,11.59687695018682,-199.0,10.0,886.644525051117,-347.0112991333008,10.149023532867432,-5.881500244140625,Live,0.0,0.0,0.0,0.018377798709782855,1233.6558241844177,4.267523288726807,0.003459249496550717,0,0.0,0.0
2021-11-13,4.45550012588501,0.0,34.70112991333008,0.0,0.0,0.0,0.014132628292428255,0.018376511278970515,1,0,-1.0,10,,-199.0,10.0,886.644525051117,-347.0112991333008,10.149023532867432,-5.881500244140625,Closed,886.644525051117,-347.0112991333008,4.267523288726807,0.018376511278970515,1233.6558241844177,4.267523288726807,0.003459249496550717,0,4.267523288726807,0.0
2021-11-14,4.45550012588501,0.0,34.70112991333008,0.0,0.0,0.0,0.014132628292428255,0.018376471368180682,1,0,0.0,10,,0.0,0.0,0.0,0.0,0.0,0.0,,0.0,0.0,0.0,0.018376471368180682,0.0,0.0,0.0,0,0.0,0.0
2021-11-15,4.4070000648498535,-0.01088543590278157,33.74538040161133,-0.027542316751812956,0.016656880849031386,0.016656880849031386,0.014177192240153024,0.018586352575407077,1,0,0.0,10,19.374295305182944,0.0,0.0,0.0,0.0,0.0,0.0,,0.0,0.0,0.0,0.018586352575407077,0.0,0.0,0.0,0,0.0,0.0
2021-11-16,4.358500003814697,-0.011005232657469555,33.36859893798828,-0.011165423508014638,0.0001601908505450833,0.0001601908505450833,0.01422171733286965,0.018620063767341082,1,0,0.0,10,7.767421875472729,0.0,0.0,0.0,0.0,0.0,0.0,,0.0,0.0,0.0,0.018620063767341082,0.0,0.0,0.0,0,0.0,0.0
2021-11-17,4.2729997634887695,-0.019616895778615362,33.01937484741211,-0.01046565039260905,-0.009151245386006313,0.009151245386006313,0.014294266082637229,0.01862296066500459,0,0,0.0,10,4.122606806563935,0.0,0.0,0.0,0.0,0.0,0.0,,0.0,0.0,0.0,0.01862296066500459,0.0,0.0,0.0,0,0.0,0.0
2021-11-18,4.309999942779541,0.008659064202840572,33.102088928222656,0.0025050165605127184,0.006154047642327853,0.006154047642327853,0.01424084152472609,0.018541455054858855,1,0,0.0,10,2.2218655651334727,0.0,0.0,0.0,0.0,0.0,0.0,,0.0,0.0,0.0,0.018541455054858855,0.0,0.0,0.0,0,0.0,0.0
2021-11-19,4.4085001945495605,0.022853887024995245,33.08370590209961,-0.0005553433852137912,0.023409230410209036,0.023409230410209036,0.014420537523484576,0.01844293288038871,1,1,1.0,10,0.18235799742160314,-2.0,10.0,8.817000389099121,-330.8370590209961,0.0,0.0,Opened,8.817000389099121,-330.8370590209961,0.0,0.01844293288038871,339.6540594100952,0.0,0.0,0,0.0,339.6540594100952
2021-11-20,4.4085001945495605,0.0,33.08370590209961,0.0,0.0,0.0,0.014419086615382331,0.018421829890276634,1,1,0.0,10,,2.0,-10.0,-8.817000389099121,330.8370590209961,0.0,0.0,Live,0.0,0.0,0.0,0.018421829890276634,339.6540594100952,0.0,0.0,0,0.0,0.0
2021-11-21,4.4085001945495605,0.0,33.08370590209961,0.0,0.0,0.0,0.014402268746588707,0.01836698109533887,1,1,0.0,10,,2.0,-10.0,-8.817000389099121,330.8370590209961,0.0,0.0,Live,0.0,0.0,0.0,0.01836698109533887,339.6540594100952,0.0,0.0,0,0.0,0.0
2021-11-22,4.395500183105469,-0.0029488512805703193,33.239933013916016,0.004722176901182484,-0.007671028181752804,0.007671028181752804,0.014405600164857231,0.01837427002969144,0,0,-1.0,10,12.109918479139345,2.0,-10.0,-8.791000366210938,332.39933013916016,0.026000022888183594,1.5622711181640625,Closed,-8.791000366210938,332.39933013916016,1.588271141052246,0.01837427002969144,341.1903305053711,1.588271141052246,0.004655088374572922,0,1.588271141052246,0.0
2021-11-23,4.423500061035156,0.006370123254074267,33.49725341796875,0.00774130332768741,-0.001371180073613143,0.001371180073613143,0.014419133953429438,0.018392366879067902,0,0,0.0,10,9.20257595229246,0.0,0.0,0.0,0.0,0.0,0.0,,0.0,0.0,0.0,0.018392366879067902,0.0,0.0,0.0,0,0.0,0.0
2021-11-24,4.458000183105469,0.007799281472653297,33.49725341796875,0.0,0.007799281472653297,0.007799281472653297,0.014358689511421323,0.018176710968731805,1,0,0.0,10,0.0,0.0,0.0,0.0,0.0,0.0,0.0,,0.0,0.0,0.0,0.018176710968731805,0.0,0.0,0.0,0,0.0,0.0
2021-11-25,4.458000183105469,0.0,33.49725341796875,0.0,0.0,0.0,0.014064429891949289,0.017620320291128987,1,0,0.0,10,,0.0,0.0,0.0,0.0,0.0,0.0,,0.0,0.0,0.0,0.017620320291128987,0.0,0.0,0.0,0,0.0,0.0
2021-11-26,4.281499862670898,-0.039591815429585564,31.971725463867188,-0.045541881749720736,0.005950066320135172,0.005950066320135172,0.014485757313297796,0.01810136918523959,1,0,0.0,10,8.589654502706912,0.0,0.0,0.0,0.0,0.0,0.0,,0.0,0.0,0.0,0.01810136918523959,0.0,0.0,0.0,0,0.0,0.0
2021-11-27,4.281499862670898,0.0,31.971725463867188,0.0,0.0,0.0,0.014353771911433224,0.017409918685462142,1,0,0.0,10,,0.0,0.0,0.0,0.0,0.0,0.0,,0.0,0.0,0.0,0.017409918685462142,0.0,0.0,0.0,0,0.0,0.0
2021-11-28,4.281499862670898,0.0,31.971725463867188,0.0,0.0,0.0,0.014163173414427115,0.017409785757161653,1,0,0.0,10,,0.0,0.0,0.0,0.0,0.0,0.0,,0.0,0.0,0.0,0.017409785757161653,0.0,0.0,0.0,0,0.0,0.0
2021-11-29,4.336999893188477,0.012962754244480124,32.64259338378906,0.02098316278488177,-0.008020408540401647,0.008020408540401647,0.014218239367766174,0.017528378422295206,0,0,0.0,10,12.183411308392841,0.0,0.0,0.0,0.0,0.0,0.0,,0.0,0.0,0.0,0.017528378422295206,0.0,0.0,0.0,0,0.0,0.0
2021-11-30,4.2779998779296875,-0.01360387749869496,32.63339614868164,-0.00028175564972077183,-0.013322121848974189,0.013322121848974189,0.01428873337343018,0.01752853453998672,0,0,0.0,10,0.1579906645707646,0.0,0.0,0.0,0.0,0.0,0.0,,0.0,0.0,0.0,0.01752853453998672,0.0,0.0,0.0,0,0.0,0.0
2021-12-01,4.247499942779541,-0.0071294848107631426,32.1830940246582,-0.013798812785889902,0.00666932797512676,0.00666932797512676,0.014105069162475215,0.017112764234114168,1,0,0.0,10,14.664862209121985,0.0,0.0,0.0,0.0,0.0,0.0,,0.0,0.0,0.0,0.017112764234114168,0.0,0.0,0.0,0,0.0,0.0
2021-12-02,4.298999786376953,0.012124742623000673,32.69773483276367,0.015991029566988058,-0.003866286943987385,0.003866286943987385,0.014148386163230846,0.017019043187160195,0,0,0.0,10,10.031228929427735,0.0,0.0,0.0,0.0,0.0,0.0,,0.0,0.0,0.0,0.017019043187160195,0.0,0.0,0.0,0,0.0,0.0
2021-12-03,4.266499996185303,-0.007559849222286252,32.29337692260742,-0.01236654197070175,0.0048066927484154975,0.0048066927484154975,0.014167880035588526,0.017059395406053758,1,0,0.0,10,12.381602407763124,0.0,0.0,0.0,0.0,0.0,0.0,,0.0,0.0,0.0,0.017059395406053758,0.0,0.0,0.0,0,0.0,0.0
2021-12-04,4.266499996185303,0.0,32.29337692260742,0.0,0.0,0.0,0.014160406292858677,0.017026868689773454,1,0,0.0,10,,0.0,0.0,0.0,0.0,0.0,0.0,,0.0,0.0,0.0,0.017026868689773454,0.0,0.0,0.0,0,0.0,0.0
2021-12-05,4.266499996185303,0.0,32.29337692260742,0.0,0.0,0.0,0.0140625003896117,0.016499360309993015,1,0,0.0,10,,0.0,0.0,0.0,0.0,0.0,0.0,,0.0,0.0,0.0,0.016499360309993015,0.0,0.0,0.0,0,0.0,0.0
2021-12-06,4.336999893188477,0.016524058845941214,32.85395431518555,0.017358896653068445,-0.0008348378071272311,0.0008348378071272311,0.014159470661589435,0.01659349716679184,0,0,0.0,10,7.957994269766657,0.0,0.0,0.0,0.0,0.0,0.0,,0.0,0.0,0.0,0.01659349716679184,0.0,0.0,0.0,0,0.0,0.0
2021-12-07,4.3379998207092285,0.00023055742342137364,33.75456619262695,0.027412586892930912,-0.02718202946950954,0.02718202946950954,0.014159465332479434,0.016820330057200423,0,1,1.0,10,925.1537476317806,9252.0,-10.0,-40135.17434120178,337.54566192626953,0.0,0.0,Opened,-40135.17434120178,337.54566192626953,0.0,0.016820330057200423,40472.72000312805,0.0,0.0,0,0.0,40472.72000312805
2021-12-08,4.390999794006348,0.012217606152056915,34.085411071777344,0.009801485146109234,0.00241612100594768,0.00241612100594768,0.01417457540841637,0.016831446808861263,1,0,-1.0,10,6.227459105282715,-9252.0,10.0,40625.53009414673,-340.85411071777344,490.3557529449463,-3.3084487915039062,Closed,40625.53009414673,-340.85411071777344,487.0473041534424,0.016831446808861263,40966.3842048645,487.0473041534424,0.011888950260238212,0,487.0473041534424,0.0
2021-12-09,4.329999923706055,-0.013892023038479029,33.85565948486328,-0.006740466953156332,-0.007151556085322697,0.007151556085322697,0.014244118979454736,0.016845406389202164,0,0,0.0,10,3.7937427476661703,0.0,0.0,0.0,0.0,0.0,0.0,,0.0,0.0,0.0,0.016845406389202164,0.0,0.0,0.0,0,0.0,0.0
2021-12-10,4.2829999923706055,-0.010854487797593793,33.58915328979492,-0.007871835879833089,-0.0029826519177607036,0.0029826519177607036,0.014109043182755254,0.01685140725926836,0,0,0.0,10,5.6874511419373395,0.0,0.0,0.0,0.0,0.0,0.0,,0.0,0.0,0.0,0.01685140725926836,0.0,0.0,0.0,0,0.0,0.0
2021-12-11,4.2829999923706055,0.0,33.58915328979492,0.0,0.0,0.0,0.014095191999208641,0.01680855439780382,1,0,0.0,10,,0.0,0.0,0.0,0.0,0.0,0.0,,0.0,0.0,0.0,0.01680855439780382,0.0,0.0,0.0,0,0.0,0.0
2021-12-12,4.2829999923706055,0.0,33.58915328979492,0.0,0.0,0.0,0.014070875063361559,0.01672625910922916,1,0,0.0,10,,0.0,0.0,0.0,0.0,0.0,0.0,,0.0,0.0,0.0,0.01672625910922916,0.0,0.0,0.0,0,0.0,0.0
2021-12-13,4.28000020980835,-0.0007003928479102361,33.570770263671875,-0.0005472905483637769,-0.00015310229954645926,0.00015310229954645926,0.014071048941324967,0.016726289612903154,0,0,0.0,10,6.129058422627039,0.0,0.0,0.0,0.0,0.0,0.0,,0.0,0.0,0.0,0.016726289612903154,0.0,0.0,0.0,0,0.0,0.0
2021-12-14,4.254000186920166,-0.006074771405057411,33.19398880004883,-0.01122349772327913,0.005148726318221719,0.005148726318221719,0.014084121593981326,0.01676265770792168,1,0,0.0,10,14.416512779616962,0.0,0.0,0.0,0.0,0.0,0.0,,0.0,0.0,0.0,0.01676265770792168,0.0,0.0,0.0,0,0.0,0.0
2021-12-15,4.179500102996826,-0.017512947966576542,32.808006286621094,-0.011628084703913855,-0.005884863262662687,0.005884863262662687,0.0141917313297788,0.01680086924314561,0,0,0.0,10,5.212000258718104,0.0,0.0,0.0,0.0,0.0,0.0,,0.0,0.0,0.0,0.01680086924314561,0.0,0.0,0.0,0,0.0,0.0
2021-12-16,4.30049991607666,0.02895078600263057,33.102088928222656,0.008963746197570233,0.019987039805060336,0.019987039805060336,0.014445162427397823,0.016802680345020058,1,1,1.0,10,2.383228312840427,-24.0,10.0,103.21199798583984,-331.02088928222656,0.0,0.0,Opened,103.21199798583984,-331.02088928222656,0.0,0.016802680345020058,434.2328872680664,0.0,0.0,0,0.0,434.2328872680664
2021-12-17,4.290999889373779,-0.002209051712189658,32.872337341308594,-0.006940697531574114,0.004731645819384456,0.004731645819384456,0.01440608332540679,0.016506353330604608,1,1,0.0,10,24.069624659607985,24.0,-10.0,-102.9839973449707,328.72337341308594,0.22800064086914062,-2.297515869140625,Live,0.0,0.0,0.0,0.016506353330604608,431.70737075805664,-2.0695152282714844,-0.0047937917405429485,0,0.0,0.0
2021-12-18,4.290999889373779,0.0,32.872337341308594,0.0,0.0,0.0,0.014355614266454316,0.016479162562107474,1,1,0.0,10,,24.0,-10.0,-102.9839973449707,328.72337341308594,0.22800064086914062,-2.297515869140625,Live,0.0,0.0,0.0,0.016479162562107474,431.70737075805664,-2.0695152282714844,-0.0047937917405429485,0,0.0,0.0
2021-12-19,4.290999889373779,0.0,32.872337341308594,0.0,0.0,0.0,0.013824988169893271,0.016367446985954066,1,1,0.0,10,,24.0,-10.0,-102.9839973449707,328.72337341308594,0.22800064086914062,-2.297515869140625,Live,0.0,0.0,0.0,0.016367446985954066,431.70737075805664,-2.0695152282714844,-0.0047937917405429485,0,0.0,0.0
2021-12-20,4.288000106811523,-0.0006990870751790723,31.944154739379883,-0.028235978241873405,0.027536891166694333,0.027536891166694333,0.01382502971443111,0.01660472412482444,1,1,0.0,10,300.8902942975345,24.0,-10.0,-102.91200256347656,319.4415473937988,0.29999542236328125,-11.579341888427734,Live,0.0,0.0,0.0,0.01660472412482444,422.3535499572754,-11.279346466064453,-0.02670593503287815,1,-11.279346466064453,0.0
2021-12-21,4.3379998207092285,0.011660380749123567,32.86314392089844,0.028768617890072123,-0.017108237140948557,0.017108237140948557,0.013876422255438538,0.016861473129130167,0,0,-1.0,10,18.690711980549327,24.0,-10.0,-104.11199569702148,328.6314392089844,-0.8999977111816406,-2.3894500732421875,Closed,-104.11199569702148,328.6314392089844,-3.289447784423828,0.016861473129130167,432.74343490600586,-3.289447784423828,-0.0076013811397007405,0,0.0,0.0
2021-12-22,4.389500141143799,0.01187190469412025,33.49725341796875,0.019295460549867416,-0.007423555855747166,0.007423555855747166,0.013796151891762505,0.016944344706911744,0,0,0.0,10,12.40306098004164,0.0,0.0,0.0,0.0,0.0,0.0,,0.0,0.0,0.0,0.016944344706911744,0.0,0.0,0.0,0,0.0,0.0
2021-12-23,4.38700008392334,-0.0005695539674381855,33.80051803588867,0.009053417429061295,-0.00962297139649948,0.00962297139649948,0.013754940014880932,0.01691876900626856,0,0,0.0,10,122.47103195819177,0.0,0.0,0.0,0.0,0.0,0.0,,0.0,0.0,0.0,0.01691876900626856,0.0,0.0,0.0,0,0.0,0.0
2021-12-24,4.38700008392334,0.0,33.80051803588867,0.0,0.0,0.0,0.013612468125177964,0.01678905074863128,1,0,0.0,10,,0.0,0.0,0.0,0.0,0.0,0.0,,0.0,0.0,0.0,0.01678905074863128,0.0,0.0,0.0,0,0.0,0.0
2021-12-25,4.38700008392334,0.0,33.80051803588867,0.0,0.0,0.0,0.013305919797363126,0.01626202894541272,1,0,0.0,10,,0.0,0.0,0.0,0.0,0.0,0.0,,0.0,0.0,0.0,0.01626202894541272,0.0,0.0,0.0,0,0.0,0.0
2021-12-26,4.38700008392334,0.0,33.80051803588867,0.0,0.0,0.0,0.01328111109130373,0.015932932799366153,1,0,0.0,10,,0.0,0.0,0.0,0.0,0.0,0.0,,0.0,0.0,0.0,0.015932932799366153,0.0,0.0,0.0,0,0.0,0.0
2021-12-27,4.465000152587891,0.017779819277959685,34.06703186035156,0.0078849035443751,0.009894915733584586,0.009894915733584586,0.013394028958231352,0.015949510309593184,1,0,0.0,10,3.3836221657503223,0.0,0.0,0.0,0.0,0.0,0.0,,0.0,0.0,0.0,0.015949510309593184,0.0,0.0,0.0,0,0.0,0.0
2021-12-28,4.420000076293945,-0.010078404200694946,33.929176330566406,-0.004046596438170957,-0.0060318077625239885,0.0060318077625239885,0.013436386505982105,0.01595634350240946,0,0,0.0,10,3.082117297526448,0.0,0.0,0.0,0.0,0.0,0.0,,0.0,0.0,0.0,0.01595634350240946,0.0,0.0,0.0,0,0.0,0.0
2021-12-29,4.4019999504089355,-0.004072426600522205,34.07622146606445,0.004333884620876471,-0.008406311221398677,0.008406311221398677,0.013081306789228428,0.015190856678174254,0,0,0.0,10,8.238070008949354,0.0,0.0,0.0,0.0,0.0,0.0,,0.0,0.0,0.0,0.015190856678174254,0.0,0.0,0.0,0,0.0,0.0
2021-12-30,4.384500026702881,-0.003975448410540983,34.03443145751953,-0.0012263686156207543,-0.0027490797949202284,0.0027490797949202284,0.013088350799002963,0.01519270572538032,0,0,0.0,10,2.394601934014604,0.0,0.0,0.0,0.0,0.0,0.0,,0.0,0.0,0.0,0.01519270572538032,0.0,0.0,0.0,0,0.0,0.0
2021-12-31,4.454999923706055,0.0160793469206999,34.275875091552734,0.00709409923108506,0.00898524768961484,0.00898524768961484,0.012841493993238601,0.015016367710808748,1,0,0.0,10,3.394452252585037,0.0,0.0,0.0,0.0,0.0,0.0,,0.0,0.0,0.0,0.015016367710808748,0.0,0.0,0.0,0,0.0,0.0
2022-01-01,4.454999923706055,0.0,34.275875091552734,0.0,0.0,0.0,0.012829159414066055,0.014929828687842152,1,0,0.0,10,,0.0,0.0,0.0,0.0,0.0,0.0,,0.0,0.0,0.0,0.014929828687842152,0.0,0.0,0.0,0,0.0,0.0
2022-01-02,4.454999923706055,0.0,34.275875091552734,0.0,0.0,0.0,0.012764373382211475,0.01488580318463275,1,0,0.0,10,,0.0,0.0,0.0,0.0,0.0,0.0,,0.0,0.0,0.0,0.01488580318463275,0.0,0.0,0.0,0,0.0,0.0
2022-01-03,4.4145002365112305,-0.009090839032188547,34.1458625793457,-0.0037931201423672123,-0.0052977188898213345,0.0052977188898213345,0.01280003326004896,0.014892901416634597,0,0,0.0,10,3.227373096967571,0.0,0.0,0.0,0.0,0.0,0.0,,0.0,0.0,0.0,0.014892901416634597,0.0,0.0,0.0,0,0.0,0.0
2022-01-04,4.466000080108643,0.01166606429680761,34.74019241333008,0.01740561781396832,-0.0057395535171607115,0.0057395535171607115,0.012849666325374253,0.014984380959997821,0,0,0.0,10,11.605893219940684,0.0,0.0,0.0,0.0,0.0,0.0,,0.0,0.0,0.0,0.014984380959997821,0.0,0.0,0.0,0,0.0,0.0
2022-01-05,4.4045000076293945,-0.013770728028681956,34.275875091552734,-0.013365421706737046,-0.00040530632194490934,0.00040530632194490934,0.012928125652749738,0.015045055905902998,0,0,0.0,10,7.552968988598087,0.0,0.0,0.0,0.0,0.0,0.0,,0.0,0.0,0.0,0.015045055905902998,0.0,0.0,0.0,0,0.0,0.0
2022-01-06,4.3480000495910645,-0.012827780211252526,34.09014892578125,-0.005418568170043825,-0.0074092120412087015,0.0074092120412087015,0.012942946767628022,0.014957737467485304,0,0,0.0,10,3.311863199584078,0.0,0.0,0.0,0.0,0.0,0.0,,0.0,0.0,0.0,0.014957737467485304,0.0,0.0,0.0,0,0.0,0.0
2022-01-07,4.4029998779296875,0.012649454395428528,34.879486083984375,0.023154406275009753,-0.010504951879581226,0.010504951879581226,0.012953566618516118,0.014983833231222007,0,0,0.0,10,14.50050941501287,0.0,0.0,0.0,0.0,0.0,0.0,,0.0,0.0,0.0,0.014983833231222007,0.0,0.0,0.0,0,0.0,0.0
2022-01-08,4.4029998779296875,0.0,34.879486083984375,0.0,0.0,0.0,0.012668987493119168,0.014857801005732599,1,0,0.0,10,,0.0,0.0,0.0,0.0,0.0,0.0,,0.0,0.0,0.0,0.014857801005732599,0.0,0.0,0.0,0,0.0,0.0
2022-01-09,4.4029998779296875,0.0,34.879486083984375,0.0,0.0,0.0,0.012425289381902786,0.014824075041496165,1,0,0.0,10,,0.0,0.0,0.0,0.0,0.0,0.0,,0.0,0.0,0.0,0.014824075041496165,0.0,0.0,0.0,0,0.0,0.0
2022-01-10,4.3445000648498535,-0.013286353554781583,34.80519485473633,-0.0021299404775966257,-0.011156413077184957,0.011156413077184957,0.012502178131637313,0.014827114480093233,0,0,0.0,10,1.2842983465770095,0.0,0.0,0.0,0.0,0.0,0.0,,0.0,0.0,0.0,0.014827114480093233,0.0,0.0,0.0,0,0.0,0.0
2022-01-11,4.420499801635742,0.017493321590850375,35.7802619934082,0.028014988645845396,-0.01052166705499502,0.01052166705499502,0.012617934682878598,0.015070338233230665,0,0,0.0,10,12.962546028187946,0.0,0.0,0.0,0.0,0.0,0.0,,0.0,0.0,0.0,0.015070338233230665,0.0,0.0,0.0,0,0.0,0.0
2022-01-12,4.564000129699707,0.03246246680315745,37.71181869506836,0.05398386132600175,-0.021521394522844295,0.021521394522844295,0.012959975578730316,0.01595585271451791,0,1,1.0,10,13.74087079385667,138.0,-10.0,-629.8320178985596,377.1181869506836,0.0,0.0,Opened,-629.8320178985596,377.1181869506836,0.0,0.01595585271451791,1006.9502048492432,0.0,0.0,0,0.0,1006.9502048492432
2022-01-13,4.533999919891357,-0.006573227203287457,37.266075134277344,-0.011819731219945284,0.005246504016657827,0.005246504016657827,0.012931479992627892,0.015996350583587525,1,0,-1.0,10,14.779546356830075,-138.0,10.0,625.6919889450073,-372.66075134277344,-4.140028953552246,4.457435607910156,Closed,625.6919889450073,-372.66075134277344,0.31740665435791016,0.015996350583587525,998.3527402877808,0.31740665435791016,0.00031793036824481085,0,0.31740665435791016,0.0
2022-01-14,4.411499977111816,-0.02701807343271334,36.88533401489258,-0.01021682906001975,-0.01680124437269359,0.01680124437269359,0.01317911985336976,0.015944293944551567,0,1,1.0,10,3.161762095839934,32.0,-10.0,-141.16799926757812,368.8533401489258,0.0,0.0,Opened,-141.16799926757812,368.8533401489258,0.0,0.015944293944551567,510.0213394165039,0.0,0.0,0,0.0,510.0213394165039
2022-01-15,4.411499977111816,0.0,36.88533401489258,0.0,0.0,0.0,0.01299166744803164,0.015597867320846878,1,0,-1.0,10,,-32.0,10.0,141.16799926757812,-368.8533401489258,0.0,0.0,Closed,141.16799926757812,-368.8533401489258,0.0,0.015597867320846878,510.0213394165039,0.0,0.0,0,0.0,0.0
2022-01-16,4.411499977111816,0.0,36.88533401489258,0.0,0.0,0.0,0.012972061386301331,0.015597867320846878,1,0,0.0,10,,0.0,0.0,0.0,0.0,0.0,0.0,,0.0,0.0,0.0,0.015597867320846878,0.0,0.0,0.0,0,0.0,0.0
2022-01-17,4.411499977111816,0.0,36.88533401489258,0.0,0.0,0.0,0.012972061386301331,0.015597867320846878,1,0,0.0,10,,0.0,0.0,0.0,0.0,0.0,0.0,,0.0,0.0,0.0,0.015597867320846878,0.0,0.0,0.0,0,0.0,0.0
2022-01-18,4.375999927520752,-0.008047160778703266,37.1917839050293,0.008308177174510378,-0.016355337953213644,0.016355337953213644,0.0129993665208883,0.01561259604991815,0,1,1.0,10,8.774710051119234,88.0,-10.0,-385.0879936218262,371.91783905029297,0.0,0.0,Opened,-385.0879936218262,371.91783905029297,0.0,0.01561259604991815,757.0058326721191,0.0,0.0,0,0.0,757.0058326721191
2022-01-19,4.462500095367432,0.019766949104061515,37.87897491455078,0.018476957472011835,0.0012899916320496807,0.0012899916320496807,0.012974189776329796,0.015537408870503087,1,0,-1.0,10,7.934339772006599,-88.0,10.0,392.700008392334,-378.7897491455078,7.6120147705078125,-6.871910095214844,Closed,392.700008392334,-378.7897491455078,0.7401046752929688,0.015537408870503087,771.4897575378418,0.7401046752929688,0.0009593188607648707,0,0.7401046752929688,0.0
2022-01-20,4.576499938964844,0.025546182893252167,37.56324005126953,-0.008335359232753747,0.033881542126005915,0.033881542126005915,0.013171682864693526,0.015550666322257574,1,1,1.0,10,2.6781067815155506,-27.0,10.0,123.56549835205078,-375.6324005126953,0.0,0.0,Opened,123.56549835205078,-375.6324005126953,0.0,0.015550666322257574,499.1978988647461,0.0,0.0,0,0.0,499.1978988647461
2022-01-21,4.512499809265137,-0.013984514487764499,36.37458419799805,-0.03164412472537259,0.017659610237608092,0.017659610237608092,0.01249459019024228,0.01571727574411601,1,1,0.0,10,18.24007145835951,27.0,-10.0,-121.83749485015869,363.74584197998047,1.7280035018920898,-11.886558532714844,Live,0.0,0.0,0.0,0.01571727574411601,485.58333683013916,-10.158555030822754,-0.02092031225193441,1,-10.158555030822754,0.0
2022-01-22,4.512499809265137,0.0,36.37458419799805,0.0,0.0,0.0,0.012247172341310841,0.015394894564435761,1,1,0.0,10,,27.0,-10.0,-121.83749485015869,363.74584197998047,1.7280035018920898,-11.886558532714844,Live,0.0,0.0,0.0,0.015394894564435761,485.58333683013916,-10.158555030822754,-0.02092031225193441,1,0.0,0.0
2022-01-23,4.512499809265137,0.0,36.37458419799805,0.0,0.0,0.0,0.012037993616305701,0.015140756808982966,1,1,0.0,10,,27.0,-10.0,-121.83749485015869,363.74584197998047,1.7280035018920898,-11.886558532714844,Live,0.0,0.0,0.0,0.015140756808982966,485.58333683013916,-10.158555030822754,-0.02092031225193441,1,0.0,0.0
2022-01-24,4.4029998779296875,-0.024265913786992832,35.50166702270508,-0.023997997352805833,-0.00026791643418699884,0.00026791643418699884,0.012272001252557996,0.015330876651802607,0,0,-1.0,10,7.974040254430682,27.0,-10.0,-118.88099670410156,355.0166702270508,4.684501647949219,-20.61573028564453,Closed,-118.88099670410156,355.0166702270508,-15.931228637695312,0.015330876651802607,473.89766693115234,-15.931228637695312,-0.03361744475524037,1,0.0,0.0
2022-01-25,4.442999839782715,0.009084706555076094,35.594539642333984,0.0026160072869116924,0.006468699268164402,0.006468699268164402,0.012310426607566075,0.015333400333770088,1,0,0.0,10,2.3069337805772268,0.0,0.0,0.0,0.0,0.0,0.0,,0.0,0.0,0.0,0.015333400333770088,0.0,0.0,0.0,0,0.0,0.0
2022-01-26,4.504499912261963,0.01384201546184527,35.50166702270508,-0.0026091816487057162,0.016451197110550986,0.016451197110550986,0.012394339231996388,0.015308580743291283,1,1,1.0,10,1.485617986633718,-15.0,10.0,67.56749868392944,-355.0166702270508,0.0,0.0,Opened,67.56749868392944,-355.0166702270508,0.0,0.015308580743291283,422.5841689109802,0.0,0.0,0,0.0,422.5841689109802
2022-01-27,4.413000106811523,-0.02031297751862804,35.01877975463867,-0.013601819535898896,-0.0067111579827291434,0.0067111579827291434,0.0125497235665677,0.01536344404462619,0,0,-1.0,10,5.313619982633658,15.0,-10.0,-66.19500160217285,350.1877975463867,1.3724970817565918,-4.8288726806640625,Closed,-66.19500160217285,350.1877975463867,-3.4563755989074707,0.01536344404462619,416.38279914855957,-3.4563755989074707,-0.008300956730141688,0,-3.4563755989074707,0.0
2022-01-28,4.302999973297119,-0.02492638360570576,34.32230758666992,-0.019888533319796564,-0.005037850285909196,0.005037850285909196,0.012745847972595365,0.015486297822765404,0,0,0.0,10,6.364270330058527,0.0,0.0,0.0,0.0,0.0,0.0,,0.0,0.0,0.0,0.015486297822765404,0.0,0.0,0.0,0,0.0,0.0
2022-01-29,4.302999973297119,0.0,34.32230758666992,0.0,0.0,0.0,0.012254011369702784,0.015135840199984535,1,0,0.0,10,,0.0,0.0,0.0,0.0,0.0,0.0,,0.0,0.0,0.0,0.015135840199984535,0.0,0.0,0.0,0,0.0,0.0
2022-01-30,4.302999973297119,0.0,34.32230758666992,0.0,0.0,0.0,0.012187525711395131,0.015095898307260896,1,0,0.0,10,,0.0,0.0,0.0,0.0,0.0,0.0,,0.0,0.0,0.0,0.015095898307260896,0.0,0.0,0.0,0,0.0,0.0
2022-01-31,4.317999839782715,0.0034859090352497013,34.74019241333008,0.012175312676891537,-0.008689403641641835,0.008689403641641835,0.012193756060731446,0.015145942351730222,0,0,0.0,10,28.100475630400624,0.0,0.0,0.0,0.0,0.0,0.0,,0.0,0.0,0.0,0.015145942351730222,0.0,0.0,0.0,0,0.0,0.0
2022-02-01,4.428999900817871,0.025706360619212498,35.408809661865234,0.019246216042217545,0.006460144576994953,0.006460144576994953,0.01247003800531056,0.015267791857351097,1,0,0.0,10,5.985637580770263,0.0,0.0,0.0,0.0,0.0,0.0,,0.0,0.0,0.0,0.015267791857351097,0.0,0.0,0.0,0,0.0,0.0
2022-02-02,4.491000175476074,0.013998707619468309,35.696685791015625,0.0081300707902765,0.005868636829191809,0.005868636829191809,0.012537031834700762,0.015126744137144632,1,0,0.0,10,4.616270069104596,0.0,0.0,0.0,0.0,0.0,0.0,,0.0,0.0,0.0,0.015126744137144632,0.0,0.0,0.0,0,0.0,0.0
2022-02-03,4.4664998054504395,-0.005455437334298874,35.30665588378906,-0.010926221820982795,0.005470784486683922,0.005470784486683922,0.012466748675576195,0.015118318997662195,1,0,0.0,10,15.83177857132777,0.0,0.0,0.0,0.0,0.0,0.0,,0.0,0.0,0.0,0.015118318997662195,0.0,0.0,0.0,0,0.0,0.0
2022-02-04,4.483500003814697,0.0038061567457168266,35.538818359375,0.006575600825807326,-0.0027694440800904996,0.0027694440800904996,0.012268368469269661,0.014705622708837603,0,0,0.0,10,13.694134248330228,0.0,0.0,0.0,0.0,0.0,0.0,,0.0,0.0,0.0,0.014705622708837603,0.0,0.0,0.0,0,0.0,0.0
2022-02-05,4.483500003814697,0.0,35.538818359375,0.0,0.0,0.0,0.01221592986919775,0.014696448725518146,1,0,0.0,10,,0.0,0.0,0.0,0.0,0.0,0.0,,0.0,0.0,0.0,0.014696448725518146,0.0,0.0,0.0,0,0.0,0.0
2022-02-06,4.483500003814697,0.0,35.538818359375,0.0,0.0,0.0,0.01213208261329019,0.01468889033235373,1,0,0.0,10,,0.0,0.0,0.0,0.0,0.0,0.0,,0.0,0.0,0.0,0.01468889033235373,0.0,0.0,0.0,0,0.0,0.0
2022-02-07,4.46150016784668,-0.0049068441952268005,35.95669937133789,0.011758438554067885,-0.016665282749294685,0.016665282749294685,0.012143294399658278,0.014732152493033814,0,1,1.0,10,19.312846608591634,194.0,-10.0,-865.5310325622559,359.5669937133789,0.0,0.0,Opened,-865.5310325622559,359.5669937133789,0.0,0.014732152493033814,1225.0980262756348,0.0,0.0,0,0.0,1225.0980262756348
2022-02-08,4.459499835968018,-0.00044835409691967865,36.78318786621094,0.022985660789873963,-0.02343401488679364,0.02343401488679364,0.012143477001495153,0.014901359007918807,0,1,0.0,10,422.862393576171,-194.0,10.0,865.1429681777954,-367.8318786621094,-0.3880643844604492,-8.264884948730469,Live,0.0,0.0,0.0,0.014901359007918807,1232.9748468399048,-8.652949333190918,-0.007017944733721285,0,0.0,0.0
2022-02-09,4.600500106811523,0.03161795627982111,38.06470489501953,0.0348397488947878,-0.0032217926149666898,0.0032217926149666898,0.012529546900070992,0.015279106581779112,0,1,0.0,10,9.117140418136183,-194.0,10.0,892.4970207214355,-380.6470489501953,26.965988159179688,-21.080055236816406,Live,0.0,0.0,0.0,0.015279106581779112,1273.1440696716309,5.885932922363281,0.004623147578169516,0,0.0,0.0
2022-02-10,4.65749979019165,0.012389888502715829,38.25971603393555,0.005123148582232506,0.007266739920483323,0.007266739920483323,0.012565803970301567,0.015039177990203741,1,0,-1.0,10,3.3967098584309636,-194.0,10.0,903.5549592971802,-382.59716033935547,38.023926734924316,-23.030166625976562,Closed,903.5549592971802,-382.59716033935547,14.993760108947754,0.015039177990203741,1286.1521196365356,14.993760108947754,0.011657843485251935,0,14.993760108947754,0.0
2022-02-11,4.505000114440918,-0.03274281967159409,37.86968994140625,-0.01019417112723342,-0.022548648544360672,0.022548648544360672,0.01295279778461967,0.015058378954821958,0,1,1.0,10,2.6171751404190657,27.0,-10.0,-121.63500308990479,378.6968994140625,0.0,0.0,Opened,-121.63500308990479,378.6968994140625,0.0,0.015058378954821958,500.3319025039673,0.0,0.0,0,0.0,500.3319025039673
2022-02-12,4.505000114440918,0.0,37.86968994140625,0.0,0.0,0.0,0.01295279778461967,0.015044212420795747,1,0,-1.0,10,,-27.0,10.0,121.63500308990479,-378.6968994140625,0.0,0.0,Closed,121.63500308990479,-378.6968994140625,0.0,0.015044212420795747,500.3319025039673,0.0,0.0,0,0.0,0.0
2022-02-13,4.505000114440918,0.0,37.86968994140625,0.0,0.0,0.0,0.012943688674785993,0.015044212420795747,1,0,0.0,10,,0.0,0.0,0.0,0.0,0.0,0.0,,0.0,0.0,0.0,0.015044212420795747,0.0,0.0,0.0,0,0.0,0.0
2022-02-14,4.507500171661377,0.0005549516441620828,38.120418548583984,0.006620825456075119,-0.006065873811913036,0.006065873811913036,0.012943619051006446,0.015052384384771767,0,0,0.0,10,100.89715133493867,0.0,0.0,0.0,0.0,0.0,0.0,,0.0,0.0,0.0,0.015052384384771767,0.0,0.0,0.0,0,0.0,0.0
2022-02-15,4.531499862670898,0.005324390481537211,38.28757095336914,0.004384852295683084,0.0009395381858541274,0.0009395381858541274,0.012952734390934256,0.015054343350626734,1,0,0.0,10,6.958264187559705,0.0,0.0,0.0,0.0,0.0,0.0,,0.0,0.0,0.0,0.015054343350626734,0.0,0.0,0.0,0,0.0,0.0
2022-02-16,4.540500164031982,0.0019861638825646732,38.64045333862305,0.009216630265829195,-0.007230466383264522,0.007230466383264522,0.012893220166283513,0.014831789480616248,0,0,0.0,10,39.490770092918204,0.0,0.0,0.0,0.0,0.0,0.0,,0.0,0.0,0.0,0.014831789480616248,0.0,0.0,0.0,0,0.0,0.0
2022-02-17,4.525000095367432,-0.0034137359552007807,38.120418548583984,-0.013458299401452933,0.010044563446252153,0.010044563446252153,0.01288446202301861,0.014774434913098393,1,0,0.0,10,33.212328663156256,0.0,0.0,0.0,0.0,0.0,0.0,,0.0,0.0,0.0,0.014774434913098393,0.0,0.0,0.0,0,0.0,0.0
2022-02-18,4.519499778747559,-0.0012155395588839824,37.94397735595703,-0.004628521914104455,0.003412982355220473,0.003412982355220473,0.012825804711710343,0.014540605366976468,1,0,0.0,10,31.96875402354865,0.0,0.0,0.0,0.0,0.0,0.0,,0.0,0.0,0.0,0.014540605366976468,0.0,0.0,0.0,0,0.0,0.0
2022-02-19,4.519499778747559,0.0,37.94397735595703,0.0,0.0,0.0,0.012708171367437456,0.01385404622324172,1,0,0.0,10,,0.0,0.0,0.0,0.0,0.0,0.0,,0.0,0.0,0.0,0.01385404622324172,0.0,0.0,0.0,0,0.0,0.0
2022-02-20,4.519499778747559,0.0,37.94397735595703,0.0,0.0,0.0,0.012657361261214438,0.013758845988331174,1,0,0.0,10,,0.0,0.0,0.0,0.0,0.0,0.0,,0.0,0.0,0.0,0.013758845988331174,0.0,0.0,0.0,0,0.0,0.0
2022-02-21,4.519499778747559,0.0,37.94397735595703,0.0,0.0,0.0,0.012657361261214438,0.013758845988331174,1,0,0.0,10,,0.0,0.0,0.0,0.0,0.0,0.0,,0.0,0.0,0.0,0.013758845988331174,0.0,0.0,0.0,0,0.0,0.0
2022-02-22,4.510000228881836,-0.0021019029385493937,37.897544860839844,-0.0012237118602933528,-0.0008781910782560409,0.0008781910782560409,0.012659478680004242,0.013760276982544083,0,0,0.0,10,4.892164183149515,0.0,0.0,0.0,0.0,0.0,0.0,,0.0,0.0,0.0,0.013760276982544083,0.0,0.0,0.0,0,0.0,0.0
2022-02-23,4.481500148773193,-0.006319307907376448,37.656105041503906,-0.006370856482194487,5.154857481803887e-05,5.154857481803887e-05,0.012627281170741637,0.01347703643276297,1,0,0.0,10,8.471109322763814,0.0,0.0,0.0,0.0,0.0,0.0,,0.0,0.0,0.0,0.01347703643276297,0.0,0.0,0.0,0,0.0,0.0
2022-02-24,4.453999996185303,-0.00613637212428042,37.368228912353516,-0.007644872692836868,0.0015085005685564479,0.0015085005685564479,0.01259279734265119,0.013449012780455391,1,0,0.0,10,10.452276062293675,0.0,0.0,0.0,0.0,0.0,0.0,,0.0,0.0,0.0,0.013449012780455391,0.0,0.0,0.0,0,0.0,0.0
2022-02-25,4.4720001220703125,0.0040413394477831766,38.90047073364258,0.04100386520546384,-0.036962525757680664,0.036962525757680664,0.012436186607565491,0.01397191814607449,0,1,1.0,10,88.25768203533369,883.0,-10.0,-3948.776107788086,389.0047073364258,0.0,0.0,Opened,-3948.776107788086,389.0047073364258,0.0,0.01397191814607449,4337.780815124512,0.0,0.0,0,0.0,4337.780815124512
2022-02-26,4.4720001220703125,0.0,38.90047073364258,0.0,0.0,0.0,0.012409143508600668,0.013972772088038708,1,0,-1.0,10,,-883.0,10.0,3948.776107788086,-389.0047073364258,0.0,0.0,Closed,3948.776107788086,-389.0047073364258,0.0,0.013972772088038708,4337.780815124512,0.0,0.0,0,0.0,0.0
2022-02-27,4.4720001220703125,0.0,38.90047073364258,0.0,0.0,0.0,0.012200980512301092,0.01397197236375246,1,0,0.0,10,,0.0,0.0,0.0,0.0,0.0,0.0,,0.0,0.0,0.0,0.01397197236375246,0.0,0.0,0.0,0,0.0,0.0
2022-02-28,4.444499969482422,-0.006149407834801113,39.55979919433594,0.016949112652334675,-0.023098520487135787,0.023098520487135787,0.01221756963645264,0.014053497666616462,0,1,1.0,10,24.532671316825798,246.0,-10.0,-1093.3469924926758,395.5979919433594,0.0,0.0,Opened,-1093.3469924926758,395.5979919433594,0.0,0.014053497666616462,1488.9449844360352,0.0,0.0,0,0.0,1488.9449844360352
2022-03-01,4.58650016784668,0.031949645480770394,39.56908416748047,0.00023470728703456345,0.03171493819373583,0.03171493819373583,0.012624443747002643,0.014053199003956537,1,0,-1.0,10,0.06337750158784657,-246.0,10.0,1128.2790412902832,-395.6908416748047,34.93204879760742,-0.0928497314453125,Closed,1128.2790412902832,-395.6908416748047,34.83919906616211,0.014053199003956537,1523.969882965088,34.83919906616211,0.022860818613014696,0,34.83919906616211,0.0
2022-03-02,4.6554999351501465,0.015044100027987506,40.729881286621094,0.02933596123244664,-0.014291861204459133,0.014291861204459133,0.012703132453741672,0.01431641080736962,0,0,0.0,10,17.060074760257876,0.0,0.0,0.0,0.0,0.0,0.0,,0.0,0.0,0.0,0.01431641080736962,0.0,0.0,0.0,0,0.0,0.0
2022-03-03,4.771500110626221,0.02491680315582112,41.677085876464844,0.023255766035215286,0.001661037120605835,0.001661037120605835,0.01292094507327393,0.014461111067711642,1,0,0.0,10,8.152310921712045,0.0,0.0,0.0,0.0,0.0,0.0,,0.0,0.0,0.0,0.014461111067711642,0.0,0.0,0.0,0,0.0,0.0
2022-03-04,4.928999900817871,0.03300844316044249,41.32420349121094,-0.008467059964314294,0.041475503124756785,0.041475503124756785,0.0132984941213967,0.014499392650255776,1,1,1.0,10,2.1505684796466578,-22.0,10.0,108.43799781799316,-413.2420349121094,0.0,0.0,Opened,108.43799781799316,-413.2420349121094,0.0,0.014499392650255776,521.6800327301025,0.0,0.0,0,0.0,521.6800327301025
2022-03-05,4.928999900817871,0.0,41.32420349121094,0.0,0.0,0.0,0.0132984941213967,0.014499392650255776,1,1,0.0,10,,22.0,-10.0,-108.43799781799316,413.2420349121094,0.0,0.0,Live,0.0,0.0,0.0,0.014499392650255776,521.6800327301025,0.0,0.0,0,0.0,0.0
2022-03-06,4.928999900817871,0.0,41.32420349121094,0.0,0.0,0.0,0.012648498955841986,0.01367638777415674,1,1,0.0,10,,22.0,-10.0,-108.43799781799316,413.2420349121094,0.0,0.0,Live,0.0,0.0,0.0,0.01367638777415674,521.6800327301025,0.0,0.0,0,0.0,0.0
2022-03-07,4.7220001220703125,-0.041996304100799686,40.042686462402344,-0.031011294121643607,-0.01098500997915608,0.01098500997915608,0.013374752795434625,0.014082884880872542,0,0,-1.0,10,6.2618986006970285,22.0,-10.0,-103.88400268554688,400.42686462402344,4.553995132446289,-12.815170288085938,Closed,-103.88400268554688,400.42686462402344,-8.261175155639648,0.014082884880872542,504.3108673095703,-8.261175155639648,-0.016381116670580374,1,-8.261175155639648,0.0
2022-03-08,4.700500011444092,-0.0045531787527346435,39.56908416748047,-0.0118274355884328,0.007274256835698156,0.007274256835698156,0.013386171422853185,0.014152322541190511,1,0,0.0,10,21.866930846902058,0.0,0.0,0.0,0.0,0.0,0.0,,0.0,0.0,0.0,0.014152322541190511,0.0,0.0,0.0,0,0.0,0.0
2022-03-09,4.564000129699707,-0.029039438658026717,39.81053161621094,0.006101921583742342,-0.03514136024176906,0.03514136024176906,0.013663818450458042,0.014030884946445912,0,1,1.0,10,1.8328660803634367,19.0,-10.0,-86.71600246429443,398.1053161621094,0.0,0.0,Opened,-86.71600246429443,398.1053161621094,0.0,0.014030884946445912,484.8213186264038,0.0,0.0,0,0.0,484.8213186264038
2022-03-10,4.643499851226807,0.01741886925238334,40.68344497680664,0.021926694398631152,-0.0045078251462478125,0.0045078251462478125,0.01369016019295352,0.014168153998763668,0,1,0.0,10,11.02872960834315,-19.0,10.0,88.22649717330933,-406.8344497680664,1.5104947090148926,-8.729133605957031,Live,0.0,0.0,0.0,0.014168153998763668,495.06094694137573,-7.218638896942139,-0.0145813135565245,1,-7.218638896942139,0.0
2022-03-11,4.616000175476074,-0.0059221872793787655,39.85696029663086,-0.0203150121787119,0.014392824899333134,0.014392824899333134,0.013683526933715228,0.014257672262168905,1,0,-1.0,10,29.61919884112267,-19.0,10.0,87.70400333404541,-398.5696029663086,0.9880008697509766,-0.46428680419921875,Closed,87.70400333404541,-398.5696029663086,0.5237140655517578,0.014257672262168905,486.273606300354,0.5237140655517578,0.0010769946358722957,0,0.0,0.0
2022-03-12,4.616000175476074,0.0,39.85696029663086,0.0,0.0,0.0,0.01363692349228913,0.014191415734326586,1,0,0.0,10,,0.0,0.0,0.0,0.0,0.0,0.0,,0.0,0.0,0.0,0.014191415734326586,0.0,0.0,0.0,0,0.0,0.0
2022-03-13,4.616000175476074,0.0,39.85696029663086,0.0,0.0,0.0,0.013611020379554679,0.014117940244311445,1,0,0.0,10,,0.0,0.0,0.0,0.0,0.0,0.0,,0.0,0.0,0.0,0.014117940244311445,0.0,0.0,0.0,0,0.0,0.0
2022-03-14,4.512499809265137,-0.02242208888136854,38.11113357543945,-0.043802304746731635,0.021380215865363095,0.021380215865363095,0.013808898690477361,0.01484767128886935,1,1,1.0,10,16.49892174394779,-165.0,10.0,744.5624685287476,-381.11133575439453,0.0,0.0,Opened,744.5624685287476,-381.11133575439453,0.0,0.01484767128886935,1125.673804283142,0.0,0.0,0,0.0,1125.673804283142
2022-03-15,4.501500129699707,-0.002437602222795654,37.50751876831055,-0.015838280064120247,0.013400677841324593,0.013400677841324593,0.01381221785508343,0.014950820776689716,1,1,0.0,10,54.13850380300909,165.0,-10.0,-742.7475214004517,375.07518768310547,1.8149471282958984,-6.0361480712890625,Live,0.0,0.0,0.0,0.014950820776689716,1117.8227090835571,-4.221200942993164,-0.003776270520084442,0,0.0,0.0
2022-03-16,4.5879998207092285,0.01921574775458068,39.318359375,0.048279402801216564,-0.029063655046635883,0.029063655046635883,0.013846084454647195,0.015586106260338451,0,0,-1.0,10,21.531614512400232,165.0,-10.0,-757.0199704170227,393.18359375,-12.457501888275146,12.072257995605469,Closed,-757.0199704170227,393.18359375,-0.38524389266967773,0.015586106260338451,1150.2035641670227,-0.38524389266967773,-0.00033493540158578044,0,-0.38524389266967773,0.0
2022-03-17,4.690499782562256,0.022340881834904458,40.228416442871094,0.02314585558342852,-0.0008049737485240627,0.0008049737485240627,0.014014704890085286,0.015521312610562847,0,0,0.0,10,8.885599709473784,0.0,0.0,0.0,0.0,0.0,0.0,,0.0,0.0,0.0,0.015521312610562847,0.0,0.0,0.0,0,0.0,0.0
2022-03-18,4.730500221252441,0.008527969415731418,40.776309967041016,0.013619564790674499,-0.005091595374943081,0.005091595374943081,0.013989385612562234,0.015545685878234428,0,0,0.0,10,13.766338706080566,0.0,0.0,0.0,0.0,0.0,0.0,,0.0,0.0,0.0,0.015545685878234428,0.0,0.0,0.0,0,0.0,0.0
2022-03-19,4.730500221252441,0.0,40.776309967041016,0.0,0.0,0.0,0.013910347864177454,0.015522382938073013,1,0,0.0,10,,0.0,0.0,0.0,0.0,0.0,0.0,,0.0,0.0,0.0,0.015522382938073013,0.0,0.0,0.0,0,0.0,0.0
2022-03-20,4.730500221252441,0.0,40.776309967041016,0.0,0.0,0.0,0.013859318585848903,0.015491846218670245,1,0,0.0,10,,0.0,0.0,0.0,0.0,0.0,0.0,,0.0,0.0,0.0,0.015491846218670245,0.0,0.0,0.0,0,0.0,0.0
2022-03-21,4.701499938964844,-0.00613048957429696,41.76066207885742,0.024140294023957676,-0.030270783598254636,0.030270783598254636,0.013877732163707343,0.015646749350566806,0,1,1.0,10,34.976660197950366,350.0,-10.0,-1645.5249786376953,417.6066207885742,0.0,0.0,Opened,-1645.5249786376953,417.6066207885742,0.0,0.015646749350566806,2063.1315994262695,0.0,0.0,0,0.0,2063.1315994262695
2022-03-22,4.689000129699707,-0.002658685404107186,41.9556770324707,0.004669824277331314,-0.0073285096814385,0.0073285096814385,0.01388226750747767,0.015646783407003647,0,1,0.0,10,15.716074402561778,-350.0,10.0,1641.1500453948975,-419.55677032470703,-4.374933242797852,-1.9501495361328125,Live,0.0,0.0,0.0,0.015646783407003647,2060.7068157196045,-6.325082778930664,-0.003069375386484529,0,0.0,0.0
2022-03-23,4.762499809265137,0.015674915234036524,42.41070556640625,0.010845458019504317,0.004829457214532207,0.004829457214532207,0.01395836216845785,0.01566696034634505,1,0,-1.0,10,6.161454178222992,-350.0,10.0,1666.8749332427979,-424.1070556640625,21.34995460510254,-6.500434875488281,Closed,1666.8749332427979,-424.1070556640625,14.849519729614258,0.01566696034634505,2090.9819889068604,14.849519729614258,0.007101696623115058,0,14.849519729614258,0.0
2022-03-24,4.729000091552734,-0.0070340617436310815,42.88431167602539,0.011167135827947261,-0.018201197571578343,0.018201197571578343,0.01396371669879684,0.01562936686892968,0,1,1.0,10,14.396759300219516,144.0,-10.0,-680.9760131835938,428.8431167602539,0.0,0.0,Opened,-680.9760131835938,428.8431167602539,0.0,0.01562936686892968,1109.8191299438477,0.0,0.0,0,0.0,1109.8191299438477
2022-03-25,4.685999870300293,-0.009092878075695365,43.15361404418945,0.006279740950456247,-0.015372619026151613,0.015372619026151613,0.013875114343474592,0.015566180596428766,0,1,0.0,10,6.3599728509329365,-144.0,10.0,674.7839813232422,-431.53614044189453,-6.1920318603515625,-2.693023681640625,Live,0.0,0.0,0.0,0.015566180596428766,1106.3201217651367,-8.885055541992188,-0.008031179553903492,0,0.0,0.0
2022-03-26,4.685999870300293,0.0,43.15361404418945,0.0,0.0,0.0,0.013590183901547263,0.01555650558895904,1,0,-1.0,10,,-144.0,10.0,674.7839813232422,-431.53614044189453,-6.1920318603515625,-2.693023681640625,Closed,674.7839813232422,-431.53614044189453,-8.885055541992188,0.01555650558895904,1106.3201217651367,-8.885055541992188,-0.008031179553903492,0,-8.885055541992188,0.0
2022-03-27,4.685999870300293,0.0,43.15361404418945,0.0,0.0,0.0,0.013586791580021506,0.015528181101970975,1,0,0.0,10,,0.0,0.0,0.0,0.0,0.0,0.0,,0.0,0.0,0.0,0.015528181101970975,0.0,0.0,0.0,0,0.0,0.0
2022-03-28,4.714000225067139,0.005975321285071056,42.73573303222656,-0.009683569295841132,0.015658890580912188,0.015658890580912188,0.013595608580639448,0.015576213252693474,1,1,1.0,10,14.691825511914066,-147.0,10.0,692.9580330848694,-427.3573303222656,0.0,0.0,Opened,692.9580330848694,-427.3573303222656,0.0,0.015576213252693474,1120.315363407135,0.0,0.0,0,0.0,1120.315363407135
2022-03-29,4.7164998054504395,0.0005302461315146445,42.27141189575195,-0.01086493909264341,0.011395185224158055,0.011395185224158055,0.013595305374054694,0.015633355235266023,1,1,0.0,10,183.6439901059168,147.0,-10.0,-693.3254714012146,422.71411895751953,-0.36743831634521484,-4.643211364746094,Live,0.0,0.0,0.0,0.015633355235266023,1116.0395903587341,-5.010649681091309,-0.004489670191252544,0,0.0,0.0
2022-03-30,4.739500045776367,0.004876548558180538,42.64286422729492,0.008787317832180008,-0.00391076927399947,0.00391076927399947,0.01359954436314485,0.015330259973559272,0,0,-1.0,10,16.212784780209777,147.0,-10.0,-696.706506729126,426.4286422729492,-3.748473644256592,-0.9286880493164062,Closed,-696.706506729126,426.4286422729492,-4.677161693572998,0.015330259973559272,1123.1351490020752,-4.677161693572998,-0.004164380126228563,0,-4.677161693572998,0.0
2022-03-31,4.743000030517578,0.0007384712960030182,42.262123107910156,-0.008928600981288226,0.009667072277291244,0.009667072277291244,0.01355761375397906,0.015152878219341259,1,0,0.0,10,107.73280782485875,0.0,0.0,0.0,0.0,0.0,0.0,,0.0,0.0,0.0,0.015152878219341259,0.0,0.0,0.0,0,0.0,0.0
2022-04-01,4.682499885559082,-0.012755670370909522,43.36719512939453,0.026148047949762,-0.03890371832067152,0.03890371832067152,0.013581495473319603,0.015244218660739698,0,1,1.0,10,18.985390903955732,190.0,-10.0,-889.6749782562256,433.6719512939453,0.0,0.0,Opened,-889.6749782562256,433.6719512939453,0.0,0.015244218660739698,1323.346929550171,0.0,0.0,0,0.0,1323.346929550171
2022-04-02,4.682499885559082,0.0,43.36719512939453,0.0,0.0,0.0,0.013581061151043494,0.015232984396370754,1,0,-1.0,10,,-190.0,10.0,889.6749782562256,-433.6719512939453,0.0,0.0,Closed,889.6749782562256,-433.6719512939453,0.0,0.015232984396370754,1323.346929550171,0.0,0.0,0,0.0,0.0
2022-04-03,4.682499885559082,0.0,43.36719512939453,0.0,0.0,0.0,0.013581061151043494,0.015232984396370754,1,0,0.0,10,,0.0,0.0,0.0,0.0,0.0,0.0,,0.0,0.0,0.0,0.015232984396370754,0.0,0.0,0.0,0,0.0,0.0
2022-04-04,4.776500225067139,0.02007481939251199,43.50649642944336,0.00321213533947029,0.0168626840530417,0.0168626840530417,0.013717642955890678,0.015230812935834455,1,1,1.0,10,1.4574259472931477,-15.0,10.0,71.64750337600708,-435.0649642944336,0.0,0.0,Opened,71.64750337600708,-435.0649642944336,0.0,0.015230812935834455,506.7124676704407,0.0,0.0,0,0.0,506.7124676704407
2022-04-05,4.790999889373779,0.0030356251697731818,42.262123107910156,-0.02860201173751753,0.03163763690729071,0.03163763690729071,0.01371889133081379,0.015546213071117837,1,1,0.0,10,83.11388544294644,15.0,-10.0,-71.86499834060669,422.62123107910156,-0.21749496459960938,-12.443733215332031,Live,0.0,0.0,0.0,0.015546213071117837,494.48622941970825,-12.66122817993164,-0.02560481450573437,1,-12.66122817993164,0.0
2022-04-06,4.733500003814697,-0.012001646188014803,41.435638427734375,-0.019556156184237894,0.007554509996223091,0.007554509996223091,0.013673568484037887,0.01568915420304229,1,1,0.0,10,14.263770103908747,15.0,-10.0,-71.00250005722046,414.35638427734375,0.6450033187866211,-20.708580017089844,Live,0.0,0.0,0.0,0.01568915420304229,485.3588843345642,-20.063576698303223,-0.04133761088109214,1,0.0,0.0
2022-04-07,4.695000171661377,-0.008133480959605643,41.844242095947266,0.009861165019226403,-0.017994645978832047,0.017994645978832047,0.013659491968371473,0.015695927793190973,0,0,-1.0,10,10.80567411761221,15.0,-10.0,-70.42500257492065,418.44242095947266,1.2225008010864258,-16.622543334960938,Closed,-70.42500257492065,418.44242095947266,-15.400042533874512,0.015695927793190973,488.8674235343933,-15.400042533874512,-0.0315014701174726,1,0.0,0.0
2022-04-08,4.71999979019165,0.005324732186628767,42.19712448120117,0.008433236392351384,-0.0031085042057226175,0.0031085042057226175,0.013658679265556375,0.01570685337198291,0,0,0.0,10,14.159156518647267,0.0,0.0,0.0,0.0,0.0,0.0,,0.0,0.0,0.0,0.01570685337198291,0.0,0.0,0.0,0,0.0,0.0
2022-04-09,4.71999979019165,0.0,42.19712448120117,0.0,0.0,0.0,0.013650451682105049,0.015704581443692595,1,0,0.0,10,,0.0,0.0,0.0,0.0,0.0,0.0,,0.0,0.0,0.0,0.015704581443692595,0.0,0.0,0.0,0,0.0,0.0
2022-04-10,4.71999979019165,0.0,42.19712448120117,0.0,0.0,0.0,0.013563432727598806,0.015698607172545335,1,0,0.0,10,,0.0,0.0,0.0,0.0,0.0,0.0,,0.0,0.0,0.0,0.015698607172545335,0.0,0.0,0.0,0,0.0,0.0
2022-04-11,4.628499984741211,-0.01938555286391741,41.333492279052734,-0.02046661266061356,0.0010810597966961488,0.0010810597966961488,0.013710824964193812,0.0158601938668278,1,0,0.0,10,9.428217939502046,0.0,0.0,0.0,0.0,0.0,0.0,,0.0,0.0,0.0,0.0158601938668278,0.0,0.0,0.0,0,0.0,0.0
2022-04-12,4.703999996185303,0.016311982649452883,41.48207092285156,0.003594630785023867,0.012717351864429016,0.012717351864429016,0.01380184540654286,0.01585969366192627,1,0,0.0,10,1.94330360131594,0.0,0.0,0.0,0.0,0.0,0.0,,0.0,0.0,0.0,0.01585969366192627,0.0,0.0,0.0,0,0.0,0.0
2022-04-13,4.706999778747559,0.0006377088785476381,42.91217041015625,0.0344751227575979,-0.03383741387905026,0.03383741387905026,0.013766817045963579,0.016176208351050034,0,1,1.0,10,492.85556044222756,4929.0,-10.0,-23200.801909446716,429.1217041015625,0.0,0.0,Opened,-23200.801909446716,429.1217041015625,0.0,0.016176208351050034,23629.92361354828,0.0,0.0,0,0.0,23629.92361354828
2022-04-14,4.7170000076293945,0.00212454415804042,42.819305419921875,-0.002164071156195768,0.004288615314236188,0.004288615314236188,0.013723291254295174,0.016111285538474317,1,0,-1.0,10,9.246545598062202,-4929.0,10.0,23250.093037605286,-428.19305419921875,49.291128158569336,0.92864990234375,Closed,23250.093037605286,-428.19305419921875,50.219778060913086,0.016111285538474317,23678.286091804504,50.219778060913086,0.00212092116237649,0,50.219778060913086,0.0
2022-04-15,4.7170000076293945,0.0,42.819305419921875,0.0,0.0,0.0,0.01364609787666445,0.016035942874500286,1,0,0.0,10,,0.0,0.0,0.0,0.0,0.0,0.0,,0.0,0.0,0.0,0.016035942874500286,0.0,0.0,0.0,0,0.0,0.0
2022-04-16,4.7170000076293945,0.0,42.819305419921875,0.0,0.0,0.0,0.013577026083333476,0.01601855782592518,1,0,0.0,10,,0.0,0.0,0.0,0.0,0.0,0.0,,0.0,0.0,0.0,0.01601855782592518,0.0,0.0,0.0,0,0.0,0.0
2022-04-17,4.7170000076293945,0.0,42.819305419921875,0.0,0.0,0.0,0.013525338862638346,0.015882420577799743,1,0,0.0,10,,0.0,0.0,0.0,0.0,0.0,0.0,,0.0,0.0,0.0,0.015882420577799743,0.0,0.0,0.0,0,0.0,0.0
2022-04-18,4.796000003814697,0.01674793217246684,43.209327697753906,0.009108561523993641,0.007639370648473198,0.007639370648473198,0.01361895471997179,0.015895922078251527,1,0,0.0,10,4.899896844179614,0.0,0.0,0.0,0.0,0.0,0.0,,0.0,0.0,0.0,0.015895922078251527,0.0,0.0,0.0,0,0.0,0.0
2022-04-19,4.714000225067139,-0.017097535171463063,43.03289031982422,-0.004083316897773859,-0.013014218273689204,0.013014218273689204,0.013737770397531348,0.0159070479852093,0,0,0.0,10,2.1801706954348767,0.0,0.0,0.0,0.0,0.0,0.0,,0.0,0.0,0.0,0.0159070479852093,0.0,0.0,0.0,0,0.0,0.0
2022-04-20,4.649499893188477,-0.013682717182675441,42.28998565673828,-0.017263647818322347,0.003580930635646906,0.003580930635646906,0.013741925268330924,0.016020506099924586,1,0,0.0,10,11.476025727345172,0.0,0.0,0.0,0.0,0.0,0.0,,0.0,0.0,0.0,0.016020506099924586,0.0,0.0,0.0,0,0.0,0.0
2022-04-21,4.703499794006348,0.01161413099438513,40.042686462402344,-0.05314022124710427,0.0647543522414894,0.0647543522414894,0.013682111214218766,0.016732940696952008,1,1,1.0,10,38.95280308373389,-390.0,10.0,1834.3649196624756,-400.42686462402344,0.0,0.0,Opened,1834.3649196624756,-400.42686462402344,0.0,0.016732940696952008,2234.791784286499,0.0,0.0,0,0.0,2234.791784286499
2022-04-22,4.582499980926514,-0.025725484932310083,38.0739860534668,-0.04916504317920922,0.02343955824689914,0.02343955824689914,0.01355496554924704,0.016629210631995694,1,1,0.0,10,15.878838422237061,390.0,-10.0,-1787.1749925613403,380.73986053466797,47.189927101135254,-19.68700408935547,Live,0.0,0.0,0.0,0.016629210631995694,2167.9148530960083,27.502923011779785,0.012686348346431939,0,0.0,0.0
2022-04-23,4.582499980926514,0.0,38.0739860534668,0.0,0.0,0.0,0.013538050872354856,0.01658462365809119,1,1,0.0,10,,390.0,-10.0,-1787.1749925613403,380.73986053466797,47.189927101135254,-19.68700408935547,Live,0.0,0.0,0.0,0.01658462365809119,2167.9148530960083,27.502923011779785,0.012686348346431939,0,0.0,0.0
2022-04-24,4.582499980926514,0.0,38.0739860534668,0.0,0.0,0.0,0.013256089645350825,0.01655029742017714,1,1,0.0,10,,390.0,-10.0,-1787.1749925613403,380.73986053466797,47.189927101135254,-19.68700408935547,Live,0.0,0.0,0.0,0.01655029742017714,2167.9148530960083,27.502923011779785,0.012686348346431939,0,0.0,0.0
2022-04-25,4.448999881744385,-0.02913259132303092,37.35893630981445,-0.018780532793393645,-0.010352058529637276,0.010352058529637276,0.013582566244052248,0.016661674965914128,0,0,-1.0,10,5.413285099160235,390.0,-10.0,-1735.10995388031,373.58936309814453,99.25496578216553,-26.837501525878906,Closed,-1735.10995388031,373.58936309814453,72.41746425628662,0.016661674965914128,2108.6993169784546,72.41746425628662,0.034342242951950715,0,72.41746425628662,0.0
2022-04-26,4.440000057220459,-0.002022887112417049,35.84526824951172,-0.040516893943393195,0.038494006830976146,0.038494006830976146,0.013584337460325724,0.01715356850625659,1,1,1.0,10,161.701242174225,-1618.0,10.0,7183.920092582703,-358.4526824951172,0.0,0.0,Opened,7183.920092582703,-358.4526824951172,0.0,0.01715356850625659,7542.37277507782,0.0,0.0,0,0.0,7542.37277507782
2022-04-27,4.454500198364258,0.0032657975128216332,37.275360107421875,0.039896252078672534,-0.0366304545658509,0.0366304545658509,0.013587884050911712,0.01761461318851782,0,0,-1.0,10,102.22702223384042,1618.0,-10.0,-7207.381320953369,372.75360107421875,-23.461228370666504,14.300918579101562,Closed,-7207.381320953369,372.75360107421875,-9.160309791564941,0.01761461318851782,7580.134922027588,-9.160309791564941,-0.0012084626310470312,0,-9.160309791564941,0.0
2022-04-28,4.41349983215332,-0.009204257354392564,37.60966873168945,0.008968622256207537,-0.0181728796106001,0.0181728796106001,0.013595458701079234,0.017617785063951428,0,1,1.0,10,8.303350547192213,84.0,-10.0,-370.7339859008789,376.09668731689453,0.0,0.0,Opened,-370.7339859008789,376.09668731689453,0.0,0.017617785063951428,746.8306732177734,0.0,0.0,0,0.0,746.8306732177734
2022-04-29,4.394999980926514,-0.004191651054800349,37.18250274658203,-0.011357876830951685,0.007166225776151336,0.007166225776151336,0.013457149146933425,0.017558794919453623,1,0,-1.0,10,22.924072559090618,-84.0,10.0,369.17999839782715,-371.8250274658203,-1.5539875030517578,4.271659851074219,Closed,369.17999839782715,-371.8250274658203,2.717672348022461,0.017558794919453623,741.0050258636475,2.717672348022461,0.0036675491436174695,0,2.717672348022461,0.0
2022-04-30,4.394999980926514,0.0,37.18250274658203,0.0,0.0,0.0,0.013206234971081632,0.0175387549802808,1,0,0.0,10,,0.0,0.0,0.0,0.0,0.0,0.0,,0.0,0.0,0.0,0.0175387549802808,0.0,0.0,0.0,0,0.0,0.0
2022-05-01,4.394999980926514,0.0,37.18250274658203,0.0,0.0,0.0,0.013133899818403271,0.017244117536321664,1,0,0.0,10,,0.0,0.0,0.0,0.0,0.0,0.0,,0.0,0.0,0.0,0.017244117536321664,0.0,0.0,0.0,0,0.0,0.0
2022-05-02,4.255499839782715,-0.0317406465868495,36.69031524658203,-0.013237072914497272,-0.018503573672352225,0.018503573672352225,0.013507765702956056,0.017297688360809013,0,1,1.0,10,3.595647064370652,36.0,-10.0,-153.19799423217773,366.9031524658203,0.0,0.0,Opened,-153.19799423217773,366.9031524658203,0.0,0.017297688360809013,520.101146697998,0.0,0.0,0,0.0,520.101146697998
2022-05-03,4.270999908447266,0.003642361472945721,37.08963394165039,0.010883490435682708,-0.007241128962736987,0.007241128962736987,0.013514024999140326,0.017330402888488236,0,1,0.0,10,25.948254050255045,-36.0,10.0,153.75599670410156,-370.8963394165039,0.5580024719238281,-3.9931869506835938,Live,0.0,0.0,0.0,0.017330402888488236,524.6523361206055,-3.4351844787597656,-0.006547544425629119,0,0.0,0.0
2022-05-04,4.328499794006348,0.013462862746814297,37.88825607299805,0.021532219288118437,-0.00806935654130414,0.00806935654130414,0.013368547368715646,0.017282454270314867,0,1,0.0,10,13.99969553212858,-36.0,10.0,155.82599258422852,-378.88256072998047,2.6279983520507812,-11.979408264160156,Live,0.0,0.0,0.0,0.017282454270314867,534.708553314209,-9.351409912109375,-0.017488798064193744,1,-9.351409912109375,0.0
2022-05-05,4.284999847412109,-0.010049658926742366,35.9288444519043,-0.05171553996358702,0.041665881036844654,0.041665881036844654,0.013372954650894971,0.018061233371725473,1,0,-1.0,10,43.148149990720704,-36.0,10.0,154.25999450683594,-359.28844451904297,1.0620002746582031,7.614707946777344,Closed,154.25999450683594,-359.28844451904297,8.676708221435547,0.018061233371725473,513.5484390258789,8.676708221435547,0.01689559847147799,0,0.0,0.0
2022-05-06,4.261499881744385,-0.005484239557655313,35.26951217651367,-0.01835105708098217,0.012866817523326857,0.012866817523326857,0.013306387226253812,0.018154815580281425,1,0,0.0,10,27.69374195531902,0.0,0.0,0.0,0.0,0.0,0.0,,0.0,0.0,0.0,0.018154815580281425,0.0,0.0,0.0,0,0.0,0.0
2022-05-07,4.261499881744385,0.0,35.26951217651367,0.0,0.0,0.0,0.01315453743058915,0.018102011697081772,1,0,0.0,10,,0.0,0.0,0.0,0.0,0.0,0.0,,0.0,0.0,0.0,0.018102011697081772,0.0,0.0,0.0,0,0.0,0.0
2022-05-08,4.261499881744385,0.0,35.26951217651367,0.0,0.0,0.0,0.012916490281878851,0.0179875847558523,1,0,0.0,10,,0.0,0.0,0.0,0.0,0.0,0.0,,0.0,0.0,0.0,0.0179875847558523,0.0,0.0,0.0,0,0.0,0.0
2022-05-09,4.192999839782715,-0.0160741625865376,33.15222930908203,-0.06003153252688198,0.04395736994034438,0.04395736994034438,0.013015948748666573,0.018976736047189004,1,1,1.0,10,29.528335424603217,-296.0,10.0,1241.1279525756836,-331.5222930908203,0.0,0.0,Opened,1241.1279525756836,-331.5222930908203,0.0,0.018976736047189004,1572.650245666504,0.0,0.0,0,0.0,1572.650245666504
2022-05-10,4.1545000076293945,-0.009181930270551919,32.68790817260742,-0.014005728910285065,0.004823798639733146,0.004823798639733146,0.013047051922607106,0.019027108348360706,1,1,0.0,10,12.00162605320393,296.0,-10.0,-1229.7320022583008,326.8790817260742,11.395950317382812,-4.643211364746094,Live,0.0,0.0,0.0,0.019027108348360706,1556.611083984375,6.752738952636719,0.004338102832566301,0,0.0,0.0
2022-05-11,4.212500095367432,0.013960786528228297,32.97578430175781,0.008806807937365324,0.005153978590862973,0.005153978590862973,0.013119332858028729,0.01900775854113776,1,1,0.0,10,4.9381451207737195,296.0,-10.0,-1246.9000282287598,329.7578430175781,-5.772075653076172,-1.7644500732421875,Live,0.0,0.0,0.0,0.01900775854113776,1576.657871246338,-7.536525726318359,-0.004780064124096107,0,0.0,0.0
2022-05-12,4.105000019073486,-0.025519305367414757,31.90785789489746,-0.03238517079951375,0.006865865432098994,0.006865865432098994,0.01309913996146374,0.01917087642452805,1,1,0.0,10,9.864199084450243,296.0,-10.0,-1215.080005645752,319.0785789489746,26.04794692993164,-12.443714141845703,Live,0.0,0.0,0.0,0.01917087642452805,1534.1585845947266,13.604232788085938,0.008867553149128791,0,0.0,0.0
2022-05-13,4.180500030517578,0.0183922073308862,32.929351806640625,0.03201386677563578,-0.013621659444749579,0.013621659444749579,0.013156094674646965,0.019430984973158417,0,0,-1.0,10,13.71068743840273,296.0,-10.0,-1237.4280090332031,329.29351806640625,3.6999435424804688,-2.2287750244140625,Closed,-1237.4280090332031,329.29351806640625,1.4711685180664062,0.019430984973158417,1566.7215270996094,1.4711685180664062,0.0009390108533134823,0,1.4711685180664062,0.0
2022-05-14,4.180500030517578,0.0,32.929351806640625,0.0,0.0,0.0,0.013147192014298658,0.019403136490265517,1,0,0.0,10,,0.0,0.0,0.0,0.0,0.0,0.0,,0.0,0.0,0.0,0.019403136490265517,0.0,0.0,0.0,0,0.0,0.0
2022-05-15,4.180500030517578,0.0,32.929351806640625,0.0,0.0,0.0,0.013139885689671163,0.019390022432352095,1,0,0.0,10,,0.0,0.0,0.0,0.0,0.0,0.0,,0.0,0.0,0.0,0.019390022432352095,0.0,0.0,0.0,0,0.0,0.0
2022-05-16,4.196499824523926,0.00382724408313595,33.523677825927734,0.018048518621835097,-0.014221274538699147,0.014221274538699147,0.013147263175649352,0.01947922033169959,0,0,0.0,10,37.6721017606689,0.0,0.0,0.0,0.0,0.0,0.0,,0.0,0.0,0.0,0.01947922033169959,0.0,0.0,0.0,0,0.0,0.0
2022-05-17,4.239500045776367,0.010246687251397546,35.11164855957031,0.04736863126677626,-0.037121944015378716,0.037121944015378716,0.013191649028322507,0.020056300475157964,0,1,1.0,10,38.28634703270204,383.0,-10.0,-1623.7285175323486,351.1164855957031,0.0,0.0,Opened,-1623.7285175323486,351.1164855957031,0.0,0.020056300475157964,1974.8450031280518,0.0,0.0,0,0.0,1974.8450031280518
2022-05-18,4.182000160217285,-0.013562893015266475,34.00657272338867,-0.031473197115959195,0.01791030410069272,0.01791030410069272,0.013249310032569144,0.020266841596014287,1,0,-1.0,10,18.869802093978517,-383.0,10.0,1601.7060613632202,-340.0657272338867,-22.022456169128418,11.050758361816406,Closed,1601.7060613632202,-340.0657272338867,-10.971697807312012,0.020266841596014287,1941.771788597107,-10.971697807312012,-0.005650353904481666,0,-10.971697807312012,0.0
2022-05-19,4.284999847412109,0.0246292881991359,35.50166702270508,0.043964862659862325,-0.019335574460726423,0.019335574460726423,0.013486639682314441,0.020616438542786032,0,0,0.0,10,14.78944224430932,0.0,0.0,0.0,0.0,0.0,0.0,,0.0,0.0,0.0,0.020616438542786032,0.0,0.0,0.0,0,0.0,0.0
2022-05-20,4.281000137329102,-0.0009334212894834826,35.455238342285156,-0.0013077887410252176,0.000374367451541735,0.000374367451541735,0.013095427295214292,0.020311514914712295,1,0,0.0,10,11.603661723135454,0.0,0.0,0.0,0.0,0.0,0.0,,0.0,0.0,0.0,0.020311514914712295,0.0,0.0,0.0,0,0.0,0.0
2022-05-21,4.281000137329102,0.0,35.455238342285156,0.0,0.0,0.0,0.013029402867425158,0.020303636278003922,1,0,0.0,10,,0.0,0.0,0.0,0.0,0.0,0.0,,0.0,0.0,0.0,0.020303636278003922,0.0,0.0,0.0,0,0.0,0.0
2022-05-22,4.281000137329102,0.0,35.455238342285156,0.0,0.0,0.0,0.012622574001638716,0.020280332995486382,1,0,0.0,10,,0.0,0.0,0.0,0.0,0.0,0.0,,0.0,0.0,0.0,0.020280332995486382,0.0,0.0,0.0,0,0.0,0.0
2022-05-23,4.347499847412109,0.015533685575748857,36.37458419799805,0.025929760980239802,-0.010396075404490945,0.010396075404490945,0.012723109546734508,0.020451239191443257,0,0,0.0,10,13.966335337984681,0.0,0.0,0.0,0.0,0.0,0.0,,0.0,0.0,0.0,0.020451239191443257,0.0,0.0,0.0,0,0.0,0.0
2022-05-24,4.325500011444092,-0.005060341975886007,36.04956817626953,-0.008935250502365988,0.003874908526479981,0.003874908526479981,0.012732062967511223,0.02046989127875084,1,0,0.0,10,14.71602831037877,0.0,0.0,0.0,0.0,0.0,0.0,,0.0,0.0,0.0,0.02046989127875084,0.0,0.0,0.0,0,0.0,0.0
2022-05-25,4.2769999504089355,-0.01121259066162028,35.94741439819336,-0.002833703238182439,-0.008378887423437842,0.008378887423437842,0.012778135097064025,0.020459509244495674,0,0,0.0,10,2.1241090621933134,0.0,0.0,0.0,0.0,0.0,0.0,,0.0,0.0,0.0,0.020459509244495674,0.0,0.0,0.0,0,0.0,0.0
2022-05-26,4.255000114440918,-0.0051437540853640495,36.26314926147461,0.008783242649494039,-0.013926996734858088,0.013926996734858088,0.012773281768718612,0.02047457517424421,0,0,0.0,10,14.55260109276637,0.0,0.0,0.0,0.0,0.0,0.0,,0.0,0.0,0.0,0.02047457517424421,0.0,0.0,0.0,0,0.0,0.0
2022-05-27,4.303999900817871,0.01151581317487027,36.86676788330078,0.01664551022509908,-0.00512969705022881,0.00512969705022881,0.012827814398361462,0.02052299996251218,0,0,0.0,10,12.381273388215698,0.0,0.0,0.0,0.0,0.0,0.0,,0.0,0.0,0.0,0.02052299996251218,0.0,0.0,0.0,0,0.0,0.0
2022-05-28,4.303999900817871,0.0,36.86676788330078,0.0,0.0,0.0,0.012824397889913021,0.020479658743706698,1,0,0.0,10,,0.0,0.0,0.0,0.0,0.0,0.0,,0.0,0.0,0.0,0.020479658743706698,0.0,0.0,0.0,0,0.0,0.0
2022-05-29,4.303999900817871,0.0,36.86676788330078,0.0,0.0,0.0,0.012824211324305368,0.02047460885952658,1,0,0.0,10,,0.0,0.0,0.0,0.0,0.0,0.0,,0.0,0.0,0.0,0.02047460885952658,0.0,0.0,0.0,0,0.0,0.0
2022-05-30,4.303999900817871,0.0,36.86676788330078,0.0,0.0,0.0,0.012824211324305368,0.02047460885952658,1,0,0.0,10,,0.0,0.0,0.0,0.0,0.0,0.0,,0.0,0.0,0.0,0.02047460885952658,0.0,0.0,0.0,0,0.0,0.0
2022-05-31,4.295000076293945,-0.0020910373446373365,36.71818542480469,-0.004030254536183442,0.0019392171915461054,0.0019392171915461054,0.012825245991749888,0.02047841738097984,1,0,0.0,10,16.477401385244907,0.0,0.0,0.0,0.0,0.0,0.0,,0.0,0.0,0.0,0.02047841738097984,0.0,0.0,0.0,0,0.0,0.0
2022-06-01,4.329999923706055,0.00814897480567911,36.699607849121094,-0.0005059502660238469,0.008654925071702957,0.008654925071702957,0.012853848039631324,0.020478450026561047,1,0,0.0,10,0.5262333747844405,0.0,0.0,0.0,0.0,0.0,0.0,,0.0,0.0,0.0,0.020478450026561047,0.0,0.0,0.0,0,0.0,0.0
2022-06-02,4.553999900817871,0.051732097242185304,38.39900588989258,0.046305618516634395,0.0054264787255509095,0.0054264787255509095,0.013866976372362103,0.020997667068292297,1,0,0.0,10,7.54745562998762,0.0,0.0,0.0,0.0,0.0,0.0,,0.0,0.0,0.0,0.020997667068292297,0.0,0.0,0.0,0,0.0,0.0
2022-06-03,4.477499961853027,-0.016798405935648963,37.832542419433594,-0.014752034781402745,-0.002046371154246218,0.002046371154246218,0.013955988142414251,0.02104144764459909,0,0,0.0,10,7.420168930374764,0.0,0.0,0.0,0.0,0.0,0.0,,0.0,0.0,0.0,0.02104144764459909,0.0,0.0,0.0,0,0.0,0.0
2022-06-04,4.477499961853027,0.0,37.832542419433594,0.0,0.0,0.0,0.01394183004332986,0.02102629467907955,1,0,0.0,10,,0.0,0.0,0.0,0.0,0.0,0.0,,0.0,0.0,0.0,0.02102629467907955,0.0,0.0,0.0,0,0.0,0.0
2022-06-05,4.477499961853027,0.0,37.832542419433594,0.0,0.0,0.0,0.013936288553234541,0.02062126482461972,1,0,0.0,10,,0.0,0.0,0.0,0.0,0.0,0.0,,0.0,0.0,0.0,0.02062126482461972,0.0,0.0,0.0,0,0.0,0.0
2022-06-06,4.439499855041504,-0.008486902766113524,38.306148529052734,0.012518484863334622,-0.021005387629448147,0.021005387629448147,0.013962770988184913,0.020659636528448978,0,1,1.0,10,12.727320602064783,128.0,-10.0,-568.2559814453125,383.06148529052734,0.0,0.0,Opened,-568.2559814453125,383.06148529052734,0.0,0.020659636528448978,951.3174667358398,0.0,0.0,0,0.0,951.3174667358398
2022-06-07,4.439499855041504,0.0,38.70545959472656,0.010424202928440485,-0.010424202928440485,0.010424202928440485,0.013962770988184913,0.020685621250149618,0,1,0.0,10,inf,-128.0,10.0,568.2559814453125,-387.0545959472656,0.0,-3.9931106567382812,Live,0.0,0.0,0.0,0.020685621250149618,955.3105773925781,-3.9931106567382812,-0.004179908347332515,0,0.0,0.0
2022-06-08,4.458499908447266,0.004279773403795817,37.84183120727539,-0.022312831225722918,0.026592604629518735,0.026592604629518735,0.013955146133612376,0.020736329987697977,1,0,-1.0,10,44.2504087857587,-128.0,10.0,570.68798828125,-378.4183120727539,2.4320068359375,4.6431732177734375,Closed,570.68798828125,-378.4183120727539,7.0751800537109375,0.020736329987697977,949.1063003540039,7.0751800537109375,0.007454570737831991,0,7.0751800537109375,0.0
2022-06-09,4.388999938964844,-0.015588195785480319,36.569602966308594,-0.03361962675638697,0.018031430970906648,0.018031430970906648,0.013666894465619073,0.021003302590831836,1,0,0.0,10,17.97015016457591,0.0,0.0,0.0,0.0,0.0,0.0,,0.0,0.0,0.0,0.021003302590831836,0.0,0.0,0.0,0,0.0,0.0
2022-06-10,4.301000118255615,-0.02005008474207992,35.71525955200195,-0.02336211894599305,0.003312034203913128,0.003312034203913128,0.013718150077820561,0.020906291824815598,1,0,0.0,10,9.675654995950913,0.0,0.0,0.0,0.0,0.0,0.0,,0.0,0.0,0.0,0.020906291824815598,0.0,0.0,0.0,0,0.0,0.0
2022-06-11,4.301000118255615,0.0,35.71525955200195,0.0,0.0,0.0,0.01347227038760826,0.020761521708318513,1,0,0.0,10,,0.0,0.0,0.0,0.0,0.0,0.0,,0.0,0.0,0.0,0.020761521708318513,0.0,0.0,0.0,0,0.0,0.0
2022-06-12,4.301000118255615,0.0,35.71525955200195,0.0,0.0,0.0,0.013028980978269296,0.02074937490917657,1,0,0.0,10,,0.0,0.0,0.0,0.0,0.0,0.0,,0.0,0.0,0.0,0.02074937490917657,0.0,0.0,0.0,0,0.0,0.0
2022-06-13,4.2164998054504395,-0.019646666003684587,33.83013153076172,-0.05278214535989745,0.03313547935621286,0.03313547935621286,0.013157015578703916,0.02137920152575548,1,1,1.0,10,21.555086893792215,-216.0,10.0,910.7639579772949,-338.3013153076172,0.0,0.0,Opened,910.7639579772949,-338.3013153076172,0.0,0.02137920152575548,1249.065273284912,0.0,0.0,0,0.0,1249.065273284912
2022-06-14,4.161499977111816,-0.013043953723780088,33.35652542114258,-0.013999534976341765,0.0009555812525616769,0.0009555812525616769,0.013206816036543785,0.021413294735779322,1,1,0.0,10,8.602709744401803,216.0,-10.0,-898.8839950561523,333.5652542114258,11.879962921142578,-4.736061096191406,Live,0.0,0.0,0.0,0.021413294735779322,1232.4492492675781,7.143901824951172,0.0057965079123514915,0,0.0,0.0
2022-06-15,4.167500019073486,0.0014417979081269294,33.904422760009766,0.016425491922486435,-0.014983694014359505,0.014983694014359505,0.012563583313612677,0.021287191649982218,0,0,-1.0,10,92.68185940369432,216.0,-10.0,-900.180004119873,339.04422760009766,10.583953857421875,0.7429122924804688,Closed,-900.180004119873,339.04422760009766,11.326866149902344,0.021287191649982218,1239.2242317199707,11.326866149902344,0.009140287818760062,0,11.326866149902344,0.0
2022-06-16,4.111999988555908,-0.013317343794497893,32.50218200683594,-0.041358638166456796,0.028041294371958903,0.028041294371958903,0.012617870707481419,0.0216347952227412,1,1,1.0,10,24.547543135861833,-246.0,10.0,1011.5519971847534,-325.0218200683594,0.0,0.0,Opened,1011.5519971847534,-325.0218200683594,0.0,0.0216347952227412,1336.5738172531128,0.0,0.0,0,0.0,1336.5738172531128
2022-06-17,4.017499923706055,-0.022981533344566207,32.06572341918945,-0.013428593426579427,-0.00955293991798678,0.00955293991798678,0.012497107885426932,0.021651507786811196,0,0,-1.0,10,4.663765316563273,246.0,-10.0,-988.3049812316895,320.65723419189453,23.247015953063965,-4.364585876464844,Closed,-988.3049812316895,320.65723419189453,18.88243007659912,0.021651507786811196,1308.962215423584,18.88243007659912,0.01442549666759381,0,18.88243007659912,0.0
2022-06-18,4.017499923706055,0.0,32.06572341918945,0.0,0.0,0.0,0.012355599853118538,0.021518110131093903,1,0,0.0,10,,0.0,0.0,0.0,0.0,0.0,0.0,,0.0,0.0,0.0,0.021518110131093903,0.0,0.0,0.0,0,0.0,0.0
2022-06-19,4.017499923706055,0.0,32.06572341918945,0.0,0.0,0.0,0.012347758780072188,0.02144060920648764,1,0,0.0,10,,0.0,0.0,0.0,0.0,0.0,0.0,,0.0,0.0,0.0,0.02144060920648764,0.0,0.0,0.0,0,0.0,0.0
2022-06-20,4.017499923706055,0.0,32.06572341918945,0.0,0.0,0.0,0.012347758780072188,0.02144060920648764,1,0,0.0,10,,0.0,0.0,0.0,0.0,0.0,0.0,,0.0,0.0,0.0,0.02144060920648764,0.0,0.0,0.0,0,0.0,0.0
2022-06-21,4.043000221252441,0.006347305048076679,32.29788589477539,0.007240207013293309,-0.0008929019652166303,0.0008929019652166303,0.012370865917680565,0.021459455060490663,0,0,0.0,10,9.112382551898397,0.0,0.0,0.0,0.0,0.0,0.0,,0.0,0.0,0.0,0.021459455060490663,0.0,0.0,0.0,0,0.0,0.0
2022-06-22,3.9514999389648438,-0.022631777709686274,30.561342239379883,-0.05376648060040412,0.031134702890717847,0.031134702890717847,0.012374508291381925,0.021678137518119367,1,1,1.0,10,18.373986192715527,-184.0,10.0,727.0759887695312,-305.6134223937988,0.0,0.0,Opened,727.0759887695312,-305.6134223937988,0.0,0.021678137518119367,1032.68941116333,0.0,0.0,0,0.0,1032.68941116333
2022-06-23,3.758500099182129,-0.048842172026775765,28.713359832763672,-0.060467972647974544,0.011625800621198779,0.011625800621198779,0.013258002218831631,0.022413450742167707,1,1,0.0,10,9.458012562210135,184.0,-10.0,-691.5640182495117,287.1335983276367,35.51197052001953,-18.47982406616211,Live,0.0,0.0,0.0,0.022413450742167707,978.6976165771484,17.032146453857422,0.017402869042866233,0,0.0,0.0
2022-06-24,3.759999990463257,0.00039906644713250117,29.864864349365234,0.04010344046493741,-0.03970437401780491,0.03970437401780491,0.013090406470332912,0.022240900249451245,0,0,-1.0,10,798.1952156994294,184.0,-10.0,-691.8399982452393,298.64864349365234,35.23599052429199,-6.964778900146484,Closed,-691.8399982452393,298.64864349365234,28.271211624145508,0.022240900249451245,990.4886417388916,28.271211624145508,0.028542691387669888,0,28.271211624145508,0.0
2022-06-25,3.759999990463257,0.0,29.864864349365234,0.0,0.0,0.0,0.012861094293542933,0.02209125728516358,1,0,0.0,10,,0.0,0.0,0.0,0.0,0.0,0.0,,0.0,0.0,0.0,0.02209125728516358,0.0,0.0,0.0,0,0.0,0.0
2022-06-26,3.759999990463257,0.0,29.864864349365234,0.0,0.0,0.0,0.01281793271970279,0.022031341672130243,1,0,0.0,10,,0.0,0.0,0.0,0.0,0.0,0.0,,0.0,0.0,0.0,0.022031341672130243,0.0,0.0,0.0,0,0.0,0.0
2022-06-27,3.7790000438690186,0.005053205705838559,30.44990348815918,0.019589546162006366,-0.014536340456167807,0.014536340456167807,0.012836687963079857,0.022143891865990587,0,0,0.0,10,31.236791611417964,0.0,0.0,0.0,0.0,0.0,0.0,,0.0,0.0,0.0,0.022143891865990587,0.0,0.0,0.0,0,0.0,0.0
2022-06-28,3.7839999198913574,0.0013230685272023202,30.28274917602539,-0.00548948577780517,0.00681255430500749,0.00681255430500749,0.012839619758139801,0.022144008686408465,1,0,0.0,10,33.204237107872274,0.0,0.0,0.0,0.0,0.0,0.0,,0.0,0.0,0.0,0.022144008686408465,0.0,0.0,0.0,0,0.0,0.0
2022-06-29,3.7790000438690186,-0.0013213203298594323,29.502227783203125,-0.025774456218796593,0.02445313588893716,0.02445313588893716,0.012833558317949356,0.022094818596419256,1,1,1.0,10,152.28576496550096,-1523.0,10.0,5755.417066812515,-295.02227783203125,0.0,0.0,Opened,5755.417066812515,-295.02227783203125,0.0,0.022094818596419256,6050.4393446445465,0.0,0.0,0,0.0,6050.4393446445465
2022-06-30,3.7144999504089355,-0.017068031942663486,28.847042083740234,-0.022208007621577486,0.005139975678913999,0.005139975678913999,0.012920491775776885,0.022161195258126053,1,1,0.0,10,10.104785107871827,1523.0,-10.0,-5657.183424472809,288.47042083740234,98.23364233970642,-6.551856994628906,Live,0.0,0.0,0.0,0.022161195258126053,5945.653845310211,91.68178534507751,0.015419966875029884,0,0.0,0.0
2022-07-01,3.61899995803833,-0.025710053478420924,28.286815643310547,-0.01942058526497803,-0.006289468213442895,0.006289468213442895,0.013003260904769663,0.022170060611172746,0,0,-1.0,10,5.904115104206398,1523.0,-10.0,-5511.736936092377,282.86815643310547,243.68013072013855,-12.154121398925781,Closed,-5511.736936092377,282.86815643310547,231.52600932121277,0.022170060611172746,5794.605092525482,231.52600932121277,0.039955442281970246,0,231.52600932121277,0.0
2022-07-02,3.61899995803833,0.0,28.286815643310547,0.0,0.0,0.0,0.012998374350107445,0.022122001373151977,1,0,0.0,10,,0.0,0.0,0.0,0.0,0.0,0.0,,0.0,0.0,0.0,0.022122001373151977,0.0,0.0,0.0,0,0.0,0.0
2022-07-03,3.61899995803833,0.0,28.286815643310547,0.0,0.0,0.0,0.012984205001735269,0.022101693831083576,1,0,0.0,10,,0.0,0.0,0.0,0.0,0.0,0.0,,0.0,0.0,0.0,0.022101693831083576,0.0,0.0,0.0,0,0.0,0.0
2022-07-04,3.61899995803833,0.0,28.286815643310547,0.0,0.0,0.0,0.012984205001735269,0.022101693831083576,1,0,0.0,10,,0.0,0.0,0.0,0.0,0.0,0.0,,0.0,0.0,0.0,0.022101693831083576,0.0,0.0,0.0,0,0.0,0.0
2022-07-05,3.424999952316284,-0.05360597070224982,26.815027236938477,-0.05203089753653933,-0.0015750731657104833,0.0015750731657104833,0.013950687283855004,0.022613787989164153,0,0,0.0,10,7.599164145018556,0.0,0.0,0.0,0.0,0.0,0.0,,0.0,0.0,0.0,0.022613787989164153,0.0,0.0,0.0,0,0.0,0.0
2022-07-06,3.4179999828338623,-0.002043786738650244,26.796035766601562,-0.0007082398301931914,-0.0013355469084570526,0.0013355469084570526,0.01392140050254665,0.022610781481376824,0,0,0.0,10,2.7167098840838526,0.0,0.0,0.0,0.0,0.0,0.0,,0.0,0.0,0.0,0.022610781481376824,0.0,0.0,0.0,0,0.0,0.0
2022-07-07,3.5820000171661377,0.04798128588529216,28.419750213623047,0.06059532317258931,-0.012614037287297153,0.012614037287297153,0.014826121924477185,0.023515563618232236,0,0,0.0,10,10.019865599318697,0.0,0.0,0.0,0.0,0.0,0.0,,0.0,0.0,0.0,0.023515563618232236,0.0,0.0,0.0,0,0.0,0.0
2022-07-08,3.5320000648498535,-0.013958668921459472,27.963970184326172,-0.016037439663294295,0.0020787707418348234,0.0020787707418348234,0.014849309205909931,0.023513584322998257,1,0,0.0,10,9.096391766498067,0.0,0.0,0.0,0.0,0.0,0.0,,0.0,0.0,0.0,0.023513584322998257,0.0,0.0,0.0,0,0.0,0.0
2022-07-09,3.5320000648498535,0.0,27.963970184326172,0.0,0.0,0.0,0.01484770174266412,0.023511382028931428,1,0,0.0,10,,0.0,0.0,0.0,0.0,0.0,0.0,,0.0,0.0,0.0,0.023511382028931428,0.0,0.0,0.0,0,0.0,0.0
2022-07-10,3.5320000648498535,0.0,27.963970184326172,0.0,0.0,0.0,0.014816364970987659,0.023319056406483525,1,0,0.0,10,,0.0,0.0,0.0,0.0,0.0,0.0,,0.0,0.0,0.0,0.023319056406483525,0.0,0.0,0.0,0,0.0,0.0
2022-07-11,3.4375,-0.026755397257862357,26.701082229614258,-0.045161253798638445,0.01840585654077609,0.01840585654077609,0.015007337103275478,0.023673334700351163,1,0,0.0,10,13.11114874190929,0.0,0.0,0.0,0.0,0.0,0.0,,0.0,0.0,0.0,0.023673334700351163,0.0,0.0,0.0,0,0.0,0.0
2022-07-12,3.2964999675750732,-0.04101819125088779,26.112367630004883,-0.02204834225619623,-0.018969848994691563,0.018969848994691563,0.015478386706807096,0.023733048124432873,0,0,0.0,10,4.257872100271141,0.0,0.0,0.0,0.0,0.0,0.0,,0.0,0.0,0.0,0.023733048124432873,0.0,0.0,0.0,0,0.0,0.0
2022-07-13,3.325500011444092,0.008797222555518847,26.150348663330078,0.001454522771100697,0.00734269978441815,0.00734269978441815,0.015346255730668086,0.02372772046551751,1,0,0.0,10,1.3001560333523094,0.0,0.0,0.0,0.0,0.0,0.0,,0.0,0.0,0.0,0.02372772046551751,0.0,0.0,0.0,0,0.0,0.0
2022-07-14,3.2105000019073486,-0.03458126872379852,25.18181800842285,-0.03703700732164117,0.0024557385978426494,0.0024557385978426494,0.015642675973213033,0.0238279822064435,1,0,0.0,10,8.400581916395419,0.0,0.0,0.0,0.0,0.0,0.0,,0.0,0.0,0.0,0.0238279822064435,0.0,0.0,0.0,0,0.0,0.0
2022-07-15,3.234499931335449,0.007475449124386246,25.55213737487793,0.014705823317888056,-0.0072303741935018095,0.0072303741935018095,0.01566169239103328,0.023861139985499366,0,0,0.0,10,15.540755976371607,0.0,0.0,0.0,0.0,0.0,0.0,,0.0,0.0,0.0,0.023861139985499366,0.0,0.0,0.0,0,0.0,0.0
2022-07-16,3.234499931335449,0.0,25.55213737487793,0.0,0.0,0.0,0.01565944298620695,0.023821373035026232,1,0,0.0,10,,0.0,0.0,0.0,0.0,0.0,0.0,,0.0,0.0,0.0,0.023821373035026232,0.0,0.0,0.0,0,0.0,0.0
2022-07-17,3.234499931335449,0.0,25.55213737487793,0.0,0.0,0.0,0.01563783670914943,0.02378954081834678,1,0,0.0,10,,0.0,0.0,0.0,0.0,0.0,0.0,,0.0,0.0,0.0,0.02378954081834678,0.0,0.0,0.0,0,0.0,0.0
2022-07-18,3.3480000495910645,0.03509046859331777,26.42571449279785,0.0341880252561102,0.0009024433372075702,0.0009024433372075702,0.01610724089799098,0.024101687356695455,1,0,0.0,10,7.689996304558104,0.0,0.0,0.0,0.0,0.0,0.0,,0.0,0.0,0.0,0.024101687356695455,0.0,0.0,0.0,0,0.0,0.0
2022-07-19,3.2915000915527344,-0.016875733931136394,26.9764461517334,0.020840748093514883,-0.03771648202465128,0.03771648202465128,0.0161606370031737,0.024229704118634086,0,1,1.0,10,10.121421212285375,102.0,-10.0,-335.7330093383789,269.764461517334,0.0,0.0,Opened,-335.7330093383789,269.764461517334,0.0,0.024229704118634086,605.4974708557129,0.0,0.0,0,0.0,605.4974708557129
2022-07-20,3.3294999599456787,0.01154484804374345,26.815027236938477,-0.005983698293207107,0.017528546336950557,0.017528546336950557,0.016148905339004357,0.02417453796146866,1,0,-1.0,10,4.174271522627314,-102.0,10.0,339.60899591445923,-268.15027236938477,3.8759865760803223,1.6141891479492188,Closed,339.60899591445923,-268.15027236938477,5.490175724029541,0.02417453796146866,607.759268283844,5.490175724029541,0.00903347099836484,0,5.490175724029541,0.0
2022-07-21,3.302000045776367,-0.008259472743696983,26.834016799926758,0.0007081687003518411,-0.008967641444048824,0.008967641444048824,0.016036190417102525,0.024167068763510366,0,0,0.0,10,0.6967757315526366,0.0,0.0,0.0,0.0,0.0,0.0,,0.0,0.0,0.0,0.024167068763510366,0.0,0.0,0.0,0,0.0,0.0
2022-07-22,3.3485000133514404,0.014082364303583894,26.53016471862793,-0.011323391632506397,0.02540575593609029,0.02540575593609029,0.016126530142764137,0.023861543102813413,1,1,1.0,10,6.370750462795753,-64.0,10.0,214.3040008544922,-265.3016471862793,0.0,0.0,Opened,214.3040008544922,-265.3016471862793,0.0,0.023861543102813413,479.6056480407715,0.0,0.0,0,0.0,479.6056480407715
2022-07-23,3.3485000133514404,0.0,26.53016471862793,0.0,0.0,0.0,0.016120749414460917,0.023864676115775963,1,1,0.0,10,,64.0,-10.0,-214.3040008544922,265.3016471862793,0.0,0.0,Live,0.0,0.0,0.0,0.023864676115775963,479.6056480407715,0.0,0.0,0,0.0,0.0
2022-07-24,3.3485000133514404,0.0,26.53016471862793,0.0,0.0,0.0,0.016120749414460917,0.023864676115775963,1,1,0.0,10,,64.0,-10.0,-214.3040008544922,265.3016471862793,0.0,0.0,Live,0.0,0.0,0.0,0.023864676115775963,479.6056480407715,0.0,0.0,0,0.0,0.0
2022-07-25,3.3510000705718994,0.0007466200419563584,26.853008270263672,0.01216892375376255,-0.011422303711806192,0.011422303711806192,0.01612246209845849,0.023918774031776238,0,0,-1.0,10,130.6083776271328,64.0,-10.0,-214.46400451660156,268.5300827026367,-0.160003662109375,3.228435516357422,Closed,-214.46400451660156,268.5300827026367,3.068431854248047,0.023918774031776238,482.9940872192383,3.068431854248047,0.006352938753172023,0,3.068431854248047,0.0
2022-07-26,3.382499933242798,0.009400137871534708,26.64410972595215,-0.007779334896449996,0.017179472767984705,0.017179472767984705,0.016169139540160082,0.02391706903787566,1,0,0.0,10,6.518860108922704,0.0,0.0,0.0,0.0,0.0,0.0,,0.0,0.0,0.0,0.02391706903787566,0.0,0.0,0.0,0,0.0,0.0
2022-07-27,3.429500102996826,0.01389509850158932,27.441722869873047,0.02993581516232835,-0.01604071666073903,0.01604071666073903,0.016136089034917034,0.02412607919113086,0,0,0.0,10,17.238918351241193,0.0,0.0,0.0,0.0,0.0,0.0,,0.0,0.0,0.0,0.02412607919113086,0.0,0.0,0.0,0,0.0,0.0
2022-07-28,3.4749999046325684,0.013267181883442003,27.7360782623291,0.010726563847753612,0.002540618035688391,0.002540618035688391,0.016157964995628694,0.024172457025776136,1,0,0.0,10,6.453156478958309,0.0,0.0,0.0,0.0,0.0,0.0,,0.0,0.0,0.0,0.024172457025776136,0.0,0.0,0.0,0,0.0,0.0
2022-07-29,3.5840001106262207,0.03136696661439986,28.951492309570312,0.04382068855393939,-0.01245372193953953,0.01245372193953953,0.01647953114064277,0.024604175117118085,0,0,0.0,10,11.285209237596565,0.0,0.0,0.0,0.0,0.0,0.0,,0.0,0.0,0.0,0.024604175117118085,0.0,0.0,0.0,0,0.0,0.0
2022-07-30,3.5840001106262207,0.0,28.951492309570312,0.0,0.0,0.0,0.016420126933389286,0.02408925855898614,1,0,0.0,10,,0.0,0.0,0.0,0.0,0.0,0.0,,0.0,0.0,0.0,0.02408925855898614,0.0,0.0,0.0,0,0.0,0.0
2022-07-31,3.5840001106262207,0.0,28.951492309570312,0.0,0.0,0.0,0.01625453945069764,0.023633895114242964,1,0,0.0,10,,0.0,0.0,0.0,0.0,0.0,0.0,,0.0,0.0,0.0,0.023633895114242964,0.0,0.0,0.0,0,0.0,0.0
2022-08-01,3.552000045776367,-0.008928589247242602,28.3153018951416,-0.02197435654183566,0.013045767294593058,0.013045767294593058,0.01626616623976745,0.023712842045529606,1,0,0.0,10,19.61921183666966,0.0,0.0,0.0,0.0,0.0,0.0,,0.0,0.0,0.0,0.023712842045529606,0.0,0.0,0.0,0,0.0,0.0
2022-08-02,3.5244998931884766,-0.0077421599756426485,27.413238525390625,-0.031857805122175065,0.024115645146532416,0.024115645146532416,0.016272990258088326,0.023889855071947526,1,1,1.0,10,32.00490582665486,-321.0,10.0,1131.364465713501,-274.13238525390625,0.0,0.0,Opened,1131.364465713501,-274.13238525390625,0.0,0.023889855071947526,1405.4968509674072,0.0,0.0,0,0.0,1405.4968509674072
2022-08-03,3.4695000648498535,-0.015605002129498446,27.289796829223633,-0.004502995735168547,-0.0111020063943299,0.0111020063943299,0.01610463253308596,0.023837171035719185,0,0,-1.0,10,2.269713839808241,321.0,-10.0,-1113.709520816803,272.8979682922363,17.654944896697998,-1.2344169616699219,Closed,-1113.709520816803,272.8979682922363,16.420527935028076,0.023837171035719185,1386.6074891090393,16.420527935028076,0.011842232256785977,0,16.420527935028076,0.0
2022-08-04,3.4830000400543213,0.003891043364212088,27.536678314208984,0.009046658959401821,-0.005155615595189733,0.005155615595189733,0.016116717843209883,0.02355979072743743,0,0,0.0,10,18.38146913871846,0.0,0.0,0.0,0.0,0.0,0.0,,0.0,0.0,0.0,0.02355979072743743,0.0,0.0,0.0,0,0.0,0.0
2022-08-05,3.552999973297119,0.020097597599139316,28.087411880493164,0.020000000000000018,9.759759913929855e-05,9.759759913929855e-05,0.016262619712561672,0.023281727086000976,1,0,0.0,10,7.8668771449957395,0.0,0.0,0.0,0.0,0.0,0.0,,0.0,0.0,0.0,0.023281727086000976,0.0,0.0,0.0,0,0.0,0.0
2022-08-06,3.552999973297119,0.0,28.087411880493164,0.0,0.0,0.0,0.01624820225404453,0.023254140982183986,1,0,0.0,10,,0.0,0.0,0.0,0.0,0.0,0.0,,0.0,0.0,0.0,0.023254140982183986,0.0,0.0,0.0,0,0.0,0.0
2022-08-07,3.552999973297119,0.0,28.087411880493164,0.0,0.0,0.0,0.016247990019671362,0.023238891704510357,1,0,0.0,10,,0.0,0.0,0.0,0.0,0.0,0.0,,0.0,0.0,0.0,0.023238891704510357,0.0,0.0,0.0,0,0.0,0.0
2022-08-08,3.5875000953674316,0.009710138567295523,29.16988754272461,0.038539530336122896,-0.028829391768827373,0.028829391768827373,0.016288986646276753,0.023598105573215653,0,1,1.0,10,32.2718471436363,323.0,-10.0,-1158.7625308036804,291.6988754272461,0.0,0.0,Opened,-1158.7625308036804,291.6988754272461,0.0,0.023598105573215653,1450.4614062309265,0.0,0.0,0,0.0,1450.4614062309265
2022-08-09,3.5924999713897705,0.0013936936277145762,28.87552833557129,-0.010091201302102282,0.011484894929816858,0.011484894929816858,0.0162912216081389,0.02361040550054476,1,0,-1.0,10,58.1980885863062,-323.0,10.0,1160.3774907588959,-288.7552833557129,1.614959955215454,2.943592071533203,Closed,1160.3774907588959,-288.7552833557129,4.558552026748657,0.02361040550054476,1449.1327741146088,4.558552026748657,0.0031457103918816837,0,4.558552026748657,0.0
2022-08-10,3.6554999351501465,0.017536524498844797,30.062456130981445,0.04110497240488575,-0.023568447906040957,0.023568447906040957,0.016123350886685588,0.02397743834345804,0,0,0.0,10,19.276514713369995,0.0,0.0,0.0,0.0,0.0,0.0,,0.0,0.0,0.0,0.02397743834345804,0.0,0.0,0.0,0,0.0,0.0
2022-08-11,3.7105000019073486,0.015045839894110902,30.185895919799805,0.004106111233245002,0.0109397286608659,0.0109397286608659,0.016199446572237597,0.023951062468595213,1,0,0.0,10,2.220168354753676,0.0,0.0,0.0,0.0,0.0,0.0,,0.0,0.0,0.0,0.023951062468595213,0.0,0.0,0.0,0,0.0,0.0
2022-08-12,3.6760001182556152,-0.009297906921977961,30.57520866394043,0.012897173738854129,-0.02219508066083209,0.02219508066083209,0.016150097886439303,0.02388166034094099,0,0,0.0,10,11.537275648492818,0.0,0.0,0.0,0.0,0.0,0.0,,0.0,0.0,0.0,0.02388166034094099,0.0,0.0,0.0,0,0.0,0.0
2022-08-13,3.6760001182556152,0.0,30.57520866394043,0.0,0.0,0.0,0.016127631064991262,0.023345022454079416,1,0,0.0,10,,0.0,0.0,0.0,0.0,0.0,0.0,,0.0,0.0,0.0,0.023345022454079416,0.0,0.0,0.0,0,0.0,0.0
2022-08-14,3.6760001182556152,0.0,30.57520866394043,0.0,0.0,0.0,0.016122935414929495,0.02328200354541789,1,0,0.0,10,,0.0,0.0,0.0,0.0,0.0,0.0,,0.0,0.0,0.0,0.02328200354541789,0.0,0.0,0.0,0,0.0,0.0
2022-08-15,3.628999948501587,-0.012785682329175652,29.54970359802246,-0.03354041103004546,0.020754728700869807,0.020754728700869807,0.016162785626470902,0.023505675384266483,1,0,0.0,10,21.360461798760113,0.0,0.0,0.0,0.0,0.0,0.0,,0.0,0.0,0.0,0.023505675384266483,0.0,0.0,0.0,0,0.0,0.0
2022-08-16,3.6364998817443848,0.002066666671046491,29.958005905151367,0.013817475555194081,-0.01175080888414759,0.01175080888414759,0.01616601256125212,0.023555101685558803,0,0,0.0,10,55.07919616885342,0.0,0.0,0.0,0.0,0.0,0.0,,0.0,0.0,0.0,0.023555101685558803,0.0,0.0,0.0,0,0.0,0.0
2022-08-17,3.5980000495910645,-0.010587057171813408,29.388282775878906,-0.019017391580609,0.008430334408795592,0.008430334408795592,0.01612515135371036,0.02287021882202915,1,0,0.0,10,14.671980315241692,0.0,0.0,0.0,0.0,0.0,0.0,,0.0,0.0,0.0,0.02287021882202915,0.0,0.0,0.0,0,0.0,0.0
2022-08-18,3.6465001106262207,0.013479727728372026,29.79658317565918,0.01389330580810233,-0.00041357807973030347,0.00041357807973030347,0.016173850300505922,0.022879448399519258,0,0,0.0,10,8.4219897705381,0.0,0.0,0.0,0.0,0.0,0.0,,0.0,0.0,0.0,0.022879448399519258,0.0,0.0,0.0,0,0.0,0.0
2022-08-19,3.683500051498413,0.010146699506293988,29.084428787231445,-0.023900538670134974,0.03404723817642896,0.03404723817642896,0.016142266613407376,0.02297624279448925,1,1,1.0,10,18.598706829169323,-186.0,10.0,685.1310095787048,-290.84428787231445,0.0,0.0,Opened,685.1310095787048,-290.84428787231445,0.0,0.02297624279448925,975.9752974510193,0.0,0.0,0,0.0,975.9752974510193
2022-08-20,3.683500051498413,0.0,29.084428787231445,0.0,0.0,0.0,0.015954733944723215,0.022756482755687757,1,1,0.0,10,,186.0,-10.0,-685.1310095787048,290.84428787231445,0.0,0.0,Live,0.0,0.0,0.0,0.022756482755687757,975.9752974510193,0.0,0.0,0,0.0,0.0
2022-08-21,3.683500051498413,0.0,29.084428787231445,0.0,0.0,0.0,0.01583499507340052,0.02251596843381994,1,1,0.0,10,,186.0,-10.0,-685.1310095787048,290.84428787231445,0.0,0.0,Live,0.0,0.0,0.0,0.02251596843381994,975.9752974510193,0.0,0.0,0,0.0,0.0
2022-08-22,3.6705000400543213,-0.003529255127552755,28.704612731933594,-0.013059085948581406,0.00952983082102865,0.00952983082102865,0.015836360559947884,0.02254802089543837,1,1,0.0,10,28.937178593318865,186.0,-10.0,-682.7130074501038,287.04612731933594,2.418002128601074,-3.7981605529785156,Live,0.0,0.0,0.0,0.02254802089543837,969.7591347694397,-1.3801584243774414,-0.0014231971372000267,0,0.0,0.0
2022-08-23,3.7044999599456787,0.009263021256050497,30.0909423828125,0.048296406707366124,-0.03903338545131563,0.03903338545131563,0.015870361185244087,0.0230831387206357,0,0,-1.0,10,42.35145683956366,186.0,-10.0,-689.0369925498962,300.909423828125,-3.9059829711914062,10.065135955810547,Closed,-689.0369925498962,300.909423828125,6.159152984619141,0.0230831387206357,989.9464163780212,6.159152984619141,0.006221703400022416,0,6.159152984619141,0.0
2022-08-24,3.6605000495910645,-0.01187742227840638,29.98649024963379,-0.003471215086915058,-0.008406207191491322,0.008406207191491322,0.01589895753582257,0.023007367341177348,0,0,0.0,10,2.394112462658933,0.0,0.0,0.0,0.0,0.0,0.0,,0.0,0.0,0.0,0.023007367341177348,0.0,0.0,0.0,0,0.0,0.0
2022-08-25,3.7105000019073486,0.01365932294465333,30.907543182373047,0.03071559642597732,-0.01705627348132399,0.01705627348132399,0.015927499396996125,0.022713201830281245,0,0,0.0,10,18.73103727820342,0.0,0.0,0.0,0.0,0.0,0.0,,0.0,0.0,0.0,0.022713201830281245,0.0,0.0,0.0,0,0.0,0.0
2022-08-26,3.7114999294281006,0.000269485923794166,30.252365112304688,-0.021197999019281988,0.021467484943076154,0.021467484943076154,0.01587909157887276,0.02259698162581232,1,0,0.0,10,641.1633050533505,0.0,0.0,0.0,0.0,0.0,0.0,,0.0,0.0,0.0,0.02259698162581232,0.0,0.0,0.0,0,0.0,0.0
2022-08-27,3.7114999294281006,0.0,30.252365112304688,0.0,0.0,0.0,0.01566607003929138,0.02213798893258306,1,0,0.0,10,,0.0,0.0,0.0,0.0,0.0,0.0,,0.0,0.0,0.0,0.02213798893258306,0.0,0.0,0.0,0,0.0,0.0
2022-08-28,3.7114999294281006,0.0,30.252365112304688,0.0,0.0,0.0,0.015666577138188423,0.02213840368714106,1,0,0.0,10,,0.0,0.0,0.0,0.0,0.0,0.0,,0.0,0.0,0.0,0.02213840368714106,0.0,0.0,0.0,0,0.0,0.0
2022-08-29,3.626499891281128,-0.022901802441922747,29.79658317565918,-0.015065993516656495,-0.007835808925266252,0.007835808925266252,0.01581401146707864,0.022180400648215342,0,0,0.0,10,5.40513952553066,0.0,0.0,0.0,0.0,0.0,0.0,,0.0,0.0,0.0,0.022180400648215342,0.0,0.0,0.0,0,0.0,0.0
2022-08-30,3.5450000762939453,-0.022473408915060333,28.562183380126953,-0.041427561954170855,0.018954153039110522,0.018954153039110522,0.015951088001993997,0.022536259779618296,1,0,0.0,10,14.852363704858584,0.0,0.0,0.0,0.0,0.0,0.0,,0.0,0.0,0.0,0.022536259779618296,0.0,0.0,0.0,0,0.0,0.0
2022-08-31,3.5185000896453857,-0.0074753134212237615,28.343786239624023,-0.007646374144313017,0.0001710607230892558,0.0001710607230892558,0.015864851228851836,0.02236681672733399,1,0,0.0,10,8.239985281922175,0.0,0.0,0.0,0.0,0.0,0.0,,0.0,0.0,0.0,0.02236681672733399,0.0,0.0,0.0,0,0.0,0.0
2022-09-01,3.4144999980926514,-0.029558075572826303,27.261310577392578,-0.038190933740467115,0.008632858167640811,0.008632858167640811,0.016100160594138938,0.022644837069893613,1,0,0.0,10,10.315819517250798,0.0,0.0,0.0,0.0,0.0,0.0,,0.0,0.0,0.0,0.022644837069893613,0.0,0.0,0.0,0,0.0,0.0
2022-09-02,3.4214999675750732,0.0020500716023816867,27.584152221679688,0.011842484365180761,-0.009792412762799074,0.009792412762799074,0.01608006064384129,0.022690398655871715,0,0,0.0,10,46.57114233277225,0.0,0.0,0.0,0.0,0.0,0.0,,0.0,0.0,0.0,0.022690398655871715,0.0,0.0,0.0,0,0.0,0.0
2022-09-03,3.4214999675750732,0.0,27.584152221679688,0.0,0.0,0.0,0.016078455432303292,0.022663699264447012,1,0,0.0,10,,0.0,0.0,0.0,0.0,0.0,0.0,,0.0,0.0,0.0,0.022663699264447012,0.0,0.0,0.0,0,0.0,0.0
2022-09-04,3.4214999675750732,0.0,27.584152221679688,0.0,0.0,0.0,0.01602145508696623,0.022582818572558828,1,0,0.0,10,,0.0,0.0,0.0,0.0,0.0,0.0,,0.0,0.0,0.0,0.022582818572558828,0.0,0.0,0.0,0,0.0,0.0
2022-09-05,3.4214999675750732,0.0,27.584152221679688,0.0,0.0,0.0,0.01602145508696623,0.022582818572558828,1,0,0.0,10,,0.0,0.0,0.0,0.0,0.0,0.0,,0.0,0.0,0.0,0.022582818572558828,0.0,0.0,0.0,0,0.0,0.0
2022-09-06,3.4690001010894775,0.01388283909529564,27.80255126953125,0.007917555199681292,0.005965283895614348,0.005965283895614348,0.01610035489336509,0.02260604685337381,1,0,0.0,10,4.5708097755046095,0.0,0.0,0.0,0.0,0.0,0.0,,0.0,0.0,0.0,0.02260604685337381,0.0,0.0,0.0,0,0.0,0.0
2022-09-07,3.437999963760376,-0.008936332206898934,27.840530395507812,0.001366030246950256,-0.01030236245384919,0.01030236245384919,0.016113792252094302,0.022608024532157107,0,0,0.0,10,1.2378631868544518,0.0,0.0,0.0,0.0,0.0,0.0,,0.0,0.0,0.0,0.022608024532157107,0.0,0.0,0.0,0,0.0,0.0
2022-09-08,3.5360000133514404,0.02850495946017273,28.695117950439453,0.030695807256227114,-0.002190847796054385,0.002190847796054385,0.01640214358054261,0.022850461172293404,0,0,0.0,10,8.738852070682936,0.0,0.0,0.0,0.0,0.0,0.0,,0.0,0.0,0.0,0.022850461172293404,0.0,0.0,0.0,0,0.0,0.0
2022-09-09,3.5810000896453857,0.012726265872180731,29.815574645996094,0.039046945110726705,-0.026320679238545974,0.026320679238545974,0.016436564744175357,0.023219474707451636,0,1,1.0,10,25.546118478225047,256.0,-10.0,-916.7360229492188,298.15574645996094,0.0,0.0,Opened,-916.7360229492188,298.15574645996094,0.0,0.023219474707451636,1214.8917694091797,0.0,0.0,0,0.0,1214.8917694091797
2022-09-10,3.5810000896453857,0.0,29.815574645996094,0.0,0.0,0.0,0.015524659348200263,0.022706338194529295,1,0,-1.0,10,,-256.0,10.0,916.7360229492188,-298.15574645996094,0.0,0.0,Closed,916.7360229492188,-298.15574645996094,0.0,0.022706338194529295,1214.8917694091797,0.0,0.0,0,0.0,0.0
2022-09-11,3.5810000896453857,0.0,29.815574645996094,0.0,0.0,0.0,0.01545671856645142,0.022672324600623725,1,0,0.0,10,,0.0,0.0,0.0,0.0,0.0,0.0,,0.0,0.0,0.0,0.022672324600623725,0.0,0.0,0.0,0,0.0,0.0
2022-09-12,3.625499963760376,0.012426660988829275,30.4042911529541,0.019745267832262492,-0.0073186068434332174,0.0073186068434332174,0.015523683349473892,0.022776741622655763,0,0,0.0,10,13.325255840834478,0.0,0.0,0.0,0.0,0.0,0.0,,0.0,0.0,0.0,0.022776741622655763,0.0,0.0,0.0,0,0.0,0.0
2022-09-13,3.5810000896453857,-0.012274134480706134,29.19837188720703,-0.03966279824385588,0.027388663763149745,0.027388663763149745,0.015556292456789888,0.02308610747621858,1,1,1.0,10,26.34794676575665,-264.0,10.0,945.3840236663818,-291.9837188720703,0.0,0.0,Opened,945.3840236663818,-291.9837188720703,0.0,0.02308610747621858,1237.3677425384521,0.0,0.0,0,0.0,1237.3677425384521
2022-09-14,3.5455000400543213,-0.009913445602449,29.046445846557617,-0.005203236715947801,-0.004710208886501199,0.004710208886501199,0.015562850895826846,0.023039004692504757,0,0,-1.0,10,4.299960448532203,264.0,-10.0,-936.0120105743408,290.4644584655762,9.372013092041016,-1.5192604064941406,Closed,-936.0120105743408,290.4644584655762,7.852752685546875,0.023039004692504757,1226.476469039917,7.852752685546875,0.006402693311918159,0,7.852752685546875,0.0
2022-09-15,3.5234999656677246,-0.00620506956368827,28.533695220947266,-0.01765278369405454,0.011447714130366271,0.011447714130366271,0.015566660656605693,0.023050996180499474,1,0,0.0,10,23.038292691559366,0.0,0.0,0.0,0.0,0.0,0.0,,0.0,0.0,0.0,0.023050996180499474,0.0,0.0,0.0,0,0.0,0.0
2022-09-16,3.561000108718872,0.010642867437644865,28.38176727294922,-0.005324510086114342,0.015967377523759207,0.015967377523759207,0.015606318008768378,0.02296804117755402,1,0,0.0,10,3.987387553129693,0.0,0.0,0.0,0.0,0.0,0.0,,0.0,0.0,0.0,0.02296804117755402,0.0,0.0,0.0,0,0.0,0.0
2022-09-17,3.561000108718872,0.0,28.38176727294922,0.0,0.0,0.0,0.015548214733239136,0.022754619861070947,1,0,0.0,10,,0.0,0.0,0.0,0.0,0.0,0.0,,0.0,0.0,0.0,0.022754619861070947,0.0,0.0,0.0,0,0.0,0.0
2022-09-18,3.561000108718872,0.0,28.38176727294922,0.0,0.0,0.0,0.015441594411621315,0.022655637612670976,1,0,0.0,10,,0.0,0.0,0.0,0.0,0.0,0.0,,0.0,0.0,0.0,0.022655637612670976,0.0,0.0,0.0,0,0.0,0.0
2022-09-19,3.557499885559082,-0.0009829326180642584,28.93250274658203,0.019404551814422133,-0.02038748443248639,0.02038748443248639,0.015440770790068692,0.022756168666999522,0,0,0.0,10,160.55394362250803,0.0,0.0,0.0,0.0,0.0,0.0,,0.0,0.0,0.0,0.022756168666999522,0.0,0.0,0.0,0,0.0,0.0
2022-09-20,3.5480000972747803,-0.002670355190414475,28.210851669311523,-0.024942573533696777,0.022272218343282302,0.022272218343282302,0.01543997511769469,0.022872124535133535,1,0,0.0,10,74.26852587351655,0.0,0.0,0.0,0.0,0.0,0.0,,0.0,0.0,0.0,0.022872124535133535,0.0,0.0,0.0,0,0.0,0.0
2022-09-21,3.51200008392334,-0.010146564927969393,27.660118103027344,-0.01952204679035907,0.009375481862389679,0.009375481862389679,0.015358091155235329,0.02236379443244571,1,0,0.0,10,15.153251213116471,0.0,0.0,0.0,0.0,0.0,0.0,,0.0,0.0,0.0,0.02236379443244571,0.0,0.0,0.0,0,0.0,0.0
2022-09-22,3.498500108718872,-0.003843956401443638,27.717090606689453,0.002059734649356937,-0.005903691050800575,0.005903691050800575,0.015317005744484078,0.022332678397698195,0,0,0.0,10,4.245204065226072,0.0,0.0,0.0,0.0,0.0,0.0,,0.0,0.0,0.0,0.022332678397698195,0.0,0.0,0.0,0,0.0,0.0
2022-09-23,3.371500015258789,-0.03630129755993905,26.12186050415039,-0.05755402416421218,0.02125272660427313,0.02125272660427313,0.015701075983535956,0.022946335995462662,1,0,0.0,10,12.283849472489846,0.0,0.0,0.0,0.0,0.0,0.0,,0.0,0.0,0.0,0.022946335995462662,0.0,0.0,0.0,0,0.0,0.0
2022-09-24,3.371500015258789,0.0,26.12186050415039,0.0,0.0,0.0,0.01566049224364859,0.022606208877506574,1,0,0.0,10,,0.0,0.0,0.0,0.0,0.0,0.0,,0.0,0.0,0.0,0.022606208877506574,0.0,0.0,0.0,0,0.0,0.0
2022-09-25,3.371500015258789,0.0,26.12186050415039,0.0,0.0,0.0,0.015515377606516197,0.022577074226666504,1,0,0.0,10,,0.0,0.0,0.0,0.0,0.0,0.0,,0.0,0.0,0.0,0.022577074226666504,0.0,0.0,0.0,0,0.0,0.0
2022-09-26,3.313499927520752,-0.017203051305217043,25.542644500732422,-0.022173612148565724,0.004970560843348681,0.004970560843348681,0.015592286798699014,0.022667973811781237,1,0,0.0,10,9.93596048704644,0.0,0.0,0.0,0.0,0.0,0.0,,0.0,0.0,0.0,0.022667973811781237,0.0,0.0,0.0,0,0.0,0.0
2022-09-27,3.322999954223633,0.0028670671225845545,25.846492767333984,0.011895724680850872,-0.009028657558266318,0.009028657558266318,0.01559827125969462,0.02270983712576906,0,0,0.0,10,32.27188462511385,0.0,0.0,0.0,0.0,0.0,0.0,,0.0,0.0,0.0,0.02270983712576906,0.0,0.0,0.0,0,0.0,0.0
2022-09-28,3.381999969482422,0.0177550454623987,26.957456588745117,0.04298315564172883,-0.025228110179330132,0.025228110179330132,0.015719258294675412,0.023148647472366286,0,1,1.0,10,19.296645696819645,193.0,-10.0,-652.7259941101074,269.5745658874512,0.0,0.0,Opened,-652.7259941101074,269.5745658874512,0.0,0.023148647472366286,922.3005599975586,0.0,0.0,0,0.0,922.3005599975586
2022-09-29,3.440000057220459,0.017149641709462538,26.909982681274414,-0.0017610677518636875,0.018910709461326225,0.018910709461326225,0.015811252898949666,0.023131939835450473,1,0,-1.0,10,0.8032966979748253,-193.0,10.0,663.9200110435486,-269.09982681274414,11.194016933441162,0.47473907470703125,Closed,663.9200110435486,-269.09982681274414,11.668756008148193,0.023131939835450473,933.0198378562927,11.668756008148193,0.012506439343195895,0,11.668756008148193,0.0
2022-09-30,3.441999912261963,0.0005813532000693566,26.834016799926758,-0.0028229628479292668,0.0034043160479986234,0.0034043160479986234,0.01566746205854189,0.022523492573186733,1,0,0.0,10,37.856453675381736,0.0,0.0,0.0,0.0,0.0,0.0,,0.0,0.0,0.0,0.022523492573186733,0.0,0.0,0.0,0,0.0,0.0
2022-10-01,3.441999912261963,0.0,26.834016799926758,0.0,0.0,0.0,0.014912150964241868,0.021709117264587338,1,0,0.0,10,,0.0,0.0,0.0,0.0,0.0,0.0,,0.0,0.0,0.0,0.021709117264587338,0.0,0.0,0.0,0,0.0,0.0
2022-10-02,3.441999912261963,0.0,26.834016799926758,0.0,0.0,0.0,0.014911888702441303,0.021319443413582495,1,0,0.0,10,,0.0,0.0,0.0,0.0,0.0,0.0,,0.0,0.0,0.0,0.021319443413582495,0.0,0.0,0.0,0,0.0,0.0
2022-10-03,3.4579999446868896,0.004648469736424854,28.058923721313477,0.0456475424652063,-0.04099907272878145,0.04099907272878145,0.014921563823978497,0.021820506133645577,0,1,1.0,10,79.68075121715002,797.0,-10.0,-2756.025955915451,280.58923721313477,0.0,0.0,Opened,-2756.025955915451,280.58923721313477,0.0,0.021820506133645577,3036.615193128586,0.0,0.0,0,0.0,3036.615193128586
2022-10-04,3.5179998874664307,0.017351053712921338,28.91351318359375,0.030456958034749126,-0.013105904321827788,0.013105904321827788,0.015030575573943371,0.02203745770883188,0,1,0.0,10,14.426657253318444,-797.0,10.0,2803.8459103107452,-289.1351318359375,47.81995439529419,-8.545894622802734,Live,0.0,0.0,0.0,0.02203745770883188,3092.9810421466827,39.274059772491455,0.012697801647446666,0,0.0,0.0
2022-10-05,3.5325000286102295,0.004121700286420893,28.6666316986084,-0.008538619413618664,0.012660319700039557,0.012660319700039557,0.015027354596035514,0.021963204226637747,1,0,-1.0,10,16.811471967016868,-797.0,10.0,2815.402522802353,-286.666316986084,59.376566886901855,-6.077079772949219,Closed,2815.402522802353,-286.666316986084,53.29948711395264,0.021963204226637747,3102.068839788437,53.29948711395264,0.01718191628448442,0,53.29948711395264,0.0
2022-10-06,3.4749999046325684,-0.01627745888519727,28.106399536132812,-0.019543006250810513,0.0032655473656132417,0.0032655473656132417,0.01510790890178467,0.022041150138742967,1,0,0.0,10,9.710803862730383,0.0,0.0,0.0,0.0,0.0,0.0,,0.0,0.0,0.0,0.022041150138742967,0.0,0.0,0.0,0,0.0,0.0
2022-10-07,3.4124999046325684,-0.017985612004386087,27.308788299560547,-0.028378278603308105,0.010392666598922018,0.010392666598922018,0.015205994800106773,0.02207281849354608,1,0,0.0,10,12.626721761427403,0.0,0.0,0.0,0.0,0.0,0.0,,0.0,0.0,0.0,0.02207281849354608,0.0,0.0,0.0,0,0.0,0.0
2022-10-08,3.4124999046325684,0.0,27.308788299560547,0.0,0.0,0.0,0.015118272824056797,0.021963973377939913,1,0,0.0,10,,0.0,0.0,0.0,0.0,0.0,0.0,,0.0,0.0,0.0,0.021963973377939913,0.0,0.0,0.0,0,0.0,0.0
2022-10-09,3.4124999046325684,0.0,27.308788299560547,0.0,0.0,0.0,0.014906367031365567,0.0218789782811876,1,0,0.0,10,,0.0,0.0,0.0,0.0,0.0,0.0,,0.0,0.0,0.0,0.0218789782811876,0.0,0.0,0.0,0,0.0,0.0
2022-10-10,3.4535000324249268,0.012014689798730771,27.308788299560547,0.0,0.012014689798730771,0.012014689798730771,0.014958577714359003,0.0218789782811876,1,0,0.0,10,0.0,0.0,0.0,0.0,0.0,0.0,0.0,,0.0,0.0,0.0,0.0218789782811876,0.0,0.0,0.0,0,0.0,0.0
2022-10-11,3.4779999256134033,0.007094221212812224,26.815027236938477,-0.018080665359657022,0.025174886572469246,0.025174886572469246,0.014977097475167591,0.02195260247246587,1,1,1.0,10,19.649810015120224,-197.0,10.0,685.1659853458405,-268.15027236938477,0.0,0.0,Opened,685.1659853458405,-268.15027236938477,0.0,0.02195260247246587,953.3162577152252,0.0,0.0,0,0.0,953.3162577152252
2022-10-12,3.444499969482422,-0.009631959990646921,26.957456588745117,0.005311549772003987,-0.014943509762650908,0.014943509762650908,0.01500618507693142,0.021959750277629576,0,0,-1.0,10,4.315780165258939,197.0,-10.0,-678.5664939880371,269.5745658874512,6.599491357803345,1.4242935180664062,Closed,-678.5664939880371,269.5745658874512,8.023784875869751,0.021959750277629576,948.1410598754883,8.023784875869751,0.008462648877292003,0,8.023784875869751,0.0
2022-10-13,3.4674999713897705,0.0066773122691607956,27.51768684387207,0.020782014552547023,-0.014104702283386228,0.014104702283386228,0.0140252604834972,0.021425899791871268,0,0,0.0,10,24.699116331714734,0.0,0.0,0.0,0.0,0.0,0.0,,0.0,0.0,0.0,0.021425899791871268,0.0,0.0,0.0,0,0.0,0.0
2022-10-14,3.450500011444092,-0.004902656117071302,26.625120162963867,-0.03243610867339197,0.02753345255632067,0.02753345255632067,0.014032834756270533,0.02167719553816594,1,1,1.0,10,51.05130616601008,-511.0,10.0,1763.205505847931,-266.2512016296387,0.0,0.0,Opened,1763.205505847931,-266.2512016296387,0.0,0.02167719553816594,2029.4567074775696,0.0,0.0,0,0.0,2029.4567074775696
2022-10-15,3.450500011444092,0.0,26.625120162963867,0.0,0.0,0.0,0.013176478655479652,0.020800164299441908,1,1,0.0,10,,511.0,-10.0,-1763.205505847931,266.2512016296387,0.0,0.0,Live,0.0,0.0,0.0,0.020800164299441908,2029.4567074775696,0.0,0.0,0,0.0,0.0
2022-10-16,3.450500011444092,0.0,26.625120162963867,0.0,0.0,0.0,0.013103926814164129,0.020740413482342537,1,1,0.0,10,,511.0,-10.0,-1763.205505847931,266.2512016296387,0.0,0.0,Live,0.0,0.0,0.0,0.020740413482342537,2029.4567074775696,0.0,0.0,0,0.0,0.0
2022-10-17,3.4554998874664307,0.0014490294176947582,27.21383285522461,0.02211117503535842,-0.020662145617663663,0.020662145617663663,0.013104893326093874,0.0208609145213433,0,0,-1.0,10,120.17481160792234,511.0,-10.0,-1765.760442495346,272.1383285522461,-2.554936647415161,5.887126922607422,Closed,-1765.760442495346,272.1383285522461,3.3321902751922607,0.0208609145213433,2037.8987710475922,3.3321902751922607,0.0016351107928090714,0,3.3321902751922607,0.0
2022-10-18,3.4065001010894775,-0.014180230928289683,26.919475555419922,-0.010816458724158595,-0.003363772204131088,0.003363772204131088,0.013179937568313886,0.0208886425567186,0,0,0.0,10,6.0278159371244575,0.0,0.0,0.0,0.0,0.0,0.0,,0.0,0.0,0.0,0.0208886425567186,0.0,0.0,0.0,0,0.0,0.0
2022-10-19,3.3605000972747803,-0.013503596785447103,26.58713722229004,-0.012345646647004216,-0.001157950138442887,0.001157950138442887,0.012976047408417669,0.020427282112290005,0,0,0.0,10,7.2332261846784,0.0,0.0,0.0,0.0,0.0,0.0,,0.0,0.0,0.0,0.020427282112290005,0.0,0.0,0.0,0,0.0,0.0
2022-10-20,3.4509999752044678,0.02693047918763014,26.5776424407959,-0.0003571193624479774,0.027287598550078118,0.027287598550078118,0.012587233028523031,0.020303830489049234,1,1,1.0,10,0.10212705646176895,-2.0,10.0,6.9019999504089355,-265.776424407959,0.0,0.0,Opened,6.9019999504089355,-265.776424407959,0.0,0.020303830489049234,272.6784243583679,0.0,0.0,0,0.0,272.6784243583679
2022-10-21,3.5230000019073486,0.020863525708549213,27.745574951171875,0.04394417273758022,-0.02308064702903101,0.02308064702903101,0.012724308410981594,0.020765865034000533,0,0,-1.0,10,16.588024847259895,2.0,-10.0,-7.046000003814697,277.45574951171875,-0.14400005340576172,11.679325103759766,Closed,-7.046000003814697,277.45574951171875,11.535325050354004,0.020765865034000533,284.50174951553345,11.535325050354004,0.04054570866434756,0,11.535325050354004,0.0
2022-10-22,3.5230000019073486,0.0,27.745574951171875,0.0,0.0,0.0,0.012216734490213255,0.020411369753226122,1,0,0.0,10,,0.0,0.0,0.0,0.0,0.0,0.0,,0.0,0.0,0.0,0.020411369753226122,0.0,0.0,0.0,0,0.0,0.0
2022-10-23,3.5230000019073486,0.0,27.745574951171875,0.0,0.0,0.0,0.012199589218749652,0.020365829705783288,1,0,0.0,10,,0.0,0.0,0.0,0.0,0.0,0.0,,0.0,0.0,0.0,0.020365829705783288,0.0,0.0,0.0,0,0.0,0.0
2022-10-24,3.4795000553131104,-0.012347416000762834,26.72956657409668,-0.03661875376031021,0.024271337759547373,0.024271337759547373,0.012271354224728592,0.020710803044607703,1,1,1.0,10,22.78256135324333,-228.0,10.0,793.3260126113892,-267.2956657409668,0.0,0.0,Opened,793.3260126113892,-267.2956657409668,0.0,0.020710803044607703,1060.621678352356,0.0,0.0,0,0.0,1060.621678352356
2022-10-25,3.450500011444092,-0.008334543298752384,27.39424705505371,0.02486686340814681,-0.033201406706899195,0.033201406706899195,0.012305133138740596,0.020851574190232442,0,0,-1.0,10,23.687353243895043,228.0,-10.0,-786.7140026092529,273.9424705505371,6.6120100021362305,6.6468048095703125,Closed,-786.7140026092529,273.9424705505371,13.258814811706543,0.020851574190232442,1060.65647315979,13.258814811706543,0.012500574075796052,0,13.258814811706543,0.0
2022-10-26,3.629499912261963,0.05187651071560406,28.619152069091797,0.04471395076405704,0.007162559951547021,0.007162559951547021,0.012879787698948987,0.021046905907820886,1,0,0.0,10,6.7964520801769375,0.0,0.0,0.0,0.0,0.0,0.0,,0.0,0.0,0.0,0.021046905907820886,0.0,0.0,0.0,0,0.0,0.0
2022-10-27,3.625499963760376,-0.0011020660141286553,28.277320861816406,-0.011944141687012522,0.010842075672883866,0.010842075672883866,0.012756017510762963,0.020990252252692437,1,0,0.0,10,84.53132793723748,0.0,0.0,0.0,0.0,0.0,0.0,,0.0,0.0,0.0,0.020990252252692437,0.0,0.0,0.0,0,0.0,0.0
2022-10-28,3.4660000801086426,-0.04399390021957128,27.6886043548584,-0.020819387728947314,-0.023174512490623966,0.023174512490623966,0.013482697100587224,0.02109007888721301,0,1,1.0,10,3.780489055398494,38.0,-10.0,-131.70800304412842,276.886043548584,0.0,0.0,Opened,-131.70800304412842,276.886043548584,0.0,0.02109007888721301,408.5940465927124,0.0,0.0,0,0.0,408.5940465927124
2022-10-29,3.4660000801086426,0.0,27.6886043548584,0.0,0.0,0.0,0.013453813569552702,0.021090140827064036,1,0,-1.0,10,,-38.0,10.0,131.70800304412842,-276.886043548584,0.0,0.0,Closed,131.70800304412842,-276.886043548584,0.0,0.021090140827064036,408.5940465927124,0.0,0.0,0,0.0,0.0
2022-10-30,3.4660000801086426,0.0,27.6886043548584,0.0,0.0,0.0,0.013384517201587738,0.02105621004161065,1,0,0.0,10,,0.0,0.0,0.0,0.0,0.0,0.0,,0.0,0.0,0.0,0.02105621004161065,0.0,0.0,0.0,0,0.0,0.0
2022-10-31,3.4135000705718994,-0.015147146082898355,27.223329544067383,-0.016803837594269178,0.0016566915113708225,0.0016566915113708225,0.013474877262691485,0.02112834835598538,1,0,0.0,10,8.847467701660946,0.0,0.0,0.0,0.0,0.0,0.0,,0.0,0.0,0.0,0.02112834835598538,0.0,0.0,0.0,0,0.0,0.0
2022-11-01,3.509500026702881,0.02812361334297475,28.562183380126953,0.04918038529755586,-0.02105677195458111,0.02105677195458111,0.013759413166573427,0.021682226298249466,0,0,0.0,10,14.23203363762345,0.0,0.0,0.0,0.0,0.0,0.0,,0.0,0.0,0.0,0.021682226298249466,0.0,0.0,0.0,0,0.0,0.0
2022-11-02,3.505500078201294,-0.001139748816399,27.574661254882812,-0.034574462046596866,0.033434713230197866,0.033434713230197866,0.013760452305717083,0.021940676082796103,1,1,1.0,10,238.61980502538736,-2387.0,10.0,8367.628686666489,-275.7466125488281,0.0,0.0,Opened,8367.628686666489,-275.7466125488281,0.0,0.021940676082796103,8643.375299215317,0.0,0.0,0,0.0,8643.375299215317
2022-11-03,3.4565000534057617,-0.013978041278685294,27.717090606689453,0.005165225802417517,-0.01914326708110281,0.01914326708110281,0.013806991046867454,0.02192950231717,0,0,-1.0,10,2.963152933688906,2387.0,-10.0,-8250.665627479553,277.17090606689453,116.96305918693542,1.4242935180664062,Closed,-8250.665627479553,277.17090606689453,118.38735270500183,0.02192950231717,8527.836533546448,118.38735270500183,0.013882460368382367,0,118.38735270500183,0.0
2022-11-04,3.7144999504089355,0.07464194792907963,30.432775497436523,0.09797871390194346,-0.023336765972863827,0.023336765972863827,0.01562708480885071,0.023821887729028733,0,0,0.0,10,10.754493840315758,0.0,0.0,0.0,0.0,0.0,0.0,,0.0,0.0,0.0,0.023821887729028733,0.0,0.0,0.0,0,0.0,0.0
2022-11-05,3.7144999504089355,0.0,30.432775497436523,0.0,0.0,0.0,0.015577423153211024,0.02380321276259566,1,0,0.0,10,,0.0,0.0,0.0,0.0,0.0,0.0,,0.0,0.0,0.0,0.02380321276259566,0.0,0.0,0.0,0,0.0,0.0
2022-11-06,3.7144999504089355,0.0,30.432775497436523,0.0,0.0,0.0,0.015268142929542284,0.02341088476474727,1,0,0.0,10,,0.0,0.0,0.0,0.0,0.0,0.0,,0.0,0.0,0.0,0.02341088476474727,0.0,0.0,0.0,0,0.0,0.0
2022-11-07,3.629499912261963,-0.02288330576976183,30.261859893798828,-0.005616168780008035,-0.017267136989753795,0.017267136989753795,0.015445735149951421,0.02341947856105282,0,0,0.0,10,2.0463042829156306,0.0,0.0,0.0,0.0,0.0,0.0,,0.0,0.0,0.0,0.02341947856105282,0.0,0.0,0.0,0,0.0,0.0
2022-11-08,3.7054998874664307,0.02093951702484076,31.201902389526367,0.031063606104401176,-0.010124089079560417,0.010124089079560417,0.015583728867348353,0.023615149489034568,0,0,0.0,10,12.491640576311017,0.0,0.0,0.0,0.0,0.0,0.0,,0.0,0.0,0.0,0.023615149489034568,0.0,0.0,0.0,0,0.0,0.0
2022-11-09,3.741499900817871,0.009715291983466878,30.109933853149414,-0.034996857651330204,0.04471214963479708,0.04471214963479708,0.015581889625117439,0.023778581484868368,1,1,1.0,10,28.98926851809484,-290.0,10.0,1085.0349712371826,-301.09933853149414,0.0,0.0,Opened,1085.0349712371826,-301.09933853149414,0.0,0.023778581484868368,1386.1343097686768,0.0,0.0,0,0.0,1386.1343097686768
2022-11-10,3.7960000038146973,0.014566378308579653,32.15144729614258,0.06780199029828249,-0.053235611989702836,0.053235611989702836,0.015620336127708993,0.02447052910651311,0,0,-1.0,10,39.424408018971185,290.0,-10.0,-1100.8400011062622,321.5144729614258,-15.80502986907959,20.41513442993164,Closed,-1100.8400011062622,321.5144729614258,4.610104560852051,0.02447052910651311,1422.354474067688,4.610104560852051,0.0032411783735371877,0,4.610104560852051,0.0
2022-11-11,3.9509999752044678,0.04083244763804195,33.537776947021484,0.04311873235781927,-0.0022862847197773206,0.0022862847197773206,0.01603346730489158,0.024805979432391587,0,0,0.0,10,8.963710378119055,0.0,0.0,0.0,0.0,0.0,0.0,,0.0,0.0,0.0,0.024805979432391587,0.0,0.0,0.0,0,0.0,0.0
2022-11-12,3.9509999752044678,0.0,33.537776947021484,0.0,0.0,0.0,0.01603214657394339,0.024797857642816414,1,0,0.0,10,,0.0,0.0,0.0,0.0,0.0,0.0,,0.0,0.0,0.0,0.024797857642816414,0.0,0.0,0.0,0,0.0,0.0
2022-11-13,3.9509999752044678,0.0,33.537776947021484,0.0,0.0,0.0,0.015920812012476755,0.02473401734204466,1,0,0.0,10,,0.0,0.0,0.0,0.0,0.0,0.0,,0.0,0.0,0.0,0.02473401734204466,0.0,0.0,0.0,0,0.0,0.0
2022-11-14,3.8550000190734863,-0.02429763521474415,33.07250213623047,-0.013873155979479357,-0.010424479235264794,0.010424479235264794,0.01612322334572567,0.024784621313343438,0,0,0.0,10,4.8983964333643355,0.0,0.0,0.0,0.0,0.0,0.0,,0.0,0.0,0.0,0.024784621313343438,0.0,0.0,0.0,0,0.0,0.0
2022-11-15,3.8394999504089355,-0.004020770061701873,33.35736083984375,0.008613158521841191,-0.012633928583543064,0.012633928583543064,0.016130611385598622,0.024792793770261418,0,0,0.0,10,18.611021865637444,0.0,0.0,0.0,0.0,0.0,0.0,,0.0,0.0,0.0,0.024792793770261418,0.0,0.0,0.0,0,0.0,0.0
2022-11-16,3.7880001068115234,-0.01341316428248085,32.8446044921875,-0.015371610185773044,0.001958445903292194,0.001958445903292194,0.016168779195506515,0.02457588315996762,1,0,0.0,10,9.93669987404265,0.0,0.0,0.0,0.0,0.0,0.0,,0.0,0.0,0.0,0.02457588315996762,0.0,0.0,0.0,0,0.0,0.0
2022-11-17,3.689500093460083,-0.026003170690074517,32.037498474121094,-0.024573473498771703,-0.0014296971913028145,0.0014296971913028145,0.01638706254495651,0.024687190709610472,0,0,0.0,10,8.205996266866691,0.0,0.0,0.0,0.0,0.0,0.0,,0.0,0.0,0.0,0.024687190709610472,0.0,0.0,0.0,0,0.0,0.0
2022-11-18,3.631999969482422,-0.015584800791734521,31.771625518798828,-0.008298805087326944,-0.007285995704407577,0.007285995704407577,0.016371875759930755,0.0243756896073006,0,0,0.0,10,4.658090349101798,0.0,0.0,0.0,0.0,0.0,0.0,,0.0,0.0,0.0,0.0243756896073006,0.0,0.0,0.0,0,0.0,0.0
2022-11-19,3.631999969482422,0.0,31.771625518798828,0.0,0.0,0.0,0.016301812612891882,0.024373595909873362,1,0,0.0,10,,0.0,0.0,0.0,0.0,0.0,0.0,,0.0,0.0,0.0,0.024373595909873362,0.0,0.0,0.0,0,0.0,0.0
2022-11-20,3.631999969482422,0.0,31.771625518798828,0.0,0.0,0.0,0.01627522182031217,0.02434305215952418,1,0,0.0,10,,0.0,0.0,0.0,0.0,0.0,0.0,,0.0,0.0,0.0,0.02434305215952418,0.0,0.0,0.0,0,0.0,0.0
2022-11-21,3.571500062942505,-0.016657463394345373,31.648193359375,-0.003884980935293769,-0.012772482459051604,0.012772482459051604,0.016360338340686433,0.024347236988783105,0,0,0.0,10,2.0667040264112133,0.0,0.0,0.0,0.0,0.0,0.0,,0.0,0.0,0.0,0.024347236988783105,0.0,0.0,0.0,0,0.0,0.0
2022-11-22,3.614500045776367,0.012039754186210283,32.61671829223633,0.03060285059129364,-0.018563096405083357,0.018563096405083357,0.016405745696544585,0.02453082062051628,0,0,0.0,10,22.936982856622578,0.0,0.0,0.0,0.0,0.0,0.0,,0.0,0.0,0.0,0.02453082062051628,0.0,0.0,0.0,0,0.0,0.0
2022-11-23,3.617500066757202,0.000829996110897957,32.94906234741211,0.01018937749034321,-0.009359381379445253,0.009359381379445253,0.01635529367416176,0.02429861734653277,0,0,0.0,10,111.81655478066116,0.0,0.0,0.0,0.0,0.0,0.0,,0.0,0.0,0.0,0.02429861734653277,0.0,0.0,0.0,0,0.0,0.0
2022-11-24,3.617500066757202,0.0,32.94906234741211,0.0,0.0,0.0,0.016354088184292803,0.02426642852006051,1,0,0.0,10,,0.0,0.0,0.0,0.0,0.0,0.0,,0.0,0.0,0.0,0.02426642852006051,0.0,0.0,0.0,0,0.0,0.0
2022-11-25,3.626499891281128,0.0024878574589752844,32.93006896972656,-0.0005764466826182479,0.0030643041415935324,0.0030643041415935324,0.01632018747831176,0.024180853477441772,1,0,0.0,10,2.103965536990745,0.0,0.0,0.0,0.0,0.0,0.0,,0.0,0.0,0.0,0.024180853477441772,0.0,0.0,0.0,0,0.0,0.0
2022-11-26,3.626499891281128,0.0,32.93006896972656,0.0,0.0,0.0,0.016265047858222213,0.02414837618976646,1,0,0.0,10,,0.0,0.0,0.0,0.0,0.0,0.0,,0.0,0.0,0.0,0.02414837618976646,0.0,0.0,0.0,0,0.0,0.0
2022-11-27,3.626499891281128,0.0,32.93006896972656,0.0,0.0,0.0,0.016233197559622877,0.0240144938074371,1,0,0.0,10,,0.0,0.0,0.0,0.0,0.0,0.0,,0.0,0.0,0.0,0.0240144938074371,0.0,0.0,0.0,0,0.0,0.0
2022-11-28,3.6105000972747803,-0.004411910791673912,32.08497619628906,-0.02566325549498283,0.021251344703308916,0.021251344703308916,0.016239117919384732,0.024167581777328803,1,0,0.0,10,51.69152984487696,0.0,0.0,0.0,0.0,0.0,0.0,,0.0,0.0,0.0,0.024167581777328803,0.0,0.0,0.0,0,0.0,0.0
2022-11-29,3.630000114440918,0.005400918609822503,33.11997985839844,0.03225820258607781,-0.02685728397625531,0.02685728397625531,0.01624833542273866,0.02436497622394419,0,1,1.0,10,54.494912255260154,545.0,-10.0,-1978.3500623703003,331.1997985839844,0.0,0.0,Opened,-1978.3500623703003,331.1997985839844,0.0,0.02436497622394419,2309.5498609542847,0.0,0.0,0,0.0,2309.5498609542847
2022-11-30,3.7295000553131104,0.027410451166753447,34.36387252807617,0.03755716866362513,-0.010146717496871682,0.010146717496871682,0.016473790634856114,0.02458236834042079,0,1,0.0,10,12.624905673879965,-545.0,10.0,2032.5775301456451,-343.6387252807617,54.22746777534485,-12.438926696777344,Live,0.0,0.0,0.0,0.02458236834042079,2376.216255426407,41.788541078567505,0.017586169180998486,0,0.0,0.0
2022-12-01,3.813999891281128,0.02265714833483856,34.93360137939453,0.016579297075813404,0.006077851259025158,0.006077851259025158,0.01660142062539384,0.024181598375483608,1,0,-1.0,10,6.702295157646455,-545.0,10.0,2078.6299407482147,-349.3360137939453,100.27987837791443,-18.136215209960938,Closed,2078.6299407482147,-349.3360137939453,82.14366316795349,0.024181598375483608,2427.96595454216,82.14366316795349,0.03383229613013386,0,82.14366316795349,0.0
2022-12-02,3.8480000495910645,0.00891456719431516,35.076026916503906,0.0040770356185888534,0.004837531575726306,0.004837531575726306,0.016575952009364247,0.024176825249227023,1,0,0.0,10,4.168881672393962,0.0,0.0,0.0,0.0,0.0,0.0,,0.0,0.0,0.0,0.024176825249227023,0.0,0.0,0.0,0,0.0,0.0
2022-12-03,3.8480000495910645,0.0,35.076026916503906,0.0,0.0,0.0,0.016523732232290995,0.024000926004953696,1,0,0.0,10,,0.0,0.0,0.0,0.0,0.0,0.0,,0.0,0.0,0.0,0.024000926004953696,0.0,0.0,0.0,0,0.0,0.0
2022-12-04,3.8480000495910645,0.0,35.076026916503906,0.0,0.0,0.0,0.01652379178773049,0.023891369836577397,1,0,0.0,10,,0.0,0.0,0.0,0.0,0.0,0.0,,0.0,0.0,0.0,0.023891369836577397,0.0,0.0,0.0,0,0.0,0.0
2022-12-05,3.7894999980926514,-0.015202715889941376,34.344879150390625,-0.02084465745945885,0.005641941569517472,0.005641941569517472,0.016598160176225566,0.02399756941218839,1,0,0.0,10,12.426638503407789,0.0,0.0,0.0,0.0,0.0,0.0,,0.0,0.0,0.0,0.02399756941218839,0.0,0.0,0.0,0,0.0,0.0
2022-12-06,3.811500072479248,0.005805534872059592,34.24992752075195,-0.0027646517322973407,0.008570186604356933,0.008570186604356933,0.016607099346544564,0.024000966233859933,1,0,0.0,10,4.279193415614271,0.0,0.0,0.0,0.0,0.0,0.0,,0.0,0.0,0.0,0.024000966233859933,0.0,0.0,0.0,0,0.0,0.0
2022-12-07,3.8554999828338623,0.011543987804778943,34.12648391723633,-0.0036042004305215647,0.015148188235300508,0.015148188235300508,0.016475590642083482,0.023948254394537048,1,0,0.0,10,2.763528286438833,0.0,0.0,0.0,0.0,0.0,0.0,,0.0,0.0,0.0,0.023948254394537048,0.0,0.0,0.0,0,0.0,0.0
2022-12-08,3.880500078201294,0.006484268053103648,34.857635498046875,0.021424755699524622,-0.014940487646420975,0.014940487646420975,0.016317091400541738,0.023629244664381953,0,0,0.0,10,29.68008540803202,0.0,0.0,0.0,0.0,0.0,0.0,,0.0,0.0,0.0,0.023629244664381953,0.0,0.0,0.0,0,0.0,0.0
2022-12-09,3.875999927520752,-0.001159683182541782,34.70570755004883,-0.00435852707239881,0.003198843889857028,0.003198843889857028,0.016296028002260887,0.02361759721020516,1,0,0.0,10,33.65251537276831,0.0,0.0,0.0,0.0,0.0,0.0,,0.0,0.0,0.0,0.02361759721020516,0.0,0.0,0.0,0,0.0,0.0
2022-12-10,3.875999927520752,0.0,34.70570755004883,0.0,0.0,0.0,0.015999734325524366,0.023262350442395285,1,0,0.0,10,,0.0,0.0,0.0,0.0,0.0,0.0,,0.0,0.0,0.0,0.023262350442395285,0.0,0.0,0.0,0,0.0,0.0
2022-12-11,3.875999927520752,0.0,34.70570755004883,0.0,0.0,0.0,0.01600019821592466,0.023245377550244896,1,0,0.0,10,,0.0,0.0,0.0,0.0,0.0,0.0,,0.0,0.0,0.0,0.023245377550244896,0.0,0.0,0.0,0,0.0,0.0
2022-12-12,3.7985000610351562,-0.01999480596873171,34.4968147277832,-0.006018976042035273,-0.013975829926696437,0.013975829926696437,0.016141838643479033,0.023259867897704553,0,0,0.0,10,2.73383487307854,0.0,0.0,0.0,0.0,0.0,0.0,,0.0,0.0,0.0,0.023259867897704553,0.0,0.0,0.0,0,0.0,0.0
2022-12-13,3.8394999504089355,0.010793705071734605,35.066532135009766,0.01651507281823683,-0.005721367746502226,0.005721367746502226,0.016169977110367596,0.023300515949417223,0,0,0.0,10,13.974236801940297,0.0,0.0,0.0,0.0,0.0,0.0,,0.0,0.0,0.0,0.023300515949417223,0.0,0.0,0.0,0,0.0,0.0
2022-12-14,3.875,0.00924600860778324,35.13300323486328,0.001895570956306658,0.007350437651476582,0.007350437651476582,0.016189000382852207,0.023299094921342835,1,0,0.0,10,1.8587856939632934,0.0,0.0,0.0,0.0,0.0,0.0,,0.0,0.0,0.0,0.023299094921342835,0.0,0.0,0.0,0,0.0,0.0
2022-12-15,3.763000011444092,-0.028903222853137622,33.81314468383789,-0.03756748440212099,0.008664261548983365,0.008664261548983365,0.016418821834209837,0.02363746885530364,1,0,0.0,10,11.679310015254798,0.0,0.0,0.0,0.0,0.0,0.0,,0.0,0.0,0.0,0.02363746885530364,0.0,0.0,0.0,0,0.0,0.0
2022-12-16,3.7614998817443848,-0.0003986525897275994,33.9175910949707,0.0030889292347522357,-0.003487581824479835,0.003487581824479835,0.016389087097802294,0.023637459455560738,0,0,0.0,10,69.86783998185807,0.0,0.0,0.0,0.0,0.0,0.0,,0.0,0.0,0.0,0.023637459455560738,0.0,0.0,0.0,0,0.0,0.0
2022-12-17,3.7614998817443848,0.0,33.9175910949707,0.0,0.0,0.0,0.01615260079294967,0.023462978743666593,1,0,0.0,10,,0.0,0.0,0.0,0.0,0.0,0.0,,0.0,0.0,0.0,0.023462978743666593,0.0,0.0,0.0,0,0.0,0.0
2022-12-18,3.7614998817443848,0.0,33.9175910949707,0.0,0.0,0.0,0.01610732882660009,0.023162222377181525,1,0,0.0,10,,0.0,0.0,0.0,0.0,0.0,0.0,,0.0,0.0,0.0,0.023162222377181525,0.0,0.0,0.0,0,0.0,0.0
2022-12-19,3.7829999923706055,0.00571583445491175,33.623233795166016,-0.008678602763400156,0.014394437218311906,0.014394437218311906,0.016115250178380246,0.02318434240000428,1,0,0.0,10,13.495013032270917,0.0,0.0,0.0,0.0,0.0,0.0,,0.0,0.0,0.0,0.02318434240000428,0.0,0.0,0.0,0,0.0,0.0
2022-12-20,3.797499895095825,0.003832911116696369,33.97455978393555,0.010448905388155794,-0.006615994271459424,0.006615994271459424,0.01611818395943407,0.023201214574371208,0,0,0.0,10,24.389231508055598,0.0,0.0,0.0,0.0,0.0,0.0,,0.0,0.0,0.0,0.023201214574371208,0.0,0.0,0.0,0,0.0,0.0
2022-12-21,3.805999994277954,0.002238340860287069,34.8861198425293,0.026830665780245733,-0.024592324919958664,0.024592324919958664,0.016075546370228767,0.023268006059567376,0,1,1.0,10,109.87252666723543,1099.0,-10.0,-4182.793993711472,348.86119842529297,0.0,0.0,Opened,-4182.793993711472,348.86119842529297,0.0,0.023268006059567376,4531.6551921367645,0.0,0.0,0,0.0,4531.6551921367645
2022-12-22,3.751499891281128,-0.014319522616595637,33.6422233581543,-0.0356559138703233,0.02133639125372766,0.02133639125372766,0.01609339971045195,0.02319951106760864,1,0,-1.0,10,22.329694631706793,-1099.0,10.0,4122.89838051796,-336.42223358154297,-59.89561319351196,12.43896484375,Closed,4122.89838051796,-336.42223358154297,-47.45664834976196,0.02319951106760864,4459.320614099503,-47.45664834976196,-0.010642125215153469,0,-47.45664834976196,0.0
2022-12-23,3.802999973297119,0.01372786445647578,34.21194076538086,0.01693459439827638,-0.0032067299418006012,0.0032067299418006012,0.016111151354296187,0.023238755136518404,0,0,0.0,10,11.097450227398534,0.0,0.0,0.0,0.0,0.0,0.0,,0.0,0.0,0.0,0.023238755136518404,0.0,0.0,0.0,0,0.0,0.0
2022-12-24,3.802999973297119,0.0,34.21194076538086,0.0,0.0,0.0,0.016095730585140407,0.023155614534569678,1,0,0.0,10,,0.0,0.0,0.0,0.0,0.0,0.0,,0.0,0.0,0.0,0.023155614534569678,0.0,0.0,0.0,0,0.0,0.0
2022-12-25,3.802999973297119,0.0,34.21194076538086,0.0,0.0,0.0,0.01606575281617757,0.023144540065897827,1,0,0.0,10,,0.0,0.0,0.0,0.0,0.0,0.0,,0.0,0.0,0.0,0.023144540065897827,0.0,0.0,0.0,0,0.0,0.0
2022-12-26,3.802999973297119,0.0,34.21194076538086,0.0,0.0,0.0,0.01606575281617757,0.023144540065897827,1,0,0.0,10,,0.0,0.0,0.0,0.0,0.0,0.0,,0.0,0.0,0.0,0.023144540065897827,0.0,0.0,0.0,0,0.0,0.0
2022-12-27,3.8334999084472656,0.00801996722700582,34.63924026489258,0.01248977666721851,-0.004469809440212691,0.004469809440212691,0.016081809000692494,0.023166612520261223,0,0,0.0,10,14.07197257603009,0.0,0.0,0.0,0.0,0.0,0.0,,0.0,0.0,0.0,0.023166612520261223,0.0,0.0,0.0,0,0.0,0.0
2022-12-28,3.8320000171661377,-0.00039125898446557006,34.230934143066406,-0.011787386752820761,0.011396127768355191,0.011396127768355191,0.01608123136225914,0.02314336585401653,1,0,0.0,10,269.12030017702153,0.0,0.0,0.0,0.0,0.0,0.0,,0.0,0.0,0.0,0.02314336585401653,0.0,0.0,0.0,0,0.0,0.0
2022-12-29,3.821000099182129,-0.002870542258541886,34.581363677978516,0.010237217992576708,-0.013107760251118594,0.013107760251118594,0.016081689009446176,0.0229974577107858,0,0,0.0,10,32.27625016020353,0.0,0.0,0.0,0.0,0.0,0.0,,0.0,0.0,0.0,0.0229974577107858,0.0,0.0,0.0,0,0.0,0.0
2022-12-30,3.805500030517578,-0.004056547569278646,34.014923095703125,-0.016379937689851798,0.012323390120573152,0.012323390120573152,0.016051057754518098,0.022969476427837938,1,0,0.0,10,36.09220669726513,0.0,0.0,0.0,0.0,0.0,0.0,,0.0,0.0,0.0,0.022969476427837938,0.0,0.0,0.0,0,0.0,0.0
2022-12-31,3.805500030517578,0.0,34.014923095703125,0.0,0.0,0.0,0.016044113024941537,0.022970642362636476,1,0,0.0,10,,0.0,0.0,0.0,0.0,0.0,0.0,,0.0,0.0,0.0,0.022970642362636476,0.0,0.0,0.0,0,0.0,0.0
2023-01-01,3.805500030517578,0.0,34.014923095703125,0.0,0.0,0.0,0.015596793662668003,0.02216245523534397,1,0,0.0,10,,0.0,0.0,0.0,0.0,0.0,0.0,,0.0,0.0,0.0,0.02216245523534397,0.0,0.0,0.0,0,0.0,0.0
2023-01-02,3.805500030517578,0.0,34.014923095703125,0.0,0.0,0.0,0.015596793662668003,0.02216245523534397,1,0,0.0,10,,0.0,0.0,0.0,0.0,0.0,0.0,,0.0,0.0,0.0,0.02216245523534397,0.0,0.0,0.0,0,0.0,0.0
2023-01-03,3.7660000324249268,-0.0103797129880141,34.33174133300781,0.009314095357890295,-0.019693808345904396,0.019693808345904396,0.015640215947151686,0.02216979008404628,0,0,0.0,10,8.180330444665236,0.0,0.0,0.0,0.0,0.0,0.0,,0.0,0.0,0.0,0.02216979008404628,0.0,0.0,0.0,0,0.0,0.0
2023-01-04,3.739500045776367,-0.007036640047901499,34.77337646484375,0.01286375565842146,-0.01990039570632296,0.01990039570632296,0.015552002112933875,0.022044831223079365,0,0,0.0,10,16.9994850547859,0.0,0.0,0.0,0.0,0.0,0.0,,0.0,0.0,0.0,0.022044831223079365,0.0,0.0,0.0,0,0.0,0.0
2023-01-05,3.818000078201294,0.020992119658773678,35.30140686035156,0.015184904348924944,0.0058072153098487345,0.0058072153098487345,0.0156752465035806,0.02206019540483078,1,0,0.0,10,6.688239986143222,0.0,0.0,0.0,0.0,0.0,0.0,,0.0,0.0,0.0,0.02206019540483078,0.0,0.0,0.0,0,0.0,0.0
2023-01-06,3.9084999561309814,0.023703477233118164,36.827903747558594,0.04324181450460829,-0.019538337271490125,0.019538337271490125,0.01574863193292178,0.022064903011884827,0,0,0.0,10,17.18932159950399,0.0,0.0,0.0,0.0,0.0,0.0,,0.0,0.0,0.0,0.022064903011884827,0.0,0.0,0.0,0,0.0,0.0
2023-01-07,3.9084999561309814,0.0,36.827903747558594,0.0,0.0,0.0,0.015670434667616973,0.02206147587589844,1,0,0.0,10,,0.0,0.0,0.0,0.0,0.0,0.0,,0.0,0.0,0.0,0.02206147587589844,0.0,0.0,0.0,0,0.0,0.0
2023-01-08,3.9084999561309814,0.0,36.827903747558594,0.0,0.0,0.0,0.015670848384233365,0.022055265049921963,1,0,0.0,10,,0.0,0.0,0.0,0.0,0.0,0.0,,0.0,0.0,0.0,0.022055265049921963,0.0,0.0,0.0,0,0.0,0.0
2023-01-09,4.018499851226807,0.028143762653310533,37.63435363769531,0.021897795097560513,0.0062459675557500205,0.0062459675557500205,0.015896693812261026,0.022129676488000825,1,0,0.0,10,7.2868316002220626,0.0,0.0,0.0,0.0,0.0,0.0,,0.0,0.0,0.0,0.022129676488000825,0.0,0.0,0.0,0,0.0,0.0
2023-01-10,4.066999912261963,0.012069195677673061,38.43119812011719,0.021173327170517453,-0.009104131492844392,0.009104131492844392,0.01592964388174627,0.022195824159537227,0,0,0.0,10,16.577557418271898,0.0,0.0,0.0,0.0,0.0,0.0,,0.0,0.0,0.0,0.022195824159537227,0.0,0.0,0.0,0,0.0,0.0
2023-01-11,4.1545000076293945,0.021514653861589572,38.59440994262695,0.004246857514034419,0.017267796347555153,0.017267796347555153,0.016049014386129386,0.0217905055140246,1,0,0.0,10,1.8337451084083385,0.0,0.0,0.0,0.0,0.0,0.0,,0.0,0.0,0.0,0.0217905055140246,0.0,0.0,0.0,0,0.0,0.0
2023-01-12,4.185999870300293,0.007582106778926789,39.40085983276367,0.020895510291142116,-0.013313403512215327,0.013313403512215327,0.015983999406885243,0.021691441183069246,0,0,0.0,10,25.939976248931174,0.0,0.0,0.0,0.0,0.0,0.0,,0.0,0.0,0.0,0.021691441183069246,0.0,0.0,0.0,0,0.0,0.0
2023-01-13,4.207499980926514,0.0051361947664556595,39.429664611816406,0.0007310698085014611,0.0044051249579541985,0.0044051249579541985,0.01598576809356821,0.02166000048280058,1,0,0.0,10,1.333878662056191,0.0,0.0,0.0,0.0,0.0,0.0,,0.0,0.0,0.0,0.02166000048280058,0.0,0.0,0.0,0,0.0,0.0
2023-01-14,4.207499980926514,0.0,39.429664611816406,0.0,0.0,0.0,0.015881596561692274,0.021538536279014763,1,0,0.0,10,,0.0,0.0,0.0,0.0,0.0,0.0,,0.0,0.0,0.0,0.021538536279014763,0.0,0.0,0.0,0,0.0,0.0
2023-01-15,4.207499980926514,0.0,39.429664611816406,0.0,0.0,0.0,0.01575387253066322,0.02129834050175844,1,0,0.0,10,,0.0,0.0,0.0,0.0,0.0,0.0,,0.0,0.0,0.0,0.02129834050175844,0.0,0.0,0.0,0,0.0,0.0
2023-01-16,4.207499980926514,0.0,39.429664611816406,0.0,0.0,0.0,0.01575387253066322,0.02129834050175844,1,0,0.0,10,,0.0,0.0,0.0,0.0,0.0,0.0,,0.0,0.0,0.0,0.02129834050175844,0.0,0.0,0.0,0,0.0,0.0
2023-01-17,4.215000152587891,0.001782572001277849,38.50800704956055,-0.023374724876043085,0.025157296877320934,0.025157296877320934,0.015752346268469785,0.021469159688001196,1,1,1.0,10,119.79891232027059,-1198.0,10.0,5049.570182800293,-385.08007049560547,0.0,0.0,Opened,5049.570182800293,-385.08007049560547,0.0,0.021469159688001196,5434.650253295898,0.0,0.0,0,0.0,5434.650253295898
2023-01-18,4.228499889373779,0.003202784412142945,38.71921920776367,0.005484889361614842,-0.002282104949471897,0.002282104949471897,0.015721705933050525,0.02146670433905234,0,0,-1.0,10,15.681241125819426,1198.0,-10.0,-5065.742867469788,387.1921920776367,-16.17268466949463,2.11212158203125,Closed,-5065.742867469788,387.1921920776367,-14.060563087463379,0.02146670433905234,5452.935059547424,-14.060563087463379,-0.0025785311825500374,0,-14.060563087463379,0.0
2023-01-19,4.226500034332275,-0.00047294669358499686,39.064842224121094,0.008926394266961957,-0.009399340960546954,0.009399340960546954,0.015715865424025012,0.021359263216523712,0,0,0.0,10,174.44923499293745,0.0,0.0,0.0,0.0,0.0,0.0,,0.0,0.0,0.0,0.021359263216523712,0.0,0.0,0.0,0,0.0,0.0
2023-01-20,4.248499870300293,0.005205213720409496,39.63127899169922,0.014499911821693523,-0.009294698101284027,0.009294698101284027,0.01567423909205011,0.02138474792949425,0,0,0.0,10,25.985392088879625,0.0,0.0,0.0,0.0,0.0,0.0,,0.0,0.0,0.0,0.02138474792949425,0.0,0.0,0.0,0,0.0,0.0
2023-01-21,4.248499870300293,0.0,39.63127899169922,0.0,0.0,0.0,0.015669281375060726,0.021321716016135327,1,0,0.0,10,,0.0,0.0,0.0,0.0,0.0,0.0,,0.0,0.0,0.0,0.021321716016135327,0.0,0.0,0.0,0,0.0,0.0
2023-01-22,4.248499870300293,0.0,39.63127899169922,0.0,0.0,0.0,0.015654644361445143,0.02100815439951056,1,0,0.0,10,,0.0,0.0,0.0,0.0,0.0,0.0,,0.0,0.0,0.0,0.02100815439951056,0.0,0.0,0.0,0,0.0,0.0
2023-01-23,4.254000186920166,0.0012946491203456034,39.62167739868164,-0.0002422731050286675,0.001536922225374271,0.001536922225374271,0.015653339895416434,0.021008657588480823,1,0,0.0,10,1.7429642434653287,0.0,0.0,0.0,0.0,0.0,0.0,,0.0,0.0,0.0,0.021008657588480823,0.0,0.0,0.0,0,0.0,0.0
2023-01-24,4.245500087738037,-0.0019981426442491346,39.84248733520508,0.005572957810483503,-0.007571100454732638,0.007571100454732638,0.01565747103899384,0.02100480213321914,0,0,0.0,10,26.174407274377963,0.0,0.0,0.0,0.0,0.0,0.0,,0.0,0.0,0.0,0.02100480213321914,0.0,0.0,0.0,0,0.0,0.0
2023-01-25,4.239999771118164,-0.0012955638926399615,40.03449630737305,0.004819201435707354,-0.006114765328347316,0.006114765328347316,0.015661197461776622,0.020927336680751113,0,0,0.0,10,35.1224481073199,0.0,0.0,0.0,0.0,0.0,0.0,,0.0,0.0,0.0,0.020927336680751113,0.0,0.0,0.0,0,0.0,0.0
2023-01-26,4.267000198364258,0.006368025637645935,40.06330108642578,0.0007194989748735559,0.00564852666277238,0.00564852666277238,0.01557912233190346,0.0208761239238294,1,0,0.0,10,1.060838918576902,0.0,0.0,0.0,0.0,0.0,0.0,,0.0,0.0,0.0,0.0208761239238294,0.0,0.0,0.0,0,0.0,0.0
2023-01-27,4.223999977111816,-0.010077389091504019,39.77528381347656,-0.00718905494901434,-0.002888334142489679,0.002888334142489679,0.015547588169212456,0.020841192415272797,0,0,0.0,10,6.717584777030823,0.0,0.0,0.0,0.0,0.0,0.0,,0.0,0.0,0.0,0.020841192415272797,0.0,0.0,0.0,0,0.0,0.0
2023-01-28,4.223999977111816,0.0,39.77528381347656,0.0,0.0,0.0,0.015350515846325295,0.020840426084624754,1,0,0.0,10,,0.0,0.0,0.0,0.0,0.0,0.0,,0.0,0.0,0.0,0.020840426084624754,0.0,0.0,0.0,0,0.0,0.0
2023-01-29,4.223999977111816,0.0,39.77528381347656,0.0,0.0,0.0,0.015234789069503141,0.02045472834399687,1,0,0.0,10,,0.0,0.0,0.0,0.0,0.0,0.0,,0.0,0.0,0.0,0.02045472834399687,0.0,0.0,0.0,0,0.0,0.0
2023-01-30,4.203499794006348,-0.004853263072100211,39.00723648071289,-0.019309663165833713,0.014456400093733501,0.014456400093733501,0.015248722426608944,0.020581819126603864,1,0,0.0,10,36.9211328399357,0.0,0.0,0.0,0.0,0.0,0.0,,0.0,0.0,0.0,0.020581819126603864,0.0,0.0,0.0,0,0.0,0.0
2023-01-31,4.228499889373779,0.0059474477441578966,39.6408805847168,0.016244270580850095,-0.010296822836692199,0.010296822836692199,0.015252909141973272,0.020617048572591515,0,0,0.0,10,25.605104334596223,0.0,0.0,0.0,0.0,0.0,0.0,,0.0,0.0,0.0,0.020617048572591515,0.0,0.0,0.0,0,0.0,0.0
2023-02-01,4.111000061035156,-0.027787591678528845,40.22651290893555,0.014773443868563607,-0.04256103554709245,0.04256103554709245,0.015475528708704486,0.020236863283749656,0,1,1.0,10,5.202304174027495,53.0,-10.0,-217.88300323486328,402.26512908935547,0.0,0.0,Opened,-217.88300323486328,402.26512908935547,0.0,0.020236863283749656,620.1481323242188,0.0,0.0,0,0.0,620.1481323242188
2023-02-02,4.093999862670898,-0.004135295089238489,38.86323165893555,-0.0338901175223959,0.029754822433157413,0.029754822433157413,0.01545347044077309,0.02048499103762417,1,0,-1.0,10,77.79606970959102,-53.0,10.0,216.98199272155762,-388.63231658935547,-0.9010105133056641,13.6328125,Closed,216.98199272155762,-388.63231658935547,12.731801986694336,0.02048499103762417,605.6143093109131,12.731801986694336,0.021022954363778126,0,12.731801986694336,0.0
2023-02-03,4.063000202178955,-0.007571973994087822,38.18158721923828,-0.017539571739154103,0.009967597745066281,0.009967597745066281,0.014630242043149458,0.020169717502662776,1,0,0.0,10,21.767923654145253,0.0,0.0,0.0,0.0,0.0,0.0,,0.0,0.0,0.0,0.020169717502662776,0.0,0.0,0.0,0,0.0,0.0
2023-02-04,4.063000202178955,0.0,38.18158721923828,0.0,0.0,0.0,0.014628879789912418,0.020115113940711964,1,0,0.0,10,,0.0,0.0,0.0,0.0,0.0,0.0,,0.0,0.0,0.0,0.020115113940711964,0.0,0.0,0.0,0,0.0,0.0
2023-02-05,4.063000202178955,0.0,38.18158721923828,0.0,0.0,0.0,0.013897920945764424,0.019971185872264634,1,0,0.0,10,,0.0,0.0,0.0,0.0,0.0,0.0,,0.0,0.0,0.0,0.019971185872264634,0.0,0.0,0.0,0,0.0,0.0
2023-02-06,4.043499946594238,-0.0047994719700626964,37.30793380737305,-0.022881537293060306,0.01808206532299761,0.01808206532299761,0.013912077513981377,0.020141031023333953,1,0,0.0,10,43.98812953862261,0.0,0.0,0.0,0.0,0.0,0.0,,0.0,0.0,0.0,0.020141031023333953,0.0,0.0,0.0,0,0.0,0.0
2023-02-07,4.088500022888184,0.011128991440162661,38.26799011230469,0.02573330139075969,-0.014604309950597028,0.014604309950597028,0.013943330759047813,0.020263966106255762,0,0,0.0,10,21.642695374999878,0.0,0.0,0.0,0.0,0.0,0.0,,0.0,0.0,0.0,0.020263966106255762,0.0,0.0,0.0,0,0.0,0.0
2023-02-08,4.043499946594238,-0.011006500193720514,37.83596420288086,-0.011289485237033992,0.0002829850433134773,0.0002829850433134773,0.013898728548892575,0.0202157650909312,1,0,0.0,10,9.597812437833175,0.0,0.0,0.0,0.0,0.0,0.0,,0.0,0.0,0.0,0.0202157650909312,0.0,0.0,0.0,0,0.0,0.0
2023-02-09,4.105500221252441,0.015333319024877223,37.71115493774414,-0.003298693921674034,0.018632012946551257,0.018632012946551257,0.01371153072517226,0.019692220072431807,1,0,0.0,10,1.9761031111721215,0.0,0.0,0.0,0.0,0.0,0.0,,0.0,0.0,0.0,0.019692220072431807,0.0,0.0,0.0,0,0.0,0.0
2023-02-10,4.027500152587891,-0.018998919610520915,36.914306640625,-0.021130307423218087,0.002131387812697172,0.002131387812697172,0.013863846249731032,0.019478031231477035,1,0,0.0,10,10.19379887009293,0.0,0.0,0.0,0.0,0.0,0.0,,0.0,0.0,0.0,0.019478031231477035,0.0,0.0,0.0,0,0.0,0.0
2023-02-11,4.027500152587891,0.0,36.914306640625,0.0,0.0,0.0,0.01377658014057371,0.019479362170536918,1,0,0.0,10,,0.0,0.0,0.0,0.0,0.0,0.0,,0.0,0.0,0.0,0.019479362170536918,0.0,0.0,0.0,0,0.0,0.0
2023-02-12,4.027500152587891,0.0,36.914306640625,0.0,0.0,0.0,0.011636204918871957,0.016957366123353232,1,0,0.0,10,,0.0,0.0,0.0,0.0,0.0,0.0,,0.0,0.0,0.0,0.016957366123353232,0.0,0.0,0.0,0,0.0,0.0
2023-02-13,4.086999893188477,0.014773367683761363,37.355934143066406,0.011963586550353567,0.002809781133407796,0.002809781133407796,0.011718458573628522,0.01698476680247035,1,0,0.0,10,7.401791779539065,0.0,0.0,0.0,0.0,0.0,0.0,,0.0,0.0,0.0,0.01698476680247035,0.0,0.0,0.0,0,0.0,0.0
2023-02-14,4.110000133514404,0.00562765865598891,37.92237091064453,0.015163233916431373,-0.009535575260442464,0.009535575260442464,0.011727001336438858,0.017032604042883315,0,0,0.0,10,24.860950726274275,0.0,0.0,0.0,0.0,0.0,0.0,,0.0,0.0,0.0,0.017032604042883315,0.0,0.0,0.0,0,0.0,0.0
2023-02-15,4.052000045776367,-0.014111943030143403,37.54794692993164,-0.00987343279762587,-0.004238510232517534,0.004238510232517534,0.011577806488770293,0.01705800575584688,0,0,0.0,10,6.483329792649063,0.0,0.0,0.0,0.0,0.0,0.0,,0.0,0.0,0.0,0.01705800575584688,0.0,0.0,0.0,0,0.0,0.0
2023-02-16,4.165500164031982,0.028010887703203036,37.787960052490234,0.006392176994563403,0.021618710708639632,0.021618710708639632,0.011720500391141747,0.01681450261718092,1,1,1.0,10,2.0701804883244024,-21.0,10.0,87.47550344467163,-377.87960052490234,0.0,0.0,Opened,87.47550344467163,-377.87960052490234,0.0,0.01681450261718092,465.355103969574,0.0,0.0,0,0.0,465.355103969574
2023-02-17,4.113999843597412,-0.012363538208271407,37.624752044677734,-0.004319047855078528,-0.008044490353192879,0.008044490353192879,0.011767072552386395,0.016406559935979035,0,0,-1.0,10,3.1948804836969953,21.0,-10.0,-86.39399671554565,376.24752044677734,1.0815067291259766,-1.632080078125,Closed,-86.39399671554565,376.24752044677734,-0.5505733489990234,0.016406559935979035,462.641517162323,-0.5505733489990234,-0.001190064723062562,0,-0.5505733489990234,0.0
2023-02-18,4.113999843597412,0.0,37.624752044677734,0.0,0.0,0.0,0.011687552126991184,0.015017044148109933,1,0,0.0,10,,0.0,0.0,0.0,0.0,0.0,0.0,,0.0,0.0,0.0,0.015017044148109933,0.0,0.0,0.0,0,0.0,0.0
2023-02-19,4.113999843597412,0.0,37.624752044677734,0.0,0.0,0.0,0.010968530600678823,0.014422594176683597,1,0,0.0,10,,0.0,0.0,0.0,0.0,0.0,0.0,,0.0,0.0,0.0,0.014422594176683597,0.0,0.0,0.0,0,0.0,0.0
2023-02-20,4.113999843597412,0.0,37.624752044677734,0.0,0.0,0.0,0.010968530600678823,0.014422594176683597,1,0,0.0,10,,0.0,0.0,0.0,0.0,0.0,0.0,,0.0,0.0,0.0,0.014422594176683597,0.0,0.0,0.0,0,0.0,0.0
2023-02-21,4.234499931335449,0.02929025092831994,37.768760681152344,0.0038274972896461534,0.025462753638673785,0.025462753638673785,0.01134078246620048,0.014424312798622739,1,1,1.0,10,1.165527174955922,-12.0,10.0,50.81399917602539,-377.68760681152344,0.0,0.0,Opened,50.81399917602539,-377.68760681152344,0.0,0.014424312798622739,428.5016059875488,0.0,0.0,0,0.0,428.5016059875488
2023-02-22,4.202499866485596,-0.007556987925079861,36.885501861572266,-0.023385962463440046,0.015828974538360185,0.015828974538360185,0.011087946341955408,0.014556101432883934,1,1,0.0,10,27.16154741926619,12.0,-10.0,-50.42999839782715,368.85501861572266,0.3840007781982422,-8.832588195800781,Live,0.0,0.0,0.0,0.014556101432883934,419.2850170135498,-8.448587417602539,-0.020149986464528282,1,-8.448587417602539,0.0
2023-02-23,4.072999954223633,-0.030814971178157124,36.347869873046875,-0.01457569943180037,-0.016239271746356754,0.016239271746356754,0.011523825438795458,0.014621318092155413,0,0,-1.0,10,4.221163727399764,12.0,-10.0,-48.875999450683594,363.47869873046875,1.9379997253417969,-14.208908081054688,Closed,-48.875999450683594,363.47869873046875,-12.27090835571289,0.014621318092155413,412.35469818115234,-12.27090835571289,-0.029758138830085875,1,0.0,0.0
2023-02-24,3.9549999237060547,-0.028971282063289472,35.2534065246582,-0.03011079747482681,0.0011395154115373396,0.0011395154115373396,0.011816987934808643,0.01486000344512351,1,0,0.0,10,9.26422625455255,0.0,0.0,0.0,0.0,0.0,0.0,,0.0,0.0,0.0,0.01486000344512351,0.0,0.0,0.0,0,0.0,0.0
2023-02-25,3.9549999237060547,0.0,35.2534065246582,0.0,0.0,0.0,0.011509992761000237,0.014637397781878713,1,0,0.0,10,,0.0,0.0,0.0,0.0,0.0,0.0,,0.0,0.0,0.0,0.014637397781878713,0.0,0.0,0.0,0,0.0,0.0
2023-02-26,3.9549999237060547,0.0,35.2534065246582,0.0,0.0,0.0,0.01139133421333228,0.01460727819772456,1,0,0.0,10,,0.0,0.0,0.0,0.0,0.0,0.0,,0.0,0.0,0.0,0.01460727819772456,0.0,0.0,0.0,0,0.0,0.0
2023-02-27,4.008999824523926,0.013653578219862572,36.03104782104492,0.02205861427441902,-0.008405036054556447,0.008405036054556447,0.01146184447812866,0.014755598765705947,0,0,0.0,10,14.520200009605395,0.0,0.0,0.0,0.0,0.0,0.0,,0.0,0.0,0.0,0.014755598765705947,0.0,0.0,0.0,0,0.0,0.0
2023-02-28,4.097499847412109,0.022075337181810095,36.35747528076172,0.009059616066067866,0.01301572111574223,0.01301572111574223,0.011652357386465036,0.014774922633992535,1,0,0.0,10,3.6414740460259263,0.0,0.0,0.0,0.0,0.0,0.0,,0.0,0.0,0.0,0.014774922633992535,0.0,0.0,0.0,0,0.0,0.0
2023-03-01,4.168000221252441,0.017205705055695963,37.999176025390625,0.04515442098086497,-0.02794871592516901,0.02794871592516901,0.01161798929494794,0.015396573611706101,0,1,1.0,10,23.926228715822262,240.0,-10.0,-1000.3200531005859,379.99176025390625,0.0,0.0,Opened,-1000.3200531005859,379.99176025390625,0.0,0.015396573611706101,1380.3118133544922,0.0,0.0,0,0.0,1380.3118133544922
2023-03-02,4.084000110626221,-0.02015357633569881,37.67275619506836,-0.008590181800367303,-0.011563394535331506,0.011563394535331506,0.011771159679609238,0.015156741623222943,0,1,0.0,10,3.9318041829029435,-240.0,10.0,980.160026550293,-376.7275619506836,-20.16002655029297,3.2641983032226562,Live,0.0,0.0,0.0,0.015156741623222943,1356.8875885009766,-16.895828247070312,-0.012451899766977751,0,0.0,0.0
2023-03-03,4.078000068664551,-0.0014691581290749989,38.75762176513672,0.028797085205312767,-0.030266243334387766,0.030266243334387766,0.011774313288470444,0.01537643670146417,0,1,0.0,10,186.2901448080908,-240.0,10.0,978.7200164794922,-387.5762176513672,-21.60003662109375,-7.5844573974609375,Live,0.0,0.0,0.0,0.01537643670146417,1366.2962341308594,-29.184494018554688,-0.02136029748857486,1,-29.184494018554688,0.0
2023-03-04,4.078000068664551,0.0,38.75762176513672,0.0,0.0,0.0,0.011774313288470444,0.01537643670146417,1,0,-1.0,10,,-240.0,10.0,978.7200164794922,-387.5762176513672,-21.60003662109375,-7.5844573974609375,Closed,978.7200164794922,-387.5762176513672,-29.184494018554688,0.01537643670146417,1366.2962341308594,-29.184494018554688,-0.02136029748857486,1,0.0,0.0
2023-03-05,4.078000068664551,0.0,38.75762176513672,0.0,0.0,0.0,0.011774337195386954,0.015375666884603498,1,0,0.0,10,,0.0,0.0,0.0,0.0,0.0,0.0,,0.0,0.0,0.0,0.015375666884603498,0.0,0.0,0.0,0,0.0,0.0
2023-03-06,4.100500106811523,0.005517419756773334,37.787960052490234,-0.025018607140614435,0.03053602689738777,0.03053602689738777,0.011781380289514592,0.015606206564755006,1,1,1.0,10,41.787243320193845,-418.0,10.0,1714.0090446472168,-377.87960052490234,0.0,0.0,Opened,1714.0090446472168,-377.87960052490234,0.0,0.015606206564755006,2091.888645172119,0.0,0.0,0,0.0,2091.888645172119
2023-03-07,3.9865000247955322,-0.02780150690073646,36.03104782104492,-0.04649396868750877,0.018692461786772308,0.018692461786772308,0.012135036087055745,0.016327185341565974,1,1,0.0,10,15.115182787955899,418.0,-10.0,-1666.3570103645325,360.3104782104492,47.652034282684326,-17.569122314453125,Live,0.0,0.0,0.0,0.016327185341565974,2026.6674885749817,30.0829119682312,0.014843536069838232,0,0.0,0.0
2023-03-08,4.041500091552734,0.013796580061484764,36.4534797668457,0.011724109381965997,0.0020724706795187675,0.0020724706795187675,0.012189197196346011,0.016136663141065793,1,1,0.0,10,7.664870373054919,418.0,-10.0,-1689.347038269043,364.53479766845703,24.662006378173828,-13.344802856445312,Live,0.0,0.0,0.0,0.016136663141065793,2053.8818359375,11.317203521728516,0.005510153176150344,0,0.0,0.0
2023-03-09,4.054500102996826,0.0032166302485712173,35.022987365722656,-0.03924158709325942,0.04245821734183064,0.04245821734183064,0.012183552467628984,0.01633861456827261,1,1,0.0,10,105.38075209380615,418.0,-10.0,-1694.7810430526733,350.22987365722656,19.228001594543457,-27.64972686767578,Live,0.0,0.0,0.0,0.01633861456827261,2045.0109167099,-8.421725273132324,-0.004118181083689055,0,0.0,0.0
2023-03-10,4.045499801635742,-0.0022198300980265095,34.60055923461914,-0.012061453430353253,0.009841623332326743,0.009841623332326743,0.011896100842454994,0.015956696433171682,1,1,0.0,10,46.471944279001306,418.0,-10.0,-1691.0189170837402,346.0055923461914,22.990127563476562,-31.874008178710938,Live,0.0,0.0,0.0,0.015956696433171682,2037.0245094299316,-8.883880615234375,-0.0043612045776123525,0,0.0,0.0
2023-03-11,4.045499801635742,0.0,34.60055923461914,0.0,0.0,0.0,0.011691217785491148,0.015870640869284917,1,1,0.0,10,,418.0,-10.0,-1691.0189170837402,346.0055923461914,22.990127563476562,-31.874008178710938,Live,0.0,0.0,0.0,0.015870640869284917,2037.0245094299316,-8.883880615234375,-0.0043612045776123525,0,0.0,0.0
2023-03-12,4.045499801635742,0.0,34.60055923461914,0.0,0.0,0.0,0.011661568659070332,0.015865373431813354,1,1,0.0,10,,418.0,-10.0,-1691.0189170837402,346.0055923461914,22.990127563476562,-31.874008178710938,Live,0.0,0.0,0.0,0.015865373431813354,2037.0245094299316,-8.883880615234375,-0.0043612045776123525,0,0.0,0.0
2023-03-13,4.069499969482422,0.0059325593927790354,34.91737747192383,0.009156448459587407,-0.003223889066808372,0.003223889066808372,0.011673733462590269,0.01589184075470902,0,0,-1.0,10,13.242974069361939,418.0,-10.0,-1701.0509872436523,349.1737747192383,12.958057403564453,-28.705825805664062,Closed,-1701.0509872436523,349.1737747192383,-15.74776840209961,0.01589184075470902,2050.2247619628906,-15.74776840209961,-0.007680996100653205,0,-15.74776840209961,0.0
2023-03-14,4.010499954223633,-0.014498099447410207,35.34940719604492,0.012372914445492933,-0.02687101389290314,0.02687101389290314,0.01177122597104816,0.015939305949031677,0,1,1.0,10,7.522194435188602,76.0,-10.0,-304.7979965209961,353.4940719604492,0.0,0.0,Opened,-304.7979965209961,353.4940719604492,0.0,0.015939305949031677,658.2920684814453,0.0,0.0,0,0.0,658.2920684814453
2023-03-15,3.8564999103546143,-0.03839921347133646,33.22767639160156,-0.060021679930201244,0.021622466458864786,0.021622466458864786,0.012300115513837095,0.01691356808200877,1,0,-1.0,10,13.467669939962251,-76.0,10.0,293.0939931869507,-332.2767639160156,-11.70400333404541,21.217308044433594,Closed,293.0939931869507,-332.2767639160156,9.513304710388184,0.01691356808200877,625.3707571029663,9.513304710388184,0.0152122634490596,0,9.513304710388184,0.0
2023-03-16,3.885499954223633,0.0075197833639653044,33.60210037231445,0.011268437079383853,-0.0037486537154185484,0.0037486537154185484,0.012309127011798546,0.016950149718621375,0,0,0.0,10,12.959190419560635,0.0,0.0,0.0,0.0,0.0,0.0,,0.0,0.0,0.0,0.016950149718621375,0.0,0.0,0.0,0,0.0,0.0
2023-03-17,3.9135000705718994,0.007206309787194831,33.813316345214844,0.006285796737706795,0.0009205130494880365,0.0009205130494880365,0.012276588023758417,0.016958039362985,1,0,0.0,10,7.536502144971457,0.0,0.0,0.0,0.0,0.0,0.0,,0.0,0.0,0.0,0.016958039362985,0.0,0.0,0.0,0,0.0,0.0
2023-03-18,3.9135000705718994,0.0,33.813316345214844,0.0,0.0,0.0,0.012260303157294686,0.016820058270457454,1,0,0.0,10,,0.0,0.0,0.0,0.0,0.0,0.0,,0.0,0.0,0.0,0.016820058270457454,0.0,0.0,0.0,0,0.0,0.0
2023-03-19,3.9135000705718994,0.0,33.813316345214844,0.0,0.0,0.0,0.012259591320635749,0.016814722852176434,1,0,0.0,10,,0.0,0.0,0.0,0.0,0.0,0.0,,0.0,0.0,0.0,0.016814722852176434,0.0,0.0,0.0,0,0.0,0.0
2023-03-20,3.9755001068115234,0.015842605116029418,34.9749870300293,0.034355420005374615,-0.018512814889345197,0.018512814889345197,0.012359317977224128,0.01716451899453251,0,1,1.0,10,19.07807086281226,191.0,-10.0,-759.320520401001,349.74987030029297,0.0,0.0,Opened,-759.320520401001,349.74987030029297,0.0,0.01716451899453251,1109.070390701294,0.0,0.0,0,0.0,1109.070390701294
2023-03-21,4.018499851226807,0.010816184947802787,35.17659378051758,0.005764312373159219,0.005051872574643568,0.005051872574643568,0.01240365523490788,0.017173435317022125,1,0,-1.0,10,4.66512440754866,-191.0,10.0,767.5334715843201,-351.7659378051758,8.212951183319092,-2.0160675048828125,Closed,767.5334715843201,-351.7659378051758,6.196883678436279,0.017173435317022125,1119.2994093894958,6.196883678436279,0.005536395022147176,0,6.196883678436279,0.0
2023-03-22,4.06850004196167,0.012442501576701348,34.99418640136719,-0.005185475895946978,0.017627977472648326,0.017627977472648326,0.01228751972279698,0.01717054840993015,1,1,1.0,10,3.5846147822100436,-36.0,10.0,146.46600151062012,-349.9418640136719,0.0,0.0,Opened,146.46600151062012,-349.9418640136719,0.0,0.01717054840993015,496.407865524292,0.0,0.0,0,0.0,496.407865524292
2023-03-23,4.145999908447266,0.019048756467070938,35.1381950378418,0.004115216019680901,0.014933540447390037,0.014933540447390037,0.012382955443300486,0.017096810181862494,1,1,0.0,10,1.8309486690484982,36.0,-10.0,-149.25599670410156,351.38195037841797,-2.7899951934814453,1.4400863647460938,Live,0.0,0.0,0.0,0.017096810181862494,500.63794708251953,-1.3499088287353516,-0.0026963773653235434,0,0.0,0.0
2023-03-24,4.101500034332275,-0.010733206728809619,35.04219055175781,-0.0027321974273463168,-0.008001009301463302,0.008001009301463302,0.012407185332173465,0.017098344851693512,0,0,-1.0,10,2.174859025406181,36.0,-10.0,-147.6540012359619,350.4219055175781,-1.1879997253417969,0.48004150390625,Closed,-147.6540012359619,350.4219055175781,-0.7079582214355469,0.017098344851693512,498.07590675354004,-0.7079582214355469,-0.0014213862020550647,0,-0.7079582214355469,0.0
2023-03-25,4.101500034332275,0.0,35.04219055175781,0.0,0.0,0.0,0.012043217212881202,0.016669257587029637,1,0,0.0,10,,0.0,0.0,0.0,0.0,0.0,0.0,,0.0,0.0,0.0,0.016669257587029637,0.0,0.0,0.0,0,0.0,0.0
2023-03-26,4.101500034332275,0.0,35.04219055175781,0.0,0.0,0.0,0.01204283769183696,0.016667265206512544,1,0,0.0,10,,0.0,0.0,0.0,0.0,0.0,0.0,,0.0,0.0,0.0,0.016667265206512544,0.0,0.0,0.0,0,0.0,0.0
2023-03-27,4.104499816894531,0.0007313866968536864,35.282203674316406,0.006849261384047622,-0.006117874687193936,0.006117874687193936,0.012042484536854761,0.01667940524168303,0,0,0.0,10,80.49930773068365,0.0,0.0,0.0,0.0,0.0,0.0,,0.0,0.0,0.0,0.01667940524168303,0.0,0.0,0.0,0,0.0,0.0
2023-03-28,4.111999988555908,0.0018273046646282154,35.90625,0.01768728312562473,-0.015859978460996516,0.015859978460996516,0.012042422450369357,0.016767243503669427,0,0,0.0,10,84.52148338484787,0.0,0.0,0.0,0.0,0.0,0.0,,0.0,0.0,0.0,0.016767243503669427,0.0,0.0,0.0,0,0.0,0.0
2023-03-29,4.114999771118164,0.0007295191076372998,36.51108169555664,0.016844746960672285,-0.016115227853034986,0.016115227853034986,0.012032864638583928,0.01681707095135437,0,0,0.0,10,204.87204587304703,0.0,0.0,0.0,0.0,0.0,0.0,,0.0,0.0,0.0,0.01681707095135437,0.0,0.0,0.0,0,0.0,0.0
2023-03-30,4.0904998779296875,-0.005953801835041017,37.259925842285156,0.020510050975007132,-0.02646385281004815,0.02646385281004815,0.012048668596315055,0.016904252290854224,0,1,1.0,10,31.378918147195765,314.0,-10.0,-1284.4169616699219,372.59925842285156,0.0,0.0,Opened,-1284.4169616699219,372.59925842285156,0.0,0.016904252290854224,1657.0162200927734,0.0,0.0,0,0.0,1657.0162200927734
2023-03-31,4.104499816894531,0.0034225496596100857,37.16392135620117,-0.0025766150606513216,0.005999164720261407,0.005999164720261407,0.012050662889295925,0.0167061398491324,1,0,-1.0,10,6.816494277614891,-314.0,10.0,1288.8129425048828,-371.6392135620117,4.3959808349609375,0.9600448608398438,Closed,1288.8129425048828,-371.6392135620117,5.356025695800781,0.0167061398491324,1660.4521560668945,5.356025695800781,0.0032256428926489365,0,5.356025695800781,0.0
2023-04-01,4.104499816894531,0.0,37.16392135620117,0.0,0.0,0.0,0.011953543802263867,0.01629628452735534,1,0,0.0,10,,0.0,0.0,0.0,0.0,0.0,0.0,,0.0,0.0,0.0,0.01629628452735534,0.0,0.0,0.0,0,0.0,0.0
2023-04-02,4.104499816894531,0.0,37.16392135620117,0.0,0.0,0.0,0.011884181640979815,0.01621817417323632,1,0,0.0,10,,0.0,0.0,0.0,0.0,0.0,0.0,,0.0,0.0,0.0,0.01621817417323632,0.0,0.0,0.0,0,0.0,0.0
2023-04-03,4.059500217437744,-0.010963479465040837,37.74955749511719,0.01575819013561386,-0.026721669600654696,0.026721669600654696,0.011942374997111316,0.01628517981521858,0,1,1.0,10,13.365869759925019,134.0,-10.0,-543.9730291366577,377.4955749511719,0.0,0.0,Opened,-543.9730291366577,377.4955749511719,0.0,0.01628517981521858,921.4686040878296,0.0,0.0,0,0.0,921.4686040878296
2023-04-04,3.9835000038146973,-0.018721569048471776,37.15432357788086,-0.015767970718949975,-0.0029535983295218005,0.0029535983295218005,0.01209954550375618,0.016372203714711302,0,1,0.0,10,7.855577144979586,-134.0,10.0,533.7890005111694,-371.5432357788086,-10.184028625488281,5.952339172363281,Live,0.0,0.0,0.0,0.016372203714711302,905.332236289978,-4.231689453125,-0.004674183999529637,0,0.0,0.0
2023-04-05,3.997999906539917,0.0036399906392203807,36.85670471191406,-0.008010342735562004,0.011650333374782385,0.011650333374782385,0.012103389896533116,0.016396520547527542,1,0,-1.0,10,20.287314191982837,-134.0,10.0,535.7319874763489,-368.5670471191406,-8.241041660308838,8.92852783203125,Closed,535.7319874763489,-368.5670471191406,0.6874861717224121,0.016396520547527542,904.2990345954895,0.6874861717224121,0.0007602420719490628,0,0.6874861717224121,0.0
2023-04-06,4.026000022888184,0.007003531016212428,37.096717834472656,0.0065120613585676335,0.0004914696576447941,0.0004914696576447941,0.012097498060458865,0.016364628127196947,1,0,0.0,10,8.56767810507198,0.0,0.0,0.0,0.0,0.0,0.0,,0.0,0.0,0.0,0.016364628127196947,0.0,0.0,0.0,0,0.0,0.0
2023-04-07,4.026000022888184,0.0,37.096717834472656,0.0,0.0,0.0,0.012097249678217578,0.016315285012973777,1,0,0.0,10,,0.0,0.0,0.0,0.0,0.0,0.0,,0.0,0.0,0.0,0.016315285012973777,0.0,0.0,0.0,0,0.0,0.0
2023-04-08,4.026000022888184,0.0,37.096717834472656,0.0,0.0,0.0,0.01209241605866915,0.01628843485868596,1,0,0.0,10,,0.0,0.0,0.0,0.0,0.0,0.0,,0.0,0.0,0.0,0.01628843485868596,0.0,0.0,0.0,0,0.0,0.0
2023-04-09,4.026000022888184,0.0,37.096717834472656,0.0,0.0,0.0,0.012083453918589487,0.016195670138767042,1,0,0.0,10,,0.0,0.0,0.0,0.0,0.0,0.0,,0.0,0.0,0.0,0.016195670138767042,0.0,0.0,0.0,0,0.0,0.0
2023-04-10,3.9865000247955322,-0.009811226494806258,37.06791687011719,-0.0007763750012597104,-0.009034851493546547,0.009034851493546547,0.012128416983096326,0.016196339616729994,0,0,0.0,10,0.7357913036487942,0.0,0.0,0.0,0.0,0.0,0.0,,0.0,0.0,0.0,0.016196339616729994,0.0,0.0,0.0,0,0.0,0.0
2023-04-11,4.024499893188477,0.009532138004914037,38.373600006103516,0.03522407640443692,-0.025691938399522884,0.025691938399522884,0.012161560565763207,0.016553666901434384,0,1,1.0,10,35.234646379162285,353.0,-10.0,-1420.6484622955322,383.73600006103516,0.0,0.0,Opened,-1420.6484622955322,383.73600006103516,0.0,0.016553666901434384,1804.3844623565674,0.0,0.0,0,0.0,1804.3844623565674
2023-04-12,4.084499835968018,0.014908670486261322,38.73841857910156,0.009507019746388679,0.005401650739872643,0.005401650739872643,0.012244817630893698,0.01657316569658234,1,0,-1.0,10,6.0479540723113985,-353.0,10.0,1441.8284420967102,-387.3841857910156,21.17997980117798,-3.6481857299804688,Closed,1441.8284420967102,-387.3841857910156,17.53179407119751,0.01657316569658234,1829.2126278877258,17.53179407119751,0.009584339077869947,0,17.53179407119751,0.0
2023-04-13,4.124000072479248,0.00967076462175176,40.01530075073242,0.032961649402996285,-0.023290884781244525,0.023290884781244525,0.01222434184429433,0.016853028867270064,0,1,1.0,10,33.071625678413604,331.0,-10.0,-1365.044023990631,400.1530075073242,0.0,0.0,Opened,-1365.044023990631,400.1530075073242,0.0,0.016853028867270064,1765.1970314979553,0.0,0.0,0,0.0,1765.1970314979553
2023-04-14,4.107500076293945,-0.004000968936788474,39.928897857666016,-0.002159246374396573,-0.001841722562391901,0.001841722562391901,0.012207984572125184,0.016819202129197023,0,1,0.0,10,5.246223179948035,-331.0,10.0,1359.582525253296,-399.28897857666016,-5.461498737335205,0.8640289306640625,Live,0.0,0.0,0.0,0.016819202129197023,1758.871503829956,-4.597469806671143,-0.0026138747467680935,0,0.0,0.0
2023-04-15,4.107500076293945,0.0,39.928897857666016,0.0,0.0,0.0,0.012040298591621907,0.016763075902496326,1,0,-1.0,10,,-331.0,10.0,1359.582525253296,-399.28897857666016,-5.461498737335205,0.8640289306640625,Closed,1359.582525253296,-399.28897857666016,-4.597469806671143,0.016763075902496326,1758.871503829956,-4.597469806671143,-0.0026138747467680935,0,-4.597469806671143,0.0
2023-04-16,4.107500076293945,0.0,39.928897857666016,0.0,0.0,0.0,0.011816146617924286,0.016221072722011617,1,0,0.0,10,,0.0,0.0,0.0,0.0,0.0,0.0,,0.0,0.0,0.0,0.016221072722011617,0.0,0.0,0.0,0,0.0,0.0
2023-04-17,4.065999984741211,-0.010103491365039408,39.82328796386719,-0.0026449488832698265,-0.007458542481769581,0.007458542481769581,0.011864133866183305,0.01622477665202152,0,0,0.0,10,2.5639854131561153,0.0,0.0,0.0,0.0,0.0,0.0,,0.0,0.0,0.0,0.01622477665202152,0.0,0.0,0.0,0,0.0,0.0
2023-04-18,4.0894999504089355,0.005779627583845315,40.6489372253418,0.02073282503001117,-0.014953197446165856,0.014953197446165856,0.011875917349498725,0.01634500847681563,0,0,0.0,10,35.656410054009626,0.0,0.0,0.0,0.0,0.0,0.0,,0.0,0.0,0.0,0.01634500847681563,0.0,0.0,0.0,0,0.0,0.0
2023-04-19,4.072000026702881,-0.004279233138101635,40.08250427246094,-0.013934754302204144,0.00965552116410251,0.00965552116410251,0.01155240013977475,0.016277552460397447,1,0,0.0,10,32.05386791119255,0.0,0.0,0.0,0.0,0.0,0.0,,0.0,0.0,0.0,0.016277552460397447,0.0,0.0,0.0,0,0.0,0.0
2023-04-20,4.021999835968018,-0.012279025149061429,39.58327102661133,-0.012455141087394872,0.0001761159383334432,0.0001761159383334432,0.011556269866935082,0.0161987971913739,1,0,0.0,10,9.982846516239606,0.0,0.0,0.0,0.0,0.0,0.0,,0.0,0.0,0.0,0.0161987971913739,0.0,0.0,0.0,0,0.0,0.0
2023-04-21,3.9800000190734863,-0.010442520787528276,38.57521438598633,-0.02546673416523093,0.015024213377702655,0.015024213377702655,0.011394787175059462,0.01639928403329757,1,0,0.0,10,23.637044928519696,0.0,0.0,0.0,0.0,0.0,0.0,,0.0,0.0,0.0,0.01639928403329757,0.0,0.0,0.0,0,0.0,0.0
2023-04-22,3.9800000190734863,0.0,38.57521438598633,0.0,0.0,0.0,0.011366567498649581,0.016264579210101972,1,0,0.0,10,,0.0,0.0,0.0,0.0,0.0,0.0,,0.0,0.0,0.0,0.016264579210101972,0.0,0.0,0.0,0,0.0,0.0
2023-04-23,3.9800000190734863,0.0,38.57521438598633,0.0,0.0,0.0,0.011352710753351088,0.016264375279890518,1,0,0.0,10,,0.0,0.0,0.0,0.0,0.0,0.0,,0.0,0.0,0.0,0.016264375279890518,0.0,0.0,0.0,0,0.0,0.0
2023-04-24,3.953000068664551,-0.0067839071054127675,38.43119812011719,-0.003733388606168342,-0.0030505184992444256,0.0030505184992444256,0.011369999156175101,0.016268457287731884,0,0,0.0,10,5.350328006384017,0.0,0.0,0.0,0.0,0.0,0.0,,0.0,0.0,0.0,0.016268457287731884,0.0,0.0,0.0,0,0.0,0.0
2023-04-25,3.8459999561309814,-0.027068077580306604,37.03911590576172,-0.03622271181878067,0.009154634238474069,0.009154634238474069,0.011674663383959307,0.016664104058499617,1,0,0.0,10,12.887684185229883,0.0,0.0,0.0,0.0,0.0,0.0,,0.0,0.0,0.0,0.016664104058499617,0.0,0.0,0.0,0,0.0,0.0
2023-04-26,3.8499999046325684,0.0010400282234039882,37.355934143066406,0.00855361229762508,-0.007513584074221091,0.007513584074221091,0.011675873557002914,0.01668856293047371,0,0,0.0,10,79.80007854780709,0.0,0.0,0.0,0.0,0.0,0.0,,0.0,0.0,0.0,0.01668856293047371,0.0,0.0,0.0,0,0.0,0.0
2023-04-27,3.864500045776367,0.0037662705202541336,37.92237091064453,0.015163233916431373,-0.01139696339617724,0.01139696339617724,0.011682022960598368,0.01659741066152499,0,0,0.0,10,39.50776743986872,0.0,0.0,0.0,0.0,0.0,0.0,,0.0,0.0,0.0,0.01659741066152499,0.0,0.0,0.0,0,0.0,0.0
2023-04-28,3.869999885559082,0.0014231698065900744,37.91277313232422,-0.00025309014415075826,0.0016762599507408327,0.0016762599507408327,0.011677218299704285,0.01658811735421173,1,0,0.0,10,1.7421803527728315,0.0,0.0,0.0,0.0,0.0,0.0,,0.0,0.0,0.0,0.01658811735421173,0.0,0.0,0.0,0,0.0,0.0
2023-04-29,3.869999885559082,0.0,37.91277313232422,0.0,0.0,0.0,0.011677455109881418,0.016563197651159337,1,0,0.0,10,,0.0,0.0,0.0,0.0,0.0,0.0,,0.0,0.0,0.0,0.016563197651159337,0.0,0.0,0.0,0,0.0,0.0
2023-04-30,3.869999885559082,0.0,37.91277313232422,0.0,0.0,0.0,0.011661948990650307,0.016496876905151427,1,0,0.0,10,,0.0,0.0,0.0,0.0,0.0,0.0,,0.0,0.0,0.0,0.016496876905151427,0.0,0.0,0.0,0,0.0,0.0
2023-05-01,3.9170000553131104,0.01214474706560309,37.92237091064453,0.00025315421498750545,0.011891592850615584,0.011891592850615584,0.01173406291393979,0.01649694400347026,1,0,0.0,10,0.20180809943318778,0.0,0.0,0.0,0.0,0.0,0.0,,0.0,0.0,0.0,0.01649694400347026,0.0,0.0,0.0,0,0.0,0.0
2023-05-02,3.8480000495910645,-0.017615523295296587,37.41353988647461,-0.013417700738407645,-0.004197822556888942,0.004197822556888942,0.01185439527367743,0.016548922154453895,0,0,0.0,10,7.405873409936105,0.0,0.0,0.0,0.0,0.0,0.0,,0.0,0.0,0.0,0.016548922154453895,0.0,0.0,0.0,0,0.0,0.0
2023-05-03,3.8315000534057617,-0.004287940741335539,37.3751335144043,-0.0010265367080166676,-0.003261404033318871,0.003261404033318871,0.011857006567837752,0.016549013715110663,0,0,0.0,10,2.3352835812324355,0.0,0.0,0.0,0.0,0.0,0.0,,0.0,0.0,0.0,0.016549013715110663,0.0,0.0,0.0,0,0.0,0.0
2023-05-04,3.8499999046325684,0.004828357293212626,37.21192169189453,-0.004366855905594713,0.00919521319880734,0.00919521319880734,0.011870703028037036,0.01654233990821752,1,0,0.0,10,8.74159821314111,0.0,0.0,0.0,0.0,0.0,0.0,,0.0,0.0,0.0,0.01654233990821752,0.0,0.0,0.0,0,0.0,0.0
2023-05-05,3.871500015258789,0.005584444456829818,38.48880386352539,0.03431379282701719,-0.02872934837018737,0.02872934837018737,0.011888354303755903,0.01689808998194337,0,1,1.0,10,61.086310910426285,611.0,-10.0,-2365.48650932312,384.8880386352539,0.0,0.0,Opened,-2365.48650932312,384.8880386352539,0.0,0.01689808998194337,2750.374547958374,0.0,0.0,0,0.0,2750.374547958374
2023-05-06,3.871500015258789,0.0,38.48880386352539,0.0,0.0,0.0,0.011866397525974083,0.016897825539060517,1,0,-1.0,10,,-611.0,10.0,2365.48650932312,-384.8880386352539,0.0,0.0,Closed,2365.48650932312,-384.8880386352539,0.0,0.016897825539060517,2750.374547958374,0.0,0.0,0,0.0,0.0
2023-05-07,3.871500015258789,0.0,38.48880386352539,0.0,0.0,0.0,0.011830426950907278,0.01688332946801354,1,0,0.0,10,,0.0,0.0,0.0,0.0,0.0,0.0,,0.0,0.0,0.0,0.01688332946801354,0.0,0.0,0.0,0,0.0,0.0
2023-05-08,3.9179999828338623,0.012010840085703745,38.86323165893555,0.009728226336620072,0.002282613749083673,0.002282613749083673,0.01189941409557645,0.016912418856541857,1,0,0.0,10,8.034054309696192,0.0,0.0,0.0,0.0,0.0,0.0,,0.0,0.0,0.0,0.016912418856541857,0.0,0.0,0.0,0,0.0,0.0
2023-05-09,3.8889999389648438,-0.007401746808595733,38.65201187133789,-0.005434951716093095,-0.001966795092502638,0.001966795092502638,0.01191813922535868,0.016920858981765305,0,0,0.0,10,7.2978617688576914,0.0,0.0,0.0,0.0,0.0,0.0,,0.0,0.0,0.0,0.016920858981765305,0.0,0.0,0.0,0,0.0,0.0
2023-05-10,3.828000068664551,-0.01568523303102176,37.60554885864258,-0.027073959725012586,0.011388726693990825,0.011388726693990825,0.01200467021118123,0.017027170961858656,1,0,0.0,10,16.95667896952855,0.0,0.0,0.0,0.0,0.0,0.0,,0.0,0.0,0.0,0.017027170961858656,0.0,0.0,0.0,0,0.0,0.0
2023-05-11,3.697499990463257,-0.03409092890816501,35.541419982910156,-0.05488894427498936,0.02079801536682435,0.02079801536682435,0.012435178026096247,0.01780061744469695,1,1,1.0,10,15.476495874423026,-155.0,10.0,573.1124985218048,-355.41419982910156,0.0,0.0,Opened,573.1124985218048,-355.41419982910156,0.0,0.01780061744469695,928.5266983509064,0.0,0.0,0,0.0,928.5266983509064
2023-05-12,3.7165000438690186,0.005138621624007467,35.63742446899414,0.002701200068262466,0.0024374215557450007,0.0024374215557450007,0.012158624522147636,0.017733833827466603,1,1,0.0,10,5.040600515295825,155.0,-10.0,-576.0575067996979,356.3742446899414,-2.9450082778930664,0.9600448608398438,Live,0.0,0.0,0.0,0.017733833827466603,932.4317514896393,-1.9849634170532227,-0.002128802900461159,0,0.0,0.0
2023-05-13,3.7165000438690186,0.0,35.63742446899414,0.0,0.0,0.0,0.012154660758082051,0.01742104365919882,1,1,0.0,10,,155.0,-10.0,-576.0575067996979,356.3742446899414,-2.9450082778930664,0.9600448608398438,Live,0.0,0.0,0.0,0.01742104365919882,932.4317514896393,-1.9849634170532227,-0.002128802900461159,0,0.0,0.0
2023-05-14,3.7165000438690186,0.0,35.63742446899414,0.0,0.0,0.0,0.012136206481682305,0.01733803568467013,1,1,0.0,10,,155.0,-10.0,-576.0575067996979,356.3742446899414,-2.9450082778930664,0.9600448608398438,Live,0.0,0.0,0.0,0.01733803568467013,932.4317514896393,-1.9849634170532227,-0.002128802900461159,0,0.0,0.0
2023-05-15,3.737499952316284,0.005650452899067959,36.73189163208008,0.030711174541756314,-0.025060721642688355,0.025060721642688355,0.01215319385411857,0.01761742963489026,0,0,-1.0,10,53.41647999194267,155.0,-10.0,-579.312492609024,367.3189163208008,-6.199994087219238,11.904716491699219,Closed,-579.312492609024,367.3189163208008,5.7047224044799805,0.01761742963489026,946.6314089298248,5.7047224044799805,0.006026339661525936,0,5.7047224044799805,0.0
2023-05-16,3.6545000076293945,-0.022207343343362718,35.954246520996094,-0.0211708430067572,-0.001036500336605517,0.001036500336605517,0.012340595610575503,0.01774138035098462,0,0,0.0,10,9.379156212050399,0.0,0.0,0.0,0.0,0.0,0.0,,0.0,0.0,0.0,0.01774138035098462,0.0,0.0,0.0,0,0.0,0.0
2023-05-17,3.743000030517578,0.02421672532587893,36.14625930786133,0.005340475894915597,0.018876249430963332,0.018876249430963332,0.01258859294943137,0.017604793393918083,1,1,1.0,10,2.129649204642834,-22.0,10.0,82.34600067138672,-361.4625930786133,0.0,0.0,Opened,82.34600067138672,-361.4625930786133,0.0,0.017604793393918083,443.80859375,0.0,0.0,0,0.0,443.80859375
2023-05-18,3.68149995803833,-0.01643068981507434,35.53181838989258,-0.01699874149453462,0.0005680516794602797,0.0005680516794602797,0.012628775323608113,0.01748812721696105,1,1,0.0,10,9.98512730706089,22.0,-10.0,-80.99299907684326,355.3181838989258,1.353001594543457,-6.1444091796875,Live,0.0,0.0,0.0,0.01748812721696105,436.31118297576904,-4.791407585144043,-0.010981629103488136,0,0.0,0.0
2023-05-19,3.7225000858306885,0.011136799744581483,35.541419982910156,0.00027022520807173933,0.010866574536509743,0.010866574536509743,0.012645113919217585,0.01745485542158161,1,1,0.0,10,0.23166771126250282,22.0,-10.0,-81.89500188827515,355.41419982910156,0.45099878311157227,-6.048393249511719,Live,0.0,0.0,0.0,0.01745485542158161,437.3092017173767,-5.5973944664001465,-0.012799626544372646,0,0.0,0.0
2023-05-20,3.7225000858306885,0.0,35.541419982910156,0.0,0.0,0.0,0.012540687201308737,0.017452578942847713,1,1,0.0,10,,22.0,-10.0,-81.89500188827515,355.41419982910156,0.45099878311157227,-6.048393249511719,Live,0.0,0.0,0.0,0.017452578942847713,437.3092017173767,-5.5973944664001465,-0.012799626544372646,0,0.0,0.0
2023-05-21,3.7225000858306885,0.0,35.541419982910156,0.0,0.0,0.0,0.012406932668936,0.01732701372849705,1,1,0.0,10,,22.0,-10.0,-81.89500188827515,355.41419982910156,0.45099878311157227,-6.048393249511719,Live,0.0,0.0,0.0,0.01732701372849705,437.3092017173767,-5.5973944664001465,-0.012799626544372646,0,0.0,0.0
2023-05-22,3.6740000247955322,-0.013028894537777669,35.46461486816406,-0.0021610029870225977,-0.010867891550755071,0.010867891550755071,0.012467656857567413,0.017328072682160446,0,0,-1.0,10,1.6010463008634777,22.0,-10.0,-80.82800054550171,354.6461486816406,1.5180001258850098,-6.816444396972656,Closed,-80.82800054550171,354.6461486816406,-5.2984442710876465,0.017328072682160446,435.47414922714233,-5.2984442710876465,-0.012167069573454726,0,-5.2984442710876465,0.0
2023-05-23,3.6414999961853027,-0.008845952202201746,34.53335952758789,-0.02625871855758244,0.017412766355380693,0.017412766355380693,0.012492986347173317,0.01752210934246191,1,0,0.0,10,28.15058706805162,0.0,0.0,0.0,0.0,0.0,0.0,,0.0,0.0,0.0,0.01752210934246191,0.0,0.0,0.0,0,0.0,0.0
2023-05-24,3.553499937057495,-0.02416588197720526,33.69810485839844,-0.024186892923701464,2.101094649620272e-05,2.101094649620272e-05,0.012604951811819073,0.017634649680932122,1,0,0.0,10,9.491319589726276,0.0,0.0,0.0,0.0,0.0,0.0,,0.0,0.0,0.0,0.017634649680932122,0.0,0.0,0.0,0,0.0,0.0
2023-05-25,3.5804998874664307,0.007598128855264008,33.50609588623047,-0.0056979160393382244,0.013296044894602232,0.013296044894602232,0.01261745440061353,0.017566266606252746,1,0,0.0,10,7.017615248455965,0.0,0.0,0.0,0.0,0.0,0.0,,0.0,0.0,0.0,0.017566266606252746,0.0,0.0,0.0,0,0.0,0.0
2023-05-26,3.6735000610351562,0.025974075266493868,34.19733810424805,0.020630342023871817,0.005343733242622051,0.005343733242622051,0.012841062966096143,0.017676588331784315,1,0,0.0,10,7.393985323503041,0.0,0.0,0.0,0.0,0.0,0.0,,0.0,0.0,0.0,0.017676588331784315,0.0,0.0,0.0,0,0.0,0.0
2023-05-27,3.6735000610351562,0.0,34.19733810424805,0.0,0.0,0.0,0.012505200819168179,0.017661948005185054,1,0,0.0,10,,0.0,0.0,0.0,0.0,0.0,0.0,,0.0,0.0,0.0,0.017661948005185054,0.0,0.0,0.0,0,0.0,0.0
2023-05-28,3.6735000610351562,0.0,34.19733810424805,0.0,0.0,0.0,0.012454512831173336,0.017658640644920714,1,0,0.0,10,,0.0,0.0,0.0,0.0,0.0,0.0,,0.0,0.0,0.0,0.017658640644920714,0.0,0.0,0.0,0,0.0,0.0
2023-05-29,3.6735000610351562,0.0,34.19733810424805,0.0,0.0,0.0,0.012454512831173336,0.017658640644920714,1,0,0.0,10,,0.0,0.0,0.0,0.0,0.0,0.0,,0.0,0.0,0.0,0.017658640644920714,0.0,0.0,0.0,0,0.0,0.0
2023-05-30,3.6579999923706055,-0.004219427904455508,33.63090133666992,-0.016563767795358397,0.012344339890902889,0.012344339890902889,0.012458050728940078,0.01772861469561224,1,0,0.0,10,36.091120834942096,0.0,0.0,0.0,0.0,0.0,0.0,,0.0,0.0,0.0,0.01772861469561224,0.0,0.0,0.0,0,0.0,0.0
2023-05-31,3.63100004196167,-0.00738106901729052,33.218074798583984,-0.012275214807751955,0.004894145790461435,0.004894145790461435,0.012473342762193473,0.017764328008716725,1,0,0.0,10,15.214512425066804,0.0,0.0,0.0,0.0,0.0,0.0,,0.0,0.0,0.0,0.017764328008716725,0.0,0.0,0.0,0,0.0,0.0
2023-06-01,3.7065000534057617,0.020793172837118012,34.370147705078125,0.034682109468404665,-0.013888936631286652,0.013888936631286652,0.01229135566333747,0.018115050489255477,0,0,0.0,10,15.46685909081799,0.0,0.0,0.0,0.0,0.0,0.0,,0.0,0.0,0.0,0.018115050489255477,0.0,0.0,0.0,0,0.0,0.0
2023-06-02,3.7225000858306885,0.0043167495465770145,35.83903884887695,0.04273741144213372,-0.03842066189555671,0.03842066189555671,0.012287218797318408,0.018484561555601478,0,1,1.0,10,95.31757819802814,954.0,-10.0,-3551.265081882477,358.39038848876953,0.0,0.0,Opened,-3551.265081882477,358.39038848876953,0.0,0.018484561555601478,3909.6554703712463,0.0,0.0,0,0.0,3909.6554703712463
2023-06-03,3.7225000858306885,0.0,35.83903884887695,0.0,0.0,0.0,0.011916208231391731,0.01842678066330609,1,0,-1.0,10,,-954.0,10.0,3551.265081882477,-358.39038848876953,0.0,0.0,Closed,3551.265081882477,-358.39038848876953,0.0,0.01842678066330609,3909.6554703712463,0.0,0.0,0,0.0,0.0
2023-06-04,3.7225000858306885,0.0,35.83903884887695,0.0,0.0,0.0,0.011572300324703624,0.01817359118910129,1,0,0.0,10,,0.0,0.0,0.0,0.0,0.0,0.0,,0.0,0.0,0.0,0.01817359118910129,0.0,0.0,0.0,0,0.0,0.0
2023-06-05,3.762500047683716,0.01074545626077561,35.33980941772461,-0.013929766176415947,0.024675222437191557,0.024675222437191557,0.011627114443670695,0.018229438534437297,1,1,1.0,10,12.17605650189885,-122.0,10.0,459.02500581741333,-353.3980941772461,0.0,0.0,Opened,459.02500581741333,-353.3980941772461,0.0,0.018229438534437297,812.4230999946594,0.0,0.0,0,0.0,812.4230999946594
2023-06-06,3.7669999599456787,0.0011959899547997477,35.896644592285156,0.015756598117964593,-0.014560608163164845,0.014560608163164845,0.011628177891480952,0.018295756258809106,0,0,-1.0,10,125.54319176174535,122.0,-10.0,-459.5739951133728,358.96644592285156,-0.5489892959594727,5.568351745605469,Closed,-459.5739951133728,358.96644592285156,5.019362449645996,0.018295756258809106,818.5404410362244,5.019362449645996,0.006132088529788188,0,5.019362449645996,0.0
2023-06-07,3.754499912261963,-0.0033183031103339866,35.62782669067383,-0.007488663764108505,0.004170360653774519,0.004170360653774519,0.011544251966213694,0.018179807128684743,1,0,0.0,10,21.41536643357939,0.0,0.0,0.0,0.0,0.0,0.0,,0.0,0.0,0.0,0.018179807128684743,0.0,0.0,0.0,0,0.0,0.0
2023-06-08,3.7964999675750732,0.011186591102570143,36.1750602722168,0.015359723911709144,-0.004173132809139002,0.004173132809139002,0.0113784776334387,0.018222204860431045,0,0,0.0,10,13.0831255316421,0.0,0.0,0.0,0.0,0.0,0.0,,0.0,0.0,0.0,0.018222204860431045,0.0,0.0,0.0,0,0.0,0.0
2023-06-09,3.7890000343322754,-0.001975486186448827,36.09825897216797,-0.002123045531117307,0.00014755934466847975,0.00014755934466847975,0.011234375527072678,0.017646051425331186,1,0,0.0,10,10.238750450353635,0.0,0.0,0.0,0.0,0.0,0.0,,0.0,0.0,0.0,0.017646051425331186,0.0,0.0,0.0,0,0.0,0.0
2023-06-10,3.7890000343322754,0.0,36.09825897216797,0.0,0.0,0.0,0.011064801581356164,0.017626468924746508,1,0,0.0,10,,0.0,0.0,0.0,0.0,0.0,0.0,,0.0,0.0,0.0,0.017626468924746508,0.0,0.0,0.0,0,0.0,0.0
2023-06-11,3.7890000343322754,0.0,36.09825897216797,0.0,0.0,0.0,0.01106472989216094,0.01738027520087602,1,0,0.0,10,,0.0,0.0,0.0,0.0,0.0,0.0,,0.0,0.0,0.0,0.01738027520087602,0.0,0.0,0.0,0,0.0,0.0
2023-06-12,3.750499963760376,-0.010161010879664478,35.87744140625,-0.0061171250970364355,-0.004043885782628043,0.004043885782628043,0.011105061904592728,0.017389047367913534,0,0,0.0,10,5.758942520561261,0.0,0.0,0.0,0.0,0.0,0.0,,0.0,0.0,0.0,0.017389047367913534,0.0,0.0,0.0,0,0.0,0.0
2023-06-13,3.8285000324249268,0.02079724554545659,36.79909896850586,0.025689054908338615,-0.004891809362882027,0.004891809362882027,0.011312534290657648,0.017586942740128286,0,0,0.0,10,11.872736725039669,0.0,0.0,0.0,0.0,0.0,0.0,,0.0,0.0,0.0,0.017586942740128286,0.0,0.0,0.0,0,0.0,0.0
2023-06-14,3.865999937057495,0.0097949338683474,37.70155715942383,0.02452392086258226,-0.01472898699423486,0.01472898699423486,0.011343818634257227,0.017583217979892103,0,0,0.0,10,24.416636804777564,0.0,0.0,0.0,0.0,0.0,0.0,,0.0,0.0,0.0,0.017583217979892103,0.0,0.0,0.0,0,0.0,0.0
2023-06-15,3.8965001106262207,0.007889336281764248,38.12398147583008,0.011204426242130916,-0.0033150899603666684,0.0033150899603666684,0.011034184416474156,0.01697389504997332,0,0,0.0,10,13.8954530378232,0.0,0.0,0.0,0.0,0.0,0.0,,0.0,0.0,0.0,0.01697389504997332,0.0,0.0,0.0,0,0.0,0.0
2023-06-16,3.884500026702881,-0.003079708349196242,37.97997283935547,-0.0037773766248918594,0.0006976682756956176,0.0006976682756956176,0.010947163616223757,0.016943031899558893,1,0,0.0,10,11.992237451162127,0.0,0.0,0.0,0.0,0.0,0.0,,0.0,0.0,0.0,0.016943031899558893,0.0,0.0,0.0,0,0.0,0.0
2023-06-17,3.884500026702881,0.0,37.97997283935547,0.0,0.0,0.0,0.010941342121071484,0.016459575982191197,1,0,0.0,10,,0.0,0.0,0.0,0.0,0.0,0.0,,0.0,0.0,0.0,0.016459575982191197,0.0,0.0,0.0,0,0.0,0.0
2023-06-18,3.884500026702881,0.0,37.97997283935547,0.0,0.0,0.0,0.010939800192783075,0.016407408224613725,1,0,0.0,10,,0.0,0.0,0.0,0.0,0.0,0.0,,0.0,0.0,0.0,0.016407408224613725,0.0,0.0,0.0,0,0.0,0.0
2023-06-19,3.884500026702881,0.0,37.97997283935547,0.0,0.0,0.0,0.010939800192783075,0.016407408224613725,1,0,0.0,10,,0.0,0.0,0.0,0.0,0.0,0.0,,0.0,0.0,0.0,0.016407408224613725,0.0,0.0,0.0,0,0.0,0.0
2023-06-20,3.878499984741211,-0.0015446111263802687,36.92390441894531,-0.02780592879507915,0.02626131766869888,0.02626131766869888,0.01094039648566778,0.016659342611903532,1,1,1.0,10,171.38076276543003,-1714.0,10.0,6647.748973846436,-369.2390441894531,0.0,0.0,Opened,6647.748973846436,-369.2390441894531,0.0,0.016659342611903532,7016.988018035889,0.0,0.0,0,0.0,7016.988018035889
2023-06-21,3.9110000133514404,0.008379535577695219,37.096717834472656,0.004680258446305485,0.0036992771313897332,0.0036992771313897332,0.010957340564483475,0.016642636034305457,1,1,0.0,10,5.297824357936884,1714.0,-10.0,-6703.454022884369,370.96717834472656,-55.70504903793335,1.7281341552734375,Live,0.0,0.0,0.0,0.016642636034305457,7074.4212012290955,-53.97691488265991,-0.007629870111958003,0,0.0,0.0
2023-06-22,3.8884999752044678,-0.005753014080839058,36.914306640625,-0.0049171787828126146,-0.0008358352980264439,0.0008358352980264439,0.010877790997747312,0.01661037900932571,0,0,-1.0,10,8.113965877856879,1714.0,-10.0,-6664.888957500458,369.14306640625,-17.139983654022217,-0.095977783203125,Closed,-6664.888957500458,369.14306640625,-17.235961437225342,0.01661037900932571,7034.032023906708,-17.235961437225342,-0.002450367211671077,0,-17.235961437225342,0.0
2023-06-23,3.805999994277954,-0.02121640258520907,35.896644592285156,-0.02756822871541853,0.006351826130209459,0.006351826130209459,0.010394045567605328,0.01570704199380212,1,0,0.0,10,12.255250349775727,0.0,0.0,0.0,0.0,0.0,0.0,,0.0,0.0,0.0,0.01570704199380212,0.0,0.0,0.0,0,0.0,0.0
2023-06-24,3.805999994277954,0.0,35.896644592285156,0.0,0.0,0.0,0.010365684441430056,0.015672252474776067,1,0,0.0,10,,0.0,0.0,0.0,0.0,0.0,0.0,,0.0,0.0,0.0,0.015672252474776067,0.0,0.0,0.0,0,0.0,0.0
2023-06-25,3.805999994277954,0.0,35.896644592285156,0.0,0.0,0.0,0.010339017706990973,0.015662559016166554,1,0,0.0,10,,0.0,0.0,0.0,0.0,0.0,0.0,,0.0,0.0,0.0,0.015662559016166554,0.0,0.0,0.0,0,0.0,0.0
2023-06-26,3.7864999771118164,-0.005123493745521457,36.472679138183594,0.01604703036846611,-0.021170524113987566,0.021170524113987566,0.010350577590535679,0.015737139789515398,0,1,1.0,10,30.168809425435793,302.0,-10.0,-1143.5229930877686,364.72679138183594,0.0,0.0,Opened,-1143.5229930877686,364.72679138183594,0.0,0.015737139789515398,1508.2497844696045,0.0,0.0,0,0.0,1508.2497844696045
2023-06-27,3.7815001010894775,-0.0013204479209194542,36.568687438964844,0.002632334751650811,-0.003952782672570265,0.003952782672570265,0.010351063336211911,0.015737854482033416,0,1,0.0,10,19.278138512001313,-302.0,10.0,1142.0130305290222,-365.68687438964844,-1.509962558746338,-0.9600830078125,Live,0.0,0.0,0.0,0.015737854482033416,1507.6999049186707,-2.470045566558838,-0.0016382872735486965,0,0.0,0.0
2023-06-28,3.7204999923706055,-0.016131193200628946,35.992652893066406,-0.015752125280948936,-0.0003790679196800095,0.0003790679196800095,0.010341528817902151,0.015457298697600097,0,1,0.0,10,9.446810740432353,-302.0,10.0,1123.5909976959229,-359.92652893066406,-19.931995391845703,4.800262451171875,Live,0.0,0.0,0.0,0.015457298697600097,1483.517526626587,-15.131732940673828,-0.010199901699228528,0,0.0,0.0
2023-06-29,3.677500009536743,-0.011557581755688662,36.01697540283203,0.0006757631852780666,-0.012233344940966728,0.012233344940966728,0.010333860399132014,0.015447851298871728,0,1,0.0,10,0.5726405666473958,-302.0,10.0,1110.6050028800964,-360.1697540283203,-32.91799020767212,4.557037353515625,Live,0.0,0.0,0.0,0.015447851298871728,1470.7747569084167,-28.360952854156494,-0.01928300218707282,1,-28.360952854156494,0.0
2023-06-30,3.740999937057495,0.017267145440130527,36.63980484008789,0.017292663536841113,-2.5518096710586136e-05,2.5518096710586136e-05,0.010407468779806337,0.015529749409514989,0,1,0.0,10,9.808594831834274,-302.0,10.0,1129.7819809913635,-366.3980484008789,-13.74101209640503,-1.6712570190429688,Live,0.0,0.0,0.0,0.015529749409514989,1496.1800293922424,-15.412269115447998,-0.010301079290376946,0,0.0,0.0
2023-07-01,3.740999937057495,0.0,36.63980484008789,0.0,0.0,0.0,0.010213296668675565,0.0155257364646376,1,0,-1.0,10,,-302.0,10.0,1129.7819809913635,-366.3980484008789,-13.74101209640503,-1.6712570190429688,Closed,1129.7819809913635,-366.3980484008789,-15.412269115447998,0.0155257364646376,1496.1800293922424,-15.412269115447998,-0.010301079290376946,0,0.0,0.0
2023-07-02,3.740999937057495,0.0,36.63980484008789,0.0,0.0,0.0,0.010166005907417754,0.015522327173843027,1,0,0.0,10,,0.0,0.0,0.0,0.0,0.0,0.0,,0.0,0.0,0.0,0.015522327173843027,0.0,0.0,0.0,0,0.0,0.0
2023-07-03,3.7790000438690186,0.01015774056425478,37.18478012084961,0.014873858721142996,-0.004716118156888216,0.004716118156888216,0.010225343206061877,0.015587979082275622,0,0,0.0,10,14.408370132184553,0.0,0.0,0.0,0.0,0.0,0.0,,0.0,0.0,0.0,0.015587979082275622,0.0,0.0,0.0,0,0.0,0.0
2023-07-04,3.7790000438690186,0.0,37.18478012084961,0.0,0.0,0.0,0.010225343206061877,0.015587979082275622,1,0,0.0,10,,0.0,0.0,0.0,0.0,0.0,0.0,,0.0,0.0,0.0,0.015587979082275622,0.0,0.0,0.0,0,0.0,0.0
2023-07-05,3.753499984741211,-0.006747832450856528,36.67873001098633,-0.013609065542908416,0.006861233092051888,0.006861233092051888,0.010241615169158112,0.015640806982701382,1,0,0.0,10,19.707969737511245,0.0,0.0,0.0,0.0,0.0,0.0,,0.0,0.0,0.0,0.015640806982701382,0.0,0.0,0.0,0,0.0,0.0
2023-07-06,3.7200000286102295,-0.008924991679010508,35.4914665222168,-0.03236926383257854,0.023444272153568035,0.023444272153568035,0.010269717388427057,0.015884598469053008,1,1,1.0,10,34.602382636430654,-347.0,10.0,1290.8400099277496,-354.91466522216797,0.0,0.0,Opened,1290.8400099277496,-354.91466522216797,0.0,0.015884598469053008,1645.7546751499176,0.0,0.0,0,0.0,1645.7546751499176
2023-07-07,3.7669999599456787,0.012634390046767807,36.299198150634766,0.022758474291625808,-0.010124084244858,0.010124084244858,0.010357993989343407,0.015958745438293898,0,0,-1.0,10,17.357624130485586,347.0,-10.0,-1307.1489861011505,362.99198150634766,-16.30897617340088,8.077316284179688,Closed,-1307.1489861011505,362.99198150634766,-8.231659889221191,0.015958745438293898,1670.1409676074982,-8.231659889221191,-0.004928721616243668,0,-8.231659889221191,0.0
2023-07-08,3.7669999599456787,0.0,36.299198150634766,0.0,0.0,0.0,0.01034534797443244,0.015824605618545564,1,0,0.0,10,,0.0,0.0,0.0,0.0,0.0,0.0,,0.0,0.0,0.0,0.015824605618545564,0.0,0.0,0.0,0,0.0,0.0
2023-07-09,3.7669999599456787,0.0,36.299198150634766,0.0,0.0,0.0,0.010336994365244176,0.015822690884253688,1,0,0.0,10,,0.0,0.0,0.0,0.0,0.0,0.0,,0.0,0.0,0.0,0.015822690884253688,0.0,0.0,0.0,0,0.0,0.0
2023-07-10,3.7715001106262207,0.001194624562885993,36.71765899658203,0.011528101645957411,-0.010333477083071418,0.010333477083071418,0.010338623819306371,0.0158654479292818,0,0,0.0,10,93.94793017896222,0.0,0.0,0.0,0.0,0.0,0.0,,0.0,0.0,0.0,0.0158654479292818,0.0,0.0,0.0,0,0.0,0.0
2023-07-11,3.753499984741211,-0.004772670119853495,37.097190856933594,0.010336493957495918,-0.015109164077349413,0.015109164077349413,0.010345941140188376,0.015899057739105524,0,0,0.0,10,21.405059700900242,0.0,0.0,0.0,0.0,0.0,0.0,,0.0,0.0,0.0,0.015899057739105524,0.0,0.0,0.0,0,0.0,0.0
2023-07-12,3.8420000076293945,0.0235780000660597,38.44989776611328,0.03646386364931087,-0.012885863583251167,0.012885863583251167,0.010578547998531846,0.016236193424678202,0,0,0.0,10,15.47724107639423,0.0,0.0,0.0,0.0,0.0,0.0,,0.0,0.0,0.0,0.016236193424678202,0.0,0.0,0.0,0,0.0,0.0
2023-07-13,3.929500102996826,0.022774621341404178,39.4814567565918,0.026828653661275847,-0.00405403231987167,0.00405403231987167,0.010669843027832098,0.01636823773456416,0,0,0.0,10,11.835962436080905,0.0,0.0,0.0,0.0,0.0,0.0,,0.0,0.0,0.0,0.01636823773456416,0.0,0.0,0.0,0,0.0,0.0
2023-07-14,3.921999931335449,-0.0019086834113216655,38.79050827026367,-0.017500582376884122,0.015591898965562456,0.015591898965562456,0.010664728529033364,0.016446809957661596,1,0,0.0,10,90.68521576547943,0.0,0.0,0.0,0.0,0.0,0.0,,0.0,0.0,0.0,0.016446809957661596,0.0,0.0,0.0,0,0.0,0.0
2023-07-15,3.921999931335449,0.0,38.79050827026367,0.0,0.0,0.0,0.010640341048333099,0.016436235496227764,1,0,0.0,10,,0.0,0.0,0.0,0.0,0.0,0.0,,0.0,0.0,0.0,0.016436235496227764,0.0,0.0,0.0,0,0.0,0.0
2023-07-16,3.921999931335449,0.0,38.79050827026367,0.0,0.0,0.0,0.010640341048333099,0.016436235496227764,1,0,0.0,10,,0.0,0.0,0.0,0.0,0.0,0.0,,0.0,0.0,0.0,0.016436235496227764,0.0,0.0,0.0,0,0.0,0.0
2023-07-17,3.8320000171661377,-0.02294745429499956,38.3331184387207,-0.011791282247611057,-0.011156172047388502,0.011156172047388502,0.010880598502892025,0.01648267042738332,0,0,0.0,10,5.14014263257566,0.0,0.0,0.0,0.0,0.0,0.0,,0.0,0.0,0.0,0.01648267042738332,0.0,0.0,0.0,0,0.0,0.0
2023-07-18,3.815999984741211,-0.004175373787382974,38.566680908203125,0.006092968143350808,-0.010268341930733782,0.010268341930733782,0.010886921805330784,0.016492202568429662,0,0,0.0,10,14.748146647272268,0.0,0.0,0.0,0.0,0.0,0.0,,0.0,0.0,0.0,0.016492202568429662,0.0,0.0,0.0,0,0.0,0.0
2023-07-19,3.799499988555908,-0.004323898388700287,38.40123748779297,-0.004289801883754163,-3.409650494612393e-05,3.409650494612393e-05,0.010853174784807122,0.016498740579515895,0,0,0.0,10,10.027219648520106,0.0,0.0,0.0,0.0,0.0,0.0,,0.0,0.0,0.0,0.016498740579515895,0.0,0.0,0.0,0,0.0,0.0
2023-07-20,3.817500114440918,0.004737498602243928,38.3331184387207,-0.0017738764042153354,0.0065113750064592635,0.0065113750064592635,0.010819294149974366,0.01612247487340288,1,0,0.0,10,3.7598399163550273,0.0,0.0,0.0,0.0,0.0,0.0,,0.0,0.0,0.0,0.01612247487340288,0.0,0.0,0.0,0,0.0,0.0
2023-07-21,3.802999973297119,-0.0037983341739656895,37.934120178222656,-0.01040870862452492,0.006610374450559231,0.006610374450559231,0.010711900190074003,0.016128332249258182,1,0,0.0,10,27.33426331857102,0.0,0.0,0.0,0.0,0.0,0.0,,0.0,0.0,0.0,0.016128332249258182,0.0,0.0,0.0,0,0.0,0.0
2023-07-22,3.802999973297119,0.0,37.934120178222656,0.0,0.0,0.0,0.010661253810901503,0.01577925965152151,1,0,0.0,10,,0.0,0.0,0.0,0.0,0.0,0.0,,0.0,0.0,0.0,0.01577925965152151,0.0,0.0,0.0,0,0.0,0.0
2023-07-23,3.802999973297119,0.0,37.934120178222656,0.0,0.0,0.0,0.010656450420944954,0.0157783198475366,1,0,0.0,10,,0.0,0.0,0.0,0.0,0.0,0.0,,0.0,0.0,0.0,0.0157783198475366,0.0,0.0,0.0,0,0.0,0.0
2023-07-24,3.8405001163482666,0.009860674024311233,38.25526809692383,0.008465938242203874,0.0013947357821073592,0.0013947357821073592,0.01070861436720158,0.015803120464382096,1,0,0.0,10,8.55208406543339,0.0,0.0,0.0,0.0,0.0,0.0,,0.0,0.0,0.0,0.015803120464382096,0.0,0.0,0.0,0,0.0,0.0
2023-07-25,3.9019999504089355,0.016013496210786737,40.0069694519043,0.04578980731601057,-0.02977631110522383,0.02977631110522383,0.010836867735157532,0.016461687161264137,0,1,1.0,10,29.31777784912835,294.0,-10.0,-1147.187985420227,400.06969451904297,0.0,0.0,Opened,-1147.187985420227,400.06969451904297,0.0,0.016461687161264137,1547.25767993927,0.0,0.0,0,0.0,1547.25767993927
2023-07-26,3.890500068664551,-0.0029471762917833155,39.59823989868164,-0.010216458752618673,0.007269282460835358,0.007269282460835358,0.010796059991926505,0.01649207360172972,1,0,-1.0,10,35.282936748581555,-294.0,10.0,1143.807020187378,-395.9823989868164,-3.380965232849121,4.0872955322265625,Closed,1143.807020187378,-395.9823989868164,0.7063302993774414,0.01649207360172972,1539.7894191741943,0.7063302993774414,0.0004587187641257166,0,0.7063302993774414,0.0
2023-07-27,3.8635001182556152,-0.006939969138261337,39.27709197998047,-0.00811015639894297,0.0011701872606816321,0.0011701872606816321,0.010797645729171116,0.016379021021320543,1,0,0.0,10,11.880373272936001,0.0,0.0,0.0,0.0,0.0,0.0,,0.0,0.0,0.0,0.016379021021320543,0.0,0.0,0.0,0,0.0,0.0
2023-07-28,3.9170000553131104,0.013847530845074951,39.890193939208984,0.015609657648305797,-0.0017621268032308457,0.0017621268032308457,0.010885534143037046,0.01639541543833284,0,0,0.0,10,11.479781105781452,0.0,0.0,0.0,0.0,0.0,0.0,,0.0,0.0,0.0,0.01639541543833284,0.0,0.0,0.0,0,0.0,0.0
2023-07-29,3.9170000553131104,0.0,39.890193939208984,0.0,0.0,0.0,0.010818425123485981,0.016346425694681904,1,0,0.0,10,,0.0,0.0,0.0,0.0,0.0,0.0,,0.0,0.0,0.0,0.016346425694681904,0.0,0.0,0.0,0,0.0,0.0
2023-07-30,3.9170000553131104,0.0,39.890193939208984,0.0,0.0,0.0,0.010768908194504706,0.016139432874466224,1,0,0.0,10,,0.0,0.0,0.0,0.0,0.0,0.0,,0.0,0.0,0.0,0.016139432874466224,0.0,0.0,0.0,0,0.0,0.0
2023-07-31,3.994499921798706,0.01978551580066301,40.629798889160156,0.01854102166257454,0.00124449413808847,0.00124449413808847,0.010951019662043017,0.016240231978228565,1,0,0.0,10,9.531659954501615,0.0,0.0,0.0,0.0,0.0,0.0,,0.0,0.0,0.0,0.016240231978228565,0.0,0.0,0.0,0,0.0,0.0
2023-08-01,3.8935000896453857,-0.025284725029570243,39.74421310424805,-0.021796459965948256,-0.003488265063621987,0.003488265063621987,0.011241305675460498,0.01639457265220097,0,0,0.0,10,8.799569846912577,0.0,0.0,0.0,0.0,0.0,0.0,,0.0,0.0,0.0,0.01639457265220097,0.0,0.0,0.0,0,0.0,0.0
2023-08-02,3.827500104904175,-0.016951324828972103,38.59587478637695,-0.028893220627089322,0.011941895798117219,0.011941895798117219,0.011347329877654848,0.016650199942054918,1,0,0.0,10,17.18770872635606,0.0,0.0,0.0,0.0,0.0,0.0,,0.0,0.0,0.0,0.016650199942054918,0.0,0.0,0.0,0,0.0,0.0
2023-08-03,3.875999927520752,0.012671409872578199,39.004608154296875,0.0105900791258704,0.002081330746707799,0.002081330746707799,0.011091939004848856,0.016270126666732616,1,0,0.0,10,8.410201963430458,0.0,0.0,0.0,0.0,0.0,0.0,,0.0,0.0,0.0,0.016270126666732616,0.0,0.0,0.0,0,0.0,0.0
2023-08-04,3.8450000286102295,-0.007997910085192239,38.96567916870117,-0.0009980611891217128,-0.006999848896070526,0.006999848896070526,0.011121303229133099,0.016251273749822433,0,0,0.0,10,1.2646389494229808,0.0,0.0,0.0,0.0,0.0,0.0,,0.0,0.0,0.0,0.016251273749822433,0.0,0.0,0.0,0,0.0,0.0
2023-08-05,3.8450000286102295,0.0,38.96567916870117,0.0,0.0,0.0,0.011114960571223683,0.016184174093115518,1,0,0.0,10,,0.0,0.0,0.0,0.0,0.0,0.0,,0.0,0.0,0.0,0.016184174093115518,0.0,0.0,0.0,0,0.0,0.0
2023-08-06,3.8450000286102295,0.0,38.96567916870117,0.0,0.0,0.0,0.011114044791509688,0.01618409056581275,1,0,0.0,10,,0.0,0.0,0.0,0.0,0.0,0.0,,0.0,0.0,0.0,0.01618409056581275,0.0,0.0,0.0,0,0.0,0.0
2023-08-07,3.812999963760376,-0.008322513553119526,38.907291412353516,-0.0014984406173151887,-0.006824072935804337,0.006824072935804337,0.011145134951273046,0.01618516157973205,0,0,0.0,10,1.8371694808210974,0.0,0.0,0.0,0.0,0.0,0.0,,0.0,0.0,0.0,0.01618516157973205,0.0,0.0,0.0,0,0.0,0.0
2023-08-08,3.747999906539917,-0.017046959831690134,38.34285354614258,-0.014507251615868633,-0.002539708215821501,0.002539708215821501,0.01127342580613797,0.016253551134695572,0,0,0.0,10,8.706088250390117,0.0,0.0,0.0,0.0,0.0,0.0,,0.0,0.0,0.0,0.016253551134695572,0.0,0.0,0.0,0,0.0,0.0
2023-08-09,3.7674999237060547,0.005202779523049594,38.12875747680664,-0.0055837281145048046,0.010786507637554399,0.010786507637554399,0.011217520133385651,0.016263993106998085,1,0,0.0,10,10.86146086382693,0.0,0.0,0.0,0.0,0.0,0.0,,0.0,0.0,0.0,0.016263993106998085,0.0,0.0,0.0,0,0.0,0.0
2023-08-10,3.750999927520752,-0.004379561119956632,37.82707214355469,-0.00791227811279882,0.0035327169928421887,0.0035327169928421887,0.011088811855757939,0.016226757487037384,1,0,0.0,10,18.21908761921059,0.0,0.0,0.0,0.0,0.0,0.0,,0.0,0.0,0.0,0.016226757487037384,0.0,0.0,0.0,0,0.0,0.0
2023-08-11,3.7144999504089355,-0.00973073255587642,37.418338775634766,-0.010805313357818647,0.0010745808019422265,0.0010745808019422265,0.011122414437723245,0.016263890526359542,1,0,0.0,10,11.186029890882768,0.0,0.0,0.0,0.0,0.0,0.0,,0.0,0.0,0.0,0.016263890526359542,0.0,0.0,0.0,0,0.0,0.0
2023-08-12,3.7144999504089355,0.0,37.418338775634766,0.0,0.0,0.0,0.011110625478906892,0.016257522283614278,1,0,0.0,10,,0.0,0.0,0.0,0.0,0.0,0.0,,0.0,0.0,0.0,0.016257522283614278,0.0,0.0,0.0,0,0.0,0.0
2023-08-13,3.7144999504089355,0.0,37.418338775634766,0.0,0.0,0.0,0.011094788278395069,0.01588784903099884,1,0,0.0,10,,0.0,0.0,0.0,0.0,0.0,0.0,,0.0,0.0,0.0,0.01588784903099884,0.0,0.0,0.0,0,0.0,0.0
2023-08-14,3.7244999408721924,0.002692149844329972,36.853904724121094,-0.015084423039143813,0.017776572883473785,0.017776572883473785,0.011098918683000818,0.015957796321801228,1,1,1.0,10,55.44278169089709,-555.0,10.0,2067.0974671840668,-368.53904724121094,0.0,0.0,Opened,2067.0974671840668,-368.53904724121094,0.0,0.015957796321801228,2435.6365144252777,0.0,0.0,0,0.0,2435.6365144252777
2023-08-15,3.6614999771118164,-0.016915012689092124,35.55958557128906,-0.03512027185507138,0.01820525916597926,0.01820525916597926,0.011222111442932106,0.016333006281934796,1,1,0.0,10,20.164302136077534,555.0,-10.0,-2032.132487297058,355.5958557128906,34.96497988700867,-12.943191528320312,Live,0.0,0.0,0.0,0.016333006281934796,2387.7283430099487,22.021788358688354,0.009222903611776826,0,0.0,0.0
2023-08-16,3.6514999866485596,-0.002731118537694144,35.170318603515625,-0.01094689270191418,0.008215774164220035,0.008215774164220035,0.011152782114115673,0.01633104711349649,1,1,0.0,10,38.60604480615978,555.0,-10.0,-2026.5824925899506,351.70318603515625,40.51497459411621,-16.835861206054688,Live,0.0,0.0,0.0,0.01633104711349649,2378.285678625107,23.679113388061523,0.00995637891649353,0,0.0,0.0
2023-08-17,3.685499906539917,0.009311220050849167,35.257904052734375,0.0024903228829435964,0.006820897167905571,0.006820897167905571,0.01117567132451091,0.01632788008702087,1,1,0.0,10,2.5586398281419607,555.0,-10.0,-2045.452448129654,352.57904052734375,21.645019054412842,-15.960006713867188,Live,0.0,0.0,0.0,0.01632788008702087,2398.0314886569977,5.685012340545654,0.0023706996206832587,0,0.0,0.0
2023-08-18,3.6989998817443848,0.003662997028031967,35.0048828125,-0.007176298394139913,0.01083929542217188,0.01083929542217188,0.011076734746852423,0.01612426922173941,1,1,0.0,10,18.53993609923449,555.0,-10.0,-2052.9449343681335,350.048828125,14.152532815933228,-18.490219116210938,Live,0.0,0.0,0.0,0.01612426922173941,2402.9937624931335,-4.33768630027771,-0.0018051175862301492,0,0.0,0.0
2023-08-19,3.6989998817443848,0.0,35.0048828125,0.0,0.0,0.0,0.010537149167041142,0.015162688567550873,1,1,0.0,10,,555.0,-10.0,-2052.9449343681335,350.048828125,14.152532815933228,-18.490219116210938,Live,0.0,0.0,0.0,0.015162688567550873,2402.9937624931335,-4.33768630027771,-0.0018051175862301492,0,0.0,0.0
2023-08-20,3.6989998817443848,0.0,35.0048828125,0.0,0.0,0.0,0.01052464951666735,0.015160163858259083,1,1,0.0,10,,555.0,-10.0,-2052.9449343681335,350.048828125,14.152532815933228,-18.490219116210938,Live,0.0,0.0,0.0,0.015160163858259083,2402.9937624931335,-4.33768630027771,-0.0018051175862301492,0,0.0,0.0
2023-08-21,3.7119998931884766,0.0035144665746680293,35.4914665222168,0.013900452468963653,-0.010385985894295624,0.010385985894295624,0.010530490133004425,0.0152243645619442,0,0,-1.0,10,37.816863830359026,555.0,-10.0,-2060.1599407196045,354.91466522216797,6.93752646446228,-13.624382019042969,Closed,-2060.1599407196045,354.91466522216797,-6.6868555545806885,0.0152243645619442,2415.0746059417725,-6.6868555545806885,-0.0027687987518601356,0,-6.6868555545806885,0.0
2023-08-22,3.750499963760376,0.010371786551650164,35.773685455322266,0.007951740538216567,0.0024200460134335966,0.0024200460134335966,0.010581020989541117,0.01524473092664927,1,0,0.0,10,7.312790785944428,0.0,0.0,0.0,0.0,0.0,0.0,,0.0,0.0,0.0,0.01524473092664927,0.0,0.0,0.0,0,0.0,0.0
2023-08-23,3.803499937057495,0.014131442156842366,36.308929443359375,0.014961947063172332,-0.0008305049063299652,0.0008305049063299652,0.0106592819829197,0.015005316738964379,0,0,0.0,10,10.107218612691543,0.0,0.0,0.0,0.0,0.0,0.0,,0.0,0.0,0.0,0.015005316738964379,0.0,0.0,0.0,0,0.0,0.0
2023-08-24,3.7674999237060547,-0.009464970145179219,35.433074951171875,-0.02412228907915892,0.014657318933979702,0.014657318933979702,0.010462685427430693,0.015050205000563893,1,0,0.0,10,23.969272895142485,0.0,0.0,0.0,0.0,0.0,0.0,,0.0,0.0,0.0,0.015050205000563893,0.0,0.0,0.0,0,0.0,0.0
2023-08-25,3.759999990463257,-0.00199069234098892,35.45254135131836,0.0005493850074629325,-0.0025400773484518524,0.0025400773484518524,0.010183546223152318,0.01504054496871228,0,0,0.0,10,2.602149153224518,0.0,0.0,0.0,0.0,0.0,0.0,,0.0,0.0,0.0,0.01504054496871228,0.0,0.0,0.0,0,0.0,0.0
2023-08-26,3.759999990463257,0.0,35.45254135131836,0.0,0.0,0.0,0.010045811380309355,0.0149431682696749,1,0,0.0,10,,0.0,0.0,0.0,0.0,0.0,0.0,,0.0,0.0,0.0,0.0149431682696749,0.0,0.0,0.0,0,0.0,0.0
2023-08-27,3.759999990463257,0.0,35.45254135131836,0.0,0.0,0.0,0.00998557423536923,0.01494315937619093,1,0,0.0,10,,0.0,0.0,0.0,0.0,0.0,0.0,,0.0,0.0,0.0,0.01494315937619093,0.0,0.0,0.0,0,0.0,0.0
2023-08-28,3.753999948501587,-0.0015957558449171128,35.939125061035156,0.013724931730421774,-0.015320687575338887,0.015320687575338887,0.009987090603376388,0.01500527111627514,0,1,1.0,10,82.34116109822939,824.0,-10.0,-3093.2959575653076,359.39125061035156,0.0,0.0,Opened,-3093.2959575653076,359.39125061035156,0.0,0.01500527111627514,3452.687208175659,0.0,0.0,0,0.0,3452.687208175659
2023-08-29,3.7929999828338623,0.01038892777498357,36.91229248046875,0.027078216784100162,-0.016689289009116592,0.016689289009116592,0.010039583463748461,0.015243649213714669,0,1,0.0,10,25.36515447024968,-824.0,10.0,3125.4319858551025,-369.1229248046875,32.13602828979492,-9.731674194335938,Live,0.0,0.0,0.0,0.015243649213714669,3494.55491065979,22.404354095458984,0.00641121821469073,0,0.0,0.0
2023-08-30,3.7850000858306885,-0.0021091212864169373,36.902557373046875,-0.0002637361910541314,-0.001845385095362806,0.001845385095362806,0.009952842079297194,0.015241493013188938,0,1,0.0,10,1.2191544979439584,-824.0,10.0,3118.8400707244873,-369.02557373046875,25.544113159179688,-9.634323120117188,Live,0.0,0.0,0.0,0.015241493013188938,3487.865644454956,15.9097900390625,0.004561468720664755,0,0.0,0.0
2023-08-31,3.7725000381469727,-0.0033025224307154932,36.84416961669922,-0.0015822143640998876,-0.0017203080666156056,0.0017203080666156056,0.009916495916598676,0.015001558525112202,0,1,0.0,10,4.679064878517411,-824.0,10.0,3108.5400314331055,-368.4416961669922,15.244073867797852,-9.050445556640625,Live,0.0,0.0,0.0,0.015001558525112202,3476.9817276000977,6.193628311157227,0.0017813232269794609,0,0.0,0.0
2023-09-01,3.8125,0.010603038157336986,37.27236557006836,0.011621810392900445,-0.0010187722355634588,0.0010187722355634588,0.009652411109831373,0.014826444020179668,0,1,0.0,10,10.71570048527098,-824.0,10.0,3141.5,-372.7236557006836,48.20404243469238,-13.332405090332031,Live,0.0,0.0,0.0,0.014826444020179668,3514.2236557006836,34.87163734436035,0.009922998864284712,0,0.0,0.0
2023-09-02,3.8125,0.0,37.27236557006836,0.0,0.0,0.0,0.00962783239448136,0.014810930148815692,1,0,-1.0,10,,-824.0,10.0,3141.5,-372.7236557006836,48.20404243469238,-13.332405090332031,Closed,3141.5,-372.7236557006836,34.87163734436035,0.014810930148815692,3514.2236557006836,34.87163734436035,0.009922998864284712,0,34.87163734436035,0.0
2023-09-03,3.8125,0.0,37.27236557006836,0.0,0.0,0.0,0.009282559876743467,0.014680286612477956,1,0,0.0,10,,0.0,0.0,0.0,0.0,0.0,0.0,,0.0,0.0,0.0,0.014680286612477956,0.0,0.0,0.0,0,0.0,0.0
2023-09-04,3.8125,0.0,37.27236557006836,0.0,0.0,0.0,0.009282559876743467,0.014680286612477956,1,0,0.0,10,,0.0,0.0,0.0,0.0,0.0,0.0,,0.0,0.0,0.0,0.014680286612477956,0.0,0.0,0.0,0,0.0,0.0
2023-09-05,3.811000108718872,-0.00039341410652538045,36.89282989501953,-0.010182763268280826,0.009789349161755445,0.009789349161755445,0.00928282051601242,0.01472232149109167,1,0,0.0,10,250.56403105089998,0.0,0.0,0.0,0.0,0.0,0.0,,0.0,0.0,0.0,0.01472232149109167,0.0,0.0,0.0,0,0.0,0.0
2023-09-06,3.748500108718872,-0.016399894572821316,36.78578186035156,-0.0029015945638374285,-0.013498300008983888,0.013498300008983888,0.009433780401638156,0.01472690370753551,0,0,0.0,10,1.736273497061479,0.0,0.0,0.0,0.0,0.0,0.0,,0.0,0.0,0.0,0.01472690370753551,0.0,0.0,0.0,0,0.0,0.0
2023-09-07,3.7260000705718994,-0.006002410962891114,35.99751663208008,-0.021428529948444353,0.015426118985553239,0.015426118985553239,0.009443985008435617,0.014792851028720792,1,1,1.0,10,34.490249336012475,-345.0,10.0,1285.4700243473053,-359.9751663208008,0.0,0.0,Opened,1285.4700243473053,-359.9751663208008,0.0,0.014792851028720792,1645.445190668106,0.0,0.0,0,0.0,1645.445190668106
2023-09-08,3.680500030517578,-0.01221149736782945,35.68609619140625,-0.008651164574955628,-0.0035603327928738215,0.0035603327928738215,0.00949551167971679,0.014764937239535257,0,0,-1.0,10,6.8690688561126585,345.0,-10.0,-1269.7725105285645,356.8609619140625,15.697513818740845,-3.1142044067382812,Closed,-1269.7725105285645,356.8609619140625,12.583309412002563,0.014764937239535257,1626.633472442627,12.583309412002563,0.00773579889088775,0,12.583309412002563,0.0
2023-09-09,3.680500030517578,0.0,35.68609619140625,0.0,0.0,0.0,0.009264419025785956,0.014363476866352252,1,0,0.0,10,,0.0,0.0,0.0,0.0,0.0,0.0,,0.0,0.0,0.0,0.014363476866352252,0.0,0.0,0.0,0,0.0,0.0
2023-09-10,3.680500030517578,0.0,35.68609619140625,0.0,0.0,0.0,0.009254021753385529,0.013714514609943227,1,0,0.0,10,,0.0,0.0,0.0,0.0,0.0,0.0,,0.0,0.0,0.0,0.013714514609943227,0.0,0.0,0.0,0,0.0,0.0
2023-09-11,3.7699999809265137,0.024317334510753907,36.69819641113281,0.028361191829390675,-0.004043857318636768,0.004043857318636768,0.00957001364251928,0.014003668949595078,0,0,0.0,10,11.353032498820681,0.0,0.0,0.0,0.0,0.0,0.0,,0.0,0.0,0.0,0.014003668949595078,0.0,0.0,0.0,0,0.0,0.0
2023-09-12,3.752000093460083,-0.004774505983420996,36.201881408691406,-0.013524234185275708,0.008749728201854712,0.008749728201854712,0.009582782484248474,0.014072063995102288,1,0,0.0,10,27.33081240893164,0.0,0.0,0.0,0.0,0.0,0.0,,0.0,0.0,0.0,0.014072063995102288,0.0,0.0,0.0,0,0.0,0.0
2023-09-13,3.75600004196167,0.001066084328878114,35.958587646484375,-0.006720472879860329,0.007786557208738443,0.007786557208738443,0.009523116199430321,0.014017312401022004,1,0,0.0,10,60.35111671433744,0.0,0.0,0.0,0.0,0.0,0.0,,0.0,0.0,0.0,0.014017312401022004,0.0,0.0,0.0,0,0.0,0.0
2023-09-14,3.7825000286102295,0.007055374428249328,37.11665725708008,0.03220564784081348,-0.02515027341256415,0.02515027341256415,0.009548370250348938,0.014294642762813064,0,1,1.0,10,44.79214801707794,448.0,-10.0,-1694.5600128173828,371.1665725708008,0.0,0.0,Opened,-1694.5600128173828,371.1665725708008,0.0,0.014294642762813064,2065.7265853881836,0.0,0.0,0,0.0,2065.7265853881836
2023-09-15,3.7634999752044678,-0.005023146929821087,37.27236557006836,0.004195106038504592,-0.00921825296832568,0.00921825296832568,0.00955602916105865,0.014276961232054762,0,1,0.0,10,8.27107770002788,-448.0,10.0,1686.0479888916016,-372.7236557006836,-8.51202392578125,-1.5570831298828125,Live,0.0,0.0,0.0,0.014276961232054762,2058.771644592285,-10.069107055664062,-0.004890832396158306,0,0.0,0.0
2023-09-16,3.7634999752044678,0.0,37.27236557006836,0.0,0.0,0.0,0.009489817285521427,0.014198451277954735,1,0,-1.0,10,,-448.0,10.0,1686.0479888916016,-372.7236557006836,-8.51202392578125,-1.5570831298828125,Closed,1686.0479888916016,-372.7236557006836,-10.069107055664062,0.014198451277954735,2058.771644592285,-10.069107055664062,-0.004890832396158306,0,-10.069107055664062,0.0
2023-09-17,3.7634999752044678,0.0,37.27236557006836,0.0,0.0,0.0,0.009487809267339756,0.01419623012013679,1,0,0.0,10,,0.0,0.0,0.0,0.0,0.0,0.0,,0.0,0.0,0.0,0.01419623012013679,0.0,0.0,0.0,0,0.0,0.0
2023-09-18,3.741499900817871,-0.005845642229717729,36.902557373046875,-0.009921779617831916,0.004076137388114187,0.004076137388114187,0.009505657445334374,0.014233814246188296,1,0,0.0,10,16.74048633026327,0.0,0.0,0.0,0.0,0.0,0.0,,0.0,0.0,0.0,0.014233814246188296,0.0,0.0,0.0,0,0.0,0.0
2023-09-19,3.7139999866485596,-0.0073499705728443665,36.51329040527344,-0.01054850924932782,0.0031985386764834534,0.0031985386764834534,0.009533396490458087,0.014275239007819254,1,0,0.0,10,14.109595427500649,0.0,0.0,0.0,0.0,0.0,0.0,,0.0,0.0,0.0,0.014275239007819254,0.0,0.0,0.0,0,0.0,0.0
2023-09-20,3.746500015258789,0.008750680863506721,36.39651870727539,-0.003198060122819868,0.01194874098632659,0.01194874098632659,0.009520468147661961,0.014265141197306512,1,0,0.0,10,3.5504130872229482,0.0,0.0,0.0,0.0,0.0,0.0,,0.0,0.0,0.0,0.014265141197306512,0.0,0.0,0.0,0,0.0,0.0
2023-09-21,3.6665000915527344,-0.021353242594482902,35.520660400390625,-0.02406434290952364,0.0027111003150407376,0.0027111003150407376,0.00952500190873979,0.01423632743340701,1,0,0.0,10,10.917909870994226,0.0,0.0,0.0,0.0,0.0,0.0,,0.0,0.0,0.0,0.01423632743340701,0.0,0.0,0.0,0,0.0,0.0
2023-09-22,3.6654999256134033,-0.0002727849214119171,35.47200393676758,-0.001369807404327239,0.001097022482915322,0.001097022482915322,0.009469334428018212,0.014014873586934387,1,0,0.0,10,48.595008000919506,0.0,0.0,0.0,0.0,0.0,0.0,,0.0,0.0,0.0,0.014014873586934387,0.0,0.0,0.0,0,0.0,0.0
2023-09-23,3.6654999256134033,0.0,35.47200393676758,0.0,0.0,0.0,0.00943162353704374,0.013964954195805542,1,0,0.0,10,,0.0,0.0,0.0,0.0,0.0,0.0,,0.0,0.0,0.0,0.013964954195805542,0.0,0.0,0.0,0,0.0,0.0
2023-09-24,3.6654999256134033,0.0,35.47200393676758,0.0,0.0,0.0,0.009428363165830327,0.013961447961037965,1,0,0.0,10,,0.0,0.0,0.0,0.0,0.0,0.0,,0.0,0.0,0.0,0.013961447961037965,0.0,0.0,0.0,0,0.0,0.0
2023-09-25,3.6494998931884766,-0.004365034169861337,35.34549331665039,-0.0035664920522310295,-0.0007985421176303076,0.0007985421176303076,0.009435957329839633,0.013964489177730955,0,0,0.0,10,7.913239406015205,0.0,0.0,0.0,0.0,0.0,0.0,,0.0,0.0,0.0,0.013964489177730955,0.0,0.0,0.0,0,0.0,0.0
2023-09-26,3.625,-0.006713219319228858,34.644805908203125,-0.01982395328790587,0.013110733968677013,0.013110733968677013,0.009455650952859378,0.014095659396300598,1,0,0.0,10,28.22211464128837,0.0,0.0,0.0,0.0,0.0,0.0,,0.0,0.0,0.0,0.014095659396300598,0.0,0.0,0.0,0,0.0,0.0
2023-09-27,3.627000093460083,0.000551749920022937,34.45017623901367,-0.005617859996247532,0.006169609916270469,0.006169609916270469,0.009456193203806267,0.014103548791204814,1,0,0.0,10,96.71025183710154,0.0,0.0,0.0,0.0,0.0,0.0,,0.0,0.0,0.0,0.014103548791204814,0.0,0.0,0.0,0,0.0,0.0
2023-09-28,3.694499969482422,0.018610387174803122,35.1800537109375,0.0211864655454872,-0.002576078370684076,0.002576078370684076,0.009649562776002377,0.01400926872006084,0,0,0.0,10,10.840365705402643,0.0,0.0,0.0,0.0,0.0,0.0,,0.0,0.0,0.0,0.01400926872006084,0.0,0.0,0.0,0,0.0,0.0
2023-09-29,3.7260000705718994,0.008526215008709315,35.433074951171875,0.007192178906643143,0.0013340361020661717,0.0013340361020661717,0.00965092796896213,0.014020693324812655,1,0,0.0,10,8.021769633411628,0.0,0.0,0.0,0.0,0.0,0.0,,0.0,0.0,0.0,0.014020693324812655,0.0,0.0,0.0,0,0.0,0.0
2023-09-30,3.7260000705718994,0.0,35.433074951171875,0.0,0.0,0.0,0.009636062526871497,0.014013175995919398,1,0,0.0,10,,0.0,0.0,0.0,0.0,0.0,0.0,,0.0,0.0,0.0,0.014013175995919398,0.0,0.0,0.0,0,0.0,0.0
2023-10-01,3.7260000705718994,0.0,35.433074951171875,0.0,0.0,0.0,0.009403437677125301,0.013740071172493597,1,0,0.0,10,,0.0,0.0,0.0,0.0,0.0,0.0,,0.0,0.0,0.0,0.013740071172493597,0.0,0.0,0.0,0,0.0,0.0
2023-10-02,3.631999969482422,-0.025228153330402292,34.18741989135742,-0.03515514985733004,0.009926996526927745,0.009926996526927745,0.009731560537381966,0.014181756792200262,1,0,0.0,10,13.116681754325857,0.0,0.0,0.0,0.0,0.0,0.0,,0.0,0.0,0.0,0.014181756792200262,0.0,0.0,0.0,0,0.0,0.0
2023-10-03,3.615499973297119,-0.004542950529719869,33.438079833984375,-0.02191859051529299,0.01737563998557312,0.01737563998557312,0.009740175586229445,0.014344144617002178,1,1,1.0,10,44.62185116203049,-447.0,10.0,1616.1284880638123,-334.38079833984375,0.0,0.0,Opened,1616.1284880638123,-334.38079833984375,0.0,0.014344144617002178,1950.509286403656,0.0,0.0,0,0.0,1950.509286403656
2023-10-04,3.5840001106262207,-0.008712449980236792,33.087738037109375,-0.01047732999665052,0.001764880016413728,0.001764880016413728,0.009764091674539524,0.01427815091246742,1,1,0.0,10,11.102208760091834,447.0,-10.0,-1602.0480494499207,330.87738037109375,14.080438613891602,-3.50341796875,Live,0.0,0.0,0.0,0.01427815091246742,1932.9254298210144,10.577020645141602,0.005472027260834897,0,0.0,0.0
2023-10-05,3.546999931335449,-0.010323710420953813,33.13639831542969,0.0014706438459388682,-0.011794354266892682,0.011794354266892682,0.009813097681581128,0.01427574262827701,0,0,-1.0,10,1.3308092711790342,447.0,-10.0,-1585.5089693069458,331.3639831542969,30.619518756866455,-3.016815185546875,Closed,-1585.5089693069458,331.3639831542969,27.60270357131958,0.01427574262827701,1916.8729524612427,27.60270357131958,0.01439986073979396,0,27.60270357131958,0.0
2023-10-06,3.624500036239624,0.02184948023807709,34.197147369384766,0.03201159775596829,-0.0101621175178912,0.0101621175178912,0.009939790119691132,0.014569296211537495,0,0,0.0,10,13.82318156052686,0.0,0.0,0.0,0.0,0.0,0.0,,0.0,0.0,0.0,0.014569296211537495,0.0,0.0,0.0,0,0.0,0.0
2023-10-07,3.624500036239624,0.0,34.197147369384766,0.0,0.0,0.0,0.009873514141719601,0.014568945723922094,1,0,0.0,10,,0.0,0.0,0.0,0.0,0.0,0.0,,0.0,0.0,0.0,0.014568945723922094,0.0,0.0,0.0,0,0.0,0.0
2023-10-08,3.624500036239624,0.0,34.197147369384766,0.0,0.0,0.0,0.00971651658177713,0.014458870114504668,1,0,0.0,10,,0.0,0.0,0.0,0.0,0.0,0.0,,0.0,0.0,0.0,0.014458870114504668,0.0,0.0,0.0,0,0.0,0.0
2023-10-09,3.6424999237060547,0.004966171137110953,34.32366180419922,0.003699561061274892,0.001266610075836061,0.001266610075836061,0.009730589439089245,0.014465117587359088,1,0,0.0,10,7.019765121369419,0.0,0.0,0.0,0.0,0.0,0.0,,0.0,0.0,0.0,0.014465117587359088,0.0,0.0,0.0,0,0.0,0.0
2023-10-10,3.631999969482422,-0.002882623045589394,34.96595001220703,0.018712694807208274,-0.02159531785279767,0.02159531785279767,0.009734200434012978,0.01459277246918806,0,1,1.0,10,62.495389104855356,625.0,-10.0,-2269.9999809265137,349.6595001220703,0.0,0.0,Opened,-2269.9999809265137,349.6595001220703,0.0,0.01459277246918806,2619.659481048584,0.0,0.0,0,0.0,2619.659481048584
2023-10-11,3.614000082015991,-0.004955916194293253,34.77131652832031,-0.00556637196526244,0.0006104557709691871,0.0006104557709691871,0.009688214718824615,0.014520174888043372,1,0,-1.0,10,10.806405170332884,-625.0,10.0,2258.7500512599945,-347.7131652832031,-11.249929666519165,1.9463348388671875,Closed,2258.7500512599945,-347.7131652832031,-9.303594827651978,0.014520174888043372,2606.4632165431976,-9.303594827651978,-0.003569432619882049,0,-9.303594827651978,0.0
2023-10-12,3.5940001010894775,-0.005534028907757227,33.92466354370117,-0.024349178263916582,0.018815149356159355,0.018815149356159355,0.009701703517836412,0.014713446313530923,1,1,1.0,10,41.53176136501662,-416.0,10.0,1495.1040420532227,-339.2466354370117,0.0,0.0,Opened,1495.1040420532227,-339.2466354370117,0.0,0.014713446313530923,1834.3506774902344,0.0,0.0,0,0.0,1834.3506774902344
2023-10-13,3.5799999237060547,-0.003895430436737901,33.82734298706055,-0.002868725772777636,-0.001026704663960265,0.001026704663960265,0.009687198093730786,0.014658172240327437,0,0,-1.0,10,6.958545180782255,416.0,-10.0,-1489.2799682617188,338.27342987060547,5.824073791503906,-0.97320556640625,Closed,-1489.2799682617188,338.27342987060547,4.850868225097656,0.014658172240327437,1827.5533981323242,4.850868225097656,0.0026542963013037107,0,4.850868225097656,0.0
2023-10-14,3.5799999237060547,0.0,33.82734298706055,0.0,0.0,0.0,0.009649150116741907,0.014304973756399117,1,0,0.0,10,,0.0,0.0,0.0,0.0,0.0,0.0,,0.0,0.0,0.0,0.014304973756399117,0.0,0.0,0.0,0,0.0,0.0
2023-10-15,3.5799999237060547,0.0,33.82734298706055,0.0,0.0,0.0,0.009559886886441233,0.014112895646081038,1,0,0.0,10,,0.0,0.0,0.0,0.0,0.0,0.0,,0.0,0.0,0.0,0.014112895646081038,0.0,0.0,0.0,0,0.0,0.0
2023-10-16,3.5869998931884766,0.0019552987797764043,34.45017623901367,0.018412124540534203,-0.0164568257607578,0.0164568257607578,0.00956284424778996,0.014240420612003552,0,1,1.0,10,90.43798111170565,905.0,-10.0,-3246.2349033355713,344.5017623901367,0.0,0.0,Opened,-3246.2349033355713,344.5017623901367,0.0,0.014240420612003552,3590.736665725708,0.0,0.0,0,0.0,3590.736665725708
2023-10-17,3.575500011444092,-0.003205988872824417,34.44044494628906,-0.0002824743959826126,-0.002923514476841804,0.002923514476841804,0.009566713148022803,0.01424036394562603,0,1,0.0,10,0.8486899273474209,-905.0,10.0,3235.827510356903,-344.4044494628906,-10.407392978668213,0.09731292724609375,Live,0.0,0.0,0.0,0.01424036394562603,3580.2319598197937,-10.31008005142212,-0.0028797240422212935,0,0.0,0.0
2023-10-18,3.5820000171661377,0.0018179291571085443,33.56459045410156,-0.025430986549489165,0.02724891570659771,0.02724891570659771,0.009568015783786639,0.014405644641361725,1,0,-1.0,10,131.08168692681275,-905.0,10.0,3241.7100155353546,-335.6459045410156,-4.524887800216675,8.855857849121094,Closed,3241.7100155353546,-335.6459045410156,4.330970048904419,0.014405644641361725,3577.3559200763702,4.330970048904419,0.0012106623287324344,0,4.330970048904419,0.0
2023-10-19,3.5915000438690186,0.002652157079104933,33.28237533569336,-0.008408120420659415,0.011060277499764348,0.011060277499764348,0.009563097483725353,0.014381269696392028,1,0,0.0,10,29.379075038318742,0.0,0.0,0.0,0.0,0.0,0.0,,0.0,0.0,0.0,0.014381269696392028,0.0,0.0,0.0,0,0.0,0.0
2023-10-20,3.5420000553131104,-0.013782538758535967,32.513572692871094,-0.023099392247937667,0.0093168534894017,0.0093168534894017,0.009344328780036491,0.014044201353644864,1,0,0.0,10,15.384644359210442,0.0,0.0,0.0,0.0,0.0,0.0,,0.0,0.0,0.0,0.014044201353644864,0.0,0.0,0.0,0,0.0,0.0
2023-10-21,3.5420000553131104,0.0,32.513572692871094,0.0,0.0,0.0,0.009037192487989251,0.013749220982139005,1,0,0.0,10,,0.0,0.0,0.0,0.0,0.0,0.0,,0.0,0.0,0.0,0.013749220982139005,0.0,0.0,0.0,0,0.0,0.0
2023-10-22,3.5420000553131104,0.0,32.513572692871094,0.0,0.0,0.0,0.009037263529961426,0.013659037225853474,1,0,0.0,10,,0.0,0.0,0.0,0.0,0.0,0.0,,0.0,0.0,0.0,0.013659037225853474,0.0,0.0,0.0,0,0.0,0.0
2023-10-23,3.572999954223633,0.008752088770868749,32.37732696533203,-0.004190426220645249,0.012942514991513998,0.012942514991513998,0.009089062670206573,0.013660285533112115,1,0,0.0,10,4.3386484826962395,0.0,0.0,0.0,0.0,0.0,0.0,,0.0,0.0,0.0,0.013660285533112115,0.0,0.0,0.0,0,0.0,0.0
2023-10-24,3.609999895095825,0.010355427188980082,32.737396240234375,0.011121031556678096,-0.000765604367698014,0.000765604367698014,0.009158041184899572,0.013719515342079425,0,0,0.0,10,9.738991781857038,0.0,0.0,0.0,0.0,0.0,0.0,,0.0,0.0,0.0,0.013719515342079425,0.0,0.0,0.0,0,0.0,0.0
2023-10-25,3.572000026702881,-0.010526279639112235,32.280006408691406,-0.013971478616886301,0.0034451989777740666,0.0034451989777740666,0.008935983145066407,0.013737591109391408,1,0,0.0,10,11.99470651026698,0.0,0.0,0.0,0.0,0.0,0.0,,0.0,0.0,0.0,0.013737591109391408,0.0,0.0,0.0,0,0.0,0.0
2023-10-26,3.56850004196167,-0.000979838945981637,32.44544982910156,0.005125259837792662,-0.006105098783774299,0.006105098783774299,0.008929006178991944,0.013732440121426189,0,0,0.0,10,47.5586243363912,0.0,0.0,0.0,0.0,0.0,0.0,,0.0,0.0,0.0,0.013732440121426189,0.0,0.0,0.0,0,0.0,0.0
2023-10-27,3.634000062942505,0.018355056805555936,32.81525421142578,0.011397727085679987,0.006957329719875949,0.006957329719875949,0.009120224491611794,0.013791268643774458,1,0,0.0,10,5.607294462514713,0.0,0.0,0.0,0.0,0.0,0.0,,0.0,0.0,0.0,0.013791268643774458,0.0,0.0,0.0,0,0.0,0.0
2023-10-28,3.634000062942505,0.0,32.81525421142578,0.0,0.0,0.0,0.009105539504385224,0.013792023349572946,1,0,0.0,10,,0.0,0.0,0.0,0.0,0.0,0.0,,0.0,0.0,0.0,0.013792023349572946,0.0,0.0,0.0,0,0.0,0.0
2023-10-29,3.634000062942505,0.0,32.81525421142578,0.0,0.0,0.0,0.009099357262446591,0.013763044630663536,1,0,0.0,10,,0.0,0.0,0.0,0.0,0.0,0.0,,0.0,0.0,0.0,0.013763044630663536,0.0,0.0,0.0,0,0.0,0.0
2023-10-30,3.6494998931884766,0.00426522564048093,32.43571853637695,-0.01156583071407924,0.01583105635456017,0.01583105635456017,0.0091113034325871,0.013800090876494033,1,1,1.0,10,24.10044090909095,-242.0,10.0,883.1789741516113,-324.35718536376953,0.0,0.0,Opened,883.1789741516113,-324.35718536376953,0.0,0.013800090876494033,1207.5361595153809,0.0,0.0,0,0.0,1207.5361595153809
2023-10-31,3.6414999961853027,-0.0021920529489821705,31.968589782714844,-0.014401677371143173,0.012209624422161003,0.012209624422161003,0.00911303903469373,0.013859608448989624,1,1,0.0,10,57.677337229874574,242.0,-10.0,-881.2429990768433,319.68589782714844,1.9359750747680664,-4.671287536621094,Live,0.0,0.0,0.0,0.013859608448989624,1200.9288969039917,-2.7353124618530273,-0.002277663955713526,0,0.0,0.0
2023-11-01,3.6449999809265137,0.0009611381971377231,31.78369140625,-0.005783751417299476,0.0067448896144371995,0.0067448896144371995,0.009055167209537592,0.013828137393683463,1,1,0.0,10,52.47235871235611,242.0,-10.0,-882.0899953842163,317.8369140625,1.0889787673950195,-6.520271301269531,Live,0.0,0.0,0.0,0.013828137393683463,1199.9269094467163,-5.431292533874512,-0.004526352806254565,0,0.0,0.0
2023-11-02,3.6670000553131104,0.006035685734353535,32.68873977661133,0.028475244073863593,-0.022439558339510057,0.022439558339510057,0.008925617468643553,0.013326062673747417,0,0,-1.0,10,42.05601295530142,242.0,-10.0,-887.4140133857727,326.8873977661133,-4.235039234161377,2.53021240234375,Closed,-887.4140133857727,326.8873977661133,-1.704826831817627,0.013326062673747417,1214.301411151886,-1.704826831817627,-0.001403956889254068,0,-1.704826831817627,0.0
2023-11-03,3.674499988555908,0.0020452503762391494,33.12666702270508,0.013396883730803388,-0.011351633354564239,0.011351633354564239,0.008926213935305027,0.013386821667597902,0,0,0.0,10,59.052297495806386,0.0,0.0,0.0,0.0,0.0,0.0,,0.0,0.0,0.0,0.013386821667597902,0.0,0.0,0.0,0,0.0,0.0
2023-11-04,3.674499988555908,0.0,33.12666702270508,0.0,0.0,0.0,0.008902834452485658,0.013372117240456047,1,0,0.0,10,,0.0,0.0,0.0,0.0,0.0,0.0,,0.0,0.0,0.0,0.013372117240456047,0.0,0.0,0.0,0,0.0,0.0
2023-11-05,3.674499988555908,0.0,33.12666702270508,0.0,0.0,0.0,0.008784923960524466,0.013259677077418963,1,0,0.0,10,,0.0,0.0,0.0,0.0,0.0,0.0,,0.0,0.0,0.0,0.013259677077418963,0.0,0.0,0.0,0,0.0,0.0
2023-11-06,3.7095000743865967,0.009525128844657837,32.88337326049805,-0.007344347743776236,0.016869476588434074,0.016869476588434074,0.008842949242938707,0.013270115035347647,1,1,1.0,10,6.835076047589403,-69.0,10.0,255.95550513267517,-328.83373260498047,0.0,0.0,Opened,255.95550513267517,-328.83373260498047,0.0,0.013270115035347647,584.7892377376556,0.0,0.0,0,0.0,584.7892377376556
2023-11-07,3.6700000762939453,-0.010648334627458733,31.93939971923828,-0.028706712470819906,0.018058377843361173,0.018058377843361173,0.008900724742407294,0.01353765758823853,1,1,0.0,10,23.461860334871197,69.0,-10.0,-253.23000526428223,319.3939971923828,2.7254998683929443,-9.439735412597656,Live,0.0,0.0,0.0,0.01353765758823853,572.624002456665,-6.714235544204712,-0.011725382651442089,0,0.0,0.0
2023-11-08,3.628000020980835,-0.011444156523158222,31.083011627197266,-0.02681290505047229,0.015368748527314069,0.015368748527314069,0.008723935776988292,0.013597746527825047,1,1,0.0,10,20.073166695869446,69.0,-10.0,-250.3320014476776,310.83011627197266,5.623503684997559,-18.003616333007812,Live,0.0,0.0,0.0,0.013597746527825047,561.1621177196503,-12.380112648010254,-0.022061561636267126,1,-12.380112648010254,0.0
2023-11-09,3.634999990463257,0.00192942928388673,31.1900577545166,0.003443878881596918,-0.001514449597710188,0.001514449597710188,0.008373780236035406,0.013471171505453926,0,0,-1.0,10,15.315485498052924,69.0,-10.0,-250.81499934196472,311.900577545166,5.140505790710449,-16.933155059814453,Closed,-250.81499934196472,311.900577545166,-11.792649269104004,0.013471171505453926,562.7155768871307,-11.792649269104004,-0.02095667821093456,1,0.0,0.0
2023-11-10,3.5834999084472656,-0.014167835529877881,31.23871612548828,0.0015600603036598493,-0.01572789583353773,0.01572789583353773,0.008323528721835905,0.013206239342399988,0,1,1.0,10,0.9598948430060272,10.0,-10.0,-35.834999084472656,312.3871612548828,0.0,0.0,Opened,-35.834999084472656,312.3871612548828,0.0,0.013206239342399988,348.22216033935547,0.0,0.0,0,0.0,348.22216033935547
2023-11-11,3.5834999084472656,0.0,31.23871612548828,0.0,0.0,0.0,0.008214819413129166,0.013146372893999878,1,0,-1.0,10,,-10.0,10.0,35.834999084472656,-312.3871612548828,0.0,0.0,Closed,35.834999084472656,-312.3871612548828,0.0,0.013146372893999878,348.22216033935547,0.0,0.0,0,0.0,0.0
2023-11-12,3.5834999084472656,0.0,31.23871612548828,0.0,0.0,0.0,0.008182420094952432,0.013147621328780069,1,0,0.0,10,,0.0,0.0,0.0,0.0,0.0,0.0,,0.0,0.0,0.0,0.013147621328780069,0.0,0.0,0.0,0,0.0,0.0
2023-11-13,3.6624999046325684,0.022045485755163075,31.404155731201172,0.00529597967625528,0.016749506078907794,0.016749506078907794,0.008491810450287901,0.013166907877535217,1,1,1.0,10,2.059852568942986,-21.0,10.0,76.91249799728394,-314.0415573120117,0.0,0.0,Opened,76.91249799728394,-314.0415573120117,0.0,0.013166907877535217,390.95405530929565,0.0,0.0,0,0.0,390.95405530929565
2023-11-14,3.682499885559082,0.005460745787656318,32.66927719116211,0.04028516068986354,-0.034824414902207224,0.034824414902207224,0.008512269893231674,0.01383041422331978,0,0,-1.0,10,65.44702724104309,21.0,-10.0,-77.33249759674072,326.6927719116211,-0.4199995994567871,12.651214599609375,Closed,-77.33249759674072,326.6927719116211,12.231215000152588,0.01383041422331978,404.0252695083618,12.231215000152588,0.030273391105056727,0,12.231215000152588,0.0
2023-11-15,3.7174999713897705,0.009504436366160274,33.19478988647461,0.01608583784200368,-0.006581401475843407,0.006581401475843407,0.008531238949868111,0.013943889422080077,0,0,0.0,10,15.112498445015813,0.0,0.0,0.0,0.0,0.0,0.0,,0.0,0.0,0.0,0.013943889422080077,0.0,0.0,0.0,0,0.0,0.0
2023-11-16,3.7044999599456787,-0.0034969768780473975,32.68873977661133,-0.015244865582639933,0.011747888704592535,0.011747888704592535,0.008367272042455326,0.013951037960648224,1,0,0.0,10,38.46798359291369,0.0,0.0,0.0,0.0,0.0,0.0,,0.0,0.0,0.0,0.013951037960648224,0.0,0.0,0.0,0,0.0,0.0
2023-11-17,3.737499952316284,0.00890808279859967,33.12666702270508,0.013396883730803388,-0.004488800932203718,0.004488800932203718,0.008399055442108373,0.014023814365835965,0,0,0.0,10,13.329568466932399,0.0,0.0,0.0,0.0,0.0,0.0,,0.0,0.0,0.0,0.014023814365835965,0.0,0.0,0.0,0,0.0,0.0
2023-11-18,3.737499952316284,0.0,33.12666702270508,0.0,0.0,0.0,0.008387636028085304,0.014008488825577292,1,0,0.0,10,,0.0,0.0,0.0,0.0,0.0,0.0,,0.0,0.0,0.0,0.014008488825577292,0.0,0.0,0.0,0,0.0,0.0
2023-11-19,3.737499952316284,0.0,33.12666702270508,0.0,0.0,0.0,0.008329867065056375,0.013975509955391525,1,0,0.0,10,,0.0,0.0,0.0,0.0,0.0,0.0,,0.0,0.0,0.0,0.013975509955391525,0.0,0.0,0.0,0,0.0,0.0
2023-11-20,3.8125,0.02006690264630917,33.59379196166992,0.014101175305220925,0.005965727341088245,0.005965727341088245,0.008565894807306948,0.014057830780779029,1,0,0.0,10,6.191902997890903,0.0,0.0,0.0,0.0,0.0,0.0,,0.0,0.0,0.0,0.014057830780779029,0.0,0.0,0.0,0,0.0,0.0
2023-11-21,3.814500093460083,0.0005246146780546468,33.720298767089844,0.0037657792714875793,-0.0032411645934329325,0.0032411645934329325,0.008565871897311117,0.014065523772012544,0,0,0.0,10,63.45534463101966,0.0,0.0,0.0,0.0,0.0,0.0,,0.0,0.0,0.0,0.014065523772012544,0.0,0.0,0.0,0,0.0,0.0
2023-11-22,3.7664999961853027,-0.012583587914200334,33.51593017578125,-0.006060699305192707,-0.006522888609007627,0.006522888609007627,0.008658523530336158,0.014002683256418355,0,0,0.0,10,4.285796595648285,0.0,0.0,0.0,0.0,0.0,0.0,,0.0,0.0,0.0,0.014002683256418355,0.0,0.0,0.0,0,0.0,0.0
2023-11-23,3.7790000438690186,0.003318743580612127,33.51593017578125,0.0,0.003318743580612127,0.003318743580612127,0.008490515975226523,0.013568200772763085,1,0,0.0,10,0.0,0.0,0.0,0.0,0.0,0.0,0.0,,0.0,0.0,0.0,0.013568200772763085,0.0,0.0,0.0,0,0.0,0.0
2023-11-24,3.7964999675750732,0.004630834480789714,33.56459045410156,0.001451855224220422,0.003178979256569292,0.003178979256569292,0.008495432420032928,0.01352837054662592,1,0,0.0,10,2.7718007324804557,0.0,0.0,0.0,0.0,0.0,0.0,,0.0,0.0,0.0,0.01352837054662592,0.0,0.0,0.0,0,0.0,0.0
2023-11-25,3.7964999675750732,0.0,33.56459045410156,0.0,0.0,0.0,0.008447949127125494,0.013525331267795466,1,0,0.0,10,,0.0,0.0,0.0,0.0,0.0,0.0,,0.0,0.0,0.0,0.013525331267795466,0.0,0.0,0.0,0,0.0,0.0
2023-11-26,3.7964999675750732,0.0,33.56459045410156,0.0,0.0,0.0,0.008441299078602187,0.01350805013457814,1,0,0.0,10,,0.0,0.0,0.0,0.0,0.0,0.0,,0.0,0.0,0.0,0.01350805013457814,0.0,0.0,0.0,0,0.0,0.0
2023-11-27,3.762500047683716,-0.008955595991503196,33.05854415893555,-0.01507679040082488,0.006121194409321684,0.006121194409321684,0.00849181989154545,0.013588231600500352,1,0,0.0,10,14.791820022374484,0.0,0.0,0.0,0.0,0.0,0.0,,0.0,0.0,0.0,0.013588231600500352,0.0,0.0,0.0,0,0.0,0.0
2023-11-28,3.8010001182556152,0.010232576766504131,33.768959045410156,0.021489599876484133,-0.011257023109980002,0.011257023109980002,0.00855076050072109,0.01376469156634555,0,0,0.0,10,18.657914906231337,0.0,0.0,0.0,0.0,0.0,0.0,,0.0,0.0,0.0,0.01376469156634555,0.0,0.0,0.0,0,0.0,0.0
2023-11-29,3.7860000133514404,-0.003946357389501665,33.47700881958008,-0.008645520444899857,0.004699163055398192,0.004699163055398192,0.00855505010597925,0.01371486786640708,1,0,0.0,10,19.371389095417257,0.0,0.0,0.0,0.0,0.0,0.0,,0.0,0.0,0.0,0.01371486786640708,0.0,0.0,0.0,0,0.0,0.0
2023-11-30,3.8289999961853027,0.0113576288119972,33.45754623413086,-0.0005813716976361682,0.011939000509633368,0.011939000509633368,0.0085674099753083,0.013688326864965973,1,0,0.0,10,0.44727532033189915,0.0,0.0,0.0,0.0,0.0,0.0,,0.0,0.0,0.0,0.013688326864965973,0.0,0.0,0.0,0,0.0,0.0
2023-12-01,3.9089999198913574,0.02089316369437344,34.91729736328125,0.04362995178831319,-0.022736788093939753,0.022736788093939753,0.00870372503237093,0.014303425492859099,0,1,1.0,10,18.65329188673576,187.0,-10.0,-730.9829850196838,349.1729736328125,0.0,0.0,Opened,-730.9829850196838,349.1729736328125,0.0,0.014303425492859099,1080.1559586524963,0.0,0.0,0,0.0,1080.1559586524963
2023-12-02,3.9089999198913574,0.0,34.91729736328125,0.0,0.0,0.0,0.008647623764629917,0.014099391384374344,1,0,-1.0,10,,-187.0,10.0,730.9829850196838,-349.1729736328125,0.0,0.0,Closed,730.9829850196838,-349.1729736328125,0.0,0.014099391384374344,1080.1559586524963,0.0,0.0,0,0.0,0.0
2023-12-03,3.9089999198913574,0.0,34.91729736328125,0.0,0.0,0.0,0.008644342177227942,0.014099263041654682,1,0,0.0,10,,0.0,0.0,0.0,0.0,0.0,0.0,,0.0,0.0,0.0,0.014099263041654682,0.0,0.0,0.0,0,0.0,0.0
2023-12-04,3.820499897003174,-0.022640067716001244,34.148494720458984,-0.022017816408400837,-0.0006222513076004077,0.0006222513076004077,0.008946789595458658,0.014269302022050645,0,0,0.0,10,8.69256399944554,0.0,0.0,0.0,0.0,0.0,0.0,,0.0,0.0,0.0,0.014269302022050645,0.0,0.0,0.0,0,0.0,0.0
2023-12-05,3.7725000381469727,-0.012563763944569817,33.40888595581055,-0.021658605180196244,0.009094841235626427,0.009094841235626427,0.009037371796537816,0.014428579483280619,1,0,0.0,10,15.266639752796372,0.0,0.0,0.0,0.0,0.0,0.0,,0.0,0.0,0.0,0.014428579483280619,0.0,0.0,0.0,0,0.0,0.0
2023-12-06,3.7165000438690186,-0.01484426606009015,33.47700881958008,0.0020390642136238757,-0.016883330273714026,0.016883330273714026,0.009158390171008534,0.014359437786518712,0,1,1.0,10,1.237327534085942,13.0,-10.0,-48.31450057029724,334.7700881958008,0.0,0.0,Opened,-48.31450057029724,334.7700881958008,0.0,0.014359437786518712,383.084588766098,0.0,0.0,0,0.0,383.084588766098
2023-12-07,3.7844998836517334,0.018296741283480467,33.885738372802734,0.012209261449416031,0.006087479834064435,0.006087479834064435,0.009282808157118315,0.014145243611050523,1,0,-1.0,10,5.974810063445112,-13.0,10.0,49.198498487472534,-338.85738372802734,0.883997917175293,-4.0872955322265625,Closed,49.198498487472534,-338.85738372802734,-3.2032976150512695,0.014145243611050523,388.0558822154999,-3.2032976150512695,-0.008254732789419168,0,-3.2032976150512695,0.0
2023-12-08,3.819999933242798,0.009380380679734568,34.3723258972168,0.014359655352961243,-0.004979274673226675,0.004979274673226675,0.00932718508663597,0.014225748172666173,0,0,0.0,10,13.774286709735458,0.0,0.0,0.0,0.0,0.0,0.0,,0.0,0.0,0.0,0.014225748172666173,0.0,0.0,0.0,0,0.0,0.0
2023-12-09,3.819999933242798,0.0,34.3723258972168,0.0,0.0,0.0,0.009320734978011195,0.01422553606040248,1,0,0.0,10,,0.0,0.0,0.0,0.0,0.0,0.0,,0.0,0.0,0.0,0.01422553606040248,0.0,0.0,0.0,0,0.0,0.0
2023-12-10,3.819999933242798,0.0,34.3723258972168,0.0,0.0,0.0,0.009260947559159852,0.014172098331619563,1,0,0.0,10,,0.0,0.0,0.0,0.0,0.0,0.0,,0.0,0.0,0.0,0.014172098331619563,0.0,0.0,0.0,0,0.0,0.0
2023-12-11,3.7799999713897705,-0.01047119438535471,34.01224899291992,-0.010475779421317277,4.585035962567652e-06,4.585035962567652e-06,0.009320661825238028,0.01420547086632189,1,0,0.0,10,9.001889481390814,0.0,0.0,0.0,0.0,0.0,0.0,,0.0,0.0,0.0,0.01420547086632189,0.0,0.0,0.0,0,0.0,0.0
2023-12-12,3.7860000133514404,0.0015873127002865584,33.73002624511719,-0.008297679693615168,0.009884992393901726,0.009884992393901726,0.009322086687280642,0.014224880916837497,1,0,0.0,10,46.57257417389697,0.0,0.0,0.0,0.0,0.0,0.0,,0.0,0.0,0.0,0.014224880916837497,0.0,0.0,0.0,0,0.0,0.0
2023-12-13,3.7860000133514404,0.0,34.98542022705078,0.037218885417123815,-0.037218885417123815,0.037218885417123815,0.009322086687280642,0.014726681740443118,0,0,0.0,10,inf,0.0,0.0,0.0,0.0,0.0,0.0,,0.0,0.0,0.0,0.014726681740443118,0.0,0.0,0.0,0,0.0,0.0
2023-12-14,3.8884999752044678,0.027073418249222936,36.1629524230957,0.033657797688376734,-0.006584379439153798,0.006584379439153798,0.009707838513445545,0.01508451382175354,0,0,0.0,10,11.561771513937042,0.0,0.0,0.0,0.0,0.0,0.0,,0.0,0.0,0.0,0.01508451382175354,0.0,0.0,0.0,0,0.0,0.0
2023-12-15,3.884999990463257,-0.000900086090659391,36.1629524230957,0.0,-0.000900086090659391,0.000900086090659391,0.00956199201379967,0.01508183701406794,0,0,0.0,10,0.0,0.0,0.0,0.0,0.0,0.0,0.0,,0.0,0.0,0.0,0.01508183701406794,0.0,0.0,0.0,0,0.0,0.0
2023-12-16,3.884999990463257,0.0,36.1629524230957,0.0,0.0,0.0,0.009540192287780821,0.014926575344914305,1,0,0.0,10,,0.0,0.0,0.0,0.0,0.0,0.0,,0.0,0.0,0.0,0.014926575344914305,0.0,0.0,0.0,0,0.0,0.0
2023-12-17,3.884999990463257,0.0,36.1629524230957,0.0,0.0,0.0,0.00945408578467427,0.014900064422895157,1,0,0.0,10,,0.0,0.0,0.0,0.0,0.0,0.0,,0.0,0.0,0.0,0.014900064422895157,0.0,0.0,0.0,0,0.0,0.0
2023-12-18,3.8480000495910645,-0.00952379432767525,36.1240234375,-0.0010764880350543349,-0.008447306292620915,0.008447306292620915,0.009507855888734932,0.014900629927200058,0,0,0.0,10,1.061109604552951,0.0,0.0,0.0,0.0,0.0,0.0,,0.0,0.0,0.0,0.014900629927200058,0.0,0.0,0.0,0,0.0,0.0
2023-12-19,3.8959999084472656,0.012473975633472856,37.02907180786133,0.02505391936552126,-0.012579943732048404,0.012579943732048404,0.00958289611011673,0.015105915822497372,0,0,0.0,10,19.08950521107908,0.0,0.0,0.0,0.0,0.0,0.0,,0.0,0.0,0.0,0.015105915822497372,0.0,0.0,0.0,0,0.0,0.0
2023-12-20,3.9014999866485596,0.0014117244174900456,36.299198150634766,-0.019710827779150786,0.02112255219664083,0.02112255219664083,0.009279565749232927,0.014974070693083607,1,1,1.0,10,129.90335232325282,-1300.0,10.0,5071.949982643127,-362.99198150634766,0.0,0.0,Opened,5071.949982643127,-362.99198150634766,0.0,0.014974070693083607,5434.941964149475,0.0,0.0,0,0.0,5434.941964149475
2023-12-21,3.9084999561309814,0.0017941739091058562,37.145851135253906,0.023324288903178836,-0.02153011499407298,0.02153011499407298,0.009265909769343925,0.015090807204857584,0,0,-1.0,10,123.55037780087851,1300.0,-10.0,-5081.049942970276,371.45851135253906,-9.099960327148438,8.466529846191406,Closed,-5081.049942970276,371.45851135253906,-0.6334304809570312,0.015090807204857584,5452.508454322815,-0.6334304809570312,-0.00011617230606122946,0,-0.6334304809570312,0.0
2023-12-22,3.8954999446868896,-0.003326087140847922,37.07773208618164,-0.0018338265779462848,-0.0014922605629016372,0.0014922605629016372,0.009273372243231482,0.015075520630727084,0,0,0.0,10,5.2477676628050585,0.0,0.0,0.0,0.0,0.0,0.0,,0.0,0.0,0.0,0.015075520630727084,0.0,0.0,0.0,0,0.0,0.0
2023-12-23,3.8954999446868896,0.0,37.07773208618164,0.0,0.0,0.0,0.009249088501294364,0.014729630380285802,1,0,0.0,10,,0.0,0.0,0.0,0.0,0.0,0.0,,0.0,0.0,0.0,0.014729630380285802,0.0,0.0,0.0,0,0.0,0.0
2023-12-24,3.8954999446868896,0.0,37.07773208618164,0.0,0.0,0.0,0.009233312234607993,0.014723811917840836,1,0,0.0,10,,0.0,0.0,0.0,0.0,0.0,0.0,,0.0,0.0,0.0,0.014723811917840836,0.0,0.0,0.0,0,0.0,0.0
2023-12-25,3.8954999446868896,0.0,37.07773208618164,0.0,0.0,0.0,0.009233312234607993,0.014723811917840836,1,0,0.0,10,,0.0,0.0,0.0,0.0,0.0,0.0,,0.0,0.0,0.0,0.014723811917840836,0.0,0.0,0.0,0,0.0,0.0
2023-12-26,3.8954999446868896,0.0,37.43780517578125,0.009711302966499469,-0.009711302966499469,0.009711302966499469,0.009233312234607993,0.014755441274357175,0,0,0.0,10,inf,0.0,0.0,0.0,0.0,0.0,0.0,,0.0,0.0,0.0,0.014755441274357175,0.0,0.0,0.0,0,0.0,0.0
2023-12-27,3.94350004196167,0.012321935042060028,37.79787826538086,0.009617900619680153,0.002704034422379875,0.002704034422379875,0.00928801267138725,0.014750073664066965,1,0,0.0,10,7.48147006322544,0.0,0.0,0.0,0.0,0.0,0.0,,0.0,0.0,0.0,0.014750073664066965,0.0,0.0,0.0,0,0.0,0.0
2023-12-28,3.9130001068115234,-0.0077342297009269645,37.15986633300781,-0.016879570009023626,0.009145340308096661,0.009145340308096661,0.009291400660058045,0.014810774133823713,1,0,0.0,10,20.725670835188946,0.0,0.0,0.0,0.0,0.0,0.0,,0.0,0.0,0.0,0.014810774133823713,0.0,0.0,0.0,0,0.0,0.0
2023-12-29,3.880500078201294,-0.008305654925399919,36.86494827270508,-0.007936467199850195,-0.00036918772554972445,0.00036918772554972445,0.009296164008346918,0.014829593532770968,0,0,0.0,10,9.077772080250794,0.0,0.0,0.0,0.0,0.0,0.0,,0.0,0.0,0.0,0.014829593532770968,0.0,0.0,0.0,0,0.0,0.0
2023-12-30,3.880500078201294,0.0,36.86494827270508,0.0,0.0,0.0,0.009033100210601263,0.014625117625062538,1,0,0.0,10,,0.0,0.0,0.0,0.0,0.0,0.0,,0.0,0.0,0.0,0.014625117625062538,0.0,0.0,0.0,0,0.0,0.0
2023-12-31,3.880500078201294,0.0,36.86494827270508,0.0,0.0,0.0,0.009032872812942941,0.014624011934850665,1,0,0.0,10,,0.0,0.0,0.0,0.0,0.0,0.0,,0.0,0.0,0.0,0.014624011934850665,0.0,0.0,0.0,0,0.0,0.0
2024-01-01,3.880500078201294,0.0,36.86494827270508,0.0,0.0,0.0,0.009032872812942941,0.014624011934850665,1,0,0.0,10,,0.0,0.0,0.0,0.0,0.0,0.0,,0.0,0.0,0.0,0.014624011934850665,0.0,0.0,0.0,0,0.0,0.0
2024-01-02,3.86899995803833,-0.002963566532974915,36.579856872558594,-0.007733400248863709,0.004769833715888794,0.004769833715888794,0.00903975474650758,0.014647062126441412,1,0,0.0,10,24.67170043466387,0.0,0.0,0.0,0.0,0.0,0.0,,0.0,0.0,0.0,0.014647062126441412,0.0,0.0,0.0,0,0.0,0.0
2024-01-03,3.8475000858306885,-0.0055569585011168154,36.33409118652344,-0.006718607098201157,0.0011616485970843415,0.0011616485970843415,0.00904712468461099,0.014659100095791874,1,0,0.0,10,11.41767704291253,0.0,0.0,0.0,0.0,0.0,0.0,,0.0,0.0,0.0,0.014659100095791874,0.0,0.0,0.0,0,0.0,0.0
2024-01-04,3.8310000896453857,-0.004288497938198299,36.25544738769531,-0.0021644630775103924,-0.0021240348606879067,0.0021240348606879067,0.009030644992728369,0.014518927440024067,0,0,0.0,10,4.776459313000173,0.0,0.0,0.0,0.0,0.0,0.0,,0.0,0.0,0.0,0.014518927440024067,0.0,0.0,0.0,0,0.0,0.0
2024-01-05,3.7945001125335693,-0.00952753230428538,36.25544738769531,0.0,-0.00952753230428538,0.00952753230428538,0.009087183042416914,0.01450565081978042,0,0,0.0,10,0.0,0.0,0.0,0.0,0.0,0.0,0.0,,0.0,0.0,0.0,0.01450565081978042,0.0,0.0,0.0,0,0.0,0.0
2024-01-06,3.7945001125335693,0.0,36.25544738769531,0.0,0.0,0.0,0.008901043028770197,0.01435609936054021,1,0,0.0,10,,0.0,0.0,0.0,0.0,0.0,0.0,,0.0,0.0,0.0,0.01435609936054021,0.0,0.0,0.0,0,0.0,0.0
2024-01-07,3.7945001125335693,0.0,36.25544738769531,0.0,0.0,0.0,0.008862260794409728,0.014339747940124088,1,0,0.0,10,,0.0,0.0,0.0,0.0,0.0,0.0,,0.0,0.0,0.0,0.014339747940124088,0.0,0.0,0.0,0,0.0,0.0
2024-01-08,3.799499988555908,0.0013176639541592206,36.50121307373047,0.00677872440538585,-0.005461060451226629,0.005461060451226629,0.008862908464091766,0.014354183645559472,0,0,0.0,10,49.42243768354264,0.0,0.0,0.0,0.0,0.0,0.0,,0.0,0.0,0.0,0.014354183645559472,0.0,0.0,0.0,0,0.0,0.0
2024-01-09,3.748500108718872,-0.013422787206381792,35.83272933959961,-0.01831401418853007,0.004891226982148278,0.004891226982148278,0.008967516591515286,0.014475637095252751,1,0,0.0,10,13.042570784350758,0.0,0.0,0.0,0.0,0.0,0.0,,0.0,0.0,0.0,0.014475637095252751,0.0,0.0,0.0,0,0.0,0.0
2024-01-10,3.7809998989105225,0.008670078497812206,35.87205123901367,0.0010973738294226543,0.007572704668389552,0.007572704668389552,0.008634944251426292,0.014027902518643715,1,0,0.0,10,1.2008288539033245,0.0,0.0,0.0,0.0,0.0,0.0,,0.0,0.0,0.0,0.014027902518643715,0.0,0.0,0.0,0,0.0,0.0
2024-01-11,3.7764999866485596,-0.001190138159818388,35.94086456298828,0.0019182991102490998,-0.003108437270067488,0.003108437270067488,0.00862190445924894,0.013843075981272147,0,0,0.0,10,15.339739251176523,0.0,0.0,0.0,0.0,0.0,0.0,,0.0,0.0,0.0,0.013843075981272147,0.0,0.0,0.0,0,0.0,0.0
2024-01-12,3.740000009536743,-0.009665027734902298,36.23578643798828,0.008205753494970436,-0.017870781229872734,0.017870781229872734,0.008632674236821859,0.013815162321917093,0,1,1.0,10,8.22586257795652,83.0,-10.0,-310.4200007915497,362.3578643798828,0.0,0.0,Opened,-310.4200007915497,362.3578643798828,0.0,0.013815162321917093,672.7778651714325,0.0,0.0,0,0.0,672.7778651714325
2024-01-13,3.740000009536743,0.0,36.23578643798828,0.0,0.0,0.0,0.008563830836837769,0.013815442366694259,1,0,-1.0,10,,-83.0,10.0,310.4200007915497,-362.3578643798828,0.0,0.0,Closed,310.4200007915497,-362.3578643798828,0.0,0.013815442366694259,672.7778651714325,0.0,0.0,0,0.0,0.0
2024-01-14,3.740000009536743,0.0,36.23578643798828,0.0,0.0,0.0,0.008289671677893275,0.013455527159167101,1,0,0.0,10,,0.0,0.0,0.0,0.0,0.0,0.0,,0.0,0.0,0.0,0.013455527159167101,0.0,0.0,0.0,0,0.0,0.0
2024-01-15,3.740000009536743,0.0,36.23578643798828,0.0,0.0,0.0,0.008289671677893275,0.013455527159167101,1,0,0.0,10,,0.0,0.0,0.0,0.0,0.0,0.0,,0.0,0.0,0.0,0.013455527159167101,0.0,0.0,0.0,0,0.0,0.0
2024-01-16,3.7664999961853027,0.007085557909354723,35.13475036621094,-0.030385322908931145,0.03747088081828587,0.03747088081828587,0.008316907101070017,0.013809204198548553,1,1,1.0,10,40.00264472087913,-401.0,10.0,1510.3664984703064,-351.3475036621094,0.0,0.0,Opened,1510.3664984703064,-351.3475036621094,0.0,0.013809204198548553,1861.7140021324158,0.0,0.0,0,0.0,1861.7140021324158
2024-01-17,3.7325000762939453,-0.009026926835468574,34.29914474487305,-0.023782881979474424,0.01475595514400585,0.01475595514400585,0.008357238686450144,0.014014111016393254,1,1,0.0,10,24.210737777548815,401.0,-10.0,-1496.732530593872,342.99144744873047,13.633967876434326,-8.356056213378906,Live,0.0,0.0,0.0,0.014014111016393254,1839.7239780426025,5.27791166305542,0.0028688606149879724,0,0.0,0.0
2024-01-18,3.744999885559082,0.003348910652279935,34.30897903442383,0.0002867211303352324,0.0030621895219447026,0.0030621895219447026,0.00835666178898497,0.013887338980156434,1,1,0.0,10,0.7843540168030437,401.0,-10.0,-1501.744954109192,343.0897903442383,8.621544361114502,-8.257713317871094,Live,0.0,0.0,0.0,0.013887338980156434,1844.8347444534302,0.3638310432434082,0.00019721606194662196,0,0.0,0.0
2024-01-19,3.7869999408721924,0.011214968383594481,34.69237518310547,0.01117480494820211,4.016343539237077e-05,4.016343539237077e-05,0.008409422413795924,0.013921576190108293,1,1,0.0,10,9.128105144042804,401.0,-10.0,-1518.5869762897491,346.9237518310547,-8.220477819442749,-4.4237518310546875,Live,0.0,0.0,0.0,0.013921576190108293,1865.5107281208038,-12.644229650497437,-0.006777891683975693,0,0.0,0.0
2024-01-20,3.7869999408721924,0.0,34.69237518310547,0.0,0.0,0.0,0.008387475980727957,0.013701309715168575,1,1,0.0,10,,401.0,-10.0,-1518.5869762897491,346.9237518310547,-8.220477819442749,-4.4237518310546875,Live,0.0,0.0,0.0,0.013701309715168575,1865.5107281208038,-12.644229650497437,-0.006777891683975693,0,0.0,0.0
2024-01-21,3.7869999408721924,0.0,34.69237518310547,0.0,0.0,0.0,0.008375621550640418,0.013697576454760179,1,1,0.0,10,,401.0,-10.0,-1518.5869762897491,346.9237518310547,-8.220477819442749,-4.4237518310546875,Live,0.0,0.0,0.0,0.013697576454760179,1865.5107281208038,-12.644229650497437,-0.006777891683975693,0,0.0,0.0
2024-01-22,3.7639999389648438,-0.006073409629378412,33.886260986328125,-0.023236062463947604,0.017162652834569192,0.017162652834569192,0.008401972139226319,0.013899088889875785,1,1,0.0,10,34.44324058957139,401.0,-10.0,-1509.3639755249023,338.86260986328125,1.0025229454040527,-12.484893798828125,Live,0.0,0.0,0.0,0.013899088889875785,1848.2265853881836,-11.482370853424072,-0.006212642402290965,0,0.0,0.0
2024-01-23,3.7904999256134033,0.007040379138754105,34.66287612915039,0.02291828960225506,-0.015877910463500955,0.015877910463500955,0.008426894253311312,0.01408492183690993,0,0,-1.0,10,29.768315389301197,401.0,-10.0,-1519.9904701709747,346.6287612915039,-9.623971700668335,-4.718742370605469,Closed,-1519.9904701709747,346.6287612915039,-14.342714071273804,0.01408492183690993,1866.6192314624786,-14.342714071273804,-0.007683792082242944,0,-14.342714071273804,0.0
2024-01-24,3.882499933242798,0.024271206815683177,35.73442077636719,0.03091332188432161,-0.006642115068638432,0.006642115068638432,0.008752176193049186,0.014300751017159382,0,0,0.0,10,11.722752478422873,0.0,0.0,0.0,0.0,0.0,0.0,,0.0,0.0,0.0,0.014300751017159382,0.0,0.0,0.0,0,0.0,0.0
2024-01-25,3.865499973297119,-0.004378611780549324,36.058834075927734,0.009078454121050017,-0.013457065901599341,0.013457065901599341,0.008758421206711437,0.014326411178916023,0,0,0.0,10,19.341113233307347,0.0,0.0,0.0,0.0,0.0,0.0,,0.0,0.0,0.0,0.014326411178916023,0.0,0.0,0.0,0,0.0,0.0
2024-01-26,3.8505001068115234,-0.0038804466664635884,35.87205123901367,-0.005179946653870227,0.0012994999874066382,0.0012994999874066382,0.008770378917725084,0.014096585393375126,1,0,0.0,10,12.436055164300956,0.0,0.0,0.0,0.0,0.0,0.0,,0.0,0.0,0.0,0.014096585393375126,0.0,0.0,0.0,0,0.0,0.0
2024-01-27,3.8505001068115234,0.0,35.87205123901367,0.0,0.0,0.0,0.008768612229419529,0.01406637426486818,1,0,0.0,10,,0.0,0.0,0.0,0.0,0.0,0.0,,0.0,0.0,0.0,0.01406637426486818,0.0,0.0,0.0,0,0.0,0.0
2024-01-28,3.8505001068115234,0.0,35.87205123901367,0.0,0.0,0.0,0.008645582231848843,0.013857273241120273,1,0,0.0,10,,0.0,0.0,0.0,0.0,0.0,0.0,,0.0,0.0,0.0,0.013857273241120273,0.0,0.0,0.0,0,0.0,0.0
2024-01-29,3.872999906539917,0.00584334478749704,36.17679977416992,0.008495430972868645,-0.002652086185371605,0.002652086185371605,0.008659362783610628,0.013876625562167118,0,0,0.0,10,13.580212399949634,0.0,0.0,0.0,0.0,0.0,0.0,,0.0,0.0,0.0,0.013876625562167118,0.0,0.0,0.0,0,0.0,0.0
2024-01-30,3.9065001010894775,0.008649676054211186,36.09815979003906,-0.0021737683991331913,0.010823444453344377,0.010823444453344377,0.008693106006287643,0.01388016784384636,1,0,0.0,10,2.322258982715593,0.0,0.0,0.0,0.0,0.0,0.0,,0.0,0.0,0.0,0.01388016784384636,0.0,0.0,0.0,0,0.0,0.0
2024-01-31,3.9024999141693115,-0.0010239822901964013,35.57712936401367,-0.014433711553605622,0.01340972926340922,0.01340972926340922,0.008660150405970924,0.013957492897313722,1,0,0.0,10,128.50309187083164,0.0,0.0,0.0,0.0,0.0,0.0,,0.0,0.0,0.0,0.013957492897313722,0.0,0.0,0.0,0,0.0,0.0
2024-02-01,3.8524999618530273,-0.012812287870844763,36.08832550048828,0.014368672954026662,-0.027180960824871425,0.027180960824871425,0.00871488895722183,0.013984940700699201,0,1,1.0,10,10.505435485549695,106.0,-10.0,-408.3649959564209,360.8832550048828,0.0,0.0,Opened,-408.3649959564209,360.8832550048828,0.0,0.013984940700699201,769.2482509613037,0.0,0.0,0,0.0,769.2482509613037
2024-02-02,3.821500062942505,-0.008046696746912274,35.1937370300293,-0.024788860609420094,0.01674216386250782,0.01674216386250782,0.008686140109617683,0.01414341026503743,1,0,-1.0,10,28.370725673274272,-106.0,10.0,405.0790066719055,-351.93737030029297,-3.285989284515381,8.945884704589844,Closed,405.0790066719055,-351.93737030029297,5.659895420074463,0.01414341026503743,757.0163769721985,5.659895420074463,0.007476582531426956,0,5.659895420074463,0.0
2024-02-03,3.821500062942505,0.0,35.1937370300293,0.0,0.0,0.0,0.008684764206256222,0.01413746019550201,1,0,0.0,10,,0.0,0.0,0.0,0.0,0.0,0.0,,0.0,0.0,0.0,0.01413746019550201,0.0,0.0,0.0,0,0.0,0.0
2024-02-04,3.821500062942505,0.0,35.1937370300293,0.0,0.0,0.0,0.008500344759292311,0.014097957527983075,1,0,0.0,10,,0.0,0.0,0.0,0.0,0.0,0.0,,0.0,0.0,0.0,0.014097957527983075,0.0,0.0,0.0,0,0.0,0.0
2024-02-05,3.7720000743865967,-0.012953025707343246,34.50558853149414,-0.01955315225399301,0.006600126546649765,0.006600126546649765,0.008606664637185645,0.014243974866130672,1,0,0.0,10,13.80903406935053,0.0,0.0,0.0,0.0,0.0,0.0,,0.0,0.0,0.0,0.014243974866130672,0.0,0.0,0.0,0,0.0,0.0
2024-02-06,3.7825000286102295,0.0027836569503090214,35.05610656738281,0.015954460112633573,-0.013170803162324551,0.013170803162324551,0.008609828395305373,0.014326274382142337,0,0,0.0,10,53.11915281575109,0.0,0.0,0.0,0.0,0.0,0.0,,0.0,0.0,0.0,0.014326274382142337,0.0,0.0,0.0,0,0.0,0.0
2024-02-07,3.737499952316284,-0.01189691366915313,34.65304946899414,-0.011497486111697541,-0.00039942755745558944,0.00039942755745558944,0.00868857869353562,0.014325681958150399,0,0,0.0,10,8.960429894318477,0.0,0.0,0.0,0.0,0.0,0.0,,0.0,0.0,0.0,0.014325681958150399,0.0,0.0,0.0,0,0.0,0.0
2024-02-08,3.7054998874664307,-0.008561890370064607,34.44660568237305,-0.005957449338067966,-0.0026044410319966405,0.0026044410319966405,0.008730102338281618,0.014260131266730907,0,0,0.0,10,6.468302532920765,0.0,0.0,0.0,0.0,0.0,0.0,,0.0,0.0,0.0,0.014260131266730907,0.0,0.0,0.0,0,0.0,0.0
2024-02-09,3.686000108718872,-0.005262388163474241,34.02389144897461,-0.012271578723785481,0.00700919056031124,0.00700919056031124,0.008746873861803528,0.014305290408490401,1,0,0.0,10,21.525150612449625,0.0,0.0,0.0,0.0,0.0,0.0,,0.0,0.0,0.0,0.014305290408490401,0.0,0.0,0.0,0,0.0,0.0
2024-02-10,3.686000108718872,0.0,34.02389144897461,0.0,0.0,0.0,0.00872664826372374,0.014029220917566518,1,0,0.0,10,,0.0,0.0,0.0,0.0,0.0,0.0,,0.0,0.0,0.0,0.014029220917566518,0.0,0.0,0.0,0,0.0,0.0
2024-02-11,3.686000108718872,0.0,34.02389144897461,0.0,0.0,0.0,0.008724414137182536,0.01396862985773934,1,0,0.0,10,,0.0,0.0,0.0,0.0,0.0,0.0,,0.0,0.0,0.0,0.01396862985773934,0.0,0.0,0.0,0,0.0,0.0
2024-02-12,3.7284998893737793,0.011530054096954068,34.59406661987305,0.016758082236228766,-0.0052280281392746986,0.0052280281392746986,0.00879936352039999,0.01406442083846491,0,0,0.0,10,13.485295119868644,0.0,0.0,0.0,0.0,0.0,0.0,,0.0,0.0,0.0,0.01406442083846491,0.0,0.0,0.0,0,0.0,0.0
2024-02-13,3.7139999866485596,-0.0038889374159684076,33.56184387207031,-0.029838144186545512,0.025949206770577105,0.025949206770577105,0.008808774051898758,0.014388576638705367,1,1,1.0,10,69.3337625820489,-694.0,10.0,2577.5159907341003,-335.6184387207031,0.0,0.0,Opened,2577.5159907341003,-335.6184387207031,0.0,0.014388576638705367,2913.1344294548035,0.0,0.0,0,0.0,2913.1344294548035
2024-02-14,3.700500011444092,-0.003634888328755692,34.22050476074219,0.019625289098612386,-0.02326017742736808,0.02326017742736808,0.008765422145318539,0.01449746638170121,0,0,-1.0,10,49.92878426190564,694.0,-10.0,-2568.1470079421997,342.2050476074219,9.368982791900635,6.58660888671875,Closed,-2568.1470079421997,342.2050476074219,15.955591678619385,0.01449746638170121,2910.3520555496216,15.955591678619385,0.005482357932674974,0,15.955591678619385,0.0
2024-02-15,3.756500005722046,0.015133088529866168,34.643218994140625,0.012352659212770511,0.002780429317095656,0.002780429317095656,0.008827588019694846,0.014241029375149242,1,0,0.0,10,7.5277941179328005,0.0,0.0,0.0,0.0,0.0,0.0,,0.0,0.0,0.0,0.014241029375149242,0.0,0.0,0.0,0,0.0,0.0
2024-02-16,3.8380000591278076,0.02169574158967591,35.42967224121094,0.022701506092817958,-0.0010057645031420481,0.0010057645031420481,0.00900362934308336,0.014127627000701186,0,0,0.0,10,9.65922602873944,0.0,0.0,0.0,0.0,0.0,0.0,,0.0,0.0,0.0,0.014127627000701186,0.0,0.0,0.0,0,0.0,0.0
2024-02-17,3.8380000591278076,0.0,35.42967224121094,0.0,0.0,0.0,0.009002825075559917,0.014126811582852674,1,0,0.0,10,,0.0,0.0,0.0,0.0,0.0,0.0,,0.0,0.0,0.0,0.014126811582852674,0.0,0.0,0.0,0,0.0,0.0
2024-02-18,3.8380000591278076,0.0,35.42967224121094,0.0,0.0,0.0,0.008878964802314844,0.014127464949376368,1,0,0.0,10,,0.0,0.0,0.0,0.0,0.0,0.0,,0.0,0.0,0.0,0.014127464949376368,0.0,0.0,0.0,0,0.0,0.0
2024-02-19,3.8380000591278076,0.0,35.42967224121094,0.0,0.0,0.0,0.008878964802314844,0.014127464949376368,1,0,0.0,10,,0.0,0.0,0.0,0.0,0.0,0.0,,0.0,0.0,0.0,0.014127464949376368,0.0,0.0,0.0,0,0.0,0.0
2024-02-20,3.866499900817871,0.007425701211828617,35.321533203125,-0.003052216722461032,0.010477917934289649,0.010477917934289649,0.008903855071256309,0.014133724203755485,1,0,0.0,10,3.7549092068230383,0.0,0.0,0.0,0.0,0.0,0.0,,0.0,0.0,0.0,0.014133724203755485,0.0,0.0,0.0,0,0.0,0.0
2024-02-21,3.874500036239624,0.002069089778085953,35.36085891723633,0.0011133637343876401,0.0009557260436983128,0.0009557260436983128,0.008642631470612066,0.01412804913720754,1,0,0.0,10,4.910942757381007,0.0,0.0,0.0,0.0,0.0,0.0,,0.0,0.0,0.0,0.01412804913720754,0.0,0.0,0.0,0,0.0,0.0
2024-02-22,3.8975000381469727,0.005936250275447419,35.38051986694336,0.0005560088275300412,0.005380241447917378,0.005380241447917378,0.008645463303347888,0.013567772158951646,1,0,0.0,10,0.8502518114617069,0.0,0.0,0.0,0.0,0.0,0.0,,0.0,0.0,0.0,0.013567772158951646,0.0,0.0,0.0,0,0.0,0.0
2024-02-23,3.881999969482422,-0.003976925853198976,35.82289505004883,0.012503354523029087,-0.016480280376228063,0.016480280376228063,0.008610318822010897,0.013531921072229015,0,1,1.0,10,29.01243660912721,291.0,-10.0,-1129.6619911193848,358.2289505004883,0.0,0.0,Opened,-1129.6619911193848,358.2289505004883,0.0,0.013531921072229015,1487.890941619873,0.0,0.0,0,0.0,1487.890941619873
2024-02-24,3.881999969482422,0.0,35.82289505004883,0.0,0.0,0.0,0.00860114254211428,0.01343425940983566,1,0,-1.0,10,,-291.0,10.0,1129.6619911193848,-358.2289505004883,0.0,0.0,Closed,1129.6619911193848,-358.2289505004883,0.0,0.01343425940983566,1487.890941619873,0.0,0.0,0,0.0,0.0
2024-02-25,3.881999969482422,0.0,35.82289505004883,0.0,0.0,0.0,0.008559257730090305,0.013376108848107887,1,0,0.0,10,,0.0,0.0,0.0,0.0,0.0,0.0,,0.0,0.0,0.0,0.013376108848107887,0.0,0.0,0.0,0,0.0,0.0
2024-02-26,3.8239998817443848,-0.014940774908293042,35.29204559326172,-0.014818720152166676,-0.00012205475612636629,0.00012205475612636629,0.00869589451189329,0.013467627025339119,0,0,0.0,10,9.15369705339109,0.0,0.0,0.0,0.0,0.0,0.0,,0.0,0.0,0.0,0.013467627025339119,0.0,0.0,0.0,0,0.0,0.0
2024-02-27,3.8310000896453857,0.0018305983570814366,35.626285552978516,0.009470688198946808,-0.007640089841865372,0.007640089841865372,0.008697255348711424,0.0134957632717034,0,0,0.0,10,48.11127350556983,0.0,0.0,0.0,0.0,0.0,0.0,,0.0,0.0,0.0,0.0134957632717034,0.0,0.0,0.0,0,0.0,0.0
2024-02-28,3.827500104904175,-0.0009135955779983052,34.947967529296875,-0.019039818862759073,0.018126223284760767,0.018126223284760767,0.008465181181415177,0.013572960769045713,1,1,1.0,10,190.2898114499203,-1903.0,10.0,7283.732699632645,-349.47967529296875,0.0,0.0,Opened,7283.732699632645,-349.47967529296875,0.0,0.013572960769045713,7633.212374925613,0.0,0.0,0,0.0,7633.212374925613
2024-02-29,3.8345000743865967,0.0018288619962290031,35.37068557739258,0.012095640404305108,-0.010266778408076105,0.010266778408076105,0.00846688606399481,0.013618775102510926,0,0,-1.0,10,61.007419962651745,1903.0,-10.0,-7297.0536415576935,353.7068557739258,-13.320941925048828,4.227180480957031,Closed,-7297.0536415576935,353.7068557739258,-9.093761444091797,0.013618775102510926,7650.760497331619,-9.093761444091797,-0.0011886088248695614,0,-9.093761444091797,0.0
2024-03-01,3.8550000190734863,0.005346184454089187,35.83272933959961,0.013062900949320388,-0.007716716495231202,0.007716716495231202,0.008385295207686947,0.013658942746028642,0,0,0.0,10,22.71178141180209,0.0,0.0,0.0,0.0,0.0,0.0,,0.0,0.0,0.0,0.013658942746028642,0.0,0.0,0.0,0,0.0,0.0
2024-03-02,3.8550000190734863,0.0,35.83272933959961,0.0,0.0,0.0,0.008379660416693486,0.013658942746028642,1,0,0.0,10,,0.0,0.0,0.0,0.0,0.0,0.0,,0.0,0.0,0.0,0.013658942746028642,0.0,0.0,0.0,0,0.0,0.0
2024-03-03,3.8550000190734863,0.0,35.83272933959961,0.0,0.0,0.0,0.008367902987372541,0.013658972210152099,1,0,0.0,10,,0.0,0.0,0.0,0.0,0.0,0.0,,0.0,0.0,0.0,0.013658972210152099,0.0,0.0,0.0,0,0.0,0.0
2024-03-04,3.8519999980926514,-0.0007782155553804904,35.96052932739258,0.0035665714040860053,-0.004344786959466496,0.004344786959466496,0.008368440946421717,0.01366166049270453,0,0,0.0,10,42.784928767074426,0.0,0.0,0.0,0.0,0.0,0.0,,0.0,0.0,0.0,0.01366166049270453,0.0,0.0,0.0,0,0.0,0.0
2024-03-05,3.8440001010894775,-0.002076816460834685,35.37068557739258,-0.01640253247192036,0.014325716011085676,0.014325716011085676,0.008371467875618674,0.013769184832488781,1,1,1.0,10,72.672964443413,-727.0,10.0,2794.58807349205,-353.7068557739258,0.0,0.0,Opened,2794.58807349205,-353.7068557739258,0.0,0.013769184832488781,3148.294929265976,0.0,0.0,0,0.0,3148.294929265976
2024-03-06,3.870500087738037,0.0068938569073004885,36.687992095947266,0.03724288904924844,-0.03034903214194795,0.03034903214194795,0.008347163662874968,0.014155401311997549,0,0,-1.0,10,51.20801727463606,727.0,-10.0,-2813.853563785553,366.87992095947266,-19.265490293502808,13.173065185546875,Closed,-2813.853563785553,366.87992095947266,-6.092425107955933,0.014155401311997549,3180.7334847450256,-6.092425107955933,-0.00191541515099443,0,-6.092425107955933,0.0
2024-03-07,3.9195001125335693,0.012659869186094852,37.37614059448242,0.018756777332907593,-0.006096908146812741,0.006096908146812741,0.008379753029003605,0.014118309042106552,0,0,0.0,10,14.128393366499086,0.0,0.0,0.0,0.0,0.0,0.0,,0.0,0.0,0.0,0.014118309042106552,0.0,0.0,0.0,0,0.0,0.0
2024-03-08,3.884999990463257,-0.008802174022138676,37.39580154418945,0.0005260294239670671,-0.009328203446105743,0.009328203446105743,0.008418829831691664,0.01408401975821255,0,0,0.0,10,0.5752437533900885,0.0,0.0,0.0,0.0,0.0,0.0,,0.0,0.0,0.0,0.01408401975821255,0.0,0.0,0.0,0,0.0,0.0
2024-03-09,3.884999990463257,0.0,37.39580154418945,0.0,0.0,0.0,0.008344335542180285,0.014083394754695637,1,0,0.0,10,,0.0,0.0,0.0,0.0,0.0,0.0,,0.0,0.0,0.0,0.014083394754695637,0.0,0.0,0.0,0,0.0,0.0
2024-03-10,3.884999990463257,0.0,37.39580154418945,0.0,0.0,0.0,0.008077765238365196,0.013416006983884465,1,0,0.0,10,,0.0,0.0,0.0,0.0,0.0,0.0,,0.0,0.0,0.0,0.013416006983884465,0.0,0.0,0.0,0,0.0,0.0
2024-03-11,3.922499895095825,0.009652485128602839,37.651397705078125,0.006834889221097207,0.0028175959075056323,0.0028175959075056323,0.008135583896629661,0.013429423308338753,1,0,0.0,10,6.796894062283734,0.0,0.0,0.0,0.0,0.0,0.0,,0.0,0.0,0.0,0.013429423308338753,0.0,0.0,0.0,0,0.0,0.0
2024-03-12,3.924999952316284,0.0006373632344987001,37.46461868286133,-0.00496074604400687,0.00559810927850557,0.00559810927850557,0.008135780424749077,0.01344172620213152,1,0,0.0,10,74.29193113182927,0.0,0.0,0.0,0.0,0.0,0.0,,0.0,0.0,0.0,0.01344172620213152,0.0,0.0,0.0,0,0.0,0.0
2024-03-13,4.052499771118164,0.03248403066263417,39.72566604614258,0.06035153813845162,-0.027867507475817455,0.027867507475817455,0.008442945297088495,0.01451097181538419,0,1,1.0,10,18.21237649910045,183.0,-10.0,-741.607458114624,397.2566604614258,0.0,0.0,Opened,-741.607458114624,397.2566604614258,0.0,0.01451097181538419,1138.8641185760498,0.0,0.0,0,0.0,1138.8641185760498
2024-03-14,4.0370001792907715,-0.003824699001306997,39.892791748046875,0.004206995590965601,-0.008031694592272598,0.008031694592272598,0.008349769276309786,0.014321175701435209,0,1,0.0,10,10.869522242333389,-183.0,10.0,738.7710328102112,-398.92791748046875,-2.836425304412842,-1.6712570190429688,Live,0.0,0.0,0.0,0.014321175701435209,1137.69895029068,-4.5076823234558105,-0.003962104669520972,0,0.0,0.0
2024-03-15,4.112500190734863,0.018702008444635654,40.885684967041016,0.024889038231894478,-0.006187029787258824,0.006187029787258824,0.008392231586760583,0.01450491596273421,0,1,0.0,10,13.230772836093642,-183.0,10.0,752.58753490448,-408.85684967041016,10.980076789855957,-11.600189208984375,Live,0.0,0.0,0.0,0.01450491596273421,1161.4443845748901,-0.620112419128418,-0.0005339148627038138,0,0.0,0.0
2024-03-16,4.112500190734863,0.0,40.885684967041016,0.0,0.0,0.0,0.008209838176379505,0.01447034470639174,1,0,-1.0,10,,-183.0,10.0,752.58753490448,-408.85684967041016,10.980076789855957,-11.600189208984375,Closed,752.58753490448,-408.85684967041016,-0.620112419128418,0.01447034470639174,1161.4443845748901,-0.620112419128418,-0.0005339148627038138,0,-0.620112419128418,0.0
2024-03-17,4.112500190734863,0.0,40.885684967041016,0.0,0.0,0.0,0.00816502318981008,0.014417430063103899,1,0,0.0,10,,0.0,0.0,0.0,0.0,0.0,0.0,,0.0,0.0,0.0,0.014417430063103899,0.0,0.0,0.0,0,0.0,0.0
2024-03-18,4.114500045776367,0.0004862869176296414,40.374488830566406,-0.012503059124157945,0.012989346041787586,0.012989346041787586,0.008164704264331234,0.014487580860741379,1,0,0.0,10,252.2979165576584,0.0,0.0,0.0,0.0,0.0,0.0,,0.0,0.0,0.0,0.014487580860741379,0.0,0.0,0.0,0,0.0,0.0
2024-03-19,4.058499813079834,-0.013610458639809364,39.80431365966797,-0.014122164451201069,0.000511705811391705,0.000511705811391705,0.00829024293258921,0.01457303237128172,1,0,0.0,10,10.176375270280783,0.0,0.0,0.0,0.0,0.0,0.0,,0.0,0.0,0.0,0.01457303237128172,0.0,0.0,0.0,0,0.0,0.0
2024-03-20,4.03849983215332,-0.004927924565145236,41.08229446411133,0.03210659064166421,-0.03703451520680945,0.03703451520680945,0.008233538813671693,0.014837160266879043,0,1,1.0,10,66.2772929444625,663.0,-10.0,-2677.5253887176514,410.8229446411133,0.0,0.0,Opened,-2677.5253887176514,410.8229446411133,0.0,0.014837160266879043,3088.3483333587646,0.0,0.0,0,0.0,3088.3483333587646
2024-03-21,4.046500205993652,0.001981026166358868,41.06263732910156,-0.00047848191699562115,0.002459508083354489,0.002459508083354489,0.008234063913748813,0.01480291626148615,1,0,-1.0,10,2.450995929157775,-663.0,10.0,2682.8296365737915,-410.6263732910156,5.304247856140137,0.19657135009765625,Closed,2682.8296365737915,-410.6263732910156,5.500819206237793,0.01480291626148615,3093.456009864807,5.500819206237793,0.001778211550025628,0,5.500819206237793,0.0
2024-03-22,3.996000051498413,-0.0124799584639681,40.59076690673828,-0.011491478703168023,-0.0009884797608000762,0.0009884797608000762,0.008338676530681322,0.014431616476937015,0,0,0.0,10,9.353293194705929,0.0,0.0,0.0,0.0,0.0,0.0,,0.0,0.0,0.0,0.014431616476937015,0.0,0.0,0.0,0,0.0,0.0
2024-03-23,3.996000051498413,0.0,40.59076690673828,0.0,0.0,0.0,0.007897454415952673,0.014063959302726654,1,0,0.0,10,,0.0,0.0,0.0,0.0,0.0,0.0,,0.0,0.0,0.0,0.014063959302726654,0.0,0.0,0.0,0,0.0,0.0
2024-03-24,3.996000051498413,0.0,40.59076690673828,0.0,0.0,0.0,0.007896581761613598,0.014063959302726654,1,0,0.0,10,,0.0,0.0,0.0,0.0,0.0,0.0,,0.0,0.0,0.0,0.014063959302726654,0.0,0.0,0.0,0,0.0,0.0
2024-03-25,4.006999969482422,0.0027527321927545145,40.40397644042969,-0.004601796924353918,0.007354529117108433,0.007354529117108433,0.007900278735809728,0.014075623857106331,1,0,0.0,10,16.856533099241457,0.0,0.0,0.0,0.0,0.0,0.0,,0.0,0.0,0.0,0.014075623857106331,0.0,0.0,0.0,0,0.0,0.0
2024-03-26,3.996000051498413,-0.0027451754598913913,40.0107536315918,-0.009732279925903975,0.006987104466012584,0.006987104466012584,0.007906239160440988,0.01411763555388636,1,0,0.0,10,35.497333476556896,0.0,0.0,0.0,0.0,0.0,0.0,,0.0,0.0,0.0,0.01411763555388636,0.0,0.0,0.0,0,0.0,0.0
2024-03-27,3.992500066757202,-0.0008758720460723124,40.7087287902832,0.017444689123283563,-0.018320561169355876,0.018320561169355876,0.00784461768624109,0.014209857705013542,0,1,1.0,10,203.0790753930559,2031.0,-10.0,-8108.767635583878,407.08728790283203,0.0,0.0,Opened,-8108.767635583878,407.08728790283203,0.0,0.014209857705013542,8515.85492348671,0.0,0.0,0,0.0,8515.85492348671
2024-03-28,4.003499984741211,0.002755145347547394,41.71146011352539,0.024631850540160594,-0.0218767051926132,0.0218767051926132,0.0077531787368501776,0.014202790256507987,0,1,0.0,10,93.14683165884101,-2031.0,10.0,8131.108469009399,-417.1146011352539,22.34083342552185,-10.027313232421875,Live,0.0,0.0,0.0,0.014202790256507987,8548.223070144653,12.313520193099976,0.0014404771719289733,0,0.0,0.0
2024-03-29,4.003499984741211,0.0,41.71146011352539,0.0,0.0,0.0,0.00775242255935056,0.01404427737618895,1,0,-1.0,10,,-2031.0,10.0,8131.108469009399,-417.1146011352539,22.34083342552185,-10.027313232421875,Closed,8131.108469009399,-417.1146011352539,12.313520193099976,0.01404427737618895,8548.223070144653,12.313520193099976,0.0014404771719289733,0,12.313520193099976,0.0
2024-03-30,4.003499984741211,0.0,41.71146011352539,0.0,0.0,0.0,0.007750976842823063,0.013870564109083805,1,0,0.0,10,,0.0,0.0,0.0,0.0,0.0,0.0,,0.0,0.0,0.0,0.013870564109083805,0.0,0.0,0.0,0,0.0,0.0
2024-03-31,4.003499984741211,0.0,41.71146011352539,0.0,0.0,0.0,0.007742522426963631,0.013867651938060947,1,0,0.0,10,,0.0,0.0,0.0,0.0,0.0,0.0,,0.0,0.0,0.0,0.013867651938060947,0.0,0.0,0.0,0,0.0,0.0
2024-04-01,4.046000003814697,0.01061571605731726,42.006378173828125,0.0070704324303214605,0.003545283626995799,0.003545283626995799,0.007810800597665223,0.013879117177781997,1,0,0.0,10,6.914902190700966,0.0,0.0,0.0,0.0,0.0,0.0,,0.0,0.0,0.0,0.013879117177781997,0.0,0.0,0.0,0,0.0,0.0
2024-04-02,4.070000171661377,0.005931825957501635,42.537235260009766,0.01263753528059186,-0.006705709323090225,0.006705709323090225,0.007830162184678807,0.013924223275728174,0,0,0.0,10,22.266338780185922,0.0,0.0,0.0,0.0,0.0,0.0,,0.0,0.0,0.0,0.013924223275728174,0.0,0.0,0.0,0,0.0,0.0
2024-04-03,4.192999839782715,0.030221047403820922,43.61860656738281,0.025421758155252494,0.004799289248568428,0.004799289248568428,0.008376069373956392,0.014127696997715156,1,0,0.0,10,8.750704378756819,0.0,0.0,0.0,0.0,0.0,0.0,,0.0,0.0,0.0,0.014127696997715156,0.0,0.0,0.0,0,0.0,0.0
2024-04-04,4.246500015258789,0.012759403176806794,43.81521987915039,0.004507556000530322,0.008251847176276472,0.008251847176276472,0.008460963568608298,0.014107548893706138,1,0,0.0,10,3.6450596165967544,0.0,0.0,0.0,0.0,0.0,0.0,,0.0,0.0,0.0,0.014107548893706138,0.0,0.0,0.0,0,0.0,0.0
2024-04-05,4.239500045776367,-0.0016484091504225251,43.884033203125,0.001570534717488803,-0.003218943867911328,0.003218943867911328,0.008385435107275584,0.014084698747130558,0,0,0.0,10,9.862213844072055,0.0,0.0,0.0,0.0,0.0,0.0,,0.0,0.0,0.0,0.014084698747130558,0.0,0.0,0.0,0,0.0,0.0
2024-04-06,4.239500045776367,0.0,43.884033203125,0.0,0.0,0.0,0.008341866003698765,0.013961707842118823,1,0,0.0,10,,0.0,0.0,0.0,0.0,0.0,0.0,,0.0,0.0,0.0,0.013961707842118823,0.0,0.0,0.0,0,0.0,0.0
2024-04-07,4.239500045776367,0.0,43.884033203125,0.0,0.0,0.0,0.008291121334209568,0.01392854828876235,1,0,0.0,10,,0.0,0.0,0.0,0.0,0.0,0.0,,0.0,0.0,0.0,0.01392854828876235,0.0,0.0,0.0,0,0.0,0.0
2024-04-08,4.2769999504089355,0.008845360119745127,44.729469299316406,0.01926523235177946,-0.010419872232034333,0.010419872232034333,0.008328318003980638,0.014035667784545026,0,0,0.0,10,22.777876427044767,0.0,0.0,0.0,0.0,0.0,0.0,,0.0,0.0,0.0,0.014035667784545026,0.0,0.0,0.0,0,0.0,0.0
2024-04-09,4.285999774932861,0.0021042376965809684,45.93864059448242,0.02703298997523529,-0.02492875227865432,0.02492875227865432,0.00832840519718203,0.014254750848452085,0,1,1.0,10,137.69725492149553,1377.0,-10.0,-5901.82169008255,459.3864059448242,0.0,0.0,Opened,-5901.82169008255,459.3864059448242,0.0,0.014254750848452085,6361.208096027374,0.0,0.0,0,0.0,6361.208096027374
2024-04-10,4.2820000648498535,-0.0009332035214748569,45.53558349609375,-0.008773814226385346,0.007840610704910489,0.007840610704910489,0.008330091910633873,0.014296008382998219,1,0,-1.0,10,99.98072970586068,-1377.0,10.0,5896.314089298248,-455.3558349609375,-5.507600784301758,4.030570983886719,Closed,5896.314089298248,-455.3558349609375,-1.477029800415039,0.014296008382998219,6351.669924259186,-1.477029800415039,-0.00023254196424372752,0,-1.477029800415039,0.0
2024-04-11,4.251999855041504,-0.007006120820645445,45.47659683227539,-0.0012953971221960625,-0.0057107236984493825,0.0057107236984493825,0.008359372743435216,0.014265218360863668,0,0,0.0,10,1.977516072235238,0.0,0.0,0.0,0.0,0.0,0.0,,0.0,0.0,0.0,0.014265218360863668,0.0,0.0,0.0,0,0.0,0.0
2024-04-12,4.257500171661377,0.0012935834448233319,44.70980453491211,-0.016861250638242065,0.018154834083065396,0.018154834083065396,0.00833330117330398,0.014365544420746102,1,1,1.0,10,136.8810828819902,-1369.0,10.0,5828.517735004425,-447.0980453491211,0.0,0.0,Opened,5828.517735004425,-447.0980453491211,0.0,0.014365544420746102,6275.615780353546,0.0,0.0,0,0.0,6275.615780353546
2024-04-13,4.257500171661377,0.0,44.70980453491211,0.0,0.0,0.0,0.008316583034633899,0.014360565520589107,1,1,0.0,10,,1369.0,-10.0,-5828.517735004425,447.0980453491211,0.0,0.0,Live,0.0,0.0,0.0,0.014360565520589107,6275.615780353546,0.0,0.0,0,0.0,0.0
2024-04-14,4.257500171661377,0.0,44.70980453491211,0.0,0.0,0.0,0.008248009309502702,0.014360565520589107,1,1,0.0,10,,1369.0,-10.0,-5828.517735004425,447.0980453491211,0.0,0.0,Live,0.0,0.0,0.0,0.014360565520589107,6275.615780353546,0.0,0.0,0,0.0,0.0
2024-04-15,4.379000186920166,0.028537876772739335,45.03422164916992,0.007256062012180875,0.02128181476055846,0.02128181476055846,0.008688518938408097,0.014367669666807761,1,1,0.0,10,2.614851468130974,1369.0,-10.0,-5994.851255893707,450.3422164916992,-166.33352088928223,3.244171142578125,Live,0.0,0.0,0.0,0.014367669666807761,6445.1934723854065,-163.0893497467041,-0.025304027015707834,1,-163.0893497467041,0.0
2024-04-16,4.305500030517578,-0.01678468903064423,44.385398864746094,-0.014407327598073172,-0.002377361432571057,0.002377361432571057,0.008877293052327335,0.014462604705516415,0,0,-1.0,10,8.84884651475472,1369.0,-10.0,-5894.229541778564,443.85398864746094,-65.7118067741394,-3.2440567016601562,Closed,-5894.229541778564,443.85398864746094,-68.95586347579956,0.014462604705516415,6338.083530426025,-68.95586347579956,-0.010879607872754648,0,0.0,0.0
2024-04-17,4.34250020980835,0.008593700854375275,44.61149978637695,0.005094038296689529,0.0034996625576857454,0.0034996625576857454,0.008907182889663294,0.014458113024647988,1,0,0.0,10,6.089602566205964,0.0,0.0,0.0,0.0,0.0,0.0,,0.0,0.0,0.0,0.014458113024647988,0.0,0.0,0.0,0,0.0,0.0
2024-04-18,4.440499782562256,0.02256754588809362,45.42744445800781,0.018290007633413596,0.0042775382546800245,0.0042775382546800245,0.009029469507528181,0.01439901730358507,1,0,0.0,10,8.291173542427133,0.0,0.0,0.0,0.0,0.0,0.0,,0.0,0.0,0.0,0.01439901730358507,0.0,0.0,0.0,0,0.0,0.0
2024-04-19,4.501999855041504,0.013849808690624688,45.20133972167969,-0.0049772717577615255,0.018827080448386213,0.018827080448386213,0.009084340852810962,0.01441769883028157,1,1,1.0,10,3.6082233251421543,-37.0,10.0,166.57399463653564,-452.0133972167969,0.0,0.0,Opened,166.57399463653564,-452.0133972167969,0.0,0.01441769883028157,618.5873918533325,0.0,0.0,0,0.0,618.5873918533325
2024-04-20,4.501999855041504,0.0,45.20133972167969,0.0,0.0,0.0,0.009081179662643933,0.014419644302783826,1,1,0.0,10,,37.0,-10.0,-166.57399463653564,452.0133972167969,0.0,0.0,Live,0.0,0.0,0.0,0.014419644302783826,618.5873918533325,0.0,0.0,0,0.0,0.0
2024-04-21,4.501999855041504,0.0,45.20133972167969,0.0,0.0,0.0,0.009009079350018802,0.014409600619432628,1,1,0.0,10,,37.0,-10.0,-166.57399463653564,452.0133972167969,0.0,0.0,Live,0.0,0.0,0.0,0.014409600619432628,618.5873918533325,0.0,0.0,0,0.0,0.0
2024-04-22,4.500500202178955,-0.00033310815433929,44.46404266357422,-0.016311398348926476,0.015978290194587186,0.015978290194587186,0.009009848994853216,0.014527907942144109,1,1,0.0,10,483.7868844848134,37.0,-10.0,-166.51850748062134,444.6404266357422,0.05548715591430664,-7.3729705810546875,Live,0.0,0.0,0.0,0.014527907942144109,611.1589341163635,-7.317483425140381,-0.011973126819654976,0,0.0,0.0
2024-04-23,4.490499973297119,-0.0022220260932316327,43.64809799194336,-0.018350663204524498,0.016128637111292865,0.016128637111292865,0.009017300619549879,0.014670561970891552,1,1,0.0,10,80.27369157768976,37.0,-10.0,-166.1484990119934,436.4809799194336,0.42549562454223633,-15.532417297363281,Live,0.0,0.0,0.0,0.014670561970891552,602.629478931427,-15.106921672821045,-0.025068341660962883,1,-15.106921672821045,0.0
2024-04-24,4.4670000076293945,-0.005233262622752033,43.84470748901367,0.004504423013039549,-0.009737685635791582,0.009737685635791582,0.009043413163968965,0.014671371849199056,0,0,-1.0,10,8.448271510500792,37.0,-10.0,-165.2790002822876,438.4470748901367,1.2949943542480469,-13.566322326660156,Closed,-165.2790002822876,438.4470748901367,-12.27132797241211,0.014671371849199056,603.7260751724243,-12.27132797241211,-0.020325986365434714,1,0.0,0.0
2024-04-25,4.570499897003174,0.02316988788829355,45.20133972167969,0.0309417558095455,-0.0077718679212519515,0.0077718679212519515,0.009278037678229108,0.014584897680444908,0,0,0.0,10,13.207135256685007,0.0,0.0,0.0,0.0,0.0,0.0,,0.0,0.0,0.0,0.014584897680444908,0.0,0.0,0.0,0,0.0,0.0
2024-04-26,4.568999767303467,-0.000328220048903316,46.71525955200195,0.033492808833631704,-0.03382102888253502,0.03382102888253502,0.009214368699879462,0.014661718051442809,0,1,1.0,10,1043.335764956156,10434.0,-10.0,-47672.94357204437,467.15259552001953,0.0,0.0,Opened,-47672.94357204437,467.15259552001953,0.0,0.014661718051442809,48140.09616756439,0.0,0.0,0,0.0,48140.09616756439
2024-04-27,4.568999767303467,0.0,46.71525955200195,0.0,0.0,0.0,0.009215744084283805,0.014662321468037491,1,0,-1.0,10,,-10434.0,10.0,47672.94357204437,-467.15259552001953,0.0,0.0,Closed,47672.94357204437,-467.15259552001953,0.0,0.014662321468037491,48140.09616756439,0.0,0.0,0,0.0,0.0
2024-04-28,4.568999767303467,0.0,46.71525955200195,0.0,0.0,0.0,0.009171000054462147,0.014643474975376313,1,0,0.0,10,,0.0,0.0,0.0,0.0,0.0,0.0,,0.0,0.0,0.0,0.014643474975376313,0.0,0.0,0.0,0,0.0,0.0
2024-04-29,4.658999919891357,0.019697998943214445,47.20679473876953,0.010521940613867686,0.009176058329346759,0.009176058329346759,0.009339337043806538,0.014658878170074342,1,0,0.0,10,5.41234593424216,0.0,0.0,0.0,0.0,0.0,0.0,,0.0,0.0,0.0,0.014658878170074342,0.0,0.0,0.0,0,0.0,0.0
2024-04-30,4.564499855041504,-0.020283336869440727,44.994895935058594,-0.04685551764213236,0.026572180772691634,0.026572180772691634,0.00960233895204065,0.015487314005908859,1,1,1.0,10,22.771486963494525,-228.0,10.0,1040.705966949463,-449.94895935058594,0.0,0.0,Opened,1040.705966949463,-449.94895935058594,0.0,0.015487314005908859,1490.6549263000488,0.0,0.0,0,0.0,1490.6549263000488
2024-05-01,4.552499771118164,-0.002629003024304133,44.798282623291016,-0.004369680331105852,0.001740677306801719,0.001740677306801719,0.009579547508147709,0.015281452613077067,1,1,0.0,10,16.355733057273433,228.0,-10.0,-1037.9699478149414,447.98282623291016,2.7360191345214844,-1.9661331176757812,Live,0.0,0.0,0.0,0.015281452613077067,1485.9527740478516,0.7698860168457031,0.0005181093439117001,0,0.0,0.0
2024-05-02,4.49399995803833,-0.012850041959577174,44.926082611083984,0.002852787658572442,-0.015702829618149616,0.015702829618149616,0.009678744598624434,0.015147228756158296,0,0,-1.0,10,2.2193734615195133,228.0,-10.0,-1024.6319904327393,449.26082611083984,16.073976516723633,-0.6881332397460938,Closed,-1024.6319904327393,449.26082611083984,15.385843276977539,0.015147228756158296,1473.892816543579,15.385843276977539,0.010438915981054054,0,15.385843276977539,0.0
2024-05-03,4.573500156402588,0.017690297976540315,45.850162506103516,0.020568895423602962,-0.0028785974470626474,0.0028785974470626474,0.009545524009324475,0.01498714985459051,0,0,0.0,10,11.656495567928902,0.0,0.0,0.0,0.0,0.0,0.0,,0.0,0.0,0.0,0.01498714985459051,0.0,0.0,0.0,0,0.0,0.0
2024-05-04,4.573500156402588,0.0,45.850162506103516,0.0,0.0,0.0,0.009527458307529959,0.014975039858401536,1,0,0.0,10,,0.0,0.0,0.0,0.0,0.0,0.0,,0.0,0.0,0.0,0.014975039858401536,0.0,0.0,0.0,0,0.0,0.0
2024-05-05,4.573500156402588,0.0,45.850162506103516,0.0,0.0,0.0,0.009512275554134076,0.0149571003043757,1,0,0.0,10,,0.0,0.0,0.0,0.0,0.0,0.0,,0.0,0.0,0.0,0.0149571003043757,0.0,0.0,0.0,0,0.0,0.0
2024-05-06,4.634500026702881,0.013337677536732429,46.54813766479492,0.015222959320994711,-0.0018852817842622827,0.0018852817842622827,0.00958051605801454,0.015008088375267098,0,0,0.0,10,11.4635279604034,0.0,0.0,0.0,0.0,0.0,0.0,,0.0,0.0,0.0,0.015008088375267098,0.0,0.0,0.0,0,0.0,0.0
2024-05-07,4.625500202178955,-0.0019419191869826102,46.60712432861328,0.0012672185564788219,-0.003209137743461432,0.003209137743461432,0.00958637261372434,0.01500630385655662,0,0,0.0,10,6.575275807174853,0.0,0.0,0.0,0.0,0.0,0.0,,0.0,0.0,0.0,0.01500630385655662,0.0,0.0,0.0,0,0.0,0.0
2024-05-08,4.561999797821045,-0.01372833241429694,46.00745391845703,-0.012866496673945127,-0.0008618357403518129,0.0008618357403518129,0.009703723511075355,0.015075321151834473,0,0,0.0,10,9.451820463458436,0.0,0.0,0.0,0.0,0.0,0.0,,0.0,0.0,0.0,0.015075321151834473,0.0,0.0,0.0,0,0.0,0.0
2024-05-09,4.607500076293945,0.009973757231342528,47.098655700683594,0.02371793457991811,-0.013744177348575581,0.013744177348575581,0.009714220622624916,0.015215608241377866,0,0,0.0,10,24.30867203919147,0.0,0.0,0.0,0.0,0.0,0.0,,0.0,0.0,0.0,0.015215608241377866,0.0,0.0,0.0,0,0.0,0.0
2024-05-10,4.69350004196167,0.018665211989947306,47.1674690246582,0.0014610464555915303,0.017204165534355775,0.017204165534355775,0.009856974827004353,0.01511669794817425,1,1,1.0,10,0.7866414833141679,-8.0,10.0,37.54800033569336,-471.67469024658203,0.0,0.0,Opened,37.54800033569336,-471.67469024658203,0.0,0.01511669794817425,509.2226905822754,0.0,0.0,0,0.0,509.2226905822754
2024-05-11,4.69350004196167,0.0,47.1674690246582,0.0,0.0,0.0,0.009746524122861661,0.015075165882286802,1,1,0.0,10,,8.0,-10.0,-37.54800033569336,471.67469024658203,0.0,0.0,Live,0.0,0.0,0.0,0.015075165882286802,509.2226905822754,0.0,0.0,0,0.0,0.0
2024-05-12,4.69350004196167,0.0,47.1674690246582,0.0,0.0,0.0,0.00969563139432947,0.014818672821346168,1,1,0.0,10,,8.0,-10.0,-37.54800033569336,471.67469024658203,0.0,0.0,Live,0.0,0.0,0.0,0.014818672821346168,509.2226905822754,0.0,0.0,0,0.0,0.0
2024-05-13,4.804500102996826,0.023649741140465252,47.47222137451172,0.006461070652194589,0.017188670488270663,0.017188670488270663,0.009929415719631246,0.01481936703630249,1,1,0.0,10,2.699413688123192,8.0,-10.0,-38.43600082397461,474.7222137451172,-0.88800048828125,3.0475234985351562,Live,0.0,0.0,0.0,0.01481936703630249,513.1582145690918,2.1595230102539062,0.004208298627875024,0,0.0,0.0
2024-05-14,4.953499794006348,0.03101252738377136,48.86817169189453,0.029405624530818963,0.0016069028529523965,0.0016069028529523965,0.010331743103831077,0.015047122258111756,1,1,0.0,10,9.3542115746962,8.0,-10.0,-39.62799835205078,488.6817169189453,-2.079998016357422,17.00702667236328,Live,0.0,0.0,0.0,0.015047122258111756,528.3097152709961,14.92702865600586,0.02825431413531559,0,0.0,0.0
2024-05-15,4.9695000648498535,0.0032300941776288727,48.838680267333984,-0.0006034894193809315,0.0038335835970098042,0.0038335835970098042,0.010210907438688311,0.014873469915152215,1,1,0.0,10,1.836139589018839,8.0,-10.0,-39.75600051879883,488.38680267333984,-2.2080001831054688,16.712112426757812,Live,0.0,0.0,0.0,0.014873469915152215,528.1428031921387,14.504112243652344,0.027462482033246107,0,0.0,0.0
2024-05-16,4.892000198364258,-0.015595103224520734,48.52410125732422,-0.006441185721805298,-0.009153917502715436,0.009153917502715436,0.01037549936895919,0.014853991172022634,0,0,-1.0,10,4.096836217754274,8.0,-10.0,-39.13600158691406,485.2410125732422,-1.5880012512207031,13.566322326660156,Closed,-39.13600158691406,485.2410125732422,11.978321075439453,0.014853991172022634,524.3770141601562,11.978321075439453,0.0228429560258738,0,11.978321075439453,0.0
2024-05-17,5.057000160217285,0.0337285272204606,50.794979095458984,0.04679896750879031,-0.01307044028832971,0.01307044028832971,0.010727511228459361,0.015398779405225379,0,0,0.0,10,13.936916958692866,0.0,0.0,0.0,0.0,0.0,0.0,,0.0,0.0,0.0,0.015398779405225379,0.0,0.0,0.0,0,0.0,0.0
2024-05-18,5.057000160217285,0.0,50.794979095458984,0.0,0.0,0.0,0.01066761898938043,0.015371571201511072,1,0,0.0,10,,0.0,0.0,0.0,0.0,0.0,0.0,,0.0,0.0,0.0,0.015371571201511072,0.0,0.0,0.0,0,0.0,0.0
2024-05-19,5.057000160217285,0.0,50.794979095458984,0.0,0.0,0.0,0.010638540582851179,0.015289061409124265,1,0,0.0,10,,0.0,0.0,0.0,0.0,0.0,0.0,,0.0,0.0,0.0,0.015289061409124265,0.0,0.0,0.0,0,0.0,0.0
2024-05-20,5.087500095367432,0.006031230805584098,51.82720184326172,0.020321353924821484,-0.014290123119237386,0.014290123119237386,0.010637181193613562,0.015368456317163704,0,0,0.0,10,34.324168295273566,0.0,0.0,0.0,0.0,0.0,0.0,,0.0,0.0,0.0,0.015368456317163704,0.0,0.0,0.0,0,0.0,0.0
2024-05-21,5.11899995803833,0.006191619082146271,50.83430480957031,-0.019157836008476203,0.025349455090622475,0.025349455090622475,0.010635897668327818,0.015541453284407026,1,1,1.0,10,30.726563014189466,-308.0,10.0,1576.6519870758057,-508.3430480957031,0.0,0.0,Opened,1576.6519870758057,-508.3430480957031,0.0,0.015541453284407026,2084.995035171509,0.0,0.0,0,0.0,2084.995035171509
2024-05-22,4.867499828338623,-0.04913071532746904,47.45256042480469,-0.0665248476876773,0.01739413236020826,0.01739413236020826,0.011827474012372375,0.017019705407164555,1,1,0.0,10,13.200321461349082,308.0,-10.0,-1499.189947128296,474.5256042480469,77.46203994750977,-33.81744384765625,Live,0.0,0.0,0.0,0.017019705407164555,1973.7155513763428,43.644596099853516,0.022112910884964438,0,0.0,0.0
2024-05-23,4.816500186920166,-0.010477584636271908,46.95119094848633,-0.01056569912835048,8.811449207857258e-05,8.811449207857258e-05,0.011882986830986242,0.016747510548941847,1,1,0.0,10,9.82996775426583,308.0,-10.0,-1483.4820575714111,469.5119094848633,93.16992950439453,-38.831138610839844,Live,0.0,0.0,0.0,0.016747510548941847,1952.9939670562744,54.33879089355469,0.027823327573028262,0,0.0,0.0
2024-05-24,4.778500080108643,-0.007889568221074228,47.83595275878906,0.018844288982434287,-0.026733857203508515,0.026733857203508515,0.011913376697503895,0.016740095968204922,0,0,-1.0,10,23.910538131396198,308.0,-10.0,-1471.778024673462,478.3595275878906,104.87396240234375,-29.9835205078125,Closed,-1471.778024673462,478.3595275878906,74.89044189453125,0.016740095968204922,1950.1375522613525,74.89044189453125,0.038402645909612544,0,74.89044189453125,0.0
2024-05-25,4.778500080108643,0.0,47.83595275878906,0.0,0.0,0.0,0.01184889117960935,0.016719628389064805,1,0,0.0,10,,0.0,0.0,0.0,0.0,0.0,0.0,,0.0,0.0,0.0,0.016719628389064805,0.0,0.0,0.0,0,0.0,0.0
2024-05-26,4.778500080108643,0.0,47.83595275878906,0.0,0.0,0.0,0.011691042774969525,0.016608248857766256,1,0,0.0,10,,0.0,0.0,0.0,0.0,0.0,0.0,,0.0,0.0,0.0,0.016608248857766256,0.0,0.0,0.0,0,0.0,0.0
2024-05-27,4.778500080108643,0.0,47.83595275878906,0.0,0.0,0.0,0.011691042774969525,0.016608248857766256,1,0,0.0,10,,0.0,0.0,0.0,0.0,0.0,0.0,,0.0,0.0,0.0,0.016608248857766256,0.0,0.0,0.0,0,0.0,0.0
2024-05-28,4.875500202178955,0.020299282294478305,49.222076416015625,0.02897660812184588,-0.008677325827367577,0.008677325827367577,0.011826816354952483,0.01680447441365593,0,0,0.0,10,14.411447892502155,0.0,0.0,0.0,0.0,0.0,0.0,,0.0,0.0,0.0,0.01680447441365593,0.0,0.0,0.0,0,0.0,0.0
2024-05-29,4.805500030517578,-0.0143575364082833,47.90476989746094,-0.02676251419019915,0.012404977781915849,0.012404977781915849,0.011943612072090324,0.017070698858604634,1,0,0.0,10,18.58177334712617,0.0,0.0,0.0,0.0,0.0,0.0,,0.0,0.0,0.0,0.017070698858604634,0.0,0.0,0.0,0,0.0,0.0
2024-05-30,4.671999931335449,-0.027780688447472612,47.56069564819336,-0.007182463249569171,-0.02059822519790344,0.02059822519790344,0.012305047897996245,0.01709087888081175,0,1,1.0,10,2.6319387546587065,27.0,-10.0,-126.14399814605713,475.6069564819336,0.0,0.0,Opened,-126.14399814605713,475.6069564819336,0.0,0.01709087888081175,601.7509546279907,0.0,0.0,0,0.0,601.7509546279907
2024-05-31,4.610000133514404,-0.013270504865637411,47.3739128112793,-0.0039272519959694385,-0.009343252869667973,0.009343252869667973,0.01239904206767122,0.017104296863157658,0,1,0.0,10,3.041162607446526,-27.0,10.0,124.47000360488892,-473.73912811279297,-1.673994541168213,1.867828369140625,Live,0.0,0.0,0.0,0.017104296863157658,598.2091317176819,0.1938338279724121,0.0003240235190256003,0,0.0,0.0
2024-06-01,4.610000133514404,0.0,47.3739128112793,0.0,0.0,0.0,0.012393323985534327,0.017105213891833157,1,0,-1.0,10,,-27.0,10.0,124.47000360488892,-473.73912811279297,-1.673994541168213,1.867828369140625,Closed,124.47000360488892,-473.73912811279297,0.1938338279724121,0.017105213891833157,598.2091317176819,0.1938338279724121,0.0003240235190256003,0,0.1938338279724121,0.0
2024-06-02,4.610000133514404,0.0,47.3739128112793,0.0,0.0,0.0,0.012381115392893223,0.017081229591027883,1,0,0.0,10,,0.0,0.0,0.0,0.0,0.0,0.0,,0.0,0.0,0.0,0.017081229591027883,0.0,0.0,0.0,0,0.0,0.0
2024-06-03,4.677000045776367,0.014533603106619886,46.941368103027344,-0.009130440839350884,0.02366404394597077,0.02366404394597077,0.01244495587890186,0.017121475237812718,1,1,1.0,10,6.305315460163922,-64.0,10.0,299.3280029296875,-469.41368103027344,0.0,0.0,Opened,299.3280029296875,-469.41368103027344,0.0,0.017121475237812718,768.7416839599609,0.0,0.0,0,0.0,768.7416839599609
2024-06-04,4.547999858856201,-0.027581822890222485,44.690147399902344,-0.04795813999677212,0.020376317106549635,0.020376317106549635,0.012789303249181854,0.01785798673431819,1,1,0.0,10,17.08561871017027,64.0,-10.0,-291.0719909667969,446.90147399902344,8.256011962890625,-22.51220703125,Live,0.0,0.0,0.0,0.01785798673431819,737.9734649658203,-14.256195068359375,-0.019318032077236896,1,-14.256195068359375,0.0
2024-06-05,4.619500160217285,0.015721262880396436,45.73219680786133,0.0233172067801517,-0.007595943899755264,0.007595943899755264,0.012754658148012427,0.017894326186980385,0,0,-1.0,10,14.683046415193866,64.0,-10.0,-295.64801025390625,457.3219680786133,3.67999267578125,-12.091712951660156,Closed,-295.64801025390625,457.3219680786133,-8.411720275878906,0.017894326186980385,752.9699783325195,-8.411720275878906,-0.011171388658160022,0,0.0,0.0
2024-06-06,4.690999984741211,0.015477827047106985,46.577632904052734,0.018486671430707924,-0.0030088443836009393,0.0030088443836009393,0.012825939513127351,0.017951135224513082,0,0,0.0,10,11.859345324573669,0.0,0.0,0.0,0.0,0.0,0.0,,0.0,0.0,0.0,0.017951135224513082,0.0,0.0,0.0,0,0.0,0.0
2024-06-07,4.494500160217285,-0.04188868581605121,44.690147399902344,-0.040523431236587415,-0.0013652545794637927,0.0013652545794637927,0.013557142127706865,0.01834002274776123,0,0,0.0,10,9.619220114357462,0.0,0.0,0.0,0.0,0.0,0.0,,0.0,0.0,0.0,0.01834002274776123,0.0,0.0,0.0,0,0.0,0.0
2024-06-08,4.494500160217285,0.0,44.690147399902344,0.0,0.0,0.0,0.013558198638942125,0.018316828737348915,1,0,0.0,10,,0.0,0.0,0.0,0.0,0.0,0.0,,0.0,0.0,0.0,0.018316828737348915,0.0,0.0,0.0,0,0.0,0.0
2024-06-09,4.494500160217285,0.0,44.690147399902344,0.0,0.0,0.0,0.013554138755995057,0.018287350289736194,1,0,0.0,10,,0.0,0.0,0.0,0.0,0.0,0.0,,0.0,0.0,0.0,0.018287350289736194,0.0,0.0,0.0,0,0.0,0.0
2024-06-10,4.55649995803833,0.013794592415377283,45.378292083740234,0.015398129652161252,-0.0016035372367839695,0.0016035372367839695,0.013607502289590227,0.018331903702447184,0,0,0.0,10,11.11669971433999,0.0,0.0,0.0,0.0,0.0,0.0,,0.0,0.0,0.0,0.018331903702447184,0.0,0.0,0.0,0,0.0,0.0
2024-06-11,4.5229997634887695,-0.0073521770784747975,44.29692077636719,-0.023830145598637942,0.016477968520163144,0.016477968520163144,0.013636965905716987,0.01851907256219979,1,0,0.0,10,31.74371199926787,0.0,0.0,0.0,0.0,0.0,0.0,,0.0,0.0,0.0,0.01851907256219979,0.0,0.0,0.0,0,0.0,0.0
2024-06-12,4.581500053405762,0.012933958208273033,44.42471694946289,0.002884989991536413,0.01004896821673662,0.01004896821673662,0.013680749110118557,0.018518724509389444,1,0,0.0,10,2.162867082314059,0.0,0.0,0.0,0.0,0.0,0.0,,0.0,0.0,0.0,0.018518724509389444,0.0,0.0,0.0,0,0.0,0.0
2024-06-13,4.507500171661377,-0.0161518893117496,43.657928466796875,-0.017260402211190407,0.0011085128994408056,0.0011085128994408056,0.013793277367177824,0.01852766593224744,1,0,0.0,10,10.350348071818054,0.0,0.0,0.0,0.0,0.0,0.0,,0.0,0.0,0.0,0.01852766593224744,0.0,0.0,0.0,0,0.0,0.0
2024-06-14,4.551000118255615,0.009650570147001325,43.56945037841797,-0.0020266213145270218,0.011677191461528347,0.011677191461528347,0.013806535250249979,0.01819221112492824,1,0,0.0,10,2.0104573701293122,0.0,0.0,0.0,0.0,0.0,0.0,,0.0,0.0,0.0,0.01819221112492824,0.0,0.0,0.0,0,0.0,0.0
2024-06-15,4.551000118255615,0.0,43.56945037841797,0.0,0.0,0.0,0.013763142037134982,0.018113021064705633,1,0,0.0,10,,0.0,0.0,0.0,0.0,0.0,0.0,,0.0,0.0,0.0,0.018113021064705633,0.0,0.0,0.0,0,0.0,0.0
2024-06-16,4.551000118255615,0.0,43.56945037841797,0.0,0.0,0.0,0.013724106206999369,0.018113441037193437,1,0,0.0,10,,0.0,0.0,0.0,0.0,0.0,0.0,,0.0,0.0,0.0,0.018113441037193437,0.0,0.0,0.0,0,0.0,0.0
2024-06-17,4.521500110626221,-0.006482093355932861,43.205718994140625,-0.008348312432637783,0.0018662190767049225,0.0018662190767049225,0.01374739504185853,0.018140536335981186,1,0,0.0,10,12.306713870098413,0.0,0.0,0.0,0.0,0.0,0.0,,0.0,0.0,0.0,0.018140536335981186,0.0,0.0,0.0,0,0.0,0.0
2024-06-18,4.561999797821045,0.008957135066665955,43.85454177856445,0.015017057915685195,-0.006059922849019239,0.006059922849019239,0.013765952487262556,0.018189177541313273,0,0,0.0,10,16.116660164393355,0.0,0.0,0.0,0.0,0.0,0.0,,0.0,0.0,0.0,0.018189177541313273,0.0,0.0,0.0,0,0.0,0.0
2024-06-19,4.561999797821045,0.0,43.85454177856445,0.0,0.0,0.0,0.013743462423312976,0.01818275086816454,1,0,0.0,10,,0.0,0.0,0.0,0.0,0.0,0.0,,0.0,0.0,0.0,0.01818275086816454,0.0,0.0,0.0,0,0.0,0.0
2024-06-20,4.618000030517578,0.012275369394641578,45.250492095947266,0.03183137391861046,-0.019556004523968884,0.019556004523968884,0.013784398381283163,0.018417529856800043,0,1,1.0,10,25.409153058519035,255.0,-10.0,-1177.5900077819824,452.50492095947266,0.0,0.0,Opened,-1177.5900077819824,452.50492095947266,0.0,0.018417529856800043,1630.094928741455,0.0,0.0,0,0.0,1630.094928741455
2024-06-21,4.49399995803833,-0.026851466362019516,44.4542121887207,-0.01759715464614542,-0.009254311715874097,0.009254311715874097,0.01372376816955946,0.01755476631412742,0,1,0.0,10,6.4826757143178915,-255.0,10.0,1145.9699892997742,-444.54212188720703,-31.620018482208252,7.962799072265625,Live,0.0,0.0,0.0,0.01755476631412742,1590.5121111869812,-23.657219409942627,-0.014873963702349623,0,0.0,0.0
2024-06-22,4.49399995803833,0.0,44.4542121887207,0.0,0.0,0.0,0.013715152172035689,0.017552718983808537,1,0,-1.0,10,,-255.0,10.0,1145.9699892997742,-444.54212188720703,-31.620018482208252,7.962799072265625,Closed,1145.9699892997742,-444.54212188720703,-23.657219409942627,0.017552718983808537,1590.5121111869812,-23.657219409942627,-0.014873963702349623,0,-23.657219409942627,0.0
2024-06-23,4.49399995803833,0.0,44.4542121887207,0.0,0.0,0.0,0.013600654690961634,0.01738965232920345,1,0,0.0,10,,0.0,0.0,0.0,0.0,0.0,0.0,,0.0,0.0,0.0,0.01738965232920345,0.0,0.0,0.0,0,0.0,0.0
2024-06-24,4.5269999504089355,0.00734312253643421,45.50608825683594,0.023662011231910363,-0.016318888695476153,0.016318888695476153,0.013615128452472173,0.01753643911473971,0,0,0.0,10,32.39141316867427,0.0,0.0,0.0,0.0,0.0,0.0,,0.0,0.0,0.0,0.01753643911473971,0.0,0.0,0.0,0,0.0,0.0
2024-06-25,4.38100004196167,-0.03225091894115817,44.699974060058594,-0.017714425204549356,-0.014536493736608813,0.014536493736608813,0.014016381071913284,0.017638109536328963,0,0,0.0,10,5.6042691568136345,0.0,0.0,0.0,0.0,0.0,0.0,,0.0,0.0,0.0,0.017638109536328963,0.0,0.0,0.0,0,0.0,0.0
2024-06-26,4.367499828338623,-0.0030815369764300993,45.02438735961914,0.007257572434486548,-0.010339109410916647,0.010339109410916647,0.014021548635679218,0.017595407100784614,0,0,0.0,10,24.27945373168575,0.0,0.0,0.0,0.0,0.0,0.0,,0.0,0.0,0.0,0.017595407100784614,0.0,0.0,0.0,0,0.0,0.0
2024-06-27,4.328499794006348,-0.00892960180083413,44.46110153198242,-0.012510682780370486,0.003581080979536355,0.003581080979536355,0.013981065556854022,0.01758192369020542,1,0,0.0,10,14.391025296370042,0.0,0.0,0.0,0.0,0.0,0.0,,0.0,0.0,0.0,0.01758192369020542,0.0,0.0,0.0,0,0.0,0.0
2024-06-28,4.390500068664551,0.014323732842509207,44.50056076049805,0.0008875000203771855,0.013436232822132022,0.013436232822132022,0.014034652976010671,0.01730365365220053,1,0,0.0,10,0.6280058001807406,0.0,0.0,0.0,0.0,0.0,0.0,,0.0,0.0,0.0,0.01730365365220053,0.0,0.0,0.0,0,0.0,0.0
2024-06-29,4.390500068664551,0.0,44.50056076049805,0.0,0.0,0.0,0.014034558327148488,0.017303321124929306,1,0,0.0,10,,0.0,0.0,0.0,0.0,0.0,0.0,,0.0,0.0,0.0,0.017303321124929306,0.0,0.0,0.0,0,0.0,0.0
2024-06-30,4.390500068664551,0.0,44.50056076049805,0.0,0.0,0.0,0.013969587491941228,0.01725793474218566,1,0,0.0,10,,0.0,0.0,0.0,0.0,0.0,0.0,,0.0,0.0,0.0,0.01725793474218566,0.0,0.0,0.0,0,0.0,0.0
2024-07-01,4.426499843597412,0.00819947030403112,44.85569763183594,0.007980503285098806,0.00021896701893231452,0.00021896701893231452,0.013987479322734656,0.017271390177944643,1,0,0.0,10,9.86283223075671,0.0,0.0,0.0,0.0,0.0,0.0,,0.0,0.0,0.0,0.017271390177944643,0.0,0.0,0.0,0,0.0,0.0
2024-07-02,4.429500102996826,0.0006777949859759769,45.023399353027344,0.003738693857084918,-0.0030608988711089413,0.0030608988711089413,0.01398709483590162,0.017272925670700833,0,0,0.0,10,56.06671594617389,0.0,0.0,0.0,0.0,0.0,0.0,,0.0,0.0,0.0,0.017272925670700833,0.0,0.0,0.0,0,0.0,0.0
2024-07-03,4.540999889373779,0.02517209251254271,46.58205795288086,0.03461885646688101,-0.0094467639543383,0.0094467639543383,0.014191584092010361,0.017582686495893042,0,0,0.0,10,14.107841733455077,0.0,0.0,0.0,0.0,0.0,0.0,,0.0,0.0,0.0,0.017582686495893042,0.0,0.0,0.0,0,0.0,0.0
2024-07-04,4.540999889373779,0.0,46.58205795288086,0.0,0.0,0.0,0.014186232690181572,0.01754634748020696,1,0,0.0,10,,0.0,0.0,0.0,0.0,0.0,0.0,,0.0,0.0,0.0,0.01754634748020696,0.0,0.0,0.0,0,0.0,0.0
2024-07-05,4.6585001945495605,0.025875425685593978,47.400840759277344,0.017577214111594408,0.00829821157399957,0.00829821157399957,0.014393980592751057,0.0175475555135558,1,0,0.0,10,6.911979902341096,0.0,0.0,0.0,0.0,0.0,0.0,,0.0,0.0,0.0,0.0175475555135558,0.0,0.0,0.0,0,0.0,0.0
2024-07-06,4.6585001945495605,0.0,47.400840759277344,0.0,0.0,0.0,0.014394474781599451,0.01739428523187778,1,0,0.0,10,,0.0,0.0,0.0,0.0,0.0,0.0,,0.0,0.0,0.0,0.01739428523187778,0.0,0.0,0.0,0,0.0,0.0
2024-07-07,4.6585001945495605,0.0,47.400840759277344,0.0,0.0,0.0,0.014394474781599451,0.01739428523187778,1,0,0.0,10,,0.0,0.0,0.0,0.0,0.0,0.0,,0.0,0.0,0.0,0.01739428523187778,0.0,0.0,0.0,0,0.0,0.0
2024-07-08,4.622000217437744,-0.00783513482612308,46.473541259765625,-0.019562933582148,0.01172779875602492,0.01172779875602492,0.014424670734300983,0.017520088796122175,1,0,0.0,10,25.105178378022377,0.0,0.0,0.0,0.0,0.0,0.0,,0.0,0.0,0.0,0.017520088796122175,0.0,0.0,0.0,0,0.0,0.0
2024-07-09,4.578000068664551,-0.009519720186769165,46.57218933105469,0.0021226717098588033,-0.011642391896627968,0.011642391896627968,0.014466296967008652,0.017519863681499787,0,0,0.0,10,2.2683470864263047,0.0,0.0,0.0,0.0,0.0,0.0,,0.0,0.0,0.0,0.017519863681499787,0.0,0.0,0.0,0,0.0,0.0
2024-07-10,4.607500076293945,0.006443863518333259,46.81881332397461,0.0052955207058620335,0.0011483428124712258,0.0011483428124712258,0.01444558607194693,0.017514811897656368,1,0,0.0,10,8.35059435916035,0.0,0.0,0.0,0.0,0.0,0.0,,0.0,0.0,0.0,0.017514811897656368,0.0,0.0,0.0,0,0.0,0.0
2024-07-11,4.508500099182129,-0.0214867011334805,46.63138198852539,-0.004003333748598847,-0.017483367384881654,0.017483367384881654,0.014617960951206028,0.017484438329575438,0,0,0.0,10,1.927073404011023,0.0,0.0,0.0,0.0,0.0,0.0,,0.0,0.0,0.0,0.017484438329575438,0.0,0.0,0.0,0,0.0,0.0
2024-07-12,4.598499774932861,0.019962221087021614,47.321922302246094,0.01480848913915156,0.005153731947870055,0.005153731947870055,0.014446733764377334,0.017366954921812772,1,0,0.0,10,7.633928685209634,0.0,0.0,0.0,0.0,0.0,0.0,,0.0,0.0,0.0,0.017366954921812772,0.0,0.0,0.0,0,0.0,0.0
2024-07-13,4.598499774932861,0.0,47.321922302246094,0.0,0.0,0.0,0.01439833401243538,0.017363518295551453,1,0,0.0,10,,0.0,0.0,0.0,0.0,0.0,0.0,,0.0,0.0,0.0,0.017363518295551453,0.0,0.0,0.0,0,0.0,0.0
2024-07-14,4.598499774932861,0.0,47.321922302246094,0.0,0.0,0.0,0.014396330695290251,0.017363634700805278,1,0,0.0,10,,0.0,0.0,0.0,0.0,0.0,0.0,,0.0,0.0,0.0,0.017363634700805278,0.0,0.0,0.0,0,0.0,0.0
2024-07-15,4.5289998054504395,-0.015113618111123328,46.45381164550781,-0.018344788514583987,0.003231170403460659,0.003231170403460659,0.014485106403192081,0.017469872692166342,1,0,0.0,10,12.449827032461803,0.0,0.0,0.0,0.0,0.0,0.0,,0.0,0.0,0.0,0.017469872692166342,0.0,0.0,0.0,0,0.0,0.0
2024-07-16,4.443999767303467,-0.01876794917162039,45.95070266723633,-0.010830305640164517,-0.007937643531455874,0.007937643531455874,0.014616113063008088,0.017507919344521772,0,0,0.0,10,5.966807455785034,0.0,0.0,0.0,0.0,0.0,0.0,,0.0,0.0,0.0,0.017507919344521772,0.0,0.0,0.0,0,0.0,0.0
2024-07-17,4.39900016784668,-0.010125923000237291,44.54002380371094,-0.03069983224720585,0.020573909246968558,0.020573909246968558,0.01463082729400021,0.01768233341977292,1,1,1.0,10,30.69713527447456,-307.0,10.0,1350.4930515289307,-445.4002380371094,0.0,0.0,Opened,1350.4930515289307,-445.4002380371094,0.0,0.01768233341977292,1795.89328956604,0.0,0.0,0,0.0,1795.89328956604
2024-07-18,4.265999794006348,-0.03023422795308417,42.81366729736328,-0.03875966734898384,0.00852543939589967,0.00852543939589967,0.01494648683797249,0.0178933410631881,1,1,0.0,10,12.865976614432299,307.0,-10.0,-1309.6619367599487,428.1366729736328,40.831114768981934,-17.263565063476562,Live,0.0,0.0,0.0,0.0178933410631881,1737.7986097335815,23.56754970550537,0.013561726642834905,0,0.0,0.0
2024-07-19,4.218999862670898,-0.01101733089661261,42.72488021850586,-0.0020738022333089967,-0.008943528663303613,0.008943528663303613,0.014987247389577636,0.017874750008763658,0,0,-1.0,10,1.90617288334842,307.0,-10.0,-1295.2329578399658,427.2488021850586,55.260093688964844,-18.15143585205078,Closed,-1295.2329578399658,427.2488021850586,37.10865783691406,0.017874750008763658,1722.4817600250244,37.10865783691406,0.021543715990568715,0,37.10865783691406,0.0
2024-07-20,4.218999862670898,0.0,42.72488021850586,0.0,0.0,0.0,0.014970703959971627,0.017874620680165702,1,0,0.0,10,,0.0,0.0,0.0,0.0,0.0,0.0,,0.0,0.0,0.0,0.017874620680165702,0.0,0.0,0.0,0,0.0,0.0
2024-07-21,4.218999862670898,0.0,42.72488021850586,0.0,0.0,0.0,0.014970163073259669,0.017797748523602823,1,0,0.0,10,,0.0,0.0,0.0,0.0,0.0,0.0,,0.0,0.0,0.0,0.017797748523602823,0.0,0.0,0.0,0,0.0,0.0
2024-07-22,4.180500030517578,-0.009125345675870089,42.340145111083984,-0.009004942915094016,-0.0001204027607760727,0.0001204027607760727,0.014998076670035339,0.017819004068786903,0,0,0.0,10,9.994377525245026,0.0,0.0,0.0,0.0,0.0,0.0,,0.0,0.0,0.0,0.017819004068786903,0.0,0.0,0.0,0,0.0,0.0
2024-07-23,4.145999908447266,-0.008252630503160385,42.024471282958984,-0.007455662404953878,-0.0007969680982065075,0.0007969680982065075,0.015020372417323827,0.01783296491890875,0,0,0.0,10,9.157286543549809,0.0,0.0,0.0,0.0,0.0,0.0,,0.0,0.0,0.0,0.01783296491890875,0.0,0.0,0.0,0,0.0,0.0
2024-07-24,4.098999977111816,-0.011336211378029537,41.49176788330078,-0.012676028594658773,0.0013398172166292355,0.0013398172166292355,0.014778339703685892,0.017857219435272492,1,0,0.0,10,11.318771658691308,0.0,0.0,0.0,0.0,0.0,0.0,,0.0,0.0,0.0,0.017857219435272492,0.0,0.0,0.0,0,0.0,0.0
2024-07-25,4.112500190734863,0.003293538350434222,41.38325500488281,-0.002615286934101513,0.005908825284535735,0.005908825284535735,0.014691709195393393,0.017804377153257386,1,0,0.0,10,7.990525381367781,0.0,0.0,0.0,0.0,0.0,0.0,,0.0,0.0,0.0,0.017804377153257386,0.0,0.0,0.0,0,0.0,0.0
2024-07-26,4.104499816894531,-0.001945379566998251,42.00474548339844,0.01501792158307258,-0.01696330115007083,0.01696330115007083,0.014664671636636317,0.01786366693333145,0,0,0.0,10,79.0030029193093,0.0,0.0,0.0,0.0,0.0,0.0,,0.0,0.0,0.0,0.01786366693333145,0.0,0.0,0.0,0,0.0,0.0
2024-07-27,4.104499816894531,0.0,42.00474548339844,0.0,0.0,0.0,0.014479248595934975,0.017763282191216746,1,0,0.0,10,,0.0,0.0,0.0,0.0,0.0,0.0,,0.0,0.0,0.0,0.017763282191216746,0.0,0.0,0.0,0,0.0,0.0
2024-07-28,4.104499816894531,0.0,42.00474548339844,0.0,0.0,0.0,0.014404889683340185,0.01775793801180947,1,0,0.0,10,,0.0,0.0,0.0,0.0,0.0,0.0,,0.0,0.0,0.0,0.01775793801180947,0.0,0.0,0.0,0,0.0,0.0
2024-07-29,4.061999797821045,-0.010354494084407584,41.689064025878906,-0.007515376033984,-0.0028391180504235836,0.0028391180504235836,0.014436112055383272,0.017771374310477542,0,0,0.0,10,7.449104699963744,0.0,0.0,0.0,0.0,0.0,0.0,,0.0,0.0,0.0,0.017771374310477542,0.0,0.0,0.0,0,0.0,0.0
2024-07-30,4.063000202178955,0.0002462837045060784,41.37338638305664,-0.007572193096642921,0.007818476801148999,0.007818476801148999,0.014436292330143869,0.017784699664456748,1,0,0.0,10,313.08353439915237,0.0,0.0,0.0,0.0,0.0,0.0,,0.0,0.0,0.0,0.017784699664456748,0.0,0.0,0.0,0,0.0,0.0
2024-07-31,4.159999847412109,0.02387389623587377,43.149070739746094,0.04291851627152843,-0.019044620035654658,0.019044620035654658,0.014647668618405307,0.018240868747734205,0,1,1.0,10,18.646594657390203,187.0,-10.0,-777.9199714660645,431.49070739746094,0.0,0.0,Opened,-777.9199714660645,431.49070739746094,0.0,0.018240868747734205,1209.4106788635254,0.0,0.0,0,0.0,1209.4106788635254
2024-08-01,4.066500186920166,-0.022475880750358335,41.13663101196289,-0.046639236796575445,0.02416335604621711,0.02416335604621711,0.014808357696098817,0.018738785088293033,1,0,-1.0,10,20.99145974241231,-187.0,10.0,760.435534954071,-411.3663101196289,-17.484436511993408,20.12439727783203,Closed,760.435534954071,-411.3663101196289,2.639960765838623,0.018738785088293033,1171.8018450737,2.639960765838623,0.0022529071591217576,0,2.639960765838623,0.0
2024-08-02,4.084000110626221,0.004303436100247415,40.6236572265625,-0.01246999991932285,0.016773436019570265,0.016773436019570265,0.014810762009495517,0.018770605554226955,1,0,0.0,10,28.823344057675964,0.0,0.0,0.0,0.0,0.0,0.0,,0.0,0.0,0.0,0.018770605554226955,0.0,0.0,0.0,0,0.0,0.0
2024-08-03,4.084000110626221,0.0,40.6236572265625,0.0,0.0,0.0,0.014612100039119068,0.0184986850210028,1,0,0.0,10,,0.0,0.0,0.0,0.0,0.0,0.0,,0.0,0.0,0.0,0.0184986850210028,0.0,0.0,0.0,0,0.0,0.0
2024-08-04,4.084000110626221,0.0,40.6236572265625,0.0,0.0,0.0,0.014612293532799383,0.018170043538272628,1,0,0.0,10,,0.0,0.0,0.0,0.0,0.0,0.0,,0.0,0.0,0.0,0.018170043538272628,0.0,0.0,0.0,0,0.0,0.0
2024-08-05,3.9839999675750732,-0.0244858326009727,39.08473205566406,-0.0378824871014366,0.0133966545004639,0.0133966545004639,0.014799069597902594,0.018535342669629307,1,0,0.0,10,15.177890689776909,0.0,0.0,0.0,0.0,0.0,0.0,,0.0,0.0,0.0,0.018535342669629307,0.0,0.0,0.0,0,0.0,0.0
2024-08-06,4.011499881744385,0.006902588954098343,39.16365051269531,0.0020191633121304786,0.0048834256419678645,0.0048834256419678645,0.01482108767052851,0.018538214057878845,1,0,0.0,10,2.8558527892137633,0.0,0.0,0.0,0.0,0.0,0.0,,0.0,0.0,0.0,0.018538214057878845,0.0,0.0,0.0,0,0.0,0.0
2024-08-07,3.9375,-0.018446936040343642,38.18702697753906,-0.024936989335038295,0.006490053294694653,0.006490053294694653,0.014768810130421006,0.01864302637184869,1,0,0.0,10,13.110373329783629,0.0,0.0,0.0,0.0,0.0,0.0,,0.0,0.0,0.0,0.01864302637184869,0.0,0.0,0.0,0,0.0,0.0
2024-08-08,3.944999933242798,0.0019047449505518177,39.2031135559082,0.026608161430498045,-0.024703416479946227,0.024703416479946227,0.01465107053816082,0.018299688823310376,0,1,1.0,10,138.81985810301418,1389.0,-10.0,-5479.604907274246,392.03113555908203,0.0,0.0,Opened,-5479.604907274246,392.03113555908203,0.0,0.018299688823310376,5871.636042833328,0.0,0.0,0,0.0,5871.636042833328
2024-08-09,3.9800000190734863,0.008872011767543597,39.49905776977539,0.007548997694918791,0.0013230140726248063,0.0013230140726248063,0.014686033875911742,0.018317706208711353,1,0,-1.0,10,8.444439825725786,-1389.0,10.0,5528.2200264930725,-394.9905776977539,48.615119218826294,-2.959442138671875,Closed,5528.2200264930725,-394.9905776977539,45.65567708015442,0.018317706208711353,5923.210604190826,45.65567708015442,0.007707927360855924,0,45.65567708015442,0.0
2024-08-10,3.9800000190734863,0.0,39.49905776977539,0.0,0.0,0.0,0.014639527755176969,0.018313723501609525,1,0,0.0,10,,0.0,0.0,0.0,0.0,0.0,0.0,,0.0,0.0,0.0,0.018313723501609525,0.0,0.0,0.0,0,0.0,0.0
2024-08-11,3.9800000190734863,0.0,39.49905776977539,0.0,0.0,0.0,0.01451645290522941,0.0181827140960218,1,0,0.0,10,,0.0,0.0,0.0,0.0,0.0,0.0,,0.0,0.0,0.0,0.0181827140960218,0.0,0.0,0.0,0,0.0,0.0
2024-08-12,4.054999828338623,0.018844173091887573,40.110679626464844,0.015484467003095581,0.0033597060887919916,0.0033597060887919916,0.014654940040003029,0.01825988123282567,1,0,0.0,10,8.128087245985958,0.0,0.0,0.0,0.0,0.0,0.0,,0.0,0.0,0.0,0.01825988123282567,0.0,0.0,0.0,0,0.0,0.0
2024-08-13,4.035999774932861,-0.004685586734918812,40.150142669677734,0.0009838537661388536,-0.005669440501057665,0.005669440501057665,0.0146588916443406,0.01826078311995484,0,0,0.0,10,2.0888272784329307,0.0,0.0,0.0,0.0,0.0,0.0,,0.0,0.0,0.0,0.01826078311995484,0.0,0.0,0.0,0,0.0,0.0
2024-08-14,4.025000095367432,-0.002725391521017251,39.99230194091797,-0.003931261964829069,0.0012058704438118184,0.0012058704438118184,0.014586446431766853,0.018187508570350664,1,0,0.0,10,14.332224152173515,0.0,0.0,0.0,0.0,0.0,0.0,,0.0,0.0,0.0,0.018187508570350664,0.0,0.0,0.0,0,0.0,0.0
2024-08-15,4.138999938964844,0.028322941837596538,41.47203826904297,0.037000529009584504,-0.008677587171987966,0.008677587171987966,0.014884000367537209,0.01858614636014081,0,0,0.0,10,13.089695186891992,0.0,0.0,0.0,0.0,0.0,0.0,,0.0,0.0,0.0,0.01858614636014081,0.0,0.0,0.0,0,0.0,0.0
2024-08-16,4.127500057220459,-0.002778420370612711,41.72852325439453,0.006184528083419849,-0.00896294845403256,0.00896294845403256,0.01482959667585749,0.018560848489544066,0,0,0.0,10,22.50373158670356,0.0,0.0,0.0,0.0,0.0,0.0,,0.0,0.0,0.0,0.018560848489544066,0.0,0.0,0.0,0,0.0,0.0
2024-08-17,4.127500057220459,0.0,41.72852325439453,0.0,0.0,0.0,0.01478927184152322,0.018395129875224712,1,0,0.0,10,,0.0,0.0,0.0,0.0,0.0,0.0,,0.0,0.0,0.0,0.018395129875224712,0.0,0.0,0.0,0,0.0,0.0
2024-08-18,4.127500057220459,0.0,41.72852325439453,0.0,0.0,0.0,0.014655876209656386,0.018393702543996245,1,0,0.0,10,,0.0,0.0,0.0,0.0,0.0,0.0,,0.0,0.0,0.0,0.018393702543996245,0.0,0.0,0.0,0,0.0,0.0
2024-08-19,4.166500091552734,0.009448827084581168,42.44866180419922,0.017257705129281042,-0.007808878044699874,0.007808878044699874,0.014693952888860216,0.01848444411067783,0,0,0.0,10,18.60791659474153,0.0,0.0,0.0,0.0,0.0,0.0,,0.0,0.0,0.0,0.01848444411067783,0.0,0.0,0.0,0,0.0,0.0
2024-08-20,4.149499893188477,-0.004080210726197908,42.05406951904297,-0.009295753231900794,0.005215542505702886,0.005215542505702886,0.014696580325442674,0.018503321865141014,1,0,0.0,10,23.089485921375942,0.0,0.0,0.0,0.0,0.0,0.0,,0.0,0.0,0.0,0.018503321865141014,0.0,0.0,0.0,0,0.0,0.0
2024-08-21,4.18149995803833,0.007711788329572533,42.91231155395508,0.020408061448689896,-0.012696273119117363,0.012696273119117363,0.014510449385015327,0.01861218976604478,0,0,0.0,10,27.157917523882894,0.0,0.0,0.0,0.0,0.0,0.0,,0.0,0.0,0.0,0.01861218976604478,0.0,0.0,0.0,0,0.0,0.0
2024-08-22,4.140999794006348,-0.009685558875619948,42.024471282958984,-0.02068963984566019,0.011004080970040242,0.011004080970040242,0.014162047472391344,0.018463557099279392,1,0,0.0,10,21.67830362322201,0.0,0.0,0.0,0.0,0.0,0.0,,0.0,0.0,0.0,0.018463557099279392,0.0,0.0,0.0,0,0.0,0.0
2024-08-23,4.194499969482422,0.012919627659366162,43.3759651184082,0.03215968682507264,-0.01924005916570648,0.01924005916570648,0.014229039500314353,0.018764944416756437,0,1,1.0,10,25.741317345743692,258.0,-10.0,-1082.1809921264648,433.75965118408203,0.0,0.0,Opened,-1082.1809921264648,433.75965118408203,0.0,0.018764944416756437,1515.9406433105469,0.0,0.0,0,0.0,1515.9406433105469
2024-08-24,4.194499969482422,0.0,43.3759651184082,0.0,0.0,0.0,0.014159317857553349,0.01875716662507094,1,0,-1.0,10,,-258.0,10.0,1082.1809921264648,-433.75965118408203,0.0,0.0,Closed,1082.1809921264648,-433.75965118408203,0.0,0.01875716662507094,1515.9406433105469,0.0,0.0,0,0.0,0.0
2024-08-25,4.194499969482422,0.0,43.3759651184082,0.0,0.0,0.0,0.013707700350473065,0.018127145008489488,1,0,0.0,10,,0.0,0.0,0.0,0.0,0.0,0.0,,0.0,0.0,0.0,0.018127145008489488,0.0,0.0,0.0,0,0.0,0.0
2024-08-26,4.21150016784668,0.004052973772307622,43.57326126098633,0.0045485130311115896,-0.0004955392588039675,0.0004955392588039675,0.013718987046187967,0.018136432169212652,0,0,0.0,10,11.611247803192251,0.0,0.0,0.0,0.0,0.0,0.0,,0.0,0.0,0.0,0.018136432169212652,0.0,0.0,0.0,0,0.0,0.0
2024-08-27,4.230500221252441,0.004511469226766485,43.731101989746094,0.003622421737367043,0.0008890474893994416,0.0008890474893994416,0.013732158316519904,0.01814280880545222,1,0,0.0,10,8.300030938335041,0.0,0.0,0.0,0.0,0.0,0.0,,0.0,0.0,0.0,0.01814280880545222,0.0,0.0,0.0,0,0.0,0.0
2024-08-28,4.144999980926514,-0.020210432774924958,42.21190643310547,-0.034739475739642645,0.014529042964717687,0.014529042964717687,0.01383350102767997,0.018313729096783422,1,0,0.0,10,17.504837387361302,0.0,0.0,0.0,0.0,0.0,0.0,,0.0,0.0,0.0,0.018313729096783422,0.0,0.0,0.0,0,0.0,0.0
2024-08-29,4.147500038146973,0.0006031501162757635,42.192176818847656,-0.000467394532134624,0.0010705446484103875,0.0010705446484103875,0.013811543887404028,0.018230828365398594,1,0,0.0,10,7.883221790000165,0.0,0.0,0.0,0.0,0.0,0.0,,0.0,0.0,0.0,0.018230828365398594,0.0,0.0,0.0,0,0.0,0.0
2024-08-30,4.144999980926514,-0.000602786545500833,42.75447463989258,0.013327063532634353,-0.013929850078135186,0.013929850078135186,0.01296573025076519,0.017074712423629554,0,0,0.0,10,228.0488882551361,0.0,0.0,0.0,0.0,0.0,0.0,,0.0,0.0,0.0,0.017074712423629554,0.0,0.0,0.0,0,0.0,0.0
2024-08-31,4.144999980926514,0.0,42.75447463989258,0.0,0.0,0.0,0.012934926089081838,0.017046946788284223,1,0,0.0,10,,0.0,0.0,0.0,0.0,0.0,0.0,,0.0,0.0,0.0,0.017046946788284223,0.0,0.0,0.0,0,0.0,0.0
2024-09-01,4.144999980926514,0.0,42.75447463989258,0.0,0.0,0.0,0.012919100043488342,0.01693145860339933,1,0,0.0,10,,0.0,0.0,0.0,0.0,0.0,0.0,,0.0,0.0,0.0,0.01693145860339933,0.0,0.0,0.0,0,0.0,0.0
2024-09-02,4.144999980926514,0.0,42.75447463989258,0.0,0.0,0.0,0.012919100043488342,0.01693145860339933,1,0,0.0,10,,0.0,0.0,0.0,0.0,0.0,0.0,,0.0,0.0,0.0,0.01693145860339933,0.0,0.0,0.0,0,0.0,0.0
2024-09-03,4.0320000648498535,-0.027261741036582965,39.53852081298828,-0.07521911692264394,0.04795737588606097,0.04795737588606097,0.013175666197414811,0.01848687226223025,1,1,1.0,10,27.056681526180068,-271.0,10.0,1092.6720175743103,-395.3852081298828,0.0,0.0,Opened,1092.6720175743103,-395.3852081298828,0.0,0.01848687226223025,1488.0572257041931,0.0,0.0,0,0.0,1488.0572257041931
2024-09-04,4.019499778747559,-0.0031002693207448084,39.5089225769043,-0.0007485923973732378,-0.0023516769233715706,0.0023516769233715706,0.01317548517331496,0.0184863153640727,0,0,-1.0,10,2.3733903205765534,271.0,-10.0,-1089.2844400405884,395.08922576904297,3.387577533721924,-0.29598236083984375,Closed,-1089.2844400405884,395.08922576904297,3.09159517288208,0.0184863153640727,1484.3736658096313,3.09159517288208,0.0020827607253432454,0,3.09159517288208,0.0
2024-09-05,4.077499866485596,0.014429678052155337,39.29189682006836,-0.005493082136408423,0.01992276018856376,0.01992276018856376,0.013089545660409383,0.018227342781551206,1,1,1.0,10,3.668330788960212,-37.0,10.0,150.86749505996704,-392.9189682006836,0.0,0.0,Opened,150.86749505996704,-392.9189682006836,0.0,0.018227342781551206,543.7864632606506,0.0,0.0,0,0.0,543.7864632606506
2024-09-06,4.014500141143799,-0.015450576923279336,38.05878448486328,-0.031383375072268516,0.01593279814898918,0.01593279814898918,0.013100673304877608,0.018296264158882445,1,1,0.0,10,19.256545620879425,37.0,-10.0,-148.53650522232056,380.5878448486328,2.3309898376464844,-12.331123352050781,Live,0.0,0.0,0.0,0.018296264158882445,529.1243500709534,-10.000133514404297,-0.018899401460286833,1,-10.000133514404297,0.0
2024-09-07,4.014500141143799,0.0,38.05878448486328,0.0,0.0,0.0,0.012834116968795791,0.018290328397767775,1,1,0.0,10,,37.0,-10.0,-148.53650522232056,380.5878448486328,2.3309898376464844,-12.331123352050781,Live,0.0,0.0,0.0,0.018290328397767775,529.1243500709534,-10.000133514404297,-0.018899401460286833,1,0.0,0.0
2024-09-08,4.014500141143799,0.0,38.05878448486328,0.0,0.0,0.0,0.012778977208072168,0.018290491870474795,1,1,0.0,10,,37.0,-10.0,-148.53650522232056,380.5878448486328,2.3309898376464844,-12.331123352050781,Live,0.0,0.0,0.0,0.018290491870474795,529.1243500709534,-10.000133514404297,-0.018899401460286833,1,0.0,0.0
2024-09-09,4.084499835968018,0.017436714998912528,38.6112174987793,0.014515256369675322,0.002921458629237206,0.002921458629237206,0.01291514244470286,0.018364127324486793,1,1,0.0,10,7.8692737748863975,37.0,-10.0,-151.12649393081665,386.11217498779297,-0.2589988708496094,-6.806793212890625,Live,0.0,0.0,0.0,0.018364127324486793,537.2386689186096,-7.065792083740234,-0.013152054184712242,0,0.0,0.0
2024-09-10,4.040500164031982,-0.010772352479629155,38.44351577758789,-0.004343341962648739,-0.006429010516980416,0.006429010516980416,0.012950528078578348,0.01836478606921753,0,0,-1.0,10,3.836201740763653,37.0,-10.0,-149.49850606918335,384.4351577758789,1.3689889907836914,-8.483810424804688,Closed,-149.49850606918335,384.4351577758789,-7.114821434020996,0.01836478606921753,533.9336638450623,-7.114821434020996,-0.01332529097862911,0,0.0,0.0
2024-09-11,4.083000183105469,0.010518504479177126,39.18338394165039,0.019245590552720238,-0.008727086073543111,0.008727086073543111,0.012907300515602743,0.01847112882492693,0,0,0.0,10,17.559000291534637,0.0,0.0,0.0,0.0,0.0,0.0,,0.0,0.0,0.0,0.01847112882492693,0.0,0.0,0.0,0,0.0,0.0
2024-09-12,4.132999897003174,0.012245827003533494,40.34743881225586,0.029707869854704416,-0.017462042851170922,0.017462042851170922,0.012700154101980193,0.018133379575115377,0,0,0.0,10,23.682850310096725,0.0,0.0,0.0,0.0,0.0,0.0,,0.0,0.0,0.0,0.018133379575115377,0.0,0.0,0.0,0,0.0,0.0
2024-09-13,4.175000190734863,0.010162181170665807,40.791358947753906,0.011002436550277439,-0.0008402553796116319,0.0008402553796116319,0.01263878877207363,0.018008936602834674,0,0,0.0,10,10.57824481404048,0.0,0.0,0.0,0.0,0.0,0.0,,0.0,0.0,0.0,0.018008936602834674,0.0,0.0,0.0,0,0.0,0.0
2024-09-14,4.175000190734863,0.0,40.791358947753906,0.0,0.0,0.0,0.012530108369442374,0.017901649318424244,1,0,0.0,10,,0.0,0.0,0.0,0.0,0.0,0.0,,0.0,0.0,0.0,0.017901649318424244,0.0,0.0,0.0,0,0.0,0.0
2024-09-15,4.175000190734863,0.0,40.791358947753906,0.0,0.0,0.0,0.011833087726562186,0.01745479143546917,1,0,0.0,10,,0.0,0.0,0.0,0.0,0.0,0.0,,0.0,0.0,0.0,0.01745479143546917,0.0,0.0,0.0,0,0.0,0.0
2024-09-16,4.2129998207092285,0.009101707362479505,41.23527908325195,0.010882700330396622,-0.0017809929679171166,0.0017809929679171166,0.011873210781661009,0.017493460616508347,0,0,0.0,10,11.702840879323084,0.0,0.0,0.0,0.0,0.0,0.0,,0.0,0.0,0.0,0.017493460616508347,0.0,0.0,0.0,0,0.0,0.0
2024-09-17,4.213500022888184,0.00011872826969905326,41.37338638305664,0.0033492510024208944,-0.003230522732721841,0.003230522732721841,0.011873274959173917,0.017497925557305543,0,0,0.0,10,276.99480618074614,0.0,0.0,0.0,0.0,0.0,0.0,,0.0,0.0,0.0,0.017497925557305543,0.0,0.0,0.0,0,0.0,0.0
2024-09-18,4.23799991607666,0.0058146180266738234,41.590415954589844,0.005245632289410107,0.0005689857372637164,0.0005689857372637164,0.011802323716996894,0.01743339531481031,1,0,0.0,10,8.853377319281838,0.0,0.0,0.0,0.0,0.0,0.0,,0.0,0.0,0.0,0.01743339531481031,0.0,0.0,0.0,0,0.0,0.0
2024-09-19,4.285999774932861,0.011326064135611658,43.080013275146484,0.035815879364684555,-0.024489815229072898,0.024489815229072898,0.011842997716024633,0.017653661511680026,0,1,1.0,10,31.78485880766077,318.0,-10.0,-1362.94792842865,430.80013275146484,0.0,0.0,Opened,-1362.94792842865,430.80013275146484,0.0,0.017653661511680026,1793.7480611801147,0.0,0.0,0,0.0,1793.7480611801147
2024-09-20,4.281499862670898,-0.0010499095889554555,42.81366729736328,-0.006182588108366804,0.005132678519411349,0.005132678519411349,0.01176545244894144,0.017661342156419468,1,0,-1.0,10,58.88503092327092,-318.0,10.0,1361.5169563293457,-428.1366729736328,-1.4309720993041992,2.6634597778320312,Closed,1361.5169563293457,-428.1366729736328,1.232487678527832,0.017661342156419468,1789.6536293029785,1.232487678527832,0.0006886738631138655,0,1.232487678527832,0.0
2024-09-21,4.281499862670898,0.0,42.81366729736328,0.0,0.0,0.0,0.011660309337796507,0.017577201873417568,1,0,0.0,10,,0.0,0.0,0.0,0.0,0.0,0.0,,0.0,0.0,0.0,0.017577201873417568,0.0,0.0,0.0,0,0.0,0.0
2024-09-22,4.281499862670898,0.0,42.81366729736328,0.0,0.0,0.0,0.011615746354835981,0.017576057444004235,1,0,0.0,10,,0.0,0.0,0.0,0.0,0.0,0.0,,0.0,0.0,0.0,0.017576057444004235,0.0,0.0,0.0,0,0.0,0.0
2024-09-23,4.289000034332275,0.0017517626770862105,43.0997428894043,0.0066818754407107495,-0.004930112763624539,0.004930112763624539,0.01161789463616542,0.01758883294563532,0,0,0.0,10,38.33025744062688,0.0,0.0,0.0,0.0,0.0,0.0,,0.0,0.0,0.0,0.01758883294563532,0.0,0.0,0.0,0,0.0,0.0
2024-09-24,4.429500102996826,0.03275823444623138,46.167728424072266,0.07118338368144195,-0.038425149235210565,0.038425149235210565,0.012085297895433954,0.01897290843438701,0,1,1.0,10,22.648629738417927,227.0,-10.0,-1005.4965233802795,461.67728424072266,0.0,0.0,Opened,-1005.4965233802795,461.67728424072266,0.0,0.01897290843438701,1467.1738076210022,0.0,0.0,0,0.0,1467.1738076210022
2024-09-25,4.427999973297119,-0.0003386679455525954,45.34894561767578,-0.017734959772670256,0.01739629182711766,0.01739629182711766,0.01206863480601996,0.01904151222332491,1,0,-1.0,10,536.3097579916025,-227.0,10.0,1005.155993938446,-453.4894561767578,-0.3405294418334961,8.187828063964844,Closed,1005.155993938446,-453.4894561767578,7.847298622131348,0.01904151222332491,1458.6454501152039,7.847298622131348,0.005379853357449933,0,7.847298622131348,0.0
2024-09-26,4.580999851226807,0.03455281816900335,47.746116638183594,0.05286056793288396,-0.01830774976388061,0.01830774976388061,0.012526197866258153,0.01969450318976438,0,0,0.0,10,15.945058873239743,0.0,0.0,0.0,0.0,0.0,0.0,,0.0,0.0,0.0,0.01969450318976438,0.0,0.0,0.0,0,0.0,0.0
2024-09-27,4.540999889373779,-0.008731709921866782,47.410709381103516,-0.007024807056493554,-0.0017069028653732277,0.0017069028653732277,0.012557431739124844,0.01971078145252024,0,0,0.0,10,8.399628202826372,0.0,0.0,0.0,0.0,0.0,0.0,,0.0,0.0,0.0,0.01971078145252024,0.0,0.0,0.0,0,0.0,0.0
2024-09-28,4.540999889373779,0.0,47.410709381103516,0.0,0.0,0.0,0.012496388145699129,0.019462866428567288,1,0,0.0,10,,0.0,0.0,0.0,0.0,0.0,0.0,,0.0,0.0,0.0,0.019462866428567288,0.0,0.0,0.0,0,0.0,0.0
2024-09-29,4.540999889373779,0.0,47.410709381103516,0.0,0.0,0.0,0.012200546148252915,0.019375538194193197,1,0,0.0,10,,0.0,0.0,0.0,0.0,0.0,0.0,,0.0,0.0,0.0,0.019375538194193197,0.0,0.0,0.0,0,0.0,0.0
2024-09-30,4.495999813079834,-0.009909728559837294,46.63138198852539,-0.016437792278399033,0.0065280637185617385,0.0065280637185617385,0.012242178012339571,0.01945222711239328,1,0,0.0,10,17.204170239734935,0.0,0.0,0.0,0.0,0.0,0.0,,0.0,0.0,0.0,0.01945222711239328,0.0,0.0,0.0,0,0.0,0.0
2024-10-01,4.5355000495910645,0.008785640158684105,47.440303802490234,0.017347155058880626,-0.00856151490019652,0.00856151490019652,0.012273094617189381,0.019523449615253523,0,0,0.0,10,20.65271416828401,0.0,0.0,0.0,0.0,0.0,0.0,,0.0,0.0,0.0,0.019523449615253523,0.0,0.0,0.0,0,0.0,0.0
2024-10-02,4.5960001945495605,0.013339244691211283,47.913818359375,0.009981271596745334,0.003357973094465949,0.003357973094465949,0.012323056693428853,0.019409507129602842,1,0,0.0,10,7.800732360550147,0.0,0.0,0.0,0.0,0.0,0.0,,0.0,0.0,0.0,0.019409507129602842,0.0,0.0,0.0,0,0.0,0.0
2024-10-03,4.501999855041504,-0.02045264045452666,46.07894515991211,-0.03829528228580159,0.01784264183127493,0.01784264183127493,0.012062702177097024,0.01971349593564089,1,0,0.0,10,19.16429923425401,0.0,0.0,0.0,0.0,0.0,0.0,,0.0,0.0,0.0,0.01971349593564089,0.0,0.0,0.0,0,0.0,0.0
2024-10-04,4.522500038146973,0.004553572582307375,47.1147575378418,0.022479081809164914,-0.01792550922685754,0.01792550922685754,0.012064961852112019,0.019824679413906178,0,0,0.0,10,51.428598066590816,0.0,0.0,0.0,0.0,0.0,0.0,,0.0,0.0,0.0,0.019824679413906178,0.0,0.0,0.0,0,0.0,0.0
2024-10-05,4.522500038146973,0.0,47.1147575378418,0.0,0.0,0.0,0.012028047262794373,0.019780221222920617,1,0,0.0,10,,0.0,0.0,0.0,0.0,0.0,0.0,,0.0,0.0,0.0,0.019780221222920617,0.0,0.0,0.0,0,0.0,0.0
2024-10-06,4.522500038146973,0.0,47.1147575378418,0.0,0.0,0.0,0.011946897637644557,0.01978036882879406,1,0,0.0,10,,0.0,0.0,0.0,0.0,0.0,0.0,,0.0,0.0,0.0,0.01978036882879406,0.0,0.0,0.0,0,0.0,0.0
2024-10-07,4.519000053405762,-0.0007739048560948536,47.262733459472656,0.0031407552402664685,-0.003914660096361322,0.003914660096361322,0.011947388287883958,0.01978163530628872,0,0,0.0,10,42.444655249089045,0.0,0.0,0.0,0.0,0.0,0.0,,0.0,0.0,0.0,0.01978163530628872,0.0,0.0,0.0,0,0.0,0.0
2024-10-08,4.4120001792907715,-0.023677776687422103,45.12205123901367,-0.04529323768999949,0.021615461002577385,0.021615461002577385,0.012186804452474864,0.020311489247461477,1,1,1.0,10,19.563464160517547,-196.0,10.0,864.7520351409912,-451.2205123901367,0.0,0.0,Opened,864.7520351409912,-451.2205123901367,0.0,0.020311489247461477,1315.972547531128,0.0,0.0,0,0.0,1315.972547531128
2024-10-09,4.355000019073486,-0.01291934675905837,44.98394012451172,-0.0030608341311960663,-0.009858512627862304,0.009858512627862304,0.012228334573480071,0.020299561869510527,0,0,-1.0,10,2.4471949722103132,196.0,-10.0,-853.5800037384033,449.8394012451172,11.17203140258789,-1.3811111450195312,Closed,-853.5800037384033,449.8394012451172,9.79092025756836,0.020299561869510527,1303.4194049835205,9.79092025756836,0.007511718960246835,0,9.79092025756836,0.0
2024-10-10,4.385000228881836,0.006888681900564464,45.64488983154297,0.014693015000504461,-0.007804333099939997,0.007804333099939997,0.012248025124508734,0.02034816890004455,0,0,0.0,10,22.202267663299637,0.0,0.0,0.0,0.0,0.0,0.0,,0.0,0.0,0.0,0.02034816890004455,0.0,0.0,0.0,0,0.0,0.0
2024-10-11,4.451499938964844,0.015165269466808073,46.2170524597168,0.01253508619005217,0.002630183276755904,0.002630183276755904,0.012079789863720478,0.020090619979902857,1,0,0.0,10,8.581694808198838,0.0,0.0,0.0,0.0,0.0,0.0,,0.0,0.0,0.0,0.020090619979902857,0.0,0.0,0.0,0,0.0,0.0
2024-10-12,4.451499938964844,0.0,46.2170524597168,0.0,0.0,0.0,0.012079789863720478,0.020090619979902857,1,0,0.0,10,,0.0,0.0,0.0,0.0,0.0,0.0,,0.0,0.0,0.0,0.020090619979902857,0.0,0.0,0.0,0,0.0,0.0
2024-10-13,4.451499938964844,0.0,46.2170524597168,0.0,0.0,0.0,0.011790859219171211,0.020013101966759574,1,0,0.0,10,,0.0,0.0,0.0,0.0,0.0,0.0,,0.0,0.0,0.0,0.020013101966759574,0.0,0.0,0.0,0,0.0,0.0
2024-10-14,4.363500118255615,-0.019768577314569602,45.51664733886719,-0.015154690391822156,-0.0046138869227474455,0.0046138869227474455,0.011948988168060398,0.020069986630927607,0,0,0.0,10,7.996628601136579,0.0,0.0,0.0,0.0,0.0,0.0,,0.0,0.0,0.0,0.020069986630927607,0.0,0.0,0.0,0,0.0,0.0
2024-10-15,4.30049991607666,-0.014437997128814217,44.638671875,-0.019289106627971564,0.004851109499157347,0.004851109499157347,0.012028829312843723,0.020160480181791493,1,0,0.0,10,13.867477944777557,0.0,0.0,0.0,0.0,0.0,0.0,,0.0,0.0,0.0,0.020160480181791493,0.0,0.0,0.0,0,0.0,0.0
2024-10-16,4.331500053405762,0.0072084962060370295,45.25029373168945,0.013701614116167216,-0.006493117910130186,0.006493117910130186,0.012033113083266865,0.02011545454520922,0,0,0.0,10,19.85684000467315,0.0,0.0,0.0,0.0,0.0,0.0,,0.0,0.0,0.0,0.02011545454520922,0.0,0.0,0.0,0,0.0,0.0
2024-10-17,4.286499977111816,-0.010389028220965324,44.39204788208008,-0.018966635989112524,0.0085776077681472,0.0085776077681472,0.012039950699996041,0.020202641198716054,1,0,0.0,10,18.90678726879598,0.0,0.0,0.0,0.0,0.0,0.0,,0.0,0.0,0.0,0.020202641198716054,0.0,0.0,0.0,0,0.0,0.0
2024-10-18,4.3460001945495605,0.013880839322396143,45.191104888916016,0.01800000326541573,-0.004119163943019588,0.004119163943019588,0.012106596257171247,0.020277842399130264,0,0,0.0,10,13.48404133057005,0.0,0.0,0.0,0.0,0.0,0.0,,0.0,0.0,0.0,0.020277842399130264,0.0,0.0,0.0,0,0.0,0.0
2024-10-19,4.3460001945495605,0.0,45.191104888916016,0.0,0.0,0.0,0.011919802383469687,0.020274108867207343,1,0,0.0,10,,0.0,0.0,0.0,0.0,0.0,0.0,,0.0,0.0,0.0,0.020274108867207343,0.0,0.0,0.0,0,0.0,0.0
2024-10-20,4.3460001945495605,0.0,45.191104888916016,0.0,0.0,0.0,0.011742939247885328,0.02021804847908386,1,0,0.0,10,,0.0,0.0,0.0,0.0,0.0,0.0,,0.0,0.0,0.0,0.02021804847908386,0.0,0.0,0.0,0,0.0,0.0
2024-10-21,4.322999954223633,-0.005292277794826883,44.628807067871094,-0.012442665927887897,0.007150388133061014,0.007150388133061014,0.011752601321186327,0.020254700874373595,1,0,0.0,10,24.27173689807632,0.0,0.0,0.0,0.0,0.0,0.0,,0.0,0.0,0.0,0.020254700874373595,0.0,0.0,0.0,0,0.0,0.0
2024-10-22,4.3480000495910645,0.00578304317190792,45.23056411743164,0.013483601491866004,-0.007700558319958084,0.007700558319958084,0.01176954731507011,0.020302095240413084,0,0,0.0,10,24.254478318681574,0.0,0.0,0.0,0.0,0.0,0.0,,0.0,0.0,0.0,0.020302095240413084,0.0,0.0,0.0,0,0.0,0.0
2024-10-23,4.304500102996826,-0.010004587419066291,44.36245346069336,-0.019193009719808418,0.009188422300742127,0.009188422300742127,0.011716401769442287,0.020309908438902777,1,0,0.0,10,19.77136865754843,0.0,0.0,0.0,0.0,0.0,0.0,,0.0,0.0,0.0,0.020309908438902777,0.0,0.0,0.0,0,0.0,0.0
2024-10-24,4.319499969482422,0.0034846941867077152,44.293399810791016,-0.001556578694718258,0.005041272881425973,0.005041272881425973,0.01157526361507454,0.02028228986829316,1,0,0.0,10,4.580490136291858,0.0,0.0,0.0,0.0,0.0,0.0,,0.0,0.0,0.0,0.02028228986829316,0.0,0.0,0.0,0,0.0,0.0
2024-10-25,4.3394999504089355,0.004630161145460221,44.39204788208008,0.0022271505847475392,0.0024030105607126817,0.0024030105607126817,0.011541685981704955,0.02004745174625799,1,0,0.0,10,4.920610265858133,0.0,0.0,0.0,0.0,0.0,0.0,,0.0,0.0,0.0,0.02004745174625799,0.0,0.0,0.0,0,0.0,0.0
2024-10-26,4.3394999504089355,0.0,44.39204788208008,0.0,0.0,0.0,0.011132280748748224,0.019658167188508973,1,0,0.0,10,,0.0,0.0,0.0,0.0,0.0,0.0,,0.0,0.0,0.0,0.019658167188508973,0.0,0.0,0.0,0,0.0,0.0
2024-10-27,4.3394999504089355,0.0,44.39204788208008,0.0,0.0,0.0,0.01107418989507765,0.019656460996426067,1,0,0.0,10,,0.0,0.0,0.0,0.0,0.0,0.0,,0.0,0.0,0.0,0.019656460996426067,0.0,0.0,0.0,0,0.0,0.0
2024-10-28,4.331999778747559,-0.0017283492907218534,44.56961441040039,0.003999962533649981,-0.0057283118243718345,0.0057283118243718345,0.011076078008732127,0.019659349586552657,0,0,0.0,10,23.810847787534907,0.0,0.0,0.0,0.0,0.0,0.0,,0.0,0.0,0.0,0.019659349586552657,0.0,0.0,0.0,0,0.0,0.0
2024-10-29,4.332499980926514,0.00011546680621021821,44.4216423034668,-0.0033200221471753055,0.0034354889533855237,0.0034354889533855237,0.01107604980698318,0.01966320095407952,1,0,0.0,10,294.8084100599348,0.0,0.0,0.0,0.0,0.0,0.0,,0.0,0.0,0.0,0.01966320095407952,0.0,0.0,0.0,0,0.0,0.0
2024-10-30,4.327499866485596,-0.0011540945096204513,43.888938903808594,-0.011991978955191107,0.010837884445570656,0.010837884445570656,0.011035953336915939,0.01968017209776288,1,0,0.0,10,105.38225820084105,0.0,0.0,0.0,0.0,0.0,0.0,,0.0,0.0,0.0,0.01968017209776288,0.0,0.0,0.0,0,0.0,0.0
2024-10-31,4.313499927520752,-0.0032351102014506194,43.0997428894043,-0.0179816608493083,0.014746550647857681,0.014746550647857681,0.011007559376866134,0.019751451472726615,1,0,0.0,10,55.53740807097471,0.0,0.0,0.0,0.0,0.0,0.0,,0.0,0.0,0.0,0.019751451472726615,0.0,0.0,0.0,0,0.0,0.0
2024-11-01,4.347499847412109,0.007882211768321268,43.632450103759766,0.012359869888839414,-0.0044776581205181465,0.0044776581205181465,0.010967292165664323,0.01974210908735438,0,0,0.0,10,15.737502988181978,0.0,0.0,0.0,0.0,0.0,0.0,,0.0,0.0,0.0,0.01974210908735438,0.0,0.0,0.0,0,0.0,0.0
2024-11-02,4.347499847412109,0.0,43.632450103759766,0.0,0.0,0.0,0.010964212733252625,0.01973940951243621,1,0,0.0,10,,0.0,0.0,0.0,0.0,0.0,0.0,,0.0,0.0,0.0,0.01973940951243621,0.0,0.0,0.0,0,0.0,0.0
2024-11-03,4.347499847412109,0.0,43.632450103759766,0.0,0.0,0.0,0.010961348959381279,0.019686610249766402,1,0,0.0,10,,0.0,0.0,0.0,0.0,0.0,0.0,,0.0,0.0,0.0,0.019686610249766402,0.0,0.0,0.0,0,0.0,0.0
2024-11-04,4.4070000648498535,0.013686076946767933,43.90866470336914,0.006330485658094576,0.007355591288673358,0.007355591288673358,0.011038512892153792,0.019694926955519512,1,0,0.0,10,4.608559776643542,0.0,0.0,0.0,0.0,0.0,0.0,,0.0,0.0,0.0,0.019694926955519512,0.0,0.0,0.0,0,0.0,0.0
2024-11-05,4.450500011444092,0.00987064804949589,45.033267974853516,0.025612331394766485,-0.015741683345270596,0.015741683345270596,0.01107561309259968,0.019852482097467768,0,0,0.0,10,26.255972153976085,0.0,0.0,0.0,0.0,0.0,0.0,,0.0,0.0,0.0,0.019852482097467768,0.0,0.0,0.0,0,0.0,0.0
2024-11-06,4.222499847412109,-0.051230235579305394,43.25758361816406,-0.03943050186100172,-0.011799733718303673,0.011799733718303673,0.01219207050952529,0.020241725616999055,0,0,0.0,10,7.884943126514414,0.0,0.0,0.0,0.0,0.0,0.0,,0.0,0.0,0.0,0.020241725616999055,0.0,0.0,0.0,0,0.0,0.0
2024-11-07,4.409999847412109,0.044404974961672394,45.83232116699219,0.059521067370646774,-0.01511609240897438,0.01511609240897438,0.012959724704954888,0.021064248378474183,0,0,0.0,10,13.930681380416422,0.0,0.0,0.0,0.0,0.0,0.0,,0.0,0.0,0.0,0.021064248378474183,0.0,0.0,0.0,0,0.0,0.0
2024-11-08,4.286499977111816,-0.028004506705995857,43.5239372253418,-0.05036585280592021,0.02236134609992435,0.02236134609992435,0.013068804775045966,0.02126463966300166,1,1,1.0,10,18.261380865690214,-183.0,10.0,784.4294958114624,-435.23937225341797,0.0,0.0,Opened,784.4294958114624,-435.23937225341797,0.0,0.02126463966300166,1219.6688680648804,0.0,0.0,0,0.0,1219.6688680648804
2024-11-09,4.286499977111816,0.0,43.5239372253418,0.0,0.0,0.0,0.012863337186257727,0.020729213858052525,1,1,0.0,10,,183.0,-10.0,-784.4294958114624,435.23937225341797,0.0,0.0,Live,0.0,0.0,0.0,0.020729213858052525,1219.6688680648804,0.0,0.0,0,0.0,0.0
2024-11-10,4.286499977111816,0.0,43.5239372253418,0.0,0.0,0.0,0.0128580503883756,0.02068618037946668,1,1,0.0,10,,183.0,-10.0,-784.4294958114624,435.23937225341797,0.0,0.0,Live,0.0,0.0,0.0,0.02068618037946668,1219.6688680648804,0.0,0.0,0,0.0,0.0
2024-11-11,4.210999965667725,-0.017613440300298988,42.70515060424805,-0.01881232887674078,0.0011988885764417923,0.0011988885764417923,0.012985885055582517,0.020779795739282923,1,1,0.0,10,10.831619380966439,183.0,-10.0,-770.6129937171936,427.05150604248047,13.816502094268799,-8.1878662109375,Live,0.0,0.0,0.0,0.020779795739282923,1197.664499759674,5.628635883331299,0.004699676649396182,0,0.0,0.0
2024-11-12,4.119500160217285,-0.02172875948621167,41.363525390625,-0.031416004735728253,0.009687245249516585,0.009687245249516585,0.013172917766710786,0.021026712997135162,1,1,0.0,10,14.51740668682602,183.0,-10.0,-753.8685293197632,413.63525390625,30.56096649169922,-21.60411834716797,Live,0.0,0.0,0.0,0.021026712997135162,1167.5037832260132,8.95684814453125,0.007671793679145041,0,0.0,0.0
2024-11-13,4.065999984741211,-0.012987055078364729,40.31784439086914,-0.025280267817618385,0.012293212739253656,0.012293212739253656,0.013004609014439145,0.020831815403098405,1,1,0.0,10,19.301938156185845,183.0,-10.0,-744.0779972076416,403.1784439086914,40.3514986038208,-32.06092834472656,Live,0.0,0.0,0.0,0.020831815403098405,1147.256441116333,8.290570259094238,0.007226431652043839,0,0.0,0.0
2024-11-14,4.072999954223633,0.0017215862047936792,40.820953369140625,0.012478568382624733,-0.010756982177831054,0.010756982177831054,0.012988299218682605,0.02086561956289462,0,0,-1.0,10,72.64483263282976,183.0,-10.0,-745.3589916229248,408.20953369140625,39.0705041885376,-27.02983856201172,Closed,-745.3589916229248,408.20953369140625,12.040665626525879,0.02086561956289462,1153.568525314331,12.040665626525879,0.010437754985769024,0,12.040665626525879,0.0
2024-11-15,4.051000118255615,-0.005401383799477855,40.544734954833984,-0.0067665841071573585,0.0013652003076795038,0.0013652003076795038,0.012863670079692887,0.02071932622985212,1,0,0.0,10,12.538242255782567,0.0,0.0,0.0,0.0,0.0,0.0,,0.0,0.0,0.0,0.02071932622985212,0.0,0.0,0.0,0,0.0,0.0
2024-11-16,4.051000118255615,0.0,40.544734954833984,0.0,0.0,0.0,0.012862779182733968,0.02055490274502952,1,0,0.0,10,,0.0,0.0,0.0,0.0,0.0,0.0,,0.0,0.0,0.0,0.02055490274502952,0.0,0.0,0.0,0,0.0,0.0
2024-11-17,4.051000118255615,0.0,40.544734954833984,0.0,0.0,0.0,0.012833950832128915,0.020542782348029448,1,0,0.0,10,,0.0,0.0,0.0,0.0,0.0,0.0,,0.0,0.0,0.0,0.020542782348029448,0.0,0.0,0.0,0,0.0,0.0
2024-11-18,4.107999801635742,0.014070521282697701,41.610145568847656,0.02627740975987436,-0.012206888477176658,0.012206888477176658,0.012908005667561676,0.02070413393092883,0,0,0.0,10,18.916517525271875,0.0,0.0,0.0,0.0,0.0,0.0,,0.0,0.0,0.0,0.02070413393092883,0.0,0.0,0.0,0,0.0,0.0
2024-11-19,4.130000114440918,0.005355480493552056,42.32041931152344,0.017069725014553727,-0.011714244521001671,0.011714244521001671,0.01291743904282196,0.020768294417649102,0,0,0.0,10,32.660887478724796,0.0,0.0,0.0,0.0,0.0,0.0,,0.0,0.0,0.0,0.020768294417649102,0.0,0.0,0.0,0,0.0,0.0
2024-11-20,4.143499851226807,0.0032687013103669393,41.95541763305664,-0.008624717911701052,0.011893419222067991,0.011893419222067991,0.012786681203160538,0.02073723916307906,1,0,0.0,10,26.717165659993572,0.0,0.0,0.0,0.0,0.0,0.0,,0.0,0.0,0.0,0.02073723916307906,0.0,0.0,0.0,0,0.0,0.0
2024-11-21,4.11299991607666,-0.007360911366055989,42.21190643310547,0.00611336543690455,-0.013474276802960539,0.013474276802960539,0.01280000327204053,0.020744384025149446,0,0,0.0,10,8.523638749413832,0.0,0.0,0.0,0.0,0.0,0.0,,0.0,0.0,0.0,0.020744384025149446,0.0,0.0,0.0,0,0.0,0.0
2024-11-22,4.073999881744385,-0.009482138372975513,42.01460647583008,-0.0046740356915189185,-0.004808102681456594,0.004808102681456594,0.012833765042967455,0.02074619707147138,0,0,0.0,10,5.083525703348253,0.0,0.0,0.0,0.0,0.0,0.0,,0.0,0.0,0.0,0.02074619707147138,0.0,0.0,0.0,0,0.0,0.0
2024-11-23,4.073999881744385,0.0,42.01460647583008,0.0,0.0,0.0,0.01251549234111412,0.020419745588597986,1,0,0.0,10,,0.0,0.0,0.0,0.0,0.0,0.0,,0.0,0.0,0.0,0.020419745588597986,0.0,0.0,0.0,0,0.0,0.0
2024-11-24,4.073999881744385,0.0,42.01460647583008,0.0,0.0,0.0,0.012512526275347307,0.020411219253043646,1,0,0.0,10,,0.0,0.0,0.0,0.0,0.0,0.0,,0.0,0.0,0.0,0.020411219253043646,0.0,0.0,0.0,0,0.0,0.0
2024-11-25,4.0914998054504395,0.004295514043697324,41.8962287902832,-0.002817536458778358,0.007113050502475682,0.007113050502475682,0.012520080138742581,0.02041354705865001,1,0,0.0,10,6.7165584565873315,0.0,0.0,0.0,0.0,0.0,0.0,,0.0,0.0,0.0,0.02041354705865001,0.0,0.0,0.0,0,0.0,0.0
2024-11-26,4.039000034332275,-0.012831424566665528,41.294471740722656,-0.014363036171410992,0.0015316116047454642,0.0015316116047454642,0.012585559956303508,0.02046576312627228,1,0,0.0,10,11.444305351779775,0.0,0.0,0.0,0.0,0.0,0.0,,0.0,0.0,0.0,0.02046576312627228,0.0,0.0,0.0,0,0.0,0.0
2024-11-27,4.066999912261963,0.0069323787303003925,41.610145568847656,0.00764445735271857,-0.0007120786224181774,0.0007120786224181774,0.012568701987410034,0.020406863030417534,0,0,0.0,10,11.282087226928448,0.0,0.0,0.0,0.0,0.0,0.0,,0.0,0.0,0.0,0.020406863030417534,0.0,0.0,0.0,0,0.0,0.0
2024-11-28,4.066999912261963,0.0,41.610145568847656,0.0,0.0,0.0,0.012562479233161977,0.020385219774446278,1,0,0.0,10,,0.0,0.0,0.0,0.0,0.0,0.0,,0.0,0.0,0.0,0.020385219774446278,0.0,0.0,0.0,0,0.0,0.0
2024-11-29,4.08050012588501,0.003319452646739496,42.05406951904297,0.010668646891917266,-0.00734919424517777,0.00734919424517777,0.012542473600441717,0.02031034220459285,0,0,0.0,10,33.1235973142397,0.0,0.0,0.0,0.0,0.0,0.0,,0.0,0.0,0.0,0.02031034220459285,0.0,0.0,0.0,0,0.0,0.0
2024-11-30,4.08050012588501,0.0,42.05406951904297,0.0,0.0,0.0,0.012505564850109653,0.02020252108345684,1,0,0.0,10,,0.0,0.0,0.0,0.0,0.0,0.0,,0.0,0.0,0.0,0.02020252108345684,0.0,0.0,0.0,0,0.0,0.0
2024-12-01,4.08050012588501,0.0,42.05406951904297,0.0,0.0,0.0,0.012436563477384876,0.019943082035348857,1,0,0.0,10,,0.0,0.0,0.0,0.0,0.0,0.0,,0.0,0.0,0.0,0.019943082035348857,0.0,0.0,0.0,0,0.0,0.0
2024-12-02,4.075500011444092,-0.0012253680398633948,41.76798629760742,-0.006802747622462579,0.0055773795825991845,0.0055773795825991845,0.012436969343367446,0.01995429472486362,1,0,0.0,10,56.895831583329446,0.0,0.0,0.0,0.0,0.0,0.0,,0.0,0.0,0.0,0.01995429472486362,0.0,0.0,0.0,0,0.0,0.0
2024-12-03,4.145999908447266,0.01729846566193327,42.16258239746094,0.009447333588024076,0.007851132073909195,0.007851132073909195,0.01255963026876673,0.0199775071688556,1,0,0.0,10,5.553919512224279,0.0,0.0,0.0,0.0,0.0,0.0,,0.0,0.0,0.0,0.0199775071688556,0.0,0.0,0.0,0,0.0,0.0
2024-12-04,4.142000198364258,-0.0009647154296502647,41.92582321166992,-0.005615386257870059,0.004650670828219794,0.004650670828219794,0.012553142688841473,0.019979546669453677,1,0,0.0,10,58.91852874291485,0.0,0.0,0.0,0.0,0.0,0.0,,0.0,0.0,0.0,0.019979546669453677,0.0,0.0,0.0,0,0.0,0.0
2024-12-05,4.135000228881836,-0.001689997379813346,42.172447204589844,0.005882388800687366,-0.007572386180500712,0.007572386180500712,0.012545505878668413,0.01998517698837213,0,0,0.0,10,35.49939569407495,0.0,0.0,0.0,0.0,0.0,0.0,,0.0,0.0,0.0,0.01998517698837213,0.0,0.0,0.0,0,0.0,0.0
2024-12-06,4.138500213623047,0.0008464291529572954,41.41284942626953,-0.01801170737461122,0.018858136527568514,0.018858136527568514,0.01238104153712092,0.019761616572589985,1,0,0.0,10,212.939583832788,0.0,0.0,0.0,0.0,0.0,0.0,,0.0,0.0,0.0,0.019761616572589985,0.0,0.0,0.0,0,0.0,0.0
2024-12-07,4.138500213623047,0.0,41.41284942626953,0.0,0.0,0.0,0.012380921357021218,0.019761559584453883,1,0,0.0,10,,0.0,0.0,0.0,0.0,0.0,0.0,,0.0,0.0,0.0,0.019761559584453883,0.0,0.0,0.0,0,0.0,0.0
2024-12-08,4.138500213623047,0.0,41.41284942626953,0.0,0.0,0.0,0.0123807449340406,0.019715709030481456,1,0,0.0,10,,0.0,0.0,0.0,0.0,0.0,0.0,,0.0,0.0,0.0,0.019715709030481456,0.0,0.0,0.0,0,0.0,0.0
2024-12-09,4.223499774932861,0.020538735513414785,42.97150421142578,0.03763698481871525,-0.01709824930530046,0.01709824930530046,0.01254895205494007,0.020074124703415276,0,0,0.0,10,18.644433946631295,0.0,0.0,0.0,0.0,0.0,0.0,,0.0,0.0,0.0,0.020074124703415276,0.0,0.0,0.0,0,0.0,0.0
2024-12-10,4.223499774932861,0.0,42.576904296875,-0.009182827592194465,0.009182827592194465,0.009182827592194465,0.01254895205494007,0.020096272170541763,1,0,0.0,10,inf,0.0,0.0,0.0,0.0,0.0,0.0,,0.0,0.0,0.0,0.020096272170541763,0.0,0.0,0.0,0,0.0,0.0
2024-12-11,4.214000225067139,-0.0022492128263161826,42.60649871826172,0.000695081567705591,-0.0029442943940217736,0.0029442943940217736,0.012551448616479687,0.020096337019219458,0,0,0.0,10,3.124543049041945,0.0,0.0,0.0,0.0,0.0,0.0,,0.0,0.0,0.0,0.020096337019219458,0.0,0.0,0.0,0,0.0,0.0
2024-12-12,4.195000171661377,-0.004508792688889596,41.284603118896484,-0.031025680098858976,0.02651688740996938,0.02651688740996938,0.012250428826115442,0.01887035538377476,1,1,1.0,10,67.72003502205442,-678.0,10.0,2844.2101163864136,-412.84603118896484,0.0,0.0,Opened,2844.2101163864136,-412.84603118896484,0.0,0.01887035538377476,3257.0561475753784,0.0,0.0,0,0.0,3257.0561475753784
2024-12-13,4.14900016784668,-0.010965435502349297,40.386898040771484,-0.021744306843393346,0.01077887134104405,0.01077887134104405,0.0122987408828661,0.01900193770816832,1,1,0.0,10,19.30264078923141,678.0,-10.0,-2813.022113800049,403.86898040771484,31.188002586364746,-8.97705078125,Live,0.0,0.0,0.0,0.01900193770816832,3216.8910942077637,22.210951805114746,0.006904477383492127,0,0.0,0.0
2024-12-14,4.14900016784668,0.0,40.386898040771484,0.0,0.0,0.0,0.012216755586904207,0.018992675007926535,1,1,0.0,10,,678.0,-10.0,-2813.022113800049,403.86898040771484,31.188002586364746,-8.97705078125,Live,0.0,0.0,0.0,0.018992675007926535,3216.8910942077637,22.210951805114746,0.006904477383492127,0,0.0,0.0
2024-12-15,4.14900016784668,0.0,40.386898040771484,0.0,0.0,0.0,0.012113477214482297,0.01871862180252492,1,1,0.0,10,,678.0,-10.0,-2813.022113800049,403.86898040771484,31.188002586364746,-8.97705078125,Live,0.0,0.0,0.0,0.01871862180252492,3216.8910942077637,22.210951805114746,0.006904477383492127,0,0.0,0.0
2024-12-16,4.143499851226807,-0.0013256968901805832,39.68648910522461,-0.017342479108937714,0.01601678221875713,0.01601678221875713,0.012114647346191915,0.018805925609549728,1,1,0.0,10,125.2974681254044,678.0,-10.0,-2809.292899131775,396.8648910522461,34.91721725463867,-15.98114013671875,Live,0.0,0.0,0.0,0.018805925609549728,3206.157790184021,18.936077117919922,0.005906158822218499,0,0.0,0.0
2024-12-17,4.0914998054504395,-0.012549788257135042,39.22283935546875,-0.011682810956810563,-0.0008669773003244785,0.0008669773003244785,0.012183525632700911,0.01884589105306061,0,0,-1.0,10,8.924161997096746,678.0,-10.0,-2774.036868095398,392.2283935546875,70.17324829101562,-20.617637634277344,Closed,-2774.036868095398,392.2283935546875,49.55561065673828,0.01884589105306061,3166.2652616500854,49.55561065673828,0.015651124135730998,0,49.55561065673828,0.0
2024-12-18,4.099999904632568,0.002077502037469481,37.69377899169922,-0.03898392846861398,0.04106143050608346,0.04106143050608346,0.01206104265479768,0.019199364737866275,1,1,1.0,10,172.51623691329016,-1726.0,10.0,7076.599835395813,-376.9377899169922,0.0,0.0,Opened,7076.599835395813,-376.9377899169922,0.0,0.019199364737866275,7453.537625312805,0.0,0.0,0,0.0,7453.537625312805
2024-12-19,4.020500183105469,-0.0193901764332417,37.78256607055664,0.002355483616460319,-0.02174566004970202,0.02174566004970202,0.012169881161184077,0.019195951755017693,0,0,-1.0,10,1.1415887789627888,1726.0,-10.0,-6939.383316040039,377.8256607055664,137.21651935577393,0.8878707885742188,Closed,-6939.383316040039,377.8256607055664,138.10439014434814,0.019195951755017693,7317.2089767456055,138.10439014434814,0.018873916350243602,0,138.10439014434814,0.0
2024-12-20,4.040999889373779,0.005098795009250923,38.38432312011719,0.015926844366176862,-0.01082804935692594,0.01082804935692594,0.012134689368682996,0.01916520037221131,0,0,0.0,10,29.670661723732227,0.0,0.0,0.0,0.0,0.0,0.0,,0.0,0.0,0.0,0.01916520037221131,0.0,0.0,0.0,0,0.0,0.0
2024-12-21,4.040999889373779,0.0,38.38432312011719,0.0,0.0,0.0,0.012071175253926586,0.018928440242015728,1,0,0.0,10,,0.0,0.0,0.0,0.0,0.0,0.0,,0.0,0.0,0.0,0.018928440242015728,0.0,0.0,0.0,0,0.0,0.0
2024-12-22,4.040999889373779,0.0,38.38432312011719,0.0,0.0,0.0,0.012026152024221444,0.018893893258832974,1,0,0.0,10,,0.0,0.0,0.0,0.0,0.0,0.0,,0.0,0.0,0.0,0.018893893258832974,0.0,0.0,0.0,0,0.0,0.0
2024-12-23,4.0229997634887695,-0.004454374258297533,38.77892303466797,0.010280236369310192,-0.014734610627607725,0.014734610627607725,0.012033447079735715,0.01892421300180097,0,0,0.0,10,22.24652249907119,0.0,0.0,0.0,0.0,0.0,0.0,,0.0,0.0,0.0,0.01892421300180097,0.0,0.0,0.0,0,0.0,0.0
2024-12-24,4.049499988555908,0.006587180369147516,38.78878402709961,0.0002542874236817205,0.006332892945465796,0.006332892945465796,0.012053113627043133,0.018924274822823946,1,0,0.0,10,0.3697686516128999,0.0,0.0,0.0,0.0,0.0,0.0,,0.0,0.0,0.0,0.018924274822823946,0.0,0.0,0.0,0,0.0,0.0
2024-12-25,4.049499988555908,0.0,38.78878402709961,0.0,0.0,0.0,0.012016219651178574,0.018890421248951444,1,0,0.0,10,,0.0,0.0,0.0,0.0,0.0,0.0,,0.0,0.0,0.0,0.018890421248951444,0.0,0.0,0.0,0,0.0,0.0
2024-12-26,4.072000026702881,0.005556250947168495,38.9268913269043,0.0035604957275330307,0.0019957552196354644,0.0019957552196354644,0.012030538270864054,0.018890860609033038,1,0,0.0,10,6.125909366823951,0.0,0.0,0.0,0.0,0.0,0.0,,0.0,0.0,0.0,0.018890860609033038,0.0,0.0,0.0,0,0.0,0.0
2024-12-27,4.0625,-0.0023330124362923588,38.70000076293945,-0.005828633015142137,0.0034956205788497785,0.0034956205788497785,0.012016497292749874,0.018889690222756272,1,0,0.0,10,23.79946846656143,0.0,0.0,0.0,0.0,0.0,0.0,,0.0,0.0,0.0,0.018889690222756272,0.0,0.0,0.0,0,0.0,0.0
2024-12-28,4.0625,0.0,38.70000076293945,0.0,0.0,0.0,0.011958558649108827,0.018529422286253972,1,0,0.0,10,,0.0,0.0,0.0,0.0,0.0,0.0,,0.0,0.0,0.0,0.018529422286253972,0.0,0.0,0.0,0,0.0,0.0
2024-12-29,4.0625,0.0,38.70000076293945,0.0,0.0,0.0,0.011958500392267583,0.01852194021096587,1,0,0.0,10,,0.0,0.0,0.0,0.0,0.0,0.0,,0.0,0.0,0.0,0.01852194021096587,0.0,0.0,0.0,0,0.0,0.0
2024-12-30,4.045499801635742,-0.00418466421274033,38.16999816894531,-0.01369515719755987,0.00951049298481954,0.00951049298481954,0.011964215981160754,0.018566238297321805,1,0,0.0,10,30.87851182650546,0.0,0.0,0.0,0.0,0.0,0.0,,0.0,0.0,0.0,0.018566238297321805,0.0,0.0,0.0,0,0.0,0.0
2024-12-31,3.9860000610351562,-0.014707636514165179,38.18000030517578,0.00026204183155043026,-0.014969678345715609,0.014969678345715609,0.0120481649101521,0.018566396188696634,0,0,0.0,10,0.1706578872160437,0.0,0.0,0.0,0.0,0.0,0.0,,0.0,0.0,0.0,0.018566396188696634,0.0,0.0,0.0,0,0.0,0.0
2025-01-01,3.9860000610351562,0.0,38.18000030517578,0.0,0.0,0.0,0.012045921220701082,0.01855057777901423,1,0,0.0,10,,0.0,0.0,0.0,0.0,0.0,0.0,,0.0,0.0,0.0,0.01855057777901423,0.0,0.0,0.0,0,0.0,0.0
2025-01-02,3.9885001182556152,0.0006272095288955004,38.52000045776367,0.008905189886596165,-0.008277980357700665,0.008277980357700665,0.011564418986873302,0.01708916734458458,0,0,0.0,10,137.12202272146166,0.0,0.0,0.0,0.0,0.0,0.0,,0.0,0.0,0.0,0.01708916734458458,0.0,0.0,0.0,0,0.0,0.0
2025-01-03,4.0395002365112305,0.012786791210606774,38.959999084472656,0.011422601803741772,0.0013641894068650018,0.0013641894068650018,0.011645990183625807,0.017060928189887782,1,0,0.0,10,8.615783228221748,0.0,0.0,0.0,0.0,0.0,0.0,,0.0,0.0,0.0,0.017060928189887782,0.0,0.0,0.0,0,0.0,0.0
2025-01-04,4.0395002365112305,0.0,38.959999084472656,0.0,0.0,0.0,0.011084008128391113,0.016158649304294954,1,0,0.0,10,,0.0,0.0,0.0,0.0,0.0,0.0,,0.0,0.0,0.0,0.016158649304294954,0.0,0.0,0.0,0,0.0,0.0
2025-01-05,4.0395002365112305,0.0,38.959999084472656,0.0,0.0,0.0,0.011058407888481435,0.016151420841140674,1,0,0.0,10,,0.0,0.0,0.0,0.0,0.0,0.0,,0.0,0.0,0.0,0.016151420841140674,0.0,0.0,0.0,0,0.0,0.0
2025-01-06,4.126999855041504,0.021661000967249322,39.560001373291016,0.015400469787420601,0.006260531179828721,0.006260531179828721,0.011290064067094919,0.016242228211681448,1,0,0.0,10,6.815179387419853,0.0,0.0,0.0,0.0,0.0,0.0,,0.0,0.0,0.0,0.016242228211681448,0.0,0.0,0.0,0,0.0,0.0
2025-01-07,4.1605000495910645,0.008117323897803619,39.18000030517578,-0.009605688951562885,0.017723012849366504,0.017723012849366504,0.011325667758592268,0.016260600609619924,1,1,1.0,10,11.143831771555183,-112.0,10.0,465.9760055541992,-391.8000030517578,0.0,0.0,Opened,465.9760055541992,-391.8000030517578,0.0,0.016260600609619924,857.776008605957,0.0,0.0,0,0.0,857.776008605957
2025-01-08,4.227499961853027,0.01610381239354819,39.439998626708984,0.006635995903727876,0.009467816489820313,0.009467816489820313,0.011412981275675568,0.016214056010795275,1,1,0.0,10,3.8444187401078667,112.0,-10.0,-473.47999572753906,394.39998626708984,-7.503990173339844,2.5999832153320312,Live,0.0,0.0,0.0,0.016214056010795275,867.8799819946289,-4.9040069580078125,-0.0056505589018622645,0,0.0,0.0
2025-01-09,4.2795000076293945,0.01230042489546812,39.439998626708984,0.0,0.01230042489546812,0.01230042489546812,0.011447384848108928,0.016102325411878674,1,1,0.0,10,0.0,112.0,-10.0,-479.3040008544922,394.39998626708984,-13.327995300292969,2.5999832153320312,Live,0.0,0.0,0.0,0.016102325411878674,873.703987121582,-10.728012084960938,-0.012278772036172543,0,0.0,0.0
2025-01-10,4.274499893188477,-0.0011683875293851953,39.16999816894531,-0.00684585362994472,0.005677466100559525,0.005677466100559525,0.011361632437394832,0.016066732494527405,1,1,0.0,10,53.69192032541055,112.0,-10.0,-478.7439880371094,391.6999816894531,-12.767982482910156,-0.1000213623046875,Live,0.0,0.0,0.0,0.016066732494527405,870.4439697265625,-12.868003845214844,-0.014783264969090593,0,0.0,0.0
2025-01-11,4.274499893188477,0.0,39.16999816894531,0.0,0.0,0.0,0.011184457224780666,0.01564085549482193,1,1,0.0,10,,112.0,-10.0,-478.7439880371094,391.6999816894531,-12.767982482910156,-0.1000213623046875,Live,0.0,0.0,0.0,0.01564085549482193,870.4439697265625,-12.868003845214844,-0.014783264969090593,0,0.0,0.0
2025-01-12,4.274499893188477,0.0,39.16999816894531,0.0,0.0,0.0,0.011173118516895151,0.015453130579753442,1,1,0.0,10,,112.0,-10.0,-478.7439880371094,391.6999816894531,-12.767982482910156,-0.1000213623046875,Live,0.0,0.0,0.0,0.015453130579753442,870.4439697265625,-12.868003845214844,-0.014783264969090593,0,0.0,0.0
2025-01-13,4.295499801635742,0.0049128340091268985,39.06999969482422,-0.002552935379005805,0.007465769388132704,0.007465769388132704,0.011186140268000709,0.015452358341234216,1,1,0.0,10,4.726475767502928,112.0,-10.0,-481.0959777832031,390.6999969482422,-15.119972229003906,-1.100006103515625,Live,0.0,0.0,0.0,0.015452358341234216,871.7959747314453,-16.21997833251953,-0.018605245725659674,1,-16.21997833251953,0.0
2025-01-14,4.310500144958496,0.0034921066268100986,39.27000045776367,0.0051190367161930705,-0.001626930089382972,0.001626930089382972,0.011193016254938697,0.015466693421379017,0,0,-1.0,10,13.354695526330918,112.0,-10.0,-482.77601623535156,392.7000045776367,-16.800010681152344,0.9000015258789062,Closed,-482.77601623535156,392.7000045776367,-15.900009155273438,0.015466693421379017,875.4760208129883,-15.900009155273438,-0.018161558714661657,1,0.0,0.0
2025-01-15,4.359499931335449,0.011367540825688804,39.720001220703125,0.011459148400658759,-9.160757496995409e-05,9.160757496995409e-05,0.0112547939639887,0.015515288496416951,0,0,0.0,10,9.184560920601117,0.0,0.0,0.0,0.0,0.0,0.0,,0.0,0.0,0.0,0.015515288496416951,0.0,0.0,0.0,0,0.0,0.0
2025-01-16,4.4105000495910645,0.011698616597980438,39.630001068115234,-0.0022658647991425918,0.01396448139712303,0.01396448139712303,0.011066847548981695,0.014875252363211845,1,0,0.0,10,1.7403465528682267,0.0,0.0,0.0,0.0,0.0,0.0,,0.0,0.0,0.0,0.014875252363211845,0.0,0.0,0.0,0,0.0,0.0
2025-01-17,4.337500095367432,-0.01655140083954909,39.83000183105469,0.005046700922255676,-0.021598101761804767,0.021598101761804767,0.011115718862812133,0.01488702781901522,0,1,1.0,10,2.799907222679735,28.0,-10.0,-121.45000267028809,398.3000183105469,0.0,0.0,Opened,-121.45000267028809,398.3000183105469,0.0,0.01488702781901522,519.750020980835,0.0,0.0,0,0.0,519.750020980835
2025-01-18,4.337500095367432,0.0,39.83000183105469,0.0,0.0,0.0,0.011094053609305493,0.014801782531832985,1,0,-1.0,10,,-28.0,10.0,121.45000267028809,-398.3000183105469,0.0,0.0,Closed,121.45000267028809,-398.3000183105469,0.0,0.014801782531832985,519.750020980835,0.0,0.0,0,0.0,0.0
2025-01-19,4.337500095367432,0.0,39.83000183105469,0.0,0.0,0.0,0.01098713292342965,0.014736769908900388,1,0,0.0,10,,0.0,0.0,0.0,0.0,0.0,0.0,,0.0,0.0,0.0,0.014736769908900388,0.0,0.0,0.0,0,0.0,0.0
2025-01-20,4.337500095367432,0.0,39.83000183105469,0.0,0.0,0.0,0.01098713292342965,0.014736769908900388,1,0,0.0,10,,0.0,0.0,0.0,0.0,0.0,0.0,,0.0,0.0,0.0,0.014736769908900388,0.0,0.0,0.0,0,0.0,0.0
2025-01-21,4.310999870300293,-0.006109561840803579,40.34000015258789,0.012804376050406407,-0.018913937891209986,0.018913937891209986,0.011002988215167684,0.01480434065702717,0,1,1.0,10,19.611293578298206,197.0,-10.0,-849.2669744491577,403.4000015258789,0.0,0.0,Opened,-849.2669744491577,403.4000015258789,0.0,0.01480434065702717,1252.6669759750366,0.0,0.0,0,0.0,1252.6669759750366
2025-01-22,4.271500110626221,-0.009162551812213482,39.209999084472656,-0.0280119252315556,0.01884937341934212,0.01884937341934212,0.010863275689865125,0.01498109109297158,1,0,-1.0,10,28.06357050847246,-197.0,10.0,841.4855217933655,-392.09999084472656,-7.781452655792236,11.300010681152344,Closed,841.4855217933655,-392.09999084472656,3.5185580253601074,0.01498109109297158,1233.585512638092,3.5185580253601074,0.00285230167614037,0,3.5185580253601074,0.0
2025-01-23,4.299499988555908,0.0065550455822376286,39.45000076293945,0.006120930478721753,0.00043411510351587523,0.00043411510351587523,0.010787035749419983,0.0148894580337188,1,0,0.0,10,8.56782908937895,0.0,0.0,0.0,0.0,0.0,0.0,,0.0,0.0,0.0,0.0148894580337188,0.0,0.0,0.0,0,0.0,0.0
2025-01-24,4.289999961853027,-0.0022095654676513865,39.939998626708984,0.012420731414277908,-0.014630296881929294,0.014630296881929294,0.010765044663922639,0.014877120290277653,0,0,0.0,10,52.334858477662365,0.0,0.0,0.0,0.0,0.0,0.0,,0.0,0.0,0.0,0.014877120290277653,0.0,0.0,0.0,0,0.0,0.0
2025-01-25,4.289999961853027,0.0,39.939998626708984,0.0,0.0,0.0,0.010714157768342267,0.014768028304818808,1,0,0.0,10,,0.0,0.0,0.0,0.0,0.0,0.0,,0.0,0.0,0.0,0.014768028304818808,0.0,0.0,0.0,0,0.0,0.0
2025-01-26,4.289999961853027,0.0,39.939998626708984,0.0,0.0,0.0,0.010622888840904466,0.014643921412904616,1,0,0.0,10,,0.0,0.0,0.0,0.0,0.0,0.0,,0.0,0.0,0.0,0.014643921412904616,0.0,0.0,0.0,0,0.0,0.0
2025-01-27,4.203499794006348,-0.020163209467563004,39.099998474121094,-0.021031551864555076,0.0008683423969920723,0.0008683423969920723,0.010811167701585755,0.014777969476910673,1,0,0.0,10,9.702359612545576,0.0,0.0,0.0,0.0,0.0,0.0,,0.0,0.0,0.0,0.014777969476910673,0.0,0.0,0.0,0,0.0,0.0
2025-01-28,4.2204999923706055,0.0040442962287039474,37.9900016784668,-0.028388665958362203,0.03243296218706615,0.03243296218706615,0.010819768746849048,0.01502264767051632,1,1,1.0,10,63.18404636792153,-632.0,10.0,2667.3559951782227,-379.90001678466797,0.0,0.0,Opened,2667.3559951782227,-379.90001678466797,0.0,0.01502264767051632,3047.2560119628906,0.0,0.0,0,0.0,3047.2560119628906
2025-01-29,4.257500171661377,0.008766776296092127,38.540000915527344,0.01447747335510896,-0.005710697059016834,0.005710697059016834,0.010844700298383412,0.015067923936751349,0,0,-1.0,10,14.948922697218581,632.0,-10.0,-2690.7401084899902,385.40000915527344,-23.384113311767578,5.499992370605469,Closed,-2690.7401084899902,385.40000915527344,-17.88412094116211,0.015067923936751349,3076.1401176452637,-17.88412094116211,-0.005813818700447273,0,-17.88412094116211,0.0
2025-01-30,4.288000106811523,0.007163813017121878,39.09000015258789,0.01427086725467519,-0.007107054237553312,0.007107054237553312,0.010853134613454557,0.015075957619575293,0,0,0.0,10,18.160048717295,0.0,0.0,0.0,0.0,0.0,0.0,,0.0,0.0,0.0,0.015075957619575293,0.0,0.0,0.0,0,0.0,0.0
2025-01-31,4.26200008392334,-0.006063438022513634,38.18000030517578,-0.023279607159373827,0.017216169136860193,0.017216169136860193,0.010823848634115561,0.015130266626077703,1,1,1.0,10,34.39372212603783,-344.0,10.0,1466.128028869629,-381.8000030517578,0.0,0.0,Opened,1466.128028869629,-381.8000030517578,0.0,0.015130266626077703,1847.9280319213867,0.0,0.0,0,0.0,1847.9280319213867
2025-02-01,4.26200008392334,0.0,38.18000030517578,0.0,0.0,0.0,0.010817991124533839,0.015130890159643211,1,1,0.0,10,,344.0,-10.0,-1466.128028869629,381.8000030517578,0.0,0.0,Live,0.0,0.0,0.0,0.015130890159643211,1847.9280319213867,0.0,0.0,0,0.0,0.0
2025-02-02,4.26200008392334,0.0,38.18000030517578,0.0,0.0,0.0,0.010807549517849405,0.0151271797799327,1,1,0.0,10,,344.0,-10.0,-1466.128028869629,381.8000030517578,0.0,0.0,Live,0.0,0.0,0.0,0.0151271797799327,1847.9280319213867,0.0,0.0,0,0.0,0.0
2025-02-03,4.294000148773193,0.007508227174973792,38.029998779296875,-0.003928798446305226,0.011437025621279018,0.011437025621279018,0.010834453483284804,0.0151286276724059,1,1,0.0,10,4.634326217370348,344.0,-10.0,-1477.1360511779785,380.29998779296875,-11.00802230834961,-1.5000152587890625,Live,0.0,0.0,0.0,0.0151286276724059,1857.4360389709473,-12.508037567138672,-0.006734034068849201,0,0.0,0.0
2025-02-04,4.34250020980835,0.011294843818068445,39.25,0.03207997002006957,-0.020785126202001125,0.020785126202001125,0.010893660848229023,0.015494990767287423,0,0,-1.0,10,25.67163543805692,344.0,-10.0,-1493.8200721740723,392.5,-27.69204330444336,10.699996948242188,Closed,-1493.8200721740723,392.5,-16.992046356201172,0.015494990767287423,1886.3200721740723,-16.992046356201172,-0.009008039837384036,0,-16.992046356201172,0.0
2025-02-05,4.434500217437744,0.021185953525481693,39.619998931884766,0.009426724379229645,0.011759229146252048,0.011759229146252048,0.011094678990710488,0.015522551096426158,1,0,0.0,10,3.975415923688292,0.0,0.0,0.0,0.0,0.0,0.0,,0.0,0.0,0.0,0.015522551096426158,0.0,0.0,0.0,0,0.0,0.0
2025-02-06,4.453499794006348,0.00428449106708606,40.45000076293945,0.020949062428841536,-0.016664571361755476,0.016664571361755476,0.011101827908948588,0.015675776564028174,0,1,1.0,10,44.41017114783505,445.0,-10.0,-1981.8074083328247,404.50000762939453,0.0,0.0,Opened,-1981.8074083328247,404.50000762939453,0.0,0.015675776564028174,2386.3074159622192,0.0,0.0,0,0.0,2386.3074159622192
2025-02-07,4.581500053405762,0.02874149889300104,41.16999816894531,0.017799688317077234,0.010941810575923805,0.010941810575923805,0.01145808206145528,0.015744145785467616,1,0,-1.0,10,5.565140537652455,-445.0,10.0,2038.767523765564,-411.6999816894531,56.96011543273926,-7.199974060058594,Closed,2038.767523765564,-411.6999816894531,49.760141372680664,0.015744145785467616,2450.467505455017,49.760141372680664,0.02030638694939189,0,49.760141372680664,0.0
2025-02-08,4.581500053405762,0.0,41.16999816894531,0.0,0.0,0.0,0.011451607884419521,0.01564503133403631,1,0,0.0,10,,0.0,0.0,0.0,0.0,0.0,0.0,,0.0,0.0,0.0,0.01564503133403631,0.0,0.0,0.0,0,0.0,0.0
2025-02-09,4.581500053405762,0.0,41.16999816894531,0.0,0.0,0.0,0.011428554581419684,0.015592447826574376,1,0,0.0,10,,0.0,0.0,0.0,0.0,0.0,0.0,,0.0,0.0,0.0,0.015592447826574376,0.0,0.0,0.0,0,0.0,0.0
2025-02-10,4.700500011444092,0.025974016512314346,41.77000045776367,0.014573774969728781,0.011400241542585565,0.011400241542585565,0.011706799829844461,0.01566473344583384,1,0,0.0,10,4.986012570136113,0.0,0.0,0.0,0.0,0.0,0.0,,0.0,0.0,0.0,0.01566473344583384,0.0,0.0,0.0,0,0.0,0.0
2025-02-11,4.5945000648498535,-0.022550781052263602,40.4900016784668,-0.0306439733126449,0.008093192260381299,0.008093192260381299,0.011938229040927095,0.015955554618462126,1,0,0.0,10,11.975482483490563,0.0,0.0,0.0,0.0,0.0,0.0,,0.0,0.0,0.0,0.015955554618462126,0.0,0.0,0.0,0,0.0,0.0
2025-02-12,4.697999954223633,0.02252690998213347,40.86000061035156,0.009138032021409837,0.013388877960723633,0.013388877960723633,0.012067971303776417,0.01597037308887582,1,0,0.0,10,3.528063657156354,0.0,0.0,0.0,0.0,0.0,0.0,,0.0,0.0,0.0,0.01597037308887582,0.0,0.0,0.0,0,0.0,0.0
2025-02-13,4.769000053405762,0.015112835222209409,42.08000183105469,0.029858081313734575,-0.014745246091525166,0.014745246091525166,0.012119433774346954,0.016046207320984718,0,0,0.0,10,17.432688582539598,0.0,0.0,0.0,0.0,0.0,0.0,,0.0,0.0,0.0,0.016046207320984718,0.0,0.0,0.0,0,0.0,0.0
2025-02-14,4.656499862670898,-0.02358989085238561,41.66999816894531,-0.009743432610946234,-0.013846458241439374,0.013846458241439374,0.011202110833960688,0.015587689833891824,0,0,0.0,10,3.6961530078298326,0.0,0.0,0.0,0.0,0.0,0.0,,0.0,0.0,0.0,0.015587689833891824,0.0,0.0,0.0,0,0.0,0.0
2025-02-15,4.656499862670898,0.0,41.66999816894531,0.0,0.0,0.0,0.010310408128920022,0.014371080630914327,1,0,0.0,10,,0.0,0.0,0.0,0.0,0.0,0.0,,0.0,0.0,0.0,0.014371080630914327,0.0,0.0,0.0,0,0.0,0.0
2025-02-16,4.656499862670898,0.0,41.66999816894531,0.0,0.0,0.0,0.009897777404713416,0.013472633955997433,1,0,0.0,10,,0.0,0.0,0.0,0.0,0.0,0.0,,0.0,0.0,0.0,0.013472633955997433,0.0,0.0,0.0,0,0.0,0.0
2025-02-17,4.656499862670898,0.0,41.66999816894531,0.0,0.0,0.0,0.009897777404713416,0.013472633955997433,1,0,0.0,10,,0.0,0.0,0.0,0.0,0.0,0.0,,0.0,0.0,0.0,0.013472633955997433,0.0,0.0,0.0,0,0.0,0.0
2025-02-18,4.585000038146973,-0.015354843043614896,41.369998931884766,-0.007199406053349011,-0.008155436990265885,0.008155436990265885,0.010029738918165505,0.013489996048689652,0,0,0.0,10,4.230556051426491,0.0,0.0,0.0,0.0,0.0,0.0,,0.0,0.0,0.0,0.013489996048689652,0.0,0.0,0.0,0,0.0,0.0
2025-02-19,4.557000160217285,-0.006106843554357644,40.130001068115234,-0.029973359820752554,0.02386651626639491,0.02386651626639491,0.009882166721579808,0.013688438930415965,1,1,1.0,10,43.22238827651838,-433.0,10.0,1973.1810693740845,-401.30001068115234,0.0,0.0,Opened,1973.1810693740845,-401.30001068115234,0.0,0.013688438930415965,2374.481080055237,0.0,0.0,0,0.0,2374.481080055237
2025-02-20,4.607999801635742,0.011191494322007056,41.119998931884766,0.02466976918563102,-0.013478274863623962,0.013478274863623962,0.009668834010021674,0.013558492844437551,0,0,-1.0,10,19.67060196232166,433.0,-10.0,-1995.2639141082764,411.19998931884766,-22.082844734191895,9.899978637695312,Closed,-1995.2639141082764,411.19998931884766,-12.182866096496582,0.013558492844437551,2406.463903427124,-12.182866096496582,-0.005062559251001672,0,-12.182866096496582,0.0
2025-02-21,4.559999942779541,-0.01041663648491531,39.27000045776367,-0.04499023643423761,0.0345735999493223,0.0345735999493223,0.009634179400216485,0.014064014417897857,1,1,1.0,10,37.19519466667158,-372.0,10.0,1696.3199787139893,-392.7000045776367,0.0,0.0,Opened,1696.3199787139893,-392.7000045776367,0.0,0.014064014417897857,2089.019983291626,0.0,0.0,0,0.0,2089.019983291626
2025-02-22,4.559999942779541,0.0,39.27000045776367,0.0,0.0,0.0,0.009634763715801513,0.014005938921194346,1,1,0.0,10,,372.0,-10.0,-1696.3199787139893,392.7000045776367,0.0,0.0,Live,0.0,0.0,0.0,0.014005938921194346,2089.019983291626,0.0,0.0,0,0.0,0.0
2025-02-23,4.559999942779541,0.0,39.27000045776367,0.0,0.0,0.0,0.00961263304339146,0.013990668658261983,1,1,0.0,10,,372.0,-10.0,-1696.3199787139893,392.7000045776367,0.0,0.0,Live,0.0,0.0,0.0,0.013990668658261983,2089.019983291626,0.0,0.0,0,0.0,0.0
2025-02-24,4.517000198364258,-0.00942976863045153,39.18000030517578,-0.0022918296801317517,-0.007137938950319778,0.007137938950319778,0.009670895572074093,0.01399217833270795,0,0,-1.0,10,2.1081214531246903,372.0,-10.0,-1680.324073791504,391.8000030517578,15.995904922485352,-0.9000015258789062,Closed,-1680.324073791504,391.8000030517578,15.095903396606445,0.01399217833270795,2072.1240768432617,15.095903396606445,0.007285231403519047,0,15.095903396606445,0.0
2025-02-25,4.486000061035156,-0.006862992244350052,39.130001068115234,-0.001276141824173016,-0.005586850420177036,0.005586850420177036,0.009703333384046175,0.013992534615979473,0,0,0.0,10,1.6219446104248454,0.0,0.0,0.0,0.0,0.0,0.0,,0.0,0.0,0.0,0.013992534615979473,0.0,0.0,0.0,0,0.0,0.0
2025-02-26,4.541999816894531,0.012483226727030505,39.400001525878906,0.0069000881777046,0.005583138549325906,0.005583138549325906,0.009683124272000267,0.013753485588478017,1,0,0.0,10,4.794870790194951,0.0,0.0,0.0,0.0,0.0,0.0,,0.0,0.0,0.0,0.013753485588478017,0.0,0.0,0.0,0,0.0,0.0
2025-02-27,4.579999923706055,0.008366382286097318,38.689998626708984,-0.01802037745362961,0.026386759739726928,0.026386759739726928,0.009701307582946284,0.013749577945157408,1,1,1.0,10,18.19530844127441,-182.0,10.0,833.559986114502,-386.89998626708984,0.0,0.0,Opened,833.559986114502,-386.89998626708984,0.0,0.013749577945157408,1220.4599723815918,0.0,0.0,0,0.0,1220.4599723815918
2025-02-28,4.514500141143799,-0.014301262806409532,38.220001220703125,-0.012147775205176736,-0.0021534876012327953,0.0021534876012327953,0.00981967246422889,0.013774314903974367,0,0,-1.0,10,7.191233405152133,182.0,-10.0,-821.6390256881714,382.20001220703125,11.920960426330566,-4.699974060058594,Closed,-821.6390256881714,382.20001220703125,7.220986366271973,0.013774314903974367,1203.8390378952026,7.220986366271973,0.005998298891268036,0,7.220986366271973,0.0
2025-03-01,4.514500141143799,0.0,38.220001220703125,0.0,0.0,0.0,0.009784606939006178,0.013756708230964159,1,0,0.0,10,,0.0,0.0,0.0,0.0,0.0,0.0,,0.0,0.0,0.0,0.013756708230964159,0.0,0.0,0.0,0,0.0,0.0
2025-03-02,4.514500141143799,0.0,38.220001220703125,0.0,0.0,0.0,0.009727985199040716,0.013751691021580303,1,0,0.0,10,,0.0,0.0,0.0,0.0,0.0,0.0,,0.0,0.0,0.0,0.013751691021580303,0.0,0.0,0.0,0,0.0,0.0
2025-03-03,4.576499938964844,0.01373348009362041,37.75,-0.012297258129037814,0.026030738222658223,0.026030738222658223,0.009809271884926724,0.013798897346393234,1,1,1.0,10,7.386031951093468,-74.0,10.0,338.66099548339844,-377.5,0.0,0.0,Opened,338.66099548339844,-377.5,0.0,0.013798897346393234,716.1609954833984,0.0,0.0,0,0.0,716.1609954833984
2025-03-04,4.527500152587891,-0.01070682552833957,37.720001220703125,-0.0007946696502483253,-0.009912155878091244,0.009912155878091244,0.009880798556945318,0.013798559008972389,0,0,-1.0,10,0.6183567781039676,74.0,-10.0,-335.0350112915039,377.20001220703125,3.6259841918945312,-0.29998779296875,Closed,-335.0350112915039,377.20001220703125,3.3259963989257812,0.013798559008972389,712.2350234985352,3.3259963989257812,0.004669801805853797,0,3.3259963989257812,0.0
2025-03-05,4.766499996185303,0.052788478308675835,40.59000015258789,0.07608692574245013,-0.023298447433774294,0.023298447433774294,0.011147744708550709,0.015803004426703522,0,1,1.0,10,12.274119572702615,123.0,-10.0,-586.2794995307922,405.9000015258789,0.0,0.0,Opened,-586.2794995307922,405.9000015258789,0.0,0.015803004426703522,992.1795010566711,0.0,0.0,0,0.0,992.1795010566711
2025-03-06,4.7789998054504395,0.002622429303501539,40.119998931884766,-0.011579236731615539,0.014201666035117078,0.014201666035117078,0.011052526131048113,0.015780227948114397,1,0,-1.0,10,37.068075913092706,-123.0,10.0,587.816976070404,-401.19998931884766,1.5374765396118164,4.70001220703125,Closed,587.816976070404,-401.19998931884766,6.237488746643066,0.015780227948114397,989.0169653892517,6.237488746643066,0.006306756066806347,0,6.237488746643066,0.0
2025-03-07,4.683000087738037,-0.02008782624408456,39.95000076293945,-0.0042372426089525295,-0.01585058363513203,0.01585058363513203,0.011252863792091995,0.015765549582538296,0,1,1.0,10,1.7994633830065945,18.0,-10.0,-84.29400157928467,399.50000762939453,0.0,0.0,Opened,-84.29400157928467,399.50000762939453,0.0,0.015765549582538296,483.7940092086792,0.0,0.0,0,0.0,483.7940092086792
2025-03-08,4.683000087738037,0.0,39.95000076293945,0.0,0.0,0.0,0.011252863792091995,0.015765549582538296,1,0,-1.0,10,,-18.0,10.0,84.29400157928467,-399.50000762939453,0.0,0.0,Closed,84.29400157928467,-399.50000762939453,0.0,0.015765549582538296,483.7940092086792,0.0,0.0,0,0.0,0.0
2025-03-09,4.683000087738037,0.0,39.95000076293945,0.0,0.0,0.0,0.011252259428861051,0.01572672769498097,1,0,0.0,10,,0.0,0.0,0.0,0.0,0.0,0.0,,0.0,0.0,0.0,0.01572672769498097,0.0,0.0,0.0,0,0.0,0.0
2025-03-10,4.639500141143799,-0.009288905782457335,38.61000061035156,-0.0335419305881709,0.024253024805713563,0.024253024805713563,0.011302497955093858,0.016072188935709913,1,1,1.0,10,30.05052849214138,-301.0,10.0,1396.4895424842834,-386.1000061035156,0.0,0.0,Opened,1396.4895424842834,-386.1000061035156,0.0,0.016072188935709913,1782.589548587799,0.0,0.0,0,0.0,1782.589548587799
2025-03-11,4.739999771118164,0.02166173659164672,39.31999969482422,0.018388994386141055,0.003272742205505663,0.003272742205505663,0.011482557391708783,0.016185390711394458,1,1,0.0,10,7.042062817936171,301.0,-10.0,-1426.7399311065674,393.1999969482422,-30.250388622283936,7.0999908447265625,Live,0.0,0.0,0.0,0.016185390711394458,1819.9399280548096,-23.150397777557373,-0.012720418636180486,0,0.0,0.0
2025-03-12,4.821000099182129,0.01708867763190991,39.58000183105469,0.006612465367457521,0.01047621226445239,0.01047621226445239,0.011583226752220389,0.016188579021764418,1,1,0.0,10,3.1768274220126407,301.0,-10.0,-1451.1210298538208,395.8000183105469,-54.63148736953735,9.70001220703125,Live,0.0,0.0,0.0,0.016188579021764418,1846.9210481643677,-44.9314751625061,-0.024327772541854427,1,-44.9314751625061,0.0
2025-03-13,4.898499965667725,0.016075474982616855,40.189998626708984,0.015411742481924007,0.0006637325006928485,0.0006637325006928485,0.011567276046260259,0.016236177000774447,1,1,0.0,10,7.8657984094636415,301.0,-10.0,-1474.448489665985,401.89998626708984,-77.95894718170166,15.799980163574219,Live,0.0,0.0,0.0,0.016236177000774447,1876.348475933075,-62.15896701812744,-0.033127624114287664,1,0.0,0.0
2025-03-14,4.869500160217285,-0.005920139972173333,41.31999969482422,0.028116474414713544,-0.034036614386886876,0.034036614386886876,0.011589551298117727,0.01647432033725079,0,0,-1.0,10,40.29997834587818,301.0,-10.0,-1465.7195482254028,413.1999969482422,-69.23000574111938,27.099990844726562,Closed,-1465.7195482254028,413.1999969482422,-42.13001489639282,0.01647432033725079,1878.919545173645,-42.13001489639282,-0.0224224688090619,1,0.0,0.0
2025-03-15,4.869500160217285,0.0,41.31999969482422,0.0,0.0,0.0,0.01158581114447944,0.016463559571157735,1,0,0.0,10,,0.0,0.0,0.0,0.0,0.0,0.0,,0.0,0.0,0.0,0.016463559571157735,0.0,0.0,0.0,0,0.0,0.0
2025-03-16,4.869500160217285,0.0,41.31999969482422,0.0,0.0,0.0,0.011586751881445067,0.01636352024562127,1,0,0.0,10,,0.0,0.0,0.0,0.0,0.0,0.0,,0.0,0.0,0.0,0.01636352024562127,0.0,0.0,0.0,0,0.0,0.0
2025-03-17,4.933499813079834,0.013142961445080426,42.16999816894531,0.02057111520810495,-0.007428153763024525,0.007428153763024525,0.011641754953325171,0.016490938927559495,0,0,0.0,10,13.378673916047035,0.0,0.0,0.0,0.0,0.0,0.0,,0.0,0.0,0.0,0.016490938927559495,0.0,0.0,0.0,0,0.0,0.0
2025-03-18,4.993000030517578,0.012060447895426263,42.650001525878906,0.0113825795061826,0.0006778683892436632,0.0006778683892436632,0.011685045455318155,0.016527983948046648,1,0,0.0,10,8.061850459403328,0.0,0.0,0.0,0.0,0.0,0.0,,0.0,0.0,0.0,0.016527983948046648,0.0,0.0,0.0,0,0.0,0.0
2025-03-19,5.076000213623047,0.016623309152446586,43.13999938964844,0.01148881233854615,0.0051344968139004354,0.0051344968139004354,0.011628538401501427,0.016135565920498057,1,0,0.0,10,5.873759450366185,0.0,0.0,0.0,0.0,0.0,0.0,,0.0,0.0,0.0,0.016135565920498057,0.0,0.0,0.0,0,0.0,0.0
2025-03-20,5.085000038146973,0.00177301500101823,42.61000061035156,-0.012285553704111773,0.014058568705130003,0.014058568705130003,0.01162695342152746,0.0161566964634466,1,0,0.0,10,58.06345902096471,0.0,0.0,0.0,0.0,0.0,0.0,,0.0,0.0,0.0,0.0161566964634466,0.0,0.0,0.0,0,0.0,0.0
2025-03-21,5.087500095367432,0.000491653333668518,41.7400016784668,-0.02041771695430139,0.02090937028796991,0.02090937028796991,0.01162024397748616,0.01628674419786848,1,1,1.0,10,340.71889812420153,-3408.0,10.0,17338.200325012207,-417.40001678466797,0.0,0.0,Opened,17338.200325012207,-417.40001678466797,0.0,0.01628674419786848,17755.600341796875,0.0,0.0,0,0.0,17755.600341796875
2025-03-22,5.087500095367432,0.0,41.7400016784668,0.0,0.0,0.0,0.011603658214094587,0.01598388277011728,1,1,0.0,10,,3408.0,-10.0,-17338.200325012207,417.40001678466797,0.0,0.0,Live,0.0,0.0,0.0,0.01598388277011728,17755.600341796875,0.0,0.0,0,0.0,0.0
2025-03-23,5.087500095367432,0.0,41.7400016784668,0.0,0.0,0.0,0.011531514070413603,0.0158290049041076,1,1,0.0,10,,3408.0,-10.0,-17338.200325012207,417.40001678466797,0.0,0.0,Live,0.0,0.0,0.0,0.0158290049041076,17755.600341796875,0.0,0.0,0,0.0,0.0
2025-03-24,5.064000129699707,-0.00461915778421762,42.4900016784668,0.017968374936288445,-0.022587532720506065,0.022587532720506065,0.011549275382956338,0.01592550181839501,0,0,-1.0,10,32.639165309955075,3408.0,-10.0,-17258.1124420166,424.90001678466797,80.08788299560547,7.5,Closed,-17258.1124420166,424.90001678466797,87.58788299560547,0.01592550181839501,17683.01245880127,87.58788299560547,0.0049532218110275,0,87.58788299560547,0.0
2025-03-25,5.064000129699707,0.0,42.4900016784668,0.0,0.0,0.0,0.011549275382956338,0.01592550181839501,1,0,0.0,10,,0.0,0.0,0.0,0.0,0.0,0.0,,0.0,0.0,0.0,0.01592550181839501,0.0,0.0,0.0,0,0.0,0.0
