index,XME_Close,XME_dailyReturns,TIO=F_Close,TIO=F_dailyReturns,spread,abs_sprd,XME_rolling avg,TIO=F_rolling avg,isSprdPos,signal,axe,leverage,ratio,XME_Size,TIO=F_Size,XME_Cashflow,TIO=F_Cashflow,XME_MTM,TIO=F_MTM,Live Trades,XME_PnL,TIO=F_PnL,Total PnL,riskThreshold,grossCashflow,totalMTM,totalMTM in %,isStoppedOut,Adjusted PnL
2020-01-01,27.486347198486328,0.0,92.58000183105469,0.0,0.0,0.0,,,1,0,,10,,0.0,0.0,0.0,0.0,0.0,0.0,,0.0,0.0,0.0,,0.0,0.0,0.0,0,0.0
2020-01-02,27.486347198486328,0.0,92.58000183105469,0.0,0.0,0.0,,,1,0,0.0,10,,0.0,0.0,0.0,0.0,0.0,0.0,,0.0,0.0,0.0,,0.0,0.0,0.0,0,0.0
2020-01-03,27.241273880004883,-0.008916183613330131,93.41000366210938,0.008965238870585868,-0.017881422483916,0.017881422483916,,,0,0,0.0,10,3.4478537718522504,0.0,0.0,0.0,0.0,0.0,0.0,,0.0,0.0,0.0,,0.0,0.0,0.0,0,0.0
2020-01-04,27.241273880004883,0.0,93.41000366210938,0.0,0.0,0.0,,,1,0,0.0,10,,0.0,0.0,0.0,0.0,0.0,0.0,,0.0,0.0,0.0,,0.0,0.0,0.0,0,0.0
2020-01-05,27.241273880004883,0.0,93.41000366210938,0.0,0.0,0.0,,,1,0,0.0,10,,0.0,0.0,0.0,0.0,0.0,0.0,,0.0,0.0,0.0,,0.0,0.0,0.0,0,0.0
2020-01-06,26.986766815185547,-0.009342700563138684,93.8499984741211,0.004710360719000883,-0.014053061282139567,0.014053061282139567,,,0,0,0.0,10,1.7533360013682104,0.0,0.0,0.0,0.0,0.0,0.0,,0.0,0.0,0.0,,0.0,0.0,0.0,0,0.0
2020-01-07,27.118736267089844,0.004890154230333232,93.7300033569336,-0.0012785841144216104,0.006168738344754843,0.006168738344754843,,,1,0,0.0,10,0.9036826261943693,0.0,0.0,0.0,0.0,0.0,0.0,,0.0,0.0,0.0,,0.0,0.0,0.0,0,0.0
2020-01-08,26.666284561157227,-0.01668409993284581,94.61000061035156,0.009388639943464394,-0.026072739876310203,0.026072739876310203,,,0,0,0.0,10,1.9965235516911732,0.0,0.0,0.0,0.0,0.0,0.0,,0.0,0.0,0.0,,0.0,0.0,0.0,0,0.0
2020-01-09,26.22325897216797,-0.01661369764404974,93.56999969482422,-0.01099250511381511,-0.005621192530234631,0.005621192530234631,,,0,0,0.0,10,2.3609149272355823,0.0,0.0,0.0,0.0,0.0,0.0,,0.0,0.0,0.0,,0.0,0.0,0.0,0,0.0
2020-01-10,25.978181838989258,-0.009345792353224414,93.55999755859375,-0.00010689469128022377,-0.00923889766194419,0.00923889766194419,,,0,0,0.0,10,0.0411928138406165,0.0,0.0,0.0,0.0,0.0,0.0,,0.0,0.0,0.0,,0.0,0.0,0.0,0,0.0
2020-01-11,25.978181838989258,0.0,93.55999755859375,0.0,0.0,0.0,,,1,0,0.0,10,,0.0,0.0,0.0,0.0,0.0,0.0,,0.0,0.0,0.0,,0.0,0.0,0.0,0,0.0
2020-01-12,25.978181838989258,0.0,93.55999755859375,0.0,0.0,0.0,,,1,0,0.0,10,,0.0,0.0,0.0,0.0,0.0,0.0,,0.0,0.0,0.0,,0.0,0.0,0.0,0,0.0
2020-01-13,26.204410552978516,0.00870841213566842,94.02999877929688,0.005023527500722436,0.003684884634945984,0.003684884634945984,,,1,0,0.0,10,2.0699594850851537,0.0,0.0,0.0,0.0,0.0,0.0,,0.0,0.0,0.0,,0.0,0.0,0.0,0,0.0
2020-01-14,26.4871883392334,0.010791228662945018,94.83000183105469,0.008507955568898273,0.002283273094046745,0.002283273094046745,,,1,0,0.0,10,2.822696711711391,0.0,0.0,0.0,0.0,0.0,0.0,,0.0,0.0,0.0,,0.0,0.0,0.0,0,0.0
2020-01-15,26.41178321838379,-0.002846852594690752,94.58999633789062,-0.0025309025469771873,-0.0003159500477135646,0.0003159500477135646,,,0,0,0.0,10,3.1838890608284545,0.0,0.0,0.0,0.0,0.0,0.0,,0.0,0.0,0.0,,0.0,0.0,0.0,0,0.0
2020-01-16,26.31751823425293,-0.0035690503496653703,94.55000305175781,-0.0004228067203845276,-0.0031462436292808427,0.0031462436292808427,,,0,0,0.0,10,0.42560411823833627,0.0,0.0,0.0,0.0,0.0,0.0,,0.0,0.0,0.0,,0.0,0.0,0.0,0,0.0
2020-01-17,25.883920669555664,-0.016475625126875615,94.80999755859375,0.002749809608082243,-0.019225434734957858,0.019225434734957858,,,0,0,0.0,10,0.6113427955553852,0.0,0.0,0.0,0.0,0.0,0.0,,0.0,0.0,0.0,,0.0,0.0,0.0,0,0.0
2020-01-18,25.883920669555664,0.0,94.80999755859375,0.0,0.0,0.0,,,1,0,0.0,10,,0.0,0.0,0.0,0.0,0.0,0.0,,0.0,0.0,0.0,,0.0,0.0,0.0,0,0.0
2020-01-19,25.883920669555664,0.0,94.80999755859375,0.0,0.0,0.0,,,1,0,0.0,10,,0.0,0.0,0.0,0.0,0.0,0.0,,0.0,0.0,0.0,,0.0,0.0,0.0,0,0.0
2020-01-20,25.883920669555664,0.0,94.80999755859375,0.0,0.0,0.0,,,1,0,0.0,10,,0.0,0.0,0.0,0.0,0.0,0.0,,0.0,0.0,0.0,,0.0,0.0,0.0,0,0.0
2020-01-21,25.14868927001953,-0.028404947184098805,94.80000305175781,-0.00010541617016457394,-0.02829953101393423,0.02829953101393423,,,0,0,0.0,10,0.01398963051399699,0.0,0.0,0.0,0.0,0.0,0.0,,0.0,0.0,0.0,,0.0,0.0,0.0,0,0.0
2020-01-22,25.044994354248047,-0.004123273171739439,94.76000213623047,-0.00042195057214822196,-0.003701322599591217,0.003701322599591217,,,0,0,0.0,10,0.3871895215440484,0.0,0.0,0.0,0.0,0.0,0.0,,0.0,0.0,0.0,,0.0,0.0,0.0,0,0.0
2020-01-23,24.865907669067383,-0.0071505979457443525,94.4000015258789,-0.0037990776934978543,-0.003351520252246498,0.003351520252246498,,,0,0,0.0,10,2.0169888621771745,0.0,0.0,0.0,0.0,0.0,0.0,,0.0,0.0,0.0,,0.0,0.0,0.0,0,0.0
2020-01-24,24.507719039916992,-0.01440480813801015,94.3499984741211,-0.0005296933363301282,-0.013875114801680022,0.013875114801680022,,,0,0,0.0,10,0.14156504648418236,0.0,0.0,0.0,0.0,0.0,0.0,,0.0,0.0,0.0,,0.0,0.0,0.0,0,0.0
2020-01-25,24.507719039916992,0.0,94.3499984741211,0.0,0.0,0.0,,,1,0,0.0,10,,0.0,0.0,0.0,0.0,0.0,0.0,,0.0,0.0,0.0,,0.0,0.0,0.0,0,0.0
2020-01-26,24.507719039916992,0.0,94.3499984741211,0.0,0.0,0.0,,,1,0,0.0,10,,0.0,0.0,0.0,0.0,0.0,0.0,,0.0,0.0,0.0,,0.0,0.0,0.0,0,0.0
2020-01-27,24.026992797851562,-0.019615299215828497,94.01000213623047,-0.003603564847792562,-0.016011734368035935,0.016011734368035935,,,0,0,0.0,10,0.7188065879364286,0.0,0.0,0.0,0.0,0.0,0.0,,0.0,0.0,0.0,,0.0,0.0,0.0,0,0.0
2020-01-28,23.678224563598633,-0.014515683972074811,93.5999984741211,-0.004361277021515564,-0.010154406950559247,0.010154406950559247,,,0,0,0.0,10,1.1876893862717828,0.0,0.0,0.0,0.0,0.0,0.0,,0.0,0.0,0.0,,0.0,0.0,0.0,0,0.0
2020-01-29,23.85732078552246,0.00756375214884808,93.33999633789062,-0.002777800646036943,0.010341552794885023,0.010341552794885023,,,1,0,0.0,10,1.4368449126721574,0.0,0.0,0.0,0.0,0.0,0.0,,0.0,0.0,0.0,,0.0,0.0,0.0,0,0.0
2020-01-30,23.93273162841797,0.0031609099602361024,92.9000015258789,-0.004713893606969277,0.00787480356720538,0.00787480356720538,0.009167904378213347,0.00415786437171133,1,0,0.0,10,5.788834074463704,0.0,0.0,0.0,0.0,0.0,0.0,,0.0,0.0,0.0,0.009167904378213347,0.0,0.0,0.0,0,0.0
2020-01-31,23.46142578125,-0.01969293996546284,92.44000244140625,-0.004951550881778122,-0.01474138908368472,0.01474138908368472,0.009527863397984043,0.004259956326878838,0,1,1.0,10,0.9906864802945898,10.0,-10.0,-234.6142578125,924.4000244140625,0.0,0.0,Opened,-234.6142578125,924.4000244140625,0.0,0.009527863397984043,1159.0142822265625,0.0,0.0,0,0.0
2020-02-01,23.46142578125,0.0,92.44000244140625,0.0,0.0,0.0,0.009527863397984043,0.004259956326878838,1,0,-1.0,10,,-10.0,10.0,234.6142578125,-924.4000244140625,0.0,0.0,Closed,234.6142578125,-924.4000244140625,0.0,0.009527863397984043,1159.0142822265625,0.0,0.0,0,0.0
2020-02-02,23.46142578125,0.0,92.44000244140625,0.0,0.0,0.0,0.009547619776020134,0.0039060853668345277,1,0,0.0,10,,0.0,0.0,0.0,0.0,0.0,0.0,,0.0,0.0,0.0,0.009547619776020134,0.0,0.0,0.0,0,0.0
2020-02-03,23.65937614440918,0.00843726911590248,78.33000183105469,-0.15263955254972317,0.16107682166562565,0.16107682166562565,0.009818054210313848,0.028076692339016107,1,1,1.0,10,59.89492569405964,-599.0,10.0,14171.966310501099,-783.3000183105469,0.0,0.0,Opened,14171.966310501099,-783.3000183105469,0.0,0.028076692339016107,14955.266328811646,0.0,0.0,0,0.0
2020-02-04,24.21551513671875,0.023506071711911547,81.62999725341797,0.04212939289189399,-0.018623321179982444,0.018623321179982444,0.011060551353393889,0.02938087645214529,0,0,-1.0,10,6.041728616407411,599.0,-10.0,-14505.093566894531,816.2999725341797,-333.1272563934326,32.99995422363281,Closed,-14505.093566894531,816.2999725341797,-300.1273021697998,0.02938087645214529,15321.393539428711,-300.1273021697998,-0.01958877313590567,0,-300.1273021697998
2020-02-05,25.21466636657715,0.0412607877312241,79.87000274658203,-0.021560634154771385,0.06282142188599549,0.06282142188599549,0.013731366211961119,0.029502816917401652,1,1,1.0,10,1.6552152870352042,-17.0,10.0,428.6493282318115,-798.7000274658203,0.0,0.0,Opened,428.6493282318115,-798.7000274658203,0.0,0.029502816917401652,1227.3493556976318,0.0,0.0,0,0.0
2020-02-06,25.158111572265625,-0.002242932485773008,80.95999908447266,0.013647130341901459,-0.015890062827674467,0.015890062827674467,0.013666488313666559,0.029691240008133703,0,0,-1.0,10,19.580221214295673,17.0,-10.0,-427.6878967285156,809.5999908447266,0.9614315032958984,10.89996337890625,Closed,-427.6878967285156,809.5999908447266,11.861394882202148,0.029691240008133703,1237.2878875732422,11.861394882202148,0.009586608744280627,0,11.861394882202148
2020-02-07,24.564273834228516,-0.023604225473415785,81.6500015258789,0.00852275752481546,-0.032126982998231246,0.032126982998231246,0.013970761259810472,0.029677789349753413,0,1,1.0,10,1.2001696646986657,13.0,-10.0,-319.3355598449707,816.5000152587891,0.0,0.0,Opened,-319.3355598449707,816.5000152587891,0.0,0.029677789349753413,1135.8355751037598,0.0,0.0,0,0.0
2020-02-08,24.564273834228516,0.0,81.6500015258789,0.0,0.0,0.0,0.013724836111679836,0.029661842377573494,1,0,-1.0,10,,-13.0,10.0,319.3355598449707,-816.5000152587891,0.0,0.0,Closed,319.3355598449707,-816.5000152587891,0.0,0.029661842377573494,1135.8355751037598,0.0,0.0,0,0.0
2020-02-09,24.564273834228516,0.0,81.6500015258789,0.0,0.0,0.0,0.013660271860868064,0.029662340637410228,1,0,0.0,10,,0.0,0.0,0.0,0.0,0.0,0.0,,0.0,0.0,0.0,0.029662340637410228,0.0,0.0,0.0,0,0.0
2020-02-10,24.52657127380371,-0.0015348534493321297,81.25,-0.0048989775677117375,0.003364124118379608,0.003364124118379608,0.013656272533785967,0.02965269490090153,1,0,0.0,10,10.573653302289303,0.0,0.0,0.0,0.0,0.0,0.0,,0.0,0.0,0.0,0.02965269490090153,0.0,0.0,0.0,0,0.0
2020-02-11,24.809350967407227,0.011529524059710194,83.36000061035156,0.025969238281249973,-0.014439714221539779,0.014439714221539779,0.013869966734269839,0.030155073432733454,0,0,0.0,10,7.568157082002343,0.0,0.0,0.0,0.0,0.0,0.0,,0.0,0.0,0.0,0.030155073432733454,0.0,0.0,0.0,0,0.0
2020-02-12,24.564273834228516,-0.009878417758718339,84.47000122070312,0.013315746187911204,-0.023194163946629542,0.023194163946629542,0.013816002246697002,0.030272334030347903,0,0,0.0,10,4.635287651327183,0.0,0.0,0.0,0.0,0.0,0.0,,0.0,0.0,0.0,0.030272334030347903,0.0,0.0,0.0,0,0.0
2020-02-13,24.535995483398438,-0.0011511983224463673,85.13999938964844,0.007931788318491284,-0.009082986640937651,0.009082986640937651,0.013603353392474198,0.030264909030631833,0,0,0.0,10,23.90842277948686,0.0,0.0,0.0,0.0,0.0,0.0,,0.0,0.0,0.0,0.030264909030631833,0.0,0.0,0.0,0,0.0
2020-02-14,24.158950805664062,-0.015367001432221916,84.86000061035156,-0.0032886866490970945,-0.012078314783124822,0.012078314783124822,0.01380622187847154,0.030264732429307536,0,0,0.0,10,0.751723841716061,0.0,0.0,0.0,0.0,0.0,0.0,,0.0,0.0,0.0,0.030264732429307536,0.0,0.0,0.0,0,0.0
2020-02-15,24.158950805664062,0.0,84.86000061035156,0.0,0.0,0.0,0.013815415917443542,0.030266133527666376,1,0,0.0,10,,0.0,0.0,0.0,0.0,0.0,0.0,,0.0,0.0,0.0,0.030266133527666376,0.0,0.0,0.0,0,0.0
2020-02-16,24.158950805664062,0.0,84.86000061035156,0.0,0.0,0.0,0.013576667112666432,0.030251926813020677,1,0,0.0,10,,0.0,0.0,0.0,0.0,0.0,0.0,,0.0,0.0,0.0,0.030251926813020677,0.0,0.0,0.0,0,0.0
2020-02-17,24.158950805664062,0.0,84.86000061035156,0.0,0.0,0.0,0.013576667112666432,0.030251926813020677,1,0,0.0,10,,0.0,0.0,0.0,0.0,0.0,0.0,,0.0,0.0,0.0,0.030251926813020677,0.0,0.0,0.0,0,0.0
2020-02-18,24.37575340270996,0.008974007140867712,85.43000030517578,0.006716941912850771,0.002257065228016941,0.002257065228016941,0.013725035191151511,0.030301277962077364,1,0,0.0,10,2.6232370769270514,0.0,0.0,0.0,0.0,0.0,0.0,,0.0,0.0,0.0,0.030301277962077364,0.0,0.0,0.0,0,0.0
2020-02-19,24.658531188964844,0.01160078138234888,85.69999694824219,0.0031604429603409034,0.008440338422007976,0.008440338422007976,0.013942359950010022,0.030317487642216874,1,0,0.0,10,0.9468350290025531,0.0,0.0,0.0,0.0,0.0,0.0,,0.0,0.0,0.0,0.030317487642216874,0.0,0.0,0.0,0,0.0
2020-02-20,24.30976676940918,-0.014143762938797488,86.1500015258789,0.005250928747506212,-0.0193946916863037,0.0193946916863037,0.013218485900837601,0.030350117031614998,0,0,0.0,10,1.3156660067921926,0.0,0.0,0.0,0.0,0.0,0.0,,0.0,0.0,0.0,0.030350117031614998,0.0,0.0,0.0,0,0.0
2020-02-21,24.17780303955078,-0.005428424349363081,86.41999816894531,0.003134029463543353,-0.008562453812906434,0.008562453812906434,0.013231103550192193,0.03036624727807344,0,0,0.0,10,2.0636056229677116,0.0,0.0,0.0,0.0,0.0,0.0,,0.0,0.0,0.0,0.03036624727807344,0.0,0.0,0.0,0,0.0
2020-02-22,24.17780303955078,0.0,86.41999816894531,0.0,0.0,0.0,0.013182475838427361,0.03036890185196252,1,0,0.0,10,,0.0,0.0,0.0,0.0,0.0,0.0,,0.0,0.0,0.0,0.03036890185196252,0.0,0.0,0.0,0,0.0
2020-02-23,24.17780303955078,0.0,86.41999816894531,0.0,0.0,0.0,0.012931743980338072,0.03037021171507597,1,0,0.0,10,,0.0,0.0,0.0,0.0,0.0,0.0,,0.0,0.0,0.0,0.03037021171507597,0.0,0.0,0.0,0,0.0
2020-02-24,23.45199966430664,-0.03001940970636785,86.55999755859375,0.0016199883431464723,-0.03163939804951432,0.03163939804951432,0.014017843932155308,0.030376128189716533,0,1,1.0,10,0.1991806281245708,2.0,-10.0,-46.90399932861328,865.5999755859375,0.0,0.0,Opened,-46.90399932861328,865.5999755859375,0.0,0.030376128189716533,912.5039749145508,0.0,0.0,0,0.0
2020-02-25,22.603652954101562,-0.036173747328516304,86.7300033569336,0.0019640226794688243,-0.03813777000798513,0.03813777000798513,0.015384897675251783,0.030383549872778907,0,1,0.0,10,0.20832612233304598,-2.0,10.0,45.207305908203125,-867.3000335693359,-1.6966934204101562,-1.7000579833984375,Live,0.0,0.0,0.0,0.030383549872778907,912.5073394775391,-3.3967514038085938,-0.0037224373513022064,0,0.0
2020-02-26,22.226619720458984,-0.016680190339507184,86.66999816894531,-0.0006918619354980837,-0.0159883284040091,0.0159883284040091,0.015281802616048995,0.030383940496998108,0,1,0.0,10,0.16173864619742873,-2.0,10.0,44.45323944091797,-866.6999816894531,-2.4507598876953125,-1.100006103515625,Live,0.0,0.0,0.0,0.030383940496998108,911.1532211303711,-3.5507659912109375,-0.0038970020726106624,0,0.0
2020-02-27,21.265151977539062,-0.043257488318609094,86.58000183105469,-0.001038379367623743,-0.04221910895098535,0.04221910895098535,0.016879779105963544,0.030381912241123042,0,1,0.0,10,0.09773358978144475,-2.0,10.0,42.530303955078125,-865.8000183105469,-4.373695373535156,-0.200042724609375,Live,0.0,0.0,0.0,0.030381912241123042,908.330322265625,-4.573738098144531,-0.005035324689741033,0,0.0
2020-02-28,20.859834671020508,-0.019060165050626687,86.45999908447266,-0.0013860330797427212,-0.017674131970883966,0.017674131970883966,0.01698098776632794,0.030381914638993455,0,1,0.0,10,0.3014055902287194,-2.0,10.0,41.719669342041016,-864.5999908447266,-5.184329986572266,0.9999847412109375,Live,0.0,0.0,0.0,0.030381914638993455,906.3196601867676,-4.184345245361328,-0.0046168536656250505,0,0.0
2020-02-29,20.859834671020508,0.0,86.45999908447266,0.0,0.0,0.0,0.016942697446012595,0.03037990680287935,1,0,-1.0,10,,-2.0,10.0,41.719669342041016,-864.5999908447266,-5.184329986572266,0.9999847412109375,Closed,41.719669342041016,-864.5999908447266,-4.184345245361328,0.03037990680287935,906.3196601867676,-4.184345245361328,-0.0046168536656250505,0,-4.184345245361328
2020-03-01,20.859834671020508,0.0,86.45999908447266,0.0,0.0,0.0,0.016710898730925784,0.030376224224968447,1,0,0.0,10,,0.0,0.0,0.0,0.0,0.0,0.0,,0.0,0.0,0.0,0.030376224224968447,0.0,0.0,0.0,0,0.0
2020-03-02,21.40654945373535,0.026208970077522542,87.0999984741211,0.007402259963282587,0.018806710114239955,0.018806710114239955,0.017577642285766415,0.03042086004713402,1,0,0.0,10,1.1491741734657557,0.0,0.0,0.0,0.0,0.0,0.0,,0.0,0.0,0.0,0.03042086004713402,0.0,0.0,0.0,0,0.0
2020-03-03,21.11433982849121,-0.013650477666925065,87.13999938964844,0.0004592527695534976,-0.014109730436478563,0.014109730436478563,0.017676363642321304,0.03042175192658917,0,0,0.0,10,0.1388493914638628,0.0,0.0,0.0,0.0,0.0,0.0,,0.0,0.0,0.0,0.03042175192658917,0.0,0.0,0.0,0,0.0
2020-03-04,21.623350143432617,0.024107327961756075,89.62999725341797,0.02857468305267541,-0.004467355090919334,0.004467355090919334,0.018258794700163214,0.01144252979241506,0,0,0.0,10,4.9131808230751925,0.0,0.0,0.0,0.0,0.0,0.0,,0.0,0.0,0.0,0.018258794700163214,0.0,0.0,0.0,0,0.0
2020-03-05,20.81270980834961,-0.03748911846248826,90.12000274658203,0.005466981012825833,-0.04295609947531409,0.04295609947531409,0.018617149792505526,0.008986387528325103,0,1,1.0,10,0.6314440926111121,7.0,-10.0,-145.68896865844727,901.2000274658203,0.0,0.0,Opened,-145.68896865844727,901.2000274658203,0.0,0.018617149792505526,1046.8889961242676,0.0,0.0,0,0.0
2020-03-06,20.096332550048828,-0.034420181941583916,89.18000030517578,-0.010430563834419093,-0.023989618107164823,0.023989618107164823,0.017226781036365955,0.008109815438201181,0,1,0.0,10,1.3447615541338458,-7.0,10.0,140.6743278503418,-891.8000030517578,-5.014640808105469,9.4000244140625,Live,0.0,0.0,0.0,0.017226781036365955,1032.4743309020996,4.385383605957031,0.004247450493152123,0,0.0
2020-03-07,20.096332550048828,0.0,89.18000030517578,0.0,0.0,0.0,0.01725473130763137,0.007913772382070234,1,0,-1.0,10,,-7.0,10.0,140.6743278503418,-891.8000030517578,-5.014640808105469,9.4000244140625,Closed,140.6743278503418,-891.8000030517578,4.385383605957031,0.01725473130763137,1032.4743309020996,4.385383605957031,0.004247450493152123,0,4.385383605957031
2020-03-08,20.096332550048828,0.0,89.18000030517578,0.0,0.0,0.0,0.01702293219732214,0.007871138733469367,1,0,0.0,10,,0.0,0.0,0.0,0.0,0.0,0.0,,0.0,0.0,0.0,0.01702293219732214,0.0,0.0,0.0,0,0.0
2020-03-09,17.49473762512207,-0.12945620393410717,88.06999969482422,-0.012446743737980714,-0.11700946019612646,0.11700946019612646,0.028109256007047907,0.008346980313249644,0,1,1.0,10,0.4840090045245514,5.0,-10.0,-87.47368812561035,880.6999969482422,0.0,0.0,Opened,-87.47368812561035,880.6999969482422,0.0,0.028109256007047907,968.1736850738525,0.0,0.0,0,0.0
2020-03-10,18.182844161987305,0.03933220100866941,90.1500015258789,0.02361759780018402,0.01571460320848539,0.01571460320848539,0.02951457311025158,0.009170397749105373,1,0,-1.0,10,2.97708609508551,-5.0,10.0,90.91422080993652,-901.5000152587891,3.440532684326172,-20.800018310546875,Closed,90.91422080993652,-901.5000152587891,-17.359485626220703,0.02951457311025158,992.4142360687256,-17.359485626220703,-0.017492177152745463,0,-17.359485626220703
2020-03-11,16.797212600708008,-0.076205435680743,89.58999633789062,-0.006211926550301006,-0.069993509130442,0.069993509130442,0.03187136737930919,0.009214135464014348,0,1,1.0,10,0.43477309553174565,5.0,-10.0,-83.98606300354004,895.8999633789062,0.0,0.0,Opened,-83.98606300354004,895.8999633789062,0.0,0.03187136737930919,979.8860263824463,0.0,0.0,0,0.0
2020-03-12,14.874300003051758,-0.11447807700994383,89.4800033569336,-0.0012277373083283694,-0.11325033970161547,0.11325033970161547,0.036611338284540704,0.008187924917197942,0,1,0.0,10,0.06451676499660913,-5.0,10.0,74.37150001525879,-894.8000335693359,-9.61456298828125,1.0999298095703125,Live,0.0,0.0,0.0,0.036611338284540704,969.1715335845947,-8.514633178710938,-0.0087854759283102,0,0.0
2020-03-13,15.84518051147461,0.06527234950375194,90.12999725341797,0.007264124632311075,0.05800822487144086,0.05800822487144086,0.03951604904522713,0.007981581163747004,1,0,-1.0,10,0.6330327924787048,-5.0,10.0,79.22590255737305,-901.2999725341797,-4.760160446166992,-5.4000091552734375,Closed,79.22590255737305,-901.2999725341797,-10.16016960144043,0.03951604904522713,980.5258750915527,-10.16016960144043,-0.010361959698913365,0,-10.16016960144043
2020-03-14,15.84518051147461,0.0,90.12999725341797,0.0,0.0,0.0,0.0395292281536679,0.007916087881153656,1,0,0.0,10,,0.0,0.0,0.0,0.0,0.0,0.0,,0.0,0.0,0.0,0.0395292281536679,0.0,0.0,0.0,0,0.0
2020-03-15,15.84518051147461,0.0,90.12999725341797,0.0,0.0,0.0,0.03960607487486757,0.007863921597131729,1,0,0.0,10,,0.0,0.0,0.0,0.0,0.0,0.0,,0.0,0.0,0.0,0.03960607487486757,0.0,0.0,0.0,0,0.0
2020-03-16,14.704632759094238,-0.07198073581770936,89.98999786376953,-0.0015533051582682367,-0.07042743065944113,0.07042743065944113,0.04093888550950768,0.007882906505132,0,1,1.0,10,0.13206281837949643,2.0,-10.0,-29.409265518188477,899.8999786376953,0.0,0.0,Opened,-29.409265518188477,899.8999786376953,0.0,0.04093888550950768,929.3092441558838,0.0,0.0,0,0.0
2020-03-17,16.12796401977539,0.09679475060680298,89.94999694824219,-0.00044450401685636187,0.09723925462365934,0.09723925462365934,0.04574061072416832,0.00788718891206537,1,0,-1.0,10,0.02561211786694588,-2.0,10.0,32.25592803955078,-899.4999694824219,2.8466625213623047,0.4000091552734375,Closed,32.25592803955078,-899.4999694824219,3.246671676635742,0.04574061072416832,931.7558975219727,3.246671676635742,0.003484465926398045,0,3.246671676635742
2020-03-18,13.733745574951172,-0.14845137562859978,90.44000244140625,0.005447532071024108,-0.1538989076996239,0.1538989076996239,0.051966103917095,0.00790288352577843,0,1,1.0,10,0.2416501879065115,3.0,-10.0,-41.201236724853516,904.4000244140625,0.0,0.0,Opened,-41.201236724853516,904.4000244140625,0.0,0.051966103917095,945.601261138916,0.0,0.0,0,0.0
2020-03-19,14.346442222595215,0.04461249440659021,89.97000122070312,-0.005196828925426278,0.049809323332016486,0.049809323332016486,0.05298449989014543,0.007964828894051946,1,0,-1.0,10,0.7305255782912,-3.0,10.0,43.039326667785645,-899.7000122070312,1.838089942932129,4.70001220703125,Closed,43.039326667785645,-899.7000122070312,6.538102149963379,0.05298449989014543,942.7393388748169,6.538102149963379,0.006935217276248139,0,6.538102149963379
2020-03-20,13.705470085144043,-0.044678124897172045,89.56999969482422,-0.0044459433194590225,-0.04023218157771302,0.04023218157771302,0.05296625023517439,0.008039357739465222,0,0,0.0,10,0.6503357379725319,0.0,0.0,0.0,0.0,0.0,0.0,,0.0,0.0,0.0,0.05296625023517439,0.0,0.0,0.0,0,0.0
2020-03-21,13.705470085144043,0.0,89.56999969482422,0.0,0.0,0.0,0.05306438360784511,0.008012087915112136,1,0,0.0,10,,0.0,0.0,0.0,0.0,0.0,0.0,,0.0,0.0,0.0,0.05306438360784511,0.0,0.0,0.0,0,0.0
2020-03-22,13.705470085144043,0.0,89.56999969482422,0.0,0.0,0.0,0.05311620857833639,0.008008174968061341,1,0,0.0,10,,0.0,0.0,0.0,0.0,0.0,0.0,,0.0,0.0,0.0,0.05311620857833639,0.0,0.0,0.0,0,0.0
2020-03-23,13.56423568725586,-0.0103049656094083,88.55000305175781,-0.011387703991756815,0.0010827383823485137,0.0010827383823485137,0.05303357929740206,0.00833159034718556,1,0,0.0,10,7.21411192734341,0.0,0.0,0.0,0.0,0.0,0.0,,0.0,0.0,0.0,0.05303357929740206,0.0,0.0,0.0,0,0.0
2020-03-24,15.289385795593262,0.12718373140318184,88.45999908447266,-0.001016419697157378,0.12820015110033922,0.12820015110033922,0.05921742585539225,0.008337210498082821,1,1,1.0,10,0.046237931942278,-1.0,10.0,15.289385795593262,-884.5999908447266,0.0,0.0,Opened,15.289385795593262,-884.5999908447266,0.0,0.05921742585539225,899.8893766403198,0.0,0.0,0,0.0
2020-03-25,15.39365291595459,0.006819575472507111,88.7699966430664,0.0035043812096100524,0.0033151942628970588,0.0033151942628970588,0.059243431571271606,0.008350601251737843,1,1,0.0,10,2.963319754264584,1.0,-10.0,-15.39365291595459,887.6999664306641,-0.10426712036132812,3.0999755859375,Live,0.0,0.0,0.0,0.059243431571271606,903.0936193466187,2.995708465576172,0.0033171626965358744,0,0.0
2020-03-26,15.678019523620605,0.018472977740799035,88.5999984741211,-0.0019150408400808727,0.020388018580879907,0.020388018580879907,0.05932090573092852,0.008363165278570206,1,1,0.0,10,0.5858462396778938,1.0,-10.0,-15.678019523620605,885.9999847412109,-0.38863372802734375,1.399993896484375,Live,0.0,0.0,0.0,0.05932090573092852,901.6780042648315,1.0113601684570312,0.001121642275483505,0,0.0
2020-03-27,14.85335636138916,-0.05259995760236191,88.48999786376953,-0.0012415418989391025,-0.05135841570342281,0.05135841570342281,0.05981297591042426,0.008367022601642623,0,0,-1.0,10,0.1406195067580723,1.0,-10.0,-14.85335636138916,884.8999786376953,0.43602943420410156,0.29998779296875,Closed,-14.85335636138916,884.8999786376953,0.7360172271728516,0.05981297591042426,899.7533349990845,0.7360172271728516,0.0008180211159468506,0,0.7360172271728516
2020-03-28,14.85335636138916,0.0,88.48999786376953,0.0,0.0,0.0,0.05954364778801307,0.00836161605970103,1,0,0.0,10,,0.0,0.0,0.0,0.0,0.0,0.0,,0.0,0.0,0.0,0.05954364778801307,0.0,0.0,0.0,0,0.0
2020-03-29,14.85335636138916,0.0,88.48999786376953,0.0,0.0,0.0,0.059546789097329696,0.008353168243858278,1,0,0.0,10,,0.0,0.0,0.0,0.0,0.0,0.0,,0.0,0.0,0.0,0.059546789097329696,0.0,0.0,0.0,0,0.0
2020-03-30,15.080851554870605,0.015316079944921457,88.22000122070312,-0.0030511543630282745,0.01836723430794973,0.01836723430794973,0.05969649081736693,0.008381861984321282,1,0,0.0,10,1.1653536739863646,0.0,0.0,0.0,0.0,0.0,0.0,,0.0,0.0,0.0,0.05969649081736693,0.0,0.0,0.0,0,0.0
2020-03-31,15.289385795593262,0.013827749710546566,88.0199966430664,-0.002267111481174866,0.016094861191721432,0.016094861191721432,0.05982152131837006,0.008398646081886445,1,0,0.0,10,0.9438710692928878,0.0,0.0,0.0,0.0,0.0,0.0,,0.0,0.0,0.0,0.05982152131837006,0.0,0.0,0.0,0,0.0
2020-04-01,14.986063003540039,-0.019838782022273738,80.33999633789062,-0.08725290386364448,0.06741412184137074,0.06741412184137074,0.05948939071500759,0.018027249670346666,1,1,1.0,10,23.5781180330126,-236.0,10.0,3536.710868835449,-803.3999633789062,0.0,0.0,Opened,3536.710868835449,-803.3999633789062,0.0,0.05948939071500759,4340.1108322143555,0.0,0.0,0,0.0
2020-04-02,15.279908180236816,0.019607896792330548,81.7300033569336,0.01730155691315871,0.002306339879171837,0.002306339879171837,0.0597295900861972,0.018382156658526966,1,1,0.0,10,4.719705991872055,236.0,-10.0,-3606.0583305358887,817.3000335693359,-69.34746170043945,13.900070190429688,Live,0.0,0.0,0.0,0.0597295900861972,4423.358364105225,-55.447391510009766,-0.012535134381142527,0,0.0
2020-04-03,14.872316360473633,-0.026675017608441265,82.37999725341797,0.007952941022719706,-0.03462795863116097,0.03462795863116097,0.05947944669510583,0.017568365357921015,0,0,-1.0,10,1.6514529499751704,236.0,-10.0,-3509.8666610717773,823.7999725341797,26.844207763671875,20.400009155273438,Closed,-3509.8666610717773,823.7999725341797,47.24421691894531,0.05947944669510583,4333.666633605957,47.24421691894531,0.01090167308961519,0,47.24421691894531
2020-04-04,14.872316360473633,0.0,82.37999725341797,0.0,0.0,0.0,0.05928951897753438,0.01750950946483243,1,0,0.0,10,,0.0,0.0,0.0,0.0,0.0,0.0,,0.0,0.0,0.0,0.05928951897753438,0.0,0.0,0.0,0,0.0
2020-04-05,14.872316360473633,0.0,82.37999725341797,0.0,0.0,0.0,0.05912134722775485,0.017456931180624996,1,0,0.0,10,,0.0,0.0,0.0,0.0,0.0,0.0,,0.0,0.0,0.0,0.05912134722775485,0.0,0.0,0.0,0,0.0
2020-04-06,15.981342315673828,0.07456982008180435,82.48999786376953,0.001335283005814869,0.07323453707598948,0.07323453707598948,0.061017246984720774,0.01746518773027284,1,1,1.0,10,0.09242687398626566,-1.0,10.0,15.981342315673828,-824.8999786376953,0.0,0.0,Opened,15.981342315673828,-824.8999786376953,0.0,0.061017246984720774,840.8813209533691,0.0,0.0,0,0.0
2020-04-07,16.009775161743164,0.0017791275293221886,81.9000015258789,-0.007152337897559313,0.008931465426881502,0.008931465426881502,0.06102390452930377,0.017479526071715577,1,1,0.0,10,20.565516483649894,1.0,-10.0,-16.009775161743164,819.0000152587891,-0.028432846069335938,-5.89996337890625,Live,0.0,0.0,0.0,0.06102390452930377,835.0097904205322,-5.928396224975586,-0.00709979247307974,0,0.0
2020-04-08,16.493202209472656,0.030195742466432973,82.87000274658203,0.011843726527851484,0.01835201593858149,0.01835201593858149,0.0566652977044651,0.017573827645144355,1,1,0.0,10,1.9707658494032,1.0,-10.0,-16.493202209472656,828.7000274658203,-0.5118598937988281,3.800048828125,Live,0.0,0.0,0.0,0.0566652977044651,845.193229675293,3.288188934326172,0.0038904582039653002,0,0.0
2020-04-09,17.611705780029297,0.06781603453053187,83.3499984741211,0.005792152909743553,0.06202388162078831,0.06202388162078831,0.05758483157592854,0.016973453624571443,1,1,0.0,10,0.40421441937040625,1.0,-10.0,-17.611705780029297,833.4999847412109,-1.6303634643554688,8.600006103515625,Live,0.0,0.0,0.0,0.05758483157592854,851.1116905212402,6.969642639160156,0.008188869588774874,0,0.0
2020-04-10,17.611705780029297,0.0,83.3499984741211,0.0,0.0,0.0,0.05573238952374577,0.016964044053367943,1,1,0.0,10,,1.0,-10.0,-17.611705780029297,833.4999847412109,-1.6303634643554688,8.600006103515625,Live,0.0,0.0,0.0,0.05573238952374577,851.1116905212402,6.969642639160156,0.008188869588774874,0,0.0
2020-04-11,17.611705780029297,0.0,83.3499984741211,0.0,0.0,0.0,0.051133041028312065,0.01696809320122253,1,1,0.0,10,,1.0,-10.0,-17.611705780029297,833.4999847412109,-1.6303634643554688,8.600006103515625,Live,0.0,0.0,0.0,0.051133041028312065,851.1116905212402,6.969642639160156,0.008188869588774874,0,0.0
2020-04-12,17.611705780029297,0.0,83.3499984741211,0.0,0.0,0.0,0.049939456051617835,0.016879743926666243,1,1,0.0,10,,1.0,-10.0,-17.611705780029297,833.4999847412109,-1.6303634643554688,8.600006103515625,Live,0.0,0.0,0.0,0.049939456051617835,851.1116905212402,6.969642639160156,0.008188869588774874,0,0.0
2020-04-13,17.583267211914062,-0.001614753759257237,83.83999633789062,0.00587879871313568,-0.007493552472392917,0.007493552472392917,0.049945620765941216,0.016943270626202444,0,0,-1.0,10,17.35937003420468,1.0,-10.0,-17.583267211914062,838.3999633789062,-1.6019248962402344,13.499984741210938,Closed,-17.583267211914062,838.3999633789062,11.898059844970703,0.049945620765941216,855.9832305908203,11.898059844970703,0.013899874927173952,0,11.898059844970703
2020-04-14,17.772842407226562,0.010781568239152328,84.25,0.004890311068919795,0.005891257170232533,0.005891257170232533,0.049949461663816815,0.016989248781045123,1,0,0.0,10,2.1501441095255065,0.0,0.0,0.0,0.0,0.0,0.0,,0.0,0.0,0.0,0.049949461663816815,0.0,0.0,0.0,0,0.0
2020-04-15,16.739648818969727,-0.05813327798578416,84.22000122070312,-0.00035606859699555127,-0.05777720938878861,0.05777720938878861,0.04927242705269801,0.016991981420744966,0,1,1.0,10,0.030816106163769987,1.0,-10.0,-16.739648818969727,842.2000122070312,0.0,0.0,Opened,-16.739648818969727,842.2000122070312,0.0,0.04927242705269801,858.939661026001,0.0,0.0,0,0.0
2020-04-16,16.6922550201416,-0.0028312301733843803,84.04000091552734,-0.0021372631508764783,-0.000693967022507902,0.000693967022507902,0.046167767514060605,0.016989244398346637,0,1,0.0,10,3.800614818196983,-1.0,10.0,16.6922550201416,-840.4000091552734,-0.047393798828125,1.8000030517578125,Live,0.0,0.0,0.0,0.046167767514060605,857.092264175415,1.7526092529296875,0.002044831491526557,0,0.0
2020-04-17,17.014535903930664,0.019307210643510153,84.16999816894531,0.0015468497382411517,0.017760360905269,0.017760360905269,0.03642316414015336,0.016944231304251166,1,0,-1.0,10,0.39633808212821503,-1.0,10.0,17.014535903930664,-841.6999816894531,0.2748870849609375,0.500030517578125,Closed,17.014535903930664,-841.6999816894531,0.7749176025390625,0.03642316414015336,858.7145175933838,0.7749176025390625,0.0009024158630866416,0,0.7749176025390625
2020-04-18,17.014535903930664,0.0,84.16999816894531,0.0,0.0,0.0,0.03577272565977241,0.01693958553173616,1,0,0.0,10,,0.0,0.0,0.0,0.0,0.0,0.0,,0.0,0.0,0.0,0.03577272565977241,0.0,0.0,0.0,0,0.0
2020-04-19,17.014535903930664,0.0,84.16999816894531,0.0,0.0,0.0,0.034484043237431754,0.016937553727324115,1,0,0.0,10,,0.0,0.0,0.0,0.0,0.0,0.0,,0.0,0.0,0.0,0.034484043237431754,0.0,0.0,0.0,0,0.0
2020-04-20,16.9102725982666,-0.006127895950425288,84.43000030517578,0.0030890120219391193,-0.009216907972364408,0.009216907972364408,0.03454985980483171,0.016959031655605278,0,0,0.0,10,2.516832991729329,0.0,0.0,0.0,0.0,0.0,0.0,,0.0,0.0,0.0,0.03454985980483171,0.0,0.0,0.0,0,0.0
2020-04-21,16.54058837890625,-0.021861517442258505,83.91999816894531,-0.006040532208776983,-0.01582098523348152,0.01582098523348152,0.034943663154174714,0.016972514274016512,0,0,0.0,10,1.4018753915393094,0.0,0.0,0.0,0.0,0.0,0.0,,0.0,0.0,0.0,0.034943663154174714,0.0,0.0,0.0,0,0.0
2020-04-22,16.919750213623047,0.02292311651986534,84.12999725341797,0.0025023723671906417,0.020420744152674697,0.020420744152674697,0.03490754083749259,0.016897525562773626,1,0,0.0,10,0.5427942034818589,0.0,0.0,0.0,0.0,0.0,0.0,,0.0,0.0,0.0,0.03490754083749259,0.0,0.0,0.0,0,0.0
2020-04-23,17.052452087402344,0.007843016126352298,84.04000091552734,-0.001069729476152692,0.00891274560250499,0.00891274560250499,0.02668427895056215,0.01689746925554611,1,0,0.0,10,0.6721869324502742,0.0,0.0,0.0,0.0,0.0,0.0,,0.0,0.0,0.0,0.02668427895056215,0.0,0.0,0.0,0,0.0
2020-04-24,17.052452087402344,0.0,83.9800033569336,-0.0007139166818198595,0.0007139166818198595,0.0007139166818198595,0.026688354189991353,0.016871391103653988,1,0,0.0,10,inf,0.0,0.0,0.0,0.0,0.0,0.0,,0.0,0.0,0.0,0.026688354189991353,0.0,0.0,0.0,0,0.0
2020-04-25,17.052452087402344,0.0,83.9800033569336,0.0,0.0,0.0,0.02654989983071756,0.01687418049478266,1,0,0.0,10,,0.0,0.0,0.0,0.0,0.0,0.0,,0.0,0.0,0.0,0.02654989983071756,0.0,0.0,0.0,0,0.0
2020-04-26,17.052452087402344,0.0,83.9800033569336,0.0,0.0,0.0,0.02439079247580697,0.016876709444687787,1,0,0.0,10,,0.0,0.0,0.0,0.0,0.0,0.0,,0.0,0.0,0.0,0.02439079247580697,0.0,0.0,0.0,0,0.0
2020-04-27,17.592741012573242,0.0316839433063143,83.95999908447266,-0.00023820280615982625,0.031922146112474126,0.031922146112474126,0.024853059430173838,0.016875988236443203,1,1,1.0,10,0.035879514821191914,-1.0,10.0,17.592741012573242,-839.5999908447266,0.0,0.0,Opened,17.592741012573242,-839.5999908447266,0.0,0.024853059430173838,857.1927318572998,0.0,0.0,0,0.0
2020-04-28,17.952943801879883,0.020474512132544254,83.87999725341797,-0.0009528565022278723,0.021427368634772126,0.021427368634772126,0.024964839970111726,0.01687376011457651,1,1,0.0,10,0.21743861639865308,1.0,-10.0,-17.952943801879883,838.7999725341797,-0.3602027893066406,-0.800018310546875,Live,0.0,0.0,0.0,0.024964839970111726,856.7529163360596,-1.1602210998535156,-0.0013542073539886514,0,0.0
2020-04-29,19.17571449279785,0.06810975984840595,83.83000183105469,-0.0005960350977627371,0.06870579494616869,0.06870579494616869,0.0273451479851923,0.016872616764757018,1,1,0.0,10,0.03825695550978936,1.0,-10.0,-19.17571449279785,838.3000183105469,-1.5829734802246094,-1.2999725341796875,Live,0.0,0.0,0.0,0.0273451479851923,857.4757328033447,-2.882946014404297,-0.0033621313165086127,0,0.0
2020-04-30,18.322616577148438,-0.04448845522652245,83.83999633789062,0.00011922350730797504,-0.044607678733830425,0.044607678733830425,0.028970074763501257,0.016874767776744883,0,0,-1.0,10,0.012262480360844008,1.0,-10.0,-18.322616577148438,838.3999633789062,-0.7298755645751953,-1.2000274658203125,Closed,-18.322616577148438,838.3999633789062,-1.9299030303955078,0.028970074763501257,856.7225799560547,-1.9299030303955078,-0.0022526580663888907,0,-1.9299030303955078
2020-05-01,17.915027618408203,-0.022245128419516758,82.5,-0.015982781445864958,-0.0062623469736518,0.0062623469736518,0.02904859921841459,0.0056973212772205495,0,0,0.0,10,3.3086734771679094,0.0,0.0,0.0,0.0,0.0,0.0,,0.0,0.0,0.0,0.02904859921841459,0.0,0.0,0.0,0,0.0
2020-05-02,17.915027618408203,0.0,82.5,0.0,0.0,0.0,0.028960943159461433,0.00478200595122821,1,0,0.0,10,,0.0,0.0,0.0,0.0,0.0,0.0,,0.0,0.0,0.0,0.028960943159461433,0.0,0.0,0.0,0,0.0
2020-05-03,17.915027618408203,0.0,82.5,0.0,0.0,0.0,0.028334869133178134,0.004559760174411298,1,0,0.0,10,,0.0,0.0,0.0,0.0,0.0,0.0,,0.0,0.0,0.0,0.028334869133178134,0.0,0.0,0.0,0,0.0
2020-05-04,18.256267547607422,0.019047692053155707,82.1500015258789,-0.004242405746922362,0.02329009780007807,0.02329009780007807,0.02839508218646558,0.004626931124206713,1,0,0.0,10,1.002225446670619,0.0,0.0,0.0,0.0,0.0,0.0,,0.0,0.0,0.0,0.02839508218646558,0.0,0.0,0.0,0,0.0
2020-05-05,18.16147804260254,-0.005192162349598406,83.05999755859375,0.011077249127356081,-0.016269411476954487,0.016269411476954487,0.028456495930074124,0.005055881557918089,0,0,0.0,10,9.757181496572537,0.0,0.0,0.0,0.0,0.0,0.0,,0.0,0.0,0.0,0.028456495930074124,0.0,0.0,0.0,0,0.0
2020-05-06,17.763364791870117,-0.021920751703057517,83.29000091552734,0.002769123088058656,-0.024689874791116173,0.024689874791116173,0.025902255576929267,0.005072887223782452,0,0,0.0,10,0.5923173445003306,0.0,0.0,0.0,0.0,0.0,0.0,,0.0,0.0,0.0,0.025902255576929267,0.0,0.0,0.0,0,0.0
2020-05-07,18.095125198364258,0.018676664606132487,85.93000030517578,0.03169647449429047,-0.013019809888157985,0.013019809888157985,0.026038995920568794,0.007482222403458598,0,0,0.0,10,8.059254322031114,0.0,0.0,0.0,0.0,0.0,0.0,,0.0,0.0,0.0,0.026038995920568794,0.0,0.0,0.0,0,0.0
2020-05-08,19.185195922851562,0.060241126410434775,86.83999633789062,0.010589968922181336,0.04965115748825344,0.04965115748825344,0.02759602711428789,0.007426495668848223,1,1,1.0,10,0.7957106293811007,-8.0,10.0,153.4815673828125,-868.3999633789062,0.0,0.0,Opened,153.4815673828125,-868.3999633789062,0.0,0.02759602711428789,1021.8815307617188,0.0,0.0,0,0.0
2020-05-09,19.185195922851562,0.0,86.83999633789062,0.0,0.0,0.0,0.024959962246535277,0.007388606773281717,1,1,0.0,10,,8.0,-10.0,-153.4815673828125,868.3999633789062,0.0,0.0,Live,0.0,0.0,0.0,0.024959962246535277,1021.8815307617188,0.0,0.0,0,0.0
2020-05-10,19.185195922851562,0.0,86.83999633789062,0.0,0.0,0.0,0.024959962246535277,0.007388606773281717,1,1,0.0,10,,8.0,-10.0,-153.4815673828125,868.3999633789062,0.0,0.0,Live,0.0,0.0,0.0,0.024959962246535277,1021.8815307617188,0.0,0.0,0,0.0
2020-05-11,18.635421752929688,-0.02865616656366987,86.69000244140625,-0.0017272443897942136,-0.026928922173875658,0.026928922173875658,0.025624382436905672,0.007406554368195596,0,0,-1.0,10,0.28039191517193107,8.0,-10.0,-149.0833740234375,866.9000244140625,4.398193359375,-1.49993896484375,Closed,-149.0833740234375,866.9000244140625,2.89825439453125,0.025624382436905672,1015.9833984375,2.89825439453125,0.00285265920583794,0,2.89825439453125
2020-05-12,17.79180335998535,-0.04526961633222548,87.80999755859375,0.012919541880789698,-0.05818915821301518,0.05818915821301518,0.027051627273958052,0.007696091396987475,0,1,1.0,10,1.4085241428221718,15.0,-10.0,-266.8770503997803,878.0999755859375,0.0,0.0,Opened,-266.8770503997803,878.0999755859375,0.0,0.027051627273958052,1144.9770259857178,0.0,0.0,0,0.0
2020-05-13,17.16619873046875,-0.03516251932750214,88.3499984741211,0.006149651868137429,-0.04131217119563957,0.04131217119563957,0.02783238522513749,0.007701238032171048,0,1,0.0,10,0.9001252769039783,-15.0,10.0,257.49298095703125,-883.4999847412109,-9.384069442749023,-5.4000091552734375,Live,0.0,0.0,0.0,0.02783238522513749,1140.9929656982422,-14.784078598022461,-0.012957203981512011,0,0.0
2020-05-14,17.450563430786133,0.016565385545295852,88.73999786376953,0.004414254628002823,0.01215113091729303,0.01215113091729303,0.027932553384793474,0.007695088567377508,1,0,-1.0,10,1.3550826759108527,-15.0,10.0,261.758451461792,-887.3999786376953,-5.118598937988281,-9.300003051757812,Closed,261.758451461792,-887.3999786376953,-14.418601989746094,0.027932553384793474,1149.1584300994873,-14.418601989746094,-0.012547096737999665,0,-14.418601989746094
2020-05-15,17.97190284729004,0.029875219706898548,89.5,0.008564369557425566,0.021310850149472982,0.021310850149472982,0.026210443041247696,0.007782333121892567,1,0,0.0,10,1.4276221066044434,0.0,0.0,0.0,0.0,0.0,0.0,,0.0,0.0,0.0,0.026210443041247696,0.0,0.0,0.0,0,0.0
2020-05-16,17.97190284729004,0.0,89.5,0.0,0.0,0.0,0.026194933819890385,0.007752329646696007,1,0,0.0,10,,0.0,0.0,0.0,0.0,0.0,0.0,,0.0,0.0,0.0,0.026194933819890385,0.0,0.0,0.0,0,0.0
2020-05-17,17.97190284729004,0.0,89.5,0.0,0.0,0.0,0.026011775379912373,0.007761474864069518,1,0,0.0,10,,0.0,0.0,0.0,0.0,0.0,0.0,,0.0,0.0,0.0,0.026011775379912373,0.0,0.0,0.0,0,0.0
2020-05-18,19.11884117126465,0.06381841331551352,91.48999786376953,0.02223461300301155,0.04158380031250197,0.04158380031250197,0.02833561382283977,0.008575193654825808,1,1,1.0,10,1.6672304157718367,-17.0,10.0,325.020299911499,-914.8999786376953,0.0,0.0,Opened,325.020299911499,-914.8999786376953,0.0,0.02833561382283977,1239.9202785491943,0.0,0.0,0,0.0
2020-05-19,19.2420654296875,0.0064451740206961095,90.6500015258789,-0.009181291479986697,0.015626465500682807,0.015626465500682807,0.028326493203549324,0.008839039578951876,1,1,0.0,10,6.710969360915294,17.0,-10.0,-327.1151123046875,906.5000152587891,-2.0948123931884766,-8.39996337890625,Live,0.0,0.0,0.0,0.028326493203549324,1233.6151275634766,-10.494775772094727,-0.008507333882021247,0,0.0
2020-05-20,19.58329963684082,0.017733761918658164,91.12999725341797,0.005295043788852372,0.012438718129805793,0.012438718129805793,0.02835298899498656,0.00885316445016569,1,1,0.0,10,1.3894539911117292,17.0,-10.0,-332.91609382629395,911.2999725341797,-7.895793914794922,-3.600006103515625,Live,0.0,0.0,0.0,0.02835298899498656,1244.2160663604736,-11.495800018310547,-0.009239392038986893,0,0.0
2020-05-21,19.298940658569336,-0.014520483449915522,91.19999694824219,0.0007681301101059024,-0.015288613560021425,0.015288613560021425,0.028141483800875555,0.008710509516903494,0,0,-1.0,10,0.24998564246638974,17.0,-10.0,-328.0819911956787,911.9999694824219,-3.0616912841796875,-2.9000091552734375,Closed,-328.0819911956787,911.9999694824219,-5.961700439453125,0.028141483800875555,1240.0819606781006,-5.961700439453125,-0.004807505171830056,0,-5.961700439453125
2020-05-22,19.11884117126465,-0.009332091874416859,91.41999816894531,0.002412294167377871,-0.01174438604179473,0.01174438604179473,0.028070237605001214,0.0087106358764519,0,0,0.0,10,1.2360353852272423,0.0,0.0,0.0,0.0,0.0,0.0,,0.0,0.0,0.0,0.028070237605001214,0.0,0.0,0.0,0,0.0
2020-05-23,19.11884117126465,0.0,91.41999816894531,0.0,0.0,0.0,0.028074142780479157,0.008696383331748155,1,0,0.0,10,,0.0,0.0,0.0,0.0,0.0,0.0,,0.0,0.0,0.0,0.028074142780479157,0.0,0.0,0.0,0,0.0
2020-05-24,19.11884117126465,0.0,91.41999816894531,0.0,0.0,0.0,0.028074142780479157,0.00868727836586756,1,0,0.0,10,,0.0,0.0,0.0,0.0,0.0,0.0,,0.0,0.0,0.0,0.028074142780479157,0.0,0.0,0.0,0,0.0
2020-05-25,19.11884117126465,0.0,91.41999816894531,0.0,0.0,0.0,0.028074142780479157,0.00868727836586756,1,0,0.0,10,,0.0,0.0,0.0,0.0,0.0,0.0,,0.0,0.0,0.0,0.028074142780479157,0.0,0.0,0.0,0,0.0
2020-05-26,19.460081100463867,0.01784835838858778,91.63999938964844,0.002406489007980017,0.015441869380607764,0.015441869380607764,0.028171105201536175,0.008670962252152695,1,0,0.0,10,0.6349302756597728,0.0,0.0,0.0,0.0,0.0,0.0,,0.0,0.0,0.0,0.028171105201536175,0.0,0.0,0.0,0,0.0
2020-05-27,20.18995475769043,0.03750619812212208,91.80999755859375,0.001855065147070567,0.035651132975051514,0.035651132975051514,0.02838202848713573,0.00865282653404193,1,1,1.0,10,0.22491102906686516,-3.0,10.0,60.56986427307129,-918.0999755859375,0.0,0.0,Opened,60.56986427307129,-918.0999755859375,0.0,0.02838202848713573,978.6698398590088,0.0,0.0,0,0.0
2020-05-28,19.86766815185547,-0.015962720555983467,92.05000305175781,0.0026141542266231443,-0.01857687478260661,0.01857687478260661,0.028475812392121883,0.008620805730560325,0,0,-1.0,10,0.75875436911037,3.0,-10.0,-59.603004455566406,920.5000305175781,0.9668598175048828,2.400054931640625,Closed,-59.603004455566406,920.5000305175781,3.366914749145508,0.028475812392121883,980.1030349731445,3.366914749145508,0.003435266118972648,0,3.366914749145508
2020-05-29,19.753915786743164,-0.005725501565803093,92.54000091552734,0.005323170532585575,-0.011048672098388668,0.011048672098388668,0.02578706578681172,0.00860009670036545,0,0,0.0,10,4.355451109683276,0.0,0.0,0.0,0.0,0.0,0.0,,0.0,0.0,0.0,0.02578706578681172,0.0,0.0,0.0,0,0.0
2020-05-30,19.753915786743164,0.0,92.54000091552734,0.0,0.0,0.0,0.024298790813541953,0.00860166176127752,1,0,0.0,10,,0.0,0.0,0.0,0.0,0.0,0.0,,0.0,0.0,0.0,0.024298790813541953,0.0,0.0,0.0,0,0.0
2020-05-31,19.753915786743164,0.0,92.54000091552734,0.0,0.0,0.0,0.02384355065554108,0.007823924034477221,1,0,0.0,10,,0.0,0.0,0.0,0.0,0.0,0.0,,0.0,0.0,0.0,0.02384355065554108,0.0,0.0,0.0,0,0.0
2020-06-01,20.227867126464844,0.02399277919569487,99.16000366210938,0.07153666177964402,-0.04754388258394915,0.04754388258394915,0.024121690624718847,0.014585285927721372,0,1,1.0,10,14.616202620628828,147.0,-10.0,-2973.496467590332,991.6000366210938,0.0,0.0,Opened,-2973.496467590332,991.6000366210938,0.0,0.024121690624718847,3965.096504211426,0.0,0.0,0,0.0
2020-06-02,20.133079528808594,-0.004685990720803002,100.66999816894531,0.015227858522285809,-0.01991384924308881,0.01991384924308881,0.02416585223569138,0.014625227752977992,0,1,0.0,10,16.249023269931943,-147.0,10.0,2959.5626907348633,-1006.6999816894531,-13.93377685546875,-15.099945068359375,Live,0.0,0.0,0.0,0.02416585223569138,3966.2626724243164,-29.033721923828125,-0.007320171234670576,0,0.0
2020-06-03,20.569110870361328,0.02165745885664494,100.4000015258789,-0.0026819970992082443,0.024339455955853184,0.024339455955853184,0.024225850914015166,0.01458748708617449,1,0,-1.0,10,0.6044620032080914,-147.0,10.0,3023.6592979431152,-1004.0000152587891,50.1628303527832,-12.399978637695312,Closed,3023.6592979431152,-1004.0000152587891,37.76285171508789,0.024225850914015166,4027.6593132019043,37.76285171508789,0.009375880326150828,0,37.76285171508789
2020-06-04,20.976694107055664,0.01981530651777641,98.8499984741211,-0.015438277173315473,0.03525358369109188,0.03525358369109188,0.024319299252946146,0.015113735335496465,1,1,1.0,10,3.6714503620020054,-37.0,10.0,776.1376819610596,-988.4999847412109,0.0,0.0,Opened,776.1376819610596,-988.4999847412109,0.0,0.024319299252946146,1764.6376667022705,0.0,0.0,0,0.0
2020-06-05,21.791881561279297,0.03886157895344611,100.26000213623047,0.014264073686136802,0.024597505267309305,0.024597505267309305,0.024521797303166105,0.015176550078950841,1,1,0.0,10,1.6887140288642362,37.0,-10.0,-806.299617767334,1002.6000213623047,-30.161935806274414,14.10003662109375,Live,0.0,0.0,0.0,0.024521797303166105,1808.8996391296387,-16.061899185180664,-0.008879375526277914,0,0.0
2020-06-06,21.791881561279297,0.0,100.26000213623047,0.0,0.0,0.0,0.024455378585020265,0.014433242509237316,1,1,0.0,10,,37.0,-10.0,-806.299617767334,1002.6000213623047,-30.161935806274414,14.10003662109375,Live,0.0,0.0,0.0,0.024455378585020265,1808.8996391296387,-16.061899185180664,-0.008879375526277914,0,0.0
2020-06-07,21.791881561279297,0.0,100.26000213623047,0.0,0.0,0.0,0.022265838233676147,0.014427676976253193,1,1,0.0,10,,37.0,-10.0,-806.299617767334,1002.6000213623047,-30.161935806274414,14.10003662109375,Live,0.0,0.0,0.0,0.022265838233676147,1808.8996391296387,-16.061899185180664,-0.008879375526277914,0,0.0
2020-06-08,22.5786190032959,0.03610231818690268,103.41000366210938,0.031418326937583396,0.004683991249319286,0.004683991249319286,0.022978805860643266,0.01518049674739528,1,1,0.0,10,3.9857783456758904,37.0,-10.0,-835.4089031219482,1034.1000366210938,-59.27122116088867,45.60005187988281,Live,0.0,0.0,0.0,0.022978805860643266,1869.508939743042,-13.67116928100586,-0.0073127060215528675,0,0.0
2020-06-09,22.18998908996582,-0.017212297761583617,102.9800033569336,-0.004158208006459385,-0.013054089755124232,0.013054089755124232,0.023338026627675812,0.01525545611100226,0,0,-1.0,10,1.121148583999095,37.0,-10.0,-821.0295963287354,1029.800033569336,-44.89191436767578,41.300048828125,Closed,-821.0295963287354,1029.800033569336,-3.5918655395507812,0.023338026627675812,1850.8296298980713,-3.5918655395507812,-0.001940678645688524,0,-3.5918655395507812
2020-06-10,21.981454849243164,-0.00939767207082376,102.88999938964844,-0.0008739946043039293,-0.00852367746651983,0.00852367746651983,0.02263099042093344,0.015241713968245382,0,0,0.0,10,0.43531656824027853,0.0,0.0,0.0,0.0,0.0,0.0,,0.0,0.0,0.0,0.02263099042093344,0.0,0.0,0.0,0,0.0
2020-06-11,19.564350128173828,-0.10996108936586413,102.75,-0.0013606705265712948,-0.10860041883929283,0.10860041883929283,0.029653864915406968,0.015235840151519417,0,1,1.0,10,0.06498757745810811,1.0,-10.0,-19.564350128173828,1027.5,0.0,0.0,Opened,-19.564350128173828,1027.5,0.0,0.029653864915406968,1047.0643501281738,0.0,0.0,0,0.0
2020-06-12,20.208911895751953,0.03294572849879218,103.58999633789062,0.008175146840784686,0.024770581658007496,0.024770581658007496,0.029186691648934837,0.015243947430090105,1,0,-1.0,10,1.2719537914051378,-1.0,10.0,20.208911895751953,-1035.8999633789062,0.644561767578125,-8.39996337890625,Closed,20.208911895751953,-1035.8999633789062,-7.755401611328125,0.029186691648934837,1056.1088752746582,-7.755401611328125,-0.007343373200335247,0,-7.755401611328125
2020-06-13,20.208911895751953,0.0,103.58999633789062,0.0,0.0,0.0,0.029134197625862984,0.015275333680819176,1,0,0.0,10,,0.0,0.0,0.0,0.0,0.0,0.0,,0.0,0.0,0.0,0.029134197625862984,0.0,0.0,0.0,0,0.0
2020-06-14,20.208911895751953,0.0,103.58999633789062,0.0,0.0,0.0,0.02877453525218756,0.015291856824451949,1,0,0.0,10,,0.0,0.0,0.0,0.0,0.0,0.0,,0.0,0.0,0.0,0.02877453525218756,0.0,0.0,0.0,0,0.0
2020-06-15,20.455360412597656,0.012195041381594995,103.06999969482422,-0.005019757326472751,0.017214798708067747,0.017214798708067747,0.02879737260659728,0.015375626242575246,1,0,0.0,10,2.074075601753009,0.0,0.0,0.0,0.0,0.0,0.0,,0.0,0.0,0.0,0.02879737260659728,0.0,0.0,0.0,0,0.0
2020-06-16,20.986175537109375,0.02594992773555882,103.45999908447266,0.0037838303172907928,0.022166097418268027,0.022166097418268027,0.029038885478024024,0.015350161060770947,1,0,0.0,10,0.7188440276984152,0.0,0.0,0.0,0.0,0.0,0.0,,0.0,0.0,0.0,0.029038885478024024,0.0,0.0,0.0,0,0.0
2020-06-17,20.46483612060547,-0.024842040207947114,103.18000030517578,-0.0027063481710285497,-0.022135692036918564,0.022135692036918564,0.027373659257812582,0.015054487286001615,0,0,0.0,10,0.5492671942545648,0.0,0.0,0.0,0.0,0.0,0.0,,0.0,0.0,0.0,0.027373659257812582,0.0,0.0,0.0,0,0.0
2020-06-18,19.971935272216797,-0.024085257535601978,103.05000305175781,-0.0012599074727027704,-0.022825350062899208,0.022825350062899208,0.02779191414279204,0.014881585412134378,0,0,0.0,10,0.26990766400070304,0.0,0.0,0.0,0.0,0.0,0.0,,0.0,0.0,0.0,0.02779191414279204,0.0,0.0,0.0,0,0.0
2020-06-19,19.85818862915039,-0.005695324039260208,103.04000091552734,-9.706099887685227e-05,-0.0055982630403833555,0.0055982630403833555,0.027652604801739346,0.01490277531709711,0,0,0.0,10,0.08842855738779341,0.0,0.0,0.0,0.0,0.0,0.0,,0.0,0.0,0.0,0.027652604801739346,0.0,0.0,0.0,0,0.0
2020-06-20,19.85818862915039,0.0,103.04000091552734,0.0,0.0,0.0,0.027500982376110414,0.01490954442215599,1,0,0.0,10,,0.0,0.0,0.0,0.0,0.0,0.0,,0.0,0.0,0.0,0.027500982376110414,0.0,0.0,0.0,0,0.0
2020-06-21,19.85818862915039,0.0,103.04000091552734,0.0,0.0,0.0,0.02742887743521619,0.014925906578426906,1,0,0.0,10,,0.0,0.0,0.0,0.0,0.0,0.0,,0.0,0.0,0.0,0.02742887743521619,0.0,0.0,0.0,0,0.0
2020-06-22,20.19525146484375,0.01697349350376176,102.93000030517578,-0.0010675524978085438,0.018041046001570304,0.018041046001570304,0.027568509306908327,0.01493728746462889,1,0,0.0,10,0.32056102002367337,0.0,0.0,0.0,0.0,0.0,0.0,,0.0,0.0,0.0,0.027568509306908327,0.0,0.0,0.0,0,0.0
2020-06-23,20.29999351501465,0.005186469222888235,102.8499984741211,-0.0007772450288301425,0.005963714251718377,0.005963714251718377,0.027570438873177366,0.014945252568749014,1,0,0.0,10,0.7592670241172238,0.0,0.0,0.0,0.0,0.0,0.0,,0.0,0.0,0.0,0.027570438873177366,0.0,0.0,0.0,0,0.0
2020-06-24,19.471622467041016,-0.04080646860113224,103.12000274658203,0.002625223883973904,-0.043431692485106144,0.043431692485106144,0.028676451106150715,0.014928465361711918,0,1,1.0,10,0.3407046882615523,4.0,-10.0,-77.88648986816406,1031.2000274658203,0.0,0.0,Opened,-77.88648986816406,1031.2000274658203,0.0,0.028676451106150715,1109.0865173339844,0.0,0.0,0,0.0
2020-06-25,19.85247802734375,0.019559518522269892,103.08000183105469,-0.0003879064629744855,0.019947424985244377,0.019947424985244377,0.028712752311364692,0.014948270897817919,1,0,-1.0,10,0.10297422904023147,-4.0,10.0,79.409912109375,-1030.8000183105469,1.5234222412109375,0.4000091552734375,Closed,79.409912109375,-1030.8000183105469,1.923431396484375,0.028712752311364692,1110.2099304199219,1.923431396484375,0.0017324934174898464,0,1.923431396484375
2020-06-26,19.21453285217285,-0.03213428440984678,103.2300033569336,0.0014551952193866402,-0.03358947962923342,0.03358947962923342,0.028480344449703994,0.01495045813145011,0,1,1.0,10,0.24329250909961175,3.0,-10.0,-57.643598556518555,1032.300033569336,0.0,0.0,Opened,-57.643598556518555,1032.300033569336,0.0,0.028480344449703994,1089.9436321258545,0.0,0.0,0,0.0
2020-06-27,19.21453285217285,0.0,103.2300033569336,0.0,0.0,0.0,0.028344633695245133,0.01496654318844849,1,0,-1.0,10,,-3.0,10.0,57.643598556518555,-1032.300033569336,0.0,0.0,Closed,57.643598556518555,-1032.300033569336,0.0,0.028344633695245133,1089.9436321258545,0.0,0.0,0,0.0
2020-06-28,19.21453285217285,0.0,103.2300033569336,0.0,0.0,0.0,0.02832897143772853,0.01498103751167999,1,0,0.0,10,,0.0,0.0,0.0,0.0,0.0,0.0,,0.0,0.0,0.0,0.02832897143772853,0.0,0.0,0.0,0,0.0
2020-06-29,19.87152099609375,0.03419225171777218,103.05999755859375,-0.001646864214002064,0.035839115931774246,0.035839115931774246,0.029029737420040818,0.01499827987955043,1,1,1.0,10,0.24979808714332186,-3.0,10.0,59.61456298828125,-1030.5999755859375,0.0,0.0,Opened,59.61456298828125,-1030.5999755859375,0.0,0.029029737420040818,1090.2145385742188,0.0,0.0,0,0.0
2020-06-30,20.17621421813965,0.01533316056208256,102.94999694824219,-0.0010673453615116513,0.01640050592359421,0.01640050592359421,0.029153155691893782,0.0150086227373747,1,1,0.0,10,0.3551893548882933,3.0,-10.0,-60.528642654418945,1029.4999694824219,-0.9140796661376953,-1.100006103515625,Live,0.0,0.0,0.0,0.029153155691893782,1090.0286121368408,-2.0140857696533203,-0.0018477366073033636,0,0.0
2020-07-01,19.738222122192383,-0.02170833889905288,98.01000213623047,-0.047984409504113756,0.026276070605060875,0.026276070605060875,0.029111371956098607,0.01191546723974819,1,1,0.0,10,10.975793524011674,3.0,-10.0,-59.21466636657715,980.1000213623047,0.39989662170410156,-50.49995422363281,Live,0.0,0.0,0.0,0.029111371956098607,1039.3146877288818,-50.10005760192871,-0.04820489712447702,1,-50.10005760192871
2020-07-02,19.776308059692383,0.0019295525840281602,98.94000244140625,0.009488830577547791,-0.007559277993519631,0.007559277993519631,0.029102777567150913,0.01170140023698373,0,0,-1.0,10,24.602700068327664,3.0,-10.0,-59.32892417907715,989.4000244140625,0.28563880920410156,-41.199951171875,Closed,-59.32892417907715,989.4000244140625,-40.9143123626709,0.029102777567150913,1048.7289485931396,-40.9143123626709,-0.03901323828006949,1,0.0
2020-07-03,19.776308059692383,0.0,98.94000244140625,0.0,0.0,0.0,0.02880976555083426,0.011694481517232416,1,0,0.0,10,,0.0,0.0,0.0,0.0,0.0,0.0,,0.0,0.0,0.0,0.02880976555083426,0.0,0.0,0.0,0,0.0
2020-07-04,19.776308059692383,0.0,98.94000244140625,0.0,0.0,0.0,0.028544544311881782,0.01134533939192071,1,0,0.0,10,,0.0,0.0,0.0,0.0,0.0,0.0,,0.0,0.0,0.0,0.028544544311881782,0.0,0.0,0.0,0,0.0
2020-07-05,19.776308059692383,0.0,98.94000244140625,0.0,0.0,0.0,0.027510255566078213,0.011025370345724794,1,0,0.0,10,,0.0,0.0,0.0,0.0,0.0,0.0,,0.0,0.0,0.0,0.027510255566078213,0.0,0.0,0.0,0,0.0
2020-07-06,20.214298248291016,0.02214721712852641,101.54000091552734,0.026278536587472257,-0.004131319458945848,0.004131319458945848,0.027883973035500345,0.012052794457162869,0,0,0.0,10,5.960195520838687,0.0,0.0,0.0,0.0,0.0,0.0,,0.0,0.0,0.0,0.027883973035500345,0.0,0.0,0.0,0,0.0
2020-07-07,19.94769287109375,-0.013188950411365696,103.04000091552734,0.014772503313722263,-0.02796145372508796,0.02796145372508796,0.027953428433850867,0.012330485506188848,0,1,1.0,10,5.785715064822683,58.0,-10.0,-1156.9661865234375,1030.4000091552734,0.0,0.0,Opened,-1156.9661865234375,1030.4000091552734,0.0,0.027953428433850867,2187.366195678711,0.0,0.0,0,0.0
2020-07-08,19.87152099609375,-0.0038185806996448024,105.02999877929688,0.019312867295109504,-0.023131447994754306,0.023131447994754306,0.026983309211235363,0.011468181539240433,0,1,0.0,10,26.731728013382792,-58.0,10.0,1152.5482177734375,-1050.2999877929688,-4.41796875,-19.899978637695312,Live,0.0,0.0,0.0,0.026983309211235363,2202.8482055664062,-24.317947387695312,-0.011039320515252013,0,0.0
2020-07-09,19.56683349609375,-0.015332872609997716,104.61000061035156,-0.003998840082135691,-0.011334032527862026,0.011334032527862026,0.02695345633513599,0.01146594637180868,0,1,0.0,10,1.3943222713904817,-58.0,10.0,1134.8763427734375,-1046.1000061035156,-22.08984375,-15.699996948242188,Live,0.0,0.0,0.0,0.02695345633513599,2180.976348876953,-37.78984069824219,-0.017327029115974252,0,0.0
2020-07-10,20.347599029541016,0.03990249794904899,105.58999633789062,0.009368088345485415,0.030534409603563573,0.030534409603563573,0.028080898290312503,0.011572891657308574,1,0,-1.0,10,1.218317542758869,-58.0,10.0,1180.160743713379,-1055.8999633789062,23.194557189941406,-25.499954223632812,Closed,1180.160743713379,-1055.8999633789062,-2.3053970336914062,0.028080898290312503,2236.060707092285,-2.3053970336914062,-0.00103100824873815,0,-2.3053970336914062
2020-07-11,20.347599029541016,0.0,105.58999633789062,0.0,0.0,0.0,0.019343956854447397,0.011566270930430412,1,0,0.0,10,,0.0,0.0,0.0,0.0,0.0,0.0,,0.0,0.0,0.0,0.019343956854447397,0.0,0.0,0.0,0,0.0
2020-07-12,20.347599029541016,0.0,105.58999633789062,0.0,0.0,0.0,0.01840919363804947,0.011486812789436083,1,0,0.0,10,,0.0,0.0,0.0,0.0,0.0,0.0,,0.0,0.0,0.0,0.01840919363804947,0.0,0.0,0.0,0,0.0
2020-07-13,20.17621421813965,-0.008422851814238519,106.93000030517578,0.012690633713037691,-0.02111348552727621,0.02111348552727621,0.018479471703195357,0.011691900064006468,0,1,1.0,10,7.985167619633781,80.0,-10.0,-1614.0971374511719,1069.3000030517578,0.0,0.0,Opened,-1614.0971374511719,1069.3000030517578,0.0,0.018479471703195357,2683.3971405029297,0.0,0.0,0,0.0
2020-07-14,20.985546112060547,0.040113169159021966,107.44999694824219,0.004862963074743654,0.03525020608427831,0.03525020608427831,0.019870051891192817,0.01170945639846541,1,0,-1.0,10,0.620726274671757,-80.0,10.0,1678.8436889648438,-1074.4999694824219,64.74655151367188,-5.1999664306640625,Closed,1678.8436889648438,-1074.4999694824219,59.54658508300781,0.019870051891192817,2753.3436584472656,59.54658508300781,0.021627007911024378,0,59.54658508300781
2020-07-15,21.509231567382812,0.02495457838103632,107.56999969482422,0.001116824104144376,0.023837754276891943,0.023837754276891943,0.020241113108689122,0.011648918712768911,1,1,1.0,10,0.22382099094319893,-3.0,10.0,64.52769470214844,-1075.6999969482422,0.0,0.0,Opened,64.52769470214844,-1075.6999969482422,0.0,0.020241113108689122,1140.2276916503906,0.0,0.0,0,0.0
2020-07-16,21.31879997253418,-0.00885348201548064,107.19999694824219,-0.0034396462548268447,-0.005413835760653796,0.005413835760653796,0.019806302835683177,0.011674540884009573,0,0,-1.0,10,1.9535821989357856,3.0,-10.0,-63.95639991760254,1071.9999694824219,0.5712947845458984,-3.7000274658203125,Closed,-63.95639991760254,1071.9999694824219,-3.128732681274414,0.019806302835683177,1135.9563694000244,-3.128732681274414,-0.002754271876592329,0,-3.128732681274414
2020-07-17,21.33784294128418,0.0008932476862926197,107.22000122070312,0.00018660702453754396,0.0007066406617550758,0.0007066406617550758,0.01920961667764262,0.011652650946752573,1,0,0.0,10,1.0497391192822747,0.0,0.0,0.0,0.0,0.0,0.0,,0.0,0.0,0.0,0.01920961667764262,0.0,0.0,0.0,0,0.0
2020-07-18,21.33784294128418,0.0,107.22000122070312,0.0,0.0,0.0,0.01859379355828445,0.011645196839144436,1,0,0.0,10,,0.0,0.0,0.0,0.0,0.0,0.0,,0.0,0.0,0.0,0.01859379355828445,0.0,0.0,0.0,0,0.0
2020-07-19,21.33784294128418,0.0,107.22000122070312,0.0,0.0,0.0,0.018537552520054946,0.011644783003024742,1,0,0.0,10,,0.0,0.0,0.0,0.0,0.0,0.0,,0.0,0.0,0.0,0.018537552520054946,0.0,0.0,0.0,0,0.0
2020-07-20,21.328319549560547,-0.00044631464154265554,107.18000030517578,-0.0003730732612565735,-7.324138028608207e-05,7.324138028608207e-05,0.01853986012288046,0.011646520943505701,0,0,0.0,10,4.200588164245922,0.0,0.0,0.0,0.0,0.0,0.0,,0.0,0.0,0.0,0.01853986012288046,0.0,0.0,0.0,0,0.0
2020-07-21,21.842487335205078,0.02410728067205481,107.58000183105469,0.003732053785594047,0.020375226886460762,0.020375226886460762,0.01894361067655125,0.011651197520459105,1,1,1.0,10,0.7624811729147813,-8.0,10.0,174.73989868164062,-1075.8000183105469,0.0,0.0,Opened,174.73989868164062,-1075.8000183105469,0.0,0.01894361067655125,1250.5399169921875,0.0,0.0,0,0.0
2020-07-22,22.128131866455078,0.013077472673618473,108.04000091552734,0.004275879128493143,0.00880159354512533,0.00880159354512533,0.018860184495367294,0.011651358688464047,1,1,0.0,10,1.596398926731442,8.0,-10.0,-177.02505493164062,1080.4000091552734,-2.28515625,4.5999908447265625,Live,0.0,0.0,0.0,0.018860184495367294,1257.425064086914,2.3148345947265625,0.0018409324426879403,0,0.0
2020-07-23,21.937700271606445,-0.008605859545573136,107.77999877929688,-0.0024065358573418516,-0.006199323688231284,0.006199323688231284,0.0189784003472039,0.011667008785619415,0,0,-1.0,10,1.3738684775342491,8.0,-10.0,-175.50160217285156,1077.7999877929688,-0.7617034912109375,1.999969482421875,Closed,-175.50160217285156,1077.7999877929688,1.2382659912109375,0.0189784003472039,1253.3015899658203,1.2382659912109375,0.0009880032077871274,0,1.2382659912109375
2020-07-24,21.918655395507812,-0.0008681345748570157,107.69000244140625,-0.0008350003610123613,-3.3134213844654425e-05,3.3134213844654425e-05,0.017127234880263752,0.01167391952561574,0,0,0.0,10,4.725644943732968,0.0,0.0,0.0,0.0,0.0,0.0,,0.0,0.0,0.0,0.017127234880263752,0.0,0.0,0.0,0,0.0
2020-07-25,21.918655395507812,0.0,107.69000244140625,0.0,0.0,0.0,0.01688884813324104,0.011671955675944923,1,0,0.0,10,,0.0,0.0,0.0,0.0,0.0,0.0,,0.0,0.0,0.0,0.01688884813324104,0.0,0.0,0.0,0,0.0
2020-07-26,21.918655395507812,0.0,107.69000244140625,0.0,0.0,0.0,0.015518058936912476,0.011675284689768372,1,0,0.0,10,,0.0,0.0,0.0,0.0,0.0,0.0,,0.0,0.0,0.0,0.015518058936912476,0.0,0.0,0.0,0,0.0
2020-07-27,22.556604385375977,0.029105297672543884,107.45999908447266,-0.0021357911757754477,0.03124108884831933,0.03124108884831933,0.0161241325989548,0.011691107746941473,1,1,1.0,10,0.3495906851965856,-4.0,10.0,90.2264175415039,-1074.5999908447266,0.0,0.0,Opened,90.2264175415039,-1074.5999908447266,0.0,0.0161241325989548,1164.8264083862305,0.0,0.0,0,0.0
2020-07-28,22.109086990356445,-0.01983975014030337,107.72000122070312,0.0024195248319895946,-0.022259274972292964,0.022259274972292964,0.01675145559994955,0.011689415078337151,0,0,-1.0,10,0.5941819114072344,4.0,-10.0,-88.43634796142578,1077.2000122070312,1.790069580078125,2.6000213623046875,Closed,-88.43634796142578,1077.2000122070312,4.3900909423828125,0.01675145559994955,1165.636360168457,4.3900909423828125,0.003766261153477024,0,4.3900909423828125
2020-07-29,22.47091293334961,0.01636548551964112,107.87999725341797,0.0014852954966741994,0.014880190022966922,0.014880190022966922,0.015971727732088367,0.011674435045425292,1,0,0.0,10,0.4357166740109971,0.0,0.0,0.0,0.0,0.0,0.0,,0.0,0.0,0.0,0.015971727732088367,0.0,0.0,0.0,0,0.0
2020-07-30,22.013872146606445,-0.02033921755198731,108.05000305175781,0.0015758787789035278,-0.021915096330890838,0.021915096330890838,0.016437553632349385,0.011663644662908718,0,1,1.0,10,0.38029175464428955,4.0,-10.0,-88.05548858642578,1080.5000305175781,0.0,0.0,Opened,-88.05548858642578,1080.5000305175781,0.0,0.016437553632349385,1168.555519104004,0.0,0.0,0,0.0
2020-07-31,21.813919067382812,-0.009083048992562515,108.9000015258789,0.007866714022339627,-0.01694976301490214,0.01694976301490214,0.015936079992085347,0.006980135727025068,0,1,0.0,10,4.323703399127309,-4.0,10.0,87.25567626953125,-1089.000015258789,-0.7998123168945312,-8.499984741210938,Live,0.0,0.0,0.0,0.015936079992085347,1176.2556915283203,-9.299797058105469,-0.007906271676375188,0,0.0
2020-08-01,21.813919067382812,0.0,108.9000015258789,0.0,0.0,0.0,0.015946360005179707,0.0069160391581054486,1,0,-1.0,10,,-4.0,10.0,87.25567626953125,-1089.000015258789,-0.7998123168945312,-8.499984741210938,Closed,87.25567626953125,-1089.000015258789,-9.299797058105469,0.015946360005179707,1176.2556915283203,-9.299797058105469,-0.007906271676375188,0,-9.299797058105469
2020-08-02,21.813919067382812,0.0,108.9000015258789,0.0,0.0,0.0,0.015946360005179707,0.0069160391581054486,1,0,0.0,10,,0.0,0.0,0.0,0.0,0.0,0.0,,0.0,0.0,0.0,0.015946360005179707,0.0,0.0,0.0,0,0.0
2020-08-03,22.23287582397461,0.01920593705778617,114.20999908447266,0.04876030747650528,-0.02955437041871911,0.02955437041871911,0.01618902100077593,0.010781385392828535,0,1,1.0,10,13.04185658028438,131.0,-10.0,-2912.506732940674,1142.0999908447266,0.0,0.0,Opened,-2912.506732940674,1142.0999908447266,0.0,0.01618902100077593,4054.6067237854004,0.0,0.0,0,0.0
2020-08-04,22.61373519897461,0.017130459325882752,115.55000305175781,0.01173280779289776,0.005397651532984993,0.005397651532984993,0.016343140814256533,0.010812125098311046,1,0,-1.0,10,3.499698303395762,-131.0,10.0,2962.399311065674,-1155.5000305175781,49.892578125,-13.400039672851562,Closed,2962.399311065674,-1155.5000305175781,36.49253845214844,0.016343140814256533,4117.899341583252,36.49253845214844,0.008861930665385757,0,36.49253845214844
2020-08-05,23.346893310546875,0.03242092052114898,116.2699966430664,0.0062310131743232855,0.02618990734682569,0.02618990734682569,0.016823926264876284,0.010060488930866912,1,1,1.0,10,0.9571321164884127,-10.0,10.0,233.46893310546875,-1162.699966430664,0.0,0.0,Opened,233.46893310546875,-1162.699966430664,0.0,0.016823926264876284,1396.1688995361328,0.0,0.0,0,0.0
2020-08-06,23.375459671020508,0.0012235615288791468,118.88999938964844,0.022533781906135975,-0.021310220377256828,0.021310220377256828,0.016490596051269978,0.010424996257700301,0,0,-1.0,10,93.6684725219339,10.0,-10.0,-233.75459671020508,1188.8999938964844,-0.2856636047363281,26.200027465820312,Closed,-233.75459671020508,1188.8999938964844,25.914363861083984,0.016490596051269978,1422.6545906066895,25.914363861083984,0.018215499413693124,0,25.914363861083984
2020-08-07,23.223115921020508,-0.006517251516934497,118.06999969482422,-0.0068971292710395815,0.0003798777541050846,0.0003798777541050846,0.01655003798600588,0.010266648602226234,1,0,0.0,10,5.380503970413384,0.0,0.0,0.0,0.0,0.0,0.0,,0.0,0.0,0.0,0.01655003798600588,0.0,0.0,0.0,0,0.0
2020-08-08,23.223115921020508,0.0,118.06999969482422,0.0,0.0,0.0,0.016120804085991897,0.010185412614810537,1,0,0.0,10,,0.0,0.0,0.0,0.0,0.0,0.0,,0.0,0.0,0.0,0.016120804085991897,0.0,0.0,0.0,0,0.0
2020-08-09,23.223115921020508,0.0,118.06999969482422,0.0,0.0,0.0,0.014806999140228542,0.010161646557793034,1,0,0.0,10,,0.0,0.0,0.0,0.0,0.0,0.0,,0.0,0.0,0.0,0.014806999140228542,0.0,0.0,0.0,0,0.0
2020-08-10,24.10862159729004,0.038130355947110894,118.33999633789062,0.002286750603576415,0.03584360534353448,0.03584360534353448,0.015994477843065,0.010140873973617959,1,1,1.0,10,0.2943791954465949,-3.0,10.0,72.32586479187012,-1183.3999633789062,0.0,0.0,Opened,72.32586479187012,-1183.3999633789062,0.0,0.015994477843065,1255.7258281707764,0.0,0.0,0,0.0
2020-08-11,23.60397720336914,-0.0209321130983956,119.27999877929688,0.00794323534303909,-0.02887534844143469,0.02887534844143469,0.016696985895650298,0.010140430148506937,0,0,-1.0,10,1.9176387498230643,3.0,-10.0,-70.81193161010742,1192.7999877929688,1.5139331817626953,9.4000244140625,Closed,-70.81193161010742,1192.7999877929688,10.913957595825195,0.016696985895650298,1263.6119194030762,10.913957595825195,0.008637111939384755,0,10.913957595825195
2020-08-12,23.584936141967773,-0.0008066886879830593,120.19000244140625,0.007629138761085619,-0.008435827449068678,0.008435827449068678,0.016541557118800693,0.010034475292667435,0,0,0.0,10,48.195133364167994,0.0,0.0,0.0,0.0,0.0,0.0,,0.0,0.0,0.0,0.016541557118800693,0.0,0.0,0.0,0,0.0
2020-08-13,23.489717483520508,-0.0040372659003231615,119.86000061035156,-0.002745667895427184,-0.0012915980048959774,0.0012915980048959774,0.01525591921197825,0.01010654460028708,0,0,0.0,10,3.4702210042419956,0.0,0.0,0.0,0.0,0.0,0.0,,0.0,0.0,0.0,0.01525591921197825,0.0,0.0,0.0,0,0.0
2020-08-14,23.59445571899414,0.004458897198193812,120.13999938964844,0.0023360485388874697,0.0021228486593063423,0.0021228486593063423,0.014729266438420463,0.010098254748865946,1,0,0.0,10,2.6676697538517122,0.0,0.0,0.0,0.0,0.0,0.0,,0.0,0.0,0.0,0.014729266438420463,0.0,0.0,0.0,0,0.0
2020-08-15,23.59445571899414,0.0,120.13999938964844,0.0,0.0,0.0,0.014567384737145793,0.010033258997589412,1,0,0.0,10,,0.0,0.0,0.0,0.0,0.0,0.0,,0.0,0.0,0.0,0.014567384737145793,0.0,0.0,0.0,0,0.0
2020-08-16,23.59445571899414,0.0,120.13999938964844,0.0,0.0,0.0,0.014573782846400393,0.010035668208530189,1,0,0.0,10,,0.0,0.0,0.0,0.0,0.0,0.0,,0.0,0.0,0.0,0.014573782846400393,0.0,0.0,0.0,0,0.0
2020-08-17,23.975317001342773,0.01614198212006346,120.45999908447266,0.002663556654319388,0.01347842546574407,0.01347842546574407,0.014738746316079401,0.010012213526018646,1,0,0.0,10,0.8290554416922179,0.0,0.0,0.0,0.0,0.0,0.0,,0.0,0.0,0.0,0.014738746316079401,0.0,0.0,0.0,0,0.0
2020-08-18,23.861061096191406,-0.004765563898277869,122.75,0.01901046764844727,-0.02377603154672514,0.02377603154672514,0.014808818931597677,0.010350396609676632,0,1,1.0,10,20.521554314194002,206.0,-10.0,-4915.37858581543,1227.5,0.0,0.0,Opened,-4915.37858581543,1227.5,0.0,0.014808818931597677,6142.87858581543,0.0,0.0,0,0.0
2020-08-19,23.537330627441406,-0.013567312343945703,122.47000122070312,-0.002281049118508127,-0.011286263225437576,0.011286263225437576,0.015129978720305862,0.010387609956719973,0,1,0.0,10,0.8748091726289396,-206.0,10.0,4848.69010925293,-1224.7000122070312,-66.6884765625,2.79998779296875,Live,0.0,0.0,0.0,0.015129978720305862,6073.390121459961,-63.88848876953125,-0.01051941131589507,0,0.0
2020-08-20,23.584936141967773,0.0020225536735616334,123.73999786376953,0.010369858989204506,-0.008347305315642872,0.008347305315642872,0.0146162728021242,0.01044111134724974,0,1,0.0,10,26.89974696467188,-206.0,10.0,4858.496845245361,-1237.3999786376953,-56.88174057006836,-9.899978637695312,Live,0.0,0.0,0.0,0.0146162728021242,6095.896823883057,-66.78171920776367,-0.01095519185070853,0,0.0
2020-08-21,23.00411605834961,-0.0246267397173332,122.79000091552734,-0.007677363541642168,-0.016949376175691033,0.016949376175691033,0.015295239771671106,0.010684175660324084,0,1,0.0,10,1.6640356959191254,-206.0,10.0,4738.8479080200195,-1227.9000091552734,-176.53067779541016,-0.4000091552734375,Live,0.0,0.0,0.0,0.015295239771671106,5966.747917175293,-176.9306869506836,-0.029652783963168335,1,-176.9306869506836
2020-08-22,23.00411605834961,0.0,122.79000091552734,0.0,0.0,0.0,0.015181245573178688,0.010640808068544318,1,0,-1.0,10,,-206.0,10.0,4738.8479080200195,-1227.9000091552734,-176.53067779541016,-0.4000091552734375,Closed,4738.8479080200195,-1227.9000091552734,-176.9306869506836,0.015181245573178688,5966.747917175293,-176.9306869506836,-0.029652783963168335,1,0.0
2020-08-23,23.00411605834961,0.0,122.79000091552734,0.0,0.0,0.0,0.015177019994073086,0.01062770202907406,1,0,0.0,10,,0.0,0.0,0.0,0.0,0.0,0.0,,0.0,0.0,0.0,0.015177019994073086,0.0,0.0,0.0,0,0.0
2020-08-24,23.423067092895508,0.01821200316861704,122.56999969482422,-0.001791686774678558,0.0200036899432956,0.0200036899432956,0.015467182310453968,0.010658484906078026,1,1,1.0,10,0.5148074147259528,-6.0,10.0,140.53840255737305,-1225.6999969482422,0.0,0.0,Opened,140.53840255737305,-1225.6999969482422,0.0,0.015467182310453968,1366.2383995056152,0.0,0.0,0,0.0
2020-08-25,23.375459671020508,-0.0020325016227034087,122.33999633789062,-0.001876506139400047,-0.00015599548330336166,0.00015599548330336166,0.015482184742291355,0.010690516681481327,0,0,-1.0,10,4.8320051880997745,6.0,-10.0,-140.25275802612305,1223.3999633789062,0.28564453125,-2.3000335693359375,Closed,-140.25275802612305,1223.3999633789062,-2.0143890380859375,0.015482184742291355,1363.6527214050293,-2.0143890380859375,-0.0014772009078751567,0,-2.0143890380859375
2020-08-26,23.442110061645508,0.002851297538658759,122.45999908447266,0.0009808954567123163,0.0018704020819464429,0.0018704020819464429,0.014631177954144944,0.01064069815998058,1,0,0.0,10,1.7971227210461826,0.0,0.0,0.0,0.0,0.0,0.0,,0.0,0.0,0.0,0.014631177954144944,0.0,0.0,0.0,0,0.0
2020-08-27,23.394508361816406,-0.0020306064472832563,122.38999938964844,-0.0005716127335255727,-0.0014589937137576836,0.0014589937137576836,0.014091566912351553,0.010674036385311433,0,0,0.0,10,1.4726791689502343,0.0,0.0,0.0,0.0,0.0,0.0,,0.0,0.0,0.0,0.014091566912351553,0.0,0.0,0.0,0,0.0
2020-08-28,23.861061096191406,0.019942831332864897,122.44999694824219,0.0004902161850883768,0.01945261514777652,0.01945261514777652,0.014231926254539664,0.010684685913164975,1,1,1.0,10,0.12614494612074822,-2.0,10.0,47.72212219238281,-1224.4999694824219,0.0,0.0,Opened,47.72212219238281,-1224.4999694824219,0.0,0.014231926254539664,1272.2220916748047,0.0,0.0,0,0.0
2020-08-29,23.861061096191406,0.0,122.44999694824219,0.0,0.0,0.0,0.013596377183981193,0.010702326610175146,1,1,0.0,10,,2.0,-10.0,-47.72212219238281,1224.4999694824219,0.0,0.0,Live,0.0,0.0,0.0,0.013596377183981193,1272.2220916748047,0.0,0.0,0,0.0
2020-08-30,23.861061096191406,0.0,122.44999694824219,0.0,0.0,0.0,0.013423171436601206,0.010706600612977102,1,1,0.0,10,,2.0,-10.0,-47.72212219238281,1224.4999694824219,0.0,0.0,Live,0.0,0.0,0.0,0.013423171436601206,1272.2220916748047,0.0,0.0,0,0.0
2020-08-31,23.62302017211914,-0.009976124830016864,122.52999877929688,0.0006533428587058854,-0.010629467688722749,0.010629467688722749,0.01362419176446671,0.01069890666530526,0,0,-1.0,10,0.3396927532477192,2.0,-10.0,-47.24604034423828,1225.2999877929688,0.47608184814453125,0.800018310546875,Closed,-47.24604034423828,1225.2999877929688,1.2761001586914062,0.01362419176446671,1272.546028137207,1.2761001586914062,0.001002792928880853,0,1.2761001586914062
2020-09-01,23.851539611816406,0.009673591184880426,123.68000030517578,0.009385469169475025,0.00028812201540540094,0.00028812201540540094,0.013671297519058443,0.010715338594282208,1,0,0.0,10,5.030965248253595,0.0,0.0,0.0,0.0,0.0,0.0,,0.0,0.0,0.0,0.013671297519058443,0.0,0.0,0.0,0,0.0
2020-09-02,23.89914894104004,0.0019960694361234044,126.05999755859375,0.01924318602478503,-0.017247116588661626,0.017247116588661626,0.013327654173020839,0.0073051710953074825,0,1,1.0,10,50.85061292378659,509.0,-10.0,-12164.66681098938,1260.5999755859375,0.0,0.0,Opened,-12164.66681098938,1260.5999755859375,0.0,0.013327654173020839,13425.266786575317,0.0,0.0,0,0.0
2020-09-03,23.442110061645508,-0.019123646642065006,128.3800048828125,0.018403993091784754,-0.03752763973384976,0.03752763973384976,0.013595983840730833,0.007662822376504125,0,1,0.0,10,5.270381322249853,-509.0,10.0,11932.034021377563,-1283.800048828125,-232.6327896118164,-23.2000732421875,Live,0.0,0.0,0.0,0.013595983840730833,13215.834070205688,-255.8328628540039,-0.01935805651727755,1,-255.8328628540039
2020-09-04,23.642061233520508,0.008529572267564234,127.52999877929688,-0.006621016289035997,0.01515058855660023,0.01515058855660023,0.012352378893416529,0.00786403467217758,1,0,-1.0,10,4.187206899258142,-509.0,10.0,12033.809167861938,-1275.2999877929688,-130.8576431274414,-14.70001220703125,Closed,12033.809167861938,-1275.2999877929688,-145.55765533447266,0.012352378893416529,13309.109155654907,-145.55765533447266,-0.010936694081634056,0,0.0
2020-09-05,23.642061233520508,0.0,127.52999877929688,0.0,0.0,0.0,0.012351900882142813,0.006970785159233857,1,0,0.0,10,,0.0,0.0,0.0,0.0,0.0,0.0,,0.0,0.0,0.0,0.012351900882142813,0.0,0.0,0.0,0,0.0
2020-09-06,23.642061233520508,0.0,127.52999877929688,0.0,0.0,0.0,0.012282226384589128,0.006765509210034212,1,0,0.0,10,,0.0,0.0,0.0,0.0,0.0,0.0,,0.0,0.0,0.0,0.012282226384589128,0.0,0.0,0.0,0,0.0
2020-09-07,23.642061233520508,0.0,127.52999877929688,0.0,0.0,0.0,0.012282226384589128,0.006765509210034212,1,0,0.0,10,,0.0,0.0,0.0,0.0,0.0,0.0,,0.0,0.0,0.0,0.012282226384589128,0.0,0.0,0.0,0,0.0
2020-09-08,22.97555160522461,-0.028191688605852083,128.02999877929688,0.003920646160008978,-0.03211233476586106,0.03211233476586106,0.013365835485476268,0.006751518758419866,0,1,1.0,10,0.7749654725103162,8.0,-10.0,-183.80441284179688,1280.2999877929688,0.0,0.0,Opened,-183.80441284179688,1280.2999877929688,0.0,0.013365835485476268,1464.1044006347656,0.0,0.0,0,0.0
2020-09-09,23.156465530395508,0.007874192893360554,126.77999877929688,-0.009763336811045353,0.017637529704405908,0.017637529704405908,0.011359159283463201,0.00712652894612378,1,0,-1.0,10,6.788451093828736,-8.0,10.0,185.25172424316406,-1267.7999877929688,1.4473114013671875,12.5,Closed,185.25172424316406,-1267.7999877929688,13.947311401367188,0.011359159283463201,1453.0517120361328,13.947311401367188,0.009598633886073535,0,13.947311401367188
2020-09-10,22.775602340698242,-0.01644738007177038,126.7699966430664,-7.889364510782482e-05,-0.016368486426662554,0.016368486426662554,0.011118568069826298,0.007058568392604005,0,1,1.0,10,0.026698809778553045,1.0,-10.0,-22.775602340698242,1267.699966430664,0.0,0.0,Opened,-22.775602340698242,1267.699966430664,0.0,0.011118568069826298,1290.4755687713623,0.0,0.0,0,0.0
2020-09-11,22.81368637084961,0.001672141512732317,127.43000030517578,0.005206308113801406,-0.0035341666010690886,0.0035341666010690886,0.011130258829001009,0.007006270810667093,0,1,0.0,10,17.391340373169097,-1.0,10.0,22.81368637084961,-1274.3000030517578,0.03808403015136719,-6.60003662109375,Live,0.0,0.0,0.0,0.011130258829001009,1297.1136894226074,-6.561952590942383,-0.005058887778652114,0,0.0
2020-09-12,22.81368637084961,0.0,127.43000030517578,0.0,0.0,0.0,0.011117262244889707,0.006960257784659061,1,0,-1.0,10,,-1.0,10.0,22.81368637084961,-1274.3000030517578,0.03808403015136719,-6.60003662109375,Closed,22.81368637084961,-1274.3000030517578,-6.561952590942383,0.011117262244889707,1297.1136894226074,-6.561952590942383,-0.005058887778652114,0,-6.561952590942383
2020-09-13,22.81368637084961,0.0,127.43000030517578,0.0,0.0,0.0,0.011072685715250366,0.006970201347504159,1,0,0.0,10,,0.0,0.0,0.0,0.0,0.0,0.0,,0.0,0.0,0.0,0.011072685715250366,0.0,0.0,0.0,0,0.0
2020-09-14,23.565889358520508,0.032971566955178,128.86000061035156,0.011221849656683158,0.02174971729849484,0.02174971729849484,0.012698646157375988,0.0071583610697779874,1,1,1.0,10,1.8610547660587247,-19.0,10.0,447.75189781188965,-1288.6000061035156,0.0,0.0,Opened,447.75189781188965,-1288.6000061035156,0.0,0.012698646157375988,1736.3519039154053,0.0,0.0,0,0.0
2020-09-15,23.670631408691406,0.004444646606686531,128.00999450683594,-0.006596353402836597,0.011041000009523128,0.011041000009523128,0.012724095367507501,0.007332631307354769,1,1,0.0,10,8.0260288280654,19.0,-10.0,-449.7419967651367,1280.0999450683594,-1.9900989532470703,-8.50006103515625,Live,0.0,0.0,0.0,0.012724095367507501,1729.841941833496,-10.49015998840332,-0.006064230340770081,0,0.0
2020-09-16,23.91819190979004,0.010458550801806465,126.01000213623047,-0.015623720462691448,0.026082271264497914,0.026082271264497914,0.012518988683971223,0.008016141628660685,1,1,0.0,10,7.870269833485747,19.0,-10.0,-454.44564628601074,1260.1000213623047,-6.693748474121094,-28.499984741210938,Live,0.0,0.0,0.0,0.012518988683971223,1714.5456676483154,-35.19373321533203,-0.020526565071669417,1,-35.19373321533203
2020-09-17,24.289531707763672,0.015525412596996357,126.58999633789062,0.004602763207900873,0.010922649389095485,0.010922649389095485,0.012797875915967576,0.007335679359805576,1,1,0.0,10,1.545096923233915,19.0,-10.0,-461.50110244750977,1265.8999633789062,-13.749204635620117,-22.700042724609375,Live,0.0,0.0,0.0,0.012797875915967576,1727.401065826416,-36.44924736022949,-0.02110062803671572,1,0.0
2020-09-18,24.39426612854004,0.004311916015362627,127.08999633789062,0.0039497591789592335,0.00036215683640339336,0.00036215683640339336,0.012525280168882168,0.007326220943366991,1,1,0.0,10,4.7722582062272325,19.0,-10.0,-463.49105644226074,1270.8999633789062,-15.739158630371094,-17.700042724609375,Live,0.0,0.0,0.0,0.012525280168882168,1734.391019821167,-33.43920135498047,-0.01928008215726831,1,0.0
2020-09-19,24.39426612854004,0.0,127.08999633789062,0.0,0.0,0.0,0.01252652517002891,0.007123454961321883,1,1,0.0,10,,19.0,-10.0,-463.49105644226074,1270.8999633789062,-15.739158630371094,-17.700042724609375,Live,0.0,0.0,0.0,0.01252652517002891,1734.391019821167,-33.43920135498047,-0.01928008215726831,1,0.0
2020-09-20,24.39426612854004,0.0,127.08999633789062,0.0,0.0,0.0,0.011543989564774173,0.006939652249233672,1,1,0.0,10,,19.0,-10.0,-463.49105644226074,1270.8999633789062,-15.739158630371094,-17.700042724609375,Live,0.0,0.0,0.0,0.011543989564774173,1734.391019821167,-33.43920135498047,-0.01928008215726831,1,0.0
2020-09-21,22.641042709350586,-0.07187030796299598,126.01000213623047,-0.008497869484462073,-0.06337243847853391,0.06337243847853391,0.01776131270969772,0.00715906972615912,0,0,-1.0,10,0.6580655347138294,19.0,-10.0,-430.17981147766113,1260.1000213623047,17.572086334228516,-28.499984741210938,Closed,-430.17981147766113,1260.1000213623047,-10.927898406982422,0.01776131270969772,1690.2798328399658,-10.927898406982422,-0.006465141566897619,0,0.0
2020-09-22,22.555103302001953,-0.003795735401936229,125.7300033569336,-0.0022220361443543446,-0.0015736992575818842,0.0015736992575818842,0.017772075838595174,0.007180036788151133,0,0,0.0,10,3.263242099547615,0.0,0.0,0.0,0.0,0.0,0.0,,0.0,0.0,0.0,0.017772075838595174,0.0,0.0,0.0,0,0.0
2020-09-23,21.752971649169922,-0.03556320013665537,124.79000091552734,-0.007476357403234046,-0.028086842733421324,0.028086842733421324,0.018516009083667392,0.007324725287015095,0,1,1.0,10,1.2060086275221469,13.0,-10.0,-282.788631439209,1247.9000091552734,0.0,0.0,Opened,-282.788631439209,1247.9000091552734,0.0,0.018516009083667392,1530.6886405944824,0.0,0.0,0,0.0
2020-09-24,21.915307998657227,0.007462720593096606,123.97000122070312,-0.006571036852378032,0.014033757445474637,0.014033757445474637,0.018601565921851335,0.007429394499383978,1,0,-1.0,10,4.98087620543193,-13.0,10.0,284.89900398254395,-1239.7000122070312,2.110372543334961,8.199996948242188,Closed,284.89900398254395,-1239.7000122070312,10.310369491577148,0.018601565921851335,1524.5990161895752,10.310369491577148,0.006762676206722091,0,10.310369491577148
2020-09-25,21.991701126098633,0.0034858340775354435,123.80999755859375,-0.0012906643585856026,0.004776498436121046,0.004776498436121046,0.018607604093754292,0.007435558646592383,1,0,0.0,10,2.0845076647680862,0.0,0.0,0.0,0.0,0.0,0.0,,0.0,0.0,0.0,0.018607604093754292,0.0,0.0,0.0,0,0.0
2020-09-26,21.991701126098633,0.0,123.80999755859375,0.0,0.0,0.0,0.01861101248725058,0.007433735974644564,1,0,0.0,10,,0.0,0.0,0.0,0.0,0.0,0.0,,0.0,0.0,0.0,0.01861101248725058,0.0,0.0,0.0,0,0.0
2020-09-27,21.991701126098633,0.0,123.80999755859375,0.0,0.0,0.0,0.018154959224085297,0.007434095092063448,1,0,0.0,10,,0.0,0.0,0.0,0.0,0.0,0.0,,0.0,0.0,0.0,0.018154959224085297,0.0,0.0,0.0,0,0.0
2020-09-28,22.726985931396484,0.033434648874217876,124.20999908447266,0.0032307691928481486,0.030203879681369727,0.030203879681369727,0.019306727094621955,0.007451558070682184,1,1,1.0,10,0.5281093806526111,-6.0,10.0,136.3619155883789,-1242.0999908447266,0.0,0.0,Opened,136.3619155883789,-1242.0999908447266,0.0,0.019306727094621955,1378.4619064331055,0.0,0.0,0,0.0
2020-09-29,22.278173446655273,-0.019747998528973132,124.0199966430664,-0.0015296871653387445,-0.018218311363634387,0.018218311363634387,0.019590591691197593,0.007460344072722351,0,0,-1.0,10,0.4312128270038311,6.0,-10.0,-133.66904067993164,1240.199966430664,2.6928749084472656,-1.9000244140625,Closed,-133.66904067993164,1240.199966430664,0.7928504943847656,0.019590591691197593,1373.8690071105957,0.7928504943847656,0.0005770932237944732,0,0.7928504943847656
2020-09-30,22.19223403930664,-0.0038575607445742177,123.9800033569336,-0.00032247449778533,-0.0035350862467888877,0.0035350862467888877,0.01953750070997904,0.007461561197734168,0,0,0.0,10,0.46701757179443715,0.0,0.0,0.0,0.0,0.0,0.0,,0.0,0.0,0.0,0.01953750070997904,0.0,0.0,0.0,0,0.0
2020-10-01,22.440515518188477,0.011187764081889373,121.43000030517578,-0.02056785757955215,0.031755621661441524,0.031755621661441524,0.019570337030421128,0.008188971675215121,1,1,1.0,10,9.94807207578634,-100.0,10.0,2244.0515518188477,-1214.3000030517578,0.0,0.0,Opened,2244.0515518188477,-1214.3000030517578,0.0,0.019570337030421128,3458.3515548706055,0.0,0.0,0,0.0
2020-10-02,22.927518844604492,0.021701966963338704,120.5999984741211,-0.006835228765286527,0.02853719572862523,0.02853719572862523,0.02002891458301191,0.0073537450561090055,1,1,0.0,10,1.6567012486472346,100.0,-10.0,-2292.751884460449,1205.999984741211,-48.70033264160156,-8.300018310546875,Live,0.0,0.0,0.0,0.02002891458301191,3498.75186920166,-57.00035095214844,-0.016291624294338624,0,0.0
2020-10-03,22.927518844604492,0.0,120.5999984741211,0.0,0.0,0.0,0.01974052961687,0.006337978527534604,1,1,0.0,10,,100.0,-10.0,-2292.751884460449,1205.999984741211,-48.70033264160156,-8.300018310546875,Live,0.0,0.0,0.0,0.01974052961687,3498.75186920166,-57.00035095214844,-0.016291624294338624,0,0.0
2020-10-04,22.927518844604492,0.0,120.5999984741211,0.0,0.0,0.0,0.019666578539131667,0.006288843690348051,1,1,0.0,10,,100.0,-10.0,-2292.751884460449,1205.999984741211,-48.70033264160156,-8.300018310546875,Live,0.0,0.0,0.0,0.019666578539131667,3498.75186920166,-57.00035095214844,-0.016291624294338624,0,0.0
2020-10-05,23.510019302368164,0.025406170711784304,121.02999877929688,0.003565508379903104,0.0218406623318812,0.0218406623318812,0.020242204972055488,0.00635815407574477,1,1,0.0,10,0.7224741168364136,100.0,-10.0,-2351.0019302368164,1210.2999877929688,-106.95037841796875,-4.0000152587890625,Live,0.0,0.0,0.0,0.020242204972055488,3561.301918029785,-110.95039367675781,-0.031154447511189606,1,-110.95039367675781
2020-10-06,22.88932228088379,-0.026401382895583247,121.83999633789062,0.006692535460326665,-0.03309391835590991,0.03309391835590991,0.02080887880220683,0.006535609852936187,0,0,-1.0,10,1.3493386133714649,100.0,-10.0,-2288.932228088379,1218.3999633789062,-44.88067626953125,4.0999603271484375,Closed,-2288.932228088379,1218.3999633789062,-40.78071594238281,0.02080887880220683,3507.332191467285,-40.78071594238281,-0.011627275010218603,0,0.0
2020-10-07,23.653257369995117,0.03337517291848058,121.91000366210938,0.0005745840965440951,0.03280058882193648,0.03280058882193648,0.021728542723678974,0.0065409954490946495,1,1,1.0,10,0.08873163086423115,-1.0,10.0,23.653257369995117,-1219.1000366210938,0.0,0.0,Opened,23.653257369995117,-1219.1000366210938,0.0,0.021728542723678974,1242.7532939910889,0.0,0.0,0,0.0
2020-10-08,24.09251594543457,0.01857074349500243,122.45999908447266,0.004511487210579368,0.01405925628442306,0.01405925628442306,0.021290909222124402,0.006558684033356328,1,1,0.0,10,1.2348168180322225,1.0,-10.0,-24.09251594543457,1224.5999908447266,-0.4392585754394531,5.4999542236328125,Live,0.0,0.0,0.0,0.021290909222124402,1248.6925067901611,5.060695648193359,0.004052795720863402,0,0.0
2020-10-09,24.216655731201172,0.0051526285609919675,123.48999786376953,0.008410899779497605,-0.0032582712185056373,0.0032582712185056373,0.021269952351388576,0.006604536293430174,0,0,-1.0,10,8.323984004295983,1.0,-10.0,-24.216655731201172,1234.8999786376953,-0.5633983612060547,15.799942016601562,Closed,-24.216655731201172,1234.8999786376953,15.236543655395508,0.021269952351388576,1259.1166343688965,15.236543655395508,0.012100978765189991,0,15.236543655395508
2020-10-10,24.216655731201172,0.0,123.48999786376953,0.0,0.0,0.0,0.020995842142616433,0.006604871618485128,1,0,0.0,10,,0.0,0.0,0.0,0.0,0.0,0.0,,0.0,0.0,0.0,0.020995842142616433,0.0,0.0,0.0,0,0.0
2020-10-11,24.216655731201172,0.0,123.48999786376953,0.0,0.0,0.0,0.020999687242324788,0.006507879736707386,1,0,0.0,10,,0.0,0.0,0.0,0.0,0.0,0.0,,0.0,0.0,0.0,0.020999687242324788,0.0,0.0,0.0,0,0.0
2020-10-12,24.12116241455078,-0.0039432908371140885,123.25,-0.0019434599394381191,-0.0019998308976759693,0.0019998308976759693,0.021026311451954084,0.0065069896291689595,0,0,0.0,10,2.5182884775972227,0.0,0.0,0.0,0.0,0.0,0.0,,0.0,0.0,0.0,0.021026311451954084,0.0,0.0,0.0,0,0.0
2020-10-13,23.77739143371582,-0.014251841388356334,122.43000030517578,-0.006653141540155949,-0.007598699848200385,0.007598699848200385,0.0212348236362827,0.006581489497188146,0,0,0.0,10,2.40369536287055,0.0,0.0,0.0,0.0,0.0,0.0,,0.0,0.0,0.0,0.0212348236362827,0.0,0.0,0.0,0,0.0
2020-10-14,24.063867568969727,0.012048257524485573,121.4800033569336,-0.007759511115528639,0.01980776864001421,0.01980776864001421,0.020499868671293057,0.006238410161085693,1,0,0.0,10,3.2512434048240912,0.0,0.0,0.0,0.0,0.0,0.0,,0.0,0.0,0.0,0.020499868671293057,0.0,0.0,0.0,0,0.0
2020-10-15,24.102067947387695,0.0015874579723513804,121.12999725341797,-0.0028811828600896483,0.004468640832441029,0.004468640832441029,0.020489488935903716,0.006179489478167704,1,0,0.0,10,9.121494218415453,0.0,0.0,0.0,0.0,0.0,0.0,,0.0,0.0,0.0,0.020489488935903716,0.0,0.0,0.0,0,0.0
2020-10-16,24.07341766357422,-0.001188706457720401,121.44000244140625,0.0025592767689057716,-0.0037479832266261726,0.0037479832266261726,0.02041054219761663,0.005647870559373258,0,0,0.0,10,10.860920856972838,0.0,0.0,0.0,0.0,0.0,0.0,,0.0,0.0,0.0,0.02041054219761663,0.0,0.0,0.0,0,0.0
2020-10-17,24.07341766357422,0.0,121.44000244140625,0.0,0.0,0.0,0.020210202946717094,0.005545975837545985,1,0,0.0,10,,0.0,0.0,0.0,0.0,0.0,0.0,,0.0,0.0,0.0,0.020210202946717094,0.0,0.0,0.0,0,0.0
2020-10-18,24.07341766357422,0.0,121.44000244140625,0.0,0.0,0.0,0.02019309568910777,0.0054616099126410115,1,0,0.0,10,,0.0,0.0,0.0,0.0,0.0,0.0,,0.0,0.0,0.0,0.02019309568910777,0.0,0.0,0.0,0,0.0
2020-10-19,23.90152931213379,-0.007140172361173147,121.52999877929688,0.000741076548759434,-0.007881248909932581,0.007881248909932581,0.020232207593239723,0.005470298135398481,0,0,0.0,10,0.5277304802673917,0.0,0.0,0.0,0.0,0.0,0.0,,0.0,0.0,0.0,0.020232207593239723,0.0,0.0,0.0,0,0.0
2020-10-20,23.891983032226562,-0.0003994003807271662,121.51000213623047,-0.0001645407987103109,-0.0002348595820168553,0.0002348595820168553,0.020232013462316865,0.005468850056404327,0,0,0.0,10,2.095197452883407,0.0,0.0,0.0,0.0,0.0,0.0,,0.0,0.0,0.0,0.020232013462316865,0.0,0.0,0.0,0,0.0
2020-10-21,23.863332748413086,-0.0011991588883530913,121.55999755859375,0.000411451086201442,-0.0016106099745545333,0.0016106099745545333,0.015097143681139857,0.005314390703014569,0,0,0.0,10,1.7478375603954954,0.0,0.0,0.0,0.0,0.0,0.0,,0.0,0.0,0.0,0.015097143681139857,0.0,0.0,0.0,0,0.0
2020-10-22,24.273944854736328,0.017206821471764,121.33999633789062,-0.001809815935518433,0.019016637407282433,0.019016637407282433,0.015311082050213533,0.0053121466499784975,1,1,1.0,10,0.5257719002917514,-6.0,10.0,145.64366912841797,-1213.3999633789062,0.0,0.0,Opened,145.64366912841797,-1213.3999633789062,0.0,0.015311082050213533,1359.0436325073242,0.0,0.0,0,0.0
2020-10-23,24.44583511352539,0.007081265934223424,121.0199966430664,-0.0026372152998350717,0.009718481234058496,0.009718481234058496,0.01352460143401371,0.0051860307628238825,1,1,0.0,10,1.8436859266307648,6.0,-10.0,-146.67501068115234,1210.199966430664,-1.031341552734375,-3.1999969482421875,Live,0.0,0.0,0.0,0.01352460143401371,1356.8749771118164,-4.2313385009765625,-0.0031184439040826007,0,0.0
2020-10-24,24.44583511352539,0.0,121.0199966430664,0.0,0.0,0.0,0.013527074597970527,0.005080708285586944,1,1,0.0,10,,6.0,-10.0,-146.67501068115234,1210.199966430664,-1.031341552734375,-3.1999969482421875,Live,0.0,0.0,0.0,0.013527074597970527,1356.8749771118164,-4.2313385009765625,-0.0031184439040826007,0,0.0
2020-10-25,24.44583511352539,0.0,121.0199966430664,0.0,0.0,0.0,0.013544266552604795,0.00508178617184532,1,1,0.0,10,,6.0,-10.0,-146.67501068115234,1210.199966430664,-1.031341552734375,-3.1999969482421875,Live,0.0,0.0,0.0,0.013544266552604795,1356.8749771118164,-4.2313385009765625,-0.0031184439040826007,0,0.0
2020-10-26,23.76784324645996,-0.027734453084415578,120.75,-0.0022310085155821113,-0.025503444568833467,0.025503444568833467,0.014697370288899014,0.005086801195675951,0,0,-1.0,10,0.4086758613994593,6.0,-10.0,-142.60705947875977,1207.5,3.036609649658203,-5.89996337890625,Closed,-142.60705947875977,1207.5,-2.863353729248047,0.014697370288899014,1350.1070594787598,-2.863353729248047,-0.0021208345731882263,0,-2.863353729248047
2020-10-27,23.786941528320312,0.000803534492478386,120.62999725341797,-0.0009938115658967295,0.0017973460583751155,0.0017973460583751155,0.014693018653926146,0.005084504001368978,1,0,0.0,10,6.272147105521578,0.0,0.0,0.0,0.0,0.0,0.0,,0.0,0.0,0.0,0.014693018653926146,0.0,0.0,0.0,0,0.0
2020-10-28,22.650590896606445,-0.04777203619729542,120.44999694824219,-0.0014921686916533616,-0.04627986750564206,0.04627986750564206,0.01623894664556317,0.005026440628422163,0,1,1.0,10,0.16610068671431652,2.0,-10.0,-45.30118179321289,1204.4999694824219,0.0,0.0,Opened,-45.30118179321289,1204.4999694824219,0.0,0.01623894664556317,1249.8011512756348,0.0,0.0,0,0.0
2020-10-29,23.299936294555664,0.028667923098046222,120.27999877929688,-0.0014113588480899608,0.030079281946136183,0.030079281946136183,0.016608639148376583,0.005026066646187634,1,0,-1.0,10,0.2541440233170398,-2.0,10.0,46.59987258911133,-1202.7999877929688,1.2986907958984375,1.699981689453125,Closed,46.59987258911133,-1202.7999877929688,2.9986724853515625,0.016608639148376583,1249.39986038208,2.9986724853515625,0.002400090299701599,0,2.9986724853515625
2020-10-30,23.32857894897461,0.0012293018339983863,120.19000244140625,-0.0007482236348851368,0.001977525468883523,0.001977525468883523,0.01657661840610782,0.005024665517288003,1,0,0.0,10,3.135833189092728,0.0,0.0,0.0,0.0,0.0,0.0,,0.0,0.0,0.0,0.01657661840610782,0.0,0.0,0.0,0,0.0
2020-10-31,23.32857894897461,0.0,120.19000244140625,0.0,0.0,0.0,0.016483715277776007,0.0034092960753141074,1,0,0.0,10,,0.0,0.0,0.0,0.0,0.0,0.0,,0.0,0.0,0.0,0.016483715277776007,0.0,0.0,0.0,0,0.0
2020-11-01,23.32857894897461,0.0,120.19000244140625,0.0,0.0,0.0,0.016033287323022286,0.0031807480083783867,1,0,0.0,10,,0.0,0.0,0.0,0.0,0.0,0.0,,0.0,0.0,0.0,0.016033287323022286,0.0,0.0,0.0,0,0.0
2020-11-02,23.96837615966797,0.027425468653395235,117.69000244140625,-0.02080039894515162,0.04822586759854686,0.04822586759854686,0.01675732558158949,0.004937937525048357,1,1,1.0,10,3.724076271201898,-38.0,10.0,910.7982940673828,-1176.9000244140625,0.0,0.0,Opened,910.7982940673828,-1176.9000244140625,0.0,0.01675732558158949,2087.6983184814453,0.0,0.0,0,0.0
2020-11-03,24.464933395385742,0.0207171830252455,116.47000122070312,-0.010366226488188968,0.031083409513434468,0.031083409513434468,0.017111507201806094,0.005233721991663575,1,1,0.0,10,2.382100239695138,38.0,-10.0,-929.6674690246582,1164.7000122070312,-18.86917495727539,-12.20001220703125,Live,0.0,0.0,0.0,0.017111507201806094,2094.3674812316895,-31.06918716430664,-0.01483463978634493,0,0.0
2020-11-04,23.223543167114258,-0.050741614874194596,116.83999633789062,0.00317674176448568,-0.053918356638680276,0.053918356638680276,0.019099347830559162,0.0052221184273696175,0,0,-1.0,10,0.31497833491153704,38.0,-10.0,-882.4946403503418,1168.3999633789062,28.303653717041016,-8.50006103515625,Closed,-882.4946403503418,1168.3999633789062,19.803592681884766,0.019099347830559162,2050.894603729248,19.803592681884766,0.009656075278502789,0,19.803592681884766
2020-11-05,24.44583511352539,0.052631587592627094,116.91999816894531,0.0006847127144999909,0.0519468748781271,0.0519468748781271,0.020744754110767163,0.0050219415603355,1,1,1.0,10,0.06222226895791232,-1.0,10.0,24.44583511352539,-1169.1999816894531,0.0,0.0,Opened,24.44583511352539,-1169.1999816894531,0.0,0.020744754110767163,1193.6458168029785,0.0,0.0,0,0.0
2020-11-06,24.68456268310547,0.009765572273208845,117.62999725341797,0.006072520489152966,0.0036930517840558785,0.0036930517840558785,0.019962386289745428,0.005192425468978733,1,1,0.0,10,2.963220296015473,1.0,-10.0,-24.68456268310547,1176.2999725341797,-0.23872756958007812,7.0999908447265625,Live,0.0,0.0,0.0,0.019962386289745428,1200.9845352172852,6.861263275146484,0.005713032161488347,0,0.0
2020-11-07,24.68456268310547,0.0,117.62999725341797,0.0,0.0,0.0,0.01970481072007543,0.0050862254719073775,1,1,0.0,10,,1.0,-10.0,-24.68456268310547,1176.2999725341797,-0.23872756958007812,7.0999908447265625,Live,0.0,0.0,0.0,0.01970481072007543,1200.9845352172852,6.861263275146484,0.005713032161488347,0,0.0
2020-11-08,24.68456268310547,0.0,117.62999725341797,0.0,0.0,0.0,0.019689801012198842,0.004751707105102435,1,1,0.0,10,,1.0,-10.0,-24.68456268310547,1176.2999725341797,-0.23872756958007812,7.0999908447265625,Live,0.0,0.0,0.0,0.019689801012198842,1200.9845352172852,6.861263275146484,0.005713032161488347,0,0.0
2020-11-09,25.70631980895996,0.04139255529747743,119.83999633789062,0.018787716875581673,0.022604838421895757,0.022604838421895757,0.021034268860011952,0.006035596771153176,1,1,0.0,10,2.1159901908274064,1.0,-10.0,-25.70631980895996,1198.3999633789062,-1.2604846954345703,29.199981689453125,Live,0.0,0.0,0.0,0.021034268860011952,1224.1062831878662,27.939496994018555,0.022824404529039263,0,0.0
2020-11-10,25.9927978515625,0.011144265096347583,120.30000305175781,0.0038385074092475158,0.007305757687100067,0.007305757687100067,0.02109228916656606,0.006097500580026092,1,1,0.0,10,1.594129350566446,1.0,-10.0,-25.9927978515625,1203.0000305175781,-1.5469627380371094,33.800048828125,Live,0.0,0.0,0.0,0.02109228916656606,1228.9928283691406,32.25308609008789,0.026243510414041524,0,0.0
2020-11-11,25.725421905517578,-0.010286539662710759,121.58999633789062,0.010723135938556894,-0.021009675601267652,0.021009675601267652,0.021191474470654417,0.006447937394598518,0,0,-1.0,10,4.927059943022833,1.0,-10.0,-25.725421905517578,1215.8999633789062,-1.2795867919921875,46.699981689453125,Closed,-25.725421905517578,1215.8999633789062,45.42039489746094,0.021191474470654417,1241.6253852844238,45.42039489746094,0.03658140002272611,0,45.42039489746094
2020-11-12,25.29570960998535,-0.01670379973204883,121.0,-0.004852342755657824,-0.011851456976391006,0.011851456976391006,0.02126238747388627,0.006396197551034345,0,0,0.0,10,1.3895516667317682,0.0,0.0,0.0,0.0,0.0,0.0,,0.0,0.0,0.0,0.02126238747388627,0.0,0.0,0.0,0,0.0
2020-11-13,26.489351272583008,0.047187514444207324,120.80000305175781,-0.001652867340844577,0.0488403817850519,0.0488403817850519,0.02273564314846246,0.0062484431950779375,1,1,1.0,10,0.1597373661851218,-2.0,10.0,52.978702545166016,-1208.0000305175781,0.0,0.0,Opened,52.978702545166016,-1208.0000305175781,0.0,0.02273564314846246,1260.9787330627441,0.0,0.0,0,0.0
2020-11-14,26.489351272583008,0.0,120.80000305175781,0.0,0.0,0.0,0.022741987996590787,0.0062274130922615545,1,1,0.0,10,,2.0,-10.0,-52.978702545166016,1208.0000305175781,0.0,0.0,Live,0.0,0.0,0.0,0.022741987996590787,1260.9787330627441,0.0,0.0,0,0.0
2020-11-15,26.489351272583008,0.0,120.80000305175781,0.0,0.0,0.0,0.02273474652870745,0.0062076203220344725,1,1,0.0,10,,2.0,-10.0,-52.978702545166016,1208.0000305175781,0.0,0.0,Live,0.0,0.0,0.0,0.02273474652870745,1260.9787330627441,0.0,0.0,0,0.0
2020-11-16,27.69254493713379,0.04542178674628805,121.22000122070312,0.003476805946481365,0.041944980799806686,0.041944980799806686,0.023976157865692,0.006243015907603836,1,1,0.0,10,0.3350639104460924,2.0,-10.0,-55.38508987426758,1212.2000122070312,-2.4063873291015625,4.199981689453125,Live,0.0,0.0,0.0,0.023976157865692,1267.5851020812988,1.7935943603515625,0.0014149695806668823,0,0.0
2020-11-17,27.577957153320312,-0.004137856743524626,122.0,0.0064345716172427014,-0.010572428360767328,0.010572428360767328,0.024017521374511054,0.006354039794550461,0,0,-1.0,10,6.87926320606099,2.0,-10.0,-55.155914306640625,1220.0,-2.1772117614746094,11.999969482421875,Closed,-55.155914306640625,1220.0,9.822757720947266,0.024017521374511054,1275.1559143066406,9.822757720947266,0.007703181713499199,0,9.822757720947266
2020-11-18,26.96681022644043,-0.022160703328466202,122.29000091552734,0.0023770566846503804,-0.024537760013116583,0.024537760013116583,0.024428467306494932,0.006366093017228197,0,1,1.0,10,0.4864266580008453,5.0,-10.0,-134.83405113220215,1222.9000091552734,0.0,0.0,Opened,-134.83405113220215,1222.9000091552734,0.0,0.024428467306494932,1357.7340602874756,0.0,0.0,0,0.0
2020-11-19,26.985904693603516,0.0007080728867354669,122.83999633789062,0.004497468462226983,-0.0037893955754915165,0.0037893955754915165,0.024421928611020573,0.0064129235688491805,0,1,0.0,10,28.912987892358423,-5.0,10.0,134.92952346801758,-1228.3999633789062,0.09547233581542969,-5.4999542236328125,Live,0.0,0.0,0.0,0.024421928611020573,1363.3294868469238,-5.404481887817383,-0.00396417882834526,0,0.0
2020-11-20,26.985904693603516,0.0,123.3499984741211,0.0041517596176707805,-0.0041517596176707805,0.0041517596176707805,0.02441350459469997,0.0064497518418309115,0,1,0.0,10,inf,-5.0,10.0,134.92952346801758,-1233.499984741211,0.09547233581542969,-10.5999755859375,Live,0.0,0.0,0.0,0.02441350459469997,1368.4295082092285,-10.50450325012207,-0.007676320327138083,0,0.0
2020-11-21,26.985904693603516,0.0,123.3499984741211,0.0,0.0,0.0,0.0243040058629194,0.006435778280749011,1,0,-1.0,10,,-5.0,10.0,134.92952346801758,-1233.499984741211,0.09547233581542969,-10.5999755859375,Closed,134.92952346801758,-1233.499984741211,-10.50450325012207,0.0243040058629194,1368.4295082092285,-10.50450325012207,-0.007676320327138083,0,-10.50450325012207
2020-11-22,26.985904693603516,0.0,123.3499984741211,0.0,0.0,0.0,0.02430563991587438,0.006408443304668555,1,0,0.0,10,,0.0,0.0,0.0,0.0,0.0,0.0,,0.0,0.0,0.0,0.02430563991587438,0.0,0.0,0.0,0,0.0
2020-11-23,27.759389877319336,0.028662562641420752,123.18000030517578,-0.0013781773088629157,0.030040739950283668,0.030040739950283668,0.024719664210307944,0.006418238479558179,1,1,1.0,10,0.21336361578762672,-3.0,10.0,83.27816963195801,-1231.8000030517578,0.0,0.0,Opened,83.27816963195801,-1231.8000030517578,0.0,0.024719664210307944,1315.0781726837158,0.0,0.0,0,0.0
2020-11-24,28.905298233032227,0.04128002671446129,123.4000015258789,0.001786014126953006,0.03949401258750829,0.03949401258750829,0.02559172336434335,0.006420669791104051,1,1,0.0,10,0.18470669205355167,3.0,-10.0,-86.71589469909668,1234.000015258789,-3.437725067138672,2.20001220703125,Live,0.0,0.0,0.0,0.02559172336434335,1320.7159099578857,-1.2377128601074219,-0.0009371529870847769,0,0.0
2020-11-25,28.76205062866211,-0.004955755973014564,123.62999725341797,0.001863822728485287,-0.006819578701499851,0.006819578701499851,0.02488710258934738,0.00640037930005499,0,0,-1.0,10,1.6165855911469424,3.0,-10.0,-86.28615188598633,1236.2999725341797,-3.0079822540283203,4.499969482421875,Closed,-86.28615188598633,1236.2999725341797,1.4919872283935547,0.02488710258934738,1322.586124420166,1.4919872283935547,0.0011280832309106944,0,1.4919872283935547
2020-11-26,28.76205062866211,0.0,123.62999725341797,0.0,0.0,0.0,0.02489407209254283,0.006393311447713503,1,0,0.0,10,,0.0,0.0,0.0,0.0,0.0,0.0,,0.0,0.0,0.0,0.02489407209254283,0.0,0.0,0.0,0,0.0
2020-11-27,28.809797286987305,0.001660057516122082,124.25,0.005014986333059079,-0.0033549288169369973,0.0033549288169369973,0.02270766319679787,0.00642181623486667,0,0,0.0,10,13.028751878744817,0.0,0.0,0.0,0.0,0.0,0.0,,0.0,0.0,0.0,0.02270766319679787,0.0,0.0,0.0,0,0.0
2020-11-28,28.809797286987305,0.0,124.25,0.0,0.0,0.0,0.02242225434135375,0.006408273807472487,1,0,0.0,10,,0.0,0.0,0.0,0.0,0.0,0.0,,0.0,0.0,0.0,0.02242225434135375,0.0,0.0,0.0,0,0.0
2020-11-29,28.809797286987305,0.0,124.25,0.0,0.0,0.0,0.022434928932615766,0.006402274008246777,1,0,0.0,10,,0.0,0.0,0.0,0.0,0.0,0.0,,0.0,0.0,0.0,0.022434928932615766,0.0,0.0,0.0,0,0.0
2020-11-30,27.99811553955078,-0.028173809740866917,124.62000274658203,0.0029778893085072866,-0.031151699049374204,0.031151699049374204,0.02332315479902435,0.006407267442645925,0,1,1.0,10,0.47045915925714404,5.0,-10.0,-139.9905776977539,1246.2000274658203,0.0,0.0,Opened,-139.9905776977539,1246.2000274658203,0.0,0.02332315479902435,1386.1906051635742,0.0,0.0,0,0.0
2020-12-01,29.287256240844727,0.04604383818164037,130.80999755859375,0.04967095711431835,-0.003627118932677975,0.003627118932677975,0.024381093762323412,0.01091281796589593,0,1,0.0,10,4.818293602452104,-5.0,10.0,146.43628120422363,-1308.0999755859375,6.445703506469727,-61.89994812011719,Live,0.0,0.0,0.0,0.024381093762323412,1454.5362567901611,-55.45424461364746,-0.03812503425388837,1,-55.45424461364746
2020-12-02,29.812458038330078,0.017932775715360227,134.55999755859375,0.02866753359826535,-0.010734757882905122,0.010734757882905122,0.024179663392916138,0.010948130824196087,0,1,0.0,10,7.215409748438663,-5.0,10.0,149.0622901916504,-1345.5999755859375,9.071712493896484,-99.39994812011719,Live,0.0,0.0,0.0,0.024179663392916138,1494.662265777588,-90.3282356262207,-0.06043387706668841,1,0.0
2020-12-03,29.707420349121094,-0.003523281745971274,135.66000366210938,0.008174837421772718,-0.011698119167743992,0.011698119167743992,0.024130477438359436,0.010595784340501391,0,1,0.0,10,10.595431147440095,-5.0,10.0,148.53710174560547,-1356.6000366210938,8.546524047851562,-110.40000915527344,Live,0.0,0.0,0.0,0.024130477438359436,1505.1371383666992,-101.85348510742188,-0.06767056802408601,1,0.0
2020-12-04,31.120697021484375,0.047573187296455766,141.52999877929688,0.04326990239369288,0.004303284902762883,0.004303284902762883,0.022682918904882925,0.012664798973540989,1,0,-1.0,10,4.136403089547272,-5.0,10.0,155.60348510742188,-1415.2999877929688,15.612907409667969,-169.09996032714844,Closed,155.60348510742188,-1415.2999877929688,-153.48705291748047,0.022682918904882925,1570.9034729003906,-153.48705291748047,-0.09770622801800434,1,0.0
2020-12-05,31.120697021484375,0.0,141.52999877929688,0.0,0.0,0.0,0.021266998164516306,0.012676226463416308,1,0,0.0,10,,0.0,0.0,0.0,0.0,0.0,0.0,,0.0,0.0,0.0,0.021266998164516306,0.0,0.0,0.0,0,0.0
2020-12-06,31.120697021484375,0.0,141.52999877929688,0.0,0.0,0.0,0.021318377989450778,0.012731048677461342,1,0,0.0,10,,0.0,0.0,0.0,0.0,0.0,0.0,,0.0,0.0,0.0,0.021318377989450778,0.0,0.0,0.0,0,0.0
2020-12-07,31.092042922973633,-0.0009207408976399378,144.33999633789062,0.019854430741398366,-0.020775171639038303,0.020775171639038303,0.021330905151627652,0.012909165765053205,0,0,0.0,10,100.10538421996787,0.0,0.0,0.0,0.0,0.0,0.0,,0.0,0.0,0.0,0.021330905151627652,0.0,0.0,0.0,0,0.0
2020-12-08,31.731842041015625,0.0205775837768849,145.0399932861328,0.004849639503963443,0.015727944272921457,0.015727944272921457,0.02139758678978473,0.012849713704958434,1,0,0.0,10,1.0772278315960162,0.0,0.0,0.0,0.0,0.0,0.0,,0.0,0.0,0.0,0.02139758678978473,0.0,0.0,0.0,0,0.0
2020-12-09,31.130239486694336,-0.018958954653299886,146.27999877929688,0.008549403961414903,-0.02750835861471479,0.02750835861471479,0.021044683905458002,0.012662767525610448,0,1,1.0,10,2.1189657477574624,22.0,-10.0,-684.8652687072754,1462.7999877929688,0.0,0.0,Opened,-684.8652687072754,1462.7999877929688,0.0,0.021044683905458002,2147.665256500244,0.0,0.0,0,0.0
2020-12-10,32.008766174316406,0.028221006394684833,150.6999969482422,0.030216011798127607,-0.0019950054034427733,0.0019950054034427733,0.021399450913367136,0.01335118380314006,0,1,0.0,10,5.0409101181000615,-22.0,10.0,704.1928558349609,-1506.9999694824219,19.327587127685547,-44.199981689453125,Live,0.0,0.0,0.0,0.021399450913367136,2211.192825317383,-24.872394561767578,-0.0112484059630564,0,0.0
2020-12-11,31.359424591064453,-0.020286367169409347,152.02000427246094,0.008759172866288134,-0.02904554003569748,0.02904554003569748,0.021755837816989997,0.013340266226560659,0,1,0.0,10,2.0931071964979546,-22.0,10.0,689.907341003418,-1520.2000427246094,5.042072296142578,-57.400054931640625,Live,0.0,0.0,0.0,0.021755837816989997,2210.1073837280273,-52.35798263549805,-0.023690243750591054,1,-52.35798263549805
2020-12-12,31.359424591064453,0.0,152.02000427246094,0.0,0.0,0.0,0.021342104419111222,0.013213434086737957,1,0,-1.0,10,,-22.0,10.0,689.907341003418,-1520.2000427246094,5.042072296142578,-57.400054931640625,Closed,689.907341003418,-1520.2000427246094,-52.35798263549805,0.021342104419111222,2210.1073837280273,-52.35798263549805,-0.023690243750591054,1,0.0
2020-12-13,31.359424591064453,0.0,152.02000427246094,0.0,0.0,0.0,0.020006071227187207,0.013176404375797791,1,0,0.0,10,,0.0,0.0,0.0,0.0,0.0,0.0,,0.0,0.0,0.0,0.020006071227187207,0.0,0.0,0.0,0,0.0
2020-12-14,30.767375946044922,-0.01887944861042601,149.60000610351562,-0.015918945539614815,-0.0029605030708111935,0.0029605030708111935,0.020487010481557225,0.013805769107365352,0,0,0.0,10,4.099832782828405,0.0,0.0,0.0,0.0,0.0,0.0,,0.0,0.0,0.0,0.020487010481557225,0.0,0.0,0.0,0,0.0
2020-12-15,31.750934600830078,0.03196758334249794,150.30999755859375,0.00474593199272233,0.02722165134977561,0.02722165134977561,0.021031200702860454,0.013746975135584366,1,1,1.0,10,0.7028182963300202,-8.0,10.0,254.00747680664062,-1503.0999755859375,0.0,0.0,Opened,254.00747680664062,-1503.0999755859375,0.0,0.021031200702860454,1757.1074523925781,0.0,0.0,0,0.0
2020-12-16,31.77958106994629,0.0009022244376850619,150.75,0.0029272999038851832,-0.0020250754662001214,0.0020250754662001214,0.01970189134427434,0.013752749530714353,0,0,-1.0,10,15.390820927183952,8.0,-10.0,-254.2366485595703,1507.5,-0.2291717529296875,4.4000244140625,Closed,-254.2366485595703,1507.5,4.1708526611328125,0.01970189134427434,1761.7366485595703,4.1708526611328125,0.0023674665930024114,0,4.1708526611328125
2020-12-17,32.12335205078125,0.010817354076453345,151.3699951171875,0.004112737095771202,0.006704616980682143,0.006704616980682143,0.019657503389262553,0.013764799080999018,1,0,0.0,10,1.791549625841021,0.0,0.0,0.0,0.0,0.0,0.0,,0.0,0.0,0.0,0.019657503389262553,0.0,0.0,0.0,0,0.0
2020-12-18,30.958356857299805,-0.03626630221029847,152.49000549316406,0.00739915711240835,-0.04366545932270682,0.04366545932270682,0.020487724264345558,0.013733294598832971,0,1,1.0,10,1.004945363705112,11.0,-10.0,-340.54192543029785,1524.9000549316406,0.0,0.0,Opened,-340.54192543029785,1524.9000549316406,0.0,0.020487724264345558,1865.4419803619385,0.0,0.0,0,0.0
2020-12-19,30.958356857299805,0.0,152.49000549316406,0.0,0.0,0.0,0.020493023164854633,0.013791321966076426,1,0,-1.0,10,,-11.0,10.0,340.54192543029785,-1524.9000549316406,0.0,0.0,Closed,340.54192543029785,-1524.9000549316406,0.0,0.020493023164854633,1865.4419803619385,0.0,0.0,0,0.0
2020-12-20,30.958356857299805,0.0,152.49000549316406,0.0,0.0,0.0,0.020493023164854633,0.013844969815858954,1,0,0.0,10,,0.0,0.0,0.0,0.0,0.0,0.0,,0.0,0.0,0.0,0.020493023164854633,0.0,0.0,0.0,0,0.0
2020-12-21,31.26662254333496,0.009957430475269868,155.11000061035156,0.017181421882137338,-0.007223991406867469,0.007223991406867469,0.02049341924971534,0.013892797862054785,0,0,0.0,10,8.559938567678742,0.0,0.0,0.0,0.0,0.0,0.0,,0.0,0.0,0.0,0.02049341924971534,0.0,0.0,0.0,0,0.0
2020-12-22,30.73050880432129,-0.017146519048247932,154.49000549316406,-0.00399713180805783,-0.013149387240190102,0.013149387240190102,0.020876686809257486,0.013988597419655736,0,0,0.0,10,1.171933964745966,0.0,0.0,0.0,0.0,0.0,0.0,,0.0,0.0,0.0,0.020876686809257486,0.0,0.0,0.0,0,0.0
2020-12-23,31.209177017211914,0.015576319153665086,154.5,6.46935496184664e-05,0.01551162560404662,0.01551162560404662,0.02048859031310145,0.013959027154471325,1,0,0.0,10,0.020560908994655423,0.0,0.0,0.0,0.0,0.0,0.0,,0.0,0.0,0.0,0.02048859031310145,0.0,0.0,0.0,0,0.0
2020-12-24,31.209177017211914,0.0,155.02000427246094,0.0033657234463491115,-0.0033657234463491115,0.0033657234463491115,0.01925548536622685,0.013939022019217581,0,0,0.0,10,inf,0.0,0.0,0.0,0.0,0.0,0.0,,0.0,0.0,0.0,0.01925548536622685,0.0,0.0,0.0,0,0.0
2020-12-25,31.209177017211914,0.0,155.02000427246094,0.0,0.0,0.0,0.01920841150633166,0.013970165349671432,1,0,0.0,10,,0.0,0.0,0.0,0.0,0.0,0.0,,0.0,0.0,0.0,0.01920841150633166,0.0,0.0,0.0,0,0.0
2020-12-26,31.209177017211914,0.0,155.02000427246094,0.0,0.0,0.0,0.01920841150633166,0.013970165349671432,1,0,0.0,10,,0.0,0.0,0.0,0.0,0.0,0.0,,0.0,0.0,0.0,0.01920841150633166,0.0,0.0,0.0,0,0.0
2020-12-27,31.209177017211914,0.0,155.02000427246094,0.0,0.0,0.0,0.019214504193631236,0.014032806242223679,1,0,0.0,10,,0.0,0.0,0.0,0.0,0.0,0.0,,0.0,0.0,0.0,0.019214504193631236,0.0,0.0,0.0,0,0.0
2020-12-28,31.017711639404297,-0.006134906335467427,155.35000610351562,0.002128769332728764,-0.008263675668196191,0.008263675668196191,0.01927839081532806,0.013998937519135899,0,0,0.0,10,1.737889618997758,0.0,0.0,0.0,0.0,0.0,0.0,,0.0,0.0,0.0,0.01927839081532806,0.0,0.0,0.0,0,0.0
2020-12-29,30.90283203125,-0.00370367774031255,155.57000732421875,0.0014161648668138405,-0.00511984260712639,0.00511984260712639,0.019307733956907623,0.013974909448519273,0,0,0.0,10,1.9249001899025506,0.0,0.0,0.0,0.0,0.0,0.0,,0.0,0.0,0.0,0.019307733956907623,0.0,0.0,0.0,0,0.0
2020-12-30,31.975059509277344,0.034696738374757174,155.6999969482422,0.0008355699550268714,0.0338611684197303,0.0338611684197303,0.019273394517310707,0.014004857171614862,1,1,1.0,10,0.11726580972252584,-2.0,10.0,63.95011901855469,-1556.9999694824219,0.0,0.0,Opened,63.95011901855469,-1556.9999694824219,0.0,0.019273394517310707,1620.9500885009766,0.0,0.0,0,0.0
2020-12-31,32.01333999633789,0.0011971983054304136,155.83999633789062,0.0008991611585900117,0.00029803714684040195,0.00029803714684040195,0.017617319018961252,0.011563880401590973,1,1,0.0,10,3.656111122667488,2.0,-10.0,-64.02667999267578,1558.3999633789062,-0.07656097412109375,1.399993896484375,Live,0.0,0.0,0.0,0.017617319018961252,1622.426643371582,1.3234329223632812,0.0008157120248056585,0,0.0
2021-01-01,32.01333999633789,0.0,155.83999633789062,0.0,0.0,0.0,0.017400281006716988,0.010776715249896623,1,1,0.0,10,,2.0,-10.0,-64.02667999267578,1558.3999633789062,-0.07656097412109375,1.399993896484375,Live,0.0,0.0,0.0,0.017400281006716988,1622.426643371582,1.3234329223632812,0.0008157120248056585,0,0.0
2021-01-02,32.01333999633789,0.0,155.83999633789062,0.0,0.0,0.0,0.017369933747526933,0.010795988208385255,1,1,0.0,10,,2.0,-10.0,-64.02667999267578,1558.3999633789062,-0.07656097412109375,1.399993896484375,Live,0.0,0.0,0.0,0.017369933747526933,1622.426643371582,1.3234329223632812,0.0008157120248056585,0,0.0
2021-01-03,32.01333999633789,0.0,155.83999633789062,0.0,0.0,0.0,0.015156913436430063,0.00798944840440591,1,1,0.0,10,,2.0,-10.0,-64.02667999267578,1558.3999633789062,-0.07656097412109375,1.399993896484375,Live,0.0,0.0,0.0,0.015156913436430063,1622.426643371582,1.3234329223632812,0.0008157120248056585,0,0.0
2021-01-04,32.21438217163086,0.00627995002445747,163.92999267578125,0.05191219537986891,-0.04563224535541144,0.04563224535541144,0.015185196085116516,0.01191797868737317,0,0,-1.0,10,42.0650898534238,2.0,-10.0,-64.42876434326172,1639.2999267578125,-0.47864532470703125,82.29995727539062,Closed,-64.42876434326172,1639.2999267578125,81.8213119506836,0.015185196085116516,1703.7286911010742,81.8213119506836,0.04802484830950676,0,81.8213119506836
2021-01-05,33.60252380371094,0.04309074203827268,166.0800018310547,0.01311541054921972,0.02997533148905296,0.02997533148905296,0.0169920546674759,0.011969566544260207,1,1,1.0,10,1.5043308450952726,-16.0,10.0,537.640380859375,-1660.8000183105469,0.0,0.0,Opened,537.640380859375,-1660.8000183105469,0.0,0.0169920546674759,2198.440399169922,0.0,0.0,0,0.0
2021-01-06,35.689510345458984,0.062108029561683376,166.75999450683594,0.004094368185719066,0.05801366137596431,0.05801366137596431,0.020134894062147655,0.011655660013320676,1,1,0.0,10,0.30802816278629475,16.0,-10.0,-571.0321655273438,1667.5999450683594,-33.39178466796875,6.7999267578125,Live,0.0,0.0,0.0,0.020134894062147655,2238.632110595703,-26.59185791015625,-0.011878618994292958,0,0.0
2021-01-07,35.42146301269531,-0.0075105354533892,169.30999755859375,0.015291455599402148,-0.02280199105279135,0.02280199105279135,0.020028732628920767,0.011809350867096141,0,0,-1.0,10,9.731819292880031,16.0,-10.0,-566.743408203125,1693.0999755859375,-29.10302734375,32.299957275390625,Closed,-566.743408203125,1693.0999755859375,3.196929931640625,0.020028732628920767,2259.8433837890625,3.196929931640625,0.0014146688016407386,0,3.196929931640625
2021-01-08,34.80876159667969,-0.017297462157224497,169.52000427246094,0.0012403680638795045,-0.018537830221104,0.018537830221104,0.01996564387303338,0.011814043387382855,0,0,0.0,10,0.34922117463621977,0.0,0.0,0.0,0.0,0.0,0.0,,0.0,0.0,0.0,0.01996564387303338,0.0,0.0,0.0,0,0.0
2021-01-09,34.80876159667969,0.0,169.52000427246094,0.0,0.0,0.0,0.01943906578682824,0.010837152290991879,1,0,0.0,10,,0.0,0.0,0.0,0.0,0.0,0.0,,0.0,0.0,0.0,0.01943906578682824,0.0,0.0,0.0,0,0.0
2021-01-10,34.80876159667969,0.0,169.52000427246094,0.0,0.0,0.0,0.018948498760517022,0.010822097479014506,1,0,0.0,10,,0.0,0.0,0.0,0.0,0.0,0.0,,0.0,0.0,0.0,0.018948498760517022,0.0,0.0,0.0,0,0.0
2021-01-11,34.607730865478516,-0.005775291104304858,168.99000549316406,-0.0031264674725056674,-0.002648823631799191,0.002648823631799191,0.019016131024772422,0.010873825196859378,0,0,0.0,10,2.6434307047822054,0.0,0.0,0.0,0.0,0.0,0.0,,0.0,0.0,0.0,0.019016131024772422,0.0,0.0,0.0,0,0.0
2021-01-12,35.42146301269531,0.02351301651009141,169.3300018310547,0.0020119316340538873,0.021501084876037524,0.021501084876037524,0.01935011589581842,0.010857114390799616,1,1,1.0,10,0.4090461304106787,-5.0,10.0,177.10731506347656,-1693.3000183105469,0.0,0.0,Opened,177.10731506347656,-1693.3000183105469,0.0,0.01935011589581842,1870.4073333740234,0.0,0.0,0,0.0
2021-01-13,34.502418518066406,-0.025945977846807522,169.50999450683594,0.0010629697858317577,-0.02700894763263928,0.02700894763263928,0.019681509839677414,0.010225628866102827,0,0,-1.0,10,0.20127815744687244,5.0,-10.0,-172.51209259033203,1695.0999450683594,4.595222473144531,1.7999267578125,Closed,-172.51209259033203,1695.0999450683594,6.395149230957031,0.019681509839677414,1867.6120376586914,6.395149230957031,0.0034242386009538848,0,6.395149230957031
2021-01-14,34.961936950683594,0.013318441209464016,169.8000030517578,0.0017108639863130382,0.011607577223150978,0.011607577223150978,0.019052516234331778,0.010235283341105794,1,0,0.0,10,0.623884642152634,0.0,0.0,0.0,0.0,0.0,0.0,,0.0,0.0,0.0,0.019052516234331778,0.0,0.0,0.0,0,0.0
2021-01-15,33.784420013427734,-0.033679968558859685,169.97000122070312,0.001001167054711427,-0.03468113561357111,0.03468113561357111,0.02021865696322132,0.010249064949969983,0,1,1.0,10,0.14955146866139754,2.0,-10.0,-67.56884002685547,1699.7000122070312,0.0,0.0,Opened,-67.56884002685547,1699.7000122070312,0.0,0.02021865696322132,1767.2688522338867,0.0,0.0,0,0.0
2021-01-16,33.784420013427734,0.0,169.97000122070312,0.0,0.0,0.0,0.020156712460875394,0.010275769703933362,1,0,-1.0,10,,-2.0,10.0,67.56884002685547,-1699.7000122070312,0.0,0.0,Closed,67.56884002685547,-1699.7000122070312,0.0,0.020156712460875394,1767.2688522338867,0.0,0.0,0,0.0
2021-01-17,33.784420013427734,0.0,169.97000122070312,0.0,0.0,0.0,0.01883444024173636,0.010278186877607134,1,0,0.0,10,,0.0,0.0,0.0,0.0,0.0,0.0,,0.0,0.0,0.0,0.01883444024173636,0.0,0.0,0.0,0,0.0
2021-01-18,33.784420013427734,0.0,169.97000122070312,0.0,0.0,0.0,0.01883444024173636,0.010278186877607134,1,0,0.0,10,,0.0,0.0,0.0,0.0,0.0,0.0,,0.0,0.0,0.0,0.01883444024173636,0.0,0.0,0.0,0,0.0
2021-01-19,34.186492919921875,0.011901133905342531,170.02999877929688,0.0003529891049176559,0.011548144800424875,0.011548144800424875,0.018892471527289904,0.010274037568269738,1,0,0.0,10,0.14751764166762082,0.0,0.0,0.0,0.0,0.0,0.0,,0.0,0.0,0.0,0.018892471527289904,0.0,0.0,0.0,0,0.0
2021-01-20,34.05247116088867,-0.003920313187642077,169.85000610351562,-0.001058593642730532,-0.002861719544911545,0.002861719544911545,0.018898337872391348,0.009983420849565161,0,0,0.0,10,1.3468692912073679,0.0,0.0,0.0,0.0,0.0,0.0,,0.0,0.0,0.0,0.018898337872391348,0.0,0.0,0.0,0,0.0
2021-01-21,33.02811813354492,-0.030081606192512766,169.97999572753906,0.0007653201021624589,-0.030846926294675225,0.030846926294675225,0.01951187980626345,0.009904601629437248,0,1,1.0,10,0.1309350999368006,2.0,-10.0,-66.05623626708984,1699.7999572753906,0.0,0.0,Opened,-66.05623626708984,1699.7999572753906,0.0,0.01951187980626345,1765.8561935424805,0.0,0.0,0,0.0
2021-01-22,33.02811813354492,0.0,169.82000732421875,-0.0009412190101284468,0.0009412190101284468,0.0009412190101284468,0.019360994906416535,0.009917402655302585,1,0,-1.0,10,inf,-2.0,10.0,66.05623626708984,-1698.2000732421875,0.0,1.599884033203125,Closed,66.05623626708984,-1698.2000732421875,1.599884033203125,0.019360994906416535,1764.2563095092773,1.599884033203125,0.0009068319747985642,0,1.599884033203125
2021-01-23,33.02811813354492,0.0,169.82000732421875,0.0,0.0,0.0,0.019360994906416535,0.00993451637921613,1,0,0.0,10,,0.0,0.0,0.0,0.0,0.0,0.0,,0.0,0.0,0.0,0.019360994906416535,0.0,0.0,0.0,0,0.0
2021-01-24,33.02811813354492,0.0,169.82000732421875,0.0,0.0,0.0,0.019360994906416535,0.00993451637921613,1,0,0.0,10,,0.0,0.0,0.0,0.0,0.0,0.0,,0.0,0.0,0.0,0.019360994906416535,0.0,0.0,0.0,0,0.0
2021-01-25,32.520729064941406,-0.015362336617301464,169.77999877929688,-0.00023559382402738027,-0.015126742793274084,0.015126742793274084,0.019619030849713576,0.009937136329076729,0,0,0.0,10,0.0800631876613286,0.0,0.0,0.0,0.0,0.0,0.0,,0.0,0.0,0.0,0.019619030849713576,0.0,0.0,0.0,0,0.0
2021-01-26,31.74529266357422,-0.023844373224803816,169.52000427246094,-0.001531361224556882,-0.022313012000246935,0.022313012000246935,0.020159802728357615,0.009957429389585042,0,1,1.0,10,0.3429520115875618,4.0,-10.0,-126.98117065429688,1695.2000427246094,0.0,0.0,Opened,-126.98117065429688,1695.2000427246094,0.0,0.020159802728357615,1822.1812133789062,0.0,0.0,0,0.0
2021-01-27,31.008136749267578,-0.023220951909902587,169.25999450683594,-0.0015337999001410196,-0.021687152009761568,0.021687152009761568,0.02059794310650829,0.009991274830597793,0,1,0.0,10,0.3605515258995531,-4.0,10.0,124.03254699707031,-1692.5999450683594,-2.9486236572265625,2.60009765625,Live,0.0,0.0,0.0,0.02059794310650829,1816.6324920654297,-0.3485260009765625,-0.00019185278392786208,0,0.0
2021-01-28,31.754863739013672,0.024081646562131187,168.6300048828125,-0.00372202318603998,0.027803669748171167,0.027803669748171167,0.021036734871558584,0.0100615483617652,1,0,-1.0,10,0.8207624801981291,-4.0,10.0,127.01945495605469,-1686.300048828125,0.0382843017578125,8.899993896484375,Closed,127.01945495605469,-1686.300048828125,8.938278198242188,0.021036734871558584,1813.3195037841797,8.938278198242188,0.004929235129048729,0,8.938278198242188
2021-01-29,30.9698429107666,-0.02472127843781624,168.1300048828125,-0.0029650713723662347,-0.021756207065450006,0.021756207065450006,0.020557964726371378,0.010110140673699385,0,1,1.0,10,0.6511341130611631,7.0,-10.0,-216.7889003753662,1681.300048828125,0.0,0.0,Opened,-216.7889003753662,1681.300048828125,0.0,0.020557964726371378,1898.0889492034912,0.0,0.0,0,0.0
2021-01-30,30.9698429107666,0.0,168.1300048828125,0.0,0.0,0.0,0.020554990730648266,0.01011672260440048,1,0,-1.0,10,,-7.0,10.0,216.7889003753662,-1681.300048828125,0.0,0.0,Closed,216.7889003753662,-1681.300048828125,0.0,0.020554990730648266,1898.0889492034912,0.0,0.0,0,0.0
2021-01-31,30.9698429107666,0.0,168.1300048828125,0.0,0.0,0.0,0.020554990730648266,0.01011672260440048,1,0,0.0,10,,0.0,0.0,0.0,0.0,0.0,0.0,,0.0,0.0,0.0,0.020554990730648266,0.0,0.0,0.0,0,0.0
2021-02-01,32.31969451904297,0.04358600113554645,154.74000549316406,-0.07964074823516087,0.12322674937070732,0.12322674937070732,0.022103039576768884,0.018109348004367642,1,1,1.0,10,8.748299977591953,-88.0,10.0,2844.1331176757812,-1547.4000549316406,0.0,0.0,Opened,2844.1331176757812,-1547.4000549316406,0.0,0.022103039576768884,4391.533172607422,0.0,0.0,0,0.0
2021-02-02,31.927175521850586,-0.012144885743307632,148.4199981689453,-0.04084274977292768,0.028697864029620046,0.028697864029620046,0.022224359645855115,0.019579240412915973,1,1,0.0,10,15.633400803372865,88.0,-10.0,-2809.5914459228516,1484.1999816894531,34.54167175292969,-63.2000732421875,Live,0.0,0.0,0.0,0.022224359645855115,4293.791427612305,-28.658401489257812,-0.006674381364908123,0,0.0
2021-02-03,31.917612075805664,-0.00029953937010107623,150.80999755859375,0.016102947171094284,-0.01640248654119536,0.01640248654119536,0.02219418238553477,0.017156473765547898,0,0,-1.0,10,254.01022362658023,88.0,-10.0,-2808.7498626708984,1508.0999755859375,35.38325500488281,-39.300079345703125,Closed,-2808.7498626708984,1508.0999755859375,-3.9168243408203125,0.02219418238553477,4316.849838256836,-3.9168243408203125,-0.0009073339327461861,0,-3.9168243408203125
2021-02-04,32.338836669921875,0.013197246495627146,155.3300018310547,0.029971516117190955,-0.01677426962156381,0.01677426962156381,0.02081779971113917,0.017947629281772844,0,0,0.0,10,10.908281539404479,0.0,0.0,0.0,0.0,0.0,0.0,,0.0,0.0,0.0,0.02081779971113917,0.0,0.0,0.0,0,0.0
2021-02-05,33.05683898925781,0.02220247829767308,153.89999389648438,-0.009206257115258798,0.031408735412931876,0.031408735412931876,0.017680213436464927,0.017954473416376147,1,1,1.0,10,1.9304516366107753,-20.0,10.0,661.1367797851562,-1538.9999389648438,0.0,0.0,Opened,661.1367797851562,-1538.9999389648438,0.0,0.017954473416376147,2200.13671875,0.0,0.0,0,0.0
2021-02-06,33.05683898925781,0.0,153.89999389648438,0.0,0.0,0.0,0.017658516461105212,0.017646091818856367,1,1,0.0,10,,20.0,-10.0,-661.1367797851562,1538.9999389648438,0.0,0.0,Live,0.0,0.0,0.0,0.017658516461105212,2200.13671875,0.0,0.0,0,0.0
2021-02-07,33.05683898925781,0.0,153.89999389648438,0.0,0.0,0.0,0.017427751840870278,0.017637217562174345,1,1,0.0,10,,20.0,-10.0,-661.1367797851562,1538.9999389648438,0.0,0.0,Live,0.0,0.0,0.0,0.017637217562174345,2200.13671875,0.0,0.0,0,0.0
2021-02-08,34.36838912963867,0.03967560663640768,156.10000610351562,0.014295076636007042,0.025380530000400636,0.025380530000400636,0.018986917698811195,0.017913699578148482,1,1,0.0,10,1.636464751408385,20.0,-10.0,-687.3677825927734,1561.0000610351562,-26.231002807617188,22.0001220703125,Live,0.0,0.0,0.0,0.018986917698811195,2248.3678436279297,-4.2308807373046875,-0.0018817564702748137,0,0.0
2021-02-09,33.7652702331543,-0.017548651879184418,158.14999389648438,0.013132528589456571,-0.03068118046864099,0.03068118046864099,0.019247462385464625,0.018138081250976483,0,0,-1.0,10,3.505125285692776,20.0,-10.0,-675.3054046630859,1581.4999389648438,-14.168624877929688,42.5,Closed,-675.3054046630859,1581.4999389648438,28.331375122070312,0.019247462385464625,2256.8053436279297,28.331375122070312,0.012553752233024308,0,28.331375122070312
2021-02-10,33.64081573486328,-0.0036858730118739524,159.74000549316406,0.010053820158351767,-0.01373969317022572,0.01373969317022572,0.019232746544066648,0.01827265523025676,0,0,0.0,10,12.952032355330303,0.0,0.0,0.0,0.0,0.0,0.0,,0.0,0.0,0.0,0.019232746544066648,0.0,0.0,0.0,0,0.0
2021-02-11,33.70781707763672,0.0019916681956080318,160.0800018310547,0.00212843574683097,-0.00013676755122293827,0.00013676755122293827,0.018689617740106752,0.01827348527333638,0,0,0.0,10,5.0751631512463025,0.0,0.0,0.0,0.0,0.0,0.0,,0.0,0.0,0.0,0.018689617740106752,0.0,0.0,0.0,0,0.0
2021-02-12,34.07162094116211,0.010792863349396553,159.64999389648438,-0.0026862064570947197,0.013479069806491273,0.013479069806491273,0.018229427607698266,0.018266733258178434,1,0,0.0,10,1.1662155319803673,0.0,0.0,0.0,0.0,0.0,0.0,,0.0,0.0,0.0,0.018266733258178434,0.0,0.0,0.0,0,0.0
2021-02-13,34.07162094116211,0.0,159.64999389648438,0.0,0.0,0.0,0.018048653460128874,0.018257971531733818,1,0,0.0,10,,0.0,0.0,0.0,0.0,0.0,0.0,,0.0,0.0,0.0,0.018257971531733818,0.0,0.0,0.0,0,0.0
2021-02-14,34.07162094116211,0.0,159.64999389648438,0.0,0.0,0.0,0.01694010275873309,0.018253428026716888,1,0,0.0,10,,0.0,0.0,0.0,0.0,0.0,0.0,,0.0,0.0,0.0,0.018253428026716888,0.0,0.0,0.0,0,0.0
2021-02-15,34.07162094116211,0.0,159.64999389648438,0.0,0.0,0.0,0.01694010275873309,0.018253428026716888,1,0,0.0,10,,0.0,0.0,0.0,0.0,0.0,0.0,,0.0,0.0,0.0,0.018253428026716888,0.0,0.0,0.0,0,0.0
2021-02-16,34.626869201660156,0.01629650263651672,161.0,0.008456036048400728,0.00784046658811599,0.00784046658811599,0.01718568071871495,0.018349115975159303,1,0,0.0,10,2.4125985587665557,0.0,0.0,0.0,0.0,0.0,0.0,,0.0,0.0,0.0,0.018349115975159303,0.0,0.0,0.0,0,0.0
2021-02-17,34.330101013183594,-0.008570459741775727,161.99000549316406,0.006149102442012833,-0.01471956218378856,0.01471956218378856,0.017273255329414983,0.018402298232317937,0,0,0.0,10,3.385483861846144,0.0,0.0,0.0,0.0,0.0,0.0,,0.0,0.0,0.0,0.018402298232317937,0.0,0.0,0.0,0,0.0
2021-02-18,33.63124084472656,-0.020357067058691447,164.58999633789062,0.01605031641804766,-0.03640738347673911,0.03640738347673911,0.017552278118164635,0.01867592969624468,0,1,1.0,10,3.858592676681364,39.0,-10.0,-1311.618392944336,1645.8999633789062,0.0,0.0,Opened,-1311.618392944336,1645.8999633789062,0.0,0.01867592969624468,2957.518356323242,0.0,0.0,0,0.0
2021-02-19,35.028953552246094,0.04155995058204032,164.07000732421875,-0.0031592990172037982,0.044719249599244115,0.044719249599244115,0.01913066301057785,0.018680449051614638,1,0,-1.0,10,0.35605553704681053,-39.0,10.0,1366.1291885375977,-1640.7000732421875,54.51079559326172,5.19989013671875,Closed,1366.1291885375977,-1640.7000732421875,59.71068572998047,0.01913066301057785,3006.829261779785,59.71068572998047,0.0198583559395843,0,59.71068572998047
2021-02-20,35.028953552246094,0.0,164.07000732421875,0.0,0.0,0.0,0.01820490924069679,0.018678507786147113,1,0,0.0,10,,0.0,0.0,0.0,0.0,0.0,0.0,,0.0,0.0,0.0,0.018678507786147113,0.0,0.0,0.0,0,0.0
2021-02-21,35.028953552246094,0.0,164.07000732421875,0.0,0.0,0.0,0.01820490924069679,0.018679407591083032,1,0,0.0,10,,0.0,0.0,0.0,0.0,0.0,0.0,,0.0,0.0,0.0,0.018679407591083032,0.0,0.0,0.0,0,0.0
2021-02-22,36.7138671875,0.048100598630239855,163.8699951171875,-0.0012190662406444952,0.04931966487088435,0.04931966487088435,0.02003759410614923,0.01867854438954473,1,1,1.0,10,0.11312175427711187,-2.0,10.0,73.427734375,-1638.699951171875,0.0,0.0,Opened,73.427734375,-1638.699951171875,0.0,0.02003759410614923,1712.127685546875,0.0,0.0,0,0.0
2021-02-23,36.73301315307617,0.0005214913884825645,164.16000366210938,0.0017697476875768725,-0.001248256299094308,0.001248256299094308,0.020034477740466763,0.01868464903101737,0,0,-1.0,10,15.166138269470592,2.0,-10.0,-73.46602630615234,1641.6000366210938,-0.03829193115234375,2.90008544921875,Closed,-73.46602630615234,1641.6000366210938,2.8617935180664062,0.020034477740466763,1715.066062927246,2.8617935180664062,0.0016686199907553095,0,2.8617935180664062
2021-02-24,38.05413818359375,0.0359656047003849,164.52999877929688,0.002253868840969675,0.033711735859415226,0.033711735859415226,0.020532251440973783,0.0186934775703734,1,1,1.0,10,0.2709470810172106,-3.0,10.0,114.16241455078125,-1645.2999877929688,0.0,0.0,Opened,114.16241455078125,-1645.2999877929688,0.0,0.020532251440973783,1759.46240234375,0.0,0.0,0,0.0
2021-02-25,35.804405212402344,-0.05911927266195016,165.02000427246094,0.002978213680177255,-0.06209748634212742,0.06209748634212742,0.023115426482244194,0.0187061150470457,0,0,-1.0,10,0.23218112026074267,3.0,-10.0,-107.41321563720703,1650.2000427246094,6.749198913574219,4.900054931640625,Closed,-107.41321563720703,1650.2000427246094,11.649253845214844,0.023115426482244194,1757.6132583618164,11.649253845214844,0.0066278823226860115,0,11.649253845214844
2021-02-26,34.330101013183594,-0.0411766147342133,165.61000061035156,0.003575301918647966,-0.04475191665286127,0.04475191665286127,0.024064929847018343,0.01872171168470823,0,1,1.0,10,0.418864506059694,5.0,-10.0,-171.65050506591797,1656.1000061035156,0.0,0.0,Opened,-171.65050506591797,1656.1000061035156,0.0,0.024064929847018343,1827.7505111694336,0.0,0.0,0,0.0
2021-02-27,34.330101013183594,0.0,165.61000061035156,0.0,0.0,0.0,0.02376059147583485,0.01871230208708091,1,0,-1.0,10,,-5.0,10.0,171.65050506591797,-1656.1000061035156,0.0,0.0,Closed,171.65050506591797,-1656.1000061035156,0.0,0.02376059147583485,1827.7505111694336,0.0,0.0,0,0.0
2021-02-28,34.330101013183594,0.0,165.61000061035156,0.0,0.0,0.0,0.02319238741591381,0.01870626228829917,1,0,0.0,10,,0.0,0.0,0.0,0.0,0.0,0.0,,0.0,0.0,0.0,0.02319238741591381,0.0,0.0,0.0,0,0.0
2021-03-01,35.96714401245117,0.04768535340571578,171.74000549316406,0.03701470237437676,0.010670651031339018,0.010670651031339018,0.02452583601758036,0.019910573406130012,1,0,0.0,10,3.706421228968691,0.0,0.0,0.0,0.0,0.0,0.0,,0.0,0.0,0.0,0.02452583601758036,0.0,0.0,0.0,0,0.0
2021-03-02,36.235191345214844,0.00745256094481328,173.16000366210938,0.008268301639257958,-0.0008157406944446777,0.0008157406944446777,0.024508152736994422,0.019954778517931995,0,0,0.0,10,5.301854473867188,0.0,0.0,0.0,0.0,0.0,0.0,,0.0,0.0,0.0,0.024508152736994422,0.0,0.0,0.0,0,0.0
2021-03-03,36.85746765136719,0.01717325845540274,174.1199951171875,0.005543956079784973,0.011629302375617767,0.011629302375617767,0.023549863430603148,0.01285531304012375,1,0,0.0,10,1.5250715809968574,0.0,0.0,0.0,0.0,0.0,0.0,,0.0,0.0,0.0,0.023549863430603148,0.0,0.0,0.0,0,0.0
2021-03-04,35.1629753112793,-0.045974193238559,174.94000244140625,0.004709438015242595,-0.0506836312538016,0.0506836312538016,0.025138484908897783,0.009668761312001332,0,1,1.0,10,0.5096341017529978,6.0,-10.0,-210.97785186767578,1749.4000244140625,0.0,0.0,Opened,-210.97785186767578,1749.4000244140625,0.0,0.025138484908897783,1960.3778762817383,0.0,0.0,0,0.0
2021-03-05,36.397945404052734,0.03512131956527842,173.1199951171875,-0.010403608659079189,0.04552492822435761,0.04552492822435761,0.025776173892118743,0.009878983863329065,1,0,-1.0,10,1.4089109508267081,-6.0,10.0,218.3876724243164,-1731.199951171875,7.409820556640625,18.2000732421875,Closed,218.3876724243164,-1731.199951171875,25.609893798828125,0.025776173892118743,1949.5876235961914,25.609893798828125,0.013136056819846009,0,25.609893798828125
2021-03-06,36.397945404052734,0.0,173.1199951171875,0.0,0.0,0.0,0.0257389226862268,0.008672364194563874,1,0,0.0,10,,0.0,0.0,0.0,0.0,0.0,0.0,,0.0,0.0,0.0,0.0257389226862268,0.0,0.0,0.0,0,0.0
2021-03-07,36.397945404052734,0.0,173.1199951171875,0.0,0.0,0.0,0.025523829359340944,0.008358715553927847,1,0,0.0,10,,0.0,0.0,0.0,0.0,0.0,0.0,,0.0,0.0,0.0,0.025523829359340944,0.0,0.0,0.0,0,0.0
2021-03-08,37.38399124145508,0.027090700490268738,173.55999755859375,0.0025416038228767146,0.024549096667392023,0.024549096667392023,0.025871488681344413,0.008329986995663615,1,0,0.0,10,0.4355636106749516,0.0,0.0,0.0,0.0,0.0,0.0,,0.0,0.0,0.0,0.025871488681344413,0.0,0.0,0.0,0,0.0
2021-03-09,37.83395004272461,0.012036135958928051,168.42999267578125,-0.02955753027756647,0.04159366623649452,0.04159366623649452,0.02589368636665825,0.010332606189422689,1,1,1.0,10,10.932482781330654,-110.0,10.0,4161.734504699707,-1684.2999267578125,0.0,0.0,Opened,4161.734504699707,-1684.2999267578125,0.0,0.02589368636665825,5846.0344314575195,0.0,0.0,0,0.0
2021-03-10,38.91573715209961,0.02859302579173928,168.44000244140625,5.9429828773271964e-05,0.028533595962966007,0.028533595962966007,0.025454811166008524,0.010123770311238236,1,1,0.0,10,0.00899630851779813,110.0,-10.0,-4280.731086730957,1684.4000244140625,-118.99658203125,0.10009765625,Live,0.0,0.0,0.0,0.025454811166008524,5965.1311111450195,-118.896484375,-0.01993191468211963,0,0.0
2021-03-11,39.78691864013672,0.022386354513397766,171.27999877929688,0.016860581196432634,0.005525773316965132,0.005525773316965132,0.025307687109378908,0.010279344036043943,1,1,0.0,10,3.2423172683105066,110.0,-10.0,-4376.561050415039,1712.7999877929688,-214.82654571533203,28.50006103515625,Live,0.0,0.0,0.0,0.025307687109378908,6089.361038208008,-186.32648468017578,-0.030598692294817258,1,-186.32648468017578
2021-03-12,39.719905853271484,-0.0016842919521199429,168.25999450683594,-0.017631972757965575,0.015947680805845632,0.015947680805845632,0.02528445519730515,0.010825827041857082,1,1,0.0,10,44.34617766952754,110.0,-10.0,-4369.189643859863,1682.5999450683594,-207.45513916015625,-1.699981689453125,Live,0.0,0.0,0.0,0.02528445519730515,6051.789588928223,-209.15512084960938,-0.034560871255712465,1,0.0
2021-03-13,39.719905853271484,0.0,168.25999450683594,0.0,0.0,0.0,0.025297581525063628,0.010830506321534851,1,1,0.0,10,,110.0,-10.0,-4369.189643859863,1682.5999450683594,-207.45513916015625,-1.699981689453125,Live,0.0,0.0,0.0,0.025297581525063628,6051.789588928223,-209.15512084960938,-0.034560871255712465,1,0.0
2021-03-14,39.719905853271484,0.0,168.25999450683594,0.0,0.0,0.0,0.02530082004492224,0.010803901306067995,1,1,0.0,10,,110.0,-10.0,-4369.189643859863,1682.5999450683594,-207.45513916015625,-1.699981689453125,Live,0.0,0.0,0.0,0.02530082004492224,6051.789588928223,-209.15512084960938,-0.034560871255712465,1,0.0
2021-03-15,39.26995849609375,-0.011328006638280486,168.25999450683594,0.0,-0.011328006638280486,0.011328006638280486,0.025468732382128424,0.010803901306067995,0,0,-1.0,10,0.0,110.0,-10.0,-4319.6954345703125,1682.5999450683594,-157.96092987060547,-1.699981689453125,Closed,-4319.6954345703125,1682.5999450683594,-159.6609115600586,0.025468732382128424,6002.295379638672,-159.6609115600586,-0.02659997575288771,1,0.0
2021-03-16,38.15944290161133,-0.028279011157928413,168.25999450683594,0.0,-0.028279011157928413,0.028279011157928413,0.02617593779686434,0.010803901306067995,0,0,0.0,10,0.0,0.0,0.0,0.0,0.0,0.0,0.0,,0.0,0.0,0.0,0.02617593779686434,0.0,0.0,0.0,0,0.0
2021-03-17,39.19336700439453,0.02709484269592277,168.2100067138672,-0.00029708661952154714,0.02739192931544432,0.02739192931544432,0.026494502634635344,0.0108057522706634,1,1,1.0,10,0.04705824343176133,-1.0,10.0,39.19336700439453,-1682.1000671386719,0.0,0.0,Opened,39.19336700439453,-1682.1000671386719,0.0,0.026494502634635344,1721.2934341430664,0.0,0.0,0,0.0
2021-03-18,38.29347610473633,-0.022960285590092444,168.2100067138672,0.0,-0.022960285590092444,0.022960285590092444,0.026884900961194263,0.010736172309235728,0,0,-1.0,10,0.0,1.0,-10.0,-38.29347610473633,1682.1000671386719,0.8998908996582031,0.0,Closed,-38.29347610473633,1682.1000671386719,0.8998908996582031,0.026884900961194263,1720.3935432434082,0.8998908996582031,0.0005230727022851207,0,0.8998908996582031
2021-03-19,38.10200119018555,-0.005000196744403107,168.0,-0.0012484793144584838,-0.003751717429944623,0.003751717429944623,0.026836519391942218,0.010711035027624166,0,0,0.0,10,1.1009199800010678,0.0,0.0,0.0,0.0,0.0,0.0,,0.0,0.0,0.0,0.026836519391942218,0.0,0.0,0.0,0,0.0
2021-03-20,38.10200119018555,0.0,168.0,0.0,0.0,0.0,0.02645855729514642,0.010341811579507318,1,0,0.0,10,,0.0,0.0,0.0,0.0,0.0,0.0,,0.0,0.0,0.0,0.02645855729514642,0.0,0.0,0.0,0,0.0
2021-03-21,38.10200119018555,0.0,168.0,0.0,0.0,0.0,0.025523185279237613,0.010316841242790212,1,0,0.0,10,,0.0,0.0,0.0,0.0,0.0,0.0,,0.0,0.0,0.0,0.025523185279237613,0.0,0.0,0.0,0,0.0
2021-03-22,37.22626495361328,-0.022983995832687176,167.3699951171875,-0.003750029064360172,-0.019233966768327004,0.019233966768327004,0.02596136670901888,0.01035004171826036,0,0,0.0,10,0.733562697528867,0.0,0.0,0.0,0.0,0.0,0.0,,0.0,0.0,0.0,0.02596136670901888,0.0,0.0,0.0,0,0.0
2021-03-23,35.202369689941406,-0.054367400710057856,167.00999450683594,-0.002150926813969889,-0.05221647389608797,0.05221647389608797,0.027952779652053315,0.01036261205571712,0,1,1.0,10,0.18769712731465113,2.0,-10.0,-70.40473937988281,1670.0999450683594,0.0,0.0,Opened,-70.40473937988281,1670.0999450683594,0.0,0.027952779652053315,1740.5046844482422,0.0,0.0,0,0.0
2021-03-24,35.18318557739258,-0.0005449665098627987,167.33999633789062,0.001975940613788696,-0.0025209071236514946,0.0025209071236514946,0.026470638010566525,0.010359223223555496,0,1,0.0,10,17.245217248719314,-2.0,10.0,70.36637115478516,-1673.3999633789062,-0.03836822509765625,-3.300018310546875,Live,0.0,0.0,0.0,0.026470638010566525,1743.7663345336914,-3.3383865356445312,-0.0019144689684224604,0,0.0
2021-03-25,35.950538635253906,0.021810221140248442,167.0500030517578,-0.00173295860212197,0.023543179742370413,0.023543179742370413,0.026798282706376825,0.01036707416467562,1,0,-1.0,10,0.3692063869841097,-2.0,10.0,71.90107727050781,-1670.5000305175781,1.496337890625,-0.40008544921875,Closed,71.90107727050781,-1670.5000305175781,1.09625244140625,0.026798282706376825,1742.401107788086,1.09625244140625,0.0006291619286203865,0,1.09625244140625
2021-03-26,38.23341369628906,0.06350044109760611,166.88999938964844,-0.0009578189714836149,0.06445826006908972,0.06445826006908972,0.02850287841225086,0.01036634848587323,1,1,1.0,10,0.06584062272615139,-1.0,10.0,38.23341369628906,-1668.8999938964844,0.0,0.0,Opened,38.23341369628906,-1668.8999938964844,0.0,0.02850287841225086,1707.1334075927734,0.0,0.0,0,0.0
2021-03-27,38.23341369628906,0.0,166.88999938964844,0.0,0.0,0.0,0.026184546193357652,0.010356316245850452,1,1,0.0,10,,1.0,-10.0,-38.23341369628906,1668.8999938964844,0.0,0.0,Live,0.0,0.0,0.0,0.026184546193357652,1707.1334075927734,0.0,0.0,0,0.0
2021-03-28,38.23341369628906,0.0,166.88999938964844,0.0,0.0,0.0,0.024860714226164635,0.010339398766400559,1,1,0.0,10,,1.0,-10.0,-38.23341369628906,1668.8999938964844,0.0,0.0,Live,0.0,0.0,0.0,0.024860714226164635,1707.1334075927734,0.0,0.0,0,0.0
2021-03-29,37.312591552734375,-0.024084225145819538,166.97000122070312,0.0004793686341140191,-0.024563593779933557,0.024563593779933557,0.02537435855374234,0.010339276585207736,0,0,-1.0,10,0.08906764548066091,1.0,-10.0,-37.312591552734375,1669.7000122070312,0.9208221435546875,0.800018310546875,Closed,-37.312591552734375,1669.7000122070312,1.7208404541015625,0.02537435855374234,1707.0126037597656,1.7208404541015625,0.0010081006140852976,0,1.7208404541015625
2021-03-30,37.70586013793945,0.01053983571870809,166.99000549316406,0.00011980758408514092,0.01042002813462295,0.01042002813462295,0.025403031759328922,0.010339170222302213,1,0,0.0,10,0.05034218899386967,0.0,0.0,0.0,0.0,0.0,0.0,,0.0,0.0,0.0,0.025403031759328922,0.0,0.0,0.0,0,0.0
2021-03-31,38.29096984863281,0.015517739379312667,166.89999389648438,-0.0005390238560317728,0.01605676323534444,0.01605676323534444,0.024117529357464224,0.007674161258590313,1,0,0.0,10,0.15140474540858767,0.0,0.0,0.0,0.0,0.0,0.0,,0.0,0.0,0.0,0.024117529357464224,0.0,0.0,0.0,0,0.0
2021-04-01,38.7130126953125,0.011021994176382943,163.67999267578125,-0.019292997833782133,0.030314992010165076,0.030314992010165076,0.024152246259815498,0.008169554779698784,1,1,1.0,10,7.400791433943486,-75.0,10.0,2903.4759521484375,-1636.7999267578125,0.0,0.0,Opened,2903.4759521484375,-1636.7999267578125,0.0,0.024152246259815498,4540.27587890625,0.0,0.0,0,0.0
2021-04-02,38.7130126953125,0.0,163.67999267578125,0.0,0.0,0.0,0.023995219786705737,0.008058661407727298,1,1,0.0,10,,75.0,-10.0,-2903.4759521484375,1636.7999267578125,0.0,0.0,Live,0.0,0.0,0.0,0.023995219786705737,4540.27587890625,0.0,0.0,0,0.0
2021-04-03,38.7130126953125,0.0,163.67999267578125,0.0,0.0,0.0,0.02223465223203267,0.007968270176999174,1,1,0.0,10,,75.0,-10.0,-2903.4759521484375,1636.7999267578125,0.0,0.0,Live,0.0,0.0,0.0,0.02223465223203267,4540.27587890625,0.0,0.0,0,0.0
2021-04-04,38.7130126953125,0.0,163.67999267578125,0.0,0.0,0.0,0.021419198495293057,0.00782328656274948,1,1,0.0,10,,75.0,-10.0,-2903.4759521484375,1636.7999267578125,0.0,0.0,Live,0.0,0.0,0.0,0.021419198495293057,4540.27587890625,0.0,0.0,0,0.0
2021-04-05,39.08708572387695,0.009662720685382098,163.88999938964844,0.0012830322780081893,0.008379688407373909,0.008379688407373909,0.021456371308859978,0.007837172169896857,1,1,0.0,10,0.5567462735070112,75.0,-10.0,-2931.5314292907715,1638.8999938964844,-28.055477142333984,2.100067138671875,Live,0.0,0.0,0.0,0.021456371308859978,4570.431423187256,-25.95541000366211,-0.005678984673521637,0,0.0
2021-04-06,38.7130126953125,-0.009570246070710331,166.97999572753906,0.018854087188957536,-0.028424333259667867,0.028424333259667867,0.021567229232428712,0.008695057190604743,0,0,-1.0,10,8.497474739135665,75.0,-10.0,-2903.4759521484375,1669.7999572753906,0.0,33.000030517578125,Closed,-2903.4759521484375,1669.7999572753906,33.000030517578125,0.021567229232428712,4573.275909423828,33.000030517578125,0.0072158407170617635,0,33.000030517578125
2021-04-07,38.38688278198242,-0.008424296912690754,169.24000549316406,0.013534613866637457,-0.02195891077932821,0.02195891077932821,0.021128755424854272,0.009079825542084977,0,1,1.0,10,7.083247048119611,71.0,-10.0,-2725.468677520752,1692.4000549316406,0.0,0.0,Opened,-2725.468677520752,1692.4000549316406,0.0,0.021128755424854272,4417.868732452393,0.0,0.0,0,0.0
2021-04-08,38.31014633178711,-0.0019990279135488898,170.4499969482422,0.0071495592992461,-0.00914858721279499,0.00914858721279499,0.021033375823959193,0.007386194767267089,0,1,0.0,10,15.912689957798442,-71.0,10.0,2720.0203895568848,-1704.4999694824219,-5.4482879638671875,-12.09991455078125,Live,0.0,0.0,0.0,0.021033375823959193,4424.520359039307,-17.548202514648438,-0.003966125385500242,0,0.0
2021-04-09,37.88810348510742,-0.011016477019548887,170.32000732421875,-0.0007626261446218585,-0.010253850874927029,0.010253850874927029,0.02045272076606188,0.007389117576713969,0,1,0.0,10,0.3111943885340625,-71.0,10.0,2690.055347442627,-1703.2000732421875,-35.413330078125,-10.800018310546875,Live,0.0,0.0,0.0,0.02045272076606188,4393.255420684814,-46.213348388671875,-0.010519158110198884,0,0.0
2021-04-10,37.88810348510742,0.0,170.32000732421875,0.0,0.0,0.0,0.01998477046008771,0.006703025047967481,1,0,-1.0,10,,-71.0,10.0,2690.055347442627,-1703.2000732421875,-35.413330078125,-10.800018310546875,Closed,2690.055347442627,-1703.2000732421875,-46.213348388671875,0.01998477046008771,4393.255420684814,-46.213348388671875,-0.010519158110198884,0,-46.213348388671875
2021-04-11,37.88810348510742,0.0,170.32000732421875,0.0,0.0,0.0,0.019986416066953883,0.005835608846204329,1,0,0.0,10,,0.0,0.0,0.0,0.0,0.0,0.0,,0.0,0.0,0.0,0.019986416066953883,0.0,0.0,0.0,0,0.0
2021-04-12,37.590755462646484,-0.00784805770438779,171.02999877929688,0.004168573417957955,-0.012016631122345744,0.012016631122345744,0.020019060642884768,0.005874708627813791,0,0,0.0,10,2.4166652984759307,0.0,0.0,0.0,0.0,0.0,0.0,,0.0,0.0,0.0,0.020019060642884768,0.0,0.0,0.0,0,0.0
2021-04-13,37.57156753540039,-0.000510442714171111,171.0399932861328,5.8437156681634406e-05,-0.0005688798708527454,0.0005688798708527454,0.020017833866927234,0.005874525850696847,0,0,0.0,10,0.521171217980892,0.0,0.0,0.0,0.0,0.0,0.0,,0.0,0.0,0.0,0.020017833866927234,0.0,0.0,0.0,0,0.0
2021-04-14,38.80892562866211,0.03293336356264254,171.4199981689453,0.0022217311607162227,0.030711632401926314,0.030711632401926314,0.020892609419580592,0.005881183409969454,1,1,1.0,10,0.29797874300505556,-3.0,10.0,116.42677688598633,-1714.1999816894531,0.0,0.0,Opened,116.42677688598633,-1714.1999816894531,0.0,0.020892609419580592,1830.6267585754395,0.0,0.0,0,0.0
2021-04-15,39.183013916015625,0.009639233276719006,173.00999450683594,0.009275442508893228,0.0003637907678257779,0.0003637907678257779,0.020272064071644547,0.00608675321143025,1,1,0.0,10,4.248792298465711,3.0,-10.0,-117.54904174804688,1730.0999450683594,-1.1222648620605469,15.89996337890625,Live,0.0,0.0,0.0,0.020272064071644547,1847.6489868164062,14.777698516845703,0.007998109284982985,0,0.0
2021-04-16,39.43239974975586,0.006364641430461893,174.88999938964844,0.010866452473866861,-0.0045018110434049685,0.0045018110434049685,0.01969997938443663,0.006343929760723485,0,0,-1.0,10,7.572261644660651,3.0,-10.0,-118.29719924926758,1748.8999938964844,-1.87042236328125,34.70001220703125,Closed,-118.29719924926758,1748.8999938964844,32.82958984375,0.01969997938443663,1867.197193145752,32.82958984375,0.01758228320193675,0,32.82958984375
2021-04-17,39.43239974975586,0.0,174.88999938964844,0.0,0.0,0.0,0.019201257103086816,0.006343929760723485,1,0,0.0,10,,0.0,0.0,0.0,0.0,0.0,0.0,,0.0,0.0,0.0,0.019201257103086816,0.0,0.0,0.0,0,0.0
2021-04-18,39.43239974975586,0.0,174.88999938964844,0.0,0.0,0.0,0.019167660608315398,0.006330591399275432,1,0,0.0,10,,0.0,0.0,0.0,0.0,0.0,0.0,,0.0,0.0,0.0,0.019167660608315398,0.0,0.0,0.0,0,0.0
2021-04-19,38.952816009521484,-0.012162174842968887,174.72000122070312,-0.0009720291013699534,-0.011190145741598934,0.011190145741598934,0.019324547986516595,0.00634027233343971,0,0,0.0,10,0.35848566124306186,0.0,0.0,0.0,0.0,0.0,0.0,,0.0,0.0,0.0,0.019324547986516595,0.0,0.0,0.0,0,0.0
2021-04-20,37.76341247558594,-0.030534468513003343,178.5399932861328,0.021863507547738248,-0.05239797606074159,0.05239797606074159,0.020160492831132304,0.007357376850595336,0,1,1.0,10,3.385273438049287,34.0,-10.0,-1283.9560241699219,1785.3999328613281,0.0,0.0,Opened,-1283.9560241699219,1785.3999328613281,0.0,0.020160492831132304,3069.35595703125,0.0,0.0,0,0.0
2021-04-21,38.97199630737305,0.032004094772114744,176.1999969482422,-0.013106286691410896,0.04511038146352564,0.04511038146352564,0.020505111569593306,0.007797155500201083,1,0,-1.0,10,1.8515155322172445,-34.0,10.0,1325.0478744506836,-1761.9999694824219,41.09185028076172,23.39996337890625,Closed,1325.0478744506836,-1761.9999694824219,64.49181365966797,0.020505111569593306,3087.0478439331055,64.49181365966797,0.020891096257679338,0,64.49181365966797
2021-04-22,38.329322814941406,-0.016490648499575378,176.35000610351562,0.0008513573091462057,-0.017342005808721583,0.017342005808721583,0.017937149273818224,0.007764632687677198,0,0,0.0,10,0.2375299989441512,0.0,0.0,0.0,0.0,0.0,0.0,,0.0,0.0,0.0,0.017937149273818224,0.0,0.0,0.0,0,0.0
2021-04-23,39.26933670043945,0.024524667185917837,176.9600067138672,0.0034590336787030385,0.021065633507214798,0.021065633507214798,0.018345921423422083,0.007770217039929697,1,1,1.0,10,0.6355843989978348,-7.0,10.0,274.8853569030762,-1769.6000671386719,0.0,0.0,Opened,274.8853569030762,-1769.6000671386719,0.0,0.018345921423422083,2044.485424041748,0.0,0.0,0,0.0
2021-04-24,39.26933670043945,0.0,176.9600067138672,0.0,0.0,0.0,0.018038374621977642,0.007748735311993518,1,1,0.0,10,,7.0,-10.0,-274.8853569030762,1769.6000671386719,0.0,0.0,Live,0.0,0.0,0.0,0.018038374621977642,2044.485424041748,0.0,0.0,0,0.0
2021-04-25,39.26933670043945,0.0,176.9600067138672,0.0,0.0,0.0,0.013974586556727061,0.0077382995438688585,1,1,0.0,10,,7.0,-10.0,-274.8853569030762,1769.6000671386719,0.0,0.0,Live,0.0,0.0,0.0,0.013974586556727061,2044.485424041748,0.0,0.0,0,0.0
2021-04-26,40.276493072509766,0.025647399642964697,177.5800018310547,0.0035035889108547824,0.022143810732109914,0.022143810732109914,0.014678966044239926,0.007733765415366571,1,1,0.0,10,0.6022990957816265,7.0,-10.0,-281.93545150756836,1775.8000183105469,-7.0500946044921875,6.199951171875,Live,0.0,0.0,0.0,0.014678966044239926,2057.7354698181152,-0.8501434326171875,-0.0004131451515934321,0,0.0
2021-04-27,40.05587387084961,-0.005477616962901277,178.99000549316406,0.007940103883154803,-0.01341772084605608,0.01341772084605608,0.014736603221199318,0.007795024339783538,0,0,-1.0,10,6.477345983009305,7.0,-10.0,-280.39111709594727,1789.9000549316406,-5.505760192871094,20.29998779296875,Closed,-280.39111709594727,1789.9000549316406,14.794227600097656,0.014736603221199318,2070.291172027588,14.794227600097656,0.007145964683609497,0,14.794227600097656
2021-04-28,40.401187896728516,0.008620808698177163,178.8000030517578,-0.001061525423627696,0.009682334121804859,0.009682334121804859,0.013955626327520412,0.007812934995150927,1,0,0.0,10,0.5449488988219497,0.0,0.0,0.0,0.0,0.0,0.0,,0.0,0.0,0.0,0.013955626327520412,0.0,0.0,0.0,0,0.0
2021-04-29,39.461177825927734,-0.02326689188455522,179.30999755859375,0.002852318222211103,-0.026119210106766322,0.026119210106766322,0.014652289377111084,0.007802395748446939,0,1,1.0,10,0.5570498549719755,6.0,-10.0,-236.7670669555664,1793.0999755859375,0.0,0.0,Opened,-236.7670669555664,1793.0999755859375,0.0,0.014652289377111084,2029.867042541504,0.0,0.0,0,0.0
2021-04-30,38.80892562866211,-0.016528959174580637,179.6300048828125,0.001784659687556811,-0.01831361886213745,0.01831361886213745,0.014771921229866028,0.0077836742846537025,0,1,0.0,10,0.49975502363058316,-6.0,10.0,232.85355377197266,-1796.300048828125,-3.91351318359375,-3.2000732421875,Live,0.0,0.0,0.0,0.014771921229866028,2029.1536026000977,-7.11358642578125,-0.003505691445273591,0,0.0
2021-05-01,38.80892562866211,0.0,179.6300048828125,0.0,0.0,0.0,0.014639031737925967,0.006634731635533836,1,0,-1.0,10,,-6.0,10.0,232.85355377197266,-1796.300048828125,-3.91351318359375,-3.2000732421875,Closed,232.85355377197266,-1796.300048828125,-7.11358642578125,0.014639031737925967,2029.1536026000977,-7.11358642578125,-0.003505691445273591,0,-7.11358642578125
2021-05-02,38.80892562866211,0.0,179.6300048828125,0.0,0.0,0.0,0.014639031737925967,0.006634731635533836,1,0,0.0,10,,0.0,0.0,0.0,0.0,0.0,0.0,,0.0,0.0,0.0,0.014639031737925967,0.0,0.0,0.0,0,0.0
2021-05-03,40.76568603515625,0.05042037043790226,185.0399932861328,0.030117398297960785,0.020302972139941478,0.020302972139941478,0.017274153290688647,0.008231836358130446,1,1,1.0,10,2.711329310697332,-28.0,10.0,1141.439208984375,-1850.3999328613281,0.0,0.0,Opened,1141.439208984375,-1850.3999328613281,0.0,0.017274153290688647,2991.839141845703,0.0,0.0,0,0.0
2021-05-04,41.98386001586914,0.02988233730844958,189.72000122070312,0.02529187259174548,0.004590464716704101,0.004590464716704101,0.018008759295183308,0.009048923352612419,1,1,0.0,10,3.8246982323575254,28.0,-10.0,-1175.548080444336,1897.2000122070312,-34.10887145996094,46.800079345703125,Live,0.0,0.0,0.0,0.018008759295183308,3072.748092651367,12.691207885742188,0.004130246770340157,0,0.0
2021-05-05,42.616920471191406,0.015078662492752803,190.41000366210938,0.00363695149149601,0.011441711001256794,0.011441711001256794,0.018106164403663163,0.009026005508488448,1,1,0.0,10,1.0776615439361192,28.0,-10.0,-1193.2737731933594,1904.1000366210938,-51.834564208984375,53.700103759765625,Live,0.0,0.0,0.0,0.018106164403663163,3097.373809814453,1.86553955078125,0.0006022971928251064,0,0.0
2021-05-06,43.355499267578125,0.017330646799925242,197.67999267578125,0.038180709384223244,-0.020850062584298,0.020850062584298,0.018126081533785643,0.01059798270488298,0,0,-1.0,10,10.044949236010748,28.0,-10.0,-1213.9539794921875,1976.7999267578125,-72.5147705078125,126.39999389648438,Closed,-1213.9539794921875,1976.7999267578125,53.885223388671875,0.018126081533785643,3190.75390625,53.885223388671875,0.01688792836173367,0,53.885223388671875
2021-05-07,43.873477935791016,0.01194724260966451,204.35000610351562,0.033741469419588555,-0.021794226809924044,0.021794226809924044,0.018028248265314756,0.011698406967220912,0,1,1.0,10,13.154335094233412,132.0,-10.0,-5791.299087524414,2043.5000610351562,0.0,0.0,Opened,-5791.299087524414,2043.5000610351562,0.0,0.018028248265314756,7834.79914855957,0.0,0.0,0,0.0
2021-05-08,43.873477935791016,0.0,204.35000610351562,0.0,0.0,0.0,0.01800662665307834,0.011754640497141223,1,0,-1.0,10,,-132.0,10.0,5791.299087524414,-2043.5000610351562,0.0,0.0,Closed,5791.299087524414,-2043.5000610351562,0.0,0.01800662665307834,7834.79914855957,0.0,0.0,0,0.0
2021-05-09,43.873477935791016,0.0,204.35000610351562,0.0,0.0,0.0,0.0177863578488865,0.011740035063005408,1,0,0.0,10,,0.0,0.0,0.0,0.0,0.0,0.0,,0.0,0.0,0.0,0.0177863578488865,0.0,0.0,0.0,0,0.0
2021-05-10,43.566524505615234,-0.006996332285874596,215.47999572753906,0.05446532562561024,-0.061461657911484835,0.061461657911484835,0.017900390914542014,0.014614658592808423,0,1,1.0,10,38.50381120203991,386.0,-10.0,-16816.67845916748,2154.7999572753906,0.0,0.0,Opened,-16816.67845916748,2154.7999572753906,0.0,0.017900390914542014,18971.47841644287,0.0,0.0,0,0.0
2021-05-11,44.55449676513672,0.022677325555178207,215.2899932861328,-0.0008817637143750945,0.0235590892695533,0.0235590892695533,0.018166698350239333,0.014632119050886837,1,0,-1.0,10,0.1878852511954418,-386.0,10.0,17198.035751342773,-2152.899932861328,381.35729217529297,1.9000244140625,Closed,17198.035751342773,-2152.899932861328,383.25731658935547,0.018166698350239333,19350.9356842041,383.25731658935547,0.01980562195254481,0,383.25731658935547
2021-05-12,42.44426727294922,-0.0473628846783144,218.3800048828125,0.014352787835210101,-0.0617156725135245,0.0617156725135245,0.020461103900658487,0.01465967060163768,0,1,1.0,10,1.5591645440762045,16.0,-10.0,-679.1082763671875,2183.800048828125,0.0,0.0,Opened,-679.1082763671875,2183.800048828125,0.0,0.020461103900658487,2862.9083251953125,0.0,0.0,0,0.0
2021-05-13,42.65529251098633,0.004971819555278367,212.0500030517578,-0.02898617863137931,0.03395799818665768,0.03395799818665768,0.020441519553354586,0.016108904239601256,1,0,-1.0,10,28.98284169007235,-16.0,10.0,682.4846801757812,-2120.500030517578,3.37640380859375,63.300018310546875,Closed,682.4846801757812,-2120.500030517578,66.67642211914062,0.020441519553354586,2802.9847106933594,66.67642211914062,0.023787651022415757,0,66.67642211914062
2021-05-14,43.24998474121094,0.013941815779869193,210.0800018310547,-0.00929026735369709,0.023232083133566284,0.023232083133566284,0.019813122344766138,0.016369380926386696,1,1,1.0,10,3.236738594201744,-33.0,10.0,1427.249496459961,-2100.800018310547,0.0,0.0,Opened,1427.249496459961,-2100.800018310547,0.0,0.019813122344766138,3528.049514770508,0.0,0.0,0,0.0
2021-05-15,43.24998474121094,0.0,210.0800018310547,0.0,0.0,0.0,0.019793441433570057,0.016411086465606517,1,1,0.0,10,,33.0,-10.0,-1427.249496459961,2100.800018310547,0.0,0.0,Live,0.0,0.0,0.0,0.019793441433570057,3528.049514770508,0.0,0.0,0,0.0
2021-05-16,43.24998474121094,0.0,210.0800018310547,0.0,0.0,0.0,0.01979563671092828,0.01643403945391926,1,1,0.0,10,,33.0,-10.0,-1427.249496459961,2100.800018310547,0.0,0.0,Live,0.0,0.0,0.0,0.01979563671092828,3528.049514770508,0.0,0.0,0,0.0
2021-05-17,45.25469970703125,0.04635180747035306,214.99000549316406,0.023372065971600575,0.02297974149875248,0.02297974149875248,0.0212841932153991,0.016679294872413413,1,1,0.0,10,2.39543843149561,33.0,-10.0,-1493.4050903320312,2149.9000549316406,-66.15559387207031,49.10003662109375,Live,0.0,0.0,0.0,0.0212841932153991,3643.305145263672,-17.055557250976562,-0.004681341960375988,0,0.0
2021-05-18,44.420196533203125,-0.018440143879652537,213.22999572753906,-0.008186472490140817,-0.01025367138951172,0.01025367138951172,0.021690559695616073,0.016864338041613854,0,0,-1.0,10,2.1310828001519657,33.0,-10.0,-1465.8664855957031,2132.2999572753906,-38.61698913574219,31.49993896484375,Closed,-1465.8664855957031,2132.2999572753906,-7.1170501708984375,0.021690559695616073,3598.1664428710938,-7.1170501708984375,-0.001977965801164971,0,-7.1170501708984375
2021-05-19,43.048561096191406,-0.030878644041713144,211.9600067138672,-0.005955958538284789,-0.024922685503428355,0.024922685503428355,0.022433978179768832,0.01696741004963895,0,1,1.0,10,0.9497050111694889,10.0,-10.0,-430.48561096191406,2119.600067138672,0.0,0.0,Opened,-430.48561096191406,2119.600067138672,0.0,0.022433978179768832,2550.085678100586,0.0,0.0,0,0.0
2021-05-20,42.89509963989258,-0.003564845197866706,211.14999389648438,-0.0038215360998562486,0.0002566909019895425,0.0002566909019895425,0.021542407367691772,0.016817935263330523,1,0,-1.0,10,5.276922102318717,-10.0,10.0,428.9509963989258,-2111.4999389648438,-1.5346145629882812,8.100128173828125,Closed,428.9509963989258,-2111.4999389648438,6.565513610839844,0.021542407367691772,2540.4509353637695,6.565513610839844,0.002584389062369245,0,6.565513610839844
2021-05-21,42.74161911010742,-0.0035780434379133474,209.1300048828125,-0.009566607018999806,0.005988563581086459,0.005988563581086459,0.02094600493368199,0.016693095231859842,1,0,0.0,10,13.08210719251366,0.0,0.0,0.0,0.0,0.0,0.0,,0.0,0.0,0.0,0.02094600493368199,0.0,0.0,0.0,0,0.0
2021-05-22,42.74161911010742,0.0,209.1300048828125,0.0,0.0,0.0,0.02062278876097425,0.016702624535053244,1,0,0.0,10,,0.0,0.0,0.0,0.0,0.0,0.0,,0.0,0.0,0.0,0.02062278876097425,0.0,0.0,0.0,0,0.0
2021-05-23,42.74161911010742,0.0,209.1300048828125,0.0,0.0,0.0,0.020257556236944602,0.016731481761325835,1,0,0.0,10,,0.0,0.0,0.0,0.0,0.0,0.0,,0.0,0.0,0.0,0.020257556236944602,0.0,0.0,0.0,0,0.0
2021-05-24,43.499385833740234,0.01772901306524477,208.1999969482422,-0.004447032529318107,0.022176045594562876,0.022176045594562876,0.020424156155720092,0.01680341713801705,1,1,1.0,10,1.2005585355835215,-13.0,10.0,565.492015838623,-2081.999969482422,0.0,0.0,Opened,565.492015838623,-2081.999969482422,0.0,0.020424156155720092,2647.491985321045,0.0,0.0,0,0.0
2021-05-25,42.47303771972656,-0.023594542643348926,207.00999450683594,-0.005715669831167558,-0.017878872812181368,0.017878872812181368,0.021014001129172396,0.016900847095341304,0,0,-1.0,10,1.1806836812017814,13.0,-10.0,-552.1494903564453,2070.0999450683594,13.342525482177734,-11.9000244140625,Closed,-552.1494903564453,2070.0999450683594,1.4425010681152344,0.021014001129172396,2622.2494354248047,1.4425010681152344,0.0005501006306372029,0,1.4425010681152344
2021-05-26,43.2020263671875,0.017163562735291737,206.88999938964844,-0.0005796585690143186,0.017743221304306056,0.017743221304306056,0.020751803430281195,0.016932870617282825,1,0,0.0,10,0.1617335797956622,0.0,0.0,0.0,0.0,0.0,0.0,,0.0,0.0,0.0,0.020751803430281195,0.0,0.0,0.0,0,0.0
2021-05-27,44.82307434082031,0.03752249859427925,206.3699951171875,-0.0025134335830393484,0.0400359321773186,0.0400359321773186,0.02164421803702938,0.016982905906100035,1,1,1.0,10,0.30840440795671203,-4.0,10.0,179.29229736328125,-2063.699951171875,0.0,0.0,Opened,179.29229736328125,-2063.699951171875,0.0,0.02164421803702938,2242.9922485351562,0.0,0.0,0,0.0
2021-05-28,44.5832633972168,-0.005350167232619274,205.72999572753906,-0.003101223069201575,-0.0022489441634176988,0.0022489441634176988,0.021691191998351365,0.017011625004867612,0,0,-1.0,10,2.674800594756332,4.0,-10.0,-178.3330535888672,2057.2999572753906,0.9592437744140625,-6.399993896484375,Closed,-178.3330535888672,2057.2999572753906,-5.4407501220703125,0.021691191998351365,2235.633010864258,-5.4407501220703125,-0.0024336508253503604,0,-5.4407501220703125
2021-05-29,44.5832633972168,0.0,205.72999572753906,0.0,0.0,0.0,0.02110871554631613,0.017030990098837486,1,0,0.0,10,,0.0,0.0,0.0,0.0,0.0,0.0,,0.0,0.0,0.0,0.02110871554631613,0.0,0.0,0.0,0,0.0
2021-05-30,44.5832633972168,0.0,205.72999572753906,0.0,0.0,0.0,0.020759378110870683,0.017044743842843043,1,0,0.0,10,,0.0,0.0,0.0,0.0,0.0,0.0,,0.0,0.0,0.0,0.020759378110870683,0.0,0.0,0.0,0,0.0
2021-05-31,44.5832633972168,0.0,205.72999572753906,0.0,0.0,0.0,0.020759378110870683,0.017044743842843043,1,0,0.0,10,,0.0,0.0,0.0,0.0,0.0,0.0,,0.0,0.0,0.0,0.020759378110870683,0.0,0.0,0.0,0,0.0
2021-06-01,45.811038970947266,0.027538934572634233,204.89999389648438,-0.004034423021881173,0.031573357594515405,0.031573357594515405,0.02114322531528439,0.017098693691106316,1,1,1.0,10,0.6552486021830146,-7.0,10.0,320.67727279663086,-2048.9999389648438,0.0,0.0,Opened,320.67727279663086,-2048.9999389648438,0.0,0.02114322531528439,2369.6772117614746,0.0,0.0,0,0.0
2021-06-02,45.13959884643555,-0.014656732080176926,204.9600067138672,0.0002928883317250275,-0.014949620411901954,0.014949620411901954,0.01969170001975273,0.016413343179120302,0,0,-1.0,10,0.09073531526966945,7.0,-10.0,-315.9771919250488,2049.600067138672,4.700080871582031,0.600128173828125,Closed,-315.9771919250488,2049.600067138672,5.300209045410156,0.01969170001975273,2365.5772590637207,5.300209045410156,0.0022405563061203685,0,5.300209045410156
2021-06-03,44.564083099365234,-0.012749686788936954,208.0,0.014832129130327276,-0.02758181591926423,0.02758181591926423,0.019262507544041487,0.016042289035639867,0,1,1.0,10,5.429781349677623,55.0,-10.0,-2451.024570465088,2080.0,0.0,0.0,Opened,-2451.024570465088,2080.0,0.0,0.019262507544041487,4531.024570465088,0.0,0.0,0,0.0
2021-06-04,44.76551055908203,0.00451995072506417,206.2899932861328,-0.008221186124361513,0.012741136849425683,0.012741136849425683,0.01911439342058496,0.016176503503121022,1,0,-1.0,10,8.381763448145524,-55.0,10.0,2462.1030807495117,-2062.899932861328,11.078510284423828,17.100067138671875,Closed,2462.1030807495117,-2062.899932861328,28.178577423095703,0.01911439342058496,4525.00301361084,28.178577423095703,0.006227305780424199,0,28.178577423095703
2021-06-05,44.76551055908203,0.0,206.2899932861328,0.0,0.0,0.0,0.01888994636163122,0.01473441771122153,1,0,0.0,10,,0.0,0.0,0.0,0.0,0.0,0.0,,0.0,0.0,0.0,0.01888994636163122,0.0,0.0,0.0,0,0.0
2021-06-06,44.76551055908203,0.0,206.2899932861328,0.0,0.0,0.0,0.01878205341926696,0.01341958923303144,1,0,0.0,10,,0.0,0.0,0.0,0.0,0.0,0.0,,0.0,0.0,0.0,0.01878205341926696,0.0,0.0,0.0,0,0.0
2021-06-07,44.36265563964844,-0.008999225394780264,202.41000366210938,-0.01880842382229242,0.009809198427512156,0.009809198427512156,0.018867626379739304,0.013870714397598547,1,0,0.0,10,9.535900478037632,0.0,0.0,0.0,0.0,0.0,0.0,,0.0,0.0,0.0,0.018867626379739304,0.0,0.0,0.0,0,0.0
2021-06-08,45.19715118408203,0.01881076622671296,207.83999633789062,0.02682670113897001,-0.00801593491225705,0.00801593491225705,0.01915932280844349,0.01472429320037482,0,0,0.0,10,6.558112300527521,0.0,0.0,0.0,0.0,0.0,0.0,,0.0,0.0,0.0,0.01915932280844349,0.0,0.0,0.0,0,0.0
2021-06-09,45.07246398925781,-0.002758740132013715,210.19000244140625,0.011306804007517268,-0.014065544139530983,0.014065544139530983,0.019112615140338313,0.010898054190637482,0,0,0.0,10,19.11304253355011,0.0,0.0,0.0,0.0,0.0,0.0,,0.0,0.0,0.0,0.019112615140338313,0.0,0.0,0.0,0,0.0
2021-06-10,44.90938949584961,-0.003618051443716741,211.91000366210938,0.0081830781708212,-0.011801129614537942,0.011801129614537942,0.01869734789238616,0.011019859863002647,0,0,0.0,10,10.672256877194835,0.0,0.0,0.0,0.0,0.0,0.0,,0.0,0.0,0.0,0.01869734789238616,0.0,0.0,0.0,0,0.0
2021-06-11,45.16837692260742,0.0057668881644838965,213.1300048828125,0.005757166719926987,9.721444556909375e-06,9.721444556909375e-06,0.016387563726635836,0.010729115670262981,1,0,0.0,10,4.710612572222873,0.0,0.0,0.0,0.0,0.0,0.0,,0.0,0.0,0.0,0.016387563726635836,0.0,0.0,0.0,0,0.0
2021-06-12,45.16837692260742,0.0,213.1300048828125,0.0,0.0,0.0,0.01638374999801916,0.009310508919531462,1,0,0.0,10,,0.0,0.0,0.0,0.0,0.0,0.0,,0.0,0.0,0.0,0.01638374999801916,0.0,0.0,0.0,0,0.0
2021-06-13,45.16837692260742,0.0,213.1300048828125,0.0,0.0,0.0,0.01623149278828867,0.009136466985372682,1,0,0.0,10,,0.0,0.0,0.0,0.0,0.0,0.0,,0.0,0.0,0.0,0.01623149278828867,0.0,0.0,0.0,0,0.0
2021-06-14,44.00775146484375,-0.025695531627189405,214.0500030517578,0.0043166055828280925,-0.030012137210017498,0.030012137210017498,0.01697819223481611,0.00916193968254107,0,1,1.0,10,0.8170917390992566,9.0,-10.0,-396.06976318359375,2140.500030517578,0.0,0.0,Opened,-396.06976318359375,2140.500030517578,0.0,0.01697819223481611,2536.569793701172,0.0,0.0,0,0.0
2021-06-15,43.787139892578125,-0.0050130162283311686,213.9600067138672,-0.0004204453941020203,-0.004592570834229148,0.004592570834229148,0.017010134590663358,0.009163312720234991,0,1,0.0,10,0.4098231743256047,-9.0,10.0,394.0842590332031,-2139.600067138672,-1.985504150390625,0.89996337890625,Live,0.0,0.0,0.0,0.017010134590663358,2533.684326171875,-1.085540771484375,-0.0004284435753385705,0,0.0
2021-06-16,43.163658142089844,-0.014238923848825302,213.52999877929688,-0.002009758464559086,-0.012229165384266216,0.012229165384266216,0.01484349651236475,0.008103545780799725,0,1,0.0,10,0.6982442249500058,-9.0,10.0,388.4729232788086,-2135.2999877929688,-7.596839904785156,5.200042724609375,Live,0.0,0.0,0.0,0.01484349651236475,2523.7729110717773,-2.3967971801757812,-0.0009496881314721486,0,0.0
2021-06-17,40.775272369384766,-0.0553332566216419,214.69000244140625,0.005432509102893501,-0.0607657657245354,0.0607657657245354,0.01757494741715715,0.008021509411014175,0,1,0.0,10,0.5169269583234948,-9.0,10.0,366.9774513244629,-2146.9000244140625,-29.09231185913086,-6.399993896484375,Live,0.0,0.0,0.0,0.01757494741715715,2513.8774757385254,-35.492305755615234,-0.014118550366178179,0,0.0
2021-06-18,39.62424087524414,-0.02822866475822372,214.2100067138672,-0.0022357618989270467,-0.025992902859296674,0.025992902859296674,0.017434531001596917,0.007950569088245853,0,1,0.0,10,0.42816781085776306,-9.0,10.0,356.61816787719727,-2142.100067138672,-39.451595306396484,-1.60003662109375,Live,0.0,0.0,0.0,0.017434531001596917,2498.718235015869,-41.051631927490234,-0.016429076056760566,0,0.0
2021-06-19,39.62424087524414,0.0,214.2100067138672,0.0,0.0,0.0,0.017439952786582478,0.007911408345500935,1,0,-1.0,10,,-9.0,10.0,356.61816787719727,-2142.100067138672,-39.451595306396484,-1.60003662109375,Closed,356.61816787719727,-2142.100067138672,-41.051631927490234,0.017439952786582478,2498.718235015869,-41.051631927490234,-0.016429076056760566,0,-41.051631927490234
2021-06-20,39.62424087524414,0.0,214.2100067138672,0.0,0.0,0.0,0.017444504300008063,0.0076806881990982255,1,0,0.0,10,,0.0,0.0,0.0,0.0,0.0,0.0,,0.0,0.0,0.0,0.017444504300008063,0.0,0.0,0.0,0,0.0
2021-06-21,40.44702911376953,0.020764769755865276,212.75,-0.006815772690850097,0.027580542446715373,0.027580542446715373,0.017946622859992326,0.00780583078111032,1,1,1.0,10,1.7265172398408648,-18.0,10.0,728.0465240478516,-2127.5,0.0,0.0,Opened,728.0465240478516,-2127.5,0.0,0.017946622859992326,2855.5465240478516,0.0,0.0,0,0.0
2021-06-22,40.69693374633789,0.006178565843870221,213.4499969482422,0.0032902324241701475,0.002888333419700073,0.002888333419700073,0.018001941811091663,0.007820189248000042,1,1,0.0,10,2.793015606622293,18.0,-10.0,-732.544807434082,2134.499969482422,-4.498283386230469,6.999969482421875,Live,0.0,0.0,0.0,0.018001941811091663,2867.044776916504,2.5016860961914062,0.0008725661058150478,0,0.0
2021-06-23,41.10063552856445,0.009919710038668095,213.8000030517578,0.0016397568916362015,0.008279953147031893,0.008279953147031893,0.017769641097806196,0.007760478118592246,1,1,0.0,10,0.859883582266204,18.0,-10.0,-739.8114395141602,2138.000030517578,-11.764915466308594,10.500030517578125,Live,0.0,0.0,0.0,0.017769641097806196,2877.8114700317383,-1.2648849487304688,-0.00043953016446783387,0,0.0
2021-06-24,42.292518615722656,0.02899914008214921,213.75,-0.0002338776943128229,0.029233017776462034,0.029233017776462034,0.01812941209613939,0.0076629162051879566,1,1,0.0,10,0.04076113402260963,18.0,-10.0,-761.2653350830078,2137.5,-33.21881103515625,10.0,Live,0.0,0.0,0.0,0.01812941209613939,2898.765335083008,-23.21881103515625,-0.008009896749538494,0,0.0
2021-06-25,41.35054016113281,-0.022272933497974656,214.1699981689453,0.0019649037143640857,-0.024237837212338742,0.024237837212338742,0.018272528273667203,0.007657800931669896,0,0,-1.0,10,0.4569211899211419,18.0,-10.0,-744.3097229003906,2141.699981689453,-16.263198852539062,14.199981689453125,Closed,-744.3097229003906,2141.699981689453,-2.0632171630859375,0.018272528273667203,2886.0097045898438,-2.0632171630859375,-0.0007149030579504443,0,-2.0632171630859375
2021-06-26,41.35054016113281,0.0,214.1699981689453,0.0,0.0,0.0,0.016744027891275406,0.007629678410093761,1,0,0.0,10,,0.0,0.0,0.0,0.0,0.0,0.0,,0.0,0.0,0.0,0.016744027891275406,0.0,0.0,0.0,0,0.0
2021-06-27,41.35054016113281,0.0,214.1699981689453,0.0,0.0,0.0,0.016741636268125668,0.007589377923328702,1,0,0.0,10,,0.0,0.0,0.0,0.0,0.0,0.0,,0.0,0.0,0.0,0.016741636268125668,0.0,0.0,0.0,0,0.0
2021-06-28,40.620033264160156,-0.017666199622206946,215.25999450683594,0.005089397895174708,-0.022755597517381654,0.022755597517381654,0.01696465172069818,0.007614566787241687,0,1,1.0,10,1.5266740459685026,16.0,-10.0,-649.9205322265625,2152.5999450683594,0.0,0.0,Opened,-649.9205322265625,2152.5999450683594,0.0,0.01696465172069818,2802.520477294922,0.0,0.0,0,0.0
2021-06-29,40.677711486816406,0.001419945234440334,214.36000061035156,-0.004180962182714354,0.005600907417154688,0.005600907417154688,0.016975165967962464,0.007681659947996307,1,0,-1.0,10,15.516432723905957,-16.0,10.0,650.8433837890625,-2143.6000061035156,0.9228515625,8.99993896484375,Closed,650.8433837890625,-2143.6000061035156,9.92279052734375,0.016975165967962464,2794.443389892578,9.92279052734375,0.0035509005346947443,0,9.92279052734375
2021-06-30,41.388999938964844,0.01748595056481883,214.5500030517578,0.00088637078216669,0.01659957978265214,0.01659957978265214,0.01737405974488677,0.007677796905024185,1,0,0.0,10,0.2627663676809558,0.0,0.0,0.0,0.0,0.0,0.0,,0.0,0.0,0.0,0.01737405974488677,0.0,0.0,0.0,0,0.0
2021-07-01,41.6004524230957,0.0051089053720234645,213.58999633789062,-0.004474512701990507,0.009583418074013972,0.009583418074013972,0.016505385335709336,0.007689007054907801,1,0,0.0,10,4.496770685124843,0.0,0.0,0.0,0.0,0.0,0.0,,0.0,0.0,0.0,0.016505385335709336,0.0,0.0,0.0,0,0.0
2021-07-02,41.735023498535156,0.003234846440389738,212.4600067138672,-0.0052904613670943235,0.008525307807484062,0.008525307807484062,0.016395352120379895,0.007784062047220372,1,0,0.0,10,8.325616581734886,0.0,0.0,0.0,0.0,0.0,0.0,,0.0,0.0,0.0,0.016395352120379895,0.0,0.0,0.0,0,0.0
2021-07-03,41.735023498535156,0.0,212.4600067138672,0.0,0.0,0.0,0.016284808963541935,0.007349065569649456,1,0,0.0,10,,0.0,0.0,0.0,0.0,0.0,0.0,,0.0,0.0,0.0,0.016284808963541935,0.0,0.0,0.0,0,0.0
2021-07-04,41.735023498535156,0.0,212.4600067138672,0.0,0.0,0.0,0.0162427465518324,0.00715434353472226,1,0,0.0,10,,0.0,0.0,0.0,0.0,0.0,0.0,,0.0,0.0,0.0,0.0162427465518324,0.0,0.0,0.0,0,0.0
2021-07-05,41.735023498535156,0.0,212.4600067138672,0.0,0.0,0.0,0.0162427465518324,0.00715434353472226,1,0,0.0,10,,0.0,0.0,0.0,0.0,0.0,0.0,,0.0,0.0,0.0,0.0162427465518324,0.0,0.0,0.0,0,0.0
2021-07-06,40.437408447265625,-0.03109175322053137,217.5800018310547,0.024098630120457987,-0.05519038334098936,0.05519038334098936,0.017068187667185337,0.008298698987557848,0,1,1.0,10,4.170448910221227,42.0,-10.0,-1698.3711547851562,2175.800018310547,0.0,0.0,Opened,-1698.3711547851562,2175.800018310547,0.0,0.017068187667185337,3874.171173095703,0.0,0.0,0,0.0
2021-07-07,41.158302307128906,0.017827400111542602,218.11000061035156,0.002435880020390968,0.015391520091151634,0.015391520091151634,0.017454466442734528,0.007328218106802523,1,0,-1.0,10,0.7240790927893838,-42.0,10.0,1728.648696899414,-2181.1000061035156,30.277542114257812,-5.29998779296875,Closed,1728.648696899414,-2181.1000061035156,24.977554321289062,0.017454466442734528,3909.7487030029297,24.977554321289062,0.0063885319028572736,0,24.977554321289062
2021-07-08,40.293235778808594,-0.021018032324683023,216.32000732421875,-0.00820683728909155,-0.012811195035591472,0.012811195035591472,0.017303774986408164,0.005990337191267882,0,0,0.0,10,2.096275271619371,0.0,0.0,0.0,0.0,0.0,0.0,,0.0,0.0,0.0,0.017303774986408164,0.0,0.0,0.0,0,0.0
2021-07-09,41.95609664916992,0.04126898319831329,215.77999877929688,-0.0024963411919292078,0.0437653243902425,0.0437653243902425,0.019152423052803874,0.0057234420192741236,1,1,1.0,10,0.31109732979188626,-4.0,10.0,167.8243865966797,-2157.7999877929688,0.0,0.0,Opened,167.8243865966797,-2157.7999877929688,0.0,0.019152423052803874,2325.6243743896484,0.0,0.0,0,0.0
2021-07-10,41.95609664916992,0.0,215.77999877929688,0.0,0.0,0.0,0.019154620659905433,0.005556490903798993,1,1,0.0,10,,4.0,-10.0,-167.8243865966797,2157.7999877929688,0.0,0.0,Live,0.0,0.0,0.0,0.019154620659905433,2325.6243743896484,0.0,0.0,0,0.0
2021-07-11,41.95609664916992,0.0,215.77999877929688,0.0,0.0,0.0,0.019101957861399697,0.0054716566898516455,1,1,0.0,10,,4.0,-10.0,-167.8243865966797,2157.7999877929688,0.0,0.0,Live,0.0,0.0,0.0,0.019101957861399697,2325.6243743896484,0.0,0.0,0,0.0
2021-07-12,41.97531509399414,0.0004580608388078389,217.3300018310547,0.007183256374670766,-0.006725195535862927,0.006725195535862927,0.01910402475127528,0.005607834022443311,0,0,-1.0,10,81.19399706690746,4.0,-10.0,-167.90126037597656,2173.300018310547,-0.076873779296875,15.500030517578125,Closed,-167.90126037597656,2173.300018310547,15.42315673828125,0.01910402475127528,2341.2012786865234,15.42315673828125,0.0065877107101761255,0,15.42315673828125
2021-07-13,41.01411819458008,-0.022899099083870667,218.25999450683594,0.004279172999336778,-0.027178272083207444,0.027178272083207444,0.01946455172529364,0.005644617230182756,0,1,1.0,10,0.9944482998386502,10.0,-10.0,-410.1411819458008,2182.5999450683594,0.0,0.0,Opened,-410.1411819458008,2182.5999450683594,0.0,0.01946455172529364,2592.74112701416,0.0,0.0,0,0.0
2021-07-14,40.82189178466797,-0.004686835128336675,217.94000244140625,-0.0014661049825127614,-0.0032207301458239135,0.0032207301458239135,0.01899305550656535,0.0056193649453060626,0,1,0.0,10,1.6700490151358431,-10.0,10.0,408.2189178466797,-2179.4000244140625,-1.9222640991210938,3.199920654296875,Live,0.0,0.0,0.0,0.01899305550656535,2587.618942260742,1.2776565551757812,0.0004937576141174491,0,0.0
2021-07-15,40.72576904296875,-0.0023546861131830132,218.67999267578125,0.0033953850880310554,-0.005750071201214069,0.005750071201214069,0.018986287436512726,0.005638258315261487,0,1,0.0,10,7.742759523742194,-10.0,10.0,407.2576904296875,-2186.7999267578125,-2.8834915161132812,-4.199981689453125,Live,0.0,0.0,0.0,0.018986287436512726,2594.0576171875,-7.083473205566406,-0.002730653767531336,0,0.0
2021-07-16,39.178245544433594,-0.0379986316993155,219.77000427246094,0.004984505364858727,-0.042983137064174226,0.042983137064174226,0.019974037054793666,0.005665056415670989,0,1,0.0,10,0.73583008833481,-10.0,10.0,391.78245544433594,-2197.7000427246094,-18.358726501464844,-15.10009765625,Live,0.0,0.0,0.0,0.019974037054793666,2589.4824981689453,-33.458824157714844,-0.012921046649812844,0,0.0
2021-07-17,39.178245544433594,0.0,219.77000427246094,0.0,0.0,0.0,0.017361604581924775,0.005604189310754133,1,0,-1.0,10,,-10.0,10.0,391.78245544433594,-2197.7000427246094,-18.358726501464844,-15.10009765625,Closed,391.78245544433594,-2197.7000427246094,-33.458824157714844,0.017361604581924775,2589.4824981689453,-33.458824157714844,-0.012921046649812844,0,-33.458824157714844
2021-07-18,39.178245544433594,0.0,219.77000427246094,0.0,0.0,0.0,0.016593328167410187,0.0055772986645986605,1,0,0.0,10,,0.0,0.0,0.0,0.0,0.0,0.0,,0.0,0.0,0.0,0.016593328167410187,0.0,0.0,0.0,0,0.0
2021-07-19,37.880638122558594,-0.03312061078394468,219.5,-0.0012285765446233832,-0.0318920342393213,0.0318920342393213,0.017645024347216716,0.005588402208939821,0,1,1.0,10,0.21494191846508898,3.0,-10.0,-113.64191436767578,2195.0,0.0,0.0,Opened,-113.64191436767578,2195.0,0.0,0.017645024347216716,2308.641914367676,0.0,0.0,0,0.0
2021-07-20,39.062904357910156,0.031210304101173536,219.36000061035156,-0.0006378104312001476,0.031848114532373684,0.031848114532373684,0.01862036471188339,0.005592874134883283,1,0,-1.0,10,0.11475893938674445,-3.0,10.0,117.18871307373047,-2193.6000061035156,3.5467987060546875,1.399993896484375,Closed,117.18871307373047,-2193.6000061035156,4.9467926025390625,0.01862036471188339,2310.788719177246,4.9467926025390625,0.0021407377323100153,0,4.9467926025390625
2021-07-21,40.514305114746094,0.037155474757780915,218.3699951171875,-0.004513154132063546,0.04166862888984446,0.04166862888984446,0.01948058989484198,0.005499676090552443,1,1,1.0,10,0.6546993665076324,-7.0,10.0,283.60013580322266,-2183.699951171875,0.0,0.0,Opened,283.60013580322266,-2183.699951171875,0.0,0.01948058989484198,2467.3000869750977,0.0,0.0,0,0.0
2021-07-22,40.17789077758789,-0.008303593908507101,213.80999755859375,-0.020881978571033244,0.012578384662526143,0.012578384662526143,0.019507737959612387,0.006761034838012134,1,1,0.0,10,13.38278247235148,7.0,-10.0,-281.24523544311523,2138.0999755859375,2.354900360107422,-45.5999755859375,Live,0.0,0.0,0.0,0.019507737959612387,2419.3452110290527,-43.24507522583008,-0.0178747022246718,0,0.0
2021-07-23,40.39897155761719,0.0055025481863428816,216.02999877929688,0.0103830561996745,-0.004880508013331619,0.004880508013331619,0.019444947690169894,0.007014367573706305,0,0,-1.0,10,10.090323825388342,7.0,-10.0,-282.7928009033203,2160.2999877929688,0.8073348999023438,-23.39996337890625,Closed,-282.7928009033203,2160.2999877929688,-22.592628479003906,0.019444947690169894,2443.092788696289,-22.592628479003906,-0.009247552358033867,0,-22.592628479003906
2021-07-24,40.39897155761719,0.0,216.02999877929688,0.0,0.0,0.0,0.018637553574808233,0.007013803598377148,1,0,0.0,10,,0.0,0.0,0.0,0.0,0.0,0.0,,0.0,0.0,0.0,0.018637553574808233,0.0,0.0,0.0,0,0.0
2021-07-25,40.39897155761719,0.0,216.02999877929688,0.0,0.0,0.0,0.01821449520514829,0.007007640147602814,1,0,0.0,10,,0.0,0.0,0.0,0.0,0.0,0.0,,0.0,0.0,0.0,0.01821449520514829,0.0,0.0,0.0,0,0.0
2021-07-26,41.562015533447266,0.02878895008926996,215.16000366210938,-0.004027195862165045,0.032816145951435005,0.032816145951435005,0.018989913085776425,0.00705225316903352,1,1,1.0,10,0.7241722317565212,-8.0,10.0,332.4961242675781,-2151.6000366210938,0.0,0.0,Opened,332.4961242675781,-2151.6000366210938,0.0,0.018989913085776425,2484.096160888672,0.0,0.0,0,0.0
2021-07-27,41.17753219604492,-0.00925083474580124,214.99000549316406,-0.0007901011621671561,-0.008460733583634084,0.008460733583634084,0.019070629412309765,0.007054414756353965,0,0,-1.0,10,0.44592285615951166,8.0,-10.0,-329.4202575683594,2149.9000549316406,3.07586669921875,-1.699981689453125,Closed,-329.4202575683594,2149.9000549316406,1.375885009765625,0.019070629412309765,2479.3203125,1.375885009765625,0.0005549444349037192,0,1.375885009765625
2021-07-28,41.68696975708008,0.012371736086799423,214.44000244140625,-0.0025582726531689914,0.014930008739968414,0.014930008739968414,0.01889692796709807,0.007007845369731448,1,0,0.0,10,1.0637061191989832,0.0,0.0,0.0,0.0,0.0,0.0,,0.0,0.0,0.0,0.01889692796709807,0.0,0.0,0.0,0,0.0
2021-07-29,43.638187408447266,0.04680641607527236,213.52000427246094,-0.004290235769777606,0.05109665184504997,0.05109665184504997,0.02066293872177898,0.007010065811885208,1,1,1.0,10,0.44848470544637054,-5.0,10.0,218.19093704223633,-2135.2000427246094,0.0,0.0,Opened,218.19093704223633,-2135.2000427246094,0.0,0.02066293872177898,2353.3909797668457,0.0,0.0,0,0.0
2021-07-30,43.2344856262207,-0.009251112527841054,211.99000549316406,-0.007165599235116726,-0.002085513292724328,0.002085513292724328,0.02057291545419108,0.00712393415146445,0,0,-1.0,10,3.7979010100403783,5.0,-10.0,-216.17242813110352,2119.9000549316406,2.0185089111328125,-15.29998779296875,Closed,-216.17242813110352,2119.9000549316406,-13.281478881835938,0.02057291545419108,2336.072483062744,-13.281478881835938,-0.0056853881795752535,0,-13.281478881835938
2021-07-31,43.2344856262207,0.0,211.99000549316406,0.0,0.0,0.0,0.020564513394150254,0.007081873657467712,1,0,0.0,10,,0.0,0.0,0.0,0.0,0.0,0.0,,0.0,0.0,0.0,0.020564513394150254,0.0,0.0,0.0,0,0.0
2021-08-01,43.2344856262207,0.0,211.99000549316406,0.0,0.0,0.0,0.020563520631486722,0.00701699648405884,1,0,0.0,10,,0.0,0.0,0.0,0.0,0.0,0.0,,0.0,0.0,0.0,0.020563520631486722,0.0,0.0,0.0,0,0.0
2021-08-02,42.33096694946289,-0.02089810168135431,181.2100067138672,-0.1451955185702819,0.12429741688892759,0.12429741688892759,0.02096200604531408,0.02741279648185819,1,1,1.0,10,29.742013175184923,-298.0,10.0,12614.628150939941,-1812.1000671386719,0.0,0.0,Opened,12614.628150939941,-1812.1000671386719,0.0,0.02741279648185819,14426.728218078613,0.0,0.0,0,0.0
2021-08-03,43.00381088256836,0.01589483967868599,181.00999450683594,-0.0011037591723456197,0.01699859885103161,0.01699859885103161,0.02114420855272765,0.027406747210262726,1,1,0.0,10,0.2922898845379188,298.0,-10.0,-12815.135643005371,1810.0999450683594,-200.5074920654297,-2.0001220703125,Live,0.0,0.0,0.0,0.027406747210262726,14625.23558807373,-202.5076141357422,-0.013846451424063124,0,0.0
2021-08-04,41.273643493652344,-0.04023288525848623,182.50999450683594,0.008286835232975687,-0.048519720491461915,0.048519720491461915,0.022458882298861192,0.027499718120040716,0,0,-1.0,10,0.9107965327424397,298.0,-10.0,-12299.545761108398,1825.0999450683594,315.08238983154297,12.9998779296875,Closed,-12299.545761108398,1825.0999450683594,328.08226776123047,0.027499718120040716,14124.645706176758,328.08226776123047,0.023227645817534306,0,328.08226776123047
2021-08-05,40.994895935058594,-0.006753645547106113,171.91000366210938,-0.05807896095427001,0.051325315407163896,0.051325315407163896,0.021729537132210115,0.028607802430523434,1,1,1.0,10,36.0621765866861,-361.0,10.0,14799.157432556152,-1719.1000366210938,0.0,0.0,Opened,14799.157432556152,-1719.1000366210938,0.0,0.028607802430523434,16518.257469177246,0.0,0.0,0,0.0
2021-08-06,41.84075164794922,0.020633195757602918,172.00999450683594,0.0005816464580099545,0.020051549299592963,0.020051549299592963,0.02181175196586853,0.028587838024917964,1,1,0.0,10,0.1158902216163376,361.0,-10.0,-15104.511344909668,1720.0999450683594,-305.3539123535156,0.999908447265625,Live,0.0,0.0,0.0,0.028587838024917964,16824.611289978027,-304.35400390625,-0.018089808950745006,0,0.0
2021-08-07,41.84075164794922,0.0,172.00999450683594,0.0,0.0,0.0,0.021421597865930675,0.0286196099395815,1,1,0.0,10,,361.0,-10.0,-15104.511344909668,1720.0999450683594,-305.3539123535156,0.999908447265625,Live,0.0,0.0,0.0,0.0286196099395815,16824.611289978027,-304.35400390625,-0.018089808950745006,0,0.0
2021-08-08,41.84075164794922,0.0,172.00999450683594,0.0,0.0,0.0,0.020060042005375447,0.028637314763586424,1,1,0.0,10,,361.0,-10.0,-15104.511344909668,1720.0999450683594,-305.3539123535156,0.999908447265625,Live,0.0,0.0,0.0,0.028637314763586424,16824.611289978027,-304.35400390625,-0.018089808950745006,0,0.0
2021-08-09,41.811920166015625,-0.0006890765772131768,173.52000427246094,0.008778616440017428,-0.009467693017230605,0.009467693017230605,0.020060557776527436,0.028756911087162888,0,0,-1.0,10,52.86984332246032,361.0,-10.0,-15094.10317993164,1735.2000427246094,-294.9457473754883,16.100006103515625,Closed,-15094.10317993164,1735.2000427246094,-278.84574127197266,0.028756911087162888,16829.30322265625,-278.84574127197266,-0.01656906038133414,0,-278.84574127197266
2021-08-10,43.47478103637695,0.03977001926146628,168.58999633789062,-0.028411755493212287,0.06818177475467857,0.06818177475467857,0.021329087646987384,0.028992053475028576,1,1,1.0,10,2.770362915986595,-28.0,10.0,1217.2938690185547,-1685.8999633789062,0.0,0.0,Opened,1217.2938690185547,-1685.8999633789062,0.0,0.028992053475028576,2903.193832397461,0.0,0.0,0,0.0
2021-08-11,44.484039306640625,0.023214798239447942,169.05999755859375,0.002787835760795332,0.02042696247865261,0.02042696247865261,0.021695759977213572,0.02892501750590057,1,1,0.0,10,0.4563929358236686,28.0,-10.0,-1245.5531005859375,1690.5999755859375,-28.259231567382812,4.70001220703125,Live,0.0,0.0,0.0,0.02892501750590057,2936.153076171875,-23.559219360351562,-0.008023838931132236,0,0.0
2021-08-12,44.195682525634766,-0.006482252634886332,167.94000244140625,-0.006624838124697829,0.00014258548981149755,0.00014258548981149755,0.02124414797302974,0.02883512351605624,1,1,0.0,10,3.8835028477259717,28.0,-10.0,-1237.4791107177734,1679.4000244140625,-20.18524169921875,-6.49993896484375,Live,0.0,0.0,0.0,0.02883512351605624,2916.879135131836,-26.6851806640625,-0.00914853836165426,0,0.0
2021-08-13,44.09955978393555,-0.002174935111443621,167.9499969482422,5.951236567014462e-05,-0.0022344474771137657,0.0022344474771137657,0.02121892097508474,0.028848859026847033,0,0,-1.0,10,0.10420934251774834,28.0,-10.0,-1234.7876739501953,1679.4999694824219,-17.493804931640625,-6.399993896484375,Closed,-1234.7876739501953,1679.4999694824219,-23.893798828125,0.028848859026847033,2914.287643432617,-23.893798828125,-0.008198847111735854,0,-23.893798828125
2021-08-14,44.09955978393555,0.0,167.9499969482422,0.0,0.0,0.0,0.02120356626621177,0.02880839762144703,1,0,0.0,10,,0.0,0.0,0.0,0.0,0.0,0.0,,0.0,0.0,0.0,0.02880839762144703,0.0,0.0,0.0,0,0.0
2021-08-15,44.09955978393555,0.0,167.9499969482422,0.0,0.0,0.0,0.019763928168711885,0.028743310220259746,1,0,0.0,10,,0.0,0.0,0.0,0.0,0.0,0.0,,0.0,0.0,0.0,0.028743310220259746,0.0,0.0,0.0,0,0.0
2021-08-16,43.205657958984375,-0.02027008499247651,166.9600067138672,-0.005894553452597484,-0.014375531539879027,0.014375531539879027,0.020250821837443245,0.028703408453681335,0,0,0.0,10,1.1237434437045593,0.0,0.0,0.0,0.0,0.0,0.0,,0.0,0.0,0.0,0.028703408453681335,0.0,0.0,0.0,0,0.0
2021-08-17,41.99454879760742,-0.028031263000940165,167.33999633789062,0.0022759320121175097,-0.030307195013057675,0.030307195013057675,0.02104718875964761,0.028730147790504153,0,1,1.0,10,0.32353662738526956,4.0,-10.0,-167.9781951904297,1673.3999633789062,0.0,0.0,Opened,-167.9781951904297,1673.3999633789062,0.0,0.028730147790504153,1841.378158569336,0.0,0.0,0,0.0
2021-08-18,41.6004524230957,-0.009384465026903044,159.58999633789062,-0.04631289691408447,0.03692843188718142,0.03692843188718142,0.020084961577006934,0.029499645734665663,1,0,-1.0,10,18.932154421401865,-4.0,10.0,166.4018096923828,-1595.8999633789062,-1.576385498046875,77.5,Closed,166.4018096923828,-1595.8999633789062,75.92361450195312,0.029499645734665663,1762.301773071289,75.92361450195312,0.04308207349166745,0,75.92361450195312
2021-08-19,39.9664306640625,-0.03927894202722726,160.3800048828125,0.004950238505233351,-0.04422918053246061,0.04422918053246061,0.02081947317176548,0.029579060484153742,0,1,1.0,10,0.5057328926390734,6.0,-10.0,-239.798583984375,1603.800048828125,0.0,0.0,Opened,-239.798583984375,1603.800048828125,0.0,0.029579060484153742,1843.5986328125,0.0,0.0,0,0.0
2021-08-20,40.014488220214844,0.001202448038362336,160.5399932861328,0.0009975582893715362,0.0002048897489907997,0.0002048897489907997,0.019667695998981154,0.02963089249450495,1,0,-1.0,10,3.328418577888468,-6.0,10.0,240.08692932128906,-1605.3999328613281,0.2883453369140625,-1.599884033203125,Closed,240.08692932128906,-1605.3999328613281,-1.3115386962890625,0.02963089249450495,1845.4868621826172,-1.3115386962890625,-0.0007106735480836391,0,-1.3115386962890625
2021-08-21,40.014488220214844,0.0,160.5399932861328,0.0,0.0,0.0,0.01960845613151188,0.029605416866554636,1,0,0.0,10,,0.0,0.0,0.0,0.0,0.0,0.0,,0.0,0.0,0.0,0.029605416866554636,0.0,0.0,0.0,0,0.0
2021-08-22,40.014488220214844,0.0,160.5399932861328,0.0,0.0,0.0,0.01958140683432298,0.02943063609598291,1,0,0.0,10,,0.0,0.0,0.0,0.0,0.0,0.0,,0.0,0.0,0.0,0.02943063609598291,0.0,0.0,0.0,0,0.0
2021-08-23,41.46588897705078,0.03627188104589352,159.39999389648438,-0.007101030505318406,0.04337291155121192,0.04337291155121192,0.020679005627116345,0.029381015180474212,1,1,1.0,10,0.7525729767654687,-8.0,10.0,331.72711181640625,-1593.9999389648438,0.0,0.0,Opened,331.72711181640625,-1593.9999389648438,0.0,0.029381015180474212,1925.72705078125,0.0,0.0,0,0.0
2021-08-24,42.31173324584961,0.020398556251066013,160.07000732421875,0.004203346633560701,0.016195209617505313,0.016195209617505313,0.020975669001317133,0.029438477868671438,1,1,0.0,10,0.7795517025866175,8.0,-10.0,-338.4938659667969,1600.7000732421875,-6.766754150390625,6.70013427734375,Live,0.0,0.0,0.0,0.029438477868671438,1939.1939392089844,-0.066619873046875,-3.435441484210181e-05,0,0.0
2021-08-25,41.96571350097656,-0.008177867421845453,159.9199981689453,-0.0009371471756703942,-0.007240720246175059,0.007240720246175059,0.020411010218961856,0.02946363768189808,0,0,-1.0,10,0.4366926675984997,8.0,-10.0,-335.7257080078125,1599.1999816894531,-3.99859619140625,5.200042724609375,Closed,-335.7257080078125,1599.1999816894531,1.201446533203125,0.02946363768189808,1934.9256896972656,1.201446533203125,0.000620926446736619,0,1.201446533203125
2021-08-26,41.2255859375,-0.017636482302614498,159.6300048828125,-0.0018133647414531051,-0.015823117561161393,0.015823117561161393,0.0206059624011431,0.029453935605944233,0,0,0.0,10,0.39812632057453734,0.0,0.0,0.0,0.0,0.0,0.0,,0.0,0.0,0.0,0.029453935605944233,0.0,0.0,0.0,0,0.0
2021-08-27,43.08069610595703,0.044999000651427146,159.67999267578125,0.0003131478509033059,0.04468585280052384,0.04468585280052384,0.022076704729393992,0.029481651194543535,1,1,1.0,10,0.025793742414207316,-1.0,10.0,43.08069610595703,-1596.7999267578125,0.0,0.0,Opened,43.08069610595703,-1596.7999267578125,0.0,0.029481651194543535,1639.8806228637695,0.0,0.0,0,0.0
2021-08-28,43.08069610595703,0.0,159.67999267578125,0.0,0.0,0.0,0.02033747692400716,0.029517290351235348,1,1,0.0,10,,1.0,-10.0,-43.08069610595703,1596.7999267578125,0.0,0.0,Live,0.0,0.0,0.0,0.029517290351235348,1639.8806228637695,0.0,0.0,0,0.0
2021-08-29,43.08069610595703,0.0,159.67999267578125,0.0,0.0,0.0,0.020265973819171088,0.029563110630607223,1,1,0.0,10,,1.0,-10.0,-43.08069610595703,1596.7999267578125,0.0,0.0,Live,0.0,0.0,0.0,0.029563110630607223,1639.8806228637695,0.0,0.0,0,0.0
2021-08-30,42.79233169555664,-0.006693587533756595,159.5800018310547,-0.0006261951986031855,-0.00606739233515341,0.00606739233515341,0.02030368702270358,0.029556800279182845,0,0,-1.0,10,0.3488697392552958,1.0,-10.0,-42.79233169555664,1595.8000183105469,0.2883644104003906,-0.999908447265625,Closed,-42.79233169555664,1595.8000183105469,-0.7115440368652344,0.029556800279182845,1638.5923500061035,-0.7115440368652344,-0.0004342410343015357,0,-0.7115440368652344
2021-08-31,42.571266174316406,-0.005166007844886633,159.25,-0.002067939762302129,-0.003098068082584504,0.003098068082584504,0.020324320516824552,0.029537583410727472,0,0,0.0,10,1.4974271262457002,0.0,0.0,0.0,0.0,0.0,0.0,,0.0,0.0,0.0,0.029537583410727472,0.0,0.0,0.0,0,0.0
2021-09-01,42.68660354614258,0.002709277458506909,143.0800018310547,-0.1015384500404729,0.10424772749897981,0.10424772749897981,0.019953585992146704,0.02293538647502515,1,1,1.0,10,125.62161792704154,-1257.0,10.0,53657.06065750122,-1430.8000183105469,0.0,0.0,Opened,53657.06065750122,-1430.8000183105469,0.0,0.02293538647502515,55087.86067581177,0.0,0.0,0,0.0
2021-09-02,43.128753662109375,0.010358053329046157,140.5399932861328,-0.017752365896116284,0.028110419225162442,0.028110419225162442,0.019831233281209018,0.022974768875232962,1,1,0.0,10,5.584844922645688,1257.0,-10.0,-54212.843353271484,1405.3999328613281,-555.7826957702637,-25.40008544921875,Live,0.0,0.0,0.0,0.022974768875232962,55618.24328613281,-581.1827812194824,-0.010449499065073628,0,0.0
2021-09-03,43.224884033203125,0.0022289160462849456,144.8300018310547,0.03052517966318402,-0.028296263616899076,0.028296263616899076,0.018295406493521987,0.023864287694753666,0,0,-1.0,10,45.8869526701666,1257.0,-10.0,-54333.67922973633,1448.3000183105469,-676.6185722351074,17.5,Closed,-54333.67922973633,1448.3000183105469,-659.1185722351074,0.023864287694753666,55781.979248046875,-659.1185722351074,-0.011815976792508407,0,-659.1185722351074
2021-09-04,43.224884033203125,0.0,144.8300018310547,0.0,0.0,0.0,0.01822921031011215,0.021883998828269146,1,0,0.0,10,,0.0,0.0,0.0,0.0,0.0,0.0,,0.0,0.0,0.0,0.021883998828269146,0.0,0.0,0.0,0,0.0
2021-09-05,43.224884033203125,0.0,144.8300018310547,0.0,0.0,0.0,0.01788508107588626,0.021878724535180482,1,0,0.0,10,,0.0,0.0,0.0,0.0,0.0,0.0,,0.0,0.0,0.0,0.021878724535180482,0.0,0.0,0.0,0,0.0
2021-09-06,43.224884033203125,0.0,144.8300018310547,0.0,0.0,0.0,0.01788508107588626,0.021878724535180482,1,0,0.0,10,,0.0,0.0,0.0,0.0,0.0,0.0,,0.0,0.0,0.0,0.021878724535180482,0.0,0.0,0.0,0,0.0
2021-09-07,43.292152404785156,0.0015562418057699645,138.99000549316406,-0.04032311167614999,0.041879353481919956,0.041879353481919956,0.017883620543286672,0.022752081658024125,1,1,1.0,10,83.18621310680824,-832.0,10.0,36019.07080078125,-1389.9000549316406,0.0,0.0,Opened,36019.07080078125,-1389.9000549316406,0.0,0.022752081658024125,37408.97085571289,0.0,0.0,0,0.0
2021-09-08,42.292518615722656,-0.02309041554958602,135.55999755859375,-0.02467809050298231,0.0015876749533962897,0.0015876749533962897,0.018428509955129724,0.02278122175781402,1,1,0.0,10,3.425688004835684,832.0,-10.0,-35187.37548828125,1355.5999755859375,831.6953125,-34.300079345703125,Live,0.0,0.0,0.0,0.02278122175781402,36542.97546386719,797.3952331542969,0.021820752772109157,0,0.0
2021-09-09,42.561641693115234,0.006363373149702367,133.82000732421875,-0.01283557292499149,0.019198946074693857,0.019198946074693857,0.016924457117056462,0.022473804372200465,1,1,0.0,10,6.3420629059388824,832.0,-10.0,-35411.285888671875,1338.2000732421875,607.784912109375,-51.699981689453125,Live,0.0,0.0,0.0,0.022473804372200465,36749.48596191406,556.0849304199219,0.015131774387163665,0,0.0
2021-09-10,42.96535110473633,0.009485287586695534,133.17999267578125,-0.004782652917413754,0.014267940504109289,0.014267940504109289,0.016437765542708656,0.022397686499472408,1,1,0.0,10,1.5629280422967362,832.0,-10.0,-35747.172119140625,1331.7999267578125,271.898681640625,-58.100128173828125,Live,0.0,0.0,0.0,0.022397686499472408,37078.97204589844,213.79855346679688,0.005766032380890846,0,0.0
2021-09-11,42.96535110473633,0.0,133.17999267578125,0.0,0.0,0.0,0.016406159116540264,0.022440916806110482,1,1,0.0,10,,832.0,-10.0,-35747.172119140625,1331.7999267578125,271.898681640625,-58.100128173828125,Live,0.0,0.0,0.0,0.022440916806110482,37078.97204589844,213.79855346679688,0.005766032380890846,0,0.0
2021-09-12,42.96535110473633,0.0,133.17999267578125,0.0,0.0,0.0,0.016404729682705,0.022440233197478815,1,1,0.0,10,,832.0,-10.0,-35747.172119140625,1331.7999267578125,271.898681640625,-58.100128173828125,Live,0.0,0.0,0.0,0.022440233197478815,37078.97204589844,213.79855346679688,0.005766032380890846,0,0.0
2021-09-13,42.878841400146484,-0.0020134760304637567,129.66000366210938,-0.026430313915402293,0.024416837884938536,0.024416837884938536,0.016405722743475504,0.022655593910095684,1,1,0.0,10,39.69344974049562,832.0,-10.0,-35675.196044921875,1296.6000366210938,343.874755859375,-93.30001831054688,Live,0.0,0.0,0.0,0.022655593910095684,36971.79608154297,250.57473754882812,0.0067774564426400655,0,0.0
2021-09-14,42.0426025390625,-0.019502366056959874,128.11000061035156,-0.011954365324538196,-0.007548000732421678,0.007548000732421678,0.01675536393103569,0.022609155030927246,0,0,-1.0,10,1.8678098487901207,832.0,-10.0,-34979.4453125,1281.1000061035156,1039.62548828125,-108.800048828125,Closed,-34979.4453125,1281.1000061035156,930.825439453125,0.022609155030927246,36260.545318603516,930.825439453125,0.02567047547891024,0,930.825439453125
2021-09-15,43.426727294921875,0.03292195706898404,124.16000366210938,-0.030832854027189938,0.06375481109617398,0.06375481109617398,0.01749389723741613,0.022957234394524295,1,1,1.0,10,2.6776431486744547,-27.0,10.0,1172.5216369628906,-1241.6000366210938,0.0,0.0,Opened,1172.5216369628906,-1241.6000366210938,0.0,0.022957234394524295,2414.1216735839844,0.0,0.0,0,0.0
2021-09-16,41.754241943359375,-0.03851281125110417,119.95999908447266,-0.033827355458740715,-0.004685455792363458,0.004685455792363458,0.01817115180419714,0.02325982254276371,0,0,-1.0,10,2.523473080518835,27.0,-10.0,-1127.3645324707031,1199.5999908447266,45.1571044921875,-42.00004577636719,Closed,-1127.3645324707031,1199.5999908447266,3.1570587158203125,0.02325982254276371,2326.9645233154297,3.1570587158203125,0.001356728340371161,0,3.1570587158203125
2021-09-17,40.69693374633789,-0.025322174414176835,123.0,0.025341788418876687,-0.05066396283305352,0.05066396283305352,0.018679869084485348,0.023161993955373945,0,1,1.0,10,3.024681758284227,31.0,-10.0,-1261.6049461364746,1230.0,0.0,0.0,Opened,-1261.6049461364746,1230.0,0.0,0.023161993955373945,2491.6049461364746,0.0,0.0,0,0.0
2021-09-18,40.69693374633789,0.0,123.0,0.0,0.0,0.0,0.01718978911946375,0.023081302569090155,1,0,-1.0,10,,-31.0,10.0,1261.6049461364746,-1230.0,0.0,0.0,Closed,1261.6049461364746,-1230.0,0.0,0.023081302569090155,2491.6049461364746,0.0,0.0,0,0.0
2021-09-19,40.69693374633789,0.0,123.0,0.0,0.0,0.0,0.017190089976508182,0.02306780714339819,1,0,0.0,10,,0.0,0.0,0.0,0.0,0.0,0.0,,0.0,0.0,0.0,0.02306780714339819,0.0,0.0,0.0,0,0.0
2021-09-20,39.20183181762695,-0.036737458847141635,117.01000213623047,-0.04869916962414256,0.011961710777000922,0.011961710777000922,0.01850069549299713,0.024132810304412177,1,0,0.0,10,3.9566630713822204,0.0,0.0,0.0,0.0,0.0,0.0,,0.0,0.0,0.0,0.024132810304412177,0.0,0.0,0.0,0,0.0
2021-09-21,38.81675720214844,-0.009822873004249999,119.01000213623047,0.017092555879722804,-0.026915428883972803,0.026915428883972803,0.01857796169051031,0.02457941350128798,0,1,1.0,10,5.334978714445353,54.0,-10.0,-2096.1048889160156,1190.1000213623047,0.0,0.0,Opened,-2096.1048889160156,1190.1000213623047,0.0,0.02457941350128798,3286.2049102783203,0.0,0.0,0,0.0
2021-09-22,39.596553802490234,0.020089174278026478,120.7300033569336,0.014452577008899237,0.0056365972691272415,0.0056365972691272415,0.01767610021116838,0.02496764532883274,1,0,-1.0,10,2.193517122038578,-54.0,10.0,2138.2139053344727,-1207.300033569336,42.10901641845703,-17.20001220703125,Closed,2138.2139053344727,-1207.300033569336,24.90900421142578,0.02496764532883274,3345.5139389038086,24.90900421142578,0.007445494075444644,0,24.90900421142578
2021-09-23,40.068267822265625,0.011913006928035319,120.44999694824219,-0.0023192777346620064,0.014232284662697325,0.014232284662697325,0.01738092065694178,0.024877792386035533,1,0,0.0,10,0.5852448351837746,0.0,0.0,0.0,0.0,0.0,0.0,,0.0,0.0,0.0,0.024877792386035533,0.0,0.0,0.0,0,0.0
2021-09-24,39.81797790527344,-0.0062465869026936405,120.0999984741211,-0.0029057574345269233,-0.0033408294681667172,0.0033408294681667172,0.017359542626432238,0.024858044152130023,0,0,0.0,10,1.4030733379565732,0.0,0.0,0.0,0.0,0.0,0.0,,0.0,0.0,0.0,0.024858044152130023,0.0,0.0,0.0,0,0.0
2021-09-25,39.81797790527344,0.0,120.0999984741211,0.0,0.0,0.0,0.017094485874694493,0.02487879273593205,1,0,0.0,10,,0.0,0.0,0.0,0.0,0.0,0.0,,0.0,0.0,0.0,0.02487879273593205,0.0,0.0,0.0,0,0.0
2021-09-26,39.81797790527344,0.0,120.0999984741211,0.0,0.0,0.0,0.014728071407535936,0.024874760219107114,1,0,0.0,10,,0.0,0.0,0.0,0.0,0.0,0.0,,0.0,0.0,0.0,0.024874760219107114,0.0,0.0,0.0,0,0.0
2021-09-27,41.20428466796875,0.0348161015607904,120.2300033569336,0.001082471977220889,0.03373362958356951,0.03373362958356951,0.016228457820170926,0.024889254481224112,1,1,1.0,10,0.09072082730947187,-1.0,10.0,41.20428466796875,-1202.300033569336,0.0,0.0,Opened,41.20428466796875,-1202.300033569336,0.0,0.024889254481224112,1243.5043182373047,0.0,0.0,0,0.0
2021-09-28,40.99249267578125,-0.0051400477861502925,119.88999938964844,-0.002827946084936639,-0.0023121017012136535,0.0023121017012136535,0.01624078172119509,0.02485892740476603,0,0,-1.0,10,1.609098385197915,1.0,-10.0,-40.99249267578125,1198.8999938964844,0.2117919921875,-3.4000396728515625,Closed,-40.99249267578125,1198.8999938964844,-3.1882476806640625,0.02485892740476603,1239.8924865722656,-3.1882476806640625,-0.0025713904352127385,0,-3.1882476806640625
2021-09-29,40.10678482055664,-0.021606586899456715,119.69999694824219,-0.0015848064256697159,-0.020021780473787,0.020021780473787,0.016627991803802623,0.02484814448510373,0,0,0.0,10,0.2189103756037763,0.0,0.0,0.0,0.0,0.0,0.0,,0.0,0.0,0.0,0.02484814448510373,0.0,0.0,0.0,0,0.0
2021-09-30,40.18381118774414,0.001920532087828164,119.6500015258789,-0.0004176727120962509,0.002338204799924415,0.002338204799924415,0.016632152189323002,0.024866363981297854,1,0,0.0,10,0.6475541912068352,0.0,0.0,0.0,0.0,0.0,0.0,,0.0,0.0,0.0,0.024866363981297854,0.0,0.0,0.0,0,0.0
2021-10-01,40.83845138549805,0.01629114258713149,115.76000213623047,-0.03251148633547718,0.04880262892260867,0.04880262892260867,0.016940769683044112,0.018370090116701314,1,1,1.0,10,5.656848411109267,-57.0,10.0,2327.7917289733887,-1157.6000213623047,0.0,0.0,Opened,2327.7917289733887,-1157.6000213623047,0.0,0.018370090116701314,3485.3917503356934,0.0,0.0,0,0.0
2021-10-02,40.83845138549805,0.0,115.76000213623047,0.0,0.0,0.0,0.01679919781376146,0.01829331577573651,1,1,0.0,10,,57.0,-10.0,-2327.7917289733887,1157.6000213623047,0.0,0.0,Live,0.0,0.0,0.0,0.01829331577573651,3485.3917503356934,0.0,0.0,0,0.0
2021-10-03,40.83845138549805,0.0,115.76000213623047,0.0,0.0,0.0,0.016786236351601033,0.016977064935662926,1,1,0.0,10,,57.0,-10.0,-2327.7917289733887,1157.6000213623047,0.0,0.0,Live,0.0,0.0,0.0,0.016977064935662926,3485.3917503356934,0.0,0.0,0,0.0
2021-10-04,40.99249267578125,0.0037719669834959113,117.76000213623047,0.017277124767554275,-0.013505157784058364,0.013505157784058364,0.016813935366982932,0.017517628067501158,0,0,-1.0,10,13.158217596559098,57.0,-10.0,-2336.5720825195312,1177.6000213623047,-8.780353546142578,20.0,Closed,-2336.5720825195312,1177.6000213623047,11.219646453857422,0.017517628067501158,3514.172103881836,11.219646453857422,0.0031926855379291017,0,11.219646453857422
2021-10-05,41.27167892456055,0.006810667772449097,117.8499984741211,0.0007642351924086466,0.006046432580040451,0.006046432580040451,0.01688252577600208,0.01752829405661285,1,0,0.0,10,0.3204164334500195,0.0,0.0,0.0,0.0,0.0,0.0,,0.0,0.0,0.0,0.01752829405661285,0.0,0.0,0.0,0,0.0
2021-10-06,40.4630012512207,-0.019594009606878515,117.68000030517578,-0.0014424961488874732,-0.018151513457991042,0.018151513457991042,0.017202408415944594,0.01751125883590536,0,1,1.0,10,0.21410948858317277,3.0,-10.0,-121.38900375366211,1176.8000030517578,0.0,0.0,Opened,-121.38900375366211,1176.8000030517578,0.0,0.01751125883590536,1298.18900680542,0.0,0.0,0,0.0
2021-10-07,41.252418518066406,0.019509607355729486,118.0999984741211,0.0035689851109461657,0.01594062224478332,0.01594062224478332,0.017639111267870565,0.01640793387043296,1,0,-1.0,10,0.5237170151609453,-3.0,10.0,123.75725555419922,-1180.999984741211,2.3682518005371094,-4.199981689453125,Closed,123.75725555419922,-1180.999984741211,-1.8317298889160156,0.017639111267870565,1304.7572402954102,-1.8317298889160156,-0.0014038855906262635,0,-1.8317298889160156
2021-10-08,40.867332458496094,-0.009334872315465925,122.86000061035156,0.04030484502735643,-0.049639717342822354,0.049639717342822354,0.01723143211862817,0.017973759516813004,0,1,1.0,10,12.980251162745098,130.0,-10.0,-5312.753219604492,1228.6000061035156,0.0,0.0,Opened,-5312.753219604492,1228.6000061035156,0.0,0.017973759516813004,6541.353225708008,0.0,0.0,0,0.0
2021-10-09,40.867332458496094,0.0,122.86000061035156,0.0,0.0,0.0,0.017176770181890698,0.017886981052347206,1,0,-1.0,10,,-130.0,10.0,5312.753219604492,-1228.6000061035156,0.0,0.0,Closed,5312.753219604492,-1228.6000061035156,0.0,0.017886981052347206,6541.353225708008,0.0,0.0,0,0.0
2021-10-10,40.867332458496094,0.0,122.86000061035156,0.0,0.0,0.0,0.017060010781841415,0.017888984905278578,1,0,0.0,10,,0.0,0.0,0.0,0.0,0.0,0.0,,0.0,0.0,0.0,0.017888984905278578,0.0,0.0,0.0,0,0.0
2021-10-11,41.53160858154297,0.016254452715295242,130.24000549316406,0.0600684099474984,-0.04381395723220316,0.04381395723220316,0.017365536471633542,0.021231254944541048,0,1,1.0,10,11.588825890650071,116.0,-10.0,-4817.666595458984,1302.4000549316406,0.0,0.0,Opened,-4817.666595458984,1302.4000549316406,0.0,0.021231254944541048,6120.066650390625,0.0,0.0,0,0.0
2021-10-12,41.637508392333984,0.002549860561819939,126.41999816894531,-0.029330521829709633,0.03188038239152957,0.03188038239152957,0.017376757693938327,0.02187182656921596,1,0,-1.0,10,34.924838325787945,-116.0,10.0,4829.950973510742,-1264.1999816894531,12.284378051757812,38.2000732421875,Closed,4829.950973510742,-1264.1999816894531,50.48445129394531,0.02187182656921596,6094.150955200195,50.48445129394531,0.00828408283041733,0,50.48445129394531
2021-10-13,42.2440299987793,0.014566712319341812,122.29000091552734,-0.03266886025341276,0.04723557257275457,0.04723557257275457,0.01760231044932631,0.022144939963250874,1,1,1.0,10,6.4922920161012,-65.0,10.0,2745.8619499206543,-1222.9000091552734,0.0,0.0,Opened,2745.8619499206543,-1222.9000091552734,0.0,0.022144939963250874,3968.7619590759277,0.0,0.0,0,0.0
2021-10-14,42.494327545166016,0.005925039500112916,122.83000183105469,0.004415740546934499,0.0015092989531784173,0.0015092989531784173,0.017256930822999252,0.022085471540595335,1,1,0.0,10,2.154198876869525,65.0,-10.0,-2762.131290435791,1228.3000183105469,-16.26934051513672,5.4000091552734375,Live,0.0,0.0,0.0,0.022085471540595335,3990.431308746338,-10.869331359863281,-0.002723848756909956,0,0.0
2021-10-15,43.10083770751953,0.014272732324305482,123.19000244140625,0.002930885003540995,0.011341847320764487,0.011341847320764487,0.016361422526033637,0.021370282248034365,1,1,0.0,10,0.5869233807124556,65.0,-10.0,-2801.5544509887695,1231.9000244140625,-55.692501068115234,9.000015258789062,Live,0.0,0.0,0.0,0.021370282248034365,4033.454475402832,-46.69248580932617,-0.01157630167740095,0,0.0
2021-10-16,43.10083770751953,0.0,123.19000244140625,0.0,0.0,0.0,0.014668546378293814,0.020396360162689996,1,1,0.0,10,,65.0,-10.0,-2801.5544509887695,1231.9000244140625,-55.692501068115234,9.000015258789062,Live,0.0,0.0,0.0,0.020396360162689996,4033.454475402832,-46.69248580932617,-0.01157630167740095,0,0.0
2021-10-17,43.10083770751953,0.0,123.19000244140625,0.0,0.0,0.0,0.013794478888468489,0.0198752858291319,1,1,0.0,10,,65.0,-10.0,-2801.5544509887695,1231.9000244140625,-55.692501068115234,9.000015258789062,Live,0.0,0.0,0.0,0.0198752858291319,4033.454475402832,-46.69248580932617,-0.01157630167740095,0,0.0
2021-10-18,43.57256317138672,0.010944693629119095,123.4000015258789,0.0017046763561234801,0.009240017272995615,0.009240017272995615,0.013884007516665622,0.019877007828381817,1,1,0.0,10,0.4411033797353071,65.0,-10.0,-2832.2166061401367,1234.000015258789,-86.35465621948242,11.100006103515625,Live,0.0,0.0,0.0,0.019877007828381817,4066.216621398926,-75.2546501159668,-0.01850728997563255,0,0.0
2021-10-19,42.72537612915039,-0.019443130735826486,123.30000305175781,-0.0008103603961473471,-0.01863277033967914,0.01863277033967914,0.014441162315442839,0.01987797804137515,0,0,-1.0,10,0.12027883261941509,65.0,-10.0,-2777.1494483947754,1233.0000305175781,-31.287498474121094,10.100021362304688,Closed,-2777.1494483947754,1233.0000305175781,-21.187477111816406,0.01987797804137515,4010.1494789123535,-21.187477111816406,-0.005283463178425695,0,-21.187477111816406
2021-10-20,43.05270767211914,0.007661291078615573,123.48999786376953,0.0015409149011291756,0.006120376177486397,0.006120376177486397,0.012509522498560705,0.01759529576089335,1,0,0.0,10,0.5769099173789816,0.0,0.0,0.0,0.0,0.0,0.0,,0.0,0.0,0.0,0.01759529576089335,0.0,0.0,0.0,0,0.0
2021-10-21,42.321041107177734,-0.01699467012652567,122.88999938964844,-0.0048586807393340425,-0.012135989387191626,0.012135989387191626,0.012831431622820473,0.01739903721674848,0,0,0.0,10,0.8301676825503141,0.0,0.0,0.0,0.0,0.0,0.0,,0.0,0.0,0.0,0.01739903721674848,0.0,0.0,0.0,0,0.0
2021-10-22,42.84090042114258,0.012283708064938725,122.5,-0.0031735649083360906,0.015457272973274816,0.015457272973274816,0.012548233691615535,0.01723340624867273,1,0,0.0,10,0.7387464337806497,0.0,0.0,0.0,0.0,0.0,0.0,,0.0,0.0,0.0,0.01723340624867273,0.0,0.0,0.0,0,0.0
2021-10-23,42.84090042114258,0.0,122.5,0.0,0.0,0.0,0.012434755610561635,0.01722493400991304,1,0,0.0,10,,0.0,0.0,0.0,0.0,0.0,0.0,,0.0,0.0,0.0,0.01722493400991304,0.0,0.0,0.0,0,0.0
2021-10-24,42.84090042114258,0.0,122.5,0.0,0.0,0.0,0.012338509132995702,0.017212099622356494,1,0,0.0,10,,0.0,0.0,0.0,0.0,0.0,0.0,,0.0,0.0,0.0,0.017212099622356494,0.0,0.0,0.0,0,0.0
2021-10-25,43.99617004394531,0.02696651124150029,122.05999755859375,-0.003591856664540871,0.03055836790604116,0.03055836790604116,0.013107262438722664,0.017230346948539792,1,1,1.0,10,0.3695325668819036,-4.0,10.0,175.98468017578125,-1220.5999755859375,0.0,0.0,Opened,175.98468017578125,-1220.5999755859375,0.0,0.017230346948539792,1396.5846557617188,0.0,0.0,0,0.0
2021-10-26,43.44742202758789,-0.012472631499726217,122.47000122070312,0.0033590338383593377,-0.015831665338085554,0.015831665338085554,0.013413533277041388,0.017236679590819984,0,0,-1.0,10,0.7591402125561301,4.0,-10.0,-173.78968811035156,1224.7000122070312,2.1949920654296875,4.10003662109375,Closed,-173.78968811035156,1224.7000122070312,6.2950286865234375,0.017236679590819984,1398.4897003173828,6.2950286865234375,0.0045013050043163,0,6.2950286865234375
2021-10-27,41.93595886230469,-0.034788327931711716,122.36000061035156,-0.0008981841206430197,-0.033890143811068696,0.033890143811068696,0.013736152031807319,0.017239326849932603,0,1,1.0,10,0.07533290417565121,1.0,-10.0,-41.93595886230469,1223.6000061035156,0.0,0.0,Opened,-41.93595886230469,1223.6000061035156,0.0,0.017239326849932603,1265.5359649658203,0.0,0.0,0,0.0
2021-10-28,42.3114128112793,0.008953031220948038,121.94000244140625,-0.0034324792975669594,0.012385510518514997,0.012385510518514997,0.013771242545676857,0.017243978559623348,1,0,-1.0,10,1.1049089715832268,-1.0,10.0,42.3114128112793,-1219.4000244140625,0.3754539489746094,4.199981689453125,Closed,42.3114128112793,-1219.4000244140625,4.575435638427734,0.017243978559623348,1261.7114372253418,4.575435638427734,0.0036263724837825666,0,4.575435638427734
2021-10-29,41.993709564208984,-0.00750868916827141,121.2300033569336,-0.005822528048691988,-0.0016861611195794213,0.0016861611195794213,0.01319652681403795,0.01728071872222075,0,0,0.0,10,2.238583713225316,0.0,0.0,0.0,0.0,0.0,0.0,,0.0,0.0,0.0,0.01728071872222075,0.0,0.0,0.0,0,0.0
2021-10-30,41.993709564208984,0.0,121.2300033569336,0.0,0.0,0.0,0.01319966750911572,0.017280067232331758,1,0,0.0,10,,0.0,0.0,0.0,0.0,0.0,0.0,,0.0,0.0,0.0,0.017280067232331758,0.0,0.0,0.0,0,0.0
2021-10-31,41.993709564208984,0.0,121.2300033569336,0.0,0.0,0.0,0.012904283979133636,0.01611327473642547,1,0,0.0,10,,0.0,0.0,0.0,0.0,0.0,0.0,,0.0,0.0,0.0,0.01611327473642547,0.0,0.0,0.0,0,0.0
2021-11-01,42.58096694946289,0.013984413173977472,102.58000183105469,-0.1538398169549522,0.16782423012892966,0.16782423012892966,0.01311732292871768,0.032652358542149956,1,1,1.0,10,26.501575349245844,-266.0,10.0,11326.537208557129,-1025.8000183105469,0.0,0.0,Opened,11326.537208557129,-1025.8000183105469,0.0,0.032652358542149956,12352.337226867676,0.0,0.0,0,0.0
2021-11-02,42.08998107910156,-0.011530641634889482,99.4000015258789,-0.03100019739142834,0.01946955575653886,0.01946955575653886,0.013329320083530886,0.03302731272957722,1,1,0.0,10,6.349194698931997,266.0,-10.0,-11195.934967041016,994.0000152587891,130.60224151611328,-31.800003051757812,Live,0.0,0.0,0.0,0.03302731272957722,12189.934982299805,98.80223846435547,0.008105230963727013,0,0.0
2021-11-03,42.97568893432617,0.021043199177496863,99.3499984741211,-0.0005030488027185642,0.021546247980215427,0.021546247980215427,0.013813218899917764,0.032781707600181835,1,1,0.0,10,0.055264134275275587,266.0,-10.0,-11431.533256530762,993.4999847412109,-104.99604797363281,-32.30003356933594,Live,0.0,0.0,0.0,0.032781707600181835,12425.033241271973,-137.29608154296875,-0.011049956879545016,0,0.0
2021-11-04,42.78314208984375,-0.004480366673741187,97.16999816894531,-0.021942630484726555,0.017462263810985368,0.017462263810985368,0.013822103158595346,0.032903778261417264,1,1,0.0,10,11.12332557545351,266.0,-10.0,-11380.315795898438,971.6999816894531,-53.778587341308594,-54.10003662109375,Live,0.0,0.0,0.0,0.032903778261417264,12352.01577758789,-107.87862396240234,-0.008733685732343595,0,0.0
2021-11-05,43.678466796875,0.020927044235112158,94.43000030517578,-0.02819798204591517,0.04912502628102733,0.04912502628102733,0.013689943282709702,0.03314200586862423,1,1,0.0,10,2.9130822240897856,266.0,-10.0,-11618.47216796875,944.3000030517578,-291.9349594116211,-81.50001525878906,Live,0.0,0.0,0.0,0.03314200586862423,12562.772171020508,-373.43497467041016,-0.029725523123936032,0,0.0
2021-11-06,43.678466796875,0.0,94.43000030517578,0.0,0.0,0.0,0.013319464670177127,0.03311011789009571,1,1,0.0,10,,266.0,-10.0,-11618.47216796875,944.3000030517578,-291.9349594116211,-81.50001525878906,Live,0.0,0.0,0.0,0.03311011789009571,12562.772171020508,-373.43497467041016,-0.029725523123936032,0,0.0
2021-11-07,43.678466796875,0.0,94.43000030517578,0.0,0.0,0.0,0.013153718960675829,0.03192699078647555,1,1,0.0,10,,266.0,-10.0,-11618.47216796875,944.3000030517578,-291.9349594116211,-81.50001525878906,Live,0.0,0.0,0.0,0.03192699078647555,12562.772171020508,-373.43497467041016,-0.029725523123936032,0,0.0
2021-11-08,44.91075134277344,0.028212632820403982,94.36000061035156,-0.0007412866101662585,0.02895391943057024,0.02895391943057024,0.013966730525626346,0.03192071052130828,1,1,0.0,10,0.055205221044746865,266.0,-10.0,-11946.259857177734,943.6000061035156,-619.7226486206055,-82.20001220703125,Live,0.0,0.0,0.0,0.03192071052130828,12889.85986328125,-701.9226608276367,-0.05445541443217482,1,-701.9226608276367
2021-11-09,44.573795318603516,-0.007502791961732425,91.9800033569336,-0.0252225226581535,0.017719730696421077,0.017719730696421077,0.014093425129250972,0.032028548230351506,1,1,0.0,10,6.93712344889965,266.0,-10.0,-11856.629554748535,919.8000335693359,-530.0923461914062,-105.99998474121094,Live,0.0,0.0,0.0,0.032028548230351506,12776.429588317871,-636.0923309326172,-0.04978639192863617,1,0.0
2021-11-10,43.389652252197266,-0.026565901735363995,92.19000244140625,0.002283094985958467,-0.028848996721322462,0.028848996721322462,0.014852092281255114,0.029353261828487073,0,0,-1.0,10,0.18259844524692415,266.0,-10.0,-11541.647499084473,921.9000244140625,-215.11029052734375,-103.89999389648438,Closed,-11541.647499084473,921.9000244140625,-319.0102844238281,0.029353261828487073,12463.547523498535,-319.0102844238281,-0.0255954641984854,0,0.0
2021-11-11,45.25732421875,0.04304417919040038,93.62999725341797,0.015619858703517675,0.027424320486882703,0.027424320486882703,0.016673024243676983,0.02953166870005909,1,0,0.0,10,0.7507387063365983,0.0,0.0,0.0,0.0,0.0,0.0,,0.0,0.0,0.0,0.02953166870005909,0.0,0.0,0.0,0,0.0
2021-11-12,45.546138763427734,0.006381608936528282,93.4000015258789,-0.0024564320654262284,0.00883804100195451,0.00883804100195451,0.01654226601042414,0.02922773310793337,1,0,0.0,10,0.7893505011564773,0.0,0.0,0.0,0.0,0.0,0.0,,0.0,0.0,0.0,0.02922773310793337,0.0,0.0,0.0,0,0.0
2021-11-13,45.546138763427734,0.0,93.4000015258789,0.0,0.0,0.0,0.01653710863617141,0.02917157422280379,1,0,0.0,10,,0.0,0.0,0.0,0.0,0.0,0.0,,0.0,0.0,0.0,0.02917157422280379,0.0,0.0,0.0,0,0.0
2021-11-14,45.546138763427734,0.0,93.4000015258789,0.0,0.0,0.0,0.016389790099636717,0.029136390400862404,1,0,0.0,10,,0.0,0.0,0.0,0.0,0.0,0.0,,0.0,0.0,0.0,0.029136390400862404,0.0,0.0,0.0,0,0.0
2021-11-15,44.53528594970703,-0.022194039740035865,92.36000061035156,-0.011134913260565482,-0.011059126479470383,0.011059126479470383,0.01697234518882923,0.029092198031978694,0,0,0.0,10,1.0404714332767455,0.0,0.0,0.0,0.0,0.0,0.0,,0.0,0.0,0.0,0.029092198031978694,0.0,0.0,0.0,0,0.0
2021-11-16,43.68809509277344,-0.019022912705451422,92.01000213623047,-0.003789502726376792,-0.01523340997907463,0.01523340997907463,0.017370591994315954,0.029059514595742054,0,0,0.0,10,0.41954363901623315,0.0,0.0,0.0,0.0,0.0,0.0,,0.0,0.0,0.0,0.029059514595742054,0.0,0.0,0.0,0,0.0
2021-11-17,43.00456237792969,-0.015645743157083003,92.76000213623047,0.008151287714237343,-0.023797030871320346,0.023797030871320346,0.017502265058196815,0.029166801276095316,0,0,0.0,10,1.1237669193187452,0.0,0.0,0.0,0.0,0.0,0.0,,0.0,0.0,0.0,0.029166801276095316,0.0,0.0,0.0,0,0.0
2021-11-18,43.02383041381836,0.0004480463193496931,92.01000213623047,-0.008085381443809436,0.00853342776315913,0.00853342776315913,0.017124344982231983,0.029126445362415383,1,0,0.0,10,38.592558147487786,0.0,0.0,0.0,0.0,0.0,0.0,,0.0,0.0,0.0,0.029126445362415383,0.0,0.0,0.0,0,0.0
2021-11-19,42.28253173828125,-0.017229955315624768,92.77999877929688,0.008368618902174774,-0.02559857421779954,0.02559857421779954,0.017360438347395157,0.02924018876331391,0,0,0.0,10,1.0657688405532706,0.0,0.0,0.0,0.0,0.0,0.0,,0.0,0.0,0.0,0.02924018876331391,0.0,0.0,0.0,0,0.0
2021-11-20,42.28253173828125,0.0,92.77999877929688,0.0,0.0,0.0,0.01707713407073152,0.02927752320389325,1,0,0.0,10,,0.0,0.0,0.0,0.0,0.0,0.0,,0.0,0.0,0.0,0.02927752320389325,0.0,0.0,0.0,0,0.0
2021-11-21,42.28253173828125,0.0,92.77999877929688,0.0,0.0,0.0,0.016921738681023736,0.0293045300175403,1,0,0.0,10,,0.0,0.0,0.0,0.0,0.0,0.0,,0.0,0.0,0.0,0.0293045300175403,0.0,0.0,0.0,0,0.0
2021-11-22,43.00456237792969,0.017076334125819104,93.38999938964844,0.006574699486713964,0.01050163463910514,0.01050163463910514,0.01721678977980834,0.02939676097487903,1,0,0.0,10,0.8361170954290507,0.0,0.0,0.0,0.0,0.0,0.0,,0.0,0.0,0.0,0.02939676097487903,0.0,0.0,0.0,0,0.0
2021-11-23,43.14897537231445,0.0033580854309280816,93.98999786376953,0.006424654438830668,-0.0030665690079025865,0.0030665690079025865,0.017225888955906408,0.029484416859193174,0,0,0.0,10,4.167438362627385,0.0,0.0,0.0,0.0,0.0,0.0,,0.0,0.0,0.0,0.029484416859193174,0.0,0.0,0.0,0,0.0
2021-11-24,42.937171936035156,-0.004908655059633116,94.33000183105469,0.0036174483989026562,-0.008526103458535772,0.008526103458535772,0.01649720855760428,0.029553658115920263,0,0,0.0,10,1.619034998904135,0.0,0.0,0.0,0.0,0.0,0.0,,0.0,0.0,0.0,0.029553658115920263,0.0,0.0,0.0,0,0.0
2021-11-25,42.937171936035156,0.0,94.33000183105469,0.0,0.0,0.0,0.016346261692246393,0.029515128366677877,1,0,0.0,10,,0.0,0.0,0.0,0.0,0.0,0.0,,0.0,0.0,0.0,0.029515128366677877,0.0,0.0,0.0,0,0.0
2021-11-26,41.300559997558594,-0.038116435356168155,94.44000244140625,0.0011661253918830994,-0.039282560748051254,0.039282560748051254,0.01659799506695259,0.029535140242808507,0,1,1.0,10,0.0699572972750762,1.0,-10.0,-41.300559997558594,944.4000244140625,0.0,0.0,Opened,-41.300559997558594,944.4000244140625,0.0,0.029535140242808507,985.7005844116211,0.0,0.0,0,0.0
2021-11-27,41.300559997558594,0.0,94.44000244140625,0.0,0.0,0.0,0.016504701404262676,0.02956061139523628,1,0,-1.0,10,,-1.0,10.0,41.300559997558594,-944.4000244140625,0.0,0.0,Closed,41.300559997558594,-944.4000244140625,0.0,0.02956061139523628,985.7005844116211,0.0,0.0,0,0.0
2021-11-28,41.300559997558594,0.0,94.44000244140625,0.0,0.0,0.0,0.016454343455953084,0.029594615712698065,1,0,0.0,10,,0.0,0.0,0.0,0.0,0.0,0.0,,0.0,0.0,0.0,0.029594615712698065,0.0,0.0,0.0,0,0.0
2021-11-29,40.98285675048828,-0.007692468264088759,94.70999908447266,0.0028589224490322973,-0.010551390713121056,0.010551390713121056,0.01650735943508874,0.02962526426668542,0,0,0.0,10,0.858875602157023,0.0,0.0,0.0,0.0,0.0,0.0,,0.0,0.0,0.0,0.02962526426668542,0.0,0.0,0.0,0,0.0
2021-11-30,39.64468765258789,-0.03265192336511402,94.97000122070312,0.002745244839444716,-0.03539716820455874,0.03539716820455874,0.017507108395842592,0.029654184744106783,0,1,1.0,10,0.2014066279485165,3.0,-10.0,-118.93406295776367,949.7000122070312,0.0,0.0,Opened,-118.93406295776367,949.7000122070312,0.0,0.029654184744106783,1068.634075164795,0.0,0.0,0,0.0
2021-12-01,38.778236389160156,-0.02185541909222677,103.16999816894531,0.0863430224580708,-0.10819844155029756,0.10819844155029756,0.01761753936059991,0.019507473345169057,0,1,0.0,10,10.510744458465288,-3.0,10.0,116.33470916748047,-1031.6999816894531,-2.599353790283203,-81.99996948242188,Live,0.0,0.0,0.0,0.019507473345169057,1148.0346908569336,-84.59932327270508,-0.07369056348772628,1,-84.59932327270508
2021-12-02,39.683189392089844,0.023336620929533813,101.81999969482422,-0.013085184628097157,0.03642180555763097,0.03642180555763097,0.018174187794798975,0.018774508957370612,1,0,-1.0,10,1.4386939082050971,-3.0,10.0,119.04956817626953,-1018.1999969482422,0.11550521850585938,-68.49998474121094,Closed,119.04956817626953,-1018.1999969482422,-68.38447952270508,0.018774508957370612,1137.2495651245117,-68.38447952270508,-0.06013146245100389,1,0.0
2021-12-03,39.3847541809082,-0.007520444191946085,101.48999786376953,-0.003241031546295181,-0.004279412645650904,0.004279412645650904,0.01767754628043532,0.01878854851949989,0,0,0.0,10,1.1105416974890232,0.0,0.0,0.0,0.0,0.0,0.0,,0.0,0.0,0.0,0.01878854851949989,0.0,0.0,0.0,0,0.0
2021-12-04,39.3847541809082,0.0,101.48999786376953,0.0,0.0,0.0,0.01768137872799042,0.018290133229649994,1,0,0.0,10,,0.0,0.0,0.0,0.0,0.0,0.0,,0.0,0.0,0.0,0.018290133229649994,0.0,0.0,0.0,0,0.0
2021-12-05,39.3847541809082,0.0,101.48999786376953,0.0,0.0,0.0,0.017125070560210752,0.01740897775412418,1,0,0.0,10,,0.0,0.0,0.0,0.0,0.0,0.0,,0.0,0.0,0.0,0.01740897775412418,0.0,0.0,0.0,0,0.0
2021-12-06,39.86610794067383,0.012221829735298062,103.73999786376953,0.02216967235549827,-0.009947842620200209,0.009947842620200209,0.017350217504775355,0.01776406798108123,0,0,0.0,10,4.720254793712642,0.0,0.0,0.0,0.0,0.0,0.0,,0.0,0.0,0.0,0.01776406798108123,0.0,0.0,0.0,0,0.0
2021-12-07,40.75181198120117,0.022216967902795703,108.04000091552734,0.04144980856279301,-0.019232840659997308,0.019232840659997308,0.017942066364390625,0.019064091316516284,0,1,1.0,10,4.946242409329407,50.0,-10.0,-2037.5905990600586,1080.4000091552734,0.0,0.0,Opened,-2037.5905990600586,1080.4000091552734,0.0,0.019064091316516284,3117.990608215332,0.0,0.0,0,0.0
2021-12-08,41.26205062866211,0.012520637062624518,106.7699966430664,-0.011754945036088205,0.024275582098712722,0.024275582098712722,0.017241318957780093,0.01927669637246838,1,0,-1.0,10,2.4293640332743984,-50.0,10.0,2063.1025314331055,-1067.699966430664,25.511932373046875,12.700042724609375,Closed,2063.1025314331055,-1067.699966430664,38.21197509765625,0.01927669637246838,3130.8024978637695,38.21197509765625,0.01220516948090124,0,38.21197509765625
2021-12-09,40.82882308959961,-0.010499418532571969,106.48999786376953,-0.002622448141802569,-0.0078769703907694,0.0078769703907694,0.01727888233023862,0.01850950485715924,0,0,0.0,10,0.6514537940618061,0.0,0.0,0.0,0.0,0.0,0.0,,0.0,0.0,0.0,0.01850950485715924,0.0,0.0,0.0,0,0.0
2021-12-10,40.82882308959961,0.0,105.0,-0.01399190434462827,0.01399190434462827,0.01399190434462827,0.01668830787494204,0.01882924343813019,1,0,0.0,10,inf,0.0,0.0,0.0,0.0,0.0,0.0,,0.0,0.0,0.0,0.01882924343813019,0.0,0.0,0.0,0,0.0
2021-12-11,40.82882308959961,0.0,105.0,0.0,0.0,0.0,0.014382850861585266,0.018727150749283047,1,0,0.0,10,,0.0,0.0,0.0,0.0,0.0,0.0,,0.0,0.0,0.0,0.018727150749283047,0.0,0.0,0.0,0,0.0
2021-12-12,40.82882308959961,0.0,105.0,0.0,0.0,0.0,0.014281159315717514,0.018703346821706282,1,0,0.0,10,,0.0,0.0,0.0,0.0,0.0,0.0,,0.0,0.0,0.0,0.018703346821706282,0.0,0.0,0.0,0,0.0
2021-12-13,40.231937408447266,-0.01461922328357268,108.51000213623047,0.03342859177362345,-0.04804781505719613,0.04804781505719613,0.014405132497813274,0.019433893440056308,0,1,1.0,10,6.167264965850293,62.0,-10.0,-2494.3801193237305,1085.1000213623047,0.0,0.0,Opened,-2494.3801193237305,1085.1000213623047,0.0,0.019433893440056308,3579.480140686035,0.0,0.0,0,0.0
2021-12-14,40.1741828918457,-0.0014355390349517494,107.04000091552734,-0.013547149495560684,0.012111610460608935,0.012111610460608935,0.014393677642198533,0.01971393743416524,1,0,-1.0,10,25.143861100280656,-62.0,10.0,2490.7993392944336,-1070.4000091552734,-3.580780029296875,14.70001220703125,Closed,2490.7993392944336,-1070.4000091552734,11.119232177734375,0.01971393743416524,3561.199348449707,11.119232177734375,0.00312232792656634,0,11.119232177734375
2021-12-15,40.0297737121582,-0.003594576648298431,109.22000122070312,0.020366220913022648,-0.02396079756132108,0.02396079756132108,0.013980917452316166,0.019678408654939288,0,1,1.0,10,15.459012331753025,155.0,-10.0,-6204.6149253845215,1092.2000122070312,0.0,0.0,Opened,-6204.6149253845215,1092.2000122070312,0.0,0.019678408654939288,7296.814937591553,0.0,0.0,0,0.0
2021-12-16,40.886592864990234,0.021404546500641164,111.19000244140625,0.01803700053731272,0.0033675459633284444,0.0033675459633284444,0.014371399825413373,0.01971566722346295,1,0,-1.0,10,2.291622646473053,-155.0,10.0,6337.421894073486,-1111.9000244140625,132.80696868896484,-19.70001220703125,Closed,6337.421894073486,-1111.9000244140625,113.1069564819336,0.01971566722346295,7449.321918487549,113.1069564819336,0.015183523778349202,0,113.1069564819336
2021-12-17,41.42571258544922,0.01318573357871089,111.63999938964844,0.004047099004960586,0.009138634573750304,0.009138634573750304,0.014398747311524606,0.019718142454319937,1,0,0.0,10,0.8271597057544591,0.0,0.0,0.0,0.0,0.0,0.0,,0.0,0.0,0.0,0.019718142454319937,0.0,0.0,0.0,0,0.0
2021-12-18,41.42571258544922,0.0,111.63999938964844,0.0,0.0,0.0,0.014397270071678292,0.01956835738069531,1,0,0.0,10,,0.0,0.0,0.0,0.0,0.0,0.0,,0.0,0.0,0.0,0.01956835738069531,0.0,0.0,0.0,0,0.0
2021-12-19,41.42571258544922,0.0,111.63999938964844,0.0,0.0,0.0,0.014074151408279601,0.01960256044328275,1,0,0.0,10,,0.0,0.0,0.0,0.0,0.0,0.0,,0.0,0.0,0.0,0.01960256044328275,0.0,0.0,0.0,0,0.0
2021-12-20,40.50260925292969,-0.022283342274811546,113.79000091552734,0.019258344120684834,-0.04154168639549638,0.04154168639549638,0.014619613618525715,0.019701975379334467,0,1,1.0,10,2.4280616541872813,25.0,-10.0,-1012.5652313232422,1137.9000091552734,0.0,0.0,Opened,-1012.5652313232422,1137.9000091552734,0.0,0.019701975379334467,2150.4652404785156,0.0,0.0,0,0.0
2021-12-21,42.12308883666992,0.040009263937063944,113.63999938964844,-0.0013182311685739911,0.041327495105637935,0.041327495105637935,0.016454694593306222,0.0197196066329372,1,0,-1.0,10,0.08888777333275595,-25.0,10.0,1053.077220916748,-1136.3999938964844,40.51198959350586,1.5000152587890625,Closed,1053.077220916748,-1136.3999938964844,42.01200485229492,0.0197196066329372,2189.4772148132324,42.01200485229492,0.01918814435156323,0,42.01200485229492
2021-12-22,42.74042892456055,0.014655622484958997,112.54000091552734,-0.009679676874596144,0.02433529935955514,0.02433529935955514,0.016373830706575804,0.019952602237827938,1,1,1.0,10,1.7391002946042946,-18.0,10.0,769.3277206420898,-1125.4000091552734,0.0,0.0,Opened,769.3277206420898,-1125.4000091552734,0.0,0.019952602237827938,1894.7277297973633,0.0,0.0,0,0.0
2021-12-23,42.79830551147461,0.0013541414620854564,112.54000091552734,0.0,0.0013541414620854564,0.0013541414620854564,0.016363424010569817,0.0199870258878883,1,1,0.0,10,0.0,18.0,-10.0,-770.369499206543,1125.4000091552734,-1.041778564453125,0.0,Live,0.0,0.0,0.0,0.0199870258878883,1895.7695083618164,-1.041778564453125,-0.0005495280728264022,0,0.0
2021-12-24,42.79830551147461,0.0,112.54000091552734,0.0,0.0,0.0,0.016338644342036544,0.02001408873703709,1,1,0.0,10,,18.0,-10.0,-770.369499206543,1125.4000091552734,-1.041778564453125,0.0,Live,0.0,0.0,0.0,0.02001408873703709,1895.7695083618164,-1.041778564453125,-0.0005495280728264022,0,0.0
2021-12-25,42.79830551147461,0.0,112.54000091552734,0.0,0.0,0.0,0.016338644342036544,0.02001408873703709,1,1,0.0,10,,18.0,-10.0,-770.369499206543,1125.4000091552734,-1.041778564453125,0.0,Live,0.0,0.0,0.0,0.02001408873703709,1895.7695083618164,-1.041778564453125,-0.0005495280728264022,0,0.0
2021-12-26,42.79830551147461,0.0,112.54000091552734,0.0,0.0,0.0,0.014667203240160704,0.020025106172653438,1,1,0.0,10,,18.0,-10.0,-770.369499206543,1125.4000091552734,-1.041778564453125,0.0,Live,0.0,0.0,0.0,0.020025106172653438,1895.7695083618164,-1.041778564453125,-0.0005495280728264022,0,0.0
2021-12-27,43.74359893798828,0.022087169461889822,112.98999786376953,0.003998551133653772,0.01808861832823605,0.01808861832823605,0.01514663652634648,0.019996744737857865,1,1,0.0,10,0.46761461923363923,18.0,-10.0,-787.3847808837891,1129.8999786376953,-18.05706024169922,4.499969482421875,Live,0.0,0.0,0.0,0.019996744737857865,1917.2847595214844,-13.557090759277344,-0.007070984470069496,0,0.0
2021-12-28,43.415626525878906,-0.007497609251911674,112.29000091552734,-0.006195211624715369,-0.0013023976271963056,0.0013023976271963056,0.015242802796543997,0.02009453852676237,0,0,-1.0,10,2.1371172810326806,18.0,-10.0,-781.4812774658203,1122.9000091552734,-12.153556823730469,-2.5,Closed,-781.4812774658203,1122.9000091552734,-14.653556823730469,0.02009453852676237,1904.3812866210938,-14.653556823730469,-0.007694654913213302,0,-14.653556823730469
2021-12-29,43.15520477294922,-0.005998341467546409,112.33999633789062,0.0004452348557810737,-0.006443576323327482,0.006443576323327482,0.015209608843731714,0.020112271715315586,0,0,0.0,10,0.19322316641965415,0.0,0.0,0.0,0.0,0.0,0.0,,0.0,0.0,0.0,0.020112271715315586,0.0,0.0,0.0,0,0.0
2021-12-30,42.90440368652344,-0.005811606913819767,112.23999786376953,-0.000890141333281913,-0.004921465580537854,0.004921465580537854,0.013838685076136092,0.020142833167871323,0,0,0.0,10,0.4006900107152239,0.0,0.0,0.0,0.0,0.0,0.0,,0.0,0.0,0.0,0.020142833167871323,0.0,0.0,0.0,0,0.0
2021-12-31,43.19377517700195,0.006744563858590791,112.5,0.0023164837952514006,0.00442808006333939,0.00442808006333939,0.01304926917546568,0.01319809702533492,1,0,0.0,10,0.8945543964644517,0.0,0.0,0.0,0.0,0.0,0.0,,0.0,0.0,0.0,0.01319809702533492,0.0,0.0,0.0,0,0.0
2022-01-01,43.19377517700195,0.0,112.5,0.0,0.0,0.0,0.01252218105499692,0.012861018724793836,1,0,0.0,10,,0.0,0.0,0.0,0.0,0.0,0.0,,0.0,0.0,0.0,0.012861018724793836,0.0,0.0,0.0,0,0.0
2022-01-02,43.19377517700195,0.0,112.5,0.0,0.0,0.0,0.012380761300680835,0.012816765879814083,1,0,0.0,10,,0.0,0.0,0.0,0.0,0.0,0.0,,0.0,0.0,0.0,0.012816765879814083,0.0,0.0,0.0,0,0.0
2022-01-03,43.926856994628906,0.016971932057869177,120.4000015258789,0.07022223578559017,-0.05325030372772099,0.05325030372772099,0.012617112158753968,0.017652418104238583,0,1,1.0,10,11.340696562755399,114.0,-10.0,-5007.661697387695,1204.000015258789,0.0,0.0,Opened,-5007.661697387695,1204.000015258789,0.0,0.017652418104238583,6211.661712646484,0.0,0.0,0,0.0
2022-01-04,44.553836822509766,0.014273268582760679,120.91000366210938,0.004235898087765699,0.01003737049499498,0.01003737049499498,0.012740466480717213,0.017620858692172645,1,0,-1.0,10,0.8053769374640974,-114.0,10.0,5079.137397766113,-1209.1000366210938,71.47570037841797,-5.1000213623046875,Closed,5079.137397766113,-1209.1000366210938,66.37567901611328,0.017620858692172645,6288.237434387207,66.37567901611328,0.010555530020723786,0,66.37567901611328
2022-01-05,44.61170959472656,0.0012989402561971453,124.13999938964844,0.02671404871151517,-0.025415108455318025,0.025415108455318025,0.012659038032914993,0.01778344614273376,0,1,1.0,10,57.22863792114647,573.0,-10.0,-25562.50959777832,1241.3999938964844,0.0,0.0,Opened,-25562.50959777832,1241.3999938964844,0.0,0.01778344614273376,26803.909591674805,0.0,0.0,0,0.0
2022-01-06,43.9557991027832,-0.014702653135285626,125.94000244140625,0.014499782991846066,-0.029202436127131692,0.029202436127131692,0.012604643430825579,0.016578700083681206,0,1,0.0,10,2.8256170898535014,-573.0,10.0,25186.672885894775,-1259.4000244140625,-375.8367118835449,-18.000030517578125,Live,0.0,0.0,0.0,0.016578700083681206,26446.072910308838,-393.83674240112305,-0.014892068994016995,0,0.0
2022-01-07,44.438087463378906,0.010972121322785133,126.20999908447266,0.00214385134057804,0.008828269982207093,0.008828269982207093,0.012565736179831654,0.01627852586167079,1,0,-1.0,10,0.5549354515193615,-573.0,10.0,25463.024116516113,-1262.0999908447266,-99.48548126220703,-20.699996948242188,Closed,25463.024116516113,-1262.0999908447266,-120.18547821044922,0.01627852586167079,26725.12410736084,-120.18547821044922,-0.004497097103371236,0,-120.18547821044922
2022-01-08,44.438087463378906,0.0,126.20999908447266,0.0,0.0,0.0,0.012333811300898702,0.016239200567032833,1,0,0.0,10,,0.0,0.0,0.0,0.0,0.0,0.0,,0.0,0.0,0.0,0.016239200567032833,0.0,0.0,0.0,0,0.0
2022-01-09,44.438087463378906,0.0,126.20999908447266,0.0,0.0,0.0,0.012333811300898702,0.015847274593203457,1,0,0.0,10,,0.0,0.0,0.0,0.0,0.0,0.0,,0.0,0.0,0.0,0.015847274593203457,0.0,0.0,0.0,0,0.0
2022-01-10,44.07154846191406,-0.008248307305459668,124.4800033569336,-0.013707279455577592,0.0054589721501179245,0.0054589721501179245,0.01249162339514466,0.016227315692743847,1,0,0.0,10,4.693833882077759,0.0,0.0,0.0,0.0,0.0,0.0,,0.0,0.0,0.0,0.016227315692743847,0.0,0.0,0.0,0,0.0
2022-01-11,44.84320831298828,0.01750925206862375,126.75,0.018235833723087458,-0.0007265816544637094,0.0007265816544637094,0.012770644412440406,0.016343211054239595,0,0,0.0,10,2.943806906748101,0.0,0.0,0.0,0.0,0.0,0.0,,0.0,0.0,0.0,0.016343211054239595,0.0,0.0,0.0,0,0.0
2022-01-12,45.856014251708984,0.022585492359326942,128.66000366210938,0.015069062422953694,0.007516429936373248,0.007516429936373248,0.012786093378364337,0.015624954009442521,1,0,0.0,10,1.8719917270994326,0.0,0.0,0.0,0.0,0.0,0.0,,0.0,0.0,0.0,0.015624954009442521,0.0,0.0,0.0,0,0.0
2022-01-13,45.1132926940918,-0.01619681888487523,127.83999633789062,-0.006373443967655046,-0.009823374917220185,0.009823374917220185,0.013294294994317323,0.015371358375501402,0,0,0.0,10,1.1150816511736004,0.0,0.0,0.0,0.0,0.0,0.0,,0.0,0.0,0.0,0.015371358375501402,0.0,0.0,0.0,0,0.0
2022-01-14,45.31585693359375,0.004490123141210667,126.23999786376953,-0.012515632978369107,0.017005756119579774,0.017005756119579774,0.013217653462336795,0.01548704256829691,1,1,1.0,10,7.7649980105769725,-78.0,10.0,3534.6368408203125,-1262.3999786376953,0.0,0.0,Opened,3534.6368408203125,-1262.3999786376953,0.0,0.01548704256829691,4797.036819458008,0.0,0.0,0,0.0
2022-01-15,45.31585693359375,0.0,126.23999786376953,0.0,0.0,0.0,0.012830463273233955,0.015310631068218478,1,1,0.0,10,,78.0,-10.0,-3534.6368408203125,1262.3999786376953,0.0,0.0,Live,0.0,0.0,0.0,0.015310631068218478,4797.036819458008,0.0,0.0,0,0.0
2022-01-16,45.31585693359375,0.0,126.23999786376953,0.0,0.0,0.0,0.012713005357723796,0.015331209894985025,1,1,0.0,10,,78.0,-10.0,-3534.6368408203125,1262.3999786376953,0.0,0.0,Live,0.0,0.0,0.0,0.015331209894985025,4797.036819458008,0.0,0.0,0,0.0
2022-01-17,45.31585693359375,0.0,126.23999786376953,0.0,0.0,0.0,0.012713005357723796,0.015331209894985025,1,1,0.0,10,,78.0,-10.0,-3534.6368408203125,1262.3999786376953,0.0,0.0,Live,0.0,0.0,0.0,0.015331209894985025,4797.036819458008,0.0,0.0,0,0.0
2022-01-18,44.57312774658203,-0.016390050575455728,127.4800033569336,0.009822603882663206,-0.026212654458118934,0.026212654458118934,0.013192778281084025,0.015342964723099706,0,0,-1.0,10,1.7140176629338353,78.0,-10.0,-3476.7039642333984,1274.800033569336,57.93287658691406,12.400054931640625,Closed,-3476.7039642333984,1274.800033569336,70.33293151855469,0.015342964723099706,4751.503997802734,70.33293151855469,0.014802246099567453,0,70.33293151855469
2022-01-19,44.544189453125,-0.0006492318336186464,127.41000366210938,-0.0005491033337066131,-0.00010012849991203332,0.00010012849991203332,0.01235446002037386,0.015112327246726417,0,0,0.0,10,2.4191719683127295,0.0,0.0,0.0,0.0,0.0,0.0,,0.0,0.0,0.0,0.015112327246726417,0.0,0.0,0.0,0,0.0
2022-01-20,42.9236946105957,-0.03637948882725961,129.08999633789062,0.013185720331949646,-0.049565209159209256,0.049565209159209256,0.01238864196103768,0.015172094267443932,0,1,1.0,10,1.0900408152225078,11.0,-10.0,-472.16064071655273,1290.8999633789062,0.0,0.0,Opened,-472.16064071655273,1290.8999633789062,0.0,0.015172094267443932,1763.060604095459,0.0,0.0,0,0.0
2022-01-21,40.77268981933594,-0.05011229370569581,129.49000549316406,0.0030986843800540065,-0.053210978085749816,0.053210978085749816,0.015198084333552376,0.01494179980716878,0,1,0.0,10,0.1963812172015286,-11.0,10.0,448.4995880126953,-1294.9000549316406,-23.661052703857422,-4.000091552734375,Live,0.0,0.0,0.0,0.015198084333552376,1743.399642944336,-27.661144256591797,-0.01586620966026834,1,-27.661144256591797
2022-01-22,40.77268981933594,0.0,129.49000549316406,0.0,0.0,0.0,0.01519145792352862,0.01494179980716878,1,0,-1.0,10,,-11.0,10.0,448.4995880126953,-1294.9000549316406,-23.661052703857422,-4.000091552734375,Closed,448.4995880126953,-1294.9000549316406,-27.661144256591797,0.01519145792352862,1743.399642944336,-27.661144256591797,-0.01586620966026834,1,0.0
2022-01-23,40.77268981933594,0.0,129.49000549316406,0.0,0.0,0.0,0.01519145792352862,0.01494179980716878,1,0,0.0,10,,0.0,0.0,0.0,0.0,0.0,0.0,,0.0,0.0,0.0,0.01519145792352862,0.0,0.0,0.0,0,0.0
2022-01-24,41.14887237548828,0.009226336496787724,128.74000549316406,-0.005791952800863753,0.015018289297651477,0.015018289297651477,0.015315792095305786,0.01504292884915379,1,0,0.0,10,1.9640444346095955,0.0,0.0,0.0,0.0,0.0,0.0,,0.0,0.0,0.0,0.015315792095305786,0.0,0.0,0.0,0,0.0
2022-01-25,41.283912658691406,0.003281749302164849,129.94000244140625,0.00932108821687061,-0.006039338914705761,0.006039338914705761,0.015336322012543622,0.015040927768172105,0,0,0.0,10,8.939706006350075,0.0,0.0,0.0,0.0,0.0,0.0,,0.0,0.0,0.0,0.015336322012543622,0.0,0.0,0.0,0,0.0
2022-01-26,40.193946838378906,-0.026401708319742645,129.39999389648438,-0.00415582988129759,-0.022245878438445055,0.022245878438445055,0.01536510715525113,0.015131367697831662,0,1,1.0,10,0.5067565079295208,6.0,-10.0,-241.16368103027344,1293.9999389648438,0.0,0.0,Opened,-241.16368103027344,1293.9999389648438,0.0,0.01536510715525113,1535.1636199951172,0.0,0.0,0,0.0
2022-01-27,39.56696319580078,-0.01559895685535051,129.9600067138672,0.004327765408016937,-0.019926722263367447,0.019926722263367447,0.015522696156264414,0.014992920965011291,0,1,0.0,10,0.9112659868940918,-6.0,10.0,237.4017791748047,-1299.6000671386719,-3.76190185546875,-5.600128173828125,Live,0.0,0.0,0.0,0.015522696156264414,1537.0018463134766,-9.362030029296875,-0.006091098752907717,0,0.0
2022-01-28,39.904571533203125,0.008532581480455326,130.80999755859375,0.00654040320725735,0.0019921782731979754,0.0019921782731979754,0.01565115795733912,0.014970512977503802,1,0,-1.0,10,2.5127099769653545,-6.0,10.0,239.42742919921875,-1308.0999755859375,-1.7362518310546875,-14.10003662109375,Closed,239.42742919921875,-1308.0999755859375,-15.836288452148438,0.01565115795733912,1547.5274047851562,-15.836288452148438,-0.01023328465989072,0,-15.836288452148438
2022-01-29,39.904571533203125,0.0,130.80999755859375,0.0,0.0,0.0,0.015644551675661665,0.014958920880459982,1,0,0.0,10,,0.0,0.0,0.0,0.0,0.0,0.0,,0.0,0.0,0.0,0.015644551675661665,0.0,0.0,0.0,0,0.0
2022-01-30,39.904571533203125,0.0,130.80999755859375,0.0,0.0,0.0,0.015558422139804424,0.01498039573888646,1,0,0.0,10,,0.0,0.0,0.0,0.0,0.0,0.0,,0.0,0.0,0.0,0.015558422139804424,0.0,0.0,0.0,0,0.0
2022-01-31,40.2421760559082,0.008460296896664277,131.14999389648438,0.002599161717271148,0.005861135179393129,0.005861135179393129,0.01568182121940381,0.014957116941407764,1,0,0.0,10,1.0012315256498767,0.0,0.0,0.0,0.0,0.0,0.0,,0.0,0.0,0.0,0.01568182121940381,0.0,0.0,0.0,0,0.0
2022-02-01,42.08451461791992,0.04578128576973994,138.7899932861328,0.05825390579643197,-0.012472620026692027,0.012472620026692027,0.01796783901792549,0.017771267567402157,0,0,0.0,10,4.196361516769465,0.0,0.0,0.0,0.0,0.0,0.0,,0.0,0.0,0.0,0.01796783901792549,0.0,0.0,0.0,0,0.0
2022-02-02,42.62468719482422,0.012835423713649874,139.97999572753906,0.00857412276800762,0.004261300945642255,0.004261300945642255,0.017842908784745728,0.013207547945512129,1,0,0.0,10,2.193735477514078,0.0,0.0,0.0,0.0,0.0,0.0,,0.0,0.0,0.0,0.017842908784745728,0.0,0.0,0.0,0,0.0
2022-02-03,42.267784118652344,-0.008373154142822914,145.9499969482422,0.04264895987226125,-0.05102211401508416,0.05102211401508416,0.017659229657199963,0.014875783053910617,0,1,1.0,10,17.587899177178894,176.0,-10.0,-7439.1300048828125,1459.4999694824219,0.0,0.0,Opened,-7439.1300048828125,1459.4999694824219,0.0,0.017659229657199963,8898.629974365234,0.0,0.0,0,0.0
2022-02-04,42.692195892333984,0.010041022554914347,145.4499969482422,-0.0034258308355930023,0.01346685339050735,0.01346685339050735,0.01778047314475811,0.014468595777401188,1,0,-1.0,10,1.1623935579943152,-176.0,10.0,7513.826477050781,-1454.4999694824219,74.69647216796875,5.0,Closed,7513.826477050781,-1454.4999694824219,79.69647216796875,0.01778047314475811,8968.326446533203,79.69647216796875,0.008886437468918878,0,79.69647216796875
2022-02-05,42.692195892333984,0.0,145.4499969482422,0.0,0.0,0.0,0.017600347880019428,0.014395906931675475,1,0,0.0,10,,0.0,0.0,0.0,0.0,0.0,0.0,,0.0,0.0,0.0,0.017600347880019428,0.0,0.0,0.0,0,0.0
2022-02-06,42.692195892333984,0.0,145.4499969482422,0.0,0.0,0.0,0.017460275475906967,0.014415419871610794,1,0,0.0,10,,0.0,0.0,0.0,0.0,0.0,0.0,,0.0,0.0,0.0,0.017460275475906967,0.0,0.0,0.0,0,0.0
2022-02-07,42.9912223815918,0.007004242414982098,150.11000061035156,0.03203852705316734,-0.025034284638185245,0.025034284638185245,0.017523408857365128,0.015209495072773943,0,1,1.0,10,15.971334518172288,160.0,-10.0,-6878.5955810546875,1501.1000061035156,0.0,0.0,Opened,-6878.5955810546875,1501.1000061035156,0.0,0.017523408857365128,8379.695587158203,0.0,0.0,0,0.0
2022-02-08,44.66958999633789,0.03903977420899629,148.8300018310547,-0.008527071974501088,0.04756684618349738,0.04756684618349738,0.018985264666414214,0.015402140506737775,1,0,-1.0,10,0.7277314639877798,-160.0,10.0,7147.1343994140625,-1488.3000183105469,268.538818359375,12.79998779296875,Closed,7147.1343994140625,-1488.3000183105469,281.33880615234375,0.018985264666414214,8635.43441772461,281.33880615234375,0.03257957764983815,0,281.33880615234375
2022-02-09,45.67274475097656,0.022457218763837217,147.63999938964844,-0.007995716097330186,0.030452934861167402,0.030452934861167402,0.019330399806974655,0.01518879134299413,1,1,1.0,10,1.1509284315096822,-12.0,10.0,548.0729370117188,-1476.3999938964844,0.0,0.0,Opened,548.0729370117188,-1476.3999938964844,0.0,0.019330399806974655,2024.4729309082031,0.0,0.0,0,0.0
2022-02-10,45.63417434692383,-0.0008444949884889308,151.57000732421875,0.026618856345280273,-0.027463351333769204,0.027463351333769204,0.019090997100833246,0.015499167203296577,0,0,-1.0,10,104.69245647744695,12.0,-10.0,-547.6100921630859,1515.7000732421875,0.4628448486328125,39.300079345703125,Closed,-547.6100921630859,1515.7000732421875,39.76292419433594,0.019090997100833246,2063.3101654052734,39.76292419433594,0.01927142358964036,0,39.76292419433594
2022-02-11,46.685550689697266,0.02303923228194238,150.8699951171875,-0.004618408479283631,0.02765764076122601,0.02765764076122601,0.019109055871483614,0.015522744457306621,1,1,1.0,10,0.6478056459721537,-7.0,10.0,326.79885482788086,-1508.699951171875,0.0,0.0,Opened,326.79885482788086,-1508.699951171875,0.0,0.019109055871483614,1835.4988059997559,0.0,0.0,0,0.0
2022-02-12,46.685550689697266,0.0,150.8699951171875,0.0,0.0,0.0,0.018839929496190955,0.015398663990443925,1,1,0.0,10,,7.0,-10.0,-326.79885482788086,1508.699951171875,0.0,0.0,Live,0.0,0.0,0.0,0.018839929496190955,1835.4988059997559,0.0,0.0,0,0.0
2022-02-13,46.685550689697266,0.0,150.8699951171875,0.0,0.0,0.0,0.01883166639397435,0.015055299382695954,1,1,0.0,10,,7.0,-10.0,-326.79885482788086,1508.699951171875,0.0,0.0,Live,0.0,0.0,0.0,0.01883166639397435,1835.4988059997559,0.0,0.0,0,0.0
2022-02-14,47.10032272338867,0.008884377019524825,146.75999450683594,-0.027242001347976053,0.03612637836750088,0.03612637836750088,0.018882503056185013,0.01621096112268497,1,1,0.0,10,9.554233125715442,7.0,-10.0,-329.7022590637207,1467.5999450683594,-2.9034042358398438,-41.100006103515625,Live,0.0,0.0,0.0,0.018882503056185013,1797.30220413208,-44.00341033935547,-0.024483033647980632,1,-44.00341033935547
2022-02-15,47.987735748291016,0.018840911772812108,144.88999938964844,-0.012741858729767075,0.03158277050257918,0.03158277050257918,0.019143746298647752,0.01651481781025558,1,1,0.0,10,2.041921404844873,7.0,-10.0,-335.9141502380371,1448.8999938964844,-9.11529541015625,-59.799957275390625,Live,0.0,0.0,0.0,0.019143746298647752,1784.8141441345215,-68.91525268554688,-0.0386120050157742,1,0.0
2022-02-16,48.238525390625,0.005226119516233085,142.22999572753906,-0.018358780269961295,0.02358489978619438,0.02358489978619438,0.019147857598228565,0.017028395607162978,1,1,0.0,10,10.357660224689765,7.0,-10.0,-337.669677734375,1422.2999572753906,-10.87082290649414,-86.39999389648438,Live,0.0,0.0,0.0,0.019147857598228565,1759.9696350097656,-97.27081680297852,-0.05526846308484111,1,0.0
2022-02-17,47.987735748291016,-0.0051989491864260495,143.8800048828125,0.011600992792225373,-0.016799941978651423,0.016799941978651423,0.018879047330320996,0.017052008513113802,0,0,-1.0,10,6.690364347058188,7.0,-10.0,-335.9141502380371,1438.800048828125,-9.11529541015625,-69.89990234375,Closed,-335.9141502380371,1438.800048828125,-79.01519775390625,0.018879047330320996,1774.714199066162,-79.01519775390625,-0.044522773185385736,1,0.0
2022-02-18,47.6501350402832,-0.007035145600088777,141.11000061035156,-0.019252183614512974,0.012217038014424197,0.012217038014424197,0.01895322611802424,0.0175650549534755,1,0,0.0,10,8.104021097066376,0.0,0.0,0.0,0.0,0.0,0.0,,0.0,0.0,0.0,0.01895322611802424,0.0,0.0,0.0,0,0.0
2022-02-19,47.6501350402832,0.0,141.11000061035156,0.0,0.0,0.0,0.017492462531048403,0.017480568523670137,1,0,0.0,10,,0.0,0.0,0.0,0.0,0.0,0.0,,0.0,0.0,0.0,0.017492462531048403,0.0,0.0,0.0,0,0.0
2022-02-20,47.6501350402832,0.0,141.11000061035156,0.0,0.0,0.0,0.014280701786252683,0.01748983338064571,1,0,0.0,10,,0.0,0.0,0.0,0.0,0.0,0.0,,0.0,0.0,0.0,0.01748983338064571,0.0,0.0,0.0,0,0.0
2022-02-21,47.6501350402832,0.0,141.11000061035156,0.0,0.0,0.0,0.014280701786252683,0.01748983338064571,1,0,0.0,10,,0.0,0.0,0.0,0.0,0.0,0.0,,0.0,0.0,0.0,0.01748983338064571,0.0,0.0,0.0,0,0.0
2022-02-22,47.2546501159668,-0.008299765026522299,143.25999450683594,0.015236297124122222,-0.02353606215064452,0.02353606215064452,0.014466241217987463,0.017620033674943872,0,1,1.0,10,5.5653696362289145,56.0,-10.0,-2646.2604064941406,1432.5999450683594,0.0,0.0,Opened,-2646.2604064941406,1432.5999450683594,0.0,0.017620033674943872,4078.8603515625,0.0,0.0,0,0.0
2022-02-23,47.852691650390625,0.012655718177072117,142.9600067138672,-0.002094009524441498,0.014749727701513615,0.014749727701513615,0.014514015338736272,0.017565481814419196,1,0,-1.0,10,0.4943107394588595,-56.0,10.0,2679.750732421875,-1429.6000671386719,33.490325927734375,2.9998779296875,Closed,2679.750732421875,-1429.6000671386719,36.490203857421875,0.017565481814419196,4109.350799560547,36.490203857421875,0.00887979771922225,0,36.490203857421875
2022-02-24,47.2642936706543,-0.01229602681569375,142.66000366210938,-0.002098510336238757,-0.010197516479454993,0.010197516479454993,0.014857539975751939,0.01756196928474552,0,0,0.0,10,0.5151282526835673,0.0,0.0,0.0,0.0,0.0,0.0,,0.0,0.0,0.0,0.01756196928474552,0.0,0.0,0.0,0,0.0
2022-02-25,49.936180114746094,0.05653076004287638,141.75999450683594,-0.006308770027828592,0.06283953007070497,0.06283953007070497,0.016509077749340743,0.017597698710101067,1,1,1.0,10,0.31680953343144713,-4.0,10.0,199.74472045898438,-1417.5999450683594,0.0,0.0,Opened,199.74472045898438,-1417.5999450683594,0.0,0.017597698710101067,1617.3446655273438,0.0,0.0,0,0.0
2022-02-26,49.936180114746094,0.0,141.75999450683594,0.0,0.0,0.0,0.015997809194105688,0.01760580836032421,1,1,0.0,10,,4.0,-10.0,-199.74472045898438,1417.5999450683594,0.0,0.0,Live,0.0,0.0,0.0,0.01760580836032421,1617.3446655273438,0.0,0.0,0,0.0
2022-02-27,49.936180114746094,0.0,141.75999450683594,0.0,0.0,0.0,0.01606206729520405,0.017601568509746913,1,1,0.0,10,,4.0,-10.0,-199.74472045898438,1417.5999450683594,0.0,0.0,Live,0.0,0.0,0.0,0.017601568509746913,1617.3446655273438,0.0,0.0,0,0.0
2022-02-28,50.75606918334961,0.01641873821184414,141.99000549316406,0.0016225380589798277,0.014796200152864314,0.014796200152864314,0.016073017445512684,0.017595063654458728,1,1,0.0,10,0.2764552931606362,4.0,-10.0,-203.02427673339844,1419.9000549316406,-3.2795562744140625,2.30010986328125,Live,0.0,0.0,0.0,0.017595063654458728,1622.924331665039,-0.9794464111328125,-0.0006035071334027937,0,0.0
2022-03-01,52.01966857910156,0.024895533008818527,143.4499969482422,0.010282353676987599,0.014613179331830928,0.014613179331830928,0.01627790717859531,0.017637038450451444,1,1,0.0,10,1.138948459481528,4.0,-10.0,-208.07867431640625,1434.4999694824219,-8.333953857421875,16.9000244140625,Live,0.0,0.0,0.0,0.017637038450451444,1642.5786437988281,8.566070556640625,0.005215013959288843,0,0.0
2022-03-02,53.987403869628906,0.03782675561523785,146.07000732421875,0.0182642762754599,0.01956247933977795,0.01956247933977795,0.017106117370494098,0.017848434280875687,1,1,0.0,10,1.306387395642003,4.0,-10.0,-215.94961547851562,1460.7000732421875,-16.20489501953125,43.100128173828125,Live,0.0,0.0,0.0,0.017848434280875687,1676.6496887207031,26.895233154296875,0.016041056957352938,0,0.0
2022-03-03,55.73328399658203,0.03233865683130732,151.11000061035156,0.0345039572356971,-0.0021653004043897806,0.0021653004043897806,0.016292730340533183,0.015750998208498377,0,0,-1.0,10,2.8928472510602616,4.0,-10.0,-222.93313598632812,1511.1000061035156,-23.18841552734375,93.50006103515625,Closed,-222.93313598632812,1511.1000061035156,70.3116455078125,0.016292730340533183,1734.0331420898438,70.3116455078125,0.040548040173599816,0,70.3116455078125
2022-03-04,57.016178131103516,0.023018455804616922,152.27999877929688,0.007742691841834182,0.01527576396278274,0.01527576396278274,0.016469026218139504,0.015741503577242452,1,0,0.0,10,0.898380985123252,0.0,0.0,0.0,0.0,0.0,0.0,,0.0,0.0,0.0,0.016469026218139504,0.0,0.0,0.0,0,0.0
2022-03-05,57.016178131103516,0.0,152.27999877929688,0.0,0.0,0.0,0.01621819336573466,0.01384196594773107,1,0,0.0,10,,0.0,0.0,0.0,0.0,0.0,0.0,,0.0,0.0,0.0,0.01621819336573466,0.0,0.0,0.0,0,0.0
2022-03-06,57.016178131103516,0.0,152.27999877929688,0.0,0.0,0.0,0.016323816792831538,0.013813959838163574,1,0,0.0,10,,0.0,0.0,0.0,0.0,0.0,0.0,,0.0,0.0,0.0,0.016323816792831538,0.0,0.0,0.0,0,0.0
2022-03-07,55.55966567993164,-0.025545599493230764,158.82000732421875,0.04294725897916818,-0.06849285847239894,0.06849285847239894,0.017478969410430742,0.015732204265114135,0,1,1.0,10,4.805791667130044,49.0,-10.0,-2722.4236183166504,1588.2000732421875,0.0,0.0,Opened,-2722.4236183166504,1588.2000732421875,0.0,0.017478969410430742,4310.623691558838,0.0,0.0,0,0.0
2022-03-08,55.0580940246582,-0.009027621911242067,160.9600067138672,0.01347436904016619,-0.022501990951408257,0.022501990951408257,0.01771475842639717,0.015834020669938352,0,1,0.0,10,4.363468892427351,-49.0,10.0,2697.846607208252,-1609.6000671386719,-24.577011108398438,-21.399993896484375,Live,0.0,0.0,0.0,0.01771475842639717,4307.446674346924,-45.97700500488281,-0.010673841948804542,0,0.0
2022-03-09,55.0580940246582,0.0,157.58999633789062,-0.020936942317400065,0.020936942317400065,0.020936942317400065,0.01778341561348712,0.015492239308494906,1,0,-1.0,10,inf,-49.0,10.0,2697.846607208252,-1575.8999633789062,-24.577011108398438,12.30010986328125,Closed,2697.846607208252,-1575.8999633789062,-12.276901245117188,0.01778341561348712,4273.746570587158,-12.276901245117188,-0.002872632020253484,0,-12.276901245117188
2022-03-10,57.57563018798828,0.04572508743587411,156.9499969482422,-0.004061167615463379,0.04978625505133749,0.04978625505133749,0.018216808039659374,0.015411454393015214,1,1,1.0,10,0.24211348619713804,-3.0,10.0,172.72689056396484,-1569.4999694824219,0.0,0.0,Opened,172.72689056396484,-1569.4999694824219,0.0,0.018216808039659374,1742.2268600463867,0.0,0.0,0,0.0
2022-03-11,56.244510650634766,-0.023119495748588847,155.36000061035156,-0.010130591709504588,-0.01298890403908426,0.01298890403908426,0.01891310912963467,0.015463498572666165,0,0,-1.0,10,1.2103626861951102,3.0,-10.0,-168.7335319519043,1553.6000061035156,3.993358612060547,-15.89996337890625,Closed,-168.7335319519043,1553.6000061035156,-11.906604766845703,0.01891310912963467,1722.33353805542,-11.906604766845703,-0.00691306561926949,0,-11.906604766845703
2022-03-12,56.244510650634766,0.0,155.36000061035156,0.0,0.0,0.0,0.018901448828852085,0.014737845557600016,1,0,0.0,10,,0.0,0.0,0.0,0.0,0.0,0.0,,0.0,0.0,0.0,0.018901448828852085,0.0,0.0,0.0,0,0.0
2022-03-13,56.244510650634766,0.0,155.36000061035156,0.0,0.0,0.0,0.018701115323579192,0.014701992381389414,1,0,0.0,10,,0.0,0.0,0.0,0.0,0.0,0.0,,0.0,0.0,0.0,0.018701115323579192,0.0,0.0,0.0,0,0.0
2022-03-14,53.013179779052734,-0.057451488762229386,150.11000061035156,-0.03379248184458483,-0.023659006917644554,0.023659006917644554,0.022024775514216062,0.016022915137399042,0,1,1.0,10,1.6654997592961007,17.0,-10.0,-901.2240562438965,1501.1000061035156,0.0,0.0,Opened,-901.2240562438965,1501.1000061035156,0.0,0.022024775514216062,2402.324062347412,0.0,0.0,0,0.0
2022-03-15,53.63051223754883,0.011644886442748748,144.77000427246094,-0.03557388792337646,0.047218774366125205,0.047218774366125205,0.022045709972983718,0.017286046379251737,1,0,-1.0,10,8.246368100147425,-17.0,10.0,911.7187080383301,-1447.7000427246094,10.494651794433594,53.39996337890625,Closed,911.7187080383301,-1447.7000427246094,63.894615173339844,0.022045709972983718,2359.4187507629395,63.894615173339844,0.027080659231295396,0,63.894615173339844
2022-03-16,53.88129425048828,0.004676106986050144,148.85000610351562,0.028182646340024986,-0.023506539353974842,0.023506539353974842,0.02203265559811022,0.017371755247969953,0,1,1.0,10,16.649767353538657,167.0,-10.0,-8998.176139831543,1488.5000610351562,0.0,0.0,Opened,-8998.176139831543,1488.5000610351562,0.0,0.02203265559811022,10486.6762008667,0.0,0.0,0,0.0
2022-03-17,56.2348747253418,0.04368084522825266,149.64999389648438,0.005374455896309582,0.03830638933194308,0.03830638933194308,0.023025704547883333,0.017205447172759392,1,0,-1.0,10,0.32742696413312017,-167.0,10.0,9391.22407913208,-1496.4999389648438,393.0479393005371,-7.9998779296875,Closed,9391.22407913208,-1496.4999389648438,385.0480613708496,0.023025704547883333,10887.724018096924,385.0480613708496,0.03536533996736561,0,385.0480613708496
2022-03-18,56.48566436767578,0.004459681711017849,150.58999633789062,0.006281339657497442,-0.0018216579464795934,0.0018216579464795934,0.023026507738391606,0.01682240436153771,0,0,0.0,10,3.7549684782484385,0.0,0.0,0.0,0.0,0.0,0.0,,0.0,0.0,0.0,0.023026507738391606,0.0,0.0,0.0,0,0.0
2022-03-19,56.48566436767578,0.0,150.58999633789062,0.0,0.0,0.0,0.022962452315672347,0.016728169787406422,1,0,0.0,10,,0.0,0.0,0.0,0.0,0.0,0.0,,0.0,0.0,0.0,0.022962452315672347,0.0,0.0,0.0,0,0.0
2022-03-20,56.48566436767578,0.0,150.58999633789062,0.0,0.0,0.0,0.02286358609263017,0.016261202584703243,1,0,0.0,10,,0.0,0.0,0.0,0.0,0.0,0.0,,0.0,0.0,0.0,0.02286358609263017,0.0,0.0,0.0,0,0.0
2022-03-21,58.807647705078125,0.04110748033851763,150.47000122070312,-0.0007968332565614356,0.04190431359507907,0.04190431359507907,0.02371155148947219,0.016265734361543174,1,1,1.0,10,0.04959783393761498,-1.0,10.0,58.807647705078125,-1504.7000122070312,0.0,0.0,Opened,58.807647705078125,-1504.7000122070312,0.0,0.02371155148947219,1563.5076599121094,0.0,0.0,0,0.0
2022-03-22,58.44076919555664,-0.006238619020461189,149.67999267578125,-0.005250272735514372,-0.0009883462849468172,0.0009883462849468172,0.02380502604644595,0.016319164446304133,0,0,-1.0,10,2.155466259579782,1.0,-10.0,-58.44076919555664,1496.7999267578125,0.3668785095214844,-7.90008544921875,Closed,-58.44076919555664,1496.7999267578125,-7.533206939697266,0.02380502604644595,1555.2406959533691,-7.533206939697266,-0.004843756313282027,0,-7.533206939697266
2022-03-23,59.49313735961914,0.018007431773203075,149.57000732421875,-0.0007348032933215398,0.018742235066524615,0.018742235066524615,0.023846818430235298,0.01632296921860652,1,0,0.0,10,0.10258809352815375,0.0,0.0,0.0,0.0,0.0,0.0,,0.0,0.0,0.0,0.023846818430235298,0.0,0.0,0.0,0,0.0
2022-03-24,61.12481689453125,0.027426348774465703,149.6300048828125,0.00040113362075122616,0.027025215153714477,0.027025215153714477,0.02391221372878156,0.016133998805183066,1,1,1.0,10,0.03580322831850653,-1.0,10.0,61.12481689453125,-1496.300048828125,0.0,0.0,Opened,61.12481689453125,-1496.300048828125,0.0,0.02391221372878156,1557.4248657226562,0.0,0.0,0,0.0
2022-03-25,61.14411926269531,0.0003157861102041082,149.8699951171875,0.001603891108357347,-0.0012881049981532389,0.0012881049981532389,0.023951325195390883,0.016119107291002438,0,0,-1.0,10,12.44921179432482,1.0,-10.0,-61.14411926269531,1498.699951171875,-0.0193023681640625,2.39990234375,Closed,-61.14411926269531,1498.699951171875,2.3805999755859375,0.023951325195390883,1559.8440704345703,2.3805999755859375,0.001526178174285527,0,2.3805999755859375
2022-03-26,61.14411926269531,0.0,149.8699951171875,0.0,0.0,0.0,0.023687291740009917,0.0161066038846187,1,0,0.0,10,,0.0,0.0,0.0,0.0,0.0,0.0,,0.0,0.0,0.0,0.023687291740009917,0.0,0.0,0.0,0,0.0
2022-03-27,61.14411926269531,0.0,149.8699951171875,0.0,0.0,0.0,0.021951649892499873,0.016038530864283203,1,0,0.0,10,,0.0,0.0,0.0,0.0,0.0,0.0,,0.0,0.0,0.0,0.021951649892499873,0.0,0.0,0.0,0,0.0
2022-03-28,59.73451614379883,-0.023053780737937624,150.13999938964844,0.0018015899196488494,-0.024855370657586473,0.024855370657586473,0.022599306689954798,0.016034233273491592,0,1,1.0,10,0.19641961001571634,2.0,-10.0,-119.46903228759766,1501.3999938964844,0.0,0.0,Opened,-119.46903228759766,1501.3999938964844,0.0,0.022599306689954798,1620.869026184082,0.0,0.0,0,0.0
2022-03-29,58.8848876953125,-0.014223408898818568,150.13999938964844,0.0,-0.014223408898818568,0.014223408898818568,0.022882090054129722,0.016034233273491592,0,1,0.0,10,0.0,-2.0,10.0,117.769775390625,-1501.3999938964844,-1.6992568969726562,0.0,Live,0.0,0.0,0.0,0.022882090054129722,1619.1697692871094,-1.6992568969726562,-0.0010494618471791305,0,0.0
2022-03-30,59.53175735473633,0.010985325517999023,150.61000061035156,0.003130419758983427,0.007854905759015596,0.007854905759015596,0.022816246628140625,0.016035242284907623,1,0,-1.0,10,0.7209327470056749,-2.0,10.0,119.06351470947266,-1506.1000061035156,-0.405517578125,-4.70001220703125,Closed,119.06351470947266,-1506.1000061035156,-5.10552978515625,0.022816246628140625,1625.1635208129883,-5.10552978515625,-0.0031415483548401383,0,-5.10552978515625
2022-03-31,59.17452621459961,-0.006000681921886852,150.83999633789062,0.0015270946590997259,-0.007527776580986578,0.007527776580986578,0.022610765664902964,0.015960507006776807,0,0,0.0,10,0.6487047460100959,0.0,0.0,0.0,0.0,0.0,0.0,,0.0,0.0,0.0,0.022610765664902964,0.0,0.0,0.0,0,0.0
2022-04-01,60.265525817871094,0.01843698079330469,159.85000610351562,0.05973223272587491,-0.04129525193257022,0.04129525193257022,0.02189252436424296,0.01895117404084668,0,1,1.0,10,8.593353001455776,86.0,-10.0,-5182.835220336914,1598.5000610351562,0.0,0.0,Opened,-5182.835220336914,1598.5000610351562,0.0,0.02189252436424296,6781.33528137207,0.0,0.0,0,0.0
2022-04-02,60.265525817871094,0.0,159.85000610351562,0.0,0.0,0.0,0.021230377806496423,0.018008198292278635,1,0,-1.0,10,,-86.0,10.0,5182.835220336914,-1598.5000610351562,0.0,0.0,Closed,5182.835220336914,-1598.5000610351562,0.0,0.021230377806496423,6781.33528137207,0.0,0.0,0,0.0
2022-04-03,60.265525817871094,0.0,159.85000610351562,0.0,0.0,0.0,0.020888699935738955,0.01797897252507093,1,0,0.0,10,,0.0,0.0,0.0,0.0,0.0,0.0,,0.0,0.0,0.0,0.020888699935738955,0.0,0.0,0.0,0,0.0
2022-04-04,59.927608489990234,-0.00560714145101926,161.83999633789062,0.012449109530132452,-0.01805625098115171,0.01805625098115171,0.02093280809702001,0.01808003153458751,0,0,0.0,10,5.9959180570807815,0.0,0.0,0.0,0.0,0.0,0.0,,0.0,0.0,0.0,0.02093280809702001,0.0,0.0,0.0,0,0.0
2022-04-05,58.47938537597656,-0.024166209039621078,161.25,-0.0036455533319391664,-0.020520655707681912,0.020520655707681912,0.021465585688971202,0.01810747215431043,0,0,0.0,10,0.41596027055239077,0.0,0.0,0.0,0.0,0.0,0.0,,0.0,0.0,0.0,0.021465585688971202,0.0,0.0,0.0,0,0.0
2022-04-06,58.064212799072266,-0.007099468885233051,160.0800018310547,-0.007255802598110428,0.00015633371287737674,0.00015633371287737674,0.020934595622576428,0.01644232662423663,1,0,0.0,10,2.8176570804847145,0.0,0.0,0.0,0.0,0.0,0.0,,0.0,0.0,0.0,0.020934595622576428,0.0,0.0,0.0,0,0.0
2022-04-07,59.36763000488281,0.02244785803470628,157.2899932861328,-0.01742883878691104,0.03987669682161732,0.03987669682161732,0.021166763951034704,0.016562103022062572,1,1,1.0,10,2.0570503767883843,-21.0,10.0,1246.720230102539,-1572.8999328613281,0.0,0.0,Opened,1246.720230102539,-1572.8999328613281,0.0,0.021166763951034704,2819.620162963867,0.0,0.0,0,0.0
2022-04-08,59.251766204833984,-0.0019516325654114208,154.2100067138672,-0.019581579908028224,0.017629947342616803,0.017629947342616803,0.021178445266920927,0.016506575339223464,1,1,0.0,10,26.11325011806237,21.0,-10.0,-1244.2870903015137,1542.1000671386719,2.4331398010253906,-30.79986572265625,Live,0.0,0.0,0.0,0.021178445266920927,2786.3871574401855,-28.36672592163086,-0.010180468225991599,0,0.0
2022-04-09,59.251766204833984,0.0,154.2100067138672,0.0,0.0,0.0,0.019555990586015416,0.016493793569328084,1,1,0.0,10,,21.0,-10.0,-1244.2870903015137,1542.1000671386719,2.4331398010253906,-30.79986572265625,Live,0.0,0.0,0.0,0.019555990586015416,2786.3871574401855,-28.36672592163086,-0.010180468225991599,0,0.0
2022-04-10,59.251766204833984,0.0,154.2100067138672,0.0,0.0,0.0,0.01901497351642584,0.016392301457790835,1,1,0.0,10,,21.0,-10.0,-1244.2870903015137,1542.1000671386719,2.4331398010253906,-30.79986572265625,Live,0.0,0.0,0.0,0.01901497351642584,2786.3871574401855,-28.36672592163086,-0.010180468225991599,0,0.0
2022-04-11,58.70144271850586,-0.00928788324090879,155.94000244140625,0.011218440128525575,-0.020506323369434365,0.020506323369434365,0.0191225051941694,0.01652255692432275,0,0,-1.0,10,3.2086658261921253,21.0,-10.0,-1232.730297088623,1559.4000244140625,13.989933013916016,-13.499908447265625,Closed,-1232.730297088623,1559.4000244140625,0.4900245666503906,0.0191225051941694,2792.1303215026855,0.4900245666503906,0.00017550203974242372,0,0.4900245666503906
2022-04-12,60.17863464355469,0.02516449096715534,155.55999755859375,-0.00243686595397663,0.02760135692113197,0.02760135692113197,0.019595804358811107,0.016529840993338638,1,1,1.0,10,0.2503220392503941,-3.0,10.0,180.53590393066406,-1555.5999755859375,0.0,0.0,Opened,180.53590393066406,-1555.5999755859375,0.0,0.019595804358811107,1736.1358795166016,0.0,0.0,0,0.0
2022-04-13,62.91096115112305,0.045403597535109474,154.6699981689453,-0.005721261272925937,0.05112485880803541,0.05112485880803541,0.017657285593834303,0.015288745785762819,1,1,0.0,10,0.3097999018330045,3.0,-10.0,-188.73288345336914,1546.6999816894531,-8.196979522705078,-8.899993896484375,Live,0.0,0.0,0.0,0.017657285593834303,1735.4328651428223,-17.096973419189453,-0.009851705452047211,0,0.0
2022-04-14,63.5771369934082,0.010589185574273463,155.69000244140625,0.006594713160510857,0.003994472413762606,0.003994472413762606,0.017646430254312746,0.013650557306368062,1,1,0.0,10,1.525081699639157,3.0,-10.0,-190.7314109802246,1556.9000244140625,-10.195507049560547,1.300048828125,Live,0.0,0.0,0.0,0.017646430254312746,1747.631435394287,-8.895458221435547,-0.00509000813402548,0,0.0
2022-04-15,63.5771369934082,0.0,155.69000244140625,0.0,0.0,0.0,0.017677650800393293,0.012764182896233253,1,1,0.0,10,,3.0,-10.0,-190.7314109802246,1556.9000244140625,-10.195507049560547,1.300048828125,Live,0.0,0.0,0.0,0.017677650800393293,1747.631435394287,-8.895458221435547,-0.00509000813402548,0,0.0
2022-04-16,63.5771369934082,0.0,155.69000244140625,0.0,0.0,0.0,0.016174764628212282,0.012746727824931223,1,1,0.0,10,,3.0,-10.0,-190.7314109802246,1556.9000244140625,-10.195507049560547,1.300048828125,Live,0.0,0.0,0.0,0.016174764628212282,1747.631435394287,-8.895458221435547,-0.00509000813402548,0,0.0
2022-04-17,63.5771369934082,0.0,155.69000244140625,0.0,0.0,0.0,0.016193005726109592,0.01271526851572683,1,1,0.0,10,,3.0,-10.0,-190.7314109802246,1556.9000244140625,-10.195507049560547,1.300048828125,Live,0.0,0.0,0.0,0.016193005726109592,1747.631435394287,-8.895458221435547,-0.00509000813402548,0,0.0
2022-04-18,63.29713821411133,-0.004404079713842823,155.6199951171875,-0.0004496584438368201,-0.003954421270006003,0.003954421270006003,0.016251083675084974,0.012716980768282794,0,0,-1.0,10,0.2510203346568066,3.0,-10.0,-189.89141464233398,1556.199951171875,-9.355510711669922,0.5999755859375,Closed,-189.89141464233398,1556.199951171875,-8.755535125732422,0.016251083675084974,1746.091365814209,-8.755535125732422,-0.005014362534030218,0,-8.755535125732422
2022-04-19,63.3743896484375,0.0012204569828238032,154.5800018310547,-0.006682902703792348,0.007903359686616152,0.007903359686616152,0.01624243581010621,0.01279650051119349,1,0,0.0,10,13.356177440155886,0.0,0.0,0.0,0.0,0.0,0.0,,0.0,0.0,0.0,0.01624243581010621,0.0,0.0,0.0,0,0.0
2022-04-20,63.326114654541016,-0.0007617429400785802,154.41000366210938,-0.0010997423142167229,0.00033799937413814263,0.00033799937413814263,0.014663312660959318,0.01279804507347012,1,0,0.0,10,3.5202628141690373,0.0,0.0,0.0,0.0,0.0,0.0,,0.0,0.0,0.0,0.014663312660959318,0.0,0.0,0.0,0,0.0
2022-04-21,59.4159049987793,-0.061747190350976644,154.27000427246094,-0.0009066730543882962,-0.06084051729658835,0.06084051729658835,0.018747093904509505,0.012750089791645668,0,1,1.0,10,0.03812521339141374,1.0,-10.0,-59.4159049987793,1542.7000427246094,0.0,0.0,Opened,-59.4159049987793,1542.7000427246094,0.0,0.018747093904509505,1602.1159477233887,0.0,0.0,0,0.0
2022-04-22,56.403594970703125,-0.05069871490029576,154.1300048828125,-0.0009074958564283531,-0.04979121904386741,0.04979121904386741,0.02066169354657418,0.012750978135800835,0,1,0.0,10,0.048913428675318844,-1.0,10.0,56.403594970703125,-1541.300048828125,-3.012310028076172,1.399993896484375,Live,0.0,0.0,0.0,0.02066169354657418,1597.7036437988281,-1.6123161315917969,-0.0010091459313181666,0,0.0
2022-04-23,56.403594970703125,0.0,154.1300048828125,0.0,0.0,0.0,0.019928342382347478,0.012751922764619008,1,0,-1.0,10,,-1.0,10.0,56.403594970703125,-1541.300048828125,-3.012310028076172,1.399993896484375,Closed,56.403594970703125,-1541.300048828125,-1.6123161315917969,0.019928342382347478,1597.7036437988281,-1.6123161315917969,-0.0010091459313181666,0,-1.6123161315917969
2022-04-24,56.403594970703125,0.0,154.1300048828125,0.0,0.0,0.0,0.019926897368935464,0.012752946399630927,1,0,0.0,10,,0.0,0.0,0.0,0.0,0.0,0.0,,0.0,0.0,0.0,0.019926897368935464,0.0,0.0,0.0,0,0.0
2022-04-25,55.31259536743164,-0.019342731679393266,152.47000122070312,-0.010770152530466093,-0.008572579148927173,0.008572579148927173,0.020155113434188618,0.012932722060337758,0,0,0.0,10,1.534844610481878,0.0,0.0,0.0,0.0,0.0,0.0,,0.0,0.0,0.0,0.020155113434188618,0.0,0.0,0.0,0,0.0
2022-04-26,54.347110748291016,-0.01745505906434297,152.0800018310547,-0.00255787621516379,-0.01489718284917918,0.01489718284917918,0.020312773966239112,0.012945595727220705,0,0,0.0,10,0.410066082493383,0.0,0.0,0.0,0.0,0.0,0.0,,0.0,0.0,0.0,0.020312773966239112,0.0,0.0,0.0,0,0.0
2022-04-27,55.32224655151367,0.017942734945727068,151.6199951171875,-0.0030247679400885463,0.020967502885815614,0.020967502885815614,0.0203461242129274,0.012959705299224935,1,1,1.0,10,0.4620192704921039,-5.0,10.0,276.61123275756836,-1516.199951171875,0.0,0.0,Opened,276.61123275756836,-1516.199951171875,0.0,0.0203461242129274,1792.8111839294434,0.0,0.0,0,0.0
2022-04-28,56.34566116333008,0.018499151347070697,151.19000244140625,-0.002835989246991466,0.021335140594062163,0.021335140594062163,0.02056370764170371,0.012973106110381794,1,1,0.0,10,0.4113536631398068,5.0,-10.0,-281.7283058166504,1511.9000244140625,-5.117073059082031,-4.2999267578125,Live,0.0,0.0,0.0,0.02056370764170371,1793.628330230713,-9.416999816894531,-0.005250251492004049,0,0.0
2022-04-29,54.269874572753906,-0.036840220661517376,150.77000427246094,-0.002777949349581421,-0.034062271311935954,0.034062271311935954,0.02141766351131043,0.012973684867462492,0,0,-1.0,10,0.20948755569775648,5.0,-10.0,-271.34937286376953,1507.7000427246094,5.261859893798828,-8.499908447265625,Closed,-271.34937286376953,1507.7000427246094,-3.238048553466797,0.02141766351131043,1779.049415588379,-3.238048553466797,-0.00182010040030051,0,-3.238048553466797
2022-04-30,54.269874572753906,0.0,150.77000427246094,0.0,0.0,0.0,0.02141529565855867,0.012970947349505902,1,0,0.0,10,,0.0,0.0,0.0,0.0,0.0,0.0,,0.0,0.0,0.0,0.02141529565855867,0.0,0.0,0.0,0,0.0
2022-05-01,54.269874572753906,0.0,150.77000427246094,0.0,0.0,0.0,0.021050570490621433,0.006432297963317698,1,0,0.0,10,,0.0,0.0,0.0,0.0,0.0,0.0,,0.0,0.0,0.0,0.021050570490621433,0.0,0.0,0.0,0,0.0
2022-05-02,53.584381103515625,-0.0126311968589371,144.0800018310547,-0.04437223752621611,0.03174104066727901,0.03174104066727901,0.021109153463359915,0.010055161961941653,1,1,1.0,10,9.445660060535115,-95.0,10.0,5090.516204833984,-1440.8000183105469,0.0,0.0,Opened,5090.516204833984,-1440.8000183105469,0.0,0.021109153463359915,6531.316223144531,0.0,0.0,0,0.0
2022-05-03,54.80088424682617,0.022702569634246217,144.0800018310547,0.0,0.022702569634246217,0.022702569634246217,0.0216461391717139,0.010055161961941653,1,1,0.0,10,0.0,95.0,-10.0,-5206.084003448486,1440.8000183105469,-115.56779861450195,0.0,Live,0.0,0.0,0.0,0.0216461391717139,6646.884021759033,-115.56779861450195,-0.017386763216596348,0,0.0
2022-05-04,56.413246154785156,0.029422187800780986,142.89999389648438,-0.008189949469559088,0.037612137270340074,0.037612137270340074,0.0224276521373784,0.009629994138985,1,1,0.0,10,0.7051108190755202,95.0,-10.0,-5359.25838470459,1428.9999389648438,-268.74217987060547,-11.800079345703125,Live,0.0,0.0,0.0,0.0224276521373784,6788.258323669434,-280.5422592163086,-0.0413275756224698,1,-280.5422592163086
2022-05-05,53.429901123046875,-0.05288376817658491,144.89999389648438,0.013995801857408008,-0.06687957003399292,0.06687957003399292,0.02397608589011429,0.010181198054575456,0,0,-1.0,10,0.7177271738364555,95.0,-10.0,-5075.840606689453,1448.9999389648438,14.67559814453125,8.199920654296875,Closed,-5075.840606689453,1448.9999389648438,22.875518798828125,0.02397608589011429,6524.840545654297,22.875518798828125,0.0035059123113841883,0,0.0
2022-05-06,52.29063034057617,-0.021322719273745405,136.91000366210938,-0.055141411807670626,0.03381869253392522,0.03381869253392522,0.024205129489136726,0.013873483674756066,1,1,1.0,10,6.770903077512937,-68.0,10.0,3555.7628631591797,-1369.1000366210938,0.0,0.0,Opened,3555.7628631591797,-1369.1000366210938,0.0,0.024205129489136726,4924.862899780273,0.0,0.0,0,0.0
2022-05-07,52.29063034057617,0.0,136.91000366210938,0.0,0.0,0.0,0.023727249522850845,0.013703392419221864,1,1,0.0,10,,68.0,-10.0,-3555.7628631591797,1369.1000366210938,0.0,0.0,Live,0.0,0.0,0.0,0.023727249522850845,4924.862899780273,0.0,0.0,0,0.0
2022-05-08,52.29063034057617,0.0,136.91000366210938,0.0,0.0,0.0,0.02373558038746518,0.013424843118131144,1,1,0.0,10,,68.0,-10.0,-3555.7628631591797,1369.1000366210938,0.0,0.0,Live,0.0,0.0,0.0,0.02373558038746518,4924.862899780273,0.0,0.0,0,0.0
2022-05-09,49.01762771606445,-0.06259252572008023,133.30999755859375,-0.026294689995044918,-0.03629783572503531,0.03629783572503531,0.026023423515815717,0.014009194524919713,0,0,-1.0,10,1.1424994770056882,68.0,-10.0,-3333.198684692383,1333.0999755859375,222.56417846679688,-36.00006103515625,Closed,-3333.198684692383,1333.0999755859375,186.56411743164062,0.026023423515815717,4666.29866027832,186.56411743164062,0.03998117802012121,0,186.56411743164062
2022-05-10,48.496273040771484,-0.010636065015486418,131.89999389648438,-0.010576878613246077,-5.9186402240340996e-05,5.9186402240340996e-05,0.026011770046081018,0.01401874072550777,0,0,0.0,10,2.7046616806784898,0.0,0.0,0.0,0.0,0.0,0.0,,0.0,0.0,0.0,0.026011770046081018,0.0,0.0,0.0,0,0.0
2022-05-11,48.1390495300293,-0.007365999247856969,134.25999450683594,0.017892348139179504,-0.025258347387036473,0.025258347387036473,0.02600657976133437,0.014335958828557488,0,0,0.0,10,6.774617560844102,0.0,0.0,0.0,0.0,0.0,0.0,,0.0,0.0,0.0,0.02600657976133437,0.0,0.0,0.0,0,0.0
2022-05-12,47.105979919433594,-0.021460116489239622,131.97999572753906,-0.016981966874583643,-0.00447814961465598,0.00447814961465598,0.025451238355734145,0.0144957076590515,0,0,0.0,10,2.217113782363086,0.0,0.0,0.0,0.0,0.0,0.0,,0.0,0.0,0.0,0.025451238355734145,0.0,0.0,0.0,0,0.0
2022-05-13,48.5349006652832,0.030334168789048155,132.3300018310547,0.002651963288725856,0.0276822055003223,0.0276822055003223,0.024495502055473416,0.014568943789107617,1,1,1.0,10,0.23836340586062452,-3.0,10.0,145.6047019958496,-1323.3000183105469,0.0,0.0,Opened,145.6047019958496,-1323.3000183105469,0.0,0.024495502055473416,1468.9047203063965,0.0,0.0,0,0.0
2022-05-14,48.5349006652832,0.0,132.3300018310547,0.0,0.0,0.0,0.024289138513221474,0.014435841117560756,1,1,0.0,10,,3.0,-10.0,-145.6047019958496,1323.3000183105469,0.0,0.0,Live,0.0,0.0,0.0,0.024289138513221474,1468.9047203063965,0.0,0.0,0,0.0
2022-05-15,48.5349006652832,0.0,132.3300018310547,0.0,0.0,0.0,0.024289138513221474,0.014435841117560756,1,1,0.0,10,,3.0,-10.0,-145.6047019958496,1323.3000183105469,0.0,0.0,Live,0.0,0.0,0.0,0.024289138513221474,1468.9047203063965,0.0,0.0,0,0.0
2022-05-16,48.6507453918457,0.0023868334945489345,132.9600067138672,0.004760862042583636,-0.002374028548034701,0.002374028548034701,0.024322394545703094,0.014522036485377721,0,0,-1.0,10,5.451236234588978,3.0,-10.0,-145.9522361755371,1329.6000671386719,-0.3475341796875,6.300048828125,Closed,-145.9522361755371,1329.6000671386719,5.9525146484375,0.024322394545703094,1475.552303314209,5.9525146484375,0.004034092614045381,0,5.9525146484375
2022-05-17,50.71689224243164,0.042468965972559225,132.61000061035156,-0.002632416409761862,0.04510138238232109,0.04510138238232109,0.026016380848011514,0.014497826212323631,1,1,1.0,10,0.1620714605384946,-2.0,10.0,101.43378448486328,-1326.1000061035156,0.0,0.0,Opened,101.43378448486328,-1326.1000061035156,0.0,0.026016380848011514,1427.533790588379,0.0,0.0,0,0.0
2022-05-18,48.612125396728516,-0.04150031188114078,130.80999755859375,-0.013573659931174986,-0.027926651949965797,0.027926651949965797,0.026751473167977352,0.014546529510732471,0,0,-1.0,10,0.8801200847148659,2.0,-10.0,-97.22425079345703,1308.0999755859375,4.20953369140625,-18.000030517578125,Closed,-97.22425079345703,1308.0999755859375,-13.790496826171875,0.026751473167977352,1405.3242263793945,-13.790496826171875,-0.009813035716107312,0,-13.790496826171875
2022-05-19,49.39417266845703,0.01608749391939046,131.9199981689453,0.00848559461102627,0.007601899308364191,0.007601899308364191,0.02707179070025915,0.014771891408136483,1,0,0.0,10,1.4087333798425716,0.0,0.0,0.0,0.0,0.0,0.0,,0.0,0.0,0.0,0.02707179070025915,0.0,0.0,0.0,0,0.0
2022-05-20,48.814884185791016,-0.011727870948549102,133.66000366210938,0.013189853830468445,-0.024917724779017547,0.024917724779017547,0.02704592187935712,0.015133354456440989,0,0,0.0,10,3.0794276837767756,0.0,0.0,0.0,0.0,0.0,0.0,,0.0,0.0,0.0,0.02704592187935712,0.0,0.0,0.0,0,0.0
2022-05-21,48.814884185791016,0.0,133.66000366210938,0.0,0.0,0.0,0.025117337864541373,0.015142064308297563,1,0,0.0,10,,0.0,0.0,0.0,0.0,0.0,0.0,,0.0,0.0,0.0,0.025117337864541373,0.0,0.0,0.0,0,0.0
2022-05-22,48.814884185791016,0.0,133.66000366210938,0.0,0.0,0.0,0.02368633931897908,0.01515071374970249,1,0,0.0,10,,0.0,0.0,0.0,0.0,0.0,0.0,,0.0,0.0,0.0,0.02368633931897908,0.0,0.0,0.0,0,0.0
2022-05-23,50.765167236328125,0.0399526309048337,133.99000549316406,0.0024689647015792016,0.037483666203254495,0.037483666203254495,0.025034632884783664,0.015183374282725542,1,1,1.0,10,0.1631083075815419,-2.0,10.0,101.53033447265625,-1339.9000549316406,0.0,0.0,Opened,101.53033447265625,-1339.9000549316406,0.0,0.025034632884783664,1441.4303894042969,0.0,0.0,0,0.0
2022-05-24,50.25345993041992,-0.010079890085381571,133.30999755859375,-0.005075064607001689,-0.005004825478379882,0.005004825478379882,0.025057853188292244,0.015159267480878567,0,0,-1.0,10,1.3356188237500528,2.0,-10.0,-100.50691986083984,1333.0999755859375,1.0234146118164062,-6.800079345703125,Closed,-100.50691986083984,1333.0999755859375,-5.776664733886719,0.025057853188292244,1433.6068954467773,-5.776664733886719,-0.004029462157467125,0,-5.776664733886719
2022-05-25,51.01619338989258,0.015177730260338862,133.27000427246094,-0.00030000215186587464,0.015477732412204737,0.015477732412204737,0.025099474502749686,0.015135489739859537,1,0,0.0,10,0.05163472887551362,0.0,0.0,0.0,0.0,0.0,0.0,,0.0,0.0,0.0,0.025099474502749686,0.0,0.0,0.0,0,0.0
2022-05-26,52.734745025634766,0.03368639487874203,132.97999572753906,-0.0021760976635745166,0.03586249254231655,0.03586249254231655,0.025768387673699072,0.015137220213883381,1,1,1.0,10,0.1628970845415251,-2.0,10.0,105.46949005126953,-1329.7999572753906,0.0,0.0,Opened,105.46949005126953,-1329.7999572753906,0.0,0.025768387673699072,1435.2694473266602,0.0,0.0,0,0.0
2022-05-27,53.67127227783203,0.01775920698473099,133.1699981689453,0.0014288046887558359,0.016330402295975155,0.016330402295975155,0.025763835598234402,0.015172464990109765,1,1,0.0,10,0.19962448150823736,2.0,-10.0,-107.34254455566406,1331.6999816894531,-1.8730545043945312,1.9000244140625,Live,0.0,0.0,0.0,0.025763835598234402,1439.0425262451172,0.02696990966796875,1.8741565434025867e-05,0,0.0
2022-05-28,53.67127227783203,0.0,133.1699981689453,0.0,0.0,0.0,0.02550895402494514,0.015190092886272105,1,1,0.0,10,,2.0,-10.0,-107.34254455566406,1331.6999816894531,-1.8730545043945312,1.9000244140625,Live,0.0,0.0,0.0,0.02550895402494514,1439.0425262451172,0.02696990966796875,1.8741565434025867e-05,0,0.0
2022-05-29,53.67127227783203,0.0,133.1699981689453,0.0,0.0,0.0,0.024610056457558704,0.015206933628130657,1,1,0.0,10,,2.0,-10.0,-107.34254455566406,1331.6999816894531,-1.8730545043945312,1.9000244140625,Live,0.0,0.0,0.0,0.024610056457558704,1439.0425262451172,0.02696990966796875,1.8741565434025867e-05,0,0.0
2022-05-30,53.67127227783203,0.0,133.1699981689453,0.0,0.0,0.0,0.024610056457558704,0.015206933628130657,1,1,0.0,10,,2.0,-10.0,-107.34254455566406,1331.6999816894531,-1.8730545043945312,1.9000244140625,Live,0.0,0.0,0.0,0.024610056457558704,1439.0425262451172,0.02696990966796875,1.8741565434025867e-05,0,0.0
2022-05-31,51.778926849365234,-0.03525806913372531,133.50999450683594,0.002553100116884366,-0.03781116925060968,0.03781116925060968,0.025434474062973347,0.015237289611501179,0,0,-1.0,10,0.18671106379645602,2.0,-10.0,-103.55785369873047,1335.0999450683594,1.9116363525390625,5.29998779296875,Closed,-103.55785369873047,1335.0999450683594,7.2116241455078125,0.025434474062973347,1438.6577987670898,7.2116241455078125,0.005012744623278779,0,7.2116241455078125
2022-06-01,51.682376861572266,-0.001864657953878579,136.9499969482422,0.025765879581622686,-0.027630537535501265,0.027630537535501265,0.02534413471427115,0.014160784381542437,0,1,1.0,10,36.615531539537585,367.0,-10.0,-18967.43230819702,1369.4999694824219,0.0,0.0,Opened,-18967.43230819702,1369.4999694824219,0.0,0.02534413471427115,20336.932277679443,0.0,0.0,0,0.0
2022-06-02,53.62299346923828,0.037548904007720596,142.35000610351562,0.039430516798874216,-0.0018816127911536196,0.0018816127911536196,0.025958213314351185,0.01602128380150049,0,1,0.0,10,2.7876717860846028,-367.0,10.0,19679.63860321045,-1423.5000610351562,712.2062950134277,-54.000091552734375,Live,0.0,0.0,0.0,0.025958213314351185,21103.138664245605,658.2062034606934,0.03118996723344626,0,0.0
2022-06-03,52.47406768798828,-0.02142599110788357,144.02000427246094,0.011731633982023926,-0.033157625089907494,0.033157625089907494,0.02560174454800388,0.01609469741588281,0,1,0.0,10,1.5027809213968755,-367.0,10.0,19257.9828414917,-1440.2000427246094,290.55053329467773,-70.7000732421875,Live,0.0,0.0,0.0,0.02560174454800388,20698.18288421631,219.85046005249023,0.010621727582672984,0,0.0
2022-06-04,52.47406768798828,0.0,144.02000427246094,0.0,0.0,0.0,0.023736501576465667,0.01588813667471835,1,0,-1.0,10,,-367.0,10.0,19257.9828414917,-1440.2000427246094,290.55053329467773,-70.7000732421875,Closed,19257.9828414917,-1440.2000427246094,219.85046005249023,0.023736501576465667,20698.18288421631,219.85046005249023,0.010621727582672984,0,219.85046005249023
2022-06-05,52.47406768798828,0.0,144.02000427246094,0.0,0.0,0.0,0.023403054797514408,0.01201639911529298,1,0,0.0,10,,0.0,0.0,0.0,0.0,0.0,0.0,,0.0,0.0,0.0,0.023403054797514408,0.0,0.0,0.0,0,0.0
2022-06-06,53.2657585144043,0.01508727760773998,144.80999755859375,0.005485302476718967,0.009601975131021012,0.009601975131021012,0.023556144937212517,0.012030446509651746,1,0,0.0,10,0.988416825894099,0.0,0.0,0.0,0.0,0.0,0.0,,0.0,0.0,0.0,0.023556144937212517,0.0,0.0,0.0,0,0.0
2022-06-07,55.119503021240234,0.03480180435869773,145.8800048828125,0.00738904317559852,0.02741276118309921,0.02741276118309921,0.024354420369617817,0.012064924111738887,1,1,1.0,10,0.5619231429507476,-6.0,10.0,330.7170181274414,-1458.800048828125,0.0,0.0,Opened,330.7170181274414,-1458.800048828125,0.0,0.024354420369617817,1789.5170669555664,0.0,0.0,0,0.0
2022-06-08,53.02439880371094,-0.038010216034095046,145.33999633789062,-0.0037017310587265095,-0.034308484975368536,0.034308484975368536,0.022443196137906518,0.010871895855013537,0,0,-1.0,10,0.2669401601301339,6.0,-10.0,-318.1463928222656,1453.3999633789062,12.570625305175781,-5.40008544921875,Closed,-318.1463928222656,1453.3999633789062,7.170539855957031,0.022443196137906518,1771.5463562011719,7.170539855957031,0.004047616270868142,0,7.170539855957031
2022-06-09,50.48517990112305,-0.04788774526209583,143.6300048828125,-0.011765456847148137,-0.03612228841494769,0.03612228841494769,0.024179323618323804,0.010924891066773154,0,1,1.0,10,0.6989814866001853,7.0,-10.0,-353.3962593078613,1436.300048828125,0.0,0.0,Opened,-353.3962593078613,1436.300048828125,0.0,0.024179323618323804,1789.6963081359863,0.0,0.0,0,0.0
2022-06-10,50.137596130371094,-0.006884867429069463,141.50999450683594,-0.01476021934070304,0.007875351911633577,0.007875351911633577,0.024173314122348223,0.0110060752408171,1,0,-1.0,10,6.050911980747914,-7.0,10.0,350.96317291259766,-1415.0999450683594,-2.433086395263672,21.200103759765625,Closed,350.96317291259766,-1415.0999450683594,18.767017364501953,0.024173314122348223,1766.063117980957,18.767017364501953,0.010626470352858765,0,18.767017364501953
2022-06-11,50.137596130371094,0.0,141.50999450683594,0.0,0.0,0.0,0.02378050437593419,0.010427611633061018,1,0,0.0,10,,0.0,0.0,0.0,0.0,0.0,0.0,,0.0,0.0,0.0,0.02378050437593419,0.0,0.0,0.0,0,0.0
2022-06-12,50.137596130371094,0.0,141.50999450683594,0.0,0.0,0.0,0.023187320379032202,0.01043645108681562,1,0,0.0,10,,0.0,0.0,0.0,0.0,0.0,0.0,,0.0,0.0,0.0,0.023187320379032202,0.0,0.0,0.0,0,0.0
2022-06-13,46.61357498168945,-0.07028699859319631,140.33999633789062,-0.008267954309678083,-0.06201904428351823,0.06201904428351823,0.02662408168527936,0.010606790596853644,0,1,1.0,10,0.3541539731906538,4.0,-10.0,-186.4542999267578,1403.3999633789062,0.0,0.0,Opened,-186.4542999267578,1403.3999633789062,0.0,0.02662408168527936,1589.854263305664,0.0,0.0,0,0.0
2022-06-14,46.00532531738281,-0.013048766685360924,140.08999633789062,-0.001781388104059034,-0.01126737858130189,0.01126737858130189,0.026713637085570348,0.010623430847776413,0,1,0.0,10,0.4157077295692539,-4.0,10.0,184.02130126953125,-1400.8999633789062,-2.4329986572265625,2.5,Live,0.0,0.0,0.0,0.026713637085570348,1584.9212646484375,0.0670013427734375,4.227424053667394e-05,0,0.0
2022-06-15,46.9708137512207,0.020986449442040644,137.1699981689453,-0.02084373078219237,0.041830180224233016,0.041830180224233016,0.02701945515012833,0.011391053352135527,1,0,-1.0,10,2.9004643668522547,-4.0,10.0,187.8832550048828,-1371.6999816894531,1.428955078125,31.699981689453125,Closed,187.8832550048828,-1371.6999816894531,33.128936767578125,0.02701945515012833,1559.583236694336,33.128936767578125,0.021242172901138393,0,33.128936767578125
2022-06-16,44.943294525146484,-0.043165512030788,137.85000610351562,0.004957410101681159,-0.04812292213246916,0.04812292213246916,0.026811782955763207,0.01138954375923117,0,1,1.0,10,0.3522571648793461,4.0,-10.0,-179.77317810058594,1378.5000610351562,0.0,0.0,Opened,-179.77317810058594,1378.5000610351562,0.0,0.026811782955763207,1558.2732391357422,0.0,0.0,0,0.0
2022-06-17,44.93363571166992,-0.00021491111362914594,135.69000244140625,-0.01566923153044597,0.015454320416816825,0.015454320416816825,0.025845121665534394,0.011490237850630448,1,0,-1.0,10,220.1735340474846,-4.0,10.0,179.7345428466797,-1356.9000244140625,-0.03863525390625,21.60003662109375,Closed,179.7345428466797,-1356.9000244140625,21.5614013671875,0.025845121665534394,1536.6345672607422,21.5614013671875,0.014031573821499797,0,21.5614013671875
2022-06-18,44.93363571166992,0.0,135.69000244140625,0.0,0.0,0.0,0.025616502964578975,0.011411036997470215,1,0,0.0,10,,0.0,0.0,0.0,0.0,0.0,0.0,,0.0,0.0,0.0,0.025616502964578975,0.0,0.0,0.0,0,0.0
2022-06-19,44.93363571166992,0.0,135.69000244140625,0.0,0.0,0.0,0.0255654457127133,0.011176949835165192,1,0,0.0,10,,0.0,0.0,0.0,0.0,0.0,0.0,,0.0,0.0,0.0,0.0255654457127133,0.0,0.0,0.0,0,0.0
2022-06-20,44.93363571166992,0.0,135.69000244140625,0.0,0.0,0.0,0.0255654457127133,0.011176949835165192,1,0,0.0,10,,0.0,0.0,0.0,0.0,0.0,0.0,,0.0,0.0,0.0,0.0255654457127133,0.0,0.0,0.0,0,0.0
2022-06-21,45.83659744262695,0.020095452252097967,133.47000122070312,-0.016360831164858758,0.036456283416956725,0.036456283416956725,0.025892685046049052,0.011596605475519448,1,1,1.0,10,2.3707124007930824,-24.0,10.0,1100.0783386230469,-1334.7000122070312,0.0,0.0,Opened,1100.0783386230469,-1334.7000122070312,0.0,0.025892685046049052,2434.778350830078,0.0,0.0,0,0.0
2022-06-22,44.08111572265625,-0.038298691829558584,127.91999816894531,-0.04158240054692475,0.0032837087173661628,0.0032837087173661628,0.025483136652548595,0.013846158823869048,1,1,0.0,10,3.1507321444254357,24.0,-10.0,-1057.94677734375,1279.1999816894531,42.131561279296875,-55.500030517578125,Live,0.0,0.0,0.0,0.025483136652548595,2337.146759033203,-13.36846923828125,-0.0057199956256967464,0,0.0
2022-06-23,42.442012786865234,-0.03718378967773206,131.4499969482422,0.027595362959861536,-0.0647791526375936,0.0647791526375936,0.026163702865476344,0.014803043899185157,0,0,-1.0,10,2.2985135551665112,24.0,-10.0,-1018.6083068847656,1314.4999694824219,81.47003173828125,-20.200042724609375,Closed,-1018.6083068847656,1314.4999694824219,61.269989013671875,0.026163702865476344,2333.1082763671875,61.269989013671875,0.02626109968161166,0,61.269989013671875
2022-06-24,44.70182800292969,0.05324477016235685,129.7100067138672,-0.013236898248541684,0.06648166841089853,0.06648166841089853,0.028045489378584833,0.01498843599803496,1,1,1.0,10,0.7213689955250987,-8.0,10.0,357.6146240234375,-1297.1000671386719,0.0,0.0,Opened,357.6146240234375,-1297.1000671386719,0.0,0.028045489378584833,1654.7146911621094,0.0,0.0,0,0.0
2022-06-25,44.70182800292969,0.0,129.7100067138672,0.0,0.0,0.0,0.027144013171690528,0.014986780357817897,1,1,0.0,10,,8.0,-10.0,-357.6146240234375,1297.1000671386719,0.0,0.0,Live,0.0,0.0,0.0,0.027144013171690528,1654.7146911621094,0.0,0.0,0,0.0
2022-06-26,44.70182800292969,0.0,129.7100067138672,0.0,0.0,0.0,0.02681924700543277,0.014981982103928999,1,1,0.0,10,,8.0,-10.0,-357.6146240234375,1297.1000671386719,0.0,0.0,Live,0.0,0.0,0.0,0.02681924700543277,1654.7146911621094,0.0,0.0,0,0.0
2022-06-27,45.409847259521484,0.01583870924798414,130.92999267578125,0.009405488387686844,0.006433220860297295,0.006433220860297295,0.02709037269617411,0.01509659547451061,1,1,0.0,10,1.7121849193167356,8.0,-10.0,-363.2787780761719,1309.2999267578125,-5.664154052734375,12.199859619140625,Live,0.0,0.0,0.0,0.02709037269617411,1672.5787048339844,6.53570556640625,0.003907562345208124,0,0.0
2022-06-28,44.653343200683594,-0.016659471557224137,131.00999450683594,0.0006110275378445884,-0.017270499095068725,0.017270499095068725,0.027150836626853917,0.015097642937669643,0,0,-1.0,10,0.10760935058485709,8.0,-10.0,-357.22674560546875,1310.0999450683594,0.38787841796875,12.9998779296875,Closed,-357.22674560546875,1310.0999450683594,13.38775634765625,0.027150836626853917,1667.3266906738281,13.38775634765625,0.008029474021222418,0,13.38775634765625
2022-06-29,43.40218734741211,-0.02801930972219635,130.4600067138672,-0.004198059812452359,-0.02382124990974399,0.02382124990974399,0.02742664132532964,0.015112921122807573,0,0,0.0,10,0.4503570537771898,0.0,0.0,0.0,0.0,0.0,0.0,,0.0,0.0,0.0,0.02742664132532964,0.0,0.0,0.0,0,0.0
2022-06-30,42.09285354614258,-0.030167461164779308,130.0,-0.0035260362578096727,-0.026641424906969635,0.026641424906969635,0.027259012903656784,0.01511029072037378,0,0,0.0,10,0.3609798793548341,0.0,0.0,0.0,0.0,0.0,0.0,,0.0,0.0,0.0,0.027259012903656784,0.0,0.0,0.0,0,0.0
2022-07-01,42.296531677246094,0.004838781739523679,114.44999694824219,-0.11961540809044469,0.12445418982996836,0.12445418982996836,0.027325858422357525,0.025820805266563798,1,1,1.0,10,66.89014263839712,-669.0,10.0,28296.379692077637,-1144.4999694824219,0.0,0.0,Opened,28296.379692077637,-1144.4999694824219,0.0,0.027325858422357525,29440.87966156006,0.0,0.0,0,0.0
2022-07-02,42.296531677246094,0.0,114.44999694824219,0.0,0.0,0.0,0.026079990711892986,0.024413565433474487,1,1,0.0,10,,669.0,-10.0,-28296.379692077637,1144.4999694824219,0.0,0.0,Live,0.0,0.0,0.0,0.026079990711892986,29440.87966156006,0.0,0.0,0,0.0
2022-07-03,42.296531677246094,0.0,114.44999694824219,0.0,0.0,0.0,0.025979945319283965,0.024197207500066948,1,1,0.0,10,,669.0,-10.0,-28296.379692077637,1144.4999694824219,0.0,0.0,Live,0.0,0.0,0.0,0.025979945319283965,29440.87966156006,0.0,0.0,0,0.0
2022-07-04,42.296531677246094,0.0,114.44999694824219,0.0,0.0,0.0,0.025979945319283965,0.024197207500066948,1,1,0.0,10,,669.0,-10.0,-28296.379692077637,1144.4999694824219,0.0,0.0,Live,0.0,0.0,0.0,0.025979945319283965,29440.87966156006,0.0,0.0,0,0.0
2022-07-05,40.22098159790039,-0.04907140129558829,113.61000061035156,-0.007339417739525955,-0.041731983556062335,0.041731983556062335,0.02705745909574792,0.024157623963078377,0,0,-1.0,10,0.422471137496476,669.0,-10.0,-26907.83668899536,1136.1000061035156,1388.5430030822754,-8.39996337890625,Closed,-26907.83668899536,1136.1000061035156,1380.1430397033691,0.02705745909574792,28043.936695098877,1380.1430397033691,0.04921359845832811,0,1380.1430397033691
2022-07-06,39.939720153808594,-0.006992903527408667,112.37999725341797,-0.01082654124043303,0.0038336377130243626,0.0038336377130243626,0.026692502206828433,0.024036835006825172,1,0,0.0,10,4.3562841226815285,0.0,0.0,0.0,0.0,0.0,0.0,,0.0,0.0,0.0,0.026692502206828433,0.0,0.0,0.0,0,0.0
2022-07-07,42.024967193603516,0.05220985604717798,115.13999938964844,0.024559549774739953,0.02765030627243803,0.02765030627243803,0.02784638324568385,0.02461623633386617,1,0,0.0,10,1.2888036133431022,0.0,0.0,0.0,0.0,0.0,0.0,,0.0,0.0,0.0,0.02784638324568385,0.0,0.0,0.0,0,0.0
2022-07-08,41.66611099243164,-0.008539119126938832,113.73999786376953,-0.012159123964740726,0.0036200048378018934,0.0036200048378018934,0.0272881395631167,0.024619133862789914,1,0,0.0,10,3.8870440581538803,0.0,0.0,0.0,0.0,0.0,0.0,,0.0,0.0,0.0,0.0272881395631167,0.0,0.0,0.0,0,0.0
2022-07-09,41.66611099243164,0.0,113.73999786376953,0.0,0.0,0.0,0.026232845813416825,0.024647922402031616,1,0,0.0,10,,0.0,0.0,0.0,0.0,0.0,0.0,,0.0,0.0,0.0,0.026232845813416825,0.0,0.0,0.0,0,0.0
2022-07-10,41.66611099243164,0.0,113.73999786376953,0.0,0.0,0.0,0.02625534181563539,0.02464396766217941,1,0,0.0,10,,0.0,0.0,0.0,0.0,0.0,0.0,,0.0,0.0,0.0,0.02625534181563539,0.0,0.0,0.0,0,0.0
2022-07-11,40.97748947143555,-0.016527136912806162,109.97000122070312,-0.03314574216523081,0.016618605252424645,0.016618605252424645,0.026302480739238587,0.025061450229963114,1,0,0.0,10,5.382189756893188,0.0,0.0,0.0,0.0,0.0,0.0,,0.0,0.0,0.0,0.026302480739238587,0.0,0.0,0.0,0,0.0
2022-07-12,41.17146682739258,0.004733754030789239,109.68000030517578,-0.0026370911367485927,0.007370845167537832,0.007370845167537832,0.026356128699928136,0.025036863159866977,1,0,0.0,10,1.4840569056704216,0.0,0.0,0.0,0.0,0.0,0.0,,0.0,0.0,0.0,0.026356128699928136,0.0,0.0,0.0,0,0.0
2022-07-13,42.063758850097656,0.021672582773062832,111.05000305175781,0.01249090757449034,0.009181675198572492,0.009181675198572492,0.023877538156954318,0.025318353896613882,1,0,0.0,10,1.5215765987898258,0.0,0.0,0.0,0.0,0.0,0.0,,0.0,0.0,0.0,0.025318353896613882,0.0,0.0,0.0,0,0.0
2022-07-14,40.82230758666992,-0.02951355982835213,106.01000213623047,-0.045384968726010055,0.015871408897657924,0.015871408897657924,0.024298600740703398,0.026217709430229823,1,0,0.0,10,3.993371712680541,0.0,0.0,0.0,0.0,0.0,0.0,,0.0,0.0,0.0,0.026217709430229823,0.0,0.0,0.0,0,0.0
2022-07-15,41.61761474609375,0.019482170569003587,104.30000305175781,-0.01613054476006126,0.03561271532906485,0.03561271532906485,0.024247418307967672,0.026157703637374893,1,1,1.0,10,2.075003477049774,-21.0,10.0,873.9699096679688,-1043.0000305175781,0.0,0.0,Opened,873.9699096679688,-1043.0000305175781,0.0,0.026157703637374893,1916.9699401855469,0.0,0.0,0,0.0
2022-07-16,41.61761474609375,0.0,104.30000305175781,0.0,0.0,0.0,0.02307991846541014,0.02608374454136656,1,1,0.0,10,,21.0,-10.0,-873.9699096679688,1043.0000305175781,0.0,0.0,Live,0.0,0.0,0.0,0.02608374454136656,1916.9699401855469,0.0,0.0,0,0.0
2022-07-17,41.61761474609375,0.0,104.30000305175781,0.0,0.0,0.0,0.023080622075581737,0.026100502137625697,1,1,0.0,10,,21.0,-10.0,-873.9699096679688,1043.0000305175781,0.0,0.0,Live,0.0,0.0,0.0,0.026100502137625697,1916.9699401855469,0.0,0.0,0,0.0
2022-07-18,42.31592559814453,0.016779213713018493,106.69000244140625,0.0229146627010397,-0.006135448988021208,0.006135448988021208,0.023340005456865355,0.02668307112445085,0,0,-1.0,10,3.4431959872415576,21.0,-10.0,-888.6344375610352,1066.9000244140625,-14.664527893066406,23.899993896484375,Closed,-888.6344375610352,1066.9000244140625,9.235466003417969,0.02668307112445085,1955.5344619750977,9.235466003417969,0.004722732420726614,0,9.235466003417969
2022-07-19,43.45069122314453,0.026816514325513463,104.76000213623047,-0.018089795304257583,0.044906309629771046,0.044906309629771046,0.023915207212632243,0.02670934704669494,1,1,1.0,10,1.6264103710335371,-17.0,10.0,738.661750793457,-1047.6000213623047,0.0,0.0,Opened,738.661750793457,-1047.6000213623047,0.0,0.02670934704669494,1786.2617721557617,0.0,0.0,0,0.0
2022-07-20,43.557373046875,0.00245523881732046,104.51000213623047,-0.0023864069769194973,0.004841645794239957,0.004841645794239957,0.02392238815402409,0.026687560746555507,1,1,0.0,10,2.332098800171037,17.0,-10.0,-740.475341796875,1045.1000213623047,-1.8135910034179688,-2.5,Live,0.0,0.0,0.0,0.026687560746555507,1785.5753631591797,-4.313591003417969,-0.0024157989029295443,0,0.0
2022-07-21,43.60586929321289,0.0011133877675704174,105.2699966430664,0.007271978674780577,-0.00615859090721016,0.00615859090721016,0.02360061419507696,0.026790058747426345,0,0,-1.0,10,15.767607896021344,17.0,-10.0,-741.2997779846191,1052.699966430664,-2.6380271911621094,5.099945068359375,Closed,-741.2997779846191,1052.699966430664,2.4619178771972656,0.026790058747426345,1793.9997444152832,2.4619178771972656,0.0013723067045361683,0,2.4619178771972656
2022-07-22,42.422611236572266,-0.027135293386406523,105.38999938964844,0.0011399520320012346,-0.028275245418407757,0.028275245418407757,0.023080937546784638,0.026041661015903828,0,1,1.0,10,0.1043648036618961,2.0,-10.0,-84.84522247314453,1053.8999938964844,0.0,0.0,Opened,-84.84522247314453,1053.8999938964844,0.0,0.026041661015903828,1138.745216369629,0.0,0.0,0,0.0
2022-07-23,42.422611236572266,0.0,105.38999938964844,0.0,0.0,0.0,0.0220472488109588,0.025287246221452602,1,0,-1.0,10,,-2.0,10.0,84.84522247314453,-1053.8999938964844,0.0,0.0,Closed,84.84522247314453,-1053.8999938964844,0.0,0.025287246221452602,1138.745216369629,0.0,0.0,0,0.0
2022-07-24,42.422611236572266,0.0,105.38999938964844,0.0,0.0,0.0,0.0196434878195129,0.025290320946213453,1,0,0.0,10,,0.0,0.0,0.0,0.0,0.0,0.0,,0.0,0.0,0.0,0.025290320946213453,0.0,0.0,0.0,0,0.0
2022-07-25,43.867733001708984,0.03406489423948722,105.41999816894531,0.0002846454072551463,0.033780248832232074,0.033780248832232074,0.020693069447873316,0.025292923368562543,1,1,1.0,10,0.020080519712514386,-1.0,10.0,43.867733001708984,-1054.1999816894531,0.0,0.0,Opened,43.867733001708984,-1054.1999816894531,0.0,0.025292923368562543,1098.067714691162,0.0,0.0,0,0.0
2022-07-26,43.79984664916992,-0.001547523610039736,106.01000213623047,0.005596698705492509,-0.007144222315532245,0.007144222315532245,0.020693913425886966,0.02536350911608666,0,0,-1.0,10,8.753241228561384,1.0,-10.0,-43.79984664916992,1060.1000213623047,0.0678863525390625,5.9000396728515625,Closed,-43.79984664916992,1060.1000213623047,5.967926025390625,0.02536350911608666,1103.8998680114746,5.967926025390625,0.005406220435682297,0,5.967926025390625
2022-07-27,45.28376770019531,0.033879594668706714,106.23999786376953,0.0021695662947303074,0.03171002837397641,0.03171002837397641,0.02143318161459247,0.025242412405067274,1,1,1.0,10,0.15023814713177067,-2.0,10.0,90.56753540039062,-1062.3999786376953,0.0,0.0,Opened,90.56753540039062,-1062.3999786376953,0.0,0.025242412405067274,1152.967514038086,0.0,0.0,0,0.0
2022-07-28,45.623226165771484,0.007496250484800182,106.88999938964844,0.006118237377154223,0.001378013107645959,0.001378013107645959,0.021233534038894605,0.025316678920281884,1,1,0.0,10,1.912200005578991,2.0,-10.0,-91.24645233154297,1068.8999938964844,-0.6789169311523438,6.5000152587890625,Live,0.0,0.0,0.0,0.025316678920281884,1160.1464462280273,5.821098327636719,0.005017554763506623,0,0.0
2022-07-29,46.787078857421875,0.02551009188656561,107.22000122070312,0.003087303142847997,0.022422788743717614,0.022422788743717614,0.020963985985637618,0.025373701814863505,1,1,0.0,10,0.2773429489215612,2.0,-10.0,-93.57415771484375,1072.2000122070312,-3.006622314453125,9.800033569335938,Live,0.0,0.0,0.0,0.025373701814863505,1165.774169921875,6.7934112548828125,0.005827381863622932,0,0.0
2022-07-30,46.787078857421875,0.0,107.22000122070312,0.0,0.0,0.0,0.020035085251518477,0.02539461034977269,1,1,0.0,10,,2.0,-10.0,-93.57415771484375,1072.2000122070312,-3.006622314453125,9.800033569335938,Live,0.0,0.0,0.0,0.02539461034977269,1165.774169921875,6.7934112548828125,0.005827381863622932,0,0.0
2022-07-31,46.787078857421875,0.0,107.22000122070312,0.0,0.0,0.0,0.020045277461923586,0.013606426722992317,1,1,0.0,10,,2.0,-10.0,-93.57415771484375,1072.2000122070312,-3.006622314453125,9.800033569335938,Live,0.0,0.0,0.0,0.020045277461923586,1165.774169921875,6.7934112548828125,0.005827381863622932,0,0.0
2022-08-01,46.292442321777344,-0.010572075618396237,114.3499984741211,0.06649876116622577,-0.07707083678462201,0.07707083678462201,0.020202388632027626,0.018495592215893007,0,0,-1.0,10,15.537436363165986,2.0,-10.0,-92.58488464355469,1143.499984741211,-2.0173492431640625,81.10000610351562,Closed,-92.58488464355469,1143.499984741211,79.08265686035156,0.020202388632027626,1236.0848693847656,79.08265686035156,0.06397833904375291,0,79.08265686035156
2022-08-02,45.67171859741211,-0.013408748668964243,113.36000061035156,-0.008657611517096653,-0.0047511371518675904,0.0047511371518675904,0.02042299011905835,0.01856517346127365,0,0,0.0,10,1.6025896338915582,0.0,0.0,0.0,0.0,0.0,0.0,,0.0,0.0,0.0,0.02042299011905835,0.0,0.0,0.0,0,0.0
2022-08-03,45.506832122802734,-0.0036102533399896553,110.11000061035156,-0.028669724616279035,0.02505947127628938,0.02505947127628938,0.020450453802633956,0.019281060191845147,1,1,1.0,10,19.214806002772715,-193.0,10.0,8782.818599700928,-1101.1000061035156,0.0,0.0,Opened,8782.818599700928,-1101.1000061035156,0.0,0.020450453802633956,9883.918605804443,0.0,0.0,0,0.0
2022-08-04,45.962684631347656,0.010017232298543233,107.02999877929688,-0.027972044446298305,0.03798927674484154,0.03798927674484154,0.017996174633211293,0.019869921884107182,1,1,0.0,10,6.502443653722261,193.0,-10.0,-8870.798133850098,1070.2999877929688,-87.97953414916992,-30.800018310546875,Live,0.0,0.0,0.0,0.019869921884107182,9941.098121643066,-118.7795524597168,-0.011948333172682225,0,0.0
2022-08-05,47.01015090942383,0.02278949296538202,109.19999694824219,0.020274672462811116,0.0025148205025709025,0.0025148205025709025,0.01815464208718401,0.020191342692161524,1,1,0.0,10,2.06657021147124,193.0,-10.0,-9072.959125518799,1091.9999694824219,-290.1405258178711,-9.10003662109375,Live,0.0,0.0,0.0,0.020191342692161524,10164.95909500122,-299.24056243896484,-0.02943844236285428,1,-299.24056243896484
2022-08-06,47.01015090942383,0.0,109.19999694824219,0.0,0.0,0.0,0.01589484694155999,0.019619104685458716,1,1,0.0,10,,193.0,-10.0,-9072.959125518799,1091.9999694824219,-290.1405258178711,-9.10003662109375,Live,0.0,0.0,0.0,0.019619104685458716,10164.95909500122,-299.24056243896484,-0.02943844236285428,1,0.0
2022-08-07,47.01015090942383,0.0,109.19999694824219,0.0,0.0,0.0,0.01574076664509808,0.019518344657134444,1,1,0.0,10,,193.0,-10.0,-9072.959125518799,1091.9999694824219,-290.1405258178711,-9.10003662109375,Live,0.0,0.0,0.0,0.019518344657134444,10164.95909500122,-299.24056243896484,-0.02943844236285428,1,0.0
2022-08-08,47.41750717163086,0.00866528301497893,110.37999725341797,0.010805863902496826,-0.0021405808875178955,0.0021405808875178955,0.015741494791276005,0.01964008824403403,0,0,-1.0,10,2.9028754471180473,193.0,-10.0,-9151.578884124756,1103.7999725341797,-368.7602844238281,2.6999664306640625,Closed,-9151.578884124756,1103.7999725341797,-366.06031799316406,0.01964008824403403,10255.378856658936,-366.06031799316406,-0.03569447049296252,1,0.0
2022-08-09,47.79575729370117,0.007977014074173283,109.8499984741211,-0.004801583552136446,0.012778597626309729,0.012778597626309729,0.015731301487319334,0.019652786432951284,1,0,0.0,10,1.383422517333733,0.0,0.0,0.0,0.0,0.0,0.0,,0.0,0.0,0.0,0.019652786432951284,0.0,0.0,0.0,0,0.0
2022-08-10,49.49304962158203,0.03551135966841423,109.62999725341797,-0.00200274213708751,0.03751410180550174,0.03751410180550174,0.016172287992381747,0.018693942307506116,1,1,1.0,10,0.12492314893090098,-2.0,10.0,98.98609924316406,-1096.2999725341797,0.0,0.0,Opened,98.98609924316406,-1096.2999725341797,0.0,0.018693942307506116,1195.2860717773438,0.0,0.0,0,0.0
2022-08-11,49.900394439697266,0.008230343881206359,110.41000366210938,0.007114899463952051,0.0011154444172543077,0.0011154444172543077,0.016172172818055632,0.018730106373505084,1,1,0.0,10,1.9127368819598909,2.0,-10.0,-99.80078887939453,1104.1000366210938,-0.8146896362304688,7.8000640869140625,Live,0.0,0.0,0.0,0.018730106373505084,1203.9008255004883,6.985374450683594,0.005802283961205541,0,0.0
2022-08-12,50.909080505371094,0.02021398982913425,109.70999908447266,-0.006340046684347178,0.026554036513481427,0.026554036513481427,0.016127289007122,0.01862580414601618,1,1,0.0,10,0.6759138900087687,2.0,-10.0,-101.81816101074219,1097.0999908447266,-2.832061767578125,0.800018310546875,Live,0.0,0.0,0.0,0.01862580414601618,1198.9181518554688,-2.03204345703125,-0.0016948975656815443,0,0.0
2022-08-13,50.909080505371094,0.0,109.70999908447266,0.0,0.0,0.0,0.014690379559698957,0.016561171857065276,1,1,0.0,10,,2.0,-10.0,-101.81816101074219,1097.0999908447266,-2.832061767578125,0.800018310546875,Live,0.0,0.0,0.0,0.016561171857065276,1198.9181518554688,-2.03204345703125,-0.0016948975656815443,0,0.0
2022-08-14,50.909080505371094,0.0,109.70999908447266,0.0,0.0,0.0,0.0145721546068614,0.01623525801779078,1,1,0.0,10,,2.0,-10.0,-101.81816101074219,1097.0999908447266,-2.832061767578125,0.800018310546875,Live,0.0,0.0,0.0,0.01623525801779078,1198.9181518554688,-2.03204345703125,-0.0016948975656815443,0,0.0
2022-08-15,50.10407638549805,-0.015812584157518184,107.5999984741211,-0.01923252782754048,0.0034199436700222963,0.0034199436700222963,0.015104407761685033,0.016682822201022934,1,1,0.0,10,2.611997301636199,2.0,-10.0,-100.2081527709961,1075.999984741211,-1.2220535278320312,-20.29998779296875,Live,0.0,0.0,0.0,0.016682822201022934,1176.208137512207,-21.52204132080078,-0.018297817056700492,1,-21.52204132080078
2022-08-16,50.54051971435547,0.008710734940994724,107.37000274658203,-0.002137506791827448,0.010848241732822173,0.010848241732822173,0.015062503797126807,0.016692556747758536,1,1,0.0,10,0.5213098912881718,2.0,-10.0,-101.08103942871094,1073.7000274658203,-2.094940185546875,-22.599945068359375,Live,0.0,0.0,0.0,0.016692556747758536,1174.7810668945312,-24.69488525390625,-0.02102084035043722,1,0.0
2022-08-17,49.1923828125,-0.02667437749898216,105.51000213623047,-0.017323279899150168,-0.009351097599831992,0.009351097599831992,0.01610369044224393,0.01649465521958204,0,0,-1.0,10,1.3929374074827676,2.0,-10.0,-98.384765625,1055.1000213623047,0.6013336181640625,-41.199951171875,Closed,-98.384765625,1055.1000213623047,-40.59861755371094,0.01649465521958204,1153.4847869873047,-40.59861755371094,-0.03519649154606299,1,0.0
2022-08-18,50.375633239746094,0.024053529420522857,106.05000305175781,0.005118006867539604,0.018935522552983253,0.018935522552983253,0.015982989604379123,0.016169739665528628,1,1,1.0,10,0.44793213582465036,-5.0,10.0,251.87816619873047,-1060.5000305175781,0.0,0.0,Opened,251.87816619873047,-1060.5000305175781,0.0,0.016169739665528628,1312.3781967163086,0.0,0.0,0,0.0
2022-08-19,48.75594711303711,-0.0321521740282773,105.63999938964844,-0.0038661353164626266,-0.028286038711814676,0.028286038711814676,0.017366789329192934,0.01618120148999456,0,0,-1.0,10,0.2605358549295836,5.0,-10.0,-243.77973556518555,1056.3999938964844,8.098430633544922,-4.10003662109375,Closed,-243.77973556518555,1056.3999938964844,3.998394012451172,0.017366789329192934,1300.17972946167,3.998394012451172,0.003075262536285409,0,3.998394012451172
2022-08-20,48.75594711303711,0.0,105.63999938964844,0.0,0.0,0.0,0.01737416136653874,0.016130375486128518,1,0,0.0,10,,0.0,0.0,0.0,0.0,0.0,0.0,,0.0,0.0,0.0,0.01737416136653874,0.0,0.0,0.0,0,0.0
2022-08-21,48.75594711303711,0.0,105.63999938964844,0.0,0.0,0.0,0.01638217532950786,0.016129525472482392,1,0,0.0,10,,0.0,0.0,0.0,0.0,0.0,0.0,,0.0,0.0,0.0,0.01638217532950786,0.0,0.0,0.0,0,0.0
2022-08-22,48.28068923950195,-0.009747690316287083,105.5199966430664,-0.0011359593645907662,-0.008611730951696317,0.008611730951696317,0.016575735154685654,0.01613134974978331,0,0,0.0,10,0.2546961500673695,0.0,0.0,0.0,0.0,0.0,0.0,,0.0,0.0,0.0,0.016575735154685654,0.0,0.0,0.0,0,0.0
2022-08-23,49.46395492553711,0.024508052902174393,105.56999969482422,0.000473872757283722,0.02403418014489067,0.02403418014489067,0.016948443289173984,0.016131415310638112,1,1,1.0,10,0.0412671631988606,-1.0,10.0,49.46395492553711,-1055.6999969482422,0.0,0.0,Opened,49.46395492553711,-1055.6999969482422,0.0,0.016948443289173984,1105.1639518737793,0.0,0.0,0,0.0
2022-08-24,50.52112579345703,0.0213725503654405,105.55000305175781,-0.00018941596215038548,0.021561966327590887,0.021561966327590887,0.016352813288371213,0.016131541571285317,1,1,0.0,10,0.01851592682266916,1.0,-10.0,-50.52112579345703,1055.5000305175781,-1.0571708679199219,-0.1999664306640625,Live,0.0,0.0,0.0,0.016352813288371213,1106.0211563110352,-1.2571372985839844,-0.0011366304264712026,0,0.0
2022-08-25,51.84016418457031,0.02610865000328455,105.3499984741211,-0.001894879884926648,0.028003529888211198,0.028003529888211198,0.016754508156220933,0.016102506762230847,1,1,0.0,10,0.14749097089853624,1.0,-10.0,-51.84016418457031,1053.499984741211,-2.376209259033203,-2.20001220703125,Live,0.0,0.0,0.0,0.016754508156220933,1105.3401489257812,-4.576221466064453,-0.004140102456706951,0,0.0
2022-08-26,50.48233413696289,-0.026192626295955423,105.48999786376953,0.0013288978801724305,-0.027521524176127854,0.027521524176127854,0.016868383788463018,0.016099178378556157,0,0,-1.0,10,0.10601917452776038,1.0,-10.0,-50.48233413696289,1054.8999786376953,-1.0183792114257812,-0.800018310546875,Closed,-50.48233413696289,1054.8999786376953,-1.8183975219726562,0.016868383788463018,1105.3823127746582,-1.8183975219726562,-0.001645039459160726,0,-1.8183975219726562
2022-08-27,50.48233413696289,0.0,105.48999786376953,0.0,0.0,0.0,0.01686675025259176,0.016056209668937903,1,0,0.0,10,,0.0,0.0,0.0,0.0,0.0,0.0,,0.0,0.0,0.0,0.01686675025259176,0.0,0.0,0.0,0,0.0
2022-08-28,50.48233413696289,0.0,105.48999786376953,0.0,0.0,0.0,0.016354996010843618,0.016043524198289968,1,0,0.0,10,,0.0,0.0,0.0,0.0,0.0,0.0,,0.0,0.0,0.0,0.016354996010843618,0.0,0.0,0.0,0,0.0
2022-08-29,50.191368103027344,-0.0057637199014239915,105.27999877929688,-0.001990701381412996,-0.0037730185200109956,0.0037730185200109956,0.01642111673894842,0.016045842594963493,0,0,0.0,10,0.7244694691722219,0.0,0.0,0.0,0.0,0.0,0.0,,0.0,0.0,0.0,0.01642111673894842,0.0,0.0,0.0,0,0.0
2022-08-30,48.038230895996094,-0.042898555835567675,104.91999816894531,-0.0034194587245982566,-0.03947909711096942,0.03947909711096942,0.01839336072449448,0.016054409349112658,0,1,1.0,10,0.17409486549992081,2.0,-10.0,-96.07646179199219,1049.1999816894531,0.0,0.0,Opened,-96.07646179199219,1049.1999816894531,0.0,0.01839336072449448,1145.2764434814453,0.0,0.0,0,0.0
2022-08-31,47.65027618408203,-0.008075957517128307,104.76000213623047,-0.0015249336209214315,-0.006551023896206876,0.006551023896206876,0.018344582650281088,0.00985911824331349,0,1,0.0,10,0.4151327442003293,-2.0,10.0,95.30055236816406,-1047.6000213623047,-0.775909423828125,1.5999603271484375,Live,0.0,0.0,0.0,0.018344582650281088,1142.9005737304688,0.8240509033203125,0.000721017140301698,0,0.0
2022-09-01,45.84629440307617,-0.03785878961197908,96.29000091552734,-0.08085148003040976,0.04299269041843068,0.04299269041843068,0.019518235038065743,0.017313563193758284,1,0,-1.0,10,4.485369249004327,-2.0,10.0,91.69258880615234,-962.9000091552734,-4.383872985839844,86.29997253417969,Closed,91.69258880615234,-962.9000091552734,81.91609954833984,0.019518235038065743,1054.5925979614258,81.91609954833984,0.0776755874322343,0,81.91609954833984
2022-09-02,46.22454833984375,0.008250480037536034,95.55000305175781,-0.007685095614639259,0.015935575652175293,0.015935575652175293,0.019556126595181605,0.016750524726509064,1,0,0.0,10,1.9254315605655854,0.0,0.0,0.0,0.0,0.0,0.0,,0.0,0.0,0.0,0.019556126595181605,0.0,0.0,0.0,0,0.0
2022-09-03,46.22454833984375,0.0,95.55000305175781,0.0,0.0,0.0,0.01947705102116678,0.016171764434435465,1,0,0.0,10,,0.0,0.0,0.0,0.0,0.0,0.0,,0.0,0.0,0.0,0.01947705102116678,0.0,0.0,0.0,0,0.0
2022-09-04,46.22454833984375,0.0,95.55000305175781,0.0,0.0,0.0,0.01901149915963898,0.015549455522851113,1,0,0.0,10,,0.0,0.0,0.0,0.0,0.0,0.0,,0.0,0.0,0.0,0.01901149915963898,0.0,0.0,0.0,0,0.0
2022-09-05,46.22454833984375,0.0,95.55000305175781,0.0,0.0,0.0,0.01901149915963898,0.015549455522851113,1,0,0.0,10,,0.0,0.0,0.0,0.0,0.0,0.0,,0.0,0.0,0.0,0.01901149915963898,0.0,0.0,0.0,0,0.0
2022-09-06,46.554298400878906,0.007133656744698236,97.44000244140625,0.019780212760690974,-0.012646556015992738,0.012646556015992738,0.019061039182125702,0.01614678041794705,0,0,0.0,10,5.803583677839966,0.0,0.0,0.0,0.0,0.0,0.0,,0.0,0.0,0.0,0.019061039182125702,0.0,0.0,0.0,0,0.0
2022-09-07,46.97135925292969,0.008958589569097786,97.19000244140625,-0.002565681380707452,0.011524270949805238,0.011524270949805238,0.01906579026194508,0.015916632566615473,1,0,0.0,10,0.5925862189649383,0.0,0.0,0.0,0.0,0.0,0.0,,0.0,0.0,0.0,0.01906579026194508,0.0,0.0,0.0,0,0.0
2022-09-08,47.26232147216797,0.006194460281030434,98.37000274658203,0.012141169621712633,-0.005946709340682199,0.005946709340682199,0.019042390262300896,0.016189306572922852,0,0,0.0,10,4.079478866550671,0.0,0.0,0.0,0.0,0.0,0.0,,0.0,0.0,0.0,0.019042390262300896,0.0,0.0,0.0,0,0.0
2022-09-09,49.05659866333008,0.03796422044606351,100.20999908447266,0.018704851951979462,0.01925936849408405,0.01925936849408405,0.019205567357487314,0.016690794915054083,1,1,1.0,10,1.006452802762158,-11.0,10.0,539.6225852966309,-1002.0999908447266,0.0,0.0,Opened,539.6225852966309,-1002.0999908447266,0.0,0.019205567357487314,1541.7225761413574,0.0,0.0,0,0.0
2022-09-10,49.05659866333008,0.0,100.20999908447266,0.0,0.0,0.0,0.019140907883121765,0.016594592574269422,1,1,0.0,10,,11.0,-10.0,-539.6225852966309,1002.0999908447266,0.0,0.0,Live,0.0,0.0,0.0,0.019140907883121765,1541.7225761413574,0.0,0.0,0,0.0
2022-09-11,49.05659866333008,0.0,100.20999908447266,0.0,0.0,0.0,0.01874222010370041,0.016592106557025203,1,1,0.0,10,,11.0,-10.0,-539.6225852966309,1002.0999908447266,0.0,0.0,Live,0.0,0.0,0.0,0.01874222010370041,1541.7225761413574,0.0,0.0,0,0.0
2022-09-12,49.02751159667969,-0.0005929287281005724,101.41000366210938,0.011974898598942962,-0.012567827327043535,0.012567827327043535,0.01874137194596319,0.016806332883904422,0,0,-1.0,10,41.77440750885418,11.0,-10.0,-539.3026275634766,1014.1000366210938,0.3199577331542969,12.000045776367188,Closed,-539.3026275634766,1014.1000366210938,12.320003509521484,0.01874137194596319,1553.4026641845703,12.320003509521484,0.007930978743356694,0,12.320003509521484
2022-09-13,47.2429313659668,-0.03639956776500464,101.43000030517578,0.00019718609944074927,-0.036596753864445386,0.036596753864445386,0.019816220309458038,0.016807373357398042,0,1,1.0,10,0.011630801914821446,1.0,-10.0,-47.2429313659668,1014.3000030517578,0.0,0.0,Opened,-47.2429313659668,1014.3000030517578,0.0,0.019816220309458038,1061.5429344177246,0.0,0.0,0,0.0
2022-09-14,45.79779815673828,-0.030589406022115906,100.43000030517578,-0.009859016040533075,-0.02073038998158283,0.02073038998158283,0.02034046568801796,0.01657046745875976,0,1,0.0,10,0.7067753502109799,-1.0,10.0,45.79779815673828,-1004.3000030517578,-1.4451332092285156,10.0,Live,0.0,0.0,0.0,0.02034046568801796,1050.097801208496,8.554866790771484,0.008146733362288912,0,0.0
2022-09-15,44.53695297241211,-0.02753069437991451,100.38999938964844,-0.00039829647919742417,-0.027132397900717087,0.027132397900717087,0.02070680175648832,0.01657358187314668,0,1,0.0,10,0.03261063477433011,-1.0,10.0,44.53695297241211,-1003.8999938964844,-2.7059783935546875,10.400009155273438,Live,0.0,0.0,0.0,0.02070680175648832,1048.4369468688965,7.69403076171875,0.0073385727054894245,0,0.0
2022-09-16,43.99382400512695,-0.012195018541604985,99.26000213623047,-0.011256073914614362,-0.0009389446269906232,0.0009389446269906232,0.020325247352202938,0.01641769157351169,0,1,0.0,10,2.082509726251825,-1.0,10.0,43.99382400512695,-992.6000213623047,-3.2491073608398438,21.699981689453125,Live,0.0,0.0,0.0,0.020325247352202938,1036.5938453674316,18.45087432861328,0.017799521395067876,0,0.0
2022-09-17,43.99382400512695,0.0,99.26000213623047,0.0,0.0,0.0,0.019663896264523188,0.016368798868736687,1,0,-1.0,10,,-1.0,10.0,43.99382400512695,-992.6000213623047,-3.2491073608398438,21.699981689453125,Closed,43.99382400512695,-992.6000213623047,18.45087432861328,0.019663896264523188,1036.5938453674316,18.45087432861328,0.017799521395067876,0,18.45087432861328
2022-09-18,43.99382400512695,0.0,99.26000213623047,0.0,0.0,0.0,0.01895800161875187,0.01636937194101993,1,0,0.0,10,,0.0,0.0,0.0,0.0,0.0,0.0,,0.0,0.0,0.0,0.01895800161875187,0.0,0.0,0.0,0,0.0
2022-09-19,45.67914581298828,0.038308145426615425,98.98999786376953,-0.0027201719388476597,0.041028317365463085,0.041028317365463085,0.020418041920391063,0.016365794518346247,1,1,1.0,10,0.1538787215494807,-2.0,10.0,91.35829162597656,-989.8999786376953,0.0,0.0,Opened,91.35829162597656,-989.8999786376953,0.0,0.020418041920391063,1081.2582702636719,0.0,0.0,0,0.0
2022-09-20,44.461429595947266,-0.02665803388763832,98.80000305175781,-0.0019193334287489483,-0.024738700458889373,0.024738700458889373,0.02090373840687285,0.016361337415491235,0,0,-1.0,10,0.15999110833839775,2.0,-10.0,-88.92285919189453,988.0000305175781,2.4354324340820312,-1.8999481201171875,Closed,-88.92285919189453,988.0000305175781,0.5354843139648438,0.02090373840687285,1076.9228897094727,0.5354843139648438,0.0004972355208359479,0,0.5354843139648438
2022-09-21,43.526214599609375,-0.021034298825675535,98.6500015258789,-0.001518234020704723,-0.019516064804970812,0.019516064804970812,0.02113235206285158,0.016360714681812813,0,0,0.0,10,0.1635900468512173,0.0,0.0,0.0,0.0,0.0,0.0,,0.0,0.0,0.0,0.02113235206285158,0.0,0.0,0.0,0,0.0
2022-09-22,42.78584289550781,-0.017009788489812938,98.83000183105469,0.0018246356045779066,-0.018834424094390845,0.018834424094390845,0.020605897043896468,0.016369916634790007,0,0,0.0,10,0.24777982564066528,0.0,0.0,0.0,0.0,0.0,0.0,,0.0,0.0,0.0,0.020605897043896468,0.0,0.0,0.0,0,0.0
2022-09-23,40.51600646972656,-0.05305110924949352,98.88999938964844,0.0006070783920080203,-0.05365818764150154,0.05365818764150154,0.02181368632351749,0.016373702840785494,0,1,1.0,10,0.027930328812065974,1.0,-10.0,-40.51600646972656,988.8999938964844,0.0,0.0,Opened,-40.51600646972656,988.8999938964844,0.0,0.02181368632351749,1029.416000366211,0.0,0.0,0,0.0
2022-09-24,40.51600646972656,0.0,98.88999938964844,0.0,0.0,0.0,0.02094678131894124,0.01637791553232165,1,0,-1.0,10,,-1.0,10.0,40.51600646972656,-988.8999938964844,0.0,0.0,Closed,40.51600646972656,-988.8999938964844,0.0,0.02094678131894124,1029.416000366211,0.0,0.0,0,0.0
2022-09-25,40.51600646972656,0.0,98.88999938964844,0.0,0.0,0.0,0.02070544405469742,0.016370476280694858,1,0,0.0,10,,0.0,0.0,0.0,0.0,0.0,0.0,,0.0,0.0,0.0,0.02070544405469742,0.0,0.0,0.0,0,0.0
2022-09-26,39.88279724121094,-0.015628618999968702,99.01000213623047,0.0012134972931812094,-0.01684211629314991,0.01684211629314991,0.020717384489969033,0.016377127133271503,0,0,0.0,10,0.19275766966598024,0.0,0.0,0.0,0.0,0.0,0.0,,0.0,0.0,0.0,0.020717384489969033,0.0,0.0,0.0,0,0.0
2022-09-27,41.01283264160156,0.028333905306495266,98.70999908447266,-0.003030027727350504,0.03136393303384577,0.03136393303384577,0.021699131310949294,0.016373866799193944,1,1,1.0,10,0.2573840003838835,-3.0,10.0,123.03849792480469,-987.0999908447266,0.0,0.0,Opened,123.03849792480469,-987.0999908447266,0.0,0.021699131310949294,1110.1384887695312,0.0,0.0,0,0.0
2022-09-28,42.9124870300293,0.04631853656703555,98.5199966430664,-0.0019248550619846982,0.04824339162902025,0.04824339162902025,0.023759869851577978,0.016373883110022885,1,1,0.0,10,0.09540780564251074,3.0,-10.0,-128.7374610900879,985.1999664306641,-5.698963165283203,-1.9000244140625,Live,0.0,0.0,0.0,0.023759869851577978,1113.937427520752,-7.598987579345703,-0.006821736474245667,0,0.0
2022-09-29,42.123409271240234,-0.018388068681194913,98.41999816894531,-0.0010150068770645726,-0.01737306180413034,0.01737306180413034,0.022811942326867146,0.016372956416154334,0,0,-1.0,10,0.128971189836795,3.0,-10.0,-126.3702278137207,984.1999816894531,-3.3317298889160156,-2.9000091552734375,Closed,-126.3702278137207,984.1999816894531,-6.231739044189453,0.022811942326867146,1110.5702095031738,-6.231739044189453,-0.005611296783277927,0,-6.231739044189453
2022-09-30,41.39277267456055,-0.017345143931133067,98.30999755859375,-0.0011176652346888138,-0.016227478696444253,0.016227478696444253,0.022929861793542755,0.016373527719801793,0,0,0.0,10,0.15304072035407806,0.0,0.0,0.0,0.0,0.0,0.0,,0.0,0.0,0.0,0.022929861793542755,0.0,0.0,0.0,0,0.0
2022-10-01,41.39277267456055,0.0,98.30999755859375,0.0,0.0,0.0,0.02205145996416814,0.006797781148811653,1,0,0.0,10,,0.0,0.0,0.0,0.0,0.0,0.0,,0.0,0.0,0.0,0.02205145996416814,0.0,0.0,0.0,0,0.0
2022-10-02,41.39277267456055,0.0,98.30999755859375,0.0,0.0,0.0,0.021955416314237194,0.006612616251372194,1,0,0.0,10,,0.0,0.0,0.0,0.0,0.0,0.0,,0.0,0.0,0.0,0.021955416314237194,0.0,0.0,0.0,0,0.0
2022-10-03,44.38349151611328,0.07225219883351253,94.22000122070312,-0.04160305604171077,0.1138552548752233,0.1138552548752233,0.025946021767336697,0.010208106434520598,1,1,1.0,10,1.222350647938385,-13.0,10.0,576.9853897094727,-942.2000122070312,0.0,0.0,Opened,576.9853897094727,-942.2000122070312,0.0,0.025946021767336697,1519.185401916504,0.0,0.0,0,0.0
2022-10-04,46.06882095336914,0.037971988676105184,95.20999908447266,0.010507300477003101,0.027464688199102083,0.027464688199102083,0.026906521713203742,0.010401302506211099,1,1,0.0,10,0.5718778461171926,13.0,-10.0,-598.8946723937988,952.0999908447266,-21.909282684326172,9.899978637695312,Live,0.0,0.0,0.0,0.026906521713203742,1550.9946632385254,-12.00930404663086,-0.007742969290142531,0,0.0
2022-10-05,45.9129524230957,-0.0033833844028959836,95.26000213623047,0.0005251869786644381,-0.003908571381560422,0.003908571381560422,0.026914624901813223,0.010401859173109061,0,0,-1.0,10,0.32206087824164964,13.0,-10.0,-596.8683815002441,952.6000213623047,-19.882991790771484,10.400009155273438,Closed,-596.8683815002441,952.6000213623047,-9.482982635498047,0.026914624901813223,1549.4684028625488,-9.482982635498047,-0.006120152316742188,0,-9.482982635498047
2022-10-06,45.708370208740234,-0.004455871460197325,95.45999908447266,0.0020994850278941435,-0.006555356488091468,0.006555356488091468,0.026893664716939356,0.009718062662095876,0,0,0.0,10,0.9840242867243586,0.0,0.0,0.0,0.0,0.0,0.0,,0.0,0.0,0.0,0.026893664716939356,0.0,0.0,0.0,0,0.0
2022-10-07,44.4127197265625,-0.02834602232065553,95.62000274658203,0.0016761330781889239,-0.030022155398844452,0.030022155398844452,0.02731165197292975,0.009719902758170489,0,1,1.0,10,0.1273086036817795,2.0,-10.0,-88.825439453125,956.2000274658203,0.0,0.0,Opened,-88.825439453125,956.2000274658203,0.0,0.02731165197292975,1045.0254669189453,0.0,0.0,0,0.0
2022-10-08,44.4127197265625,0.0,95.62000274658203,0.0,0.0,0.0,0.027274796170771144,0.009423823060515788,1,0,-1.0,10,,-2.0,10.0,88.825439453125,-956.2000274658203,0.0,0.0,Closed,88.825439453125,-956.2000274658203,0.0,0.027274796170771144,1045.0254669189453,0.0,0.0,0,0.0
2022-10-09,44.4127197265625,0.0,95.62000274658203,0.0,0.0,0.0,0.026231039757152488,0.008670606169277253,1,0,0.0,10,,0.0,0.0,0.0,0.0,0.0,0.0,,0.0,0.0,0.0,0.026231039757152488,0.0,0.0,0.0,0,0.0
2022-10-10,44.79264831542969,0.008554499503887758,97.3499984741211,0.018092404077042268,-0.00953790457315451,0.00953790457315451,0.026310935276737776,0.009380449579753827,0,0,0.0,10,4.5965382872457194,0.0,0.0,0.0,0.0,0.0,0.0,,0.0,0.0,0.0,0.026310935276737776,0.0,0.0,0.0,0,0.0
2022-10-11,44.37375259399414,-0.009351885570276774,96.97000122070312,-0.003903413039281989,-0.005448472530994786,0.005448472530994786,0.026333287138209885,0.009394288853310045,0,0,0.0,10,0.9121296385526495,0.0,0.0,0.0,0.0,0.0,0.0,,0.0,0.0,0.0,0.026333287138209885,0.0,0.0,0.0,0,0.0
2022-10-12,44.37375259399414,0.0,96.12999725341797,-0.008662513733224686,0.008662513733224686,0.008662513733224686,0.026335384182642172,0.009160198223904797,1,0,0.0,10,inf,0.0,0.0,0.0,0.0,0.0,0.0,,0.0,0.0,0.0,0.026335384182642172,0.0,0.0,0.0,0,0.0
2022-10-13,45.11412811279297,0.0166849877578088,95.4000015258789,-0.007593839055405893,0.024278826813214693,0.024278826813214693,0.025790762076211286,0.009213683671147634,1,0,0.0,10,0.9624347806556343,0.0,0.0,0.0,0.0,0.0,0.0,,0.0,0.0,0.0,0.025790762076211286,0.0,0.0,0.0,0,0.0
2022-10-14,43.02938461303711,-0.04621043533288838,95.93000030517578,0.005555542671066949,-0.051765978003955326,0.051765978003955326,0.02655069418899194,0.009190031994785759,0,1,1.0,10,0.2680252677953117,3.0,-10.0,-129.08815383911133,959.3000030517578,0.0,0.0,Opened,-129.08815383911133,959.3000030517578,0.0,0.02655069418899194,1088.3881568908691,0.0,0.0,0,0.0
2022-10-15,43.02938461303711,0.0,95.93000030517578,0.0,0.0,0.0,0.02610045492610337,0.009191944119810048,1,0,-1.0,10,,-3.0,10.0,129.08815383911133,-959.3000030517578,0.0,0.0,Closed,129.08815383911133,-959.3000030517578,0.0,0.02610045492610337,1088.3881568908691,0.0,0.0,0,0.0
2022-10-16,43.02938461303711,0.0,95.93000030517578,0.0,0.0,0.0,0.026012019709933328,0.009006665798476168,1,0,0.0,10,,0.0,0.0,0.0,0.0,0.0,0.0,,0.0,0.0,0.0,0.026012019709933328,0.0,0.0,0.0,0,0.0
2022-10-17,44.69522476196289,0.03871401285206999,94.93000030517578,-0.010424267662032416,0.049138280514102406,0.049138280514102406,0.0269757542690702,0.009162621513841715,1,1,1.0,10,0.5718995053758135,-6.0,10.0,268.17134857177734,-949.3000030517578,0.0,0.0,Opened,268.17134857177734,-949.3000030517578,0.0,0.0269757542690702,1217.4713516235352,0.0,0.0,0,0.0
2022-10-18,45.26025390625,0.012641823534758734,95.20999908447266,0.002949528899154563,0.00969229463560417,0.00969229463560417,0.02706020870985667,0.009194423934807695,1,1,0.0,10,0.49080446717541937,6.0,-10.0,-271.5615234375,952.0999908447266,-3.3901748657226562,2.79998779296875,Live,0.0,0.0,0.0,0.02706020870985667,1223.6615142822266,-0.5901870727539062,-0.00048231235996671614,0,0.0
2022-10-19,44.17892074584961,-0.023891451485009707,94.86000061035156,-0.003676068453803527,-0.02021538303120618,0.02021538303120618,0.02650380346654041,0.009201004113926596,0,0,-1.0,10,0.3303764448818839,6.0,-10.0,-265.07352447509766,948.6000061035156,3.0978240966796875,-0.6999969482421875,Closed,-265.07352447509766,948.6000061035156,2.3978271484375,0.02650380346654041,1213.6735305786133,2.3978271484375,0.001975677221282355,0,2.3978271484375
2022-10-20,44.4127197265625,0.005292093531616082,94.76000213623047,-0.0010541690225350786,0.006346262554151161,0.006346262554151161,0.0260662392345284,0.009200604466350501,1,0,0.0,10,0.42501125546784746,0.0,0.0,0.0,0.0,0.0,0.0,,0.0,0.0,0.0,0.0260662392345284,0.0,0.0,0.0,0,0.0
2022-10-21,46.91634750366211,0.056371863567775016,94.86000061035156,0.0010552814675681699,0.055316582100206846,0.055316582100206846,0.027664808473239138,0.00921096444765368,1,1,1.0,10,0.03784990971091129,-1.0,10.0,46.91634750366211,-948.6000061035156,0.0,0.0,Opened,46.91634750366211,-948.6000061035156,0.0,0.027664808473239138,995.5163536071777,0.0,0.0,0,0.0
2022-10-22,46.91634750366211,0.0,94.86000061035156,0.0,0.0,0.0,0.027416533536385235,0.009195883155115476,1,1,0.0,10,,1.0,-10.0,-46.91634750366211,948.6000061035156,0.0,0.0,Live,0.0,0.0,0.0,0.027416533536385235,995.5163536071777,0.0,0.0,0,0.0
2022-10-23,46.91634750366211,0.0,94.86000061035156,0.0,0.0,0.0,0.025274703001222382,0.009192154134134326,1,1,0.0,10,,1.0,-10.0,-46.91634750366211,948.6000061035156,0.0,0.0,Live,0.0,0.0,0.0,0.025274703001222382,995.5163536071777,0.0,0.0,0,0.0
2022-10-24,46.59487533569336,-0.006852028878498229,94.51000213623047,-0.0036896317928433175,-0.003162397085654911,0.003162397085654911,0.025354191528139947,0.00919822793294907,0,0,-1.0,10,1.0922032438406315,1.0,-10.0,-46.59487533569336,945.1000213623047,0.32147216796875,-3.4999847412109375,Closed,-46.59487533569336,945.1000213623047,-3.1785125732421875,0.025354191528139947,991.694896697998,-3.1785125732421875,-0.0032051315216257924,0,-3.1785125732421875
2022-10-25,47.43266677856445,0.01798033446457814,94.61000061035156,0.0010580729220273088,0.01692226154255083,0.01692226154255083,0.025444861240560786,0.009206073368834592,1,0,0.0,10,0.11737546801198381,0.0,0.0,0.0,0.0,0.0,0.0,,0.0,0.0,0.0,0.025444861240560786,0.0,0.0,0.0,0,0.0
2022-10-26,47.95872116088867,0.011090550417079958,93.55999755859375,-0.01109822476465483,0.022188775181734788,0.022188775181734788,0.025142898425735225,0.009357248232424528,1,0,0.0,10,1.9521942238555603,0.0,0.0,0.0,0.0,0.0,0.0,,0.0,0.0,0.0,0.025142898425735225,0.0,0.0,0.0,0,0.0
2022-10-27,47.83207702636719,-0.0026406903990752184,92.80999755859375,-0.008016246468265487,0.005375556069190268,0.005375556069190268,0.024848191316663527,0.009423121445270908,1,0,0.0,10,5.890187186275477,0.0,0.0,0.0,0.0,0.0,0.0,,0.0,0.0,0.0,0.024848191316663527,0.0,0.0,0.0,0,0.0
2022-10-28,47.23783493041992,-0.012423506000370677,93.01000213623047,0.0021549895797643437,-0.01457849558013502,0.01457849558013502,0.023808012744276432,0.009453763148709085,0,0,0.0,10,0.34153928945342316,0.0,0.0,0.0,0.0,0.0,0.0,,0.0,0.0,0.0,0.023808012744276432,0.0,0.0,0.0,0,0.0
2022-10-29,47.23783493041992,0.0,93.01000213623047,0.0,0.0,0.0,0.023459880909669047,0.009458753404944136,1,0,0.0,10,,0.0,0.0,0.0,0.0,0.0,0.0,,0.0,0.0,0.0,0.023459880909669047,0.0,0.0,0.0,0,0.0
2022-10-30,47.23783493041992,0.0,93.01000213623047,0.0,0.0,0.0,0.023124775385899275,0.009463891561923742,1,0,0.0,10,,0.0,0.0,0.0,0.0,0.0,0.0,,0.0,0.0,0.0,0.023124775385899275,0.0,0.0,0.0,0,0.0
2022-10-31,47.24757385253906,0.00020616783418381246,92.43000030517578,-0.006235908157545933,0.006442075991729745,0.006442075991729745,0.023123371316886986,0.009491399691752191,1,0,0.0,10,59.17145432565888,0.0,0.0,0.0,0.0,0.0,0.0,,0.0,0.0,0.0,0.023123371316886986,0.0,0.0,0.0,0,0.0
2022-11-01,47.96847152709961,0.015257877088260319,80.02999877929688,-0.134155593259092,0.1494134703473523,0.1494134703473523,0.02318474961283409,0.025911756974279367,1,1,1.0,10,14.669374705438717,-147.0,10.0,7051.365314483643,-800.2999877929688,0.0,0.0,Opened,7051.365314483643,-800.2999877929688,0.0,0.025911756974279367,7851.665302276611,0.0,0.0,0,0.0
2022-11-02,45.045936584472656,-0.060926163573418846,82.0999984741211,0.025865297093565776,-0.08679146066698462,0.08679146066698462,0.02264351577286566,0.025685221389584675,0,0,-1.0,10,0.7737508996347633,147.0,-10.0,-6621.7526779174805,820.9999847412109,429.6126365661621,20.699996948242188,Closed,-6621.7526779174805,820.9999847412109,450.3126335144043,0.025685221389584675,7442.752662658691,450.3126335144043,0.06050350642090854,0,450.3126335144043
2022-11-03,44.91929244995117,-0.0028114441417816938,83.37000274658203,0.015468992643906887,-0.01828043678568858,0.01828043678568858,0.021528100859173033,0.025799126141708813,0,0,0.0,10,10.211968879041239,0.0,0.0,0.0,0.0,0.0,0.0,,0.0,0.0,0.0,0.025799126141708813,0.0,0.0,0.0,0,0.0
2022-11-04,48.17304229736328,0.0724354652522059,85.16000366210938,0.021470563230858497,0.0509649020213474,0.0509649020213474,0.025310247765239897,0.026207860270018316,1,1,1.0,10,0.5239909429799156,-6.0,10.0,289.0382537841797,-851.6000366210938,0.0,0.0,Opened,289.0382537841797,-851.6000366210938,0.0,0.026207860270018316,1140.6382904052734,0.0,0.0,0,0.0
2022-11-05,48.17304229736328,0.0,85.16000366210938,0.0,0.0,0.0,0.02528465977403026,0.026195555072119923,1,1,0.0,10,,6.0,-10.0,-289.0382537841797,851.6000366210938,0.0,0.0,Live,0.0,0.0,0.0,0.026195555072119923,1140.6382904052734,0.0,0.0,0,0.0
2022-11-06,48.17304229736328,0.0,85.16000366210938,0.0,0.0,0.0,0.02463043114510783,0.02618605533231756,1,1,0.0,10,,6.0,-10.0,-289.0382537841797,851.6000366210938,0.0,0.0,Live,0.0,0.0,0.0,0.02618605533231756,1140.6382904052734,0.0,0.0,0,0.0
2022-11-07,48.62116622924805,0.009302379723468146,87.13999938964844,0.023250301108430182,-0.013947921384962036,0.013947921384962036,0.02464985544124643,0.026633292282254722,0,0,-1.0,10,4.479470688904695,6.0,-10.0,-291.7269973754883,871.3999938964844,-2.6887435913085938,19.799957275390625,Closed,-291.7269973754883,871.3999938964844,17.11121368408203,0.026633292282254722,1163.1269912719727,17.11121368408203,0.014711389050794485,0,17.11121368408203
2022-11-08,49.53689193725586,0.018833890238053597,85.33000183105469,-0.020771144953769194,0.03960503519182279,0.03960503519182279,0.02480190536827053,0.026829419602257463,1,1,1.0,10,1.8997366530041682,-19.0,10.0,941.2009468078613,-853.3000183105469,0.0,0.0,Opened,941.2009468078613,-853.3000183105469,0.0,0.026829419602257463,1794.5009651184082,0.0,0.0,0,0.0
2022-11-09,46.84815979003906,-0.05427736868559263,87.51000213623047,0.025547875991986713,-0.07982524467757934,0.07982524467757934,0.026958153257776073,0.027068939557038364,0,0,-1.0,10,0.8792273157240493,19.0,-10.0,-890.1150360107422,875.1000213623047,51.08591079711914,21.800003051757812,Closed,-890.1150360107422,875.1000213623047,72.88591384887695,0.027068939557038364,1765.2150573730469,72.88591384887695,0.04129010431020463,0,72.88591384887695
2022-11-10,49.41999053955078,0.05489715628186853,88.19000244140625,0.007770543807291919,0.04712661247457661,0.04712661247457661,0.028543224508170106,0.027141747952953103,1,1,1.0,10,0.25259122646722704,-3.0,10.0,148.25997161865234,-881.9000244140625,0.0,0.0,Opened,148.25997161865234,-881.9000244140625,0.0,0.028543224508170106,1030.1599960327148,0.0,0.0,0,0.0
2022-11-11,50.06294250488281,0.013009957272603678,90.79000091552734,0.029481782539336532,-0.016471825266732854,0.016471825266732854,0.02857933488688732,0.0277431869936965,0,0,-1.0,10,4.109599657609487,3.0,-10.0,-150.18882751464844,907.9000091552734,-1.9288558959960938,25.999984741210938,Closed,-150.18882751464844,907.9000091552734,24.071128845214844,0.02857933488688732,1058.0888366699219,24.071128845214844,0.02274962934206251,0,24.071128845214844
2022-11-12,50.06294250488281,0.0,90.79000091552734,0.0,0.0,0.0,0.02849470308631596,0.027720330473849104,1,0,0.0,10,,0.0,0.0,0.0,0.0,0.0,0.0,,0.0,0.0,0.0,0.02849470308631596,0.0,0.0,0.0,0,0.0
2022-11-13,50.06294250488281,0.0,90.79000091552734,0.0,0.0,0.0,0.026898627286867715,0.02769184244201374,1,0,0.0,10,,0.0,0.0,0.0,0.0,0.0,0.0,,0.0,0.0,0.0,0.02769184244201374,0.0,0.0,0.0,0,0.0
2022-11-14,50.51105880737305,0.008951058009555313,92.08999633789062,0.014318707007975773,-0.00536764899842046,0.00536764899842046,0.026886223739923543,0.027840425824496466,0,0,0.0,10,2.916455903499791,0.0,0.0,0.0,0.0,0.0,0.0,,0.0,0.0,0.0,0.027840425824496466,0.0,0.0,0.0,0,0.0
2022-11-15,50.93970489501953,0.008486182981852552,92.29000091552734,0.002171838262463144,0.006314344719389409,0.006314344719389409,0.026868763077832834,0.027845825131367363,1,0,0.0,10,0.4636746082972597,0.0,0.0,0.0,0.0,0.0,0.0,,0.0,0.0,0.0,0.027845825131367363,0.0,0.0,0.0,0,0.0
2022-11-16,49.8973388671875,-0.020462741784237237,92.33999633789062,0.000541720900068432,-0.02100446268430567,0.02100446268430567,0.026553741769225005,0.02778820407353466,0,0,0.0,10,0.04899189474648418,0.0,0.0,0.0,0.0,0.0,0.0,,0.0,0.0,0.0,0.02778820407353466,0.0,0.0,0.0,0,0.0
2022-11-17,49.24463653564453,-0.013080904640631719,93.08999633789062,0.008122157567080679,-0.021203062207712398,0.021203062207712398,0.026680590997244014,0.027826493662099168,0,0,0.0,10,1.1737556818271935,0.0,0.0,0.0,0.0,0.0,0.0,,0.0,0.0,0.0,0.027826493662099168,0.0,0.0,0.0,0,0.0
2022-11-18,49.12773895263672,-0.0023738134999371496,92.88999938964844,-0.002148425782682928,-0.0002253877172542218,0.0002253877172542218,0.026213477847976403,0.027821589413451062,0,0,0.0,10,1.711259781505484,0.0,0.0,0.0,0.0,0.0,0.0,,0.0,0.0,0.0,0.027821589413451062,0.0,0.0,0.0,0,0.0
2022-11-19,49.12773895263672,0.0,92.88999938964844,0.0,0.0,0.0,0.026221421810317534,0.02782126501813839,1,0,0.0,10,,0.0,0.0,0.0,0.0,0.0,0.0,,0.0,0.0,0.0,0.02782126501813839,0.0,0.0,0.0,0,0.0
2022-11-20,49.12773895263672,0.0,92.88999938964844,0.0,0.0,0.0,0.024263401961118074,0.027820210178241375,1,0,0.0,10,,0.0,0.0,0.0,0.0,0.0,0.0,,0.0,0.0,0.0,0.027820210178241375,0.0,0.0,0.0,0,0.0
2022-11-21,49.595333099365234,0.009517925243401004,91.54000091552734,-0.014533302648202406,0.02405122789160341,0.02405122789160341,0.024300980558646195,0.02794114466806986,1,0,0.0,10,2.818331853334786,0.0,0.0,0.0,0.0,0.0,0.0,,0.0,0.0,0.0,0.02794114466806986,0.0,0.0,0.0,0,0.0
2022-11-22,51.192989349365234,0.0322138425161711,91.44999694824219,-0.0009832200828598925,0.03319706259903099,0.03319706259903099,0.024907434546455717,0.02794077380849579,1,1,1.0,10,0.054523209731482815,-1.0,10.0,51.192989349365234,-914.4999694824219,0.0,0.0,Opened,51.192989349365234,-914.4999694824219,0.0,0.02794077380849579,965.6929588317871,0.0,0.0,0,0.0
2022-11-23,51.36833953857422,0.0034252773951588544,91.94000244140625,0.00535817943702499,-0.0019329020418661358,0.0019329020418661358,0.02483482423259918,0.02795748585521888,0,0,-1.0,10,2.7998224289315004,1.0,-10.0,-51.36833953857422,919.4000244140625,-0.17535018920898438,4.900054931640625,Closed,-51.36833953857422,919.4000244140625,4.724704742431641,0.02795748585521888,970.7683639526367,4.724704742431641,0.0048669743657428835,0,4.724704742431641
2022-11-24,51.36833953857422,0.0,91.94000244140625,0.0,0.0,0.0,0.024691204248889737,0.027956104181436778,1,0,0.0,10,,0.0,0.0,0.0,0.0,0.0,0.0,,0.0,0.0,0.0,0.027956104181436778,0.0,0.0,0.0,0,0.0
2022-11-25,51.105308532714844,-0.005120488772307974,92.73999786376953,0.00870127693191125,-0.013821765704219224,0.013821765704219224,0.024684392272423406,0.027932132061228875,0,0,0.0,10,3.0837036852281225,0.0,0.0,0.0,0.0,0.0,0.0,,0.0,0.0,0.0,0.027932132061228875,0.0,0.0,0.0,0,0.0
2022-11-26,51.105308532714844,0.0,92.73999786376953,0.0,0.0,0.0,0.024670450342590414,0.027889997771777884,1,0,0.0,10,,0.0,0.0,0.0,0.0,0.0,0.0,,0.0,0.0,0.0,0.027889997771777884,0.0,0.0,0.0,0,0.0
2022-11-27,51.105308532714844,0.0,92.73999786376953,0.0,0.0,0.0,0.024515052627261575,0.02788804330635666,1,0,0.0,10,,0.0,0.0,0.0,0.0,0.0,0.0,,0.0,0.0,0.0,0.02788804330635666,0.0,0.0,0.0,0,0.0
2022-11-28,49.488182067871094,-0.03164302322543566,93.04000091552734,0.0032348830997226408,-0.0348779063251583,0.0348779063251583,0.0253125989683159,0.0278930645410739,0,1,1.0,10,0.1921979833821065,2.0,-10.0,-98.97636413574219,930.4000091552734,0.0,0.0,Opened,-98.97636413574219,930.4000091552734,0.0,0.0278930645410739,1029.3763732910156,0.0,0.0,0,0.0
2022-11-29,50.6377067565918,0.023228266642411288,92.9000015258789,-0.0015047225738480385,0.024732989216259327,0.024732989216259327,0.025607243466447594,0.027895190991346578,1,0,-1.0,10,0.11884511226659633,-2.0,10.0,101.2754135131836,-929.0000152587891,2.2990493774414062,1.399993896484375,Closed,101.2754135131836,-929.0000152587891,3.6990432739257812,0.027895190991346578,1030.2754287719727,3.6990432739257812,0.0035903440678332218,0,3.6990432739257812
2022-11-30,52.537353515625,0.03751447055382129,93.25,0.003767475439961032,0.033746995113860256,0.033746995113860256,0.026379478298048327,0.027873336322298027,1,1,1.0,10,0.17825111561106008,-2.0,10.0,105.07470703125,-932.5,0.0,0.0,Opened,105.07470703125,-932.5,0.0,0.027873336322298027,1037.57470703125,0.0,0.0,0,0.0
2022-12-01,52.12820053100586,-0.007787849163309213,103.0999984741211,0.1056300104463388,-0.11341785960964801,0.11341785960964801,0.026372251860199366,0.02152693981408663,0,0,-1.0,10,26.825987436763807,2.0,-10.0,-104.25640106201172,1030.999984741211,0.8183059692382812,98.49998474121094,Closed,-104.25640106201172,1030.999984741211,99.31829071044922,0.026372251860199366,1135.2563858032227,99.31829071044922,0.08748533983376716,0,99.31829071044922
2022-12-02,53.37514877319336,0.0239207996724502,107.44000244140625,0.04209509244924514,-0.018174292776794942,0.018174292776794942,0.02368011327753061,0.02216779925023323,0,0,0.0,10,3.542278348589728,0.0,0.0,0.0,0.0,0.0,0.0,,0.0,0.0,0.0,0.02368011327753061,0.0,0.0,0.0,0,0.0
2022-12-03,53.37514877319336,0.0,107.44000244140625,0.0,0.0,0.0,0.02364983156656663,0.022197633725836854,1,0,0.0,10,,0.0,0.0,0.0,0.0,0.0,0.0,,0.0,0.0,0.0,0.02364983156656663,0.0,0.0,0.0,0,0.0
2022-12-04,53.37514877319336,0.0,107.44000244140625,0.0,0.0,0.0,0.020062262508252052,0.02211825309937621,1,0,0.0,10,,0.0,0.0,0.0,0.0,0.0,0.0,,0.0,0.0,0.0,0.02211825309937621,0.0,0.0,0.0,0,0.0
2022-12-05,51.11505889892578,-0.04234348617689787,107.68000030517578,0.002233784980602671,-0.04457727115750054,0.04457727115750054,0.021744584673353086,0.02209413387182119,0,1,1.0,10,0.11113246260605734,2.0,-10.0,-102.23011779785156,1076.8000030517578,0.0,0.0,Opened,-102.23011779785156,1076.8000030517578,0.0,0.02209413387182119,1179.0301208496094,0.0,0.0,0,0.0
2022-12-06,51.241695404052734,0.0024774793936432893,108.48999786376953,0.007522265567404762,-0.005044786173761473,0.005044786173761473,0.02174061777536458,0.022041941272880283,0,1,0.0,10,6.428428545505824,-2.0,10.0,102.48339080810547,-1084.8999786376953,0.25327301025390625,-8.0999755859375,Live,0.0,0.0,0.0,0.022041941272880283,1187.3833694458008,-7.846702575683594,-0.006608398582629604,0,0.0
2022-12-07,51.0955696105957,-0.0028516970858359914,107.08999633789062,-0.012904429472262335,0.010052732386426344,0.010052732386426344,0.021718663512447785,0.02218578106924096,1,0,-1.0,10,9.484208114821609,-2.0,10.0,102.1911392211914,-1070.8999633789062,-0.03897857666015625,5.9000396728515625,Closed,102.1911392211914,-1070.8999633789062,5.861061096191406,0.02218578106924096,1173.0911026000977,5.861061096191406,0.004996253985049122,0,5.861061096191406
2022-12-08,51.251441955566406,0.003050603920430328,109.48999786376953,0.022411071135966854,-0.019360467215536525,0.019360467215536525,0.02148382242948136,0.02170940600362666,0,0,0.0,10,15.694415590683965,0.0,0.0,0.0,0.0,0.0,0.0,,0.0,0.0,0.0,0.02170940600362666,0.0,0.0,0.0,0,0.0
2022-12-09,49.96553421020508,-0.025090176906167327,110.4800033569336,0.009041971983558383,-0.03413214888972571,0.03413214888972571,0.01944122610728918,0.021471915793692446,0,1,1.0,10,0.7968426613559076,8.0,-10.0,-399.7242736816406,1104.800033569336,0.0,0.0,Opened,-399.7242736816406,1104.800033569336,0.0,0.021471915793692446,1504.5243072509766,0.0,0.0,0,0.0
2022-12-10,49.96553421020508,0.0,110.4800033569336,0.0,0.0,0.0,0.016715350609834943,0.02152172660372251,1,0,-1.0,10,,-8.0,10.0,399.7242736816406,-1104.800033569336,0.0,0.0,Closed,399.7242736816406,-1104.800033569336,0.0,0.02152172660372251,1504.5243072509766,0.0,0.0,0,0.0
2022-12-11,49.96553421020508,0.0,110.4800033569336,0.0,0.0,0.0,0.016547560075811058,0.021165432619909965,1,0,0.0,10,,0.0,0.0,0.0,0.0,0.0,0.0,,0.0,0.0,0.0,0.021165432619909965,0.0,0.0,0.0,0,0.0
2022-12-12,50.56951904296875,0.012088029124690314,109.47000122070312,-0.00914194519860212,0.021229974323292433,0.021229974323292433,0.016692392498579255,0.021331413972374962,1,0,0.0,10,1.6371535555437318,0.0,0.0,0.0,0.0,0.0,0.0,,0.0,0.0,0.0,0.021331413972374962,0.0,0.0,0.0,0,0.0
2022-12-13,50.978675842285156,0.008090976680413808,109.2300033569336,-0.0021923619356289947,0.010283338616042803,0.010283338616042803,0.016749790171130364,0.021358062867267078,1,0,0.0,10,0.5805835145896834,0.0,0.0,0.0,0.0,0.0,0.0,,0.0,0.0,0.0,0.021358062867267078,0.0,0.0,0.0,0,0.0
2022-12-14,50.54029083251953,-0.008599380084368557,109.26000213623047,0.00027463863750742945,-0.008874018721875987,0.008874018721875987,0.01675961534835514,0.021332213542615,0,0,0.0,10,0.06904273058425954,0.0,0.0,0.0,0.0,0.0,0.0,,0.0,0.0,0.0,0.021332213542615,0.0,0.0,0.0,0,0.0
2022-12-15,48.54322814941406,-0.03951426970856453,110.5,0.011349055825785603,-0.050863325534350134,0.050863325534350134,0.018168872898886627,0.021342361408888216,0,1,1.0,10,0.6537916907964861,7.0,-10.0,-339.80259704589844,1105.0,0.0,0.0,Opened,-339.80259704589844,1105.0,0.0,0.021342361408888216,1444.8025970458984,0.0,0.0,0,0.0
2022-12-16,48.67961120605469,0.0028095176575575476,110.2699966430664,-0.0020814783432904216,0.004890996000847969,0.004890996000847969,0.01782238829596007,0.021371819799140417,1,0,-1.0,10,1.6782257911791092,-7.0,10.0,340.7572784423828,-1102.699966430664,0.954681396484375,2.3000335693359375,Closed,340.7572784423828,-1102.699966430664,3.2547149658203125,0.021371819799140417,1443.4572448730469,3.2547149658203125,0.0022548052444092775,0,3.2547149658203125
2022-12-17,48.67961120605469,0.0,110.2699966430664,0.0,0.0,0.0,0.01766759638334873,0.02139729726633985,1,0,0.0,10,,0.0,0.0,0.0,0.0,0.0,0.0,,0.0,0.0,0.0,0.02139729726633985,0.0,0.0,0.0,0,0.0
2022-12-18,48.67961120605469,0.0,110.2699966430664,0.0,0.0,0.0,0.017662992478039926,0.021373113304879274,1,0,0.0,10,,0.0,0.0,0.0,0.0,0.0,0.0,,0.0,0.0,0.0,0.021373113304879274,0.0,0.0,0.0,0,0.0
2022-12-19,47.82802963256836,-0.017493598498182106,109.55999755859375,-0.006438733164841337,-0.011054865333340769,0.011054865333340769,0.017944265090921292,0.02146696765610345,0,0,0.0,10,0.843122728486109,0.0,0.0,0.0,0.0,0.0,0.0,,0.0,0.0,0.0,0.02146696765610345,0.0,0.0,0.0,0,0.0
2022-12-20,49.083824157714844,0.026256455362973163,109.86000061035156,0.00273825354548185,0.023518201817491313,0.023518201817491313,0.018609434592899023,0.021447585721003734,1,1,1.0,10,0.23342037824858822,-3.0,10.0,147.25147247314453,-1098.6000061035156,0.0,0.0,Opened,147.25147247314453,-1098.6000061035156,0.0,0.021447585721003734,1245.8514785766602,0.0,0.0,0,0.0
2022-12-21,50.339622497558594,0.025584769756501702,110.73999786376953,0.008010169748124518,0.017574600008377184,0.017574600008377184,0.019113057973553147,0.021102052623747744,1,1,0.0,10,0.6887391383740447,3.0,-10.0,-151.01886749267578,1107.3999786376953,-3.76739501953125,8.799972534179688,Live,0.0,0.0,0.0,0.021102052623747744,1258.418846130371,5.0325775146484375,0.003999127579917908,0,0.0
2022-12-22,49.456634521484375,-0.01754061576677579,110.43000030517578,-0.002799327836136567,-0.014741287930639224,0.014741287930639224,0.018428279161429237,0.02112706053892837,0,0,-1.0,10,0.3563456331753942,3.0,-10.0,-148.36990356445312,1104.3000030517578,-1.1184310913085938,5.6999969482421875,Closed,-148.36990356445312,1104.3000030517578,4.581565856933594,0.02112706053892837,1252.669906616211,4.581565856933594,0.0036574406655218543,0,4.581565856933594
2022-12-23,49.82945251464844,0.007538280693202282,110.4800033569336,0.0004528031478732153,0.007085477545329066,0.007085477545329066,0.018477452503447504,0.021155247538356122,1,0,0.0,10,0.13317867689939555,0.0,0.0,0.0,0.0,0.0,0.0,,0.0,0.0,0.0,0.021155247538356122,0.0,0.0,0.0,0,0.0
2022-12-24,49.82945251464844,0.0,110.4800033569336,0.0,0.0,0.0,0.018477452503447504,0.021155247538356122,1,0,0.0,10,,0.0,0.0,0.0,0.0,0.0,0.0,,0.0,0.0,0.0,0.021155247538356122,0.0,0.0,0.0,0,0.0
2022-12-25,49.82945251464844,0.0,110.4800033569336,0.0,0.0,0.0,0.018460262168583617,0.021181483910608798,1,0,0.0,10,,0.0,0.0,0.0,0.0,0.0,0.0,,0.0,0.0,0.0,0.021181483910608798,0.0,0.0,0.0,0,0.0
2022-12-26,49.82945251464844,0.0,110.4800033569336,0.0,0.0,0.0,0.018460262168583617,0.021181483910608798,1,0,0.0,10,,0.0,0.0,0.0,0.0,0.0,0.0,,0.0,0.0,0.0,0.021181483910608798,0.0,0.0,0.0,0,0.0
2022-12-27,50.2317008972168,0.00807250255158043,110.63999938964844,0.0014481899697083023,0.006624312581872127,0.006624312581872127,0.018529173085383804,0.0211688512579713,1,0,0.0,10,0.39514057261548274,0.0,0.0,0.0,0.0,0.0,0.0,,0.0,0.0,0.0,0.0211688512579713,0.0,0.0,0.0,0,0.0
2022-12-28,48.220462799072266,-0.04003921950124467,110.80000305175781,0.0014461647052788074,-0.04148538420652348,0.04148538420652348,0.019072673106557865,0.021179729876264413,0,1,1.0,10,0.0829928260150726,1.0,-10.0,-48.220462799072266,1108.0000305175781,0.0,0.0,Opened,-48.220462799072266,1108.0000305175781,0.0,0.021179729876264413,1156.2204933166504,0.0,0.0,0,0.0
2022-12-29,49.12306594848633,0.018718259780605484,110.9800033569336,0.0016245514460111465,0.017093708334594337,0.017093708334594337,0.018894607506823882,0.02114894776514236,1,0,-1.0,10,0.19607727718576642,-1.0,10.0,49.12306594848633,-1109.800033569336,0.9026031494140625,-1.8000030517578125,Closed,49.12306594848633,-1109.800033569336,-0.89739990234375,0.02114894776514236,1158.9230995178223,-0.89739990234375,-0.0007743394731860287,0,-0.89739990234375
2022-12-30,48.86798858642578,-0.005192618928306247,111.27999877929688,0.0027031484347539436,-0.007895767363060191,0.007895767363060191,0.017459745878321192,0.02115397366414907,0,0,0.0,10,1.1854304823932984,0.0,0.0,0.0,0.0,0.0,0.0,,0.0,0.0,0.0,0.02115397366414907,0.0,0.0,0.0,0,0.0
2022-12-31,48.86798858642578,0.0,111.27999877929688,0.0,0.0,0.0,0.01743262037574965,0.009718927859044733,1,0,0.0,10,,0.0,0.0,0.0,0.0,0.0,0.0,,0.0,0.0,0.0,0.01743262037574965,0.0,0.0,0.0,0,0.0
2023-01-01,48.86798858642578,0.0,111.27999877929688,0.0,0.0,0.0,0.016739318240629072,0.006232614667056333,1,0,0.0,10,,0.0,0.0,0.0,0.0,0.0,0.0,,0.0,0.0,0.0,0.016739318240629072,0.0,0.0,0.0,0,0.0
2023-01-02,48.86798858642578,0.0,111.27999877929688,0.0,0.0,0.0,0.016739318240629072,0.006232614667056333,1,0,0.0,10,,0.0,0.0,0.0,0.0,0.0,0.0,,0.0,0.0,0.0,0.016739318240629072,0.0,0.0,0.0,0,0.0
2023-01-03,48.191036224365234,-0.013852674964579648,117.79000091552734,0.058501098199523094,-0.07235377316410274,0.07235377316410274,0.016850134240710413,0.012170617929286346,0,1,1.0,10,10.322206309788584,104.0,-10.0,-5011.867767333984,1177.9000091552734,0.0,0.0,Opened,-5011.867767333984,1177.9000091552734,0.0,0.016850134240710413,6189.767776489258,0.0,0.0,0,0.0
2023-01-04,49.378150939941406,0.02463351711403905,115.3499984741211,-0.020714852045515264,0.045348369159554314,0.045348369159554314,0.015903827638357335,0.012927210892461051,1,0,-1.0,10,1.964437346995144,-104.0,10.0,5135.327697753906,-1153.499984741211,123.45993041992188,24.4000244140625,Closed,5135.327697753906,-1153.499984741211,147.85995483398438,0.015903827638357335,6288.827682495117,147.85995483398438,0.023511529063763494,0,147.85995483398438
2023-01-05,49.64303970336914,0.005364493371773138,114.97000122070312,-0.0032942978625458696,0.008658791234319008,0.008658791234319008,0.015934478663294966,0.012929540496833565,1,0,0.0,10,1.422198844361768,0.0,0.0,0.0,0.0,0.0,0.0,,0.0,0.0,0.0,0.015934478663294966,0.0,0.0,0.0,0,0.0
2023-01-06,51.87010955810547,0.04486167382262818,116.56999969482422,0.013916660495198574,0.030945013327429605,0.030945013327429605,0.017985465657170834,0.012788906542459375,1,1,1.0,10,0.6971547474403607,-7.0,10.0,363.0907669067383,-1165.6999969482422,0.0,0.0,Opened,363.0907669067383,-1165.6999969482422,0.0,0.017985465657170834,1528.7907638549805,0.0,0.0,0,0.0
2023-01-07,51.87010955810547,0.0,116.56999969482422,0.0,0.0,0.0,0.01798009608706262,0.012253774477832168,1,1,0.0,10,,7.0,-10.0,-363.0907669067383,1165.6999969482422,0.0,0.0,Live,0.0,0.0,0.0,0.01798009608706262,1528.7907638549805,0.0,0.0,0,0.0
2023-01-08,51.87010955810547,0.0,116.56999969482422,0.0,0.0,0.0,0.01731732640321738,0.012189735432500483,1,1,0.0,10,,7.0,-10.0,-363.0907669067383,1165.6999969482422,0.0,0.0,Live,0.0,0.0,0.0,0.01731732640321738,1528.7907638549805,0.0,0.0,0,0.0
2023-01-09,51.79163360595703,-0.0015129320685264291,117.41000366210938,0.007206004713770753,-0.008718936782297182,0.008718936782297182,0.017323724333589356,0.012222771703875764,0,0,-1.0,10,10.79743517588214,7.0,-10.0,-362.5414352416992,1174.1000366210938,0.5493316650390625,8.400039672851562,Closed,-362.5414352416992,1174.1000366210938,8.949371337890625,0.017323724333589356,1536.641471862793,8.949371337890625,0.005823981391730729,0,8.949371337890625
2023-01-10,53.07685089111328,0.024815152480697655,119.66000366210938,0.019163614085859315,0.00565153839483834,0.00565153839483834,0.017842095774680322,0.012604041305293237,1,0,0.0,10,1.7410222942051148,0.0,0.0,0.0,0.0,0.0,0.0,,0.0,0.0,0.0,0.017842095774680322,0.0,0.0,0.0,0,0.0
2023-01-11,53.361366271972656,0.005360442002165122,121.0199966430664,0.011365476678383946,-0.006005034676218823,0.006005034676218823,0.017755202021401344,0.01249307776270088,0,0,0.0,10,4.80858446937607,0.0,0.0,0.0,0.0,0.0,0.0,,0.0,0.0,0.0,0.017755202021401344,0.0,0.0,0.0,0,0.0
2023-01-12,54.43075180053711,0.020040445049963607,121.26000213623047,0.0019831887276606786,0.018057256322302928,0.018057256322302928,0.018029738517183234,0.012451555067024245,1,1,1.0,10,0.22046006037674248,-3.0,10.0,163.29225540161133,-1212.6000213623047,0.0,0.0,Opened,163.29225540161133,-1212.6000213623047,0.0,0.018029738517183234,1375.892276763916,0.0,0.0,0,0.0
2023-01-13,55.15675354003906,0.013338080321991574,122.33000183105469,0.00882401184210857,0.004514068479883004,0.004514068479883004,0.018015469872155906,0.012471546025000238,1,1,0.0,10,1.4672598708953464,3.0,-10.0,-165.4702606201172,1223.3000183105469,-2.1780052185058594,10.699996948242188,Live,0.0,0.0,0.0,0.018015469872155906,1388.770278930664,8.521991729736328,0.006136358085296984,0,0.0
2023-01-14,55.15675354003906,0.0,122.33000183105469,0.0,0.0,0.0,0.016141323561532545,0.012408096329236704,1,1,0.0,10,,3.0,-10.0,-165.4702606201172,1223.3000183105469,-2.1780052185058594,10.699996948242188,Live,0.0,0.0,0.0,0.016141323561532545,1388.770278930664,8.521991729736328,0.006136358085296984,0,0.0
2023-01-15,55.15675354003906,0.0,122.33000183105469,0.0,0.0,0.0,0.016158962630383664,0.012381783956258075,1,1,0.0,10,,3.0,-10.0,-165.4702606201172,1223.3000183105469,-2.1780052185058594,10.699996948242188,Live,0.0,0.0,0.0,0.016158962630383664,1388.770278930664,8.521991729736328,0.006136358085296984,0,0.0
2023-01-16,55.15675354003906,0.0,122.33000183105469,0.0,0.0,0.0,0.016158962630383664,0.012381783956258075,1,1,0.0,10,,3.0,-10.0,-165.4702606201172,1223.3000183105469,-2.1780052185058594,10.699996948242188,Live,0.0,0.0,0.0,0.016158962630383664,1388.770278930664,8.521991729736328,0.006136358085296984,0,0.0
2023-01-17,54.597537994384766,-0.010138659543266204,120.94999694824219,-0.011281001080326702,0.0011423415370604983,0.0011423415370604983,0.01635677275738598,0.012661084888460142,1,1,0.0,10,2.46490339898939,3.0,-10.0,-163.7926139831543,1209.4999694824219,-0.5003585815429688,-3.1000518798828125,Live,0.0,0.0,0.0,0.01635677275738598,1373.2925834655762,-3.6004104614257812,-0.002621735895740408,0,0.0
2023-01-18,53.65569305419922,-0.01725068519174644,121.19000244140625,0.0019843364962361942,-0.019235021687982634,0.019235021687982634,0.016345842584618603,0.012533595765403223,0,0,-1.0,10,0.25981244840847917,3.0,-10.0,-160.96707916259766,1211.9000244140625,2.325176239013672,-0.6999969482421875,Closed,-160.96707916259766,1211.9000244140625,1.6251792907714844,0.016345842584618603,1372.8671035766602,1.6251792907714844,0.0011837848591007012,0,1.6251792907714844
2023-01-19,53.5673942565918,-0.001645655709231586,121.79000091552734,0.004950890849360068,-0.006596546558591654,0.006596546558591654,0.01581926857281783,0.012535818031992793,0,0,0.0,10,6.839990265581172,0.0,0.0,0.0,0.0,0.0,0.0,,0.0,0.0,0.0,0.01581926857281783,0.0,0.0,0.0,0,0.0
2023-01-20,54.882049560546875,0.024542080536114508,122.16000366210938,0.003038038786440822,0.021504041749673686,0.021504041749673686,0.01576909014079637,0.012507191977880062,1,1,1.0,10,0.2755374612939335,-3.0,10.0,164.64614868164062,-1221.6000366210938,0.0,0.0,Opened,164.64614868164062,-1221.6000366210938,0.0,0.01576909014079637,1386.2461853027344,0.0,0.0,0,0.0
2023-01-21,54.882049560546875,0.0,122.16000366210938,0.0,0.0,0.0,0.015299265735629437,0.012470114969851414,1,1,0.0,10,,3.0,-10.0,-164.64614868164062,1221.6000366210938,0.0,0.0,Live,0.0,0.0,0.0,0.015299265735629437,1386.2461853027344,0.0,0.0,0,0.0
2023-01-22,54.882049560546875,0.0,122.16000366210938,0.0,0.0,0.0,0.015294059630488398,0.01247413356395825,1,1,0.0,10,,3.0,-10.0,-164.64614868164062,1221.6000366210938,0.0,0.0,Live,0.0,0.0,0.0,0.015294059630488398,1386.2461853027344,0.0,0.0,0,0.0
2023-01-23,55.02921676635742,0.0026815180371169145,121.94000244140625,-0.0018009267690564101,0.004482444806173325,0.004482444806173325,0.015281714553778605,0.012495518707588832,1,1,0.0,10,1.4882236396140975,3.0,-10.0,-165.08765029907227,1219.4000244140625,-0.4415016174316406,-2.20001220703125,Live,0.0,0.0,0.0,0.015281714553778605,1384.4876747131348,-2.6415138244628906,-0.0019079359626731319,0,0.0
2023-01-24,55.137142181396484,0.0019612384362526214,121.97000122070312,0.00024601261847023714,0.0017152258177823843,0.0017152258177823843,0.015270741656396221,0.012493312156676383,1,1,0.0,10,0.2774826052107801,3.0,-10.0,-165.41142654418945,1219.7000122070312,-0.7652778625488281,-1.9000244140625,Live,0.0,0.0,0.0,0.015270741656396221,1385.1114387512207,-2.665302276611328,-0.0019242511483511342,0,0.0
2023-01-25,55.823890686035156,0.012455279281238907,121.93000030517578,-0.0003279569986636144,0.012783236279902521,0.012783236279902521,0.01534168164630536,0.012496512078387942,1,1,0.0,10,0.057511395587090286,3.0,-10.0,-167.47167205810547,1219.3000030517578,-2.8255233764648438,-2.3000335693359375,Live,0.0,0.0,0.0,0.01534168164630536,1386.7716751098633,-5.125556945800781,-0.0036960352145891085,0,0.0
2023-01-26,56.24576950073242,0.007557316580995677,122.48999786376953,0.004592779112541079,0.0029645374684545978,0.0029645374684545978,0.015337145921611074,0.012493058063102937,1,1,0.0,10,1.3234840372391925,3.0,-10.0,-168.73730850219727,1224.8999786376953,-4.091159820556641,3.2999420166015625,Live,0.0,0.0,0.0,0.015337145921611074,1393.6372871398926,-0.7912178039550781,-0.0005677358170997731,0,0.0
2023-01-27,56.020111083984375,-0.004012006925162792,122.69999694824219,0.0017144182229982263,-0.0057264251481610184,0.0057264251481610184,0.013013282924026875,0.012491654829300893,0,0,-1.0,10,0.9359565470862112,3.0,-10.0,-168.06033325195312,1226.9999694824219,-3.4141845703125,5.399932861328125,Closed,-168.06033325195312,1226.9999694824219,1.985748291015625,0.013013282924026875,1395.060302734375,1.985748291015625,0.0014234139464247369,0,1.985748291015625
2023-01-28,56.020111083984375,0.0,122.69999694824219,0.0,0.0,0.0,0.012784082568490597,0.012503490531929624,1,0,0.0,10,,0.0,0.0,0.0,0.0,0.0,0.0,,0.0,0.0,0.0,0.012784082568490597,0.0,0.0,0.0,0,0.0
2023-01-29,56.020111083984375,0.0,122.69999694824219,0.0,0.0,0.0,0.01268354718226802,0.012518607801841006,1,0,0.0,10,,0.0,0.0,0.0,0.0,0.0,0.0,,0.0,0.0,0.0,0.01268354718226802,0.0,0.0,0.0,0,0.0
2023-01-30,55.40202713012695,-0.011033251128881205,123.08000183105469,0.003097024386828684,-0.01413027551570989,0.01413027551570989,0.01297924223134351,0.012502912452336529,0,1,1.0,10,0.623595482293608,7.0,-10.0,-387.8141899108887,1230.8000183105469,0.0,0.0,Opened,-387.8141899108887,1230.8000183105469,0.0,0.01297924223134351,1618.6142082214355,0.0,0.0,0,0.0
2023-01-31,56.039737701416016,0.01151059996038084,123.37000274658203,0.002356198498643325,0.009154401461737516,0.009154401461737516,0.013018670806959936,0.012487957394940807,1,0,-1.0,10,0.4506375683363506,-7.0,10.0,392.2781639099121,-1233.7000274658203,4.4639739990234375,-2.9000091552734375,Closed,392.2781639099121,-1233.7000274658203,1.56396484375,0.013018670806959936,1625.9781913757324,1.56396484375,0.0009618608982859338,0,1.56396484375
2023-02-01,57.06987380981445,0.018382243576639867,126.33000183105469,0.0239928590303502,-0.0056106154537103325,0.0056106154537103325,0.013222969433862065,0.01301220794125924,0,0,0.0,10,2.8892363889608896,0.0,0.0,0.0,0.0,0.0,0.0,,0.0,0.0,0.0,0.013222969433862065,0.0,0.0,0.0,0,0.0
2023-02-02,57.37401580810547,0.005329291585689733,123.94999694824219,-0.018839585595790354,0.024168877181480086,0.024168877181480086,0.01272070810081248,0.00892720072559435,1,1,1.0,10,7.637181898163013,-77.0,10.0,4417.799217224121,-1239.4999694824219,0.0,0.0,Opened,4417.799217224121,-1239.4999694824219,0.0,0.01272070810081248,5657.299186706543,0.0,0.0,0,0.0
2023-02-03,56.83441162109375,-0.00940502733530968,125.26000213623047,0.01056881984866287,-0.01997384718397255,0.01997384718397255,0.012509168361477967,0.007992052972976183,0,0,-1.0,10,2.476666212986992,77.0,-10.0,-4376.249694824219,1252.6000213623047,41.549522399902344,13.100051879882812,Closed,-4376.249694824219,1252.6000213623047,54.649574279785156,0.012509168361477967,5628.849716186523,54.649574279785156,0.009708835203511096,0,54.649574279785156
2023-02-04,56.83441162109375,0.0,125.26000213623047,0.0,0.0,0.0,0.012538734559914864,0.007928063525769294,1,0,0.0,10,,0.0,0.0,0.0,0.0,0.0,0.0,,0.0,0.0,0.0,0.012538734559914864,0.0,0.0,0.0,0,0.0
2023-02-05,56.83441162109375,0.0,125.26000213623047,0.0,0.0,0.0,0.009986129969754494,0.007663455181448402,1,0,0.0,10,,0.0,0.0,0.0,0.0,0.0,0.0,,0.0,0.0,0.0,0.009986129969754494,0.0,0.0,0.0,0,0.0
2023-02-06,55.823890686035156,-0.017780089671651456,124.33999633789062,-0.007344769141383711,-0.010435320530267744,0.010435320530267744,0.010679923656655746,0.007858530662077404,0,0,0.0,10,0.9200998318714393,0.0,0.0,0.0,0.0,0.0,0.0,,0.0,0.0,0.0,0.010679923656655746,0.0,0.0,0.0,0,0.0
2023-02-07,56.167274475097656,0.006151197719158619,122.75,-0.012787489019782883,0.0189386867389415,0.0189386867389415,0.010689185950434327,0.008314585291598897,1,1,1.0,10,4.5432196865572525,-46.0,10.0,2583.694625854492,-1227.5,0.0,0.0,Opened,2583.694625854492,-1227.5,0.0,0.010689185950434327,3811.194625854492,0.0,0.0,0,0.0
2023-02-08,54.676025390625,-0.026550141490910617,123.20999908447266,0.0037474467166815906,-0.030297588207592208,0.030297588207592208,0.011935180202276671,0.008260222874945688,0,0,-1.0,10,0.31806629094490957,46.0,-10.0,-2515.09716796875,1232.0999908447266,68.59745788574219,4.5999908447265625,Closed,-2515.09716796875,1232.0999908447266,73.19744873046875,0.011935180202276671,3747.1971588134766,73.19744873046875,0.01953391978810269,0,73.19744873046875
2023-02-09,54.13642883300781,-0.009868979205458261,124.6500015258789,0.01168738294055971,-0.02155636214601797,0.02155636214601797,0.0112995504374544,0.007814086573101989,0,1,1.0,10,2.7267650864308055,28.0,-10.0,-1515.8200073242188,1246.500015258789,0.0,0.0,Opened,-1515.8200073242188,1246.500015258789,0.0,0.0112995504374544,2762.320022583008,0.0,0.0,0,0.0
2023-02-10,54.21491241455078,0.0014497369559611784,125.13999938964844,0.003930989633143422,-0.002481252677182244,0.002481252677182244,0.01126669025396878,0.007601896114927216,0,1,0.0,10,6.258785628443204,-28.0,10.0,1518.0175476074219,-1251.3999938964844,2.197540283203125,-4.8999786376953125,Live,0.0,0.0,0.0,0.01126669025396878,2769.4175415039062,-2.7024383544921875,-0.0009758147025474006,0,0.0
2023-02-11,54.21491241455078,0.0,125.13999938964844,0.0,0.0,0.0,0.010651001825668822,0.0076029735194035,1,0,-1.0,10,,-28.0,10.0,1518.0175476074219,-1251.3999938964844,2.197540283203125,-4.8999786376953125,Closed,1518.0175476074219,-1251.3999938964844,-2.7024383544921875,0.010651001825668822,2769.4175415039062,-2.7024383544921875,-0.0009758147025474006,0,-2.7024383544921875
2023-02-12,54.21491241455078,0.0,125.13999938964844,0.0,0.0,0.0,0.010345694772492845,0.0074623711351569704,1,0,0.0,10,,0.0,0.0,0.0,0.0,0.0,0.0,,0.0,0.0,0.0,0.010345694772492845,0.0,0.0,0.0,0,0.0
2023-02-13,54.352272033691406,0.002533613226012754,123.76000213623047,-0.011027627138794127,0.013561240364806881,0.013561240364806881,0.010360434684941756,0.007767689016659365,1,1,1.0,10,9.910700705857243,-100.0,10.0,5435.227203369141,-1237.6000213623047,0.0,0.0,Opened,5435.227203369141,-1237.6000213623047,0.0,0.010360434684941756,6672.827224731445,0.0,0.0,0,0.0
2023-02-14,55.666927337646484,0.02418767890954321,124.19999694824219,0.0035552262800333523,0.020632452629509856,0.020632452629509856,0.011294696412528556,0.007788207095154214,1,1,0.0,10,0.3279422619849005,100.0,-10.0,-5566.692733764648,1241.9999694824219,-131.4655303955078,4.3999481201171875,Live,0.0,0.0,0.0,0.011294696412528556,6808.69270324707,-127.06558227539062,-0.018662258353177395,1,-127.06558227539062
2023-02-15,55.588436126708984,-0.0014100151506730718,124.33999633789062,0.0011272092841256853,-0.002537224434798757,0.002537224434798757,0.011299215891352556,0.007788255583321216,0,0,-1.0,10,1.7881632784463317,100.0,-10.0,-5558.843612670898,1243.3999633789062,-123.61640930175781,5.7999420166015625,Closed,-5558.843612670898,1243.3999633789062,-117.81646728515625,0.011299215891352556,6802.243576049805,-117.81646728515625,-0.017320236473151195,1,0.0
2023-02-16,56.12803268432617,0.009706992950606175,124.69000244140625,0.002814911644073881,0.006892081306532294,0.006892081306532294,0.011246512565061866,0.007467043985590503,1,0,0.0,10,0.6442165333813316,0.0,0.0,0.0,0.0,0.0,0.0,,0.0,0.0,0.0,0.011246512565061866,0.0,0.0,0.0,0,0.0
2023-02-17,55.11751174926758,-0.018003854522069873,124.94000244140625,0.002004972292124929,-0.020008826814194802,0.020008826814194802,0.011289378451773396,0.00746713468495807,0,1,1.0,10,0.25243803269303455,3.0,-10.0,-165.35253524780273,1249.4000244140625,0.0,0.0,Opened,-165.35253524780273,1249.4000244140625,0.0,0.011289378451773396,1414.7525596618652,0.0,0.0,0,0.0
2023-02-18,55.11751174926758,0.0,124.94000244140625,0.0,0.0,0.0,0.011280285522781711,0.007432422816126926,1,0,-1.0,10,,-3.0,10.0,165.35253524780273,-1249.4000244140625,0.0,0.0,Closed,165.35253524780273,-1249.4000244140625,0.0,0.011280285522781711,1414.7525596618652,0.0,0.0,0,0.0
2023-02-19,55.11751174926758,0.0,124.94000244140625,0.0,0.0,0.0,0.01036809483929572,0.007422670355627828,1,0,0.0,10,,0.0,0.0,0.0,0.0,0.0,0.0,,0.0,0.0,0.0,0.01036809483929572,0.0,0.0,0.0,0,0.0
2023-02-20,55.11751174926758,0.0,124.94000244140625,0.0,0.0,0.0,0.01036809483929572,0.007422670355627828,1,0,0.0,10,,0.0,0.0,0.0,0.0,0.0,0.0,,0.0,0.0,0.0,0.01036809483929572,0.0,0.0,0.0,0,0.0
2023-02-21,53.675315856933594,-0.026165838162190758,126.33999633789062,0.011205329511186246,-0.037371167673377004,0.037371167673377004,0.011431123234268413,0.0076603493362225805,0,1,1.0,10,1.0079900206223633,11.0,-10.0,-590.4284744262695,1263.3999633789062,0.0,0.0,Opened,-590.4284744262695,1263.3999633789062,0.0,0.011431123234268413,1853.8284378051758,0.0,0.0,0,0.0
2023-02-22,53.783233642578125,0.0020105663827330034,125.7699966430664,-0.004511632985169434,0.006522199367902437,0.006522199367902437,0.011424979556814095,0.007712173952114621,1,0,-1.0,10,5.247415885901111,-11.0,10.0,591.6155700683594,-1257.699966430664,1.1870956420898438,5.6999969482421875,Closed,591.6155700683594,-1257.699966430664,6.887092590332031,0.011424979556814095,1849.3155364990234,6.887092590332031,0.0037241306063810643,0,6.887092590332031
2023-02-23,53.273067474365234,-0.009485598645913584,125.91999816894531,0.0011926654200731246,-0.010678264065986709,0.010678264065986709,0.011523763248084282,0.007710664757151052,0,0,0.0,10,0.297194581577146,0.0,0.0,0.0,0.0,0.0,0.0,,0.0,0.0,0.0,0.011523763248084282,0.0,0.0,0.0,0,0.0
2023-02-24,52.7727165222168,-0.009392193389074266,125.8499984741211,-0.0005559060978567176,-0.008836287291217548,0.008836287291217548,0.011327470666021425,0.007712224060834988,0,0,0.0,10,0.14114912030904977,0.0,0.0,0.0,0.0,0.0,0.0,,0.0,0.0,0.0,0.011327470666021425,0.0,0.0,0.0,0,0.0
2023-02-25,52.7727165222168,0.0,125.8499984741211,0.0,0.0,0.0,0.011195239196226845,0.007685710829892874,1,0,0.0,10,,0.0,0.0,0.0,0.0,0.0,0.0,,0.0,0.0,0.0,0.011195239196226845,0.0,0.0,0.0,0,0.0
2023-02-26,52.7727165222168,0.0,125.8499984741211,0.0,0.0,0.0,0.01119509871828092,0.007686058230480812,1,0,0.0,10,,0.0,0.0,0.0,0.0,0.0,0.0,,0.0,0.0,0.0,0.01119509871828092,0.0,0.0,0.0,0,0.0
2023-02-27,54.0971794128418,0.025097493134874194,125.73999786376953,-0.0008740612768000089,0.025971554411674203,0.025971554411674203,0.012233686084457013,0.007691139708677212,1,1,1.0,10,0.08094879027628098,-1.0,10.0,54.0971794128418,-1257.3999786376953,0.0,0.0,Opened,54.0971794128418,-1257.3999786376953,0.0,0.012233686084457013,1311.497158050537,0.0,0.0,0,0.0
2023-02-28,55.14694595336914,0.0194051991604971,125.75,7.954617783045848e-05,0.01932565298266664,0.01932565298266664,0.012793570897651317,0.007690852173283938,1,1,0.0,10,0.009347333542626306,1.0,-10.0,-55.14694595336914,1257.5,-1.0497665405273438,0.1000213623046875,Live,0.0,0.0,0.0,0.012793570897651317,1312.6469459533691,-0.9497451782226562,-0.0007235343678287089,0,0.0
2023-03-01,56.27519989013672,0.02045904659383324,126.80000305175781,0.008349924864873293,0.012109121728959948,0.012109121728959948,0.013180911362175824,0.007802818198319405,1,1,0.0,10,0.9196009132194761,1.0,-10.0,-56.27519989013672,1268.0000305175781,-2.178020477294922,10.600051879882812,Live,0.0,0.0,0.0,0.013180911362175824,1324.2752304077148,8.42203140258789,0.006359728860891655,0,0.0
2023-03-02,56.520477294921875,0.004358534581200946,127.0199966430664,0.0017349651893840967,0.002623569391816849,0.002623569391816849,0.013040803119323013,0.007799980253324108,1,1,0.0,10,0.8945745644206848,1.0,-10.0,-56.520477294921875,1270.199966430664,-2.423297882080078,12.79998779296875,Live,0.0,0.0,0.0,0.013040803119323013,1326.720443725586,10.376689910888672,0.007821308520542365,0,0.0
2023-03-03,57.96266555786133,0.02551620814194755,126.63999938964844,-0.002991633313341846,0.028507841455289396,0.028507841455289396,0.013439585280084319,0.006505786838438509,1,1,0.0,10,0.2561620410202482,1.0,-10.0,-57.96266555786133,1266.3999938964844,-3.8654861450195312,9.000015258789062,Live,0.0,0.0,0.0,0.013439585280084319,1324.3626594543457,5.134529113769531,0.0038769811857161714,0,0.0
2023-03-04,57.96266555786133,0.0,126.63999938964844,0.0,0.0,0.0,0.013410172811077559,0.005435578681127485,1,1,0.0,10,,1.0,-10.0,-57.96266555786133,1266.3999938964844,-3.8654861450195312,9.000015258789062,Live,0.0,0.0,0.0,0.013410172811077559,1324.3626594543457,5.134529113769531,0.0038769811857161714,0,0.0
2023-03-05,57.96266555786133,0.0,126.63999938964844,0.0,0.0,0.0,0.013281710982778017,0.0051085849411704395,1,1,0.0,10,,1.0,-10.0,-57.96266555786133,1266.3999938964844,-3.8654861450195312,9.000015258789062,Live,0.0,0.0,0.0,0.013281710982778017,1324.3626594543457,5.134529113769531,0.0038769811857161714,0,0.0
2023-03-06,56.167274475097656,-0.030974957163959593,125.5,-0.009001890359623732,-0.02197306680433586,0.02197306680433586,0.01449025980509951,0.005388264252615665,0,0,-1.0,10,0.6493567812396036,1.0,-10.0,-56.167274475097656,1255.0,-2.0700950622558594,-2.3999786376953125,Closed,-56.167274475097656,1255.0,-4.470073699951172,0.01449025980509951,1311.1672744750977,-4.470073699951172,-0.003409232206272602,0,-4.470073699951172
2023-03-07,54.5681037902832,-0.028471573523181415,127.33000183105469,0.014581687896850104,-0.04305326142003152,0.04305326142003152,0.015375811795370977,0.006003550763933299,0,1,1.0,10,1.1950558756280685,12.0,-10.0,-654.8172454833984,1273.3000183105469,0.0,0.0,Opened,-654.8172454833984,1273.3000183105469,0.0,0.015375811795370977,1928.1172637939453,0.0,0.0,0,0.0
2023-03-08,54.7054557800293,0.0025170746316194315,127.37000274658203,0.0003141515350044699,0.0022029230966149616,0.0022029230966149616,0.015066401429151001,0.005815543764705205,1,0,-1.0,10,0.29058929474183764,-12.0,10.0,656.4654693603516,-1273.7000274658203,1.648223876953125,-0.4000091552734375,Closed,656.4654693603516,-1273.7000274658203,1.2482147216796875,0.015066401429151001,1930.1654968261719,1.2482147216796875,0.0006466879258447858,0,1.2482147216796875
2023-03-09,53.29269027709961,-0.025824947124294506,129.47999572753906,0.016565854875226105,-0.04239080199952061,0.04239080199952061,0.015692975923391913,0.005915759563223356,0,1,1.0,10,1.5585094621255746,16.0,-10.0,-852.6830444335938,1294.7999572753906,0.0,0.0,Opened,-852.6830444335938,1294.7999572753906,0.0,0.015692975923391913,2147.4830017089844,0.0,0.0,0,0.0
2023-03-10,51.50710678100586,-0.033505223452024335,129.44000244140625,-0.0003088761774210358,-0.0331963472746033,0.0331963472746033,0.016119399883388515,0.005916013963902615,0,1,0.0,10,0.02316718421630135,-16.0,10.0,824.1137084960938,-1294.4000244140625,-28.5693359375,0.399932861328125,Live,0.0,0.0,0.0,0.016119399883388515,2118.5137329101562,-28.169403076171875,-0.013296776243917088,0,0.0
2023-03-11,51.50710678100586,0.0,129.44000244140625,0.0,0.0,0.0,0.01605091680319421,0.005609992530465553,1,0,-1.0,10,,-16.0,10.0,824.1137084960938,-1294.4000244140625,-28.5693359375,0.399932861328125,Closed,824.1137084960938,-1294.4000244140625,-28.169403076171875,0.01605091680319421,2118.5137329101562,-28.169403076171875,-0.013296776243917088,0,-28.169403076171875
2023-03-12,51.50710678100586,0.0,129.44000244140625,0.0,0.0,0.0,0.01604380758085852,0.0055916437086875395,1,0,0.0,10,,0.0,0.0,0.0,0.0,0.0,0.0,,0.0,0.0,0.0,0.01604380758085852,0.0,0.0,0.0,0,0.0
2023-03-13,51.095054626464844,-0.007999908756144092,130.49000549316406,0.008111889925474403,-0.016111798681618494,0.016111798681618494,0.016083052059869533,0.0057289719860020285,0,1,1.0,10,2.5896161618489546,26.0,-10.0,-1328.471420288086,1304.9000549316406,0.0,0.0,Opened,-1328.471420288086,1304.9000549316406,0.0,0.016083052059869533,2633.3714752197266,0.0,0.0,0,0.0
2023-03-14,51.49729537963867,0.007872400883303543,130.0399932861328,-0.003448633520479305,0.011321034403782848,0.011321034403782848,0.01617818721222983,0.005792532651519776,1,0,-1.0,10,1.106196707654876,-26.0,10.0,1338.9296798706055,-1300.3999328613281,10.458259582519531,4.5001220703125,Closed,1338.9296798706055,-1300.3999328613281,14.958381652832031,0.01617818721222983,2639.3296127319336,14.958381652832031,0.005667492828737225,0,14.958381652832031
2023-03-15,48.43630599975586,-0.05943980858251219,130.08999633789062,0.0003845205655139683,-0.059824329148026156,0.059824329148026156,0.019291226484599702,0.005309842538361416,0,1,1.0,10,0.01737460969883375,1.0,-10.0,-48.43630599975586,1300.8999633789062,0.0,0.0,Opened,-48.43630599975586,1300.8999633789062,0.0,0.019291226484599702,1349.336269378662,0.0,0.0,0,0.0
2023-03-16,48.93666076660156,0.010330159505727465,128.91000366210938,-0.009070587354898407,0.019400746860625873,0.019400746860625873,0.018760246997347546,0.005645641043791067,1,0,-1.0,10,2.3130268380730756,-1.0,10.0,48.93666076660156,-1289.1000366210938,0.5003547668457031,11.7999267578125,Closed,48.93666076660156,-1289.1000366210938,12.300281524658203,0.018760246997347546,1338.0366973876953,12.300281524658203,0.009192783388282664,0,12.300281524658203
2023-03-17,48.55404281616211,-0.007818636262582612,130.0,0.008455482948768411,-0.016274119211351024,0.016274119211351024,0.018764889607514164,0.005796367900504327,0,0,0.0,10,2.895511965850361,0.0,0.0,0.0,0.0,0.0,0.0,,0.0,0.0,0.0,0.018764889607514164,0.0,0.0,0.0,0,0.0
2023-03-18,48.55404281616211,0.0,130.0,0.0,0.0,0.0,0.018597498187942204,0.00579715019316911,1,0,0.0,10,,0.0,0.0,0.0,0.0,0.0,0.0,,0.0,0.0,0.0,0.018597498187942204,0.0,0.0,0.0,0,0.0
2023-03-19,48.55404281616211,0.0,130.0,0.0,0.0,0.0,0.018441569143820485,0.005801577312581701,1,0,0.0,10,,0.0,0.0,0.0,0.0,0.0,0.0,,0.0,0.0,0.0,0.018441569143820485,0.0,0.0,0.0,0,0.0
2023-03-20,49.301231384277344,0.015388802348432318,128.25999450683594,-0.013384657639723518,0.028773459988155836,0.028773459988155836,0.018769229872989217,0.006392750223022613,1,1,1.0,10,2.2627464680601252,-23.0,10.0,1133.928321838379,-1282.5999450683594,0.0,0.0,Opened,1133.928321838379,-1282.5999450683594,0.0,0.018769229872989217,2416.5282669067383,0.0,0.0,0,0.0
2023-03-21,50.029720306396484,0.01477628249162688,128.00999450683594,-0.001949165840535505,0.016725448332162385,0.016725448332162385,0.019056935301397696,0.006412028511107453,1,1,0.0,10,0.33751992072882525,23.0,-10.0,-1150.6835670471191,1280.0999450683594,-16.755245208740234,-2.5,Live,0.0,0.0,0.0,0.019056935301397696,2430.7835121154785,-19.255245208740234,-0.00792141509631298,0,0.0
2023-03-22,48.94683837890625,-0.02164477276423593,127.7300033569336,-0.0021872600727859126,-0.01945751269145002,0.01945751269145002,0.019345233878029094,0.006434180282734653,0,0,-1.0,10,0.26370336603092237,23.0,-10.0,-1125.7772827148438,1277.300033569336,8.151039123535156,-5.2999114990234375,Closed,-1125.7772827148438,1277.300033569336,2.8511276245117188,0.019345233878029094,2403.0773162841797,2.8511276245117188,0.001186448561264083,0,2.8511276245117188
2023-03-23,49.11418533325195,0.0034189532948019075,126.66000366210938,-0.008377042720606354,0.011795996015408261,0.011795996015408261,0.018913252670773387,0.006330055745033889,1,0,0.0,10,6.318734588452547,0.0,0.0,0.0,0.0,0.0,0.0,,0.0,0.0,0.0,0.018913252670773387,0.0,0.0,0.0,0,0.0
2023-03-24,49.48828125,0.0076168608765412316,126.01000213623047,-0.005131860943356048,0.01274872181989728,0.01274872181989728,0.018989763807638678,0.00634664036793702,1,0,0.0,10,1.7155425919782985,0.0,0.0,0.0,0.0,0.0,0.0,,0.0,0.0,0.0,0.018989763807638678,0.0,0.0,0.0,0,0.0
2023-03-25,49.48828125,0.0,126.01000213623047,0.0,0.0,0.0,0.018949975865549844,0.006343184017799398,1,0,0.0,10,,0.0,0.0,0.0,0.0,0.0,0.0,,0.0,0.0,0.0,0.018949975865549844,0.0,0.0,0.0,0,0.0
2023-03-26,49.48828125,0.0,126.01000213623047,0.0,0.0,0.0,0.018905908050087617,0.006342185366502436,1,0,0.0,10,,0.0,0.0,0.0,0.0,0.0,0.0,,0.0,0.0,0.0,0.018905908050087617,0.0,0.0,0.0,0,0.0
2023-03-27,50.187232971191406,0.01412358044241846,126.01000213623047,0.0,0.01412358044241846,0.01412358044241846,0.019131012761175452,0.006342185366502436,1,0,0.0,10,0.0,0.0,0.0,0.0,0.0,0.0,0.0,,0.0,0.0,0.0,0.019131012761175452,0.0,0.0,0.0,0,0.0
2023-03-28,50.74837875366211,0.01118104643849982,126.01000213623047,0.0,0.01118104643849982,0.01118104643849982,0.019269518470809755,0.006342185366502436,1,0,0.0,10,0.0,0.0,0.0,0.0,0.0,0.0,0.0,,0.0,0.0,0.0,0.019269518470809755,0.0,0.0,0.0,0,0.0
2023-03-29,51.24059295654297,0.009699111872521371,126.01000213623047,0.0,0.009699111872521371,0.009699111872521371,0.018745012961289557,0.006339745328686302,1,0,0.0,10,0.0,0.0,0.0,0.0,0.0,0.0,0.0,,0.0,0.0,0.0,0.018745012961289557,0.0,0.0,0.0,0,0.0
2023-03-30,51.604835510253906,0.007108476555293786,126.01000213623047,0.0,0.007108476555293786,0.007108476555293786,0.018400370417550223,0.006339766867326557,1,0,0.0,10,0.0,0.0,0.0,0.0,0.0,0.0,0.0,,0.0,0.0,0.0,0.018400370417550223,0.0,0.0,0.0,0,0.0
2023-03-31,52.33333969116211,0.014116975157559608,127.05999755859375,0.008332635541328903,0.005784339616230705,0.005784339616230705,0.01816788321421872,0.006338990686331022,1,0,0.0,10,1.4330822882561942,0.0,0.0,0.0,0.0,0.0,0.0,,0.0,0.0,0.0,0.01816788321421872,0.0,0.0,0.0,0,0.0
2023-04-01,52.33333969116211,0.0,127.05999755859375,0.0,0.0,0.0,0.01813055986962713,0.006331353269349384,1,0,0.0,10,,0.0,0.0,0.0,0.0,0.0,0.0,,0.0,0.0,0.0,0.01813055986962713,0.0,0.0,0.0,0,0.0
2023-04-02,52.33333969116211,0.0,127.05999755859375,0.0,0.0,0.0,0.017357814456299636,0.006305630678809762,1,0,0.0,10,,0.0,0.0,0.0,0.0,0.0,0.0,,0.0,0.0,0.0,0.017357814456299636,0.0,0.0,0.0,0,0.0
2023-04-03,52.64835739135742,0.006019445769261944,122.19000244140625,-0.038328311118861036,0.04434775688812298,0.04434775688812298,0.017431325718189544,0.00943779887053122,1,1,1.0,10,14.777944274326613,-148.0,10.0,7791.956893920898,-1221.9000244140625,0.0,0.0,Opened,7791.956893920898,-1221.9000244140625,0.0,0.017431325718189544,9013.856918334961,0.0,0.0,0,0.0
2023-04-04,51.31935501098633,-0.025242998000717498,120.23999786376953,-0.015958789906496684,-0.009284208094220814,0.009284208094220814,0.017882423271324274,0.009813149771943563,0,0,-1.0,10,1.481244650451304,148.0,-10.0,-7595.264541625977,1202.3999786376953,196.69235229492188,-19.500045776367188,Closed,-7595.264541625977,1202.3999786376953,177.1923065185547,0.017882423271324274,8797.664520263672,177.1923065185547,0.020140834662475186,0,177.1923065185547
2023-04-05,50.72868347167969,-0.011509722582838222,119.66999816894531,-0.004740516508242254,-0.006769206074595968,0.006769206074595968,0.017206209634521318,0.009734033717029305,0,0,0.0,10,0.9716111726407703,0.0,0.0,0.0,0.0,0.0,0.0,,0.0,0.0,0.0,0.017206209634521318,0.0,0.0,0.0,0,0.0
2023-04-06,50.56132888793945,-0.0032990129506054178,119.16000366210938,-0.004261673891863382,0.0009626609412579645,0.0009626609412579645,0.01653413760928799,0.009254132224485167,1,0,0.0,10,3.0444456234166584,0.0,0.0,0.0,0.0,0.0,0.0,,0.0,0.0,0.0,0.01653413760928799,0.0,0.0,0.0,0,0.0
2023-04-07,50.56132888793945,0.0,119.16000366210938,0.0,0.0,0.0,0.016514680234648048,0.009251406209590888,1,0,0.0,10,,0.0,0.0,0.0,0.0,0.0,0.0,,0.0,0.0,0.0,0.016514680234648048,0.0,0.0,0.0,0,0.0
2023-04-08,50.56132888793945,0.0,119.16000366210938,0.0,0.0,0.0,0.015918585086600382,0.008562908163096994,1,0,0.0,10,,0.0,0.0,0.0,0.0,0.0,0.0,,0.0,0.0,0.0,0.015918585086600382,0.0,0.0,0.0,0,0.0
2023-04-09,50.56132888793945,0.0,119.16000366210938,0.0,0.0,0.0,0.014736350420092222,0.008566103214805519,1,0,0.0,10,,0.0,0.0,0.0,0.0,0.0,0.0,,0.0,0.0,0.0,0.014736350420092222,0.0,0.0,0.0,0,0.0
2023-04-10,50.9649543762207,0.007982889238845381,119.75,0.004951295063430949,0.0030315941754144315,0.0030315941754144315,0.014817728208768977,0.008667385560428845,1,0,0.0,10,1.4573457099659757,0.0,0.0,0.0,0.0,0.0,0.0,,0.0,0.0,0.0,0.014817728208768977,0.0,0.0,0.0,0,0.0
2023-04-11,51.713138580322266,0.01468036640587389,121.05000305175781,0.010855975380023475,0.0038243910258504155,0.0038243910258504155,0.015066382183840824,0.008997982877039845,1,0,0.0,10,1.730995195241454,0.0,0.0,0.0,0.0,0.0,0.0,,0.0,0.0,0.0,0.015066382183840824,0.0,0.0,0.0,0,0.0
2023-04-12,51.31935501098633,-0.0076147683189699,120.5,-0.004543602130457125,-0.003071166188512775,0.003071166188512775,0.015059276571661872,0.008792590081592964,0,0,0.0,10,1.4010365253496546,0.0,0.0,0.0,0.0,0.0,0.0,,0.0,0.0,0.0,0.015059276571661872,0.0,0.0,0.0,0,0.0
2023-04-13,52.43178176879883,0.02167655375977251,119.91999816894531,-0.004813293203773328,0.026489846963545838,0.026489846963545838,0.015504271775410243,0.008800586561569977,1,1,1.0,10,0.5078659276596544,-6.0,10.0,314.59069061279297,-1199.1999816894531,0.0,0.0,Opened,314.59069061279297,-1199.1999816894531,0.0,0.015504271775410243,1513.790672302246,0.0,0.0,0,0.0
2023-04-14,51.595001220703125,-0.015959414688318962,119.11000061035156,-0.006754482746510804,-0.009204931941808159,0.009204931941808159,0.011090876282335125,0.008811966795228447,0,0,-1.0,10,0.9770476329390929,6.0,-10.0,-309.57000732421875,1191.1000061035156,5.020683288574219,-8.0999755859375,Closed,-309.57000732421875,1191.1000061035156,-3.0792922973632812,0.011090876282335125,1500.6700134277344,-3.0792922973632812,-0.0020519449777834627,0,-3.0792922973632812
2023-04-15,51.595001220703125,0.0,119.11000061035156,0.0,0.0,0.0,0.010988605546485928,0.008748214415762531,1,0,0.0,10,,0.0,0.0,0.0,0.0,0.0,0.0,,0.0,0.0,0.0,0.010988605546485928,0.0,0.0,0.0,0,0.0
2023-04-16,51.595001220703125,0.0,119.11000061035156,0.0,0.0,0.0,0.010843802231446407,0.008512976689830802,1,0,0.0,10,,0.0,0.0,0.0,0.0,0.0,0.0,,0.0,0.0,0.0,0.010843802231446407,0.0,0.0,0.0,0,0.0
2023-04-17,51.900177001953125,0.005914832329290576,120.01000213623047,0.007556053406658103,-0.0016412210773675273,0.0016412210773675273,0.010858367080597203,0.008710499090798577,0,0,0.0,10,2.953936705677442,0.0,0.0,0.0,0.0,0.0,0.0,,0.0,0.0,0.0,0.010858367080597203,0.0,0.0,0.0,0,0.0
2023-04-18,52.215206146240234,0.006069905007747067,120.33999633789062,0.002749722488010198,0.0033201825197368695,0.0033201825197368695,0.01087094076123392,0.008753429312367137,1,0,0.0,10,1.0440468031526577,0.0,0.0,0.0,0.0,0.0,0.0,,0.0,0.0,0.0,0.01087094076123392,0.0,0.0,0.0,0,0.0
2023-04-19,51.50640106201172,-0.01357468707953291,120.26000213623047,-0.0006647349517574508,-0.01290995212777546,0.01290995212777546,0.010970958351470286,0.008514465747684264,0,1,1.0,10,0.11433486661790618,2.0,-10.0,-103.01280212402344,1202.6000213623047,0.0,0.0,Opened,-103.01280212402344,1202.6000213623047,0.0,0.010970958351470286,1305.6128234863281,0.0,0.0,0,0.0
2023-04-20,50.71883773803711,-0.015290591222368866,119.30999755859375,-0.007899588897067877,-0.007391002325300988,0.007391002325300988,0.011090705150267086,0.008579676801514977,0,1,0.0,10,1.2153119175886633,-2.0,10.0,101.43767547607422,-1193.0999755859375,-1.5751266479492188,9.500045776367188,Live,0.0,0.0,0.0,0.011090705150267086,1294.5376510620117,7.924919128417969,0.006121814318738841,0,0.0
2023-04-21,49.409523010253906,-0.025815156383232174,117.20999908447266,-0.01760119451087716,-0.008213961872355013,0.008213961872355013,0.011399874097199334,0.009022362146716477,0,1,0.0,10,1.6174146903650826,-2.0,10.0,98.81904602050781,-1172.0999908447266,-4.193756103515625,30.500030517578125,Live,0.0,0.0,0.0,0.011399874097199334,1270.9190368652344,26.3062744140625,0.02069862331982046,0,0.0
2023-04-22,49.409523010253906,0.0,117.20999908447266,0.0,0.0,0.0,0.01138549301565412,0.008973978630946199,1,0,-1.0,10,,-2.0,10.0,98.81904602050781,-1172.0999908447266,-4.193756103515625,30.500030517578125,Closed,98.81904602050781,-1172.0999908447266,26.3062744140625,0.01138549301565412,1270.9190368652344,26.3062744140625,0.02069862331982046,0,26.3062744140625
2023-04-23,49.409523010253906,0.0,117.20999908447266,0.0,0.0,0.0,0.011300452990317641,0.00897181484710393,1,0,0.0,10,,0.0,0.0,0.0,0.0,0.0,0.0,,0.0,0.0,0.0,0.011300452990317641,0.0,0.0,0.0,0,0.0
2023-04-24,49.872215270996094,0.00936443488123051,116.76000213623047,-0.0038392368548512135,0.013203671736081724,0.013203671736081724,0.011428804907089153,0.008964211548040883,1,1,1.0,10,0.9598398278367822,-10.0,10.0,498.72215270996094,-1167.6000213623047,0.0,0.0,Opened,498.72215270996094,-1167.6000213623047,0.0,0.011428804907089153,1666.3221740722656,0.0,0.0,0,0.0
2023-04-25,48.38569641113281,-0.029806553644866618,117.5999984741211,0.007194213108274505,-0.03700076675314112,0.03700076675314112,0.012684316240803722,0.009128090044846606,0,0,-1.0,10,0.5866267385233708,10.0,-10.0,-483.8569641113281,1175.999984741211,14.865188598632812,8.39996337890625,Closed,-483.8569641113281,1175.999984741211,23.265151977539062,0.012684316240803722,1659.856948852539,23.265151977539062,0.014016359658958736,0,23.265151977539062
2023-04-26,47.83440017700195,-0.011393785251048172,116.70999908447266,-0.007568022119016304,-0.0038257631320318675,0.0038257631320318675,0.012512313131878056,0.009168000069789904,0,0,0.0,10,1.6206233660041023,0.0,0.0,0.0,0.0,0.0,0.0,,0.0,0.0,0.0,0.012512313131878056,0.0,0.0,0.0,0,0.0
2023-04-27,48.72040939331055,0.018522427646841866,116.20999908447266,-0.004284123073620361,0.022806550720462226,0.022806550720462226,0.012836924865486075,0.009160899994854725,1,1,1.0,10,0.5516918908880243,-6.0,10.0,292.3224563598633,-1162.0999908447266,0.0,0.0,Opened,292.3224563598633,-1162.0999908447266,0.0,0.012836924865486075,1454.4224472045898,0.0,0.0,0,0.0
2023-04-28,48.63180160522461,-0.001818699579689942,116.13999938964844,-0.00060235517920737,-0.0012163444004825719,0.0012163444004825719,0.012668420249355944,0.009155541194201332,0,0,-1.0,10,0.7909574903968708,6.0,-10.0,-291.79080963134766,1161.3999938964844,0.531646728515625,-0.6999969482421875,Closed,-291.79080963134766,1161.3999938964844,-0.1683502197265625,0.012668420249355944,1453.190803527832,-0.1683502197265625,-0.00011584866854226428,0,-0.1683502197265625
2023-04-29,48.63180160522461,0.0,116.13999938964844,0.0,0.0,0.0,0.01256476958835751,0.009155541194201332,1,0,0.0,10,,0.0,0.0,0.0,0.0,0.0,0.0,,0.0,0.0,0.0,0.01256476958835751,0.0,0.0,0.0,0,0.0
2023-04-30,48.63180160522461,0.0,116.13999938964844,0.0,0.0,0.0,0.012203411435778348,0.008933825508687931,1,0,0.0,10,,0.0,0.0,0.0,0.0,0.0,0.0,,0.0,0.0,0.0,0.012203411435778348,0.0,0.0,0.0,0,0.0
2023-05-01,48.05097961425781,-0.011943254656319291,103.61000061035156,-0.10788702294770014,0.09594376829138085,0.09594376829138085,0.012317711126812968,0.021114870072213823,1,1,1.0,10,19.47807110829191,-195.0,10.0,9369.941024780273,-1036.1000061035156,0.0,0.0,Opened,9369.941024780273,-1036.1000061035156,0.0,0.021114870072213823,10406.041030883789,0.0,0.0,0,0.0
2023-05-02,47.942691802978516,-0.002253602572696911,106.01000213623047,0.023163801869904965,-0.025417404442601876,0.025417404442601876,0.012307116019397544,0.02177575637209264,0,0,-1.0,10,22.7277760127876,195.0,-10.0,-9348.82490158081,1060.1000213623047,21.11612319946289,24.000015258789062,Closed,-9348.82490158081,1060.1000213623047,45.11613845825195,0.02177575637209264,10408.924922943115,45.11613845825195,0.004334370628306482,0,45.11613845825195
2023-05-03,47.45046615600586,-0.010266958914102453,105.4800033569336,-0.004999516730655129,-0.005267442183447324,0.005267442183447324,0.012261823541746788,0.0208898897161761,0,0,0.0,10,1.0824699616745768,0.0,0.0,0.0,0.0,0.0,0.0,,0.0,0.0,0.0,0.0208898897161761,0.0,0.0,0.0,0,0.0
2023-05-04,46.50539779663086,-0.01991694573174141,103.87000274658203,-0.015263562373083017,-0.004653383358658392,0.004653383358658392,0.011969522564469448,0.020877310622520264,0,0,0.0,10,1.7116696305107189,0.0,0.0,0.0,0.0,0.0,0.0,,0.0,0.0,0.0,0.020877310622520264,0.0,0.0,0.0,0,0.0
2023-05-05,47.71626663208008,0.026037167572340314,103.55000305175781,-0.0030807710249602938,0.029117938597300608,0.029117938597300608,0.012990995514815798,0.020879238880904778,1,1,1.0,10,0.2567729923196819,-3.0,10.0,143.14879989624023,-1035.5000305175781,0.0,0.0,Opened,143.14879989624023,-1035.5000305175781,0.0,0.020879238880904778,1178.6488304138184,0.0,0.0,0,0.0
2023-05-06,47.71626663208008,0.0,103.55000305175781,0.0,0.0,0.0,0.01299320499487131,0.020896015234280037,1,1,0.0,10,,3.0,-10.0,-143.14879989624023,1035.5000305175781,0.0,0.0,Live,0.0,0.0,0.0,0.020896015234280037,1178.6488304138184,0.0,0.0,0,0.0
2023-05-07,47.71626663208008,0.0,103.55000305175781,0.0,0.0,0.0,0.01299320499487131,0.020896015234280037,1,1,0.0,10,,3.0,-10.0,-143.14879989624023,1035.5000305175781,0.0,0.0,Live,0.0,0.0,0.0,0.020896015234280037,1178.6488304138184,0.0,0.0,0,0.0
2023-05-08,48.01160430908203,0.006189454830554553,107.4000015258789,0.03718009039745507,-0.030990635566900515,0.030990635566900515,0.01307244061843225,0.022228766036981217,0,0,-1.0,10,13.437426842319255,3.0,-10.0,-144.0348129272461,1074.000015258789,-0.8860130310058594,38.49998474121094,Closed,-144.0348129272461,1074.000015258789,37.61397171020508,0.022228766036981217,1218.0348281860352,37.61397171020508,0.030880867147470556,0,37.61397171020508
2023-05-09,48.11989212036133,0.0022554507985648176,106.05000305175781,-0.012569818016211154,0.014825268814775971,0.014825268814775971,0.013088676654182752,0.02228466610795341,1,0,0.0,10,12.28235576416318,0.0,0.0,0.0,0.0,0.0,0.0,,0.0,0.0,0.0,0.02228466610795341,0.0,0.0,0.0,0,0.0
2023-05-10,47.96238327026367,-0.0032732585871905195,106.8499984741211,0.007543568122038158,-0.010816826709228677,0.010816826709228677,0.012966288691313312,0.022324054514480947,0,0,0.0,10,5.134170248766964,0.0,0.0,0.0,0.0,0.0,0.0,,0.0,0.0,0.0,0.022324054514480947,0.0,0.0,0.0,0,0.0
2023-05-11,46.61368179321289,-0.02811998456062892,104.80000305175781,-0.019185731882436885,-0.008934252678192034,0.008934252678192034,0.013421108647750573,0.022329927834700416,0,0,0.0,10,1.533949920430229,0.0,0.0,0.0,0.0,0.0,0.0,,0.0,0.0,0.0,0.022329927834700416,0.0,0.0,0.0,0,0.0
2023-05-12,46.48571014404297,-0.0027453666873521465,105.16000366210938,0.003435120227752053,-0.0061804869151042,0.0061804869151042,0.013397392308424995,0.02237733536181069,0,0,0.0,10,2.8305622140699525,0.0,0.0,0.0,0.0,0.0,0.0,,0.0,0.0,0.0,0.02237733536181069,0.0,0.0,0.0,0,0.0
2023-05-13,46.48571014404297,0.0,105.16000366210938,0.0,0.0,0.0,0.01256806875811252,0.022390579635072606,1,0,0.0,10,,0.0,0.0,0.0,0.0,0.0,0.0,,0.0,0.0,0.0,0.022390579635072606,0.0,0.0,0.0,0,0.0
2023-05-14,46.48571014404297,0.0,105.16000366210938,0.0,0.0,0.0,0.012377540790978936,0.022397056932573142,1,0,0.0,10,,0.0,0.0,0.0,0.0,0.0,0.0,,0.0,0.0,0.0,0.022397056932573142,0.0,0.0,0.0,0,0.0
2023-05-15,47.096065521240234,0.013129957040690199,106.7699966430664,0.015309936524252166,-0.002179979483561967,0.002179979483561967,0.012728893144376297,0.022661550653155952,0,0,0.0,10,2.643471831720965,0.0,0.0,0.0,0.0,0.0,0.0,,0.0,0.0,0.0,0.022661550653155952,0.0,0.0,0.0,0,0.0
2023-05-16,45.77690887451172,-0.02800991191363067,106.83999633789062,0.0006556120354506145,-0.028665523949081284,0.028665523949081284,0.013507880870877054,0.022665235497134534,0,1,1.0,10,0.05462891510218707,1.0,-10.0,-45.77690887451172,1068.3999633789062,0.0,0.0,Opened,-45.77690887451172,1068.3999633789062,0.0,0.022665235497134534,1114.176872253418,0.0,0.0,0,0.0
2023-05-17,46.60383987426758,0.018064369571626715,107.37999725341797,0.005054295526363939,0.013010074045262776,0.013010074045262776,0.013985704900506287,0.022628277534762757,1,0,-1.0,10,0.644673040763692,-1.0,10.0,46.60383987426758,-1073.7999725341797,0.8269309997558594,-5.4000091552734375,Closed,46.60383987426758,-1073.7999725341797,-4.573078155517578,0.022628277534762757,1120.4038124084473,-4.573078155517578,-0.004081633875992602,0,-4.573078155517578
2023-05-18,46.52508544921875,-0.0016898698746991014,107.2699966430664,-0.0010244050397203441,-0.0006654648349787573,0.0006654648349787573,0.01387418076698303,0.02260316368658601,0,0,0.0,10,1.3976857266343692,0.0,0.0,0.0,0.0,0.0,0.0,,0.0,0.0,0.0,0.02260316368658601,0.0,0.0,0.0,0,0.0
2023-05-19,46.24943923950195,-0.005924679279045275,107.0999984741211,-0.0015847690338890441,-0.004339910245156231,0.004339910245156231,0.013757097355981992,0.022599717596574972,0,0,0.0,10,0.6194184315407333,0.0,0.0,0.0,0.0,0.0,0.0,,0.0,0.0,0.0,0.022599717596574972,0.0,0.0,0.0,0,0.0
2023-05-20,46.24943923950195,0.0,107.0999984741211,0.0,0.0,0.0,0.013587027666236423,0.022593854888643163,1,0,0.0,10,,0.0,0.0,0.0,0.0,0.0,0.0,,0.0,0.0,0.0,0.022593854888643163,0.0,0.0,0.0,0,0.0
2023-05-21,46.24943923950195,0.0,107.0999984741211,0.0,0.0,0.0,0.012890600251976858,0.02243853250764595,1,0,0.0,10,,0.0,0.0,0.0,0.0,0.0,0.0,,0.0,0.0,0.0,0.02243853250764595,0.0,0.0,0.0,0,0.0
2023-05-22,46.63337326049805,0.00830137678011389,107.16000366210938,0.0005602725382183316,0.007741104241895558,0.007741104241895558,0.013026065451388126,0.022441129059556253,1,0,0.0,10,0.1550904650605556,0.0,0.0,0.0,0.0,0.0,0.0,,0.0,0.0,0.0,0.022441129059556253,0.0,0.0,0.0,0,0.0
2023-05-23,46.33803939819336,-0.006333100988747398,106.54000091552734,-0.005785766381055657,-0.0005473346076917407,0.0005473346076917407,0.013046464703409227,0.022441751726697743,0,0,0.0,10,2.100484697317773,0.0,0.0,0.0,0.0,0.0,0.0,,0.0,0.0,0.0,0.022441751726697743,0.0,0.0,0.0,0,0.0
2023-05-24,45.196075439453125,-0.02464420104025289,105.55999755859375,-0.00919845455708801,-0.01544574648316488,0.01544574648316488,0.013490040922792136,0.022470638934741338,0,0,0.0,10,0.8717636792149467,0.0,0.0,0.0,0.0,0.0,0.0,,0.0,0.0,0.0,0.022470638934741338,0.0,0.0,0.0,0,0.0
2023-05-25,44.831825256347656,-0.008059332133681263,105.5999984741211,0.00037894009523009586,-0.008438272228911359,0.008438272228911359,0.012562770163351467,0.02239732987818117,0,0,0.0,10,0.11075134193771723,0.0,0.0,0.0,0.0,0.0,0.0,,0.0,0.0,0.0,0.02239732987818117,0.0,0.0,0.0,0,0.0
2023-05-26,44.910587310791016,0.0017568335438720162,105.41000366210938,-0.0017991933215631972,0.0035560268654352134,0.0035560268654352134,0.012469491713273757,0.022384406327220694,1,0,0.0,10,2.403700253578229,0.0,0.0,0.0,0.0,0.0,0.0,,0.0,0.0,0.0,0.022384406327220694,0.0,0.0,0.0,0,0.0
2023-05-27,44.910587310791016,0.0,105.41000366210938,0.0,0.0,0.0,0.011860737947226063,0.022390472735692085,1,0,0.0,10,,0.0,0.0,0.0,0.0,0.0,0.0,,0.0,0.0,0.0,0.022390472735692085,0.0,0.0,0.0,0,0.0
2023-05-28,44.910587310791016,0.0,105.41000366210938,0.0,0.0,0.0,0.011869736470056121,0.02239295760404992,1,0,0.0,10,,0.0,0.0,0.0,0.0,0.0,0.0,,0.0,0.0,0.0,0.02239295760404992,0.0,0.0,0.0,0,0.0
2023-05-29,44.910587310791016,0.0,105.41000366210938,0.0,0.0,0.0,0.011869736470056121,0.02239295760404992,1,0,0.0,10,,0.0,0.0,0.0,0.0,0.0,0.0,,0.0,0.0,0.0,0.02239295760404992,0.0,0.0,0.0,0,0.0
2023-05-30,44.103336334228516,-0.01797462524763138,105.19999694824219,-0.0019922844755831948,-0.015982340772048187,0.015982340772048187,0.012184419441060298,0.022386799548947966,0,0,0.0,10,0.2643843775961942,0.0,0.0,0.0,0.0,0.0,0.0,,0.0,0.0,0.0,0.022386799548947966,0.0,0.0,0.0,0,0.0
2023-05-31,43.827693939208984,-0.006249921614333909,105.06999969482422,-0.0012357153725196524,-0.005014206241814256,0.005014206241814256,0.012087182337500441,0.010445783944673093,0,0,0.0,10,0.473995250169473,0.0,0.0,0.0,0.0,0.0,0.0,,0.0,0.0,0.0,0.012087182337500441,0.0,0.0,0.0,0,0.0
2023-06-01,44.871212005615234,0.023809559039397632,104.5,-0.005424951903300501,0.029234510942698133,0.029234510942698133,0.013041019685424085,0.009576554282842238,1,1,1.0,10,0.530631503109643,-6.0,10.0,269.2272720336914,-1045.0,0.0,0.0,Opened,269.2272720336914,-1045.0,0.0,0.013041019685424085,1314.2272720336914,0.0,0.0,0,0.0
2023-06-02,46.78104019165039,0.042562438157368154,106.33000183105469,0.017511979244542397,0.025050458912825757,0.025050458912825757,0.015278245558817585,0.010075463552452313,1,1,0.0,10,0.9351788638406032,6.0,-10.0,-280.68624114990234,1063.3000183105469,-11.458969116210938,18.300018310546875,Live,0.0,0.0,0.0,0.015278245558817585,1343.9862594604492,6.8410491943359375,0.005090118404247909,0,0.0
2023-06-03,46.78104019165039,0.0,106.33000183105469,0.0,0.0,0.0,0.014825185248154656,0.009637464171414875,1,1,0.0,10,,6.0,-10.0,-280.68624114990234,1063.3000183105469,-11.458969116210938,18.300018310546875,Live,0.0,0.0,0.0,0.014825185248154656,1343.9862594604492,6.8410491943359375,0.005090118404247909,0,0.0
2023-06-04,46.78104019165039,0.0,106.33000183105469,0.0,0.0,0.0,0.014006194155884085,0.00961078844286611,1,1,0.0,10,,6.0,-10.0,-280.68624114990234,1063.3000183105469,-11.458969116210938,18.300018310546875,Live,0.0,0.0,0.0,0.014006194155884085,1343.9862594604492,6.8410491943359375,0.005090118404247909,0,0.0
2023-06-05,46.38726043701172,-0.008417507456556228,107.37999725341797,0.009874874487744156,-0.018292381944300384,0.018292381944300384,0.014078608009134236,0.009746073911563185,0,0,-1.0,10,2.7156433866631358,6.0,-10.0,-278.3235626220703,1073.7999725341797,-9.096290588378906,28.799972534179688,Closed,-278.3235626220703,1073.7999725341797,19.70368194580078,0.014078608009134236,1352.12353515625,19.70368194580078,0.014572397738438776,0,19.70368194580078
2023-06-06,47.48984909057617,0.023769212563471642,108.58999633789062,0.011268384386498465,0.012500828176973178,0.012500828176973178,0.014779245919298219,0.009911701150505959,1,0,0.0,10,1.0840164874216665,0.0,0.0,0.0,0.0,0.0,0.0,,0.0,0.0,0.0,0.014779245919298219,0.0,0.0,0.0,0,0.0
2023-06-07,48.10020065307617,0.012852253148581072,109.18000030517578,0.005433317867046261,0.007418935281534811,0.007418935281534811,0.014925632388995943,0.0073489998576901335,1,0,0.0,10,0.9595818951987564,0.0,0.0,0.0,0.0,0.0,0.0,,0.0,0.0,0.0,0.014925632388995943,0.0,0.0,0.0,0,0.0
2023-06-08,48.021446228027344,-0.001637299303943629,111.43000030517578,0.0206081699369014,-0.02224546924084503,0.02224546924084503,0.014923785934915047,0.007786216879801655,0,1,1.0,10,29.206414615672696,293.0,-10.0,-14070.283744812012,1114.3000030517578,0.0,0.0,Opened,-14070.283744812012,1114.3000030517578,0.0,0.014923785934915047,15184.58374786377,0.0,0.0,0,0.0
2023-06-09,47.57844924926758,-0.00922498203523936,112.95999908447266,0.013730582205031316,-0.022955564240270676,0.022955564240270676,0.015008653294528673,0.008025149767862614,0,1,0.0,10,3.5337662693520664,-293.0,10.0,13940.4856300354,-1129.5999908447266,-129.79811477661133,-15.29998779296875,Live,0.0,0.0,0.0,0.015008653294528673,15070.085620880127,-145.09810256958008,-0.009628220185328053,0,0.0
2023-06-10,47.57844924926758,0.0,112.95999908447266,0.0,0.0,0.0,0.014049676752458362,0.006985068162770733,1,0,-1.0,10,,-293.0,10.0,13940.4856300354,-1129.5999908447266,-129.79811477661133,-15.29998779296875,Closed,13940.4856300354,-1129.5999908447266,-145.09810256958008,0.014049676752458362,15070.085620880127,-145.09810256958008,-0.009628220185328053,0,-145.09810256958008
2023-06-11,47.57844924926758,0.0,112.95999908447266,0.0,0.0,0.0,0.014034870247779968,0.006997792885216419,1,0,0.0,10,,0.0,0.0,0.0,0.0,0.0,0.0,,0.0,0.0,0.0,0.014034870247779968,0.0,0.0,0.0,0,0.0
2023-06-12,47.60797882080078,0.0006206501472652004,111.13999938964844,-0.01611189544595515,0.01673254559322035,0.01673254559322035,0.014034001988286198,0.0077654125025390245,1,1,1.0,10,60.60248297254504,-607.0,10.0,28898.043144226074,-1111.3999938964844,0.0,0.0,Opened,28898.043144226074,-1111.3999938964844,0.0,0.014034001988286198,30009.44313812256,0.0,0.0,0,0.0
2023-06-13,48.91729736328125,0.027502082107052184,112.44999694824219,0.011786913494582718,0.015715168612469466,0.015715168612469466,0.014848475563938436,0.007962981649427357,1,1,0.0,10,0.9852161338981811,607.0,-10.0,-29692.79949951172,1124.4999694824219,-794.7563552856445,13.0999755859375,Live,0.0,0.0,0.0,0.014848475563938436,30817.29946899414,-781.656379699707,-0.025364207544731364,1,-781.656379699707
2023-06-14,48.44475555419922,-0.009660014648248616,112.75,0.002667879590035893,-0.01232789423828451,0.01232789423828451,0.014832164142570062,0.007573964648838045,0,0,-1.0,10,0.6427738814954655,607.0,-10.0,-29405.966621398926,1127.5,-507.92347717285156,16.100006103515625,Closed,-29405.966621398926,1127.5,-491.82347106933594,0.014832164142570062,30533.466621398926,-491.82347106933594,-0.016107685287351185,1,0.0
2023-06-15,49.222476959228516,0.016053779116692812,112.93000030517578,0.0015964550348184225,0.01445732408187439,0.01445732408187439,0.014014732291169755,0.0075708137569259915,1,1,1.0,10,0.2281525213429963,-3.0,10.0,147.66743087768555,-1129.3000030517578,0.0,0.0,Opened,147.66743087768555,-1129.3000030517578,0.0,0.014014732291169755,1276.9674339294434,0.0,0.0,0,0.0
2023-06-16,48.93698501586914,-0.005800032038124625,113.0199966430664,0.0007969214349368148,-0.00659695347306144,0.00659695347306144,0.013777023740785046,0.007549076009875205,0,0,-1.0,10,0.31732420206289513,3.0,-10.0,-146.81095504760742,1130.199966430664,0.856475830078125,0.89996337890625,Closed,-146.81095504760742,1130.199966430664,1.756439208984375,0.013777023740785046,1277.0109214782715,1.756439208984375,0.0013754300604971459,0,1.756439208984375
2023-06-17,48.93698501586914,0.0,113.0199966430664,0.0,0.0,0.0,0.013766049803536766,0.007538472228519648,1,0,0.0,10,,0.0,0.0,0.0,0.0,0.0,0.0,,0.0,0.0,0.0,0.013766049803536766,0.0,0.0,0.0,0,0.0
2023-06-18,48.93698501586914,0.0,113.0199966430664,0.0,0.0,0.0,0.013694064231139362,0.007519686779580797,1,0,0.0,10,,0.0,0.0,0.0,0.0,0.0,0.0,,0.0,0.0,0.0,0.013694064231139362,0.0,0.0,0.0,0,0.0
2023-06-19,48.93698501586914,0.0,113.0199966430664,0.0,0.0,0.0,0.013694064231139362,0.007519686779580797,1,0,0.0,10,,0.0,0.0,0.0,0.0,0.0,0.0,,0.0,0.0,0.0,0.013694064231139362,0.0,0.0,0.0,0,0.0
2023-06-20,48.68315124511719,-0.00518695155963611,113.08000183105469,0.0005309254094014726,-0.005717876969037583,0.005717876969037583,0.013752470216010488,0.007515874130950077,0,0,0.0,10,0.23775433436594112,0.0,0.0,0.0,0.0,0.0,0.0,,0.0,0.0,0.0,0.013752470216010488,0.0,0.0,0.0,0,0.0
2023-06-21,49.09797668457031,0.008520924156377951,112.8499984741211,-0.0020339879130637506,0.010554912069441702,0.010554912069441702,0.013756106356154877,0.007545969093936886,1,0,0.0,10,0.5486553650192292,0.0,0.0,0.0,0.0,0.0,0.0,,0.0,0.0,0.0,0.013756106356154877,0.0,0.0,0.0,0,0.0
2023-06-22,48.79179382324219,-0.006236160469405783,112.8499984741211,0.0,-0.006236160469405783,0.006236160469405783,0.013754139128408583,0.0074195151829403476,0,0,0.0,10,0.0,0.0,0.0,0.0,0.0,0.0,0.0,,0.0,0.0,0.0,0.013754139128408583,0.0,0.0,0.0,0,0.0
2023-06-23,48.090538024902344,-0.014372412723341998,112.6500015258789,-0.0017722370487054384,-0.01260017567463656,0.01260017567463656,0.01318908098858349,0.0071539974443732635,0,0,0.0,10,0.28884423055495057,0.0,0.0,0.0,0.0,0.0,0.0,,0.0,0.0,0.0,0.01318908098858349,0.0,0.0,0.0,0,0.0
2023-06-24,48.090538024902344,0.0,112.6500015258789,0.0,0.0,0.0,0.013055269470620915,0.007157645987191532,1,0,0.0,10,,0.0,0.0,0.0,0.0,0.0,0.0,,0.0,0.0,0.0,0.013055269470620915,0.0,0.0,0.0,0,0.0
2023-06-25,48.090538024902344,0.0,112.6500015258789,0.0,0.0,0.0,0.0130622987124261,0.007130631274903408,1,0,0.0,10,,0.0,0.0,0.0,0.0,0.0,0.0,,0.0,0.0,0.0,0.0130622987124261,0.0,0.0,0.0,0,0.0
2023-06-26,48.43622970581055,0.007188351287090944,112.45999908447266,-0.0016866616851540783,0.008875012972245022,0.008875012972245022,0.013083345521244471,0.0071555172495202475,1,0,0.0,10,0.5447866196783168,0.0,0.0,0.0,0.0,0.0,0.0,,0.0,0.0,0.0,0.013083345521244471,0.0,0.0,0.0,0,0.0
2023-06-27,49.07822799682617,0.01325450587122412,112.5999984741211,0.0012448816538161989,0.012009624217407922,0.012009624217407922,0.013215509366693178,0.0071460127208895635,1,0,0.0,10,0.21548350725951115,0.0,0.0,0.0,0.0,0.0,0.0,,0.0,0.0,0.0,0.013215509366693178,0.0,0.0,0.0,0,0.0
2023-06-28,48.920188903808594,-0.0032201466814938406,112.63999938964844,0.000355247922463775,-0.0035753946039576157,0.0035753946039576157,0.013254121622638677,0.007142489535339139,0,0,0.0,10,0.25401560998941514,0.0,0.0,0.0,0.0,0.0,0.0,,0.0,0.0,0.0,0.013254121622638677,0.0,0.0,0.0,0,0.0
2023-06-29,49.986900329589844,0.021805137095417093,112.62000274658203,-0.00017752701682138827,0.02198266411223848,0.02198266411223848,0.013078446918679166,0.007113048154660925,1,1,1.0,10,0.018342771674225745,-1.0,10.0,49.986900329589844,-1126.2000274658203,0.0,0.0,Opened,49.986900329589844,-1126.2000274658203,0.0,0.013078446918679166,1176.1869277954102,0.0,0.0,0,0.0
2023-06-30,50.19430923461914,0.004149265180712236,112.56999969482422,-0.0004439979625140422,0.004593263143226278,0.004593263143226278,0.012927095245030945,0.007100940779701122,1,1,0.0,10,0.2399816132760421,1.0,-10.0,-50.19430923461914,1125.6999969482422,-0.20740890502929688,-0.500030517578125,Live,0.0,0.0,0.0,0.012927095245030945,1175.8943061828613,-0.7074394226074219,-0.0006016182057245281,0,0.0
2023-07-01,50.19430923461914,0.0,112.56999969482422,0.0,0.0,0.0,0.01242906536425965,0.0069645367658022666,1,1,0.0,10,,1.0,-10.0,-50.19430923461914,1125.6999969482422,-0.20740890502929688,-0.500030517578125,Live,0.0,0.0,0.0,0.01242906536425965,1175.8943061828613,-0.7074394226074219,-0.0006016182057245281,0,0.0
2023-07-02,50.19430923461914,0.0,112.56999969482422,0.0,0.0,0.0,0.010056702340324243,0.006372129430492443,1,1,0.0,10,,1.0,-10.0,-50.19430923461914,1125.6999969482422,-0.20740890502929688,-0.500030517578125,Live,0.0,0.0,0.0,0.010056702340324243,1175.8943061828613,-0.7074394226074219,-0.0006016182057245281,0,0.0
2023-07-03,50.707916259765625,0.010232375601500365,110.87000274658203,-0.015101687419835308,0.025334063021335673,0.025334063021335673,0.010145669187286462,0.007085767888240555,1,1,0.0,10,3.2269133012035502,1.0,-10.0,-50.707916259765625,1108.7000274658203,-0.7210159301757812,-17.5,Live,0.0,0.0,0.0,0.010145669187286462,1159.407943725586,-18.22101593017578,-0.015715793589981143,1,-18.22101593017578
2023-07-04,50.707916259765625,0.0,110.87000274658203,0.0,0.0,0.0,0.010145669187286462,0.007085767888240555,1,1,0.0,10,,1.0,-10.0,-50.707916259765625,1108.7000274658203,-0.7210159301757812,-17.5,Live,0.0,0.0,0.0,0.010145669187286462,1159.407943725586,-18.22101593017578,-0.015715793589981143,1,0.0
2023-07-05,49.80911636352539,-0.017725041029804434,111.83999633789062,0.008748927277703045,-0.02647396830750748,0.02647396830750748,0.010629398770068533,0.007042282628793587,0,0,-1.0,10,1.1082962516935724,1.0,-10.0,-49.80911636352539,1118.3999633789062,0.17778396606445312,-7.8000640869140625,Closed,-49.80911636352539,1118.3999633789062,-7.622280120849609,0.010629398770068533,1168.2090797424316,-7.622280120849609,-0.006524756786285363,0,0.0
2023-07-06,48.9399528503418,-0.017449888226085286,112.2699966430664,0.0038447811092254813,-0.021294669335310767,0.021294669335310767,0.01043818210742736,0.006809467792928113,0,1,1.0,10,0.5054510850845017,6.0,-10.0,-293.6397171020508,1122.699966430664,0.0,0.0,Opened,-293.6397171020508,1122.699966430664,0.0,0.01043818210742736,1416.3396835327148,0.0,0.0,0,0.0
2023-07-07,49.90788650512695,0.019777985028818668,110.54000091552734,-0.01540924360262641,0.03518722863144508,0.03518722863144508,0.010779102200962554,0.007393862559167923,1,0,-1.0,10,1.7256374692777119,-6.0,10.0,299.4473190307617,-1105.4000091552734,5.8076019287109375,17.299957275390625,Closed,299.4473190307617,-1105.4000091552734,23.107559204101562,0.010779102200962554,1404.8473281860352,23.107559204101562,0.016448448696513143,0,23.107559204101562
2023-07-08,49.90788650512695,0.0,110.54000091552734,0.0,0.0,0.0,0.010767927663293654,0.006337229248310449,1,0,0.0,10,,0.0,0.0,0.0,0.0,0.0,0.0,,0.0,0.0,0.0,0.010767927663293654,0.0,0.0,0.0,0,0.0
2023-07-09,49.90788650512695,0.0,110.54000091552734,0.0,0.0,0.0,0.010585972663556294,0.005762650117513957,1,0,0.0,10,,0.0,0.0,0.0,0.0,0.0,0.0,,0.0,0.0,0.0,0.010585972663556294,0.0,0.0,0.0,0,0.0
2023-07-10,50.49061965942383,0.011676173749353369,109.20999908447266,-0.012031860141479944,0.023708033890833313,0.023708033890833313,0.010736843455983785,0.006119498779697912,1,1,1.0,10,2.2288658431919752,-23.0,10.0,1161.284252166748,-1092.0999908447266,0.0,0.0,Opened,1161.284252166748,-1092.0999908447266,0.0,0.010736843455983785,2253.3842430114746,0.0,0.0,0,0.0
2023-07-11,50.82643508911133,0.006651045916106657,109.33999633789062,0.0011903420429242306,0.0054607038731824264,0.0054607038731824264,0.010761955328203168,0.00613076947763448,1,1,0.0,10,0.38500931079717177,23.0,-10.0,-1169.0080070495605,1093.3999633789062,-7.7237548828125,1.2999725341796875,Live,0.0,0.0,0.0,0.010761955328203168,2262.407970428467,-6.4237823486328125,-0.0028393563108850975,0,0.0
2023-07-12,51.44867706298828,0.012242487059853868,110.61000061035156,0.011615184881992091,0.0006273021778617771,0.0006273021778617771,0.010909099918840913,0.005868849810822313,1,1,0.0,10,2.0397486583032625,23.0,-10.0,-1183.3195724487305,1106.1000061035156,-22.035320281982422,14.000015258789062,Live,0.0,0.0,0.0,0.010909099918840913,2289.419578552246,-8.03530502319336,-0.003509756402220786,0,0.0
2023-07-13,51.932647705078125,0.009406862716748288,110.94999694824219,0.0030738299974188976,0.00633303271932939,0.00633303271932939,0.009945096796245778,0.0054594418338609965,1,1,0.0,10,0.6981067997659294,23.0,-10.0,-1194.4508972167969,1109.4999694824219,-33.16664505004883,17.399978637695312,Live,0.0,0.0,0.0,0.009945096796245778,2303.9508666992188,-15.766666412353516,-0.0068433171211423486,0,0.0
2023-07-14,50.925201416015625,-0.01939909351018876,112.37999725341797,0.01288869170355067,-0.03228778521373943,0.03228778521373943,0.01048463008333896,0.005955961205118743,0,0,-1.0,10,1.4661677443558272,23.0,-10.0,-1171.2796325683594,1123.7999725341797,-9.995380401611328,31.699981689453125,Closed,-1171.2796325683594,1123.7999725341797,21.704601287841797,0.01048463008333896,2295.079605102539,21.704601287841797,0.009457014580055092,0,21.704601287841797
2023-07-15,50.925201416015625,0.0,112.37999725341797,0.0,0.0,0.0,0.010131504218378643,0.005947477582234609,1,0,0.0,10,,0.0,0.0,0.0,0.0,0.0,0.0,,0.0,0.0,0.0,0.010131504218378643,0.0,0.0,0.0,0,0.0
2023-07-16,50.925201416015625,0.0,112.37999725341797,0.0,0.0,0.0,0.01004863954489142,0.005944901929477191,1,0,0.0,10,,0.0,0.0,0.0,0.0,0.0,0.0,,0.0,0.0,0.0,0.01004863954489142,0.0,0.0,0.0,0,0.0
2023-07-17,51.122745513916016,0.003879102927578426,111.80999755859375,-0.005072074290399464,0.00895117721797789,0.00895117721797789,0.010055262735338459,0.006011586621955689,1,0,0.0,10,2.859701949609957,0.0,0.0,0.0,0.0,0.0,0.0,,0.0,0.0,0.0,0.010055262735338459,0.0,0.0,0.0,0,0.0
2023-07-18,51.932647705078125,0.015842306257625616,112.16999816894531,0.0032197533155557956,0.01262255294206982,0.01262255294206982,0.01038404163438311,0.006046528066784967,1,1,1.0,10,0.43897566178097347,-5.0,10.0,259.6632385253906,-1121.6999816894531,0.0,0.0,Opened,259.6632385253906,-1121.6999816894531,0.0,0.01038404163438311,1381.3632202148438,0.0,0.0,0,0.0
2023-07-19,51.77460861206055,-0.0030431549324245744,112.08000183105469,-0.00080232093572008,-0.0022408339967044943,0.0022408339967044943,0.01041940557997792,0.006047232195268361,0,0,-1.0,10,0.5707361298947483,5.0,-10.0,-258.87304306030273,1120.8000183105469,0.7901954650878906,-0.89996337890625,Closed,-258.87304306030273,1120.8000183105469,-0.10976791381835938,0.01041940557997792,1379.6730613708496,-0.10976791381835938,-7.956081545093985e-05,0,-0.10976791381835938
2023-07-20,51.3992919921875,-0.007249047939410613,112.43000030517578,0.003122755785181619,-0.010371803724592232,0.010371803724592232,0.010474651544474496,0.006077369957263415,0,0,0.0,10,0.9422846682091359,0.0,0.0,0.0,0.0,0.0,0.0,,0.0,0.0,0.0,0.010474651544474496,0.0,0.0,0.0,0,0.0
2023-07-21,51.00421905517578,-0.0076863497861364705,112.47000122070312,0.0003557850699882348,-0.008042134856124705,0.008042134856124705,0.010537261663678844,0.006067807192989699,0,0,0.0,10,0.10207001366703759,0.0,0.0,0.0,0.0,0.0,0.0,,0.0,0.0,0.0,0.010537261663678844,0.0,0.0,0.0,0,0.0
2023-07-22,51.00421905517578,0.0,112.47000122070312,0.0,0.0,0.0,0.010444073480334458,0.006067807192989699,1,0,0.0,10,,0.0,0.0,0.0,0.0,0.0,0.0,,0.0,0.0,0.0,0.010444073480334458,0.0,0.0,0.0,0,0.0
2023-07-23,51.00421905517578,0.0,112.47000122070312,0.0,0.0,0.0,0.010009981482126989,0.006059532135516334,1,0,0.0,10,,0.0,0.0,0.0,0.0,0.0,0.0,,0.0,0.0,0.0,0.010009981482126989,0.0,0.0,0.0,0,0.0
2023-07-24,51.6067008972168,0.011812392253065518,112.51000213623047,0.0003556585319923755,0.011456733721073142,0.011456733721073142,0.010159354387724296,0.006059951900949496,1,1,1.0,10,0.06564178886837936,-1.0,10.0,51.6067008972168,-1125.1000213623047,0.0,0.0,Opened,51.6067008972168,-1125.1000213623047,0.0,0.010159354387724296,1176.7067222595215,0.0,0.0,0,0.0
2023-07-25,52.6240234375,0.019712993130666545,112.72000122070312,0.0018664925827518442,0.0178465005479147,0.0178465005479147,0.010625274651725782,0.006069776600982666,1,1,0.0,10,0.20281059216148595,1.0,-10.0,-52.6240234375,1127.2000122070312,-1.0173225402832031,2.0999908447265625,Live,0.0,0.0,0.0,0.010625274651725782,1179.8240356445312,1.0826683044433594,0.0009176523547021178,0,0.0
2023-07-26,52.554893493652344,-0.0013136575147995044,112.88999938964844,0.0015081455562837576,-0.002821803071083262,0.002821803071083262,0.01062480268076528,0.006066489307900578,0,0,-1.0,10,2.466058726568559,1.0,-10.0,-52.554893493652344,1128.8999938964844,-0.9481925964355469,3.7999725341796875,Closed,-52.554893493652344,1128.8999938964844,2.8517799377441406,0.01062480268076528,1181.4548873901367,2.8517799377441406,0.002413786567884783,0,2.8517799377441406
2023-07-27,51.57707595825195,-0.01860564203252535,112.9000015258789,8.860072889138593e-05,-0.018694242761416735,0.018694242761416735,0.011122218191061189,0.006062932869268124,0,1,1.0,10,0.010423891069648047,1.0,-10.0,-51.57707595825195,1129.000015258789,0.0,0.0,Opened,-51.57707595825195,1129.000015258789,0.0,0.011122218191061189,1180.577091217041,0.0,0.0,0,0.0
2023-07-28,52.02153015136719,0.008617281706217561,112.69000244140625,-0.001860045010048328,0.010477326716265889,0.010477326716265889,0.01115098109023628,0.00607328067239049,1,0,-1.0,10,0.46757946415908375,-1.0,10.0,52.02153015136719,-1126.9000244140625,0.4444541931152344,2.0999908447265625,Closed,52.02153015136719,-1126.9000244140625,2.544445037841797,0.01115098109023628,1178.9215545654297,2.544445037841797,0.002158281887364187,0,2.544445037841797
2023-07-29,52.02153015136719,0.0,112.69000244140625,0.0,0.0,0.0,0.01051557239443609,0.00607315528559919,1,0,0.0,10,,0.0,0.0,0.0,0.0,0.0,0.0,,0.0,0.0,0.0,0.01051557239443609,0.0,0.0,0.0,0,0.0
2023-07-30,52.02153015136719,0.0,112.69000244140625,0.0,0.0,0.0,0.01050523322421808,0.0060724796528809815,1,0,0.0,10,,0.0,0.0,0.0,0.0,0.0,0.0,,0.0,0.0,0.0,0.01050523322421808,0.0,0.0,0.0,0,0.0
2023-07-31,53.22652053833008,0.02316330149183865,112.45999908447266,-0.0020410271714492723,0.025204328663287923,0.025204328663287923,0.011236286875833883,0.006084520042581035,1,1,1.0,10,0.1861736979262235,-2.0,10.0,106.45304107666016,-1124.5999908447266,0.0,0.0,Opened,106.45304107666016,-1124.5999908447266,0.0,0.011236286875833883,1231.0530319213867,0.0,0.0,0,0.0
2023-08-01,52.633907318115234,-0.011133795976539296,108.31999969482422,-0.03681308397076133,0.025679287994222033,0.025679287994222033,0.011486329674041769,0.009064085431038017,1,1,0.0,10,6.804590295532634,2.0,-10.0,-105.26781463623047,1083.1999969482422,1.1852264404296875,-41.399993896484375,Live,0.0,0.0,0.0,0.011486329674041769,1188.4678115844727,-40.21476745605469,-0.03383748980331248,1,-40.21476745605469
2023-08-02,51.11286163330078,-0.02889858956549385,107.41000366210938,-0.008400997371479146,-0.020497592194014702,0.020497592194014702,0.012641498496100327,0.00878916253716624,0,0,-1.0,10,0.6108980473583487,2.0,-10.0,-102.22572326660156,1074.1000366210938,4.227317810058594,-50.49995422363281,Closed,-102.22572326660156,1074.1000366210938,-46.27263641357422,0.012641498496100327,1176.3257598876953,-46.27263641357422,-0.03933658344606166,1,0.0
2023-08-03,50.99434280395508,-0.002318767244847142,104.26000213623047,-0.0293268915229552,0.02700812427810806,0.02700812427810806,0.012650750652347267,0.010191100262294372,1,1,1.0,10,25.85857606789427,-259.0,10.0,13207.534786224365,-1042.6000213623047,0.0,0.0,Opened,13207.534786224365,-1042.6000213623047,0.0,0.012650750652347267,14250.13480758667,0.0,0.0,0,0.0
2023-08-04,51.03384780883789,0.000774693872116039,105.18000030517578,0.008824075868933967,-0.008049381996817928,0.008049381996817928,0.012185919649109122,0.010193841271950428,0,0,-1.0,10,23.475452183960932,259.0,-10.0,-13217.766582489014,1051.8000030517578,-10.231796264648438,9.199981689453125,Closed,-13217.766582489014,1051.8000030517578,-1.0318145751953125,0.012185919649109122,14269.566585540771,-1.0318145751953125,-7.230875366886344e-05,0,-1.0318145751953125
2023-08-05,51.03384780883789,0.0,105.18000030517578,0.0,0.0,0.0,0.011686971704080439,0.010141947316537177,1,0,0.0,10,,0.0,0.0,0.0,0.0,0.0,0.0,,0.0,0.0,0.0,0.011686971704080439,0.0,0.0,0.0,0,0.0
2023-08-06,51.03384780883789,0.0,105.18000030517578,0.0,0.0,0.0,0.011164384699752377,0.009831229073390884,1,0,0.0,10,,0.0,0.0,0.0,0.0,0.0,0.0,,0.0,0.0,0.0,0.011164384699752377,0.0,0.0,0.0,0,0.0
2023-08-07,51.11286163330078,0.0015482631205638864,104.7300033569336,-0.004278350893102689,0.005826614013666576,0.005826614013666576,0.011164116787116785,0.009838128053670347,1,0,0.0,10,5.6620350421565675,0.0,0.0,0.0,0.0,0.0,0.0,,0.0,0.0,0.0,0.011164116787116785,0.0,0.0,0.0,0,0.0
2023-08-08,51.093109130859375,-0.0003864487686703333,104.41000366210938,-0.0030554729740016606,0.0026690242053313273,0.0026690242053313273,0.011165361367502258,0.009835195728940514,1,0,0.0,10,16.1572073539187,0.0,0.0,0.0,0.0,0.0,0.0,,0.0,0.0,0.0,0.011165361367502258,0.0,0.0,0.0,0,0.0
2023-08-09,51.07335662841797,-0.00038659816905672884,104.69999694824219,0.0027774473322621507,-0.0031640455013188795,0.0031640455013188795,0.010977405233640885,0.009677035617030007,0,0,0.0,10,14.727814554599613,0.0,0.0,0.0,0.0,0.0,0.0,,0.0,0.0,0.0,0.010977405233640885,0.0,0.0,0.0,0,0.0
2023-08-10,50.1646842956543,-0.017791513868467224,104.5999984741211,-0.0009550952916506095,-0.016836418576816614,0.016836418576816614,0.01139955222261687,0.00966546826267133,0,1,1.0,10,0.1119353844980304,2.0,-10.0,-100.3293685913086,1045.999984741211,0.0,0.0,Opened,-100.3293685913086,1045.999984741211,0.0,0.01139955222261687,1146.3293533325195,0.0,0.0,0,0.0
2023-08-11,50.31283187866211,0.0029532246656767125,105.37000274658203,0.007361417626133626,-0.004408192960456914,0.004408192960456914,0.011168870868343114,0.009497229205261307,0,1,0.0,10,5.220392999180346,-2.0,10.0,100.62566375732422,-1053.7000274658203,0.296295166015625,-7.700042724609375,Live,0.0,0.0,0.0,0.011168870868343114,1154.3256912231445,-7.40374755859375,-0.006413915600153198,0,0.0
2023-08-12,50.31283187866211,0.0,105.37000274658203,0.0,0.0,0.0,0.011006691487192903,0.00946189355602084,1,0,-1.0,10,,-2.0,10.0,100.62566375732422,-1053.7000274658203,0.296295166015625,-7.700042724609375,Closed,100.62566375732422,-1053.7000274658203,-7.40374755859375,0.011006691487192903,1154.3256912231445,-7.40374755859375,-0.006413915600153198,0,-7.40374755859375
2023-08-13,50.31283187866211,0.0,105.37000274658203,0.0,0.0,0.0,0.010443744383537531,0.00906199768567504,1,0,0.0,10,,0.0,0.0,0.0,0.0,0.0,0.0,,0.0,0.0,0.0,0.010443744383537531,0.0,0.0,0.0,0,0.0
2023-08-14,51.41904830932617,0.021986765390823004,104.62999725341797,-0.00702292373422253,0.029009689125045535,0.029009689125045535,0.01121235684198698,0.009096412249248757,1,1,1.0,10,0.6499632319968006,-7.0,10.0,359.9333381652832,-1046.2999725341797,0.0,0.0,Opened,359.9333381652832,-1046.2999725341797,0.0,0.01121235684198698,1406.233310699463,0.0,0.0,0,0.0
2023-08-15,50.204193115234375,-0.023626559301204608,104.80000305175781,0.001624828469870776,-0.025251387771075384,0.025251387771075384,0.012039411834132617,0.00911563152441165,0,0,-1.0,10,0.1435583120524891,7.0,-10.0,-351.4293518066406,1048.0000305175781,8.503986358642578,1.7000579833984375,Closed,-351.4293518066406,1048.0000305175781,10.204044342041016,0.012039411834132617,1399.4293823242188,10.204044342041016,0.007291575031170062,0,10.204044342041016
2023-08-16,50.35234069824219,0.0029509005884780226,104.80999755859375,9.536742886351313e-05,0.0028555331596145095,0.0028555331596145095,0.012029210864442086,0.009109953817988589,1,0,0.0,10,0.06727110194970662,0.0,0.0,0.0,0.0,0.0,0.0,,0.0,0.0,0.0,0.012029210864442086,0.0,0.0,0.0,0,0.0
2023-08-17,50.47085952758789,0.0023537898676047053,105.63999938964844,0.007919109344417974,-0.0055653194768132686,0.0055653194768132686,0.01164576629667635,0.009244205337861187,0,0,0.0,10,7.042005172211809,0.0,0.0,0.0,0.0,0.0,0.0,,0.0,0.0,0.0,0.01164576629667635,0.0,0.0,0.0,0,0.0
2023-08-18,50.559757232666016,0.0017613669731448844,106.0999984741211,0.004354402566550286,-0.0025930355934054017,0.0025930355934054017,0.011648107401817438,0.009314061262833385,0,0,0.0,10,5.1878704946588545,0.0,0.0,0.0,0.0,0.0,0.0,,0.0,0.0,0.0,0.011648107401817438,0.0,0.0,0.0,0,0.0
2023-08-19,50.559757232666016,0.0,106.0999984741211,0.0,0.0,0.0,0.011583118473268617,0.009274707792269875,1,0,0.0,10,,0.0,0.0,0.0,0.0,0.0,0.0,,0.0,0.0,0.0,0.011583118473268617,0.0,0.0,0.0,0,0.0
2023-08-20,50.559757232666016,0.0,106.0999984741211,0.0,0.0,0.0,0.011503039840392717,0.009271967579731468,1,0,0.0,10,,0.0,0.0,0.0,0.0,0.0,0.0,,0.0,0.0,0.0,0.011503039840392717,0.0,0.0,0.0,0,0.0
2023-08-21,50.26344680786133,-0.005860598250919669,106.4800033569336,0.003581572933812893,-0.009442171184732562,0.009442171184732562,0.01154871595971032,0.009320198649017324,0,0,0.0,10,1.2946358752920653,0.0,0.0,0.0,0.0,0.0,0.0,,0.0,0.0,0.0,0.01154871595971032,0.0,0.0,0.0,0,0.0
2023-08-22,50.50050354003906,0.004716284839834328,106.7699966430664,0.0027234530145601177,0.0019928318252742105,0.0019928318252742105,0.011586709632331521,0.009351344814584977,1,0,0.0,10,1.2208811300489306,0.0,0.0,0.0,0.0,0.0,0.0,,0.0,0.0,0.0,0.011586709632331521,0.0,0.0,0.0,0,0.0
2023-08-23,50.54987716674805,0.0009776858298025104,107.47000122070312,0.00655619181085898,-0.00557850598105647,0.00557850598105647,0.01136397224911101,0.009465917486234331,0,0,0.0,10,14.256715379535924,0.0,0.0,0.0,0.0,0.0,0.0,,0.0,0.0,0.0,0.01136397224911101,0.0,0.0,0.0,0,0.0
2023-08-24,49.76960372924805,-0.015435713818376384,107.81999969482422,0.003256708571188316,-0.0186924223895647,0.0186924223895647,0.011000733501246312,0.009486258554528865,0,1,1.0,10,0.45707484694821043,5.0,-10.0,-248.84801864624023,1078.1999969482422,0.0,0.0,Opened,-248.84801864624023,1078.1999969482422,0.0,0.011000733501246312,1327.0480155944824,0.0,0.0,0,0.0
2023-08-25,49.75973129272461,-0.00019836277132412317,108.20999908447266,0.003617134026639768,-0.003815496797963891,0.003815496797963891,0.011004312388967985,0.009516595685446806,0,1,0.0,10,39.65462075872,-5.0,10.0,248.79865646362305,-1082.0999908447266,-0.0493621826171875,-3.899993896484375,Live,0.0,0.0,0.0,0.011004312388967985,1330.8986473083496,-3.9493560791015625,-0.0029674356398880276,0,0.0
2023-08-26,49.75973129272461,0.0,108.20999908447266,0.0,0.0,0.0,0.010536608111623508,0.009516142508008738,1,0,-1.0,10,,-5.0,10.0,248.79865646362305,-1082.0999908447266,-0.0493621826171875,-3.899993896484375,Closed,248.79865646362305,-1082.0999908447266,-3.9493560791015625,0.010536608111623508,1330.8986473083496,-3.9493560791015625,-0.0029674356398880276,0,-3.9493560791015625
2023-08-27,49.75973129272461,0.0,108.20999908447266,0.0,0.0,0.0,0.010377668040757666,0.009518890146715291,1,0,0.0,10,,0.0,0.0,0.0,0.0,0.0,0.0,,0.0,0.0,0.0,0.010377668040757666,0.0,0.0,0.0,0,0.0
2023-08-28,50.302955627441406,0.010916946707793418,108.30999755859375,0.000924114915138663,0.009992831792654755,0.009992831792654755,0.01061810012723882,0.009524758107177893,1,0,0.0,10,0.18226355303038536,0.0,0.0,0.0,0.0,0.0,0.0,,0.0,0.0,0.0,0.01061810012723882,0.0,0.0,0.0,0,0.0
2023-08-29,51.48818588256836,0.02356184125452021,108.6500015258789,0.003139174360162089,0.02042266689435812,0.02042266689435812,0.011531656030282238,0.009556449684393094,1,1,1.0,10,0.2811437020988326,-3.0,10.0,154.46455764770508,-1086.500015258789,0.0,0.0,Opened,154.46455764770508,-1086.500015258789,0.0,0.011531656030282238,1240.9645729064941,0.0,0.0,0,0.0
2023-08-30,51.34003448486328,-0.0028773862424086305,108.98999786376953,0.0031292805625009468,-0.006006666804909577,0.006006666804909577,0.010652823103120474,0.009586797011795604,0,0,-1.0,10,2.3087495709775934,3.0,-10.0,-154.02010345458984,1089.8999786376953,0.4444541931152344,3.39996337890625,Closed,-154.02010345458984,1089.8999786376953,3.8444175720214844,0.010652823103120474,1243.9200820922852,3.8444175720214844,0.00309056636946896,0,3.8444175720214844
2023-08-31,51.41904830932617,0.001539029438832662,109.4000015258789,0.0037618466845172893,-0.0022228172456846274,0.0022228172456846274,0.010493222844179079,0.006823966953204071,0,0,0.0,10,5.200528232294771,0.0,0.0,0.0,0.0,0.0,0.0,,0.0,0.0,0.0,0.010493222844179079,0.0,0.0,0.0,0,0.0
2023-09-01,52.515380859375,0.02132152550653066,118.19000244140625,0.08034735642529256,-0.0590258309187619,0.0590258309187619,0.009828388131093714,0.015985181150993705,0,1,1.0,10,8.481009313693209,85.0,-10.0,-4463.807373046875,1181.9000244140625,0.0,0.0,Opened,-4463.807373046875,1181.9000244140625,0.0,0.015985181150993705,5645.7073974609375,0.0,0.0,0,0.0
2023-09-02,52.515380859375,0.0,118.19000244140625,0.0,0.0,0.0,0.00981090290220883,0.014770973357986467,1,0,-1.0,10,,-85.0,10.0,4463.807373046875,-1181.9000244140625,0.0,0.0,Closed,4463.807373046875,-1181.9000244140625,0.0,0.014770973357986467,5645.7073974609375,0.0,0.0,0,0.0
2023-09-03,52.515380859375,0.0,118.19000244140625,0.0,0.0,0.0,0.00981260828887885,0.014765416189178081,1,0,0.0,10,,0.0,0.0,0.0,0.0,0.0,0.0,,0.0,0.0,0.0,0.014765416189178081,0.0,0.0,0.0,0,0.0
2023-09-04,52.515380859375,0.0,118.19000244140625,0.0,0.0,0.0,0.00981260828887885,0.014765416189178081,1,0,0.0,10,,0.0,0.0,0.0,0.0,0.0,0.0,,0.0,0.0,0.0,0.014765416189178081,0.0,0.0,0.0,0,0.0
2023-09-05,51.823997497558594,-0.013165349855650543,117.12999725341797,-0.008968653575532226,-0.004196696280118317,0.004196696280118317,0.010147587115116735,0.014938872606888042,0,0,0.0,10,1.5396856711642932,0.0,0.0,0.0,0.0,0.0,0.0,,0.0,0.0,0.0,0.014938872606888042,0.0,0.0,0.0,0,0.0
2023-09-06,51.44867706298828,-0.007242213119279195,118.97000122070312,0.015709075475381473,-0.022951288594660668,0.022951288594660668,0.010244576278142039,0.015016453955607845,0,1,1.0,10,5.015827354688644,51.0,-10.0,-2623.8825302124023,1189.7000122070312,0.0,0.0,Opened,-2623.8825302124023,1189.7000122070312,0.0,0.015016453955607845,3813.5825424194336,0.0,0.0,0,0.0
2023-09-07,51.05359649658203,-0.007679120027178854,117.4000015258789,-0.013196601485375159,0.005517481458196305,0.005517481458196305,0.010346677808336245,0.015300655084982536,1,0,-1.0,10,3.951776798600669,-51.0,10.0,2603.7334213256836,-1174.000015258789,-20.14910888671875,15.699996948242188,Closed,2603.7334213256836,-1174.000015258789,-4.4491119384765625,0.015300655084982536,3777.7334365844727,-4.4491119384765625,-0.001177719924701489,0,-4.4491119384765625
2023-09-08,50.786930084228516,-0.005223263994170724,116.9000015258789,-0.004258943726587416,-0.0009643202675833074,0.0009643202675833074,0.010390914397492866,0.015374185004271469,0,0,0.0,10,1.87681938415087,0.0,0.0,0.0,0.0,0.0,0.0,,0.0,0.0,0.0,0.015374185004271469,0.0,0.0,0.0,0,0.0
2023-09-09,50.786930084228516,0.0,116.9000015258789,0.0,0.0,0.0,0.009841658731751218,0.015365006380327062,1,0,0.0,10,,0.0,0.0,0.0,0.0,0.0,0.0,,0.0,0.0,0.0,0.015365006380327062,0.0,0.0,0.0,0,0.0
2023-09-10,50.786930084228516,0.0,116.9000015258789,0.0,0.0,0.0,0.009830600077492152,0.01536531032591533,1,0,0.0,10,,0.0,0.0,0.0,0.0,0.0,0.0,,0.0,0.0,0.0,0.01536531032591533,0.0,0.0,0.0,0,0.0
2023-09-11,50.905452728271484,0.0023337233387881184,118.2300033569336,0.011377261023903795,-0.009043537685115677,0.009043537685115677,0.009836890751647055,0.015414321337232887,0,0,0.0,10,11.322745616118702,0.0,0.0,0.0,0.0,0.0,0.0,,0.0,0.0,0.0,0.015414321337232887,0.0,0.0,0.0,0,0.0
2023-09-12,51.093109130859375,0.003686371351799611,120.33000183105469,0.017761975932464757,-0.014075604580665146,0.014075604580665146,0.009854252223977043,0.015597179976622017,0,0,0.0,10,11.347593946076579,0.0,0.0,0.0,0.0,0.0,0.0,,0.0,0.0,0.0,0.015597179976622017,0.0,0.0,0.0,0,0.0
2023-09-13,51.478302001953125,0.0075390376049966346,120.52999877929688,0.0016620705160712568,0.005876967088925378,0.005876967088925378,0.009094755718539214,0.015454964016688348,1,0,0.0,10,0.5161839238868519,0.0,0.0,0.0,0.0,0.0,0.0,,0.0,0.0,0.0,0.015454964016688348,0.0,0.0,0.0,0,0.0
2023-09-14,53.236392974853516,0.03415207775955165,120.55999755859375,0.0002488905633510896,0.03390318719620056,0.03390318719620056,0.009976769926856803,0.01546686300169976,1,1,1.0,10,0.016503874343509035,-1.0,10.0,53.236392974853516,-1205.5999755859375,0.0,0.0,Opened,53.236392974853516,-1205.5999755859375,0.0,0.01546686300169976,1258.836368560791,0.0,0.0,0,0.0
2023-09-15,52.67340850830078,-0.01057518053145834,121.29000091552734,0.006055104277675527,-0.016630284809133866,0.016630284809133866,0.010234813146309769,0.015442722247400313,0,0,-1.0,10,1.3184613810733052,1.0,-10.0,-52.67340850830078,1212.9000091552734,0.5629844665527344,7.3000335693359375,Closed,-52.67340850830078,1212.9000091552734,7.863018035888672,0.015442722247400313,1265.5734176635742,7.863018035888672,0.006213008211254077,0,7.863018035888672
2023-09-16,52.67340850830078,0.0,121.29000091552734,0.0,0.0,0.0,0.010237487621652086,0.015458601809620671,1,0,0.0,10,,0.0,0.0,0.0,0.0,0.0,0.0,,0.0,0.0,0.0,0.015458601809620671,0.0,0.0,0.0,0,0.0
2023-09-17,52.67340850830078,0.0,121.29000091552734,0.0,0.0,0.0,0.010240838603950806,0.015482635548195546,1,0,0.0,10,,0.0,0.0,0.0,0.0,0.0,0.0,,0.0,0.0,0.0,0.015482635548195546,0.0,0.0,0.0,0,0.0
2023-09-18,52.26519775390625,-0.007749845053794058,122.19999694824219,0.007502646762684195,-0.015252491816478253,0.015252491816478253,0.010374667306688899,0.01546667578085713,0,0,0.0,10,2.263497802339219,0.0,0.0,0.0,0.0,0.0,0.0,,0.0,0.0,0.0,0.01546667578085713,0.0,0.0,0.0,0,0.0
2023-09-19,51.908504486083984,-0.006824680344687084,122.16000366210938,-0.0003272773087691361,-0.006497403035917948,0.006497403035917948,0.010475268850840025,0.01547031575542289,0,0,0.0,10,0.1128558564440758,0.0,0.0,0.0,0.0,0.0,0.0,,0.0,0.0,0.0,0.01547031575542289,0.0,0.0,0.0,0,0.0
2023-09-20,51.640987396240234,-0.005153627377484371,121.83000183105469,-0.002701390153584615,-0.002452237223899756,0.002452237223899756,0.010460249058963384,0.015530073349859338,0,0,0.0,10,1.2366135792012873,0.0,0.0,0.0,0.0,0.0,0.0,,0.0,0.0,0.0,0.015530073349859338,0.0,0.0,0.0,0,0.0
2023-09-21,50.590728759765625,-0.02033769471555602,121.69000244140625,-0.0011491372202602212,-0.0191885574952958,0.0191885574952958,0.011128319287111332,0.01556236163064745,0,1,1.0,10,0.13591085105067097,2.0,-10.0,-101.18145751953125,1216.9000244140625,0.0,0.0,Opened,-101.18145751953125,1216.9000244140625,0.0,0.01556236163064745,1318.0814819335938,0.0,0.0,0,0.0
2023-09-22,51.076229095458984,0.009596626646728001,121.33000183105469,-0.0029583417136087586,0.01255496836033676,0.01255496836033676,0.011261713424008741,0.015615483473942782,1,0,-1.0,10,0.7322832765366052,-2.0,10.0,102.15245819091797,-1213.3000183105469,0.9710006713867188,3.600006103515625,Closed,102.15245819091797,-1213.3000183105469,4.571006774902344,0.015615483473942782,1315.4524765014648,4.571006774902344,0.0034748551213794106,0,4.571006774902344
2023-09-23,51.076229095458984,0.0,121.33000183105469,0.0,0.0,0.0,0.010858363225002035,0.015633321231319358,1,0,0.0,10,,0.0,0.0,0.0,0.0,0.0,0.0,,0.0,0.0,0.0,0.015633321231319358,0.0,0.0,0.0,0,0.0
2023-09-24,51.076229095458984,0.0,121.33000183105469,0.0,0.0,0.0,0.01085771867266379,0.015650760249588315,1,0,0.0,10,,0.0,0.0,0.0,0.0,0.0,0.0,,0.0,0.0,0.0,0.015650760249588315,0.0,0.0,0.0,0,0.0
2023-09-25,51.55181884765625,0.00931137166192153,121.18000030517578,-0.0012363102580990049,0.010547681920020535,0.010547681920020535,0.010962875313168075,0.015663102445111172,1,0,0.0,10,0.3121050297181542,0.0,0.0,0.0,0.0,0.0,0.0,,0.0,0.0,0.0,0.015663102445111172,0.0,0.0,0.0,0,0.0
2023-09-26,50.5709114074707,-0.019027601006363803,120.93000030517578,-0.0020630467021819365,-0.016964554304181867,0.016964554304181867,0.011570526758995978,0.01568530188330485,0,1,1.0,10,0.25927359925696974,3.0,-10.0,-151.7127342224121,1209.3000030517578,0.0,0.0,Opened,-151.7127342224121,1209.3000030517578,0.0,0.01568530188330485,1361.01273727417,0.0,0.0,0,0.0
2023-09-27,51.155494689941406,0.011559674646961948,120.83999633789062,-0.0007442650050278887,0.012303939651989837,0.012303939651989837,0.011590859222819019,0.015698894576649965,1,0,-1.0,10,0.15208991003527594,-3.0,10.0,153.46648406982422,-1208.3999633789062,1.7537498474121094,0.9000396728515625,Closed,153.46648406982422,-1208.3999633789062,2.653789520263672,0.015698894576649965,1361.8664474487305,2.653789520263672,0.0019486415318001127,0,2.653789520263672
2023-09-28,52.07695007324219,0.018012833008180573,120.83999633789062,0.0,0.018012833008180573,0.018012833008180573,0.011251517051204505,0.015713697047772916,1,0,0.0,10,0.0,0.0,0.0,0.0,0.0,0.0,0.0,,0.0,0.0,0.0,0.015713697047772916,0.0,0.0,0.0,0,0.0
2023-09-29,52.01749038696289,-0.0011417659097867627,120.79000091552734,-0.00041373240548170376,-0.000728033504305059,0.000728033504305059,0.011238326340421217,0.01573116713968714,0,0,0.0,10,0.8414417472150518,0.0,0.0,0.0,0.0,0.0,0.0,,0.0,0.0,0.0,0.01573116713968714,0.0,0.0,0.0,0,0.0
2023-09-30,52.01749038696289,0.0,120.79000091552734,0.0,0.0,0.0,0.011236921699238829,0.01574438261307881,1,0,0.0,10,,0.0,0.0,0.0,0.0,0.0,0.0,,0.0,0.0,0.0,0.01574438261307881,0.0,0.0,0.0,0,0.0
2023-10-01,52.01749038696289,0.0,120.79000091552734,0.0,0.0,0.0,0.010522652042242382,0.006067494771699958,1,0,0.0,10,,0.0,0.0,0.0,0.0,0.0,0.0,,0.0,0.0,0.0,0.010522652042242382,0.0,0.0,0.0,0,0.0
2023-10-02,50.61054229736328,-0.02704759647443955,120.13999938964844,-0.005381252760594646,-0.021666343713844904,0.021666343713844904,0.011602541361000437,0.006168923219192614,0,1,1.0,10,0.47228194989013195,5.0,-10.0,-253.0527114868164,1201.3999938964844,0.0,0.0,Opened,-253.0527114868164,1201.3999938964844,0.0,0.011602541361000437,1454.4527053833008,0.0,0.0,0,0.0
2023-10-03,49.936798095703125,-0.01331232923175485,118.44000244140625,-0.01415013281903399,0.0008378035872791401,0.0008378035872791401,0.011809142943952118,0.0067290527547074555,1,0,-1.0,10,2.5210658057454456,-5.0,10.0,249.68399047851562,-1184.4000244140625,-3.3687210083007812,16.999969482421875,Closed,249.68399047851562,-1184.4000244140625,13.631248474121094,0.011809142943952118,1434.0840148925781,13.631248474121094,0.00950519518561272,0,13.631248474121094
2023-10-04,49.50083923339844,-0.008730212567277129,118.02999877929688,-0.003461699203461288,-0.005268513363815841,0.005268513363815841,0.011875490975629564,0.006760297583740944,0,0,0.0,10,0.9454625925187341,0.0,0.0,0.0,0.0,0.0,0.0,,0.0,0.0,0.0,0.011875490975629564,0.0,0.0,0.0,0,0.0
2023-10-05,49.431480407714844,-0.0014011646420086787,117.41999816894531,-0.005168182806577826,0.003767018164569147,0.003767018164569147,0.011683370934453173,0.006621060357353684,1,0,0.0,10,8.761675197812576,0.0,0.0,0.0,0.0,0.0,0.0,,0.0,0.0,0.0,0.011683370934453173,0.0,0.0,0.0,0,0.0
2023-10-06,50.3430290222168,0.018440649703052037,117.73999786376953,0.00272525719480754,0.015715392508244497,0.015715392508244497,0.012179178021088212,0.005956846409914092,1,1,1.0,10,0.34563360243695085,-4.0,10.0,201.3721160888672,-1177.3999786376953,0.0,0.0,Opened,201.3721160888672,-1177.3999786376953,0.0,0.012179178021088212,1378.7720947265625,0.0,0.0,0,0.0
2023-10-07,50.3430290222168,0.0,117.73999786376953,0.0,0.0,0.0,0.012106886039228045,0.005438594111948195,1,1,0.0,10,,4.0,-10.0,-201.3721160888672,1177.3999786376953,0.0,0.0,Live,0.0,0.0,0.0,0.012106886039228045,1378.7720947265625,0.0,0.0,0,0.0
2023-10-08,50.3430290222168,0.0,117.73999786376953,0.0,0.0,0.0,0.012072586937779843,0.005375824386508558,1,1,0.0,10,,4.0,-10.0,-201.3721160888672,1177.3999786376953,0.0,0.0,Live,0.0,0.0,0.0,0.012072586937779843,1378.7720947265625,0.0,0.0,0,0.0
2023-10-09,50.89788055419922,0.011021417319517335,118.18000030517578,0.003737068535667465,0.00728434878384987,0.00728434878384987,0.012246035610434677,0.005412938616805511,1,1,0.0,10,0.7872957448585829,4.0,-10.0,-203.59152221679688,1181.8000030517578,-2.2194061279296875,4.4000244140625,Live,0.0,0.0,0.0,0.012246035610434677,1385.3915252685547,2.1806182861328125,0.001574008680116695,0,0.0
2023-10-10,51.55181884765625,0.012848045661953966,117.4000015258789,-0.006600091193794899,0.019448136855748865,0.019448136855748865,0.012463516974444708,0.005560901951408733,1,1,0.0,10,1.1698683046474307,4.0,-10.0,-206.207275390625,1174.000015258789,-4.8351593017578125,-3.39996337890625,Live,0.0,0.0,0.0,0.012463516974444708,1380.207290649414,-8.235122680664062,-0.005966583959130718,0,0.0
2023-10-11,51.63108444213867,0.0015375906467367528,118.30999755859375,0.00775124378950065,-0.0062136531427638975,0.0062136531427638975,0.0124604866572926,0.005343789848899263,0,0,-1.0,10,11.55156606845193,4.0,-10.0,-206.5243377685547,1183.0999755859375,-5.1522216796875,5.6999969482421875,Closed,-206.5243377685547,1183.0999755859375,0.5477752685546875,0.0124604866572926,1389.6243133544922,0.5477752685546875,0.00039418946782269663,0,0.5477752685546875
2023-10-12,49.97642517089844,-0.0320477342112494,117.41999816894531,-0.007522605088447043,-0.024525129122802358,0.024525129122802358,0.013787338822181845,0.004353969270086727,0,1,1.0,10,0.5515029182980317,6.0,-10.0,-299.8585510253906,1174.1999816894531,0.0,0.0,Opened,-299.8585510253906,1174.1999816894531,0.0,0.013787338822181845,1474.0585327148438,0.0,0.0,0,0.0
2023-10-13,49.97642517089844,0.0,118.56999969482422,0.009793915379084472,-0.009793915379084472,0.009793915379084472,0.013701476920238228,0.004748231027177538,0,1,0.0,10,inf,-6.0,10.0,299.8585510253906,-1185.6999969482422,0.0,-11.500015258789062,Live,0.0,0.0,0.0,0.013701476920238228,1485.5585479736328,-11.500015258789062,-0.007741206345906453,0,0.0
2023-10-14,49.97642517089844,0.0,118.56999969482422,0.0,0.0,0.0,0.012002535057358852,0.00474703062585474,1,0,-1.0,10,,-6.0,10.0,299.8585510253906,-1185.6999969482422,0.0,-11.500015258789062,Closed,299.8585510253906,-1185.6999969482422,-11.500015258789062,0.012002535057358852,1485.5585479736328,-11.500015258789062,-0.007741206345906453,0,-11.500015258789062
2023-10-15,49.97642517089844,0.0,118.56999969482422,0.0,0.0,0.0,0.011897874375082544,0.004582663906790917,1,0,0.0,10,,0.0,0.0,0.0,0.0,0.0,0.0,,0.0,0.0,0.0,0.011897874375082544,0.0,0.0,0.0,0,0.0
2023-10-16,50.45200729370117,0.009516129278483554,119.25,0.00573501144409172,0.003781117834391834,0.003781117834391834,0.01206986070815161,0.004732023155168415,1,0,0.0,10,1.4244719224602134,0.0,0.0,0.0,0.0,0.0,0.0,,0.0,0.0,0.0,0.01206986070815161,0.0,0.0,0.0,0,0.0
2023-10-17,51.51218795776367,0.02101364684839524,119.30999755859375,0.0005031241810795617,0.020510522667315678,0.020510522667315678,0.012742757166261644,0.004734946462613637,1,1,1.0,10,0.055454986205100996,-1.0,10.0,51.51218795776367,-1193.0999755859375,0.0,0.0,Opened,51.51218795776367,-1193.0999755859375,0.0,0.012742757166261644,1244.6121635437012,0.0,0.0,0,0.0
2023-10-18,50.174591064453125,-0.025966609968252174,119.01000213623047,-0.002514419818137603,-0.02345219015011457,0.02345219015011457,0.013503401445462164,0.00449554779884547,0,0,-1.0,10,0.22967945967313155,1.0,-10.0,-50.174591064453125,1190.1000213623047,1.3375968933105469,-2.9999542236328125,Closed,-50.174591064453125,1190.1000213623047,-1.6623573303222656,0.013503401445462164,1240.2746124267578,-1.6623573303222656,-0.0013403139221479735,0,-1.6623573303222656
2023-10-19,49.20359802246094,-0.019352286115194683,119.04000091552734,0.0002520693954994879,-0.01960435551069417,0.01960435551069417,0.013869800131011273,0.004499209282707767,0,1,1.0,10,0.03151257580284409,1.0,-10.0,-49.20359802246094,1190.4000091552734,0.0,0.0,Opened,-49.20359802246094,1190.4000091552734,0.0,0.013869800131011273,1239.6036071777344,0.0,0.0,0,0.0
2023-10-20,48.440677642822266,-0.015505377864651448,118.6500015258789,-0.00327620452494104,-0.012229173339710409,0.012229173339710409,0.014086056290493981,0.0045085699459322184,0,1,0.0,10,0.5175427028905417,-1.0,10.0,48.440677642822266,-1186.500015258789,-0.7629203796386719,3.899993896484375,Live,0.0,0.0,0.0,0.014086056290493981,1234.9406929016113,3.137073516845703,0.0025402624878080975,0,0.0
2023-10-21,48.440677642822266,0.0,118.6500015258789,0.0,0.0,0.0,0.01365764491313623,0.004511009704185493,1,0,-1.0,10,,-1.0,10.0,48.440677642822266,-1186.500015258789,-0.7629203796386719,3.899993896484375,Closed,48.440677642822266,-1186.500015258789,3.137073516845703,0.01365764491313623,1234.9406929016113,3.137073516845703,0.0025402624878080975,0,3.137073516845703
2023-10-22,48.440677642822266,0.0,118.6500015258789,0.0,0.0,0.0,0.013503791207494469,0.004495256676602973,1,0,0.0,10,,0.0,0.0,0.0,0.0,0.0,0.0,,0.0,0.0,0.0,0.013503791207494469,0.0,0.0,0.0,0,0.0
2023-10-23,48.113712310791016,-0.006749809208742574,118.44999694824219,-0.0016856685635447954,-0.005064140645197779,0.005064140645197779,0.013531111963732148,0.004496294430197242,0,0,0.0,10,0.6148184295589506,0.0,0.0,0.0,0.0,0.0,0.0,,0.0,0.0,0.0,0.013531111963732148,0.0,0.0,0.0,0,0.0
2023-10-24,48.81718063354492,0.01462095292522525,118.19000244140625,-0.002194972676525686,0.016815925601750936,0.016815925601750936,0.01386121539702555,0.004500841227005954,1,1,1.0,10,0.36346407171373224,-4.0,10.0,195.2687225341797,-1181.9000244140625,0.0,0.0,Opened,195.2687225341797,-1181.9000244140625,0.0,0.01386121539702555,1377.1687469482422,0.0,0.0,0,0.0
2023-10-25,48.49021530151367,-0.0066977512381486415,118.4800033569336,0.002453683979498411,-0.009151435217647053,0.009151435217647053,0.013741741089619444,0.004540556202260599,0,0,-1.0,10,0.8951185542664832,4.0,-10.0,-193.9608612060547,1184.800033569336,1.307861328125,2.9000091552734375,Closed,-193.9608612060547,1184.800033569336,4.2078704833984375,0.013741741089619444,1378.7608947753906,4.2078704833984375,0.0030519218374582113,0,4.2078704833984375
2023-10-26,48.539756774902344,0.0010216797982978143,118.44999694824219,-0.00025326137610759414,0.0012749411744054084,0.0012749411744054084,0.013364768489109674,0.0045344016707348535,1,0,0.0,10,0.6049111841359194,0.0,0.0,0.0,0.0,0.0,0.0,,0.0,0.0,0.0,0.013364768489109674,0.0,0.0,0.0,0,0.0
2023-10-27,48.92617416381836,0.007960843123050232,118.55000305175781,0.0008442896250924203,0.0071165534979578116,0.0071165534979578116,0.013261309910716432,0.0045428988523928794,1,0,0.0,10,0.2569760796300711,0.0,0.0,0.0,0.0,0.0,0.0,,0.0,0.0,0.0,0.013261309910716432,0.0,0.0,0.0,0,0.0
2023-10-28,48.92617416381836,0.0,118.55000305175781,0.0,0.0,0.0,0.012750042328063193,0.0045428988523928794,1,0,0.0,10,,0.0,0.0,0.0,0.0,0.0,0.0,,0.0,0.0,0.0,0.012750042328063193,0.0,0.0,0.0,0,0.0
2023-10-29,48.92617416381836,0.0,118.55000305175781,0.0,0.0,0.0,0.012754392922867444,0.004544198143969786,1,0,0.0,10,,0.0,0.0,0.0,0.0,0.0,0.0,,0.0,0.0,0.0,0.012754392922867444,0.0,0.0,0.0,0,0.0
2023-10-30,49.3224983215332,0.00810045266134729,118.69999694824219,0.001265237390326357,0.0068352152710209335,0.0068352152710209335,0.012882441465251188,0.004555946995247089,1,0,0.0,10,0.37589657655817316,0.0,0.0,0.0,0.0,0.0,0.0,,0.0,0.0,0.0,0.012882441465251188,0.0,0.0,0.0,0,0.0
2023-10-31,49.005435943603516,-0.00642835194321989,118.91000366210938,0.0017692225717473864,-0.008197574514967276,0.008197574514967276,0.012906784423434067,0.004575011870275616,0,0,0.0,10,0.6678162172308657,0.0,0.0,0.0,0.0,0.0,0.0,,0.0,0.0,0.0,0.012906784423434067,0.0,0.0,0.0,0,0.0
2023-11-01,49.20359802246094,0.0040436754625643445,122.33000183105469,0.028761231718261948,-0.024717556255697604,0.024717556255697604,0.012037295466973588,0.006951528186753207,0,1,1.0,10,17.683462622668763,177.0,-10.0,-8709.036849975586,1223.3000183105469,0.0,0.0,Opened,-8709.036849975586,1223.3000183105469,0.0,0.012037295466973588,9932.336868286133,0.0,0.0,0,0.0
2023-11-02,50.2142219543457,0.020539634752390068,125.56999969482422,0.02648571744684647,-0.0059460826944564005,0.0059460826944564005,0.012411458646400723,0.007871336217984788,0,1,0.0,10,3.2246173062534242,-177.0,10.0,8887.91728591919,-1255.6999969482422,178.88043594360352,-32.39997863769531,Live,0.0,0.0,0.0,0.012411458646400723,10143.617282867432,146.4804573059082,0.01444065299597942,0,0.0
2023-11-03,50.72944641113281,0.010260528526271795,126.1500015258789,0.004618952237511298,0.005641576288760497,0.005641576288760497,0.012421433596577136,0.007816771345652219,1,0,-1.0,10,1.1194401422942872,-177.0,10.0,8979.112014770508,-1261.500015258789,270.0751647949219,-38.19999694824219,Closed,8979.112014770508,-1261.500015258789,231.8751678466797,0.012421433596577136,10240.612030029297,231.8751678466797,0.022642706038148417,0,231.8751678466797
2023-11-04,50.72944641113281,0.0,126.1500015258789,0.0,0.0,0.0,0.012415144357923465,0.007703794224743171,1,0,0.0,10,,0.0,0.0,0.0,0.0,0.0,0.0,,0.0,0.0,0.0,0.012415144357923465,0.0,0.0,0.0,0,0.0
2023-11-05,50.72944641113281,0.0,126.1500015258789,0.0,0.0,0.0,0.011967176670814714,0.007716148394234446,1,0,0.0,10,,0.0,0.0,0.0,0.0,0.0,0.0,,0.0,0.0,0.0,0.011967176670814714,0.0,0.0,0.0,0,0.0
2023-11-06,50.2835807800293,-0.008789089230149094,126.62999725341797,0.003804960140572078,-0.012594049370721172,0.012594049370721172,0.01208242448414131,0.007707782631025882,0,1,1.0,10,1.0902262598108379,11.0,-10.0,-553.1193885803223,1266.2999725341797,0.0,0.0,Opened,-553.1193885803223,1266.2999725341797,0.0,0.01208242448414131,1819.419361114502,0.0,0.0,0,0.0
2023-11-07,49.31258773803711,-0.01931034001416676,125.94999694824219,-0.005369978045683177,-0.013940361968483583,0.013940361968483583,0.012587958029948164,0.007828237169622084,0,1,0.0,10,0.7102691590361533,-11.0,10.0,542.4384651184082,-1259.4999694824219,-10.680923461914062,6.8000030517578125,Live,0.0,0.0,0.0,0.012587958029948164,1801.93843460083,-3.88092041015625,-0.0021537475063713603,0,0.0
2023-11-08,48.985618591308594,-0.0066305412416292064,127.26000213623047,0.010400994201902325,-0.01703153544353153,0.01703153544353153,0.012437070209084975,0.007964410660706434,0,1,0.0,10,4.075202584753228,-11.0,10.0,538.8418045043945,-1272.6000213623047,-14.277584075927734,-6.300048828125,Live,0.0,0.0,0.0,0.012437070209084975,1811.4418258666992,-20.577632904052734,-0.011359808860661146,0,0.0
2023-11-09,48.60911178588867,-0.007686068202203411,127.37999725341797,0.0009429130533806784,-0.00862898125558409,0.00862898125558409,0.012200038307758733,0.007784219854998029,0,1,0.0,10,0.3214777824296436,-11.0,10.0,534.7002296447754,-1273.7999725341797,-18.419158935546875,-7.5,Live,0.0,0.0,0.0,0.012200038307758733,1808.500202178955,-25.919158935546875,-0.014331852937764901,1,-25.919158935546875
2023-11-10,48.886539459228516,0.0057073183020057705,128.07000732421875,0.005416942107700162,0.00029037619430560824,0.00029037619430560824,0.012263959528546402,0.00774409002409714,1,0,-1.0,10,2.486452908756703,-11.0,10.0,537.7519340515137,-1280.7000732421875,-15.367454528808594,-14.400100708007812,Closed,537.7519340515137,-1280.7000732421875,-29.767555236816406,0.012263959528546402,1818.4520072937012,-29.767555236816406,-0.016369722773777115,1,0.0
2023-11-11,48.886539459228516,0.0,128.07000732421875,0.0,0.0,0.0,0.010847457426004582,0.0075211072773193,1,0,0.0,10,,0.0,0.0,0.0,0.0,0.0,0.0,,0.0,0.0,0.0,0.010847457426004582,0.0,0.0,0.0,0,0.0
2023-11-12,48.886539459228516,0.0,128.07000732421875,0.0,0.0,0.0,0.010847457426004582,0.007424617272816493,1,0,0.0,10,,0.0,0.0,0.0,0.0,0.0,0.0,,0.0,0.0,0.0,0.010847457426004582,0.0,0.0,0.0,0,0.0
2023-11-13,48.84690856933594,-0.0008106707967258098,128.33999633789062,0.002108136161719454,-0.0029188069584452636,0.0029188069584452636,0.010846720660829942,0.007409134018235182,0,0,0.0,10,6.832491008444488,0.0,0.0,0.0,0.0,0.0,0.0,,0.0,0.0,0.0,0.010846720660829942,0.0,0.0,0.0,0,0.0
2023-11-14,51.32392501831055,0.05070978945286986,128.77999877929688,0.003428412451001117,0.04728137700186874,0.04728137700186874,0.014346848328510787,0.007392970910268241,1,1,1.0,10,0.16964060440611936,-2.0,10.0,102.6478500366211,-1287.7999877929688,0.0,0.0,Opened,102.6478500366211,-1287.7999877929688,0.0,0.014346848328510787,1390.4478378295898,0.0,0.0,0,0.0
2023-11-15,51.42300796508789,0.0019305411022636498,129.25,0.0036496445500719954,-0.0017191034478083456,0.0017191034478083456,0.014257888891689259,0.007374039222109146,0,0,-1.0,10,4.751651620188916,2.0,-10.0,-102.84601593017578,1292.5,-0.1981658935546875,4.70001220703125,Closed,-102.84601593017578,1292.5,4.5018463134765625,0.014257888891689259,1395.3460159301758,4.5018463134765625,0.0032263297146948233,0,4.5018463134765625
2023-11-16,51.16539764404297,-0.005009631510078494,129.4199981689453,0.001315266297449158,-0.006324897807527652,0.006324897807527652,0.013764547619829093,0.007367131484880426,0,0,0.0,10,0.6640991823568941,0.0,0.0,0.0,0.0,0.0,0.0,,0.0,0.0,0.0,0.013764547619829093,0.0,0.0,0.0,0,0.0
2023-11-17,52.07695007324219,0.017815798785360215,128.9499969482422,-0.003631596564308226,0.02144739534966844,0.02144739534966844,0.0132423782620087,0.007397372788636656,1,1,1.0,10,0.5047404286260609,-6.0,10.0,312.4617004394531,-1289.4999694824219,0.0,0.0,Opened,312.4617004394531,-1289.4999694824219,0.0,0.0132423782620087,1601.961669921875,0.0,0.0,0,0.0
2023-11-18,52.07695007324219,0.0,128.9499969482422,0.0,0.0,0.0,0.01265890700619582,0.007400395842129924,1,1,0.0,10,,6.0,-10.0,-312.4617004394531,1289.4999694824219,0.0,0.0,Live,0.0,0.0,0.0,0.01265890700619582,1601.961669921875,0.0,0.0,0,0.0
2023-11-19,52.07695007324219,0.0,128.9499969482422,0.0,0.0,0.0,0.012230085404098076,0.0073331063206290995,1,1,0.0,10,,6.0,-10.0,-312.4617004394531,1289.4999694824219,0.0,0.0,Live,0.0,0.0,0.0,0.012230085404098076,1601.961669921875,0.0,0.0,0,0.0
2023-11-20,52.176025390625,0.00190247925893261,129.30999755859375,0.0027917845589098267,-0.0008893052999772166,0.0008893052999772166,0.01222167651560009,0.007313980583716522,0,0,-1.0,10,3.6368306698135267,6.0,-10.0,-313.05615234375,1293.0999755859375,-0.594451904296875,3.600006103515625,Closed,-313.05615234375,1293.0999755859375,3.00555419921875,0.01222167651560009,1606.1561279296875,3.00555419921875,0.0018712715077661016,0,3.00555419921875
2023-11-21,52.30483627319336,0.002468775296776471,129.5500030517578,0.0018560474649711445,0.0006127278318053264,0.0006127278318053264,0.012212222011540694,0.007296455720383382,1,0,0.0,10,1.862100410270054,0.0,0.0,0.0,0.0,0.0,0.0,,0.0,0.0,0.0,0.012212222011540694,0.0,0.0,0.0,0,0.0
2023-11-22,52.55253601074219,0.004735694731077489,129.83999633789062,0.0022384660694831915,0.0024972286615942973,0.0024972286615942973,0.012087346997462103,0.007245308976752682,1,0,0.0,10,1.1678353912617734,0.0,0.0,0.0,0.0,0.0,0.0,,0.0,0.0,0.0,0.012087346997462103,0.0,0.0,0.0,0,0.0
2023-11-23,52.55253601074219,0.0,129.83999633789062,0.0,0.0,0.0,0.01189651742822649,0.007201045957402439,1,0,0.0,10,,0.0,0.0,0.0,0.0,0.0,0.0,,0.0,0.0,0.0,0.01189651742822649,0.0,0.0,0.0,0,0.0
2023-11-24,52.84978103637695,0.005656149982448122,130.16000366210938,0.0024646282597389213,0.0031915217227092008,0.0031915217227092008,0.011779401265509472,0.007201009048691102,1,0,0.0,10,1.073160963434967,0.0,0.0,0.0,0.0,0.0,0.0,,0.0,0.0,0.0,0.011779401265509472,0.0,0.0,0.0,0,0.0
2023-11-25,52.84978103637695,0.0,130.16000366210938,0.0,0.0,0.0,0.011786612236655924,0.007197012534758501,1,0,0.0,10,,0.0,0.0,0.0,0.0,0.0,0.0,,0.0,0.0,0.0,0.011786612236655924,0.0,0.0,0.0,0,0.0
2023-11-26,52.84978103637695,0.0,130.16000366210938,0.0,0.0,0.0,0.011758454923171218,0.007208071033021742,1,0,0.0,10,,0.0,0.0,0.0,0.0,0.0,0.0,,0.0,0.0,0.0,0.011758454923171218,0.0,0.0,0.0,0,0.0
2023-11-27,53.275821685791016,0.008061351268812578,130.4199981689453,0.0019974992280338277,0.00606385204077875,0.00606385204077875,0.011788112906012522,0.007187224015204945,1,0,0.0,10,0.6065865935706934,0.0,0.0,0.0,0.0,0.0,0.0,,0.0,0.0,0.0,0.011788112906012522,0.0,0.0,0.0,0,0.0
2023-11-28,53.33527374267578,0.001115929421706463,130.39999389648438,-0.00015338347448079492,0.001269312896187258,0.001269312896187258,0.01178037536438653,0.007189640762588047,1,0,0.0,10,0.3360507630944239,0.0,0.0,0.0,0.0,0.0,0.0,,0.0,0.0,0.0,0.01178037536438653,0.0,0.0,0.0,0,0.0
2023-11-29,53.41453552246094,0.001486104302521607,130.3800048828125,-0.00015328998932118143,0.0016393942918427884,0.0016393942918427884,0.011742416733959387,0.007207482947542776,1,0,0.0,10,0.251776991107697,0.0,0.0,0.0,0.0,0.0,0.0,,0.0,0.0,0.0,0.011742416733959387,0.0,0.0,0.0,0,0.0
2023-11-30,54.24681854248047,0.015581583025645829,130.4600067138672,0.0006136050625753509,0.014967977963070478,0.014967977963070478,0.011837954952083162,0.007218241806547828,1,1,1.0,10,0.0947066510522958,-1.0,10.0,54.24681854248047,-1304.6000671386719,0.0,0.0,Opened,54.24681854248047,-1304.6000671386719,0.0,0.011837954952083162,1358.8468856811523,0.0,0.0,0,0.0
2023-12-01,55.733036041259766,0.027397320962066152,130.4600067138672,0.0,0.027397320962066152,0.027397320962066152,0.012619751514764575,0.005368010075298379,1,1,0.0,10,0.0,1.0,-10.0,-55.733036041259766,1304.6000671386719,-1.4862174987792969,0.0,Live,0.0,0.0,0.0,0.012619751514764575,1360.3331031799316,-1.4862174987792969,-0.001092539390025205,0,0.0
2023-12-02,55.733036041259766,0.0,130.4600067138672,0.0,0.0,0.0,0.012256779211465828,0.0027869017050083647,1,1,0.0,10,,1.0,-10.0,-55.733036041259766,1304.6000671386719,-1.4862174987792969,0.0,Live,0.0,0.0,0.0,0.012256779211465828,1360.3331031799316,-1.4862174987792969,-0.001092539390025205,0,0.0
2023-12-03,55.733036041259766,0.0,130.4600067138672,0.0,0.0,0.0,0.01220621113684,0.002722815342366547,1,1,0.0,10,,1.0,-10.0,-55.733036041259766,1304.6000671386719,-1.4862174987792969,0.0,Live,0.0,0.0,0.0,0.01220621113684,1360.3331031799316,-1.4862174987792969,-0.001092539390025205,0,0.0
2023-12-04,55.197994232177734,-0.009600083668256154,130.4600067138672,0.0,-0.009600083668256154,0.009600083668256154,0.012417311339488455,0.002722815342366547,0,0,-1.0,10,0.0,1.0,-10.0,-55.197994232177734,1304.6000671386719,-0.9511756896972656,0.0,Closed,-55.197994232177734,1304.6000671386719,-0.9511756896972656,0.012417311339488455,1359.7980613708496,-0.9511756896972656,-0.0006994977539079291,0,-0.9511756896972656
2023-12-05,53.83068084716797,-0.024771070109150584,130.77000427246094,0.0023761884304793757,-0.02714725853962996,0.02714725853962996,0.013400825629881674,0.0027235511967034437,0,1,1.0,10,0.233031362078382,3.0,-10.0,-161.4920425415039,1307.7000427246094,0.0,0.0,Opened,-161.4920425415039,1307.7000427246094,0.0,0.013400825629881674,1469.1920852661133,0.0,0.0,0,0.0
2023-12-06,53.196556091308594,-0.011779987655362034,132.9199981689453,0.016441032547531487,-0.02822102020289352,0.02822102020289352,0.013495156485364292,0.003873932327577264,0,1,0.0,10,3.48731407876005,-3.0,10.0,159.58966827392578,-1329.1999816894531,-1.902374267578125,-21.49993896484375,Live,0.0,0.0,0.0,0.013495156485364292,1488.789649963379,-23.402313232421875,-0.015719019293959708,1,-23.402313232421875
2023-12-07,53.41453552246094,0.0040976229885669735,134.39999389648438,0.01113448501299219,-0.007036862024425217,0.007036862024425217,0.01288553033793875,0.004015711545838106,0,1,0.0,10,6.837194430425481,-3.0,10.0,160.2436065673828,-1343.9999389648438,-1.2484359741210938,-36.299896240234375,Live,0.0,0.0,0.0,0.01288553033793875,1504.2435455322266,-37.54833221435547,-0.02496160433985458,1,0.0
2023-12-08,53.513614654541016,0.001854909550573769,135.4499969482422,0.007812523061321963,-0.005957613510748194,0.005957613510748194,0.012765180541147624,0.003857556284082913,0,1,0.0,10,10.660640238001266,-3.0,10.0,160.54084396362305,-1354.4999694824219,-0.9511985778808594,-46.7999267578125,Live,0.0,0.0,0.0,0.012765180541147624,1515.040813446045,-47.75112533569336,-0.031518045528477055,1,0.0
2023-12-09,53.513614654541016,0.0,135.4499969482422,0.0,0.0,0.0,0.012619007703805567,0.0038710282989817984,1,0,-1.0,10,,-3.0,10.0,160.54084396362305,-1354.4999694824219,-0.9511985778808594,-46.7999267578125,Closed,160.54084396362305,-1354.4999694824219,-47.75112533569336,0.012619007703805567,1515.040813446045,-47.75112533569336,-0.031518045528477055,1,0.0
2023-12-10,53.513614654541016,0.0,135.4499969482422,0.0,0.0,0.0,0.01262425019293726,0.0038350631372279912,1,0,0.0,10,,0.0,0.0,0.0,0.0,0.0,0.0,,0.0,0.0,0.0,0.01262425019293726,0.0,0.0,0.0,0,0.0
2023-12-11,53.5928840637207,0.001481294240566866,135.16000366210938,-0.002140961924448237,0.003622256165015103,0.003622256165015103,0.012614621654929761,0.003890699493507189,1,0,0.0,10,3.6450935215591125,0.0,0.0,0.0,0.0,0.0,0.0,,0.0,0.0,0.0,0.012614621654929761,0.0,0.0,0.0,0,0.0
2023-12-12,52.512901306152344,-0.02015160737168553,135.66000366210938,0.003699319225012543,-0.023850926596698074,0.023850926596698074,0.013305432245358677,0.0038901438760036862,0,1,1.0,10,0.47423972219835664,5.0,-10.0,-262.5645065307617,1356.6000366210938,0.0,0.0,Opened,-262.5645065307617,1356.6000366210938,0.0,0.013305432245358677,1619.1645431518555,0.0,0.0,0,0.0
2023-12-13,54.44498062133789,0.03679246941473391,135.02999877929688,-0.004643998715949227,0.041436468130683135,0.041436468130683135,0.014685150792699926,0.004070524337770371,1,0,-1.0,10,0.31304413363271344,-5.0,10.0,272.22490310668945,-1350.2999877929688,9.660396575927734,6.300048828125,Closed,272.22490310668945,-1350.2999877929688,15.960445404052734,0.014685150792699926,1622.5248908996582,15.960445404052734,0.009836795412859879,0,15.960445404052734
2023-12-14,56.49595642089844,0.037670613087825044,135.22000122070312,0.0014071128128854138,0.03626350027493963,0.03626350027493963,0.013381723176147138,0.004057691547314087,1,1,1.0,10,0.08940252804654947,-1.0,10.0,56.49595642089844,-1352.2000122070312,0.0,0.0,Opened,56.49595642089844,-1352.2000122070312,0.0,0.013381723176147138,1408.6959686279297,0.0,0.0,0,0.0
2023-12-15,56.743656158447266,0.004384379931608784,135.0800018310547,-0.00103534527721183,0.005419725208820614,0.005419725208820614,0.01338061881534044,0.0040676557928572875,1,1,0.0,10,0.5621481272753656,1.0,-10.0,-56.743656158447266,1350.8000183105469,-0.24769973754882812,-1.399993896484375,Live,0.0,0.0,0.0,0.01338061881534044,1407.5436744689941,-1.6476936340332031,-0.0011706163467039893,0,0.0
2023-12-16,56.743656158447266,0.0,135.0800018310547,0.0,0.0,0.0,0.013303434707596682,0.004076566986326797,1,1,0.0,10,,1.0,-10.0,-56.743656158447266,1350.8000183105469,-0.24769973754882812,-1.399993896484375,Live,0.0,0.0,0.0,0.013303434707596682,1407.5436744689941,-1.6476936340332031,-0.0011706163467039893,0,0.0
2023-12-17,56.743656158447266,0.0,135.0800018310547,0.0,0.0,0.0,0.013039214900385517,0.0039735197748808765,1,1,0.0,10,,1.0,-10.0,-56.743656158447266,1350.8000183105469,-0.24769973754882812,-1.399993896484375,Live,0.0,0.0,0.0,0.013039214900385517,1407.5436744689941,-1.6476936340332031,-0.0011706163467039893,0,0.0
2023-12-18,57.6428337097168,0.01584630974004786,134.61000061035156,-0.0034794285929234947,0.019325738332971354,0.019325738332971354,0.01323524210269857,0.004070134050982315,1,1,0.0,10,0.5127572281405562,1.0,-10.0,-57.6428337097168,1346.1000061035156,-1.1468772888183594,-6.100006103515625,Live,0.0,0.0,0.0,0.01323524210269857,1403.7428398132324,-7.246883392333984,-0.005162543442286181,0,0.0
2023-12-19,59.429290771484375,0.030991832753469284,134.64999389648438,0.0002971048655484587,0.030694727887920825,0.030694727887920825,0.014133723677880032,0.004066867348614026,1,1,0.0,10,0.021720423812006028,1.0,-10.0,-59.429290771484375,1346.4999389648438,-2.9333343505859375,-5.7000732421875,Live,0.0,0.0,0.0,0.014133723677880032,1405.9292297363281,-8.633407592773438,-0.0061407127828138055,0,0.0
2023-12-20,58.33756637573242,-0.018370140070320118,134.85000610351562,0.0014854230679357538,-0.01985556313825587,0.01985556313825587,0.014734429801510962,0.004058999837816575,0,0,-1.0,10,0.1869133660837307,1.0,-10.0,-58.33756637573242,1348.5000610351562,-1.8416099548339844,-3.699951171875,Closed,-58.33756637573242,1348.5000610351562,-5.541561126708984,0.014734429801510962,1406.8376274108887,-5.541561126708984,-0.0039390196983198015,0,-5.541561126708984
2023-12-21,59.667484283447266,0.02279693841099406,135.30999755859375,0.003411134106475533,0.019385804304518528,0.019385804304518528,0.015131663028444332,0.00407482803687854,1,1,1.0,10,0.3393238818238722,-4.0,10.0,238.66993713378906,-1353.0999755859375,0.0,0.0,Opened,238.66993713378906,-1353.0999755859375,0.0,0.015131663028444332,1591.7699127197266,0.0,0.0,0,0.0
2023-12-22,60.31258773803711,0.010811641588998722,135.52000427246094,0.0015520413691254564,0.009259600219873265,0.009259600219873265,0.015175397284063495,0.0040722270552011365,1,1,0.0,10,0.32255746482507525,4.0,-10.0,-241.25035095214844,1355.2000427246094,-2.580413818359375,2.100067138671875,Live,0.0,0.0,0.0,0.015175397284063495,1596.4503936767578,-0.4803466796875,-0.00030088418756390024,0,0.0
2023-12-23,60.31258773803711,0.0,135.52000427246094,0.0,0.0,0.0,0.015175397284063495,0.0040722270552011365,1,1,0.0,10,,4.0,-10.0,-241.25035095214844,1355.2000427246094,-2.580413818359375,2.100067138671875,Live,0.0,0.0,0.0,0.015175397284063495,1596.4503936767578,-0.4803466796875,-0.00030088418756390024,0,0.0
2023-12-24,60.31258773803711,0.0,135.52000427246094,0.0,0.0,0.0,0.015198378424360915,0.004075623233079967,1,1,0.0,10,,4.0,-10.0,-241.25035095214844,1355.2000427246094,-2.580413818359375,2.100067138671875,Live,0.0,0.0,0.0,0.015198378424360915,1596.4503936767578,-0.4803466796875,-0.00030088418756390024,0,0.0
2023-12-25,60.31258773803711,0.0,135.52000427246094,0.0,0.0,0.0,0.015198378424360915,0.004075623233079967,1,1,0.0,10,,4.0,-10.0,-241.25035095214844,1355.2000427246094,-2.580413818359375,2.100067138671875,Live,0.0,0.0,0.0,0.015198378424360915,1596.4503936767578,-0.4803466796875,-0.00030088418756390024,0,0.0
2023-12-26,60.8088264465332,0.008227780088817749,135.75,0.0016971348899654792,0.00653064519885227,0.00653064519885227,0.0151881734284124,0.004067951844380204,1,1,0.0,10,0.4604758971353425,4.0,-10.0,-243.2353057861328,1357.5,-4.56536865234375,4.4000244140625,Live,0.0,0.0,0.0,0.0151881734284124,1600.7353057861328,-0.16534423828125,-0.00010329267911039685,0,0.0
2023-12-27,60.9378547668457,0.0021218682854526882,136.07000732421875,0.002357328355202526,-0.00023546006974983769,0.00023546006974983769,0.015182871691638226,0.004070271774869337,0,0,-1.0,10,2.4807151860025614,4.0,-10.0,-243.7514190673828,1360.7000732421875,-5.08148193359375,7.60009765625,Closed,-243.7514190673828,1360.7000732421875,2.51861572265625,0.015182871691638226,1604.4514923095703,2.51861572265625,0.0015697674468367765,0,2.51861572265625
2023-12-28,60.28281784057617,-0.010749261338059313,136.16000366210938,0.0006613973178981603,-0.011410658655957473,0.011410658655957473,0.015429288320624806,0.004062103381829751,0,0,0.0,10,0.13897600315709602,0.0,0.0,0.0,0.0,0.0,0.0,,0.0,0.0,0.0,0.015429288320624806,0.0,0.0,0.0,0,0.0
2023-12-29,59.37966537475586,-0.014981921850580893,136.3699951171875,0.0015422403747815672,-0.01652416222536246,0.01652416222536246,0.01581738300710134,0.0040508099995901665,0,1,1.0,10,0.2364098787210334,3.0,-10.0,-178.13899612426758,1363.699951171875,0.0,0.0,Opened,-178.13899612426758,1363.699951171875,0.0,0.01581738300710134,1541.8389472961426,0.0,0.0,0,0.0
2023-12-30,59.37966537475586,0.0,136.3699951171875,0.0,0.0,0.0,0.01566736551574296,0.0040570171046454525,1,0,-1.0,10,,-3.0,10.0,178.13899612426758,-1363.699951171875,0.0,0.0,Closed,178.13899612426758,-1363.699951171875,0.0,0.01566736551574296,1541.8389472961426,0.0,0.0,0,0.0
2023-12-31,59.37966537475586,0.0,136.3699951171875,0.0,0.0,0.0,0.014988167379620668,0.0040570171046454525,1,0,0.0,10,,0.0,0.0,0.0,0.0,0.0,0.0,,0.0,0.0,0.0,0.014988167379620668,0.0,0.0,0.0,0,0.0
2024-01-01,59.37966537475586,0.0,136.3699951171875,0.0,0.0,0.0,0.014988167379620668,0.0040570171046454525,1,0,0.0,10,,0.0,0.0,0.0,0.0,0.0,0.0,,0.0,0.0,0.0,0.014988167379620668,0.0,0.0,0.0,0,0.0
2024-01-02,58.873504638671875,-0.008524142614976249,136.3699951171875,0.0,-0.008524142614976249,0.008524142614976249,0.015112038665109658,0.0040570171046454525,0,0,0.0,10,0.0,0.0,0.0,0.0,0.0,0.0,0.0,,0.0,0.0,0.0,0.015112038665109658,0.0,0.0,0.0,0,0.0
2024-01-03,57.73215866088867,-0.019386411337121157,144.16000366210938,0.057124065585157924,-0.07651047692227908,0.07651047692227908,0.015471057032528846,0.010926015293551663,0,1,1.0,10,7.357811780757507,74.0,-10.0,-4272.179740905762,1441.6000366210938,0.0,0.0,Opened,-4272.179740905762,1441.6000366210938,0.0,0.015471057032528846,5713.7797775268555,0.0,0.0,0,0.0
2024-01-04,57.851261138916016,0.002063017922592003,142.9499969482422,-0.008393498079420691,0.010456516002012695,0.010456516002012695,0.014646858837939647,0.011135393153403752,1,0,-1.0,10,10.053361841289854,-74.0,10.0,4280.993324279785,-1429.4999694824219,8.813583374023438,12.100067138671875,Closed,4280.993324279785,-1429.4999694824219,20.913650512695312,0.014646858837939647,5710.493293762207,20.913650512695312,0.0036623194244077132,0,20.913650512695312
2024-01-05,57.73215866088867,-0.002058770641859442,141.4499969482422,-0.010493179657381169,0.008434409015521727,0.008434409015521727,0.014425755474216173,0.011102661342800647,1,0,0.0,10,12.487752653053912,0.0,0.0,0.0,0.0,0.0,0.0,,0.0,0.0,0.0,0.014425755474216173,0.0,0.0,0.0,0,0.0
2024-01-06,57.73215866088867,0.0,141.4499969482422,0.0,0.0,0.0,0.014432742456732216,0.01097677424435606,1,0,0.0,10,,0.0,0.0,0.0,0.0,0.0,0.0,,0.0,0.0,0.0,0.014432742456732216,0.0,0.0,0.0,0,0.0
2024-01-07,57.73215866088867,0.0,141.4499969482422,0.0,0.0,0.0,0.01444043241582084,0.010920810763119983,1,0,0.0,10,,0.0,0.0,0.0,0.0,0.0,0.0,,0.0,0.0,0.0,0.01444043241582084,0.0,0.0,0.0,0,0.0
2024-01-08,58.069602966308594,0.005844997194752954,140.8699951171875,-0.004100401863330605,0.00994539905808356,0.00994539905808356,0.01444312435671773,0.010965818794188589,1,0,0.0,10,1.7018126909527134,0.0,0.0,0.0,0.0,0.0,0.0,,0.0,0.0,0.0,0.01444312435671773,0.0,0.0,0.0,0,0.0
2024-01-09,57.22600173950195,-0.014527415096949992,140.52000427246094,-0.002484495328017977,-0.012042919768932014,0.012042919768932014,0.01478076707975302,0.010985845892022708,0,0,0.0,10,0.4199471024412836,0.0,0.0,0.0,0.0,0.0,0.0,,0.0,0.0,0.0,0.01478076707975302,0.0,0.0,0.0,0,0.0
2024-01-10,56.7198371887207,-0.008845009880042998,138.16000366210938,-0.016794766144296758,0.00794975626425376,0.00794975626425376,0.014921092805080749,0.011458882142970766,1,0,0.0,10,4.625119936171019,0.0,0.0,0.0,0.0,0.0,0.0,,0.0,0.0,0.0,0.014921092805080749,0.0,0.0,0.0,0,0.0
2024-01-11,56.521339416503906,-0.003499618159275464,138.85000610351562,0.0049942271505272195,-0.008493845309802683,0.008493845309802683,0.014368173624712271,0.011472635340164511,0,0,0.0,10,3.5057511736148217,0.0,0.0,0.0,0.0,0.0,0.0,,0.0,0.0,0.0,0.014368173624712271,0.0,0.0,0.0,0,0.0
2024-01-12,57.096981048583984,0.01018450089864631,137.22000122070312,-0.011739321650423906,0.021923822549070215,0.021923822549070215,0.01293114529763963,0.011661107024806194,1,1,1.0,10,2.7701770329391375,-28.0,10.0,1598.7154693603516,-1372.2000122070312,0.0,0.0,Opened,1598.7154693603516,-1372.2000122070312,0.0,0.01293114529763963,2970.915481567383,0.0,0.0,0,0.0
2024-01-13,57.096981048583984,0.0,137.22000122070312,0.0,0.0,0.0,0.010999083261526437,0.01166057975624727,1,1,0.0,10,,28.0,-10.0,-1598.7154693603516,1372.2000122070312,0.0,0.0,Live,0.0,0.0,0.0,0.01166057975624727,2970.915481567383,0.0,0.0,0,0.0
2024-01-14,57.096981048583984,0.0,137.22000122070312,0.0,0.0,0.0,0.010973566557673044,0.011657247145626612,1,1,0.0,10,,28.0,-10.0,-1598.7154693603516,1372.2000122070312,0.0,0.0,Live,0.0,0.0,0.0,0.011657247145626612,2970.915481567383,0.0,0.0,0,0.0
2024-01-15,57.096981048583984,0.0,137.22000122070312,0.0,0.0,0.0,0.010973566557673044,0.011657247145626612,1,1,0.0,10,,28.0,-10.0,-1598.7154693603516,1372.2000122070312,0.0,0.0,Live,0.0,0.0,0.0,0.011657247145626612,2970.915481567383,0.0,0.0,0,0.0
2024-01-16,55.6082649230957,-0.02607346479880479,136.75,-0.0034251655481855048,-0.022648299250619286,0.022648299250619286,0.011981498330685285,0.011679954727679758,0,0,-1.0,10,0.3230507925615496,28.0,-10.0,-1557.0314178466797,1367.5,41.684051513671875,-4.70001220703125,Closed,-1557.0314178466797,1367.5,36.984039306640625,0.011981498330685285,2924.5314178466797,36.984039306640625,0.012646141901895456,0,36.984039306640625
2024-01-17,55.18150329589844,-0.0076744280330893755,135.7899932861328,-0.007020158785134845,-0.0006542692479545309,0.0006542692479545309,0.011632384628743832,0.011739018243899469,0,0,0.0,10,2.2509982461556026,0.0,0.0,0.0,0.0,0.0,0.0,,0.0,0.0,0.0,0.011739018243899469,0.0,0.0,0.0,0,0.0
2024-01-18,55.79684066772461,0.011151152742732817,136.0800018310547,0.0021357136700845825,0.009015439072648235,0.009015439072648235,0.010204297998187305,0.01174350040283844,1,0,0.0,10,0.4670979489949959,0.0,0.0,0.0,0.0,0.0,0.0,,0.0,0.0,0.0,0.01174350040283844,0.0,0.0,0.0,0,0.0
2024-01-19,55.985408782958984,0.003379548250004305,135.8800048828125,-0.0014697012459662373,0.004849249495970542,0.004849249495970542,0.009768089411159583,0.011746622722252145,1,0,0.0,10,1.0554826804062325,0.0,0.0,0.0,0.0,0.0,0.0,,0.0,0.0,0.0,0.011746622722252145,0.0,0.0,0.0,0,0.0
2024-01-20,55.985408782958984,0.0,135.8800048828125,0.0,0.0,0.0,0.008649561753742565,0.011732154929076236,1,0,0.0,10,,0.0,0.0,0.0,0.0,0.0,0.0,,0.0,0.0,0.0,0.011732154929076236,0.0,0.0,0.0,0,0.0
2024-01-21,55.985408782958984,0.0,135.8800048828125,0.0,0.0,0.0,0.008312371851476808,0.01172943078932322,1,0,0.0,10,,0.0,0.0,0.0,0.0,0.0,0.0,,0.0,0.0,0.0,0.01172943078932322,0.0,0.0,0.0,0,0.0
2024-01-22,56.40224838256836,0.007445504260321645,135.4199981689453,-0.0033853892945022723,0.010830893554823917,0.010830893554823917,0.008496987791831981,0.011747225547691349,1,0,0.0,10,1.091693908164679,0.0,0.0,0.0,0.0,0.0,0.0,,0.0,0.0,0.0,0.011747225547691349,0.0,0.0,0.0,0,0.0
2024-01-23,56.99773406982422,0.010557835978749708,135.47999572753906,0.00044304799442462794,0.01011478798432508,0.01011478798432508,0.008804197864295836,0.011747451756721953,1,0,0.0,10,0.09974553124755191,0.0,0.0,0.0,0.0,0.0,0.0,,0.0,0.0,0.0,0.011747451756721953,0.0,0.0,0.0,0,0.0
2024-01-24,56.7198371887207,-0.004875577698634115,135.49000549316406,7.388371671579463e-05,-0.0049494614153499095,0.0049494614153499095,0.008813964184513728,0.011747447579993383,0,0,0.0,10,0.03619886364951824,0.0,0.0,0.0,0.0,0.0,0.0,,0.0,0.0,0.0,0.011747447579993383,0.0,0.0,0.0,0,0.0
2024-01-25,56.26329803466797,-0.008049020883711622,135.5399932861328,0.00036894081439298176,-0.008417961698104603,0.008417961698104603,0.00866185946949492,0.01174355703571629,0,0,0.0,10,0.11042207951140671,0.0,0.0,0.0,0.0,0.0,0.0,,0.0,0.0,0.0,0.01174355703571629,0.0,0.0,0.0,0,0.0
2024-01-26,56.63051986694336,0.006526845121114677,135.5500030517578,7.385101166312857e-05,0.006452994109451549,0.006452994109451549,0.00878030996846319,0.01173523660616737,1,0,0.0,10,0.027083333959729415,0.0,0.0,0.0,0.0,0.0,0.0,,0.0,0.0,0.0,0.01173523660616737,0.0,0.0,0.0,0,0.0
2024-01-27,56.63051986694336,0.0,135.5500030517578,0.0,0.0,0.0,0.00864627765842964,0.011734450107945243,1,0,0.0,10,,0.0,0.0,0.0,0.0,0.0,0.0,,0.0,0.0,0.0,0.011734450107945243,0.0,0.0,0.0,0,0.0
2024-01-28,56.63051986694336,0.0,135.5500030517578,0.0,0.0,0.0,0.008298969475186026,0.011730452970587904,1,0,0.0,10,,0.0,0.0,0.0,0.0,0.0,0.0,,0.0,0.0,0.0,0.011730452970587904,0.0,0.0,0.0,0,0.0
2024-01-29,57.36494445800781,0.012968706499428606,135.5500030517578,0.0,0.012968706499428606,0.012968706499428606,0.008709838636782383,0.011730452970587904,1,0,0.0,10,0.0,0.0,0.0,0.0,0.0,0.0,0.0,,0.0,0.0,0.0,0.011730452970587904,0.0,0.0,0.0,0,0.0
2024-01-30,57.67261505126953,0.0053633904149761324,135.61000061035156,0.000442623070770809,0.0049207673442053235,0.0049207673442053235,0.008788166039299968,0.011730908808121025,1,0,0.0,10,0.19405136819131427,0.0,0.0,0.0,0.0,0.0,0.0,,0.0,0.0,0.0,0.011730908808121025,0.0,0.0,0.0,0,0.0
2024-01-31,56.749610900878906,-0.016004201466677026,135.1300048828125,-0.0035395304577737763,-0.01246467100890325,0.01246467100890325,0.009205350559786125,0.011747430927331479,0,1,1.0,10,0.5266238797469864,6.0,-10.0,-340.49766540527344,1351.300048828125,0.0,0.0,Opened,-340.49766540527344,1351.300048828125,0.0,0.011747430927331479,1691.7977142333984,0.0,0.0,0,0.0
2024-02-01,57.355018615722656,0.010668050498199522,132.6699981689453,-0.018204740804979247,0.02887279130317877,0.02887279130317877,0.009363581202566681,0.012196243252746035,1,0,-1.0,10,3.947305458990676,-6.0,10.0,344.13011169433594,-1326.6999816894531,3.6324462890625,24.600067138671875,Closed,344.13011169433594,-1326.6999816894531,28.232513427734375,0.012196243252746035,1670.830093383789,28.232513427734375,0.016897297660324925,0,28.232513427734375
2024-02-02,56.89848327636719,-0.007959815032303363,128.6300048828125,-0.030451446008073257,0.022491630975769894,0.022491630975769894,0.008797960447813655,0.007367040634802988,1,1,1.0,10,8.64861452647021,-87.0,10.0,4950.168045043945,-1286.300048828125,0.0,0.0,Opened,4950.168045043945,-1286.300048828125,0.0,0.008797960447813655,6236.46809387207,0.0,0.0,0,0.0
2024-02-03,56.89848327636719,0.0,128.6300048828125,0.0,0.0,0.0,0.00878571796638244,0.007344573717437973,1,1,0.0,10,,87.0,-10.0,-4950.168045043945,1286.300048828125,0.0,0.0,Live,0.0,0.0,0.0,0.00878571796638244,6236.46809387207,0.0,0.0,0,0.0
2024-02-04,56.89848327636719,0.0,128.6300048828125,0.0,0.0,0.0,0.008781290367347597,0.0072485878290310364,1,1,0.0,10,,87.0,-10.0,-4950.168045043945,1286.300048828125,0.0,0.0,Live,0.0,0.0,0.0,0.008781290367347597,6236.46809387207,0.0,0.0,0,0.0
2024-02-05,55.29067611694336,-0.02825746956407238,128.94000244140625,0.0024099941446489304,-0.03066746370872131,0.03066746370872131,0.010141774148768616,0.007297730273593893,0,0,-1.0,10,0.1988925392039746,87.0,-10.0,-4810.288822174072,1289.4000244140625,139.87922286987305,3.0999755859375,Closed,-4810.288822174072,1289.4000244140625,142.97919845581055,0.010141774148768616,6099.688846588135,142.97919845581055,0.023440408527688434,0,142.97919845581055
2024-02-06,55.37007141113281,0.0014359617166106453,127.38999938964844,-0.012021118523416918,0.013457080240027564,0.013457080240027564,0.010151940164372538,0.00745254456274749,1,1,1.0,10,19.26026549823618,-193.0,10.0,10686.423782348633,-1273.8999938964844,0.0,0.0,Opened,10686.423782348633,-1273.8999938964844,0.0,0.010151940164372538,11960.323776245117,0.0,0.0,0,0.0
2024-02-07,55.65789794921875,0.005198233102297722,127.02999877929688,-0.002825972306118252,0.008024205408415974,0.008024205408415974,0.010136828456552179,0.007452379673192499,1,1,0.0,10,1.2407710298764116,193.0,-10.0,-10741.974304199219,1270.2999877929688,-55.55052185058594,-3.600006103515625,Live,0.0,0.0,0.0,0.010136828456552179,12012.274291992188,-59.15052795410156,-0.004924173933784831,0,0.0
2024-02-08,55.8067626953125,0.0026746383097251414,129.07000732421875,0.01605926603578256,-0.013384627726057419,0.013384627726057419,0.009848921173990947,0.008257665351886921,0,0,-1.0,10,13.886702651659604,193.0,-10.0,-10770.705200195312,1290.7000732421875,-84.28141784667969,16.800079345703125,Closed,-10770.705200195312,1290.7000732421875,-67.48133850097656,0.009848921173990947,12061.4052734375,-67.48133850097656,-0.005594815609884932,0,-67.48133850097656
2024-02-09,55.767059326171875,-0.0007114436893139731,128.75,-0.0024793314175221015,0.0017678877282081285,0.0017678877282081285,0.009730764362327369,0.007823002777139482,1,0,0.0,10,8.045694643427558,0.0,0.0,0.0,0.0,0.0,0.0,,0.0,0.0,0.0,0.009730764362327369,0.0,0.0,0.0,0,0.0
2024-02-10,55.767059326171875,0.0,128.75,0.0,0.0,0.0,0.0097147559286466,0.007714402295885312,1,0,0.0,10,,0.0,0.0,0.0,0.0,0.0,0.0,,0.0,0.0,0.0,0.0097147559286466,0.0,0.0,0.0,0,0.0
2024-02-11,55.767059326171875,0.0,128.75,0.0,0.0,0.0,0.009507808421481129,0.00752419242856668,1,0,0.0,10,,0.0,0.0,0.0,0.0,0.0,0.0,,0.0,0.0,0.0,0.009507808421481129,0.0,0.0,0.0,0,0.0
2024-02-12,56.38239669799805,0.011034065257541581,128.8699951171875,0.0009320009101940752,0.010102064347347506,0.010102064347347506,0.009747860988656178,0.007535052054707972,1,1,1.0,10,0.19305856223351656,-2.0,10.0,112.7647933959961,-1288.699951171875,0.0,0.0,Opened,112.7647933959961,-1288.699951171875,0.0,0.009747860988656178,1401.464744567871,0.0,0.0,0,0.0
2024-02-13,54.19895935058594,-0.038725514970697206,129.02000427246094,0.0011640347711430188,-0.039889549741840225,0.039889549741840225,0.012000518359238568,0.00754902452691369,0,0,-1.0,10,0.07155415472357841,2.0,-10.0,-108.39791870117188,1290.2000427246094,4.366874694824219,1.500091552734375,Closed,-108.39791870117188,1290.2000427246094,5.866966247558594,0.012000518359238568,1398.5979614257812,5.866966247558594,0.0041948911762874274,0,5.866966247558594
2024-02-14,55.22119903564453,0.018860872926475203,129.10000610351562,0.0006200730770844487,0.018240799849390754,0.018240799849390754,0.012571194981061436,0.007555603229918046,1,1,1.0,10,0.07686020111336357,-1.0,10.0,55.22119903564453,-1291.0000610351562,0.0,0.0,Opened,55.22119903564453,-1291.0000610351562,0.0,0.012571194981061436,1346.2212600708008,0.0,0.0,0,0.0
2024-02-15,56.67021179199219,0.026240153811443623,129.1699981689453,0.0005421538506633627,0.02569799996078026,0.02569799996078026,0.012606587065092125,0.007564572776731081,1,1,0.0,10,0.047093718987745156,1.0,-10.0,-56.67021179199219,1291.6999816894531,-1.4490127563476562,0.699920654296875,Live,0.0,0.0,0.0,0.012606587065092125,1348.3701934814453,-0.7490921020507812,-0.0005555537386336398,0,0.0
2024-02-16,56.23352813720703,-0.007705700066694687,129.2899932861328,0.0009289704953820976,-0.008634670562076785,0.008634670562076785,0.012607305377489686,0.007517062762148517,0,0,-1.0,10,0.2771784109256978,1.0,-10.0,-56.23352813720703,1292.8999328613281,-1.0123291015625,1.899871826171875,Closed,-56.23352813720703,1292.8999328613281,0.887542724609375,0.012607305377489686,1349.1334609985352,0.887542724609375,0.0006578613237807306,0,0.887542724609375
2024-02-17,56.23352813720703,0.0,129.2899932861328,0.0,0.0,0.0,0.012452197590943239,0.007490470119752421,1,0,0.0,10,,0.0,0.0,0.0,0.0,0.0,0.0,,0.0,0.0,0.0,0.012452197590943239,0.0,0.0,0.0,0,0.0
2024-02-18,56.23352813720703,0.0,129.2899932861328,0.0,0.0,0.0,0.01243898925039536,0.007496678145738075,1,0,0.0,10,,0.0,0.0,0.0,0.0,0.0,0.0,,0.0,0.0,0.0,0.01243898925039536,0.0,0.0,0.0,0,0.0
2024-02-19,56.23352813720703,0.0,129.2899932861328,0.0,0.0,0.0,0.01243898925039536,0.007496678145738075,1,0,0.0,10,,0.0,0.0,0.0,0.0,0.0,0.0,,0.0,0.0,0.0,0.01243898925039536,0.0,0.0,0.0,0,0.0
2024-02-20,55.102108001708984,-0.020120027552556152,127.91999816894531,-0.010596296607081945,-0.009523730945474207,0.009523730945474207,0.01298196936306071,0.007665049246720083,0,0,0.0,10,1.222632021740444,0.0,0.0,0.0,0.0,0.0,0.0,,0.0,0.0,0.0,0.01298196936306071,0.0,0.0,0.0,0,0.0
2024-02-21,55.56856918334961,0.008465396307999029,127.30000305175781,-0.004846741135570265,0.013312137443569294,0.013312137443569294,0.013004668268265664,0.007678909622522133,1,1,1.0,10,1.3116009720910227,-14.0,10.0,777.9599685668945,-1273.0000305175781,0.0,0.0,Opened,777.9599685668945,-1273.0000305175781,0.0,0.013004668268265664,2050.9599990844727,0.0,0.0,0,0.0
2024-02-22,55.63804626464844,0.0012502945877477245,127.81999969482422,0.004084812494898227,-0.0028345179071505022,0.0028345179071505022,0.0128439236379808,0.007747832531593357,0,0,-1.0,10,7.50562246652589,14.0,-10.0,-778.9326477050781,1278.1999969482422,-0.9726791381835938,5.1999664306640625,Closed,-778.9326477050781,1278.1999969482422,4.227287292480469,0.0128439236379808,2057.1326446533203,4.227287292480469,0.002054941524294791,0,4.227287292480469
2024-02-23,55.69758987426758,0.0010701959111920623,126.8499984741211,-0.007588806313714946,0.008659002224907009,0.008659002224907009,0.012823511339804501,0.007806302220252938,1,0,0.0,10,16.149692021550837,0.0,0.0,0.0,0.0,0.0,0.0,,0.0,0.0,0.0,0.012823511339804501,0.0,0.0,0.0,0,0.0
2024-02-24,55.69758987426758,0.0,126.8499984741211,0.0,0.0,0.0,0.0127446407755845,0.00780246350843174,1,0,0.0,10,,0.0,0.0,0.0,0.0,0.0,0.0,,0.0,0.0,0.0,0.0127446407755845,0.0,0.0,0.0,0,0.0
2024-02-25,55.69758987426758,0.0,126.8499984741211,0.0,0.0,0.0,0.012680378724669497,0.0078017406370381156,1,0,0.0,10,,0.0,0.0,0.0,0.0,0.0,0.0,,0.0,0.0,0.0,0.012680378724669497,0.0,0.0,0.0,0,0.0
2024-02-26,55.995330810546875,0.005345670018243487,126.11000061035156,-0.005833645034851953,0.01117931505309544,0.01117931505309544,0.012724767689382277,0.007818240254486209,1,0,0.0,10,2.4577378961456593,0.0,0.0,0.0,0.0,0.0,0.0,,0.0,0.0,0.0,0.012724767689382277,0.0,0.0,0.0,0,0.0
2024-02-27,56.600738525390625,0.01081175351730801,125.83999633789062,-0.00214102189480736,0.01295277541211537,0.01295277541211537,0.012885557737636444,0.007805589221788692,1,1,1.0,10,0.44027251186147487,-5.0,10.0,283.0036926269531,-1258.3999633789062,0.0,0.0,Opened,283.0036926269531,-1258.3999633789062,0.0,0.012885557737636444,1541.4036560058594,0.0,0.0,0,0.0
2024-02-28,55.141807556152344,-0.025775829207313583,125.36000061035156,-0.0038143336102000047,-0.02196149559711358,0.02196149559711358,0.013475615700621646,0.007795451570114109,0,0,-1.0,10,0.3364217120923154,5.0,-10.0,-275.7090377807617,1253.6000061035156,7.294654846191406,-4.799957275390625,Closed,-275.7090377807617,1253.6000061035156,2.4946975708007812,0.013475615700621646,1529.3090438842773,2.4946975708007812,0.0016312579728584636,0,2.4946975708007812
2024-02-29,56.0648078918457,0.01673866665965651,124.86000061035156,-0.003988513062903709,0.02072717972256022,0.02072717972256022,0.013823040229861125,0.007778323610379022,1,1,1.0,10,0.5306683085326059,-6.0,10.0,336.3888473510742,-1248.6000061035156,0.0,0.0,Opened,336.3888473510742,-1248.6000061035156,0.0,0.013823040229861125,1584.9888534545898,0.0,0.0,0,0.0
2024-03-01,56.93817901611328,0.01557788489978229,113.88999938964844,-0.08785841075667633,0.10343629565645862,0.10343629565645862,0.013831651964388498,0.017385597091864234,1,1,0.0,10,11.281240805757148,6.0,-10.0,-341.6290740966797,1138.8999938964844,-5.240226745605469,-109.70001220703125,Live,0.0,0.0,0.0,0.017385597091864234,1480.529067993164,-114.94023895263672,-0.07763457093648055,1,-114.94023895263672
2024-03-02,56.93817901611328,0.0,113.88999938964844,0.0,0.0,0.0,0.013689754732100295,0.017245095624757942,1,1,0.0,10,,6.0,-10.0,-341.6290740966797,1138.8999938964844,-5.240226745605469,-109.70001220703125,Live,0.0,0.0,0.0,0.017245095624757942,1480.529067993164,-114.94023895263672,-0.07763457093648055,1,0.0
2024-03-03,56.93817901611328,0.0,113.88999938964844,0.0,0.0,0.0,0.013610109185333015,0.016573826635684102,1,1,0.0,10,,6.0,-10.0,-341.6290740966797,1138.8999938964844,-5.240226745605469,-109.70001220703125,Live,0.0,0.0,0.0,0.016573826635684102,1480.529067993164,-114.94023895263672,-0.07763457093648055,1,0.0
2024-03-04,57.07712936401367,0.0024403721773587073,116.94000244140625,0.02678025347355506,-0.024339881296196353,0.024339881296196353,0.01361669813033494,0.01748760499616752,0,0,-1.0,10,22.483276127220055,6.0,-10.0,-342.46277618408203,1169.4000244140625,-6.0739288330078125,-79.19998168945312,Closed,-342.46277618408203,1169.4000244140625,-85.27391052246094,0.01748760499616752,1511.8628005981445,-85.27391052246094,-0.05640320701635338,1,0.0
2024-03-05,56.283145904541016,-0.01391071114331921,116.20999908447266,-0.006242546106490554,-0.007668165036828656,0.007668165036828656,0.013858273611187346,0.01748762316761518,0,0,0.0,10,0.926568560161677,0.0,0.0,0.0,0.0,0.0,0.0,,0.0,0.0,0.0,0.01748762316761518,0.0,0.0,0.0,0,0.0
2024-03-06,57.067203521728516,0.013930593334589014,116.95999908447266,0.006453833627989569,0.007476759706599445,0.007476759706599445,0.013036323199496288,0.017548026849700308,1,0,0.0,10,0.9495086297393679,0.0,0.0,0.0,0.0,0.0,0.0,,0.0,0.0,0.0,0.017548026849700308,0.0,0.0,0.0,0,0.0
2024-03-07,58.54599380493164,0.025913137352876703,117.95999908447266,0.008549931667473532,0.01736320568540317,0.01736320568540317,0.01379929677374622,0.01758883106005022,1,0,0.0,10,0.6647834895047129,0.0,0.0,0.0,0.0,0.0,0.0,,0.0,0.0,0.0,0.01758883106005022,0.0,0.0,0.0,0,0.0
2024-03-08,58.129146575927734,-0.00711999578302136,117.05000305175781,-0.0077144459119840025,0.0005944501289626425,0.0005944501289626425,0.013882434123464845,0.0176155055038727,1,0,0.0,10,2.181737440038252,0.0,0.0,0.0,0.0,0.0,0.0,,0.0,0.0,0.0,0.0176155055038727,0.0,0.0,0.0,0,0.0
2024-03-09,58.129146575927734,0.0,117.05000305175781,0.0,0.0,0.0,0.013883503160724703,0.0172706176276426,1,0,0.0,10,,0.0,0.0,0.0,0.0,0.0,0.0,,0.0,0.0,0.0,0.0172706176276426,0.0,0.0,0.0,0,0.0
2024-03-10,58.129146575927734,0.0,117.05000305175781,0.0,0.0,0.0,0.01388028460461126,0.017279627799782666,1,0,0.0,10,,0.0,0.0,0.0,0.0,0.0,0.0,,0.0,0.0,0.0,0.017279627799782666,0.0,0.0,0.0,0,0.0
2024-03-11,57.62299346923828,-0.00870738926174186,113.0,-0.034600623205169545,0.025893233943427685,0.025893233943427685,0.014002741400693564,0.018201327509626185,1,1,1.0,10,7.792531901307876,-78.0,10.0,4494.593490600586,-1130.0,0.0,0.0,Opened,4494.593490600586,-1130.0,0.0,0.018201327509626185,5624.593490600586,0.0,0.0,0,0.0
2024-03-12,56.62058639526367,-0.017395956260233825,113.1500015258789,0.0013274471316717662,-0.01872340339190559,0.01872340339190559,0.014407924938298752,0.018213429861759757,0,0,-1.0,10,0.15249272587354512,78.0,-10.0,-4416.405738830566,1131.500015258789,78.18775177001953,1.5000152587890625,Closed,-4416.405738830566,1131.500015258789,79.6877670288086,0.018213429861759757,5547.9057540893555,79.6877670288086,0.0143635761963099,0,79.6877670288086
2024-03-13,56.650367736816406,0.0005259808039577152,111.7699966430664,-0.012196242723840123,0.012722223527797838,0.012722223527797838,0.01427279604312155,0.018245347124801307,1,0,0.0,10,45.74869065115355,0.0,0.0,0.0,0.0,0.0,0.0,,0.0,0.0,0.0,0.018245347124801307,0.0,0.0,0.0,0,0.0
2024-03-14,55.56856918334961,-0.01909605527174274,110.94000244140625,-0.007425912378889232,-0.011670142892853508,0.011670142892853508,0.01279780304049877,0.018219712654374283,0,0,0.0,10,0.7763635087921854,0.0,0.0,0.0,0.0,0.0,0.0,,0.0,0.0,0.0,0.018219712654374283,0.0,0.0,0.0,0,0.0
2024-03-15,56.09457778930664,0.009465937555841242,109.61000061035156,-0.011988478472921726,0.021454416028762968,0.021454416028762968,0.012453751415307421,0.018234550805841212,1,1,1.0,10,2.4747408613790074,-25.0,10.0,1402.364444732666,-1096.1000061035156,0.0,0.0,Opened,1402.364444732666,-1096.1000061035156,0.0,0.018234550805841212,2498.4644508361816,0.0,0.0,0,0.0
2024-03-16,56.09457778930664,0.0,109.61000061035156,0.0,0.0,0.0,0.011473621145370568,0.0182288573228264,1,1,0.0,10,,25.0,-10.0,-1402.364444732666,1096.1000061035156,0.0,0.0,Live,0.0,0.0,0.0,0.0182288573228264,2498.4644508361816,0.0,0.0,0,0.0
2024-03-17,56.09457778930664,0.0,109.61000061035156,0.0,0.0,0.0,0.011387500805150335,0.0182187143386602,1,1,0.0,10,,25.0,-10.0,-1402.364444732666,1096.1000061035156,0.0,0.0,Live,0.0,0.0,0.0,0.0182187143386602,2498.4644508361816,0.0,0.0,0,0.0
2024-03-18,55.878822326660156,-0.0038462801780391187,110.47000122070312,0.00784600497730814,-0.01169228515534726,0.01169228515534726,0.011408903808623869,0.018353553721891284,0,0,-1.0,10,4.032782285836776,25.0,-10.0,-1396.970558166504,1104.7000122070312,5.393886566162109,8.600006103515625,Closed,-1396.970558166504,1104.7000122070312,13.993892669677734,0.018353553721891284,2501.670570373535,13.993892669677734,0.005593819120472064,0,13.993892669677734
2024-03-19,56.08761978149414,0.0037366115844994496,110.70999908447266,0.0021725161683492367,0.001564095416150213,0.001564095416150213,0.011430949345497042,0.01837847555445775,1,0,0.0,10,1.1476379433237065,0.0,0.0,0.0,0.0,0.0,0.0,,0.0,0.0,0.0,0.01837847555445775,0.0,0.0,0.0,0,0.0
2024-03-20,57.43984603881836,0.024109175297369,110.29000091552734,-0.003793678731989214,0.027902854029358215,0.027902854029358215,0.012250733171469642,0.01835601360050532,1,1,1.0,10,0.3021350211874428,-4.0,10.0,229.75938415527344,-1102.9000091552734,0.0,0.0,Opened,229.75938415527344,-1102.9000091552734,0.0,0.01835601360050532,1332.6593933105469,0.0,0.0,0,0.0
2024-03-21,58.13584899902344,0.012117075657457566,110.94000244140625,0.005893567145554224,0.006223508511903342,0.006223508511903342,0.01175818171909378,0.018432912204733063,1,1,0.0,10,0.9281636760737376,4.0,-10.0,-232.54339599609375,1109.4000244140625,-2.7840118408203125,6.5000152587890625,Live,0.0,0.0,0.0,0.018432912204733063,1341.9434204101562,3.71600341796875,0.0027691207851617008,0,0.0
2024-03-22,57.6088752746582,-0.009064522724594348,110.63999938964844,-0.0027041918618693206,-0.006360330862725028,0.006360330862725028,0.011853533729441562,0.01843593002754568,0,0,-1.0,10,0.5729481582622704,4.0,-10.0,-230.4355010986328,1106.3999938964844,-0.676116943359375,3.4999847412109375,Closed,-230.4355010986328,1106.3999938964844,2.8238677978515625,0.01843593002754568,1336.8354949951172,2.8238677978515625,0.0021123524984365235,0,2.8238677978515625
2024-03-23,57.6088752746582,0.0,110.63999938964844,0.0,0.0,0.0,0.01185580518745011,0.018385410259975123,1,0,0.0,10,,0.0,0.0,0.0,0.0,0.0,0.0,,0.0,0.0,0.0,0.018385410259975123,0.0,0.0,0.0,0,0.0
2024-03-24,57.6088752746582,0.0,110.63999938964844,0.0,0.0,0.0,0.011857908992672113,0.018395484974412322,1,0,0.0,10,,0.0,0.0,0.0,0.0,0.0,0.0,,0.0,0.0,0.0,0.018395484974412322,0.0,0.0,0.0,0,0.0
2024-03-25,57.80773162841797,0.0034518353779984245,110.66999816894531,0.0002711386430076512,0.0031806967349907733,0.0031806967349907733,0.011862677886557853,0.018397775539822494,1,0,0.0,10,0.15037835071885067,0.0,0.0,0.0,0.0,0.0,0.0,,0.0,0.0,0.0,0.018397775539822494,0.0,0.0,0.0,0,0.0
2024-03-26,57.37024688720703,-0.007567927833997068,110.27999877929688,-0.0035239847845038863,-0.004043943049493182,0.004043943049493182,0.011971426900494731,0.018380173781256927,0,0,0.0,10,0.8950907648774828,0.0,0.0,0.0,0.0,0.0,0.0,,0.0,0.0,0.0,0.018380173781256927,0.0,0.0,0.0,0,0.0
2024-03-27,59.2196159362793,0.03223568224672668,109.83999633789062,-0.003989866215784343,0.036225548462511026,0.036225548462511026,0.013242832338773167,0.018378589080538695,1,1,1.0,10,0.2295706641640664,-3.0,10.0,177.6588478088379,-1098.3999633789062,0.0,0.0,Opened,177.6588478088379,-1098.3999633789062,0.0,0.018378589080538695,1276.0588111877441,0.0,0.0,0,0.0
2024-03-28,59.93550109863281,0.012088649192250944,109.52999877929688,-0.0028222648300181286,0.014910914022269073,0.014910914022269073,0.013274303492830231,0.01837609310038385,1,1,0.0,10,0.42664723090010326,3.0,-10.0,-179.80650329589844,1095.2999877929688,-2.147655487060547,-3.0999755859375,Live,0.0,0.0,0.0,0.01837609310038385,1275.1064910888672,-5.247631072998047,-0.004115445344895761,0,0.0
2024-03-29,59.93550109863281,0.0,109.52999877929688,0.0,0.0,0.0,0.01220602840821373,0.01839379882902098,1,1,0.0,10,,3.0,-10.0,-179.80650329589844,1095.2999877929688,-2.147655487060547,-3.0999755859375,Live,0.0,0.0,0.0,0.01839379882902098,1275.1064910888672,-5.247631072998047,-0.004115445344895761,0,0.0
2024-03-30,59.93550109863281,0.0,109.52999877929688,0.0,0.0,0.0,0.011928886636612769,0.01841067284156919,1,1,0.0,10,,3.0,-10.0,-179.80650329589844,1095.2999877929688,-2.147655487060547,-3.0999755859375,Live,0.0,0.0,0.0,0.01841067284156919,1275.1064910888672,-5.247631072998047,-0.004115445344895761,0,0.0
2024-03-31,59.93550109863281,0.0,109.52999877929688,0.0,0.0,0.0,0.011666973934795526,0.00944803941302745,1,1,0.0,10,,3.0,-10.0,-179.80650329589844,1095.2999877929688,-2.147655487060547,-3.0999755859375,Live,0.0,0.0,0.0,0.011666973934795526,1275.1064910888672,-5.247631072998047,-0.004115445344895761,0,0.0
2024-04-01,60.482364654541016,0.009124200947419503,102.33000183105469,-0.06573538782512167,0.07485958877254117,0.07485958877254117,0.011737768461396863,0.01508659280448188,1,1,0.0,10,12.189295560230166,3.0,-10.0,-181.44709396362305,1023.3000183105469,-3.7882461547851562,-75.09994506835938,Live,0.0,0.0,0.0,0.01508659280448188,1204.74711227417,-78.88819122314453,-0.06548112082562235,1,-78.88819122314453
2024-04-02,60.49230194091797,0.00016430055990235282,102.91000366210938,0.005667954858559199,-0.005503654298656846,0.005503654298656846,0.011736802296907645,0.015166541407989653,0,0,-1.0,10,58.687393531808304,3.0,-10.0,-181.4769058227539,1029.1000366210938,-3.8180580139160156,-69.2999267578125,Closed,-181.4769058227539,1029.1000366210938,-73.11798477172852,0.015166541407989653,1210.5769424438477,-73.11798477172852,-0.06039928748694144,1,0.0
2024-04-03,61.814701080322266,0.021860618574176094,100.41000366210938,-0.024293070751492785,0.04615368932566888,0.04615368932566888,0.012279984688903105,0.014531540406693692,1,1,1.0,10,1.8051162580891709,-19.0,10.0,1174.479320526123,-1004.1000366210938,0.0,0.0,Opened,1174.479320526123,-1004.1000366210938,0.0,0.014531540406693692,2178.579357147217,0.0,0.0,0,0.0
2024-04-04,60.800533294677734,-0.016406579145739397,99.88999938964844,-0.005178809416348629,-0.011227769729390769,0.011227769729390769,0.012404461894648501,0.014529604726260003,0,0,-1.0,10,0.5185928359671876,19.0,-10.0,-1155.210132598877,998.8999938964844,19.269187927246094,-5.200042724609375,Closed,-1155.210132598877,998.8999938964844,14.069145202636719,0.014529604726260003,2154.1101264953613,14.069145202636719,0.006531302661636235,0,14.069145202636719
2024-04-05,61.66555404663086,0.014227190208360385,99.97000122070312,0.0008008993046704216,0.013426290903689964,0.013426290903689964,0.012413876842115958,0.014413120035197296,1,0,0.0,10,0.09126112925461931,0.0,0.0,0.0,0.0,0.0,0.0,,0.0,0.0,0.0,0.014413120035197296,0.0,0.0,0.0,0,0.0
2024-04-06,61.66555404663086,0.0,99.97000122070312,0.0,0.0,0.0,0.0116160369122546,0.0142168017746915,1,0,0.0,10,,0.0,0.0,0.0,0.0,0.0,0.0,,0.0,0.0,0.0,0.0142168017746915,0.0,0.0,0.0,0,0.0
2024-04-07,61.66555404663086,0.0,99.97000122070312,0.0,0.0,0.0,0.011499725952151806,0.01424323099642347,1,0,0.0,10,,0.0,0.0,0.0,0.0,0.0,0.0,,0.0,0.0,0.0,0.01424323099642347,0.0,0.0,0.0,0,0.0
2024-04-08,61.82464599609375,0.002579915998850657,102.68000030517578,0.027108122950701974,-0.024528206951851317,0.024528206951851317,0.011493635085473072,0.01539410765640535,0,1,1.0,10,17.45091101621556,175.0,-10.0,-10819.313049316406,1026.8000030517578,0.0,0.0,Opened,-10819.313049316406,1026.8000030517578,0.0,0.01539410765640535,11846.113052368164,0.0,0.0,0,0.0
2024-04-09,62.50075912475586,0.010935980591054717,104.33000183105469,0.01606935645670937,-0.005133375865654655,0.005133375865654655,0.011597033765124597,0.0158203548569933,0,1,0.0,10,2.452814339797723,-175.0,10.0,10937.632846832275,-1043.3000183105469,118.31979751586914,-16.500015258789062,Live,0.0,0.0,0.0,0.0158203548569933,11980.932865142822,101.81978225708008,0.008498485335254094,0,0.0
2024-04-10,61.85447692871094,-0.010340389542387807,104.0199966430664,-0.0029713906119764877,-0.007368998930411319,0.007368998930411319,0.01165506470362572,0.014704869001925273,0,1,0.0,10,0.4832463070840147,-175.0,10.0,10824.533462524414,-1040.199966430664,5.2204132080078125,-13.39996337890625,Live,0.0,0.0,0.0,0.014704869001925273,11864.733428955078,-8.179550170898438,-0.00068940024821264,0,0.0
2024-04-11,62.073219299316406,0.003536403207444083,104.70999908447266,0.006633363426975736,-0.0030969602195316526,0.0030969602195316526,0.011037425359203847,0.014786028346408086,0,1,0.0,10,3.1641415390051852,-175.0,10.0,10862.813377380371,-1047.0999908447266,43.500328063964844,-20.29998779296875,Live,0.0,0.0,0.0,0.014786028346408086,11909.913368225098,23.200340270996094,0.0019479856447061276,0,0.0
2024-04-12,61.04910659790039,-0.016498462831092353,106.05000305175781,0.012797287546570724,-0.029295750377663077,0.029295750377663077,0.011599170582974336,0.014922721253075848,0,1,0.0,10,1.3474287766815858,-175.0,10.0,10683.593654632568,-1060.5000305175781,-135.7193946838379,-33.70002746582031,Live,0.0,0.0,0.0,0.014922721253075848,11744.093685150146,-169.4194221496582,-0.014425925634762356,0,0.0
2024-04-13,61.04910659790039,0.0,106.05000305175781,0.0,0.0,0.0,0.010870838149009658,0.014884959932026381,1,0,-1.0,10,,-175.0,10.0,10683.593654632568,-1060.5000305175781,-135.7193946838379,-33.70002746582031,Closed,10683.593654632568,-1060.5000305175781,-169.4194221496582,0.014884959932026381,11744.093685150146,-169.4194221496582,-0.014425925634762356,0,-169.4194221496582
2024-04-14,61.04910659790039,0.0,106.05000305175781,0.0,0.0,0.0,0.01081986137054643,0.014750973314716668,1,0,0.0,10,,0.0,0.0,0.0,0.0,0.0,0.0,,0.0,0.0,0.0,0.014750973314716668,0.0,0.0,0.0,0,0.0
2024-04-15,60.899959564208984,-0.002443066606588773,106.05000305175781,0.0,-0.002443066606588773,0.002443066606588773,0.010851444157905081,0.014750973314716668,0,0,0.0,10,0.0,0.0,0.0,0.0,0.0,0.0,0.0,,0.0,0.0,0.0,0.014750973314716668,0.0,0.0,0.0,0,0.0
2024-04-16,61.00933074951172,0.0017959155652216285,106.06999969482422,0.0001885586279204432,0.0016073569373011853,0.0016073569373011853,0.01084041288662421,0.014751450627237737,1,0,0.0,10,0.18253947681519217,0.0,0.0,0.0,0.0,0.0,0.0,,0.0,0.0,0.0,0.014751450627237737,0.0,0.0,0.0,0,0.0
2024-04-17,60.91984558105469,-0.0014667456167390958,107.30000305175781,0.011596147454251415,-0.013062893070990511,0.013062893070990511,0.010798276318613824,0.014844465912072852,0,0,0.0,10,13.925149632698112,0.0,0.0,0.0,0.0,0.0,0.0,,0.0,0.0,0.0,0.014844465912072852,0.0,0.0,0.0,0,0.0
2024-04-18,60.621559143066406,-0.004896375477370651,107.94999694824219,0.006057724864843017,-0.010954100342213668,0.010954100342213668,0.01089092692235322,0.01488872060523433,0,0,0.0,10,2.2030804802791426,0.0,0.0,0.0,0.0,0.0,0.0,,0.0,0.0,0.0,0.01488872060523433,0.0,0.0,0.0,0,0.0
2024-04-19,60.551963806152344,-0.0011480294782557632,108.25,0.00277909273032817,-0.003927122208583933,0.003927122208583933,0.010124216767006903,0.014890457596421759,0,0,0.0,10,4.3276254971052115,0.0,0.0,0.0,0.0,0.0,0.0,,0.0,0.0,0.0,0.014890457596421759,0.0,0.0,0.0,0,0.0
2024-04-20,60.551963806152344,0.0,108.25,0.0,0.0,0.0,0.009938826313887593,0.014841833715974865,1,0,0.0,10,,0.0,0.0,0.0,0.0,0.0,0.0,,0.0,0.0,0.0,0.014841833715974865,0.0,0.0,0.0,0,0.0
2024-04-21,60.551963806152344,0.0,108.25,0.0,0.0,0.0,0.009745451312130816,0.014837505158537052,1,0,0.0,10,,0.0,0.0,0.0,0.0,0.0,0.0,,0.0,0.0,0.0,0.014837505158537052,0.0,0.0,0.0,0,0.0
2024-04-22,60.00510025024414,-0.009031309994485093,108.62000274658203,0.003418039229395209,-0.012449349223880302,0.012449349223880302,0.009937621599712376,0.01485552799066721,0,0,0.0,10,0.6850904872676615,0.0,0.0,0.0,0.0,0.0,0.0,,0.0,0.0,0.0,0.01485552799066721,0.0,0.0,0.0,0,0.0
2024-04-23,59.15996170043945,-0.014084445260155176,108.76000213623047,0.0012888914206259372,-0.015373336680781113,0.015373336680781113,0.010331269100255868,0.014858899948353156,0,1,1.0,10,0.16823560330549653,2.0,-10.0,-118.3199234008789,1087.6000213623047,0.0,0.0,Opened,-118.3199234008789,1087.6000213623047,0.0,0.014858899948353156,1205.9199447631836,0.0,0.0,0,0.0
2024-04-24,58.96110534667969,-0.0033613333755468933,109.2300033569336,0.004321452845453377,-0.007682786221000271,0.007682786221000271,0.010348956007017112,0.014884163684831269,0,1,0.0,10,2.3817409355478514,-2.0,10.0,117.92221069335938,-1092.300033569336,-0.39771270751953125,-4.70001220703125,Live,0.0,0.0,0.0,0.014884163684831269,1210.2222442626953,-5.097724914550781,-0.0042122221259091736,0,0.0
2024-04-25,59.98521423339844,0.017369228081753008,109.68000030517578,0.004119719256729493,0.013249508825023515,0.013249508825023515,0.010657999941520908,0.014892957510447379,1,0,-1.0,10,0.43368093657548895,-2.0,10.0,119.97042846679688,-1096.8000030517578,1.6505050659179688,-9.199981689453125,Closed,119.97042846679688,-1096.8000030517578,-7.549476623535156,0.014892957510447379,1216.7704315185547,-7.549476623535156,-0.006204520119800457,0,-7.549476623535156
2024-04-26,60.50224304199219,0.008619270852014083,110.16000366210938,0.004376398209318122,0.004242872642695961,0.004242872642695961,0.009065967098173727,0.014895384519354272,1,0,0.0,10,0.9244826590233608,0.0,0.0,0.0,0.0,0.0,0.0,,0.0,0.0,0.0,0.014895384519354272,0.0,0.0,0.0,0,0.0
2024-04-27,60.50224304199219,0.0,110.16000366210938,0.0,0.0,0.0,0.008809845714808065,0.01488449846616443,1,0,0.0,10,,0.0,0.0,0.0,0.0,0.0,0.0,,0.0,0.0,0.0,0.01488449846616443,0.0,0.0,0.0,0,0.0
2024-04-28,60.50224304199219,0.0,110.16000366210938,0.0,0.0,0.0,0.008809845714808065,0.01488449846616443,1,0,0.0,10,,0.0,0.0,0.0,0.0,0.0,0.0,,0.0,0.0,0.0,0.01488449846616443,0.0,0.0,0.0,0,0.0
2024-04-29,61.03915786743164,0.008874296198684739,110.54000091552734,0.003449502911996305,0.005424793286688434,0.005424793286688434,0.008945587656403381,0.014895409009026838,1,0,0.0,10,0.7039365679228596,0.0,0.0,0.0,0.0,0.0,0.0,,0.0,0.0,0.0,0.014895409009026838,0.0,0.0,0.0,0,0.0
2024-04-30,58.931278228759766,-0.03453323591472035,110.91000366210938,0.003347229451036382,-0.03788046536575673,0.03788046536575673,0.011014352503183151,0.014904715257970014,0,1,1.0,10,0.1824202585967806,2.0,-10.0,-117.86255645751953,1109.1000366210938,0.0,0.0,Opened,-117.86255645751953,1109.1000366210938,0.0,0.014904715257970014,1226.9625930786133,0.0,0.0,0,0.0
2024-05-01,58.95116424560547,0.00033744417978698316,117.20999908447266,0.05680276994270428,-0.056465325762917296,0.056465325762917296,0.010865309431313138,0.012754782586913635,0,1,0.0,10,334.6877742723312,-2.0,10.0,117.90232849121094,-1172.0999908447266,0.03977203369140625,-62.99995422363281,Live,0.0,0.0,0.0,0.012754782586913635,1290.0023193359375,-62.960182189941406,-0.048806255032434215,1,-62.960182189941406
2024-05-02,59.75653076171875,0.013661587967252364,118.08000183105469,0.007422598356604526,0.006238989610647838,0.006238989610647838,0.011181337744353448,0.012763808522947147,1,0,-1.0,10,1.0736080356309772,-2.0,10.0,119.5130615234375,-1180.8000183105469,1.6505050659179688,-71.69998168945312,Closed,119.5130615234375,-1180.8000183105469,-70.04947662353516,0.012763808522947147,1300.3130798339844,-70.04947662353516,-0.053871238942300434,1,0.0
2024-05-03,60.49230194091797,0.012312816186286435,118.02999877929688,-0.00042346757268307833,0.012736283758969513,0.012736283758969513,0.01065072393047417,0.011585614630795516,1,1,1.0,10,0.06710502691083878,-1.0,10.0,60.49230194091797,-1180.2999877929688,0.0,0.0,Opened,60.49230194091797,-1180.2999877929688,0.0,0.011585614630795516,1240.7922897338867,0.0,0.0,0,0.0
2024-05-04,60.49230194091797,0.0,118.02999877929688,0.0,0.0,0.0,0.01022738535517379,0.011459419558583976,1,1,0.0,10,,1.0,-10.0,-60.49230194091797,1180.2999877929688,0.0,0.0,Live,0.0,0.0,0.0,0.011459419558583976,1240.7922897338867,0.0,0.0,0,0.0
2024-05-05,60.49230194091797,0.0,118.02999877929688,0.0,0.0,0.0,0.009862594977863917,0.011472006378159422,1,1,0.0,10,,1.0,-10.0,-60.49230194091797,1180.2999877929688,0.0,0.0,Live,0.0,0.0,0.0,0.011472006378159422,1240.7922897338867,0.0,0.0,0,0.0
2024-05-06,60.730934143066406,0.003944835863272322,119.55999755859375,0.012962795858007192,-0.00901795999473487,0.00901795999473487,0.00989700704165168,0.011497407516349763,0,0,-1.0,10,6.469127042809551,1.0,-10.0,-60.730934143066406,1195.5999755859375,-0.2386322021484375,15.29998779296875,Closed,-60.730934143066406,1195.5999755859375,15.061355590820312,0.011497407516349763,1256.330909729004,15.061355590820312,0.011988366658963372,0,15.061355590820312
2024-05-07,60.989444732666016,0.004256654261082682,118.69000244140625,-0.007276640473007134,0.011533294734089816,0.011533294734089816,0.009934289435389052,0.01170422453665518,1,0,0.0,10,3.326764053523169,0.0,0.0,0.0,0.0,0.0,0.0,,0.0,0.0,0.0,0.01170422453665518,0.0,0.0,0.0,0,0.0
2024-05-08,60.472415924072266,-0.00847734900457009,116.58999633789062,-0.017693201283337512,0.009215852278767422,0.009215852278767422,0.010027696010158692,0.011750081681967967,1,0,0.0,10,4.02392914109131,0.0,0.0,0.0,0.0,0.0,0.0,,0.0,0.0,0.0,0.011750081681967967,0.0,0.0,0.0,0,0.0
2024-05-09,61.73515701293945,0.020881274041583797,116.95999908447266,0.003173537680794869,0.017707736360788928,0.017707736360788928,0.010574698463602759,0.011538996565026372,1,1,1.0,10,0.2879330153812895,-3.0,10.0,185.20547103881836,-1169.5999908447266,0.0,0.0,Opened,185.20547103881836,-1169.5999908447266,0.0,0.011538996565026372,1354.805461883545,0.0,0.0,0,0.0
2024-05-10,61.238014221191406,-0.008052831090133106,116.93000030517578,-0.00025648751309592654,-0.007796343577037179,0.007796343577037179,0.01050826210882241,0.0114939766105494,0,0,-1.0,10,0.0608166492230657,3.0,-10.0,-183.71404266357422,1169.3000030517578,1.4914283752441406,-0.29998779296875,Closed,-183.71404266357422,1169.3000030517578,1.1914405822753906,0.0114939766105494,1353.014045715332,1.1914405822753906,0.0008805825675264751,0,1.1914405822753906
2024-05-11,61.238014221191406,0.0,116.93000030517578,0.0,0.0,0.0,0.010483779562498949,0.01150476308358922,1,0,0.0,10,,0.0,0.0,0.0,0.0,0.0,0.0,,0.0,0.0,0.0,0.01150476308358922,0.0,0.0,0.0,0,0.0
2024-05-12,61.238014221191406,0.0,116.93000030517578,0.0,0.0,0.0,0.01003311658283996,0.011394397760496153,1,0,0.0,10,,0.0,0.0,0.0,0.0,0.0,0.0,,0.0,0.0,0.0,0.011394397760496153,0.0,0.0,0.0,0,0.0
2024-05-13,61.44681167602539,0.0034096052507484043,117.30999755859375,0.0032497840795879807,0.0001598211711604236,0.0001598211711604236,0.010050632361076858,0.01137716309176945,1,0,0.0,10,1.8196425262040141,0.0,0.0,0.0,0.0,0.0,0.0,,0.0,0.0,0.0,0.01137716309176945,0.0,0.0,0.0,0,0.0
2024-05-14,62.08315658569336,0.010356028121085492,116.6500015258789,-0.0056260851287222025,0.015982113249807695,0.015982113249807695,0.010217652503697357,0.011481543978057134,1,1,1.0,10,1.0207609247565768,-11.0,10.0,682.914722442627,-1166.500015258789,0.0,0.0,Opened,682.914722442627,-1166.500015258789,0.0,0.011481543978057134,1849.414737701416,0.0,0.0,0,0.0
2024-05-15,62.8686408996582,0.012652132352204637,116.30000305175781,-0.003000415512583121,0.015652547864787758,0.015652547864787758,0.010431524013652566,0.011523754309975326,1,1,0.0,10,0.43869565204601374,11.0,-10.0,-691.5550498962402,1163.0000305175781,-8.640327453613281,-3.4999847412109375,Live,0.0,0.0,0.0,0.011523754309975326,1854.5550804138184,-12.140312194824219,-0.006546212794130264,0,0.0
2024-05-16,62.47092819213867,-0.006326090429635722,116.8499984741211,0.004729109268539755,-0.011055199698175477,0.011055199698175477,0.010518251518080834,0.011513431341260148,0,0,-1.0,10,1.398281801264441,11.0,-10.0,-687.1802101135254,1168.499984741211,-4.2654876708984375,1.999969482421875,Closed,-687.1802101135254,1168.499984741211,-2.2655181884765625,0.011513431341260148,1855.6801948547363,-2.2655181884765625,-0.0012208559399179816,0,-2.2655181884765625
2024-05-17,63.63424301147461,0.018621698972648426,117.0199966430664,0.001454841002697771,0.017166857969950655,0.017166857969950655,0.010994764552936971,0.011409677637126865,1,1,1.0,10,0.14366978104921638,-2.0,10.0,127.26848602294922,-1170.199966430664,0.0,0.0,Opened,127.26848602294922,-1170.199966430664,0.0,0.011409677637126865,1297.4684524536133,0.0,0.0,0,0.0
2024-05-18,63.63424301147461,0.0,117.0199966430664,0.0,0.0,0.0,0.010932507445409481,0.011406493118472675,1,1,0.0,10,,2.0,-10.0,-127.26848602294922,1170.199966430664,0.0,0.0,Live,0.0,0.0,0.0,0.011406493118472675,1297.4684524536133,0.0,0.0,0,0.0
2024-05-19,63.63424301147461,0.0,117.0199966430664,0.0,0.0,0.0,0.010924287369413048,0.011417561812563027,1,1,0.0,10,,2.0,-10.0,-127.26848602294922,1170.199966430664,0.0,0.0,Live,0.0,0.0,0.0,0.011417561812563027,1297.4684524536133,0.0,0.0,0,0.0
2024-05-20,64.54898834228516,0.014375048519797762,117.23999786376953,0.0018800309948237004,0.012495017524974061,0.012495017524974061,0.011159236190911406,0.011407605885236653,1,1,0.0,10,0.23754289869472758,2.0,-10.0,-129.0979766845703,1172.3999786376953,-1.8294906616210938,2.20001220703125,Live,0.0,0.0,0.0,0.011407605885236653,1301.4979553222656,0.37052154541015625,0.00028468853438837015,0,0.0
2024-05-21,64.77767181396484,0.003542789399998636,117.56999969482422,0.002814754666220276,0.0007280347337783599,0.0007280347337783599,0.011153967444296926,0.011395998358378836,1,1,0.0,10,1.4420037617829382,2.0,-10.0,-129.5553436279297,1175.6999969482422,-2.2868576049804688,5.500030517578125,Live,0.0,0.0,0.0,0.011395998358378836,1305.2553405761719,3.2131729125976562,0.0024617197974300437,0,0.0
2024-05-22,63.24646759033203,-0.023637839717831843,117.63999938964844,0.0005953873862882819,-0.024233227104120125,0.024233227104120125,0.01195612516379369,0.011402522480610161,0,0,-1.0,10,0.046850106787919496,2.0,-10.0,-126.49293518066406,1176.3999938964844,0.7755508422851562,6.2000274658203125,Closed,-126.49293518066406,1176.3999938964844,6.975578308105469,0.01195612516379369,1302.8929290771484,6.975578308105469,0.005353915239256335,0,6.975578308105469
2024-05-23,62.50075912475586,-0.011790515644389266,117.52999877929688,-0.0009350612965172145,-0.010855454347872051,0.010855454347872051,0.011857802087246464,0.011419389537715666,0,0,0.0,10,0.1491319586709551,0.0,0.0,0.0,0.0,0.0,0.0,,0.0,0.0,0.0,0.011857802087246464,0.0,0.0,0.0,0,0.0
2024-05-24,62.96807098388672,0.007476898931708442,117.66000366210938,0.001106142126799714,0.006370756804908728,0.006370756804908728,0.011857044429246942,0.01141824605531235,1,0,0.0,10,0.27643809466205993,0.0,0.0,0.0,0.0,0.0,0.0,,0.0,0.0,0.0,0.011857044429246942,0.0,0.0,0.0,0,0.0
2024-05-25,62.96807098388672,0.0,117.66000366210938,0.0,0.0,0.0,0.011513026298009807,0.011423394647846809,1,0,0.0,10,,0.0,0.0,0.0,0.0,0.0,0.0,,0.0,0.0,0.0,0.011513026298009807,0.0,0.0,0.0,0,0.0
2024-05-26,62.96807098388672,0.0,117.66000366210938,0.0,0.0,0.0,0.011441298524695737,0.01142529653495708,1,0,0.0,10,,0.0,0.0,0.0,0.0,0.0,0.0,,0.0,0.0,0.0,0.011441298524695737,0.0,0.0,0.0,0,0.0
2024-05-27,62.96807098388672,0.0,117.66000366210938,0.0,0.0,0.0,0.011441298524695737,0.01142529653495708,1,0,0.0,10,,0.0,0.0,0.0,0.0,0.0,0.0,,0.0,0.0,0.0,0.011441298524695737,0.0,0.0,0.0,0,0.0
2024-05-28,63.90269088745117,0.014842759019942253,117.68000030517578,0.00016995276596998288,0.01467280625397227,0.01467280625397227,0.011696910558128748,0.011424179771749603,1,1,1.0,10,0.021086141430259577,-1.0,10.0,63.90269088745117,-1176.8000030517578,0.0,0.0,Opened,63.90269088745117,-1176.8000030517578,0.0,0.011696910558128748,1240.702693939209,0.0,0.0,0,0.0
2024-05-29,62.87858963012695,-0.0160259488779263,117.73999786376953,0.0005098364925064658,-0.016535785370432765,0.016535785370432765,0.012062043199664422,0.011426275745153898,0,0,-1.0,10,0.059570109220130556,1.0,-10.0,-62.87858963012695,1177.3999786376953,1.0241012573242188,0.5999755859375,Closed,-62.87858963012695,1177.3999786376953,1.6240768432617188,0.012062043199664422,1240.2785682678223,1.6240768432617188,0.0013094452204635855,0,1.6240768432617188
2024-05-30,63.54475402832031,0.010594455157343141,117.62000274658203,-0.0010191533834266187,0.01161360854076976,0.01161360854076976,0.010129087425991449,0.011438525213941127,1,1,1.0,10,0.17805837507154731,-2.0,10.0,127.08950805664062,-1176.2000274658203,0.0,0.0,Opened,127.08950805664062,-1176.2000274658203,0.0,0.011438525213941127,1303.289535522461,0.0,0.0,0,0.0
2024-05-31,64.0617904663086,0.008136571553300165,117.5199966430664,-0.000850247416938843,0.008986818970239008,0.008986818970239008,0.010169942144272514,0.004880659807735828,1,1,0.0,10,0.19169755379202869,2.0,-10.0,-128.1235809326172,1175.199966430664,-1.0340728759765625,-1.00006103515625,Live,0.0,0.0,0.0,0.010169942144272514,1303.3235473632812,-2.0341339111328125,-0.0015607282744549609,0,0.0
2024-06-01,64.0617904663086,0.0,117.5199966430664,0.0,0.0,0.0,0.009971918903838108,0.00468067003179205,1,1,0.0,10,,2.0,-10.0,-128.1235809326172,1175.199966430664,-1.0340728759765625,-1.00006103515625,Live,0.0,0.0,0.0,0.009971918903838108,1303.3235473632812,-2.0341339111328125,-0.0015607282744549609,0,0.0
2024-06-02,64.0617904663086,0.0,117.5199966430664,0.0,0.0,0.0,0.009800481817533546,0.004680448614530253,1,1,0.0,10,,2.0,-10.0,-128.1235809326172,1175.199966430664,-1.0340728759765625,-1.00006103515625,Live,0.0,0.0,0.0,0.009800481817533546,1303.3235473632812,-2.0341339111328125,-0.0015607282744549609,0,0.0
2024-06-03,63.92258834838867,-0.0021729351756587523,110.0999984741211,-0.0631381754671203,0.06096524029146155,0.06096524029146155,0.009823464458560405,0.012417945792978285,1,1,0.0,10,50.047019455813384,2.0,-10.0,-127.84517669677734,1100.999984741211,-0.7556686401367188,-75.20004272460938,Live,0.0,0.0,0.0,0.012417945792978285,1228.8451614379883,-75.9557113647461,-0.0618106444556962,1,-75.9557113647461
2024-06-04,60.939727783203125,-0.046663638664449336,107.69000244140625,-0.021889155913851432,-0.024774482750597904,0.024774482750597904,0.013234652994864109,0.012915014655226435,0,0,-1.0,10,0.8289441883247296,2.0,-10.0,-121.87945556640625,1076.9000244140625,5.210052490234375,-99.30000305175781,Closed,-121.87945556640625,1076.9000244140625,-94.08995056152344,0.013234652994864109,1198.7794799804688,-94.08995056152344,-0.07848812240517865,1,0.0
2024-06-05,61.466697692871094,0.008647395202398878,107.0199966430664,-0.006221615592444496,0.014869010794843374,0.014869010794843374,0.013306579104458567,0.01256933897641847,1,1,1.0,10,1.252688004302317,-13.0,10.0,799.0670700073242,-1070.199966430664,0.0,0.0,Opened,799.0670700073242,-1070.199966430664,0.0,0.013306579104458567,1869.2670364379883,0.0,0.0,0,0.0
2024-06-06,62.132877349853516,0.010838058363100922,108.5,0.01382922260659103,-0.0029911642434901076,0.0029911642434901076,0.013424579613994663,0.012942026304104905,0,0,-1.0,10,2.228201971592827,13.0,-10.0,-807.7274055480957,1085.0,-8.660335540771484,14.800033569335938,Closed,-807.7274055480957,1085.0,6.139698028564453,0.013424579613994663,1892.7274055480957,6.139698028564453,0.0032438363868813537,0,6.139698028564453
2024-06-07,60.114471435546875,-0.03248531213099215,108.4800033569336,-0.00018430085775489324,-0.03230101127323726,0.03230101127323726,0.014650589592449092,0.012643438215563872,0,1,1.0,10,0.010237902036172936,1.0,-10.0,-60.114471435546875,1084.800033569336,0.0,0.0,Opened,-60.114471435546875,1084.800033569336,0.0,0.014650589592449092,1144.9145050048828,0.0,0.0,0,0.0
2024-06-08,60.114471435546875,0.0,108.4800033569336,0.0,0.0,0.0,0.014105661713751072,0.012609117372212519,1,0,-1.0,10,,-1.0,10.0,60.114471435546875,-1084.800033569336,0.0,0.0,Closed,60.114471435546875,-1084.800033569336,0.0,0.014105661713751072,1144.9145050048828,0.0,0.0,0,0.0
2024-06-09,60.114471435546875,0.0,108.4800033569336,0.0,0.0,0.0,0.014039125480565733,0.012610726021614437,1,0,0.0,10,,0.0,0.0,0.0,0.0,0.0,0.0,,0.0,0.0,0.0,0.014039125480565733,0.0,0.0,0.0,0,0.0
2024-06-10,60.00510025024414,-0.0018193819672854827,107.37999725341797,-0.010140173944282238,0.008320791976996755,0.008320791976996755,0.014040729996807283,0.012679401923701063,1,0,0.0,10,9.973710127777677,0.0,0.0,0.0,0.0,0.0,0.0,,0.0,0.0,0.0,0.014040729996807283,0.0,0.0,0.0,0,0.0
2024-06-11,58.891502380371094,-0.0185583869575906,106.2699966430664,-0.010337126455050583,-0.008221260502540018,0.008221260502540018,0.01441801015708895,0.012742240296092526,0,0,0.0,10,1.0051193556641396,0.0,0.0,0.0,0.0,0.0,0.0,,0.0,0.0,0.0,0.01441801015708895,0.0,0.0,0.0,0,0.0
2024-06-12,59.140071868896484,0.004220803995114819,106.41999816894531,0.0014115134150489705,0.0028092905800658485,0.0028092905800658485,0.01442770979294536,0.012715042678374812,1,0,0.0,10,0.6017709577097806,0.0,0.0,0.0,0.0,0.0,0.0,,0.0,0.0,0.0,0.01442770979294536,0.0,0.0,0.0,0,0.0
2024-06-13,58.44407272338867,-0.011768655727215305,107.12000274658203,0.006577754084579501,-0.018346409811794806,0.018346409811794806,0.0143834911544135,0.012828185496696688,0,1,1.0,10,1.0244266717562098,11.0,-10.0,-642.8847999572754,1071.2000274658203,0.0,0.0,Opened,-642.8847999572754,1071.2000274658203,0.0,0.0143834911544135,1714.0848274230957,0.0,0.0,0,0.0
2024-06-14,57.8773307800293,-0.009697167171112797,107.33000183105469,0.0019604096255436687,-0.011657576796656466,0.011657576796656466,0.01418060130003952,0.01285684863144595,0,1,0.0,10,0.37489926292148057,-11.0,10.0,636.6506385803223,-1073.3000183105469,-6.234161376953125,-2.0999908447265625,Live,0.0,0.0,0.0,0.01418060130003952,1709.9506568908691,-8.334152221679688,-0.004873913868855914,0,0.0
2024-06-15,57.8773307800293,0.0,107.33000183105469,0.0,0.0,0.0,0.014171160645562347,0.012792857585942268,1,0,-1.0,10,,-11.0,10.0,636.6506385803223,-1073.3000183105469,-6.234161376953125,-2.0999908447265625,Closed,636.6506385803223,-1073.3000183105469,-8.334152221679688,0.014171160645562347,1709.9506568908691,-8.334152221679688,-0.004873913868855914,0,-8.334152221679688
2024-06-16,57.8773307800293,0.0,107.33000183105469,0.0,0.0,0.0,0.013613480219864813,0.012779130898690285,1,0,0.0,10,,0.0,0.0,0.0,0.0,0.0,0.0,,0.0,0.0,0.0,0.013613480219864813,0.0,0.0,0.0,0,0.0
2024-06-17,57.96681594848633,0.0015461177502662515,107.05000305175781,-0.0026087652522135407,0.004154883002479792,0.004154883002479792,0.013628401443514643,0.012768324859991253,1,0,0.0,10,3.116015959450696,0.0,0.0,0.0,0.0,0.0,0.0,,0.0,0.0,0.0,0.013628401443514643,0.0,0.0,0.0,0,0.0
2024-06-18,58.165672302246094,0.0034305205574252096,107.11000061035156,0.000560462932119199,0.0028700576253060106,0.0028700576253060106,0.013668888647500111,0.012773096668159754,1,0,0.0,10,0.30085008457608925,0.0,0.0,0.0,0.0,0.0,0.0,,0.0,0.0,0.0,0.013668888647500111,0.0,0.0,0.0,0,0.0
2024-06-19,58.165672302246094,0.0,107.11000061035156,0.0,0.0,0.0,0.013289147683570058,0.012753617837484531,1,0,0.0,10,,0.0,0.0,0.0,0.0,0.0,0.0,,0.0,0.0,0.0,0.013289147683570058,0.0,0.0,0.0,0,0.0
2024-06-20,58.96110534667969,0.013675300446976513,107.1500015258789,0.00037345640275798786,0.013301844044218525,0.013301844044218525,0.013596322670022254,0.012723475990249086,1,0,0.0,10,0.04962832275289651,0.0,0.0,0.0,0.0,0.0,0.0,,0.0,0.0,0.0,0.013596322670022254,0.0,0.0,0.0,0,0.0
2024-06-21,58.722476959228516,-0.00404721699242383,106.95999908447266,-0.0017732378786794456,-0.0022739791137443843,0.0022739791137443843,0.01303166482237934,0.012707686049479304,0,0,0.0,10,0.7980452819404295,0.0,0.0,0.0,0.0,0.0,0.0,,0.0,0.0,0.0,0.01303166482237934,0.0,0.0,0.0,0,0.0
2024-06-22,58.722476959228516,0.0,106.95999908447266,0.0,0.0,0.0,0.012915574959613648,0.012714290235712477,1,0,0.0,10,,0.0,0.0,0.0,0.0,0.0,0.0,,0.0,0.0,0.0,0.012915574959613648,0.0,0.0,0.0,0,0.0
2024-06-23,58.722476959228516,0.0,106.95999908447266,0.0,0.0,0.0,0.012798114079071792,0.012703404746428656,1,0,0.0,10,,0.0,0.0,0.0,0.0,0.0,0.0,,0.0,0.0,0.0,0.012798114079071792,0.0,0.0,0.0,0,0.0
2024-06-24,58.64877700805664,-0.0012550552188567154,106.55000305175781,-0.003833171617653508,0.0025781163987967926,0.0025781163987967926,0.012792577430036459,0.01269050008865692,1,0,0.0,10,5.548683281803018,0.0,0.0,0.0,0.0,0.0,0.0,,0.0,0.0,0.0,0.012792577430036459,0.0,0.0,0.0,0,0.0
2024-06-25,57.71262741088867,-0.015961962805113084,106.45999908447266,-0.0008447110718657891,-0.015117251733247294,0.015117251733247294,0.01302409423890412,0.01268404462549193,0,1,1.0,10,0.09761970792500078,1.0,-10.0,-57.71262741088867,1064.5999908447266,0.0,0.0,Opened,-57.71262741088867,1064.5999908447266,0.0,0.01302409423890412,1122.3126182556152,0.0,0.0,0,0.0
2024-06-26,58.47947311401367,0.013287312283764008,106.55999755859375,0.0009393056075619466,0.012348006676202061,0.012348006676202061,0.013345184208871834,0.012693495104033286,1,0,-1.0,10,0.12881324584448936,-1.0,10.0,58.47947311401367,-1065.5999755859375,0.766845703125,-0.9999847412109375,Closed,58.47947311401367,-1065.5999755859375,-0.2331390380859375,0.013345184208871834,1124.0794486999512,-0.2331390380859375,-0.00020740441287808736,0,-0.2331390380859375
2024-06-27,58.12095260620117,-0.006130706874077241,106.51000213623047,-0.0004691762716659831,-0.005661530602411258,0.005661530602411258,0.012955806313573315,0.012688149887306158,0,0,0.0,10,0.14024363428562547,0.0,0.0,0.0,0.0,0.0,0.0,,0.0,0.0,0.0,0.012955806313573315,0.0,0.0,0.0,0,0.0
2024-06-28,59.086978912353516,0.01662096477835906,106.51000213623047,0.0,0.01662096477835906,0.01662096477835906,0.013199168945178506,0.012683297108703577,1,0,0.0,10,0.0,0.0,0.0,0.0,0.0,0.0,0.0,,0.0,0.0,0.0,0.013199168945178506,0.0,0.0,0.0,0,0.0
2024-06-29,59.086978912353516,0.0,106.51000213623047,0.0,0.0,0.0,0.012991072208047905,0.012690855520229484,1,0,0.0,10,,0.0,0.0,0.0,0.0,0.0,0.0,,0.0,0.0,0.0,0.012991072208047905,0.0,0.0,0.0,0,0.0
2024-06-30,59.086978912353516,0.0,106.51000213623047,0.0,0.0,0.0,0.012848995845847354,0.012697280886478268,1,0,0.0,10,,0.0,0.0,0.0,0.0,0.0,0.0,,0.0,0.0,0.0,0.012848995845847354,0.0,0.0,0.0,0,0.0
2024-07-01,59.973331451416016,0.015000809914097468,108.0,0.01398927644244874,0.001011533471648729,0.001011533471648729,0.01323999400331473,0.013069993294321893,1,0,0.0,10,1.6793689759754782,0.0,0.0,0.0,0.0,0.0,0.0,,0.0,0.0,0.0,0.01323999400331473,0.0,0.0,0.0,0,0.0
2024-07-02,60.39160919189453,0.006974395624784746,110.31999969482422,0.021481478655779762,-0.014507083030995016,0.014507083030995016,0.013339176603234157,0.01379296702775697,0,1,1.0,10,5.626460095329428,57.0,-10.0,-3442.3217239379883,1103.1999969482422,0.0,0.0,Opened,-3442.3217239379883,1103.1999969482422,0.0,0.01379296702775697,4545.5217208862305,0.0,0.0,0,0.0
2024-07-03,61.45722579956055,0.017645110337762615,113.05999755859375,0.024836818993374976,-0.007191708655612361,0.007191708655612361,0.0138065704909491,0.00879526041491428,0,1,0.0,10,2.589450499857312,-57.0,10.0,3503.061870574951,-1130.5999755859375,60.74014663696289,-27.399978637695312,Live,0.0,0.0,0.0,0.0138065704909491,4633.661846160889,33.34016799926758,0.007195209556970755,0,0.0
2024-07-04,61.45722579956055,0.0,113.05999755859375,0.0,0.0,0.0,0.01081425030061137,0.007674126208766718,1,0,-1.0,10,,-57.0,10.0,3503.061870574951,-1130.5999755859375,60.74014663696289,-27.399978637695312,Closed,3503.061870574951,-1130.5999755859375,33.34016799926758,0.01081425030061137,4633.661846160889,33.34016799926758,0.007195209556970755,0,33.34016799926758
2024-07-05,61.00906753540039,-0.0072921980829691035,111.30999755859375,-0.015478507321681656,0.008186309238712552,0.008186309238712552,0.010783482757339206,0.0081715877391996,1,0,0.0,10,3.872669237406506,0.0,0.0,0.0,0.0,0.0,0.0,,0.0,0.0,0.0,0.010783482757339206,0.0,0.0,0.0,0,0.0
2024-07-06,61.00906753540039,0.0,111.30999755859375,0.0,0.0,0.0,0.010580836136384863,0.007825673942190923,1,0,0.0,10,,0.0,0.0,0.0,0.0,0.0,0.0,,0.0,0.0,0.0,0.010580836136384863,0.0,0.0,0.0,0,0.0
2024-07-07,61.00906753540039,0.0,111.30999755859375,0.0,0.0,0.0,0.00869438770918335,0.00782488026800278,1,0,0.0,10,,0.0,0.0,0.0,0.0,0.0,0.0,,0.0,0.0,0.0,0.00869438770918335,0.0,0.0,0.0,0,0.0
2024-07-08,61.058868408203125,0.0008162864114229507,110.0199966430664,-0.01158926371234792,0.01240555012377087,0.01240555012377087,0.008693952318007356,0.008149581431839628,1,1,1.0,10,25.582097769109968,-256.0,10.0,15631.0703125,-1100.199966430664,0.0,0.0,Opened,15631.0703125,-1100.199966430664,0.0,0.008693952318007356,16731.270278930664,0.0,0.0,0,0.0
2024-07-09,60.45136642456055,-0.009949447139786183,110.51000213623047,0.004453785749092276,-0.014403232888878459,0.014403232888878459,0.008903156235452885,0.008180631316889194,0,0,-1.0,10,0.8183250348173291,256.0,-10.0,-15475.5498046875,1105.1000213623047,155.5205078125,4.900054931640625,Closed,-15475.5498046875,1105.1000213623047,160.42056274414062,0.008903156235452885,16580.649826049805,160.42056274414062,0.00967516740460343,0,160.42056274414062
2024-07-10,60.97919464111328,0.00873145220317606,108.73999786376953,-0.01601668842860915,0.02474814063178521,0.02474814063178521,0.009027158126480313,0.008511579611210802,1,1,1.0,10,3.271100460876244,-33.0,10.0,2012.3134231567383,-1087.3999786376953,0.0,0.0,Opened,2012.3134231567383,-1087.3999786376953,0.0,0.009027158126480313,3099.7134017944336,0.0,0.0,0,0.0
2024-07-11,62.652313232421875,0.02743753178695707,109.58000183105469,0.007724884897804873,0.019712646889152197,0.019712646889152197,0.009555768897521149,0.008359362001572347,1,1,0.0,10,0.4924262195618779,33.0,-10.0,-2067.526336669922,1095.8000183105469,-55.212913513183594,8.400039672851562,Live,0.0,0.0,0.0,0.009555768897521149,3163.3263549804688,-46.81287384033203,-0.014798622901057285,1,-46.81287384033203
2024-07-12,63.34944152832031,0.011126936260314801,109.58000183105469,0.0,0.011126936260314801,0.011126936260314801,0.009690621057013266,0.008361267152257334,1,1,0.0,10,0.0,33.0,-10.0,-2090.5315704345703,1095.8000183105469,-78.21814727783203,8.400039672851562,Live,0.0,0.0,0.0,0.009690621057013266,3186.331588745117,-69.81810760498047,-0.021911752013379485,1,0.0
2024-07-13,63.34944152832031,0.0,109.58000183105469,0.0,0.0,0.0,0.00933134922201194,0.008296205784787328,1,1,0.0,10,,33.0,-10.0,-2090.5315704345703,1095.8000183105469,-78.21814727783203,8.400039672851562,Live,0.0,0.0,0.0,0.00933134922201194,3186.331588745117,-69.81810760498047,-0.021911752013379485,1,0.0
2024-07-14,63.34944152832031,0.0,109.58000183105469,0.0,0.0,0.0,0.009049660030372705,0.008294391224252143,1,1,0.0,10,,33.0,-10.0,-2090.5315704345703,1095.8000183105469,-78.21814727783203,8.400039672851562,Live,0.0,0.0,0.0,0.009049660030372705,3186.331588745117,-69.81810760498047,-0.021911752013379485,1,0.0
2024-07-15,64.03661346435547,0.010847324292952987,109.66999816894531,0.0008212843254864488,0.010026039967466538,0.010026039967466538,0.009139634697551477,0.008293271538588632,1,1,0.0,10,0.12966727673618267,33.0,-10.0,-2113.2082443237305,1096.6999816894531,-100.89482116699219,9.300003051757812,Live,0.0,0.0,0.0,0.009139634697551477,3209.9082260131836,-91.59481811523438,-0.028535027068047454,1,0.0
2024-07-16,64.9528579711914,0.014308134944486683,109.38999938964844,-0.0025531027990494115,0.016861237743536095,0.016861237743536095,0.009326598621943469,0.008314329934015966,1,1,0.0,10,0.30051394456056196,33.0,-10.0,-2143.4443130493164,1093.8999938964844,-131.13088989257812,6.5000152587890625,Live,0.0,0.0,0.0,0.009326598621943469,3237.344306945801,-124.63087463378906,-0.038497874435657185,1,0.0
2024-07-17,63.61833953857422,-0.02054595400881498,108.94000244140625,-0.004113693671752294,-0.016432260337062687,0.016432260337062687,0.010335902616560809,0.00833927909719105,0,0,-1.0,10,0.34285515838069747,33.0,-10.0,-2099.405204772949,1089.4000244140625,-87.09178161621094,2.0000457763671875,Closed,-2099.405204772949,1089.4000244140625,-85.09173583984375,0.010335902616560809,3188.8052291870117,-85.09173583984375,-0.026684519663039422,1,0.0
2024-07-18,62.483009338378906,-0.017845957760449283,108.7300033569336,-0.0019276581583115293,-0.015918299602137753,0.015918299602137753,0.011023593721611234,0.008352223115069755,0,1,1.0,10,0.18796527452056333,2.0,-10.0,-124.96601867675781,1087.300033569336,0.0,0.0,Opened,-124.96601867675781,1087.300033569336,0.0,0.011023593721611234,1212.2660522460938,0.0,0.0,0,0.0
2024-07-19,61.81575012207031,-0.010679050567091397,108.44999694824219,-0.002575245102975021,-0.008103805464116376,0.008103805464116376,0.011274928648761659,0.008371113446301065,0,1,0.0,10,0.42307399110393457,-2.0,10.0,123.63150024414062,-1084.4999694824219,-1.3345184326171875,2.8000640869140625,Live,0.0,0.0,0.0,0.011274928648761659,1208.1314697265625,1.465545654296875,0.001213068023655218,0,0.0
2024-07-20,61.81575012207031,0.0,108.44999694824219,0.0,0.0,0.0,0.011064964809346505,0.008371506091854143,1,0,-1.0,10,,-2.0,10.0,123.63150024414062,-1084.4999694824219,-1.3345184326171875,2.8000640869140625,Closed,123.63150024414062,-1084.4999694824219,1.465545654296875,0.011064964809346505,1208.1314697265625,1.465545654296875,0.001213068023655218,0,1.465545654296875
2024-07-21,61.81575012207031,0.0,108.44999694824219,0.0,0.0,0.0,0.011017852492083662,0.00836162574044483,1,0,0.0,10,,0.0,0.0,0.0,0.0,0.0,0.0,,0.0,0.0,0.0,0.011017852492083662,0.0,0.0,0.0,0,0.0
2024-07-22,61.81575012207031,0.0,108.16000366210938,-0.002673981505699974,0.002673981505699974,0.002673981505699974,0.011017852492083662,0.008381311443341066,1,0,0.0,10,inf,0.0,0.0,0.0,0.0,0.0,0.0,,0.0,0.0,0.0,0.011017852492083662,0.0,0.0,0.0,0,0.0
2024-07-23,62.24399185180664,0.006927712256029617,107.79000091552734,-0.0034208832660352906,0.010348595522064907,0.010348595522064907,0.011051996016561639,0.008410242676003847,1,0,0.0,10,0.8551247021395468,0.0,0.0,0.0,0.0,0.0,0.0,,0.0,0.0,0.0,0.011051996016561639,0.0,0.0,0.0,0,0.0
2024-07-24,60.999114990234375,-0.019999952196769866,107.47000122070312,-0.002968732647799066,-0.0170312195489708,0.0170312195489708,0.011750306715425889,0.008397093576029857,0,1,1.0,10,0.26152056789358546,3.0,-10.0,-182.99734497070312,1074.7000122070312,0.0,0.0,Opened,-182.99734497070312,1074.7000122070312,0.0,0.011750306715425889,1257.6973571777344,0.0,0.0,0,0.0
2024-07-25,61.48710632324219,0.00799997398463792,107.13999938964844,-0.0030706413632302088,0.011070615347868129,0.011070615347868129,0.01133820604143918,0.008417553964396935,1,0,-1.0,10,0.6688182354457453,-3.0,10.0,184.46131896972656,-1071.3999938964844,1.4639739990234375,3.300018310546875,Closed,184.46131896972656,-1071.3999938964844,4.7639923095703125,0.01133820604143918,1255.861312866211,4.7639923095703125,0.0037934063743850902,0,4.7639923095703125
2024-07-26,62.42325210571289,0.015225074628643531,106.86000061035156,-0.0026133916454355033,0.017838466274079035,0.017838466274079035,0.011408986789249195,0.008432445848915296,1,1,1.0,10,0.2938419855703518,-3.0,10.0,187.26975631713867,-1068.6000061035156,0.0,0.0,Opened,187.26975631713867,-1068.6000061035156,0.0,0.011408986789249195,1255.8697624206543,0.0,0.0,0,0.0
2024-07-27,62.42325210571289,0.0,106.86000061035156,0.0,0.0,0.0,0.011308332119399047,0.008431735374424173,1,1,0.0,10,,3.0,-10.0,-187.26975631713867,1068.6000061035156,0.0,0.0,Live,0.0,0.0,0.0,0.011308332119399047,1255.8697624206543,0.0,0.0,0,0.0
2024-07-28,62.42325210571289,0.0,106.86000061035156,0.0,0.0,0.0,0.010992604784525864,0.008431735374424173,1,1,0.0,10,,3.0,-10.0,-187.26975631713867,1068.6000061035156,0.0,0.0,Live,0.0,0.0,0.0,0.010992604784525864,1255.8697624206543,0.0,0.0,0,0.0
2024-07-29,61.825714111328125,-0.009572362448736937,106.58999633789062,-0.002526710377304453,-0.007045652071432484,0.007045652071432484,0.011186600264902318,0.008445826204918109,0,0,-1.0,10,0.45507568927562997,3.0,-10.0,-185.47714233398438,1065.8999633789062,1.7926139831542969,-2.700042724609375,Closed,-185.47714233398438,1065.8999633789062,-0.9074287414550781,0.011186600264902318,1251.3771057128906,-0.9074287414550781,-0.0007251441130834256,0,-0.9074287414550781
2024-07-30,61.57673645019531,-0.004027089128068706,106.25,-0.00318975841609781,-0.0008373307119708961,0.0008373307119708961,0.01123018968507473,0.008466650900281657,0,0,0.0,10,1.3667177080190689,0.0,0.0,0.0,0.0,0.0,0.0,,0.0,0.0,0.0,0.01123018968507473,0.0,0.0,0.0,0,0.0
2024-07-31,63.210018157958984,0.02652433048452818,105.94000244140625,-0.002917624080882364,0.029441954565410544,0.029441954565410544,0.011887916333357814,0.008052704924031623,1,1,1.0,10,0.1843567179462901,-2.0,10.0,126.42003631591797,-1059.4000244140625,0.0,0.0,Opened,126.42003631591797,-1059.4000244140625,0.0,0.011887916333357814,1185.8200607299805,0.0,0.0,0,0.0
2024-08-01,60.640586853027344,-0.0406491151214472,102.83000183105469,-0.029356244465556403,-0.011292870655890797,0.011292870655890797,0.014142108763410795,0.00857550620931164,0,0,-1.0,10,1.224632688417923,2.0,-10.0,-121.28117370605469,1028.3000183105469,5.138862609863281,-31.100006103515625,Closed,-121.28117370605469,1028.3000183105469,-25.961143493652344,0.014142108763410795,1149.5811920166016,-25.961143493652344,-0.022583131730009573,1,-25.961143493652344
2024-08-02,57.642913818359375,-0.04943344367582281,104.0,0.011377984519222117,-0.060811428195044925,0.060811428195044925,0.016414607500016085,0.007374566760381386,0,1,1.0,10,0.4152712700134399,5.0,-10.0,-288.2145690917969,1040.0,0.0,0.0,Opened,-288.2145690917969,1040.0,0.0,0.016414607500016085,1328.2145690917969,0.0,0.0,0,0.0
2024-08-03,57.642913818359375,0.0,104.0,0.0,0.0,0.0,0.016414607500016085,0.007374566760381386,1,0,-1.0,10,,-5.0,10.0,288.2145690917969,-1040.0,0.0,0.0,Closed,288.2145690917969,-1040.0,0.0,0.016414607500016085,1328.2145690917969,0.0,0.0,0,0.0
2024-08-04,57.642913818359375,0.0,104.0,0.0,0.0,0.0,0.01638753222400034,0.0069847669327374635,1,0,0.0,10,,0.0,0.0,0.0,0.0,0.0,0.0,,0.0,0.0,0.0,0.01638753222400034,0.0,0.0,0.0,0,0.0
2024-08-05,55.91004180908203,-0.030062186216641584,104.18000030517578,0.0017307721651518282,-0.03179295838179341,0.03179295838179341,0.01717642906650286,0.007010987095831056,0,1,1.0,10,0.10727879305113894,2.0,-10.0,-111.82008361816406,1041.8000030517578,0.0,0.0,Opened,-111.82008361816406,1041.8000030517578,0.0,0.01717642906650286,1153.6200866699219,0.0,0.0,0,0.0
2024-08-06,56.487667083740234,0.01033133326264779,102.86000061035156,-0.012670375225163455,0.023001708487811245,0.023001708487811245,0.017336510120815475,0.007252596224878063,1,0,-1.0,10,2.2331916176768263,-2.0,10.0,112.97533416748047,-1028.6000061035156,1.1552505493164062,13.199996948242188,Closed,112.97533416748047,-1028.6000061035156,14.355247497558594,0.017336510120815475,1141.575340270996,14.355247497558594,0.01257494533313135,0,14.355247497558594
2024-08-07,55.80049514770508,-0.01216499054592668,101.70999908447266,-0.011180259761374822,-0.0009847307845518571,0.0009847307845518571,0.01741487038631988,0.0072354845895332654,0,0,0.0,10,1.675196342011798,0.0,0.0,0.0,0.0,0.0,0.0,,0.0,0.0,0.0,0.01741487038631988,0.0,0.0,0.0,0,0.0
2024-08-08,57.05533218383789,0.02248791937797745,100.75,-0.009438591024618415,0.031926510402595865,0.031926510402595865,0.017957347387135416,0.007213734795102621,1,1,1.0,10,0.7411510179530499,-8.0,10.0,456.4426574707031,-1007.5,0.0,0.0,Opened,456.4426574707031,-1007.5,0.0,0.017957347387135416,1463.9426574707031,0.0,0.0,0,0.0
2024-08-09,57.1549186706543,0.0017454369820428806,101.26000213623047,0.005062055942734123,-0.003316618960691242,0.003316618960691242,0.01786154210941245,0.006928311585879112,0,0,-1.0,10,5.1381536603096984,8.0,-10.0,-457.2393493652344,1012.6000213623047,-0.79669189453125,5.1000213623046875,Closed,-457.2393493652344,1012.6000213623047,4.3033294677734375,0.01786154210941245,1469.839370727539,4.3033294677734375,0.002927754932597418,0,4.3033294677734375
2024-08-10,57.1549186706543,0.0,101.26000213623047,0.0,0.0,0.0,0.016983064636069183,0.006680088665820401,1,0,0.0,10,,0.0,0.0,0.0,0.0,0.0,0.0,,0.0,0.0,0.0,0.016983064636069183,0.0,0.0,0.0,0,0.0
2024-08-11,57.1549186706543,0.0,101.26000213623047,0.0,0.0,0.0,0.0167861806332518,0.006680088665820401,1,0,0.0,10,,0.0,0.0,0.0,0.0,0.0,0.0,,0.0,0.0,0.0,0.0167861806332518,0.0,0.0,0.0,0,0.0
2024-08-12,57.14496612548828,-0.00017413278502531604,100.66999816894531,-0.005826624084911525,0.005652491299886209,0.005652491299886209,0.016785035232484976,0.006686383107601958,1,0,0.0,10,58.946569382448025,0.0,0.0,0.0,0.0,0.0,0.0,,0.0,0.0,0.0,0.016785035232484976,0.0,0.0,0.0,0,0.0
2024-08-13,57.79229736328125,0.011327878581141482,100.44000244140625,-0.0022846501611442083,0.01361252874228569,0.01361252874228569,0.016987834165716302,0.006666360908269141,1,0,0.0,10,0.35051602514808694,0.0,0.0,0.0,0.0,0.0,0.0,,0.0,0.0,0.0,0.016987834165716302,0.0,0.0,0.0,0,0.0
2024-08-14,56.7764778137207,-0.017577075075855264,99.19999694824219,-0.012345733403256842,-0.005231341672598422,0.005231341672598422,0.01698649735654436,0.006845501743550409,0,0,0.0,10,1.2271947775712797,0.0,0.0,0.0,0.0,0.0,0.0,,0.0,0.0,0.0,0.01698649735654436,0.0,0.0,0.0,0,0.0
2024-08-15,57.92176818847656,0.020171916590413952,98.55000305175781,-0.006552358029038197,0.02672427461945215,0.02672427461945215,0.01723470672136928,0.006869030881950332,1,1,1.0,10,0.552669231488291,-6.0,10.0,347.5306091308594,-985.5000305175781,0.0,0.0,Opened,347.5306091308594,-985.5000305175781,0.0,0.01723470672136928,1333.0306396484375,0.0,0.0,0,0.0
2024-08-16,58.3101692199707,0.006705614204150168,97.80999755859375,-0.007508934249098043,0.01421454845324821,0.01421454845324821,0.017031328781892344,0.006908211434774986,1,1,0.0,10,1.8783593645375742,6.0,-10.0,-349.8610153198242,978.0999755859375,-2.3304061889648438,-7.400054931640625,Live,0.0,0.0,0.0,0.017031328781892344,1327.9609909057617,-9.730461120605469,-0.007327369694774406,0,0.0
2024-08-17,58.3101692199707,0.0,97.80999755859375,0.0,0.0,0.0,0.01679620299211344,0.00693286361673118,1,1,0.0,10,,6.0,-10.0,-349.8610153198242,978.0999755859375,-2.3304061889648438,-7.400054931640625,Live,0.0,0.0,0.0,0.01679620299211344,1327.9609909057617,-9.730461120605469,-0.007327369694774406,0,0.0
2024-08-18,58.3101692199707,0.0,97.80999755859375,0.0,0.0,0.0,0.016722497991150224,0.006960574957829134,1,1,0.0,10,,6.0,-10.0,-349.8610153198242,978.0999755859375,-2.3304061889648438,-7.400054931640625,Live,0.0,0.0,0.0,0.016722497991150224,1327.9609909057617,-9.730461120605469,-0.007327369694774406,0,0.0
2024-08-19,58.85791778564453,0.009393705643478523,98.0999984741211,0.0029649414453121192,0.006428764198166403,0.006428764198166403,0.016845000667895915,0.007031387804850308,1,1,0.0,10,0.5260696900578086,6.0,-10.0,-353.1475067138672,980.9999847412109,-5.6168975830078125,-4.5000457763671875,Live,0.0,0.0,0.0,0.016845000667895915,1334.1474914550781,-10.116943359375,-0.007583077151643129,0,0.0
2024-08-20,58.350006103515625,-0.00862945379717095,97.98999786376953,-0.0011213110301993012,-0.007508142766971648,0.007508142766971648,0.01689222235747986,0.007016129604151356,0,0,-1.0,10,0.2182145117836458,6.0,-10.0,-350.10003662109375,979.8999786376953,-2.569427490234375,-5.6000518798828125,Closed,-350.10003662109375,979.8999786376953,-8.169479370117188,0.01689222235747986,1330.000015258789,-8.169479370117188,-0.006142465621346316,0,-8.169479370117188
2024-08-21,59.33595275878906,0.016897113147243292,98.37999725341797,0.003979991817028461,0.012917121330214831,0.012917121330214831,0.01723195935554428,0.007142311689265215,1,0,0.0,10,0.39053373304421946,0.0,0.0,0.0,0.0,0.0,0.0,,0.0,0.0,0.0,0.01723195935554428,0.0,0.0,0.0,0,0.0
2024-08-22,58.1906623840332,-0.019301794637252456,98.19000244140625,-0.0019312341666599675,-0.01737056047059249,0.01737056047059249,0.017468187590628344,0.0071453916985642525,0,0,0.0,10,0.1688306201091374,0.0,0.0,0.0,0.0,0.0,0.0,,0.0,0.0,0.0,0.017468187590628344,0.0,0.0,0.0,0,0.0
2024-08-23,59.555049896240234,0.023446846217399342,98.05000305175781,-0.0014258008571899072,0.02487264707458925,0.02487264707458925,0.017731394861827926,0.0071517670829570465,1,1,1.0,10,0.10011599205145044,-2.0,10.0,119.11009979248047,-980.5000305175781,0.0,0.0,Opened,119.11009979248047,-980.5000305175781,0.0,0.017731394861827926,1099.6101303100586,0.0,0.0,0,0.0
2024-08-24,59.555049896240234,0.0,98.05000305175781,0.0,0.0,0.0,0.017656906380973246,0.007173079441203406,1,1,0.0,10,,2.0,-10.0,-119.11009979248047,980.5000305175781,0.0,0.0,Live,0.0,0.0,0.0,0.017656906380973246,1099.6101303100586,0.0,0.0,0,0.0
2024-08-25,59.555049896240234,0.0,98.05000305175781,0.0,0.0,0.0,0.017393964130805316,0.007192846092274997,1,1,0.0,10,,2.0,-10.0,-119.11009979248047,980.5000305175781,0.0,0.0,Live,0.0,0.0,0.0,0.017393964130805316,1099.6101303100586,0.0,0.0,0,0.0
2024-08-26,59.72435760498047,0.002842877455987436,98.30000305175781,0.002549719451492738,0.000293158004494698,0.000293158004494698,0.017409696383329756,0.007242437352373798,1,1,0.0,10,1.4761697510463634,2.0,-10.0,-119.44871520996094,983.0000305175781,-0.33861541748046875,2.5,Live,0.0,0.0,0.0,0.017409696383329756,1102.448745727539,2.1613845825195312,0.001960530674007134,0,0.0
2024-08-27,59.973331451416016,0.0041687153519887055,98.44999694824219,0.00152587885887856,0.0026428364931101456,0.0026428364931101456,0.01743724221374649,0.007267756758108258,1,1,0.0,10,0.6008628413794811,2.0,-10.0,-119.94666290283203,984.4999694824219,-0.8365631103515625,3.99993896484375,Live,0.0,0.0,0.0,0.01743724221374649,1104.446632385254,3.1633758544921875,0.0028642179365971723,0,0.0
2024-08-28,58.84796142578125,-0.01876450746356184,98.51000213623047,0.0006094991350769075,-0.01937400659863875,0.01937400659863875,0.017668929512346363,0.0072928897803613375,0,0,-1.0,10,0.05437319208476214,2.0,-10.0,-117.6959228515625,985.1000213623047,1.4141769409179688,4.5999908447265625,Closed,-117.6959228515625,985.1000213623047,6.014167785644531,0.017668929512346363,1102.7959442138672,6.014167785644531,0.005453563569216567,0,6.014167785644531
2024-08-29,59.57497024536133,0.012354018762348762,98.62999725341797,0.001218100848496162,0.0111359179138526,0.0111359179138526,0.017840152476407054,0.007324894607950441,1,0,0.0,10,0.16323759064837892,0.0,0.0,0.0,0.0,0.0,0.0,,0.0,0.0,0.0,0.017840152476407054,0.0,0.0,0.0,0,0.0
2024-08-30,59.594886779785156,0.0003343104384576634,98.69999694824219,0.0007097201335650727,-0.0003754096951074093,0.0003754096951074093,0.01707392959410788,0.007346837899469316,0,0,0.0,10,3.515971359066654,0.0,0.0,0.0,0.0,0.0,0.0,,0.0,0.0,0.0,0.01707392959410788,0.0,0.0,0.0,0,0.0
2024-08-31,59.594886779785156,0.0,98.69999694824219,0.0,0.0,0.0,0.015418807120652116,0.005290250696702994,1,0,0.0,10,,0.0,0.0,0.0,0.0,0.0,0.0,,0.0,0.0,0.0,0.015418807120652116,0.0,0.0,0.0,0,0.0
2024-09-01,59.594886779785156,0.0,98.69999694824219,0.0,0.0,0.0,0.012338803246582588,0.004723667673509198,1,0,0.0,10,,0.0,0.0,0.0,0.0,0.0,0.0,,0.0,0.0,0.0,0.012338803246582588,0.0,0.0,0.0,0,0.0
2024-09-02,59.594886779785156,0.0,98.69999694824219,0.0,0.0,0.0,0.012338803246582588,0.004723667673509198,1,0,0.0,10,,0.0,0.0,0.0,0.0,0.0,0.0,,0.0,0.0,0.0,0.012338803246582588,0.0,0.0,0.0,0,0.0
2024-09-03,55.989715576171875,-0.06049463969845437,100.55000305175781,0.01874373009844943,-0.0792383697969038,0.0792383697969038,0.016708511721495574,0.006021776110278096,0,1,1.0,10,0.5564330971680544,6.0,-10.0,-335.93829345703125,1005.5000305175781,0.0,0.0,Opened,-335.93829345703125,1005.5000305175781,0.0,0.016708511721495574,1341.4383239746094,0.0,0.0,0,0.0
2024-09-04,55.54155349731445,-0.008004364270215225,92.93000030517578,-0.07578321745708605,0.06777885318687082,0.06777885318687082,0.015840671067495524,0.014878695157227485,1,0,-1.0,10,15.841055328327629,-6.0,10.0,333.2493209838867,-929.3000030517578,-2.6889724731445312,76.20002746582031,Closed,333.2493209838867,-929.3000030517578,73.51105499267578,0.015840671067495524,1262.5493240356445,73.51105499267578,0.05822430347331159,0,73.51105499267578
2024-09-05,55.18303298950195,-0.006454996038773642,91.30000305175781,-0.017540054321157572,0.01108505828238393,0.01108505828238393,0.01575586125101236,0.015006063319778764,1,0,0.0,10,4.495729569577335,0.0,0.0,0.0,0.0,0.0,0.0,,0.0,0.0,0.0,0.01575586125101236,0.0,0.0,0.0,0,0.0
2024-09-06,53.977989196777344,-0.021837215670147292,91.61000061035156,0.0033953729269649013,-0.025232588597112193,0.025232588597112193,0.016094794825486786,0.014996586099680801,0,1,1.0,10,0.26388603160395735,3.0,-10.0,-161.93396759033203,916.1000061035156,0.0,0.0,Opened,-161.93396759033203,916.1000061035156,0.0,0.016094794825486786,1078.0339736938477,0.0,0.0,0,0.0
2024-09-07,53.977989196777344,0.0,91.61000061035156,0.0,0.0,0.0,0.01547595208939972,0.01496377988074445,1,0,-1.0,10,,-3.0,10.0,161.93396759033203,-916.1000061035156,0.0,0.0,Closed,161.93396759033203,-916.1000061035156,0.0,0.01547595208939972,1078.0339736938477,0.0,0.0,0,0.0
2024-09-08,53.977989196777344,0.0,91.61000061035156,0.0,0.0,0.0,0.01546571986006381,0.014897522228936144,1,0,0.0,10,,0.0,0.0,0.0,0.0,0.0,0.0,,0.0,0.0,0.0,0.01546571986006381,0.0,0.0,0.0,0,0.0
2024-09-09,54.306636810302734,0.006088548655032389,91.76000213623047,0.0016373924776718063,0.004451156177360582,0.004451156177360582,0.015529788323104168,0.014912720661295946,1,0,0.0,10,0.45440124959533906,0.0,0.0,0.0,0.0,0.0,0.0,,0.0,0.0,0.0,0.015529788323104168,0.0,0.0,0.0,0,0.0
2024-09-10,54.067623138427734,-0.004401187146055308,91.27999877929688,-0.005231073951164067,0.0008298868051087593,0.0008298868051087593,0.01553510059332315,0.014905003536263364,1,0,0.0,10,2.0065933624738754,0.0,0.0,0.0,0.0,0.0,0.0,,0.0,0.0,0.0,0.01553510059332315,0.0,0.0,0.0,0,0.0
2024-09-11,55.12327575683594,0.019524672199949356,92.30000305175781,0.011174455369211467,0.008350216830737889,0.008350216830737889,0.016012125834185088,0.015128740866107573,1,0,0.0,10,0.9583172626273473,0.0,0.0,0.0,0.0,0.0,0.0,,0.0,0.0,0.0,0.016012125834185088,0.0,0.0,0.0,0,0.0
2024-09-12,56.95573806762695,0.03324298648132795,93.05999755859375,0.008233959715145067,0.025009026766182885,0.025009026766182885,0.0170628462020602,0.0152617730373133,1,1,1.0,10,0.4047009814404607,-5.0,10.0,284.77869033813477,-930.5999755859375,0.0,0.0,Opened,284.77869033813477,-930.5999755859375,0.0,0.0170628462020602,1215.3786659240723,0.0,0.0,0,0.0
2024-09-13,58.409759521484375,0.02552897220172934,92.26000213623047,-0.008596555376649051,0.03412552757837839,0.03412552757837839,0.017373682057541043,0.015192914765084393,1,1,0.0,10,0.5318867563786052,5.0,-10.0,-292.0487976074219,922.6000213623047,-7.270107269287109,-7.9999542236328125,Live,0.0,0.0,0.0,0.017373682057541043,1214.6488189697266,-15.270061492919922,-0.012571585510511666,0,0.0
2024-09-14,58.409759521484375,0.0,92.26000213623047,0.0,0.0,0.0,0.01699610081131983,0.015176738823895527,1,1,0.0,10,,5.0,-10.0,-292.0487976074219,922.6000213623047,-7.270107269287109,-7.9999542236328125,Live,0.0,0.0,0.0,0.01699610081131983,1214.6488189697266,-15.270061492919922,-0.012571585510511666,0,0.0
2024-09-15,58.409759521484375,0.0,92.26000213623047,0.0,0.0,0.0,0.01695464785607355,0.015146002031382496,1,1,0.0,10,,5.0,-10.0,-292.0487976074219,922.6000213623047,-7.270107269287109,-7.9999542236328125,Live,0.0,0.0,0.0,0.01695464785607355,1214.6488189697266,-15.270061492919922,-0.012571585510511666,0,0.0
2024-09-16,58.36992263793945,-0.0006820244402867548,91.94000244140625,-0.003468455315573382,0.0027864308752866274,0.0027864308752866274,0.01695537949664132,0.015144792781400471,1,1,0.0,10,8.010351233617195,5.0,-10.0,-291.84961318969727,919.4000244140625,-7.0709228515625,-11.199951171875,Live,0.0,0.0,0.0,0.01695537949664132,1211.2496376037598,-18.2708740234375,-0.015084317432352879,0,0.0
2024-09-17,58.419715881347656,0.00085306337849822,91.9800033569336,0.00043507629394334835,0.00041798708455487166,0.00041798708455487166,0.01695579105951753,0.015146927849542783,1,1,0.0,10,0.8030047286626876,5.0,-10.0,-292.0985794067383,919.8000335693359,-7.319889068603516,-10.799942016601562,Live,0.0,0.0,0.0,0.01695579105951753,1211.8986129760742,-18.119831085205078,-0.014951606422510862,0,0.0
2024-09-18,58.1906623840332,-0.003920825253235893,91.56999969482422,-0.004457530410369004,0.0005367051571331105,0.0005367051571331105,0.016881032195781624,0.015124808311984858,1,1,0.0,10,1.7890263613349122,5.0,-10.0,-290.953311920166,915.6999969482422,-6.17462158203125,-14.899978637695312,Live,0.0,0.0,0.0,0.016881032195781624,1206.6533088684082,-21.074600219726562,-0.0174653316448369,1,-21.074600219726562
2024-09-19,60.16254806518555,0.033886634046863984,92.02999877929688,0.0050234693240767125,0.02886316472278727,0.02886316472278727,0.017906003294253067,0.015181115631391242,1,1,0.0,10,0.2267663013495172,5.0,-10.0,-300.81274032592773,920.2999877929688,-16.03404998779297,-10.29998779296875,Live,0.0,0.0,0.0,0.017906003294253067,1221.1127281188965,-26.33403778076172,-0.021565607477803346,1,0.0
2024-09-20,60.13267517089844,-0.0004965363876334727,91.93000030517578,-0.0010865856291154552,0.0005900492414819825,0.0005900492414819825,0.01765933821016793,0.01514073208712552,1,1,0.0,10,3.345489051866268,5.0,-10.0,-300.6633758544922,919.3000030517578,-15.884685516357422,-11.299972534179688,Live,0.0,0.0,0.0,0.01765933821016793,1219.96337890625,-27.18465805053711,-0.02228317547934048,1,0.0
2024-09-21,60.13267517089844,0.0,91.93000030517578,0.0,0.0,0.0,0.01725636885884243,0.015145764433039803,1,1,0.0,10,,5.0,-10.0,-300.6633758544922,919.3000030517578,-15.884685516357422,-11.299972534179688,Live,0.0,0.0,0.0,0.01725636885884243,1219.96337890625,-27.18465805053711,-0.02228317547934048,1,0.0
2024-09-22,60.13267517089844,0.0,91.93000030517578,0.0,0.0,0.0,0.016739153090575994,0.01515011722868511,1,1,0.0,10,,5.0,-10.0,-300.6633758544922,919.3000030517578,-15.884685516357422,-11.299972534179688,Live,0.0,0.0,0.0,0.016739153090575994,1219.96337890625,-27.18465805053711,-0.02228317547934048,1,0.0
2024-09-23,60.547698974609375,0.00690180176636801,91.5999984741211,-0.0035897077119459997,0.01049150947831401,0.01049150947831401,0.01678000658949825,0.015147705033186604,1,1,0.0,10,0.7868544949525342,5.0,-10.0,-302.7384948730469,915.9999847412109,-17.95980453491211,-14.599990844726562,Live,0.0,0.0,0.0,0.01678000658949825,1218.7384796142578,-32.55979537963867,-0.026715982078406315,1,0.0
2024-09-24,63.1016960144043,0.04218157061370631,91.87999725341797,0.0030567552834182,0.03912481533028811,0.03912481533028811,0.01840852347160013,0.015172924793144561,1,1,0.0,10,0.1055158899979352,5.0,-10.0,-315.5084800720215,918.7999725341797,-30.72978973388672,-11.800003051757812,Live,0.0,0.0,0.0,0.01840852347160013,1234.3084526062012,-42.52979278564453,-0.03445637327998872,1,0.0
2024-09-25,62.692657470703125,-0.00648221156540385,92.25,0.0040270217418652,-0.01050923330726905,0.01050923330726905,0.0184740733356596,0.015190747954538807,0,0,-1.0,10,0.91413527577636,5.0,-10.0,-313.4632873535156,922.5,-28.68459701538086,-8.0999755859375,Closed,-313.4632873535156,922.5,-36.78457260131836,0.0184740733356596,1235.9632873535156,-36.78457260131836,-0.029761865079409172,1,0.0
2024-09-26,64.0893783569336,0.022278859161189102,92.54000091552734,0.0031436413607299762,0.019135217800459126,0.019135217800459126,0.0188468069165228,0.015206554675275085,1,1,1.0,10,0.203743370533004,-3.0,10.0,192.26813507080078,-925.4000091552734,0.0,0.0,Opened,192.26813507080078,-925.4000091552734,0.0,0.0188468069165228,1117.6681442260742,0.0,0.0,0,0.0
2024-09-27,64.04946899414062,-0.0006227141503963862,92.9800033569336,0.004754727005113146,-0.0053774411555095325,0.0053774411555095325,0.018431167864239973,0.015249337548326332,0,0,-1.0,10,11.084366474405192,3.0,-10.0,-192.14840698242188,929.8000335693359,0.11972808837890625,4.4000244140625,Closed,-192.14840698242188,929.8000335693359,4.519752502441406,0.018431167864239973,1121.9484405517578,4.519752502441406,0.004028485034676512,0,4.519752502441406
2024-09-28,64.04946899414062,0.0,92.9800033569336,0.0,0.0,0.0,0.018352640712696888,0.015242626211453347,1,0,0.0,10,,0.0,0.0,0.0,0.0,0.0,0.0,,0.0,0.0,0.0,0.018352640712696888,0.0,0.0,0.0,0,0.0
2024-09-29,64.04946899414062,0.0,92.9800033569336,0.0,0.0,0.0,0.01835415326134682,0.015239071143395334,1,0,0.0,10,,0.0,0.0,0.0,0.0,0.0,0.0,,0.0,0.0,0.0,0.01835415326134682,0.0,0.0,0.0,0,0.0
2024-09-30,63.570594787597656,-0.007476630393091543,93.83000183105469,0.009141734173294225,-0.016618364566385768,0.016618364566385768,0.018440804714518824,0.015368622172785201,0,0,0.0,10,1.8047129166275342,0.0,0.0,0.0,0.0,0.0,0.0,,0.0,0.0,0.0,0.018440804714518824,0.0,0.0,0.0,0,0.0
2024-10-01,63.690311431884766,0.0018832078681521036,108.73999786376953,0.15890435619473808,-0.15702114832658598,0.15702114832658598,0.018435837963167834,0.03309146164032009,0,1,1.0,10,144.06334377238147,1441.0,-10.0,-91777.73877334595,1087.3999786376953,0.0,0.0,Opened,-91777.73877334595,1087.3999786376953,0.0,0.03309146164032009,92865.13875198364,0.0,0.0,0,0.0
2024-10-02,63.35110855102539,-0.0053258160186914205,109.29000091552734,0.0050579645260511175,-0.010383780544742538,0.010383780544742538,0.018485154970421226,0.03308468327359166,0,1,0.0,10,1.6383844987510856,-1441.0,10.0,91288.94742202759,-1092.9000091552734,-488.7913513183594,-5.500030517578125,Live,0.0,0.0,0.0,0.03308468327359166,92381.84743118286,-494.2913818359375,-0.005350524974120542,0,0.0
2024-10-03,62.76249313354492,-0.009291319930201047,108.30999755859375,-0.008966999256327712,-0.0003243206738733351,0.0003243206738733351,0.014411182616370082,0.033042749473763094,0,1,0.0,10,1.665474848219996,-1441.0,10.0,90440.75260543823,-1083.0999755859375,-1336.9861679077148,4.3000030517578125,Live,0.0,0.0,0.0,0.033042749473763094,91523.85258102417,-1332.686164855957,-0.014561080278784786,0,0.0
2024-10-04,63.580570220947266,0.013034489972564511,108.83999633789062,0.004893350486968151,0.00814113948559636,0.00814113948559636,0.014322912298541117,0.02950549749737547,1,0,-1.0,10,0.6426527657357332,-1441.0,10.0,91619.60168838501,-1088.3999633789062,-158.1370849609375,-0.9999847412109375,Closed,91619.60168838501,-1088.3999633789062,-159.13706970214844,0.02950549749737547,92708.00165176392,-159.13706970214844,-0.0017165408256766216,0,-159.13706970214844
2024-10-05,63.580570220947266,0.0,108.83999633789062,0.0,0.0,0.0,0.014198845240571014,0.02920204801687942,1,0,0.0,10,,0.0,0.0,0.0,0.0,0.0,0.0,,0.0,0.0,0.0,0.02920204801687942,0.0,0.0,0.0,0,0.0
2024-10-06,63.580570220947266,0.0,108.83999633789062,0.0,0.0,0.0,0.013317020653238844,0.029220065124891555,1,0,0.0,10,,0.0,0.0,0.0,0.0,0.0,0.0,,0.0,0.0,0.0,0.029220065124891555,0.0,0.0,0.0,0,0.0
2024-10-07,63.71026611328125,0.002039866768783094,112.38999938964844,0.032616714178645534,-0.03057684740986244,0.03057684740986244,0.013292855243151557,0.02958835676024707,0,1,1.0,10,28.20698416147386,283.0,-10.0,-18030.005310058594,1123.8999938964844,0.0,0.0,Opened,-18030.005310058594,1123.8999938964844,0.0,0.02958835676024707,19153.905303955078,0.0,0.0,0,0.0
2024-10-08,62.572940826416016,-0.017851523094299937,106.30000305175781,-0.05418628321882113,0.03633476012452119,0.03633476012452119,0.01393727141310511,0.03162809799765075,1,0,-1.0,10,5.156568566799745,-283.0,10.0,17708.142253875732,-1063.0000305175781,-321.8630561828613,60.89996337890625,Closed,17708.142253875732,-1063.0000305175781,-260.9630928039551,0.03162809799765075,18771.14228439331,-260.9630928039551,-0.01390235548003516,0,-260.9630928039551
2024-10-09,62.942073822021484,0.005899243198900894,106.52999877929688,0.0021636474217887613,0.003735595777112133,0.003735595777112133,0.013936818374350266,0.03162607516691929,1,0,0.0,10,0.6207561988032065,0.0,0.0,0.0,0.0,0.0,0.0,,0.0,0.0,0.0,0.03162607516691929,0.0,0.0,0.0,0,0.0
2024-10-10,63.56061553955078,0.009827158210234943,105.80999755859375,-0.006758671068745503,0.016585829278980446,0.016585829278980446,0.013846840664617067,0.03164506407855778,1,0,0.0,10,1.1449116452455188,0.0,0.0,0.0,0.0,0.0,0.0,,0.0,0.0,0.0,0.03164506407855778,0.0,0.0,0.0,0,0.0
2024-10-11,64.51836395263672,0.015068268375877825,106.44000244140625,0.005954114897920082,0.009114153477957743,0.009114153477957743,0.013714444075351004,0.03162647201545834,1,0,0.0,10,0.6518916138369861,0.0,0.0,0.0,0.0,0.0,0.0,,0.0,0.0,0.0,0.03162647201545834,0.0,0.0,0.0,0,0.0
2024-10-12,64.51836395263672,0.0,106.44000244140625,0.0,0.0,0.0,0.012687502056853116,0.03163505025121137,1,0,0.0,10,,0.0,0.0,0.0,0.0,0.0,0.0,,0.0,0.0,0.0,0.03163505025121137,0.0,0.0,0.0,0,0.0
2024-10-13,64.51836395263672,0.0,106.44000244140625,0.0,0.0,0.0,0.0120506096566903,0.03154706218838131,1,0,0.0,10,,0.0,0.0,0.0,0.0,0.0,0.0,,0.0,0.0,0.0,0.03154706218838131,0.0,0.0,0.0,0,0.0
2024-10-14,64.47845458984375,-0.0006185736951151988,107.11000061035156,0.006294608733348417,-0.006913182428463616,0.006913182428463616,0.0120571378152696,0.03153206250795135,0,0,0.0,10,16.904124952050854,0.0,0.0,0.0,0.0,0.0,0.0,,0.0,0.0,0.0,0.03153206250795135,0.0,0.0,0.0,0,0.0
2024-10-15,64.03949737548828,-0.006807812270745894,106.62999725341797,-0.004481405603569799,-0.0023264066671760952,0.0023264066671760952,0.012186117487387401,0.03156927547203836,0,0,0.0,10,1.0960696817047644,0.0,0.0,0.0,0.0,0.0,0.0,,0.0,0.0,0.0,0.03156927547203836,0.0,0.0,0.0,0,0.0
2024-10-16,65.36637115478516,0.02071961576332959,106.19999694824219,-0.004032639184579856,0.024752254947909447,0.024752254947909447,0.012574739497295356,0.03157483574643816,1,0,0.0,10,0.3162115996104369,0.0,0.0,0.0,0.0,0.0,0.0,,0.0,0.0,0.0,0.03157483574643816,0.0,0.0,0.0,0,0.0
2024-10-17,65.54595184326172,0.002747294752699636,105.36000061035156,-0.007909570263923915,0.010656865016623551,0.010656865016623551,0.012563892088225594,0.031655491234236235,1,0,0.0,10,4.627831327569381,0.0,0.0,0.0,0.0,0.0,0.0,,0.0,0.0,0.0,0.031655491234236235,0.0,0.0,0.0,0,0.0
2024-10-18,66.49372100830078,0.014459614032388046,105.37000274658203,9.493295532014834e-05,0.014364681077067898,0.014364681077067898,0.012616444551281228,0.03161955435964786,1,0,0.0,10,0.01040391163411915,0.0,0.0,0.0,0.0,0.0,0.0,,0.0,0.0,0.0,0.03161955435964786,0.0,0.0,0.0,0,0.0
2024-10-19,66.49372100830078,0.0,105.37000274658203,0.0,0.0,0.0,0.011351166962665386,0.031633475698200596,1,0,0.0,10,,0.0,0.0,0.0,0.0,0.0,0.0,,0.0,0.0,0.0,0.031633475698200596,0.0,0.0,0.0,0,0.0
2024-10-20,66.49372100830078,0.0,105.37000274658203,0.0,0.0,0.0,0.011345646728298341,0.03162692364238286,1,0,0.0,10,,0.0,0.0,0.0,0.0,0.0,0.0,,0.0,0.0,0.0,0.03162692364238286,0.0,0.0,0.0,0,0.0
2024-10-21,66.11460876464844,-0.005701474333268508,105.2300033569336,-0.0013286455917168594,-0.004372828741551649,0.004372828741551649,0.011452141930313783,0.031635104561334615,0,0,0.0,10,0.3709062310092702,0.0,0.0,0.0,0.0,0.0,0.0,,0.0,0.0,0.0,0.031635104561334615,0.0,0.0,0.0,0,0.0
2024-10-22,65.7155532836914,-0.0060358139965339674,104.94000244140625,-0.0027558767107863646,-0.003279937285747603,0.003279937285747603,0.011563301352813866,0.03165400475319142,0,0,0.0,10,0.72911635164867,0.0,0.0,0.0,0.0,0.0,0.0,,0.0,0.0,0.0,0.03165400475319142,0.0,0.0,0.0,0,0.0
2024-10-23,64.53832244873047,-0.017914036725505178,104.62000274658203,-0.003049358560887172,-0.014864678164618006,0.014864678164618006,0.012149360563963669,0.03164917854129277,0,0,0.0,10,0.27593836615943823,0.0,0.0,0.0,0.0,0.0,0.0,,0.0,0.0,0.0,0.03164917854129277,0.0,0.0,0.0,0,0.0
2024-10-24,64.28890991210938,-0.003864564915197932,104.4000015258789,-0.0021028600165116096,-0.0017617048986863226,0.0017617048986863226,0.009556031759544462,0.03167348168745958,0,0,0.0,10,0.8836376252184694,0.0,0.0,0.0,0.0,0.0,0.0,,0.0,0.0,0.0,0.03167348168745958,0.0,0.0,0.0,0,0.0
2024-10-25,63.85991668701172,-0.00667289623800027,104.2300033569336,-0.0016283349277842474,-0.0050445613102160225,0.0050445613102160225,0.009561012092960054,0.03169454513307808,0,0,0.0,10,0.3982848353474649,0.0,0.0,0.0,0.0,0.0,0.0,,0.0,0.0,0.0,0.03169454513307808,0.0,0.0,0.0,0,0.0
2024-10-26,63.85991668701172,0.0,104.2300033569336,0.0,0.0,0.0,0.008645216466909642,0.03170447270389805,1,0,0.0,10,,0.0,0.0,0.0,0.0,0.0,0.0,,0.0,0.0,0.0,0.03170447270389805,0.0,0.0,0.0,0,0.0
2024-10-27,63.85991668701172,0.0,104.2300033569336,0.0,0.0,0.0,0.008644624671072835,0.031714637545420664,1,0,0.0,10,,0.0,0.0,0.0,0.0,0.0,0.0,,0.0,0.0,0.0,0.031714637545420664,0.0,0.0,0.0,0,0.0
2024-10-28,65.48609161376953,0.0254647204556806,104.1500015258789,-0.0007675508824529498,0.02623227133813355,0.02623227133813355,0.0098211382265036,0.03171850543008166,1,0,0.0,10,0.04793784111698902,0.0,0.0,0.0,0.0,0.0,0.0,,0.0,0.0,0.0,0.03171850543008166,0.0,0.0,0.0,0,0.0
2024-10-29,65.51602172851562,0.0004570453665584395,104.08999633789062,-0.0005761419789646061,0.0010331873455230456,0.0010331873455230456,0.009820231203898874,0.031721334481461326,1,0,0.0,10,2.002772799844582,0.0,0.0,0.0,0.0,0.0,0.0,,0.0,0.0,0.0,0.031721334481461326,0.0,0.0,0.0,0,0.0
2024-10-30,64.38867950439453,-0.01720712269118785,104.08000183105469,-9.601793820313009e-05,-0.017111104752984718,0.017111104752984718,0.010254175010551385,0.03171673912118361,0,0,0.0,10,0.009019903544242942,0.0,0.0,0.0,0.0,0.0,0.0,,0.0,0.0,0.0,0.03171673912118361,0.0,0.0,0.0,0,0.0
2024-10-31,63.44089889526367,-0.014719677689090882,104.08000183105469,0.0,-0.014719677689090882,0.014719677689090882,0.010617272264015569,0.012209892163621028,0,0,0.0,10,0.0,0.0,0.0,0.0,0.0,0.0,0.0,,0.0,0.0,0.0,0.012209892163621028,0.0,0.0,0.0,0,0.0
2024-11-01,63.71026611328125,0.00424595525454774,102.48999786376953,-0.015276748071796686,0.019522703326344426,0.019522703326344426,0.010597886752076761,0.012402763442935208,1,1,1.0,10,5.787987288182805,-58.0,10.0,3695.1954345703125,-1024.8999786376953,0.0,0.0,Opened,3695.1954345703125,-1024.8999786376953,0.0,0.012402763442935208,4720.095413208008,0.0,0.0,0,0.0
2024-11-02,63.71026611328125,0.0,102.48999786376953,0.0,0.0,0.0,0.010444312470614414,0.012338535145238283,1,1,0.0,10,,58.0,-10.0,-3695.1954345703125,1024.8999786376953,0.0,0.0,Live,0.0,0.0,0.0,0.012338535145238283,4720.095413208008,0.0,0.0,0,0.0
2024-11-03,63.71026611328125,0.0,102.48999786376953,0.0,0.0,0.0,0.01017478900191204,0.012279690408980495,1,1,0.0,10,,58.0,-10.0,-3695.1954345703125,1024.8999786376953,0.0,0.0,Live,0.0,0.0,0.0,0.012279690408980495,4720.095413208008,0.0,0.0,0,0.0
2024-11-04,63.39101791381836,-0.005010938094266448,103.91000366210938,0.01385506710837614,-0.01886600520264259,0.01886600520264259,0.010217829464154438,0.012610763749580652,0,0,-1.0,10,4.532306073563626,58.0,-10.0,-3676.679039001465,1039.1000366210938,18.516395568847656,14.200057983398438,Closed,-3676.679039001465,1039.1000366210938,32.716453552246094,0.012610763749580652,4715.779075622559,32.716453552246094,0.00693765611738862,0,32.716453552246094
2024-11-05,64.51836395263672,0.01778400278018899,105.08999633789062,0.011355910251127588,0.006428092529061402,0.006428092529061402,0.010724118899512166,0.012824890103196814,1,0,0.0,10,1.0400889077102384,0.0,0.0,0.0,0.0,0.0,0.0,,0.0,0.0,0.0,0.012824890103196814,0.0,0.0,0.0,0,0.0
2024-11-06,69.72612762451172,0.0807175407562728,104.01000213623047,-0.010276850692693018,0.09099439144896582,0.09099439144896582,0.018151162180051274,0.011229619362818712,1,1,1.0,10,0.18992042963641276,-2.0,10.0,139.45225524902344,-1040.1000213623047,0.0,0.0,Opened,139.45225524902344,-1040.1000213623047,0.0,0.018151162180051274,1179.5522766113281,0.0,0.0,0,0.0
2024-11-07,69.50663757324219,-0.003147888155377365,105.22000122070312,0.011633487737917836,-0.014781375893295201,0.014781375893295201,0.01775833209383048,0.005997510283862538,0,0,-1.0,10,5.59451787385731,2.0,-10.0,-139.01327514648438,1052.2000122070312,0.4389801025390625,12.099990844726562,Closed,-139.01327514648438,1052.2000122070312,12.538970947265625,0.01775833209383048,1191.2132873535156,12.538970947265625,0.010526218167968136,0,12.538970947265625
2024-11-08,69.10757446289062,-0.005741366929612357,103.81999969482422,-0.013305469584079854,0.007564102654467497,0.007564102654467497,0.01783464419397023,0.006426023436239147,1,0,0.0,10,3.481531075716792,0.0,0.0,0.0,0.0,0.0,0.0,,0.0,0.0,0.0,0.01783464419397023,0.0,0.0,0.0,0,0.0
2024-11-09,69.10757446289062,0.0,103.81999969482422,0.0,0.0,0.0,0.01780023785930897,0.006329059693850827,1,0,0.0,10,,0.0,0.0,0.0,0.0,0.0,0.0,,0.0,0.0,0.0,0.01780023785930897,0.0,0.0,0.0,0,0.0
2024-11-10,69.10757446289062,0.0,103.81999969482422,0.0,0.0,0.0,0.01765825765754184,0.006208215484855047,1,0,0.0,10,,0.0,0.0,0.0,0.0,0.0,0.0,,0.0,0.0,0.0,0.01765825765754184,0.0,0.0,0.0,0,0.0
2024-11-11,68.44912719726562,-0.009527859583301823,103.0999984741211,-0.006935091724326159,-0.002592767858975664,0.002592767858975664,0.017788826833191582,0.00630530426108135,0,0,0.0,10,1.0963459218102998,0.0,0.0,0.0,0.0,0.0,0.0,,0.0,0.0,0.0,0.017788826833191582,0.0,0.0,0.0,0,0.0
2024-11-12,66.72318267822266,-0.025214996738657014,102.95999908447266,-0.0013578990467548735,-0.02385709769190214,0.02385709769190214,0.018474946872807447,0.0063024324071412115,0,1,1.0,10,0.08309986979300435,1.0,-10.0,-66.72318267822266,1029.5999908447266,0.0,0.0,Opened,-66.72318267822266,1029.5999908447266,0.0,0.018474946872807447,1096.3231735229492,0.0,0.0,0,0.0
2024-11-13,65.67565155029297,-0.01569965768841519,102.87999725341797,-0.0007770185680464614,-0.01492263912036873,0.01492263912036873,0.01873179107729554,0.006147112576416681,0,1,0.0,10,0.0775296400727187,-1.0,10.0,65.67565155029297,-1028.7999725341797,-1.0475311279296875,0.800018310546875,Live,0.0,0.0,0.0,0.01873179107729554,1094.4756240844727,-0.2475128173828125,-0.00022614740057811395,0,0.0
2024-11-14,64.94735717773438,-0.011089259952006492,102.22000122070312,-0.006415202666550601,-0.00467405728545589,0.00467405728545589,0.018807732499746863,0.006191344144694659,0,1,0.0,10,0.9105047483215507,-1.0,10.0,64.94735717773438,-1022.2000122070312,-1.7758255004882812,7.3999786376953125,Live,0.0,0.0,0.0,0.018807732499746863,1087.1473693847656,5.624153137207031,0.005173312556870584,0,0.0
2024-11-15,64.89747619628906,-0.0007680217273323686,101.62999725341797,-0.005771903348066654,0.005003881620734285,0.005003881620734285,0.018421667138504513,0.006225010199144436,1,0,-1.0,10,11.769002354928816,-1.0,10.0,64.89747619628906,-1016.2999725341797,-1.8257064819335938,13.300018310546875,Closed,64.89747619628906,-1016.2999725341797,11.474311828613281,0.018421667138504513,1081.1974487304688,11.474311828613281,0.010612596100819794,0,11.474311828613281
2024-11-16,64.89747619628906,0.0,101.62999725341797,0.0,0.0,0.0,0.01841394784775482,0.006108234920920752,1,0,0.0,10,,0.0,0.0,0.0,0.0,0.0,0.0,,0.0,0.0,0.0,0.01841394784775482,0.0,0.0,0.0,0,0.0
2024-11-17,64.89747619628906,0.0,101.62999725341797,0.0,0.0,0.0,0.018205797822908803,0.006107574751236747,1,0,0.0,10,,0.0,0.0,0.0,0.0,0.0,0.0,,0.0,0.0,0.0,0.018205797822908803,0.0,0.0,0.0,0,0.0
2024-11-18,66.24431610107422,0.020753347953185397,101.76000213623047,0.0012791979368880213,0.019474150016297376,0.019474150016297376,0.018621092670055996,0.006120590947458874,1,1,1.0,10,0.0946843210433664,-1.0,10.0,66.24431610107422,-1017.6000213623047,0.0,0.0,Opened,66.24431610107422,-1017.6000213623047,0.0,0.018621092670055996,1083.844337463379,0.0,0.0,0,0.0
2024-11-19,66.83292388916016,0.008885408178836762,101.88999938964844,0.0012774887056699047,0.007607919473166858,0.007607919473166858,0.018691018224104124,0.006133250003326883,1,1,0.0,10,0.21919002389042383,1.0,-10.0,-66.83292388916016,1018.8999938964844,-0.5886077880859375,1.2999725341796875,Live,0.0,0.0,0.0,0.018691018224104124,1085.7329177856445,0.71136474609375,0.0006551931275553296,0,0.0
2024-11-20,66.95264434814453,0.001791339537724257,101.94999694824219,0.0005888463927092857,0.0012024931450149712,0.0012024931450149712,0.018657632208275658,0.006140778929888386,1,1,0.0,10,0.5005455329627335,1.0,-10.0,-66.95264434814453,1019.4999694824219,-0.7083282470703125,1.8999481201171875,Live,0.0,0.0,0.0,0.018657632208275658,1086.4526138305664,1.191619873046875,0.001096798753924034,0,0.0
2024-11-21,68.3194351196289,0.020414291097708537,102.0199966430664,0.0006866081110306066,0.01972768298667793,0.01972768298667793,0.018956637858369596,0.006139710521784583,1,1,0.0,10,0.05022450489897849,1.0,-10.0,-68.3194351196289,1020.1999664306641,-2.0751190185546875,2.599945068359375,Live,0.0,0.0,0.0,0.018956637858369596,1088.519401550293,0.5248260498046875,0.0004821467114478794,0,0.0
2024-11-22,68.4890365600586,0.0024824772062694844,101.94999694824219,-0.0006861370037986037,0.003168614210068088,0.003168614210068088,0.01860006515119023,0.0061266211222347645,1,1,0.0,10,0.41142599894598814,1.0,-10.0,-68.4890365600586,1019.4999694824219,-2.244720458984375,1.8999481201171875,Live,0.0,0.0,0.0,0.01860006515119023,1087.9890060424805,-0.3447723388671875,-0.0003168895429571334,0,0.0
2024-11-23,68.4890365600586,0.0,101.94999694824219,0.0,0.0,0.0,0.018570372473087057,0.006123741345812391,1,1,0.0,10,,1.0,-10.0,-68.4890365600586,1019.4999694824219,-2.244720458984375,1.8999481201171875,Live,0.0,0.0,0.0,0.018570372473087057,1087.9890060424805,-0.3447723388671875,-0.0003168895429571334,0,0.0
2024-11-24,68.4890365600586,0.0,101.94999694824219,0.0,0.0,0.0,0.01849935099666478,0.00612311615197083,1,1,0.0,10,,1.0,-10.0,-68.4890365600586,1019.4999694824219,-2.244720458984375,1.8999481201171875,Live,0.0,0.0,0.0,0.01849935099666478,1087.9890060424805,-0.3447723388671875,-0.0003168895429571334,0,0.0
2024-11-25,68.72846984863281,0.003495936000855515,102.01000213623047,0.0005885746913631973,0.002907361309492318,0.002907361309492318,0.018494098393834573,0.006126440871013849,1,1,0.0,10,0.24988730409049,1.0,-10.0,-68.72846984863281,1020.1000213623047,-2.4841537475585938,2.5,Live,0.0,0.0,0.0,0.018494098393834573,1088.8284912109375,0.01584625244140625,1.4553488055573275e-05,0,0.0
2024-11-26,68.11990356445312,-0.008854646197128946,102.05999755859375,0.0004901031400481592,-0.009344749337177105,0.009344749337177105,0.018607534291380595,0.006129022639759904,0,0,-1.0,10,0.08292735264248434,1.0,-10.0,-68.11990356445312,1020.5999755859375,-1.8755874633789062,2.9999542236328125,Closed,-68.11990356445312,1020.5999755859375,1.1243667602539062,0.018607534291380595,1088.7198791503906,1.1243667602539062,0.00103274201361266,0,1.1243667602539062
2024-11-27,68.26954650878906,0.0021967580179316215,102.16999816894531,0.0010778033801970288,0.0011189546377345927,0.0011189546377345927,0.018087070547742407,0.006137398093859065,1,0,0.0,10,0.7342664563494614,0.0,0.0,0.0,0.0,0.0,0.0,,0.0,0.0,0.0,0.018087070547742407,0.0,0.0,0.0,0,0.0
2024-11-28,68.26954650878906,0.0,102.16999816894531,0.0,0.0,0.0,0.01808820787072191,0.006138445853020338,1,0,0.0,10,,0.0,0.0,0.0,0.0,0.0,0.0,,0.0,0.0,0.0,0.01808820787072191,0.0,0.0,0.0,0,0.0
2024-11-29,68.58879852294922,0.004676345903646073,102.44000244140625,0.0026426962640682117,0.0020336496395778614,0.0020336496395778614,0.017744681937271967,0.006166533658479379,1,0,0.0,10,0.8440282980845083,0.0,0.0,0.0,0.0,0.0,0.0,,0.0,0.0,0.0,0.017744681937271967,0.0,0.0,0.0,0,0.0
2024-11-30,68.58879852294922,0.0,102.44000244140625,0.0,0.0,0.0,0.017460341947441692,0.006166533658479379,1,0,0.0,10,,0.0,0.0,0.0,0.0,0.0,0.0,,0.0,0.0,0.0,0.017460341947441692,0.0,0.0,0.0,0,0.0
2024-12-01,68.58879852294922,0.0,102.44000244140625,0.0,0.0,0.0,0.017464974684215324,0.005499871347691067,1,0,0.0,10,,0.0,0.0,0.0,0.0,0.0,0.0,,0.0,0.0,0.0,0.017464974684215324,0.0,0.0,0.0,0,0.0
2024-12-02,68.0999526977539,-0.007127196214579357,105.31999969482422,0.02811399048008889,-0.03524118669466825,0.03524118669466825,0.017549897192946036,0.007523187581231527,0,1,1.0,10,6.100533510944594,62.0,-10.0,-4222.197067260742,1053.1999969482422,0.0,0.0,Opened,-4222.197067260742,1053.1999969482422,0.0,0.017549897192946036,5275.397064208984,0.0,0.0,0,0.0
2024-12-03,68.29948425292969,0.0029299808189493515,106.08000183105469,0.0072161236083616576,-0.004286142789412306,0.004286142789412306,0.017544421310812675,0.007607137979326094,0,1,0.0,10,3.8252099863110347,-62.0,10.0,4234.568023681641,-1060.8000183105469,12.370956420898438,-7.6000213623046875,Live,0.0,0.0,0.0,0.017544421310812675,5295.3680419921875,4.77093505859375,0.0009009638273978896,0,0.0
2024-12-04,67.31179809570312,-0.014461107108348248,106.29000091552734,0.0019796293443423707,-0.01644073645269062,0.01644073645269062,0.01776670527722342,0.007223940958723725,0,1,0.0,10,0.2161640949004419,-62.0,10.0,4173.331481933594,-1062.9000091552734,-48.86558532714844,-9.70001220703125,Live,0.0,0.0,0.0,0.01776670527722342,5236.231491088867,-58.56559753417969,-0.011184684564433008,0,0.0
2024-12-05,66.96263122558594,-0.005187305643220896,106.29000091552734,0.0,-0.005187305643220896,0.005187305643220896,0.017563516573353265,0.006942716431793595,0,1,0.0,10,0.0,-62.0,10.0,4151.683135986328,-1062.9000091552734,-70.51393127441406,-9.70001220703125,Live,0.0,0.0,0.0,0.017563516573353265,5214.583145141602,-80.21394348144531,-0.015382618561980395,0,0.0
2024-12-06,65.28656768798828,-0.02502983390768021,104.11000061035156,-0.020509928369539798,-0.004519905538140412,0.004519905538140412,0.010131880465767362,0.007695970461539019,0,1,0.0,10,1.3066966805900733,-62.0,10.0,4047.7671966552734,-1041.1000061035156,-174.42987060546875,12.099990844726562,Live,0.0,0.0,0.0,0.010131880465767362,5088.867202758789,-162.3298797607422,-0.031899020605752795,1,-162.3298797607422
2024-12-07,65.28656768798828,0.0,104.11000061035156,0.0,0.0,0.0,0.010137389629508692,0.007379304527033999,1,0,-1.0,10,,-62.0,10.0,4047.7671966552734,-1041.1000061035156,-174.42987060546875,12.099990844726562,Closed,4047.7671966552734,-1041.1000061035156,-162.3298797607422,0.010137389629508692,5088.867202758789,-162.3298797607422,-0.031899020605752795,1,0.0
2024-12-08,65.28656768798828,0.0,104.11000061035156,0.0,0.0,0.0,0.010119200576013546,0.006960335225344797,1,0,0.0,10,,0.0,0.0,0.0,0.0,0.0,0.0,,0.0,0.0,0.0,0.010119200576013546,0.0,0.0,0.0,0,0.0
2024-12-09,65.80534362792969,0.007946135909927099,106.33999633789062,0.021419611127322824,-0.013473475217395725,0.013473475217395725,0.010271986558114935,0.007972944636369576,0,1,1.0,10,4.3560321131773545,44.0,-10.0,-2895.4351196289062,1063.3999633789062,0.0,0.0,Opened,-2895.4351196289062,1063.3999633789062,0.0,0.010271986558114935,3958.8350830078125,0.0,0.0,0,0.0
2024-12-10,64.90745544433594,-0.013644608995137308,105.62999725341797,-0.006676689006238634,-0.006967919988898674,0.006967919988898674,0.010499197197518236,0.008089257275235292,0,1,0.0,10,0.7963293770653284,-44.0,10.0,2855.9280395507812,-1056.2999725341797,-39.507080078125,7.0999908447265625,Live,0.0,0.0,0.0,0.010499197197518236,3912.228012084961,-32.40708923339844,-0.008283537956707075,0,0.0
2024-12-11,64.92741394042969,0.00030749158100751295,105.5199966430664,-0.0010413766279635528,0.0013488682089710657,0.0013488682089710657,0.010410322249430202,0.00797045054766774,1,0,-1.0,10,5.504035931350562,-44.0,10.0,2856.8062133789062,-1055.199966430664,-38.62890625,8.199996948242188,Closed,2856.8062133789062,-1055.199966430664,-30.428909301757812,0.010410322249430202,3912.0061798095703,-30.428909301757812,-0.007778338761018787,0,-30.428909301757812
2024-12-12,63.42094421386719,-0.02320236761539085,105.48999786376953,-0.00028429473323765553,-0.022918072882153195,0.022918072882153195,0.010258987041785112,0.00796281489326357,0,1,1.0,10,0.020380512026345426,1.0,-10.0,-63.42094421386719,1054.8999786376953,0.0,0.0,Opened,-63.42094421386719,1054.8999786376953,0.0,0.010258987041785112,1118.3209228515625,0.0,0.0,0,0.0
2024-12-13,61.88455581665039,-0.024225252655271312,105.30999755859375,-0.0017063258016957183,-0.022518926853575594,0.022518926853575594,0.0107673889138382,0.007971125331330197,0,1,0.0,10,0.11986184746125779,-1.0,10.0,61.88455581665039,-1053.0999755859375,-1.5363883972167969,1.8000030517578125,Live,0.0,0.0,0.0,0.0107673889138382,1114.984531402588,0.2636146545410156,0.0002364289791620725,0,0.0
2024-12-14,61.88455581665039,0.0,105.30999755859375,0.0,0.0,0.0,0.010631372990957299,0.007855857441827827,1,0,-1.0,10,,-1.0,10.0,61.88455581665039,-1053.0999755859375,-1.5363883972167969,1.8000030517578125,Closed,61.88455581665039,-1053.0999755859375,0.2636146545410156,0.010631372990957299,1114.984531402588,0.2636146545410156,0.0002364289791620725,0,0.2636146545410156
2024-12-15,61.88455581665039,0.0,105.30999755859375,0.0,0.0,0.0,0.010634255308691885,0.007753726605356941,1,0,0.0,10,,0.0,0.0,0.0,0.0,0.0,0.0,,0.0,0.0,0.0,0.010634255308691885,0.0,0.0,0.0,0,0.0
2024-12-16,61.006622314453125,-0.014186633330590226,105.41000366210938,0.0009496354176627975,-0.015136268748253023,0.015136268748253023,0.010876611429889351,0.0077505322844321906,0,1,1.0,10,0.1156597921562851,2.0,-10.0,-122.01324462890625,1054.1000366210938,0.0,0.0,Opened,-122.01324462890625,1054.1000366210938,0.0,0.010876611429889351,1176.11328125,0.0,0.0,0,0.0
2024-12-17,59.88924789428711,-0.01831562505471307,105.58000183105469,0.0016127327866359842,-0.019928357841349054,0.019928357841349054,0.01126742176350218,0.007747178134369399,0,1,0.0,10,0.1552292205931662,-2.0,10.0,119.77849578857422,-1055.8000183105469,-2.2347488403320312,-1.699981689453125,Live,0.0,0.0,0.0,0.01126742176350218,1175.578514099121,-3.9347305297851562,-0.003347058901293761,0,0.0
2024-12-18,57.61458969116211,-0.03798107812507667,104.7300033569336,-0.008050752598785071,-0.0299303255262916,0.0299303255262916,0.01213679136872413,0.007933104407679288,0,1,0.0,10,0.3853078317910821,-2.0,10.0,115.22917938232422,-1047.300033569336,-6.784065246582031,6.8000030517578125,Live,0.0,0.0,0.0,0.01213679136872413,1162.5292129516602,0.01593780517578125,1.3709595421963792e-05,0,0.0
2024-12-19,56.946163177490234,-0.011601688344131555,104.08000183105469,-0.006206449967003369,-0.0053952383771281864,0.0053952383771281864,0.011928189905896244,0.008040680335187431,0,1,0.0,10,0.9777433859532421,-2.0,10.0,113.89232635498047,-1040.8000183105469,-8.120918273925781,13.300018310546875,Live,0.0,0.0,0.0,0.011928189905896244,1154.6923446655273,5.179100036621094,0.0044852640277279155,0,0.0
2024-12-20,56.686771392822266,-0.004555035320983669,103.83999633789062,-0.0023059712619303285,-0.0022490640590533406,0.0022490640590533406,0.011855010986809121,0.008059905616379974,0,1,0.0,10,0.9273530046595395,-2.0,10.0,113.37354278564453,-1038.3999633789062,-8.639701843261719,15.7000732421875,Live,0.0,0.0,0.0,0.011855010986809121,1151.7735061645508,7.060371398925781,0.006129999831683127,0,0.0
2024-12-21,56.686771392822266,0.0,103.83999633789062,0.0,0.0,0.0,0.010862734702794873,0.008060754236911258,1,0,-1.0,10,,-2.0,10.0,113.37354278564453,-1038.3999633789062,-8.639701843261719,15.7000732421875,Closed,113.37354278564453,-1038.3999633789062,7.060371398925781,0.010862734702794873,1151.7735061645508,7.060371398925781,0.006129999831683127,0,7.060371398925781
2024-12-22,56.686771392822266,0.0,103.83999633789062,0.0,0.0,0.0,0.010804046974877453,0.008057891119609749,1,0,0.0,10,,0.0,0.0,0.0,0.0,0.0,0.0,,0.0,0.0,0.0,0.010804046974877453,0.0,0.0,0.0,0,0.0
2024-12-23,57.03135681152344,0.006078762473757715,103.83999633789062,0.0,0.006078762473757715,0.006078762473757715,0.01098042771686911,0.008057891119609749,1,0,0.0,10,0.0,0.0,0.0,0.0,0.0,0.0,0.0,,0.0,0.0,0.0,0.01098042771686911,0.0,0.0,0.0,0,0.0
2024-12-24,57.20115661621094,0.0029773060677593666,104.08000183105469,0.0023113010557425095,0.000666005012016857,0.000666005012016857,0.011049992371505323,0.008062573033459986,1,0,0.0,10,1.4125229604267373,0.0,0.0,0.0,0.0,0.0,0.0,,0.0,0.0,0.0,0.011049992371505323,0.0,0.0,0.0,0,0.0
2024-12-25,57.20115661621094,0.0,104.08000183105469,0.0,0.0,0.0,0.010965319359646774,0.008063621618736869,1,0,0.0,10,,0.0,0.0,0.0,0.0,0.0,0.0,,0.0,0.0,0.0,0.010965319359646774,0.0,0.0,0.0,0,0.0
2024-12-26,57.32101058959961,0.002095306816832787,104.08000183105469,0.0,0.002095306816832787,0.002095306816832787,0.011050380560405741,0.00806456017050664,1,0,0.0,10,0.0,0.0,0.0,0.0,0.0,0.0,0.0,,0.0,0.0,0.0,0.011050380560405741,0.0,0.0,0.0,0,0.0
2024-12-27,56.62185287475586,-0.012197232875908237,103.9000015258789,-0.0017294417948604535,-0.010467791081047784,0.010467791081047784,0.011009130826750561,0.008076120167770274,0,0,0.0,10,0.260181319288127,0.0,0.0,0.0,0.0,0.0,0.0,,0.0,0.0,0.0,0.011009130826750561,0.0,0.0,0.0,0,0.0
2024-12-28,56.62185287475586,0.0,103.9000015258789,0.0,0.0,0.0,0.011009130826750561,0.008076120167770274,1,0,0.0,10,,0.0,0.0,0.0,0.0,0.0,0.0,,0.0,0.0,0.0,0.011009130826750561,0.0,0.0,0.0,0,0.0
2024-12-29,56.62185287475586,0.0,103.9000015258789,0.0,0.0,0.0,0.010882837159484958,0.008067379208786418,1,0,0.0,10,,0.0,0.0,0.0,0.0,0.0,0.0,,0.0,0.0,0.0,0.010882837159484958,0.0,0.0,0.0,0,0.0
2024-12-30,56.20235824584961,-0.00740870543099581,103.77999877929688,-0.0011549831070227778,-0.006253722323973032,0.006253722323973032,0.010818518787121886,0.008072616937878708,0,0,0.0,10,0.2878673612994051,0.0,0.0,0.0,0.0,0.0,0.0,,0.0,0.0,0.0,0.010818518787121886,0.0,0.0,0.0,0,0.0
2024-12-31,56.68178176879883,0.008530309722094565,103.61000061035156,-0.0016380629306697037,0.010168372652764268,0.010168372652764268,0.01110517429590381,0.008081402552436284,1,0,0.0,10,0.35101361733704467,0.0,0.0,0.0,0.0,0.0,0.0,,0.0,0.0,0.0,0.01110517429590381,0.0,0.0,0.0,0,0.0
2025-01-01,56.68178176879883,0.0,103.61000061035156,0.0,0.0,0.0,0.01116240939923912,0.006159576409301883,1,0,0.0,10,,0.0,0.0,0.0,0.0,0.0,0.0,,0.0,0.0,0.0,0.01116240939923912,0.0,0.0,0.0,0,0.0
2025-01-02,57.56072235107422,0.0155065799776819,100.61000061035156,-0.028954733928457044,0.044461313906138944,0.044461313906138944,0.011732428703211019,0.007888943559504836,1,1,1.0,10,3.2637619219420144,-33.0,10.0,1899.5038375854492,-1006.1000061035156,0.0,0.0,Opened,1899.5038375854492,-1006.1000061035156,0.0,0.011732428703211019,2905.603843688965,0.0,0.0,0,0.0
2025-01-03,57.3110237121582,-0.004338003915118627,99.44000244140625,-0.011629044447346248,0.007291040532227622,0.007291040532227622,0.011614316960462733,0.008057564235654274,1,1,0.0,10,4.651328911226718,33.0,-10.0,-1891.2637825012207,994.4000244140625,8.240055084228516,-11.699981689453125,Live,0.0,0.0,0.0,0.011614316960462733,2885.663806915283,-3.4599266052246094,-0.0011990054409433098,0,0.0
2025-01-04,57.3110237121582,0.0,99.44000244140625,0.0,0.0,0.0,0.011654305332942615,0.008057564235654274,1,1,0.0,10,,33.0,-10.0,-1891.2637825012207,994.4000244140625,8.240055084228516,-11.699981689453125,Live,0.0,0.0,0.0,0.011654305332942615,2885.663806915283,-3.4599266052246094,-0.0011990054409433098,0,0.0
2025-01-05,57.3110237121582,0.0,99.44000244140625,0.0,0.0,0.0,0.01105970977033904,0.007282043199979519,1,1,0.0,10,,33.0,-10.0,-1891.2637825012207,994.4000244140625,8.240055084228516,-11.699981689453125,Live,0.0,0.0,0.0,0.01105970977033904,2885.663806915283,-3.4599266052246094,-0.0011990054409433098,0,0.0
2025-01-06,58.15999984741211,0.014813487532832292,99.44000244140625,0.0,0.014813487532832292,0.014813487532832292,0.011575752143049805,0.007282043199979519,1,1,0.0,10,0.0,33.0,-10.0,-1919.2799949645996,994.4000244140625,-19.77615737915039,-11.699981689453125,Live,0.0,0.0,0.0,0.011575752143049805,2913.680019378662,-31.476139068603516,-0.010802881187796234,0,0.0
2025-01-07,58.00019454956055,-0.0027476839455093938,97.83999633789062,-0.016090165569519255,0.013342481624009861,0.013342481624009861,0.011555665208899262,0.007745340267715962,1,1,0.0,10,9.878265948546519,33.0,-10.0,-1914.006420135498,978.3999633789062,-14.502582550048828,-27.700042724609375,Live,0.0,0.0,0.0,0.011555665208899262,2892.4063835144043,-42.2026252746582,-0.014590835338767337,1,-42.2026252746582
2025-01-08,57.680580139160156,-0.005510574798629042,97.73999786376953,-0.0010220613027800418,-0.004488513495849,0.004488513495849,0.011340284202493948,0.006361660997229348,0,0,-1.0,10,0.3142843452910802,33.0,-10.0,-1903.4591445922852,977.3999786376953,-3.9553070068359375,-28.700027465820312,Closed,-1903.4591445922852,977.3999786376953,-32.65533447265625,0.011340284202493948,2880.8591232299805,-32.65533447265625,-0.011335276414364728,0,0.0
2025-01-09,57.680580139160156,0.0,98.08999633789062,0.0035809134619475547,-0.0035809134619475547,0.0035809134619475547,0.011226465532360301,0.006420788221950463,0,0,0.0,10,inf,0.0,0.0,0.0,0.0,0.0,0.0,,0.0,0.0,0.0,0.011226465532360301,0.0,0.0,0.0,0,0.0
2025-01-10,57.06132507324219,-0.010735936851258288,98.08999633789062,0.0,-0.010735936851258288,0.010735936851258288,0.011265907273550984,0.006431446097920961,0,0,0.0,10,0.0,0.0,0.0,0.0,0.0,0.0,0.0,,0.0,0.0,0.0,0.011265907273550984,0.0,0.0,0.0,0,0.0
2025-01-11,57.06132507324219,0.0,98.08999633789062,0.0,0.0,0.0,0.010701043257485198,0.0064348956719647125,1,0,0.0,10,,0.0,0.0,0.0,0.0,0.0,0.0,,0.0,0.0,0.0,0.010701043257485198,0.0,0.0,0.0,0,0.0
2025-01-12,57.06132507324219,0.0,98.08999633789062,0.0,0.0,0.0,0.009969045204120074,0.006448774681883207,1,0,0.0,10,,0.0,0.0,0.0,0.0,0.0,0.0,,0.0,0.0,0.0,0.009969045204120074,0.0,0.0,0.0,0,0.0
2025-01-13,58.379737854003906,0.023105190408204468,98.72000122070312,0.006422723074046344,0.016682467334158124,0.016682467334158124,0.011018329708481411,0.006633257994653014,1,1,1.0,10,0.4700593078947586,-5.0,10.0,291.89868927001953,-987.2000122070312,0.0,0.0,Opened,291.89868927001953,-987.2000122070312,0.0,0.011018329708481411,1279.0987014770508,0.0,0.0,0,0.0
2025-01-14,58.77925491333008,0.006843419892108571,99.98999786376953,0.012864633583493879,-0.006021213691385308,0.006021213691385308,0.011128929651813614,0.0071698422218200815,0,0,-1.0,10,3.197839889474229,5.0,-10.0,-293.8962745666504,999.8999786376953,-1.9975852966308594,12.699966430664062,Closed,-293.8962745666504,999.8999786376953,10.702381134033203,0.011128929651813614,1293.7962532043457,10.702381134033203,0.008272076153819901,0,10.702381134033203
2025-01-15,59.7181282043457,0.015972868189635836,100.19999694824219,0.002100200909682659,0.013872667279953177,0.013872667279953177,0.011318393128129258,0.007187566771556668,1,1,1.0,10,0.22061724448358386,-3.0,10.0,179.1543846130371,-1001.9999694824219,0.0,0.0,Opened,179.1543846130371,-1001.9999694824219,0.0,0.011318393128129258,1181.154354095459,0.0,0.0,0,0.0
2025-01-16,59.72811508178711,0.0001672335979325812,100.48999786376953,0.002894220801993974,-0.002726987204061393,0.002726987204061393,0.010815445545477483,0.0072114740732054025,0,0,-1.0,10,29.11737064843807,3.0,-10.0,-179.18434524536133,1004.8999786376953,-0.02996063232421875,2.9000091552734375,Closed,-179.18434524536133,1004.8999786376953,2.8700485229492188,0.010815445545477483,1184.0843238830566,2.8700485229492188,0.0024238548429872404,0,2.8700485229492188
2025-01-17,60.25748062133789,0.0088629205664017,101.20999908447266,0.0071649043288786185,0.0016980162375230812,0.0016980162375230812,0.008217230226917832,0.00727837120180859,1,0,0.0,10,1.3578318451410645,0.0,0.0,0.0,0.0,0.0,0.0,,0.0,0.0,0.0,0.008217230226917832,0.0,0.0,0.0,0,0.0
2025-01-18,60.25748062133789,0.0,101.20999908447266,0.0,0.0,0.0,0.007842431904752452,0.0072165478028048,1,0,0.0,10,,0.0,0.0,0.0,0.0,0.0,0.0,,0.0,0.0,0.0,0.007842431904752452,0.0,0.0,0.0,0,0.0
2025-01-19,60.25748062133789,0.0,101.20999908447266,0.0,0.0,0.0,0.007756464628640643,0.007213404250869824,1,0,0.0,10,,0.0,0.0,0.0,0.0,0.0,0.0,,0.0,0.0,0.0,0.007756464628640643,0.0,0.0,0.0,0,0.0
2025-01-20,60.25748062133789,0.0,101.20999908447266,0.0,0.0,0.0,0.007756464628640643,0.007213404250869824,1,0,0.0,10,,0.0,0.0,0.0,0.0,0.0,0.0,,0.0,0.0,0.0,0.007756464628640643,0.0,0.0,0.0,0,0.0
2025-01-21,61.136417388916016,0.014586351080647209,101.20999908447266,0.0,0.014586351080647209,0.014586351080647209,0.008073122857911775,0.007213404250869824,1,0,0.0,10,0.0,0.0,0.0,0.0,0.0,0.0,0.0,,0.0,0.0,0.0,0.008073122857911775,0.0,0.0,0.0,0,0.0
2025-01-22,60.34736633300781,-0.012906399975790128,101.4000015258789,0.0018773089924413178,-0.014783708968231446,0.014783708968231446,0.00851903800585178,0.007228972879129641,0,1,1.0,10,0.24440510926425646,3.0,-10.0,-181.04209899902344,1014.0000152587891,0.0,0.0,Opened,-181.04209899902344,1014.0000152587891,0.0,0.00851903800585178,1195.0421142578125,0.0,0.0,0,0.0
2025-01-23,60.736900329589844,0.006454863240137332,101.33999633789062,-0.0005917671310189387,0.0070466303711562706,0.0070466303711562706,0.008557485959256345,0.007205741850462278,1,0,-1.0,10,0.15296499397893723,-3.0,10.0,182.21070098876953,-1013.3999633789062,1.1686019897460938,0.6000518798828125,Closed,182.21070098876953,-1013.3999633789062,1.7686538696289062,0.008557485959256345,1195.6106643676758,1.7686538696289062,0.0014792891384623912,0,1.7686538696289062
2025-01-24,60.617042541503906,-0.0019733932327057335,101.33999633789062,0.0,-0.0019733932327057335,0.0019733932327057335,0.00858123128778467,0.007205741850462278,0,0,0.0,10,0.0,0.0,0.0,0.0,0.0,0.0,0.0,,0.0,0.0,0.0,0.00858123128778467,0.0,0.0,0.0,0,0.0
2025-01-25,60.617042541503906,0.0,101.33999633789062,0.0,0.0,0.0,0.008588705723390017,0.007205741850462278,1,0,0.0,10,,0.0,0.0,0.0,0.0,0.0,0.0,,0.0,0.0,0.0,0.008588705723390017,0.0,0.0,0.0,0,0.0
2025-01-26,60.617042541503906,0.0,101.33999633789062,0.0,0.0,0.0,0.008177151702938043,0.0072054932872855654,1,0,0.0,10,,0.0,0.0,0.0,0.0,0.0,0.0,,0.0,0.0,0.0,0.008177151702938043,0.0,0.0,0.0,0,0.0
2025-01-27,58.609458923339844,-0.03311912844955256,101.33999633789062,0.0,-0.03311912844955256,0.03311912844955256,0.010425866239216184,0.0072054932872855654,0,0,0.0,10,0.0,0.0,0.0,0.0,0.0,0.0,0.0,,0.0,0.0,0.0,0.010425866239216184,0.0,0.0,0.0,0,0.0
2025-01-28,58.81920623779297,0.003578728046738533,101.30000305175781,-0.00039464463763616564,0.003973372684374699,0.003973372684374699,0.01043209352945904,0.0072043314680761035,1,0,0.0,10,0.18991873468041837,0.0,0.0,0.0,0.0,0.0,0.0,,0.0,0.0,0.0,0.01043209352945904,0.0,0.0,0.0,0,0.0
2025-01-29,59.658199310302734,0.014263930545371561,101.33000183105469,0.0002961379900605632,0.013967792555310998,0.013967792555310998,0.010556266803504057,0.007206869030518568,1,1,1.0,10,0.03526328918740598,-1.0,10.0,59.658199310302734,-1013.3000183105469,0.0,0.0,Opened,59.658199310302734,-1013.3000183105469,0.0,0.010556266803504057,1072.9582176208496,0.0,0.0,0,0.0
2025-01-30,60.00777816772461,0.005859695087402805,101.33000183105469,0.0,0.005859695087402805,0.005859695087402805,0.010510854915756429,0.007206275816415174,1,1,0.0,10,0.0,1.0,-10.0,-60.00777816772461,1013.3000183105469,-0.349578857421875,0.0,Live,0.0,0.0,0.0,0.010510854915756429,1073.3077964782715,-0.349578857421875,-0.00032570233680302165,0,0.0
2025-01-31,59.22871398925781,-0.012982719944892418,101.58999633789062,0.002565819620426124,-0.015548539565318542,0.015548539565318542,0.01085577662906056,0.007230253475969602,0,0,-1.0,10,0.3389839020270939,1.0,-10.0,-59.22871398925781,1015.8999633789062,0.4294853210449219,2.599945068359375,Closed,-59.22871398925781,1015.8999633789062,3.029430389404297,0.01085577662906056,1075.128677368164,3.029430389404297,0.002817737498008257,0,3.029430389404297
2025-02-01,59.22871398925781,0.0,101.58999633789062,0.0,0.0,0.0,0.010531339763589439,0.004864405835171238,1,0,0.0,10,,0.0,0.0,0.0,0.0,0.0,0.0,,0.0,0.0,0.0,0.010531339763589439,0.0,0.0,0.0,0,0.0
2025-02-02,59.22871398925781,0.0,101.58999633789062,0.0,0.0,0.0,0.010485106823184183,0.0043099136377769765,1,0,0.0,10,,0.0,0.0,0.0,0.0,0.0,0.0,,0.0,0.0,0.0,0.010485106823184183,0.0,0.0,0.0,0,0.0
2025-02-03,58.759281158447266,-0.007925764366514598,105.0199966430664,0.03376316988699868,-0.04168893425351328,0.04168893425351328,0.010614168994392022,0.007408908978657128,0,1,1.0,10,7.613731957683441,77.0,-10.0,-4524.464649200439,1050.199966430664,0.0,0.0,Opened,-4524.464649200439,1050.199966430664,0.0,0.010614168994392022,5574.6646156311035,0.0,0.0,0,0.0
2025-02-04,60.357357025146484,0.027196994843928124,105.4000015258789,0.0036184050177037186,0.023578589826224405,0.023578589826224405,0.01164701438366763,0.007407244619627765,1,0,-1.0,10,0.23233073209119146,-77.0,10.0,4647.516490936279,-1054.000015258789,123.05184173583984,-3.800048828125,Closed,4647.516490936279,-1054.000015258789,119.25179290771484,0.01164701438366763,5701.516506195068,119.25179290771484,0.020915802449776304,0,119.25179290771484
2025-02-05,60.90669631958008,0.009101447139322705,104.80999755859375,-0.0055977605193895386,0.014699207658712243,0.014699207658712243,0.011472205487419175,0.0075280573590756576,1,1,1.0,10,1.0583797728341242,-11.0,10.0,669.9736595153809,-1048.0999755859375,0.0,0.0,Opened,669.9736595153809,-1048.0999755859375,0.0,0.011472205487419175,1718.0736351013184,0.0,0.0,0,0.0
2025-02-06,60.56710433959961,-0.005575609916496083,106.2300033569336,0.013548381179438573,-0.019123991095934656,0.019123991095934656,0.011520702902682886,0.007030096597785938,0,0,-1.0,10,4.261921138044931,11.0,-10.0,-666.2381477355957,1062.300033569336,3.7355117797851562,14.200057983398438,Closed,-666.2381477355957,1062.300033569336,17.935569763183594,0.011520702902682886,1728.5381813049316,17.935569763183594,0.010376149024167594,0,17.935569763183594
2025-02-07,60.177574157714844,-0.006431381954479343,106.37000274658203,0.0013178893459886432,-0.007749271300467986,0.007749271300467986,0.011541257143167118,0.006999490966336711,0,0,0.0,10,0.3622089172794978,0.0,0.0,0.0,0.0,0.0,0.0,,0.0,0.0,0.0,0.011541257143167118,0.0,0.0,0.0,0,0.0
2025-02-08,60.177574157714844,0.0,106.37000274658203,0.0,0.0,0.0,0.011541257143167118,0.007017066856993409,1,0,0.0,10,,0.0,0.0,0.0,0.0,0.0,0.0,,0.0,0.0,0.0,0.011541257143167118,0.0,0.0,0.0,0,0.0
2025-02-09,60.177574157714844,0.0,106.37000274658203,0.0,0.0,0.0,0.011313674558662903,0.007017066856993409,1,0,0.0,10,,0.0,0.0,0.0,0.0,0.0,0.0,,0.0,0.0,0.0,0.011313674558662903,0.0,0.0,0.0,0,0.0
2025-02-10,62.464820861816406,0.03800829023295438,106.97000122070312,0.005640673673296348,0.03236761655965803,0.03236761655965803,0.013089728783717768,0.007017011553532881,1,1,1.0,10,0.2541435802001796,-3.0,10.0,187.39446258544922,-1069.7000122070312,0.0,0.0,Opened,187.39446258544922,-1069.7000122070312,0.0,0.013089728783717768,1257.0944747924805,0.0,0.0,0,0.0
2025-02-11,61.995384216308594,-0.00751521638949848,106.31999969482422,-0.006076484233535795,-0.0014387321559626853,0.0014387321559626853,0.01322239877123814,0.007189672147525738,0,0,-1.0,10,1.3866488513153794,3.0,-10.0,-185.98615264892578,1063.1999969482422,1.4083099365234375,-6.5000152587890625,Closed,-185.98615264892578,1063.1999969482422,-5.091705322265625,0.01322239877123814,1249.186149597168,-5.091705322265625,-0.004076018072973012,0,-5.091705322265625
2025-02-12,61.52594757080078,-0.007572122528830438,107.26000213623047,0.0088412569987244,-0.01641337952755484,0.01641337952755484,0.012780978503059114,0.007246033051295066,0,1,1.0,10,2.035522335411503,21.0,-10.0,-1292.0448989868164,1072.6000213623047,0.0,0.0,Opened,-1292.0448989868164,1072.6000213623047,0.0,0.012780978503059114,2364.644920349121,0.0,0.0,0,0.0
2025-02-13,62.5147590637207,0.016071454922039985,106.7699966430664,-0.00456838973899798,0.020639844661037965,0.020639844661037965,0.01301471065664336,0.007108314658493784,1,0,-1.0,10,0.48548366322136915,-21.0,10.0,1312.8099403381348,-1067.699966430664,20.76504135131836,4.900054931640625,Closed,1312.8099403381348,-1067.699966430664,25.665096282958984,0.01301471065664336,2380.509906768799,25.665096282958984,0.010781344034730642,0,25.665096282958984
2025-02-14,60.91668701171875,-0.025563116229449956,106.83000183105469,0.0005620042134952818,-0.026125120442945238,0.026125120442945238,0.013684236436474997,0.007114703406661411,0,1,1.0,10,0.03855518015904842,1.0,-10.0,-60.91668701171875,1068.3000183105469,0.0,0.0,Opened,-60.91668701171875,1068.3000183105469,0.0,0.013684236436474997,1129.2167053222656,0.0,0.0,0,0.0
2025-02-15,60.91668701171875,0.0,106.83000183105469,0.0,0.0,0.0,0.013684517302535748,0.0071240491904217135,1,0,-1.0,10,,-1.0,10.0,60.91668701171875,-1068.3000183105469,0.0,0.0,Closed,60.91668701171875,-1068.3000183105469,0.0,0.013684517302535748,1129.2167053222656,0.0,0.0,0,0.0
2025-02-16,60.91668701171875,0.0,106.83000183105469,0.0,0.0,0.0,0.013598670913534243,0.007067073504693197,1,0,0.0,10,,0.0,0.0,0.0,0.0,0.0,0.0,,0.0,0.0,0.0,0.013598670913534243,0.0,0.0,0.0,0,0.0
2025-02-17,60.91668701171875,0.0,106.83000183105469,0.0,0.0,0.0,0.013598670913534243,0.007067073504693197,1,0,0.0,10,,0.0,0.0,0.0,0.0,0.0,0.0,,0.0,0.0,0.0,0.013598670913534243,0.0,0.0,0.0,0,0.0
2025-02-18,61.81560134887695,0.014756454778725558,106.73999786376953,-0.0008424971051436136,0.015598951883869172,0.015598951883869172,0.013846385568419517,0.007076250921836973,1,1,1.0,10,0.09858605250599818,-1.0,10.0,61.81560134887695,-1067.3999786376953,0.0,0.0,Opened,61.81560134887695,-1067.3999786376953,0.0,0.013846385568419517,1129.2155799865723,0.0,0.0,0,0.0
2025-02-19,60.956634521484375,-0.013895631663351615,106.76000213623047,0.00018741121286569573,-0.014083042876217311,0.014083042876217311,0.014108973053270468,0.0070746908399663576,0,0,-1.0,10,0.023621358469177418,1.0,-10.0,-60.956634521484375,1067.6000213623047,0.8589668273925781,0.200042724609375,Closed,-60.956634521484375,1067.6000213623047,1.0590095520019531,0.014108973053270468,1128.556655883789,1.0590095520019531,0.0009383751772502971,0,1.0590095520019531
2025-02-20,61.166385650634766,0.0034409893327767005,107.0,0.0022480129165161067,0.0011929764162605938,0.0011929764162605938,0.013869442159871558,0.007066815382118746,1,0,0.0,10,1.142842638161064,0.0,0.0,0.0,0.0,0.0,0.0,,0.0,0.0,0.0,0.013869442159871558,0.0,0.0,0.0,0,0.0
2025-02-21,58.579498291015625,-0.042292630700704104,107.12999725341797,0.0012149276020370081,-0.04350755830274111,0.04350755830274111,0.015732898334698184,0.007067858220186535,0,1,1.0,10,0.052535291311564924,1.0,-10.0,-58.579498291015625,1071.2999725341797,0.0,0.0,Opened,-58.579498291015625,1071.2999725341797,0.0,0.015732898334698184,1129.8794708251953,0.0,0.0,0,0.0
2025-02-22,58.579498291015625,0.0,107.12999725341797,0.0,0.0,0.0,0.015673288367666818,0.007061609177057537,1,0,-1.0,10,,-1.0,10.0,58.579498291015625,-1071.2999725341797,0.0,0.0,Closed,58.579498291015625,-1071.2999725341797,0.0,0.015673288367666818,1129.8794708251953,0.0,0.0,0,0.0
2025-02-23,58.579498291015625,0.0,107.12999725341797,0.0,0.0,0.0,0.015673575078716508,0.007061609177057537,1,0,0.0,10,,0.0,0.0,0.0,0.0,0.0,0.0,,0.0,0.0,0.0,0.015673575078716508,0.0,0.0,0.0,0,0.0
2025-02-24,58.689361572265625,0.0018754561656402213,107.19000244140625,0.0005601156494603465,0.0013153405161798748,0.0013153405161798748,0.015681521253160323,0.007057213145815809,1,0,0.0,10,0.5454634869724178,0.0,0.0,0.0,0.0,0.0,0.0,,0.0,0.0,0.0,0.015681521253160323,0.0,0.0,0.0,0,0.0
2025-02-25,58.090084075927734,-0.010211007247028725,107.16999816894531,-0.00018662442396966128,-0.010024382823059064,0.010024382823059064,0.01577058779367637,0.007059024223911034,0,0,0.0,10,0.033718722648256004,0.0,0.0,0.0,0.0,0.0,0.0,,0.0,0.0,0.0,0.01577058779367637,0.0,0.0,0.0,0,0.0
2025-02-26,58.16999053955078,0.0013755611632202402,107.1500015258789,-0.0001865880694975619,0.0015621492327178021,0.0015621492327178021,0.014583306131623864,0.00706082880017852,1,0,0.0,10,0.2498602407229624,0.0,0.0,0.0,0.0,0.0,0.0,,0.0,0.0,0.0,0.014583306131623864,0.0,0.0,0.0,0,0.0
2025-02-27,57.52077102661133,-0.011160729216519893,107.06999969482422,-0.0007466339702791869,-0.010414095246240707,0.010414095246240707,0.014701237846391598,0.007065036483113605,0,0,0.0,10,0.12452549500760654,0.0,0.0,0.0,0.0,0.0,0.0,,0.0,0.0,0.0,0.014701237846391598,0.0,0.0,0.0,0,0.0
2025-02-28,58.030155181884766,0.008855655899288495,106.9000015258789,-0.0015877292372266094,0.010443385136515104,0.010443385136515104,0.014544509052369358,0.007087861076295889,1,0,0.0,10,0.33027803238824677,0.0,0.0,0.0,0.0,0.0,0.0,,0.0,0.0,0.0,0.014544509052369358,0.0,0.0,0.0,0,0.0
2025-03-01,58.030155181884766,0.0,106.9000015258789,0.0,0.0,0.0,0.01449096672298902,0.007087861076295889,1,0,0.0,10,,0.0,0.0,0.0,0.0,0.0,0.0,,0.0,0.0,0.0,0.01449096672298902,0.0,0.0,0.0,0,0.0
2025-03-02,58.030155181884766,0.0,106.9000015258789,0.0,0.0,0.0,0.01431400977635577,0.007093894020163432,1,0,0.0,10,,0.0,0.0,0.0,0.0,0.0,0.0,,0.0,0.0,0.0,0.01431400977635577,0.0,0.0,0.0,0,0.0
2025-03-03,56.14242935180664,-0.032530084128870596,100.80999755859375,-0.05696916632700755,0.024439082198136952,0.024439082198136952,0.015455053013589128,0.012856059415942948,1,1,1.0,10,3.144612096868717,-32.0,10.0,1796.5577392578125,-1008.0999755859375,0.0,0.0,Opened,1796.5577392578125,-1008.0999755859375,0.0,0.015455053013589128,2804.65771484375,0.0,0.0,0,0.0
2025-03-04,55.48322296142578,-0.01174167911848023,101.61000061035156,0.007935751127191804,-0.019677430245672034,0.019677430245672034,0.01555971902656469,0.012941152208551156,0,0,-1.0,10,1.2377490594188105,32.0,-10.0,-1775.463134765625,1016.1000061035156,21.0946044921875,8.000030517578125,Closed,-1775.463134765625,1016.1000061035156,29.094635009765625,0.01555971902656469,2791.5631408691406,29.094635009765625,0.01042234531034363,0,29.094635009765625
2025-03-05,57.231117248535156,0.03150311380297044,100.72000122070312,-0.0087589743558939,0.04026208815886434,0.04026208815886434,0.016672419973808302,0.01135753190581644,1,1,1.0,10,0.48930907553896597,-5.0,10.0,286.1555862426758,-1007.2000122070312,0.0,0.0,Opened,286.1555862426758,-1007.2000122070312,0.0,0.016672419973808302,1293.355598449707,0.0,0.0,0,0.0
2025-03-06,56.32221221923828,-0.01588130850826852,101.23999786376953,0.005162794249048419,-0.02104410275731694,0.02104410275731694,0.01602556740115827,0.011384195035003632,0,0,-1.0,10,0.5843471872426341,5.0,-10.0,-281.6110610961914,1012.3999786376953,4.544525146484375,5.1999664306640625,Closed,-281.6110610961914,1012.3999786376953,9.744491577148438,0.01602556740115827,1294.0110397338867,9.744491577148438,0.007530454747242644,0,9.744491577148438
2025-03-07,55.94266891479492,-0.006738785454057816,101.29000091552734,0.0004939060925810423,-0.007232691546638859,0.007232691546638859,0.015901542024358437,0.011358763580441947,0,0,0.0,10,0.1327046518254316,0.0,0.0,0.0,0.0,0.0,0.0,,0.0,0.0,0.0,0.015901542024358437,0.0,0.0,0.0,0,0.0
2025-03-08,55.94266891479492,0.0,101.29000091552734,0.0,0.0,0.0,0.015899446297431927,0.011021692843979657,1,0,0.0,10,,0.0,0.0,0.0,0.0,0.0,0.0,,0.0,0.0,0.0,0.015899446297431927,0.0,0.0,0.0,0,0.0
2025-03-09,55.94266891479492,0.0,101.29000091552734,0.0,0.0,0.0,0.015888265188226655,0.011012592570964997,1,0,0.0,10,,0.0,0.0,0.0,0.0,0.0,0.0,,0.0,0.0,0.0,0.015888265188226655,0.0,0.0,0.0,0,0.0
2025-03-10,53.74531555175781,-0.03927866520604961,100.98999786376953,-0.0029618229740959734,-0.03631684223195364,0.03631684223195364,0.017251499526357787,0.011011315824888951,0,1,1.0,10,0.1416903008942701,2.0,-10.0,-107.49063110351562,1009.8999786376953,0.0,0.0,Opened,-107.49063110351562,1009.8999786376953,0.0,0.017251499526357787,1117.390609741211,0.0,0.0,0,0.0
2025-03-11,55.443267822265625,0.031592563055521605,101.05000305175781,0.0005941696134028618,0.030998393442118743,0.030998393442118743,0.018405527764440023,0.011014953084461206,1,0,-1.0,10,0.03427781164406069,-2.0,10.0,110.88653564453125,-1010.5000305175781,3.395904541015625,-0.6000518798828125,Closed,110.88653564453125,-1010.5000305175781,2.7958526611328125,0.018405527764440023,1121.3865661621094,2.7958526611328125,0.0024932104106628293,0,2.7958526611328125
2025-03-12,55.672996520996094,0.004143491315607761,101.44000244140625,0.003859469350522282,0.00028402196508547917,0.00028402196508547917,0.0167998709387655,0.010979051822935355,1,0,0.0,10,1.6971718400182931,0.0,0.0,0.0,0.0,0.0,0.0,,0.0,0.0,0.0,0.0167998709387655,0.0,0.0,0.0,0,0.0
2025-03-13,55.94266891479492,0.004843863464347953,102.16000366210938,0.007097803661026303,-0.00225394019667835,0.00225394019667835,0.01685433721009283,0.01106143942622289,0,0,0.0,10,2.6758995509704295,0.0,0.0,0.0,0.0,0.0,0.0,,0.0,0.0,0.0,0.01685433721009283,0.0,0.0,0.0,0,0.0
2025-03-14,57.630638122558594,0.03017319767733251,102.8499984741211,0.006754060173038479,0.02341913750429403,0.02341913750429403,0.01789934849584688,0.011002064820755476,1,1,1.0,10,0.39947945499181353,-4.0,10.0,230.52255249023438,-1028.499984741211,0.0,0.0,Opened,230.52255249023438,-1028.499984741211,0.0,0.01789934849584688,1259.0225372314453,0.0,0.0,0,0.0
2025-03-15,57.630638122558594,0.0,102.8499984741211,0.0,0.0,0.0,0.01757674531927138,0.01098741603643807,1,1,0.0,10,,4.0,-10.0,-230.52255249023438,1028.499984741211,0.0,0.0,Live,0.0,0.0,0.0,0.01757674531927138,1259.0225372314453,0.0,0.0,0,0.0
2025-03-16,57.630638122558594,0.0,102.8499984741211,0.0,0.0,0.0,0.01703427724000082,0.010984812339383915,1,1,0.0,10,,4.0,-10.0,-230.52255249023438,1028.499984741211,0.0,0.0,Live,0.0,0.0,0.0,0.01703427724000082,1259.0225372314453,0.0,0.0,0,0.0
2025-03-17,58.050132751464844,0.007279021065394797,102.31999969482422,-0.005153123842099316,0.012432144907494114,0.012432144907494114,0.017111077973376573,0.011005600108319939,1,1,0.0,10,1.2478285456789482,4.0,-10.0,-232.20053100585938,1023.1999969482422,-1.677978515625,-5.29998779296875,Live,0.0,0.0,0.0,0.017111077973376573,1255.4005279541016,-6.97796630859375,-0.005558358590119113,0,0.0
2025-03-18,58.27985382080078,0.003957287579676283,102.41999816894531,0.0009773111260686917,0.0029799764536075912,0.0029799764536075912,0.017137977731986293,0.011011259044615218,1,1,0.0,10,0.43401180356335956,4.0,-10.0,-233.11941528320312,1024.1999816894531,-2.59686279296875,-4.3000030517578125,Live,0.0,0.0,0.0,0.017137977731986293,1257.3193969726562,-6.8968658447265625,-0.005485372977886663,0,0.0
2025-03-19,58.63942337036133,0.00616970575571707,102.11000061035156,-0.003026728804294665,0.009196434560011735,0.009196434560011735,0.01719143723823108,0.011012390128977895,1,1,0.0,10,0.8542552279440693,4.0,-10.0,-234.5576934814453,1021.1000061035156,-4.0351409912109375,-7.3999786376953125,Live,0.0,0.0,0.0,0.01719143723823108,1255.657699584961,-11.43511962890625,-0.009106876525892335,0,0.0
2025-03-20,58.239906311035156,-0.006813113710256946,102.1500015258789,0.0003917433678213289,-0.007204857078078275,0.007204857078078275,0.01695371526307591,0.011017021139276658,0,0,-1.0,10,0.10084949436114109,4.0,-10.0,-232.95962524414062,1021.5000152587891,-2.43707275390625,-6.999969482421875,Closed,-232.95962524414062,1021.5000152587891,-9.437042236328125,0.01695371526307591,1254.4596405029297,-9.437042236328125,-0.007522794621391477,0,-9.437042236328125
2025-03-21,57.33100128173828,-0.015606224097318933,102.0,-0.0014684436968990244,-0.014137780400419908,0.014137780400419908,0.01699846165313243,0.011012923871788045,0,0,0.0,10,0.16740564771920166,0.0,0.0,0.0,0.0,0.0,0.0,,0.0,0.0,0.0,0.01699846165313243,0.0,0.0,0.0,0,0.0
2025-03-22,57.33100128173828,0.0,102.0,0.0,0.0,0.0,0.016972759355529277,0.01099446677547706,1,0,0.0,10,,0.0,0.0,0.0,0.0,0.0,0.0,,0.0,0.0,0.0,0.016972759355529277,0.0,0.0,0.0,0,0.0
2025-03-23,57.33100128173828,0.0,102.0,0.0,0.0,0.0,0.015173039010866748,0.010986228613792275,1,0,0.0,10,,0.0,0.0,0.0,0.0,0.0,0.0,,0.0,0.0,0.0,0.015173039010866748,0.0,0.0,0.0,0,0.0
2025-03-24,58.4900016784668,0.020215945488775144,102.20999908447266,0.002058814553653532,0.018157130935121613,0.018157130935121613,0.01564255107917016,0.011002817434799415,1,1,1.0,10,0.1779651325122213,-2.0,10.0,116.9800033569336,-1022.0999908447266,0.0,0.0,Opened,116.9800033569336,-1022.0999908447266,0.0,0.01564255107917016,1139.0799942016602,0.0,0.0,0,0.0
2025-03-25,58.4900016784668,0.0,102.20999908447266,0.0,0.0,0.0,0.01564255107917016,0.011002817434799415,1,1,0.0,10,,2.0,-10.0,-116.9800033569336,1022.0999908447266,0.0,0.0,Live,0.0,0.0,0.0,0.01564255107917016,1139.0799942016602,0.0,0.0,0,0.0
